Spacecraft,Segment,StartUTC,EndUTC,DurationHours,Records,MedianCadenceSeconds,MaximumRecordedGapSeconds,SegmentSplitThresholdSeconds,LineBreakThresholdSeconds,SourceCDFs,FigureFile,Status,Notes
1,1,2021-07-01 03:31:52,2021-07-01 07:29:28,3.95975972229004,297,47.52,95.903,7200,240,Z:\SPART-WORK\Data\Voyager\voyager1\mag\48s\reviewed_vim\2021\voyager1_48s_mag-vim_20210101_v01.cdf,C:\Users\Administrator\Documents\FWD_matlab\Voyager_fu\Voyager_Interstellar_Monthly\HighestPrecision_Segments\V1_MAG48s_segment_0001_20210701T033152_20210701T072928.png,ok,
1,2,2021-07-01 22:53:28,2021-07-02 06:14:17,7.34687972229004,549,47.52,192.672,7200,240,Z:\SPART-WORK\Data\Voyager\voyager1\mag\48s\reviewed_vim\2021\voyager1_48s_mag-vim_20210101_v01.cdf,C:\Users\Administrator\Documents\FWD_matlab\Voyager_fu\Voyager_Interstellar_Monthly\HighestPrecision_Segments\V1_MAG48s_segment_0002_20210701T225328_20210702T061417.png,ok,
1,3,2021-07-03 00:58:16,2021-07-03 10:48:40,9.84,704,47.52,1441.15299975586,7200,240,Z:\SPART-WORK\Data\Voyager\voyager1\mag\48s\reviewed_vim\2021\voyager1_48s_mag-vim_20210101_v01.cdf,C:\Users\Administrator\Documents\FWD_matlab\Voyager_fu\Voyager_Interstellar_Monthly\HighestPrecision_Segments\V1_MAG48s_segment_0003_20210703T005816_20210703T104840.png,ok,
1,4,2021-07-04 00:19:53,2021-07-04 07:23:51,7.06632,446,47.52,4080.671,7200,240,Z:\SPART-WORK\Data\Voyager\voyager1\mag\48s\reviewed_vim\2021\voyager1_48s_mag-vim_20210101_v01.cdf,C:\Users\Administrator\Documents\FWD_matlab\Voyager_fu\Voyager_Interstellar_Monthly\HighestPrecision_Segments\V1_MAG48s_segment_0004_20210704T001953_20210704T072351.png,ok,
1,5,2021-07-04 10:48:40,2021-07-04 14:48:40,4.00008027777778,299,47.52,145.152,7200,240,Z:\SPART-WORK\Data\Voyager\voyager1\mag\48s\reviewed_vim\2021\voyager1_48s_mag-vim_20210101_v01.cdf,C:\Users\Administrator\Documents\FWD_matlab\Voyager_fu\Voyager_Interstellar_Monthly\HighestPrecision_Segments\V1_MAG48s_segment_0005_20210704T104840_20210704T144840.png,ok,
1,6,2021-07-05 03:12:40,2021-07-05 07:08:39,3.93312,293,47.52,190.944999755859,7200,240,Z:\SPART-WORK\Data\Voyager\voyager1\mag\48s\reviewed_vim\2021\voyager1_48s_mag-vim_20210101_v01.cdf,C:\Users\Administrator\Documents\FWD_matlab\Voyager_fu\Voyager_Interstellar_Monthly\HighestPrecision_Segments\V1_MAG48s_segment_0006_20210705T031240_20210705T070839.png,ok,
1,7,2021-07-06 00:11:51,2021-07-06 08:58:15,8.7732,659,47.5200002441406,49.249,7200,240,Z:\SPART-WORK\Data\Voyager\voyager1\mag\48s\reviewed_vim\2021\voyager1_48s_mag-vim_20210101_v01.cdf,C:\Users\Administrator\Documents\FWD_matlab\Voyager_fu\Voyager_Interstellar_Monthly\HighestPrecision_Segments\V1_MAG48s_segment_0007_20210706T001151_20210706T085815.png,ok,
1,8,2021-07-07 04:32:40,2021-07-07 08:13:29,3.68016027777778,274,47.5209997558594,192.671,7200,240,Z:\SPART-WORK\Data\Voyager\voyager1\mag\48s\reviewed_vim\2021\voyager1_48s_mag-vim_20210101_v01.cdf,C:\Users\Administrator\Documents\FWD_matlab\Voyager_fu\Voyager_Interstellar_Monthly\HighestPrecision_Segments\V1_MAG48s_segment_0008_20210707T043240_20210707T081329.png,ok,
1,9,2021-07-08 05:38:16,2021-07-08 09:33:27,3.91991972229004,293,47.5209997558594,144.289,7200,240,Z:\SPART-WORK\Data\Voyager\voyager1\mag\48s\reviewed_vim\2021\voyager1_48s_mag-vim_20210101_v01.cdf,C:\Users\Administrator\Documents\FWD_matlab\Voyager_fu\Voyager_Interstellar_Monthly\HighestPrecision_Segments\V1_MAG48s_segment_0009_20210708T053816_20210708T093327.png,ok,
1,10,2021-07-09 00:03:52,2021-07-09 05:23:03,5.31983972222222,399,47.5209997558594,95.904,7200,240,Z:\SPART-WORK\Data\Voyager\voyager1\mag\48s\reviewed_vim\2021\voyager1_48s_mag-vim_20210101_v01.cdf,C:\Users\Administrator\Documents\FWD_matlab\Voyager_fu\Voyager_Interstellar_Monthly\HighestPrecision_Segments\V1_MAG48s_segment_0010_20210709T000352_20210709T052303.png,ok,
1,11,2021-07-10 02:53:28,2021-07-10 06:52:40,3.98663972229004,299,47.521,95.9030002441406,7200,240,Z:\SPART-WORK\Data\Voyager\voyager1\mag\48s\reviewed_vim\2021\voyager1_48s_mag-vim_20210101_v01.cdf,C:\Users\Administrator\Documents\FWD_matlab\Voyager_fu\Voyager_Interstellar_Monthly\HighestPrecision_Segments\V1_MAG48s_segment_0011_20210710T025328_20210710T065240.png,ok,
1,12,2021-07-10 22:27:52,2021-07-11 07:57:27,9.49319972222222,564,47.521,7057.152,7200,240,Z:\SPART-WORK\Data\Voyager\voyager1\mag\48s\reviewed_vim\2021\voyager1_48s_mag-vim_20210101_v01.cdf,C:\Users\Administrator\Documents\FWD_matlab\Voyager_fu\Voyager_Interstellar_Monthly\HighestPrecision_Segments\V1_MAG48s_segment_0012_20210710T222752_20210711T075727.png,ok,
1,13,2021-07-11 23:41:28,2021-07-12 03:37:28,3.93311972222222,293,47.521,190.945,7200,240,Z:\SPART-WORK\Data\Voyager\voyager1\mag\48s\reviewed_vim\2021\voyager1_48s_mag-vim_20210101_v01.cdf,C:\Users\Administrator\Documents\FWD_matlab\Voyager_fu\Voyager_Interstellar_Monthly\HighestPrecision_Segments\V1_MAG48s_segment_0013_20210711T234128_20210712T033728.png,ok,
1,14,2021-07-12 12:31:04,2021-07-12 13:57:27,1.43975972222222,109,47.521,49.249,7200,240,Z:\SPART-WORK\Data\Voyager\voyager1\mag\48s\reviewed_vim\2021\voyager1_48s_mag-vim_20210101_v01.cdf,C:\Users\Administrator\Documents\FWD_matlab\Voyager_fu\Voyager_Interstellar_Monthly\HighestPrecision_Segments\V1_MAG48s_segment_0014_20210712T123104_20210712T135727.png,ok,
1,15,2021-07-12 23:55:52,2021-07-13 02:17:27,2.35992027770996,178,47.521,49.249,7200,240,Z:\SPART-WORK\Data\Voyager\voyager1\mag\48s\reviewed_vim\2021\voyager1_48s_mag-vim_20210101_v01.cdf,C:\Users\Administrator\Documents\FWD_matlab\Voyager_fu\Voyager_Interstellar_Monthly\HighestPrecision_Segments\V1_MAG48s_segment_0015_20210712T235552_20210713T021727.png,ok,
1,16,2021-07-13 09:11:04,2021-07-13 11:37:28,2.44008027777778,181,47.521,191.808,7200,240,Z:\SPART-WORK\Data\Voyager\voyager1\mag\48s\reviewed_vim\2021\voyager1_48s_mag-vim_20210101_v01.cdf,C:\Users\Administrator\Documents\FWD_matlab\Voyager_fu\Voyager_Interstellar_Monthly\HighestPrecision_Segments\V1_MAG48s_segment_0016_20210713T091104_20210713T113728.png,ok,
1,17,2021-07-13 23:52:39,2021-07-14 04:17:28,4.41359972222222,330,47.521,143.423000244141,7200,240,Z:\SPART-WORK\Data\Voyager\voyager1\mag\48s\reviewed_vim\2021\voyager1_48s_mag-vim_20210101_v01.cdf,C:\Users\Administrator\Documents\FWD_matlab\Voyager_fu\Voyager_Interstellar_Monthly\HighestPrecision_Segments\V1_MAG48s_segment_0017_20210713T235239_20210714T041728.png,ok,
1,18,2021-07-14 06:21:28,2021-07-14 12:17:28,5.93328027777778,443,47.521,190.944,7200,240,Z:\SPART-WORK\Data\Voyager\voyager1\mag\48s\reviewed_vim\2021\voyager1_48s_mag-vim_20210101_v01.cdf,C:\Users\Administrator\Documents\FWD_matlab\Voyager_fu\Voyager_Interstellar_Monthly\HighestPrecision_Segments\V1_MAG48s_segment_0018_20210714T062128_20210714T121728.png,ok,
1,19,2021-07-15 08:05:28,2021-07-15 13:51:51,5.77319972222222,434,47.521,49.249,7200,240,Z:\SPART-WORK\Data\Voyager\voyager1\mag\48s\reviewed_vim\2021\voyager1_48s_mag-vim_20210101_v01.cdf,C:\Users\Administrator\Documents\FWD_matlab\Voyager_fu\Voyager_Interstellar_Monthly\HighestPrecision_Segments\V1_MAG48s_segment_0019_20210715T080528_20210715T135151.png,ok,
1,20,2021-07-16 02:31:03,2021-07-16 06:02:15,3.52008,262,47.521,192.671,7200,240,Z:\SPART-WORK\Data\Voyager\voyager1\mag\48s\reviewed_vim\2021\voyager1_48s_mag-vim_20210101_v01.cdf,C:\Users\Administrator\Documents\FWD_matlab\Voyager_fu\Voyager_Interstellar_Monthly\HighestPrecision_Segments\V1_MAG48s_segment_0020_20210716T023103_20210716T060215.png,ok,
1,21,2021-07-16 11:36:40,2021-07-16 12:51:52,1.25352,93,47.521,145.151,7200,240,Z:\SPART-WORK\Data\Voyager\voyager1\mag\48s\reviewed_vim\2021\voyager1_48s_mag-vim_20210101_v01.cdf,C:\Users\Administrator\Documents\FWD_matlab\Voyager_fu\Voyager_Interstellar_Monthly\HighestPrecision_Segments\V1_MAG48s_segment_0021_20210716T113640_20210716T125152.png,ok,
1,22,2021-07-17 05:27:04,2021-07-17 09:31:52,4.08000027770996,304,47.521,192.671999755859,7200,240,Z:\SPART-WORK\Data\Voyager\voyager1\mag\48s\reviewed_vim\2021\voyager1_48s_mag-vim_20210101_v01.cdf,C:\Users\Administrator\Documents\FWD_matlab\Voyager_fu\Voyager_Interstellar_Monthly\HighestPrecision_Segments\V1_MAG48s_segment_0022_20210717T052704_20210717T093152.png,ok,
1,23,2021-07-18 04:32:39,2021-07-18 08:31:52,3.98688,297,47.521,192.671,7200,240,Z:\SPART-WORK\Data\Voyager\voyager1\mag\48s\reviewed_vim\2021\voyager1_48s_mag-vim_20210101_v01.cdf,C:\Users\Administrator\Documents\FWD_matlab\Voyager_fu\Voyager_Interstellar_Monthly\HighestPrecision_Segments\V1_MAG48s_segment_0023_20210718T043239_20210718T083152.png,ok,
1,24,2021-07-18 23:49:28,2021-07-19 04:16:39,4.45319972229004,335,47.521,49.249,7200,240,Z:\SPART-WORK\Data\Voyager\voyager1\mag\48s\reviewed_vim\2021\voyager1_48s_mag-vim_20210101_v01.cdf,C:\Users\Administrator\Documents\FWD_matlab\Voyager_fu\Voyager_Interstellar_Monthly\HighestPrecision_Segments\V1_MAG48s_segment_0024_20210718T234928_20210719T041639.png,ok,
1,25,2021-07-19 20:26:16,2021-07-19 21:31:52,1.0932,82,47.521,95.039,7200,240,Z:\SPART-WORK\Data\Voyager\voyager1\mag\48s\reviewed_vim\2021\voyager1_48s_mag-vim_20210101_v01.cdf,C:\Users\Administrator\Documents\FWD_matlab\Voyager_fu\Voyager_Interstellar_Monthly\HighestPrecision_Segments\V1_MAG48s_segment_0025_20210719T202616_20210719T213152.png,ok,
1,26,2021-07-20 02:35:52,2021-07-20 09:36:40,7.01328027777778,432,47.521,4079.80700024414,7200,240,Z:\SPART-WORK\Data\Voyager\voyager1\mag\48s\reviewed_vim\2021\voyager1_48s_mag-vim_20210101_v01.cdf,C:\Users\Administrator\Documents\FWD_matlab\Voyager_fu\Voyager_Interstellar_Monthly\HighestPrecision_Segments\V1_MAG48s_segment_0026_20210720T023552_20210720T093640.png,ok,
1,27,2021-07-20 18:35:51,2021-07-20 23:31:03,4.91999972222222,368,47.521,143.423000244141,7200,240,Z:\SPART-WORK\Data\Voyager\voyager1\mag\48s\reviewed_vim\2021\voyager1_48s_mag-vim_20210101_v01.cdf,C:\Users\Administrator\Documents\FWD_matlab\Voyager_fu\Voyager_Interstellar_Monthly\HighestPrecision_Segments\V1_MAG48s_segment_0027_20210720T183551_20210720T233103.png,ok,
1,28,2021-07-21 04:10:16,2021-07-21 08:21:27,4.18656027777778,312,47.521,190.944,7200,240,Z:\SPART-WORK\Data\Voyager\voyager1\mag\48s\reviewed_vim\2021\voyager1_48s_mag-vim_20210101_v01.cdf,C:\Users\Administrator\Documents\FWD_matlab\Voyager_fu\Voyager_Interstellar_Monthly\HighestPrecision_Segments\V1_MAG48s_segment_0028_20210721T041016_20210721T082127.png,ok,
1,29,2021-07-21 20:07:03,2021-07-21 23:21:27,3.24,241,47.521,190.944,7200,240,Z:\SPART-WORK\Data\Voyager\voyager1\mag\48s\reviewed_vim\2021\voyager1_48s_mag-vim_20210101_v01.cdf,C:\Users\Administrator\Documents\FWD_matlab\Voyager_fu\Voyager_Interstellar_Monthly\HighestPrecision_Segments\V1_MAG48s_segment_0029_20210721T200703_20210721T232127.png,ok,
1,30,2021-07-22 02:21:27,2021-07-22 06:15:52,3.90672,271,47.521,432.865,7200,240,Z:\SPART-WORK\Data\Voyager\voyager1\mag\48s\reviewed_vim\2021\voyager1_48s_mag-vim_20210101_v01.cdf,C:\Users\Administrator\Documents\FWD_matlab\Voyager_fu\Voyager_Interstellar_Monthly\HighestPrecision_Segments\V1_MAG48s_segment_0030_20210722T022127_20210722T061552.png,ok,
1,31,2021-07-22 21:54:16,2021-07-23 05:55:52,8.02656000006782,601,47.5209997558594,143.423,7200,240,Z:\SPART-WORK\Data\Voyager\voyager1\mag\48s\reviewed_vim\2021\voyager1_48s_mag-vim_20210101_v01.cdf,C:\Users\Administrator\Documents\FWD_matlab\Voyager_fu\Voyager_Interstellar_Monthly\HighestPrecision_Segments\V1_MAG48s_segment_0031_20210722T215416_20210723T055552.png,ok,
1,32,2021-07-23 18:13:27,2021-07-23 22:21:26,4.13303972222222,310,47.5209997558594,96.7670002441406,7200,240,Z:\SPART-WORK\Data\Voyager\voyager1\mag\48s\reviewed_vim\2021\voyager1_48s_mag-vim_20210101_v01.cdf,C:\Users\Administrator\Documents\FWD_matlab\Voyager_fu\Voyager_Interstellar_Monthly\HighestPrecision_Segments\V1_MAG48s_segment_0032_20210723T181327_20210723T222126.png,ok,
1,33,2021-07-24 10:35:51,2021-07-24 14:31:03,3.91991972222222,293,47.5209997558594,144.289,7200,240,Z:\SPART-WORK\Data\Voyager\voyager1\mag\48s\reviewed_vim\2021\voyager1_48s_mag-vim_20210101_v01.cdf,C:\Users\Administrator\Documents\FWD_matlab\Voyager_fu\Voyager_Interstellar_Monthly\HighestPrecision_Segments\V1_MAG48s_segment_0033_20210724T103551_20210724T143103.png,ok,
1,34,2021-07-25 05:04:38,2021-07-25 08:45:27,3.68016027777778,274,47.5209997558594,191.808,7200,240,Z:\SPART-WORK\Data\Voyager\voyager1\mag\48s\reviewed_vim\2021\voyager1_48s_mag-vim_20210101_v01.cdf,C:\Users\Administrator\Documents\FWD_matlab\Voyager_fu\Voyager_Interstellar_Monthly\HighestPrecision_Segments\V1_MAG48s_segment_0034_20210725T050438_20210725T084527.png,ok,
1,35,2021-07-26 00:55:03,2021-07-26 05:45:27,4.83984,361,47.5200001220703,190.944,7200,240,Z:\SPART-WORK\Data\Voyager\voyager1\mag\48s\reviewed_vim\2021\voyager1_48s_mag-vim_20210101_v01.cdf,C:\Users\Administrator\Documents\FWD_matlab\Voyager_fu\Voyager_Interstellar_Monthly\HighestPrecision_Segments\V1_MAG48s_segment_0035_20210726T005503_20210726T054527.png,ok,
1,36,2021-07-26 23:35:03,2021-07-27 05:39:03,6.06672,453,47.52,190.943,7200,240,Z:\SPART-WORK\Data\Voyager\voyager1\mag\48s\reviewed_vim\2021\voyager1_48s_mag-vim_20210101_v01.cdf,C:\Users\Administrator\Documents\FWD_matlab\Voyager_fu\Voyager_Interstellar_Monthly\HighestPrecision_Segments\V1_MAG48s_segment_0036_20210726T233503_20210727T053903.png,ok,
1,37,2021-07-27 21:04:39,2021-07-28 05:35:03,8.50679972222222,614,47.52,1055.80899975586,7200,240,Z:\SPART-WORK\Data\Voyager\voyager1\mag\48s\reviewed_vim\2021\voyager1_48s_mag-vim_20210101_v01.cdf,C:\Users\Administrator\Documents\FWD_matlab\Voyager_fu\Voyager_Interstellar_Monthly\HighestPrecision_Segments\V1_MAG48s_segment_0037_20210727T210439_20210728T053503.png,ok,
1,38,2021-07-28 18:10:16,2021-07-29 05:30:14,11.33304027771,714,47.52,6047.135,7200,240,Z:\SPART-WORK\Data\Voyager\voyager1\mag\48s\reviewed_vim\2021\voyager1_48s_mag-vim_20210101_v01.cdf,C:\Users\Administrator\Documents\FWD_matlab\Voyager_fu\Voyager_Interstellar_Monthly\HighestPrecision_Segments\V1_MAG48s_segment_0038_20210728T181016_20210729T053014.png,ok,
1,39,2021-07-29 07:43:02,2021-07-29 11:55:03,4.20023972222222,316,47.52,49.249,7200,240,Z:\SPART-WORK\Data\Voyager\voyager1\mag\48s\reviewed_vim\2021\voyager1_48s_mag-vim_20210101_v01.cdf,C:\Users\Administrator\Documents\FWD_matlab\Voyager_fu\Voyager_Interstellar_Monthly\HighestPrecision_Segments\V1_MAG48s_segment_0039_20210729T074302_20210729T115503.png,ok,
1,40,2021-07-29 22:19:50,2021-07-30 07:19:50,9,674,47.52,143.425,7200,240,Z:\SPART-WORK\Data\Voyager\voyager1\mag\48s\reviewed_vim\2021\voyager1_48s_mag-vim_20210101_v01.cdf,C:\Users\Administrator\Documents\FWD_matlab\Voyager_fu\Voyager_Interstellar_Monthly\HighestPrecision_Segments\V1_MAG48s_segment_0040_20210729T221950_20210730T071950.png,ok,
1,41,2021-07-30 17:54:16,2021-07-31 05:24:38,11.50632,852,47.52,479.52,7200,240,Z:\SPART-WORK\Data\Voyager\voyager1\mag\48s\reviewed_vim\2021\voyager1_48s_mag-vim_20210101_v01.cdf,C:\Users\Administrator\Documents\FWD_matlab\Voyager_fu\Voyager_Interstellar_Monthly\HighestPrecision_Segments\V1_MAG48s_segment_0041_20210730T175416_20210731T052438.png,ok,
1,42,2021-07-31 17:47:50,2021-07-31 22:19:50,4.53336027777778,341,47.52,49.249,7200,240,Z:\SPART-WORK\Data\Voyager\voyager1\mag\48s\reviewed_vim\2021\voyager1_48s_mag-vim_20210101_v01.cdf,C:\Users\Administrator\Documents\FWD_matlab\Voyager_fu\Voyager_Interstellar_Monthly\HighestPrecision_Segments\V1_MAG48s_segment_0042_20210731T174750_20210731T221950.png,ok,
1,43,2021-08-01 02:50:15,2021-08-01 05:44:39,2.90664027770996,218,47.52,95.04,7200,240,Z:\SPART-WORK\Data\Voyager\voyager1\mag\48s\reviewed_vim\2021\voyager1_48s_mag-vim_20210101_v01.cdf,C:\Users\Administrator\Documents\FWD_matlab\Voyager_fu\Voyager_Interstellar_Monthly\HighestPrecision_Segments\V1_MAG48s_segment_0043_20210801T025015_20210801T054439.png,ok,
1,44,2021-08-02 05:19:03,2021-08-02 12:39:02,7.33295972222222,462,47.52,4127.329,7200,240,Z:\SPART-WORK\Data\Voyager\voyager1\mag\48s\reviewed_vim\2021\voyager1_48s_mag-vim_20210101_v01.cdf,C:\Users\Administrator\Documents\FWD_matlab\Voyager_fu\Voyager_Interstellar_Monthly\HighestPrecision_Segments\V1_MAG48s_segment_0044_20210802T051903_20210802T123902.png,ok,
1,45,2021-08-03 01:14:14,2021-08-03 04:34:15,3.33360027777778,248,47.52,192.672,7200,240,Z:\SPART-WORK\Data\Voyager\voyager1\mag\48s\reviewed_vim\2021\voyager1_48s_mag-vim_20210101_v01.cdf,C:\Users\Administrator\Documents\FWD_matlab\Voyager_fu\Voyager_Interstellar_Monthly\HighestPrecision_Segments\V1_MAG48s_segment_0045_20210803T011414_20210803T043415.png,ok,
1,46,2021-08-03 17:38:14,2021-08-03 21:34:15,3.93359972229004,286,47.52,336.095,7200,240,Z:\SPART-WORK\Data\Voyager\voyager1\mag\48s\reviewed_vim\2021\voyager1_48s_mag-vim_20210101_v01.cdf,C:\Users\Administrator\Documents\FWD_matlab\Voyager_fu\Voyager_Interstellar_Monthly\HighestPrecision_Segments\V1_MAG48s_segment_0046_20210803T173814_20210803T213415.png,ok,
1,47,2021-08-04 05:17:27,2021-08-04 08:59:02,3.69311972229004,275,47.52,192.672,7200,240,Z:\SPART-WORK\Data\Voyager\voyager1\mag\48s\reviewed_vim\2021\voyager1_48s_mag-vim_20210101_v01.cdf,C:\Users\Administrator\Documents\FWD_matlab\Voyager_fu\Voyager_Interstellar_Monthly\HighestPrecision_Segments\V1_MAG48s_segment_0047_20210804T051727_20210804T085902.png,ok,
1,48,2021-08-05 17:28:39,2021-08-05 19:33:27,2.08008,155,47.52,143.423,7200,240,Z:\SPART-WORK\Data\Voyager\voyager1\mag\48s\reviewed_vim\2021\voyager1_48s_mag-vim_20210101_v01.cdf,C:\Users\Administrator\Documents\FWD_matlab\Voyager_fu\Voyager_Interstellar_Monthly\HighestPrecision_Segments\V1_MAG48s_segment_0048_20210805T172839_20210805T193327.png,ok,
1,49,2021-08-05 23:44:38,2021-08-06 03:48:38,4.06680027777778,305,47.52,96.769,7200,240,Z:\SPART-WORK\Data\Voyager\voyager1\mag\48s\reviewed_vim\2021\voyager1_48s_mag-vim_20210101_v01.cdf,C:\Users\Administrator\Documents\FWD_matlab\Voyager_fu\Voyager_Interstellar_Monthly\HighestPrecision_Segments\V1_MAG48s_segment_0049_20210805T234438_20210806T034838.png,ok,
1,50,2021-08-06 06:03:50,2021-08-06 09:43:51,3.66696027777778,274,47.52,144.287,7200,240,Z:\SPART-WORK\Data\Voyager\voyager1\mag\48s\reviewed_vim\2021\voyager1_48s_mag-vim_20210101_v01.cdf,C:\Users\Administrator\Documents\FWD_matlab\Voyager_fu\Voyager_Interstellar_Monthly\HighestPrecision_Segments\V1_MAG48s_segment_0050_20210806T060350_20210806T094351.png,ok,
1,51,2021-08-06 19:47:50,2021-08-07 00:48:38,5.01336,370,47.52,240.192,7200,240,Z:\SPART-WORK\Data\Voyager\voyager1\mag\48s\reviewed_vim\2021\voyager1_48s_mag-vim_20210101_v01.cdf,C:\Users\Administrator\Documents\FWD_matlab\Voyager_fu\Voyager_Interstellar_Monthly\HighestPrecision_Segments\V1_MAG48s_segment_0051_20210806T194750_20210807T004838.png,ok,
1,52,2021-08-07 19:54:15,2021-08-08 04:47:50,8.89296,667,47.52,94.176,7200,240,Z:\SPART-WORK\Data\Voyager\voyager1\mag\48s\reviewed_vim\2021\voyager1_48s_mag-vim_20210101_v01.cdf,C:\Users\Administrator\Documents\FWD_matlab\Voyager_fu\Voyager_Interstellar_Monthly\HighestPrecision_Segments\V1_MAG48s_segment_0052_20210807T195415_20210808T044750.png,ok,
1,53,2021-08-08 10:18:14,2021-08-08 12:13:26,1.92000027770996,144,47.52,95.9049997558594,7200,240,Z:\SPART-WORK\Data\Voyager\voyager1\mag\48s\reviewed_vim\2021\voyager1_48s_mag-vim_20210101_v01.cdf,C:\Users\Administrator\Documents\FWD_matlab\Voyager_fu\Voyager_Interstellar_Monthly\HighestPrecision_Segments\V1_MAG48s_segment_0053_20210808T101814_20210808T121326.png,ok,
1,54,2021-08-08 18:53:27,2021-08-08 22:47:50,3.90648027777778,286,47.52,240.192,7200,240,Z:\SPART-WORK\Data\Voyager\voyager1\mag\48s\reviewed_vim\2021\voyager1_48s_mag-vim_20210101_v01.cdf,C:\Users\Administrator\Documents\FWD_matlab\Voyager_fu\Voyager_Interstellar_Monthly\HighestPrecision_Segments\V1_MAG48s_segment_0054_20210808T185327_20210808T224750.png,ok,
1,55,2021-08-09 09:15:50,2021-08-09 13:12:38,3.94680027770996,275,47.52,1103.329,7200,240,Z:\SPART-WORK\Data\Voyager\voyager1\mag\48s\reviewed_vim\2021\voyager1_48s_mag-vim_20210101_v01.cdf,C:\Users\Administrator\Documents\FWD_matlab\Voyager_fu\Voyager_Interstellar_Monthly\HighestPrecision_Segments\V1_MAG48s_segment_0055_20210809T091550_20210809T131238.png,ok,
1,56,2021-08-10 05:33:27,2021-08-10 12:07:50,6.57311972222222,493,47.52,95.04,7200,240,Z:\SPART-WORK\Data\Voyager\voyager1\mag\48s\reviewed_vim\2021\voyager1_48s_mag-vim_20210101_v01.cdf,C:\Users\Administrator\Documents\FWD_matlab\Voyager_fu\Voyager_Interstellar_Monthly\HighestPrecision_Segments\V1_MAG48s_segment_0056_20210810T053327_20210810T120750.png,ok,
1,57,2021-08-11 02:11:51,2021-08-11 02:24:38,0.21312,14,47.52,191.808000244141,7200,240,Z:\SPART-WORK\Data\Voyager\voyager1\mag\48s\reviewed_vim\2021\voyager1_48s_mag-vim_20210101_v01.cdf,C:\Users\Administrator\Documents\FWD_matlab\Voyager_fu\Voyager_Interstellar_Monthly\HighestPrecision_Segments\V1_MAG48s_segment_0057_20210811T021151_20210811T022438.png,ok,
1,58,2021-08-11 10:19:50,2021-08-11 10:32:38,0.21312,17,47.52,49.249,7200,240,Z:\SPART-WORK\Data\Voyager\voyager1\mag\48s\reviewed_vim\2021\voyager1_48s_mag-vim_20210101_v01.cdf,C:\Users\Administrator\Documents\FWD_matlab\Voyager_fu\Voyager_Interstellar_Monthly\HighestPrecision_Segments\V1_MAG48s_segment_0058_20210811T101950_20210811T103238.png,ok,
1,59,2021-08-12 02:31:02,2021-08-12 11:27:02,8.93328,668,47.52,192.671999755859,7200,240,Z:\SPART-WORK\Data\Voyager\voyager1\mag\48s\reviewed_vim\2021\voyager1_48s_mag-vim_20210101_v01.cdf,C:\Users\Administrator\Documents\FWD_matlab\Voyager_fu\Voyager_Interstellar_Monthly\HighestPrecision_Segments\V1_MAG48s_segment_0059_20210812T023102_20210812T112702.png,ok,
1,60,2021-08-12 17:19:02,2021-08-13 03:22:14,10.05312,654,47.52,4800.38499975586,7200,240,Z:\SPART-WORK\Data\Voyager\voyager1\mag\48s\reviewed_vim\2021\voyager1_48s_mag-vim_20210101_v01.cdf,C:\Users\Administrator\Documents\FWD_matlab\Voyager_fu\Voyager_Interstellar_Monthly\HighestPrecision_Segments\V1_MAG48s_segment_0060_20210812T171902_20210813T032214.png,ok,
1,61,2021-08-13 18:27:50,2021-08-13 22:27:03,3.98712027777778,299,47.52,96.769,7200,240,Z:\SPART-WORK\Data\Voyager\voyager1\mag\48s\reviewed_vim\2021\voyager1_48s_mag-vim_20210101_v01.cdf,C:\Users\Administrator\Documents\FWD_matlab\Voyager_fu\Voyager_Interstellar_Monthly\HighestPrecision_Segments\V1_MAG48s_segment_0061_20210813T182750_20210813T222703.png,ok,
1,62,2021-08-14 01:52:39,2021-08-14 03:47:02,1.90656,143,47.52,95.04,7200,240,Z:\SPART-WORK\Data\Voyager\voyager1\mag\48s\reviewed_vim\2021\voyager1_48s_mag-vim_20210101_v01.cdf,C:\Users\Administrator\Documents\FWD_matlab\Voyager_fu\Voyager_Interstellar_Monthly\HighestPrecision_Segments\V1_MAG48s_segment_0062_20210814T015239_20210814T034702.png,ok,
1,63,2021-08-14 18:16:39,2021-08-15 01:27:03,7.17336,449,47.52,3838.752,7200,240,Z:\SPART-WORK\Data\Voyager\voyager1\mag\48s\reviewed_vim\2021\voyager1_48s_mag-vim_20210101_v01.cdf,C:\Users\Administrator\Documents\FWD_matlab\Voyager_fu\Voyager_Interstellar_Monthly\HighestPrecision_Segments\V1_MAG48s_segment_0063_20210814T181639_20210815T012703.png,ok,
1,64,2021-08-15 20:11:49,2021-08-16 00:09:26,3.96024,296,47.52,143.425,7200,240,Z:\SPART-WORK\Data\Voyager\voyager1\mag\48s\reviewed_vim\2021\voyager1_48s_mag-vim_20210101_v01.cdf,C:\Users\Administrator\Documents\FWD_matlab\Voyager_fu\Voyager_Interstellar_Monthly\HighestPrecision_Segments\V1_MAG48s_segment_0064_20210815T201149_20210816T000926.png,ok,
1,65,2021-08-16 03:27:02,2021-08-16 07:27:02,3.99984,294,47.52,288.575,7200,240,Z:\SPART-WORK\Data\Voyager\voyager1\mag\48s\reviewed_vim\2021\voyager1_48s_mag-vim_20210101_v01.cdf,C:\Users\Administrator\Documents\FWD_matlab\Voyager_fu\Voyager_Interstellar_Monthly\HighestPrecision_Segments\V1_MAG48s_segment_0065_20210816T032702_20210816T072702.png,ok,
1,66,2021-08-17 04:21:26,2021-08-17 08:16:38,3.91992000006782,200,47.52,4079.80799975586,7200,240,Z:\SPART-WORK\Data\Voyager\voyager1\mag\48s\reviewed_vim\2021\voyager1_48s_mag-vim_20210101_v01.cdf,C:\Users\Administrator\Documents\FWD_matlab\Voyager_fu\Voyager_Interstellar_Monthly\HighestPrecision_Segments\V1_MAG48s_segment_0066_20210817T042126_20210817T081638.png,ok,
1,67,2021-08-17 19:31:50,2021-08-17 22:11:02,2.65319972222222,199,47.52,96.767,7200,240,Z:\SPART-WORK\Data\Voyager\voyager1\mag\48s\reviewed_vim\2021\voyager1_48s_mag-vim_20210101_v01.cdf,C:\Users\Administrator\Documents\FWD_matlab\Voyager_fu\Voyager_Interstellar_Monthly\HighestPrecision_Segments\V1_MAG48s_segment_0067_20210817T193150_20210817T221102.png,ok,
1,68,2021-08-18 17:46:14,2021-08-18 23:55:51,6.16007972222222,457,47.52,288.577,7200,240,Z:\SPART-WORK\Data\Voyager\voyager1\mag\48s\reviewed_vim\2021\voyager1_48s_mag-vim_20210101_v01.cdf,C:\Users\Administrator\Documents\FWD_matlab\Voyager_fu\Voyager_Interstellar_Monthly\HighestPrecision_Segments\V1_MAG48s_segment_0068_20210818T174614_20210818T235551.png,ok,
1,69,2021-08-20 00:07:01,2021-08-20 04:00:38,3.89352,292,47.5200002441406,96.768,7200,240,Z:\SPART-WORK\Data\Voyager\voyager1\mag\48s\reviewed_vim\2021\voyager1_48s_mag-vim_20210101_v01.cdf,C:\Users\Administrator\Documents\FWD_matlab\Voyager_fu\Voyager_Interstellar_Monthly\HighestPrecision_Segments\V1_MAG48s_segment_0069_20210820T000701_20210820T040038.png,ok,
1,70,2021-08-20 17:25:26,2021-08-20 23:06:13,5.67983999993218,418,47.5200002441406,336.097,7200,240,Z:\SPART-WORK\Data\Voyager\voyager1\mag\48s\reviewed_vim\2021\voyager1_48s_mag-vim_20210101_v01.cdf,C:\Users\Administrator\Documents\FWD_matlab\Voyager_fu\Voyager_Interstellar_Monthly\HighestPrecision_Segments\V1_MAG48s_segment_0070_20210820T172526_20210820T230613.png,ok,
1,71,2021-08-21 01:46:14,2021-08-21 02:34:15,0.800160277777778,60,47.5209997558594,95.905,7200,240,Z:\SPART-WORK\Data\Voyager\voyager1\mag\48s\reviewed_vim\2021\voyager1_48s_mag-vim_20210101_v01.cdf,C:\Users\Administrator\Documents\FWD_matlab\Voyager_fu\Voyager_Interstellar_Monthly\HighestPrecision_Segments\V1_MAG48s_segment_0071_20210821T014614_20210821T023415.png,ok,
1,72,2021-08-21 09:14:14,2021-08-21 09:40:39,0.44016,31,47.521,192.671999755859,7200,240,Z:\SPART-WORK\Data\Voyager\voyager1\mag\48s\reviewed_vim\2021\voyager1_48s_mag-vim_20210101_v01.cdf,C:\Users\Administrator\Documents\FWD_matlab\Voyager_fu\Voyager_Interstellar_Monthly\HighestPrecision_Segments\V1_MAG48s_segment_0072_20210821T091414_20210821T094039.png,ok,
1,73,2021-08-21 23:54:14,2021-08-22 02:30:14,2.60016,193,47.5209997558594,190.944,7200,240,Z:\SPART-WORK\Data\Voyager\voyager1\mag\48s\reviewed_vim\2021\voyager1_48s_mag-vim_20210101_v01.cdf,C:\Users\Administrator\Documents\FWD_matlab\Voyager_fu\Voyager_Interstellar_Monthly\HighestPrecision_Segments\V1_MAG48s_segment_0073_20210821T235414_20210822T023014.png,ok,
1,74,2021-08-22 23:51:01,2021-08-23 03:45:26,3.90696,293,47.5209997558594,96.7670002441406,7200,240,Z:\SPART-WORK\Data\Voyager\voyager1\mag\48s\reviewed_vim\2021\voyager1_48s_mag-vim_20210101_v01.cdf,C:\Users\Administrator\Documents\FWD_matlab\Voyager_fu\Voyager_Interstellar_Monthly\HighestPrecision_Segments\V1_MAG48s_segment_0074_20210822T235101_20210823T034526.png,ok,
1,75,2021-08-23 09:14:14,2021-08-23 12:25:26,3.18672,229,47.521,288.576,7200,240,Z:\SPART-WORK\Data\Voyager\voyager1\mag\48s\reviewed_vim\2021\voyager1_48s_mag-vim_20210101_v01.cdf,C:\Users\Administrator\Documents\FWD_matlab\Voyager_fu\Voyager_Interstellar_Monthly\HighestPrecision_Segments\V1_MAG48s_segment_0075_20210823T091414_20210823T122526.png,ok,
1,76,2021-08-24 00:10:14,2021-08-24 05:05:26,4.91999972222222,367,47.521,191.808,7200,240,Z:\SPART-WORK\Data\Voyager\voyager1\mag\48s\reviewed_vim\2021\voyager1_48s_mag-vim_20210101_v01.cdf,C:\Users\Administrator\Documents\FWD_matlab\Voyager_fu\Voyager_Interstellar_Monthly\HighestPrecision_Segments\V1_MAG48s_segment_0076_20210824T001014_20210824T050526.png,ok,
1,77,2021-08-24 23:09:26,2021-08-25 03:39:49,4.50647999993218,336,47.521,191.808,7200,240,Z:\SPART-WORK\Data\Voyager\voyager1\mag\48s\reviewed_vim\2021\voyager1_48s_mag-vim_20210101_v01.cdf,C:\Users\Administrator\Documents\FWD_matlab\Voyager_fu\Voyager_Interstellar_Monthly\HighestPrecision_Segments\V1_MAG48s_segment_0077_20210824T230926_20210825T033949.png,ok,
1,78,2021-08-25 17:44:38,2021-08-25 21:39:49,3.91992,285,47.521,287.713,7200,240,Z:\SPART-WORK\Data\Voyager\voyager1\mag\48s\reviewed_vim\2021\voyager1_48s_mag-vim_20210101_v01.cdf,C:\Users\Administrator\Documents\FWD_matlab\Voyager_fu\Voyager_Interstellar_Monthly\HighestPrecision_Segments\V1_MAG48s_segment_0078_20210825T174438_20210825T213949.png,ok,
1,79,2021-08-26 00:13:26,2021-08-26 02:24:38,2.18663972222222,162,47.521,191.809,7200,240,Z:\SPART-WORK\Data\Voyager\voyager1\mag\48s\reviewed_vim\2021\voyager1_48s_mag-vim_20210101_v01.cdf,C:\Users\Administrator\Documents\FWD_matlab\Voyager_fu\Voyager_Interstellar_Monthly\HighestPrecision_Segments\V1_MAG48s_segment_0079_20210826T001326_20210826T022438.png,ok,
1,80,2021-08-26 07:04:38,2021-08-26 10:59:50,3.91992,293,47.521,143.424,7200,240,Z:\SPART-WORK\Data\Voyager\voyager1\mag\48s\reviewed_vim\2021\voyager1_48s_mag-vim_20210101_v01.cdf,C:\Users\Administrator\Documents\FWD_matlab\Voyager_fu\Voyager_Interstellar_Monthly\HighestPrecision_Segments\V1_MAG48s_segment_0080_20210826T070438_20210826T105950.png,ok,
1,81,2021-08-27 04:34:14,2021-08-27 08:14:14,3.66672027777778,274,47.521,144.288,7200,240,Z:\SPART-WORK\Data\Voyager\voyager1\mag\48s\reviewed_vim\2021\voyager1_48s_mag-vim_20210101_v01.cdf,C:\Users\Administrator\Documents\FWD_matlab\Voyager_fu\Voyager_Interstellar_Monthly\HighestPrecision_Segments\V1_MAG48s_segment_0081_20210827T043414_20210827T081414.png,ok,
1,82,2021-08-28 06:53:26,2021-08-28 10:54:14,4.01327972222222,299,47.521,191.808,7200,240,Z:\SPART-WORK\Data\Voyager\voyager1\mag\48s\reviewed_vim\2021\voyager1_48s_mag-vim_20210101_v01.cdf,C:\Users\Administrator\Documents\FWD_matlab\Voyager_fu\Voyager_Interstellar_Monthly\HighestPrecision_Segments\V1_MAG48s_segment_0082_20210828T065326_20210828T105414.png,ok,
1,83,2021-08-28 22:03:50,2021-08-29 03:23:50,5.33351972222222,399,47.521,143.423000244141,7200,240,Z:\SPART-WORK\Data\Voyager\voyager1\mag\48s\reviewed_vim\2021\voyager1_48s_mag-vim_20210101_v01.cdf,C:\Users\Administrator\Documents\FWD_matlab\Voyager_fu\Voyager_Interstellar_Monthly\HighestPrecision_Segments\V1_MAG48s_segment_0083_20210828T220350_20210829T032350.png,ok,
1,84,2021-08-29 18:13:25,2021-08-29 22:09:26,3.93359972222222,294,47.521,143.423000244141,7200,240,Z:\SPART-WORK\Data\Voyager\voyager1\mag\48s\reviewed_vim\2021\voyager1_48s_mag-vim_20210101_v01.cdf,C:\Users\Administrator\Documents\FWD_matlab\Voyager_fu\Voyager_Interstellar_Monthly\HighestPrecision_Segments\V1_MAG48s_segment_0084_20210829T181325_20210829T220926.png,ok,
1,85,2021-08-30 09:14:14,2021-08-30 13:03:50,3.82656,283,47.521,239.328,7200,240,Z:\SPART-WORK\Data\Voyager\voyager1\mag\48s\reviewed_vim\2021\voyager1_48s_mag-vim_20210101_v01.cdf,C:\Users\Administrator\Documents\FWD_matlab\Voyager_fu\Voyager_Interstellar_Monthly\HighestPrecision_Segments\V1_MAG48s_segment_0085_20210830T091414_20210830T130350.png,ok,
1,86,2021-08-31 08:43:49,2021-08-31 10:39:01,1.92000027777778,143,47.521,144.289,7200,240,Z:\SPART-WORK\Data\Voyager\voyager1\mag\48s\reviewed_vim\2021\voyager1_48s_mag-vim_20210101_v01.cdf,C:\Users\Administrator\Documents\FWD_matlab\Voyager_fu\Voyager_Interstellar_Monthly\HighestPrecision_Segments\V1_MAG48s_segment_0086_20210831T084349_20210831T103901.png,ok,
1,87,2021-08-31 23:59:02,2021-09-01 05:59:02,6,449,47.521,145.153,7200,240,Z:\SPART-WORK\Data\Voyager\voyager1\mag\48s\reviewed_vim\2021\voyager1_48s_mag-vim_20210101_v01.cdf,C:\Users\Administrator\Documents\FWD_matlab\Voyager_fu\Voyager_Interstellar_Monthly\HighestPrecision_Segments\V1_MAG48s_segment_0087_20210831T235902_20210901T055902.png,ok,
1,88,2021-09-01 11:01:26,2021-09-01 13:13:25,2.19960027770996,166,47.521,49.249,7200,240,Z:\SPART-WORK\Data\Voyager\voyager1\mag\48s\reviewed_vim\2021\voyager1_48s_mag-vim_20210101_v01.cdf,C:\Users\Administrator\Documents\FWD_matlab\Voyager_fu\Voyager_Interstellar_Monthly\HighestPrecision_Segments\V1_MAG48s_segment_0088_20210901T110126_20210901T131325.png,ok,
1,89,2021-09-02 02:15:01,2021-09-02 06:08:38,3.89352,291,47.521,95.903,7200,240,Z:\SPART-WORK\Data\Voyager\voyager1\mag\48s\reviewed_vim\2021\voyager1_48s_mag-vim_20210101_v01.cdf,C:\Users\Administrator\Documents\FWD_matlab\Voyager_fu\Voyager_Interstellar_Monthly\HighestPrecision_Segments\V1_MAG48s_segment_0089_20210902T021501_20210902T060838.png,ok,
1,90,2021-09-03 01:33:25,2021-09-03 05:28:37,3.91992000006782,294,47.521,95.904,7200,240,Z:\SPART-WORK\Data\Voyager\voyager1\mag\48s\reviewed_vim\2021\voyager1_48s_mag-vim_20210101_v01.cdf,C:\Users\Administrator\Documents\FWD_matlab\Voyager_fu\Voyager_Interstellar_Monthly\HighestPrecision_Segments\V1_MAG48s_segment_0090_20210903T013325_20210903T052837.png,ok,
1,91,2021-09-03 18:32:37,2021-09-03 21:33:25,3.0132,220,47.521,336.096,7200,240,Z:\SPART-WORK\Data\Voyager\voyager1\mag\48s\reviewed_vim\2021\voyager1_48s_mag-vim_20210101_v01.cdf,C:\Users\Administrator\Documents\FWD_matlab\Voyager_fu\Voyager_Interstellar_Monthly\HighestPrecision_Segments\V1_MAG48s_segment_0091_20210903T183237_20210903T213325.png,ok,
1,92,2021-09-04 00:27:50,2021-09-04 04:23:01,3.91992,293,47.521,144.287000244141,7200,240,Z:\SPART-WORK\Data\Voyager\voyager1\mag\48s\reviewed_vim\2021\voyager1_48s_mag-vim_20210101_v01.cdf,C:\Users\Administrator\Documents\FWD_matlab\Voyager_fu\Voyager_Interstellar_Monthly\HighestPrecision_Segments\V1_MAG48s_segment_0092_20210904T002750_20210904T042301.png,ok,
1,93,2021-09-04 18:55:01,2021-09-05 02:43:02,7.80024027770996,463,47.521,5807.808,7200,240,Z:\SPART-WORK\Data\Voyager\voyager1\mag\48s\reviewed_vim\2021\voyager1_48s_mag-vim_20210101_v01.cdf,C:\Users\Administrator\Documents\FWD_matlab\Voyager_fu\Voyager_Interstellar_Monthly\HighestPrecision_Segments\V1_MAG48s_segment_0093_20210904T185501_20210905T024302.png,ok,
1,94,2021-09-05 15:20:38,2021-09-05 19:17:25,3.94655972222222,297,47.521,49.249,7200,240,Z:\SPART-WORK\Data\Voyager\voyager1\mag\48s\reviewed_vim\2021\voyager1_48s_mag-vim_20210101_v01.cdf,C:\Users\Administrator\Documents\FWD_matlab\Voyager_fu\Voyager_Interstellar_Monthly\HighestPrecision_Segments\V1_MAG48s_segment_0094_20210905T152038_20210905T191725.png,ok,
1,95,2021-09-06 11:03:01,2021-09-06 15:17:25,4.24008,318,47.5209997558594,96.7670002441406,7200,240,Z:\SPART-WORK\Data\Voyager\voyager1\mag\48s\reviewed_vim\2021\voyager1_48s_mag-vim_20210101_v01.cdf,C:\Users\Administrator\Documents\FWD_matlab\Voyager_fu\Voyager_Interstellar_Monthly\HighestPrecision_Segments\V1_MAG48s_segment_0095_20210906T110301_20210906T151725.png,ok,
1,96,2021-09-06 22:53:25,2021-09-07 02:47:49,3.90672000006782,293,47.5209997558594,95.905,7200,240,Z:\SPART-WORK\Data\Voyager\voyager1\mag\48s\reviewed_vim\2021\voyager1_48s_mag-vim_20210101_v01.cdf,C:\Users\Administrator\Documents\FWD_matlab\Voyager_fu\Voyager_Interstellar_Monthly\HighestPrecision_Segments\V1_MAG48s_segment_0096_20210906T225325_20210907T024749.png,ok,
1,97,2021-09-07 18:23:01,2021-09-07 22:42:12,4.31976,325,47.5209997558594,49.249,7200,240,Z:\SPART-WORK\Data\Voyager\voyager1\mag\48s\reviewed_vim\2021\voyager1_48s_mag-vim_20210101_v01.cdf,C:\Users\Administrator\Documents\FWD_matlab\Voyager_fu\Voyager_Interstellar_Monthly\HighestPrecision_Segments\V1_MAG48s_segment_0097_20210907T182301_20210907T224212.png,ok,
1,98,2021-09-08 22:10:13,2021-09-09 02:37:26,4.45344,334,47.5200002441406,95.904,7200,240,Z:\SPART-WORK\Data\Voyager\voyager1\mag\48s\reviewed_vim\2021\voyager1_48s_mag-vim_20210101_v01.cdf,C:\Users\Administrator\Documents\FWD_matlab\Voyager_fu\Voyager_Interstellar_Monthly\HighestPrecision_Segments\V1_MAG48s_segment_0098_20210908T221013_20210909T023726.png,ok,
1,99,2021-09-09 15:06:13,2021-09-09 18:56:37,3.84,286,47.5200002441406,192.672,7200,240,Z:\SPART-WORK\Data\Voyager\voyager1\mag\48s\reviewed_vim\2021\voyager1_48s_mag-vim_20210101_v01.cdf,C:\Users\Administrator\Documents\FWD_matlab\Voyager_fu\Voyager_Interstellar_Monthly\HighestPrecision_Segments\V1_MAG48s_segment_0099_20210909T150613_20210909T185637.png,ok,
1,100,2021-09-10 15:01:25,2021-09-10 20:56:36,5.91983972222222,423,47.52,959.04,7200,240,Z:\SPART-WORK\Data\Voyager\voyager1\mag\48s\reviewed_vim\2021\voyager1_48s_mag-vim_20210101_v01.cdf,C:\Users\Administrator\Documents\FWD_matlab\Voyager_fu\Voyager_Interstellar_Monthly\HighestPrecision_Segments\V1_MAG48s_segment_0100_20210910T150125_20210910T205636.png,ok,
1,101,2021-09-11 00:08:38,2021-09-11 02:21:25,2.21303972229004,165,47.52,143.423000244141,7200,240,Z:\SPART-WORK\Data\Voyager\voyager1\mag\48s\reviewed_vim\2021\voyager1_48s_mag-vim_20210101_v01.cdf,C:\Users\Administrator\Documents\FWD_matlab\Voyager_fu\Voyager_Interstellar_Monthly\HighestPrecision_Segments\V1_MAG48s_segment_0101_20210911T000838_20210911T022125.png,ok,
1,102,2021-09-11 18:53:24,2021-09-12 02:26:13,7.54704,564,47.52,192.671999755859,7200,240,Z:\SPART-WORK\Data\Voyager\voyager1\mag\48s\reviewed_vim\2021\voyager1_48s_mag-vim_20210101_v01.cdf,C:\Users\Administrator\Documents\FWD_matlab\Voyager_fu\Voyager_Interstellar_Monthly\HighestPrecision_Segments\V1_MAG48s_segment_0102_20210911T185324_20210912T022613.png,ok,
1,103,2021-09-13 01:41:25,2021-09-13 05:36:36,3.91992027777778,293,47.5200001220703,145.151,7200,240,Z:\SPART-WORK\Data\Voyager\voyager1\mag\48s\reviewed_vim\2021\voyager1_48s_mag-vim_20210101_v01.cdf,C:\Users\Administrator\Documents\FWD_matlab\Voyager_fu\Voyager_Interstellar_Monthly\HighestPrecision_Segments\V1_MAG48s_segment_0103_20210913T014125_20210913T053636.png,ok,
1,104,2021-09-14 00:51:48,2021-09-14 06:26:11,5.57304027777778,325,47.52,4079.80800024414,7200,240,Z:\SPART-WORK\Data\Voyager\voyager1\mag\48s\reviewed_vim\2021\voyager1_48s_mag-vim_20210101_v01.cdf,C:\Users\Administrator\Documents\FWD_matlab\Voyager_fu\Voyager_Interstellar_Monthly\HighestPrecision_Segments\V1_MAG48s_segment_0104_20210914T005148_20210914T062611.png,ok,
1,105,2021-09-14 14:54:59,2021-09-14 19:00:35,4.09343999993218,304,47.52,145.151,7200,240,Z:\SPART-WORK\Data\Voyager\voyager1\mag\48s\reviewed_vim\2021\voyager1_48s_mag-vim_20210101_v01.cdf,C:\Users\Administrator\Documents\FWD_matlab\Voyager_fu\Voyager_Interstellar_Monthly\HighestPrecision_Segments\V1_MAG48s_segment_0105_20210914T145459_20210914T190035.png,ok,
1,106,2021-09-15 00:08:36,2021-09-15 01:27:00,1.30656,99,47.52,50.1120002441406,7200,240,Z:\SPART-WORK\Data\Voyager\voyager1\mag\48s\reviewed_vim\2021\voyager1_48s_mag-vim_20210101_v01.cdf,C:\Users\Administrator\Documents\FWD_matlab\Voyager_fu\Voyager_Interstellar_Monthly\HighestPrecision_Segments\V1_MAG48s_segment_0106_20210915T000836_20210915T012700.png,ok,
1,107,2021-09-15 17:39:49,2021-09-15 22:35:48,4.93296,368,47.52,192.672,7200,240,Z:\SPART-WORK\Data\Voyager\voyager1\mag\48s\reviewed_vim\2021\voyager1_48s_mag-vim_20210101_v01.cdf,C:\Users\Administrator\Documents\FWD_matlab\Voyager_fu\Voyager_Interstellar_Monthly\HighestPrecision_Segments\V1_MAG48s_segment_0107_20210915T173949_20210915T223548.png,ok,
1,108,2021-09-16 20:43:49,2021-09-17 02:05:25,5.35992027777778,402,47.52,97.6329997558594,7200,240,Z:\SPART-WORK\Data\Voyager\voyager1\mag\48s\reviewed_vim\2021\voyager1_48s_mag-vim_20210101_v01.cdf,C:\Users\Administrator\Documents\FWD_matlab\Voyager_fu\Voyager_Interstellar_Monthly\HighestPrecision_Segments\V1_MAG48s_segment_0108_20210916T204349_20210917T020525.png,ok,
1,109,2021-09-17 14:34:12,2021-09-17 18:45:23,4.18632,309,47.52,190.079000244141,7200,240,Z:\SPART-WORK\Data\Voyager\voyager1\mag\48s\reviewed_vim\2021\voyager1_48s_mag-vim_20210101_v01.cdf,C:\Users\Administrator\Documents\FWD_matlab\Voyager_fu\Voyager_Interstellar_Monthly\HighestPrecision_Segments\V1_MAG48s_segment_0109_20210917T143412_20210917T184523.png,ok,
1,110,2021-09-18 14:54:59,2021-09-18 20:30:12,5.58696,409,47.52,382.751000244141,7200,240,Z:\SPART-WORK\Data\Voyager\voyager1\mag\48s\reviewed_vim\2021\voyager1_48s_mag-vim_20210101_v01.cdf,C:\Users\Administrator\Documents\FWD_matlab\Voyager_fu\Voyager_Interstellar_Monthly\HighestPrecision_Segments\V1_MAG48s_segment_0110_20210918T145459_20210918T203012.png,ok,
1,111,2021-09-19 09:09:24,2021-09-19 14:25:24,5.2668,394,47.52,145.152000244141,7200,240,Z:\SPART-WORK\Data\Voyager\voyager1\mag\48s\reviewed_vim\2021\voyager1_48s_mag-vim_20210101_v01.cdf,C:\Users\Administrator\Documents\FWD_matlab\Voyager_fu\Voyager_Interstellar_Monthly\HighestPrecision_Segments\V1_MAG48s_segment_0111_20210919T090924_20210919T142524.png,ok,
1,112,2021-09-20 02:53:24,2021-09-20 03:50:11,0.94632,69,47.52,192.671999755859,7200,240,Z:\SPART-WORK\Data\Voyager\voyager1\mag\48s\reviewed_vim\2021\voyager1_48s_mag-vim_20210101_v01.cdf,C:\Users\Administrator\Documents\FWD_matlab\Voyager_fu\Voyager_Interstellar_Monthly\HighestPrecision_Segments\V1_MAG48s_segment_0112_20210920T025324_20210920T035011.png,ok,
1,113,2021-09-20 19:55:47,2021-09-21 01:49:25,5.89392,441,47.52,145.152,7200,240,Z:\SPART-WORK\Data\Voyager\voyager1\mag\48s\reviewed_vim\2021\voyager1_48s_mag-vim_20210101_v01.cdf,C:\Users\Administrator\Documents\FWD_matlab\Voyager_fu\Voyager_Interstellar_Monthly\HighestPrecision_Segments\V1_MAG48s_segment_0113_20210920T195547_20210921T014925.png,ok,
1,114,2021-09-21 04:15:00,2021-09-21 09:14:59,4.99967972222222,366,47.52,385.344999755859,7200,240,Z:\SPART-WORK\Data\Voyager\voyager1\mag\48s\reviewed_vim\2021\voyager1_48s_mag-vim_20210101_v01.cdf,C:\Users\Administrator\Documents\FWD_matlab\Voyager_fu\Voyager_Interstellar_Monthly\HighestPrecision_Segments\V1_MAG48s_segment_0114_20210921T041500_20210921T091459.png,ok,
1,115,2021-09-21 21:47:48,2021-09-22 01:44:35,3.94632,264,47.52,1537.921,7200,240,Z:\SPART-WORK\Data\Voyager\voyager1\mag\48s\reviewed_vim\2021\voyager1_48s_mag-vim_20210101_v01.cdf,C:\Users\Administrator\Documents\FWD_matlab\Voyager_fu\Voyager_Interstellar_Monthly\HighestPrecision_Segments\V1_MAG48s_segment_0115_20210921T214748_20210922T014435.png,ok,
1,116,2021-09-22 04:24:35,2021-09-22 09:06:59,4.7064,352,47.52,144.287000244141,7200,240,Z:\SPART-WORK\Data\Voyager\voyager1\mag\48s\reviewed_vim\2021\voyager1_48s_mag-vim_20210101_v01.cdf,C:\Users\Administrator\Documents\FWD_matlab\Voyager_fu\Voyager_Interstellar_Monthly\HighestPrecision_Segments\V1_MAG48s_segment_0116_20210922T042435_20210922T090659.png,ok,
1,117,2021-09-23 05:09:24,2021-09-23 09:04:36,3.91991972222222,293,47.52,142.559999755859,7200,240,Z:\SPART-WORK\Data\Voyager\voyager1\mag\48s\reviewed_vim\2021\voyager1_48s_mag-vim_20210101_v01.cdf,C:\Users\Administrator\Documents\FWD_matlab\Voyager_fu\Voyager_Interstellar_Monthly\HighestPrecision_Segments\V1_MAG48s_segment_0117_20210923T050924_20210923T090436.png,ok,
1,118,2021-09-23 17:17:25,2021-09-23 18:59:01,1.69344,125,47.52,191.808,7200,240,Z:\SPART-WORK\Data\Voyager\voyager1\mag\48s\reviewed_vim\2021\voyager1_48s_mag-vim_20210101_v01.cdf,C:\Users\Administrator\Documents\FWD_matlab\Voyager_fu\Voyager_Interstellar_Monthly\HighestPrecision_Segments\V1_MAG48s_segment_0118_20210923T171725_20210923T185901.png,ok,
1,119,2021-09-24 00:37:23,2021-09-24 06:39:01,6.02712027770996,453,47.52,50.1120002441406,7200,240,Z:\SPART-WORK\Data\Voyager\voyager1\mag\48s\reviewed_vim\2021\voyager1_48s_mag-vim_20210101_v01.cdf,C:\Users\Administrator\Documents\FWD_matlab\Voyager_fu\Voyager_Interstellar_Monthly\HighestPrecision_Segments\V1_MAG48s_segment_0119_20210924T003723_20210924T063901.png,ok,
1,120,2021-09-24 23:12:34,2021-09-25 00:08:36,0.933840277777778,68,47.5200002441406,192.672,7200,240,Z:\SPART-WORK\Data\Voyager\voyager1\mag\48s\reviewed_vim\2021\voyager1_48s_mag-vim_20210101_v01.cdf,C:\Users\Administrator\Documents\FWD_matlab\Voyager_fu\Voyager_Interstellar_Monthly\HighestPrecision_Segments\V1_MAG48s_segment_0120_20210924T231234_20210925T000836.png,ok,
1,121,2021-09-25 20:13:24,2021-09-26 08:53:24,12.6664802777778,948,47.52,192.671,7200,240,Z:\SPART-WORK\Data\Voyager\voyager1\mag\48s\reviewed_vim\2021\voyager1_48s_mag-vim_20210101_v01.cdf,C:\Users\Administrator\Documents\FWD_matlab\Voyager_fu\Voyager_Interstellar_Monthly\HighestPrecision_Segments\V1_MAG48s_segment_0121_20210925T201324_20210926T085324.png,ok,
1,122,2021-09-26 16:53:25,2021-09-27 01:13:22,8.33255972222222,626,47.52,50.1120002441406,7200,240,Z:\SPART-WORK\Data\Voyager\voyager1\mag\48s\reviewed_vim\2021\voyager1_48s_mag-vim_20210101_v01.cdf,C:\Users\Administrator\Documents\FWD_matlab\Voyager_fu\Voyager_Interstellar_Monthly\HighestPrecision_Segments\V1_MAG48s_segment_0122_20210926T165325_20210927T011322.png,ok,
1,123,2021-09-27 19:03:00,2021-09-27 23:03:47,4.01303972229004,299,47.52,192.672,7200,240,Z:\SPART-WORK\Data\Voyager\voyager1\mag\48s\reviewed_vim\2021\voyager1_48s_mag-vim_20210101_v01.cdf,C:\Users\Administrator\Documents\FWD_matlab\Voyager_fu\Voyager_Interstellar_Monthly\HighestPrecision_Segments\V1_MAG48s_segment_0123_20210927T190300_20210927T230347.png,ok,
1,124,2021-09-28 02:08:34,2021-09-28 08:42:59,6.57359972222222,484,47.52,384.479000244141,7200,240,Z:\SPART-WORK\Data\Voyager\voyager1\mag\48s\reviewed_vim\2021\voyager1_48s_mag-vim_20210101_v01.cdf,C:\Users\Administrator\Documents\FWD_matlab\Voyager_fu\Voyager_Interstellar_Monthly\HighestPrecision_Segments\V1_MAG48s_segment_0124_20210928T020834_20210928T084259.png,ok,
1,125,2021-09-28 22:07:01,2021-09-29 01:03:00,2.93328027777778,221,47.52,50.1120002441406,7200,240,Z:\SPART-WORK\Data\Voyager\voyager1\mag\48s\reviewed_vim\2021\voyager1_48s_mag-vim_20210101_v01.cdf,C:\Users\Administrator\Documents\FWD_matlab\Voyager_fu\Voyager_Interstellar_Monthly\HighestPrecision_Segments\V1_MAG48s_segment_0125_20210928T220701_20210929T010300.png,ok,
1,126,2021-09-29 04:27:47,2021-09-29 08:38:11,4.17336027770996,312,47.52,145.151999755859,7200,240,Z:\SPART-WORK\Data\Voyager\voyager1\mag\48s\reviewed_vim\2021\voyager1_48s_mag-vim_20210101_v01.cdf,C:\Users\Administrator\Documents\FWD_matlab\Voyager_fu\Voyager_Interstellar_Monthly\HighestPrecision_Segments\V1_MAG48s_segment_0126_20210929T042747_20210929T083811.png,ok,
1,127,2021-09-30 04:03:48,2021-09-30 05:12:34,1.14623999993218,86,47.52,95.0409997558594,7200,240,Z:\SPART-WORK\Data\Voyager\voyager1\mag\48s\reviewed_vim\2021\voyager1_48s_mag-vim_20210101_v01.cdf,C:\Users\Administrator\Documents\FWD_matlab\Voyager_fu\Voyager_Interstellar_Monthly\HighestPrecision_Segments\V1_MAG48s_segment_0127_20210930T040348_20210930T051234.png,ok,
1,128,2021-09-30 19:43:00,2021-10-01 01:07:48,5.41344027777778,405,47.52,145.151000244141,7200,240,Z:\SPART-WORK\Data\Voyager\voyager1\mag\48s\reviewed_vim\2021\voyager1_48s_mag-vim_20210101_v01.cdf,C:\Users\Administrator\Documents\FWD_matlab\Voyager_fu\Voyager_Interstellar_Monthly\HighestPrecision_Segments\V1_MAG48s_segment_0128_20210930T194300_20211001T010748.png,ok,
1,129,2021-10-01 07:01:23,2021-10-01 08:32:34,1.51992,115,47.52,50.1120002441406,7200,240,Z:\SPART-WORK\Data\Voyager\voyager1\mag\48s\reviewed_vim\2021\voyager1_48s_mag-vim_20210101_v01.cdf,C:\Users\Administrator\Documents\FWD_matlab\Voyager_fu\Voyager_Interstellar_Monthly\HighestPrecision_Segments\V1_MAG48s_segment_0129_20211001T070123_20211001T083234.png,ok,
1,130,2021-10-02 00:22:58,2021-10-02 08:27:47,8.08007972222222,606,47.52,97.631,7200,240,Z:\SPART-WORK\Data\Voyager\voyager1\mag\48s\reviewed_vim\2021\voyager1_48s_mag-vim_20210101_v01.cdf,C:\Users\Administrator\Documents\FWD_matlab\Voyager_fu\Voyager_Interstellar_Monthly\HighestPrecision_Segments\V1_MAG48s_segment_0130_20211002T002258_20211002T082747.png,ok,
1,131,2021-10-02 15:07:46,2021-10-03 00:57:23,9.82703972222222,734,47.52,192.672000244141,7200,240,Z:\SPART-WORK\Data\Voyager\voyager1\mag\48s\reviewed_vim\2021\voyager1_48s_mag-vim_20210101_v01.cdf,C:\Users\Administrator\Documents\FWD_matlab\Voyager_fu\Voyager_Interstellar_Monthly\HighestPrecision_Segments\V1_MAG48s_segment_0131_20211002T150746_20211003T005723.png,ok,
1,132,2021-10-03 13:33:23,2021-10-03 15:57:23,2.40024,180,47.52,97.633,7200,240,Z:\SPART-WORK\Data\Voyager\voyager1\mag\48s\reviewed_vim\2021\voyager1_48s_mag-vim_20210101_v01.cdf,C:\Users\Administrator\Documents\FWD_matlab\Voyager_fu\Voyager_Interstellar_Monthly\HighestPrecision_Segments\V1_MAG48s_segment_0132_20211003T133323_20211003T155723.png,ok,
1,133,2021-10-04 15:22:11,2021-10-05 00:51:48,9.49368,583,47.52,6048.865,7200,240,Z:\SPART-WORK\Data\Voyager\voyager1\mag\48s\reviewed_vim\2021\voyager1_48s_mag-vim_20210101_v01.cdf,C:\Users\Administrator\Documents\FWD_matlab\Voyager_fu\Voyager_Interstellar_Monthly\HighestPrecision_Segments\V1_MAG48s_segment_0133_20211004T152211_20211005T005148.png,ok,
1,134,2021-10-05 08:05:22,2021-10-05 11:02:12,2.94720027777778,222,47.52,50.1120002441406,7200,240,Z:\SPART-WORK\Data\Voyager\voyager1\mag\48s\reviewed_vim\2021\voyager1_48s_mag-vim_20210101_v01.cdf,C:\Users\Administrator\Documents\FWD_matlab\Voyager_fu\Voyager_Interstellar_Monthly\HighestPrecision_Segments\V1_MAG48s_segment_0134_20211005T080522_20211005T110212.png,ok,
1,135,2021-10-05 23:50:59,2021-10-06 08:11:47,8.34672,624,47.52,190.081,7200,240,Z:\SPART-WORK\Data\Voyager\voyager1\mag\48s\reviewed_vim\2021\voyager1_48s_mag-vim_20210101_v01.cdf,C:\Users\Administrator\Documents\FWD_matlab\Voyager_fu\Voyager_Interstellar_Monthly\HighestPrecision_Segments\V1_MAG48s_segment_0135_20211005T235059_20211006T081147.png,ok,
1,136,2021-10-07 05:30:12,2021-10-07 07:47:00,2.28000027770996,169,47.52,192.672,7200,240,Z:\SPART-WORK\Data\Voyager\voyager1\mag\48s\reviewed_vim\2021\voyager1_48s_mag-vim_20210101_v01.cdf,C:\Users\Administrator\Documents\FWD_matlab\Voyager_fu\Voyager_Interstellar_Monthly\HighestPrecision_Segments\V1_MAG48s_segment_0136_20211007T053012_20211007T074700.png,ok,
1,137,2021-10-07 15:10:59,2021-10-08 05:51:46,14.6798397222222,955,47.52,6575.903,7200,240,Z:\SPART-WORK\Data\Voyager\voyager1\mag\48s\reviewed_vim\2021\voyager1_48s_mag-vim_20210101_v01.cdf,C:\Users\Administrator\Documents\FWD_matlab\Voyager_fu\Voyager_Interstellar_Monthly\HighestPrecision_Segments\V1_MAG48s_segment_0137_20211007T151059_20211008T055146.png,ok,
1,138,2021-10-09 04:45:22,2021-10-09 08:01:22,3.26664027770996,243,47.52,192.672,7200,240,Z:\SPART-WORK\Data\Voyager\voyager1\mag\48s\reviewed_vim\2021\voyager1_48s_mag-vim_20210101_v01.cdf,C:\Users\Administrator\Documents\FWD_matlab\Voyager_fu\Voyager_Interstellar_Monthly\HighestPrecision_Segments\V1_MAG48s_segment_0138_20211009T044522_20211009T080122.png,ok,
1,139,2021-10-09 19:41:22,2021-10-10 00:30:58,4.82663972222222,362,47.52,97.631,7200,240,Z:\SPART-WORK\Data\Voyager\voyager1\mag\48s\reviewed_vim\2021\voyager1_48s_mag-vim_20210101_v01.cdf,C:\Users\Administrator\Documents\FWD_matlab\Voyager_fu\Voyager_Interstellar_Monthly\HighestPrecision_Segments\V1_MAG48s_segment_0139_20211009T194122_20211010T003058.png,ok,
1,140,2021-10-10 06:35:46,2021-10-10 07:55:47,1.33368,99,47.52,142.559999755859,7200,240,Z:\SPART-WORK\Data\Voyager\voyager1\mag\48s\reviewed_vim\2021\voyager1_48s_mag-vim_20210101_v01.cdf,C:\Users\Administrator\Documents\FWD_matlab\Voyager_fu\Voyager_Interstellar_Monthly\HighestPrecision_Segments\V1_MAG48s_segment_0140_20211010T063546_20211010T075547.png,ok,
1,141,2021-10-10 13:36:35,2021-10-10 18:01:24,4.41360027777778,331,47.52,95.0400002441406,7200,240,Z:\SPART-WORK\Data\Voyager\voyager1\mag\48s\reviewed_vim\2021\voyager1_48s_mag-vim_20210101_v01.cdf,C:\Users\Administrator\Documents\FWD_matlab\Voyager_fu\Voyager_Interstellar_Monthly\HighestPrecision_Segments\V1_MAG48s_segment_0141_20211010T133635_20211010T180124.png,ok,
1,142,2021-10-11 06:50:11,2021-10-11 07:51:00,1.01375972222222,74,47.52,190.081,7200,240,Z:\SPART-WORK\Data\Voyager\voyager1\mag\48s\reviewed_vim\2021\voyager1_48s_mag-vim_20210101_v01.cdf,C:\Users\Administrator\Documents\FWD_matlab\Voyager_fu\Voyager_Interstellar_Monthly\HighestPrecision_Segments\V1_MAG48s_segment_0142_20211011T065011_20211011T075100.png,ok,
1,143,2021-10-12 02:36:34,2021-10-12 05:05:22,2.48015999993218,182,47.52,286.847,7200,240,Z:\SPART-WORK\Data\Voyager\voyager1\mag\48s\reviewed_vim\2021\voyager1_48s_mag-vim_20210101_v01.cdf,C:\Users\Administrator\Documents\FWD_matlab\Voyager_fu\Voyager_Interstellar_Monthly\HighestPrecision_Segments\V1_MAG48s_segment_0143_20211012T023634_20211012T050522.png,ok,
1,144,2021-10-12 16:40:35,2021-10-12 20:35:46,3.91992027777778,293,47.52,145.152,7200,240,Z:\SPART-WORK\Data\Voyager\voyager1\mag\48s\reviewed_vim\2021\voyager1_48s_mag-vim_20210101_v01.cdf,C:\Users\Administrator\Documents\FWD_matlab\Voyager_fu\Voyager_Interstellar_Monthly\HighestPrecision_Segments\V1_MAG48s_segment_0144_20211012T164035_20211012T203546.png,ok,
1,145,2021-10-13 17:12:34,2021-10-14 00:15:46,7.05336027777778,530,47.52,50.1120002441406,7200,240,Z:\SPART-WORK\Data\Voyager\voyager1\mag\48s\reviewed_vim\2021\voyager1_48s_mag-vim_20210101_v01.cdf,C:\Users\Administrator\Documents\FWD_matlab\Voyager_fu\Voyager_Interstellar_Monthly\HighestPrecision_Segments\V1_MAG48s_segment_0145_20211013T171234_20211014T001546.png,ok,
1,146,2021-10-14 12:35:46,2021-10-14 16:30:10,3.90672,292,47.52,97.6320002441406,7200,240,Z:\SPART-WORK\Data\Voyager\voyager1\mag\48s\reviewed_vim\2021\voyager1_48s_mag-vim_20210101_v01.cdf,C:\Users\Administrator\Documents\FWD_matlab\Voyager_fu\Voyager_Interstellar_Monthly\HighestPrecision_Segments\V1_MAG48s_segment_0146_20211014T123546_20211014T163010.png,ok,
1,147,2021-10-16 09:20:33,2021-10-16 10:14:57,0.906719999932183,68,47.52,97.6319997558594,7200,240,Z:\SPART-WORK\Data\Voyager\voyager1\mag\48s\reviewed_vim\2021\voyager1_48s_mag-vim_20210101_v01.cdf,C:\Users\Administrator\Documents\FWD_matlab\Voyager_fu\Voyager_Interstellar_Monthly\HighestPrecision_Segments\V1_MAG48s_segment_0147_20211016T092033_20211016T101457.png,ok,
1,148,2021-10-17 04:32:35,2021-10-17 16:59:47,12.45336,855,47.52,3792.097,7200,240,Z:\SPART-WORK\Data\Voyager\voyager1\mag\48s\reviewed_vim\2021\voyager1_48s_mag-vim_20210101_v01.cdf,C:\Users\Administrator\Documents\FWD_matlab\Voyager_fu\Voyager_Interstellar_Monthly\HighestPrecision_Segments\V1_MAG48s_segment_0148_20211017T043235_20211017T165947.png,ok,
1,149,2021-10-17 23:19:00,2021-10-18 00:59:45,1.67928,124,47.52,191.809,7200,240,Z:\SPART-WORK\Data\Voyager\voyager1\mag\48s\reviewed_vim\2021\voyager1_48s_mag-vim_20210101_v01.cdf,C:\Users\Administrator\Documents\FWD_matlab\Voyager_fu\Voyager_Interstellar_Monthly\HighestPrecision_Segments\V1_MAG48s_segment_0149_20211017T231900_20211018T005945.png,ok,
1,150,2021-10-18 13:04:35,2021-10-18 16:59:47,3.91992,292,47.5200002441406,192.672,7200,240,Z:\SPART-WORK\Data\Voyager\voyager1\mag\48s\reviewed_vim\2021\voyager1_48s_mag-vim_20210101_v01.cdf,C:\Users\Administrator\Documents\FWD_matlab\Voyager_fu\Voyager_Interstellar_Monthly\HighestPrecision_Segments\V1_MAG48s_segment_0150_20211018T130435_20211018T165947.png,ok,
1,151,2021-10-19 05:33:22,2021-10-19 07:19:48,1.77384,131,47.5200001220703,191.808,7200,240,Z:\SPART-WORK\Data\Voyager\voyager1\mag\48s\reviewed_vim\2021\voyager1_48s_mag-vim_20210101_v01.cdf,C:\Users\Administrator\Documents\FWD_matlab\Voyager_fu\Voyager_Interstellar_Monthly\HighestPrecision_Segments\V1_MAG48s_segment_0151_20211019T053322_20211019T071948.png,ok,
1,152,2021-10-19 22:24:35,2021-10-20 03:04:33,4.66608027777778,350,47.5209997558594,94.177,7200,240,Z:\SPART-WORK\Data\Voyager\voyager1\mag\48s\reviewed_vim\2021\voyager1_48s_mag-vim_20210101_v01.cdf,C:\Users\Administrator\Documents\FWD_matlab\Voyager_fu\Voyager_Interstellar_Monthly\HighestPrecision_Segments\V1_MAG48s_segment_0152_20211019T222435_20211020T030433.png,ok,
1,153,2021-10-20 17:26:59,2021-10-20 19:24:35,1.96007972222222,145,47.5209997558594,192.672,7200,240,Z:\SPART-WORK\Data\Voyager\voyager1\mag\48s\reviewed_vim\2021\voyager1_48s_mag-vim_20210101_v01.cdf,C:\Users\Administrator\Documents\FWD_matlab\Voyager_fu\Voyager_Interstellar_Monthly\HighestPrecision_Segments\V1_MAG48s_segment_0153_20211020T172659_20211020T192435.png,ok,
1,154,2021-10-21 02:03:47,2021-10-21 05:58:59,3.91992027770996,292,47.5209997558594,145.151,7200,240,Z:\SPART-WORK\Data\Voyager\voyager1\mag\48s\reviewed_vim\2021\voyager1_48s_mag-vim_20210101_v01.cdf,C:\Users\Administrator\Documents\FWD_matlab\Voyager_fu\Voyager_Interstellar_Monthly\HighestPrecision_Segments\V1_MAG48s_segment_0154_20211021T020347_20211021T055859.png,ok,
1,155,2021-10-21 20:34:12,2021-10-21 23:58:59,3.41304,257,47.5209997558594,50.113,7200,240,Z:\SPART-WORK\Data\Voyager\voyager1\mag\48s\reviewed_vim\2021\voyager1_48s_mag-vim_20210101_v01.cdf,C:\Users\Administrator\Documents\FWD_matlab\Voyager_fu\Voyager_Interstellar_Monthly\HighestPrecision_Segments\V1_MAG48s_segment_0155_20211021T203412_20211021T235859.png,ok,
1,156,2021-10-22 12:29:24,2021-10-22 15:38:58,3.15959972222222,237,47.5209997558594,94.175,7200,240,Z:\SPART-WORK\Data\Voyager\voyager1\mag\48s\reviewed_vim\2021\voyager1_48s_mag-vim_20210101_v01.cdf,C:\Users\Administrator\Documents\FWD_matlab\Voyager_fu\Voyager_Interstellar_Monthly\HighestPrecision_Segments\V1_MAG48s_segment_0156_20211022T122924_20211022T153858.png,ok,
1,157,2021-10-22 23:58:11,2021-10-23 03:54:11,3.93312,293,47.5209997558594,192.672,7200,240,Z:\SPART-WORK\Data\Voyager\voyager1\mag\48s\reviewed_vim\2021\voyager1_48s_mag-vim_20210101_v01.cdf,C:\Users\Administrator\Documents\FWD_matlab\Voyager_fu\Voyager_Interstellar_Monthly\HighestPrecision_Segments\V1_MAG48s_segment_0157_20211022T235811_20211023T035411.png,ok,
1,158,2021-10-23 14:07:00,2021-10-23 18:03:46,3.94608,290,47.5209997558594,335.233,7200,240,Z:\SPART-WORK\Data\Voyager\voyager1\mag\48s\reviewed_vim\2021\voyager1_48s_mag-vim_20210101_v01.cdf,C:\Users\Administrator\Documents\FWD_matlab\Voyager_fu\Voyager_Interstellar_Monthly\HighestPrecision_Segments\V1_MAG48s_segment_0158_20211023T140700_20211023T180346.png,ok,
1,159,2021-10-24 19:33:23,2021-10-24 23:28:34,3.91992027777778,293,47.5209997558594,145.151,7200,240,Z:\SPART-WORK\Data\Voyager\voyager1\mag\48s\reviewed_vim\2021\voyager1_48s_mag-vim_20210101_v01.cdf,C:\Users\Administrator\Documents\FWD_matlab\Voyager_fu\Voyager_Interstellar_Monthly\HighestPrecision_Segments\V1_MAG48s_segment_0159_20211024T193323_20211024T232834.png,ok,
1,160,2021-10-25 23:19:00,2021-10-26 03:48:33,4.49256027777778,337,47.5209997558594,95.04,7200,240,Z:\SPART-WORK\Data\Voyager\voyager1\mag\48s\reviewed_vim\2021\voyager1_48s_mag-vim_20210101_v01.cdf,C:\Users\Administrator\Documents\FWD_matlab\Voyager_fu\Voyager_Interstellar_Monthly\HighestPrecision_Segments\V1_MAG48s_segment_0160_20211025T231900_20211026T034833.png,ok,
1,161,2021-10-26 19:22:10,2021-10-26 23:18:10,3.93312,293,47.5209997558594,191.807000244141,7200,240,Z:\SPART-WORK\Data\Voyager\voyager1\mag\48s\reviewed_vim\2021\voyager1_48s_mag-vim_20210101_v01.cdf,C:\Users\Administrator\Documents\FWD_matlab\Voyager_fu\Voyager_Interstellar_Monthly\HighestPrecision_Segments\V1_MAG48s_segment_0161_20211026T192210_20211026T231810.png,ok,
1,162,2021-10-27 17:31:47,2021-10-27 22:27:45,4.93272,371,47.5209997558594,50.113,7200,240,Z:\SPART-WORK\Data\Voyager\voyager1\mag\48s\reviewed_vim\2021\voyager1_48s_mag-vim_20210101_v01.cdf,C:\Users\Administrator\Documents\FWD_matlab\Voyager_fu\Voyager_Interstellar_Monthly\HighestPrecision_Segments\V1_MAG48s_segment_0162_20211027T173147_20211027T222745.png,ok,
1,163,2021-10-28 15:01:22,2021-10-28 22:34:58,7.56,453,47.5209998779297,2926.369,7200,240,Z:\SPART-WORK\Data\Voyager\voyager1\mag\48s\reviewed_vim\2021\voyager1_48s_mag-vim_20210101_v01.cdf,C:\Users\Administrator\Documents\FWD_matlab\Voyager_fu\Voyager_Interstellar_Monthly\HighestPrecision_Segments\V1_MAG48s_segment_0163_20211028T150122_20211028T223458.png,ok,
1,164,2021-10-29 16:27:45,2021-10-29 23:04:35,6.61392,436,47.5209997558594,2159.13600024414,7200,240,Z:\SPART-WORK\Data\Voyager\voyager1\mag\48s\reviewed_vim\2021\voyager1_48s_mag-vim_20210101_v01.cdf,C:\Users\Administrator\Documents\FWD_matlab\Voyager_fu\Voyager_Interstellar_Monthly\HighestPrecision_Segments\V1_MAG48s_segment_0164_20211029T162745_20211029T230435.png,ok,
1,165,2021-10-30 16:48:35,2021-10-31 04:32:35,11.7333602777778,670,47.5209997558594,6768.57699975586,7200,240,Z:\SPART-WORK\Data\Voyager\voyager1\mag\48s\reviewed_vim\2021\voyager1_48s_mag-vim_20210101_v01.cdf,C:\Users\Administrator\Documents\FWD_matlab\Voyager_fu\Voyager_Interstellar_Monthly\HighestPrecision_Segments\V1_MAG48s_segment_0165_20211030T164835_20211031T043235.png,ok,
1,166,2021-11-01 01:57:22,2021-11-01 05:57:21,3.99984027777778,299,47.5209997558594,145.151,7200,240,Z:\SPART-WORK\Data\Voyager\voyager1\mag\48s\reviewed_vim\2021\voyager1_48s_mag-vim_20210101_v01.cdf,C:\Users\Administrator\Documents\FWD_matlab\Voyager_fu\Voyager_Interstellar_Monthly\HighestPrecision_Segments\V1_MAG48s_segment_0166_20211101T015722_20211101T055721.png,ok,
1,167,2021-11-01 13:01:23,2021-11-01 16:57:22,3.93312,293,47.5209997558594,192.671999755859,7200,240,Z:\SPART-WORK\Data\Voyager\voyager1\mag\48s\reviewed_vim\2021\voyager1_48s_mag-vim_20210101_v01.cdf,C:\Users\Administrator\Documents\FWD_matlab\Voyager_fu\Voyager_Interstellar_Monthly\HighestPrecision_Segments\V1_MAG48s_segment_0167_20211101T130123_20211101T165722.png,ok,
1,168,2021-11-01 19:02:58,2021-11-01 21:22:11,2.32031999993218,174,47.5209997558594,95.0399997558594,7200,240,Z:\SPART-WORK\Data\Voyager\voyager1\mag\48s\reviewed_vim\2021\voyager1_48s_mag-vim_20210101_v01.cdf,C:\Users\Administrator\Documents\FWD_matlab\Voyager_fu\Voyager_Interstellar_Monthly\HighestPrecision_Segments\V1_MAG48s_segment_0168_20211101T190258_20211101T212211.png,ok,
1,169,2021-11-02 17:54:09,2021-11-02 22:06:58,4.21368,315,47.5209997558594,142.560999755859,7200,240,Z:\SPART-WORK\Data\Voyager\voyager1\mag\48s\reviewed_vim\2021\voyager1_48s_mag-vim_20210101_v01.cdf,C:\Users\Administrator\Documents\FWD_matlab\Voyager_fu\Voyager_Interstellar_Monthly\HighestPrecision_Segments\V1_MAG48s_segment_0169_20211102T175409_20211102T220658.png,ok,
1,170,2021-11-03 00:34:11,2021-11-03 06:17:21,5.71944,342,47.5209997558594,4126.463,7200,240,Z:\SPART-WORK\Data\Voyager\voyager1\mag\48s\reviewed_vim\2021\voyager1_48s_mag-vim_20210101_v01.cdf,C:\Users\Administrator\Documents\FWD_matlab\Voyager_fu\Voyager_Interstellar_Monthly\HighestPrecision_Segments\V1_MAG48s_segment_0170_20211103T003411_20211103T061721.png,ok,
1,171,2021-11-04 02:00:35,2021-11-04 05:02:10,3.0264,225,47.5209997558594,192.671999755859,7200,240,Z:\SPART-WORK\Data\Voyager\voyager1\mag\48s\reviewed_vim\2021\voyager1_48s_mag-vim_20210101_v01.cdf,C:\Users\Administrator\Documents\FWD_matlab\Voyager_fu\Voyager_Interstellar_Monthly\HighestPrecision_Segments\V1_MAG48s_segment_0171_20211104T020035_20211104T050210.png,ok,
1,172,2021-11-05 00:00:34,2021-11-05 06:06:59,6.10679972222222,458,47.5209997558594,95.04,7200,240,Z:\SPART-WORK\Data\Voyager\voyager1\mag\48s\reviewed_vim\2021\voyager1_48s_mag-vim_20210101_v01.cdf,C:\Users\Administrator\Documents\FWD_matlab\Voyager_fu\Voyager_Interstellar_Monthly\HighestPrecision_Segments\V1_MAG48s_segment_0172_20211105T000034_20211105T060659.png,ok,
1,173,2021-11-05 12:32:33,2021-11-05 12:58:58,0.440160277777778,33,47.521,97.632,7200,240,Z:\SPART-WORK\Data\Voyager\voyager1\mag\48s\reviewed_vim\2021\voyager1_48s_mag-vim_20210101_v01.cdf,C:\Users\Administrator\Documents\FWD_matlab\Voyager_fu\Voyager_Interstellar_Monthly\HighestPrecision_Segments\V1_MAG48s_segment_0173_20211105T123233_20211105T125858.png,ok,
1,174,2021-11-05 19:04:33,2021-11-05 19:42:10,0.62688,46,47.521,142.559,7200,240,Z:\SPART-WORK\Data\Voyager\voyager1\mag\48s\reviewed_vim\2021\voyager1_48s_mag-vim_20210101_v01.cdf,C:\Users\Administrator\Documents\FWD_matlab\Voyager_fu\Voyager_Interstellar_Monthly\HighestPrecision_Segments\V1_MAG48s_segment_0174_20211105T190433_20211105T194210.png,ok,
1,175,2021-11-06 19:04:33,2021-11-06 22:36:35,3.534,266,47.5209997558594,50.113,7200,240,Z:\SPART-WORK\Data\Voyager\voyager1\mag\48s\reviewed_vim\2021\voyager1_48s_mag-vim_20210101_v01.cdf,C:\Users\Administrator\Documents\FWD_matlab\Voyager_fu\Voyager_Interstellar_Monthly\HighestPrecision_Segments\V1_MAG48s_segment_0175_20211106T190433_20211106T223635.png,ok,
1,176,2021-11-07 18:37:21,2021-11-07 22:26:10,3.81360027770996,279,47.5209997558594,240.191000244141,7200,240,Z:\SPART-WORK\Data\Voyager\voyager1\mag\48s\reviewed_vim\2021\voyager1_48s_mag-vim_20210101_v01.cdf,C:\Users\Administrator\Documents\FWD_matlab\Voyager_fu\Voyager_Interstellar_Monthly\HighestPrecision_Segments\V1_MAG48s_segment_0176_20211107T183721_20211107T222610.png,ok,
1,177,2021-11-08 11:01:22,2021-11-08 13:41:22,2.66664,199,47.5209997558594,145.153,7200,240,Z:\SPART-WORK\Data\Voyager\voyager1\mag\48s\reviewed_vim\2021\voyager1_48s_mag-vim_20210101_v01.cdf,C:\Users\Administrator\Documents\FWD_matlab\Voyager_fu\Voyager_Interstellar_Monthly\HighestPrecision_Segments\V1_MAG48s_segment_0177_20211108T110122_20211108T134122.png,ok,
1,178,2021-11-09 03:01:22,2021-11-09 05:50:59,2.82696027777778,203,47.5209998779297,240.191,7200,240,Z:\SPART-WORK\Data\Voyager\voyager1\mag\48s\reviewed_vim\2021\voyager1_48s_mag-vim_20210101_v01.cdf,C:\Users\Administrator\Documents\FWD_matlab\Voyager_fu\Voyager_Interstellar_Monthly\HighestPrecision_Segments\V1_MAG48s_segment_0178_20211109T030122_20211109T055059.png,ok,
1,179,2021-11-09 19:34:58,2021-11-10 00:56:33,5.35992027777778,307,47.5209997558594,4078.944,7200,240,Z:\SPART-WORK\Data\Voyager\voyager1\mag\48s\reviewed_vim\2021\voyager1_48s_mag-vim_20210101_v01.cdf,C:\Users\Administrator\Documents\FWD_matlab\Voyager_fu\Voyager_Interstellar_Monthly\HighestPrecision_Segments\V1_MAG48s_segment_0179_20211109T193458_20211110T005633.png,ok,
1,180,2021-11-10 15:49:20,2021-11-10 20:30:57,4.69344,352,47.5209997558594,95.04,7200,240,Z:\SPART-WORK\Data\Voyager\voyager1\mag\48s\reviewed_vim\2021\voyager1_48s_mag-vim_20210101_v01.cdf,C:\Users\Administrator\Documents\FWD_matlab\Voyager_fu\Voyager_Interstellar_Monthly\HighestPrecision_Segments\V1_MAG48s_segment_0180_20211110T154920_20211110T203057.png,ok,
1,181,2021-11-11 16:54:57,2021-11-11 21:01:22,4.10687972222222,290,47.5209997558594,480.384,7200,240,Z:\SPART-WORK\Data\Voyager\voyager1\mag\48s\reviewed_vim\2021\voyager1_48s_mag-vim_20210101_v01.cdf,C:\Users\Administrator\Documents\FWD_matlab\Voyager_fu\Voyager_Interstellar_Monthly\HighestPrecision_Segments\V1_MAG48s_segment_0181_20211111T165457_20211111T210122.png,ok,
1,182,2021-11-12 11:41:21,2021-11-12 15:35:46,3.90672,293,47.5209997558594,95.04,7200,240,Z:\SPART-WORK\Data\Voyager\voyager1\mag\48s\reviewed_vim\2021\voyager1_48s_mag-vim_20210101_v01.cdf,C:\Users\Administrator\Documents\FWD_matlab\Voyager_fu\Voyager_Interstellar_Monthly\HighestPrecision_Segments\V1_MAG48s_segment_0182_20211112T114121_20211112T153546.png,ok,
1,183,2021-11-13 14:29:22,2021-11-13 18:25:21,3.93311999993218,296,47.5209997558594,50.113,7200,240,Z:\SPART-WORK\Data\Voyager\voyager1\mag\48s\reviewed_vim\2021\voyager1_48s_mag-vim_20210101_v01.cdf,C:\Users\Administrator\Documents\FWD_matlab\Voyager_fu\Voyager_Interstellar_Monthly\HighestPrecision_Segments\V1_MAG48s_segment_0183_20211113T142922_20211113T182521.png,ok,
1,184,2021-11-15 00:16:34,2021-11-15 04:55:44,4.65288,349,47.5209997558594,94.177,7200,240,Z:\SPART-WORK\Data\Voyager\voyager1\mag\48s\reviewed_vim\2021\voyager1_48s_mag-vim_20210101_v01.cdf,C:\Users\Administrator\Documents\FWD_matlab\Voyager_fu\Voyager_Interstellar_Monthly\HighestPrecision_Segments\V1_MAG48s_segment_0184_20211115T001634_20211115T045544.png,ok,
1,185,2021-11-15 20:40:34,2021-11-16 00:55:46,4.25327972229004,320,47.5209997558594,50.113,7200,240,Z:\SPART-WORK\Data\Voyager\voyager1\mag\48s\reviewed_vim\2021\voyager1_48s_mag-vim_20210101_v01.cdf,C:\Users\Administrator\Documents\FWD_matlab\Voyager_fu\Voyager_Interstellar_Monthly\HighestPrecision_Segments\V1_MAG48s_segment_0185_20211115T204034_20211116T005546.png,ok,
1,186,2021-11-16 18:30:58,2021-11-16 22:37:23,4.10688027777778,256,47.5209997558594,2544.48,7200,240,Z:\SPART-WORK\Data\Voyager\voyager1\mag\48s\reviewed_vim\2021\voyager1_48s_mag-vim_20210101_v01.cdf,C:\Users\Administrator\Documents\FWD_matlab\Voyager_fu\Voyager_Interstellar_Monthly\HighestPrecision_Segments\V1_MAG48s_segment_0186_20211116T183058_20211116T223723.png,ok,
1,187,2021-11-17 10:24:33,2021-11-17 15:20:33,4.93344000006782,368,47.5209997558594,192.672,7200,240,Z:\SPART-WORK\Data\Voyager\voyager1\mag\48s\reviewed_vim\2021\voyager1_48s_mag-vim_20210101_v01.cdf,C:\Users\Administrator\Documents\FWD_matlab\Voyager_fu\Voyager_Interstellar_Monthly\HighestPrecision_Segments\V1_MAG48s_segment_0187_20211117T102433_20211117T152033.png,ok,
1,188,2021-11-18 05:23:44,2021-11-18 10:19:45,4.93367972229004,361,47.5209997558594,286.847000244141,7200,240,Z:\SPART-WORK\Data\Voyager\voyager1\mag\48s\reviewed_vim\2021\voyager1_48s_mag-vim_20210101_v01.cdf,C:\Users\Administrator\Documents\FWD_matlab\Voyager_fu\Voyager_Interstellar_Monthly\HighestPrecision_Segments\V1_MAG48s_segment_0188_20211118T052344_20211118T101945.png,ok,
1,189,2021-11-18 18:30:58,2021-11-18 21:25:21,2.9064,218,47.5209997558594,95.04,7200,240,Z:\SPART-WORK\Data\Voyager\voyager1\mag\48s\reviewed_vim\2021\voyager1_48s_mag-vim_20210101_v01.cdf,C:\Users\Administrator\Documents\FWD_matlab\Voyager_fu\Voyager_Interstellar_Monthly\HighestPrecision_Segments\V1_MAG48s_segment_0189_20211118T183058_20211118T212521.png,ok,
1,190,2021-11-19 06:34:08,2021-11-19 10:14:57,3.6804,274,47.5209997558594,192.672,7200,240,Z:\SPART-WORK\Data\Voyager\voyager1\mag\48s\reviewed_vim\2021\voyager1_48s_mag-vim_20210101_v01.cdf,C:\Users\Administrator\Documents\FWD_matlab\Voyager_fu\Voyager_Interstellar_Monthly\HighestPrecision_Segments\V1_MAG48s_segment_0190_20211119T063408_20211119T101457.png,ok,
1,191,2021-11-20 05:20:35,2021-11-20 09:44:33,4.39944000006782,328,47.5209997558594,192.672,7200,240,Z:\SPART-WORK\Data\Voyager\voyager1\mag\48s\reviewed_vim\2021\voyager1_48s_mag-vim_20210101_v01.cdf,C:\Users\Administrator\Documents\FWD_matlab\Voyager_fu\Voyager_Interstellar_Monthly\HighestPrecision_Segments\V1_MAG48s_segment_0191_20211120T052035_20211120T094433.png,ok,
1,192,2021-11-21 01:44:32,2021-11-21 05:04:32,3.33336,249,47.5209997558594,142.560999755859,7200,240,Z:\SPART-WORK\Data\Voyager\voyager1\mag\48s\reviewed_vim\2021\voyager1_48s_mag-vim_20210101_v01.cdf,C:\Users\Administrator\Documents\FWD_matlab\Voyager_fu\Voyager_Interstellar_Monthly\HighestPrecision_Segments\V1_MAG48s_segment_0192_20211121T014432_20211121T050432.png,ok,
1,193,2021-11-21 10:08:33,2021-11-21 16:54:57,6.77328,446,47.5209997558594,1440.287,7200,240,Z:\SPART-WORK\Data\Voyager\voyager1\mag\48s\reviewed_vim\2021\voyager1_48s_mag-vim_20210101_v01.cdf,C:\Users\Administrator\Documents\FWD_matlab\Voyager_fu\Voyager_Interstellar_Monthly\HighestPrecision_Segments\V1_MAG48s_segment_0193_20211121T100833_20211121T165457.png,ok,
1,194,2021-11-22 10:05:20,2021-11-22 13:59:45,3.90672,292,47.5209997558594,145.151,7200,240,Z:\SPART-WORK\Data\Voyager\voyager1\mag\48s\reviewed_vim\2021\voyager1_48s_mag-vim_20210101_v01.cdf,C:\Users\Administrator\Documents\FWD_matlab\Voyager_fu\Voyager_Interstellar_Monthly\HighestPrecision_Segments\V1_MAG48s_segment_0194_20211122T100520_20211122T135945.png,ok,
1,195,2021-11-22 18:05:21,2021-11-23 02:49:21,8.73336027777778,655,47.5209997558594,95.04,7200,240,Z:\SPART-WORK\Data\Voyager\voyager1\mag\48s\reviewed_vim\2021\voyager1_48s_mag-vim_20210101_v01.cdf,C:\Users\Administrator\Documents\FWD_matlab\Voyager_fu\Voyager_Interstellar_Monthly\HighestPrecision_Segments\V1_MAG48s_segment_0195_20211122T180521_20211123T024921.png,ok,
1,196,2021-11-23 19:44:32,2021-11-23 21:10:56,1.44,106,47.5209997558594,192.672,7200,240,Z:\SPART-WORK\Data\Voyager\voyager1\mag\48s\reviewed_vim\2021\voyager1_48s_mag-vim_20210101_v01.cdf,C:\Users\Administrator\Documents\FWD_matlab\Voyager_fu\Voyager_Interstellar_Monthly\HighestPrecision_Segments\V1_MAG48s_segment_0196_20211123T194432_20211123T211056.png,ok,
1,197,2021-11-24 18:19:46,2021-11-24 21:04:33,2.74656,205,47.5209997558594,142.560999755859,7200,240,Z:\SPART-WORK\Data\Voyager\voyager1\mag\48s\reviewed_vim\2021\voyager1_48s_mag-vim_20210101_v01.cdf,C:\Users\Administrator\Documents\FWD_matlab\Voyager_fu\Voyager_Interstellar_Monthly\HighestPrecision_Segments\V1_MAG48s_segment_0197_20211124T181946_20211124T210433.png,ok,
1,198,2021-11-25 16:22:58,2021-11-25 20:29:22,4.10664000006782,306,47.5209997558594,191.809,7200,240,Z:\SPART-WORK\Data\Voyager\voyager1\mag\48s\reviewed_vim\2021\voyager1_48s_mag-vim_20210101_v01.cdf,C:\Users\Administrator\Documents\FWD_matlab\Voyager_fu\Voyager_Interstellar_Monthly\HighestPrecision_Segments\V1_MAG48s_segment_0198_20211125T162258_20211125T202922.png,ok,
1,199,2021-11-26 16:13:20,2021-11-26 20:09:22,3.93384,293,47.5209997558594,190.08,7200,240,Z:\SPART-WORK\Data\Voyager\voyager1\mag\48s\reviewed_vim\2021\voyager1_48s_mag-vim_20210101_v01.cdf,C:\Users\Administrator\Documents\FWD_matlab\Voyager_fu\Voyager_Interstellar_Monthly\HighestPrecision_Segments\V1_MAG48s_segment_0199_20211126T161320_20211126T200922.png,ok,
1,200,2021-11-27 03:18:56,2021-11-27 09:09:21,5.84040027770996,436,47.5209997558594,192.671999755859,7200,240,Z:\SPART-WORK\Data\Voyager\voyager1\mag\48s\reviewed_vim\2021\voyager1_48s_mag-vim_20210101_v01.cdf,C:\Users\Administrator\Documents\FWD_matlab\Voyager_fu\Voyager_Interstellar_Monthly\HighestPrecision_Segments\V1_MAG48s_segment_0200_20211127T031856_20211127T090921.png,ok,
1,201,2021-11-27 17:01:22,2021-11-27 20:14:09,3.21311972222222,239,47.5209997558594,192.672,7200,240,Z:\SPART-WORK\Data\Voyager\voyager1\mag\48s\reviewed_vim\2021\voyager1_48s_mag-vim_20210101_v01.cdf,C:\Users\Administrator\Documents\FWD_matlab\Voyager_fu\Voyager_Interstellar_Monthly\HighestPrecision_Segments\V1_MAG48s_segment_0201_20211127T170122_20211127T201409.png,ok,
1,202,2021-11-28 17:28:32,2021-11-28 21:49:20,4.34687972222222,325,47.5209997558594,142.560999755859,7200,240,Z:\SPART-WORK\Data\Voyager\voyager1\mag\48s\reviewed_vim\2021\voyager1_48s_mag-vim_20210101_v01.cdf,C:\Users\Administrator\Documents\FWD_matlab\Voyager_fu\Voyager_Interstellar_Monthly\HighestPrecision_Segments\V1_MAG48s_segment_0202_20211128T172832_20211128T214920.png,ok,
1,203,2021-11-29 09:39:46,2021-11-29 13:34:10,3.90672,293,47.5209997558594,95.04,7200,240,Z:\SPART-WORK\Data\Voyager\voyager1\mag\48s\reviewed_vim\2021\voyager1_48s_mag-vim_20210101_v01.cdf,C:\Users\Administrator\Documents\FWD_matlab\Voyager_fu\Voyager_Interstellar_Monthly\HighestPrecision_Segments\V1_MAG48s_segment_0203_20211129T093946_20211129T133410.png,ok,
1,204,2021-11-30 12:56:33,2021-11-30 18:54:08,5.95967972229004,448,47.5209997558594,50.113,7200,240,Z:\SPART-WORK\Data\Voyager\voyager1\mag\48s\reviewed_vim\2021\voyager1_48s_mag-vim_20210101_v01.cdf,C:\Users\Administrator\Documents\FWD_matlab\Voyager_fu\Voyager_Interstellar_Monthly\HighestPrecision_Segments\V1_MAG48s_segment_0204_20211130T125633_20211130T185408.png,ok,
1,205,2021-12-01 02:42:09,2021-12-01 04:23:45,1.69344,128,47.5209997558594,50.113,7200,240,Z:\SPART-WORK\Data\Voyager\voyager1\mag\48s\reviewed_vim\2021\voyager1_48s_mag-vim_20210101_v01.cdf,C:\Users\Administrator\Documents\FWD_matlab\Voyager_fu\Voyager_Interstellar_Monthly\HighestPrecision_Segments\V1_MAG48s_segment_0205_20211201T024209_20211201T042345.png,ok,
1,206,2021-12-01 17:04:32,2021-12-01 22:18:58,5.2404,393,47.5209997558594,97.632,7200,240,Z:\SPART-WORK\Data\Voyager\voyager1\mag\48s\reviewed_vim\2021\voyager1_48s_mag-vim_20210101_v01.cdf,C:\Users\Administrator\Documents\FWD_matlab\Voyager_fu\Voyager_Interstellar_Monthly\HighestPrecision_Segments\V1_MAG48s_segment_0206_20211201T170432_20211201T221858.png,ok,
1,207,2021-12-02 16:53:19,2021-12-02 20:58:56,4.09368,308,47.5209997558594,50.113,7200,240,Z:\SPART-WORK\Data\Voyager\voyager1\mag\48s\reviewed_vim\2021\voyager1_48s_mag-vim_20210101_v01.cdf,C:\Users\Administrator\Documents\FWD_matlab\Voyager_fu\Voyager_Interstellar_Monthly\HighestPrecision_Segments\V1_MAG48s_segment_0207_20211202T165319_20211202T205856.png,ok,
1,208,2021-12-03 16:53:19,2021-12-03 20:43:44,3.84024,287,47.5209997558594,142.560999755859,7200,240,Z:\SPART-WORK\Data\Voyager\voyager1\mag\48s\reviewed_vim\2021\voyager1_48s_mag-vim_20210101_v01.cdf,C:\Users\Administrator\Documents\FWD_matlab\Voyager_fu\Voyager_Interstellar_Monthly\HighestPrecision_Segments\V1_MAG48s_segment_0208_20211203T165319_20211203T204344.png,ok,
1,209,2021-12-04 09:17:21,2021-12-04 13:48:32,4.51992,329,47.5209997558594,385.344,7200,240,Z:\SPART-WORK\Data\Voyager\voyager1\mag\48s\reviewed_vim\2021\voyager1_48s_mag-vim_20210101_v01.cdf,C:\Users\Administrator\Documents\FWD_matlab\Voyager_fu\Voyager_Interstellar_Monthly\HighestPrecision_Segments\V1_MAG48s_segment_0209_20211204T091721_20211204T134832.png,ok,
1,210,2021-12-05 17:11:44,2021-12-05 19:27:45,2.2668,5,1680.912,4318.272,7200,240,Z:\SPART-WORK\Data\Voyager\voyager1\mag\48s\reviewed_vim\2021\voyager1_48s_mag-vim_20210101_v01.cdf,C:\Users\Administrator\Documents\FWD_matlab\Voyager_fu\Voyager_Interstellar_Monthly\HighestPrecision_Segments\V1_MAG48s_segment_0210_20211205T171144_20211205T192745.png,ok,
1,211,2021-12-05 23:32:32,2021-12-05 23:43:44,0.18672,4,192.673,289.44,7200,240,Z:\SPART-WORK\Data\Voyager\voyager1\mag\48s\reviewed_vim\2021\voyager1_48s_mag-vim_20210101_v01.cdf,C:\Users\Administrator\Documents\FWD_matlab\Voyager_fu\Voyager_Interstellar_Monthly\HighestPrecision_Segments\V1_MAG48s_segment_0211_20211205T233232_20211205T234344.png,ok,
1,212,2021-12-07 19:53:19,2021-12-07 20:49:21,0.93384,13,95.9049998779297,1344.38399975586,7200,240,Z:\SPART-WORK\Data\Voyager\voyager1\mag\48s\reviewed_vim\2021\voyager1_48s_mag-vim_20210101_v01.cdf,C:\Users\Administrator\Documents\FWD_matlab\Voyager_fu\Voyager_Interstellar_Monthly\HighestPrecision_Segments\V1_MAG48s_segment_0212_20211207T195319_20211207T204921.png,ok,
1,213,2021-12-13 02:39:44,2021-12-13 02:54:09,0.240240277777778,2,864.865,864.865,7200,240,Z:\SPART-WORK\Data\Voyager\voyager1\mag\48s\reviewed_vim\2021\voyager1_48s_mag-vim_20210101_v01.cdf,C:\Users\Administrator\Documents\FWD_matlab\Voyager_fu\Voyager_Interstellar_Monthly\HighestPrecision_Segments\V1_MAG48s_segment_0213_20211213T023944_20211213T025409.png,ok,
1,214,2021-12-21 08:21:19,2021-12-21 09:02:09,0.68064,52,47.5209997558594,50.112,7200,240,Z:\SPART-WORK\Data\Voyager\voyager1\mag\48s\reviewed_vim\2021\voyager1_48s_mag-vim_20210101_v01.cdf,C:\Users\Administrator\Documents\FWD_matlab\Voyager_fu\Voyager_Interstellar_Monthly\HighestPrecision_Segments\V1_MAG48s_segment_0214_20211221T082119_20211221T090209.png,ok,
1,215,2021-12-21 15:41:21,2021-12-21 22:52:33,7.18656,537,47.52,191.808,7200,240,Z:\SPART-WORK\Data\Voyager\voyager1\mag\48s\reviewed_vim\2021\voyager1_48s_mag-vim_20210101_v01.cdf,C:\Users\Administrator\Documents\FWD_matlab\Voyager_fu\Voyager_Interstellar_Monthly\HighestPrecision_Segments\V1_MAG48s_segment_0215_20211221T154121_20211221T225233.png,ok,
1,216,2021-12-22 08:05:20,2021-12-22 09:37:21,1.53359972229004,115,47.5200001220703,95.0390002441406,7200,240,Z:\SPART-WORK\Data\Voyager\voyager1\mag\48s\reviewed_vim\2021\voyager1_48s_mag-vim_20210101_v01.cdf,C:\Users\Administrator\Documents\FWD_matlab\Voyager_fu\Voyager_Interstellar_Monthly\HighestPrecision_Segments\V1_MAG48s_segment_0216_20211222T080520_20211222T093721.png,ok,
1,217,2021-12-22 15:38:08,2021-12-22 18:06:56,2.47991972222222,175,47.52,381.888,7200,240,Z:\SPART-WORK\Data\Voyager\voyager1\mag\48s\reviewed_vim\2021\voyager1_48s_mag-vim_20210101_v01.cdf,C:\Users\Administrator\Documents\FWD_matlab\Voyager_fu\Voyager_Interstellar_Monthly\HighestPrecision_Segments\V1_MAG48s_segment_0217_20211222T153808_20211222T180656.png,ok,
1,218,2021-12-23 02:37:19,2021-12-23 13:22:08,10.74696,795,47.52,192.672,7200,240,Z:\SPART-WORK\Data\Voyager\voyager1\mag\48s\reviewed_vim\2021\voyager1_48s_mag-vim_20210101_v01.cdf,C:\Users\Administrator\Documents\FWD_matlab\Voyager_fu\Voyager_Interstellar_Monthly\HighestPrecision_Segments\V1_MAG48s_segment_0218_20211223T023719_20211223T132208.png,ok,
1,219,2021-12-23 17:06:07,2021-12-23 19:26:55,2.34648027777778,177,47.52,50.112,7200,240,Z:\SPART-WORK\Data\Voyager\voyager1\mag\48s\reviewed_vim\2021\voyager1_48s_mag-vim_20210101_v01.cdf,C:\Users\Administrator\Documents\FWD_matlab\Voyager_fu\Voyager_Interstellar_Monthly\HighestPrecision_Segments\V1_MAG48s_segment_0219_20211223T170607_20211223T192655.png,ok,
1,220,2021-12-24 08:02:07,2021-12-24 11:57:19,3.91991972222222,293,47.52,145.152999755859,7200,240,Z:\SPART-WORK\Data\Voyager\voyager1\mag\48s\reviewed_vim\2021\voyager1_48s_mag-vim_20210101_v01.cdf,C:\Users\Administrator\Documents\FWD_matlab\Voyager_fu\Voyager_Interstellar_Monthly\HighestPrecision_Segments\V1_MAG48s_segment_0220_20211224T080207_20211224T115719.png,ok,
1,221,2021-12-25 01:01:20,2021-12-25 02:46:57,1.76016027770996,130,47.52,192.671,7200,240,Z:\SPART-WORK\Data\Voyager\voyager1\mag\48s\reviewed_vim\2021\voyager1_48s_mag-vim_20210101_v01.cdf,C:\Users\Administrator\Documents\FWD_matlab\Voyager_fu\Voyager_Interstellar_Monthly\HighestPrecision_Segments\V1_MAG48s_segment_0221_20211225T010120_20211225T024657.png,ok,
1,222,2021-12-26 07:52:33,2021-12-26 13:26:55,5.5728,417,47.52,145.151,7200,240,Z:\SPART-WORK\Data\Voyager\voyager1\mag\48s\reviewed_vim\2021\voyager1_48s_mag-vim_20210101_v01.cdf,C:\Users\Administrator\Documents\FWD_matlab\Voyager_fu\Voyager_Interstellar_Monthly\HighestPrecision_Segments\V1_MAG48s_segment_0222_20211226T075233_20211226T132655.png,ok,
1,223,2021-12-27 08:00:32,2021-12-27 12:17:18,4.27944027777778,319,47.52,192.672,7200,240,Z:\SPART-WORK\Data\Voyager\voyager1\mag\48s\reviewed_vim\2021\voyager1_48s_mag-vim_20210101_v01.cdf,C:\Users\Administrator\Documents\FWD_matlab\Voyager_fu\Voyager_Interstellar_Monthly\HighestPrecision_Segments\V1_MAG48s_segment_0223_20211227T080032_20211227T121718.png,ok,
1,224,2021-12-27 15:18:56,2021-12-27 18:06:56,2.80007999993218,210,47.52,95.0409997558594,7200,240,Z:\SPART-WORK\Data\Voyager\voyager1\mag\48s\reviewed_vim\2021\voyager1_48s_mag-vim_20210101_v01.cdf,C:\Users\Administrator\Documents\FWD_matlab\Voyager_fu\Voyager_Interstellar_Monthly\HighestPrecision_Segments\V1_MAG48s_segment_0224_20211227T151856_20211227T180656.png,ok,
1,225,2021-12-28 07:41:19,2021-12-28 14:46:57,7.09368,529,47.52,192.672000244141,7200,240,Z:\SPART-WORK\Data\Voyager\voyager1\mag\48s\reviewed_vim\2021\voyager1_48s_mag-vim_20210101_v01.cdf,C:\Users\Administrator\Documents\FWD_matlab\Voyager_fu\Voyager_Interstellar_Monthly\HighestPrecision_Segments\V1_MAG48s_segment_0225_20211228T074119_20211228T144657.png,ok,
1,226,2021-12-29 07:26:55,2021-12-29 09:37:21,2.17391972229004,164,47.52,50.112,7200,240,Z:\SPART-WORK\Data\Voyager\voyager1\mag\48s\reviewed_vim\2021\voyager1_48s_mag-vim_20210101_v01.cdf,C:\Users\Administrator\Documents\FWD_matlab\Voyager_fu\Voyager_Interstellar_Monthly\HighestPrecision_Segments\V1_MAG48s_segment_0226_20211229T072655_20211229T093721.png,ok,
1,227,2021-12-29 14:37:19,2021-12-29 18:06:56,3.49368,182,47.5209997558594,2112.48000024414,7200,240,Z:\SPART-WORK\Data\Voyager\voyager1\mag\48s\reviewed_vim\2021\voyager1_48s_mag-vim_20210101_v01.cdf,C:\Users\Administrator\Documents\FWD_matlab\Voyager_fu\Voyager_Interstellar_Monthly\HighestPrecision_Segments\V1_MAG48s_segment_0227_20211229T143719_20211229T180656.png,ok,
1,228,2021-12-30 04:05:20,2021-12-30 10:02:08,5.94648,437,47.52,290.305,7200,240,Z:\SPART-WORK\Data\Voyager\voyager1\mag\48s\reviewed_vim\2021\voyager1_48s_mag-vim_20210101_v01.cdf,C:\Users\Administrator\Documents\FWD_matlab\Voyager_fu\Voyager_Interstellar_Monthly\HighestPrecision_Segments\V1_MAG48s_segment_0228_20211230T040520_20211230T100208.png,ok,
1,229,2021-12-30 14:45:19,2021-12-30 18:57:21,4.20047999993218,316,47.52,50.1120002441406,7200,240,Z:\SPART-WORK\Data\Voyager\voyager1\mag\48s\reviewed_vim\2021\voyager1_48s_mag-vim_20210101_v01.cdf,C:\Users\Administrator\Documents\FWD_matlab\Voyager_fu\Voyager_Interstellar_Monthly\HighestPrecision_Segments\V1_MAG48s_segment_0229_20211230T144519_20211230T185721.png,ok,
1,230,2021-12-31 07:30:07,2021-12-31 08:26:54,0.946319722222222,72,47.52,50.112,7200,240,Z:\SPART-WORK\Data\Voyager\voyager1\mag\48s\reviewed_vim\2021\voyager1_48s_mag-vim_20210101_v01.cdf,C:\Users\Administrator\Documents\FWD_matlab\Voyager_fu\Voyager_Interstellar_Monthly\HighestPrecision_Segments\V1_MAG48s_segment_0230_20211231T073007_20211231T082654.png,ok,
1,231,2021-12-31 15:06:08,2021-12-31 20:02:07,4.93296,368,47.52,192.672,7200,240,Z:\SPART-WORK\Data\Voyager\voyager1\mag\48s\reviewed_vim\2021\voyager1_48s_mag-vim_20210101_v01.cdf,C:\Users\Administrator\Documents\FWD_matlab\Voyager_fu\Voyager_Interstellar_Monthly\HighestPrecision_Segments\V1_MAG48s_segment_0231_20211231T150608_20211231T200207.png,ok,
1,232,2022-01-01 07:26:56,2022-01-01 21:16:32,13.82664,1008,48.383,1391.904,7200,240,Z:\SPART-WORK\Data\Voyager\voyager1\mag\48s\reviewed_vim\2022\voyager1_48s_mag-vim_20220101_v01.cdf,C:\Users\Administrator\Documents\FWD_matlab\Voyager_fu\Voyager_Interstellar_Monthly\HighestPrecision_Segments\V1_MAG48s_segment_0232_20220101T072656_20220101T211632.png,ok,
1,233,2022-01-02 07:23:45,2022-01-02 11:16:33,3.88008,291,48.383,95.9030002441406,7200,240,Z:\SPART-WORK\Data\Voyager\voyager1\mag\48s\reviewed_vim\2022\voyager1_48s_mag-vim_20220101_v01.cdf,C:\Users\Administrator\Documents\FWD_matlab\Voyager_fu\Voyager_Interstellar_Monthly\HighestPrecision_Segments\V1_MAG48s_segment_0233_20220102T072345_20220102T111633.png,ok,
1,234,2022-01-02 14:54:56,2022-01-02 17:06:57,2.20007972222222,166,48.383,48.385,7200,240,Z:\SPART-WORK\Data\Voyager\voyager1\mag\48s\reviewed_vim\2022\voyager1_48s_mag-vim_20220101_v01.cdf,C:\Users\Administrator\Documents\FWD_matlab\Voyager_fu\Voyager_Interstellar_Monthly\HighestPrecision_Segments\V1_MAG48s_segment_0234_20220102T145456_20220102T170657.png,ok,
1,235,2022-01-03 07:22:09,2022-01-03 11:51:44,4.49328027777778,198,48.383,6624.288,7200,240,Z:\SPART-WORK\Data\Voyager\voyager1\mag\48s\reviewed_vim\2022\voyager1_48s_mag-vim_20220101_v01.cdf,C:\Users\Administrator\Documents\FWD_matlab\Voyager_fu\Voyager_Interstellar_Monthly\HighestPrecision_Segments\V1_MAG48s_segment_0235_20220103T072209_20220103T115144.png,ok,
1,236,2022-01-03 22:19:44,2022-01-04 02:16:33,3.94679972222222,289,48.383,287.712,7200,240,Z:\SPART-WORK\Data\Voyager\voyager1\mag\48s\reviewed_vim\2022\voyager1_48s_mag-vim_20220101_v01.cdf,C:\Users\Administrator\Documents\FWD_matlab\Voyager_fu\Voyager_Interstellar_Monthly\HighestPrecision_Segments\V1_MAG48s_segment_0236_20220103T221944_20220104T021633.png,ok,
1,237,2022-01-04 07:15:44,2022-01-04 10:36:33,3.3468,248,48.383,192.672000244141,7200,240,Z:\SPART-WORK\Data\Voyager\voyager1\mag\48s\reviewed_vim\2022\voyager1_48s_mag-vim_20220101_v01.cdf,C:\Users\Administrator\Documents\FWD_matlab\Voyager_fu\Voyager_Interstellar_Monthly\HighestPrecision_Segments\V1_MAG48s_segment_0237_20220104T071544_20220104T103633.png,ok,
1,238,2022-01-05 03:15:45,2022-01-05 10:16:33,7.01328027770996,480,48.383,2064.09599975586,7200,240,Z:\SPART-WORK\Data\Voyager\voyager1\mag\48s\reviewed_vim\2022\voyager1_48s_mag-vim_20220101_v01.cdf,C:\Users\Administrator\Documents\FWD_matlab\Voyager_fu\Voyager_Interstellar_Monthly\HighestPrecision_Segments\V1_MAG48s_segment_0238_20220105T031545_20220105T101633.png,ok,
1,239,2022-01-06 07:04:33,2022-01-06 11:26:57,4.37328,329,48.383,48.385,7200,240,Z:\SPART-WORK\Data\Voyager\voyager1\mag\48s\reviewed_vim\2022\voyager1_48s_mag-vim_20220101_v01.cdf,C:\Users\Administrator\Documents\FWD_matlab\Voyager_fu\Voyager_Interstellar_Monthly\HighestPrecision_Segments\V1_MAG48s_segment_0239_20220106T070433_20220106T112657.png,ok,
1,240,2022-01-07 07:01:20,2022-01-07 10:41:20,3.66672,274,48.383,143.423,7200,240,Z:\SPART-WORK\Data\Voyager\voyager1\mag\48s\reviewed_vim\2022\voyager1_48s_mag-vim_20220101_v01.cdf,C:\Users\Administrator\Documents\FWD_matlab\Voyager_fu\Voyager_Interstellar_Monthly\HighestPrecision_Segments\V1_MAG48s_segment_0240_20220107T070120_20220107T104120.png,ok,
1,241,2022-01-08 06:58:08,2022-01-08 10:56:32,3.9732,288,48.3839997558594,383.616,7200,240,Z:\SPART-WORK\Data\Voyager\voyager1\mag\48s\reviewed_vim\2022\voyager1_48s_mag-vim_20220101_v01.cdf,C:\Users\Administrator\Documents\FWD_matlab\Voyager_fu\Voyager_Interstellar_Monthly\HighestPrecision_Segments\V1_MAG48s_segment_0241_20220108T065808_20220108T105632.png,ok,
1,242,2022-01-09 06:54:57,2022-01-09 10:51:44,3.94656027777778,297,48.3839997558594,48.385,7200,240,Z:\SPART-WORK\Data\Voyager\voyager1\mag\48s\reviewed_vim\2022\voyager1_48s_mag-vim_20220101_v01.cdf,C:\Users\Administrator\Documents\FWD_matlab\Voyager_fu\Voyager_Interstellar_Monthly\HighestPrecision_Segments\V1_MAG48s_segment_0242_20220109T065457_20220109T105144.png,ok,
1,243,2022-01-10 06:51:44,2022-01-10 07:46:56,0.92016,68,48.3839997558594,144.287,7200,240,Z:\SPART-WORK\Data\Voyager\voyager1\mag\48s\reviewed_vim\2022\voyager1_48s_mag-vim_20220101_v01.cdf,C:\Users\Administrator\Documents\FWD_matlab\Voyager_fu\Voyager_Interstellar_Monthly\HighestPrecision_Segments\V1_MAG48s_segment_0243_20220110T065144_20220110T074656.png,ok,
1,244,2022-01-11 00:56:32,2022-01-11 03:21:20,2.4132,180,48.3839997558594,144.287000244141,7200,240,Z:\SPART-WORK\Data\Voyager\voyager1\mag\48s\reviewed_vim\2022\voyager1_48s_mag-vim_20220101_v01.cdf,C:\Users\Administrator\Documents\FWD_matlab\Voyager_fu\Voyager_Interstellar_Monthly\HighestPrecision_Segments\V1_MAG48s_segment_0244_20220111T005632_20220111T032120.png,ok,
1,245,2022-01-11 06:46:56,2022-01-11 11:31:44,4.74672,356,48.3839997558594,95.903,7200,240,Z:\SPART-WORK\Data\Voyager\voyager1\mag\48s\reviewed_vim\2022\voyager1_48s_mag-vim_20220101_v01.cdf,C:\Users\Administrator\Documents\FWD_matlab\Voyager_fu\Voyager_Interstellar_Monthly\HighestPrecision_Segments\V1_MAG48s_segment_0245_20220111T064656_20220111T113144.png,ok,
1,246,2022-01-12 06:42:08,2022-01-12 09:36:32,2.90664,217,48.3839997558594,144.287000244141,7200,240,Z:\SPART-WORK\Data\Voyager\voyager1\mag\48s\reviewed_vim\2022\voyager1_48s_mag-vim_20220101_v01.cdf,C:\Users\Administrator\Documents\FWD_matlab\Voyager_fu\Voyager_Interstellar_Monthly\HighestPrecision_Segments\V1_MAG48s_segment_0246_20220112T064208_20220112T093632.png,ok,
1,247,2022-01-13 00:45:20,2022-01-13 04:26:56,3.69336027770996,273,48.3839997558594,191.807,7200,240,Z:\SPART-WORK\Data\Voyager\voyager1\mag\48s\reviewed_vim\2022\voyager1_48s_mag-vim_20220101_v01.cdf,C:\Users\Administrator\Documents\FWD_matlab\Voyager_fu\Voyager_Interstellar_Monthly\HighestPrecision_Segments\V1_MAG48s_segment_0247_20220113T004520_20220113T042656.png,ok,
1,248,2022-01-13 06:37:20,2022-01-13 10:36:32,3.98664,297,48.3839997558594,192.673,7200,240,Z:\SPART-WORK\Data\Voyager\voyager1\mag\48s\reviewed_vim\2022\voyager1_48s_mag-vim_20220101_v01.cdf,C:\Users\Administrator\Documents\FWD_matlab\Voyager_fu\Voyager_Interstellar_Monthly\HighestPrecision_Segments\V1_MAG48s_segment_0248_20220113T063720_20220113T103632.png,ok,
1,249,2022-01-14 06:37:20,2022-01-14 10:46:56,4.16016,312,48.3839997558594,95.903,7200,240,Z:\SPART-WORK\Data\Voyager\voyager1\mag\48s\reviewed_vim\2022\voyager1_48s_mag-vim_20220101_v01.cdf,C:\Users\Administrator\Documents\FWD_matlab\Voyager_fu\Voyager_Interstellar_Monthly\HighestPrecision_Segments\V1_MAG48s_segment_0249_20220114T063720_20220114T104656.png,ok,
1,250,2022-01-15 06:30:56,2022-01-15 10:41:20,4.17336,304,48.3839997558594,336.096000244141,7200,240,Z:\SPART-WORK\Data\Voyager\voyager1\mag\48s\reviewed_vim\2022\voyager1_48s_mag-vim_20220101_v01.cdf,C:\Users\Administrator\Documents\FWD_matlab\Voyager_fu\Voyager_Interstellar_Monthly\HighestPrecision_Segments\V1_MAG48s_segment_0250_20220115T063056_20220115T104120.png,ok,
1,251,2022-01-16 06:26:08,2022-01-16 11:31:44,5.09352027770996,381,48.3839997558594,143.424,7200,240,Z:\SPART-WORK\Data\Voyager\voyager1\mag\48s\reviewed_vim\2022\voyager1_48s_mag-vim_20220101_v01.cdf,C:\Users\Administrator\Documents\FWD_matlab\Voyager_fu\Voyager_Interstellar_Monthly\HighestPrecision_Segments\V1_MAG48s_segment_0251_20220116T062608_20220116T113144.png,ok,
1,252,2022-01-17 06:19:44,2022-01-17 07:06:56,0.786720000067817,59,48.3839998779297,95.904,7200,240,Z:\SPART-WORK\Data\Voyager\voyager1\mag\48s\reviewed_vim\2022\voyager1_48s_mag-vim_20220101_v01.cdf,C:\Users\Administrator\Documents\FWD_matlab\Voyager_fu\Voyager_Interstellar_Monthly\HighestPrecision_Segments\V1_MAG48s_segment_0252_20220117T061944_20220117T070656.png,ok,
1,253,2022-01-18 02:19:44,2022-01-18 09:31:44,7.20000027777778,538,48.3839997558594,192.672,7200,240,Z:\SPART-WORK\Data\Voyager\voyager1\mag\48s\reviewed_vim\2022\voyager1_48s_mag-vim_20220101_v01.cdf,C:\Users\Administrator\Documents\FWD_matlab\Voyager_fu\Voyager_Interstellar_Monthly\HighestPrecision_Segments\V1_MAG48s_segment_0253_20220118T021944_20220118T093144.png,ok,
1,254,2022-01-19 06:16:31,2022-01-19 09:36:31,3.33336,243,48.3839997558594,240.193,7200,240,Z:\SPART-WORK\Data\Voyager\voyager1\mag\48s\reviewed_vim\2022\voyager1_48s_mag-vim_20220101_v01.cdf,C:\Users\Administrator\Documents\FWD_matlab\Voyager_fu\Voyager_Interstellar_Monthly\HighestPrecision_Segments\V1_MAG48s_segment_0254_20220119T061631_20220119T093631.png,ok,
1,255,2022-01-19 21:09:19,2022-01-20 01:41:19,4.53336027777778,341,48.3839997558594,48.385,7200,240,Z:\SPART-WORK\Data\Voyager\voyager1\mag\48s\reviewed_vim\2022\voyager1_48s_mag-vim_20220101_v01.cdf,C:\Users\Administrator\Documents\FWD_matlab\Voyager_fu\Voyager_Interstellar_Monthly\HighestPrecision_Segments\V1_MAG48s_segment_0255_20220119T210919_20220120T014119.png,ok,
1,256,2022-01-20 06:10:08,2022-01-20 10:06:55,3.94656,297,48.3839997558594,48.385,7200,240,Z:\SPART-WORK\Data\Voyager\voyager1\mag\48s\reviewed_vim\2022\voyager1_48s_mag-vim_20220101_v01.cdf,C:\Users\Administrator\Documents\FWD_matlab\Voyager_fu\Voyager_Interstellar_Monthly\HighestPrecision_Segments\V1_MAG48s_segment_0256_20220120T061008_20220120T100655.png,ok,
1,257,2022-01-21 06:06:56,2022-01-21 10:01:19,3.90648027777778,292,48.3839997558594,144.288,7200,240,Z:\SPART-WORK\Data\Voyager\voyager1\mag\48s\reviewed_vim\2022\voyager1_48s_mag-vim_20220101_v01.cdf,C:\Users\Administrator\Documents\FWD_matlab\Voyager_fu\Voyager_Interstellar_Monthly\HighestPrecision_Segments\V1_MAG48s_segment_0257_20220121T060656_20220121T100119.png,ok,
1,258,2022-01-22 06:02:07,2022-01-22 10:16:32,4.24007972229004,293,48.3839997558594,1200.096,7200,240,Z:\SPART-WORK\Data\Voyager\voyager1\mag\48s\reviewed_vim\2022\voyager1_48s_mag-vim_20220101_v01.cdf,C:\Users\Administrator\Documents\FWD_matlab\Voyager_fu\Voyager_Interstellar_Monthly\HighestPrecision_Segments\V1_MAG48s_segment_0258_20220122T060207_20220122T101632.png,ok,
1,259,2022-01-23 06:02:07,2022-01-23 09:56:32,3.90671972222222,293,48.3839997558594,95.904,7200,240,Z:\SPART-WORK\Data\Voyager\voyager1\mag\48s\reviewed_vim\2022\voyager1_48s_mag-vim_20220101_v01.cdf,C:\Users\Administrator\Documents\FWD_matlab\Voyager_fu\Voyager_Interstellar_Monthly\HighestPrecision_Segments\V1_MAG48s_segment_0259_20220123T060207_20220123T095632.png,ok,
1,260,2022-01-24 05:55:44,2022-01-24 10:51:43,4.93320027777778,368,48.3839997558594,191.808999755859,7200,240,Z:\SPART-WORK\Data\Voyager\voyager1\mag\48s\reviewed_vim\2022\voyager1_48s_mag-vim_20220101_v01.cdf,C:\Users\Administrator\Documents\FWD_matlab\Voyager_fu\Voyager_Interstellar_Monthly\HighestPrecision_Segments\V1_MAG48s_segment_0260_20220124T055544_20220124T105143.png,ok,
1,261,2022-01-25 05:52:31,2022-01-25 09:41:19,3.81336,286,48.3839997558594,96.768,7200,240,Z:\SPART-WORK\Data\Voyager\voyager1\mag\48s\reviewed_vim\2022\voyager1_48s_mag-vim_20220101_v01.cdf,C:\Users\Administrator\Documents\FWD_matlab\Voyager_fu\Voyager_Interstellar_Monthly\HighestPrecision_Segments\V1_MAG48s_segment_0261_20220125T055231_20220125T094119.png,ok,
1,262,2022-01-25 20:50:08,2022-01-25 23:06:56,2.27999972229004,172,48.3839997558594,48.385,7200,240,Z:\SPART-WORK\Data\Voyager\voyager1\mag\48s\reviewed_vim\2022\voyager1_48s_mag-vim_20220101_v01.cdf,C:\Users\Administrator\Documents\FWD_matlab\Voyager_fu\Voyager_Interstellar_Monthly\HighestPrecision_Segments\V1_MAG48s_segment_0262_20220125T205008_20220125T230656.png,ok,
1,263,2022-01-26 05:44:32,2022-01-26 07:06:55,1.37327972222222,104,48.3839997558594,48.385,7200,240,Z:\SPART-WORK\Data\Voyager\voyager1\mag\48s\reviewed_vim\2022\voyager1_48s_mag-vim_20220101_v01.cdf,C:\Users\Administrator\Documents\FWD_matlab\Voyager_fu\Voyager_Interstellar_Monthly\HighestPrecision_Segments\V1_MAG48s_segment_0263_20220126T054432_20220126T070655.png,ok,
1,264,2022-01-27 01:06:08,2022-01-27 03:31:44,2.42664027777778,179,48.3839997558594,144.288000244141,7200,240,Z:\SPART-WORK\Data\Voyager\voyager1\mag\48s\reviewed_vim\2022\voyager1_48s_mag-vim_20220101_v01.cdf,C:\Users\Administrator\Documents\FWD_matlab\Voyager_fu\Voyager_Interstellar_Monthly\HighestPrecision_Segments\V1_MAG48s_segment_0264_20220127T010608_20220127T033144.png,ok,
1,265,2022-01-27 05:44:32,2022-01-27 15:21:19,9.6132,722,48.3839997558594,48.385,7200,240,Z:\SPART-WORK\Data\Voyager\voyager1\mag\48s\reviewed_vim\2022\voyager1_48s_mag-vim_20220101_v01.cdf,C:\Users\Administrator\Documents\FWD_matlab\Voyager_fu\Voyager_Interstellar_Monthly\HighestPrecision_Segments\V1_MAG48s_segment_0265_20220127T054432_20220127T152119.png,ok,
1,266,2022-01-28 05:41:20,2022-01-28 09:51:43,4.17312,312,48.3839997558594,144.288,7200,240,Z:\SPART-WORK\Data\Voyager\voyager1\mag\48s\reviewed_vim\2022\voyager1_48s_mag-vim_20220101_v01.cdf,C:\Users\Administrator\Documents\FWD_matlab\Voyager_fu\Voyager_Interstellar_Monthly\HighestPrecision_Segments\V1_MAG48s_segment_0266_20220128T054120_20220128T095143.png,ok,
1,267,2022-01-29 05:34:55,2022-01-29 10:16:32,4.69344000006782,348,48.3839997558594,287.713,7200,240,Z:\SPART-WORK\Data\Voyager\voyager1\mag\48s\reviewed_vim\2022\voyager1_48s_mag-vim_20220101_v01.cdf,C:\Users\Administrator\Documents\FWD_matlab\Voyager_fu\Voyager_Interstellar_Monthly\HighestPrecision_Segments\V1_MAG48s_segment_0267_20220129T053455_20220129T101632.png,ok,
1,268,2022-01-30 05:31:43,2022-01-30 09:26:55,3.91991972229004,293,48.3839997558594,144.287,7200,240,Z:\SPART-WORK\Data\Voyager\voyager1\mag\48s\reviewed_vim\2022\voyager1_48s_mag-vim_20220101_v01.cdf,C:\Users\Administrator\Documents\FWD_matlab\Voyager_fu\Voyager_Interstellar_Monthly\HighestPrecision_Segments\V1_MAG48s_segment_0268_20220130T053143_20220130T092655.png,ok,
1,269,2022-01-31 05:26:55,2022-01-31 09:36:31,4.16016,312,48.3839997558594,96.7680002441406,7200,240,Z:\SPART-WORK\Data\Voyager\voyager1\mag\48s\reviewed_vim\2022\voyager1_48s_mag-vim_20220101_v01.cdf,C:\Users\Administrator\Documents\FWD_matlab\Voyager_fu\Voyager_Interstellar_Monthly\HighestPrecision_Segments\V1_MAG48s_segment_0269_20220131T052655_20220131T093631.png,ok,
1,270,2022-02-01 05:25:19,2022-02-01 10:42:07,5.28,397,48.3839997558594,48.385,7200,240,Z:\SPART-WORK\Data\Voyager\voyager1\mag\48s\reviewed_vim\2022\voyager1_48s_mag-vim_20220101_v01.cdf,C:\Users\Administrator\Documents\FWD_matlab\Voyager_fu\Voyager_Interstellar_Monthly\HighestPrecision_Segments\V1_MAG48s_segment_0270_20220201T052519_20220201T104207.png,ok,
1,271,2022-02-01 23:25:19,2022-02-02 02:11:43,2.77343972222222,206,48.3839997558594,192.672,7200,240,Z:\SPART-WORK\Data\Voyager\voyager1\mag\48s\reviewed_vim\2022\voyager1_48s_mag-vim_20220101_v01.cdf,C:\Users\Administrator\Documents\FWD_matlab\Voyager_fu\Voyager_Interstellar_Monthly\HighestPrecision_Segments\V1_MAG48s_segment_0271_20220201T232519_20220202T021143.png,ok,
1,272,2022-02-03 01:12:31,2022-02-03 09:11:43,7.98647972222222,579,48.3839997558594,623.807000244141,7200,240,Z:\SPART-WORK\Data\Voyager\voyager1\mag\48s\reviewed_vim\2022\voyager1_48s_mag-vim_20220101_v01.cdf,C:\Users\Administrator\Documents\FWD_matlab\Voyager_fu\Voyager_Interstellar_Monthly\HighestPrecision_Segments\V1_MAG48s_segment_0272_20220203T011231_20220203T091143.png,ok,
1,273,2022-02-04 05:10:55,2022-02-04 09:06:55,3.93336000006782,293,48.3839997558594,191.808,7200,240,Z:\SPART-WORK\Data\Voyager\voyager1\mag\48s\reviewed_vim\2022\voyager1_48s_mag-vim_20220101_v01.cdf,C:\Users\Administrator\Documents\FWD_matlab\Voyager_fu\Voyager_Interstellar_Monthly\HighestPrecision_Segments\V1_MAG48s_segment_0273_20220204T051055_20220204T090655.png,ok,
1,274,2022-02-04 12:45:19,2022-02-04 19:22:07,6.61319972222222,494,48.3839997558594,191.809,7200,240,Z:\SPART-WORK\Data\Voyager\voyager1\mag\48s\reviewed_vim\2022\voyager1_48s_mag-vim_20220101_v01.cdf,C:\Users\Administrator\Documents\FWD_matlab\Voyager_fu\Voyager_Interstellar_Monthly\HighestPrecision_Segments\V1_MAG48s_segment_0274_20220204T124519_20220204T192207.png,ok,
1,275,2022-02-05 05:07:43,2022-02-05 07:51:43,2.73336,205,48.384,95.9030002441406,7200,240,Z:\SPART-WORK\Data\Voyager\voyager1\mag\48s\reviewed_vim\2022\voyager1_48s_mag-vim_20220101_v01.cdf,C:\Users\Administrator\Documents\FWD_matlab\Voyager_fu\Voyager_Interstellar_Monthly\HighestPrecision_Segments\V1_MAG48s_segment_0275_20220205T050743_20220205T075143.png,ok,
1,276,2022-02-05 12:40:31,2022-02-05 19:46:55,7.10663972222222,447,48.3839997558594,4175.712,7200,240,Z:\SPART-WORK\Data\Voyager\voyager1\mag\48s\reviewed_vim\2022\voyager1_48s_mag-vim_20220101_v01.cdf,C:\Users\Administrator\Documents\FWD_matlab\Voyager_fu\Voyager_Interstellar_Monthly\HighestPrecision_Segments\V1_MAG48s_segment_0276_20220205T124031_20220205T194655.png,ok,
1,277,2022-02-06 05:06:07,2022-02-06 09:02:07,3.93312,293,48.3839997558594,144.287000244141,7200,240,Z:\SPART-WORK\Data\Voyager\voyager1\mag\48s\reviewed_vim\2022\voyager1_48s_mag-vim_20220101_v01.cdf,C:\Users\Administrator\Documents\FWD_matlab\Voyager_fu\Voyager_Interstellar_Monthly\HighestPrecision_Segments\V1_MAG48s_segment_0277_20220206T050607_20220206T090207.png,ok,
1,278,2022-02-06 12:35:43,2022-02-06 15:26:55,2.85336,212,48.3839997558594,191.809,7200,240,Z:\SPART-WORK\Data\Voyager\voyager1\mag\48s\reviewed_vim\2022\voyager1_48s_mag-vim_20220101_v01.cdf,C:\Users\Administrator\Documents\FWD_matlab\Voyager_fu\Voyager_Interstellar_Monthly\HighestPrecision_Segments\V1_MAG48s_segment_0278_20220206T123543_20220206T152655.png,ok,
1,279,2022-02-07 12:32:30,2022-02-07 15:26:55,2.90688027777778,218,48.3839997558594,96.7680002441406,7200,240,Z:\SPART-WORK\Data\Voyager\voyager1\mag\48s\reviewed_vim\2022\voyager1_48s_mag-vim_20220101_v01.cdf,C:\Users\Administrator\Documents\FWD_matlab\Voyager_fu\Voyager_Interstellar_Monthly\HighestPrecision_Segments\V1_MAG48s_segment_0279_20220207T123230_20220207T152655.png,ok,
1,280,2022-02-07 20:02:07,2022-02-08 00:02:07,3.99983999993218,281,48.3839997558594,480.383,7200,240,Z:\SPART-WORK\Data\Voyager\voyager1\mag\48s\reviewed_vim\2022\voyager1_48s_mag-vim_20220101_v01.cdf,C:\Users\Administrator\Documents\FWD_matlab\Voyager_fu\Voyager_Interstellar_Monthly\HighestPrecision_Segments\V1_MAG48s_segment_0280_20220207T200207_20220208T000207.png,ok,
1,281,2022-02-08 06:54:55,2022-02-08 07:46:07,0.853440277777778,65,48.3839998779297,48.385,7200,240,Z:\SPART-WORK\Data\Voyager\voyager1\mag\48s\reviewed_vim\2022\voyager1_48s_mag-vim_20220101_v01.cdf,C:\Users\Administrator\Documents\FWD_matlab\Voyager_fu\Voyager_Interstellar_Monthly\HighestPrecision_Segments\V1_MAG48s_segment_0281_20220208T065455_20220208T074607.png,ok,
1,282,2022-02-08 14:10:07,2022-02-08 14:51:43,0.693360277709961,51,48.384,143.424,7200,240,Z:\SPART-WORK\Data\Voyager\voyager1\mag\48s\reviewed_vim\2022\voyager1_48s_mag-vim_20220101_v01.cdf,C:\Users\Administrator\Documents\FWD_matlab\Voyager_fu\Voyager_Interstellar_Monthly\HighestPrecision_Segments\V1_MAG48s_segment_0282_20220208T141007_20220208T145143.png,ok,
1,283,2022-02-08 21:01:19,2022-02-09 00:58:07,3.94655972229004,294,48.3839997558594,191.808,7200,240,Z:\SPART-WORK\Data\Voyager\voyager1\mag\48s\reviewed_vim\2022\voyager1_48s_mag-vim_20220101_v01.cdf,C:\Users\Administrator\Documents\FWD_matlab\Voyager_fu\Voyager_Interstellar_Monthly\HighestPrecision_Segments\V1_MAG48s_segment_0283_20220208T210119_20220209T005807.png,ok,
1,284,2022-02-09 05:01:19,2022-02-09 09:37:19,4.60008,343,48.3839997558594,192.671,7200,240,Z:\SPART-WORK\Data\Voyager\voyager1\mag\48s\reviewed_vim\2022\voyager1_48s_mag-vim_20220101_v01.cdf,C:\Users\Administrator\Documents\FWD_matlab\Voyager_fu\Voyager_Interstellar_Monthly\HighestPrecision_Segments\V1_MAG48s_segment_0284_20220209T050119_20220209T093719.png,ok,
1,285,2022-02-09 12:35:43,2022-02-09 15:17:19,2.69328,200,48.3839997558594,191.809,7200,240,Z:\SPART-WORK\Data\Voyager\voyager1\mag\48s\reviewed_vim\2022\voyager1_48s_mag-vim_20220101_v01.cdf,C:\Users\Administrator\Documents\FWD_matlab\Voyager_fu\Voyager_Interstellar_Monthly\HighestPrecision_Segments\V1_MAG48s_segment_0285_20220209T123543_20220209T151719.png,ok,
1,286,2022-02-10 04:50:07,2022-02-10 16:11:42,11.3599197222222,853,48.3839997558594,48.385,7200,240,Z:\SPART-WORK\Data\Voyager\voyager1\mag\48s\reviewed_vim\2022\voyager1_48s_mag-vim_20220101_v01.cdf,C:\Users\Administrator\Documents\FWD_matlab\Voyager_fu\Voyager_Interstellar_Monthly\HighestPrecision_Segments\V1_MAG48s_segment_0286_20220210T045007_20220210T161142.png,ok,
1,287,2022-02-11 04:58:07,2022-02-11 08:37:19,3.65328,274,48.3839997558594,95.904,7200,240,Z:\SPART-WORK\Data\Voyager\voyager1\mag\48s\reviewed_vim\2022\voyager1_48s_mag-vim_20220101_v01.cdf,C:\Users\Administrator\Documents\FWD_matlab\Voyager_fu\Voyager_Interstellar_Monthly\HighestPrecision_Segments\V1_MAG48s_segment_0287_20220211T045807_20220211T083719.png,ok,
1,288,2022-02-11 12:26:07,2022-02-11 19:46:55,7.34663972222222,502,48.3839997558594,1968.191,7200,240,Z:\SPART-WORK\Data\Voyager\voyager1\mag\48s\reviewed_vim\2022\voyager1_48s_mag-vim_20220101_v01.cdf,C:\Users\Administrator\Documents\FWD_matlab\Voyager_fu\Voyager_Interstellar_Monthly\HighestPrecision_Segments\V1_MAG48s_segment_0288_20220211T122607_20220211T194655.png,ok,
1,289,2022-02-12 04:40:31,2022-02-12 09:37:19,4.94663999993218,372,48.3839997558594,48.385,7200,240,Z:\SPART-WORK\Data\Voyager\voyager1\mag\48s\reviewed_vim\2022\voyager1_48s_mag-vim_20220101_v01.cdf,C:\Users\Administrator\Documents\FWD_matlab\Voyager_fu\Voyager_Interstellar_Monthly\HighestPrecision_Segments\V1_MAG48s_segment_0289_20220212T044031_20220212T093719.png,ok,
1,290,2022-02-12 12:14:55,2022-02-12 17:11:43,4.94664027770996,372,48.3839997558594,48.385,7200,240,Z:\SPART-WORK\Data\Voyager\voyager1\mag\48s\reviewed_vim\2022\voyager1_48s_mag-vim_20220101_v01.cdf,C:\Users\Administrator\Documents\FWD_matlab\Voyager_fu\Voyager_Interstellar_Monthly\HighestPrecision_Segments\V1_MAG48s_segment_0290_20220212T121455_20220212T171143.png,ok,
1,291,2022-02-13 04:35:43,2022-02-13 09:17:19,4.69344,331,48.3839997558594,1055.808,7200,240,Z:\SPART-WORK\Data\Voyager\voyager1\mag\48s\reviewed_vim\2022\voyager1_48s_mag-vim_20220101_v01.cdf,C:\Users\Administrator\Documents\FWD_matlab\Voyager_fu\Voyager_Interstellar_Monthly\HighestPrecision_Segments\V1_MAG48s_segment_0291_20220213T043543_20220213T091719.png,ok,
1,292,2022-02-13 12:11:43,2022-02-13 15:46:54,3.58656027777778,268,48.3839997558594,144.287000244141,7200,240,Z:\SPART-WORK\Data\Voyager\voyager1\mag\48s\reviewed_vim\2022\voyager1_48s_mag-vim_20220101_v01.cdf,C:\Users\Administrator\Documents\FWD_matlab\Voyager_fu\Voyager_Interstellar_Monthly\HighestPrecision_Segments\V1_MAG48s_segment_0292_20220213T121143_20220213T154654.png,ok,
1,293,2022-02-14 04:32:31,2022-02-14 07:06:55,2.57327972222222,193,48.3839997558594,95.9030002441406,7200,240,Z:\SPART-WORK\Data\Voyager\voyager1\mag\48s\reviewed_vim\2022\voyager1_48s_mag-vim_20220101_v01.cdf,C:\Users\Administrator\Documents\FWD_matlab\Voyager_fu\Voyager_Interstellar_Monthly\HighestPrecision_Segments\V1_MAG48s_segment_0293_20220214T043231_20220214T070655.png,ok,
1,294,2022-02-14 12:05:18,2022-02-14 16:26:55,4.36008027777778,326,48.3839997558594,143.425,7200,240,Z:\SPART-WORK\Data\Voyager\voyager1\mag\48s\reviewed_vim\2022\voyager1_48s_mag-vim_20220101_v01.cdf,C:\Users\Administrator\Documents\FWD_matlab\Voyager_fu\Voyager_Interstellar_Monthly\HighestPrecision_Segments\V1_MAG48s_segment_0294_20220214T120518_20220214T162655.png,ok,
1,295,2022-02-15 04:32:31,2022-02-15 07:17:18,2.74656,206,48.3839997558594,95.9030002441406,7200,240,Z:\SPART-WORK\Data\Voyager\voyager1\mag\48s\reviewed_vim\2022\voyager1_48s_mag-vim_20220101_v01.cdf,C:\Users\Administrator\Documents\FWD_matlab\Voyager_fu\Voyager_Interstellar_Monthly\HighestPrecision_Segments\V1_MAG48s_segment_0295_20220215T043231_20220215T071718.png,ok,
1,296,2022-02-15 12:02:07,2022-02-15 19:06:55,7.08,530,48.3839997558594,143.424,7200,240,Z:\SPART-WORK\Data\Voyager\voyager1\mag\48s\reviewed_vim\2022\voyager1_48s_mag-vim_20220101_v01.cdf,C:\Users\Administrator\Documents\FWD_matlab\Voyager_fu\Voyager_Interstellar_Monthly\HighestPrecision_Segments\V1_MAG48s_segment_0296_20220215T120207_20220215T190655.png,ok,
1,297,2022-02-16 07:54:06,2022-02-16 09:37:18,1.72008027777778,129,48.3839998779297,96.7680002441406,7200,240,Z:\SPART-WORK\Data\Voyager\voyager1\mag\48s\reviewed_vim\2022\voyager1_48s_mag-vim_20220101_v01.cdf,C:\Users\Administrator\Documents\FWD_matlab\Voyager_fu\Voyager_Interstellar_Monthly\HighestPrecision_Segments\V1_MAG48s_segment_0297_20220216T075406_20220216T093718.png,ok,
1,298,2022-02-16 12:37:18,2022-02-16 18:06:54,5.49336,408,48.3839997558594,192.671,7200,240,Z:\SPART-WORK\Data\Voyager\voyager1\mag\48s\reviewed_vim\2022\voyager1_48s_mag-vim_20220101_v01.cdf,C:\Users\Administrator\Documents\FWD_matlab\Voyager_fu\Voyager_Interstellar_Monthly\HighestPrecision_Segments\V1_MAG48s_segment_0298_20220216T123718_20220216T180654.png,ok,
1,299,2022-02-17 04:13:18,2022-02-17 16:17:18,12.06672,808,48.384,4511.80899975586,7200,240,Z:\SPART-WORK\Data\Voyager\voyager1\mag\48s\reviewed_vim\2022\voyager1_48s_mag-vim_20220101_v01.cdf,C:\Users\Administrator\Documents\FWD_matlab\Voyager_fu\Voyager_Interstellar_Monthly\HighestPrecision_Segments\V1_MAG48s_segment_0299_20220217T041318_20220217T161718.png,ok,
1,300,2022-02-18 04:16:30,2022-02-18 09:57:18,5.68007972222222,424,48.3839997558594,192.671,7200,240,Z:\SPART-WORK\Data\Voyager\voyager1\mag\48s\reviewed_vim\2022\voyager1_48s_mag-vim_20220101_v01.cdf,C:\Users\Administrator\Documents\FWD_matlab\Voyager_fu\Voyager_Interstellar_Monthly\HighestPrecision_Segments\V1_MAG48s_segment_0300_20220218T041630_20220218T095718.png,ok,
1,301,2022-02-19 04:12:30,2022-02-19 10:02:06,5.82671972222222,429,48.3839997558594,240.192999755859,7200,240,Z:\SPART-WORK\Data\Voyager\voyager1\mag\48s\reviewed_vim\2022\voyager1_48s_mag-vim_20220101_v01.cdf,C:\Users\Administrator\Documents\FWD_matlab\Voyager_fu\Voyager_Interstellar_Monthly\HighestPrecision_Segments\V1_MAG48s_segment_0301_20220219T041230_20220219T100206.png,ok,
1,302,2022-02-20 04:13:18,2022-02-20 08:06:54,3.89327972222222,292,48.3839997558594,95.903,7200,240,Z:\SPART-WORK\Data\Voyager\voyager1\mag\48s\reviewed_vim\2022\voyager1_48s_mag-vim_20220101_v01.cdf,C:\Users\Administrator\Documents\FWD_matlab\Voyager_fu\Voyager_Interstellar_Monthly\HighestPrecision_Segments\V1_MAG48s_segment_0302_20220220T041318_20220220T080654.png,ok,
1,303,2022-02-20 11:41:18,2022-02-20 15:17:18,3.59999972222222,268,48.3839997558594,191.808,7200,240,Z:\SPART-WORK\Data\Voyager\voyager1\mag\48s\reviewed_vim\2022\voyager1_48s_mag-vim_20220101_v01.cdf,C:\Users\Administrator\Documents\FWD_matlab\Voyager_fu\Voyager_Interstellar_Monthly\HighestPrecision_Segments\V1_MAG48s_segment_0303_20220220T114118_20220220T151718.png,ok,
1,304,2022-02-21 04:05:18,2022-02-21 08:02:06,3.94680027777778,297,48.3839997558594,48.385,7200,240,Z:\SPART-WORK\Data\Voyager\voyager1\mag\48s\reviewed_vim\2022\voyager1_48s_mag-vim_20220101_v01.cdf,C:\Users\Administrator\Documents\FWD_matlab\Voyager_fu\Voyager_Interstellar_Monthly\HighestPrecision_Segments\V1_MAG48s_segment_0304_20220221T040518_20220221T080206.png,ok,
1,305,2022-02-22 04:02:06,2022-02-22 09:17:18,5.25336,393,48.3839997558594,143.424,7200,240,Z:\SPART-WORK\Data\Voyager\voyager1\mag\48s\reviewed_vim\2022\voyager1_48s_mag-vim_20220101_v01.cdf,C:\Users\Administrator\Documents\FWD_matlab\Voyager_fu\Voyager_Interstellar_Monthly\HighestPrecision_Segments\V1_MAG48s_segment_0305_20220222T040206_20220222T091718.png,ok,
1,306,2022-02-22 11:38:05,2022-02-22 14:17:18,2.65344027777778,199,48.3839997558594,96.7680002441406,7200,240,Z:\SPART-WORK\Data\Voyager\voyager1\mag\48s\reviewed_vim\2022\voyager1_48s_mag-vim_20220101_v01.cdf,C:\Users\Administrator\Documents\FWD_matlab\Voyager_fu\Voyager_Interstellar_Monthly\HighestPrecision_Segments\V1_MAG48s_segment_0306_20220222T113805_20220222T141718.png,ok,
1,307,2022-02-23 03:55:41,2022-02-23 16:42:06,12.7735200000678,814,48.3839997558594,6863.616,7200,240,Z:\SPART-WORK\Data\Voyager\voyager1\mag\48s\reviewed_vim\2022\voyager1_48s_mag-vim_20220101_v01.cdf,C:\Users\Administrator\Documents\FWD_matlab\Voyager_fu\Voyager_Interstellar_Monthly\HighestPrecision_Segments\V1_MAG48s_segment_0307_20220223T035541_20220223T164206.png,ok,
1,308,2022-02-24 03:55:41,2022-02-24 08:37:18,4.69344,346,48.3839997558594,287.712,7200,240,Z:\SPART-WORK\Data\Voyager\voyager1\mag\48s\reviewed_vim\2022\voyager1_48s_mag-vim_20220101_v01.cdf,C:\Users\Administrator\Documents\FWD_matlab\Voyager_fu\Voyager_Interstellar_Monthly\HighestPrecision_Segments\V1_MAG48s_segment_0308_20220224T035541_20220224T083718.png,ok,
1,309,2022-02-24 12:22:54,2022-02-24 14:07:41,1.74647999993218,131,48.3839997558594,95.9049997558594,7200,240,Z:\SPART-WORK\Data\Voyager\voyager1\mag\48s\reviewed_vim\2022\voyager1_48s_mag-vim_20220101_v01.cdf,C:\Users\Administrator\Documents\FWD_matlab\Voyager_fu\Voyager_Interstellar_Monthly\HighestPrecision_Segments\V1_MAG48s_segment_0309_20220224T122254_20220224T140741.png,ok,
1,310,2022-02-25 03:51:42,2022-02-25 07:47:41,3.93312,293,48.3839997558594,191.807999755859,7200,240,Z:\SPART-WORK\Data\Voyager\voyager1\mag\48s\reviewed_vim\2022\voyager1_48s_mag-vim_20220101_v01.cdf,C:\Users\Administrator\Documents\FWD_matlab\Voyager_fu\Voyager_Interstellar_Monthly\HighestPrecision_Segments\V1_MAG48s_segment_0310_20220225T035142_20220225T074741.png,ok,
1,311,2022-02-25 11:30:06,2022-02-25 14:12:30,2.70672,204,48.3839997558594,48.385,7200,240,Z:\SPART-WORK\Data\Voyager\voyager1\mag\48s\reviewed_vim\2022\voyager1_48s_mag-vim_20220101_v01.cdf,C:\Users\Administrator\Documents\FWD_matlab\Voyager_fu\Voyager_Interstellar_Monthly\HighestPrecision_Segments\V1_MAG48s_segment_0311_20220225T113006_20220225T141230.png,ok,
1,312,2022-02-26 03:46:06,2022-02-26 06:32:30,2.7732,209,48.3839997558594,48.385,7200,240,Z:\SPART-WORK\Data\Voyager\voyager1\mag\48s\reviewed_vim\2022\voyager1_48s_mag-vim_20220101_v01.cdf,C:\Users\Administrator\Documents\FWD_matlab\Voyager_fu\Voyager_Interstellar_Monthly\HighestPrecision_Segments\V1_MAG48s_segment_0312_20220226T034606_20220226T063230.png,ok,
1,313,2022-02-26 11:20:30,2022-02-26 17:32:29,6.19991999993218,373,48.3839997558594,4079.80799975586,7200,240,Z:\SPART-WORK\Data\Voyager\voyager1\mag\48s\reviewed_vim\2022\voyager1_48s_mag-vim_20220101_v01.cdf,C:\Users\Administrator\Documents\FWD_matlab\Voyager_fu\Voyager_Interstellar_Monthly\HighestPrecision_Segments\V1_MAG48s_segment_0313_20220226T112030_20220226T173229.png,ok,
1,314,2022-02-27 03:42:53,2022-02-27 07:37:18,3.90672027777778,287,48.3839997558594,191.807999755859,7200,240,Z:\SPART-WORK\Data\Voyager\voyager1\mag\48s\reviewed_vim\2022\voyager1_48s_mag-vim_20220101_v01.cdf,C:\Users\Administrator\Documents\FWD_matlab\Voyager_fu\Voyager_Interstellar_Monthly\HighestPrecision_Segments\V1_MAG48s_segment_0314_20220227T034253_20220227T073718.png,ok,
1,315,2022-02-27 13:12:30,2022-02-27 22:22:54,9.17327972229004,687,48.3839997558594,144.289,7200,240,Z:\SPART-WORK\Data\Voyager\voyager1\mag\48s\reviewed_vim\2022\voyager1_48s_mag-vim_20220101_v01.cdf,C:\Users\Administrator\Documents\FWD_matlab\Voyager_fu\Voyager_Interstellar_Monthly\HighestPrecision_Segments\V1_MAG48s_segment_0315_20220227T131230_20220227T222254.png,ok,
1,316,2022-02-28 03:38:06,2022-02-28 07:32:30,3.90671972222222,293,48.3839997558594,95.9030002441406,7200,240,Z:\SPART-WORK\Data\Voyager\voyager1\mag\48s\reviewed_vim\2022\voyager1_48s_mag-vim_20220101_v01.cdf,C:\Users\Administrator\Documents\FWD_matlab\Voyager_fu\Voyager_Interstellar_Monthly\HighestPrecision_Segments\V1_MAG48s_segment_0316_20220228T033806_20220228T073230.png,ok,
1,317,2022-02-28 13:12:30,2022-02-28 15:17:18,2.08007972222222,155,48.3839997558594,144.289,7200,240,Z:\SPART-WORK\Data\Voyager\voyager1\mag\48s\reviewed_vim\2022\voyager1_48s_mag-vim_20220101_v01.cdf,C:\Users\Administrator\Documents\FWD_matlab\Voyager_fu\Voyager_Interstellar_Monthly\HighestPrecision_Segments\V1_MAG48s_segment_0317_20220228T131230_20220228T151718.png,ok,
1,318,2022-03-01 03:38:06,2022-03-01 15:07:42,11.49336,717,48.3839997558594,4079.80799975586,7200,240,Z:\SPART-WORK\Data\Voyager\voyager1\mag\48s\reviewed_vim\2022\voyager1_48s_mag-vim_20220101_v01.cdf,C:\Users\Administrator\Documents\FWD_matlab\Voyager_fu\Voyager_Interstellar_Monthly\HighestPrecision_Segments\V1_MAG48s_segment_0318_20220301T033806_20220301T150742.png,ok,
1,319,2022-03-02 03:31:41,2022-03-02 09:37:17,6.09336,455,48.3839997558594,192.672999755859,7200,240,Z:\SPART-WORK\Data\Voyager\voyager1\mag\48s\reviewed_vim\2022\voyager1_48s_mag-vim_20220101_v01.cdf,C:\Users\Administrator\Documents\FWD_matlab\Voyager_fu\Voyager_Interstellar_Monthly\HighestPrecision_Segments\V1_MAG48s_segment_0319_20220302T033141_20220302T093717.png,ok,
1,320,2022-03-03 03:22:06,2022-03-03 08:52:29,5.50656027777778,404,48.3839997558594,335.232,7200,240,Z:\SPART-WORK\Data\Voyager\voyager1\mag\48s\reviewed_vim\2022\voyager1_48s_mag-vim_20220101_v01.cdf,C:\Users\Administrator\Documents\FWD_matlab\Voyager_fu\Voyager_Interstellar_Monthly\HighestPrecision_Segments\V1_MAG48s_segment_0320_20220303T032206_20220303T085229.png,ok,
1,321,2022-03-03 13:47:41,2022-03-03 14:57:17,1.15992,86,48.3839997558594,143.424,7200,240,Z:\SPART-WORK\Data\Voyager\voyager1\mag\48s\reviewed_vim\2022\voyager1_48s_mag-vim_20220101_v01.cdf,C:\Users\Administrator\Documents\FWD_matlab\Voyager_fu\Voyager_Interstellar_Monthly\HighestPrecision_Segments\V1_MAG48s_segment_0321_20220303T134741_20220303T145717.png,ok,
1,322,2022-03-04 03:22:06,2022-03-04 06:12:29,2.83992,211,48.3839997558594,191.808,7200,240,Z:\SPART-WORK\Data\Voyager\voyager1\mag\48s\reviewed_vim\2022\voyager1_48s_mag-vim_20220101_v01.cdf,C:\Users\Administrator\Documents\FWD_matlab\Voyager_fu\Voyager_Interstellar_Monthly\HighestPrecision_Segments\V1_MAG48s_segment_0322_20220304T032206_20220304T061229.png,ok,
1,323,2022-03-04 10:56:29,2022-03-04 14:58:05,4.02672027777778,300,48.3839997558594,192.673,7200,240,Z:\SPART-WORK\Data\Voyager\voyager1\mag\48s\reviewed_vim\2022\voyager1_48s_mag-vim_20220101_v01.cdf,C:\Users\Administrator\Documents\FWD_matlab\Voyager_fu\Voyager_Interstellar_Monthly\HighestPrecision_Segments\V1_MAG48s_segment_0323_20220304T105629_20220304T145805.png,ok,
1,324,2022-03-05 03:17:17,2022-03-05 07:12:30,3.92015972222222,285,48.383,287.711,7200,240,Z:\SPART-WORK\Data\Voyager\voyager1\mag\48s\reviewed_vim\2022\voyager1_48s_mag-vim_20220101_v01.cdf,C:\Users\Administrator\Documents\FWD_matlab\Voyager_fu\Voyager_Interstellar_Monthly\HighestPrecision_Segments\V1_MAG48s_segment_0324_20220305T031717_20220305T071230.png,ok,
1,325,2022-03-06 03:52:29,2022-03-06 07:13:17,3.34679972222222,195,48.383,1104.19100024414,7200,240,Z:\SPART-WORK\Data\Voyager\voyager1\mag\48s\reviewed_vim\2022\voyager1_48s_mag-vim_20220101_v01.cdf,C:\Users\Administrator\Documents\FWD_matlab\Voyager_fu\Voyager_Interstellar_Monthly\HighestPrecision_Segments\V1_MAG48s_segment_0325_20220306T035229_20220306T071317.png,ok,
1,326,2022-03-06 10:46:53,2022-03-06 15:38:05,4.85327972222222,362,48.383,192.672000244141,7200,240,Z:\SPART-WORK\Data\Voyager\voyager1\mag\48s\reviewed_vim\2022\voyager1_48s_mag-vim_20220101_v01.cdf,C:\Users\Administrator\Documents\FWD_matlab\Voyager_fu\Voyager_Interstellar_Monthly\HighestPrecision_Segments\V1_MAG48s_segment_0326_20220306T104653_20220306T153805.png,ok,
1,327,2022-03-07 04:08:29,2022-03-07 13:38:05,9.49343972229004,594,48.383,3840.48,7200,240,Z:\SPART-WORK\Data\Voyager\voyager1\mag\48s\reviewed_vim\2022\voyager1_48s_mag-vim_20220101_v01.cdf,C:\Users\Administrator\Documents\FWD_matlab\Voyager_fu\Voyager_Interstellar_Monthly\HighestPrecision_Segments\V1_MAG48s_segment_0327_20220307T040829_20220307T133805.png,ok,
1,328,2022-03-08 03:07:41,2022-03-08 07:02:53,3.92015972222222,293,48.383,144.289,7200,240,Z:\SPART-WORK\Data\Voyager\voyager1\mag\48s\reviewed_vim\2022\voyager1_48s_mag-vim_20220101_v01.cdf,C:\Users\Administrator\Documents\FWD_matlab\Voyager_fu\Voyager_Interstellar_Monthly\HighestPrecision_Segments\V1_MAG48s_segment_0328_20220308T030741_20220308T070253.png,ok,
1,329,2022-03-08 10:43:41,2022-03-08 14:32:29,3.81336,286,48.383,95.904,7200,240,Z:\SPART-WORK\Data\Voyager\voyager1\mag\48s\reviewed_vim\2022\voyager1_48s_mag-vim_20220101_v01.cdf,C:\Users\Administrator\Documents\FWD_matlab\Voyager_fu\Voyager_Interstellar_Monthly\HighestPrecision_Segments\V1_MAG48s_segment_0329_20220308T104341_20220308T143229.png,ok,
1,330,2022-03-09 03:01:17,2022-03-09 07:07:41,4.10664,309,48.383,48.385,7200,240,Z:\SPART-WORK\Data\Voyager\voyager1\mag\48s\reviewed_vim\2022\voyager1_48s_mag-vim_20220101_v01.cdf,C:\Users\Administrator\Documents\FWD_matlab\Voyager_fu\Voyager_Interstellar_Monthly\HighestPrecision_Segments\V1_MAG48s_segment_0330_20220309T030117_20220309T070741.png,ok,
1,331,2022-03-09 10:58:05,2022-03-09 14:07:41,3.16008,236,48.383,143.424,7200,240,Z:\SPART-WORK\Data\Voyager\voyager1\mag\48s\reviewed_vim\2022\voyager1_48s_mag-vim_20220101_v01.cdf,C:\Users\Administrator\Documents\FWD_matlab\Voyager_fu\Voyager_Interstellar_Monthly\HighestPrecision_Segments\V1_MAG48s_segment_0331_20220309T105805_20220309T140741.png,ok,
1,332,2022-03-10 03:01:17,2022-03-10 06:27:41,3.43991972222222,252,48.383,288.575,7200,240,Z:\SPART-WORK\Data\Voyager\voyager1\mag\48s\reviewed_vim\2022\voyager1_48s_mag-vim_20220101_v01.cdf,C:\Users\Administrator\Documents\FWD_matlab\Voyager_fu\Voyager_Interstellar_Monthly\HighestPrecision_Segments\V1_MAG48s_segment_0332_20220310T030117_20220310T062741.png,ok,
1,333,2022-03-10 10:32:29,2022-03-10 15:27:41,4.92,368,48.383,143.424,7200,240,Z:\SPART-WORK\Data\Voyager\voyager1\mag\48s\reviewed_vim\2022\voyager1_48s_mag-vim_20220101_v01.cdf,C:\Users\Administrator\Documents\FWD_matlab\Voyager_fu\Voyager_Interstellar_Monthly\HighestPrecision_Segments\V1_MAG48s_segment_0333_20220310T103229_20220310T152741.png,ok,
1,334,2022-03-11 02:58:05,2022-03-11 16:18:05,13.33344,959,48.383,1967.329,7200,240,Z:\SPART-WORK\Data\Voyager\voyager1\mag\48s\reviewed_vim\2022\voyager1_48s_mag-vim_20220101_v01.cdf,C:\Users\Administrator\Documents\FWD_matlab\Voyager_fu\Voyager_Interstellar_Monthly\HighestPrecision_Segments\V1_MAG48s_segment_0334_20220311T025805_20220311T161805.png,ok,
1,335,2022-03-12 03:02:53,2022-03-12 09:13:17,6.17328027777778,401,48.383,2592,7200,240,Z:\SPART-WORK\Data\Voyager\voyager1\mag\48s\reviewed_vim\2022\voyager1_48s_mag-vim_20220101_v01.cdf,C:\Users\Administrator\Documents\FWD_matlab\Voyager_fu\Voyager_Interstellar_Monthly\HighestPrecision_Segments\V1_MAG48s_segment_0335_20220312T030253_20220312T091317.png,ok,
1,336,2022-03-13 02:48:28,2022-03-13 06:42:53,3.90696,292,48.383,144.289,7200,240,Z:\SPART-WORK\Data\Voyager\voyager1\mag\48s\reviewed_vim\2022\voyager1_48s_mag-vim_20220101_v01.cdf,C:\Users\Administrator\Documents\FWD_matlab\Voyager_fu\Voyager_Interstellar_Monthly\HighestPrecision_Segments\V1_MAG48s_segment_0336_20220313T024828_20220313T064253.png,ok,
1,337,2022-03-13 10:22:53,2022-03-13 14:42:53,4.33344000006782,324,48.383,143.424,7200,240,Z:\SPART-WORK\Data\Voyager\voyager1\mag\48s\reviewed_vim\2022\voyager1_48s_mag-vim_20220101_v01.cdf,C:\Users\Administrator\Documents\FWD_matlab\Voyager_fu\Voyager_Interstellar_Monthly\HighestPrecision_Segments\V1_MAG48s_segment_0337_20220313T102253_20220313T144253.png,ok,
1,338,2022-03-14 02:45:16,2022-03-14 12:58:05,10.21344027771,639,48.383,6095.52,7200,240,Z:\SPART-WORK\Data\Voyager\voyager1\mag\48s\reviewed_vim\2022\voyager1_48s_mag-vim_20220101_v01.cdf,C:\Users\Administrator\Documents\FWD_matlab\Voyager_fu\Voyager_Interstellar_Monthly\HighestPrecision_Segments\V1_MAG48s_segment_0338_20220314T024516_20220314T125805.png,ok,
1,339,2022-03-15 02:34:04,2022-03-15 08:08:29,5.57352027777778,418,48.383,96.7680002441406,7200,240,Z:\SPART-WORK\Data\Voyager\voyager1\mag\48s\reviewed_vim\2022\voyager1_48s_mag-vim_20220101_v01.cdf,C:\Users\Administrator\Documents\FWD_matlab\Voyager_fu\Voyager_Interstellar_Monthly\HighestPrecision_Segments\V1_MAG48s_segment_0339_20220315T023404_20220315T080829.png,ok,
1,340,2022-03-15 10:13:17,2022-03-15 16:07:40,5.9064,442,48.383,144.288,7200,240,Z:\SPART-WORK\Data\Voyager\voyager1\mag\48s\reviewed_vim\2022\voyager1_48s_mag-vim_20220101_v01.cdf,C:\Users\Administrator\Documents\FWD_matlab\Voyager_fu\Voyager_Interstellar_Monthly\HighestPrecision_Segments\V1_MAG48s_segment_0340_20220315T101317_20220315T160740.png,ok,
1,341,2022-03-16 07:01:17,2022-03-16 12:48:29,5.78664027777778,396,48.383,1823.905,7200,240,Z:\SPART-WORK\Data\Voyager\voyager1\mag\48s\reviewed_vim\2022\voyager1_48s_mag-vim_20220101_v01.cdf,C:\Users\Administrator\Documents\FWD_matlab\Voyager_fu\Voyager_Interstellar_Monthly\HighestPrecision_Segments\V1_MAG48s_segment_0341_20220316T070117_20220316T124829.png,ok,
1,342,2022-03-17 10:06:53,2022-03-17 15:38:05,5.52,415,48.383,48.385,7200,240,Z:\SPART-WORK\Data\Voyager\voyager1\mag\48s\reviewed_vim\2022\voyager1_48s_mag-vim_20220101_v01.cdf,C:\Users\Administrator\Documents\FWD_matlab\Voyager_fu\Voyager_Interstellar_Monthly\HighestPrecision_Segments\V1_MAG48s_segment_0342_20220317T100653_20220317T153805.png,ok,
1,343,2022-03-18 09:30:04,2022-03-18 13:38:05,4.13352000006782,310,48.383,95.905,7200,240,Z:\SPART-WORK\Data\Voyager\voyager1\mag\48s\reviewed_vim\2022\voyager1_48s_mag-vim_20220101_v01.cdf,C:\Users\Administrator\Documents\FWD_matlab\Voyager_fu\Voyager_Interstellar_Monthly\HighestPrecision_Segments\V1_MAG48s_segment_0343_20220318T093004_20220318T133805.png,ok,
1,344,2022-03-19 09:58:52,2022-03-19 14:08:29,4.16016,312,48.383,95.904,7200,240,Z:\SPART-WORK\Data\Voyager\voyager1\mag\48s\reviewed_vim\2022\voyager1_48s_mag-vim_20220101_v01.cdf,C:\Users\Administrator\Documents\FWD_matlab\Voyager_fu\Voyager_Interstellar_Monthly\HighestPrecision_Segments\V1_MAG48s_segment_0344_20220319T095852_20220319T140829.png,ok,
1,345,2022-03-20 02:22:53,2022-03-20 06:06:52,3.73319972229004,68,48.383,5807.809,7200,240,Z:\SPART-WORK\Data\Voyager\voyager1\mag\48s\reviewed_vim\2022\voyager1_48s_mag-vim_20220101_v01.cdf,C:\Users\Administrator\Documents\FWD_matlab\Voyager_fu\Voyager_Interstellar_Monthly\HighestPrecision_Segments\V1_MAG48s_segment_0345_20220320T022253_20220320T060652.png,ok,
1,346,2022-03-20 09:52:29,2022-03-20 13:53:17,4.01328,299,48.383,191.808000244141,7200,240,Z:\SPART-WORK\Data\Voyager\voyager1\mag\48s\reviewed_vim\2022\voyager1_48s_mag-vim_20220101_v01.cdf,C:\Users\Administrator\Documents\FWD_matlab\Voyager_fu\Voyager_Interstellar_Monthly\HighestPrecision_Segments\V1_MAG48s_segment_0346_20220320T095229_20220320T135317.png,ok,
1,347,2022-03-21 02:27:40,2022-03-21 06:18:05,3.84024,270,48.383,383.615999755859,7200,240,Z:\SPART-WORK\Data\Voyager\voyager1\mag\48s\reviewed_vim\2022\voyager1_48s_mag-vim_20220101_v01.cdf,C:\Users\Administrator\Documents\FWD_matlab\Voyager_fu\Voyager_Interstellar_Monthly\HighestPrecision_Segments\V1_MAG48s_segment_0347_20220321T022740_20220321T061805.png,ok,
1,348,2022-03-21 10:02:04,2022-03-21 13:02:53,3.01344027777778,224,48.383,191.808,7200,240,Z:\SPART-WORK\Data\Voyager\voyager1\mag\48s\reviewed_vim\2022\voyager1_48s_mag-vim_20220101_v01.cdf,C:\Users\Administrator\Documents\FWD_matlab\Voyager_fu\Voyager_Interstellar_Monthly\HighestPrecision_Segments\V1_MAG48s_segment_0348_20220321T100204_20220321T130253.png,ok,
1,349,2022-03-22 02:13:17,2022-03-22 06:08:28,3.91991972222222,269,48.383,432.863,7200,240,Z:\SPART-WORK\Data\Voyager\voyager1\mag\48s\reviewed_vim\2022\voyager1_48s_mag-vim_20220101_v01.cdf,C:\Users\Administrator\Documents\FWD_matlab\Voyager_fu\Voyager_Interstellar_Monthly\HighestPrecision_Segments\V1_MAG48s_segment_0349_20220322T021317_20220322T060828.png,ok,
1,350,2022-03-22 09:52:29,2022-03-22 17:08:29,7.26672,543,48.383,191.808000244141,7200,240,Z:\SPART-WORK\Data\Voyager\voyager1\mag\48s\reviewed_vim\2022\voyager1_48s_mag-vim_20220101_v01.cdf,C:\Users\Administrator\Documents\FWD_matlab\Voyager_fu\Voyager_Interstellar_Monthly\HighestPrecision_Segments\V1_MAG48s_segment_0350_20220322T095229_20220322T170829.png,ok,
1,351,2022-03-23 02:08:29,2022-03-23 05:23:40,3.25319972229004,244,48.383,95.0390002441406,7200,240,Z:\SPART-WORK\Data\Voyager\voyager1\mag\48s\reviewed_vim\2022\voyager1_48s_mag-vim_20220101_v01.cdf,C:\Users\Administrator\Documents\FWD_matlab\Voyager_fu\Voyager_Interstellar_Monthly\HighestPrecision_Segments\V1_MAG48s_segment_0351_20220323T020829_20220323T052340.png,ok,
1,352,2022-03-23 09:41:17,2022-03-23 13:38:05,3.94679972229004,297,48.383,48.385,7200,240,Z:\SPART-WORK\Data\Voyager\voyager1\mag\48s\reviewed_vim\2022\voyager1_48s_mag-vim_20220101_v01.cdf,C:\Users\Administrator\Documents\FWD_matlab\Voyager_fu\Voyager_Interstellar_Monthly\HighestPrecision_Segments\V1_MAG48s_segment_0352_20220323T094117_20220323T133805.png,ok,
1,353,2022-03-24 02:02:04,2022-03-24 13:28:29,11.4400799999322,579,48.383,6863.615,7200,240,Z:\SPART-WORK\Data\Voyager\voyager1\mag\48s\reviewed_vim\2022\voyager1_48s_mag-vim_20220101_v01.cdf,C:\Users\Administrator\Documents\FWD_matlab\Voyager_fu\Voyager_Interstellar_Monthly\HighestPrecision_Segments\V1_MAG48s_segment_0353_20220324T020204_20220324T132829.png,ok,
1,354,2022-03-25 02:03:40,2022-03-25 06:03:41,4.00008,301,48.383,48.385,7200,240,Z:\SPART-WORK\Data\Voyager\voyager1\mag\48s\reviewed_vim\2022\voyager1_48s_mag-vim_20220101_v01.cdf,C:\Users\Administrator\Documents\FWD_matlab\Voyager_fu\Voyager_Interstellar_Monthly\HighestPrecision_Segments\V1_MAG48s_segment_0354_20220325T020340_20220325T060341.png,ok,
1,355,2022-03-25 09:31:40,2022-03-25 11:58:04,2.43984,184,48.383,48.385,7200,240,Z:\SPART-WORK\Data\Voyager\voyager1\mag\48s\reviewed_vim\2022\voyager1_48s_mag-vim_20220101_v01.cdf,C:\Users\Administrator\Documents\FWD_matlab\Voyager_fu\Voyager_Interstellar_Monthly\HighestPrecision_Segments\V1_MAG48s_segment_0355_20220325T093140_20220325T115804.png,ok,
1,356,2022-03-26 02:00:28,2022-03-26 04:43:40,2.72016027777778,189,48.383,720.575,7200,240,Z:\SPART-WORK\Data\Voyager\voyager1\mag\48s\reviewed_vim\2022\voyager1_48s_mag-vim_20220101_v01.cdf,C:\Users\Administrator\Documents\FWD_matlab\Voyager_fu\Voyager_Interstellar_Monthly\HighestPrecision_Segments\V1_MAG48s_segment_0356_20220326T020028_20220326T044340.png,ok,
1,357,2022-03-26 09:28:28,2022-03-26 13:23:40,3.91991999993218,293,48.383,144.288,7200,240,Z:\SPART-WORK\Data\Voyager\voyager1\mag\48s\reviewed_vim\2022\voyager1_48s_mag-vim_20220101_v01.cdf,C:\Users\Administrator\Documents\FWD_matlab\Voyager_fu\Voyager_Interstellar_Monthly\HighestPrecision_Segments\V1_MAG48s_segment_0357_20220326T092828_20220326T132340.png,ok,
1,358,2022-03-27 01:52:28,2022-03-27 04:43:40,2.85336027777778,212,48.383,191.808,7200,240,Z:\SPART-WORK\Data\Voyager\voyager1\mag\48s\reviewed_vim\2022\voyager1_48s_mag-vim_20220101_v01.cdf,C:\Users\Administrator\Documents\FWD_matlab\Voyager_fu\Voyager_Interstellar_Monthly\HighestPrecision_Segments\V1_MAG48s_segment_0358_20220327T015228_20220327T044340.png,ok,
1,359,2022-03-27 09:28:28,2022-03-27 13:23:40,3.91991999993218,293,48.383,144.288,7200,240,Z:\SPART-WORK\Data\Voyager\voyager1\mag\48s\reviewed_vim\2022\voyager1_48s_mag-vim_20220101_v01.cdf,C:\Users\Administrator\Documents\FWD_matlab\Voyager_fu\Voyager_Interstellar_Monthly\HighestPrecision_Segments\V1_MAG48s_segment_0359_20220327T092828_20220327T132340.png,ok,
1,360,2022-03-28 01:49:16,2022-03-28 04:38:52,2.82647972222222,212,48.383,95.903,7200,240,Z:\SPART-WORK\Data\Voyager\voyager1\mag\48s\reviewed_vim\2022\voyager1_48s_mag-vim_20220101_v01.cdf,C:\Users\Administrator\Documents\FWD_matlab\Voyager_fu\Voyager_Interstellar_Monthly\HighestPrecision_Segments\V1_MAG48s_segment_0360_20220328T014916_20220328T043852.png,ok,
1,361,2022-03-28 09:22:05,2022-03-28 13:23:40,4.02648,303,48.383,48.385,7200,240,Z:\SPART-WORK\Data\Voyager\voyager1\mag\48s\reviewed_vim\2022\voyager1_48s_mag-vim_20220101_v01.cdf,C:\Users\Administrator\Documents\FWD_matlab\Voyager_fu\Voyager_Interstellar_Monthly\HighestPrecision_Segments\V1_MAG48s_segment_0361_20220328T092205_20220328T132340.png,ok,
1,362,2022-03-29 01:49:16,2022-03-29 04:33:16,2.73311972222222,205,48.383,95.903,7200,240,Z:\SPART-WORK\Data\Voyager\voyager1\mag\48s\reviewed_vim\2022\voyager1_48s_mag-vim_20220101_v01.cdf,C:\Users\Administrator\Documents\FWD_matlab\Voyager_fu\Voyager_Interstellar_Monthly\HighestPrecision_Segments\V1_MAG48s_segment_0362_20220329T014916_20220329T043316.png,ok,
1,363,2022-03-29 09:31:40,2022-03-29 15:13:16,5.69327972222222,335,48.383,4080.672,7200,240,Z:\SPART-WORK\Data\Voyager\voyager1\mag\48s\reviewed_vim\2022\voyager1_48s_mag-vim_20220101_v01.cdf,C:\Users\Administrator\Documents\FWD_matlab\Voyager_fu\Voyager_Interstellar_Monthly\HighestPrecision_Segments\V1_MAG48s_segment_0363_20220329T093140_20220329T151316.png,ok,
1,364,2022-03-30 09:14:04,2022-03-30 14:03:40,4.82664,362,48.383,96.768,7200,240,Z:\SPART-WORK\Data\Voyager\voyager1\mag\48s\reviewed_vim\2022\voyager1_48s_mag-vim_20220101_v01.cdf,C:\Users\Administrator\Documents\FWD_matlab\Voyager_fu\Voyager_Interstellar_Monthly\HighestPrecision_Segments\V1_MAG48s_segment_0364_20220330T091404_20220330T140340.png,ok,
1,365,2022-03-31 01:38:04,2022-03-31 04:23:40,2.75999972222222,198,48.383,240.192,7200,240,Z:\SPART-WORK\Data\Voyager\voyager1\mag\48s\reviewed_vim\2022\voyager1_48s_mag-vim_20220101_v01.cdf,C:\Users\Administrator\Documents\FWD_matlab\Voyager_fu\Voyager_Interstellar_Monthly\HighestPrecision_Segments\V1_MAG48s_segment_0365_20220331T013804_20220331T042340.png,ok,
1,366,2022-03-31 09:14:04,2022-03-31 09:24:28,0.173519722222222,13,48.383,96.768,7200,240,Z:\SPART-WORK\Data\Voyager\voyager1\mag\48s\reviewed_vim\2022\voyager1_48s_mag-vim_20220101_v01.cdf,C:\Users\Administrator\Documents\FWD_matlab\Voyager_fu\Voyager_Interstellar_Monthly\HighestPrecision_Segments\V1_MAG48s_segment_0366_20220331T091404_20220331T092428.png,ok,
1,367,2022-03-31 12:16:28,2022-03-31 16:08:28,3.86664027777778,288,48.383,191.807,7200,240,Z:\SPART-WORK\Data\Voyager\voyager1\mag\48s\reviewed_vim\2022\voyager1_48s_mag-vim_20220101_v01.cdf,C:\Users\Administrator\Documents\FWD_matlab\Voyager_fu\Voyager_Interstellar_Monthly\HighestPrecision_Segments\V1_MAG48s_segment_0367_20220331T121628_20220331T160828.png,ok,
1,368,2022-04-01 01:31:40,2022-04-01 04:23:40,2.8668,216,48.383,48.385,7200,240,Z:\SPART-WORK\Data\Voyager\voyager1\mag\48s\reviewed_vim\2022\voyager1_48s_mag-vim_20220101_v01.cdf,C:\Users\Administrator\Documents\FWD_matlab\Voyager_fu\Voyager_Interstellar_Monthly\HighestPrecision_Segments\V1_MAG48s_segment_0368_20220401T013140_20220401T042340.png,ok,
1,369,2022-04-01 09:07:40,2022-04-01 13:23:40,4.26671972222222,318,48.383,191.809,7200,240,Z:\SPART-WORK\Data\Voyager\voyager1\mag\48s\reviewed_vim\2022\voyager1_48s_mag-vim_20220101_v01.cdf,C:\Users\Administrator\Documents\FWD_matlab\Voyager_fu\Voyager_Interstellar_Monthly\HighestPrecision_Segments\V1_MAG48s_segment_0369_20220401T090740_20220401T132340.png,ok,
1,370,2022-04-02 01:28:28,2022-04-02 06:43:40,5.25336,385,48.383,287.712999755859,7200,240,Z:\SPART-WORK\Data\Voyager\voyager1\mag\48s\reviewed_vim\2022\voyager1_48s_mag-vim_20220101_v01.cdf,C:\Users\Administrator\Documents\FWD_matlab\Voyager_fu\Voyager_Interstellar_Monthly\HighestPrecision_Segments\V1_MAG48s_segment_0370_20220402T012828_20220402T064340.png,ok,
1,371,2022-04-02 09:04:28,2022-04-02 11:28:27,2.39975972222222,180,48.383,95.904,7200,240,Z:\SPART-WORK\Data\Voyager\voyager1\mag\48s\reviewed_vim\2022\voyager1_48s_mag-vim_20220101_v01.cdf,C:\Users\Administrator\Documents\FWD_matlab\Voyager_fu\Voyager_Interstellar_Monthly\HighestPrecision_Segments\V1_MAG48s_segment_0371_20220402T090428_20220402T112827.png,ok,
1,372,2022-04-03 01:28:28,2022-04-03 04:14:04,2.75999972222222,206,48.383,143.424,7200,240,Z:\SPART-WORK\Data\Voyager\voyager1\mag\48s\reviewed_vim\2022\voyager1_48s_mag-vim_20220101_v01.cdf,C:\Users\Administrator\Documents\FWD_matlab\Voyager_fu\Voyager_Interstellar_Monthly\HighestPrecision_Segments\V1_MAG48s_segment_0372_20220403T012828_20220403T041404.png,ok,
1,373,2022-04-03 08:58:04,2022-04-03 15:03:40,6.09335972222222,455,48.383,191.809,7200,240,Z:\SPART-WORK\Data\Voyager\voyager1\mag\48s\reviewed_vim\2022\voyager1_48s_mag-vim_20220101_v01.cdf,C:\Users\Administrator\Documents\FWD_matlab\Voyager_fu\Voyager_Interstellar_Monthly\HighestPrecision_Segments\V1_MAG48s_segment_0373_20220403T085804_20220403T150340.png,ok,
1,374,2022-04-04 01:22:03,2022-04-04 04:18:52,2.94672027770996,222,48.383,48.385,7200,240,Z:\SPART-WORK\Data\Voyager\voyager1\mag\48s\reviewed_vim\2022\voyager1_48s_mag-vim_20220101_v01.cdf,C:\Users\Administrator\Documents\FWD_matlab\Voyager_fu\Voyager_Interstellar_Monthly\HighestPrecision_Segments\V1_MAG48s_segment_0374_20220404T012203_20220404T041852.png,ok,
1,375,2022-04-04 09:07:40,2022-04-04 15:08:28,6.0132,449,48.383,191.809,7200,240,Z:\SPART-WORK\Data\Voyager\voyager1\mag\48s\reviewed_vim\2022\voyager1_48s_mag-vim_20220101_v01.cdf,C:\Users\Administrator\Documents\FWD_matlab\Voyager_fu\Voyager_Interstellar_Monthly\HighestPrecision_Segments\V1_MAG48s_segment_0375_20220404T090740_20220404T150828.png,ok,
1,376,2022-04-05 01:18:52,2022-04-05 08:38:52,7.33344,549,48.383,143.424,7200,240,Z:\SPART-WORK\Data\Voyager\voyager1\mag\48s\reviewed_vim\2022\voyager1_48s_mag-vim_20220101_v01.cdf,C:\Users\Administrator\Documents\FWD_matlab\Voyager_fu\Voyager_Interstellar_Monthly\HighestPrecision_Segments\V1_MAG48s_segment_0376_20220405T011852_20220405T083852.png,ok,
1,377,2022-04-06 01:14:04,2022-04-06 04:03:39,2.82648027777778,212,48.383,95.904,7200,240,Z:\SPART-WORK\Data\Voyager\voyager1\mag\48s\reviewed_vim\2022\voyager1_48s_mag-vim_20220101_v01.cdf,C:\Users\Administrator\Documents\FWD_matlab\Voyager_fu\Voyager_Interstellar_Monthly\HighestPrecision_Segments\V1_MAG48s_segment_0377_20220406T011404_20220406T040339.png,ok,
1,378,2022-04-06 08:46:52,2022-04-06 12:34:04,3.78672,285,48.383,48.385,7200,240,Z:\SPART-WORK\Data\Voyager\voyager1\mag\48s\reviewed_vim\2022\voyager1_48s_mag-vim_20220101_v01.cdf,C:\Users\Administrator\Documents\FWD_matlab\Voyager_fu\Voyager_Interstellar_Monthly\HighestPrecision_Segments\V1_MAG48s_segment_0378_20220406T084652_20220406T123404.png,ok,
1,379,2022-04-07 01:07:39,2022-04-07 05:03:40,3.93336027770996,282,48.383,384.481,7200,240,Z:\SPART-WORK\Data\Voyager\voyager1\mag\48s\reviewed_vim\2022\voyager1_48s_mag-vim_20220101_v01.cdf,C:\Users\Administrator\Documents\FWD_matlab\Voyager_fu\Voyager_Interstellar_Monthly\HighestPrecision_Segments\V1_MAG48s_segment_0379_20220407T010739_20220407T050340.png,ok,
1,380,2022-04-07 08:43:40,2022-04-07 11:18:52,2.58672027777778,193,48.383,144.289,7200,240,Z:\SPART-WORK\Data\Voyager\voyager1\mag\48s\reviewed_vim\2022\voyager1_48s_mag-vim_20220101_v01.cdf,C:\Users\Administrator\Documents\FWD_matlab\Voyager_fu\Voyager_Interstellar_Monthly\HighestPrecision_Segments\V1_MAG48s_segment_0380_20220407T084340_20220407T111852.png,ok,
1,381,2022-04-08 01:07:39,2022-04-08 03:58:52,2.85336027770996,212,48.383,191.807,7200,240,Z:\SPART-WORK\Data\Voyager\voyager1\mag\48s\reviewed_vim\2022\voyager1_48s_mag-vim_20220101_v01.cdf,C:\Users\Administrator\Documents\FWD_matlab\Voyager_fu\Voyager_Interstellar_Monthly\HighestPrecision_Segments\V1_MAG48s_segment_0381_20220408T010739_20220408T035852.png,ok,
1,382,2022-04-08 10:27:40,2022-04-08 14:23:40,3.93336027770996,293,48.383,192.672999755859,7200,240,Z:\SPART-WORK\Data\Voyager\voyager1\mag\48s\reviewed_vim\2022\voyager1_48s_mag-vim_20220101_v01.cdf,C:\Users\Administrator\Documents\FWD_matlab\Voyager_fu\Voyager_Interstellar_Monthly\HighestPrecision_Segments\V1_MAG48s_segment_0382_20220408T102740_20220408T142340.png,ok,
1,383,2022-04-09 03:09:16,2022-04-09 05:34:03,2.41320000006782,174,48.383,336.096,7200,240,Z:\SPART-WORK\Data\Voyager\voyager1\mag\48s\reviewed_vim\2022\voyager1_48s_mag-vim_20220101_v01.cdf,C:\Users\Administrator\Documents\FWD_matlab\Voyager_fu\Voyager_Interstellar_Monthly\HighestPrecision_Segments\V1_MAG48s_segment_0383_20220409T030916_20220409T053403.png,ok,
1,384,2022-04-09 08:34:03,2022-04-09 11:14:03,2.66664027770996,199,48.383,144.288,7200,240,Z:\SPART-WORK\Data\Voyager\voyager1\mag\48s\reviewed_vim\2022\voyager1_48s_mag-vim_20220101_v01.cdf,C:\Users\Administrator\Documents\FWD_matlab\Voyager_fu\Voyager_Interstellar_Monthly\HighestPrecision_Segments\V1_MAG48s_segment_0384_20220409T083403_20220409T111403.png,ok,
1,385,2022-04-10 00:58:03,2022-04-10 04:54:04,3.93360027777778,293,48.383,191.809,7200,240,Z:\SPART-WORK\Data\Voyager\voyager1\mag\48s\reviewed_vim\2022\voyager1_48s_mag-vim_20220101_v01.cdf,C:\Users\Administrator\Documents\FWD_matlab\Voyager_fu\Voyager_Interstellar_Monthly\HighestPrecision_Segments\V1_MAG48s_segment_0385_20220410T005803_20220410T045404.png,ok,
1,386,2022-04-10 12:29:15,2022-04-10 17:08:27,4.65336,349,48.383,96.768,7200,240,Z:\SPART-WORK\Data\Voyager\voyager1\mag\48s\reviewed_vim\2022\voyager1_48s_mag-vim_20220101_v01.cdf,C:\Users\Administrator\Documents\FWD_matlab\Voyager_fu\Voyager_Interstellar_Monthly\HighestPrecision_Segments\V1_MAG48s_segment_0386_20220410T122915_20220410T170827.png,ok,
1,387,2022-04-11 00:54:51,2022-04-11 12:23:39,11.4799197222222,855,48.383,191.809,7200,240,Z:\SPART-WORK\Data\Voyager\voyager1\mag\48s\reviewed_vim\2022\voyager1_48s_mag-vim_20220101_v01.cdf,C:\Users\Administrator\Documents\FWD_matlab\Voyager_fu\Voyager_Interstellar_Monthly\HighestPrecision_Segments\V1_MAG48s_segment_0387_20220411T005451_20220411T122339.png,ok,
1,388,2022-04-12 08:22:51,2022-04-12 09:24:27,1.02672027777778,75,48.383,191.807999755859,7200,240,Z:\SPART-WORK\Data\Voyager\voyager1\mag\48s\reviewed_vim\2022\voyager1_48s_mag-vim_20220101_v01.cdf,C:\Users\Administrator\Documents\FWD_matlab\Voyager_fu\Voyager_Interstellar_Monthly\HighestPrecision_Segments\V1_MAG48s_segment_0388_20220412T082251_20220412T092427.png,ok,
1,389,2022-04-12 11:33:16,2022-04-12 12:18:51,0.759839722222222,56,48.383,144.288999755859,7200,240,Z:\SPART-WORK\Data\Voyager\voyager1\mag\48s\reviewed_vim\2022\voyager1_48s_mag-vim_20220101_v01.cdf,C:\Users\Administrator\Documents\FWD_matlab\Voyager_fu\Voyager_Interstellar_Monthly\HighestPrecision_Segments\V1_MAG48s_segment_0389_20220412T113316_20220412T121851.png,ok,
1,390,2022-04-13 00:46:52,2022-04-13 03:34:04,2.78664,210,48.383,48.385,7200,240,Z:\SPART-WORK\Data\Voyager\voyager1\mag\48s\reviewed_vim\2022\voyager1_48s_mag-vim_20220101_v01.cdf,C:\Users\Administrator\Documents\FWD_matlab\Voyager_fu\Voyager_Interstellar_Monthly\HighestPrecision_Segments\V1_MAG48s_segment_0390_20220413T004652_20220413T033404.png,ok,
1,391,2022-04-13 08:19:39,2022-04-13 13:34:03,5.23991972222222,393,48.383,95.904,7200,240,Z:\SPART-WORK\Data\Voyager\voyager1\mag\48s\reviewed_vim\2022\voyager1_48s_mag-vim_20220101_v01.cdf,C:\Users\Administrator\Documents\FWD_matlab\Voyager_fu\Voyager_Interstellar_Monthly\HighestPrecision_Segments\V1_MAG48s_segment_0391_20220413T081939_20220413T133403.png,ok,
1,392,2022-04-14 00:43:39,2022-04-14 04:18:51,3.58656,258,48.383,336.096,7200,240,Z:\SPART-WORK\Data\Voyager\voyager1\mag\48s\reviewed_vim\2022\voyager1_48s_mag-vim_20220101_v01.cdf,C:\Users\Administrator\Documents\FWD_matlab\Voyager_fu\Voyager_Interstellar_Monthly\HighestPrecision_Segments\V1_MAG48s_segment_0392_20220414T004339_20220414T041851.png,ok,
1,393,2022-04-14 08:11:39,2022-04-14 12:08:27,3.94656,297,48.383,48.385,7200,240,Z:\SPART-WORK\Data\Voyager\voyager1\mag\48s\reviewed_vim\2022\voyager1_48s_mag-vim_20220101_v01.cdf,C:\Users\Administrator\Documents\FWD_matlab\Voyager_fu\Voyager_Interstellar_Monthly\HighestPrecision_Segments\V1_MAG48s_segment_0393_20220414T081139_20220414T120827.png,ok,
1,394,2022-04-14 18:34:04,2022-04-14 19:34:03,0.999839722222222,75,48.383,95.904,7200,240,Z:\SPART-WORK\Data\Voyager\voyager1\mag\48s\reviewed_vim\2022\voyager1_48s_mag-vim_20220101_v01.cdf,C:\Users\Administrator\Documents\FWD_matlab\Voyager_fu\Voyager_Interstellar_Monthly\HighestPrecision_Segments\V1_MAG48s_segment_0394_20220414T183404_20220414T193403.png,ok,
1,395,2022-04-15 00:37:16,2022-04-15 04:34:03,3.94655972222222,297,48.383,48.385,7200,240,Z:\SPART-WORK\Data\Voyager\voyager1\mag\48s\reviewed_vim\2022\voyager1_48s_mag-vim_20220101_v01.cdf,C:\Users\Administrator\Documents\FWD_matlab\Voyager_fu\Voyager_Interstellar_Monthly\HighestPrecision_Segments\V1_MAG48s_segment_0395_20220415T003716_20220415T043403.png,ok,
1,396,2022-04-15 08:11:39,2022-04-15 11:58:51,3.78672,285,48.383,48.385,7200,240,Z:\SPART-WORK\Data\Voyager\voyager1\mag\48s\reviewed_vim\2022\voyager1_48s_mag-vim_20220101_v01.cdf,C:\Users\Administrator\Documents\FWD_matlab\Voyager_fu\Voyager_Interstellar_Monthly\HighestPrecision_Segments\V1_MAG48s_segment_0396_20220415T081139_20220415T115851.png,ok,
1,397,2022-04-16 00:32:27,2022-04-16 04:29:15,3.94679972229004,291,48.383,192.672,7200,240,Z:\SPART-WORK\Data\Voyager\voyager1\mag\48s\reviewed_vim\2022\voyager1_48s_mag-vim_20220101_v01.cdf,C:\Users\Administrator\Documents\FWD_matlab\Voyager_fu\Voyager_Interstellar_Monthly\HighestPrecision_Segments\V1_MAG48s_segment_0397_20220416T003227_20220416T042915.png,ok,
1,398,2022-04-16 08:03:40,2022-04-16 12:03:39,3.99983972229004,300,48.383,95.904,7200,240,Z:\SPART-WORK\Data\Voyager\voyager1\mag\48s\reviewed_vim\2022\voyager1_48s_mag-vim_20220101_v01.cdf,C:\Users\Administrator\Documents\FWD_matlab\Voyager_fu\Voyager_Interstellar_Monthly\HighestPrecision_Segments\V1_MAG48s_segment_0398_20220416T080340_20220416T120339.png,ok,
1,399,2022-04-17 00:29:15,2022-04-17 05:38:51,5.16000027777778,387,48.383,95.904,7200,240,Z:\SPART-WORK\Data\Voyager\voyager1\mag\48s\reviewed_vim\2022\voyager1_48s_mag-vim_20220101_v01.cdf,C:\Users\Administrator\Documents\FWD_matlab\Voyager_fu\Voyager_Interstellar_Monthly\HighestPrecision_Segments\V1_MAG48s_segment_0399_20220417T002915_20220417T053851.png,ok,
1,400,2022-04-18 00:29:15,2022-04-18 12:23:39,11.90664,828,48.383,3167.424,7200,240,Z:\SPART-WORK\Data\Voyager\voyager1\mag\48s\reviewed_vim\2022\voyager1_48s_mag-vim_20220101_v01.cdf,C:\Users\Administrator\Documents\FWD_matlab\Voyager_fu\Voyager_Interstellar_Monthly\HighestPrecision_Segments\V1_MAG48s_segment_0400_20220418T002915_20220418T122339.png,ok,
1,401,2022-04-19 00:22:52,2022-04-19 03:09:15,2.77319999993218,206,48.383,192.672,7200,240,Z:\SPART-WORK\Data\Voyager\voyager1\mag\48s\reviewed_vim\2022\voyager1_48s_mag-vim_20220101_v01.cdf,C:\Users\Administrator\Documents\FWD_matlab\Voyager_fu\Voyager_Interstellar_Monthly\HighestPrecision_Segments\V1_MAG48s_segment_0401_20220419T002252_20220419T030915.png,ok,
1,402,2022-04-19 11:23:39,2022-04-19 17:03:40,5.66688,424,48.383,144.289,7200,240,Z:\SPART-WORK\Data\Voyager\voyager1\mag\48s\reviewed_vim\2022\voyager1_48s_mag-vim_20220101_v01.cdf,C:\Users\Administrator\Documents\FWD_matlab\Voyager_fu\Voyager_Interstellar_Monthly\HighestPrecision_Segments\V1_MAG48s_segment_0402_20220419T112339_20220419T170340.png,ok,
1,403,2022-04-20 00:22:52,2022-04-20 06:09:15,5.77319999993218,431,48.383,192.672,7200,240,Z:\SPART-WORK\Data\Voyager\voyager1\mag\48s\reviewed_vim\2022\voyager1_48s_mag-vim_20220101_v01.cdf,C:\Users\Administrator\Documents\FWD_matlab\Voyager_fu\Voyager_Interstellar_Monthly\HighestPrecision_Segments\V1_MAG48s_segment_0403_20220420T002252_20220420T060915.png,ok,
1,404,2022-04-20 23:59:39,2022-04-21 04:09:15,4.16016027777778,302,48.383,336.096,7200,240,Z:\SPART-WORK\Data\Voyager\voyager1\mag\48s\reviewed_vim\2022\voyager1_48s_mag-vim_20220101_v01.cdf,C:\Users\Administrator\Documents\FWD_matlab\Voyager_fu\Voyager_Interstellar_Monthly\HighestPrecision_Segments\V1_MAG48s_segment_0404_20220420T235939_20220421T040915.png,ok,
1,405,2022-04-22 00:08:27,2022-04-22 02:58:51,2.84016,204,48.383,479.52,7200,240,Z:\SPART-WORK\Data\Voyager\voyager1\mag\48s\reviewed_vim\2022\voyager1_48s_mag-vim_20220101_v01.cdf,C:\Users\Administrator\Documents\FWD_matlab\Voyager_fu\Voyager_Interstellar_Monthly\HighestPrecision_Segments\V1_MAG48s_segment_0405_20220422T000827_20220422T025851.png,ok,
1,406,2022-04-22 07:58:51,2022-04-22 12:34:03,4.58664027770996,343,48.383,143.424,7200,240,Z:\SPART-WORK\Data\Voyager\voyager1\mag\48s\reviewed_vim\2022\voyager1_48s_mag-vim_20220101_v01.cdf,C:\Users\Administrator\Documents\FWD_matlab\Voyager_fu\Voyager_Interstellar_Monthly\HighestPrecision_Segments\V1_MAG48s_segment_0406_20220422T075851_20220422T123403.png,ok,
1,407,2022-04-23 00:06:51,2022-04-23 02:54:03,2.78663972222222,209,48.383,95.904,7200,240,Z:\SPART-WORK\Data\Voyager\voyager1\mag\48s\reviewed_vim\2022\voyager1_48s_mag-vim_20220101_v01.cdf,C:\Users\Administrator\Documents\FWD_matlab\Voyager_fu\Voyager_Interstellar_Monthly\HighestPrecision_Segments\V1_MAG48s_segment_0407_20220423T000651_20220423T025403.png,ok,
1,408,2022-04-23 07:38:02,2022-04-23 18:23:39,10.7601599999322,805,48.383,191.809,7200,240,Z:\SPART-WORK\Data\Voyager\voyager1\mag\48s\reviewed_vim\2022\voyager1_48s_mag-vim_20220101_v01.cdf,C:\Users\Administrator\Documents\FWD_matlab\Voyager_fu\Voyager_Interstellar_Monthly\HighestPrecision_Segments\V1_MAG48s_segment_0408_20220423T073802_20220423T182339.png,ok,
1,409,2022-04-23 23:58:51,2022-04-24 06:38:51,6.66671972229004,499,48.383,144.288,7200,240,Z:\SPART-WORK\Data\Voyager\voyager1\mag\48s\reviewed_vim\2022\voyager1_48s_mag-vim_20220101_v01.cdf,C:\Users\Administrator\Documents\FWD_matlab\Voyager_fu\Voyager_Interstellar_Monthly\HighestPrecision_Segments\V1_MAG48s_segment_0409_20220423T235851_20220424T063851.png,ok,
1,410,2022-04-25 00:11:38,2022-04-25 08:09:15,7.96007999993218,598,48.383,48.385,7200,240,Z:\SPART-WORK\Data\Voyager\voyager1\mag\48s\reviewed_vim\2022\voyager1_48s_mag-vim_20220101_v01.cdf,C:\Users\Administrator\Documents\FWD_matlab\Voyager_fu\Voyager_Interstellar_Monthly\HighestPrecision_Segments\V1_MAG48s_segment_0410_20220425T001138_20220425T080915.png,ok,
1,411,2022-04-26 00:46:51,2022-04-26 02:43:39,1.94664027770996,147,48.383,48.385,7200,240,Z:\SPART-WORK\Data\Voyager\voyager1\mag\48s\reviewed_vim\2022\voyager1_48s_mag-vim_20220101_v01.cdf,C:\Users\Administrator\Documents\FWD_matlab\Voyager_fu\Voyager_Interstellar_Monthly\HighestPrecision_Segments\V1_MAG48s_segment_0411_20220426T004651_20220426T024339.png,ok,
1,412,2022-04-26 07:26:51,2022-04-26 14:09:15,6.70655972222222,411,48.383,4080.67199975586,7200,240,Z:\SPART-WORK\Data\Voyager\voyager1\mag\48s\reviewed_vim\2022\voyager1_48s_mag-vim_20220101_v01.cdf,C:\Users\Administrator\Documents\FWD_matlab\Voyager_fu\Voyager_Interstellar_Monthly\HighestPrecision_Segments\V1_MAG48s_segment_0412_20220426T072651_20220426T140915.png,ok,
1,413,2022-04-26 23:54:03,2022-04-27 00:23:39,0.49344,37,48.383,95.904,7200,240,Z:\SPART-WORK\Data\Voyager\voyager1\mag\48s\reviewed_vim\2022\voyager1_48s_mag-vim_20220101_v01.cdf,C:\Users\Administrator\Documents\FWD_matlab\Voyager_fu\Voyager_Interstellar_Monthly\HighestPrecision_Segments\V1_MAG48s_segment_0413_20220426T235403_20220427T002339.png,ok,
1,414,2022-04-27 02:56:27,2022-04-27 05:29:15,2.54664,158,48.383,336.096,7200,240,Z:\SPART-WORK\Data\Voyager\voyager1\mag\48s\reviewed_vim\2022\voyager1_48s_mag-vim_20220101_v01.cdf,C:\Users\Administrator\Documents\FWD_matlab\Voyager_fu\Voyager_Interstellar_Monthly\HighestPrecision_Segments\V1_MAG48s_segment_0414_20220427T025627_20220427T052915.png,ok,
1,415,2022-04-27 08:08:26,2022-04-27 08:59:39,0.853439722222222,63,48.383,143.424,7200,240,Z:\SPART-WORK\Data\Voyager\voyager1\mag\48s\reviewed_vim\2022\voyager1_48s_mag-vim_20220101_v01.cdf,C:\Users\Administrator\Documents\FWD_matlab\Voyager_fu\Voyager_Interstellar_Monthly\HighestPrecision_Segments\V1_MAG48s_segment_0415_20220427T080826_20220427T085939.png,ok,
1,416,2022-04-27 15:41:15,2022-04-27 16:09:15,0.466800277777778,35,48.383,95.904,7200,240,Z:\SPART-WORK\Data\Voyager\voyager1\mag\48s\reviewed_vim\2022\voyager1_48s_mag-vim_20220101_v01.cdf,C:\Users\Administrator\Documents\FWD_matlab\Voyager_fu\Voyager_Interstellar_Monthly\HighestPrecision_Segments\V1_MAG48s_segment_0416_20220427T154115_20220427T160915.png,ok,
1,417,2022-04-27 23:47:38,2022-04-28 11:18:51,11.5202397222222,759,48.383,3792.096,7200,240,Z:\SPART-WORK\Data\Voyager\voyager1\mag\48s\reviewed_vim\2022\voyager1_48s_mag-vim_20220101_v01.cdf,C:\Users\Administrator\Documents\FWD_matlab\Voyager_fu\Voyager_Interstellar_Monthly\HighestPrecision_Segments\V1_MAG48s_segment_0417_20220427T234738_20220428T111851.png,ok,
1,418,2022-04-28 23:42:50,2022-04-29 02:34:03,2.85335999993218,215,48.383,48.385,7200,240,Z:\SPART-WORK\Data\Voyager\voyager1\mag\48s\reviewed_vim\2022\voyager1_48s_mag-vim_20220101_v01.cdf,C:\Users\Administrator\Documents\FWD_matlab\Voyager_fu\Voyager_Interstellar_Monthly\HighestPrecision_Segments\V1_MAG48s_segment_0418_20220428T234250_20220429T023403.png,ok,
1,419,2022-04-29 07:17:15,2022-04-29 13:18:51,6.02664,453,48.383,48.385,7200,240,Z:\SPART-WORK\Data\Voyager\voyager1\mag\48s\reviewed_vim\2022\voyager1_48s_mag-vim_20220101_v01.cdf,C:\Users\Administrator\Documents\FWD_matlab\Voyager_fu\Voyager_Interstellar_Monthly\HighestPrecision_Segments\V1_MAG48s_segment_0419_20220429T071715_20220429T131851.png,ok,
1,420,2022-04-29 23:54:03,2022-04-30 09:38:51,9.74664,709,48.383,576.288,7200,240,Z:\SPART-WORK\Data\Voyager\voyager1\mag\48s\reviewed_vim\2022\voyager1_48s_mag-vim_20220101_v01.cdf,C:\Users\Administrator\Documents\FWD_matlab\Voyager_fu\Voyager_Interstellar_Monthly\HighestPrecision_Segments\V1_MAG48s_segment_0420_20220429T235403_20220430T093851.png,ok,
1,421,2022-04-30 23:33:14,2022-05-01 02:23:38,2.83992,212,48.383,144.288,7200,240,Z:\SPART-WORK\Data\Voyager\voyager1\mag\48s\reviewed_vim\2022\voyager1_48s_mag-vim_20220101_v01.cdf,C:\Users\Administrator\Documents\FWD_matlab\Voyager_fu\Voyager_Interstellar_Monthly\HighestPrecision_Segments\V1_MAG48s_segment_0421_20220430T233314_20220501T022338.png,ok,
1,422,2022-05-01 07:09:14,2022-05-01 11:03:39,3.90671972222222,293,48.383,95.903,7200,240,Z:\SPART-WORK\Data\Voyager\voyager1\mag\48s\reviewed_vim\2022\voyager1_48s_mag-vim_20220101_v01.cdf,C:\Users\Administrator\Documents\FWD_matlab\Voyager_fu\Voyager_Interstellar_Monthly\HighestPrecision_Segments\V1_MAG48s_segment_0422_20220501T070914_20220501T110339.png,ok,
1,423,2022-05-01 23:34:51,2022-05-02 03:29:14,3.90647972222222,269,48.383,576.288,7200,240,Z:\SPART-WORK\Data\Voyager\voyager1\mag\48s\reviewed_vim\2022\voyager1_48s_mag-vim_20220101_v01.cdf,C:\Users\Administrator\Documents\FWD_matlab\Voyager_fu\Voyager_Interstellar_Monthly\HighestPrecision_Segments\V1_MAG48s_segment_0423_20220501T233451_20220502T032914.png,ok,
1,424,2022-05-02 10:42:03,2022-05-02 14:54:02,4.19976,316,48.383,48.385,7200,240,Z:\SPART-WORK\Data\Voyager\voyager1\mag\48s\reviewed_vim\2022\voyager1_48s_mag-vim_20220101_v01.cdf,C:\Users\Administrator\Documents\FWD_matlab\Voyager_fu\Voyager_Interstellar_Monthly\HighestPrecision_Segments\V1_MAG48s_segment_0424_20220502T104203_20220502T145402.png,ok,
1,425,2022-05-02 23:44:26,2022-05-03 04:54:02,5.16000027777778,380,48.383,336.096,7200,240,Z:\SPART-WORK\Data\Voyager\voyager1\mag\48s\reviewed_vim\2022\voyager1_48s_mag-vim_20220101_v01.cdf,C:\Users\Administrator\Documents\FWD_matlab\Voyager_fu\Voyager_Interstellar_Monthly\HighestPrecision_Segments\V1_MAG48s_segment_0425_20220502T234426_20220503T045402.png,ok,
1,426,2022-05-03 06:59:38,2022-05-03 12:23:38,5.39999972222222,405,48.383,95.903,7200,240,Z:\SPART-WORK\Data\Voyager\voyager1\mag\48s\reviewed_vim\2022\voyager1_48s_mag-vim_20220101_v01.cdf,C:\Users\Administrator\Documents\FWD_matlab\Voyager_fu\Voyager_Interstellar_Monthly\HighestPrecision_Segments\V1_MAG48s_segment_0426_20220503T065938_20220503T122338.png,ok,
1,427,2022-05-04 07:01:14,2022-05-04 17:08:26,10.1200802777778,759,48.383,95.9030002441406,7200,240,Z:\SPART-WORK\Data\Voyager\voyager1\mag\48s\reviewed_vim\2022\voyager1_48s_mag-vim_20220101_v01.cdf,C:\Users\Administrator\Documents\FWD_matlab\Voyager_fu\Voyager_Interstellar_Monthly\HighestPrecision_Segments\V1_MAG48s_segment_0427_20220504T070114_20220504T170826.png,ok,
1,428,2022-05-04 23:17:14,2022-05-05 02:08:26,2.85336027777778,208,48.383,288.577,7200,240,Z:\SPART-WORK\Data\Voyager\voyager1\mag\48s\reviewed_vim\2022\voyager1_48s_mag-vim_20220101_v01.cdf,C:\Users\Administrator\Documents\FWD_matlab\Voyager_fu\Voyager_Interstellar_Monthly\HighestPrecision_Segments\V1_MAG48s_segment_0428_20220504T231714_20220505T020826.png,ok,
1,429,2022-05-05 08:43:38,2022-05-05 16:34:02,7.84007972222222,587,48.383,144.289,7200,240,Z:\SPART-WORK\Data\Voyager\voyager1\mag\48s\reviewed_vim\2022\voyager1_48s_mag-vim_20220101_v01.cdf,C:\Users\Administrator\Documents\FWD_matlab\Voyager_fu\Voyager_Interstellar_Monthly\HighestPrecision_Segments\V1_MAG48s_segment_0429_20220505T084338_20220505T163402.png,ok,
1,430,2022-05-05 23:14:02,2022-05-06 02:34:03,3.33335972222222,249,48.383,144.287999755859,7200,240,Z:\SPART-WORK\Data\Voyager\voyager1\mag\48s\reviewed_vim\2022\voyager1_48s_mag-vim_20220101_v01.cdf,C:\Users\Administrator\Documents\FWD_matlab\Voyager_fu\Voyager_Interstellar_Monthly\HighestPrecision_Segments\V1_MAG48s_segment_0430_20220505T231402_20220506T023403.png,ok,
1,431,2022-05-06 06:48:27,2022-05-06 10:43:39,3.91992,293,48.383,145.153,7200,240,Z:\SPART-WORK\Data\Voyager\voyager1\mag\48s\reviewed_vim\2022\voyager1_48s_mag-vim_20220101_v01.cdf,C:\Users\Administrator\Documents\FWD_matlab\Voyager_fu\Voyager_Interstellar_Monthly\HighestPrecision_Segments\V1_MAG48s_segment_0431_20220506T064827_20220506T104339.png,ok,
1,432,2022-05-06 23:14:02,2022-05-07 03:08:27,3.90672,287,48.383,288.577,7200,240,Z:\SPART-WORK\Data\Voyager\voyager1\mag\48s\reviewed_vim\2022\voyager1_48s_mag-vim_20220101_v01.cdf,C:\Users\Administrator\Documents\FWD_matlab\Voyager_fu\Voyager_Interstellar_Monthly\HighestPrecision_Segments\V1_MAG48s_segment_0432_20220506T231402_20220507T030827.png,ok,
1,433,2022-05-07 06:42:02,2022-05-07 09:23:38,2.69327972222222,203,48.383,48.385,7200,240,Z:\SPART-WORK\Data\Voyager\voyager1\mag\48s\reviewed_vim\2022\voyager1_48s_mag-vim_20220101_v01.cdf,C:\Users\Administrator\Documents\FWD_matlab\Voyager_fu\Voyager_Interstellar_Monthly\HighestPrecision_Segments\V1_MAG48s_segment_0433_20220507T064202_20220507T092338.png,ok,
1,434,2022-05-07 23:09:14,2022-05-08 03:03:38,3.90672027770996,293,47.521,96.7679997558594,7200,240,Z:\SPART-WORK\Data\Voyager\voyager1\mag\48s\reviewed_vim\2022\voyager1_48s_mag-vim_20220101_v01.cdf,C:\Users\Administrator\Documents\FWD_matlab\Voyager_fu\Voyager_Interstellar_Monthly\HighestPrecision_Segments\V1_MAG48s_segment_0434_20220507T230914_20220508T030338.png,ok,
1,435,2022-05-08 07:54:02,2022-05-08 17:08:26,9.24,693,47.521,96.767,7200,240,Z:\SPART-WORK\Data\Voyager\voyager1\mag\48s\reviewed_vim\2022\voyager1_48s_mag-vim_20220101_v01.cdf,C:\Users\Administrator\Documents\FWD_matlab\Voyager_fu\Voyager_Interstellar_Monthly\HighestPrecision_Segments\V1_MAG48s_segment_0435_20220508T075402_20220508T170826.png,ok,
1,436,2022-05-09 01:12:26,2022-05-09 03:38:51,2.44008027777778,184,47.521,49.249,7200,240,Z:\SPART-WORK\Data\Voyager\voyager1\mag\48s\reviewed_vim\2022\voyager1_48s_mag-vim_20220101_v01.cdf,C:\Users\Administrator\Documents\FWD_matlab\Voyager_fu\Voyager_Interstellar_Monthly\HighestPrecision_Segments\V1_MAG48s_segment_0436_20220509T011226_20220509T033851.png,ok,
1,437,2022-05-09 07:36:26,2022-05-09 11:58:50,4.37328,329,47.521,49.249,7200,240,Z:\SPART-WORK\Data\Voyager\voyager1\mag\48s\reviewed_vim\2022\voyager1_48s_mag-vim_20220101_v01.cdf,C:\Users\Administrator\Documents\FWD_matlab\Voyager_fu\Voyager_Interstellar_Monthly\HighestPrecision_Segments\V1_MAG48s_segment_0437_20220509T073626_20220509T115850.png,ok,
1,438,2022-05-10 02:03:38,2022-05-10 05:58:50,3.91992,293,47.521,145.151000244141,7200,240,Z:\SPART-WORK\Data\Voyager\voyager1\mag\48s\reviewed_vim\2022\voyager1_48s_mag-vim_20220101_v01.cdf,C:\Users\Administrator\Documents\FWD_matlab\Voyager_fu\Voyager_Interstellar_Monthly\HighestPrecision_Segments\V1_MAG48s_segment_0438_20220510T020338_20220510T055850.png,ok,
1,439,2022-05-10 22:59:38,2022-05-11 02:54:02,3.90672,293,47.521,96.769,7200,240,Z:\SPART-WORK\Data\Voyager\voyager1\mag\48s\reviewed_vim\2022\voyager1_48s_mag-vim_20220101_v01.cdf,C:\Users\Administrator\Documents\FWD_matlab\Voyager_fu\Voyager_Interstellar_Monthly\HighestPrecision_Segments\V1_MAG48s_segment_0439_20220510T225938_20220511T025402.png,ok,
1,440,2022-05-11 10:37:13,2022-05-11 15:34:02,4.94688,369,47.521,192.672,7200,240,Z:\SPART-WORK\Data\Voyager\voyager1\mag\48s\reviewed_vim\2022\voyager1_48s_mag-vim_20220101_v01.cdf,C:\Users\Administrator\Documents\FWD_matlab\Voyager_fu\Voyager_Interstellar_Monthly\HighestPrecision_Segments\V1_MAG48s_segment_0440_20220511T103713_20220511T153402.png,ok,
1,441,2022-05-11 22:45:13,2022-05-12 02:48:26,4.0536,301,47.521,240.192,7200,240,Z:\SPART-WORK\Data\Voyager\voyager1\mag\48s\reviewed_vim\2022\voyager1_48s_mag-vim_20220101_v01.cdf,C:\Users\Administrator\Documents\FWD_matlab\Voyager_fu\Voyager_Interstellar_Monthly\HighestPrecision_Segments\V1_MAG48s_segment_0441_20220511T224513_20220512T024826.png,ok,
1,442,2022-05-12 22:48:25,2022-05-13 01:34:02,2.76024027770996,206,47.521,145.151,7200,240,Z:\SPART-WORK\Data\Voyager\voyager1\mag\48s\reviewed_vim\2022\voyager1_48s_mag-vim_20220101_v01.cdf,C:\Users\Administrator\Documents\FWD_matlab\Voyager_fu\Voyager_Interstellar_Monthly\HighestPrecision_Segments\V1_MAG48s_segment_0442_20220512T224825_20220513T013402.png,ok,
1,443,2022-05-13 06:18:02,2022-05-13 06:24:26,0.10656,6,48.384,190.944,7200,240,Z:\SPART-WORK\Data\Voyager\voyager1\mag\48s\reviewed_vim\2022\voyager1_48s_mag-vim_20220101_v01.cdf,C:\Users\Administrator\Documents\FWD_matlab\Voyager_fu\Voyager_Interstellar_Monthly\HighestPrecision_Segments\V1_MAG48s_segment_0443_20220513T061802_20220513T062426.png,ok,
1,444,2022-05-13 13:12:26,2022-05-13 13:38:49,0.439680277777778,32,47.521,143.423,7200,240,Z:\SPART-WORK\Data\Voyager\voyager1\mag\48s\reviewed_vim\2022\voyager1_48s_mag-vim_20220101_v01.cdf,C:\Users\Administrator\Documents\FWD_matlab\Voyager_fu\Voyager_Interstellar_Monthly\HighestPrecision_Segments\V1_MAG48s_segment_0444_20220513T131226_20220513T133849.png,ok,
1,445,2022-05-13 22:27:37,2022-05-14 04:48:25,6.3468,476,47.521,96.7689997558594,7200,240,Z:\SPART-WORK\Data\Voyager\voyager1\mag\48s\reviewed_vim\2022\voyager1_48s_mag-vim_20220101_v01.cdf,C:\Users\Administrator\Documents\FWD_matlab\Voyager_fu\Voyager_Interstellar_Monthly\HighestPrecision_Segments\V1_MAG48s_segment_0445_20220513T222737_20220514T044825.png,ok,
1,446,2022-05-14 22:38:49,2022-05-15 02:33:13,3.90672,292,47.521,145.153,7200,240,Z:\SPART-WORK\Data\Voyager\voyager1\mag\48s\reviewed_vim\2022\voyager1_48s_mag-vim_20220101_v01.cdf,C:\Users\Administrator\Documents\FWD_matlab\Voyager_fu\Voyager_Interstellar_Monthly\HighestPrecision_Segments\V1_MAG48s_segment_0446_20220514T223849_20220515T023313.png,ok,
1,447,2022-05-15 06:58:01,2022-05-15 10:53:13,3.91992,293,47.521,144.287,7200,240,Z:\SPART-WORK\Data\Voyager\voyager1\mag\48s\reviewed_vim\2022\voyager1_48s_mag-vim_20220101_v01.cdf,C:\Users\Administrator\Documents\FWD_matlab\Voyager_fu\Voyager_Interstellar_Monthly\HighestPrecision_Segments\V1_MAG48s_segment_0447_20220515T065801_20220515T105313.png,ok,
1,448,2022-05-15 22:37:13,2022-05-16 02:33:13,3.93336,293,47.521,192.672,7200,240,Z:\SPART-WORK\Data\Voyager\voyager1\mag\48s\reviewed_vim\2022\voyager1_48s_mag-vim_20220101_v01.cdf,C:\Users\Administrator\Documents\FWD_matlab\Voyager_fu\Voyager_Interstellar_Monthly\HighestPrecision_Segments\V1_MAG48s_segment_0448_20220515T223713_20220516T023313.png,ok,
1,449,2022-05-16 22:34:01,2022-05-17 03:28:25,4.9068,368,47.521,96.767,7200,240,Z:\SPART-WORK\Data\Voyager\voyager1\mag\48s\reviewed_vim\2022\voyager1_48s_mag-vim_20220101_v01.cdf,C:\Users\Administrator\Documents\FWD_matlab\Voyager_fu\Voyager_Interstellar_Monthly\HighestPrecision_Segments\V1_MAG48s_segment_0449_20220516T223401_20220517T032825.png,ok,
1,450,2022-05-17 22:11:37,2022-05-18 02:13:12,4.02648,300,47.521,190.943,7200,240,Z:\SPART-WORK\Data\Voyager\voyager1\mag\48s\reviewed_vim\2022\voyager1_48s_mag-vim_20220101_v01.cdf,C:\Users\Administrator\Documents\FWD_matlab\Voyager_fu\Voyager_Interstellar_Monthly\HighestPrecision_Segments\V1_MAG48s_segment_0450_20220517T221137_20220518T021312.png,ok,
1,451,2022-05-18 06:03:37,2022-05-18 09:58:49,3.91992,295,47.521,49.249,7200,240,Z:\SPART-WORK\Data\Voyager\voyager1\mag\48s\reviewed_vim\2022\voyager1_48s_mag-vim_20220101_v01.cdf,C:\Users\Administrator\Documents\FWD_matlab\Voyager_fu\Voyager_Interstellar_Monthly\HighestPrecision_Segments\V1_MAG48s_segment_0451_20220518T060337_20220518T095849.png,ok,
1,452,2022-05-18 22:22:50,2022-05-19 04:38:01,6.25296,468,47.521,144.289,7200,240,Z:\SPART-WORK\Data\Voyager\voyager1\mag\48s\reviewed_vim\2022\voyager1_48s_mag-vim_20220101_v01.cdf,C:\Users\Administrator\Documents\FWD_matlab\Voyager_fu\Voyager_Interstellar_Monthly\HighestPrecision_Segments\V1_MAG48s_segment_0452_20220518T222250_20220519T043801.png,ok,
1,453,2022-05-19 22:16:25,2022-05-20 03:38:01,5.36016,403,47.521,49.249,7200,240,Z:\SPART-WORK\Data\Voyager\voyager1\mag\48s\reviewed_vim\2022\voyager1_48s_mag-vim_20220101_v01.cdf,C:\Users\Administrator\Documents\FWD_matlab\Voyager_fu\Voyager_Interstellar_Monthly\HighestPrecision_Segments\V1_MAG48s_segment_0453_20220519T221625_20220520T033801.png,ok,
1,454,2022-05-20 22:11:37,2022-05-21 04:03:38,5.86679972222222,440,47.521,96.768,7200,240,Z:\SPART-WORK\Data\Voyager\voyager1\mag\48s\reviewed_vim\2022\voyager1_48s_mag-vim_20220101_v01.cdf,C:\Users\Administrator\Documents\FWD_matlab\Voyager_fu\Voyager_Interstellar_Monthly\HighestPrecision_Segments\V1_MAG48s_segment_0454_20220520T221137_20220521T040338.png,ok,
1,455,2022-05-21 21:54:01,2022-05-22 04:28:24,6.57311972222222,494,47.5209997558594,49.249,7200,240,Z:\SPART-WORK\Data\Voyager\voyager1\mag\48s\reviewed_vim\2022\voyager1_48s_mag-vim_20220101_v01.cdf,C:\Users\Administrator\Documents\FWD_matlab\Voyager_fu\Voyager_Interstellar_Monthly\HighestPrecision_Segments\V1_MAG48s_segment_0455_20220521T215401_20220522T042824.png,ok,
1,456,2022-05-22 21:55:38,2022-05-23 02:05:13,4.15968027770996,312,47.5209997558594,94.1759997558594,7200,240,Z:\SPART-WORK\Data\Voyager\voyager1\mag\48s\reviewed_vim\2022\voyager1_48s_mag-vim_20220101_v01.cdf,C:\Users\Administrator\Documents\FWD_matlab\Voyager_fu\Voyager_Interstellar_Monthly\HighestPrecision_Segments\V1_MAG48s_segment_0456_20220522T215538_20220523T020513.png,ok,
1,457,2022-05-23 22:02:02,2022-05-24 01:58:02,3.93336,293,47.5200002441406,190.945,7200,240,Z:\SPART-WORK\Data\Voyager\voyager1\mag\48s\reviewed_vim\2022\voyager1_48s_mag-vim_20220101_v01.cdf,C:\Users\Administrator\Documents\FWD_matlab\Voyager_fu\Voyager_Interstellar_Monthly\HighestPrecision_Segments\V1_MAG48s_segment_0457_20220523T220202_20220524T015802.png,ok,
1,458,2022-05-24 08:18:02,2022-05-24 13:02:48,4.74624027777778,262,47.5200002441406,4080.671,7200,240,Z:\SPART-WORK\Data\Voyager\voyager1\mag\48s\reviewed_vim\2022\voyager1_48s_mag-vim_20220101_v01.cdf,C:\Users\Administrator\Documents\FWD_matlab\Voyager_fu\Voyager_Interstellar_Monthly\HighestPrecision_Segments\V1_MAG48s_segment_0458_20220524T081802_20220524T130248.png,ok,
1,459,2022-05-25 00:18:00,2022-05-25 02:08:26,1.84032027770996,137,47.5200002441406,143.423,7200,240,Z:\SPART-WORK\Data\Voyager\voyager1\mag\48s\reviewed_vim\2022\voyager1_48s_mag-vim_20220101_v01.cdf,C:\Users\Administrator\Documents\FWD_matlab\Voyager_fu\Voyager_Interstellar_Monthly\HighestPrecision_Segments\V1_MAG48s_segment_0459_20220525T001800_20220525T020826.png,ok,
1,460,2022-05-25 21:46:02,2022-05-26 08:53:13,11.11991972229,823,47.52,383.615,7200,240,Z:\SPART-WORK\Data\Voyager\voyager1\mag\48s\reviewed_vim\2022\voyager1_48s_mag-vim_20220101_v01.cdf,C:\Users\Administrator\Documents\FWD_matlab\Voyager_fu\Voyager_Interstellar_Monthly\HighestPrecision_Segments\V1_MAG48s_segment_0460_20220525T214602_20220526T085313.png,ok,
1,461,2022-05-26 21:52:25,2022-05-27 00:38:01,2.76,205,47.52,190.943,7200,240,Z:\SPART-WORK\Data\Voyager\voyager1\mag\48s\reviewed_vim\2022\voyager1_48s_mag-vim_20220101_v01.cdf,C:\Users\Administrator\Documents\FWD_matlab\Voyager_fu\Voyager_Interstellar_Monthly\HighestPrecision_Segments\V1_MAG48s_segment_0461_20220526T215225_20220527T003801.png,ok,
1,462,2022-05-27 07:22:01,2022-05-27 09:22:49,2.01336,149,47.52,191.809,7200,240,Z:\SPART-WORK\Data\Voyager\voyager1\mag\48s\reviewed_vim\2022\voyager1_48s_mag-vim_20220101_v01.cdf,C:\Users\Administrator\Documents\FWD_matlab\Voyager_fu\Voyager_Interstellar_Monthly\HighestPrecision_Segments\V1_MAG48s_segment_0462_20220527T072201_20220527T092249.png,ok,
1,463,2022-05-27 21:42:49,2022-05-28 03:13:14,5.50679972222222,411,47.52,191.808999755859,7200,240,Z:\SPART-WORK\Data\Voyager\voyager1\mag\48s\reviewed_vim\2022\voyager1_48s_mag-vim_20220101_v01.cdf,C:\Users\Administrator\Documents\FWD_matlab\Voyager_fu\Voyager_Interstellar_Monthly\HighestPrecision_Segments\V1_MAG48s_segment_0463_20220527T214249_20220528T031314.png,ok,
1,464,2022-05-28 05:23:36,2022-05-28 10:07:38,4.73376,355,47.52,96.769,7200,240,Z:\SPART-WORK\Data\Voyager\voyager1\mag\48s\reviewed_vim\2022\voyager1_48s_mag-vim_20220101_v01.cdf,C:\Users\Administrator\Documents\FWD_matlab\Voyager_fu\Voyager_Interstellar_Monthly\HighestPrecision_Segments\V1_MAG48s_segment_0464_20220528T052336_20220528T100738.png,ok,
1,465,2022-05-28 21:41:13,2022-05-29 01:38:01,3.94656027777778,297,47.52,49.249,7200,240,Z:\SPART-WORK\Data\Voyager\voyager1\mag\48s\reviewed_vim\2022\voyager1_48s_mag-vim_20220101_v01.cdf,C:\Users\Administrator\Documents\FWD_matlab\Voyager_fu\Voyager_Interstellar_Monthly\HighestPrecision_Segments\V1_MAG48s_segment_0465_20220528T214113_20220529T013801.png,ok,
1,466,2022-05-29 06:18:00,2022-05-29 07:42:49,1.41359999993218,106,47.52,96.7689997558594,7200,240,Z:\SPART-WORK\Data\Voyager\voyager1\mag\48s\reviewed_vim\2022\voyager1_48s_mag-vim_20220101_v01.cdf,C:\Users\Administrator\Documents\FWD_matlab\Voyager_fu\Voyager_Interstellar_Monthly\HighestPrecision_Segments\V1_MAG48s_segment_0466_20220529T061800_20220529T074249.png,ok,
1,467,2022-05-29 21:36:25,2022-05-30 01:32:25,3.93311999993218,293,47.52,192.672,7200,240,Z:\SPART-WORK\Data\Voyager\voyager1\mag\48s\reviewed_vim\2022\voyager1_48s_mag-vim_20220101_v01.cdf,C:\Users\Administrator\Documents\FWD_matlab\Voyager_fu\Voyager_Interstellar_Monthly\HighestPrecision_Segments\V1_MAG48s_segment_0467_20220529T213625_20220530T013225.png,ok,
1,468,2022-05-30 14:42:01,2022-05-30 16:32:25,1.83984,127,47.52,385.344000244141,7200,240,Z:\SPART-WORK\Data\Voyager\voyager1\mag\48s\reviewed_vim\2022\voyager1_48s_mag-vim_20220101_v01.cdf,C:\Users\Administrator\Documents\FWD_matlab\Voyager_fu\Voyager_Interstellar_Monthly\HighestPrecision_Segments\V1_MAG48s_segment_0468_20220530T144201_20220530T163225.png,ok,
1,469,2022-05-30 21:31:37,2022-05-31 01:52:24,4.34639972229004,327,47.52,49.249,7200,240,Z:\SPART-WORK\Data\Voyager\voyager1\mag\48s\reviewed_vim\2022\voyager1_48s_mag-vim_20220101_v01.cdf,C:\Users\Administrator\Documents\FWD_matlab\Voyager_fu\Voyager_Interstellar_Monthly\HighestPrecision_Segments\V1_MAG48s_segment_0469_20220530T213137_20220531T015224.png,ok,
1,470,2022-05-31 21:33:13,2022-06-01 09:47:37,12.2400002777778,884,47.52,1679.616,7200,240,Z:\SPART-WORK\Data\Voyager\voyager1\mag\48s\reviewed_vim\2022\voyager1_48s_mag-vim_20220101_v01.cdf,C:\Users\Administrator\Documents\FWD_matlab\Voyager_fu\Voyager_Interstellar_Monthly\HighestPrecision_Segments\V1_MAG48s_segment_0470_20220531T213313_20220601T094737.png,ok,
1,471,2022-06-01 21:41:13,2022-06-02 03:42:49,6.02664027777778,452,47.52,94.176,7200,240,Z:\SPART-WORK\Data\Voyager\voyager1\mag\48s\reviewed_vim\2022\voyager1_48s_mag-vim_20220101_v01.cdf,C:\Users\Administrator\Documents\FWD_matlab\Voyager_fu\Voyager_Interstellar_Monthly\HighestPrecision_Segments\V1_MAG48s_segment_0471_20220601T214113_20220602T034249.png,ok,
1,472,2022-06-02 21:22:01,2022-06-03 10:07:36,12.7598402777778,947,47.52,240.192,7200,240,Z:\SPART-WORK\Data\Voyager\voyager1\mag\48s\reviewed_vim\2022\voyager1_48s_mag-vim_20220101_v01.cdf,C:\Users\Administrator\Documents\FWD_matlab\Voyager_fu\Voyager_Interstellar_Monthly\HighestPrecision_Segments\V1_MAG48s_segment_0472_20220602T212201_20220603T100736.png,ok,
1,473,2022-06-03 21:02:48,2022-06-04 07:07:36,10.0800002777778,755,47.52,143.423,7200,240,Z:\SPART-WORK\Data\Voyager\voyager1\mag\48s\reviewed_vim\2022\voyager1_48s_mag-vim_20220101_v01.cdf,C:\Users\Administrator\Documents\FWD_matlab\Voyager_fu\Voyager_Interstellar_Monthly\HighestPrecision_Segments\V1_MAG48s_segment_0473_20220603T210248_20220604T070736.png,ok,
1,474,2022-06-04 12:06:48,2022-06-04 16:12:25,4.09344,305,47.52,192.672,7200,240,Z:\SPART-WORK\Data\Voyager\voyager1\mag\48s\reviewed_vim\2022\voyager1_48s_mag-vim_20220101_v01.cdf,C:\Users\Administrator\Documents\FWD_matlab\Voyager_fu\Voyager_Interstellar_Monthly\HighestPrecision_Segments\V1_MAG48s_segment_0474_20220604T120648_20220604T161225.png,ok,
1,475,2022-06-04 21:15:37,2022-06-05 12:32:24,15.27984,1141,47.52,192.672000244141,7200,240,Z:\SPART-WORK\Data\Voyager\voyager1\mag\48s\reviewed_vim\2022\voyager1_48s_mag-vim_20220101_v01.cdf,C:\Users\Administrator\Documents\FWD_matlab\Voyager_fu\Voyager_Interstellar_Monthly\HighestPrecision_Segments\V1_MAG48s_segment_0475_20220604T211537_20220605T123224.png,ok,
1,476,2022-06-05 21:10:48,2022-06-06 04:27:36,7.27992027770996,544,47.52,192.672,7200,240,Z:\SPART-WORK\Data\Voyager\voyager1\mag\48s\reviewed_vim\2022\voyager1_48s_mag-vim_20220101_v01.cdf,C:\Users\Administrator\Documents\FWD_matlab\Voyager_fu\Voyager_Interstellar_Monthly\HighestPrecision_Segments\V1_MAG48s_segment_0476_20220605T211048_20220606T042736.png,ok,
1,477,2022-06-06 06:56:25,2022-06-06 14:47:36,7.85304,587,47.52,192.672000244141,7200,240,Z:\SPART-WORK\Data\Voyager\voyager1\mag\48s\reviewed_vim\2022\voyager1_48s_mag-vim_20220101_v01.cdf,C:\Users\Administrator\Documents\FWD_matlab\Voyager_fu\Voyager_Interstellar_Monthly\HighestPrecision_Segments\V1_MAG48s_segment_0477_20220606T065625_20220606T144736.png,ok,
1,478,2022-06-06 21:07:37,2022-06-07 03:47:37,6.66672,500,47.52,95.04,7200,240,Z:\SPART-WORK\Data\Voyager\voyager1\mag\48s\reviewed_vim\2022\voyager1_48s_mag-vim_20220101_v01.cdf,C:\Users\Administrator\Documents\FWD_matlab\Voyager_fu\Voyager_Interstellar_Monthly\HighestPrecision_Segments\V1_MAG48s_segment_0478_20220606T210737_20220607T034737.png,ok,
1,479,2022-06-07 09:12:24,2022-06-07 13:06:48,3.90672,292,47.52,145.152,7200,240,Z:\SPART-WORK\Data\Voyager\voyager1\mag\48s\reviewed_vim\2022\voyager1_48s_mag-vim_20220101_v01.cdf,C:\Users\Administrator\Documents\FWD_matlab\Voyager_fu\Voyager_Interstellar_Monthly\HighestPrecision_Segments\V1_MAG48s_segment_0479_20220607T091224_20220607T130648.png,ok,
1,480,2022-06-07 21:01:12,2022-06-08 13:52:24,16.85327972229,1260,47.52,192.672,7200,240,Z:\SPART-WORK\Data\Voyager\voyager1\mag\48s\reviewed_vim\2022\voyager1_48s_mag-vim_20220101_v01.cdf,C:\Users\Administrator\Documents\FWD_matlab\Voyager_fu\Voyager_Interstellar_Monthly\HighestPrecision_Segments\V1_MAG48s_segment_0480_20220607T210112_20220608T135224.png,ok,
1,481,2022-06-08 23:15:37,2022-06-09 03:26:48,4.18656,310,47.52,190.943,7200,240,Z:\SPART-WORK\Data\Voyager\voyager1\mag\48s\reviewed_vim\2022\voyager1_48s_mag-vim_20220101_v01.cdf,C:\Users\Administrator\Documents\FWD_matlab\Voyager_fu\Voyager_Interstellar_Monthly\HighestPrecision_Segments\V1_MAG48s_segment_0481_20220608T231537_20220609T032648.png,ok,
1,482,2022-06-09 08:37:13,2022-06-09 15:02:00,6.41327972222222,480,47.52,144.288,7200,240,Z:\SPART-WORK\Data\Voyager\voyager1\mag\48s\reviewed_vim\2022\voyager1_48s_mag-vim_20220101_v01.cdf,C:\Users\Administrator\Documents\FWD_matlab\Voyager_fu\Voyager_Interstellar_Monthly\HighestPrecision_Segments\V1_MAG48s_segment_0482_20220609T083713_20220609T150200.png,ok,
1,483,2022-06-10 01:42:48,2022-06-10 14:06:48,12.39984,916,47.52,575.423,7200,240,Z:\SPART-WORK\Data\Voyager\voyager1\mag\48s\reviewed_vim\2022\voyager1_48s_mag-vim_20220101_v01.cdf,C:\Users\Administrator\Documents\FWD_matlab\Voyager_fu\Voyager_Interstellar_Monthly\HighestPrecision_Segments\V1_MAG48s_segment_0483_20220610T014248_20220610T140648.png,ok,
1,484,2022-06-10 20:34:00,2022-06-11 03:51:36,7.29336,548,47.52,49.249,7200,240,Z:\SPART-WORK\Data\Voyager\voyager1\mag\48s\reviewed_vim\2022\voyager1_48s_mag-vim_20220101_v01.cdf,C:\Users\Administrator\Documents\FWD_matlab\Voyager_fu\Voyager_Interstellar_Monthly\HighestPrecision_Segments\V1_MAG48s_segment_0484_20220610T203400_20220611T035136.png,ok,
1,485,2022-06-11 07:26:49,2022-06-11 11:37:13,4.17336,312,47.52,145.152,7200,240,Z:\SPART-WORK\Data\Voyager\voyager1\mag\48s\reviewed_vim\2022\voyager1_48s_mag-vim_20220101_v01.cdf,C:\Users\Administrator\Documents\FWD_matlab\Voyager_fu\Voyager_Interstellar_Monthly\HighestPrecision_Segments\V1_MAG48s_segment_0485_20220611T072649_20220611T113713.png,ok,
1,486,2022-06-11 20:46:48,2022-06-12 11:36:23,14.82648,1041,47.52,3311.71199975586,7200,240,Z:\SPART-WORK\Data\Voyager\voyager1\mag\48s\reviewed_vim\2022\voyager1_48s_mag-vim_20220101_v01.cdf,C:\Users\Administrator\Documents\FWD_matlab\Voyager_fu\Voyager_Interstellar_Monthly\HighestPrecision_Segments\V1_MAG48s_segment_0486_20220611T204648_20220612T113623.png,ok,
1,487,2022-06-12 20:42:00,2022-06-13 13:02:00,16.33343972229,1147,47.52,3792.96,7200,240,Z:\SPART-WORK\Data\Voyager\voyager1\mag\48s\reviewed_vim\2022\voyager1_48s_mag-vim_20220101_v01.cdf,C:\Users\Administrator\Documents\FWD_matlab\Voyager_fu\Voyager_Interstellar_Monthly\HighestPrecision_Segments\V1_MAG48s_segment_0487_20220612T204200_20220613T130200.png,ok,
1,488,2022-06-13 20:35:36,2022-06-14 13:16:23,16.67976027771,1181,47.52,3262.46300024414,7200,240,Z:\SPART-WORK\Data\Voyager\voyager1\mag\48s\reviewed_vim\2022\voyager1_48s_mag-vim_20220101_v01.cdf,C:\Users\Administrator\Documents\FWD_matlab\Voyager_fu\Voyager_Interstellar_Monthly\HighestPrecision_Segments\V1_MAG48s_segment_0488_20220613T203536_20220614T131623.png,ok,
1,489,2022-06-14 21:34:48,2022-06-15 14:16:24,16.6934399999322,1250,47.52,191.808,7200,240,Z:\SPART-WORK\Data\Voyager\voyager1\mag\48s\reviewed_vim\2022\voyager1_48s_mag-vim_20220101_v01.cdf,C:\Users\Administrator\Documents\FWD_matlab\Voyager_fu\Voyager_Interstellar_Monthly\HighestPrecision_Segments\V1_MAG48s_segment_0489_20220614T213448_20220615T141624.png,ok,
1,490,2022-06-15 20:45:12,2022-06-16 09:41:11,12.9331197222222,931,47.5200002441406,1247.617,7200,240,Z:\SPART-WORK\Data\Voyager\voyager1\mag\48s\reviewed_vim\2022\voyager1_48s_mag-vim_20220101_v01.cdf,C:\Users\Administrator\Documents\FWD_matlab\Voyager_fu\Voyager_Interstellar_Monthly\HighestPrecision_Segments\V1_MAG48s_segment_0490_20220615T204512_20220616T094111.png,ok,
1,491,2022-06-16 20:18:00,2022-06-17 09:26:01,13.1335197222222,973,47.5209997558594,336.095,7200,240,Z:\SPART-WORK\Data\Voyager\voyager1\mag\48s\reviewed_vim\2022\voyager1_48s_mag-vim_20220101_v01.cdf,C:\Users\Administrator\Documents\FWD_matlab\Voyager_fu\Voyager_Interstellar_Monthly\HighestPrecision_Segments\V1_MAG48s_segment_0491_20220616T201800_20220617T092601.png,ok,
1,492,2022-06-17 20:06:48,2022-06-18 02:56:24,6.82656,510,47.5209997558594,192.671999755859,7200,240,Z:\SPART-WORK\Data\Voyager\voyager1\mag\48s\reviewed_vim\2022\voyager1_48s_mag-vim_20220101_v01.cdf,C:\Users\Administrator\Documents\FWD_matlab\Voyager_fu\Voyager_Interstellar_Monthly\HighestPrecision_Segments\V1_MAG48s_segment_0492_20220617T200648_20220618T025624.png,ok,
1,493,2022-06-18 08:16:24,2022-06-18 11:10:48,2.90664,218,47.5209997558594,95.905,7200,240,Z:\SPART-WORK\Data\Voyager\voyager1\mag\48s\reviewed_vim\2022\voyager1_48s_mag-vim_20220101_v01.cdf,C:\Users\Administrator\Documents\FWD_matlab\Voyager_fu\Voyager_Interstellar_Monthly\HighestPrecision_Segments\V1_MAG48s_segment_0493_20220618T081624_20220618T111048.png,ok,
1,494,2022-06-18 20:21:11,2022-06-19 01:45:59,5.41344,405,47.521,143.423,7200,240,Z:\SPART-WORK\Data\Voyager\voyager1\mag\48s\reviewed_vim\2022\voyager1_48s_mag-vim_20220101_v01.cdf,C:\Users\Administrator\Documents\FWD_matlab\Voyager_fu\Voyager_Interstellar_Monthly\HighestPrecision_Segments\V1_MAG48s_segment_0494_20220618T202111_20220619T014559.png,ok,
1,495,2022-06-19 03:49:11,2022-06-19 06:21:11,2.53344,191,47.521,49.249,7200,240,Z:\SPART-WORK\Data\Voyager\voyager1\mag\48s\reviewed_vim\2022\voyager1_48s_mag-vim_20220101_v01.cdf,C:\Users\Administrator\Documents\FWD_matlab\Voyager_fu\Voyager_Interstellar_Monthly\HighestPrecision_Segments\V1_MAG48s_segment_0495_20220619T034911_20220619T062111.png,ok,
1,496,2022-06-19 21:26:48,2022-06-20 13:10:47,15.7329602777778,1179,47.521,96.7689997558594,7200,240,Z:\SPART-WORK\Data\Voyager\voyager1\mag\48s\reviewed_vim\2022\voyager1_48s_mag-vim_20220101_v01.cdf,C:\Users\Administrator\Documents\FWD_matlab\Voyager_fu\Voyager_Interstellar_Monthly\HighestPrecision_Segments\V1_MAG48s_segment_0496_20220619T212648_20220620T131047.png,ok,
1,497,2022-06-20 20:02:00,2022-06-21 10:30:48,14.47992,881,47.521,5327.423,7200,240,Z:\SPART-WORK\Data\Voyager\voyager1\mag\48s\reviewed_vim\2022\voyager1_48s_mag-vim_20220101_v01.cdf,C:\Users\Administrator\Documents\FWD_matlab\Voyager_fu\Voyager_Interstellar_Monthly\HighestPrecision_Segments\V1_MAG48s_segment_0497_20220620T200200_20220621T103048.png,ok,
1,498,2022-06-21 20:19:35,2022-06-21 23:35:36,3.26688000006782,243,47.521,192.671,7200,240,Z:\SPART-WORK\Data\Voyager\voyager1\mag\48s\reviewed_vim\2022\voyager1_48s_mag-vim_20220101_v01.cdf,C:\Users\Administrator\Documents\FWD_matlab\Voyager_fu\Voyager_Interstellar_Monthly\HighestPrecision_Segments\V1_MAG48s_segment_0498_20220621T201935_20220621T233536.png,ok,
1,499,2022-06-22 03:54:00,2022-06-22 10:25:59,6.53304,480,47.521,241.919999755859,7200,240,Z:\SPART-WORK\Data\Voyager\voyager1\mag\48s\reviewed_vim\2022\voyager1_48s_mag-vim_20220101_v01.cdf,C:\Users\Administrator\Documents\FWD_matlab\Voyager_fu\Voyager_Interstellar_Monthly\HighestPrecision_Segments\V1_MAG48s_segment_0499_20220622T035400_20220622T102559.png,ok,
1,500,2022-06-22 19:58:48,2022-06-23 10:40:23,14.69327972229,976,47.521,3840.48,7200,240,Z:\SPART-WORK\Data\Voyager\voyager1\mag\48s\reviewed_vim\2022\voyager1_48s_mag-vim_20220101_v01.cdf,C:\Users\Administrator\Documents\FWD_matlab\Voyager_fu\Voyager_Interstellar_Monthly\HighestPrecision_Segments\V1_MAG48s_segment_0500_20220622T195848_20220623T104023.png,ok,
1,501,2022-06-23 19:55:36,2022-06-24 05:20:23,9.41328,707,47.521,49.249,7200,240,Z:\SPART-WORK\Data\Voyager\voyager1\mag\48s\reviewed_vim\2022\voyager1_48s_mag-vim_20220101_v01.cdf,C:\Users\Administrator\Documents\FWD_matlab\Voyager_fu\Voyager_Interstellar_Monthly\HighestPrecision_Segments\V1_MAG48s_segment_0501_20220623T195536_20220624T052023.png,ok,
1,502,2022-06-24 08:08:24,2022-06-24 10:05:11,1.9464,147,47.521,49.249,7200,240,Z:\SPART-WORK\Data\Voyager\voyager1\mag\48s\reviewed_vim\2022\voyager1_48s_mag-vim_20220101_v01.cdf,C:\Users\Administrator\Documents\FWD_matlab\Voyager_fu\Voyager_Interstellar_Monthly\HighestPrecision_Segments\V1_MAG48s_segment_0502_20220624T080824_20220624T100511.png,ok,
1,503,2022-06-24 19:53:59,2022-06-25 00:05:12,4.18704,309,47.521,191.809,7200,240,Z:\SPART-WORK\Data\Voyager\voyager1\mag\48s\reviewed_vim\2022\voyager1_48s_mag-vim_20220101_v01.cdf,C:\Users\Administrator\Documents\FWD_matlab\Voyager_fu\Voyager_Interstellar_Monthly\HighestPrecision_Segments\V1_MAG48s_segment_0503_20220624T195359_20220625T000512.png,ok,
1,504,2022-06-25 04:40:23,2022-06-25 10:20:23,5.66663999993218,419,47.521,192.671,7200,240,Z:\SPART-WORK\Data\Voyager\voyager1\mag\48s\reviewed_vim\2022\voyager1_48s_mag-vim_20220101_v01.cdf,C:\Users\Administrator\Documents\FWD_matlab\Voyager_fu\Voyager_Interstellar_Monthly\HighestPrecision_Segments\V1_MAG48s_segment_0504_20220625T044023_20220625T102023.png,ok,
1,505,2022-06-25 20:50:00,2022-06-26 12:15:35,15.4264797222222,1148,47.521,239.328,7200,240,Z:\SPART-WORK\Data\Voyager\voyager1\mag\48s\reviewed_vim\2022\voyager1_48s_mag-vim_20220101_v01.cdf,C:\Users\Administrator\Documents\FWD_matlab\Voyager_fu\Voyager_Interstellar_Monthly\HighestPrecision_Segments\V1_MAG48s_segment_0505_20220625T205000_20220626T121535.png,ok,
1,506,2022-06-26 19:44:23,2022-06-27 03:25:12,7.68024027777778,562,47.521,336.095,7200,240,Z:\SPART-WORK\Data\Voyager\voyager1\mag\48s\reviewed_vim\2022\voyager1_48s_mag-vim_20220101_v01.cdf,C:\Users\Administrator\Documents\FWD_matlab\Voyager_fu\Voyager_Interstellar_Monthly\HighestPrecision_Segments\V1_MAG48s_segment_0506_20220626T194423_20220627T032512.png,ok,
1,507,2022-06-27 08:19:35,2022-06-27 09:45:12,1.4268,105,47.521,192.671,7200,240,Z:\SPART-WORK\Data\Voyager\voyager1\mag\48s\reviewed_vim\2022\voyager1_48s_mag-vim_20220101_v01.cdf,C:\Users\Administrator\Documents\FWD_matlab\Voyager_fu\Voyager_Interstellar_Monthly\HighestPrecision_Segments\V1_MAG48s_segment_0507_20220627T081935_20220627T094512.png,ok,
1,508,2022-06-27 19:39:36,2022-06-28 09:40:24,14.01336,1007,47.521,1488.67299975586,7200,240,Z:\SPART-WORK\Data\Voyager\voyager1\mag\48s\reviewed_vim\2022\voyager1_48s_mag-vim_20220101_v01.cdf,C:\Users\Administrator\Documents\FWD_matlab\Voyager_fu\Voyager_Interstellar_Monthly\HighestPrecision_Segments\V1_MAG48s_segment_0508_20220627T193936_20220628T094024.png,ok,
1,509,2022-06-28 20:29:11,2022-06-29 09:34:48,13.09343972229,833,47.521,6865.345,7200,240,Z:\SPART-WORK\Data\Voyager\voyager1\mag\48s\reviewed_vim\2022\voyager1_48s_mag-vim_20220101_v01.cdf,C:\Users\Administrator\Documents\FWD_matlab\Voyager_fu\Voyager_Interstellar_Monthly\HighestPrecision_Segments\V1_MAG48s_segment_0509_20220628T202911_20220629T093448.png,ok,
1,510,2022-06-29 22:08:24,2022-06-30 06:59:35,8.85312,659,47.521,191.808,7200,240,Z:\SPART-WORK\Data\Voyager\voyager1\mag\48s\reviewed_vim\2022\voyager1_48s_mag-vim_20220101_v01.cdf,C:\Users\Administrator\Documents\FWD_matlab\Voyager_fu\Voyager_Interstellar_Monthly\HighestPrecision_Segments\V1_MAG48s_segment_0510_20220629T220824_20220630T065935.png,ok,
1,511,2022-06-30 20:27:35,2022-07-01 10:04:23,13.6135202777778,990,47.521,1199.232,7200,240,Z:\SPART-WORK\Data\Voyager\voyager1\mag\48s\reviewed_vim\2022\voyager1_48s_mag-vim_20220101_v01.cdf,C:\Users\Administrator\Documents\FWD_matlab\Voyager_fu\Voyager_Interstellar_Monthly\HighestPrecision_Segments\V1_MAG48s_segment_0511_20220630T202735_20220701T100423.png,ok,
1,512,2022-07-01 20:03:35,2022-07-01 23:14:47,3.18672027777778,237,47.521,191.808,7200,240,Z:\SPART-WORK\Data\Voyager\voyager1\mag\48s\reviewed_vim\2022\voyager1_48s_mag-vim_20220101_v01.cdf,C:\Users\Administrator\Documents\FWD_matlab\Voyager_fu\Voyager_Interstellar_Monthly\HighestPrecision_Segments\V1_MAG48s_segment_0512_20220701T200335_20220701T231447.png,ok,
1,513,2022-07-02 02:57:59,2022-07-02 09:14:47,6.27983972229004,466,47.521,190.944,7200,240,Z:\SPART-WORK\Data\Voyager\voyager1\mag\48s\reviewed_vim\2022\voyager1_48s_mag-vim_20220101_v01.cdf,C:\Users\Administrator\Documents\FWD_matlab\Voyager_fu\Voyager_Interstellar_Monthly\HighestPrecision_Segments\V1_MAG48s_segment_0513_20220702T025759_20220702T091447.png,ok,
1,514,2022-07-02 19:57:12,2022-07-03 10:53:59,14.9464802777778,1102,47.5209997558594,385.345,7200,240,Z:\SPART-WORK\Data\Voyager\voyager1\mag\48s\reviewed_vim\2022\voyager1_48s_mag-vim_20220101_v01.cdf,C:\Users\Administrator\Documents\FWD_matlab\Voyager_fu\Voyager_Interstellar_Monthly\HighestPrecision_Segments\V1_MAG48s_segment_0514_20220702T195712_20220703T105359.png,ok,
1,515,2022-07-03 21:04:23,2022-07-04 09:13:59,12.16007972229,872,47.5209997558594,1199.232,7200,240,Z:\SPART-WORK\Data\Voyager\voyager1\mag\48s\reviewed_vim\2022\voyager1_48s_mag-vim_20220101_v01.cdf,C:\Users\Administrator\Documents\FWD_matlab\Voyager_fu\Voyager_Interstellar_Monthly\HighestPrecision_Segments\V1_MAG48s_segment_0515_20220703T210423_20220704T091359.png,ok,
1,516,2022-07-04 19:13:59,2022-07-05 09:13:59,14.0001600000678,991,47.5200002441406,2687.90300024414,7200,240,Z:\SPART-WORK\Data\Voyager\voyager1\mag\48s\reviewed_vim\2022\voyager1_48s_mag-vim_20220101_v01.cdf,C:\Users\Administrator\Documents\FWD_matlab\Voyager_fu\Voyager_Interstellar_Monthly\HighestPrecision_Segments\V1_MAG48s_segment_0516_20220704T191359_20220705T091359.png,ok,
1,517,2022-07-05 19:52:23,2022-07-06 03:49:11,7.94664027777778,597,47.52,49.249,7200,240,Z:\SPART-WORK\Data\Voyager\voyager1\mag\48s\reviewed_vim\2022\voyager1_48s_mag-vim_20220101_v01.cdf,C:\Users\Administrator\Documents\FWD_matlab\Voyager_fu\Voyager_Interstellar_Monthly\HighestPrecision_Segments\V1_MAG48s_segment_0517_20220705T195223_20220706T034911.png,ok,
1,518,2022-07-06 19:13:59,2022-07-07 08:53:59,13.6668002777778,1016,47.52,190.944999755859,7200,240,Z:\SPART-WORK\Data\Voyager\voyager1\mag\48s\reviewed_vim\2022\voyager1_48s_mag-vim_20220101_v01.cdf,C:\Users\Administrator\Documents\FWD_matlab\Voyager_fu\Voyager_Interstellar_Monthly\HighestPrecision_Segments\V1_MAG48s_segment_0518_20220706T191359_20220707T085359.png,ok,
1,519,2022-07-07 22:06:48,2022-07-08 08:43:35,10.6130397222222,797,47.52,49.249,7200,240,Z:\SPART-WORK\Data\Voyager\voyager1\mag\48s\reviewed_vim\2022\voyager1_48s_mag-vim_20220101_v01.cdf,C:\Users\Administrator\Documents\FWD_matlab\Voyager_fu\Voyager_Interstellar_Monthly\HighestPrecision_Segments\V1_MAG48s_segment_0519_20220707T220648_20220708T084335.png,ok,
1,520,2022-07-08 18:45:12,2022-07-09 03:38:46,8.89296000006782,666,47.52,143.425,7200,240,Z:\SPART-WORK\Data\Voyager\voyager1\mag\48s\reviewed_vim\2022\voyager1_48s_mag-vim_20220101_v01.cdf,C:\Users\Administrator\Documents\FWD_matlab\Voyager_fu\Voyager_Interstellar_Monthly\HighestPrecision_Segments\V1_MAG48s_segment_0520_20220708T184512_20220709T033846.png,ok,
1,521,2022-07-09 18:51:35,2022-07-10 12:43:35,17.86656,1282,47.52,2879.712,7200,240,Z:\SPART-WORK\Data\Voyager\voyager1\mag\48s\reviewed_vim\2022\voyager1_48s_mag-vim_20220101_v01.cdf,C:\Users\Administrator\Documents\FWD_matlab\Voyager_fu\Voyager_Interstellar_Monthly\HighestPrecision_Segments\V1_MAG48s_segment_0521_20220709T185135_20220710T124335.png,ok,
1,522,2022-07-10 18:51:35,2022-07-11 07:53:11,13.0264797222222,942,47.52,1728.001,7200,240,Z:\SPART-WORK\Data\Voyager\voyager1\mag\48s\reviewed_vim\2022\voyager1_48s_mag-vim_20220101_v01.cdf,C:\Users\Administrator\Documents\FWD_matlab\Voyager_fu\Voyager_Interstellar_Monthly\HighestPrecision_Segments\V1_MAG48s_segment_0522_20220710T185135_20220711T075311.png,ok,
1,523,2022-07-11 12:11:34,2022-07-11 13:13:11,1.02696,78,47.52,49.249,7200,240,Z:\SPART-WORK\Data\Voyager\voyager1\mag\48s\reviewed_vim\2022\voyager1_48s_mag-vim_20220101_v01.cdf,C:\Users\Administrator\Documents\FWD_matlab\Voyager_fu\Voyager_Interstellar_Monthly\HighestPrecision_Segments\V1_MAG48s_segment_0523_20220711T121134_20220711T131311.png,ok,
1,524,2022-07-11 18:43:35,2022-07-12 02:28:22,7.74647972222222,581,47.52,96.767,7200,240,Z:\SPART-WORK\Data\Voyager\voyager1\mag\48s\reviewed_vim\2022\voyager1_48s_mag-vim_20220101_v01.cdf,C:\Users\Administrator\Documents\FWD_matlab\Voyager_fu\Voyager_Interstellar_Monthly\HighestPrecision_Segments\V1_MAG48s_segment_0524_20220711T184335_20220712T022822.png,ok,
1,525,2022-07-12 19:42:47,2022-07-12 23:53:11,4.17336,312,47.52,145.152,7200,240,Z:\SPART-WORK\Data\Voyager\voyager1\mag\48s\reviewed_vim\2022\voyager1_48s_mag-vim_20220101_v01.cdf,C:\Users\Administrator\Documents\FWD_matlab\Voyager_fu\Voyager_Interstellar_Monthly\HighestPrecision_Segments\V1_MAG48s_segment_0525_20220712T194247_20220712T235311.png,ok,
1,526,2022-07-13 02:11:35,2022-07-13 13:13:11,11.0268,825,47.52,192.671999755859,7200,240,Z:\SPART-WORK\Data\Voyager\voyager1\mag\48s\reviewed_vim\2022\voyager1_48s_mag-vim_20220101_v01.cdf,C:\Users\Administrator\Documents\FWD_matlab\Voyager_fu\Voyager_Interstellar_Monthly\HighestPrecision_Segments\V1_MAG48s_segment_0526_20220713T021135_20220713T131311.png,ok,
1,527,2022-07-13 18:37:10,2022-07-14 04:07:35,9.50688,708,47.52,192.671999755859,7200,240,Z:\SPART-WORK\Data\Voyager\voyager1\mag\48s\reviewed_vim\2022\voyager1_48s_mag-vim_20220101_v01.cdf,C:\Users\Administrator\Documents\FWD_matlab\Voyager_fu\Voyager_Interstellar_Monthly\HighestPrecision_Segments\V1_MAG48s_segment_0527_20220713T183710_20220714T040735.png,ok,
1,528,2022-07-14 19:37:58,2022-07-15 04:47:34,9.16008027777778,682,47.52,192.672,7200,240,Z:\SPART-WORK\Data\Voyager\voyager1\mag\48s\reviewed_vim\2022\voyager1_48s_mag-vim_20220101_v01.cdf,C:\Users\Administrator\Documents\FWD_matlab\Voyager_fu\Voyager_Interstellar_Monthly\HighestPrecision_Segments\V1_MAG48s_segment_0528_20220714T193758_20220715T044734.png,ok,
1,529,2022-07-15 18:13:11,2022-07-16 01:02:46,6.82631972222222,513,47.52,49.249,7200,240,Z:\SPART-WORK\Data\Voyager\voyager1\mag\48s\reviewed_vim\2022\voyager1_48s_mag-vim_20220101_v01.cdf,C:\Users\Administrator\Documents\FWD_matlab\Voyager_fu\Voyager_Interstellar_Monthly\HighestPrecision_Segments\V1_MAG48s_segment_0529_20220715T181311_20220716T010246.png,ok,
1,530,2022-07-16 18:27:34,2022-07-17 09:52:23,15.4135202777778,1130,47.52,1248.481,7200,240,Z:\SPART-WORK\Data\Voyager\voyager1\mag\48s\reviewed_vim\2022\voyager1_48s_mag-vim_20220101_v01.cdf,C:\Users\Administrator\Documents\FWD_matlab\Voyager_fu\Voyager_Interstellar_Monthly\HighestPrecision_Segments\V1_MAG48s_segment_0530_20220716T182734_20220717T095223.png,ok,
1,531,2022-07-17 19:36:22,2022-07-17 21:37:10,2.01336,150,47.52,143.425,7200,240,Z:\SPART-WORK\Data\Voyager\voyager1\mag\48s\reviewed_vim\2022\voyager1_48s_mag-vim_20220101_v01.cdf,C:\Users\Administrator\Documents\FWD_matlab\Voyager_fu\Voyager_Interstellar_Monthly\HighestPrecision_Segments\V1_MAG48s_segment_0531_20220717T193622_20220717T213710.png,ok,
1,532,2022-07-18 01:12:22,2022-07-18 08:21:59,7.16016,417,47.52,5616,7200,240,Z:\SPART-WORK\Data\Voyager\voyager1\mag\48s\reviewed_vim\2022\voyager1_48s_mag-vim_20220101_v01.cdf,C:\Users\Administrator\Documents\FWD_matlab\Voyager_fu\Voyager_Interstellar_Monthly\HighestPrecision_Segments\V1_MAG48s_segment_0532_20220718T011222_20220718T082159.png,ok,
1,533,2022-07-18 18:01:58,2022-07-19 02:29:10,8.45327972222222,551,47.52,3600.287,7200,240,Z:\SPART-WORK\Data\Voyager\voyager1\mag\48s\reviewed_vim\2022\voyager1_48s_mag-vim_20220101_v01.cdf,C:\Users\Administrator\Documents\FWD_matlab\Voyager_fu\Voyager_Interstellar_Monthly\HighestPrecision_Segments\V1_MAG48s_segment_0533_20220718T180158_20220719T022910.png,ok,
1,534,2022-07-19 06:36:23,2022-07-19 09:32:23,2.93328,216,47.52,286.848000244141,7200,240,Z:\SPART-WORK\Data\Voyager\voyager1\mag\48s\reviewed_vim\2022\voyager1_48s_mag-vim_20220101_v01.cdf,C:\Users\Administrator\Documents\FWD_matlab\Voyager_fu\Voyager_Interstellar_Monthly\HighestPrecision_Segments\V1_MAG48s_segment_0534_20220719T063623_20220719T093223.png,ok,
1,535,2022-07-19 19:05:58,2022-07-20 09:31:34,14.4266400000678,978,47.52,4847.903,7200,240,Z:\SPART-WORK\Data\Voyager\voyager1\mag\48s\reviewed_vim\2022\voyager1_48s_mag-vim_20220101_v01.cdf,C:\Users\Administrator\Documents\FWD_matlab\Voyager_fu\Voyager_Interstellar_Monthly\HighestPrecision_Segments\V1_MAG48s_segment_0535_20220719T190558_20220720T093134.png,ok,
1,536,2022-07-20 17:57:11,2022-07-21 13:01:59,19.0799997222222,1419,47.52,191.808,7200,240,Z:\SPART-WORK\Data\Voyager\voyager1\mag\48s\reviewed_vim\2022\voyager1_48s_mag-vim_20220101_v01.cdf,C:\Users\Administrator\Documents\FWD_matlab\Voyager_fu\Voyager_Interstellar_Monthly\HighestPrecision_Segments\V1_MAG48s_segment_0536_20220720T175711_20220721T130159.png,ok,
1,537,2022-07-21 18:06:46,2022-07-21 20:51:35,2.7468,204,47.52,192.672,7200,240,Z:\SPART-WORK\Data\Voyager\voyager1\mag\48s\reviewed_vim\2022\voyager1_48s_mag-vim_20220101_v01.cdf,C:\Users\Administrator\Documents\FWD_matlab\Voyager_fu\Voyager_Interstellar_Monthly\HighestPrecision_Segments\V1_MAG48s_segment_0537_20220721T180646_20220721T205135.png,ok,
1,538,2022-07-22 05:25:11,2022-07-22 12:56:22,7.51968,565,47.52,49.249,7200,240,Z:\SPART-WORK\Data\Voyager\voyager1\mag\48s\reviewed_vim\2022\voyager1_48s_mag-vim_20220101_v01.cdf,C:\Users\Administrator\Documents\FWD_matlab\Voyager_fu\Voyager_Interstellar_Monthly\HighestPrecision_Segments\V1_MAG48s_segment_0538_20220722T052511_20220722T125622.png,ok,
1,539,2022-07-22 18:01:58,2022-07-23 09:21:10,15.32016,1149,47.52,96.767,7200,240,Z:\SPART-WORK\Data\Voyager\voyager1\mag\48s\reviewed_vim\2022\voyager1_48s_mag-vim_20220101_v01.cdf,C:\Users\Administrator\Documents\FWD_matlab\Voyager_fu\Voyager_Interstellar_Monthly\HighestPrecision_Segments\V1_MAG48s_segment_0539_20220722T180158_20220723T092110.png,ok,
1,540,2022-07-23 17:55:34,2022-07-24 10:45:59,16.84032027771,1259,47.52,286.848,7200,240,Z:\SPART-WORK\Data\Voyager\voyager1\mag\48s\reviewed_vim\2022\voyager1_48s_mag-vim_20220101_v01.cdf,C:\Users\Administrator\Documents\FWD_matlab\Voyager_fu\Voyager_Interstellar_Monthly\HighestPrecision_Segments\V1_MAG48s_segment_0540_20220723T175534_20220724T104559.png,ok,
1,541,2022-07-24 17:50:47,2022-07-24 21:45:59,3.91992,295,47.52,49.249,7200,240,Z:\SPART-WORK\Data\Voyager\voyager1\mag\48s\reviewed_vim\2022\voyager1_48s_mag-vim_20220101_v01.cdf,C:\Users\Administrator\Documents\FWD_matlab\Voyager_fu\Voyager_Interstellar_Monthly\HighestPrecision_Segments\V1_MAG48s_segment_0541_20220724T175047_20220724T214559.png,ok,
1,542,2022-07-25 19:55:34,2022-07-26 00:41:10,4.75992,356,47.52,143.425,7200,240,Z:\SPART-WORK\Data\Voyager\voyager1\mag\48s\reviewed_vim\2022\voyager1_48s_mag-vim_20220101_v01.cdf,C:\Users\Administrator\Documents\FWD_matlab\Voyager_fu\Voyager_Interstellar_Monthly\HighestPrecision_Segments\V1_MAG48s_segment_0542_20220725T195534_20220726T004110.png,ok,
1,543,2022-07-26 20:59:34,2022-07-27 02:35:35,5.60016,419,47.52,145.152,7200,240,Z:\SPART-WORK\Data\Voyager\voyager1\mag\48s\reviewed_vim\2022\voyager1_48s_mag-vim_20220101_v01.cdf,C:\Users\Administrator\Documents\FWD_matlab\Voyager_fu\Voyager_Interstellar_Monthly\HighestPrecision_Segments\V1_MAG48s_segment_0543_20220726T205934_20220727T023535.png,ok,
1,544,2022-07-27 17:39:34,2022-07-28 00:13:11,6.56016027777778,490,47.52,190.943,7200,240,Z:\SPART-WORK\Data\Voyager\voyager1\mag\48s\reviewed_vim\2022\voyager1_48s_mag-vim_20220101_v01.cdf,C:\Users\Administrator\Documents\FWD_matlab\Voyager_fu\Voyager_Interstellar_Monthly\HighestPrecision_Segments\V1_MAG48s_segment_0544_20220727T173934_20220728T001311.png,ok,
1,545,2022-07-28 21:15:34,2022-07-29 05:00:23,7.74672,580,47.52,144.287,7200,240,Z:\SPART-WORK\Data\Voyager\voyager1\mag\48s\reviewed_vim\2022\voyager1_48s_mag-vim_20220101_v01.cdf,C:\Users\Administrator\Documents\FWD_matlab\Voyager_fu\Voyager_Interstellar_Monthly\HighestPrecision_Segments\V1_MAG48s_segment_0545_20220728T211534_20220729T050023.png,ok,
1,546,2022-07-29 17:28:22,2022-07-30 04:49:58,11.35992,802,47.52,1295.999,7200,240,Z:\SPART-WORK\Data\Voyager\voyager1\mag\48s\reviewed_vim\2022\voyager1_48s_mag-vim_20220101_v01.cdf,C:\Users\Administrator\Documents\FWD_matlab\Voyager_fu\Voyager_Interstellar_Monthly\HighestPrecision_Segments\V1_MAG48s_segment_0546_20220729T172822_20220730T044958.png,ok,
1,547,2022-07-30 19:23:34,2022-07-31 04:54:46,9.52008,714,47.52,96.767,7200,240,Z:\SPART-WORK\Data\Voyager\voyager1\mag\48s\reviewed_vim\2022\voyager1_48s_mag-vim_20220101_v01.cdf,C:\Users\Administrator\Documents\FWD_matlab\Voyager_fu\Voyager_Interstellar_Monthly\HighestPrecision_Segments\V1_MAG48s_segment_0547_20220730T192334_20220731T045446.png,ok,
1,548,2022-07-31 13:28:22,2022-07-31 17:22:46,3.90672,294,47.52,49.249,7200,240,Z:\SPART-WORK\Data\Voyager\voyager1\mag\48s\reviewed_vim\2022\voyager1_48s_mag-vim_20220101_v01.cdf,C:\Users\Administrator\Documents\FWD_matlab\Voyager_fu\Voyager_Interstellar_Monthly\HighestPrecision_Segments\V1_MAG48s_segment_0548_20220731T132822_20220731T172246.png,ok,
1,549,2022-07-31 19:42:47,2022-07-31 21:09:58,1.4532,110,47.52,49.249,7200,240,Z:\SPART-WORK\Data\Voyager\voyager1\mag\48s\reviewed_vim\2022\voyager1_48s_mag-vim_20220101_v01.cdf,C:\Users\Administrator\Documents\FWD_matlab\Voyager_fu\Voyager_Interstellar_Monthly\HighestPrecision_Segments\V1_MAG48s_segment_0549_20220731T194247_20220731T210958.png,ok,
1,550,2022-08-01 00:32:23,2022-08-01 01:45:10,1.21319972222222,91,47.52,95.04,7200,240,Z:\SPART-WORK\Data\Voyager\voyager1\mag\48s\reviewed_vim\2022\voyager1_48s_mag-vim_20220101_v01.cdf,C:\Users\Administrator\Documents\FWD_matlab\Voyager_fu\Voyager_Interstellar_Monthly\HighestPrecision_Segments\V1_MAG48s_segment_0550_20220801T003223_20220801T014510.png,ok,
1,551,2022-08-01 17:23:34,2022-08-02 01:25:11,8.02703972222222,558,47.52,961.631,7200,240,Z:\SPART-WORK\Data\Voyager\voyager1\mag\48s\reviewed_vim\2022\voyager1_48s_mag-vim_20220101_v01.cdf,C:\Users\Administrator\Documents\FWD_matlab\Voyager_fu\Voyager_Interstellar_Monthly\HighestPrecision_Segments\V1_MAG48s_segment_0551_20220801T172334_20220802T012511.png,ok,
1,552,2022-08-02 19:53:58,2022-08-03 00:04:22,4.17336,311,47.52,192.672,7200,240,Z:\SPART-WORK\Data\Voyager\voyager1\mag\48s\reviewed_vim\2022\voyager1_48s_mag-vim_20220101_v01.cdf,C:\Users\Administrator\Documents\FWD_matlab\Voyager_fu\Voyager_Interstellar_Monthly\HighestPrecision_Segments\V1_MAG48s_segment_0552_20220802T195358_20220803T000422.png,ok,
1,553,2022-08-03 17:20:23,2022-08-03 18:39:34,1.31976000006782,99,47.52,95.905,7200,240,Z:\SPART-WORK\Data\Voyager\voyager1\mag\48s\reviewed_vim\2022\voyager1_48s_mag-vim_20220101_v01.cdf,C:\Users\Administrator\Documents\FWD_matlab\Voyager_fu\Voyager_Interstellar_Monthly\HighestPrecision_Segments\V1_MAG48s_segment_0553_20220803T172023_20220803T183934.png,ok,
1,554,2022-08-03 23:18:46,2022-08-04 08:27:34,9.14664,653,47.52,672.192000244141,7200,240,Z:\SPART-WORK\Data\Voyager\voyager1\mag\48s\reviewed_vim\2022\voyager1_48s_mag-vim_20220101_v01.cdf,C:\Users\Administrator\Documents\FWD_matlab\Voyager_fu\Voyager_Interstellar_Monthly\HighestPrecision_Segments\V1_MAG48s_segment_0554_20220803T231846_20220804T082734.png,ok,
1,555,2022-08-04 18:29:10,2022-08-05 01:19:35,6.84024,512,47.52,145.152,7200,240,Z:\SPART-WORK\Data\Voyager\voyager1\mag\48s\reviewed_vim\2022\voyager1_48s_mag-vim_20220101_v01.cdf,C:\Users\Administrator\Documents\FWD_matlab\Voyager_fu\Voyager_Interstellar_Monthly\HighestPrecision_Segments\V1_MAG48s_segment_0555_20220804T182910_20220805T011935.png,ok,
1,556,2022-08-05 09:53:59,2022-08-05 10:53:58,0.99984,74,47.52,143.425,7200,240,Z:\SPART-WORK\Data\Voyager\voyager1\mag\48s\reviewed_vim\2022\voyager1_48s_mag-vim_20220101_v01.cdf,C:\Users\Administrator\Documents\FWD_matlab\Voyager_fu\Voyager_Interstellar_Monthly\HighestPrecision_Segments\V1_MAG48s_segment_0556_20220805T095359_20220805T105358.png,ok,
1,557,2022-08-05 17:02:47,2022-08-06 01:18:46,8.26631972222222,620,47.52,96.767,7200,240,Z:\SPART-WORK\Data\Voyager\voyager1\mag\48s\reviewed_vim\2022\voyager1_48s_mag-vim_20220101_v01.cdf,C:\Users\Administrator\Documents\FWD_matlab\Voyager_fu\Voyager_Interstellar_Monthly\HighestPrecision_Segments\V1_MAG48s_segment_0557_20220805T170247_20220806T011846.png,ok,
1,558,2022-08-06 04:19:35,2022-08-06 11:53:58,7.5732,568,47.52,95.039,7200,240,Z:\SPART-WORK\Data\Voyager\voyager1\mag\48s\reviewed_vim\2022\voyager1_48s_mag-vim_20220101_v01.cdf,C:\Users\Administrator\Documents\FWD_matlab\Voyager_fu\Voyager_Interstellar_Monthly\HighestPrecision_Segments\V1_MAG48s_segment_0558_20220806T041935_20220806T115358.png,ok,
1,559,2022-08-06 16:57:57,2022-08-07 07:38:46,14.6800802777778,957,47.52,6816.096,7200,240,Z:\SPART-WORK\Data\Voyager\voyager1\mag\48s\reviewed_vim\2022\voyager1_48s_mag-vim_20220101_v01.cdf,C:\Users\Administrator\Documents\FWD_matlab\Voyager_fu\Voyager_Interstellar_Monthly\HighestPrecision_Segments\V1_MAG48s_segment_0559_20220806T165757_20220807T073846.png,ok,
1,560,2022-08-08 02:24:23,2022-08-08 11:48:22,9.39984,705,47.52,95.9049997558594,7200,240,Z:\SPART-WORK\Data\Voyager\voyager1\mag\48s\reviewed_vim\2022\voyager1_48s_mag-vim_20220101_v01.cdf,C:\Users\Administrator\Documents\FWD_matlab\Voyager_fu\Voyager_Interstellar_Monthly\HighestPrecision_Segments\V1_MAG48s_segment_0560_20220808T022423_20220808T114822.png,ok,
1,561,2022-08-09 00:22:46,2022-08-09 03:18:45,2.93304000006782,218,47.52,192.672,7200,240,Z:\SPART-WORK\Data\Voyager\voyager1\mag\48s\reviewed_vim\2022\voyager1_48s_mag-vim_20220101_v01.cdf,C:\Users\Administrator\Documents\FWD_matlab\Voyager_fu\Voyager_Interstellar_Monthly\HighestPrecision_Segments\V1_MAG48s_segment_0561_20220809T002246_20220809T031845.png,ok,
1,562,2022-08-09 12:46:47,2022-08-09 16:43:34,3.94656027777778,297,47.5200001220703,49.249,7200,240,Z:\SPART-WORK\Data\Voyager\voyager1\mag\48s\reviewed_vim\2022\voyager1_48s_mag-vim_20220101_v01.cdf,C:\Users\Administrator\Documents\FWD_matlab\Voyager_fu\Voyager_Interstellar_Monthly\HighestPrecision_Segments\V1_MAG48s_segment_0562_20220809T124647_20220809T164334.png,ok,
1,563,2022-08-10 01:49:10,2022-08-10 07:43:34,5.90664027777778,443,47.5200002441406,95.041,7200,240,Z:\SPART-WORK\Data\Voyager\voyager1\mag\48s\reviewed_vim\2022\voyager1_48s_mag-vim_20220101_v01.cdf,C:\Users\Administrator\Documents\FWD_matlab\Voyager_fu\Voyager_Interstellar_Monthly\HighestPrecision_Segments\V1_MAG48s_segment_0563_20220810T014910_20220810T074334.png,ok,
1,564,2022-08-11 01:52:21,2022-08-11 07:42:46,5.84016,435,47.5209997558594,192.672,7200,240,Z:\SPART-WORK\Data\Voyager\voyager1\mag\48s\reviewed_vim\2022\voyager1_48s_mag-vim_20220101_v01.cdf,C:\Users\Administrator\Documents\FWD_matlab\Voyager_fu\Voyager_Interstellar_Monthly\HighestPrecision_Segments\V1_MAG48s_segment_0564_20220811T015221_20220811T074246.png,ok,
1,565,2022-08-12 00:11:34,2022-08-12 09:47:34,9.6,721,47.5209997558594,49.249,7200,240,Z:\SPART-WORK\Data\Voyager\voyager1\mag\48s\reviewed_vim\2022\voyager1_48s_mag-vim_20220101_v01.cdf,C:\Users\Administrator\Documents\FWD_matlab\Voyager_fu\Voyager_Interstellar_Monthly\HighestPrecision_Segments\V1_MAG48s_segment_0565_20220812T001134_20220812T094734.png,ok,
1,566,2022-08-13 00:01:58,2022-08-13 07:22:46,7.34663972229004,550,47.521,144.288,7200,240,Z:\SPART-WORK\Data\Voyager\voyager1\mag\48s\reviewed_vim\2022\voyager1_48s_mag-vim_20220101_v01.cdf,C:\Users\Administrator\Documents\FWD_matlab\Voyager_fu\Voyager_Interstellar_Monthly\HighestPrecision_Segments\V1_MAG48s_segment_0566_20220813T000158_20220813T072246.png,ok,
1,567,2022-08-14 00:03:35,2022-08-14 09:27:34,9.39984,704,47.521,95.904,7200,240,Z:\SPART-WORK\Data\Voyager\voyager1\mag\48s\reviewed_vim\2022\voyager1_48s_mag-vim_20220101_v01.cdf,C:\Users\Administrator\Documents\FWD_matlab\Voyager_fu\Voyager_Interstellar_Monthly\HighestPrecision_Segments\V1_MAG48s_segment_0567_20220814T000335_20220814T092734.png,ok,
1,568,2022-08-14 23:55:33,2022-08-15 06:47:34,6.86688,516,47.521,49.249,7200,240,Z:\SPART-WORK\Data\Voyager\voyager1\mag\48s\reviewed_vim\2022\voyager1_48s_mag-vim_20220101_v01.cdf,C:\Users\Administrator\Documents\FWD_matlab\Voyager_fu\Voyager_Interstellar_Monthly\HighestPrecision_Segments\V1_MAG48s_segment_0568_20220814T235533_20220815T064734.png,ok,
1,569,2022-08-16 02:45:10,2022-08-16 07:57:11,5.20032,298,47.521,4080.671,7200,240,Z:\SPART-WORK\Data\Voyager\voyager1\mag\48s\reviewed_vim\2022\voyager1_48s_mag-vim_20220101_v01.cdf,C:\Users\Administrator\Documents\FWD_matlab\Voyager_fu\Voyager_Interstellar_Monthly\HighestPrecision_Segments\V1_MAG48s_segment_0569_20220816T024510_20220816T075711.png,ok,
1,570,2022-08-17 01:52:21,2022-08-17 09:17:09,7.41336,555,47.521,96.767,7200,240,Z:\SPART-WORK\Data\Voyager\voyager1\mag\48s\reviewed_vim\2022\voyager1_48s_mag-vim_20220101_v01.cdf,C:\Users\Administrator\Documents\FWD_matlab\Voyager_fu\Voyager_Interstellar_Monthly\HighestPrecision_Segments\V1_MAG48s_segment_0570_20220817T015221_20220817T091709.png,ok,
1,571,2022-08-18 02:00:22,2022-08-18 05:41:57,3.69312027777778,266,47.521,479.52,7200,240,Z:\SPART-WORK\Data\Voyager\voyager1\mag\48s\reviewed_vim\2022\voyager1_48s_mag-vim_20220101_v01.cdf,C:\Users\Administrator\Documents\FWD_matlab\Voyager_fu\Voyager_Interstellar_Monthly\HighestPrecision_Segments\V1_MAG48s_segment_0571_20220818T020022_20220818T054157.png,ok,
1,572,2022-08-19 01:52:21,2022-08-19 10:36:22,8.7336,655,47.521,96.767,7200,240,Z:\SPART-WORK\Data\Voyager\voyager1\mag\48s\reviewed_vim\2022\voyager1_48s_mag-vim_20220101_v01.cdf,C:\Users\Administrator\Documents\FWD_matlab\Voyager_fu\Voyager_Interstellar_Monthly\HighestPrecision_Segments\V1_MAG48s_segment_0572_20220819T015221_20220819T103622.png,ok,
1,573,2022-08-20 00:21:09,2022-08-20 08:36:21,8.25335972222222,618,47.521,143.423,7200,240,Z:\SPART-WORK\Data\Voyager\voyager1\mag\48s\reviewed_vim\2022\voyager1_48s_mag-vim_20220101_v01.cdf,C:\Users\Administrator\Documents\FWD_matlab\Voyager_fu\Voyager_Interstellar_Monthly\HighestPrecision_Segments\V1_MAG48s_segment_0573_20220820T002109_20220820T083621.png,ok,
1,574,2022-08-21 02:41:57,2022-08-21 07:05:57,4.40015972222222,329,47.521,143.423,7200,240,Z:\SPART-WORK\Data\Voyager\voyager1\mag\48s\reviewed_vim\2022\voyager1_48s_mag-vim_20220101_v01.cdf,C:\Users\Administrator\Documents\FWD_matlab\Voyager_fu\Voyager_Interstellar_Monthly\HighestPrecision_Segments\V1_MAG48s_segment_0574_20220821T024157_20220821T070557.png,ok,
1,575,2022-08-22 02:59:33,2022-08-22 09:41:09,6.69336027770996,500,47.521,192.671,7200,240,Z:\SPART-WORK\Data\Voyager\voyager1\mag\48s\reviewed_vim\2022\voyager1_48s_mag-vim_20220101_v01.cdf,C:\Users\Administrator\Documents\FWD_matlab\Voyager_fu\Voyager_Interstellar_Monthly\HighestPrecision_Segments\V1_MAG48s_segment_0575_20220822T025933_20220822T094109.png,ok,
1,576,2022-08-23 01:44:22,2022-08-23 06:25:58,4.69344,353,47.521,49.249,7200,240,Z:\SPART-WORK\Data\Voyager\voyager1\mag\48s\reviewed_vim\2022\voyager1_48s_mag-vim_20220101_v01.cdf,C:\Users\Administrator\Documents\FWD_matlab\Voyager_fu\Voyager_Interstellar_Monthly\HighestPrecision_Segments\V1_MAG48s_segment_0576_20220823T014422_20220823T062558.png,ok,
1,577,2022-08-24 02:56:22,2022-08-24 08:40:21,5.73311999993218,427,47.521,192.672,7200,240,Z:\SPART-WORK\Data\Voyager\voyager1\mag\48s\reviewed_vim\2022\voyager1_48s_mag-vim_20220101_v01.cdf,C:\Users\Administrator\Documents\FWD_matlab\Voyager_fu\Voyager_Interstellar_Monthly\HighestPrecision_Segments\V1_MAG48s_segment_0577_20220824T025622_20220824T084021.png,ok,
1,578,2022-08-25 02:03:34,2022-08-25 10:35:33,8.53296,641,47.521,49.249,7200,240,Z:\SPART-WORK\Data\Voyager\voyager1\mag\48s\reviewed_vim\2022\voyager1_48s_mag-vim_20220101_v01.cdf,C:\Users\Administrator\Documents\FWD_matlab\Voyager_fu\Voyager_Interstellar_Monthly\HighestPrecision_Segments\V1_MAG48s_segment_0578_20220825T020334_20220825T103533.png,ok,
1,579,2022-08-25 13:18:46,2022-08-25 15:35:34,2.28,172,47.521,49.249,7200,240,Z:\SPART-WORK\Data\Voyager\voyager1\mag\48s\reviewed_vim\2022\voyager1_48s_mag-vim_20220101_v01.cdf,C:\Users\Administrator\Documents\FWD_matlab\Voyager_fu\Voyager_Interstellar_Monthly\HighestPrecision_Segments\V1_MAG48s_segment_0579_20220825T131846_20220825T153534.png,ok,
1,580,2022-08-26 00:05:10,2022-08-26 04:09:57,4.07975972222222,305,47.521,144.287,7200,240,Z:\SPART-WORK\Data\Voyager\voyager1\mag\48s\reviewed_vim\2022\voyager1_48s_mag-vim_20220101_v01.cdf,C:\Users\Administrator\Documents\FWD_matlab\Voyager_fu\Voyager_Interstellar_Monthly\HighestPrecision_Segments\V1_MAG48s_segment_0580_20220826T000510_20220826T040957.png,ok,
1,581,2022-08-26 23:09:09,2022-08-27 00:27:32,1.30655999993218,96,47.521,191.807000244141,7200,240,Z:\SPART-WORK\Data\Voyager\voyager1\mag\48s\reviewed_vim\2022\voyager1_48s_mag-vim_20220101_v01.cdf,C:\Users\Administrator\Documents\FWD_matlab\Voyager_fu\Voyager_Interstellar_Monthly\HighestPrecision_Segments\V1_MAG48s_segment_0581_20220826T230909_20220827T002732.png,ok,
1,582,2022-08-27 02:30:45,2022-08-27 03:05:10,0.5736,41,47.521,192.673,7200,240,Z:\SPART-WORK\Data\Voyager\voyager1\mag\48s\reviewed_vim\2022\voyager1_48s_mag-vim_20220101_v01.cdf,C:\Users\Administrator\Documents\FWD_matlab\Voyager_fu\Voyager_Interstellar_Monthly\HighestPrecision_Segments\V1_MAG48s_segment_0582_20220827T023045_20220827T030510.png,ok,
1,583,2022-08-27 23:05:58,2022-08-28 03:59:34,4.89336027770996,367,47.521,95.0409997558594,7200,240,Z:\SPART-WORK\Data\Voyager\voyager1\mag\48s\reviewed_vim\2022\voyager1_48s_mag-vim_20220101_v01.cdf,C:\Users\Administrator\Documents\FWD_matlab\Voyager_fu\Voyager_Interstellar_Monthly\HighestPrecision_Segments\V1_MAG48s_segment_0583_20220827T230558_20220828T035934.png,ok,
1,584,2022-08-29 06:09:57,2022-08-29 10:19:33,4.16016,311,47.5209997558594,143.424999755859,7200,240,Z:\SPART-WORK\Data\Voyager\voyager1\mag\48s\reviewed_vim\2022\voyager1_48s_mag-vim_20220101_v01.cdf,C:\Users\Administrator\Documents\FWD_matlab\Voyager_fu\Voyager_Interstellar_Monthly\HighestPrecision_Segments\V1_MAG48s_segment_0584_20220829T060957_20220829T101933.png,ok,
1,585,2022-08-30 05:34:45,2022-08-30 08:59:33,3.41327972229004,254,47.5209997558594,144.288,7200,240,Z:\SPART-WORK\Data\Voyager\voyager1\mag\48s\reviewed_vim\2022\voyager1_48s_mag-vim_20220101_v01.cdf,C:\Users\Administrator\Documents\FWD_matlab\Voyager_fu\Voyager_Interstellar_Monthly\HighestPrecision_Segments\V1_MAG48s_segment_0585_20220830T053445_20220830T085933.png,ok,
1,586,2022-08-31 03:34:45,2022-08-31 09:24:21,5.82671999993218,437,47.5209997558594,95.9039997558594,7200,240,Z:\SPART-WORK\Data\Voyager\voyager1\mag\48s\reviewed_vim\2022\voyager1_48s_mag-vim_20220101_v01.cdf,C:\Users\Administrator\Documents\FWD_matlab\Voyager_fu\Voyager_Interstellar_Monthly\HighestPrecision_Segments\V1_MAG48s_segment_0586_20220831T033445_20220831T092421.png,ok,
1,587,2022-08-31 22:37:09,2022-09-01 10:09:08,11.5332002777778,863,47.5200001220703,143.423,7200,240,Z:\SPART-WORK\Data\Voyager\voyager1\mag\48s\reviewed_vim\2022\voyager1_48s_mag-vim_20220101_v01.cdf,C:\Users\Administrator\Documents\FWD_matlab\Voyager_fu\Voyager_Interstellar_Monthly\HighestPrecision_Segments\V1_MAG48s_segment_0587_20220831T223709_20220901T100908.png,ok,
1,588,2022-09-01 22:41:57,2022-09-02 05:43:34,7.02696,527,47.52,95.905,7200,240,Z:\SPART-WORK\Data\Voyager\voyager1\mag\48s\reviewed_vim\2022\voyager1_48s_mag-vim_20220101_v01.cdf,C:\Users\Administrator\Documents\FWD_matlab\Voyager_fu\Voyager_Interstellar_Monthly\HighestPrecision_Segments\V1_MAG48s_segment_0588_20220901T224157_20220902T054334.png,ok,
1,589,2022-09-02 15:23:33,2022-09-02 22:48:20,7.41312027777778,555,47.52,144.288,7200,240,Z:\SPART-WORK\Data\Voyager\voyager1\mag\48s\reviewed_vim\2022\voyager1_48s_mag-vim_20220101_v01.cdf,C:\Users\Administrator\Documents\FWD_matlab\Voyager_fu\Voyager_Interstellar_Monthly\HighestPrecision_Segments\V1_MAG48s_segment_0589_20220902T152333_20220902T224820.png,ok,
1,590,2022-09-03 02:05:09,2022-09-03 04:53:56,2.81328,211,47.52,96.769,7200,240,Z:\SPART-WORK\Data\Voyager\voyager1\mag\48s\reviewed_vim\2022\voyager1_48s_mag-vim_20220101_v01.cdf,C:\Users\Administrator\Documents\FWD_matlab\Voyager_fu\Voyager_Interstellar_Monthly\HighestPrecision_Segments\V1_MAG48s_segment_0590_20220903T020509_20220903T045356.png,ok,
1,591,2022-09-03 23:01:09,2022-09-04 02:38:44,3.62640027770996,271,47.52,144.288999755859,7200,240,Z:\SPART-WORK\Data\Voyager\voyager1\mag\48s\reviewed_vim\2022\voyager1_48s_mag-vim_20220101_v01.cdf,C:\Users\Administrator\Documents\FWD_matlab\Voyager_fu\Voyager_Interstellar_Monthly\HighestPrecision_Segments\V1_MAG48s_segment_0591_20220903T230109_20220904T023844.png,ok,
1,592,2022-09-04 14:57:57,2022-09-04 15:22:45,0.413519722222222,18,47.5200002441406,528.767,7200,240,Z:\SPART-WORK\Data\Voyager\voyager1\mag\48s\reviewed_vim\2022\voyager1_48s_mag-vim_20220101_v01.cdf,C:\Users\Administrator\Documents\FWD_matlab\Voyager_fu\Voyager_Interstellar_Monthly\HighestPrecision_Segments\V1_MAG48s_segment_0592_20220904T145757_20220904T152245.png,ok,
1,593,2022-09-04 17:26:45,2022-09-04 18:23:33,0.946799722222222,69,47.52,192.671999755859,7200,240,Z:\SPART-WORK\Data\Voyager\voyager1\mag\48s\reviewed_vim\2022\voyager1_48s_mag-vim_20220101_v01.cdf,C:\Users\Administrator\Documents\FWD_matlab\Voyager_fu\Voyager_Interstellar_Monthly\HighestPrecision_Segments\V1_MAG48s_segment_0593_20220904T172645_20220904T182333.png,ok,
1,594,2022-09-04 22:29:09,2022-09-05 02:58:44,4.49304027777778,336,47.52,143.425,7200,240,Z:\SPART-WORK\Data\Voyager\voyager1\mag\48s\reviewed_vim\2022\voyager1_48s_mag-vim_20220101_v01.cdf,C:\Users\Administrator\Documents\FWD_matlab\Voyager_fu\Voyager_Interstellar_Monthly\HighestPrecision_Segments\V1_MAG48s_segment_0594_20220904T222909_20220905T025844.png,ok,
1,595,2022-09-05 19:42:46,2022-09-05 21:08:21,1.42631972222222,106,47.52,144.287,7200,240,Z:\SPART-WORK\Data\Voyager\voyager1\mag\48s\reviewed_vim\2022\voyager1_48s_mag-vim_20220101_v01.cdf,C:\Users\Administrator\Documents\FWD_matlab\Voyager_fu\Voyager_Interstellar_Monthly\HighestPrecision_Segments\V1_MAG48s_segment_0595_20220905T194246_20220905T210821.png,ok,
1,596,2022-09-06 01:41:09,2022-09-06 03:13:09,1.53336027777778,116,47.52,49.249,7200,240,Z:\SPART-WORK\Data\Voyager\voyager1\mag\48s\reviewed_vim\2022\voyager1_48s_mag-vim_20220101_v01.cdf,C:\Users\Administrator\Documents\FWD_matlab\Voyager_fu\Voyager_Interstellar_Monthly\HighestPrecision_Segments\V1_MAG48s_segment_0596_20220906T014109_20220906T031309.png,ok,
1,597,2022-09-06 14:53:08,2022-09-07 09:42:45,18.8268,1362,47.52,1680.479,7200,240,Z:\SPART-WORK\Data\Voyager\voyager1\mag\48s\reviewed_vim\2022\voyager1_48s_mag-vim_20220101_v01.cdf,C:\Users\Administrator\Documents\FWD_matlab\Voyager_fu\Voyager_Interstellar_Monthly\HighestPrecision_Segments\V1_MAG48s_segment_0597_20220906T145308_20220907T094245.png,ok,
1,598,2022-09-07 17:05:56,2022-09-08 04:42:44,11.6133600000678,737,47.52,6095.52,7200,240,Z:\SPART-WORK\Data\Voyager\voyager1\mag\48s\reviewed_vim\2022\voyager1_48s_mag-vim_20220101_v01.cdf,C:\Users\Administrator\Documents\FWD_matlab\Voyager_fu\Voyager_Interstellar_Monthly\HighestPrecision_Segments\V1_MAG48s_segment_0598_20220907T170556_20220908T044244.png,ok,
1,599,2022-09-08 19:10:44,2022-09-09 05:02:45,9.86688027777778,696,47.52,2208.383,7200,240,Z:\SPART-WORK\Data\Voyager\voyager1\mag\48s\reviewed_vim\2022\voyager1_48s_mag-vim_20220101_v01.cdf,C:\Users\Administrator\Documents\FWD_matlab\Voyager_fu\Voyager_Interstellar_Monthly\HighestPrecision_Segments\V1_MAG48s_segment_0599_20220908T191044_20220909T050245.png,ok,
1,600,2022-09-09 14:43:32,2022-09-09 21:32:20,6.81335972222222,511,47.52,96.7670002441406,7200,240,Z:\SPART-WORK\Data\Voyager\voyager1\mag\48s\reviewed_vim\2022\voyager1_48s_mag-vim_20220101_v01.cdf,C:\Users\Administrator\Documents\FWD_matlab\Voyager_fu\Voyager_Interstellar_Monthly\HighestPrecision_Segments\V1_MAG48s_segment_0600_20220909T144332_20220909T213220.png,ok,
1,601,2022-09-10 03:49:08,2022-09-10 04:33:08,0.7332,56,47.52,49.249,7200,240,Z:\SPART-WORK\Data\Voyager\voyager1\mag\48s\reviewed_vim\2022\voyager1_48s_mag-vim_20220101_v01.cdf,C:\Users\Administrator\Documents\FWD_matlab\Voyager_fu\Voyager_Interstellar_Monthly\HighestPrecision_Segments\V1_MAG48s_segment_0601_20220910T034908_20220910T043308.png,ok,
1,602,2022-09-10 14:32:21,2022-09-11 07:37:08,17.0798402777778,1276,47.52,144.288999755859,7200,240,Z:\SPART-WORK\Data\Voyager\voyager1\mag\48s\reviewed_vim\2022\voyager1_48s_mag-vim_20220101_v01.cdf,C:\Users\Administrator\Documents\FWD_matlab\Voyager_fu\Voyager_Interstellar_Monthly\HighestPrecision_Segments\V1_MAG48s_segment_0602_20220910T143221_20220911T073708.png,ok,
1,603,2022-09-11 22:48:20,2022-09-12 07:32:20,8.73336,589,47.52,3119.90499975586,7200,240,Z:\SPART-WORK\Data\Voyager\voyager1\mag\48s\reviewed_vim\2022\voyager1_48s_mag-vim_20220101_v01.cdf,C:\Users\Administrator\Documents\FWD_matlab\Voyager_fu\Voyager_Interstellar_Monthly\HighestPrecision_Segments\V1_MAG48s_segment_0603_20220911T224820_20220912T073220.png,ok,
1,604,2022-09-12 17:29:56,2022-09-12 18:06:44,0.613200277777778,44,47.52,192.672,7200,240,Z:\SPART-WORK\Data\Voyager\voyager1\mag\48s\reviewed_vim\2022\voyager1_48s_mag-vim_20220101_v01.cdf,C:\Users\Administrator\Documents\FWD_matlab\Voyager_fu\Voyager_Interstellar_Monthly\HighestPrecision_Segments\V1_MAG48s_segment_0604_20220912T172956_20220912T180644.png,ok,
1,605,2022-09-12 23:01:09,2022-09-13 09:16:20,10.25304,669,47.52,4081.535,7200,240,Z:\SPART-WORK\Data\Voyager\voyager1\mag\48s\reviewed_vim\2022\voyager1_48s_mag-vim_20220101_v01.cdf,C:\Users\Administrator\Documents\FWD_matlab\Voyager_fu\Voyager_Interstellar_Monthly\HighestPrecision_Segments\V1_MAG48s_segment_0605_20220912T230109_20220913T091620.png,ok,
1,606,2022-09-13 19:04:20,2022-09-14 09:01:08,13.9466397222222,1046,47.52,97.633,7200,240,Z:\SPART-WORK\Data\Voyager\voyager1\mag\48s\reviewed_vim\2022\voyager1_48s_mag-vim_20220101_v01.cdf,C:\Users\Administrator\Documents\FWD_matlab\Voyager_fu\Voyager_Interstellar_Monthly\HighestPrecision_Segments\V1_MAG48s_segment_0606_20220913T190420_20220914T090108.png,ok,
1,607,2022-09-14 17:10:44,2022-09-14 20:26:44,3.26664,184,47.52,2494.368,7200,240,Z:\SPART-WORK\Data\Voyager\voyager1\mag\48s\reviewed_vim\2022\voyager1_48s_mag-vim_20220101_v01.cdf,C:\Users\Administrator\Documents\FWD_matlab\Voyager_fu\Voyager_Interstellar_Monthly\HighestPrecision_Segments\V1_MAG48s_segment_0607_20220914T171044_20220914T202644.png,ok,
1,608,2022-09-15 01:41:07,2022-09-15 09:11:33,7.50744,561,47.52,142.56,7200,240,Z:\SPART-WORK\Data\Voyager\voyager1\mag\48s\reviewed_vim\2022\voyager1_48s_mag-vim_20220101_v01.cdf,C:\Users\Administrator\Documents\FWD_matlab\Voyager_fu\Voyager_Interstellar_Monthly\HighestPrecision_Segments\V1_MAG48s_segment_0608_20220915T014107_20220915T091133.png,ok,
1,609,2022-09-15 14:16:19,2022-09-16 06:41:07,16.41336,1229,47.52,141.695,7200,240,Z:\SPART-WORK\Data\Voyager\voyager1\mag\48s\reviewed_vim\2022\voyager1_48s_mag-vim_20220101_v01.cdf,C:\Users\Administrator\Documents\FWD_matlab\Voyager_fu\Voyager_Interstellar_Monthly\HighestPrecision_Segments\V1_MAG48s_segment_0609_20220915T141619_20220916T064107.png,ok,
1,610,2022-09-16 16:40:19,2022-09-17 07:36:19,14.9332802777778,1037,47.52,3886.272,7200,240,Z:\SPART-WORK\Data\Voyager\voyager1\mag\48s\reviewed_vim\2022\voyager1_48s_mag-vim_20220101_v01.cdf,C:\Users\Administrator\Documents\FWD_matlab\Voyager_fu\Voyager_Interstellar_Monthly\HighestPrecision_Segments\V1_MAG48s_segment_0610_20220916T164019_20220917T073619.png,ok,
1,611,2022-09-17 18:21:08,2022-09-17 23:41:09,5.33352027777778,400,47.52,95.041,7200,240,Z:\SPART-WORK\Data\Voyager\voyager1\mag\48s\reviewed_vim\2022\voyager1_48s_mag-vim_20220101_v01.cdf,C:\Users\Administrator\Documents\FWD_matlab\Voyager_fu\Voyager_Interstellar_Monthly\HighestPrecision_Segments\V1_MAG48s_segment_0611_20220917T182108_20220917T234109.png,ok,
1,612,2022-09-18 02:21:08,2022-09-18 04:45:57,2.41343972222222,181,47.52,95.04,7200,240,Z:\SPART-WORK\Data\Voyager\voyager1\mag\48s\reviewed_vim\2022\voyager1_48s_mag-vim_20220101_v01.cdf,C:\Users\Administrator\Documents\FWD_matlab\Voyager_fu\Voyager_Interstellar_Monthly\HighestPrecision_Segments\V1_MAG48s_segment_0612_20220918T022108_20220918T044557.png,ok,
1,613,2022-09-18 17:44:21,2022-09-18 20:50:43,3.10608,232,47.52,141.696999755859,7200,240,Z:\SPART-WORK\Data\Voyager\voyager1\mag\48s\reviewed_vim\2022\voyager1_48s_mag-vim_20220101_v01.cdf,C:\Users\Administrator\Documents\FWD_matlab\Voyager_fu\Voyager_Interstellar_Monthly\HighestPrecision_Segments\V1_MAG48s_segment_0613_20220918T174421_20220918T205043.png,ok,
1,614,2022-09-19 01:39:31,2022-09-19 08:54:43,7.25328,542,47.52,192.672,7200,240,Z:\SPART-WORK\Data\Voyager\voyager1\mag\48s\reviewed_vim\2022\voyager1_48s_mag-vim_20220101_v01.cdf,C:\Users\Administrator\Documents\FWD_matlab\Voyager_fu\Voyager_Interstellar_Monthly\HighestPrecision_Segments\V1_MAG48s_segment_0614_20220919T013931_20220919T085443.png,ok,
1,615,2022-09-20 01:01:07,2022-09-20 08:50:43,7.82664027770996,577,47.52,432.863,7200,240,Z:\SPART-WORK\Data\Voyager\voyager1\mag\48s\reviewed_vim\2022\voyager1_48s_mag-vim_20220101_v01.cdf,C:\Users\Administrator\Documents\FWD_matlab\Voyager_fu\Voyager_Interstellar_Monthly\HighestPrecision_Segments\V1_MAG48s_segment_0615_20220920T010107_20220920T085043.png,ok,
1,616,2022-09-20 15:41:07,2022-09-21 07:40:19,15.9866397222222,1064,47.52,3024.001,7200,240,Z:\SPART-WORK\Data\Voyager\voyager1\mag\48s\reviewed_vim\2022\voyager1_48s_mag-vim_20220101_v01.cdf,C:\Users\Administrator\Documents\FWD_matlab\Voyager_fu\Voyager_Interstellar_Monthly\HighestPrecision_Segments\V1_MAG48s_segment_0616_20220920T154107_20220921T074019.png,ok,
1,617,2022-09-21 17:10:44,2022-09-21 23:34:43,6.39983972229004,480,47.52,95.039,7200,240,Z:\SPART-WORK\Data\Voyager\voyager1\mag\48s\reviewed_vim\2022\voyager1_48s_mag-vim_20220101_v01.cdf,C:\Users\Administrator\Documents\FWD_matlab\Voyager_fu\Voyager_Interstellar_Monthly\HighestPrecision_Segments\V1_MAG48s_segment_0617_20220921T171044_20220921T233443.png,ok,
1,618,2022-09-22 01:37:56,2022-09-22 08:40:18,7.03944027777778,526,47.52,192.672000244141,7200,240,Z:\SPART-WORK\Data\Voyager\voyager1\mag\48s\reviewed_vim\2022\voyager1_48s_mag-vim_20220101_v01.cdf,C:\Users\Administrator\Documents\FWD_matlab\Voyager_fu\Voyager_Interstellar_Monthly\HighestPrecision_Segments\V1_MAG48s_segment_0618_20220922T013756_20220922T084018.png,ok,
1,619,2022-09-22 15:33:08,2022-09-22 22:39:31,7.10664,534,47.52,50.1120002441406,7200,240,Z:\SPART-WORK\Data\Voyager\voyager1\mag\48s\reviewed_vim\2022\voyager1_48s_mag-vim_20220101_v01.cdf,C:\Users\Administrator\Documents\FWD_matlab\Voyager_fu\Voyager_Interstellar_Monthly\HighestPrecision_Segments\V1_MAG48s_segment_0619_20220922T153308_20220922T223931.png,ok,
1,620,2022-09-23 01:10:44,2022-09-23 08:34:43,7.39968000006782,555,47.52,95.04,7200,240,Z:\SPART-WORK\Data\Voyager\voyager1\mag\48s\reviewed_vim\2022\voyager1_48s_mag-vim_20220101_v01.cdf,C:\Users\Administrator\Documents\FWD_matlab\Voyager_fu\Voyager_Interstellar_Monthly\HighestPrecision_Segments\V1_MAG48s_segment_0620_20220923T011044_20220923T083443.png,ok,
1,621,2022-09-23 14:40:18,2022-09-23 20:04:18,5.39999972222222,405,47.52,97.631,7200,240,Z:\SPART-WORK\Data\Voyager\voyager1\mag\48s\reviewed_vim\2022\voyager1_48s_mag-vim_20220101_v01.cdf,C:\Users\Administrator\Documents\FWD_matlab\Voyager_fu\Voyager_Interstellar_Monthly\HighestPrecision_Segments\V1_MAG48s_segment_0621_20220923T144018_20220923T200418.png,ok,
1,622,2022-09-24 01:02:45,2022-09-24 08:34:43,7.53287972229004,566,47.52,50.1120002441406,7200,240,Z:\SPART-WORK\Data\Voyager\voyager1\mag\48s\reviewed_vim\2022\voyager1_48s_mag-vim_20220101_v01.cdf,C:\Users\Administrator\Documents\FWD_matlab\Voyager_fu\Voyager_Interstellar_Monthly\HighestPrecision_Segments\V1_MAG48s_segment_0622_20220924T010245_20220924T083443.png,ok,
1,623,2022-09-24 18:33:55,2022-09-24 22:09:07,3.58656027770996,267,47.52,190.079,7200,240,Z:\SPART-WORK\Data\Voyager\voyager1\mag\48s\reviewed_vim\2022\voyager1_48s_mag-vim_20220101_v01.cdf,C:\Users\Administrator\Documents\FWD_matlab\Voyager_fu\Voyager_Interstellar_Monthly\HighestPrecision_Segments\V1_MAG48s_segment_0623_20220924T183355_20220924T220907.png,ok,
1,624,2022-09-25 02:59:30,2022-09-25 08:29:09,5.49408,412,47.52,97.631,7200,240,Z:\SPART-WORK\Data\Voyager\voyager1\mag\48s\reviewed_vim\2022\voyager1_48s_mag-vim_20220101_v01.cdf,C:\Users\Administrator\Documents\FWD_matlab\Voyager_fu\Voyager_Interstellar_Monthly\HighestPrecision_Segments\V1_MAG48s_segment_0624_20220925T025930_20220925T082909.png,ok,
1,625,2022-09-26 03:13:55,2022-09-26 07:29:07,4.25328,318,47.52,145.152,7200,240,Z:\SPART-WORK\Data\Voyager\voyager1\mag\48s\reviewed_vim\2022\voyager1_48s_mag-vim_20220101_v01.cdf,C:\Users\Administrator\Documents\FWD_matlab\Voyager_fu\Voyager_Interstellar_Monthly\HighestPrecision_Segments\V1_MAG48s_segment_0625_20220926T031355_20220926T072907.png,ok,
1,626,2022-09-26 19:37:54,2022-09-26 23:38:43,4.01376,299,47.52,192.672000244141,7200,240,Z:\SPART-WORK\Data\Voyager\voyager1\mag\48s\reviewed_vim\2022\voyager1_48s_mag-vim_20220101_v01.cdf,C:\Users\Administrator\Documents\FWD_matlab\Voyager_fu\Voyager_Interstellar_Monthly\HighestPrecision_Segments\V1_MAG48s_segment_0626_20220926T193754_20220926T233843.png,ok,
1,627,2022-09-27 01:39:31,2022-09-27 08:18:43,6.65328,492,47.52,335.232,7200,240,Z:\SPART-WORK\Data\Voyager\voyager1\mag\48s\reviewed_vim\2022\voyager1_48s_mag-vim_20220101_v01.cdf,C:\Users\Administrator\Documents\FWD_matlab\Voyager_fu\Voyager_Interstellar_Monthly\HighestPrecision_Segments\V1_MAG48s_segment_0627_20220927T013931_20220927T081843.png,ok,
1,628,2022-09-27 15:37:55,2022-09-28 03:13:55,11.59992,767,47.52,4801.24700024414,7200,240,Z:\SPART-WORK\Data\Voyager\voyager1\mag\48s\reviewed_vim\2022\voyager1_48s_mag-vim_20220101_v01.cdf,C:\Users\Administrator\Documents\FWD_matlab\Voyager_fu\Voyager_Interstellar_Monthly\HighestPrecision_Segments\V1_MAG48s_segment_0628_20220927T153755_20220928T031355.png,ok,
1,629,2022-09-29 01:42:44,2022-09-29 05:53:56,4.18655999993218,312,47.52,192.672,7200,240,Z:\SPART-WORK\Data\Voyager\voyager1\mag\48s\reviewed_vim\2022\voyager1_48s_mag-vim_20220101_v01.cdf,C:\Users\Administrator\Documents\FWD_matlab\Voyager_fu\Voyager_Interstellar_Monthly\HighestPrecision_Segments\V1_MAG48s_segment_0629_20220929T014244_20220929T055356.png,ok,
1,630,2022-09-29 17:41:09,2022-09-30 03:33:08,9.86639972222222,724,47.52,527.04,7200,240,Z:\SPART-WORK\Data\Voyager\voyager1\mag\48s\reviewed_vim\2022\voyager1_48s_mag-vim_20220101_v01.cdf,C:\Users\Administrator\Documents\FWD_matlab\Voyager_fu\Voyager_Interstellar_Monthly\HighestPrecision_Segments\V1_MAG48s_segment_0630_20220929T174109_20220930T033308.png,ok,
1,631,2022-09-30 19:26:44,2022-10-01 00:37:55,5.1864,390,47.52,50.1120002441406,7200,240,Z:\SPART-WORK\Data\Voyager\voyager1\mag\48s\reviewed_vim\2022\voyager1_48s_mag-vim_20220101_v01.cdf,C:\Users\Administrator\Documents\FWD_matlab\Voyager_fu\Voyager_Interstellar_Monthly\HighestPrecision_Segments\V1_MAG48s_segment_0631_20220930T192644_20221001T003755.png,ok,
1,632,2022-10-01 05:07:31,2022-10-01 08:03:31,2.93327999993218,215,47.52,192.672,7200,240,Z:\SPART-WORK\Data\Voyager\voyager1\mag\48s\reviewed_vim\2022\voyager1_48s_mag-vim_20220101_v01.cdf,C:\Users\Administrator\Documents\FWD_matlab\Voyager_fu\Voyager_Interstellar_Monthly\HighestPrecision_Segments\V1_MAG48s_segment_0632_20221001T050731_20221001T080331.png,ok,
1,633,2022-10-01 13:49:07,2022-10-02 00:57:55,11.1465597222222,836,47.52,96.768,7200,240,Z:\SPART-WORK\Data\Voyager\voyager1\mag\48s\reviewed_vim\2022\voyager1_48s_mag-vim_20220101_v01.cdf,C:\Users\Administrator\Documents\FWD_matlab\Voyager_fu\Voyager_Interstellar_Monthly\HighestPrecision_Segments\V1_MAG48s_segment_0633_20221001T134907_20221002T005755.png,ok,
1,634,2022-10-02 14:33:56,2022-10-02 21:22:43,6.81312027770996,511,47.52,95.0409997558594,7200,240,Z:\SPART-WORK\Data\Voyager\voyager1\mag\48s\reviewed_vim\2022\voyager1_48s_mag-vim_20220101_v01.cdf,C:\Users\Administrator\Documents\FWD_matlab\Voyager_fu\Voyager_Interstellar_Monthly\HighestPrecision_Segments\V1_MAG48s_segment_0634_20221002T143356_20221002T212243.png,ok,
1,635,2022-10-03 02:46:43,2022-10-03 07:57:54,5.18640027777778,387,47.52,192.672000244141,7200,240,Z:\SPART-WORK\Data\Voyager\voyager1\mag\48s\reviewed_vim\2022\voyager1_48s_mag-vim_20220101_v01.cdf,C:\Users\Administrator\Documents\FWD_matlab\Voyager_fu\Voyager_Interstellar_Monthly\HighestPrecision_Segments\V1_MAG48s_segment_0635_20221003T024643_20221003T075754.png,ok,
1,636,2022-10-03 12:56:19,2022-10-03 14:33:06,1.61279972229004,122,47.52,50.1120002441406,7200,240,Z:\SPART-WORK\Data\Voyager\voyager1\mag\48s\reviewed_vim\2022\voyager1_48s_mag-vim_20220101_v01.cdf,C:\Users\Administrator\Documents\FWD_matlab\Voyager_fu\Voyager_Interstellar_Monthly\HighestPrecision_Segments\V1_MAG48s_segment_0636_20221003T125619_20221003T143306.png,ok,
1,637,2022-10-03 18:25:56,2022-10-04 07:52:19,13.4397597222222,862,47.52,6911.137,7200,240,Z:\SPART-WORK\Data\Voyager\voyager1\mag\48s\reviewed_vim\2022\voyager1_48s_mag-vim_20220101_v01.cdf,C:\Users\Administrator\Documents\FWD_matlab\Voyager_fu\Voyager_Interstellar_Monthly\HighestPrecision_Segments\V1_MAG48s_segment_0637_20221003T182556_20221004T075219.png,ok,
1,638,2022-10-04 12:57:55,2022-10-04 20:47:30,7.82664027777778,586,47.52,97.633,7200,240,Z:\SPART-WORK\Data\Voyager\voyager1\mag\48s\reviewed_vim\2022\voyager1_48s_mag-vim_20220101_v01.cdf,C:\Users\Administrator\Documents\FWD_matlab\Voyager_fu\Voyager_Interstellar_Monthly\HighestPrecision_Segments\V1_MAG48s_segment_0638_20221004T125755_20221004T204730.png,ok,
1,639,2022-10-05 01:36:19,2022-10-05 07:53:54,6.29303972222222,470,47.52,192.672,7200,240,Z:\SPART-WORK\Data\Voyager\voyager1\mag\48s\reviewed_vim\2022\voyager1_48s_mag-vim_20220101_v01.cdf,C:\Users\Administrator\Documents\FWD_matlab\Voyager_fu\Voyager_Interstellar_Monthly\HighestPrecision_Segments\V1_MAG48s_segment_0639_20221005T013619_20221005T075354.png,ok,
1,640,2022-10-05 16:57:54,2022-10-05 21:02:43,4.08024,304,47.52,192.671000244141,7200,240,Z:\SPART-WORK\Data\Voyager\voyager1\mag\48s\reviewed_vim\2022\voyager1_48s_mag-vim_20220101_v01.cdf,C:\Users\Administrator\Documents\FWD_matlab\Voyager_fu\Voyager_Interstellar_Monthly\HighestPrecision_Segments\V1_MAG48s_segment_0640_20221005T165754_20221005T210243.png,ok,
1,641,2022-10-06 01:37:06,2022-10-06 04:17:07,2.66688027777778,196,47.52,192.672,7200,240,Z:\SPART-WORK\Data\Voyager\voyager1\mag\48s\reviewed_vim\2022\voyager1_48s_mag-vim_20220101_v01.cdf,C:\Users\Administrator\Documents\FWD_matlab\Voyager_fu\Voyager_Interstellar_Monthly\HighestPrecision_Segments\V1_MAG48s_segment_0641_20221006T013706_20221006T041707.png,ok,
1,642,2022-10-06 13:42:44,2022-10-06 19:27:32,5.74655999993218,431,47.52,95.0409997558594,7200,240,Z:\SPART-WORK\Data\Voyager\voyager1\mag\48s\reviewed_vim\2022\voyager1_48s_mag-vim_20220101_v01.cdf,C:\Users\Administrator\Documents\FWD_matlab\Voyager_fu\Voyager_Interstellar_Monthly\HighestPrecision_Segments\V1_MAG48s_segment_0642_20221006T134244_20221006T192732.png,ok,
1,643,2022-10-06 22:03:32,2022-10-07 02:07:31,4.06632000006782,304,47.52,142.56,7200,240,Z:\SPART-WORK\Data\Voyager\voyager1\mag\48s\reviewed_vim\2022\voyager1_48s_mag-vim_20220101_v01.cdf,C:\Users\Administrator\Documents\FWD_matlab\Voyager_fu\Voyager_Interstellar_Monthly\HighestPrecision_Segments\V1_MAG48s_segment_0643_20221006T220332_20221007T020731.png,ok,
1,644,2022-10-07 13:42:44,2022-10-07 17:37:06,3.90600027770996,293,47.52,95.0409997558594,7200,240,Z:\SPART-WORK\Data\Voyager\voyager1\mag\48s\reviewed_vim\2022\voyager1_48s_mag-vim_20220101_v01.cdf,C:\Users\Administrator\Documents\FWD_matlab\Voyager_fu\Voyager_Interstellar_Monthly\HighestPrecision_Segments\V1_MAG48s_segment_0644_20221007T134244_20221007T173706.png,ok,
1,645,2022-10-08 00:40:20,2022-10-08 07:37:06,6.94607972222222,521,47.52,97.631,7200,240,Z:\SPART-WORK\Data\Voyager\voyager1\mag\48s\reviewed_vim\2022\voyager1_48s_mag-vim_20220101_v01.cdf,C:\Users\Administrator\Documents\FWD_matlab\Voyager_fu\Voyager_Interstellar_Monthly\HighestPrecision_Segments\V1_MAG48s_segment_0645_20221008T004020_20221008T073706.png,ok,
1,646,2022-10-08 13:36:19,2022-10-09 00:21:55,10.7601597222222,686,47.52,5711.04,7200,240,Z:\SPART-WORK\Data\Voyager\voyager1\mag\48s\reviewed_vim\2022\voyager1_48s_mag-vim_20220101_v01.cdf,C:\Users\Administrator\Documents\FWD_matlab\Voyager_fu\Voyager_Interstellar_Monthly\HighestPrecision_Segments\V1_MAG48s_segment_0646_20221008T133619_20221009T002155.png,ok,
1,647,2022-10-09 15:57:07,2022-10-09 19:51:31,3.90671972229004,293,47.52,95.04,7200,240,Z:\SPART-WORK\Data\Voyager\voyager1\mag\48s\reviewed_vim\2022\voyager1_48s_mag-vim_20220101_v01.cdf,C:\Users\Administrator\Documents\FWD_matlab\Voyager_fu\Voyager_Interstellar_Monthly\HighestPrecision_Segments\V1_MAG48s_segment_0647_20221009T155707_20221009T195131.png,ok,
1,648,2022-10-10 00:25:56,2022-10-10 07:26:42,7.01279972229004,521,47.52,192.672000244141,7200,240,Z:\SPART-WORK\Data\Voyager\voyager1\mag\48s\reviewed_vim\2022\voyager1_48s_mag-vim_20220101_v01.cdf,C:\Users\Administrator\Documents\FWD_matlab\Voyager_fu\Voyager_Interstellar_Monthly\HighestPrecision_Segments\V1_MAG48s_segment_0648_20221010T002556_20221010T072642.png,ok,
1,649,2022-10-11 07:29:54,2022-10-11 11:26:44,3.94704027777778,297,47.52,50.113,7200,240,Z:\SPART-WORK\Data\Voyager\voyager1\mag\48s\reviewed_vim\2022\voyager1_48s_mag-vim_20220101_v01.cdf,C:\Users\Administrator\Documents\FWD_matlab\Voyager_fu\Voyager_Interstellar_Monthly\HighestPrecision_Segments\V1_MAG48s_segment_0649_20221011T072954_20221011T112644.png,ok,
1,650,2022-10-11 14:09:54,2022-10-11 23:49:56,9.6672,725,47.52,97.633,7200,240,Z:\SPART-WORK\Data\Voyager\voyager1\mag\48s\reviewed_vim\2022\voyager1_48s_mag-vim_20220101_v01.cdf,C:\Users\Administrator\Documents\FWD_matlab\Voyager_fu\Voyager_Interstellar_Monthly\HighestPrecision_Segments\V1_MAG48s_segment_0650_20221011T140954_20221011T234956.png,ok,
1,651,2022-10-12 03:21:55,2022-10-12 11:11:31,7.82664027777778,565,47.52,1104.192,7200,240,Z:\SPART-WORK\Data\Voyager\voyager1\mag\48s\reviewed_vim\2022\voyager1_48s_mag-vim_20220101_v01.cdf,C:\Users\Administrator\Documents\FWD_matlab\Voyager_fu\Voyager_Interstellar_Monthly\HighestPrecision_Segments\V1_MAG48s_segment_0651_20221012T032155_20221012T111131.png,ok,
1,652,2022-10-13 01:34:42,2022-10-13 07:16:20,5.69376,424,47.5200002441406,239.327999755859,7200,240,Z:\SPART-WORK\Data\Voyager\voyager1\mag\48s\reviewed_vim\2022\voyager1_48s_mag-vim_20220101_v01.cdf,C:\Users\Administrator\Documents\FWD_matlab\Voyager_fu\Voyager_Interstellar_Monthly\HighestPrecision_Segments\V1_MAG48s_segment_0652_20221013T013442_20221013T071620.png,ok,
1,653,2022-10-13 12:21:08,2022-10-13 18:05:05,5.73264,294,47.5200002441406,6525.792,7200,240,Z:\SPART-WORK\Data\Voyager\voyager1\mag\48s\reviewed_vim\2022\voyager1_48s_mag-vim_20220101_v01.cdf,C:\Users\Administrator\Documents\FWD_matlab\Voyager_fu\Voyager_Interstellar_Monthly\HighestPrecision_Segments\V1_MAG48s_segment_0653_20221013T122108_20221013T180505.png,ok,
1,654,2022-10-14 00:33:55,2022-10-14 07:10:42,6.61296027770996,497,47.5209997558594,50.113,7200,240,Z:\SPART-WORK\Data\Voyager\voyager1\mag\48s\reviewed_vim\2022\voyager1_48s_mag-vim_20220101_v01.cdf,C:\Users\Administrator\Documents\FWD_matlab\Voyager_fu\Voyager_Interstellar_Monthly\HighestPrecision_Segments\V1_MAG48s_segment_0654_20221014T003355_20221014T071042.png,ok,
1,655,2022-10-14 16:16:20,2022-10-14 22:21:07,6.07992,456,47.5209997558594,95.0400002441406,7200,240,Z:\SPART-WORK\Data\Voyager\voyager1\mag\48s\reviewed_vim\2022\voyager1_48s_mag-vim_20220101_v01.cdf,C:\Users\Administrator\Documents\FWD_matlab\Voyager_fu\Voyager_Interstellar_Monthly\HighestPrecision_Segments\V1_MAG48s_segment_0655_20221014T161620_20221014T222107.png,ok,
1,656,2022-10-15 02:00:19,2022-10-15 07:05:55,5.09327999993218,381,47.5209997558594,144.287,7200,240,Z:\SPART-WORK\Data\Voyager\voyager1\mag\48s\reviewed_vim\2022\voyager1_48s_mag-vim_20220101_v01.cdf,C:\Users\Administrator\Documents\FWD_matlab\Voyager_fu\Voyager_Interstellar_Monthly\HighestPrecision_Segments\V1_MAG48s_segment_0656_20221015T020019_20221015T070555.png,ok,
1,657,2022-10-15 12:33:55,2022-10-16 07:00:20,18.44016,1284,47.5209997558594,4798.65600024414,7200,240,Z:\SPART-WORK\Data\Voyager\voyager1\mag\48s\reviewed_vim\2022\voyager1_48s_mag-vim_20220101_v01.cdf,C:\Users\Administrator\Documents\FWD_matlab\Voyager_fu\Voyager_Interstellar_Monthly\HighestPrecision_Segments\V1_MAG48s_segment_0657_20221015T123355_20221016T070020.png,ok,
1,658,2022-10-16 12:30:42,2022-10-16 23:10:44,10.6670402777778,799,47.5209997558594,145.151000244141,7200,240,Z:\SPART-WORK\Data\Voyager\voyager1\mag\48s\reviewed_vim\2022\voyager1_48s_mag-vim_20220101_v01.cdf,C:\Users\Administrator\Documents\FWD_matlab\Voyager_fu\Voyager_Interstellar_Monthly\HighestPrecision_Segments\V1_MAG48s_segment_0658_20221016T123042_20221016T231044.png,ok,
1,659,2022-10-17 05:15:31,2022-10-17 07:00:20,1.74672000006782,130,47.5209997558594,144.287,7200,240,Z:\SPART-WORK\Data\Voyager\voyager1\mag\48s\reviewed_vim\2022\voyager1_48s_mag-vim_20220101_v01.cdf,C:\Users\Administrator\Documents\FWD_matlab\Voyager_fu\Voyager_Interstellar_Monthly\HighestPrecision_Segments\V1_MAG48s_segment_0659_20221017T051531_20221017T070020.png,ok,
1,660,2022-10-17 12:05:05,2022-10-17 18:20:18,6.25344,458,47.5209997558594,432,7200,240,Z:\SPART-WORK\Data\Voyager\voyager1\mag\48s\reviewed_vim\2022\voyager1_48s_mag-vim_20220101_v01.cdf,C:\Users\Administrator\Documents\FWD_matlab\Voyager_fu\Voyager_Interstellar_Monthly\HighestPrecision_Segments\V1_MAG48s_segment_0660_20221017T120505_20221017T182018.png,ok,
1,661,2022-10-18 04:59:32,2022-10-18 06:55:29,1.93272,144,47.5209997558594,142.560999755859,7200,240,Z:\SPART-WORK\Data\Voyager\voyager1\mag\48s\reviewed_vim\2022\voyager1_48s_mag-vim_20220101_v01.cdf,C:\Users\Administrator\Documents\FWD_matlab\Voyager_fu\Voyager_Interstellar_Monthly\HighestPrecision_Segments\V1_MAG48s_segment_0661_20221018T045932_20221018T065529.png,ok,
1,662,2022-10-18 17:15:31,2022-10-18 23:00:19,5.74656000006782,424,47.5209997558594,334.368,7200,240,Z:\SPART-WORK\Data\Voyager\voyager1\mag\48s\reviewed_vim\2022\voyager1_48s_mag-vim_20220101_v01.cdf,C:\Users\Administrator\Documents\FWD_matlab\Voyager_fu\Voyager_Interstellar_Monthly\HighestPrecision_Segments\V1_MAG48s_segment_0662_20221018T171531_20221018T230019.png,ok,
1,663,2022-10-19 01:34:42,2022-10-19 03:14:43,1.66680027777778,124,47.5209997558594,145.153,7200,240,Z:\SPART-WORK\Data\Voyager\voyager1\mag\48s\reviewed_vim\2022\voyager1_48s_mag-vim_20220101_v01.cdf,C:\Users\Administrator\Documents\FWD_matlab\Voyager_fu\Voyager_Interstellar_Monthly\HighestPrecision_Segments\V1_MAG48s_segment_0663_20221019T013442_20221019T031443.png,ok,
1,664,2022-10-19 17:33:06,2022-10-19 22:17:55,4.74696,226,47.521,2879.713,7200,240,Z:\SPART-WORK\Data\Voyager\voyager1\mag\48s\reviewed_vim\2022\voyager1_48s_mag-vim_20220101_v01.cdf,C:\Users\Administrator\Documents\FWD_matlab\Voyager_fu\Voyager_Interstellar_Monthly\HighestPrecision_Segments\V1_MAG48s_segment_0664_20221019T173306_20221019T221755.png,ok,
1,665,2022-10-20 07:53:54,2022-10-20 11:41:53,3.79992027777778,195,47.521,1777.249,7200,240,Z:\SPART-WORK\Data\Voyager\voyager1\mag\48s\reviewed_vim\2022\voyager1_48s_mag-vim_20220101_v01.cdf,C:\Users\Administrator\Documents\FWD_matlab\Voyager_fu\Voyager_Interstellar_Monthly\HighestPrecision_Segments\V1_MAG48s_segment_0665_20221020T075354_20221020T114153.png,ok,
1,666,2022-10-20 16:06:42,2022-10-20 21:07:31,5.01336,211,47.521,4704.479,7200,240,Z:\SPART-WORK\Data\Voyager\voyager1\mag\48s\reviewed_vim\2022\voyager1_48s_mag-vim_20220101_v01.cdf,C:\Users\Administrator\Documents\FWD_matlab\Voyager_fu\Voyager_Interstellar_Monthly\HighestPrecision_Segments\V1_MAG48s_segment_0666_20221020T160642_20221020T210731.png,ok,
1,667,2022-10-20 23:52:18,2022-10-21 02:19:31,2.45351972222222,183,47.5209997558594,145.152999755859,7200,240,Z:\SPART-WORK\Data\Voyager\voyager1\mag\48s\reviewed_vim\2022\voyager1_48s_mag-vim_20220101_v01.cdf,C:\Users\Administrator\Documents\FWD_matlab\Voyager_fu\Voyager_Interstellar_Monthly\HighestPrecision_Segments\V1_MAG48s_segment_0667_20221020T235218_20221021T021931.png,ok,
1,668,2022-10-21 12:43:30,2022-10-22 02:59:30,14.2668,921,47.5209997558594,4753.729,7200,240,Z:\SPART-WORK\Data\Voyager\voyager1\mag\48s\reviewed_vim\2022\voyager1_48s_mag-vim_20220101_v01.cdf,C:\Users\Administrator\Documents\FWD_matlab\Voyager_fu\Voyager_Interstellar_Monthly\HighestPrecision_Segments\V1_MAG48s_segment_0668_20221021T124330_20221022T025930.png,ok,
1,669,2022-10-22 12:32:17,2022-10-23 06:34:43,18.0403202777778,1348,47.5209997558594,192.671999755859,7200,240,Z:\SPART-WORK\Data\Voyager\voyager1\mag\48s\reviewed_vim\2022\voyager1_48s_mag-vim_20220101_v01.cdf,C:\Users\Administrator\Documents\FWD_matlab\Voyager_fu\Voyager_Interstellar_Monthly\HighestPrecision_Segments\V1_MAG48s_segment_0669_20221022T123217_20221023T063443.png,ok,
1,670,2022-10-23 11:39:31,2022-10-23 15:09:06,3.49296027777778,261,47.5209997558594,145.151,7200,240,Z:\SPART-WORK\Data\Voyager\voyager1\mag\48s\reviewed_vim\2022\voyager1_48s_mag-vim_20220101_v01.cdf,C:\Users\Administrator\Documents\FWD_matlab\Voyager_fu\Voyager_Interstellar_Monthly\HighestPrecision_Segments\V1_MAG48s_segment_0670_20221023T113931_20221023T150906.png,ok,
1,671,2022-10-23 22:45:07,2022-10-24 06:29:05,7.7328,577,47.5209997558594,145.151,7200,240,Z:\SPART-WORK\Data\Voyager\voyager1\mag\48s\reviewed_vim\2022\voyager1_48s_mag-vim_20220101_v01.cdf,C:\Users\Administrator\Documents\FWD_matlab\Voyager_fu\Voyager_Interstellar_Monthly\HighestPrecision_Segments\V1_MAG48s_segment_0671_20221023T224507_20221024T062905.png,ok,
1,672,2022-10-24 16:59:32,2022-10-25 05:24:19,12.4130397222222,805,47.5209997558594,5613.408,7200,240,Z:\SPART-WORK\Data\Voyager\voyager1\mag\48s\reviewed_vim\2022\voyager1_48s_mag-vim_20220101_v01.cdf,C:\Users\Administrator\Documents\FWD_matlab\Voyager_fu\Voyager_Interstellar_Monthly\HighestPrecision_Segments\V1_MAG48s_segment_0672_20221024T165932_20221025T052419.png,ok,
1,673,2022-10-25 11:28:19,2022-10-25 16:29:07,5.01336,374,47.5209997558594,191.807000244141,7200,240,Z:\SPART-WORK\Data\Voyager\voyager1\mag\48s\reviewed_vim\2022\voyager1_48s_mag-vim_20220101_v01.cdf,C:\Users\Administrator\Documents\FWD_matlab\Voyager_fu\Voyager_Interstellar_Monthly\HighestPrecision_Segments\V1_MAG48s_segment_0673_20221025T112819_20221025T162907.png,ok,
1,674,2022-10-25 20:19:31,2022-10-25 20:57:06,0.626400277777778,47,47.5209998779297,95.04,7200,240,Z:\SPART-WORK\Data\Voyager\voyager1\mag\48s\reviewed_vim\2022\voyager1_48s_mag-vim_20220101_v01.cdf,C:\Users\Administrator\Documents\FWD_matlab\Voyager_fu\Voyager_Interstellar_Monthly\HighestPrecision_Segments\V1_MAG48s_segment_0674_20221025T201931_20221025T205706.png,ok,
1,675,2022-10-26 03:39:30,2022-10-26 04:18:42,0.65328,48,47.5209997558594,145.151000244141,7200,240,Z:\SPART-WORK\Data\Voyager\voyager1\mag\48s\reviewed_vim\2022\voyager1_48s_mag-vim_20220101_v01.cdf,C:\Users\Administrator\Documents\FWD_matlab\Voyager_fu\Voyager_Interstellar_Monthly\HighestPrecision_Segments\V1_MAG48s_segment_0675_20221026T033930_20221026T041842.png,ok,
1,676,2022-10-27 01:31:29,2022-10-27 05:38:43,4.12056027777778,307,47.5209997558594,191.807999755859,7200,240,Z:\SPART-WORK\Data\Voyager\voyager1\mag\48s\reviewed_vim\2022\voyager1_48s_mag-vim_20220101_v01.cdf,C:\Users\Administrator\Documents\FWD_matlab\Voyager_fu\Voyager_Interstellar_Monthly\HighestPrecision_Segments\V1_MAG48s_segment_0676_20221027T013129_20221027T053843.png,ok,
1,677,2022-10-27 15:23:30,2022-10-27 23:03:31,7.6668,467,47.5209997558594,5136.47900024414,7200,240,Z:\SPART-WORK\Data\Voyager\voyager1\mag\48s\reviewed_vim\2022\voyager1_48s_mag-vim_20220101_v01.cdf,C:\Users\Administrator\Documents\FWD_matlab\Voyager_fu\Voyager_Interstellar_Monthly\HighestPrecision_Segments\V1_MAG48s_segment_0677_20221027T152330_20221027T230331.png,ok,
1,678,2022-10-28 01:07:30,2022-10-28 05:33:53,4.43976027777778,331,47.5209997558594,190.08,7200,240,Z:\SPART-WORK\Data\Voyager\voyager1\mag\48s\reviewed_vim\2022\voyager1_48s_mag-vim_20220101_v01.cdf,C:\Users\Administrator\Documents\FWD_matlab\Voyager_fu\Voyager_Interstellar_Monthly\HighestPrecision_Segments\V1_MAG48s_segment_0678_20221028T010730_20221028T053353.png,ok,
1,679,2022-10-28 12:46:42,2022-10-29 05:08:19,16.36008,1226,47.5209997558594,97.632,7200,240,Z:\SPART-WORK\Data\Voyager\voyager1\mag\48s\reviewed_vim\2022\voyager1_48s_mag-vim_20220101_v01.cdf,C:\Users\Administrator\Documents\FWD_matlab\Voyager_fu\Voyager_Interstellar_Monthly\HighestPrecision_Segments\V1_MAG48s_segment_0679_20221028T124642_20221029T050819.png,ok,
1,680,2022-10-29 11:12:19,2022-10-29 16:23:29,5.18616,375,47.5209997558594,480.383999755859,7200,240,Z:\SPART-WORK\Data\Voyager\voyager1\mag\48s\reviewed_vim\2022\voyager1_48s_mag-vim_20220101_v01.cdf,C:\Users\Administrator\Documents\FWD_matlab\Voyager_fu\Voyager_Interstellar_Monthly\HighestPrecision_Segments\V1_MAG48s_segment_0680_20221029T111219_20221029T162329.png,ok,
1,681,2022-10-29 20:57:53,2022-10-30 05:48:18,8.84016,661,47.5209997558594,192.672,7200,240,Z:\SPART-WORK\Data\Voyager\voyager1\mag\48s\reviewed_vim\2022\voyager1_48s_mag-vim_20220101_v01.cdf,C:\Users\Administrator\Documents\FWD_matlab\Voyager_fu\Voyager_Interstellar_Monthly\HighestPrecision_Segments\V1_MAG48s_segment_0681_20221029T205753_20221030T054818.png,ok,
1,682,2022-10-30 12:03:30,2022-10-31 05:28:19,17.4134402777778,1237,47.5209997558594,3264.192,7200,240,Z:\SPART-WORK\Data\Voyager\voyager1\mag\48s\reviewed_vim\2022\voyager1_48s_mag-vim_20220101_v01.cdf,C:\Users\Administrator\Documents\FWD_matlab\Voyager_fu\Voyager_Interstellar_Monthly\HighestPrecision_Segments\V1_MAG48s_segment_0682_20221030T120330_20221031T052819.png,ok,
1,683,2022-10-31 11:09:06,2022-10-31 17:57:53,6.81311999993218,511,47.5209997558594,95.0399997558594,7200,240,Z:\SPART-WORK\Data\Voyager\voyager1\mag\48s\reviewed_vim\2022\voyager1_48s_mag-vim_20220101_v01.cdf,C:\Users\Administrator\Documents\FWD_matlab\Voyager_fu\Voyager_Interstellar_Monthly\HighestPrecision_Segments\V1_MAG48s_segment_0683_20221031T110906_20221031T175753.png,ok,
1,684,2022-11-01 03:18:43,2022-11-01 05:57:53,2.65296,192,47.5209997558594,240.191000244141,7200,240,Z:\SPART-WORK\Data\Voyager\voyager1\mag\48s\reviewed_vim\2022\voyager1_48s_mag-vim_20220101_v01.cdf,C:\Users\Administrator\Documents\FWD_matlab\Voyager_fu\Voyager_Interstellar_Monthly\HighestPrecision_Segments\V1_MAG48s_segment_0684_20221101T031843_20221101T055753.png,ok,
1,685,2022-11-01 19:31:29,2022-11-02 05:37:53,10.10664,652,47.5209997558594,5088.96,7200,240,Z:\SPART-WORK\Data\Voyager\voyager1\mag\48s\reviewed_vim\2022\voyager1_48s_mag-vim_20220101_v01.cdf,C:\Users\Administrator\Documents\FWD_matlab\Voyager_fu\Voyager_Interstellar_Monthly\HighestPrecision_Segments\V1_MAG48s_segment_0685_20221101T193129_20221102T053753.png,ok,
1,686,2022-11-02 17:44:19,2022-11-02 22:22:41,4.63968027770996,313,47.5209997558594,1584.57699975586,7200,240,Z:\SPART-WORK\Data\Voyager\voyager1\mag\48s\reviewed_vim\2022\voyager1_48s_mag-vim_20220101_v01.cdf,C:\Users\Administrator\Documents\FWD_matlab\Voyager_fu\Voyager_Interstellar_Monthly\HighestPrecision_Segments\V1_MAG48s_segment_0686_20221102T174419_20221102T222241.png,ok,
1,687,2022-11-03 10:53:06,2022-11-03 15:57:55,5.08007972222222,381,47.5209997558594,95.04,7200,240,Z:\SPART-WORK\Data\Voyager\voyager1\mag\48s\reviewed_vim\2022\voyager1_48s_mag-vim_20220101_v01.cdf,C:\Users\Administrator\Documents\FWD_matlab\Voyager_fu\Voyager_Interstellar_Monthly\HighestPrecision_Segments\V1_MAG48s_segment_0687_20221103T105306_20221103T155755.png,ok,
1,688,2022-11-03 18:41:55,2022-11-04 00:32:17,5.83967972222222,437,47.5209997558594,142.560999755859,7200,240,Z:\SPART-WORK\Data\Voyager\voyager1\mag\48s\reviewed_vim\2022\voyager1_48s_mag-vim_20220101_v01.cdf,C:\Users\Administrator\Documents\FWD_matlab\Voyager_fu\Voyager_Interstellar_Monthly\HighestPrecision_Segments\V1_MAG48s_segment_0688_20221103T184155_20221104T003217.png,ok,
1,689,2022-11-04 10:46:42,2022-11-05 03:32:17,16.75992,1166,47.5209997558594,3886.272,7200,240,Z:\SPART-WORK\Data\Voyager\voyager1\mag\48s\reviewed_vim\2022\voyager1_48s_mag-vim_20220101_v01.cdf,C:\Users\Administrator\Documents\FWD_matlab\Voyager_fu\Voyager_Interstellar_Monthly\HighestPrecision_Segments\V1_MAG48s_segment_0689_20221104T104642_20221105T033217.png,ok,
1,690,2022-11-05 10:46:42,2022-11-06 00:21:53,13.5864,941,47.5209997558594,3361.82399975586,7200,240,Z:\SPART-WORK\Data\Voyager\voyager1\mag\48s\reviewed_vim\2022\voyager1_48s_mag-vim_20220101_v01.cdf,C:\Users\Administrator\Documents\FWD_matlab\Voyager_fu\Voyager_Interstellar_Monthly\HighestPrecision_Segments\V1_MAG48s_segment_0690_20221105T104642_20221106T002153.png,ok,
1,691,2022-11-06 10:41:54,2022-11-06 16:01:55,5.33352027777778,399,47.5209997558594,145.151,7200,240,Z:\SPART-WORK\Data\Voyager\voyager1\mag\48s\reviewed_vim\2022\voyager1_48s_mag-vim_20220101_v01.cdf,C:\Users\Administrator\Documents\FWD_matlab\Voyager_fu\Voyager_Interstellar_Monthly\HighestPrecision_Segments\V1_MAG48s_segment_0691_20221106T104154_20221106T160155.png,ok,
1,692,2022-11-06 19:20:17,2022-11-07 03:21:53,8.02655972222222,603,47.5209997558594,50.113,7200,240,Z:\SPART-WORK\Data\Voyager\voyager1\mag\48s\reviewed_vim\2022\voyager1_48s_mag-vim_20220101_v01.cdf,C:\Users\Administrator\Documents\FWD_matlab\Voyager_fu\Voyager_Interstellar_Monthly\HighestPrecision_Segments\V1_MAG48s_segment_0692_20221106T192017_20221107T032153.png,ok,
1,693,2022-11-07 19:45:54,2022-11-08 04:21:54,8.59991972222222,480,47.5209997558594,2926.367,7200,240,Z:\SPART-WORK\Data\Voyager\voyager1\mag\48s\reviewed_vim\2022\voyager1_48s_mag-vim_20220101_v01.cdf,C:\Users\Administrator\Documents\FWD_matlab\Voyager_fu\Voyager_Interstellar_Monthly\HighestPrecision_Segments\V1_MAG48s_segment_0693_20221107T194554_20221108T042154.png,ok,
1,694,2022-11-08 10:33:55,2022-11-09 00:26:42,13.87992,907,47.5209997558594,4081.53600024414,7200,240,Z:\SPART-WORK\Data\Voyager\voyager1\mag\48s\reviewed_vim\2022\voyager1_48s_mag-vim_20220101_v01.cdf,C:\Users\Administrator\Documents\FWD_matlab\Voyager_fu\Voyager_Interstellar_Monthly\HighestPrecision_Segments\V1_MAG48s_segment_0694_20221108T103355_20221109T002642.png,ok,
1,695,2022-11-09 18:22:43,2022-11-09 21:57:04,3.57264,267,47.5209997558594,141.696,7200,240,Z:\SPART-WORK\Data\Voyager\voyager1\mag\48s\reviewed_vim\2022\voyager1_48s_mag-vim_20220101_v01.cdf,C:\Users\Administrator\Documents\FWD_matlab\Voyager_fu\Voyager_Interstellar_Monthly\HighestPrecision_Segments\V1_MAG48s_segment_0695_20221109T182243_20221109T215704.png,ok,
1,696,2022-11-10 11:36:18,2022-11-10 16:41:54,5.09328,381,47.5209997558594,142.559,7200,240,Z:\SPART-WORK\Data\Voyager\voyager1\mag\48s\reviewed_vim\2022\voyager1_48s_mag-vim_20220101_v01.cdf,C:\Users\Administrator\Documents\FWD_matlab\Voyager_fu\Voyager_Interstellar_Monthly\HighestPrecision_Segments\V1_MAG48s_segment_0696_20221110T113618_20221110T164154.png,ok,
1,697,2022-11-11 01:31:29,2022-11-11 05:16:19,3.74712027777778,279,47.5209997558594,145.151,7200,240,Z:\SPART-WORK\Data\Voyager\voyager1\mag\48s\reviewed_vim\2022\voyager1_48s_mag-vim_20220101_v01.cdf,C:\Users\Administrator\Documents\FWD_matlab\Voyager_fu\Voyager_Interstellar_Monthly\HighestPrecision_Segments\V1_MAG48s_segment_0697_20221111T013129_20221111T051619.png,ok,
1,698,2022-11-11 18:01:53,2022-11-12 04:06:42,10.0804802777778,756,47.5209997558594,97.632,7200,240,Z:\SPART-WORK\Data\Voyager\voyager1\mag\48s\reviewed_vim\2022\voyager1_48s_mag-vim_20220101_v01.cdf,C:\Users\Administrator\Documents\FWD_matlab\Voyager_fu\Voyager_Interstellar_Monthly\HighestPrecision_Segments\V1_MAG48s_segment_0698_20221111T180153_20221112T040642.png,ok,
1,699,2022-11-12 10:16:17,2022-11-12 20:41:06,10.4136,639,47.5209997558594,6768.57699975586,7200,240,Z:\SPART-WORK\Data\Voyager\voyager1\mag\48s\reviewed_vim\2022\voyager1_48s_mag-vim_20220101_v01.cdf,C:\Users\Administrator\Documents\FWD_matlab\Voyager_fu\Voyager_Interstellar_Monthly\HighestPrecision_Segments\V1_MAG48s_segment_0699_20221112T101617_20221112T204106.png,ok,
1,700,2022-11-13 01:05:55,2022-11-13 05:05:53,3.9996,299,47.5209997558594,141.696,7200,240,Z:\SPART-WORK\Data\Voyager\voyager1\mag\48s\reviewed_vim\2022\voyager1_48s_mag-vim_20220101_v01.cdf,C:\Users\Administrator\Documents\FWD_matlab\Voyager_fu\Voyager_Interstellar_Monthly\HighestPrecision_Segments\V1_MAG48s_segment_0700_20221113T010555_20221113T050553.png,ok,
1,701,2022-11-13 10:09:54,2022-11-13 12:11:31,2.0268,153,47.5209997558594,50.113,7200,240,Z:\SPART-WORK\Data\Voyager\voyager1\mag\48s\reviewed_vim\2022\voyager1_48s_mag-vim_20220101_v01.cdf,C:\Users\Administrator\Documents\FWD_matlab\Voyager_fu\Voyager_Interstellar_Monthly\HighestPrecision_Segments\V1_MAG48s_segment_0701_20221113T100954_20221113T121131.png,ok,
1,702,2022-11-13 17:50:40,2022-11-13 21:36:18,3.76032,281,47.5209997558594,142.560999755859,7200,240,Z:\SPART-WORK\Data\Voyager\voyager1\mag\48s\reviewed_vim\2022\voyager1_48s_mag-vim_20220101_v01.cdf,C:\Users\Administrator\Documents\FWD_matlab\Voyager_fu\Voyager_Interstellar_Monthly\HighestPrecision_Segments\V1_MAG48s_segment_0702_20221113T175040_20221113T213618.png,ok,
1,703,2022-11-14 00:35:30,2022-11-14 04:31:29,3.93311999993218,293,47.5209997558594,191.809,7200,240,Z:\SPART-WORK\Data\Voyager\voyager1\mag\48s\reviewed_vim\2022\voyager1_48s_mag-vim_20220101_v01.cdf,C:\Users\Administrator\Documents\FWD_matlab\Voyager_fu\Voyager_Interstellar_Monthly\HighestPrecision_Segments\V1_MAG48s_segment_0703_20221114T003530_20221114T043129.png,ok,
1,704,2022-11-14 17:41:06,2022-11-14 21:36:18,3.91992027777778,292,47.5209997558594,145.151000244141,7200,240,Z:\SPART-WORK\Data\Voyager\voyager1\mag\48s\reviewed_vim\2022\voyager1_48s_mag-vim_20220101_v01.cdf,C:\Users\Administrator\Documents\FWD_matlab\Voyager_fu\Voyager_Interstellar_Monthly\HighestPrecision_Segments\V1_MAG48s_segment_0704_20221114T174106_20221114T213618.png,ok,
1,705,2022-11-15 02:11:29,2022-11-15 05:01:07,2.8272,205,47.5209997558594,240.193,7200,240,Z:\SPART-WORK\Data\Voyager\voyager1\mag\48s\reviewed_vim\2022\voyager1_48s_mag-vim_20220101_v01.cdf,C:\Users\Administrator\Documents\FWD_matlab\Voyager_fu\Voyager_Interstellar_Monthly\HighestPrecision_Segments\V1_MAG48s_segment_0705_20221115T021129_20221115T050107.png,ok,
1,706,2022-11-16 03:20:18,2022-11-16 04:56:16,1.59960027777778,119,47.5209997558594,145.151,7200,240,Z:\SPART-WORK\Data\Voyager\voyager1\mag\48s\reviewed_vim\2022\voyager1_48s_mag-vim_20220101_v01.cdf,C:\Users\Administrator\Documents\FWD_matlab\Voyager_fu\Voyager_Interstellar_Monthly\HighestPrecision_Segments\V1_MAG48s_segment_0706_20221116T032018_20221116T045616.png,ok,
1,707,2022-11-17 00:51:30,2022-11-17 04:50:41,3.98639972229004,297,47.5209997558594,142.559000244141,7200,240,Z:\SPART-WORK\Data\Voyager\voyager1\mag\48s\reviewed_vim\2022\voyager1_48s_mag-vim_20220101_v01.cdf,C:\Users\Administrator\Documents\FWD_matlab\Voyager_fu\Voyager_Interstellar_Monthly\HighestPrecision_Segments\V1_MAG48s_segment_0707_20221117T005130_20221117T045041.png,ok,
1,708,2022-11-17 07:36:16,2022-11-17 09:45:52,2.15999972222222,161,47.5209997558594,145.153,7200,240,Z:\SPART-WORK\Data\Voyager\voyager1\mag\48s\reviewed_vim\2022\voyager1_48s_mag-vim_20220101_v01.cdf,C:\Users\Administrator\Documents\FWD_matlab\Voyager_fu\Voyager_Interstellar_Monthly\HighestPrecision_Segments\V1_MAG48s_segment_0708_20221117T073616_20221117T094552.png,ok,
1,709,2022-11-17 14:21:06,2022-11-17 20:00:16,5.65296000006782,416,47.5209997558594,290.304,7200,240,Z:\SPART-WORK\Data\Voyager\voyager1\mag\48s\reviewed_vim\2022\voyager1_48s_mag-vim_20220101_v01.cdf,C:\Users\Administrator\Documents\FWD_matlab\Voyager_fu\Voyager_Interstellar_Monthly\HighestPrecision_Segments\V1_MAG48s_segment_0709_20221117T142106_20221117T200016.png,ok,
1,710,2022-11-18 09:53:52,2022-11-18 14:55:28,5.0268,378,47.5209997558594,50.113,7200,240,Z:\SPART-WORK\Data\Voyager\voyager1\mag\48s\reviewed_vim\2022\voyager1_48s_mag-vim_20220101_v01.cdf,C:\Users\Administrator\Documents\FWD_matlab\Voyager_fu\Voyager_Interstellar_Monthly\HighestPrecision_Segments\V1_MAG48s_segment_0710_20221118T095352_20221118T145528.png,ok,
1,711,2022-11-19 00:54:42,2022-11-19 04:45:54,3.85344027777778,287,47.5209997558594,192.672000244141,7200,240,Z:\SPART-WORK\Data\Voyager\voyager1\mag\48s\reviewed_vim\2022\voyager1_48s_mag-vim_20220101_v01.cdf,C:\Users\Administrator\Documents\FWD_matlab\Voyager_fu\Voyager_Interstellar_Monthly\HighestPrecision_Segments\V1_MAG48s_segment_0711_20221119T005442_20221119T044554.png,ok,
1,712,2022-11-19 11:44:19,2022-11-19 14:40:18,2.93328027770996,218,47.5209997558594,192.672,7200,240,Z:\SPART-WORK\Data\Voyager\voyager1\mag\48s\reviewed_vim\2022\voyager1_48s_mag-vim_20220101_v01.cdf,C:\Users\Administrator\Documents\FWD_matlab\Voyager_fu\Voyager_Interstellar_Monthly\HighestPrecision_Segments\V1_MAG48s_segment_0712_20221119T114419_20221119T144018.png,ok,
1,713,2022-11-19 16:43:29,2022-11-19 21:15:30,4.53359999993218,341,47.5209997558594,50.113,7200,240,Z:\SPART-WORK\Data\Voyager\voyager1\mag\48s\reviewed_vim\2022\voyager1_48s_mag-vim_20220101_v01.cdf,C:\Users\Administrator\Documents\FWD_matlab\Voyager_fu\Voyager_Interstellar_Monthly\HighestPrecision_Segments\V1_MAG48s_segment_0713_20221119T164329_20221119T211530.png,ok,
1,714,2022-11-20 01:01:05,2022-11-20 04:30:42,3.49368027770996,262,47.5209997558594,97.6319997558594,7200,240,Z:\SPART-WORK\Data\Voyager\voyager1\mag\48s\reviewed_vim\2022\voyager1_48s_mag-vim_20220101_v01.cdf,C:\Users\Administrator\Documents\FWD_matlab\Voyager_fu\Voyager_Interstellar_Monthly\HighestPrecision_Segments\V1_MAG48s_segment_0714_20221120T010105_20221120T043042.png,ok,
1,715,2022-11-21 00:19:30,2022-11-21 04:35:29,4.26623972222222,318,47.5209997558594,192.672,7200,240,Z:\SPART-WORK\Data\Voyager\voyager1\mag\48s\reviewed_vim\2022\voyager1_48s_mag-vim_20220101_v01.cdf,C:\Users\Administrator\Documents\FWD_matlab\Voyager_fu\Voyager_Interstellar_Monthly\HighestPrecision_Segments\V1_MAG48s_segment_0715_20221121T001930_20221121T043529.png,ok,
1,716,2022-11-21 11:55:28,2022-11-21 16:20:17,4.4136,330,47.5209997558594,141.696000244141,7200,240,Z:\SPART-WORK\Data\Voyager\voyager1\mag\48s\reviewed_vim\2022\voyager1_48s_mag-vim_20220101_v01.cdf,C:\Users\Administrator\Documents\FWD_matlab\Voyager_fu\Voyager_Interstellar_Monthly\HighestPrecision_Segments\V1_MAG48s_segment_0716_20221121T115528_20221121T162017.png,ok,
1,717,2022-11-22 09:47:30,2022-11-22 13:14:42,3.45336,198,47.5209997558594,1824.768,7200,240,Z:\SPART-WORK\Data\Voyager\voyager1\mag\48s\reviewed_vim\2022\voyager1_48s_mag-vim_20220101_v01.cdf,C:\Users\Administrator\Documents\FWD_matlab\Voyager_fu\Voyager_Interstellar_Monthly\HighestPrecision_Segments\V1_MAG48s_segment_0717_20221122T094730_20221122T131442.png,ok,
1,718,2022-11-23 02:30:40,2022-11-23 03:54:42,1.40039972222222,105,47.5209997558594,97.632,7200,240,Z:\SPART-WORK\Data\Voyager\voyager1\mag\48s\reviewed_vim\2022\voyager1_48s_mag-vim_20220101_v01.cdf,C:\Users\Administrator\Documents\FWD_matlab\Voyager_fu\Voyager_Interstellar_Monthly\HighestPrecision_Segments\V1_MAG48s_segment_0718_20221123T023040_20221123T035442.png,ok,
1,719,2022-11-23 07:15:29,2022-11-23 09:34:40,2.3196,174,47.5209997558594,95.04,7200,240,Z:\SPART-WORK\Data\Voyager\voyager1\mag\48s\reviewed_vim\2022\voyager1_48s_mag-vim_20220101_v01.cdf,C:\Users\Administrator\Documents\FWD_matlab\Voyager_fu\Voyager_Interstellar_Monthly\HighestPrecision_Segments\V1_MAG48s_segment_0719_20221123T071529_20221123T093440.png,ok,
1,720,2022-11-23 17:52:18,2022-11-23 22:05:05,4.21296,314,47.5209997558594,192.672,7200,240,Z:\SPART-WORK\Data\Voyager\voyager1\mag\48s\reviewed_vim\2022\voyager1_48s_mag-vim_20220101_v01.cdf,C:\Users\Administrator\Documents\FWD_matlab\Voyager_fu\Voyager_Interstellar_Monthly\HighestPrecision_Segments\V1_MAG48s_segment_0720_20221123T175218_20221123T220505.png,ok,
1,721,2022-11-24 02:19:28,2022-11-24 04:25:04,2.09328000006782,156,47.5209997558594,145.151,7200,240,Z:\SPART-WORK\Data\Voyager\voyager1\mag\48s\reviewed_vim\2022\voyager1_48s_mag-vim_20220101_v01.cdf,C:\Users\Administrator\Documents\FWD_matlab\Voyager_fu\Voyager_Interstellar_Monthly\HighestPrecision_Segments\V1_MAG48s_segment_0721_20221124T021928_20221124T042504.png,ok,
1,722,2022-11-24 09:28:17,2022-11-24 20:54:41,11.4398397222222,859,47.5209997558594,50.113,7200,240,Z:\SPART-WORK\Data\Voyager\voyager1\mag\48s\reviewed_vim\2022\voyager1_48s_mag-vim_20220101_v01.cdf,C:\Users\Administrator\Documents\FWD_matlab\Voyager_fu\Voyager_Interstellar_Monthly\HighestPrecision_Segments\V1_MAG48s_segment_0722_20221124T092817_20221124T205441.png,ok,
1,723,2022-11-25 10:48:17,2022-11-25 16:39:29,5.85336027777778,439,47.5209997558594,95.04,7200,240,Z:\SPART-WORK\Data\Voyager\voyager1\mag\48s\reviewed_vim\2022\voyager1_48s_mag-vim_20220101_v01.cdf,C:\Users\Administrator\Documents\FWD_matlab\Voyager_fu\Voyager_Interstellar_Monthly\HighestPrecision_Segments\V1_MAG48s_segment_0723_20221125T104817_20221125T163929.png,ok,
1,724,2022-11-25 21:25:05,2022-11-26 00:09:53,2.74656000006782,205,47.5209997558594,145.153,7200,240,Z:\SPART-WORK\Data\Voyager\voyager1\mag\48s\reviewed_vim\2022\voyager1_48s_mag-vim_20220101_v01.cdf,C:\Users\Administrator\Documents\FWD_matlab\Voyager_fu\Voyager_Interstellar_Monthly\HighestPrecision_Segments\V1_MAG48s_segment_0724_20221125T212505_20221126T000953.png,ok,
1,725,2022-11-26 09:20:18,2022-11-26 22:09:52,12.82608,962,47.5209997558594,95.04,7200,240,Z:\SPART-WORK\Data\Voyager\voyager1\mag\48s\reviewed_vim\2022\voyager1_48s_mag-vim_20220101_v01.cdf,C:\Users\Administrator\Documents\FWD_matlab\Voyager_fu\Voyager_Interstellar_Monthly\HighestPrecision_Segments\V1_MAG48s_segment_0725_20221126T092018_20221126T220952.png,ok,
1,726,2022-11-27 09:20:18,2022-11-27 12:54:42,3.57336,268,47.5209997558594,95.04,7200,240,Z:\SPART-WORK\Data\Voyager\voyager1\mag\48s\reviewed_vim\2022\voyager1_48s_mag-vim_20220101_v01.cdf,C:\Users\Administrator\Documents\FWD_matlab\Voyager_fu\Voyager_Interstellar_Monthly\HighestPrecision_Segments\V1_MAG48s_segment_0726_20221127T092018_20221127T125442.png,ok,
1,727,2022-11-28 09:15:27,2022-11-28 16:39:29,7.40040027770996,554,47.5209997558594,142.559,7200,240,Z:\SPART-WORK\Data\Voyager\voyager1\mag\48s\reviewed_vim\2022\voyager1_48s_mag-vim_20220101_v01.cdf,C:\Users\Administrator\Documents\FWD_matlab\Voyager_fu\Voyager_Interstellar_Monthly\HighestPrecision_Segments\V1_MAG48s_segment_0727_20221128T091527_20221128T163929.png,ok,
1,728,2022-11-29 02:30:40,2022-11-29 05:29:06,2.97383972222222,221,47.5209997558594,192.672,7200,240,Z:\SPART-WORK\Data\Voyager\voyager1\mag\48s\reviewed_vim\2022\voyager1_48s_mag-vim_20220101_v01.cdf,C:\Users\Administrator\Documents\FWD_matlab\Voyager_fu\Voyager_Interstellar_Monthly\HighestPrecision_Segments\V1_MAG48s_segment_0728_20221129T023040_20221129T052906.png,ok,
1,729,2022-11-29 09:09:06,2022-11-29 16:24:16,7.25304,543,47.5209997558594,144.287999755859,7200,240,Z:\SPART-WORK\Data\Voyager\voyager1\mag\48s\reviewed_vim\2022\voyager1_48s_mag-vim_20220101_v01.cdf,C:\Users\Administrator\Documents\FWD_matlab\Voyager_fu\Voyager_Interstellar_Monthly\HighestPrecision_Segments\V1_MAG48s_segment_0729_20221129T090906_20221129T162416.png,ok,
1,730,2022-11-30 05:09:04,2022-11-30 09:04:18,3.92064027770996,293,47.5209997558594,142.559,7200,240,Z:\SPART-WORK\Data\Voyager\voyager1\mag\48s\reviewed_vim\2022\voyager1_48s_mag-vim_20220101_v01.cdf,C:\Users\Administrator\Documents\FWD_matlab\Voyager_fu\Voyager_Interstellar_Monthly\HighestPrecision_Segments\V1_MAG48s_segment_0730_20221130T050904_20221130T090418.png,ok,
1,731,2022-12-01 00:27:27,2022-12-01 06:29:05,6.02712,453,47.5209997558594,50.113,7200,240,Z:\SPART-WORK\Data\Voyager\voyager1\mag\48s\reviewed_vim\2022\voyager1_48s_mag-vim_20220101_v01.cdf,C:\Users\Administrator\Documents\FWD_matlab\Voyager_fu\Voyager_Interstellar_Monthly\HighestPrecision_Segments\V1_MAG48s_segment_0731_20221201T002727_20221201T062905.png,ok,
1,732,2022-12-01 09:47:30,2022-12-01 16:53:54,7.10664,534,47.5209997558594,50.113,7200,240,Z:\SPART-WORK\Data\Voyager\voyager1\mag\48s\reviewed_vim\2022\voyager1_48s_mag-vim_20220101_v01.cdf,C:\Users\Administrator\Documents\FWD_matlab\Voyager_fu\Voyager_Interstellar_Monthly\HighestPrecision_Segments\V1_MAG48s_segment_0732_20221201T094730_20221201T165354.png,ok,
1,733,2022-12-02 04:33:52,2022-12-02 06:44:17,2.17368,162,47.5209997558594,141.696,7200,240,Z:\SPART-WORK\Data\Voyager\voyager1\mag\48s\reviewed_vim\2022\voyager1_48s_mag-vim_20220101_v01.cdf,C:\Users\Administrator\Documents\FWD_matlab\Voyager_fu\Voyager_Interstellar_Monthly\HighestPrecision_Segments\V1_MAG48s_segment_0733_20221202T043352_20221202T064417.png,ok,
1,734,2022-12-02 09:29:52,2022-12-02 16:53:54,7.40039972222222,555,47.5209997558594,95.039,7200,240,Z:\SPART-WORK\Data\Voyager\voyager1\mag\48s\reviewed_vim\2022\voyager1_48s_mag-vim_20220101_v01.cdf,C:\Users\Administrator\Documents\FWD_matlab\Voyager_fu\Voyager_Interstellar_Monthly\HighestPrecision_Segments\V1_MAG48s_segment_0734_20221202T092952_20221202T165354.png,ok,
1,735,2022-12-03 00:27:27,2022-12-03 04:29:04,4.02696027777778,303,47.5209997558594,50.113,7200,240,Z:\SPART-WORK\Data\Voyager\voyager1\mag\48s\reviewed_vim\2022\voyager1_48s_mag-vim_20220101_v01.cdf,C:\Users\Administrator\Documents\FWD_matlab\Voyager_fu\Voyager_Interstellar_Monthly\HighestPrecision_Segments\V1_MAG48s_segment_0735_20221203T002727_20221203T042904.png,ok,
1,736,2022-12-03 09:02:40,2022-12-03 17:38:41,8.60016,635,47.5209997558594,382.751,7200,240,Z:\SPART-WORK\Data\Voyager\voyager1\mag\48s\reviewed_vim\2022\voyager1_48s_mag-vim_20220101_v01.cdf,C:\Users\Administrator\Documents\FWD_matlab\Voyager_fu\Voyager_Interstellar_Monthly\HighestPrecision_Segments\V1_MAG48s_segment_0736_20221203T090240_20221203T173841.png,ok,
1,737,2022-12-04 08:56:16,2022-12-04 13:38:41,4.70711972222222,354,47.5209997558594,50.113,7200,240,Z:\SPART-WORK\Data\Voyager\voyager1\mag\48s\reviewed_vim\2022\voyager1_48s_mag-vim_20220101_v01.cdf,C:\Users\Administrator\Documents\FWD_matlab\Voyager_fu\Voyager_Interstellar_Monthly\HighestPrecision_Segments\V1_MAG48s_segment_0737_20221204T085616_20221204T133841.png,ok,
1,738,2022-12-05 08:48:15,2022-12-05 16:33:52,7.76016,580,47.5209997558594,192.672000244141,7200,240,Z:\SPART-WORK\Data\Voyager\voyager1\mag\48s\reviewed_vim\2022\voyager1_48s_mag-vim_20220101_v01.cdf,C:\Users\Administrator\Documents\FWD_matlab\Voyager_fu\Voyager_Interstellar_Monthly\HighestPrecision_Segments\V1_MAG48s_segment_0738_20221205T084815_20221205T163352.png,ok,
1,739,2022-12-06 01:57:04,2022-12-06 05:53:53,3.94704027777778,297,47.5209997558594,50.113,7200,240,Z:\SPART-WORK\Data\Voyager\voyager1\mag\48s\reviewed_vim\2022\voyager1_48s_mag-vim_20220101_v01.cdf,C:\Users\Administrator\Documents\FWD_matlab\Voyager_fu\Voyager_Interstellar_Monthly\HighestPrecision_Segments\V1_MAG48s_segment_0739_20221206T015704_20221206T055353.png,ok,
1,740,2022-12-06 17:57:06,2022-12-06 18:16:18,0.31992,21,47.5204998779297,239.327999755859,7200,240,Z:\SPART-WORK\Data\Voyager\voyager1\mag\48s\reviewed_vim\2022\voyager1_48s_mag-vim_20220101_v01.cdf,C:\Users\Administrator\Documents\FWD_matlab\Voyager_fu\Voyager_Interstellar_Monthly\HighestPrecision_Segments\V1_MAG48s_segment_0740_20221206T175706_20221206T181618.png,ok,
1,741,2022-12-06 23:36:16,2022-12-07 03:33:52,3.96024000006782,296,47.5209997558594,142.559,7200,240,Z:\SPART-WORK\Data\Voyager\voyager1\mag\48s\reviewed_vim\2022\voyager1_48s_mag-vim_20220101_v01.cdf,C:\Users\Administrator\Documents\FWD_matlab\Voyager_fu\Voyager_Interstellar_Monthly\HighestPrecision_Segments\V1_MAG48s_segment_0741_20221206T233616_20221207T033352.png,ok,
1,742,2022-12-07 09:04:15,2022-12-07 10:53:51,1.82664027777778,130,47.5209997558594,335.233,7200,240,Z:\SPART-WORK\Data\Voyager\voyager1\mag\48s\reviewed_vim\2022\voyager1_48s_mag-vim_20220101_v01.cdf,C:\Users\Administrator\Documents\FWD_matlab\Voyager_fu\Voyager_Interstellar_Monthly\HighestPrecision_Segments\V1_MAG48s_segment_0742_20221207T090415_20221207T105351.png,ok,
1,743,2022-12-07 17:37:53,2022-12-07 18:09:06,0.520080277777778,35,47.5209997558594,192.672,7200,240,Z:\SPART-WORK\Data\Voyager\voyager1\mag\48s\reviewed_vim\2022\voyager1_48s_mag-vim_20220101_v01.cdf,C:\Users\Administrator\Documents\FWD_matlab\Voyager_fu\Voyager_Interstellar_Monthly\HighestPrecision_Segments\V1_MAG48s_segment_0743_20221207T173753_20221207T180906.png,ok,
1,744,2022-12-08 12:43:27,2022-12-08 19:53:51,7.17336027777778,538,47.5209997558594,94.177,7200,240,Z:\SPART-WORK\Data\Voyager\voyager1\mag\48s\reviewed_vim\2022\voyager1_48s_mag-vim_20220101_v01.cdf,C:\Users\Administrator\Documents\FWD_matlab\Voyager_fu\Voyager_Interstellar_Monthly\HighestPrecision_Segments\V1_MAG48s_segment_0744_20221208T124327_20221208T195351.png,ok,
1,745,2022-12-09 03:53:52,2022-12-09 04:28:17,0.573599722222222,43,47.5204998779297,97.632,7200,240,Z:\SPART-WORK\Data\Voyager\voyager1\mag\48s\reviewed_vim\2022\voyager1_48s_mag-vim_20220101_v01.cdf,C:\Users\Administrator\Documents\FWD_matlab\Voyager_fu\Voyager_Interstellar_Monthly\HighestPrecision_Segments\V1_MAG48s_segment_0745_20221209T035352_20221209T042817.png,ok,
1,746,2022-12-09 08:29:04,2022-12-09 17:48:15,9.31991972222222,699,47.5209997558594,96.768,7200,240,Z:\SPART-WORK\Data\Voyager\voyager1\mag\48s\reviewed_vim\2022\voyager1_48s_mag-vim_20220101_v01.cdf,C:\Users\Administrator\Documents\FWD_matlab\Voyager_fu\Voyager_Interstellar_Monthly\HighestPrecision_Segments\V1_MAG48s_segment_0746_20221209T082904_20221209T174815.png,ok,
1,747,2022-12-10 08:32:15,2022-12-10 12:18:40,3.77351972222222,280,47.5200002441406,190.079,7200,240,Z:\SPART-WORK\Data\Voyager\voyager1\mag\48s\reviewed_vim\2022\voyager1_48s_mag-vim_20220101_v01.cdf,C:\Users\Administrator\Documents\FWD_matlab\Voyager_fu\Voyager_Interstellar_Monthly\HighestPrecision_Segments\V1_MAG48s_segment_0747_20221210T083215_20221210T121840.png,ok,
1,748,2022-12-10 23:53:06,2022-12-11 01:53:04,1.99944027770996,114,47.5209997558594,719.711999755859,7200,240,Z:\SPART-WORK\Data\Voyager\voyager1\mag\48s\reviewed_vim\2022\voyager1_48s_mag-vim_20220101_v01.cdf,C:\Users\Administrator\Documents\FWD_matlab\Voyager_fu\Voyager_Interstellar_Monthly\HighestPrecision_Segments\V1_MAG48s_segment_0748_20221210T235306_20221211T015304.png,ok,
1,749,2022-12-11 08:21:03,2022-12-11 14:23:28,6.04032,445,47.52,385.345,7200,240,Z:\SPART-WORK\Data\Voyager\voyager1\mag\48s\reviewed_vim\2022\voyager1_48s_mag-vim_20220101_v01.cdf,C:\Users\Administrator\Documents\FWD_matlab\Voyager_fu\Voyager_Interstellar_Monthly\HighestPrecision_Segments\V1_MAG48s_segment_0749_20221211T082103_20221211T142328.png,ok,
1,750,2022-12-11 23:18:41,2022-12-12 04:58:41,5.66687972222222,423,47.52,95.04,7200,240,Z:\SPART-WORK\Data\Voyager\voyager1\mag\48s\reviewed_vim\2022\voyager1_48s_mag-vim_20220101_v01.cdf,C:\Users\Administrator\Documents\FWD_matlab\Voyager_fu\Voyager_Interstellar_Monthly\HighestPrecision_Segments\V1_MAG48s_segment_0750_20221211T231841_20221212T045841.png,ok,
1,751,2022-12-12 23:18:41,2022-12-13 03:08:15,3.82632,270,47.52,817.344,7200,240,Z:\SPART-WORK\Data\Voyager\voyager1\mag\48s\reviewed_vim\2022\voyager1_48s_mag-vim_20220101_v01.cdf,C:\Users\Administrator\Documents\FWD_matlab\Voyager_fu\Voyager_Interstellar_Monthly\HighestPrecision_Segments\V1_MAG48s_segment_0751_20221212T231841_20221213T030815.png,ok,
1,752,2022-12-13 08:11:29,2022-12-13 09:08:15,0.94632,72,47.52,50.112,7200,240,Z:\SPART-WORK\Data\Voyager\voyager1\mag\48s\reviewed_vim\2022\voyager1_48s_mag-vim_20220101_v01.cdf,C:\Users\Administrator\Documents\FWD_matlab\Voyager_fu\Voyager_Interstellar_Monthly\HighestPrecision_Segments\V1_MAG48s_segment_0752_20221213T081129_20221213T090815.png,ok,
1,753,2022-12-13 18:43:27,2022-12-13 19:37:51,0.906720277777778,66,47.52,192.673,7200,240,Z:\SPART-WORK\Data\Voyager\voyager1\mag\48s\reviewed_vim\2022\voyager1_48s_mag-vim_20220101_v01.cdf,C:\Users\Administrator\Documents\FWD_matlab\Voyager_fu\Voyager_Interstellar_Monthly\HighestPrecision_Segments\V1_MAG48s_segment_0753_20221213T184327_20221213T193751.png,ok,
1,754,2022-12-14 08:41:53,2022-12-14 15:43:27,7.02599972222222,525,47.52,191.807,7200,240,Z:\SPART-WORK\Data\Voyager\voyager1\mag\48s\reviewed_vim\2022\voyager1_48s_mag-vim_20220101_v01.cdf,C:\Users\Administrator\Documents\FWD_matlab\Voyager_fu\Voyager_Interstellar_Monthly\HighestPrecision_Segments\V1_MAG48s_segment_0754_20221214T084153_20221214T154327.png,ok,
1,755,2022-12-14 23:07:28,2022-12-15 03:03:28,3.93311999993218,293,47.52,145.151,7200,240,Z:\SPART-WORK\Data\Voyager\voyager1\mag\48s\reviewed_vim\2022\voyager1_48s_mag-vim_20220101_v01.cdf,C:\Users\Administrator\Documents\FWD_matlab\Voyager_fu\Voyager_Interstellar_Monthly\HighestPrecision_Segments\V1_MAG48s_segment_0755_20221214T230728_20221215T030328.png,ok,
1,756,2022-12-15 08:01:52,2022-12-15 14:17:51,6.2664,471,47.52,50.112,7200,240,Z:\SPART-WORK\Data\Voyager\voyager1\mag\48s\reviewed_vim\2022\voyager1_48s_mag-vim_20220101_v01.cdf,C:\Users\Administrator\Documents\FWD_matlab\Voyager_fu\Voyager_Interstellar_Monthly\HighestPrecision_Segments\V1_MAG48s_segment_0756_20221215T080152_20221215T141751.png,ok,
1,757,2022-12-16 04:06:40,2022-12-16 18:13:05,14.1069602777778,1023,47.52,1199.233,7200,240,Z:\SPART-WORK\Data\Voyager\voyager1\mag\48s\reviewed_vim\2022\voyager1_48s_mag-vim_20220101_v01.cdf,C:\Users\Administrator\Documents\FWD_matlab\Voyager_fu\Voyager_Interstellar_Monthly\HighestPrecision_Segments\V1_MAG48s_segment_0757_20221216T040640_20221216T181305.png,ok,
1,758,2022-12-17 03:52:18,2022-12-17 13:53:04,10.01280027771,732,47.52,527.04,7200,240,Z:\SPART-WORK\Data\Voyager\voyager1\mag\48s\reviewed_vim\2022\voyager1_48s_mag-vim_20220101_v01.cdf,C:\Users\Administrator\Documents\FWD_matlab\Voyager_fu\Voyager_Interstellar_Monthly\HighestPrecision_Segments\V1_MAG48s_segment_0758_20221217T035218_20221217T135304.png,ok,
1,759,2022-12-17 19:13:52,2022-12-18 00:40:14,5.43959972222222,262,47.52,6960.384,7200,240,Z:\SPART-WORK\Data\Voyager\voyager1\mag\48s\reviewed_vim\2022\voyager1_48s_mag-vim_20220101_v01.cdf,C:\Users\Administrator\Documents\FWD_matlab\Voyager_fu\Voyager_Interstellar_Monthly\HighestPrecision_Segments\V1_MAG48s_segment_0759_20221217T191352_20221218T004014.png,ok,
1,760,2022-12-18 07:26:39,2022-12-18 12:48:17,5.36064,397,47.52,239.328,7200,240,Z:\SPART-WORK\Data\Voyager\voyager1\mag\48s\reviewed_vim\2022\voyager1_48s_mag-vim_20220101_v01.cdf,C:\Users\Administrator\Documents\FWD_matlab\Voyager_fu\Voyager_Interstellar_Monthly\HighestPrecision_Segments\V1_MAG48s_segment_0760_20221218T072639_20221218T124817.png,ok,
1,761,2022-12-18 16:21:04,2022-12-18 18:17:53,1.94688,147,47.52,50.112,7200,240,Z:\SPART-WORK\Data\Voyager\voyager1\mag\48s\reviewed_vim\2022\voyager1_48s_mag-vim_20220101_v01.cdf,C:\Users\Administrator\Documents\FWD_matlab\Voyager_fu\Voyager_Interstellar_Monthly\HighestPrecision_Segments\V1_MAG48s_segment_0761_20221218T162104_20221218T181753.png,ok,
1,762,2022-12-18 21:58:39,2022-12-19 02:42:41,4.73375972222222,354,47.52,97.632,7200,240,Z:\SPART-WORK\Data\Voyager\voyager1\mag\48s\reviewed_vim\2022\voyager1_48s_mag-vim_20220101_v01.cdf,C:\Users\Administrator\Documents\FWD_matlab\Voyager_fu\Voyager_Interstellar_Monthly\HighestPrecision_Segments\V1_MAG48s_segment_0762_20221218T215839_20221219T024241.png,ok,
1,763,2022-12-19 16:06:40,2022-12-19 20:33:03,4.43976027777778,331,47.52,190.080999755859,7200,240,Z:\SPART-WORK\Data\Voyager\voyager1\mag\48s\reviewed_vim\2022\voyager1_48s_mag-vim_20220101_v01.cdf,C:\Users\Administrator\Documents\FWD_matlab\Voyager_fu\Voyager_Interstellar_Monthly\HighestPrecision_Segments\V1_MAG48s_segment_0763_20221219T160640_20221219T203303.png,ok,
1,764,2022-12-20 07:46:39,2022-12-20 09:07:28,1.34688,102,47.52,50.112,7200,240,Z:\SPART-WORK\Data\Voyager\voyager1\mag\48s\reviewed_vim\2022\voyager1_48s_mag-vim_20220101_v01.cdf,C:\Users\Administrator\Documents\FWD_matlab\Voyager_fu\Voyager_Interstellar_Monthly\HighestPrecision_Segments\V1_MAG48s_segment_0764_20221220T074639_20221220T090728.png,ok,
1,765,2022-12-20 16:06:40,2022-12-21 01:47:29,9.68040027777778,724,47.52,190.080999755859,7200,240,Z:\SPART-WORK\Data\Voyager\voyager1\mag\48s\reviewed_vim\2022\voyager1_48s_mag-vim_20220101_v01.cdf,C:\Users\Administrator\Documents\FWD_matlab\Voyager_fu\Voyager_Interstellar_Monthly\HighestPrecision_Segments\V1_MAG48s_segment_0765_20221220T160640_20221221T014729.png,ok,
1,766,2022-12-21 08:06:41,2022-12-21 16:39:29,8.54664,638,47.52,192.672,7200,240,Z:\SPART-WORK\Data\Voyager\voyager1\mag\48s\reviewed_vim\2022\voyager1_48s_mag-vim_20220101_v01.cdf,C:\Users\Administrator\Documents\FWD_matlab\Voyager_fu\Voyager_Interstellar_Monthly\HighestPrecision_Segments\V1_MAG48s_segment_0766_20221221T080641_20221221T163929.png,ok,
1,767,2022-12-22 01:50:38,2022-12-22 02:57:53,1.12079972222222,83,47.52,145.152,7200,240,Z:\SPART-WORK\Data\Voyager\voyager1\mag\48s\reviewed_vim\2022\voyager1_48s_mag-vim_20220101_v01.cdf,C:\Users\Administrator\Documents\FWD_matlab\Voyager_fu\Voyager_Interstellar_Monthly\HighestPrecision_Segments\V1_MAG48s_segment_0767_20221222T015038_20221222T025753.png,ok,
1,768,2022-12-22 07:46:39,2022-12-23 00:42:40,16.93343972229,1196,47.52,2976.479,7200,240,Z:\SPART-WORK\Data\Voyager\voyager1\mag\48s\reviewed_vim\2022\voyager1_48s_mag-vim_20220101_v01.cdf,C:\Users\Administrator\Documents\FWD_matlab\Voyager_fu\Voyager_Interstellar_Monthly\HighestPrecision_Segments\V1_MAG48s_segment_0768_20221222T074639_20221223T004240.png,ok,
1,769,2022-12-23 07:42:39,2022-12-23 09:22:40,1.66704027770996,124,47.52,142.559999755859,7200,240,Z:\SPART-WORK\Data\Voyager\voyager1\mag\48s\reviewed_vim\2022\voyager1_48s_mag-vim_20220101_v01.cdf,C:\Users\Administrator\Documents\FWD_matlab\Voyager_fu\Voyager_Interstellar_Monthly\HighestPrecision_Segments\V1_MAG48s_segment_0769_20221223T074239_20221223T092240.png,ok,
1,770,2022-12-23 13:52:16,2022-12-23 17:47:28,3.91992027777778,292,47.52,192.671,7200,240,Z:\SPART-WORK\Data\Voyager\voyager1\mag\48s\reviewed_vim\2022\voyager1_48s_mag-vim_20220101_v01.cdf,C:\Users\Administrator\Documents\FWD_matlab\Voyager_fu\Voyager_Interstellar_Monthly\HighestPrecision_Segments\V1_MAG48s_segment_0770_20221223T135216_20221223T174728.png,ok,
1,771,2022-12-23 22:16:17,2022-12-24 02:22:41,4.10664,309,47.52,50.1120002441406,7200,240,Z:\SPART-WORK\Data\Voyager\voyager1\mag\48s\reviewed_vim\2022\voyager1_48s_mag-vim_20220101_v01.cdf,C:\Users\Administrator\Documents\FWD_matlab\Voyager_fu\Voyager_Interstellar_Monthly\HighestPrecision_Segments\V1_MAG48s_segment_0771_20221223T221617_20221224T022241.png,ok,
1,772,2022-12-24 07:28:17,2022-12-24 09:27:27,1.98624,149,47.52,95.04,7200,240,Z:\SPART-WORK\Data\Voyager\voyager1\mag\48s\reviewed_vim\2022\voyager1_48s_mag-vim_20220101_v01.cdf,C:\Users\Administrator\Documents\FWD_matlab\Voyager_fu\Voyager_Interstellar_Monthly\HighestPrecision_Segments\V1_MAG48s_segment_0772_20221224T072817_20221224T092727.png,ok,
1,773,2022-12-24 14:57:53,2022-12-24 18:53:05,3.91992027777778,295,47.52,50.1120002441406,7200,240,Z:\SPART-WORK\Data\Voyager\voyager1\mag\48s\reviewed_vim\2022\voyager1_48s_mag-vim_20220101_v01.cdf,C:\Users\Administrator\Documents\FWD_matlab\Voyager_fu\Voyager_Interstellar_Monthly\HighestPrecision_Segments\V1_MAG48s_segment_0773_20221224T145753_20221224T185305.png,ok,
1,774,2022-12-24 22:43:29,2022-12-25 01:52:16,3.14639999993218,236,47.52,95.0399997558594,7200,240,Z:\SPART-WORK\Data\Voyager\voyager1\mag\48s\reviewed_vim\2022\voyager1_48s_mag-vim_20220101_v01.cdf,C:\Users\Administrator\Documents\FWD_matlab\Voyager_fu\Voyager_Interstellar_Monthly\HighestPrecision_Segments\V1_MAG48s_segment_0774_20221224T224329_20221225T015216.png,ok,
1,775,2022-12-25 07:28:17,2022-12-25 12:22:40,4.90656027777778,368,47.52,95.04,7200,240,Z:\SPART-WORK\Data\Voyager\voyager1\mag\48s\reviewed_vim\2022\voyager1_48s_mag-vim_20220101_v01.cdf,C:\Users\Administrator\Documents\FWD_matlab\Voyager_fu\Voyager_Interstellar_Monthly\HighestPrecision_Segments\V1_MAG48s_segment_0775_20221225T072817_20221225T122240.png,ok,
1,776,2022-12-25 14:56:16,2022-12-25 16:47:29,1.85376,137,47.52,189.216,7200,240,Z:\SPART-WORK\Data\Voyager\voyager1\mag\48s\reviewed_vim\2022\voyager1_48s_mag-vim_20220101_v01.cdf,C:\Users\Administrator\Documents\FWD_matlab\Voyager_fu\Voyager_Interstellar_Monthly\HighestPrecision_Segments\V1_MAG48s_segment_0776_20221225T145616_20221225T164729.png,ok,
1,777,2022-12-25 22:16:17,2022-12-26 02:17:51,4.02600027777778,301,47.52,142.56,7200,240,Z:\SPART-WORK\Data\Voyager\voyager1\mag\48s\reviewed_vim\2022\voyager1_48s_mag-vim_20220101_v01.cdf,C:\Users\Administrator\Documents\FWD_matlab\Voyager_fu\Voyager_Interstellar_Monthly\HighestPrecision_Segments\V1_MAG48s_segment_0777_20221225T221617_20221226T021751.png,ok,
1,778,2022-12-26 07:21:51,2022-12-26 09:37:53,2.26704027777778,168,47.52,192.672,7200,240,Z:\SPART-WORK\Data\Voyager\voyager1\mag\48s\reviewed_vim\2022\voyager1_48s_mag-vim_20220101_v01.cdf,C:\Users\Administrator\Documents\FWD_matlab\Voyager_fu\Voyager_Interstellar_Monthly\HighestPrecision_Segments\V1_MAG48s_segment_0778_20221226T072151_20221226T093753.png,ok,
1,779,2022-12-26 14:43:28,2022-12-26 18:47:27,4.06632,305,47.52,94.176,7200,240,Z:\SPART-WORK\Data\Voyager\voyager1\mag\48s\reviewed_vim\2022\voyager1_48s_mag-vim_20220101_v01.cdf,C:\Users\Administrator\Documents\FWD_matlab\Voyager_fu\Voyager_Interstellar_Monthly\HighestPrecision_Segments\V1_MAG48s_segment_0779_20221226T144328_20221226T184727.png,ok,
1,780,2022-12-27 07:09:04,2022-12-27 11:37:03,4.46639972222222,331,47.52,192.673,7200,240,Z:\SPART-WORK\Data\Voyager\voyager1\mag\48s\reviewed_vim\2022\voyager1_48s_mag-vim_20220101_v01.cdf,C:\Users\Administrator\Documents\FWD_matlab\Voyager_fu\Voyager_Interstellar_Monthly\HighestPrecision_Segments\V1_MAG48s_segment_0780_20221227T070904_20221227T113703.png,ok,
1,781,2022-12-27 14:53:03,2022-12-27 16:57:51,2.08007972222222,156,47.52,97.631,7200,240,Z:\SPART-WORK\Data\Voyager\voyager1\mag\48s\reviewed_vim\2022\voyager1_48s_mag-vim_20220101_v01.cdf,C:\Users\Administrator\Documents\FWD_matlab\Voyager_fu\Voyager_Interstellar_Monthly\HighestPrecision_Segments\V1_MAG48s_segment_0781_20221227T145303_20221227T165751.png,ok,
1,782,2022-12-28 07:44:17,2022-12-28 11:37:51,3.8928,288,47.52,191.808000244141,7200,240,Z:\SPART-WORK\Data\Voyager\voyager1\mag\48s\reviewed_vim\2022\voyager1_48s_mag-vim_20220101_v01.cdf,C:\Users\Administrator\Documents\FWD_matlab\Voyager_fu\Voyager_Interstellar_Monthly\HighestPrecision_Segments\V1_MAG48s_segment_0782_20221228T074417_20221228T113751.png,ok,
1,783,2022-12-29 07:12:14,2022-12-29 09:52:15,2.66688027777778,198,47.52,192.672,7200,240,Z:\SPART-WORK\Data\Voyager\voyager1\mag\48s\reviewed_vim\2022\voyager1_48s_mag-vim_20220101_v01.cdf,C:\Users\Administrator\Documents\FWD_matlab\Voyager_fu\Voyager_Interstellar_Monthly\HighestPrecision_Segments\V1_MAG48s_segment_0783_20221229T071214_20221229T095215.png,ok,
1,784,2022-12-29 14:43:28,2022-12-29 19:37:04,4.89311972222222,367,47.52,94.176,7200,240,Z:\SPART-WORK\Data\Voyager\voyager1\mag\48s\reviewed_vim\2022\voyager1_48s_mag-vim_20220101_v01.cdf,C:\Users\Administrator\Documents\FWD_matlab\Voyager_fu\Voyager_Interstellar_Monthly\HighestPrecision_Segments\V1_MAG48s_segment_0784_20221229T144328_20221229T193704.png,ok,
1,785,2022-12-30 04:40:16,2022-12-31 01:57:04,21.27984,1556,47.52,864.863999755859,7200,240,Z:\SPART-WORK\Data\Voyager\voyager1\mag\48s\reviewed_vim\2022\voyager1_48s_mag-vim_20220101_v01.cdf,C:\Users\Administrator\Documents\FWD_matlab\Voyager_fu\Voyager_Interstellar_Monthly\HighestPrecision_Segments\V1_MAG48s_segment_0785_20221230T044016_20221231T015704.png,ok,
1,786,2022-12-31 07:02:40,2022-12-31 16:02:40,9,675,47.52,95.04,7200,240,Z:\SPART-WORK\Data\Voyager\voyager1\mag\48s\reviewed_vim\2022\voyager1_48s_mag-vim_20220101_v01.cdf,C:\Users\Administrator\Documents\FWD_matlab\Voyager_fu\Voyager_Interstellar_Monthly\HighestPrecision_Segments\V1_MAG48s_segment_0786_20221231T070240_20221231T160240.png,ok,
1,787,2023-01-01 01:07:29,2023-01-01 18:07:29,16.99992027771,1144,48.383,6335.713,7200,240,Z:\SPART-WORK\Data\Voyager\voyager1\mag\48s\reviewed_vim\2023\voyager1_48s_mag-vim_20230101_v01.cdf,C:\Users\Administrator\Documents\FWD_matlab\Voyager_fu\Voyager_Interstellar_Monthly\HighestPrecision_Segments\V1_MAG48s_segment_0787_20230101T010729_20230101T180729.png,ok,
1,788,2023-01-01 20:56:17,2023-01-02 01:47:28,4.85328,365,48.383,48.385,7200,240,Z:\SPART-WORK\Data\Voyager\voyager1\mag\48s\reviewed_vim\2023\voyager1_48s_mag-vim_20230101_v01.cdf,C:\Users\Administrator\Documents\FWD_matlab\Voyager_fu\Voyager_Interstellar_Monthly\HighestPrecision_Segments\V1_MAG48s_segment_0788_20230101T205617_20230102T014728.png,ok,
1,789,2023-01-02 06:53:05,2023-01-02 23:27:29,16.57320027771,1233,48.383,191.808,7200,240,Z:\SPART-WORK\Data\Voyager\voyager1\mag\48s\reviewed_vim\2023\voyager1_48s_mag-vim_20230101_v01.cdf,C:\Users\Administrator\Documents\FWD_matlab\Voyager_fu\Voyager_Interstellar_Monthly\HighestPrecision_Segments\V1_MAG48s_segment_0789_20230102T065305_20230102T232729.png,ok,
1,790,2023-01-03 06:51:28,2023-01-03 20:27:29,13.60008,922,48.383,4080.672,7200,240,Z:\SPART-WORK\Data\Voyager\voyager1\mag\48s\reviewed_vim\2023\voyager1_48s_mag-vim_20230101_v01.cdf,C:\Users\Administrator\Documents\FWD_matlab\Voyager_fu\Voyager_Interstellar_Monthly\HighestPrecision_Segments\V1_MAG48s_segment_0790_20230103T065128_20230103T202729.png,ok,
1,791,2023-01-04 06:45:05,2023-01-04 09:07:29,2.37336,179,48.3830001220703,48.385,7200,240,Z:\SPART-WORK\Data\Voyager\voyager1\mag\48s\reviewed_vim\2023\voyager1_48s_mag-vim_20230101_v01.cdf,C:\Users\Administrator\Documents\FWD_matlab\Voyager_fu\Voyager_Interstellar_Monthly\HighestPrecision_Segments\V1_MAG48s_segment_0791_20230104T064505_20230104T090729.png,ok,
1,792,2023-01-04 14:21:05,2023-01-04 18:17:04,3.93312027777778,293,48.383,191.807,7200,240,Z:\SPART-WORK\Data\Voyager\voyager1\mag\48s\reviewed_vim\2023\voyager1_48s_mag-vim_20230101_v01.cdf,C:\Users\Administrator\Documents\FWD_matlab\Voyager_fu\Voyager_Interstellar_Monthly\HighestPrecision_Segments\V1_MAG48s_segment_0792_20230104T142105_20230104T181704.png,ok,
1,793,2023-01-05 06:41:53,2023-01-05 13:52:17,7.17336,537,48.383,144.289,7200,240,Z:\SPART-WORK\Data\Voyager\voyager1\mag\48s\reviewed_vim\2023\voyager1_48s_mag-vim_20230101_v01.cdf,C:\Users\Administrator\Documents\FWD_matlab\Voyager_fu\Voyager_Interstellar_Monthly\HighestPrecision_Segments\V1_MAG48s_segment_0793_20230105T064153_20230105T135217.png,ok,
1,794,2023-01-06 03:50:41,2023-01-06 23:47:29,19.9466402777778,1345,48.3830002441406,6912,7200,240,Z:\SPART-WORK\Data\Voyager\voyager1\mag\48s\reviewed_vim\2023\voyager1_48s_mag-vim_20230101_v01.cdf,C:\Users\Administrator\Documents\FWD_matlab\Voyager_fu\Voyager_Interstellar_Monthly\HighestPrecision_Segments\V1_MAG48s_segment_0794_20230106T035041_20230106T234729.png,ok,
1,795,2023-01-07 07:12:17,2023-01-07 17:52:16,10.66656,789,48.3830002441406,240.193,7200,240,Z:\SPART-WORK\Data\Voyager\voyager1\mag\48s\reviewed_vim\2023\voyager1_48s_mag-vim_20230101_v01.cdf,C:\Users\Administrator\Documents\FWD_matlab\Voyager_fu\Voyager_Interstellar_Monthly\HighestPrecision_Segments\V1_MAG48s_segment_0795_20230107T071217_20230107T175216.png,ok,
1,796,2023-01-07 20:32:16,2023-01-08 01:27:28,4.92000027777778,369,48.3830002441406,95.905,7200,240,Z:\SPART-WORK\Data\Voyager\voyager1\mag\48s\reviewed_vim\2023\voyager1_48s_mag-vim_20230101_v01.cdf,C:\Users\Administrator\Documents\FWD_matlab\Voyager_fu\Voyager_Interstellar_Monthly\HighestPrecision_Segments\V1_MAG48s_segment_0796_20230107T203216_20230108T012728.png,ok,
1,797,2023-01-08 13:49:04,2023-01-08 17:37:05,3.80016027777778,281,48.3839997558594,191.808000244141,7200,240,Z:\SPART-WORK\Data\Voyager\voyager1\mag\48s\reviewed_vim\2023\voyager1_48s_mag-vim_20230101_v01.cdf,C:\Users\Administrator\Documents\FWD_matlab\Voyager_fu\Voyager_Interstellar_Monthly\HighestPrecision_Segments\V1_MAG48s_segment_0797_20230108T134904_20230108T173705.png,ok,
1,798,2023-01-08 19:41:05,2023-01-09 01:49:04,6.1332,388,48.3839997558594,3407.615,7200,240,Z:\SPART-WORK\Data\Voyager\voyager1\mag\48s\reviewed_vim\2023\voyager1_48s_mag-vim_20230101_v01.cdf,C:\Users\Administrator\Documents\FWD_matlab\Voyager_fu\Voyager_Interstellar_Monthly\HighestPrecision_Segments\V1_MAG48s_segment_0798_20230108T194105_20230109T014904.png,ok,
1,799,2023-01-09 14:00:16,2023-01-09 17:37:04,3.61320027770996,272,48.3839997558594,48.385,7200,240,Z:\SPART-WORK\Data\Voyager\voyager1\mag\48s\reviewed_vim\2023\voyager1_48s_mag-vim_20230101_v01.cdf,C:\Users\Administrator\Documents\FWD_matlab\Voyager_fu\Voyager_Interstellar_Monthly\HighestPrecision_Segments\V1_MAG48s_segment_0799_20230109T140016_20230109T173704.png,ok,
1,800,2023-01-10 06:21:04,2023-01-10 22:37:05,16.26672,1148,48.3839997558594,3312.576,7200,240,Z:\SPART-WORK\Data\Voyager\voyager1\mag\48s\reviewed_vim\2023\voyager1_48s_mag-vim_20230101_v01.cdf,C:\Users\Administrator\Documents\FWD_matlab\Voyager_fu\Voyager_Interstellar_Monthly\HighestPrecision_Segments\V1_MAG48s_segment_0800_20230110T062104_20230110T223705.png,ok,
1,801,2023-01-11 06:17:53,2023-01-11 09:07:28,2.82648,212,48.3839997558594,95.9030002441406,7200,240,Z:\SPART-WORK\Data\Voyager\voyager1\mag\48s\reviewed_vim\2023\voyager1_48s_mag-vim_20230101_v01.cdf,C:\Users\Administrator\Documents\FWD_matlab\Voyager_fu\Voyager_Interstellar_Monthly\HighestPrecision_Segments\V1_MAG48s_segment_0801_20230111T061753_20230111T090728.png,ok,
1,802,2023-01-11 13:57:05,2023-01-12 01:52:16,11.91984,845,48.3839997558594,2111.616,7200,240,Z:\SPART-WORK\Data\Voyager\voyager1\mag\48s\reviewed_vim\2023\voyager1_48s_mag-vim_20230101_v01.cdf,C:\Users\Administrator\Documents\FWD_matlab\Voyager_fu\Voyager_Interstellar_Monthly\HighestPrecision_Segments\V1_MAG48s_segment_0802_20230111T135705_20230112T015216.png,ok,
1,803,2023-01-12 06:17:53,2023-01-13 01:13:04,18.91992,1272,48.3839997558594,6816.09500024414,7200,240,Z:\SPART-WORK\Data\Voyager\voyager1\mag\48s\reviewed_vim\2023\voyager1_48s_mag-vim_20230101_v01.cdf,C:\Users\Administrator\Documents\FWD_matlab\Voyager_fu\Voyager_Interstellar_Monthly\HighestPrecision_Segments\V1_MAG48s_segment_0803_20230112T061753_20230113T011304.png,ok,
1,804,2023-01-13 06:01:52,2023-01-13 15:41:52,9.66672,725,48.3839997558594,96.768,7200,240,Z:\SPART-WORK\Data\Voyager\voyager1\mag\48s\reviewed_vim\2023\voyager1_48s_mag-vim_20230101_v01.cdf,C:\Users\Administrator\Documents\FWD_matlab\Voyager_fu\Voyager_Interstellar_Monthly\HighestPrecision_Segments\V1_MAG48s_segment_0804_20230113T060152_20230113T154152.png,ok,
1,805,2023-01-13 21:15:28,2023-01-14 00:01:52,2.77320027777778,209,48.3839997558594,48.385,7200,240,Z:\SPART-WORK\Data\Voyager\voyager1\mag\48s\reviewed_vim\2023\voyager1_48s_mag-vim_20230101_v01.cdf,C:\Users\Administrator\Documents\FWD_matlab\Voyager_fu\Voyager_Interstellar_Monthly\HighestPrecision_Segments\V1_MAG48s_segment_0805_20230113T211528_20230114T000152.png,ok,
1,806,2023-01-14 13:42:40,2023-01-15 00:57:04,11.24016,843,48.3839997558594,96.7670002441406,7200,240,Z:\SPART-WORK\Data\Voyager\voyager1\mag\48s\reviewed_vim\2023\voyager1_48s_mag-vim_20230101_v01.cdf,C:\Users\Administrator\Documents\FWD_matlab\Voyager_fu\Voyager_Interstellar_Monthly\HighestPrecision_Segments\V1_MAG48s_segment_0806_20230114T134240_20230115T005704.png,ok,
1,807,2023-01-15 05:47:28,2023-01-15 20:32:16,14.7468,946,48.3839997558594,3840.48,7200,240,Z:\SPART-WORK\Data\Voyager\voyager1\mag\48s\reviewed_vim\2023\voyager1_48s_mag-vim_20230101_v01.cdf,C:\Users\Administrator\Documents\FWD_matlab\Voyager_fu\Voyager_Interstellar_Monthly\HighestPrecision_Segments\V1_MAG48s_segment_0807_20230115T054728_20230115T203216.png,ok,
1,808,2023-01-16 05:57:04,2023-01-16 20:37:04,14.6666400000678,1097,48.3839997558594,191.808,7200,240,Z:\SPART-WORK\Data\Voyager\voyager1\mag\48s\reviewed_vim\2023\voyager1_48s_mag-vim_20230101_v01.cdf,C:\Users\Administrator\Documents\FWD_matlab\Voyager_fu\Voyager_Interstellar_Monthly\HighestPrecision_Segments\V1_MAG48s_segment_0808_20230116T055704_20230116T203704.png,ok,
1,809,2023-01-17 08:01:52,2023-01-18 00:46:40,16.7467197222222,1177,48.3839997558594,3792.096,7200,240,Z:\SPART-WORK\Data\Voyager\voyager1\mag\48s\reviewed_vim\2023\voyager1_48s_mag-vim_20230101_v01.cdf,C:\Users\Administrator\Documents\FWD_matlab\Voyager_fu\Voyager_Interstellar_Monthly\HighestPrecision_Segments\V1_MAG48s_segment_0809_20230117T080152_20230118T004640.png,ok,
1,810,2023-01-18 05:50:40,2023-01-18 09:07:28,3.28007972222222,247,48.3839997558594,48.385,7200,240,Z:\SPART-WORK\Data\Voyager\voyager1\mag\48s\reviewed_vim\2023\voyager1_48s_mag-vim_20230101_v01.cdf,C:\Users\Administrator\Documents\FWD_matlab\Voyager_fu\Voyager_Interstellar_Monthly\HighestPrecision_Segments\V1_MAG48s_segment_0810_20230118T055040_20230118T090728.png,ok,
1,811,2023-01-18 13:21:52,2023-01-18 17:37:04,4.25327972229004,318,48.3839997558594,144.288,7200,240,Z:\SPART-WORK\Data\Voyager\voyager1\mag\48s\reviewed_vim\2023\voyager1_48s_mag-vim_20230101_v01.cdf,C:\Users\Administrator\Documents\FWD_matlab\Voyager_fu\Voyager_Interstellar_Monthly\HighestPrecision_Segments\V1_MAG48s_segment_0811_20230118T132152_20230118T173704.png,ok,
1,812,2023-01-19 05:45:52,2023-01-19 09:17:04,3.52008,253,48.3839997558594,336.097,7200,240,Z:\SPART-WORK\Data\Voyager\voyager1\mag\48s\reviewed_vim\2023\voyager1_48s_mag-vim_20230101_v01.cdf,C:\Users\Administrator\Documents\FWD_matlab\Voyager_fu\Voyager_Interstellar_Monthly\HighestPrecision_Segments\V1_MAG48s_segment_0812_20230119T054552_20230119T091704.png,ok,
1,813,2023-01-19 13:25:04,2023-01-20 00:57:04,11.53319972229,722,48.3839997558594,6816.09699975586,7200,240,Z:\SPART-WORK\Data\Voyager\voyager1\mag\48s\reviewed_vim\2023\voyager1_48s_mag-vim_20230101_v01.cdf,C:\Users\Administrator\Documents\FWD_matlab\Voyager_fu\Voyager_Interstellar_Monthly\HighestPrecision_Segments\V1_MAG48s_segment_0813_20230119T132504_20230120T005704.png,ok,
1,814,2023-01-20 07:29:52,2023-01-20 08:05:52,0.6,46,48.3839997558594,48.3840002441406,7200,240,Z:\SPART-WORK\Data\Voyager\voyager1\mag\48s\reviewed_vim\2023\voyager1_48s_mag-vim_20230101_v01.cdf,C:\Users\Administrator\Documents\FWD_matlab\Voyager_fu\Voyager_Interstellar_Monthly\HighestPrecision_Segments\V1_MAG48s_segment_0814_20230120T072952_20230120T080552.png,ok,
1,815,2023-01-20 11:57:04,2023-01-20 20:41:52,8.74656027777778,565,48.3839997558594,4415.903,7200,240,Z:\SPART-WORK\Data\Voyager\voyager1\mag\48s\reviewed_vim\2023\voyager1_48s_mag-vim_20230101_v01.cdf,C:\Users\Administrator\Documents\FWD_matlab\Voyager_fu\Voyager_Interstellar_Monthly\HighestPrecision_Segments\V1_MAG48s_segment_0815_20230120T115704_20230120T204152.png,ok,
1,816,2023-01-21 05:42:40,2023-01-21 12:01:52,6.31992,473,48.3839997558594,95.9040002441406,7200,240,Z:\SPART-WORK\Data\Voyager\voyager1\mag\48s\reviewed_vim\2023\voyager1_48s_mag-vim_20230101_v01.cdf,C:\Users\Administrator\Documents\FWD_matlab\Voyager_fu\Voyager_Interstellar_Monthly\HighestPrecision_Segments\V1_MAG48s_segment_0816_20230121T054240_20230121T120152.png,ok,
1,817,2023-01-21 14:53:04,2023-01-22 00:21:52,9.48,711,48.3839997558594,95.904,7200,240,Z:\SPART-WORK\Data\Voyager\voyager1\mag\48s\reviewed_vim\2023\voyager1_48s_mag-vim_20230101_v01.cdf,C:\Users\Administrator\Documents\FWD_matlab\Voyager_fu\Voyager_Interstellar_Monthly\HighestPrecision_Segments\V1_MAG48s_segment_0817_20230121T145304_20230122T002152.png,ok,
1,818,2023-01-22 05:37:04,2023-01-22 16:37:04,10.9999199999322,735,48.3839997558594,4224.096,7200,240,Z:\SPART-WORK\Data\Voyager\voyager1\mag\48s\reviewed_vim\2023\voyager1_48s_mag-vim_20230101_v01.cdf,C:\Users\Administrator\Documents\FWD_matlab\Voyager_fu\Voyager_Interstellar_Monthly\HighestPrecision_Segments\V1_MAG48s_segment_0818_20230122T053704_20230122T163704.png,ok,
1,819,2023-01-23 05:36:16,2023-01-23 11:52:16,6.26664027777778,468,48.3839997558594,191.808999755859,7200,240,Z:\SPART-WORK\Data\Voyager\voyager1\mag\48s\reviewed_vim\2023\voyager1_48s_mag-vim_20230101_v01.cdf,C:\Users\Administrator\Documents\FWD_matlab\Voyager_fu\Voyager_Interstellar_Monthly\HighestPrecision_Segments\V1_MAG48s_segment_0819_20230123T053616_20230123T115216.png,ok,
1,820,2023-01-24 05:25:03,2023-01-24 13:37:04,8.20007999993218,616,48.3839997558594,48.385,7200,240,Z:\SPART-WORK\Data\Voyager\voyager1\mag\48s\reviewed_vim\2023\voyager1_48s_mag-vim_20230101_v01.cdf,C:\Users\Administrator\Documents\FWD_matlab\Voyager_fu\Voyager_Interstellar_Monthly\HighestPrecision_Segments\V1_MAG48s_segment_0820_20230124T052503_20230124T133704.png,ok,
1,821,2023-01-25 05:21:52,2023-01-25 09:07:28,3.76007972222222,281,48.3839997558594,143.423000244141,7200,240,Z:\SPART-WORK\Data\Voyager\voyager1\mag\48s\reviewed_vim\2023\voyager1_48s_mag-vim_20230101_v01.cdf,C:\Users\Administrator\Documents\FWD_matlab\Voyager_fu\Voyager_Interstellar_Monthly\HighestPrecision_Segments\V1_MAG48s_segment_0821_20230125T052152_20230125T090728.png,ok,
1,822,2023-01-25 13:07:27,2023-01-25 17:37:52,4.50672000006782,336,48.3839997558594,192.673,7200,240,Z:\SPART-WORK\Data\Voyager\voyager1\mag\48s\reviewed_vim\2023\voyager1_48s_mag-vim_20230101_v01.cdf,C:\Users\Administrator\Documents\FWD_matlab\Voyager_fu\Voyager_Interstellar_Monthly\HighestPrecision_Segments\V1_MAG48s_segment_0822_20230125T130727_20230125T173752.png,ok,
1,823,2023-01-26 00:40:16,2023-01-26 01:52:15,1.19976027777778,91,48.3839997558594,48.385,7200,240,Z:\SPART-WORK\Data\Voyager\voyager1\mag\48s\reviewed_vim\2023\voyager1_48s_mag-vim_20230101_v01.cdf,C:\Users\Administrator\Documents\FWD_matlab\Voyager_fu\Voyager_Interstellar_Monthly\HighestPrecision_Segments\V1_MAG48s_segment_0823_20230126T004016_20230126T015215.png,ok,
1,824,2023-01-26 05:21:52,2023-01-26 09:21:52,4.00008,299,48.3839997558594,143.423000244141,7200,240,Z:\SPART-WORK\Data\Voyager\voyager1\mag\48s\reviewed_vim\2023\voyager1_48s_mag-vim_20230101_v01.cdf,C:\Users\Administrator\Documents\FWD_matlab\Voyager_fu\Voyager_Interstellar_Monthly\HighestPrecision_Segments\V1_MAG48s_segment_0824_20230126T052152_20230126T092152.png,ok,
1,825,2023-01-26 12:49:52,2023-01-26 19:07:27,6.29327999993218,473,48.3839997558594,48.385,7200,240,Z:\SPART-WORK\Data\Voyager\voyager1\mag\48s\reviewed_vim\2023\voyager1_48s_mag-vim_20230101_v01.cdf,C:\Users\Administrator\Documents\FWD_matlab\Voyager_fu\Voyager_Interstellar_Monthly\HighestPrecision_Segments\V1_MAG48s_segment_0825_20230126T124952_20230126T190727.png,ok,
1,826,2023-01-27 05:21:52,2023-01-27 11:37:04,6.25343972229004,468,48.3839997558594,143.423000244141,7200,240,Z:\SPART-WORK\Data\Voyager\voyager1\mag\48s\reviewed_vim\2023\voyager1_48s_mag-vim_20230101_v01.cdf,C:\Users\Administrator\Documents\FWD_matlab\Voyager_fu\Voyager_Interstellar_Monthly\HighestPrecision_Segments\V1_MAG48s_segment_0826_20230127T052152_20230127T113704.png,ok,
1,827,2023-01-27 21:07:28,2023-01-28 00:06:40,2.98656000006782,224,48.3839997558594,95.904,7200,240,Z:\SPART-WORK\Data\Voyager\voyager1\mag\48s\reviewed_vim\2023\voyager1_48s_mag-vim_20230101_v01.cdf,C:\Users\Administrator\Documents\FWD_matlab\Voyager_fu\Voyager_Interstellar_Monthly\HighestPrecision_Segments\V1_MAG48s_segment_0827_20230127T210728_20230128T000640.png,ok,
1,828,2023-01-28 05:21:52,2023-01-28 11:37:03,6.25319972222222,468,48.3839997558594,143.423000244141,7200,240,Z:\SPART-WORK\Data\Voyager\voyager1\mag\48s\reviewed_vim\2023\voyager1_48s_mag-vim_20230101_v01.cdf,C:\Users\Administrator\Documents\FWD_matlab\Voyager_fu\Voyager_Interstellar_Monthly\HighestPrecision_Segments\V1_MAG48s_segment_0828_20230128T052152_20230128T113703.png,ok,
1,829,2023-01-28 15:52:16,2023-01-28 19:01:51,3.15984,236,48.3839997558594,144.287,7200,240,Z:\SPART-WORK\Data\Voyager\voyager1\mag\48s\reviewed_vim\2023\voyager1_48s_mag-vim_20230101_v01.cdf,C:\Users\Administrator\Documents\FWD_matlab\Voyager_fu\Voyager_Interstellar_Monthly\HighestPrecision_Segments\V1_MAG48s_segment_0829_20230128T155216_20230128T190151.png,ok,
1,830,2023-01-29 05:10:39,2023-01-29 11:12:15,6.02664,449,48.3839997558594,191.807,7200,240,Z:\SPART-WORK\Data\Voyager\voyager1\mag\48s\reviewed_vim\2023\voyager1_48s_mag-vim_20230101_v01.cdf,C:\Users\Administrator\Documents\FWD_matlab\Voyager_fu\Voyager_Interstellar_Monthly\HighestPrecision_Segments\V1_MAG48s_segment_0830_20230129T051039_20230129T111215.png,ok,
1,831,2023-01-29 16:01:51,2023-01-29 18:57:04,2.92007972229004,218,48.3839997558594,144.288,7200,240,Z:\SPART-WORK\Data\Voyager\voyager1\mag\48s\reviewed_vim\2023\voyager1_48s_mag-vim_20230101_v01.cdf,C:\Users\Administrator\Documents\FWD_matlab\Voyager_fu\Voyager_Interstellar_Monthly\HighestPrecision_Segments\V1_MAG48s_segment_0831_20230129T160151_20230129T185704.png,ok,
1,832,2023-01-30 05:10:39,2023-01-30 11:57:03,6.77327972222222,506,48.3839997558594,191.807,7200,240,Z:\SPART-WORK\Data\Voyager\voyager1\mag\48s\reviewed_vim\2023\voyager1_48s_mag-vim_20230101_v01.cdf,C:\Users\Administrator\Documents\FWD_matlab\Voyager_fu\Voyager_Interstellar_Monthly\HighestPrecision_Segments\V1_MAG48s_segment_0832_20230130T051039_20230130T115703.png,ok,
1,833,2023-01-30 15:52:15,2023-01-30 19:47:28,3.92015972229004,293,48.3839997558594,144.287,7200,240,Z:\SPART-WORK\Data\Voyager\voyager1\mag\48s\reviewed_vim\2023\voyager1_48s_mag-vim_20230101_v01.cdf,C:\Users\Administrator\Documents\FWD_matlab\Voyager_fu\Voyager_Interstellar_Monthly\HighestPrecision_Segments\V1_MAG48s_segment_0833_20230130T155215_20230130T194728.png,ok,
1,834,2023-01-31 05:01:03,2023-01-31 13:58:40,8.96015972222222,670,48.3839997558594,192.671,7200,240,Z:\SPART-WORK\Data\Voyager\voyager1\mag\48s\reviewed_vim\2023\voyager1_48s_mag-vim_20230101_v01.cdf,C:\Users\Administrator\Documents\FWD_matlab\Voyager_fu\Voyager_Interstellar_Monthly\HighestPrecision_Segments\V1_MAG48s_segment_0834_20230131T050103_20230131T135840.png,ok,
1,835,2023-02-01 05:07:28,2023-02-01 09:07:27,3.99984,300,48.3839997558594,95.9030002441406,7200,240,Z:\SPART-WORK\Data\Voyager\voyager1\mag\48s\reviewed_vim\2023\voyager1_48s_mag-vim_20230101_v01.cdf,C:\Users\Administrator\Documents\FWD_matlab\Voyager_fu\Voyager_Interstellar_Monthly\HighestPrecision_Segments\V1_MAG48s_segment_0835_20230201T050728_20230201T090727.png,ok,
1,836,2023-02-01 12:49:52,2023-02-01 17:37:03,4.78656027770996,360,48.3839997558594,48.385,7200,240,Z:\SPART-WORK\Data\Voyager\voyager1\mag\48s\reviewed_vim\2023\voyager1_48s_mag-vim_20230101_v01.cdf,C:\Users\Administrator\Documents\FWD_matlab\Voyager_fu\Voyager_Interstellar_Monthly\HighestPrecision_Segments\V1_MAG48s_segment_0836_20230201T124952_20230201T173703.png,ok,
1,837,2023-02-02 01:57:04,2023-02-02 19:47:28,17.8399200000678,1048,48.3839997558594,7103.808,7200,240,Z:\SPART-WORK\Data\Voyager\voyager1\mag\48s\reviewed_vim\2023\voyager1_48s_mag-vim_20230101_v01.cdf,C:\Users\Administrator\Documents\FWD_matlab\Voyager_fu\Voyager_Interstellar_Monthly\HighestPrecision_Segments\V1_MAG48s_segment_0837_20230202T015704_20230202T194728.png,ok,
1,838,2023-02-03 09:25:03,2023-02-03 14:21:51,4.94663972222222,372,48.3839997558594,48.385,7200,240,Z:\SPART-WORK\Data\Voyager\voyager1\mag\48s\reviewed_vim\2023\voyager1_48s_mag-vim_20230101_v01.cdf,C:\Users\Administrator\Documents\FWD_matlab\Voyager_fu\Voyager_Interstellar_Monthly\HighestPrecision_Segments\V1_MAG48s_segment_0838_20230203T092503_20230203T142151.png,ok,
1,839,2023-02-04 00:29:03,2023-02-04 14:27:27,13.97328,965,48.3839997558594,3936.385,7200,240,Z:\SPART-WORK\Data\Voyager\voyager1\mag\48s\reviewed_vim\2023\voyager1_48s_mag-vim_20230101_v01.cdf,C:\Users\Administrator\Documents\FWD_matlab\Voyager_fu\Voyager_Interstellar_Monthly\HighestPrecision_Segments\V1_MAG48s_segment_0839_20230204T002903_20230204T142727.png,ok,
1,840,2023-02-04 19:05:51,2023-02-04 20:22:39,1.27991972222222,94,48.3839997558594,191.809,7200,240,Z:\SPART-WORK\Data\Voyager\voyager1\mag\48s\reviewed_vim\2023\voyager1_48s_mag-vim_20230101_v01.cdf,C:\Users\Administrator\Documents\FWD_matlab\Voyager_fu\Voyager_Interstellar_Monthly\HighestPrecision_Segments\V1_MAG48s_segment_0840_20230204T190551_20230204T202239.png,ok,
1,841,2023-02-05 04:40:16,2023-02-05 13:01:51,8.35992027770996,628,48.3839997558594,48.385,7200,240,Z:\SPART-WORK\Data\Voyager\voyager1\mag\48s\reviewed_vim\2023\voyager1_48s_mag-vim_20230101_v01.cdf,C:\Users\Administrator\Documents\FWD_matlab\Voyager_fu\Voyager_Interstellar_Monthly\HighestPrecision_Segments\V1_MAG48s_segment_0841_20230205T044016_20230205T130151.png,ok,
1,842,2023-02-05 20:57:51,2023-02-05 22:37:03,1.65335972222222,124,48.3839997558594,96.768,7200,240,Z:\SPART-WORK\Data\Voyager\voyager1\mag\48s\reviewed_vim\2023\voyager1_48s_mag-vim_20230101_v01.cdf,C:\Users\Administrator\Documents\FWD_matlab\Voyager_fu\Voyager_Interstellar_Monthly\HighestPrecision_Segments\V1_MAG48s_segment_0842_20230205T205751_20230205T223703.png,ok,
1,843,2023-02-06 14:11:27,2023-02-06 18:07:27,3.93336,293,48.3839997558594,191.808,7200,240,Z:\SPART-WORK\Data\Voyager\voyager1\mag\48s\reviewed_vim\2023\voyager1_48s_mag-vim_20230101_v01.cdf,C:\Users\Administrator\Documents\FWD_matlab\Voyager_fu\Voyager_Interstellar_Monthly\HighestPrecision_Segments\V1_MAG48s_segment_0843_20230206T141127_20230206T180727.png,ok,
1,844,2023-02-07 07:26:39,2023-02-07 17:37:03,10.17336,757,48.3839997558594,191.808000244141,7200,240,Z:\SPART-WORK\Data\Voyager\voyager1\mag\48s\reviewed_vim\2023\voyager1_48s_mag-vim_20230101_v01.cdf,C:\Users\Administrator\Documents\FWD_matlab\Voyager_fu\Voyager_Interstellar_Monthly\HighestPrecision_Segments\V1_MAG48s_segment_0844_20230207T072639_20230207T173703.png,ok,
1,845,2023-02-08 04:25:51,2023-02-08 09:07:27,4.69344,350,48.3839997558594,192.672,7200,240,Z:\SPART-WORK\Data\Voyager\voyager1\mag\48s\reviewed_vim\2023\voyager1_48s_mag-vim_20230101_v01.cdf,C:\Users\Administrator\Documents\FWD_matlab\Voyager_fu\Voyager_Interstellar_Monthly\HighestPrecision_Segments\V1_MAG48s_segment_0845_20230208T042551_20230208T090727.png,ok,
1,846,2023-02-08 12:01:51,2023-02-08 17:37:03,5.58672027770996,418,48.3839997558594,143.424,7200,240,Z:\SPART-WORK\Data\Voyager\voyager1\mag\48s\reviewed_vim\2023\voyager1_48s_mag-vim_20230101_v01.cdf,C:\Users\Administrator\Documents\FWD_matlab\Voyager_fu\Voyager_Interstellar_Monthly\HighestPrecision_Segments\V1_MAG48s_segment_0846_20230208T120151_20230208T173703.png,ok,
1,847,2023-02-09 06:46:39,2023-02-09 08:57:03,2.17343972222222,161,48.3839997558594,192.672000244141,7200,240,Z:\SPART-WORK\Data\Voyager\voyager1\mag\48s\reviewed_vim\2023\voyager1_48s_mag-vim_20230101_v01.cdf,C:\Users\Administrator\Documents\FWD_matlab\Voyager_fu\Voyager_Interstellar_Monthly\HighestPrecision_Segments\V1_MAG48s_segment_0847_20230209T064639_20230209T085703.png,ok,
1,848,2023-02-09 13:42:39,2023-02-09 17:37:03,3.90672027770996,293,48.384,95.9049997558594,7200,240,Z:\SPART-WORK\Data\Voyager\voyager1\mag\48s\reviewed_vim\2023\voyager1_48s_mag-vim_20230101_v01.cdf,C:\Users\Administrator\Documents\FWD_matlab\Voyager_fu\Voyager_Interstellar_Monthly\HighestPrecision_Segments\V1_MAG48s_segment_0848_20230209T134239_20230209T173703.png,ok,
1,849,2023-02-09 22:53:03,2023-02-09 23:37:03,0.73344,55,48.384,95.903,7200,240,Z:\SPART-WORK\Data\Voyager\voyager1\mag\48s\reviewed_vim\2023\voyager1_48s_mag-vim_20230101_v01.cdf,C:\Users\Administrator\Documents\FWD_matlab\Voyager_fu\Voyager_Interstellar_Monthly\HighestPrecision_Segments\V1_MAG48s_segment_0849_20230209T225303_20230209T233703.png,ok,
1,850,2023-02-10 04:22:39,2023-02-10 12:07:27,7.74672,581,48.3839997558594,95.903,7200,240,Z:\SPART-WORK\Data\Voyager\voyager1\mag\48s\reviewed_vim\2023\voyager1_48s_mag-vim_20230101_v01.cdf,C:\Users\Administrator\Documents\FWD_matlab\Voyager_fu\Voyager_Interstellar_Monthly\HighestPrecision_Segments\V1_MAG48s_segment_0850_20230210T042239_20230210T120727.png,ok,
1,851,2023-02-11 04:37:03,2023-02-11 22:47:27,18.1732802777778,1302,48.3839997558594,2880.575,7200,240,Z:\SPART-WORK\Data\Voyager\voyager1\mag\48s\reviewed_vim\2023\voyager1_48s_mag-vim_20230101_v01.cdf,C:\Users\Administrator\Documents\FWD_matlab\Voyager_fu\Voyager_Interstellar_Monthly\HighestPrecision_Segments\V1_MAG48s_segment_0851_20230211T043703_20230211T224727.png,ok,
1,852,2023-02-12 04:13:03,2023-02-12 17:37:03,13.40016,879,48.3839997558594,6048,7200,240,Z:\SPART-WORK\Data\Voyager\voyager1\mag\48s\reviewed_vim\2023\voyager1_48s_mag-vim_20230101_v01.cdf,C:\Users\Administrator\Documents\FWD_matlab\Voyager_fu\Voyager_Interstellar_Monthly\HighestPrecision_Segments\V1_MAG48s_segment_0852_20230212T041303_20230212T173703.png,ok,
1,853,2023-02-13 04:21:03,2023-02-13 07:17:51,2.94672027770996,222,48.3839997558594,48.385,7200,240,Z:\SPART-WORK\Data\Voyager\voyager1\mag\48s\reviewed_vim\2023\voyager1_48s_mag-vim_20230101_v01.cdf,C:\Users\Administrator\Documents\FWD_matlab\Voyager_fu\Voyager_Interstellar_Monthly\HighestPrecision_Segments\V1_MAG48s_segment_0853_20230213T042103_20230213T071751.png,ok,
1,854,2023-02-14 08:06:38,2023-02-14 18:07:27,10.0135202777778,744,48.384,192.672,7200,240,Z:\SPART-WORK\Data\Voyager\voyager1\mag\48s\reviewed_vim\2023\voyager1_48s_mag-vim_20230101_v01.cdf,C:\Users\Administrator\Documents\FWD_matlab\Voyager_fu\Voyager_Interstellar_Monthly\HighestPrecision_Segments\V1_MAG48s_segment_0854_20230214T080638_20230214T180727.png,ok,
1,855,2023-02-15 04:01:50,2023-02-15 09:07:26,5.09328,381,48.3839997558594,143.424,7200,240,Z:\SPART-WORK\Data\Voyager\voyager1\mag\48s\reviewed_vim\2023\voyager1_48s_mag-vim_20230101_v01.cdf,C:\Users\Administrator\Documents\FWD_matlab\Voyager_fu\Voyager_Interstellar_Monthly\HighestPrecision_Segments\V1_MAG48s_segment_0855_20230215T040150_20230215T090726.png,ok,
1,856,2023-02-15 12:03:27,2023-02-15 17:35:26,5.5332,415,48.3839997558594,95.903,7200,240,Z:\SPART-WORK\Data\Voyager\voyager1\mag\48s\reviewed_vim\2023\voyager1_48s_mag-vim_20230101_v01.cdf,C:\Users\Administrator\Documents\FWD_matlab\Voyager_fu\Voyager_Interstellar_Monthly\HighestPrecision_Segments\V1_MAG48s_segment_0856_20230215T120327_20230215T173526.png,ok,
1,857,2023-02-16 04:27:27,2023-02-16 12:22:39,7.92,593,48.3839997558594,143.424999755859,7200,240,Z:\SPART-WORK\Data\Voyager\voyager1\mag\48s\reviewed_vim\2023\voyager1_48s_mag-vim_20230101_v01.cdf,C:\Users\Administrator\Documents\FWD_matlab\Voyager_fu\Voyager_Interstellar_Monthly\HighestPrecision_Segments\V1_MAG48s_segment_0857_20230216T042727_20230216T122239.png,ok,
1,858,2023-02-16 17:12:14,2023-02-16 23:32:15,6.33336027770996,467,48.3839997558594,336.096,7200,240,Z:\SPART-WORK\Data\Voyager\voyager1\mag\48s\reviewed_vim\2023\voyager1_48s_mag-vim_20230101_v01.cdf,C:\Users\Administrator\Documents\FWD_matlab\Voyager_fu\Voyager_Interstellar_Monthly\HighestPrecision_Segments\V1_MAG48s_segment_0858_20230216T171214_20230216T233215.png,ok,
1,859,2023-02-17 04:17:50,2023-02-17 13:52:14,9.57336027777778,717,48.3839997558594,144.288000244141,7200,240,Z:\SPART-WORK\Data\Voyager\voyager1\mag\48s\reviewed_vim\2023\voyager1_48s_mag-vim_20230101_v01.cdf,C:\Users\Administrator\Documents\FWD_matlab\Voyager_fu\Voyager_Interstellar_Monthly\HighestPrecision_Segments\V1_MAG48s_segment_0859_20230217T041750_20230217T135214.png,ok,
1,860,2023-02-18 05:12:14,2023-02-18 23:37:51,18.4267199999322,1376,48.3839997558594,239.329,7200,240,Z:\SPART-WORK\Data\Voyager\voyager1\mag\48s\reviewed_vim\2023\voyager1_48s_mag-vim_20230101_v01.cdf,C:\Users\Administrator\Documents\FWD_matlab\Voyager_fu\Voyager_Interstellar_Monthly\HighestPrecision_Segments\V1_MAG48s_segment_0860_20230218T051214_20230218T233751.png,ok,
1,861,2023-02-19 03:36:14,2023-02-19 10:52:14,7.26672,544,48.3839997558594,143.423000244141,7200,240,Z:\SPART-WORK\Data\Voyager\voyager1\mag\48s\reviewed_vim\2023\voyager1_48s_mag-vim_20230101_v01.cdf,C:\Users\Administrator\Documents\FWD_matlab\Voyager_fu\Voyager_Interstellar_Monthly\HighestPrecision_Segments\V1_MAG48s_segment_0861_20230219T033614_20230219T105214.png,ok,
1,862,2023-02-20 04:21:02,2023-02-20 06:22:39,2.02679972222222,153,48.3839997558594,48.385,7200,240,Z:\SPART-WORK\Data\Voyager\voyager1\mag\48s\reviewed_vim\2023\voyager1_48s_mag-vim_20230101_v01.cdf,C:\Users\Administrator\Documents\FWD_matlab\Voyager_fu\Voyager_Interstellar_Monthly\HighestPrecision_Segments\V1_MAG48s_segment_0862_20230220T042102_20230220T062239.png,ok,
1,863,2023-02-20 11:42:38,2023-02-20 17:42:38,6,449,48.3839997558594,143.424,7200,240,Z:\SPART-WORK\Data\Voyager\voyager1\mag\48s\reviewed_vim\2023\voyager1_48s_mag-vim_20230101_v01.cdf,C:\Users\Administrator\Documents\FWD_matlab\Voyager_fu\Voyager_Interstellar_Monthly\HighestPrecision_Segments\V1_MAG48s_segment_0863_20230220T114238_20230220T174238.png,ok,
1,864,2023-02-21 04:13:03,2023-02-21 17:37:51,13.4133597222222,918,48.3839997558594,4175.712,7200,240,Z:\SPART-WORK\Data\Voyager\voyager1\mag\48s\reviewed_vim\2023\voyager1_48s_mag-vim_20230101_v01.cdf,C:\Users\Administrator\Documents\FWD_matlab\Voyager_fu\Voyager_Interstellar_Monthly\HighestPrecision_Segments\V1_MAG48s_segment_0864_20230221T041303_20230221T173751.png,ok,
1,865,2023-02-22 04:16:14,2023-02-22 09:07:26,4.85327972222222,358,48.3839997558594,239.328,7200,240,Z:\SPART-WORK\Data\Voyager\voyager1\mag\48s\reviewed_vim\2023\voyager1_48s_mag-vim_20230101_v01.cdf,C:\Users\Administrator\Documents\FWD_matlab\Voyager_fu\Voyager_Interstellar_Monthly\HighestPrecision_Segments\V1_MAG48s_segment_0865_20230222T041614_20230222T090726.png,ok,
1,866,2023-02-22 13:23:26,2023-02-22 17:37:51,4.24008,318,48.3839997558594,95.905,7200,240,Z:\SPART-WORK\Data\Voyager\voyager1\mag\48s\reviewed_vim\2023\voyager1_48s_mag-vim_20230101_v01.cdf,C:\Users\Administrator\Documents\FWD_matlab\Voyager_fu\Voyager_Interstellar_Monthly\HighestPrecision_Segments\V1_MAG48s_segment_0866_20230222T132326_20230222T173751.png,ok,
1,867,2023-02-23 04:01:50,2023-02-23 11:22:38,7.34664027777778,550,48.3839997558594,144.287,7200,240,Z:\SPART-WORK\Data\Voyager\voyager1\mag\48s\reviewed_vim\2023\voyager1_48s_mag-vim_20230101_v01.cdf,C:\Users\Administrator\Documents\FWD_matlab\Voyager_fu\Voyager_Interstellar_Monthly\HighestPrecision_Segments\V1_MAG48s_segment_0867_20230223T040150_20230223T112238.png,ok,
1,868,2023-02-23 13:47:27,2023-02-23 17:37:51,3.83999972222222,287,48.3839997558594,144.287000244141,7200,240,Z:\SPART-WORK\Data\Voyager\voyager1\mag\48s\reviewed_vim\2023\voyager1_48s_mag-vim_20230101_v01.cdf,C:\Users\Administrator\Documents\FWD_matlab\Voyager_fu\Voyager_Interstellar_Monthly\HighestPrecision_Segments\V1_MAG48s_segment_0868_20230223T134727_20230223T173751.png,ok,
1,869,2023-02-24 06:56:14,2023-02-24 14:53:02,7.94664027777778,594,48.3839997558594,191.807000244141,7200,240,Z:\SPART-WORK\Data\Voyager\voyager1\mag\48s\reviewed_vim\2023\voyager1_48s_mag-vim_20230101_v01.cdf,C:\Users\Administrator\Documents\FWD_matlab\Voyager_fu\Voyager_Interstellar_Monthly\HighestPrecision_Segments\V1_MAG48s_segment_0869_20230224T065614_20230224T145302.png,ok,
1,870,2023-02-25 03:28:15,2023-02-25 12:28:15,9,675,48.3839997558594,95.904,7200,240,Z:\SPART-WORK\Data\Voyager\voyager1\mag\48s\reviewed_vim\2023\voyager1_48s_mag-vim_20230101_v01.cdf,C:\Users\Administrator\Documents\FWD_matlab\Voyager_fu\Voyager_Interstellar_Monthly\HighestPrecision_Segments\V1_MAG48s_segment_0870_20230225T032815_20230225T122815.png,ok,
1,871,2023-02-26 04:03:26,2023-02-26 11:08:14,7.08,531,48.3839997558594,95.903,7200,240,Z:\SPART-WORK\Data\Voyager\voyager1\mag\48s\reviewed_vim\2023\voyager1_48s_mag-vim_20230101_v01.cdf,C:\Users\Administrator\Documents\FWD_matlab\Voyager_fu\Voyager_Interstellar_Monthly\HighestPrecision_Segments\V1_MAG48s_segment_0871_20230226T040326_20230226T110814.png,ok,
1,872,2023-02-26 15:28:14,2023-02-26 19:37:50,4.16016,311,48.3839997558594,96.768,7200,240,Z:\SPART-WORK\Data\Voyager\voyager1\mag\48s\reviewed_vim\2023\voyager1_48s_mag-vim_20230101_v01.cdf,C:\Users\Administrator\Documents\FWD_matlab\Voyager_fu\Voyager_Interstellar_Monthly\HighestPrecision_Segments\V1_MAG48s_segment_0872_20230226T152814_20230226T193750.png,ok,
1,873,2023-02-27 03:52:14,2023-02-27 06:37:50,2.76,206,48.3839997558594,144.287000244141,7200,240,Z:\SPART-WORK\Data\Voyager\voyager1\mag\48s\reviewed_vim\2023\voyager1_48s_mag-vim_20230101_v01.cdf,C:\Users\Administrator\Documents\FWD_matlab\Voyager_fu\Voyager_Interstellar_Monthly\HighestPrecision_Segments\V1_MAG48s_segment_0873_20230227T035214_20230227T063750.png,ok,
1,874,2023-02-27 10:46:38,2023-02-27 14:57:50,4.18655972229004,312,48.3839997558594,191.808,7200,240,Z:\SPART-WORK\Data\Voyager\voyager1\mag\48s\reviewed_vim\2023\voyager1_48s_mag-vim_20230101_v01.cdf,C:\Users\Administrator\Documents\FWD_matlab\Voyager_fu\Voyager_Interstellar_Monthly\HighestPrecision_Segments\V1_MAG48s_segment_0874_20230227T104638_20230227T145750.png,ok,
1,875,2023-02-28 03:57:02,2023-02-28 06:28:14,2.52,187,48.3839997558594,192.671,7200,240,Z:\SPART-WORK\Data\Voyager\voyager1\mag\48s\reviewed_vim\2023\voyager1_48s_mag-vim_20230101_v01.cdf,C:\Users\Administrator\Documents\FWD_matlab\Voyager_fu\Voyager_Interstellar_Monthly\HighestPrecision_Segments\V1_MAG48s_segment_0875_20230228T035702_20230228T062814.png,ok,
1,876,2023-03-01 03:18:38,2023-03-01 09:08:14,5.82648,437,48.3839997558594,95.905,7200,240,Z:\SPART-WORK\Data\Voyager\voyager1\mag\48s\reviewed_vim\2023\voyager1_48s_mag-vim_20230101_v01.cdf,C:\Users\Administrator\Documents\FWD_matlab\Voyager_fu\Voyager_Interstellar_Monthly\HighestPrecision_Segments\V1_MAG48s_segment_0876_20230301T031838_20230301T090814.png,ok,
1,877,2023-03-01 11:28:14,2023-03-01 13:28:14,2.00016,149,48.3839997558594,96.768,7200,240,Z:\SPART-WORK\Data\Voyager\voyager1\mag\48s\reviewed_vim\2023\voyager1_48s_mag-vim_20230101_v01.cdf,C:\Users\Administrator\Documents\FWD_matlab\Voyager_fu\Voyager_Interstellar_Monthly\HighestPrecision_Segments\V1_MAG48s_segment_0877_20230301T112814_20230301T132814.png,ok,
1,878,2023-03-02 03:53:50,2023-03-02 05:48:14,1.90656,143,48.3839997558594,95.9030002441406,7200,240,Z:\SPART-WORK\Data\Voyager\voyager1\mag\48s\reviewed_vim\2023\voyager1_48s_mag-vim_20230101_v01.cdf,C:\Users\Administrator\Documents\FWD_matlab\Voyager_fu\Voyager_Interstellar_Monthly\HighestPrecision_Segments\V1_MAG48s_segment_0878_20230302T035350_20230302T054814.png,ok,
1,879,2023-03-02 12:21:02,2023-03-02 16:37:50,4.27992027777778,322,48.3839997558594,48.385,7200,240,Z:\SPART-WORK\Data\Voyager\voyager1\mag\48s\reviewed_vim\2023\voyager1_48s_mag-vim_20230101_v01.cdf,C:\Users\Administrator\Documents\FWD_matlab\Voyager_fu\Voyager_Interstellar_Monthly\HighestPrecision_Segments\V1_MAG48s_segment_0879_20230302T122102_20230302T163750.png,ok,
1,880,2023-03-03 10:33:50,2023-03-03 14:37:50,4.06656,305,48.3839997558594,95.903,7200,240,Z:\SPART-WORK\Data\Voyager\voyager1\mag\48s\reviewed_vim\2023\voyager1_48s_mag-vim_20230101_v01.cdf,C:\Users\Administrator\Documents\FWD_matlab\Voyager_fu\Voyager_Interstellar_Monthly\HighestPrecision_Segments\V1_MAG48s_segment_0880_20230303T103350_20230303T143750.png,ok,
1,881,2023-03-04 02:57:50,2023-03-04 05:43:26,2.76000027770996,206,48.3839997558594,144.288999755859,7200,240,Z:\SPART-WORK\Data\Voyager\voyager1\mag\48s\reviewed_vim\2023\voyager1_48s_mag-vim_20230101_v01.cdf,C:\Users\Administrator\Documents\FWD_matlab\Voyager_fu\Voyager_Interstellar_Monthly\HighestPrecision_Segments\V1_MAG48s_segment_0881_20230304T025750_20230304T054326.png,ok,
1,882,2023-03-04 10:27:26,2023-03-04 15:49:01,5.35992,400,48.3839997558594,192.671,7200,240,Z:\SPART-WORK\Data\Voyager\voyager1\mag\48s\reviewed_vim\2023\voyager1_48s_mag-vim_20230101_v01.cdf,C:\Users\Administrator\Documents\FWD_matlab\Voyager_fu\Voyager_Interstellar_Monthly\HighestPrecision_Segments\V1_MAG48s_segment_0882_20230304T102726_20230304T154901.png,ok,
1,883,2023-03-05 02:43:25,2023-03-05 09:33:02,6.82680027777778,510,48.383,191.808,7200,240,Z:\SPART-WORK\Data\Voyager\voyager1\mag\48s\reviewed_vim\2023\voyager1_48s_mag-vim_20230101_v01.cdf,C:\Users\Administrator\Documents\FWD_matlab\Voyager_fu\Voyager_Interstellar_Monthly\HighestPrecision_Segments\V1_MAG48s_segment_0883_20230305T024325_20230305T093302.png,ok,
1,884,2023-03-05 16:32:13,2023-03-05 21:37:50,5.09351999993218,380,48.383,191.808,7200,240,Z:\SPART-WORK\Data\Voyager\voyager1\mag\48s\reviewed_vim\2023\voyager1_48s_mag-vim_20230101_v01.cdf,C:\Users\Administrator\Documents\FWD_matlab\Voyager_fu\Voyager_Interstellar_Monthly\HighestPrecision_Segments\V1_MAG48s_segment_0884_20230305T163213_20230305T213750.png,ok,
1,885,2023-03-06 02:48:14,2023-03-06 06:23:25,3.58656027777778,268,48.383,143.424,7200,240,Z:\SPART-WORK\Data\Voyager\voyager1\mag\48s\reviewed_vim\2023\voyager1_48s_mag-vim_20230101_v01.cdf,C:\Users\Administrator\Documents\FWD_matlab\Voyager_fu\Voyager_Interstellar_Monthly\HighestPrecision_Segments\V1_MAG48s_segment_0885_20230306T024814_20230306T062325.png,ok,
1,886,2023-03-06 10:16:14,2023-03-06 15:28:14,5.20008,391,48.383,48.385,7200,240,Z:\SPART-WORK\Data\Voyager\voyager1\mag\48s\reviewed_vim\2023\voyager1_48s_mag-vim_20230101_v01.cdf,C:\Users\Administrator\Documents\FWD_matlab\Voyager_fu\Voyager_Interstellar_Monthly\HighestPrecision_Segments\V1_MAG48s_segment_0886_20230306T101614_20230306T152814.png,ok,
1,887,2023-03-07 02:51:25,2023-03-07 09:08:13,6.27983972229004,472,48.383,48.385,7200,240,Z:\SPART-WORK\Data\Voyager\voyager1\mag\48s\reviewed_vim\2023\voyager1_48s_mag-vim_20230101_v01.cdf,C:\Users\Administrator\Documents\FWD_matlab\Voyager_fu\Voyager_Interstellar_Monthly\HighestPrecision_Segments\V1_MAG48s_segment_0887_20230307T025125_20230307T090813.png,ok,
1,888,2023-03-08 02:38:37,2023-03-08 09:08:13,6.49320000006782,410,48.383,1200.096,7200,240,Z:\SPART-WORK\Data\Voyager\voyager1\mag\48s\reviewed_vim\2023\voyager1_48s_mag-vim_20230101_v01.cdf,C:\Users\Administrator\Documents\FWD_matlab\Voyager_fu\Voyager_Interstellar_Monthly\HighestPrecision_Segments\V1_MAG48s_segment_0888_20230308T023837_20230308T090813.png,ok,
1,889,2023-03-09 03:31:26,2023-03-09 13:28:13,9.94656,710,48.383,1680.48,7200,240,Z:\SPART-WORK\Data\Voyager\voyager1\mag\48s\reviewed_vim\2023\voyager1_48s_mag-vim_20230101_v01.cdf,C:\Users\Administrator\Documents\FWD_matlab\Voyager_fu\Voyager_Interstellar_Monthly\HighestPrecision_Segments\V1_MAG48s_segment_0889_20230309T033126_20230309T132813.png,ok,
1,890,2023-03-10 02:33:50,2023-03-10 05:18:38,2.74679972222222,206,48.383,95.903,7200,240,Z:\SPART-WORK\Data\Voyager\voyager1\mag\48s\reviewed_vim\2023\voyager1_48s_mag-vim_20230101_v01.cdf,C:\Users\Administrator\Documents\FWD_matlab\Voyager_fu\Voyager_Interstellar_Monthly\HighestPrecision_Segments\V1_MAG48s_segment_0890_20230310T023350_20230310T051838.png,ok,
1,891,2023-03-10 10:03:25,2023-03-10 13:58:37,3.91992027770996,293,48.383,143.424,7200,240,Z:\SPART-WORK\Data\Voyager\voyager1\mag\48s\reviewed_vim\2023\voyager1_48s_mag-vim_20230101_v01.cdf,C:\Users\Administrator\Documents\FWD_matlab\Voyager_fu\Voyager_Interstellar_Monthly\HighestPrecision_Segments\V1_MAG48s_segment_0891_20230310T100325_20230310T135837.png,ok,
1,892,2023-03-11 03:09:01,2023-03-11 07:48:13,4.65335972222222,349,48.383,96.768,7200,240,Z:\SPART-WORK\Data\Voyager\voyager1\mag\48s\reviewed_vim\2023\voyager1_48s_mag-vim_20230101_v01.cdf,C:\Users\Administrator\Documents\FWD_matlab\Voyager_fu\Voyager_Interstellar_Monthly\HighestPrecision_Segments\V1_MAG48s_segment_0892_20230311T030901_20230311T074813.png,ok,
1,893,2023-03-12 02:19:25,2023-03-12 06:58:38,4.6536,350,48.383,48.385,7200,240,Z:\SPART-WORK\Data\Voyager\voyager1\mag\48s\reviewed_vim\2023\voyager1_48s_mag-vim_20230101_v01.cdf,C:\Users\Administrator\Documents\FWD_matlab\Voyager_fu\Voyager_Interstellar_Monthly\HighestPrecision_Segments\V1_MAG48s_segment_0893_20230312T021925_20230312T065838.png,ok,
1,894,2023-03-12 09:58:38,2023-03-12 13:43:25,3.74640027777778,281,48.383,95.041,7200,240,Z:\SPART-WORK\Data\Voyager\voyager1\mag\48s\reviewed_vim\2023\voyager1_48s_mag-vim_20230101_v01.cdf,C:\Users\Administrator\Documents\FWD_matlab\Voyager_fu\Voyager_Interstellar_Monthly\HighestPrecision_Segments\V1_MAG48s_segment_0894_20230312T095838_20230312T134325.png,ok,
1,895,2023-03-13 08:08:13,2023-03-13 12:33:49,4.42655972222222,331,48.383,143.424,7200,240,Z:\SPART-WORK\Data\Voyager\voyager1\mag\48s\reviewed_vim\2023\voyager1_48s_mag-vim_20230101_v01.cdf,C:\Users\Administrator\Documents\FWD_matlab\Voyager_fu\Voyager_Interstellar_Monthly\HighestPrecision_Segments\V1_MAG48s_segment_0895_20230313T080813_20230313T123349.png,ok,
1,896,2023-03-14 12:43:25,2023-03-14 13:33:49,0.840000277777778,23,48.383,1823.90300024414,7200,240,Z:\SPART-WORK\Data\Voyager\voyager1\mag\48s\reviewed_vim\2023\voyager1_48s_mag-vim_20230101_v01.cdf,C:\Users\Administrator\Documents\FWD_matlab\Voyager_fu\Voyager_Interstellar_Monthly\HighestPrecision_Segments\V1_MAG48s_segment_0896_20230314T124325_20230314T133349.png,ok,
1,897,2023-03-14 16:05:01,2023-03-14 16:33:49,0.480000277777778,37,48.383,48.385,7200,240,Z:\SPART-WORK\Data\Voyager\voyager1\mag\48s\reviewed_vim\2023\voyager1_48s_mag-vim_20230101_v01.cdf,C:\Users\Administrator\Documents\FWD_matlab\Voyager_fu\Voyager_Interstellar_Monthly\HighestPrecision_Segments\V1_MAG48s_segment_0897_20230314T160501_20230314T163349.png,ok,
1,898,2023-03-15 02:13:01,2023-03-15 15:23:25,13.17336,936,48.383,2448.576,7200,240,Z:\SPART-WORK\Data\Voyager\voyager1\mag\48s\reviewed_vim\2023\voyager1_48s_mag-vim_20230101_v01.cdf,C:\Users\Administrator\Documents\FWD_matlab\Voyager_fu\Voyager_Interstellar_Monthly\HighestPrecision_Segments\V1_MAG48s_segment_0898_20230315T021301_20230315T152325.png,ok,
1,899,2023-03-16 02:06:38,2023-03-16 06:03:25,3.94656,297,48.383,48.385,7200,240,Z:\SPART-WORK\Data\Voyager\voyager1\mag\48s\reviewed_vim\2023\voyager1_48s_mag-vim_20230101_v01.cdf,C:\Users\Administrator\Documents\FWD_matlab\Voyager_fu\Voyager_Interstellar_Monthly\HighestPrecision_Segments\V1_MAG48s_segment_0899_20230316T020638_20230316T060325.png,ok,
1,900,2023-03-16 09:52:13,2023-03-16 12:18:37,2.43983972222222,181,48.383,191.808000244141,7200,240,Z:\SPART-WORK\Data\Voyager\voyager1\mag\48s\reviewed_vim\2023\voyager1_48s_mag-vim_20230101_v01.cdf,C:\Users\Administrator\Documents\FWD_matlab\Voyager_fu\Voyager_Interstellar_Monthly\HighestPrecision_Segments\V1_MAG48s_segment_0900_20230316T095213_20230316T121837.png,ok,
1,901,2023-03-17 02:03:26,2023-03-17 16:28:13,14.4132,946,48.383,6480,7200,240,Z:\SPART-WORK\Data\Voyager\voyager1\mag\48s\reviewed_vim\2023\voyager1_48s_mag-vim_20230101_v01.cdf,C:\Users\Administrator\Documents\FWD_matlab\Voyager_fu\Voyager_Interstellar_Monthly\HighestPrecision_Segments\V1_MAG48s_segment_0901_20230317T020326_20230317T162813.png,ok,
1,902,2023-03-18 01:57:01,2023-03-18 05:53:49,3.94656,297,48.383,48.385,7200,240,Z:\SPART-WORK\Data\Voyager\voyager1\mag\48s\reviewed_vim\2023\voyager1_48s_mag-vim_20230101_v01.cdf,C:\Users\Administrator\Documents\FWD_matlab\Voyager_fu\Voyager_Interstellar_Monthly\HighestPrecision_Segments\V1_MAG48s_segment_0902_20230318T015701_20230318T055349.png,ok,
1,903,2023-03-18 09:33:01,2023-03-18 12:13:49,2.68008,199,48.383,191.807,7200,240,Z:\SPART-WORK\Data\Voyager\voyager1\mag\48s\reviewed_vim\2023\voyager1_48s_mag-vim_20230101_v01.cdf,C:\Users\Administrator\Documents\FWD_matlab\Voyager_fu\Voyager_Interstellar_Monthly\HighestPrecision_Segments\V1_MAG48s_segment_0903_20230318T093301_20230318T121349.png,ok,
1,904,2023-03-19 01:57:01,2023-03-19 11:58:37,10.02671972229,715,48.383,1775.52,7200,240,Z:\SPART-WORK\Data\Voyager\voyager1\mag\48s\reviewed_vim\2023\voyager1_48s_mag-vim_20230101_v01.cdf,C:\Users\Administrator\Documents\FWD_matlab\Voyager_fu\Voyager_Interstellar_Monthly\HighestPrecision_Segments\V1_MAG48s_segment_0904_20230319T015701_20230319T115837.png,ok,
1,905,2023-03-20 10:24:13,2023-03-20 16:18:37,5.90663972229004,239,48.383,5664.383,7200,240,Z:\SPART-WORK\Data\Voyager\voyager1\mag\48s\reviewed_vim\2023\voyager1_48s_mag-vim_20230101_v01.cdf,C:\Users\Administrator\Documents\FWD_matlab\Voyager_fu\Voyager_Interstellar_Monthly\HighestPrecision_Segments\V1_MAG48s_segment_0905_20230320T102413_20230320T161837.png,ok,
1,906,2023-03-21 05:04:13,2023-03-21 08:58:37,3.90672000006782,293,48.383,95.904,7200,240,Z:\SPART-WORK\Data\Voyager\voyager1\mag\48s\reviewed_vim\2023\voyager1_48s_mag-vim_20230101_v01.cdf,C:\Users\Administrator\Documents\FWD_matlab\Voyager_fu\Voyager_Interstellar_Monthly\HighestPrecision_Segments\V1_MAG48s_segment_0906_20230321T050413_20230321T085837.png,ok,
1,907,2023-03-22 02:27:25,2023-03-22 11:43:25,9.26664,680,48.383,576.287999755859,7200,240,Z:\SPART-WORK\Data\Voyager\voyager1\mag\48s\reviewed_vim\2023\voyager1_48s_mag-vim_20230101_v01.cdf,C:\Users\Administrator\Documents\FWD_matlab\Voyager_fu\Voyager_Interstellar_Monthly\HighestPrecision_Segments\V1_MAG48s_segment_0907_20230322T022725_20230322T114325.png,ok,
1,908,2023-03-23 01:42:37,2023-03-23 13:03:25,11.34648,789,48.383,2687.90400024414,7200,240,Z:\SPART-WORK\Data\Voyager\voyager1\mag\48s\reviewed_vim\2023\voyager1_48s_mag-vim_20230101_v01.cdf,C:\Users\Administrator\Documents\FWD_matlab\Voyager_fu\Voyager_Interstellar_Monthly\HighestPrecision_Segments\V1_MAG48s_segment_0908_20230323T014237_20230323T130325.png,ok,
1,909,2023-03-24 01:39:25,2023-03-24 04:23:25,2.73311972222222,205,48.383,95.039,7200,240,Z:\SPART-WORK\Data\Voyager\voyager1\mag\48s\reviewed_vim\2023\voyager1_48s_mag-vim_20230101_v01.cdf,C:\Users\Administrator\Documents\FWD_matlab\Voyager_fu\Voyager_Interstellar_Monthly\HighestPrecision_Segments\V1_MAG48s_segment_0909_20230324T013925_20230324T042325.png,ok,
1,910,2023-03-24 13:21:49,2023-03-24 16:09:01,2.78663972222222,210,48.383,48.385,7200,240,Z:\SPART-WORK\Data\Voyager\voyager1\mag\48s\reviewed_vim\2023\voyager1_48s_mag-vim_20230101_v01.cdf,C:\Users\Administrator\Documents\FWD_matlab\Voyager_fu\Voyager_Interstellar_Monthly\HighestPrecision_Segments\V1_MAG48s_segment_0910_20230324T132149_20230324T160901.png,ok,
1,911,2023-03-25 09:09:00,2023-03-25 13:04:12,3.91991999993218,293,48.383,143.424,7200,240,Z:\SPART-WORK\Data\Voyager\voyager1\mag\48s\reviewed_vim\2023\voyager1_48s_mag-vim_20230101_v01.cdf,C:\Users\Administrator\Documents\FWD_matlab\Voyager_fu\Voyager_Interstellar_Monthly\HighestPrecision_Segments\V1_MAG48s_segment_0911_20230325T090900_20230325T130412.png,ok,
1,912,2023-03-26 01:29:49,2023-03-26 08:33:49,7.06655972222222,530,48.383,95.039,7200,240,Z:\SPART-WORK\Data\Voyager\voyager1\mag\48s\reviewed_vim\2023\voyager1_48s_mag-vim_20230101_v01.cdf,C:\Users\Administrator\Documents\FWD_matlab\Voyager_fu\Voyager_Interstellar_Monthly\HighestPrecision_Segments\V1_MAG48s_segment_0912_20230326T012949_20230326T083349.png,ok,
1,913,2023-03-27 01:09:01,2023-03-27 04:13:48,3.07992000006782,232,48.383,48.385,7200,240,Z:\SPART-WORK\Data\Voyager\voyager1\mag\48s\reviewed_vim\2023\voyager1_48s_mag-vim_20230101_v01.cdf,C:\Users\Administrator\Documents\FWD_matlab\Voyager_fu\Voyager_Interstellar_Monthly\HighestPrecision_Segments\V1_MAG48s_segment_0913_20230327T010901_20230327T041348.png,ok,
1,914,2023-03-27 09:12:12,2023-03-27 12:53:49,3.69359972222222,278,48.383,48.385,7200,240,Z:\SPART-WORK\Data\Voyager\voyager1\mag\48s\reviewed_vim\2023\voyager1_48s_mag-vim_20230101_v01.cdf,C:\Users\Administrator\Documents\FWD_matlab\Voyager_fu\Voyager_Interstellar_Monthly\HighestPrecision_Segments\V1_MAG48s_segment_0914_20230327T091212_20230327T125349.png,ok,
1,915,2023-03-28 10:32:13,2023-03-28 16:38:36,6.10655972222222,323,48.383,4079.808,7200,240,Z:\SPART-WORK\Data\Voyager\voyager1\mag\48s\reviewed_vim\2023\voyager1_48s_mag-vim_20230101_v01.cdf,C:\Users\Administrator\Documents\FWD_matlab\Voyager_fu\Voyager_Interstellar_Monthly\HighestPrecision_Segments\V1_MAG48s_segment_0915_20230328T103213_20230328T163836.png,ok,
1,916,2023-03-29 02:03:25,2023-03-29 08:09:00,6.09312,456,48.383,143.425,7200,240,Z:\SPART-WORK\Data\Voyager\voyager1\mag\48s\reviewed_vim\2023\voyager1_48s_mag-vim_20230101_v01.cdf,C:\Users\Administrator\Documents\FWD_matlab\Voyager_fu\Voyager_Interstellar_Monthly\HighestPrecision_Segments\V1_MAG48s_segment_0916_20230329T020325_20230329T080900.png,ok,
1,917,2023-03-30 01:12:12,2023-03-30 04:04:12,2.86655972222222,216,48.383,48.385,7200,240,Z:\SPART-WORK\Data\Voyager\voyager1\mag\48s\reviewed_vim\2023\voyager1_48s_mag-vim_20230101_v01.cdf,C:\Users\Administrator\Documents\FWD_matlab\Voyager_fu\Voyager_Interstellar_Monthly\HighestPrecision_Segments\V1_MAG48s_segment_0917_20230330T011212_20230330T040412.png,ok,
1,918,2023-03-30 09:28:13,2023-03-30 15:38:37,6.17328027770996,462,48.383,144.288,7200,240,Z:\SPART-WORK\Data\Voyager\voyager1\mag\48s\reviewed_vim\2023\voyager1_48s_mag-vim_20230101_v01.cdf,C:\Users\Administrator\Documents\FWD_matlab\Voyager_fu\Voyager_Interstellar_Monthly\HighestPrecision_Segments\V1_MAG48s_segment_0918_20230330T092813_20230330T153837.png,ok,
1,919,2023-03-31 01:09:01,2023-03-31 05:04:13,3.92016,292,48.383,144.289,7200,240,Z:\SPART-WORK\Data\Voyager\voyager1\mag\48s\reviewed_vim\2023\voyager1_48s_mag-vim_20230101_v01.cdf,C:\Users\Administrator\Documents\FWD_matlab\Voyager_fu\Voyager_Interstellar_Monthly\HighestPrecision_Segments\V1_MAG48s_segment_0919_20230331T010901_20230331T050413.png,ok,
1,920,2023-04-01 05:20:12,2023-04-01 12:33:48,7.22664027777778,541,48.383,96.768,7200,240,Z:\SPART-WORK\Data\Voyager\voyager1\mag\48s\reviewed_vim\2023\voyager1_48s_mag-vim_20230101_v01.cdf,C:\Users\Administrator\Documents\FWD_matlab\Voyager_fu\Voyager_Interstellar_Monthly\HighestPrecision_Segments\V1_MAG48s_segment_0920_20230401T052012_20230401T123348.png,ok,
1,921,2023-04-02 08:33:49,2023-04-02 12:29:00,3.91992027777778,293,48.383,143.423,7200,240,Z:\SPART-WORK\Data\Voyager\voyager1\mag\48s\reviewed_vim\2023\voyager1_48s_mag-vim_20230101_v01.cdf,C:\Users\Administrator\Documents\FWD_matlab\Voyager_fu\Voyager_Interstellar_Monthly\HighestPrecision_Segments\V1_MAG48s_segment_0921_20230402T083349_20230402T122900.png,ok,
1,922,2023-04-03 02:01:48,2023-04-03 06:19:24,4.29336,320,48.383,191.808,7200,240,Z:\SPART-WORK\Data\Voyager\voyager1\mag\48s\reviewed_vim\2023\voyager1_48s_mag-vim_20230101_v01.cdf,C:\Users\Administrator\Documents\FWD_matlab\Voyager_fu\Voyager_Interstellar_Monthly\HighestPrecision_Segments\V1_MAG48s_segment_0922_20230403T020148_20230403T061924.png,ok,
1,923,2023-04-03 10:22:36,2023-04-03 11:19:25,0.946799722222222,72,48.383,48.385,7200,240,Z:\SPART-WORK\Data\Voyager\voyager1\mag\48s\reviewed_vim\2023\voyager1_48s_mag-vim_20230101_v01.cdf,C:\Users\Administrator\Documents\FWD_matlab\Voyager_fu\Voyager_Interstellar_Monthly\HighestPrecision_Segments\V1_MAG48s_segment_0923_20230403T102236_20230403T111925.png,ok,
1,924,2023-04-04 03:25:00,2023-04-04 08:09:00,4.73328027777778,355,48.383,96.768,7200,240,Z:\SPART-WORK\Data\Voyager\voyager1\mag\48s\reviewed_vim\2023\voyager1_48s_mag-vim_20230101_v01.cdf,C:\Users\Administrator\Documents\FWD_matlab\Voyager_fu\Voyager_Interstellar_Monthly\HighestPrecision_Segments\V1_MAG48s_segment_0924_20230404T032500_20230404T080900.png,ok,
1,925,2023-04-05 00:48:13,2023-04-05 04:44:12,3.93312,293,48.383,192.673,7200,240,Z:\SPART-WORK\Data\Voyager\voyager1\mag\48s\reviewed_vim\2023\voyager1_48s_mag-vim_20230101_v01.cdf,C:\Users\Administrator\Documents\FWD_matlab\Voyager_fu\Voyager_Interstellar_Monthly\HighestPrecision_Segments\V1_MAG48s_segment_0925_20230405T004813_20230405T044412.png,ok,
1,926,2023-04-06 03:18:36,2023-04-06 10:39:25,7.34688027770996,549,48.383,191.809,7200,240,Z:\SPART-WORK\Data\Voyager\voyager1\mag\48s\reviewed_vim\2023\voyager1_48s_mag-vim_20230101_v01.cdf,C:\Users\Administrator\Documents\FWD_matlab\Voyager_fu\Voyager_Interstellar_Monthly\HighestPrecision_Segments\V1_MAG48s_segment_0926_20230406T031836_20230406T103925.png,ok,
1,927,2023-04-06 13:09:01,2023-04-06 16:04:12,2.91984,218,48.383,144.289,7200,240,Z:\SPART-WORK\Data\Voyager\voyager1\mag\48s\reviewed_vim\2023\voyager1_48s_mag-vim_20230101_v01.cdf,C:\Users\Administrator\Documents\FWD_matlab\Voyager_fu\Voyager_Interstellar_Monthly\HighestPrecision_Segments\V1_MAG48s_segment_0927_20230406T130901_20230406T160412.png,ok,
1,928,2023-04-07 00:45:00,2023-04-07 02:13:49,1.48007972222222,111,48.383,95.904,7200,240,Z:\SPART-WORK\Data\Voyager\voyager1\mag\48s\reviewed_vim\2023\voyager1_48s_mag-vim_20230101_v01.cdf,C:\Users\Administrator\Documents\FWD_matlab\Voyager_fu\Voyager_Interstellar_Monthly\HighestPrecision_Segments\V1_MAG48s_segment_0928_20230407T004500_20230407T021349.png,ok,
1,929,2023-04-07 08:13:00,2023-04-07 12:24:13,4.18679972222222,312,48.383,191.808,7200,240,Z:\SPART-WORK\Data\Voyager\voyager1\mag\48s\reviewed_vim\2023\voyager1_48s_mag-vim_20230101_v01.cdf,C:\Users\Administrator\Documents\FWD_matlab\Voyager_fu\Voyager_Interstellar_Monthly\HighestPrecision_Segments\V1_MAG48s_segment_0929_20230407T081300_20230407T122413.png,ok,
1,930,2023-04-08 02:38:36,2023-04-08 03:24:13,0.760079722222222,56,48.383,144.288,7200,240,Z:\SPART-WORK\Data\Voyager\voyager1\mag\48s\reviewed_vim\2023\voyager1_48s_mag-vim_20230101_v01.cdf,C:\Users\Administrator\Documents\FWD_matlab\Voyager_fu\Voyager_Interstellar_Monthly\HighestPrecision_Segments\V1_MAG48s_segment_0930_20230408T023836_20230408T032413.png,ok,
1,931,2023-04-08 11:39:24,2023-04-08 16:33:48,4.90680027777778,367,48.383,143.424,7200,240,Z:\SPART-WORK\Data\Voyager\voyager1\mag\48s\reviewed_vim\2023\voyager1_48s_mag-vim_20230101_v01.cdf,C:\Users\Administrator\Documents\FWD_matlab\Voyager_fu\Voyager_Interstellar_Monthly\HighestPrecision_Segments\V1_MAG48s_segment_0931_20230408T113924_20230408T163348.png,ok,
1,932,2023-04-09 00:33:48,2023-04-09 05:44:13,5.17344,387,48.383,144.289,7200,240,Z:\SPART-WORK\Data\Voyager\voyager1\mag\48s\reviewed_vim\2023\voyager1_48s_mag-vim_20230101_v01.cdf,C:\Users\Administrator\Documents\FWD_matlab\Voyager_fu\Voyager_Interstellar_Monthly\HighestPrecision_Segments\V1_MAG48s_segment_0932_20230409T003348_20230409T054413.png,ok,
1,933,2023-04-10 00:38:36,2023-04-10 04:34:36,3.93336027770996,293,48.383,191.808999755859,7200,240,Z:\SPART-WORK\Data\Voyager\voyager1\mag\48s\reviewed_vim\2023\voyager1_48s_mag-vim_20230101_v01.cdf,C:\Users\Administrator\Documents\FWD_matlab\Voyager_fu\Voyager_Interstellar_Monthly\HighestPrecision_Segments\V1_MAG48s_segment_0933_20230410T003836_20230410T043436.png,ok,
1,934,2023-04-10 08:03:24,2023-04-10 11:59:24,3.93335972222222,293,48.383,192.671999755859,7200,240,Z:\SPART-WORK\Data\Voyager\voyager1\mag\48s\reviewed_vim\2023\voyager1_48s_mag-vim_20230101_v01.cdf,C:\Users\Administrator\Documents\FWD_matlab\Voyager_fu\Voyager_Interstellar_Monthly\HighestPrecision_Segments\V1_MAG48s_segment_0934_20230410T080324_20230410T115924.png,ok,
1,935,2023-04-11 00:27:25,2023-04-11 06:39:24,6.19992,466,48.383,48.385,7200,240,Z:\SPART-WORK\Data\Voyager\voyager1\mag\48s\reviewed_vim\2023\voyager1_48s_mag-vim_20230101_v01.cdf,C:\Users\Administrator\Documents\FWD_matlab\Voyager_fu\Voyager_Interstellar_Monthly\HighestPrecision_Segments\V1_MAG48s_segment_0935_20230411T002725_20230411T063924.png,ok,
1,936,2023-04-12 00:24:13,2023-04-12 06:54:37,6.50664027777778,487,48.383,145.153,7200,240,Z:\SPART-WORK\Data\Voyager\voyager1\mag\48s\reviewed_vim\2023\voyager1_48s_mag-vim_20230101_v01.cdf,C:\Users\Administrator\Documents\FWD_matlab\Voyager_fu\Voyager_Interstellar_Monthly\HighestPrecision_Segments\V1_MAG48s_segment_0936_20230412T002413_20230412T065437.png,ok,
1,937,2023-04-13 00:17:48,2023-04-13 05:24:12,5.10647972222222,384,48.383,48.385,7200,240,Z:\SPART-WORK\Data\Voyager\voyager1\mag\48s\reviewed_vim\2023\voyager1_48s_mag-vim_20230101_v01.cdf,C:\Users\Administrator\Documents\FWD_matlab\Voyager_fu\Voyager_Interstellar_Monthly\HighestPrecision_Segments\V1_MAG48s_segment_0937_20230413T001748_20230413T052412.png,ok,
1,938,2023-04-13 08:19:24,2023-04-13 12:14:36,3.92015972222222,293,48.383,96.768,7200,240,Z:\SPART-WORK\Data\Voyager\voyager1\mag\48s\reviewed_vim\2023\voyager1_48s_mag-vim_20230101_v01.cdf,C:\Users\Administrator\Documents\FWD_matlab\Voyager_fu\Voyager_Interstellar_Monthly\HighestPrecision_Segments\V1_MAG48s_segment_0938_20230413T081924_20230413T121436.png,ok,
1,939,2023-04-14 01:58:36,2023-04-14 06:24:12,4.42656027777778,330,48.383,191.809,7200,240,Z:\SPART-WORK\Data\Voyager\voyager1\mag\48s\reviewed_vim\2023\voyager1_48s_mag-vim_20230101_v01.cdf,C:\Users\Administrator\Documents\FWD_matlab\Voyager_fu\Voyager_Interstellar_Monthly\HighestPrecision_Segments\V1_MAG48s_segment_0939_20230414T015836_20230414T062412.png,ok,
1,940,2023-04-15 00:13:00,2023-04-15 04:09:00,3.93336027777778,293,48.383,191.809,7200,240,Z:\SPART-WORK\Data\Voyager\voyager1\mag\48s\reviewed_vim\2023\voyager1_48s_mag-vim_20230101_v01.cdf,C:\Users\Administrator\Documents\FWD_matlab\Voyager_fu\Voyager_Interstellar_Monthly\HighestPrecision_Segments\V1_MAG48s_segment_0940_20230415T001300_20230415T040900.png,ok,
1,941,2023-04-15 07:42:36,2023-04-15 11:39:24,3.94655999993218,297,48.383,48.385,7200,240,Z:\SPART-WORK\Data\Voyager\voyager1\mag\48s\reviewed_vim\2023\voyager1_48s_mag-vim_20230101_v01.cdf,C:\Users\Administrator\Documents\FWD_matlab\Voyager_fu\Voyager_Interstellar_Monthly\HighestPrecision_Segments\V1_MAG48s_segment_0941_20230415T074236_20230415T113924.png,ok,
1,942,2023-04-16 07:39:24,2023-04-16 13:09:00,5.49336027777778,411,48.383,143.424,7200,240,Z:\SPART-WORK\Data\Voyager\voyager1\mag\48s\reviewed_vim\2023\voyager1_48s_mag-vim_20230101_v01.cdf,C:\Users\Administrator\Documents\FWD_matlab\Voyager_fu\Voyager_Interstellar_Monthly\HighestPrecision_Segments\V1_MAG48s_segment_0942_20230416T073924_20230416T130900.png,ok,
1,943,2023-04-17 01:44:11,2023-04-17 02:48:59,1.08,80,48.383,143.423999755859,7200,240,Z:\SPART-WORK\Data\Voyager\voyager1\mag\48s\reviewed_vim\2023\voyager1_48s_mag-vim_20230101_v01.cdf,C:\Users\Administrator\Documents\FWD_matlab\Voyager_fu\Voyager_Interstellar_Monthly\HighestPrecision_Segments\V1_MAG48s_segment_0943_20230417T014411_20230417T024859.png,ok,
1,944,2023-04-17 07:34:36,2023-04-17 10:04:12,2.49335972222222,187,48.383,95.904,7200,240,Z:\SPART-WORK\Data\Voyager\voyager1\mag\48s\reviewed_vim\2023\voyager1_48s_mag-vim_20230101_v01.cdf,C:\Users\Administrator\Documents\FWD_matlab\Voyager_fu\Voyager_Interstellar_Monthly\HighestPrecision_Segments\V1_MAG48s_segment_0944_20230417T073436_20230417T100412.png,ok,
1,945,2023-04-18 01:47:23,2023-04-18 08:08:59,6.36,478,48.383,48.385,7200,240,Z:\SPART-WORK\Data\Voyager\voyager1\mag\48s\reviewed_vim\2023\voyager1_48s_mag-vim_20230101_v01.cdf,C:\Users\Administrator\Documents\FWD_matlab\Voyager_fu\Voyager_Interstellar_Monthly\HighestPrecision_Segments\V1_MAG48s_segment_0945_20230418T014723_20230418T080859.png,ok,
1,946,2023-04-18 10:49:48,2023-04-18 16:39:24,5.82647972222222,437,48.383,95.039,7200,240,Z:\SPART-WORK\Data\Voyager\voyager1\mag\48s\reviewed_vim\2023\voyager1_48s_mag-vim_20230101_v01.cdf,C:\Users\Administrator\Documents\FWD_matlab\Voyager_fu\Voyager_Interstellar_Monthly\HighestPrecision_Segments\V1_MAG48s_segment_0946_20230418T104948_20230418T163924.png,ok,
1,947,2023-04-18 23:53:48,2023-04-19 07:34:36,7.68000027777778,574,48.383,191.808999755859,7200,240,Z:\SPART-WORK\Data\Voyager\voyager1\mag\48s\reviewed_vim\2023\voyager1_48s_mag-vim_20230101_v01.cdf,C:\Users\Administrator\Documents\FWD_matlab\Voyager_fu\Voyager_Interstellar_Monthly\HighestPrecision_Segments\V1_MAG48s_segment_0947_20230418T235348_20230419T073436.png,ok,
1,948,2023-04-19 13:47:23,2023-04-19 16:39:24,2.8668,216,48.383,48.385,7200,240,Z:\SPART-WORK\Data\Voyager\voyager1\mag\48s\reviewed_vim\2023\voyager1_48s_mag-vim_20230101_v01.cdf,C:\Users\Administrator\Documents\FWD_matlab\Voyager_fu\Voyager_Interstellar_Monthly\HighestPrecision_Segments\V1_MAG48s_segment_0948_20230419T134723_20230419T163924.png,ok,
1,949,2023-04-19 23:52:11,2023-04-20 10:04:12,10.20024,766,48.383,48.385,7200,240,Z:\SPART-WORK\Data\Voyager\voyager1\mag\48s\reviewed_vim\2023\voyager1_48s_mag-vim_20230101_v01.cdf,C:\Users\Administrator\Documents\FWD_matlab\Voyager_fu\Voyager_Interstellar_Monthly\HighestPrecision_Segments\V1_MAG48s_segment_0949_20230419T235211_20230420T100412.png,ok,
1,950,2023-04-21 02:22:36,2023-04-21 17:44:12,15.36,1103,48.383,1440.28899975586,7200,240,Z:\SPART-WORK\Data\Voyager\voyager1\mag\48s\reviewed_vim\2023\voyager1_48s_mag-vim_20230101_v01.cdf,C:\Users\Administrator\Documents\FWD_matlab\Voyager_fu\Voyager_Interstellar_Monthly\HighestPrecision_Segments\V1_MAG48s_segment_0950_20230421T022236_20230421T174412.png,ok,
1,951,2023-04-21 23:42:36,2023-04-22 09:54:36,10.19999972229,766,48.383,48.385,7200,240,Z:\SPART-WORK\Data\Voyager\voyager1\mag\48s\reviewed_vim\2023\voyager1_48s_mag-vim_20230101_v01.cdf,C:\Users\Administrator\Documents\FWD_matlab\Voyager_fu\Voyager_Interstellar_Monthly\HighestPrecision_Segments\V1_MAG48s_segment_0951_20230421T234236_20230422T095436.png,ok,
1,952,2023-04-22 14:54:36,2023-04-22 18:34:35,3.66647972229004,274,48.383,144.288000244141,7200,240,Z:\SPART-WORK\Data\Voyager\voyager1\mag\48s\reviewed_vim\2023\voyager1_48s_mag-vim_20230101_v01.cdf,C:\Users\Administrator\Documents\FWD_matlab\Voyager_fu\Voyager_Interstellar_Monthly\HighestPrecision_Segments\V1_MAG48s_segment_0952_20230422T145436_20230422T183435.png,ok,
1,953,2023-04-22 23:39:23,2023-04-23 05:54:36,6.25344,450,48.383,864,7200,240,Z:\SPART-WORK\Data\Voyager\voyager1\mag\48s\reviewed_vim\2023\voyager1_48s_mag-vim_20230101_v01.cdf,C:\Users\Administrator\Documents\FWD_matlab\Voyager_fu\Voyager_Interstellar_Monthly\HighestPrecision_Segments\V1_MAG48s_segment_0953_20230422T233923_20230423T055436.png,ok,
1,954,2023-04-24 01:37:48,2023-04-24 06:44:11,5.10648,384,48.383,48.385,7200,240,Z:\SPART-WORK\Data\Voyager\voyager1\mag\48s\reviewed_vim\2023\voyager1_48s_mag-vim_20230101_v01.cdf,C:\Users\Administrator\Documents\FWD_matlab\Voyager_fu\Voyager_Interstellar_Monthly\HighestPrecision_Segments\V1_MAG48s_segment_0954_20230424T013748_20230424T064411.png,ok,
1,955,2023-04-25 01:53:48,2023-04-25 14:14:36,12.3467997222222,712,48.383,5711.905,7200,240,Z:\SPART-WORK\Data\Voyager\voyager1\mag\48s\reviewed_vim\2023\voyager1_48s_mag-vim_20230101_v01.cdf,C:\Users\Administrator\Documents\FWD_matlab\Voyager_fu\Voyager_Interstellar_Monthly\HighestPrecision_Segments\V1_MAG48s_segment_0955_20230425T015348_20230425T141436.png,ok,
1,956,2023-04-26 05:13:48,2023-04-26 16:08:59,10.91976,704,48.383,5423.328,7200,240,Z:\SPART-WORK\Data\Voyager\voyager1\mag\48s\reviewed_vim\2023\voyager1_48s_mag-vim_20230101_v01.cdf,C:\Users\Administrator\Documents\FWD_matlab\Voyager_fu\Voyager_Interstellar_Monthly\HighestPrecision_Segments\V1_MAG48s_segment_0956_20230426T051348_20230426T160859.png,ok,
1,957,2023-04-27 01:18:35,2023-04-27 15:39:23,14.34672,1073,48.383,143.424,7200,240,Z:\SPART-WORK\Data\Voyager\voyager1\mag\48s\reviewed_vim\2023\voyager1_48s_mag-vim_20230101_v01.cdf,C:\Users\Administrator\Documents\FWD_matlab\Voyager_fu\Voyager_Interstellar_Monthly\HighestPrecision_Segments\V1_MAG48s_segment_0957_20230427T011835_20230427T153923.png,ok,
1,958,2023-04-28 04:33:48,2023-04-28 08:28:59,3.91992027777778,293,48.383,144.287,7200,240,Z:\SPART-WORK\Data\Voyager\voyager1\mag\48s\reviewed_vim\2023\voyager1_48s_mag-vim_20230101_v01.cdf,C:\Users\Administrator\Documents\FWD_matlab\Voyager_fu\Voyager_Interstellar_Monthly\HighestPrecision_Segments\V1_MAG48s_segment_0958_20230428T043348_20230428T082859.png,ok,
1,959,2023-04-28 23:42:36,2023-04-29 10:44:11,11.02656,828,48.383,48.385,7200,240,Z:\SPART-WORK\Data\Voyager\voyager1\mag\48s\reviewed_vim\2023\voyager1_48s_mag-vim_20230101_v01.cdf,C:\Users\Administrator\Documents\FWD_matlab\Voyager_fu\Voyager_Interstellar_Monthly\HighestPrecision_Segments\V1_MAG48s_segment_0959_20230428T234236_20230429T104411.png,ok,
1,960,2023-04-29 13:56:59,2023-04-29 16:59:24,3.04008027777778,229,48.383,48.385,7200,240,Z:\SPART-WORK\Data\Voyager\voyager1\mag\48s\reviewed_vim\2023\voyager1_48s_mag-vim_20230101_v01.cdf,C:\Users\Administrator\Documents\FWD_matlab\Voyager_fu\Voyager_Interstellar_Monthly\HighestPrecision_Segments\V1_MAG48s_segment_0960_20230429T135659_20230429T165924.png,ok,
1,961,2023-04-29 23:13:47,2023-04-30 01:59:24,2.76024,206,48.383,144.288999755859,7200,240,Z:\SPART-WORK\Data\Voyager\voyager1\mag\48s\reviewed_vim\2023\voyager1_48s_mag-vim_20230101_v01.cdf,C:\Users\Administrator\Documents\FWD_matlab\Voyager_fu\Voyager_Interstellar_Monthly\HighestPrecision_Segments\V1_MAG48s_segment_0961_20230429T231347_20230430T015924.png,ok,
1,962,2023-05-01 02:22:35,2023-05-01 10:34:35,8.20008027770996,616,48.383,48.385,7200,240,Z:\SPART-WORK\Data\Voyager\voyager1\mag\48s\reviewed_vim\2023\voyager1_48s_mag-vim_20230101_v01.cdf,C:\Users\Administrator\Documents\FWD_matlab\Voyager_fu\Voyager_Interstellar_Monthly\HighestPrecision_Segments\V1_MAG48s_segment_0962_20230501T022235_20230501T103435.png,ok,
1,963,2023-05-01 12:36:59,2023-05-01 17:59:23,5.37336,397,48.383,240.192,7200,240,Z:\SPART-WORK\Data\Voyager\voyager1\mag\48s\reviewed_vim\2023\voyager1_48s_mag-vim_20230101_v01.cdf,C:\Users\Administrator\Documents\FWD_matlab\Voyager_fu\Voyager_Interstellar_Monthly\HighestPrecision_Segments\V1_MAG48s_segment_0963_20230501T123659_20230501T175923.png,ok,
1,964,2023-05-02 01:13:47,2023-05-02 05:08:59,3.91992,292,48.383,191.809,7200,240,Z:\SPART-WORK\Data\Voyager\voyager1\mag\48s\reviewed_vim\2023\voyager1_48s_mag-vim_20230101_v01.cdf,C:\Users\Administrator\Documents\FWD_matlab\Voyager_fu\Voyager_Interstellar_Monthly\HighestPrecision_Segments\V1_MAG48s_segment_0964_20230502T011347_20230502T050859.png,ok,
1,965,2023-05-03 03:52:11,2023-05-03 13:08:59,9.27984027777778,612,48.383,4079.808,7200,240,Z:\SPART-WORK\Data\Voyager\voyager1\mag\48s\reviewed_vim\2023\voyager1_48s_mag-vim_20230101_v01.cdf,C:\Users\Administrator\Documents\FWD_matlab\Voyager_fu\Voyager_Interstellar_Monthly\HighestPrecision_Segments\V1_MAG48s_segment_0965_20230503T035211_20230503T130859.png,ok,
1,966,2023-05-04 01:53:48,2023-05-04 06:48:59,4.91975972229004,368,48.383,145.151,7200,240,Z:\SPART-WORK\Data\Voyager\voyager1\mag\48s\reviewed_vim\2023\voyager1_48s_mag-vim_20230101_v01.cdf,C:\Users\Administrator\Documents\FWD_matlab\Voyager_fu\Voyager_Interstellar_Monthly\HighestPrecision_Segments\V1_MAG48s_segment_0966_20230504T015348_20230504T064859.png,ok,
1,967,2023-05-04 10:43:23,2023-05-04 15:48:59,5.09328000006782,380,48.383,191.809,7200,240,Z:\SPART-WORK\Data\Voyager\voyager1\mag\48s\reviewed_vim\2023\voyager1_48s_mag-vim_20230101_v01.cdf,C:\Users\Administrator\Documents\FWD_matlab\Voyager_fu\Voyager_Interstellar_Monthly\HighestPrecision_Segments\V1_MAG48s_segment_0967_20230504T104323_20230504T154859.png,ok,
1,968,2023-05-05 01:58:35,2023-05-05 16:44:11,14.7600002777778,1104,48.383,191.807,7200,240,Z:\SPART-WORK\Data\Voyager\voyager1\mag\48s\reviewed_vim\2023\voyager1_48s_mag-vim_20230101_v01.cdf,C:\Users\Administrator\Documents\FWD_matlab\Voyager_fu\Voyager_Interstellar_Monthly\HighestPrecision_Segments\V1_MAG48s_segment_0968_20230505T015835_20230505T164411.png,ok,
1,969,2023-05-05 22:49:47,2023-05-06 10:14:35,11.4134402777778,856,48.383,95.904,7200,240,Z:\SPART-WORK\Data\Voyager\voyager1\mag\48s\reviewed_vim\2023\voyager1_48s_mag-vim_20230101_v01.cdf,C:\Users\Administrator\Documents\FWD_matlab\Voyager_fu\Voyager_Interstellar_Monthly\HighestPrecision_Segments\V1_MAG48s_segment_0969_20230505T224947_20230506T101435.png,ok,
1,970,2023-05-06 22:43:23,2023-05-07 01:39:23,2.93328000006782,218,48.383,191.809,7200,240,Z:\SPART-WORK\Data\Voyager\voyager1\mag\48s\reviewed_vim\2023\voyager1_48s_mag-vim_20230101_v01.cdf,C:\Users\Administrator\Documents\FWD_matlab\Voyager_fu\Voyager_Interstellar_Monthly\HighestPrecision_Segments\V1_MAG48s_segment_0970_20230506T224323_20230507T013923.png,ok,
1,971,2023-05-07 06:19:23,2023-05-07 08:44:11,2.4132,180,48.383,144.288,7200,240,Z:\SPART-WORK\Data\Voyager\voyager1\mag\48s\reviewed_vim\2023\voyager1_48s_mag-vim_20230101_v01.cdf,C:\Users\Administrator\Documents\FWD_matlab\Voyager_fu\Voyager_Interstellar_Monthly\HighestPrecision_Segments\V1_MAG48s_segment_0971_20230507T061923_20230507T084411.png,ok,
1,972,2023-05-08 08:27:23,2023-05-08 13:24:10,4.94639972222222,372,47.52,49.249,7200,240,Z:\SPART-WORK\Data\Voyager\voyager1\mag\48s\reviewed_vim\2023\voyager1_48s_mag-vim_20230101_v01.cdf,C:\Users\Administrator\Documents\FWD_matlab\Voyager_fu\Voyager_Interstellar_Monthly\HighestPrecision_Segments\V1_MAG48s_segment_0972_20230508T082723_20230508T132410.png,ok,
1,973,2023-05-09 01:39:23,2023-05-09 04:39:23,3,225,47.52,95.9049997558594,7200,240,Z:\SPART-WORK\Data\Voyager\voyager1\mag\48s\reviewed_vim\2023\voyager1_48s_mag-vim_20230101_v01.cdf,C:\Users\Administrator\Documents\FWD_matlab\Voyager_fu\Voyager_Interstellar_Monthly\HighestPrecision_Segments\V1_MAG48s_segment_0973_20230509T013923_20230509T043923.png,ok,
1,974,2023-05-09 06:41:47,2023-05-09 08:08:58,1.4532,110,47.52,49.249,7200,240,Z:\SPART-WORK\Data\Voyager\voyager1\mag\48s\reviewed_vim\2023\voyager1_48s_mag-vim_20230101_v01.cdf,C:\Users\Administrator\Documents\FWD_matlab\Voyager_fu\Voyager_Interstellar_Monthly\HighestPrecision_Segments\V1_MAG48s_segment_0974_20230509T064147_20230509T080858.png,ok,
1,975,2023-05-10 01:55:22,2023-05-10 06:53:47,4.97352027777778,373,47.52,96.769,7200,240,Z:\SPART-WORK\Data\Voyager\voyager1\mag\48s\reviewed_vim\2023\voyager1_48s_mag-vim_20230101_v01.cdf,C:\Users\Administrator\Documents\FWD_matlab\Voyager_fu\Voyager_Interstellar_Monthly\HighestPrecision_Segments\V1_MAG48s_segment_0975_20230510T015522_20230510T065347.png,ok,
1,976,2023-05-10 09:32:58,2023-05-10 16:39:23,7.10688000006782,531,47.52,192.672,7200,240,Z:\SPART-WORK\Data\Voyager\voyager1\mag\48s\reviewed_vim\2023\voyager1_48s_mag-vim_20230101_v01.cdf,C:\Users\Administrator\Documents\FWD_matlab\Voyager_fu\Voyager_Interstellar_Monthly\HighestPrecision_Segments\V1_MAG48s_segment_0976_20230510T093258_20230510T163923.png,ok,
1,977,2023-05-10 22:28:59,2023-05-11 10:48:58,12.33312,821,47.52,4993.055,7200,240,Z:\SPART-WORK\Data\Voyager\voyager1\mag\48s\reviewed_vim\2023\voyager1_48s_mag-vim_20230101_v01.cdf,C:\Users\Administrator\Documents\FWD_matlab\Voyager_fu\Voyager_Interstellar_Monthly\HighestPrecision_Segments\V1_MAG48s_segment_0977_20230510T222859_20230511T104858.png,ok,
1,978,2023-05-12 06:04:58,2023-05-12 13:14:34,7.15992027777778,474,47.52,3024.864,7200,240,Z:\SPART-WORK\Data\Voyager\voyager1\mag\48s\reviewed_vim\2023\voyager1_48s_mag-vim_20230101_v01.cdf,C:\Users\Administrator\Documents\FWD_matlab\Voyager_fu\Voyager_Interstellar_Monthly\HighestPrecision_Segments\V1_MAG48s_segment_0978_20230512T060458_20230512T131434.png,ok,
1,979,2023-05-13 00:19:22,2023-05-13 04:48:58,4.49328,337,47.52,95.903,7200,240,Z:\SPART-WORK\Data\Voyager\voyager1\mag\48s\reviewed_vim\2023\voyager1_48s_mag-vim_20230101_v01.cdf,C:\Users\Administrator\Documents\FWD_matlab\Voyager_fu\Voyager_Interstellar_Monthly\HighestPrecision_Segments\V1_MAG48s_segment_0979_20230513T001922_20230513T044858.png,ok,
1,980,2023-05-13 12:54:34,2023-05-13 17:04:11,4.16016,312,47.52,96.7670002441406,7200,240,Z:\SPART-WORK\Data\Voyager\voyager1\mag\48s\reviewed_vim\2023\voyager1_48s_mag-vim_20230101_v01.cdf,C:\Users\Administrator\Documents\FWD_matlab\Voyager_fu\Voyager_Interstellar_Monthly\HighestPrecision_Segments\V1_MAG48s_segment_0980_20230513T125434_20230513T170411.png,ok,
1,981,2023-05-13 22:14:34,2023-05-14 02:33:47,4.32023972222222,317,47.52,287.712,7200,240,Z:\SPART-WORK\Data\Voyager\voyager1\mag\48s\reviewed_vim\2023\voyager1_48s_mag-vim_20230101_v01.cdf,C:\Users\Administrator\Documents\FWD_matlab\Voyager_fu\Voyager_Interstellar_Monthly\HighestPrecision_Segments\V1_MAG48s_segment_0981_20230513T221434_20230514T023347.png,ok,
1,982,2023-05-14 05:47:23,2023-05-14 08:13:46,2.43983972222222,182,47.52,96.769,7200,240,Z:\SPART-WORK\Data\Voyager\voyager1\mag\48s\reviewed_vim\2023\voyager1_48s_mag-vim_20230101_v01.cdf,C:\Users\Administrator\Documents\FWD_matlab\Voyager_fu\Voyager_Interstellar_Monthly\HighestPrecision_Segments\V1_MAG48s_segment_0982_20230514T054723_20230514T081346.png,ok,
1,983,2023-05-15 00:09:46,2023-05-15 13:04:10,12.90672,841,47.52,5999.617,7200,240,Z:\SPART-WORK\Data\Voyager\voyager1\mag\48s\reviewed_vim\2023\voyager1_48s_mag-vim_20230101_v01.cdf,C:\Users\Administrator\Documents\FWD_matlab\Voyager_fu\Voyager_Interstellar_Monthly\HighestPrecision_Segments\V1_MAG48s_segment_0983_20230515T000946_20230515T130410.png,ok,
1,984,2023-05-15 23:08:58,2023-05-16 10:33:46,11.4132,848,47.52,192.672,7200,240,Z:\SPART-WORK\Data\Voyager\voyager1\mag\48s\reviewed_vim\2023\voyager1_48s_mag-vim_20230101_v01.cdf,C:\Users\Administrator\Documents\FWD_matlab\Voyager_fu\Voyager_Interstellar_Monthly\HighestPrecision_Segments\V1_MAG48s_segment_0984_20230515T230858_20230516T103346.png,ok,
1,985,2023-05-17 06:28:59,2023-05-17 12:58:34,6.49320027777778,476,47.52,336.959000244141,7200,240,Z:\SPART-WORK\Data\Voyager\voyager1\mag\48s\reviewed_vim\2023\voyager1_48s_mag-vim_20230101_v01.cdf,C:\Users\Administrator\Documents\FWD_matlab\Voyager_fu\Voyager_Interstellar_Monthly\HighestPrecision_Segments\V1_MAG48s_segment_0985_20230517T062859_20230517T125834.png,ok,
1,986,2023-05-18 01:29:47,2023-05-18 12:58:34,11.47992,857,47.52,95.905,7200,240,Z:\SPART-WORK\Data\Voyager\voyager1\mag\48s\reviewed_vim\2023\voyager1_48s_mag-vim_20230101_v01.cdf,C:\Users\Administrator\Documents\FWD_matlab\Voyager_fu\Voyager_Interstellar_Monthly\HighestPrecision_Segments\V1_MAG48s_segment_0986_20230518T012947_20230518T125834.png,ok,
1,987,2023-05-19 03:26:34,2023-05-19 09:18:33,5.86631972229004,441,47.52,49.249,7200,240,Z:\SPART-WORK\Data\Voyager\voyager1\mag\48s\reviewed_vim\2023\voyager1_48s_mag-vim_20230101_v01.cdf,C:\Users\Administrator\Documents\FWD_matlab\Voyager_fu\Voyager_Interstellar_Monthly\HighestPrecision_Segments\V1_MAG48s_segment_0987_20230519T032634_20230519T091833.png,ok,
1,988,2023-05-20 02:38:34,2023-05-20 04:03:22,1.41336,105,47.5200002441406,145.152,7200,240,Z:\SPART-WORK\Data\Voyager\voyager1\mag\48s\reviewed_vim\2023\voyager1_48s_mag-vim_20230101_v01.cdf,C:\Users\Administrator\Documents\FWD_matlab\Voyager_fu\Voyager_Interstellar_Monthly\HighestPrecision_Segments\V1_MAG48s_segment_0988_20230520T023834_20230520T040322.png,ok,
1,989,2023-05-20 07:12:11,2023-05-20 16:18:34,9.10656027777778,680,47.52,190.943,7200,240,Z:\SPART-WORK\Data\Voyager\voyager1\mag\48s\reviewed_vim\2023\voyager1_48s_mag-vim_20230101_v01.cdf,C:\Users\Administrator\Documents\FWD_matlab\Voyager_fu\Voyager_Interstellar_Monthly\HighestPrecision_Segments\V1_MAG48s_segment_0989_20230520T071211_20230520T161834.png,ok,
1,990,2023-05-21 05:18:35,2023-05-21 09:13:46,3.91992,293,47.52,143.425,7200,240,Z:\SPART-WORK\Data\Voyager\voyager1\mag\48s\reviewed_vim\2023\voyager1_48s_mag-vim_20230101_v01.cdf,C:\Users\Administrator\Documents\FWD_matlab\Voyager_fu\Voyager_Interstellar_Monthly\HighestPrecision_Segments\V1_MAG48s_segment_0990_20230521T051835_20230521T091346.png,ok,
1,991,2023-05-22 00:43:22,2023-05-22 12:48:58,12.0933597222222,805,47.5205,3935.52,7200,240,Z:\SPART-WORK\Data\Voyager\voyager1\mag\48s\reviewed_vim\2023\voyager1_48s_mag-vim_20230101_v01.cdf,C:\Users\Administrator\Documents\FWD_matlab\Voyager_fu\Voyager_Interstellar_Monthly\HighestPrecision_Segments\V1_MAG48s_segment_0991_20230522T004322_20230522T124858.png,ok,
1,992,2023-05-23 09:48:10,2023-05-23 14:13:46,4.4268,328,47.5209997558594,288.576,7200,240,Z:\SPART-WORK\Data\Voyager\voyager1\mag\48s\reviewed_vim\2023\voyager1_48s_mag-vim_20230101_v01.cdf,C:\Users\Administrator\Documents\FWD_matlab\Voyager_fu\Voyager_Interstellar_Monthly\HighestPrecision_Segments\V1_MAG48s_segment_0992_20230523T094810_20230523T141346.png,ok,
1,993,2023-05-23 20:24:09,2023-05-23 21:38:33,1.24008,94,47.5209997558594,49.249,7200,240,Z:\SPART-WORK\Data\Voyager\voyager1\mag\48s\reviewed_vim\2023\voyager1_48s_mag-vim_20230101_v01.cdf,C:\Users\Administrator\Documents\FWD_matlab\Voyager_fu\Voyager_Interstellar_Monthly\HighestPrecision_Segments\V1_MAG48s_segment_0993_20230523T202409_20230523T213833.png,ok,
1,994,2023-05-23 23:47:22,2023-05-24 05:03:22,5.26679972229004,375,47.521,912.383,7200,240,Z:\SPART-WORK\Data\Voyager\voyager1\mag\48s\reviewed_vim\2023\voyager1_48s_mag-vim_20230101_v01.cdf,C:\Users\Administrator\Documents\FWD_matlab\Voyager_fu\Voyager_Interstellar_Monthly\HighestPrecision_Segments\V1_MAG48s_segment_0994_20230523T234722_20230524T050322.png,ok,
1,995,2023-05-24 08:54:34,2023-05-24 16:28:10,7.56,566,47.521,96.7670002441406,7200,240,Z:\SPART-WORK\Data\Voyager\voyager1\mag\48s\reviewed_vim\2023\voyager1_48s_mag-vim_20230101_v01.cdf,C:\Users\Administrator\Documents\FWD_matlab\Voyager_fu\Voyager_Interstellar_Monthly\HighestPrecision_Segments\V1_MAG48s_segment_0995_20230524T085434_20230524T162810.png,ok,
1,996,2023-05-25 01:34:33,2023-05-25 15:38:33,14.06664,1046,47.521,336.097,7200,240,Z:\SPART-WORK\Data\Voyager\voyager1\mag\48s\reviewed_vim\2023\voyager1_48s_mag-vim_20230101_v01.cdf,C:\Users\Administrator\Documents\FWD_matlab\Voyager_fu\Voyager_Interstellar_Monthly\HighestPrecision_Segments\V1_MAG48s_segment_0996_20230525T013433_20230525T153833.png,ok,
1,997,2023-05-26 03:23:23,2023-05-26 08:53:45,5.50631972222222,412,47.521,144.288,7200,240,Z:\SPART-WORK\Data\Voyager\voyager1\mag\48s\reviewed_vim\2023\voyager1_48s_mag-vim_20230101_v01.cdf,C:\Users\Administrator\Documents\FWD_matlab\Voyager_fu\Voyager_Interstellar_Monthly\HighestPrecision_Segments\V1_MAG48s_segment_0997_20230526T032323_20230526T085345.png,ok,
1,998,2023-05-26 22:33:46,2023-05-27 03:53:46,5.33328,340,47.521,719.712000244141,7200,240,Z:\SPART-WORK\Data\Voyager\voyager1\mag\48s\reviewed_vim\2023\voyager1_48s_mag-vim_20230101_v01.cdf,C:\Users\Administrator\Documents\FWD_matlab\Voyager_fu\Voyager_Interstellar_Monthly\HighestPrecision_Segments\V1_MAG48s_segment_0998_20230526T223346_20230527T035346.png,ok,
1,999,2023-05-27 08:32:09,2023-05-27 14:58:34,6.44015972222222,481,47.521,192.672999755859,7200,240,Z:\SPART-WORK\Data\Voyager\voyager1\mag\48s\reviewed_vim\2023\voyager1_48s_mag-vim_20230101_v01.cdf,C:\Users\Administrator\Documents\FWD_matlab\Voyager_fu\Voyager_Interstellar_Monthly\HighestPrecision_Segments\V1_MAG48s_segment_0999_20230527T083209_20230527T145834.png,ok,
1,1000,2023-05-27 22:16:10,2023-05-28 12:23:23,14.1201602777778,1059,47.521,95.041,7200,240,Z:\SPART-WORK\Data\Voyager\voyager1\mag\48s\reviewed_vim\2023\voyager1_48s_mag-vim_20230101_v01.cdf,C:\Users\Administrator\Documents\FWD_matlab\Voyager_fu\Voyager_Interstellar_Monthly\HighestPrecision_Segments\V1_MAG48s_segment_1000_20230527T221610_20230528T122323.png,ok,
1,1001,2023-05-29 04:32:10,2023-05-29 07:12:57,2.67984,199,47.521,191.808,7200,240,Z:\SPART-WORK\Data\Voyager\voyager1\mag\48s\reviewed_vim\2023\voyager1_48s_mag-vim_20230101_v01.cdf,C:\Users\Administrator\Documents\FWD_matlab\Voyager_fu\Voyager_Interstellar_Monthly\HighestPrecision_Segments\V1_MAG48s_segment_1001_20230529T043210_20230529T071257.png,ok,
1,1002,2023-05-29 21:13:46,2023-05-30 01:08:09,3.90624,293,47.521,95.041,7200,240,Z:\SPART-WORK\Data\Voyager\voyager1\mag\48s\reviewed_vim\2023\voyager1_48s_mag-vim_20230101_v01.cdf,C:\Users\Administrator\Documents\FWD_matlab\Voyager_fu\Voyager_Interstellar_Monthly\HighestPrecision_Segments\V1_MAG48s_segment_1002_20230529T211346_20230530T010809.png,ok,
1,1003,2023-05-30 21:08:58,2023-05-31 01:38:34,4.49328027770996,336,47.521,143.425,7200,240,Z:\SPART-WORK\Data\Voyager\voyager1\mag\48s\reviewed_vim\2023\voyager1_48s_mag-vim_20230101_v01.cdf,C:\Users\Administrator\Documents\FWD_matlab\Voyager_fu\Voyager_Interstellar_Monthly\HighestPrecision_Segments\V1_MAG48s_segment_1003_20230530T210858_20230531T013834.png,ok,
1,1004,2023-05-31 12:43:22,2023-05-31 16:03:22,3.33335972222222,249,47.521,143.425,7200,240,Z:\SPART-WORK\Data\Voyager\voyager1\mag\48s\reviewed_vim\2023\voyager1_48s_mag-vim_20230101_v01.cdf,C:\Users\Administrator\Documents\FWD_matlab\Voyager_fu\Voyager_Interstellar_Monthly\HighestPrecision_Segments\V1_MAG48s_segment_1004_20230531T124322_20230531T160322.png,ok,
1,1005,2023-06-01 04:48:10,2023-06-01 08:57:45,4.15968000006782,312,47.521,95.905,7200,240,Z:\SPART-WORK\Data\Voyager\voyager1\mag\48s\reviewed_vim\2023\voyager1_48s_mag-vim_20230101_v01.cdf,C:\Users\Administrator\Documents\FWD_matlab\Voyager_fu\Voyager_Interstellar_Monthly\HighestPrecision_Segments\V1_MAG48s_segment_1005_20230601T044810_20230601T085745.png,ok,
1,1006,2023-06-01 16:06:33,2023-06-01 19:32:57,3.44016,256,47.521,192.673,7200,240,Z:\SPART-WORK\Data\Voyager\voyager1\mag\48s\reviewed_vim\2023\voyager1_48s_mag-vim_20230101_v01.cdf,C:\Users\Administrator\Documents\FWD_matlab\Voyager_fu\Voyager_Interstellar_Monthly\HighestPrecision_Segments\V1_MAG48s_segment_1006_20230601T160633_20230601T193257.png,ok,
1,1007,2023-06-01 21:37:46,2023-06-02 00:52:58,3.25343999993218,183,47.521,3023.99900024414,7200,240,Z:\SPART-WORK\Data\Voyager\voyager1\mag\48s\reviewed_vim\2023\voyager1_48s_mag-vim_20230101_v01.cdf,C:\Users\Administrator\Documents\FWD_matlab\Voyager_fu\Voyager_Interstellar_Monthly\HighestPrecision_Segments\V1_MAG48s_segment_1007_20230601T213746_20230602T005258.png,ok,
1,1008,2023-06-02 04:32:10,2023-06-02 08:28:09,3.93312027777778,293,47.521,192.672,7200,240,Z:\SPART-WORK\Data\Voyager\voyager1\mag\48s\reviewed_vim\2023\voyager1_48s_mag-vim_20230101_v01.cdf,C:\Users\Administrator\Documents\FWD_matlab\Voyager_fu\Voyager_Interstellar_Monthly\HighestPrecision_Segments\V1_MAG48s_segment_1008_20230602T043210_20230602T082809.png,ok,
1,1009,2023-06-02 20:57:45,2023-06-03 01:08:09,4.17335999993218,291,47.521,1151.71100024414,7200,240,Z:\SPART-WORK\Data\Voyager\voyager1\mag\48s\reviewed_vim\2023\voyager1_48s_mag-vim_20230101_v01.cdf,C:\Users\Administrator\Documents\FWD_matlab\Voyager_fu\Voyager_Interstellar_Monthly\HighestPrecision_Segments\V1_MAG48s_segment_1009_20230602T205745_20230603T010809.png,ok,
1,1010,2023-06-03 12:22:33,2023-06-03 15:48:10,3.42671972222222,255,47.521,191.808,7200,240,Z:\SPART-WORK\Data\Voyager\voyager1\mag\48s\reviewed_vim\2023\voyager1_48s_mag-vim_20230101_v01.cdf,C:\Users\Administrator\Documents\FWD_matlab\Voyager_fu\Voyager_Interstellar_Monthly\HighestPrecision_Segments\V1_MAG48s_segment_1010_20230603T122233_20230603T154810.png,ok,
1,1011,2023-06-03 21:12:10,2023-06-04 04:28:09,7.26647972222222,544,47.521,144.289,7200,240,Z:\SPART-WORK\Data\Voyager\voyager1\mag\48s\reviewed_vim\2023\voyager1_48s_mag-vim_20230101_v01.cdf,C:\Users\Administrator\Documents\FWD_matlab\Voyager_fu\Voyager_Interstellar_Monthly\HighestPrecision_Segments\V1_MAG48s_segment_1011_20230603T211210_20230604T042809.png,ok,
1,1012,2023-06-04 21:13:45,2023-06-04 23:32:58,2.32032027777778,174,47.521,96.769,7200,240,Z:\SPART-WORK\Data\Voyager\voyager1\mag\48s\reviewed_vim\2023\voyager1_48s_mag-vim_20230101_v01.cdf,C:\Users\Administrator\Documents\FWD_matlab\Voyager_fu\Voyager_Interstellar_Monthly\HighestPrecision_Segments\V1_MAG48s_segment_1012_20230604T211345_20230604T233258.png,ok,
1,1013,2023-06-05 11:53:45,2023-06-05 15:47:22,3.89352027777778,285,47.521,336.097,7200,240,Z:\SPART-WORK\Data\Voyager\voyager1\mag\48s\reviewed_vim\2023\voyager1_48s_mag-vim_20230101_v01.cdf,C:\Users\Administrator\Documents\FWD_matlab\Voyager_fu\Voyager_Interstellar_Monthly\HighestPrecision_Segments\V1_MAG48s_segment_1013_20230605T115345_20230605T154722.png,ok,
1,1014,2023-06-06 20:36:58,2023-06-07 01:32:57,4.9332,369,47.521,143.425,7200,240,Z:\SPART-WORK\Data\Voyager\voyager1\mag\48s\reviewed_vim\2023\voyager1_48s_mag-vim_20230101_v01.cdf,C:\Users\Administrator\Documents\FWD_matlab\Voyager_fu\Voyager_Interstellar_Monthly\HighestPrecision_Segments\V1_MAG48s_segment_1014_20230606T203658_20230607T013257.png,ok,
1,1015,2023-06-07 20:32:09,2023-06-08 02:57:45,6.42647972229004,456,47.5209997558594,1055.809,7200,240,Z:\SPART-WORK\Data\Voyager\voyager1\mag\48s\reviewed_vim\2023\voyager1_48s_mag-vim_20230101_v01.cdf,C:\Users\Administrator\Documents\FWD_matlab\Voyager_fu\Voyager_Interstellar_Monthly\HighestPrecision_Segments\V1_MAG48s_segment_1015_20230607T203209_20230608T025745.png,ok,
1,1016,2023-06-08 20:30:33,2023-06-09 00:27:21,3.94680027777778,297,47.5209997558594,49.249,7200,240,Z:\SPART-WORK\Data\Voyager\voyager1\mag\48s\reviewed_vim\2023\voyager1_48s_mag-vim_20230101_v01.cdf,C:\Users\Administrator\Documents\FWD_matlab\Voyager_fu\Voyager_Interstellar_Monthly\HighestPrecision_Segments\V1_MAG48s_segment_1016_20230608T203033_20230609T002721.png,ok,
1,1017,2023-06-09 11:31:22,2023-06-10 00:37:44,13.10616,849,47.5209997558594,6239.807,7200,240,Z:\SPART-WORK\Data\Voyager\voyager1\mag\48s\reviewed_vim\2023\voyager1_48s_mag-vim_20230101_v01.cdf,C:\Users\Administrator\Documents\FWD_matlab\Voyager_fu\Voyager_Interstellar_Monthly\HighestPrecision_Segments\V1_MAG48s_segment_1017_20230609T113122_20230610T003744.png,ok,
1,1018,2023-06-10 22:19:21,2023-06-11 01:36:58,3.29352,246,47.52,144.289,7200,240,Z:\SPART-WORK\Data\Voyager\voyager1\mag\48s\reviewed_vim\2023\voyager1_48s_mag-vim_20230101_v01.cdf,C:\Users\Administrator\Documents\FWD_matlab\Voyager_fu\Voyager_Interstellar_Monthly\HighestPrecision_Segments\V1_MAG48s_segment_1018_20230610T221921_20230611T013658.png,ok,
1,1019,2023-06-11 08:12:57,2023-06-11 09:56:57,1.73327972222222,130,47.52,95.9030002441406,7200,240,Z:\SPART-WORK\Data\Voyager\voyager1\mag\48s\reviewed_vim\2023\voyager1_48s_mag-vim_20230101_v01.cdf,C:\Users\Administrator\Documents\FWD_matlab\Voyager_fu\Voyager_Interstellar_Monthly\HighestPrecision_Segments\V1_MAG48s_segment_1019_20230611T081257_20230611T095657.png,ok,
1,1020,2023-06-11 20:22:33,2023-06-12 00:16:57,3.90672000006782,293,47.52,95.905,7200,240,Z:\SPART-WORK\Data\Voyager\voyager1\mag\48s\reviewed_vim\2023\voyager1_48s_mag-vim_20230101_v01.cdf,C:\Users\Administrator\Documents\FWD_matlab\Voyager_fu\Voyager_Interstellar_Monthly\HighestPrecision_Segments\V1_MAG48s_segment_1020_20230611T202233_20230612T001657.png,ok,
1,1021,2023-06-12 20:17:45,2023-06-13 00:36:57,4.32023972222222,318,47.52,192.672,7200,240,Z:\SPART-WORK\Data\Voyager\voyager1\mag\48s\reviewed_vim\2023\voyager1_48s_mag-vim_20230101_v01.cdf,C:\Users\Administrator\Documents\FWD_matlab\Voyager_fu\Voyager_Interstellar_Monthly\HighestPrecision_Segments\V1_MAG48s_segment_1021_20230612T201745_20230613T003657.png,ok,
1,1022,2023-06-13 21:00:57,2023-06-14 00:56:57,3.93311972222222,293,47.52,192.672,7200,240,Z:\SPART-WORK\Data\Voyager\voyager1\mag\48s\reviewed_vim\2023\voyager1_48s_mag-vim_20230101_v01.cdf,C:\Users\Administrator\Documents\FWD_matlab\Voyager_fu\Voyager_Interstellar_Monthly\HighestPrecision_Segments\V1_MAG48s_segment_1022_20230613T210057_20230614T005657.png,ok,
1,1023,2023-06-14 04:11:21,2023-06-14 08:07:21,3.93311972229004,294,47.52,143.425,7200,240,Z:\SPART-WORK\Data\Voyager\voyager1\mag\48s\reviewed_vim\2023\voyager1_48s_mag-vim_20230101_v01.cdf,C:\Users\Administrator\Documents\FWD_matlab\Voyager_fu\Voyager_Interstellar_Monthly\HighestPrecision_Segments\V1_MAG48s_segment_1023_20230614T041121_20230614T080721.png,ok,
1,1024,2023-06-15 04:03:20,2023-06-15 08:27:21,4.40015972222222,330,47.52,95.9030002441406,7200,240,Z:\SPART-WORK\Data\Voyager\voyager1\mag\48s\reviewed_vim\2023\voyager1_48s_mag-vim_20230101_v01.cdf,C:\Users\Administrator\Documents\FWD_matlab\Voyager_fu\Voyager_Interstellar_Monthly\HighestPrecision_Segments\V1_MAG48s_segment_1024_20230615T040320_20230615T082721.png,ok,
1,1025,2023-06-15 15:31:20,2023-06-16 00:01:45,8.50679972222222,533,47.52,4993.05699975586,7200,240,Z:\SPART-WORK\Data\Voyager\voyager1\mag\48s\reviewed_vim\2023\voyager1_48s_mag-vim_20230101_v01.cdf,C:\Users\Administrator\Documents\FWD_matlab\Voyager_fu\Voyager_Interstellar_Monthly\HighestPrecision_Segments\V1_MAG48s_segment_1025_20230615T153120_20230616T000145.png,ok,
1,1026,2023-06-16 20:01:45,2023-06-17 00:46:33,4.74672,355,47.52,144.289,7200,240,Z:\SPART-WORK\Data\Voyager\voyager1\mag\48s\reviewed_vim\2023\voyager1_48s_mag-vim_20230101_v01.cdf,C:\Users\Administrator\Documents\FWD_matlab\Voyager_fu\Voyager_Interstellar_Monthly\HighestPrecision_Segments\V1_MAG48s_segment_1026_20230616T200145_20230617T004633.png,ok,
1,1027,2023-06-17 12:11:21,2023-06-17 14:51:20,2.66639972229004,199,47.52,143.423000244141,7200,240,Z:\SPART-WORK\Data\Voyager\voyager1\mag\48s\reviewed_vim\2023\voyager1_48s_mag-vim_20230101_v01.cdf,C:\Users\Administrator\Documents\FWD_matlab\Voyager_fu\Voyager_Interstellar_Monthly\HighestPrecision_Segments\V1_MAG48s_segment_1027_20230617T121121_20230617T145120.png,ok,
1,1028,2023-06-17 19:56:57,2023-06-18 02:06:33,6.16007972229004,460,47.52,190.945,7200,240,Z:\SPART-WORK\Data\Voyager\voyager1\mag\48s\reviewed_vim\2023\voyager1_48s_mag-vim_20230101_v01.cdf,C:\Users\Administrator\Documents\FWD_matlab\Voyager_fu\Voyager_Interstellar_Monthly\HighestPrecision_Segments\V1_MAG48s_segment_1028_20230617T195657_20230618T020633.png,ok,
1,1029,2023-06-18 14:22:33,2023-06-18 18:16:09,3.89328027777778,291,47.52,143.425,7200,240,Z:\SPART-WORK\Data\Voyager\voyager1\mag\48s\reviewed_vim\2023\voyager1_48s_mag-vim_20230101_v01.cdf,C:\Users\Administrator\Documents\FWD_matlab\Voyager_fu\Voyager_Interstellar_Monthly\HighestPrecision_Segments\V1_MAG48s_segment_1029_20230618T142233_20230618T181609.png,ok,
1,1030,2023-06-18 22:16:09,2023-06-19 01:56:09,3.66647999993218,274,47.52,143.424999755859,7200,240,Z:\SPART-WORK\Data\Voyager\voyager1\mag\48s\reviewed_vim\2023\voyager1_48s_mag-vim_20230101_v01.cdf,C:\Users\Administrator\Documents\FWD_matlab\Voyager_fu\Voyager_Interstellar_Monthly\HighestPrecision_Segments\V1_MAG48s_segment_1030_20230618T221609_20230619T015609.png,ok,
1,1031,2023-06-19 04:11:21,2023-06-19 08:21:44,4.17312,312,47.52,143.425,7200,240,Z:\SPART-WORK\Data\Voyager\voyager1\mag\48s\reviewed_vim\2023\voyager1_48s_mag-vim_20230101_v01.cdf,C:\Users\Administrator\Documents\FWD_matlab\Voyager_fu\Voyager_Interstellar_Monthly\HighestPrecision_Segments\V1_MAG48s_segment_1031_20230619T041121_20230619T082144.png,ok,
1,1032,2023-06-19 20:41:46,2023-06-19 22:36:08,1.90632,143,47.52,94.176,7200,240,Z:\SPART-WORK\Data\Voyager\voyager1\mag\48s\reviewed_vim\2023\voyager1_48s_mag-vim_20230101_v01.cdf,C:\Users\Administrator\Documents\FWD_matlab\Voyager_fu\Voyager_Interstellar_Monthly\HighestPrecision_Segments\V1_MAG48s_segment_1032_20230619T204146_20230619T223608.png,ok,
1,1033,2023-06-20 04:38:33,2023-06-20 14:21:44,9.71976,556,47.52,4078.944,7200,240,Z:\SPART-WORK\Data\Voyager\voyager1\mag\48s\reviewed_vim\2023\voyager1_48s_mag-vim_20230101_v01.cdf,C:\Users\Administrator\Documents\FWD_matlab\Voyager_fu\Voyager_Interstellar_Monthly\HighestPrecision_Segments\V1_MAG48s_segment_1033_20230620T043833_20230620T142144.png,ok,
1,1034,2023-06-20 21:34:32,2023-06-21 07:26:32,9.86664027770996,576,47.52,6865.345,7200,240,Z:\SPART-WORK\Data\Voyager\voyager1\mag\48s\reviewed_vim\2023\voyager1_48s_mag-vim_20230101_v01.cdf,C:\Users\Administrator\Documents\FWD_matlab\Voyager_fu\Voyager_Interstellar_Monthly\HighestPrecision_Segments\V1_MAG48s_segment_1034_20230620T213432_20230621T072632.png,ok,
1,1035,2023-06-21 21:15:21,2023-06-22 03:00:57,5.75976,418,47.52,623.807,7200,240,Z:\SPART-WORK\Data\Voyager\voyager1\mag\48s\reviewed_vim\2023\voyager1_48s_mag-vim_20230101_v01.cdf,C:\Users\Administrator\Documents\FWD_matlab\Voyager_fu\Voyager_Interstellar_Monthly\HighestPrecision_Segments\V1_MAG48s_segment_1035_20230621T211521_20230622T030057.png,ok,
1,1036,2023-06-22 14:51:20,2023-06-22 18:56:08,4.08000027770996,305,47.52,144.287,7200,240,Z:\SPART-WORK\Data\Voyager\voyager1\mag\48s\reviewed_vim\2023\voyager1_48s_mag-vim_20230101_v01.cdf,C:\Users\Administrator\Documents\FWD_matlab\Voyager_fu\Voyager_Interstellar_Monthly\HighestPrecision_Segments\V1_MAG48s_segment_1036_20230622T145120_20230622T185608.png,ok,
1,1037,2023-06-22 21:36:08,2023-06-23 01:31:20,3.91992,294,47.52,95.903,7200,240,Z:\SPART-WORK\Data\Voyager\voyager1\mag\48s\reviewed_vim\2023\voyager1_48s_mag-vim_20230101_v01.cdf,C:\Users\Administrator\Documents\FWD_matlab\Voyager_fu\Voyager_Interstellar_Monthly\HighestPrecision_Segments\V1_MAG48s_segment_1037_20230622T213608_20230623T013120.png,ok,
1,1038,2023-06-23 20:24:08,2023-06-24 00:25:44,4.02671999993218,301,47.52,144.287,7200,240,Z:\SPART-WORK\Data\Voyager\voyager1\mag\48s\reviewed_vim\2023\voyager1_48s_mag-vim_20230101_v01.cdf,C:\Users\Administrator\Documents\FWD_matlab\Voyager_fu\Voyager_Interstellar_Monthly\HighestPrecision_Segments\V1_MAG48s_segment_1038_20230623T202408_20230624T002544.png,ok,
1,1039,2023-06-24 19:47:21,2023-06-25 01:20:56,5.55984,413,47.52,192.672,7200,240,Z:\SPART-WORK\Data\Voyager\voyager1\mag\48s\reviewed_vim\2023\voyager1_48s_mag-vim_20230101_v01.cdf,C:\Users\Administrator\Documents\FWD_matlab\Voyager_fu\Voyager_Interstellar_Monthly\HighestPrecision_Segments\V1_MAG48s_segment_1039_20230624T194721_20230625T012056.png,ok,
1,1040,2023-06-26 01:26:32,2023-06-26 06:31:20,5.08008,379,47.52,143.423,7200,240,Z:\SPART-WORK\Data\Voyager\voyager1\mag\48s\reviewed_vim\2023\voyager1_48s_mag-vim_20230101_v01.cdf,C:\Users\Administrator\Documents\FWD_matlab\Voyager_fu\Voyager_Interstellar_Monthly\HighestPrecision_Segments\V1_MAG48s_segment_1040_20230626T012632_20230626T063120.png,ok,
1,1041,2023-06-26 11:13:44,2023-06-26 15:10:32,3.94655972222222,290,47.52,240.192,7200,240,Z:\SPART-WORK\Data\Voyager\voyager1\mag\48s\reviewed_vim\2023\voyager1_48s_mag-vim_20230101_v01.cdf,C:\Users\Administrator\Documents\FWD_matlab\Voyager_fu\Voyager_Interstellar_Monthly\HighestPrecision_Segments\V1_MAG48s_segment_1041_20230626T111344_20230626T151032.png,ok,
1,1042,2023-06-26 20:04:56,2023-06-27 01:00:57,4.93368,367,47.52,144.287,7200,240,Z:\SPART-WORK\Data\Voyager\voyager1\mag\48s\reviewed_vim\2023\voyager1_48s_mag-vim_20230101_v01.cdf,C:\Users\Administrator\Documents\FWD_matlab\Voyager_fu\Voyager_Interstellar_Monthly\HighestPrecision_Segments\V1_MAG48s_segment_1042_20230626T200456_20230627T010057.png,ok,
1,1043,2023-06-27 11:55:20,2023-06-27 15:45:44,3.84,287,47.52,143.423000244141,7200,240,Z:\SPART-WORK\Data\Voyager\voyager1\mag\48s\reviewed_vim\2023\voyager1_48s_mag-vim_20230101_v01.cdf,C:\Users\Administrator\Documents\FWD_matlab\Voyager_fu\Voyager_Interstellar_Monthly\HighestPrecision_Segments\V1_MAG48s_segment_1043_20230627T115520_20230627T154544.png,ok,
1,1044,2023-06-27 23:44:07,2023-06-28 03:25:44,3.6936,275,47.52,191.808,7200,240,Z:\SPART-WORK\Data\Voyager\voyager1\mag\48s\reviewed_vim\2023\voyager1_48s_mag-vim_20230101_v01.cdf,C:\Users\Administrator\Documents\FWD_matlab\Voyager_fu\Voyager_Interstellar_Monthly\HighestPrecision_Segments\V1_MAG48s_segment_1044_20230627T234407_20230628T032544.png,ok,
1,1045,2023-06-28 19:55:19,2023-06-28 23:50:33,3.92039972229004,293,47.52,143.425,7200,240,Z:\SPART-WORK\Data\Voyager\voyager1\mag\48s\reviewed_vim\2023\voyager1_48s_mag-vim_20230101_v01.cdf,C:\Users\Administrator\Documents\FWD_matlab\Voyager_fu\Voyager_Interstellar_Monthly\HighestPrecision_Segments\V1_MAG48s_segment_1045_20230628T195519_20230628T235033.png,ok,
1,1046,2023-06-29 06:00:09,2023-06-29 11:35:20,5.58647972222222,418,47.52,143.423,7200,240,Z:\SPART-WORK\Data\Voyager\voyager1\mag\48s\reviewed_vim\2023\voyager1_48s_mag-vim_20230101_v01.cdf,C:\Users\Administrator\Documents\FWD_matlab\Voyager_fu\Voyager_Interstellar_Monthly\HighestPrecision_Segments\V1_MAG48s_segment_1046_20230629T060009_20230629T113520.png,ok,
1,1047,2023-06-29 21:39:21,2023-06-30 02:04:56,4.42631972222222,330,47.52,191.809,7200,240,Z:\SPART-WORK\Data\Voyager\voyager1\mag\48s\reviewed_vim\2023\voyager1_48s_mag-vim_20230101_v01.cdf,C:\Users\Administrator\Documents\FWD_matlab\Voyager_fu\Voyager_Interstellar_Monthly\HighestPrecision_Segments\V1_MAG48s_segment_1047_20230629T213921_20230630T020456.png,ok,
1,1048,2023-06-30 18:59:20,2023-07-01 00:35:21,5.60016,410,47.52,286.847999755859,7200,240,Z:\SPART-WORK\Data\Voyager\voyager1\mag\48s\reviewed_vim\2023\voyager1_48s_mag-vim_20230101_v01.cdf,C:\Users\Administrator\Documents\FWD_matlab\Voyager_fu\Voyager_Interstellar_Monthly\HighestPrecision_Segments\V1_MAG48s_segment_1048_20230630T185920_20230701T003521.png,ok,
1,1049,2023-07-01 22:33:43,2023-07-02 06:24:56,7.85352027777778,587,47.52,192.672,7200,240,Z:\SPART-WORK\Data\Voyager\voyager1\mag\48s\reviewed_vim\2023\voyager1_48s_mag-vim_20230101_v01.cdf,C:\Users\Administrator\Documents\FWD_matlab\Voyager_fu\Voyager_Interstellar_Monthly\HighestPrecision_Segments\V1_MAG48s_segment_1049_20230701T223343_20230702T062456.png,ok,
1,1050,2023-07-02 18:57:44,2023-07-02 23:04:56,4.11983999993218,310,47.52,49.249,7200,240,Z:\SPART-WORK\Data\Voyager\voyager1\mag\48s\reviewed_vim\2023\voyager1_48s_mag-vim_20230101_v01.cdf,C:\Users\Administrator\Documents\FWD_matlab\Voyager_fu\Voyager_Interstellar_Monthly\HighestPrecision_Segments\V1_MAG48s_segment_1050_20230702T185744_20230702T230456.png,ok,
1,1051,2023-07-03 18:54:31,2023-07-03 22:39:19,3.74664027777778,280,47.52,143.423000244141,7200,240,Z:\SPART-WORK\Data\Voyager\voyager1\mag\48s\reviewed_vim\2023\voyager1_48s_mag-vim_20230101_v01.cdf,C:\Users\Administrator\Documents\FWD_matlab\Voyager_fu\Voyager_Interstellar_Monthly\HighestPrecision_Segments\V1_MAG48s_segment_1051_20230703T185431_20230703T223919.png,ok,
1,1052,2023-07-04 13:13:44,2023-07-04 15:39:19,2.42640000006782,180,47.5200002441406,190.943,7200,240,Z:\SPART-WORK\Data\Voyager\voyager1\mag\48s\reviewed_vim\2023\voyager1_48s_mag-vim_20230101_v01.cdf,C:\Users\Administrator\Documents\FWD_matlab\Voyager_fu\Voyager_Interstellar_Monthly\HighestPrecision_Segments\V1_MAG48s_segment_1052_20230704T131344_20230704T153919.png,ok,
1,1053,2023-07-04 22:19:20,2023-07-05 08:34:32,10.2532797222222,766,47.5200002441406,145.152,7200,240,Z:\SPART-WORK\Data\Voyager\voyager1\mag\48s\reviewed_vim\2023\voyager1_48s_mag-vim_20230101_v01.cdf,C:\Users\Administrator\Documents\FWD_matlab\Voyager_fu\Voyager_Interstellar_Monthly\HighestPrecision_Segments\V1_MAG48s_segment_1053_20230704T221920_20230705T083432.png,ok,
1,1054,2023-07-05 23:28:07,2023-07-06 06:08:56,6.68016027777778,497,47.5209997558594,190.944,7200,240,Z:\SPART-WORK\Data\Voyager\voyager1\mag\48s\reviewed_vim\2023\voyager1_48s_mag-vim_20230101_v01.cdf,C:\Users\Administrator\Documents\FWD_matlab\Voyager_fu\Voyager_Interstellar_Monthly\HighestPrecision_Segments\V1_MAG48s_segment_1054_20230705T232807_20230706T060856.png,ok,
1,1055,2023-07-06 09:02:32,2023-07-06 13:34:33,4.53336027777778,341,47.5209997558594,49.249,7200,240,Z:\SPART-WORK\Data\Voyager\voyager1\mag\48s\reviewed_vim\2023\voyager1_48s_mag-vim_20230101_v01.cdf,C:\Users\Administrator\Documents\FWD_matlab\Voyager_fu\Voyager_Interstellar_Monthly\HighestPrecision_Segments\V1_MAG48s_segment_1055_20230706T090232_20230706T133433.png,ok,
1,1056,2023-07-07 18:32:08,2023-07-07 23:04:08,4.53335972222222,341,47.521,49.249,7200,240,Z:\SPART-WORK\Data\Voyager\voyager1\mag\48s\reviewed_vim\2023\voyager1_48s_mag-vim_20230101_v01.cdf,C:\Users\Administrator\Documents\FWD_matlab\Voyager_fu\Voyager_Interstellar_Monthly\HighestPrecision_Segments\V1_MAG48s_segment_1056_20230707T183208_20230707T230408.png,ok,
1,1057,2023-07-08 21:24:56,2023-07-09 06:19:20,8.90663972222222,607,47.521,2928.097,7200,240,Z:\SPART-WORK\Data\Voyager\voyager1\mag\48s\reviewed_vim\2023\voyager1_48s_mag-vim_20230101_v01.cdf,C:\Users\Administrator\Documents\FWD_matlab\Voyager_fu\Voyager_Interstellar_Monthly\HighestPrecision_Segments\V1_MAG48s_segment_1057_20230708T212456_20230709T061920.png,ok,
1,1058,2023-07-09 09:32:55,2023-07-09 11:53:44,2.34672,174,47.521,190.944,7200,240,Z:\SPART-WORK\Data\Voyager\voyager1\mag\48s\reviewed_vim\2023\voyager1_48s_mag-vim_20230101_v01.cdf,C:\Users\Administrator\Documents\FWD_matlab\Voyager_fu\Voyager_Interstellar_Monthly\HighestPrecision_Segments\V1_MAG48s_segment_1058_20230709T093255_20230709T115344.png,ok,
1,1059,2023-07-10 03:23:19,2023-07-10 07:04:08,3.68016027770996,275,47.521,145.151,7200,240,Z:\SPART-WORK\Data\Voyager\voyager1\mag\48s\reviewed_vim\2023\voyager1_48s_mag-vim_20230101_v01.cdf,C:\Users\Administrator\Documents\FWD_matlab\Voyager_fu\Voyager_Interstellar_Monthly\HighestPrecision_Segments\V1_MAG48s_segment_1059_20230710T032319_20230710T070408.png,ok,
1,1060,2023-07-11 02:24:08,2023-07-11 06:18:31,3.90624,289,47.521,239.328,7200,240,Z:\SPART-WORK\Data\Voyager\voyager1\mag\48s\reviewed_vim\2023\voyager1_48s_mag-vim_20230101_v01.cdf,C:\Users\Administrator\Documents\FWD_matlab\Voyager_fu\Voyager_Interstellar_Monthly\HighestPrecision_Segments\V1_MAG48s_segment_1060_20230711T022408_20230711T061831.png,ok,
1,1061,2023-07-11 12:46:32,2023-07-11 16:43:20,3.94656027777778,297,47.521,49.249,7200,240,Z:\SPART-WORK\Data\Voyager\voyager1\mag\48s\reviewed_vim\2023\voyager1_48s_mag-vim_20230101_v01.cdf,C:\Users\Administrator\Documents\FWD_matlab\Voyager_fu\Voyager_Interstellar_Monthly\HighestPrecision_Segments\V1_MAG48s_segment_1061_20230711T124632_20230711T164320.png,ok,
1,1062,2023-07-12 06:56:08,2023-07-12 11:18:32,4.37328,326,47.521,192.672000244141,7200,240,Z:\SPART-WORK\Data\Voyager\voyager1\mag\48s\reviewed_vim\2023\voyager1_48s_mag-vim_20230101_v01.cdf,C:\Users\Administrator\Documents\FWD_matlab\Voyager_fu\Voyager_Interstellar_Monthly\HighestPrecision_Segments\V1_MAG48s_segment_1062_20230712T065608_20230712T111832.png,ok,
1,1063,2023-07-13 05:13:43,2023-07-13 13:08:08,7.90704,593,47.521,96.767,7200,240,Z:\SPART-WORK\Data\Voyager\voyager1\mag\48s\reviewed_vim\2023\voyager1_48s_mag-vim_20230101_v01.cdf,C:\Users\Administrator\Documents\FWD_matlab\Voyager_fu\Voyager_Interstellar_Monthly\HighestPrecision_Segments\V1_MAG48s_segment_1063_20230713T051343_20230713T130808.png,ok,
1,1064,2023-07-13 18:06:31,2023-07-13 22:03:19,3.94680027777778,297,47.521,49.249,7200,240,Z:\SPART-WORK\Data\Voyager\voyager1\mag\48s\reviewed_vim\2023\voyager1_48s_mag-vim_20230101_v01.cdf,C:\Users\Administrator\Documents\FWD_matlab\Voyager_fu\Voyager_Interstellar_Monthly\HighestPrecision_Segments\V1_MAG48s_segment_1064_20230713T180631_20230713T220319.png,ok,
1,1065,2023-07-14 18:01:44,2023-07-14 21:58:32,3.94656000006782,280,47.521,528.767999755859,7200,240,Z:\SPART-WORK\Data\Voyager\voyager1\mag\48s\reviewed_vim\2023\voyager1_48s_mag-vim_20230101_v01.cdf,C:\Users\Administrator\Documents\FWD_matlab\Voyager_fu\Voyager_Interstellar_Monthly\HighestPrecision_Segments\V1_MAG48s_segment_1065_20230714T180144_20230714T215832.png,ok,
1,1066,2023-07-15 18:03:18,2023-07-15 22:57:44,4.90704027777778,367,47.521,143.423,7200,240,Z:\SPART-WORK\Data\Voyager\voyager1\mag\48s\reviewed_vim\2023\voyager1_48s_mag-vim_20230101_v01.cdf,C:\Users\Administrator\Documents\FWD_matlab\Voyager_fu\Voyager_Interstellar_Monthly\HighestPrecision_Segments\V1_MAG48s_segment_1066_20230715T180318_20230715T225744.png,ok,
1,1067,2023-07-16 18:36:56,2023-07-16 22:32:55,3.93311972222222,293,47.5209998779297,192.672,7200,240,Z:\SPART-WORK\Data\Voyager\voyager1\mag\48s\reviewed_vim\2023\voyager1_48s_mag-vim_20230101_v01.cdf,C:\Users\Administrator\Documents\FWD_matlab\Voyager_fu\Voyager_Interstellar_Monthly\HighestPrecision_Segments\V1_MAG48s_segment_1067_20230716T183656_20230716T223255.png,ok,
1,1068,2023-07-17 06:12:55,2023-07-17 10:32:55,4.33343972222222,324,47.521,143.425,7200,240,Z:\SPART-WORK\Data\Voyager\voyager1\mag\48s\reviewed_vim\2023\voyager1_48s_mag-vim_20230101_v01.cdf,C:\Users\Administrator\Documents\FWD_matlab\Voyager_fu\Voyager_Interstellar_Monthly\HighestPrecision_Segments\V1_MAG48s_segment_1068_20230717T061255_20230717T103255.png,ok,
1,1069,2023-07-18 04:56:07,2023-07-18 08:52:55,3.94680027777778,204,47.521,4080.67299975586,7200,240,Z:\SPART-WORK\Data\Voyager\voyager1\mag\48s\reviewed_vim\2023\voyager1_48s_mag-vim_20230101_v01.cdf,C:\Users\Administrator\Documents\FWD_matlab\Voyager_fu\Voyager_Interstellar_Monthly\HighestPrecision_Segments\V1_MAG48s_segment_1069_20230718T045607_20230718T085255.png,ok,
1,1070,2023-07-18 11:36:06,2023-07-18 15:08:08,3.53376027770996,266,47.5209997558594,49.249,7200,240,Z:\SPART-WORK\Data\Voyager\voyager1\mag\48s\reviewed_vim\2023\voyager1_48s_mag-vim_20230101_v01.cdf,C:\Users\Administrator\Documents\FWD_matlab\Voyager_fu\Voyager_Interstellar_Monthly\HighestPrecision_Segments\V1_MAG48s_segment_1070_20230718T113606_20230718T150808.png,ok,
1,1071,2023-07-18 19:37:43,2023-07-19 00:59:19,5.35992027777778,402,47.5200002441406,95.041,7200,240,Z:\SPART-WORK\Data\Voyager\voyager1\mag\48s\reviewed_vim\2023\voyager1_48s_mag-vim_20230101_v01.cdf,C:\Users\Administrator\Documents\FWD_matlab\Voyager_fu\Voyager_Interstellar_Monthly\HighestPrecision_Segments\V1_MAG48s_segment_1071_20230718T193743_20230719T005919.png,ok,
1,1072,2023-07-20 20:57:42,2023-07-21 00:47:19,3.82704,287,47.52,96.767,7200,240,Z:\SPART-WORK\Data\Voyager\voyager1\mag\48s\reviewed_vim\2023\voyager1_48s_mag-vim_20230101_v01.cdf,C:\Users\Administrator\Documents\FWD_matlab\Voyager_fu\Voyager_Interstellar_Monthly\HighestPrecision_Segments\V1_MAG48s_segment_1072_20230720T205742_20230721T004719.png,ok,
1,1073,2023-07-21 18:41:43,2023-07-21 22:32:07,3.84,287,47.52,144.289,7200,240,Z:\SPART-WORK\Data\Voyager\voyager1\mag\48s\reviewed_vim\2023\voyager1_48s_mag-vim_20230101_v01.cdf,C:\Users\Administrator\Documents\FWD_matlab\Voyager_fu\Voyager_Interstellar_Monthly\HighestPrecision_Segments\V1_MAG48s_segment_1073_20230721T184143_20230721T223207.png,ok,
1,1074,2023-07-22 01:56:54,2023-07-22 07:07:19,5.17344027777778,387,47.52,143.423,7200,240,Z:\SPART-WORK\Data\Voyager\voyager1\mag\48s\reviewed_vim\2023\voyager1_48s_mag-vim_20230101_v01.cdf,C:\Users\Administrator\Documents\FWD_matlab\Voyager_fu\Voyager_Interstellar_Monthly\HighestPrecision_Segments\V1_MAG48s_segment_1074_20230722T015654_20230722T070719.png,ok,
1,1075,2023-07-22 18:20:55,2023-07-22 22:16:55,3.93335972222222,293,47.52,192.672,7200,240,Z:\SPART-WORK\Data\Voyager\voyager1\mag\48s\reviewed_vim\2023\voyager1_48s_mag-vim_20230101_v01.cdf,C:\Users\Administrator\Documents\FWD_matlab\Voyager_fu\Voyager_Interstellar_Monthly\HighestPrecision_Segments\V1_MAG48s_segment_1075_20230722T182055_20230722T221655.png,ok,
1,1076,2023-07-23 01:56:54,2023-07-23 06:21:43,4.4136,330,47.52,143.423,7200,240,Z:\SPART-WORK\Data\Voyager\voyager1\mag\48s\reviewed_vim\2023\voyager1_48s_mag-vim_20230101_v01.cdf,C:\Users\Administrator\Documents\FWD_matlab\Voyager_fu\Voyager_Interstellar_Monthly\HighestPrecision_Segments\V1_MAG48s_segment_1076_20230723T015654_20230723T062143.png,ok,
1,1077,2023-07-23 13:16:55,2023-07-23 16:41:44,3.41352027777778,256,47.52,95.904,7200,240,Z:\SPART-WORK\Data\Voyager\voyager1\mag\48s\reviewed_vim\2023\voyager1_48s_mag-vim_20230101_v01.cdf,C:\Users\Administrator\Documents\FWD_matlab\Voyager_fu\Voyager_Interstellar_Monthly\HighestPrecision_Segments\V1_MAG48s_segment_1077_20230723T131655_20230723T164144.png,ok,
1,1078,2023-07-23 19:16:55,2023-07-23 20:12:07,0.91992,68,47.52,143.425,7200,240,Z:\SPART-WORK\Data\Voyager\voyager1\mag\48s\reviewed_vim\2023\voyager1_48s_mag-vim_20230101_v01.cdf,C:\Users\Administrator\Documents\FWD_matlab\Voyager_fu\Voyager_Interstellar_Monthly\HighestPrecision_Segments\V1_MAG48s_segment_1078_20230723T191655_20230723T201207.png,ok,
1,1079,2023-07-24 06:32:07,2023-07-24 12:21:43,5.82671972222222,436,47.52,145.152,7200,240,Z:\SPART-WORK\Data\Voyager\voyager1\mag\48s\reviewed_vim\2023\voyager1_48s_mag-vim_20230101_v01.cdf,C:\Users\Administrator\Documents\FWD_matlab\Voyager_fu\Voyager_Interstellar_Monthly\HighestPrecision_Segments\V1_MAG48s_segment_1079_20230724T063207_20230724T122143.png,ok,
1,1080,2023-07-25 05:45:42,2023-07-25 12:16:55,6.52008,480,47.52,336.097,7200,240,Z:\SPART-WORK\Data\Voyager\voyager1\mag\48s\reviewed_vim\2023\voyager1_48s_mag-vim_20230101_v01.cdf,C:\Users\Administrator\Documents\FWD_matlab\Voyager_fu\Voyager_Interstellar_Monthly\HighestPrecision_Segments\V1_MAG48s_segment_1080_20230725T054542_20230725T121655.png,ok,
1,1081,2023-07-26 02:16:07,2023-07-26 06:11:19,3.91992000006782,293,47.52,145.152,7200,240,Z:\SPART-WORK\Data\Voyager\voyager1\mag\48s\reviewed_vim\2023\voyager1_48s_mag-vim_20230101_v01.cdf,C:\Users\Administrator\Documents\FWD_matlab\Voyager_fu\Voyager_Interstellar_Monthly\HighestPrecision_Segments\V1_MAG48s_segment_1081_20230726T021607_20230726T061119.png,ok,
1,1082,2023-07-26 17:20:54,2023-07-27 00:40:54,7.33344027777778,547,47.52,190.943,7200,240,Z:\SPART-WORK\Data\Voyager\voyager1\mag\48s\reviewed_vim\2023\voyager1_48s_mag-vim_20230101_v01.cdf,C:\Users\Administrator\Documents\FWD_matlab\Voyager_fu\Voyager_Interstellar_Monthly\HighestPrecision_Segments\V1_MAG48s_segment_1082_20230726T172054_20230727T004054.png,ok,
1,1083,2023-07-27 17:34:30,2023-07-27 21:31:18,3.94655972222222,297,47.52,49.249,7200,240,Z:\SPART-WORK\Data\Voyager\voyager1\mag\48s\reviewed_vim\2023\voyager1_48s_mag-vim_20230101_v01.cdf,C:\Users\Administrator\Documents\FWD_matlab\Voyager_fu\Voyager_Interstellar_Monthly\HighestPrecision_Segments\V1_MAG48s_segment_1083_20230727T173430_20230727T213118.png,ok,
1,1084,2023-07-28 17:05:43,2023-07-28 21:00:55,3.91992,292,47.52,143.423,7200,240,Z:\SPART-WORK\Data\Voyager\voyager1\mag\48s\reviewed_vim\2023\voyager1_48s_mag-vim_20230101_v01.cdf,C:\Users\Administrator\Documents\FWD_matlab\Voyager_fu\Voyager_Interstellar_Monthly\HighestPrecision_Segments\V1_MAG48s_segment_1084_20230728T170543_20230728T210055.png,ok,
1,1085,2023-07-29 17:05:43,2023-07-30 01:30:31,8.41344,630,47.52,143.423,7200,240,Z:\SPART-WORK\Data\Voyager\voyager1\mag\48s\reviewed_vim\2023\voyager1_48s_mag-vim_20230101_v01.cdf,C:\Users\Administrator\Documents\FWD_matlab\Voyager_fu\Voyager_Interstellar_Monthly\HighestPrecision_Segments\V1_MAG48s_segment_1085_20230729T170543_20230730T013031.png,ok,
1,1086,2023-07-30 06:46:30,2023-07-30 11:00:55,4.24008,311,47.52,239.328,7200,240,Z:\SPART-WORK\Data\Voyager\voyager1\mag\48s\reviewed_vim\2023\voyager1_48s_mag-vim_20230101_v01.cdf,C:\Users\Administrator\Documents\FWD_matlab\Voyager_fu\Voyager_Interstellar_Monthly\HighestPrecision_Segments\V1_MAG48s_segment_1086_20230730T064630_20230730T110055.png,ok,
1,1087,2023-07-31 03:10:31,2023-07-31 07:40:54,4.50647999993218,337,47.52,143.424999755859,7200,240,Z:\SPART-WORK\Data\Voyager\voyager1\mag\48s\reviewed_vim\2023\voyager1_48s_mag-vim_20230101_v01.cdf,C:\Users\Administrator\Documents\FWD_matlab\Voyager_fu\Voyager_Interstellar_Monthly\HighestPrecision_Segments\V1_MAG48s_segment_1087_20230731T031031_20230731T074054.png,ok,
1,1088,2023-07-31 10:38:31,2023-07-31 14:50:30,4.19976,305,47.52,528.767,7200,240,Z:\SPART-WORK\Data\Voyager\voyager1\mag\48s\reviewed_vim\2023\voyager1_48s_mag-vim_20230101_v01.cdf,C:\Users\Administrator\Documents\FWD_matlab\Voyager_fu\Voyager_Interstellar_Monthly\HighestPrecision_Segments\V1_MAG48s_segment_1088_20230731T103831_20230731T145030.png,ok,
1,1089,2023-07-31 20:49:43,2023-08-01 00:50:30,4.01327972222222,302,47.52,49.249,7200,240,Z:\SPART-WORK\Data\Voyager\voyager1\mag\48s\reviewed_vim\2023\voyager1_48s_mag-vim_20230101_v01.cdf,C:\Users\Administrator\Documents\FWD_matlab\Voyager_fu\Voyager_Interstellar_Monthly\HighestPrecision_Segments\V1_MAG48s_segment_1089_20230731T204943_20230801T005030.png,ok,
1,1090,2023-08-01 17:13:43,2023-08-02 06:15:19,13.0267197222222,973,47.52,192.672,7200,240,Z:\SPART-WORK\Data\Voyager\voyager1\mag\48s\reviewed_vim\2023\voyager1_48s_mag-vim_20230101_v01.cdf,C:\Users\Administrator\Documents\FWD_matlab\Voyager_fu\Voyager_Interstellar_Monthly\HighestPrecision_Segments\V1_MAG48s_segment_1090_20230801T171343_20230802T061519.png,ok,
1,1091,2023-08-02 11:08:54,2023-08-02 15:09:42,4.01328027777778,299,47.52,191.808,7200,240,Z:\SPART-WORK\Data\Voyager\voyager1\mag\48s\reviewed_vim\2023\voyager1_48s_mag-vim_20230101_v01.cdf,C:\Users\Administrator\Documents\FWD_matlab\Voyager_fu\Voyager_Interstellar_Monthly\HighestPrecision_Segments\V1_MAG48s_segment_1091_20230802T110854_20230802T150942.png,ok,
1,1092,2023-08-03 01:36:06,2023-08-03 11:40:06,10.0667997222222,752,47.52,192.672,7200,240,Z:\SPART-WORK\Data\Voyager\voyager1\mag\48s\reviewed_vim\2023\voyager1_48s_mag-vim_20230101_v01.cdf,C:\Users\Administrator\Documents\FWD_matlab\Voyager_fu\Voyager_Interstellar_Monthly\HighestPrecision_Segments\V1_MAG48s_segment_1092_20230803T013606_20230803T114006.png,ok,
1,1093,2023-08-03 22:22:30,2023-08-05 03:59:17,29.61312,1991,47.52,5664.385,7200,240,Z:\SPART-WORK\Data\Voyager\voyager1\mag\48s\reviewed_vim\2023\voyager1_48s_mag-vim_20230101_v01.cdf,C:\Users\Administrator\Documents\FWD_matlab\Voyager_fu\Voyager_Interstellar_Monthly\HighestPrecision_Segments\V1_MAG48s_segment_1093_20230803T222230_20230805T035917.png,ok,
1,1094,2023-08-05 16:25:42,2023-08-06 07:39:19,15.2268002777778,1140,47.52,96.769,7200,240,Z:\SPART-WORK\Data\Voyager\voyager1\mag\48s\reviewed_vim\2023\voyager1_48s_mag-vim_20230101_v01.cdf,C:\Users\Administrator\Documents\FWD_matlab\Voyager_fu\Voyager_Interstellar_Monthly\HighestPrecision_Segments\V1_MAG48s_segment_1094_20230805T162542_20230806T073919.png,ok,
1,1095,2023-08-06 09:58:30,2023-08-06 15:10:29,5.19984027777778,388,47.52,190.943000244141,7200,240,Z:\SPART-WORK\Data\Voyager\voyager1\mag\48s\reviewed_vim\2023\voyager1_48s_mag-vim_20230101_v01.cdf,C:\Users\Administrator\Documents\FWD_matlab\Voyager_fu\Voyager_Interstellar_Monthly\HighestPrecision_Segments\V1_MAG48s_segment_1095_20230806T095830_20230806T151029.png,ok,
1,1096,2023-08-06 22:28:54,2023-08-07 07:29:42,9.01344,675,47.52,143.425,7200,240,Z:\SPART-WORK\Data\Voyager\voyager1\mag\48s\reviewed_vim\2023\voyager1_48s_mag-vim_20230101_v01.cdf,C:\Users\Administrator\Documents\FWD_matlab\Voyager_fu\Voyager_Interstellar_Monthly\HighestPrecision_Segments\V1_MAG48s_segment_1096_20230806T222854_20230807T072942.png,ok,
1,1097,2023-08-08 04:35:18,2023-08-08 07:59:19,3.40008,255,47.52,95.04,7200,240,Z:\SPART-WORK\Data\Voyager\voyager1\mag\48s\reviewed_vim\2023\voyager1_48s_mag-vim_20230101_v01.cdf,C:\Users\Administrator\Documents\FWD_matlab\Voyager_fu\Voyager_Interstellar_Monthly\HighestPrecision_Segments\V1_MAG48s_segment_1097_20230808T043518_20230808T075919.png,ok,
1,1098,2023-08-08 22:19:18,2023-08-09 02:13:42,3.90671972222222,292,47.52,144.287,7200,240,Z:\SPART-WORK\Data\Voyager\voyager1\mag\48s\reviewed_vim\2023\voyager1_48s_mag-vim_20230101_v01.cdf,C:\Users\Administrator\Documents\FWD_matlab\Voyager_fu\Voyager_Interstellar_Monthly\HighestPrecision_Segments\V1_MAG48s_segment_1098_20230808T221918_20230809T021342.png,ok,
1,1099,2023-08-09 11:04:05,2023-08-09 15:08:53,4.08,305,47.52,143.425,7200,240,Z:\SPART-WORK\Data\Voyager\voyager1\mag\48s\reviewed_vim\2023\voyager1_48s_mag-vim_20230101_v01.cdf,C:\Users\Administrator\Documents\FWD_matlab\Voyager_fu\Voyager_Interstellar_Monthly\HighestPrecision_Segments\V1_MAG48s_segment_1099_20230809T110405_20230809T150853.png,ok,
1,1100,2023-08-09 19:07:18,2023-08-09 21:09:42,2.04000027777778,154,47.52,49.249,7200,240,Z:\SPART-WORK\Data\Voyager\voyager1\mag\48s\reviewed_vim\2023\voyager1_48s_mag-vim_20230101_v01.cdf,C:\Users\Administrator\Documents\FWD_matlab\Voyager_fu\Voyager_Interstellar_Monthly\HighestPrecision_Segments\V1_MAG48s_segment_1100_20230809T190718_20230809T210942.png,ok,
1,1101,2023-08-10 01:18:30,2023-08-10 02:28:54,1.17336000006782,86,47.5200002441406,145.151,7200,240,Z:\SPART-WORK\Data\Voyager\voyager1\mag\48s\reviewed_vim\2023\voyager1_48s_mag-vim_20230101_v01.cdf,C:\Users\Administrator\Documents\FWD_matlab\Voyager_fu\Voyager_Interstellar_Monthly\HighestPrecision_Segments\V1_MAG48s_segment_1101_20230810T011830_20230810T022854.png,ok,
1,1102,2023-08-10 16:12:54,2023-08-10 18:58:30,2.75999972222222,200,47.5200002441406,287.713,7200,240,Z:\SPART-WORK\Data\Voyager\voyager1\mag\48s\reviewed_vim\2023\voyager1_48s_mag-vim_20230101_v01.cdf,C:\Users\Administrator\Documents\FWD_matlab\Voyager_fu\Voyager_Interstellar_Monthly\HighestPrecision_Segments\V1_MAG48s_segment_1102_20230810T161254_20230810T185830.png,ok,
1,1103,2023-08-11 03:32:55,2023-08-11 07:53:42,4.34639972229004,325,47.5200002441406,143.423000244141,7200,240,Z:\SPART-WORK\Data\Voyager\voyager1\mag\48s\reviewed_vim\2023\voyager1_48s_mag-vim_20230101_v01.cdf,C:\Users\Administrator\Documents\FWD_matlab\Voyager_fu\Voyager_Interstellar_Monthly\HighestPrecision_Segments\V1_MAG48s_segment_1103_20230811T033255_20230811T075342.png,ok,
1,1104,2023-08-11 11:52:06,2023-08-11 15:58:30,4.10664,309,47.5205,49.249,7200,240,Z:\SPART-WORK\Data\Voyager\voyager1\mag\48s\reviewed_vim\2023\voyager1_48s_mag-vim_20230101_v01.cdf,C:\Users\Administrator\Documents\FWD_matlab\Voyager_fu\Voyager_Interstellar_Monthly\HighestPrecision_Segments\V1_MAG48s_segment_1104_20230811T115206_20230811T155830.png,ok,
1,1105,2023-08-11 20:43:17,2023-08-12 00:18:30,3.58679972222222,268,47.5209997558594,143.425,7200,240,Z:\SPART-WORK\Data\Voyager\voyager1\mag\48s\reviewed_vim\2023\voyager1_48s_mag-vim_20230101_v01.cdf,C:\Users\Administrator\Documents\FWD_matlab\Voyager_fu\Voyager_Interstellar_Monthly\HighestPrecision_Segments\V1_MAG48s_segment_1105_20230811T204317_20230812T001830.png,ok,
1,1106,2023-08-12 20:33:42,2023-08-13 02:43:17,6.15984,463,47.5209997558594,49.249,7200,240,Z:\SPART-WORK\Data\Voyager\voyager1\mag\48s\reviewed_vim\2023\voyager1_48s_mag-vim_20230101_v01.cdf,C:\Users\Administrator\Documents\FWD_matlab\Voyager_fu\Voyager_Interstellar_Monthly\HighestPrecision_Segments\V1_MAG48s_segment_1106_20230812T203342_20230813T024317.png,ok,
1,1107,2023-08-13 19:21:43,2023-08-14 00:43:18,5.35992,400,47.521,191.807000244141,7200,240,Z:\SPART-WORK\Data\Voyager\voyager1\mag\48s\reviewed_vim\2023\voyager1_48s_mag-vim_20230101_v01.cdf,C:\Users\Administrator\Documents\FWD_matlab\Voyager_fu\Voyager_Interstellar_Monthly\HighestPrecision_Segments\V1_MAG48s_segment_1107_20230813T192143_20230814T004318.png,ok,
1,1108,2023-08-14 05:16:54,2023-08-14 09:32:55,4.26672027777778,318,47.521,190.943,7200,240,Z:\SPART-WORK\Data\Voyager\voyager1\mag\48s\reviewed_vim\2023\voyager1_48s_mag-vim_20230101_v01.cdf,C:\Users\Administrator\Documents\FWD_matlab\Voyager_fu\Voyager_Interstellar_Monthly\HighestPrecision_Segments\V1_MAG48s_segment_1108_20230814T051654_20230814T093255.png,ok,
1,1109,2023-08-14 21:13:42,2023-08-15 10:52:53,13.6531197222222,917,47.521,4079.808,7200,240,Z:\SPART-WORK\Data\Voyager\voyager1\mag\48s\reviewed_vim\2023\voyager1_48s_mag-vim_20230101_v01.cdf,C:\Users\Administrator\Documents\FWD_matlab\Voyager_fu\Voyager_Interstellar_Monthly\HighestPrecision_Segments\V1_MAG48s_segment_1109_20230814T211342_20230815T105253.png,ok,
1,1110,2023-08-15 22:01:42,2023-08-16 03:26:29,5.41320027777778,404,47.521,192.671999755859,7200,240,Z:\SPART-WORK\Data\Voyager\voyager1\mag\48s\reviewed_vim\2023\voyager1_48s_mag-vim_20230101_v01.cdf,C:\Users\Administrator\Documents\FWD_matlab\Voyager_fu\Voyager_Interstellar_Monthly\HighestPrecision_Segments\V1_MAG48s_segment_1110_20230815T220142_20230816T032629.png,ok,
1,1111,2023-08-16 05:47:17,2023-08-16 07:48:06,2.01336,150,47.521,144.289,7200,240,Z:\SPART-WORK\Data\Voyager\voyager1\mag\48s\reviewed_vim\2023\voyager1_48s_mag-vim_20230101_v01.cdf,C:\Users\Administrator\Documents\FWD_matlab\Voyager_fu\Voyager_Interstellar_Monthly\HighestPrecision_Segments\V1_MAG48s_segment_1111_20230816T054717_20230816T074806.png,ok,
1,1112,2023-08-16 11:28:05,2023-08-16 15:47:18,4.32024,324,47.521,96.769,7200,240,Z:\SPART-WORK\Data\Voyager\voyager1\mag\48s\reviewed_vim\2023\voyager1_48s_mag-vim_20230101_v01.cdf,C:\Users\Administrator\Documents\FWD_matlab\Voyager_fu\Voyager_Interstellar_Monthly\HighestPrecision_Segments\V1_MAG48s_segment_1112_20230816T112805_20230816T154718.png,ok,
1,1113,2023-08-16 20:17:42,2023-08-17 03:17:42,7.00008027777778,521,47.521,190.944,7200,240,Z:\SPART-WORK\Data\Voyager\voyager1\mag\48s\reviewed_vim\2023\voyager1_48s_mag-vim_20230101_v01.cdf,C:\Users\Administrator\Documents\FWD_matlab\Voyager_fu\Voyager_Interstellar_Monthly\HighestPrecision_Segments\V1_MAG48s_segment_1113_20230816T201742_20230817T031742.png,ok,
1,1114,2023-08-17 15:45:42,2023-08-17 18:32:05,2.77319972222222,209,47.521,49.249,7200,240,Z:\SPART-WORK\Data\Voyager\voyager1\mag\48s\reviewed_vim\2023\voyager1_48s_mag-vim_20230101_v01.cdf,C:\Users\Administrator\Documents\FWD_matlab\Voyager_fu\Voyager_Interstellar_Monthly\HighestPrecision_Segments\V1_MAG48s_segment_1114_20230817T154542_20230817T183205.png,ok,
1,1115,2023-08-18 07:16:54,2023-08-18 13:12:05,5.9196,443,47.521,144.288999755859,7200,240,Z:\SPART-WORK\Data\Voyager\voyager1\mag\48s\reviewed_vim\2023\voyager1_48s_mag-vim_20230101_v01.cdf,C:\Users\Administrator\Documents\FWD_matlab\Voyager_fu\Voyager_Interstellar_Monthly\HighestPrecision_Segments\V1_MAG48s_segment_1115_20230818T071654_20230818T131205.png,ok,
1,1116,2023-08-18 21:50:29,2023-08-19 03:07:18,5.28024000006782,397,47.521,49.249,7200,240,Z:\SPART-WORK\Data\Voyager\voyager1\mag\48s\reviewed_vim\2023\voyager1_48s_mag-vim_20230101_v01.cdf,C:\Users\Administrator\Documents\FWD_matlab\Voyager_fu\Voyager_Interstellar_Monthly\HighestPrecision_Segments\V1_MAG48s_segment_1116_20230818T215029_20230819T030718.png,ok,
1,1117,2023-08-19 21:15:17,2023-08-20 03:01:41,5.77320027770996,434,47.521,49.249,7200,240,Z:\SPART-WORK\Data\Voyager\voyager1\mag\48s\reviewed_vim\2023\voyager1_48s_mag-vim_20230101_v01.cdf,C:\Users\Administrator\Documents\FWD_matlab\Voyager_fu\Voyager_Interstellar_Monthly\HighestPrecision_Segments\V1_MAG48s_segment_1117_20230819T211517_20230820T030141.png,ok,
1,1118,2023-08-20 11:28:05,2023-08-20 15:21:42,3.89376027777778,292,47.521,96.769,7200,240,Z:\SPART-WORK\Data\Voyager\voyager1\mag\48s\reviewed_vim\2023\voyager1_48s_mag-vim_20230101_v01.cdf,C:\Users\Administrator\Documents\FWD_matlab\Voyager_fu\Voyager_Interstellar_Monthly\HighestPrecision_Segments\V1_MAG48s_segment_1118_20230820T112805_20230820T152142.png,ok,
1,1119,2023-08-20 20:22:29,2023-08-21 03:01:41,6.65328,499,47.521,96.7670002441406,7200,240,Z:\SPART-WORK\Data\Voyager\voyager1\mag\48s\reviewed_vim\2023\voyager1_48s_mag-vim_20230101_v01.cdf,C:\Users\Administrator\Documents\FWD_matlab\Voyager_fu\Voyager_Interstellar_Monthly\HighestPrecision_Segments\V1_MAG48s_segment_1119_20230820T202229_20230821T030141.png,ok,
1,1120,2023-08-21 22:09:41,2023-08-22 02:56:54,4.7868,360,47.521,49.249,7200,240,Z:\SPART-WORK\Data\Voyager\voyager1\mag\48s\reviewed_vim\2023\voyager1_48s_mag-vim_20230101_v01.cdf,C:\Users\Administrator\Documents\FWD_matlab\Voyager_fu\Voyager_Interstellar_Monthly\HighestPrecision_Segments\V1_MAG48s_segment_1120_20230821T220941_20230822T025654.png,ok,
1,1121,2023-08-22 08:59:17,2023-08-22 14:36:54,5.62680000006782,423,47.521,49.249,7200,240,Z:\SPART-WORK\Data\Voyager\voyager1\mag\48s\reviewed_vim\2023\voyager1_48s_mag-vim_20230101_v01.cdf,C:\Users\Administrator\Documents\FWD_matlab\Voyager_fu\Voyager_Interstellar_Monthly\HighestPrecision_Segments\V1_MAG48s_segment_1121_20230822T085917_20230822T143654.png,ok,
1,1122,2023-08-22 21:42:29,2023-08-23 02:51:18,5.14680000006782,386,47.521,95.9040002441406,7200,240,Z:\SPART-WORK\Data\Voyager\voyager1\mag\48s\reviewed_vim\2023\voyager1_48s_mag-vim_20230101_v01.cdf,C:\Users\Administrator\Documents\FWD_matlab\Voyager_fu\Voyager_Interstellar_Monthly\HighestPrecision_Segments\V1_MAG48s_segment_1122_20230822T214229_20230823T025118.png,ok,
1,1123,2023-08-23 10:09:41,2023-08-23 15:11:17,5.02656,378,47.521,49.249,7200,240,Z:\SPART-WORK\Data\Voyager\voyager1\mag\48s\reviewed_vim\2023\voyager1_48s_mag-vim_20230101_v01.cdf,C:\Users\Administrator\Documents\FWD_matlab\Voyager_fu\Voyager_Interstellar_Monthly\HighestPrecision_Segments\V1_MAG48s_segment_1123_20230823T100941_20230823T151117.png,ok,
1,1124,2023-08-23 20:49:41,2023-08-24 00:53:41,4.0668,306,47.521,49.249,7200,240,Z:\SPART-WORK\Data\Voyager\voyager1\mag\48s\reviewed_vim\2023\voyager1_48s_mag-vim_20230101_v01.cdf,C:\Users\Administrator\Documents\FWD_matlab\Voyager_fu\Voyager_Interstellar_Monthly\HighestPrecision_Segments\V1_MAG48s_segment_1124_20230823T204941_20230824T005341.png,ok,
1,1125,2023-08-24 22:51:17,2023-08-25 03:25:41,4.5732,342,47.521,143.423,7200,240,Z:\SPART-WORK\Data\Voyager\voyager1\mag\48s\reviewed_vim\2023\voyager1_48s_mag-vim_20230101_v01.cdf,C:\Users\Administrator\Documents\FWD_matlab\Voyager_fu\Voyager_Interstellar_Monthly\HighestPrecision_Segments\V1_MAG48s_segment_1125_20230824T225117_20230825T032541.png,ok,
1,1126,2023-08-25 08:33:42,2023-08-25 15:10:29,6.6132,497,47.521,49.249,7200,240,Z:\SPART-WORK\Data\Voyager\voyager1\mag\48s\reviewed_vim\2023\voyager1_48s_mag-vim_20230101_v01.cdf,C:\Users\Administrator\Documents\FWD_matlab\Voyager_fu\Voyager_Interstellar_Monthly\HighestPrecision_Segments\V1_MAG48s_segment_1126_20230825T083342_20230825T151029.png,ok,
1,1127,2023-08-25 17:15:17,2023-08-26 06:50:29,13.5866397222222,1017,47.521,144.288,7200,240,Z:\SPART-WORK\Data\Voyager\voyager1\mag\48s\reviewed_vim\2023\voyager1_48s_mag-vim_20230101_v01.cdf,C:\Users\Administrator\Documents\FWD_matlab\Voyager_fu\Voyager_Interstellar_Monthly\HighestPrecision_Segments\V1_MAG48s_segment_1127_20230825T171517_20230826T065029.png,ok,
1,1128,2023-08-26 19:40:54,2023-08-27 02:35:18,6.90672027770996,517,47.521,95.9049997558594,7200,240,Z:\SPART-WORK\Data\Voyager\voyager1\mag\48s\reviewed_vim\2023\voyager1_48s_mag-vim_20230101_v01.cdf,C:\Users\Administrator\Documents\FWD_matlab\Voyager_fu\Voyager_Interstellar_Monthly\HighestPrecision_Segments\V1_MAG48s_segment_1128_20230826T194054_20230827T023518.png,ok,
1,1129,2023-08-27 04:40:04,2023-08-27 13:30:30,8.84039972222222,649,47.5209997558594,527.903,7200,240,Z:\SPART-WORK\Data\Voyager\voyager1\mag\48s\reviewed_vim\2023\voyager1_48s_mag-vim_20230101_v01.cdf,C:\Users\Administrator\Documents\FWD_matlab\Voyager_fu\Voyager_Interstellar_Monthly\HighestPrecision_Segments\V1_MAG48s_segment_1129_20230827T044004_20230827T133030.png,ok,
1,1130,2023-08-28 03:29:40,2023-08-28 09:20:05,5.84015972222222,437,47.5209997558594,143.425,7200,240,Z:\SPART-WORK\Data\Voyager\voyager1\mag\48s\reviewed_vim\2023\voyager1_48s_mag-vim_20230101_v01.cdf,C:\Users\Administrator\Documents\FWD_matlab\Voyager_fu\Voyager_Interstellar_Monthly\HighestPrecision_Segments\V1_MAG48s_segment_1130_20230828T032940_20230828T092005.png,ok,
1,1131,2023-08-29 03:34:30,2023-08-29 08:24:53,4.83984,361,47.5209997558594,190.944,7200,240,Z:\SPART-WORK\Data\Voyager\voyager1\mag\48s\reviewed_vim\2023\voyager1_48s_mag-vim_20230101_v01.cdf,C:\Users\Administrator\Documents\FWD_matlab\Voyager_fu\Voyager_Interstellar_Monthly\HighestPrecision_Segments\V1_MAG48s_segment_1131_20230829T033430_20230829T082453.png,ok,
1,1132,2023-08-29 23:23:16,2023-08-30 09:51:16,10.4666397222222,782,47.5200002441406,143.424999755859,7200,240,Z:\SPART-WORK\Data\Voyager\voyager1\mag\48s\reviewed_vim\2023\voyager1_48s_mag-vim_20230101_v01.cdf,C:\Users\Administrator\Documents\FWD_matlab\Voyager_fu\Voyager_Interstellar_Monthly\HighestPrecision_Segments\V1_MAG48s_segment_1132_20230829T232316_20230830T095116.png,ok,
1,1133,2023-08-30 20:49:41,2023-08-31 00:42:29,3.88007972222222,290,47.52,145.151000244141,7200,240,Z:\SPART-WORK\Data\Voyager\voyager1\mag\48s\reviewed_vim\2023\voyager1_48s_mag-vim_20230101_v01.cdf,C:\Users\Administrator\Documents\FWD_matlab\Voyager_fu\Voyager_Interstellar_Monthly\HighestPrecision_Segments\V1_MAG48s_segment_1133_20230830T204941_20230831T004229.png,ok,
1,1134,2023-08-31 22:32:05,2023-09-01 00:44:53,2.21328,155,47.52,527.904,7200,240,Z:\SPART-WORK\Data\Voyager\voyager1\mag\48s\reviewed_vim\2023\voyager1_48s_mag-vim_20230101_v01.cdf,C:\Users\Administrator\Documents\FWD_matlab\Voyager_fu\Voyager_Interstellar_Monthly\HighestPrecision_Segments\V1_MAG48s_segment_1134_20230831T223205_20230901T004453.png,ok,
1,1135,2023-09-01 10:44:54,2023-09-01 14:44:52,3.9996,299,47.52,144.289,7200,240,Z:\SPART-WORK\Data\Voyager\voyager1\mag\48s\reviewed_vim\2023\voyager1_48s_mag-vim_20230101_v01.cdf,C:\Users\Administrator\Documents\FWD_matlab\Voyager_fu\Voyager_Interstellar_Monthly\HighestPrecision_Segments\V1_MAG48s_segment_1135_20230901T104454_20230901T144452.png,ok,
1,1136,2023-09-02 00:52:53,2023-09-02 06:54:29,6.02663972222222,453,47.52,49.249,7200,240,Z:\SPART-WORK\Data\Voyager\voyager1\mag\48s\reviewed_vim\2023\voyager1_48s_mag-vim_20230101_v01.cdf,C:\Users\Administrator\Documents\FWD_matlab\Voyager_fu\Voyager_Interstellar_Monthly\HighestPrecision_Segments\V1_MAG48s_segment_1136_20230902T005253_20230902T065429.png,ok,
1,1137,2023-09-02 09:02:28,2023-09-02 14:34:28,5.53344,416,47.52,49.249,7200,240,Z:\SPART-WORK\Data\Voyager\voyager1\mag\48s\reviewed_vim\2023\voyager1_48s_mag-vim_20230101_v01.cdf,C:\Users\Administrator\Documents\FWD_matlab\Voyager_fu\Voyager_Interstellar_Monthly\HighestPrecision_Segments\V1_MAG48s_segment_1137_20230902T090228_20230902T143428.png,ok,
1,1138,2023-09-02 19:10:29,2023-09-02 20:44:05,1.56,51,47.521,2063.233,7200,240,Z:\SPART-WORK\Data\Voyager\voyager1\mag\48s\reviewed_vim\2023\voyager1_48s_mag-vim_20230101_v01.cdf,C:\Users\Administrator\Documents\FWD_matlab\Voyager_fu\Voyager_Interstellar_Monthly\HighestPrecision_Segments\V1_MAG48s_segment_1138_20230902T191029_20230902T204405.png,ok,
1,1139,2023-09-03 02:32:05,2023-09-03 09:34:30,7.04016,529,47.52,49.249,7200,240,Z:\SPART-WORK\Data\Voyager\voyager1\mag\48s\reviewed_vim\2023\voyager1_48s_mag-vim_20230101_v01.cdf,C:\Users\Administrator\Documents\FWD_matlab\Voyager_fu\Voyager_Interstellar_Monthly\HighestPrecision_Segments\V1_MAG48s_segment_1139_20230903T023205_20230903T093430.png,ok,
1,1140,2023-09-04 08:17:40,2023-09-04 13:08:53,4.85352027777778,362,47.52,192.672,7200,240,Z:\SPART-WORK\Data\Voyager\voyager1\mag\48s\reviewed_vim\2023\voyager1_48s_mag-vim_20230101_v01.cdf,C:\Users\Administrator\Documents\FWD_matlab\Voyager_fu\Voyager_Interstellar_Monthly\HighestPrecision_Segments\V1_MAG48s_segment_1140_20230904T081740_20230904T130853.png,ok,
1,1141,2023-09-05 04:27:17,2023-09-05 09:24:04,4.94639972222222,372,47.52,49.249,7200,240,Z:\SPART-WORK\Data\Voyager\voyager1\mag\48s\reviewed_vim\2023\voyager1_48s_mag-vim_20230101_v01.cdf,C:\Users\Administrator\Documents\FWD_matlab\Voyager_fu\Voyager_Interstellar_Monthly\HighestPrecision_Segments\V1_MAG48s_segment_1141_20230905T042717_20230905T092404.png,ok,
1,1142,2023-09-06 08:38:29,2023-09-06 13:56:53,5.30687972222222,373,47.52,1007.424,7200,240,Z:\SPART-WORK\Data\Voyager\voyager1\mag\48s\reviewed_vim\2023\voyager1_48s_mag-vim_20230101_v01.cdf,C:\Users\Administrator\Documents\FWD_matlab\Voyager_fu\Voyager_Interstellar_Monthly\HighestPrecision_Segments\V1_MAG48s_segment_1142_20230906T083829_20230906T135653.png,ok,
1,1143,2023-09-06 19:26:29,2023-09-06 23:18:29,3.86688027777778,276,47.52,192.672,7200,240,Z:\SPART-WORK\Data\Voyager\voyager1\mag\48s\reviewed_vim\2023\voyager1_48s_mag-vim_20230101_v01.cdf,C:\Users\Administrator\Documents\FWD_matlab\Voyager_fu\Voyager_Interstellar_Monthly\HighestPrecision_Segments\V1_MAG48s_segment_1143_20230906T192629_20230906T231829.png,ok,
1,1144,2023-09-07 23:47:17,2023-09-08 05:23:16,5.59992,418,47.52,192.671999755859,7200,240,Z:\SPART-WORK\Data\Voyager\voyager1\mag\48s\reviewed_vim\2023\voyager1_48s_mag-vim_20230101_v01.cdf,C:\Users\Administrator\Documents\FWD_matlab\Voyager_fu\Voyager_Interstellar_Monthly\HighestPrecision_Segments\V1_MAG48s_segment_1144_20230907T234717_20230908T052316.png,ok,
1,1145,2023-09-08 09:48:53,2023-09-08 14:12:53,4.40015972222222,330,47.52,95.903,7200,240,Z:\SPART-WORK\Data\Voyager\voyager1\mag\48s\reviewed_vim\2023\voyager1_48s_mag-vim_20230101_v01.cdf,C:\Users\Administrator\Documents\FWD_matlab\Voyager_fu\Voyager_Interstellar_Monthly\HighestPrecision_Segments\V1_MAG48s_segment_1145_20230908T094853_20230908T141253.png,ok,
1,1146,2023-09-09 02:59:16,2023-09-09 08:08:04,5.14656,386,47.52,95.903,7200,240,Z:\SPART-WORK\Data\Voyager\voyager1\mag\48s\reviewed_vim\2023\voyager1_48s_mag-vim_20230101_v01.cdf,C:\Users\Administrator\Documents\FWD_matlab\Voyager_fu\Voyager_Interstellar_Monthly\HighestPrecision_Segments\V1_MAG48s_segment_1146_20230909T025916_20230909T080804.png,ok,
1,1147,2023-09-09 17:37:40,2023-09-09 23:17:40,5.66664,424,47.52,143.423,7200,240,Z:\SPART-WORK\Data\Voyager\voyager1\mag\48s\reviewed_vim\2023\voyager1_48s_mag-vim_20230101_v01.cdf,C:\Users\Administrator\Documents\FWD_matlab\Voyager_fu\Voyager_Interstellar_Monthly\HighestPrecision_Segments\V1_MAG48s_segment_1147_20230909T173740_20230909T231740.png,ok,
1,1148,2023-09-10 02:43:16,2023-09-10 13:13:40,10.50648,738,47.52,2303.423,7200,240,Z:\SPART-WORK\Data\Voyager\voyager1\mag\48s\reviewed_vim\2023\voyager1_48s_mag-vim_20230101_v01.cdf,C:\Users\Administrator\Documents\FWD_matlab\Voyager_fu\Voyager_Interstellar_Monthly\HighestPrecision_Segments\V1_MAG48s_segment_1148_20230910T024316_20230910T131340.png,ok,
1,1149,2023-09-11 02:01:40,2023-09-11 08:57:41,6.93360027777778,518,47.52,190.943000244141,7200,240,Z:\SPART-WORK\Data\Voyager\voyager1\mag\48s\reviewed_vim\2023\voyager1_48s_mag-vim_20230101_v01.cdf,C:\Users\Administrator\Documents\FWD_matlab\Voyager_fu\Voyager_Interstellar_Monthly\HighestPrecision_Segments\V1_MAG48s_segment_1149_20230911T020140_20230911T085741.png,ok,
1,1150,2023-09-12 01:56:52,2023-09-12 13:47:17,11.8404,715,47.52,4079.807,7200,240,Z:\SPART-WORK\Data\Voyager\voyager1\mag\48s\reviewed_vim\2023\voyager1_48s_mag-vim_20230101_v01.cdf,C:\Users\Administrator\Documents\FWD_matlab\Voyager_fu\Voyager_Interstellar_Monthly\HighestPrecision_Segments\V1_MAG48s_segment_1150_20230912T015652_20230912T134717.png,ok,
1,1151,2023-09-12 20:41:40,2023-09-13 00:12:04,3.50688027777778,261,47.52,192.672,7200,240,Z:\SPART-WORK\Data\Voyager\voyager1\mag\48s\reviewed_vim\2023\voyager1_48s_mag-vim_20230101_v01.cdf,C:\Users\Administrator\Documents\FWD_matlab\Voyager_fu\Voyager_Interstellar_Monthly\HighestPrecision_Segments\V1_MAG48s_segment_1151_20230912T204140_20230913T001204.png,ok,
1,1152,2023-09-13 02:57:40,2023-09-13 08:52:05,5.90711999993218,442,47.52,145.152,7200,240,Z:\SPART-WORK\Data\Voyager\voyager1\mag\48s\reviewed_vim\2023\voyager1_48s_mag-vim_20230101_v01.cdf,C:\Users\Administrator\Documents\FWD_matlab\Voyager_fu\Voyager_Interstellar_Monthly\HighestPrecision_Segments\V1_MAG48s_segment_1152_20230913T025740_20230913T085205.png,ok,
1,1153,2023-09-13 10:56:03,2023-09-13 13:52:03,2.93327972222222,218,47.52,189.216,7200,240,Z:\SPART-WORK\Data\Voyager\voyager1\mag\48s\reviewed_vim\2023\voyager1_48s_mag-vim_20230101_v01.cdf,C:\Users\Administrator\Documents\FWD_matlab\Voyager_fu\Voyager_Interstellar_Monthly\HighestPrecision_Segments\V1_MAG48s_segment_1153_20230913T105603_20230913T135203.png,ok,
1,1154,2023-09-13 19:55:16,2023-09-13 23:52:53,3.96024,297,47.52,97.631,7200,240,Z:\SPART-WORK\Data\Voyager\voyager1\mag\48s\reviewed_vim\2023\voyager1_48s_mag-vim_20230101_v01.cdf,C:\Users\Administrator\Documents\FWD_matlab\Voyager_fu\Voyager_Interstellar_Monthly\HighestPrecision_Segments\V1_MAG48s_segment_1154_20230913T195516_20230913T235253.png,ok,
1,1155,2023-09-14 21:32:52,2023-09-15 01:27:16,3.90671999993218,293,47.52,95.0409997558594,7200,240,Z:\SPART-WORK\Data\Voyager\voyager1\mag\48s\reviewed_vim\2023\voyager1_48s_mag-vim_20230101_v01.cdf,C:\Users\Administrator\Documents\FWD_matlab\Voyager_fu\Voyager_Interstellar_Monthly\HighestPrecision_Segments\V1_MAG48s_segment_1155_20230914T213252_20230915T012716.png,ok,
1,1156,2023-09-15 20:35:15,2023-09-15 23:51:15,3.26663972222222,236,47.52,286.847,7200,240,Z:\SPART-WORK\Data\Voyager\voyager1\mag\48s\reviewed_vim\2023\voyager1_48s_mag-vim_20230101_v01.cdf,C:\Users\Administrator\Documents\FWD_matlab\Voyager_fu\Voyager_Interstellar_Monthly\HighestPrecision_Segments\V1_MAG48s_segment_1156_20230915T203515_20230915T235115.png,ok,
1,1157,2023-09-16 02:27:15,2023-09-16 04:41:41,2.24064,168,47.52,97.631,7200,240,Z:\SPART-WORK\Data\Voyager\voyager1\mag\48s\reviewed_vim\2023\voyager1_48s_mag-vim_20230101_v01.cdf,C:\Users\Administrator\Documents\FWD_matlab\Voyager_fu\Voyager_Interstellar_Monthly\HighestPrecision_Segments\V1_MAG48s_segment_1157_20230916T022715_20230916T044141.png,ok,
1,1158,2023-09-16 08:35:15,2023-09-16 13:31:16,4.93368,368,47.52,190.081,7200,240,Z:\SPART-WORK\Data\Voyager\voyager1\mag\48s\reviewed_vim\2023\voyager1_48s_mag-vim_20230101_v01.cdf,C:\Users\Administrator\Documents\FWD_matlab\Voyager_fu\Voyager_Interstellar_Monthly\HighestPrecision_Segments\V1_MAG48s_segment_1158_20230916T083515_20230916T133116.png,ok,
1,1159,2023-09-16 20:36:53,2023-09-16 23:56:52,3.33312027777778,249,47.52,142.56,7200,240,Z:\SPART-WORK\Data\Voyager\voyager1\mag\48s\reviewed_vim\2023\voyager1_48s_mag-vim_20230101_v01.cdf,C:\Users\Administrator\Documents\FWD_matlab\Voyager_fu\Voyager_Interstellar_Monthly\HighestPrecision_Segments\V1_MAG48s_segment_1159_20230916T203653_20230916T235652.png,ok,
1,1160,2023-09-17 03:36:04,2023-09-17 08:31:15,4.91975972229004,370,47.52,50.1120002441406,7200,240,Z:\SPART-WORK\Data\Voyager\voyager1\mag\48s\reviewed_vim\2023\voyager1_48s_mag-vim_20230101_v01.cdf,C:\Users\Administrator\Documents\FWD_matlab\Voyager_fu\Voyager_Interstellar_Monthly\HighestPrecision_Segments\V1_MAG48s_segment_1160_20230917T033604_20230917T083115.png,ok,
1,1161,2023-09-17 21:00:52,2023-09-17 23:51:15,2.83968,211,47.52,192.672,7200,240,Z:\SPART-WORK\Data\Voyager\voyager1\mag\48s\reviewed_vim\2023\voyager1_48s_mag-vim_20230101_v01.cdf,C:\Users\Administrator\Documents\FWD_matlab\Voyager_fu\Voyager_Interstellar_Monthly\HighestPrecision_Segments\V1_MAG48s_segment_1161_20230917T210052_20230917T235115.png,ok,
1,1162,2023-09-18 23:15:15,2023-09-19 08:26:28,9.18696,680,47.52,334.367,7200,240,Z:\SPART-WORK\Data\Voyager\voyager1\mag\48s\reviewed_vim\2023\voyager1_48s_mag-vim_20230101_v01.cdf,C:\Users\Administrator\Documents\FWD_matlab\Voyager_fu\Voyager_Interstellar_Monthly\HighestPrecision_Segments\V1_MAG48s_segment_1162_20230918T231515_20230919T082628.png,ok,
1,1163,2023-09-19 11:00:50,2023-09-19 13:31:16,2.50728027777778,187,47.52,142.56,7200,240,Z:\SPART-WORK\Data\Voyager\voyager1\mag\48s\reviewed_vim\2023\voyager1_48s_mag-vim_20230101_v01.cdf,C:\Users\Administrator\Documents\FWD_matlab\Voyager_fu\Voyager_Interstellar_Monthly\HighestPrecision_Segments\V1_MAG48s_segment_1163_20230919T110050_20230919T133116.png,ok,
1,1164,2023-09-20 04:59:15,2023-09-20 13:25:39,8.43984,539,47.52,4224.097,7200,240,Z:\SPART-WORK\Data\Voyager\voyager1\mag\48s\reviewed_vim\2023\voyager1_48s_mag-vim_20230101_v01.cdf,C:\Users\Administrator\Documents\FWD_matlab\Voyager_fu\Voyager_Interstellar_Monthly\HighestPrecision_Segments\V1_MAG48s_segment_1164_20230920T045915_20230920T132539.png,ok,
1,1165,2023-09-21 02:28:50,2023-09-21 08:18:28,5.82719972222222,438,47.52,50.1120002441406,7200,240,Z:\SPART-WORK\Data\Voyager\voyager1\mag\48s\reviewed_vim\2023\voyager1_48s_mag-vim_20230101_v01.cdf,C:\Users\Administrator\Documents\FWD_matlab\Voyager_fu\Voyager_Interstellar_Monthly\HighestPrecision_Segments\V1_MAG48s_segment_1165_20230921T022850_20230921T081828.png,ok,
1,1166,2023-09-22 01:26:29,2023-09-22 13:00:04,11.5598397222222,796,47.52,2927.232,7200,240,Z:\SPART-WORK\Data\Voyager\voyager1\mag\48s\reviewed_vim\2023\voyager1_48s_mag-vim_20230101_v01.cdf,C:\Users\Administrator\Documents\FWD_matlab\Voyager_fu\Voyager_Interstellar_Monthly\HighestPrecision_Segments\V1_MAG48s_segment_1166_20230922T012629_20230922T130004.png,ok,
1,1167,2023-09-23 01:00:52,2023-09-23 13:04:51,12.0664800000678,890,47.52,527.039,7200,240,Z:\SPART-WORK\Data\Voyager\voyager1\mag\48s\reviewed_vim\2023\voyager1_48s_mag-vim_20230101_v01.cdf,C:\Users\Administrator\Documents\FWD_matlab\Voyager_fu\Voyager_Interstellar_Monthly\HighestPrecision_Segments\V1_MAG48s_segment_1167_20230923T010052_20230923T130451.png,ok,
1,1168,2023-09-24 02:38:28,2023-09-24 13:00:04,10.3600797222222,683,47.52,4414.176,7200,240,Z:\SPART-WORK\Data\Voyager\voyager1\mag\48s\reviewed_vim\2023\voyager1_48s_mag-vim_20230101_v01.cdf,C:\Users\Administrator\Documents\FWD_matlab\Voyager_fu\Voyager_Interstellar_Monthly\HighestPrecision_Segments\V1_MAG48s_segment_1168_20230924T023828_20230924T130004.png,ok,
1,1169,2023-09-24 23:05:38,2023-09-25 04:52:03,5.77367999993218,433,47.52,97.632,7200,240,Z:\SPART-WORK\Data\Voyager\voyager1\mag\48s\reviewed_vim\2023\voyager1_48s_mag-vim_20230101_v01.cdf,C:\Users\Administrator\Documents\FWD_matlab\Voyager_fu\Voyager_Interstellar_Monthly\HighestPrecision_Segments\V1_MAG48s_segment_1169_20230924T230538_20230925T045203.png,ok,
1,1170,2023-09-26 02:12:50,2023-09-26 07:13:39,5.01360027770996,368,47.52,429.407000244141,7200,240,Z:\SPART-WORK\Data\Voyager\voyager1\mag\48s\reviewed_vim\2023\voyager1_48s_mag-vim_20230101_v01.cdf,C:\Users\Administrator\Documents\FWD_matlab\Voyager_fu\Voyager_Interstellar_Monthly\HighestPrecision_Segments\V1_MAG48s_segment_1170_20230926T021250_20230926T071339.png,ok,
1,1171,2023-09-27 09:13:39,2023-09-27 12:54:26,3.67967972222222,274,47.52,192.671999755859,7200,240,Z:\SPART-WORK\Data\Voyager\voyager1\mag\48s\reviewed_vim\2023\voyager1_48s_mag-vim_20230101_v01.cdf,C:\Users\Administrator\Documents\FWD_matlab\Voyager_fu\Voyager_Interstellar_Monthly\HighestPrecision_Segments\V1_MAG48s_segment_1171_20230927T091339_20230927T125426.png,ok,
1,1172,2024-05-30 00:01:15,2024-05-30 01:36:27,1.58688027777778,117,47.52,192.672,7200,240,Z:\SPART-WORK\Data\Voyager\voyager1\mag\48s\reviewed_vim\2024\voyager1_48s_mag-vim_20240530_v01.cdf,C:\Users\Administrator\Documents\FWD_matlab\Voyager_fu\Voyager_Interstellar_Monthly\HighestPrecision_Segments\V1_MAG48s_segment_1172_20240530T000115_20240530T013627.png,ok,
1,1173,2024-05-30 14:20:26,2024-05-31 00:30:50,10.17336,625,47.52,6239.808,7200,240,Z:\SPART-WORK\Data\Voyager\voyager1\mag\48s\reviewed_vim\2024\voyager1_48s_mag-vim_20240530_v01.cdf,C:\Users\Administrator\Documents\FWD_matlab\Voyager_fu\Voyager_Interstellar_Monthly\HighestPrecision_Segments\V1_MAG48s_segment_1173_20240530T142026_20240531T003050.png,ok,
1,1174,2024-05-31 04:12:27,2024-05-31 09:10:51,4.97328027777778,372,47.52,95.903,7200,240,Z:\SPART-WORK\Data\Voyager\voyager1\mag\48s\reviewed_vim\2024\voyager1_48s_mag-vim_20240530_v01.cdf,C:\Users\Administrator\Documents\FWD_matlab\Voyager_fu\Voyager_Interstellar_Monthly\HighestPrecision_Segments\V1_MAG48s_segment_1174_20240531T041227_20240531T091051.png,ok,
1,1175,2024-05-31 20:36:28,2024-06-01 00:30:50,3.90624027777778,294,47.52,49.249,7200,240,Z:\SPART-WORK\Data\Voyager\voyager1\mag\48s\reviewed_vim\2024\voyager1_48s_mag-vim_20240530_v01.cdf,C:\Users\Administrator\Documents\FWD_matlab\Voyager_fu\Voyager_Interstellar_Monthly\HighestPrecision_Segments\V1_MAG48s_segment_1175_20240531T203628_20240601T003050.png,ok,
1,1176,2024-06-01 04:06:03,2024-06-01 06:35:40,2.49359972222222,153,47.52,1248.479,7200,240,Z:\SPART-WORK\Data\Voyager\voyager1\mag\48s\reviewed_vim\2024\voyager1_48s_mag-vim_20240530_v01.cdf,C:\Users\Administrator\Documents\FWD_matlab\Voyager_fu\Voyager_Interstellar_Monthly\HighestPrecision_Segments\V1_MAG48s_segment_1176_20240601T040603_20240601T063540.png,ok,
1,1177,2024-06-01 10:49:15,2024-06-01 15:26:03,4.61352,287,47.52,2928.097,7200,240,Z:\SPART-WORK\Data\Voyager\voyager1\mag\48s\reviewed_vim\2024\voyager1_48s_mag-vim_20240530_v01.cdf,C:\Users\Administrator\Documents\FWD_matlab\Voyager_fu\Voyager_Interstellar_Monthly\HighestPrecision_Segments\V1_MAG48s_segment_1177_20240601T104915_20240601T152603.png,ok,
1,1178,2024-06-01 21:54:51,2024-06-02 02:40:27,4.75992027777778,355,47.52,192.672,7200,240,Z:\SPART-WORK\Data\Voyager\voyager1\mag\48s\reviewed_vim\2024\voyager1_48s_mag-vim_20240530_v01.cdf,C:\Users\Administrator\Documents\FWD_matlab\Voyager_fu\Voyager_Interstellar_Monthly\HighestPrecision_Segments\V1_MAG48s_segment_1178_20240601T215451_20240602T024027.png,ok,
1,1179,2024-06-02 20:25:16,2024-06-03 00:35:40,4.17335999993218,313,47.52,95.9049997558594,7200,240,Z:\SPART-WORK\Data\Voyager\voyager1\mag\48s\reviewed_vim\2024\voyager1_48s_mag-vim_20240530_v01.cdf,C:\Users\Administrator\Documents\FWD_matlab\Voyager_fu\Voyager_Interstellar_Monthly\HighestPrecision_Segments\V1_MAG48s_segment_1179_20240602T202516_20240603T003540.png,ok,
1,1180,2024-06-03 04:12:27,2024-06-03 06:30:50,2.30640027777778,159,47.52,624.672,7200,240,Z:\SPART-WORK\Data\Voyager\voyager1\mag\48s\reviewed_vim\2024\voyager1_48s_mag-vim_20240530_v01.cdf,C:\Users\Administrator\Documents\FWD_matlab\Voyager_fu\Voyager_Interstellar_Monthly\HighestPrecision_Segments\V1_MAG48s_segment_1180_20240603T041227_20240603T063050.png,ok,
1,1181,2024-06-03 19:22:51,2024-06-04 00:15:38,4.87968027770996,270,47.52,3504.38399975586,7200,240,Z:\SPART-WORK\Data\Voyager\voyager1\mag\48s\reviewed_vim\2024\voyager1_48s_mag-vim_20240530_v01.cdf,C:\Users\Administrator\Documents\FWD_matlab\Voyager_fu\Voyager_Interstellar_Monthly\HighestPrecision_Segments\V1_MAG48s_segment_1181_20240603T192251_20240604T001538.png,ok,
1,1182,2024-06-04 04:58:50,2024-06-04 06:55:39,1.94688,147,47.52,49.249,7200,240,Z:\SPART-WORK\Data\Voyager\voyager1\mag\48s\reviewed_vim\2024\voyager1_48s_mag-vim_20240530_v01.cdf,C:\Users\Administrator\Documents\FWD_matlab\Voyager_fu\Voyager_Interstellar_Monthly\HighestPrecision_Segments\V1_MAG48s_segment_1182_20240604T045850_20240604T065539.png,ok,
1,1183,2024-06-05 13:26:02,2024-06-05 17:45:15,4.32023972222222,322,47.52,96.767,7200,240,Z:\SPART-WORK\Data\Voyager\voyager1\mag\48s\reviewed_vim\2024\voyager1_48s_mag-vim_20240530_v01.cdf,C:\Users\Administrator\Documents\FWD_matlab\Voyager_fu\Voyager_Interstellar_Monthly\HighestPrecision_Segments\V1_MAG48s_segment_1183_20240605T132602_20240605T174515.png,ok,
1,1184,2024-06-05 21:38:51,2024-06-06 00:50:03,3.18672,239,47.52,95.9030002441406,7200,240,Z:\SPART-WORK\Data\Voyager\voyager1\mag\48s\reviewed_vim\2024\voyager1_48s_mag-vim_20240530_v01.cdf,C:\Users\Administrator\Documents\FWD_matlab\Voyager_fu\Voyager_Interstellar_Monthly\HighestPrecision_Segments\V1_MAG48s_segment_1184_20240605T213851_20240606T005003.png,ok,
1,1185,2024-06-06 03:45:15,2024-06-06 07:40:27,3.91992,252,47.52,719.711999755859,7200,240,Z:\SPART-WORK\Data\Voyager\voyager1\mag\48s\reviewed_vim\2024\voyager1_48s_mag-vim_20240530_v01.cdf,C:\Users\Administrator\Documents\FWD_matlab\Voyager_fu\Voyager_Interstellar_Monthly\HighestPrecision_Segments\V1_MAG48s_segment_1185_20240606T034515_20240606T074027.png,ok,
1,1186,2024-06-06 21:26:03,2024-06-07 00:10:03,2.73336,188,47.52,767.232,7200,240,Z:\SPART-WORK\Data\Voyager\voyager1\mag\48s\reviewed_vim\2024\voyager1_48s_mag-vim_20240530_v01.cdf,C:\Users\Administrator\Documents\FWD_matlab\Voyager_fu\Voyager_Interstellar_Monthly\HighestPrecision_Segments\V1_MAG48s_segment_1186_20240606T212603_20240607T001003.png,ok,
1,1187,2024-06-07 10:36:27,2024-06-07 15:07:38,4.51968,304,47.52,1006.56,7200,240,Z:\SPART-WORK\Data\Voyager\voyager1\mag\48s\reviewed_vim\2024\voyager1_48s_mag-vim_20240530_v01.cdf,C:\Users\Administrator\Documents\FWD_matlab\Voyager_fu\Voyager_Interstellar_Monthly\HighestPrecision_Segments\V1_MAG48s_segment_1187_20240607T103627_20240607T150738.png,ok,
1,1188,2024-06-07 21:34:03,2024-06-08 00:25:14,2.85311972222222,178,47.52,961.631,7200,240,Z:\SPART-WORK\Data\Voyager\voyager1\mag\48s\reviewed_vim\2024\voyager1_48s_mag-vim_20240530_v01.cdf,C:\Users\Administrator\Documents\FWD_matlab\Voyager_fu\Voyager_Interstellar_Monthly\HighestPrecision_Segments\V1_MAG48s_segment_1188_20240607T213403_20240608T002514.png,ok,
1,1189,2024-06-08 03:38:51,2024-06-08 08:05:15,4.44,320,47.52,576.287000244141,7200,240,Z:\SPART-WORK\Data\Voyager\voyager1\mag\48s\reviewed_vim\2024\voyager1_48s_mag-vim_20240530_v01.cdf,C:\Users\Administrator\Documents\FWD_matlab\Voyager_fu\Voyager_Interstellar_Monthly\HighestPrecision_Segments\V1_MAG48s_segment_1189_20240608T033851_20240608T080515.png,ok,
1,1190,2024-06-08 20:12:27,2024-06-08 23:54:51,3.7068,270,47.52,240.191999755859,7200,240,Z:\SPART-WORK\Data\Voyager\voyager1\mag\48s\reviewed_vim\2024\voyager1_48s_mag-vim_20240530_v01.cdf,C:\Users\Administrator\Documents\FWD_matlab\Voyager_fu\Voyager_Interstellar_Monthly\HighestPrecision_Segments\V1_MAG48s_segment_1190_20240608T201227_20240608T235451.png,ok,
1,1191,2024-06-09 03:34:03,2024-06-09 05:30:02,1.93319972222222,143,47.52,190.945,7200,240,Z:\SPART-WORK\Data\Voyager\voyager1\mag\48s\reviewed_vim\2024\voyager1_48s_mag-vim_20240530_v01.cdf,C:\Users\Administrator\Documents\FWD_matlab\Voyager_fu\Voyager_Interstellar_Monthly\HighestPrecision_Segments\V1_MAG48s_segment_1191_20240609T033403_20240609T053002.png,ok,
1,1192,2024-06-09 19:54:51,2024-06-09 23:21:14,3.43968027777778,239,47.52,767.232,7200,240,Z:\SPART-WORK\Data\Voyager\voyager1\mag\48s\reviewed_vim\2024\voyager1_48s_mag-vim_20240530_v01.cdf,C:\Users\Administrator\Documents\FWD_matlab\Voyager_fu\Voyager_Interstellar_Monthly\HighestPrecision_Segments\V1_MAG48s_segment_1192_20240609T195451_20240609T232114.png,ok,
1,1193,2024-06-10 04:18:51,2024-06-10 06:45:14,2.43984,181,47.52,192.672000244141,7200,240,Z:\SPART-WORK\Data\Voyager\voyager1\mag\48s\reviewed_vim\2024\voyager1_48s_mag-vim_20240530_v01.cdf,C:\Users\Administrator\Documents\FWD_matlab\Voyager_fu\Voyager_Interstellar_Monthly\HighestPrecision_Segments\V1_MAG48s_segment_1193_20240610T041851_20240610T064514.png,ok,
1,1194,2024-06-10 19:54:51,2024-06-10 23:39:39,3.74664027777778,277,47.52,145.152000244141,7200,240,Z:\SPART-WORK\Data\Voyager\voyager1\mag\48s\reviewed_vim\2024\voyager1_48s_mag-vim_20240530_v01.cdf,C:\Users\Administrator\Documents\FWD_matlab\Voyager_fu\Voyager_Interstellar_Monthly\HighestPrecision_Segments\V1_MAG48s_segment_1194_20240610T195451_20240610T233939.png,ok,
1,1195,2024-06-11 19:50:02,2024-06-12 03:14:50,7.41336,542,47.52,623.809,7200,240,Z:\SPART-WORK\Data\Voyager\voyager1\mag\48s\reviewed_vim\2024\voyager1_48s_mag-vim_20240530_v01.cdf,C:\Users\Administrator\Documents\FWD_matlab\Voyager_fu\Voyager_Interstellar_Monthly\HighestPrecision_Segments\V1_MAG48s_segment_1195_20240611T195002_20240612T031450.png,ok,
1,1196,2024-06-12 13:26:02,2024-06-12 17:54:51,4.48032,336,47.52,96.767,7200,240,Z:\SPART-WORK\Data\Voyager\voyager1\mag\48s\reviewed_vim\2024\voyager1_48s_mag-vim_20240530_v01.cdf,C:\Users\Administrator\Documents\FWD_matlab\Voyager_fu\Voyager_Interstellar_Monthly\HighestPrecision_Segments\V1_MAG48s_segment_1196_20240612T132602_20240612T175451.png,ok,
1,1197,2024-06-12 21:05:15,2024-06-12 23:34:50,2.49312,186,47.52,143.425,7200,240,Z:\SPART-WORK\Data\Voyager\voyager1\mag\48s\reviewed_vim\2024\voyager1_48s_mag-vim_20240530_v01.cdf,C:\Users\Administrator\Documents\FWD_matlab\Voyager_fu\Voyager_Interstellar_Monthly\HighestPrecision_Segments\V1_MAG48s_segment_1197_20240612T210515_20240612T233450.png,ok,
1,1198,2024-06-13 03:19:38,2024-06-13 06:14:50,2.92008,218,47.52,143.425,7200,240,Z:\SPART-WORK\Data\Voyager\voyager1\mag\48s\reviewed_vim\2024\voyager1_48s_mag-vim_20240530_v01.cdf,C:\Users\Administrator\Documents\FWD_matlab\Voyager_fu\Voyager_Interstellar_Monthly\HighestPrecision_Segments\V1_MAG48s_segment_1198_20240613T031938_20240613T061450.png,ok,
1,1199,2024-06-13 19:40:26,2024-06-13 23:34:50,3.90671999993218,293,47.52,95.9049997558594,7200,240,Z:\SPART-WORK\Data\Voyager\voyager1\mag\48s\reviewed_vim\2024\voyager1_48s_mag-vim_20240530_v01.cdf,C:\Users\Administrator\Documents\FWD_matlab\Voyager_fu\Voyager_Interstellar_Monthly\HighestPrecision_Segments\V1_MAG48s_segment_1199_20240613T194026_20240613T233450.png,ok,
1,1200,2024-06-14 10:38:02,2024-06-14 14:34:50,3.94679972222222,293,47.52,192.672,7200,240,Z:\SPART-WORK\Data\Voyager\voyager1\mag\48s\reviewed_vim\2024\voyager1_48s_mag-vim_20240530_v01.cdf,C:\Users\Administrator\Documents\FWD_matlab\Voyager_fu\Voyager_Interstellar_Monthly\HighestPrecision_Segments\V1_MAG48s_segment_1200_20240614T103802_20240614T143450.png,ok,
1,1201,2024-06-14 20:15:38,2024-06-14 23:34:50,3.32016,249,47.52,96.769,7200,240,Z:\SPART-WORK\Data\Voyager\voyager1\mag\48s\reviewed_vim\2024\voyager1_48s_mag-vim_20240530_v01.cdf,C:\Users\Administrator\Documents\FWD_matlab\Voyager_fu\Voyager_Interstellar_Monthly\HighestPrecision_Segments\V1_MAG48s_segment_1201_20240614T201538_20240614T233450.png,ok,
1,1202,2024-06-15 03:10:02,2024-06-15 06:24:27,3.24024,225,47.52,816.479,7200,240,Z:\SPART-WORK\Data\Voyager\voyager1\mag\48s\reviewed_vim\2024\voyager1_48s_mag-vim_20240530_v01.cdf,C:\Users\Administrator\Documents\FWD_matlab\Voyager_fu\Voyager_Interstellar_Monthly\HighestPrecision_Segments\V1_MAG48s_segment_1202_20240615T031002_20240615T062427.png,ok,
1,1203,2024-06-15 19:40:26,2024-06-16 01:09:14,5.47991999993218,411,47.52,95.9049997558594,7200,240,Z:\SPART-WORK\Data\Voyager\voyager1\mag\48s\reviewed_vim\2024\voyager1_48s_mag-vim_20240530_v01.cdf,C:\Users\Administrator\Documents\FWD_matlab\Voyager_fu\Voyager_Interstellar_Monthly\HighestPrecision_Segments\V1_MAG48s_segment_1203_20240615T194026_20240616T010914.png,ok,
1,1204,2024-06-16 19:32:26,2024-06-16 23:34:03,4.02696,303,47.52,49.249,7200,240,Z:\SPART-WORK\Data\Voyager\voyager1\mag\48s\reviewed_vim\2024\voyager1_48s_mag-vim_20240530_v01.cdf,C:\Users\Administrator\Documents\FWD_matlab\Voyager_fu\Voyager_Interstellar_Monthly\HighestPrecision_Segments\V1_MAG48s_segment_1204_20240616T193226_20240616T233403.png,ok,
1,1205,2024-06-17 14:22:03,2024-06-17 18:44:27,4.37328,325,47.52,143.424999755859,7200,240,Z:\SPART-WORK\Data\Voyager\voyager1\mag\48s\reviewed_vim\2024\voyager1_48s_mag-vim_20240530_v01.cdf,C:\Users\Administrator\Documents\FWD_matlab\Voyager_fu\Voyager_Interstellar_Monthly\HighestPrecision_Segments\V1_MAG48s_segment_1205_20240617T142203_20240617T184427.png,ok,
1,1206,2024-06-18 03:24:26,2024-06-18 13:09:14,9.74664,725,47.52,192.672,7200,240,Z:\SPART-WORK\Data\Voyager\voyager1\mag\48s\reviewed_vim\2024\voyager1_48s_mag-vim_20240530_v01.cdf,C:\Users\Administrator\Documents\FWD_matlab\Voyager_fu\Voyager_Interstellar_Monthly\HighestPrecision_Segments\V1_MAG48s_segment_1206_20240618T032426_20240618T130914.png,ok,
1,1207,2024-06-18 19:59:38,2024-06-19 03:49:14,7.82664,457,47.52,4799.519,7200,240,Z:\SPART-WORK\Data\Voyager\voyager1\mag\48s\reviewed_vim\2024\voyager1_48s_mag-vim_20240530_v01.cdf,C:\Users\Administrator\Documents\FWD_matlab\Voyager_fu\Voyager_Interstellar_Monthly\HighestPrecision_Segments\V1_MAG48s_segment_1207_20240618T195938_20240619T034914.png,ok,
1,1208,2024-06-19 10:22:03,2024-06-19 15:39:38,5.2932,377,47.52,286.848,7200,240,Z:\SPART-WORK\Data\Voyager\voyager1\mag\48s\reviewed_vim\2024\voyager1_48s_mag-vim_20240530_v01.cdf,C:\Users\Administrator\Documents\FWD_matlab\Voyager_fu\Voyager_Interstellar_Monthly\HighestPrecision_Segments\V1_MAG48s_segment_1208_20240619T102203_20240619T153938.png,ok,
1,1209,2024-06-19 19:18:02,2024-06-20 00:14:02,4.93319972229004,368,47.52,191.809,7200,240,Z:\SPART-WORK\Data\Voyager\voyager1\mag\48s\reviewed_vim\2024\voyager1_48s_mag-vim_20240530_v01.cdf,C:\Users\Administrator\Documents\FWD_matlab\Voyager_fu\Voyager_Interstellar_Monthly\HighestPrecision_Segments\V1_MAG48s_segment_1209_20240619T191802_20240620T001402.png,ok,
1,1210,2024-06-20 03:06:02,2024-06-20 04:44:26,1.63992027777778,114,47.5200002441406,286.848,7200,240,Z:\SPART-WORK\Data\Voyager\voyager1\mag\48s\reviewed_vim\2024\voyager1_48s_mag-vim_20240530_v01.cdf,C:\Users\Administrator\Documents\FWD_matlab\Voyager_fu\Voyager_Interstellar_Monthly\HighestPrecision_Segments\V1_MAG48s_segment_1210_20240620T030602_20240620T044426.png,ok,
1,1211,2024-06-20 12:26:51,2024-06-20 16:54:02,4.45296,335,47.52,49.249,7200,240,Z:\SPART-WORK\Data\Voyager\voyager1\mag\48s\reviewed_vim\2024\voyager1_48s_mag-vim_20240530_v01.cdf,C:\Users\Administrator\Documents\FWD_matlab\Voyager_fu\Voyager_Interstellar_Monthly\HighestPrecision_Segments\V1_MAG48s_segment_1211_20240620T122651_20240620T165402.png,ok,
1,1212,2024-06-20 19:14:50,2024-06-20 23:09:14,3.90672,285,47.5200002441406,432.864,7200,240,Z:\SPART-WORK\Data\Voyager\voyager1\mag\48s\reviewed_vim\2024\voyager1_48s_mag-vim_20240530_v01.cdf,C:\Users\Administrator\Documents\FWD_matlab\Voyager_fu\Voyager_Interstellar_Monthly\HighestPrecision_Segments\V1_MAG48s_segment_1212_20240620T191450_20240620T230914.png,ok,
1,1213,2024-06-21 02:44:26,2024-06-21 06:38:51,3.90672,277,47.5200002441406,815.615999755859,7200,240,Z:\SPART-WORK\Data\Voyager\voyager1\mag\48s\reviewed_vim\2024\voyager1_48s_mag-vim_20240530_v01.cdf,C:\Users\Administrator\Documents\FWD_matlab\Voyager_fu\Voyager_Interstellar_Monthly\HighestPrecision_Segments\V1_MAG48s_segment_1213_20240621T024426_20240621T063851.png,ok,
1,1214,2024-06-21 19:06:50,2024-06-21 23:54:02,4.78655972222222,339,47.5209997558594,1008.288,7200,240,Z:\SPART-WORK\Data\Voyager\voyager1\mag\48s\reviewed_vim\2024\voyager1_48s_mag-vim_20240530_v01.cdf,C:\Users\Administrator\Documents\FWD_matlab\Voyager_fu\Voyager_Interstellar_Monthly\HighestPrecision_Segments\V1_MAG48s_segment_1214_20240621T190650_20240621T235402.png,ok,
1,1215,2024-06-22 10:07:38,2024-06-22 13:54:02,3.77328027777778,254,47.5209997558594,673.056,7200,240,Z:\SPART-WORK\Data\Voyager\voyager1\mag\48s\reviewed_vim\2024\voyager1_48s_mag-vim_20240530_v01.cdf,C:\Users\Administrator\Documents\FWD_matlab\Voyager_fu\Voyager_Interstellar_Monthly\HighestPrecision_Segments\V1_MAG48s_segment_1215_20240622T100738_20240622T135402.png,ok,
1,1216,2024-06-22 19:03:38,2024-06-23 00:48:27,5.74704,392,47.521,1103.327,7200,240,Z:\SPART-WORK\Data\Voyager\voyager1\mag\48s\reviewed_vim\2024\voyager1_48s_mag-vim_20240530_v01.cdf,C:\Users\Administrator\Documents\FWD_matlab\Voyager_fu\Voyager_Interstellar_Monthly\HighestPrecision_Segments\V1_MAG48s_segment_1216_20240622T190338_20240623T004827.png,ok,
1,1217,2024-06-23 13:34:02,2024-06-23 22:54:02,9.33312,599,47.521,4799.521,7200,240,Z:\SPART-WORK\Data\Voyager\voyager1\mag\48s\reviewed_vim\2024\voyager1_48s_mag-vim_20240530_v01.cdf,C:\Users\Administrator\Documents\FWD_matlab\Voyager_fu\Voyager_Interstellar_Monthly\HighestPrecision_Segments\V1_MAG48s_segment_1217_20240623T133402_20240623T225402.png,ok,
1,1218,2024-06-24 02:31:37,2024-06-24 06:40:26,4.14671999993218,280,47.521,1008.287,7200,240,Z:\SPART-WORK\Data\Voyager\voyager1\mag\48s\reviewed_vim\2024\voyager1_48s_mag-vim_20240530_v01.cdf,C:\Users\Administrator\Documents\FWD_matlab\Voyager_fu\Voyager_Interstellar_Monthly\HighestPrecision_Segments\V1_MAG48s_segment_1218_20240624T023137_20240624T064026.png,ok,
1,1219,2024-06-24 20:58:50,2024-06-24 21:43:37,0.746640277777778,55,47.521,143.423,7200,240,Z:\SPART-WORK\Data\Voyager\voyager1\mag\48s\reviewed_vim\2024\voyager1_48s_mag-vim_20240530_v01.cdf,C:\Users\Administrator\Documents\FWD_matlab\Voyager_fu\Voyager_Interstellar_Monthly\HighestPrecision_Segments\V1_MAG48s_segment_1219_20240624T205850_20240624T214337.png,ok,
1,1220,2024-06-25 02:31:37,2024-06-25 14:48:26,12.28008027771,812,47.521,4175.712,7200,240,Z:\SPART-WORK\Data\Voyager\voyager1\mag\48s\reviewed_vim\2024\voyager1_48s_mag-vim_20240530_v01.cdf,C:\Users\Administrator\Documents\FWD_matlab\Voyager_fu\Voyager_Interstellar_Monthly\HighestPrecision_Segments\V1_MAG48s_segment_1220_20240625T023137_20240625T144826.png,ok,
1,1221,2024-06-25 18:52:25,2024-06-25 22:48:25,3.93336000006782,280,47.521,431.999,7200,240,Z:\SPART-WORK\Data\Voyager\voyager1\mag\48s\reviewed_vim\2024\voyager1_48s_mag-vim_20240530_v01.cdf,C:\Users\Administrator\Documents\FWD_matlab\Voyager_fu\Voyager_Interstellar_Monthly\HighestPrecision_Segments\V1_MAG48s_segment_1221_20240625T185225_20240625T224825.png,ok,
1,1222,2024-06-26 19:58:02,2024-06-27 04:08:26,8.17343972222222,456,47.521,7199.712,7200,240,Z:\SPART-WORK\Data\Voyager\voyager1\mag\48s\reviewed_vim\2024\voyager1_48s_mag-vim_20240530_v01.cdf,C:\Users\Administrator\Documents\FWD_matlab\Voyager_fu\Voyager_Interstellar_Monthly\HighestPrecision_Segments\V1_MAG48s_segment_1222_20240626T195802_20240627T040826.png,ok,
1,1223,2024-06-27 19:13:14,2024-06-27 23:53:13,4.66655972229004,312,47.521,1823.04,7200,240,Z:\SPART-WORK\Data\Voyager\voyager1\mag\48s\reviewed_vim\2024\voyager1_48s_mag-vim_20240530_v01.cdf,C:\Users\Administrator\Documents\FWD_matlab\Voyager_fu\Voyager_Interstellar_Monthly\HighestPrecision_Segments\V1_MAG48s_segment_1223_20240627T191314_20240627T235313.png,ok,
1,1224,2024-06-28 10:17:13,2024-06-28 12:44:25,2.45328000006782,182,47.521,192.672,7200,240,Z:\SPART-WORK\Data\Voyager\voyager1\mag\48s\reviewed_vim\2024\voyager1_48s_mag-vim_20240530_v01.cdf,C:\Users\Administrator\Documents\FWD_matlab\Voyager_fu\Voyager_Interstellar_Monthly\HighestPrecision_Segments\V1_MAG48s_segment_1224_20240628T101713_20240628T124425.png,ok,
1,1225,2024-06-28 18:42:02,2024-06-28 22:33:13,3.85320027777778,270,47.521,912.384000244141,7200,240,Z:\SPART-WORK\Data\Voyager\voyager1\mag\48s\reviewed_vim\2024\voyager1_48s_mag-vim_20240530_v01.cdf,C:\Users\Administrator\Documents\FWD_matlab\Voyager_fu\Voyager_Interstellar_Monthly\HighestPrecision_Segments\V1_MAG48s_segment_1225_20240628T184202_20240628T223313.png,ok,
1,1226,2024-06-29 02:12:25,2024-06-29 03:50:50,1.6404,101,47.521,815.617,7200,240,Z:\SPART-WORK\Data\Voyager\voyager1\mag\48s\reviewed_vim\2024\voyager1_48s_mag-vim_20240530_v01.cdf,C:\Users\Administrator\Documents\FWD_matlab\Voyager_fu\Voyager_Interstellar_Monthly\HighestPrecision_Segments\V1_MAG48s_segment_1226_20240629T021225_20240629T035050.png,ok,
1,1227,2024-06-29 18:38:01,2024-06-30 01:07:38,6.49344,461,47.521,432,7200,240,Z:\SPART-WORK\Data\Voyager\voyager1\mag\48s\reviewed_vim\2024\voyager1_48s_mag-vim_20240530_v01.cdf,C:\Users\Administrator\Documents\FWD_matlab\Voyager_fu\Voyager_Interstellar_Monthly\HighestPrecision_Segments\V1_MAG48s_segment_1227_20240629T183801_20240630T010738.png,ok,
1,1228,2024-06-30 18:31:38,2024-06-30 23:27:37,4.93319972222222,369,47.521,143.424999755859,7200,240,Z:\SPART-WORK\Data\Voyager\voyager1\mag\48s\reviewed_vim\2024\voyager1_48s_mag-vim_20240530_v01.cdf,C:\Users\Administrator\Documents\FWD_matlab\Voyager_fu\Voyager_Interstellar_Monthly\HighestPrecision_Segments\V1_MAG48s_segment_1228_20240630T183138_20240630T232737.png,ok,
1,1229,2024-07-01 02:47:37,2024-07-01 06:32:25,3.74663972222222,280,47.521,144.287000244141,7200,240,Z:\SPART-WORK\Data\Voyager\voyager1\mag\48s\reviewed_vim\2024\voyager1_48s_mag-vim_20240530_v01.cdf,C:\Users\Administrator\Documents\FWD_matlab\Voyager_fu\Voyager_Interstellar_Monthly\HighestPrecision_Segments\V1_MAG48s_segment_1229_20240701T024737_20240701T063225.png,ok,
1,1230,2024-07-01 18:26:49,2024-07-01 23:38:01,5.18663972222222,380,47.521,480.383000244141,7200,240,Z:\SPART-WORK\Data\Voyager\voyager1\mag\48s\reviewed_vim\2024\voyager1_48s_mag-vim_20240530_v01.cdf,C:\Users\Administrator\Documents\FWD_matlab\Voyager_fu\Voyager_Interstellar_Monthly\HighestPrecision_Segments\V1_MAG48s_segment_1230_20240701T182649_20240701T233801.png,ok,
1,1231,2024-07-02 21:13:14,2024-07-02 22:57:13,1.73328027777778,130,47.521,95.905,7200,240,Z:\SPART-WORK\Data\Voyager\voyager1\mag\48s\reviewed_vim\2024\voyager1_48s_mag-vim_20240530_v01.cdf,C:\Users\Administrator\Documents\FWD_matlab\Voyager_fu\Voyager_Interstellar_Monthly\HighestPrecision_Segments\V1_MAG48s_segment_1231_20240702T211314_20240702T225713.png,ok,
1,1232,2024-07-03 01:56:26,2024-07-03 06:02:50,4.10664,301,47.521,288.576,7200,240,Z:\SPART-WORK\Data\Voyager\voyager1\mag\48s\reviewed_vim\2024\voyager1_48s_mag-vim_20240530_v01.cdf,C:\Users\Administrator\Documents\FWD_matlab\Voyager_fu\Voyager_Interstellar_Monthly\HighestPrecision_Segments\V1_MAG48s_segment_1232_20240703T015626_20240703T060250.png,ok,
1,1233,2024-07-03 18:34:50,2024-07-03 22:17:13,3.70655972222222,277,47.521,143.423,7200,240,Z:\SPART-WORK\Data\Voyager\voyager1\mag\48s\reviewed_vim\2024\voyager1_48s_mag-vim_20240530_v01.cdf,C:\Users\Administrator\Documents\FWD_matlab\Voyager_fu\Voyager_Interstellar_Monthly\HighestPrecision_Segments\V1_MAG48s_segment_1233_20240703T183450_20240703T221713.png,ok,
1,1234,2024-07-04 01:58:54,2024-07-04 08:05:17,6.10655972222222,459,47.52,49.249,7200,240,Z:\SPART-WORK\Data\Voyager\voyager1\mag\48s\reviewed_vim\2024\voyager1_48s_mag-vim_20240530_v01.cdf,C:\Users\Administrator\Documents\FWD_matlab\Voyager_fu\Voyager_Interstellar_Monthly\HighestPrecision_Segments\V1_MAG48s_segment_1234_20240704T015854_20240704T080517.png,ok,
1,1235,2024-07-04 19:49:17,2024-07-05 04:39:41,8.83992027777778,526,47.52,5760.28700024414,7200,240,Z:\SPART-WORK\Data\Voyager\voyager1\mag\48s\reviewed_vim\2024\voyager1_48s_mag-vim_20240530_v01.cdf,C:\Users\Administrator\Documents\FWD_matlab\Voyager_fu\Voyager_Interstellar_Monthly\HighestPrecision_Segments\V1_MAG48s_segment_1235_20240704T194917_20240705T043941.png,ok,
1,1236,2024-07-05 18:22:52,2024-07-05 22:39:41,4.2804,320,47.52,143.425,7200,240,Z:\SPART-WORK\Data\Voyager\voyager1\mag\48s\reviewed_vim\2024\voyager1_48s_mag-vim_20240530_v01.cdf,C:\Users\Administrator\Documents\FWD_matlab\Voyager_fu\Voyager_Interstellar_Monthly\HighestPrecision_Segments\V1_MAG48s_segment_1236_20240705T182252_20240705T223941.png,ok,
1,1237,2024-07-06 01:44:29,2024-07-06 05:50:05,4.09344,282,47.52,1056.673,7200,240,Z:\SPART-WORK\Data\Voyager\voyager1\mag\48s\reviewed_vim\2024\voyager1_48s_mag-vim_20240530_v01.cdf,C:\Users\Administrator\Documents\FWD_matlab\Voyager_fu\Voyager_Interstellar_Monthly\HighestPrecision_Segments\V1_MAG48s_segment_1237_20240706T014429_20240706T055005.png,ok,
1,1238,2024-07-07 01:47:40,2024-07-07 05:50:53,4.05336,295,47.52,239.328,7200,240,Z:\SPART-WORK\Data\Voyager\voyager1\mag\48s\reviewed_vim\2024\voyager1_48s_mag-vim_20240530_v01.cdf,C:\Users\Administrator\Documents\FWD_matlab\Voyager_fu\Voyager_Interstellar_Monthly\HighestPrecision_Segments\V1_MAG48s_segment_1238_20240707T014740_20240707T055053.png,ok,
1,1239,2024-07-07 18:13:16,2024-07-08 00:04:28,5.85336,440,47.52,49.249,7200,240,Z:\SPART-WORK\Data\Voyager\voyager1\mag\48s\reviewed_vim\2024\voyager1_48s_mag-vim_20240530_v01.cdf,C:\Users\Administrator\Documents\FWD_matlab\Voyager_fu\Voyager_Interstellar_Monthly\HighestPrecision_Segments\V1_MAG48s_segment_1239_20240707T181316_20240708T000428.png,ok,
1,1240,2024-07-08 18:00:29,2024-07-08 21:54:04,3.89304027777778,281,47.52,335.233,7200,240,Z:\SPART-WORK\Data\Voyager\voyager1\mag\48s\reviewed_vim\2024\voyager1_48s_mag-vim_20240530_v01.cdf,C:\Users\Administrator\Documents\FWD_matlab\Voyager_fu\Voyager_Interstellar_Monthly\HighestPrecision_Segments\V1_MAG48s_segment_1240_20240708T180029_20240708T215404.png,ok,
1,1241,2024-07-09 02:18:04,2024-07-09 06:14:04,3.93336027777778,293,47.52,192.672,7200,240,Z:\SPART-WORK\Data\Voyager\voyager1\mag\48s\reviewed_vim\2024\voyager1_48s_mag-vim_20240530_v01.cdf,C:\Users\Administrator\Documents\FWD_matlab\Voyager_fu\Voyager_Interstellar_Monthly\HighestPrecision_Segments\V1_MAG48s_segment_1241_20240709T021804_20240709T061404.png,ok,
1,1242,2024-07-09 17:54:04,2024-07-09 21:49:17,3.92040027770996,263,47.52,1391.904,7200,240,Z:\SPART-WORK\Data\Voyager\voyager1\mag\48s\reviewed_vim\2024\voyager1_48s_mag-vim_20240530_v01.cdf,C:\Users\Administrator\Documents\FWD_matlab\Voyager_fu\Voyager_Interstellar_Monthly\HighestPrecision_Segments\V1_MAG48s_segment_1242_20240709T175404_20240709T214917.png,ok,
1,1243,2024-07-10 01:22:03,2024-07-10 05:18:52,3.9468,297,47.52,49.249,7200,240,Z:\SPART-WORK\Data\Voyager\voyager1\mag\48s\reviewed_vim\2024\voyager1_48s_mag-vim_20240530_v01.cdf,C:\Users\Administrator\Documents\FWD_matlab\Voyager_fu\Voyager_Interstellar_Monthly\HighestPrecision_Segments\V1_MAG48s_segment_1243_20240710T012203_20240710T051852.png,ok,
1,1244,2024-07-10 17:54:04,2024-07-11 08:09:16,14.2533599999322,915,47.52,7008.768,7200,240,Z:\SPART-WORK\Data\Voyager\voyager1\mag\48s\reviewed_vim\2024\voyager1_48s_mag-vim_20240530_v01.cdf,C:\Users\Administrator\Documents\FWD_matlab\Voyager_fu\Voyager_Interstellar_Monthly\HighestPrecision_Segments\V1_MAG48s_segment_1244_20240710T175404_20240711T080916.png,ok,
1,1245,2024-07-11 11:25:16,2024-07-11 15:34:05,4.14672027777778,311,47.5200002441406,95.041,7200,240,Z:\SPART-WORK\Data\Voyager\voyager1\mag\48s\reviewed_vim\2024\voyager1_48s_mag-vim_20240530_v01.cdf,C:\Users\Administrator\Documents\FWD_matlab\Voyager_fu\Voyager_Interstellar_Monthly\HighestPrecision_Segments\V1_MAG48s_segment_1245_20240711T112516_20240711T153405.png,ok,
1,1246,2024-07-11 17:44:27,2024-07-11 21:38:51,3.90672,273,47.5209997558594,1006.55999975586,7200,240,Z:\SPART-WORK\Data\Voyager\voyager1\mag\48s\reviewed_vim\2024\voyager1_48s_mag-vim_20240530_v01.cdf,C:\Users\Administrator\Documents\FWD_matlab\Voyager_fu\Voyager_Interstellar_Monthly\HighestPrecision_Segments\V1_MAG48s_segment_1246_20240711T174427_20240711T213851.png,ok,
1,1247,2024-07-12 01:18:52,2024-07-12 05:14:52,3.93311999993218,285,47.5205,383.617,7200,240,Z:\SPART-WORK\Data\Voyager\voyager1\mag\48s\reviewed_vim\2024\voyager1_48s_mag-vim_20240530_v01.cdf,C:\Users\Administrator\Documents\FWD_matlab\Voyager_fu\Voyager_Interstellar_Monthly\HighestPrecision_Segments\V1_MAG48s_segment_1247_20240712T011852_20240712T051452.png,ok,
1,1248,2024-07-12 17:50:53,2024-07-12 21:43:40,3.87983972229004,288,47.521,190.943000244141,7200,240,Z:\SPART-WORK\Data\Voyager\voyager1\mag\48s\reviewed_vim\2024\voyager1_48s_mag-vim_20240530_v01.cdf,C:\Users\Administrator\Documents\FWD_matlab\Voyager_fu\Voyager_Interstellar_Monthly\HighestPrecision_Segments\V1_MAG48s_segment_1248_20240712T175053_20240712T214340.png,ok,
1,1249,2024-07-13 05:54:04,2024-07-13 12:33:15,6.65327999993218,359,47.521,5952.959,7200,240,Z:\SPART-WORK\Data\Voyager\voyager1\mag\48s\reviewed_vim\2024\voyager1_48s_mag-vim_20240530_v01.cdf,C:\Users\Administrator\Documents\FWD_matlab\Voyager_fu\Voyager_Interstellar_Monthly\HighestPrecision_Segments\V1_MAG48s_segment_1249_20240713T055404_20240713T123315.png,ok,
1,1250,2024-07-13 17:57:16,2024-07-13 20:38:51,2.69304027777778,199,47.521,143.424,7200,240,Z:\SPART-WORK\Data\Voyager\voyager1\mag\48s\reviewed_vim\2024\voyager1_48s_mag-vim_20240530_v01.cdf,C:\Users\Administrator\Documents\FWD_matlab\Voyager_fu\Voyager_Interstellar_Monthly\HighestPrecision_Segments\V1_MAG48s_segment_1250_20240713T175716_20240713T203851.png,ok,
1,1251,2024-07-14 18:16:28,2024-07-15 03:43:39,9.45312,527,47.521,7152.191,7200,240,Z:\SPART-WORK\Data\Voyager\voyager1\mag\48s\reviewed_vim\2024\voyager1_48s_mag-vim_20240530_v01.cdf,C:\Users\Administrator\Documents\FWD_matlab\Voyager_fu\Voyager_Interstellar_Monthly\HighestPrecision_Segments\V1_MAG48s_segment_1251_20240714T181628_20240715T034339.png,ok,
1,1252,2024-07-15 11:42:51,2024-07-15 12:13:16,0.506879722222222,37,47.521,144.288,7200,240,Z:\SPART-WORK\Data\Voyager\voyager1\mag\48s\reviewed_vim\2024\voyager1_48s_mag-vim_20240530_v01.cdf,C:\Users\Administrator\Documents\FWD_matlab\Voyager_fu\Voyager_Interstellar_Monthly\HighestPrecision_Segments\V1_MAG48s_segment_1252_20240715T114251_20240715T121316.png,ok,
1,1253,2024-07-15 18:48:28,2024-07-15 22:43:39,3.91992000006782,293,47.521,143.423,7200,240,Z:\SPART-WORK\Data\Voyager\voyager1\mag\48s\reviewed_vim\2024\voyager1_48s_mag-vim_20240530_v01.cdf,C:\Users\Administrator\Documents\FWD_matlab\Voyager_fu\Voyager_Interstellar_Monthly\HighestPrecision_Segments\V1_MAG48s_segment_1253_20240715T184828_20240715T224339.png,ok,
1,1254,2024-07-16 01:02:52,2024-07-16 09:48:28,8.76,652,47.521,190.944,7200,240,Z:\SPART-WORK\Data\Voyager\voyager1\mag\48s\reviewed_vim\2024\voyager1_48s_mag-vim_20240530_v01.cdf,C:\Users\Administrator\Documents\FWD_matlab\Voyager_fu\Voyager_Interstellar_Monthly\HighestPrecision_Segments\V1_MAG48s_segment_1254_20240716T010252_20240716T094828.png,ok,
1,1255,2024-07-16 17:41:15,2024-07-16 21:18:03,3.61344027777778,269,47.521,190.944,7200,240,Z:\SPART-WORK\Data\Voyager\voyager1\mag\48s\reviewed_vim\2024\voyager1_48s_mag-vim_20240530_v01.cdf,C:\Users\Administrator\Documents\FWD_matlab\Voyager_fu\Voyager_Interstellar_Monthly\HighestPrecision_Segments\V1_MAG48s_segment_1255_20240716T174115_20240716T211803.png,ok,
1,1256,2024-07-17 00:56:28,2024-07-17 02:12:28,1.26672,96,47.521,49.249,7200,240,Z:\SPART-WORK\Data\Voyager\voyager1\mag\48s\reviewed_vim\2024\voyager1_48s_mag-vim_20240530_v01.cdf,C:\Users\Administrator\Documents\FWD_matlab\Voyager_fu\Voyager_Interstellar_Monthly\HighestPrecision_Segments\V1_MAG48s_segment_1256_20240717T005628_20240717T021228.png,ok,
1,1257,2024-07-17 17:17:15,2024-07-17 23:27:39,6.17328027777778,436,47.521,959.903,7200,240,Z:\SPART-WORK\Data\Voyager\voyager1\mag\48s\reviewed_vim\2024\voyager1_48s_mag-vim_20240530_v01.cdf,C:\Users\Administrator\Documents\FWD_matlab\Voyager_fu\Voyager_Interstellar_Monthly\HighestPrecision_Segments\V1_MAG48s_segment_1257_20240717T171715_20240717T232739.png,ok,
1,1258,2024-07-18 09:02:51,2024-07-18 13:33:16,4.50696,323,47.521,431.136,7200,240,Z:\SPART-WORK\Data\Voyager\voyager1\mag\48s\reviewed_vim\2024\voyager1_48s_mag-vim_20240530_v01.cdf,C:\Users\Administrator\Documents\FWD_matlab\Voyager_fu\Voyager_Interstellar_Monthly\HighestPrecision_Segments\V1_MAG48s_segment_1258_20240718T090251_20240718T133316.png,ok,
1,1259,2024-07-18 18:00:27,2024-07-18 21:47:39,3.78672,256,47.521,1344.385,7200,240,Z:\SPART-WORK\Data\Voyager\voyager1\mag\48s\reviewed_vim\2024\voyager1_48s_mag-vim_20240530_v01.cdf,C:\Users\Administrator\Documents\FWD_matlab\Voyager_fu\Voyager_Interstellar_Monthly\HighestPrecision_Segments\V1_MAG48s_segment_1259_20240718T180027_20240718T214739.png,ok,
1,1260,2024-07-19 00:53:15,2024-07-19 05:47:38,4.90632,345,47.5209998779297,767.233,7200,240,Z:\SPART-WORK\Data\Voyager\voyager1\mag\48s\reviewed_vim\2024\voyager1_48s_mag-vim_20240530_v01.cdf,C:\Users\Administrator\Documents\FWD_matlab\Voyager_fu\Voyager_Interstellar_Monthly\HighestPrecision_Segments\V1_MAG48s_segment_1260_20240719T005315_20240719T054738.png,ok,
1,1261,2024-07-19 17:23:39,2024-07-19 20:02:52,2.65367972229004,179,47.5209997558594,959.04,7200,240,Z:\SPART-WORK\Data\Voyager\voyager1\mag\48s\reviewed_vim\2024\voyager1_48s_mag-vim_20240530_v01.cdf,C:\Users\Administrator\Documents\FWD_matlab\Voyager_fu\Voyager_Interstellar_Monthly\HighestPrecision_Segments\V1_MAG48s_segment_1261_20240719T172339_20240719T200252.png,ok,
1,1262,2024-07-20 06:21:16,2024-07-20 10:52:26,4.51968027777778,313,47.5209997558594,336.096,7200,240,Z:\SPART-WORK\Data\Voyager\voyager1\mag\48s\reviewed_vim\2024\voyager1_48s_mag-vim_20240530_v01.cdf,C:\Users\Administrator\Documents\FWD_matlab\Voyager_fu\Voyager_Interstellar_Monthly\HighestPrecision_Segments\V1_MAG48s_segment_1262_20240720T062116_20240720T105226.png,ok,
1,1263,2024-07-20 19:07:39,2024-07-21 03:07:40,8.00040000006782,516,47.52,3888,7200,240,Z:\SPART-WORK\Data\Voyager\voyager1\mag\48s\reviewed_vim\2024\voyager1_48s_mag-vim_20240530_v01.cdf,C:\Users\Administrator\Documents\FWD_matlab\Voyager_fu\Voyager_Interstellar_Monthly\HighestPrecision_Segments\V1_MAG48s_segment_1263_20240720T190739_20240721T030740.png,ok,
1,1264,2024-07-21 17:01:15,2024-07-21 22:02:52,5.02679972222222,357,47.52,576.287000244141,7200,240,Z:\SPART-WORK\Data\Voyager\voyager1\mag\48s\reviewed_vim\2024\voyager1_48s_mag-vim_20240530_v01.cdf,C:\Users\Administrator\Documents\FWD_matlab\Voyager_fu\Voyager_Interstellar_Monthly\HighestPrecision_Segments\V1_MAG48s_segment_1264_20240721T170115_20240721T220252.png,ok,
1,1265,2024-07-22 02:43:39,2024-07-22 03:42:03,0.97344,73,47.52,95.903,7200,240,Z:\SPART-WORK\Data\Voyager\voyager1\mag\48s\reviewed_vim\2024\voyager1_48s_mag-vim_20240530_v01.cdf,C:\Users\Administrator\Documents\FWD_matlab\Voyager_fu\Voyager_Interstellar_Monthly\HighestPrecision_Segments\V1_MAG48s_segment_1265_20240722T024339_20240722T034203.png,ok,
1,1266,2024-07-22 18:53:15,2024-07-23 04:37:15,9.7332,575,47.52,4367.521,7200,240,Z:\SPART-WORK\Data\Voyager\voyager1\mag\48s\reviewed_vim\2024\voyager1_48s_mag-vim_20240530_v01.cdf,C:\Users\Administrator\Documents\FWD_matlab\Voyager_fu\Voyager_Interstellar_Monthly\HighestPrecision_Segments\V1_MAG48s_segment_1266_20240722T185315_20240723T043715.png,ok,
1,1267,2024-07-23 17:01:14,2024-07-23 21:48:27,4.78679972222222,351,47.52,240.192000244141,7200,240,Z:\SPART-WORK\Data\Voyager\voyager1\mag\48s\reviewed_vim\2024\voyager1_48s_mag-vim_20240530_v01.cdf,C:\Users\Administrator\Documents\FWD_matlab\Voyager_fu\Voyager_Interstellar_Monthly\HighestPrecision_Segments\V1_MAG48s_segment_1267_20240723T170114_20240723T214827.png,ok,
1,1268,2024-07-24 02:10:03,2024-07-24 02:10:51,0.0132,2,47.52,47.52,7200,240,Z:\SPART-WORK\Data\Voyager\voyager1\mag\48s\reviewed_vim\2024\voyager1_48s_mag-vim_20240530_v01.cdf,C:\Users\Administrator\Documents\FWD_matlab\Voyager_fu\Voyager_Interstellar_Monthly\HighestPrecision_Segments\V1_MAG48s_segment_1268_20240724T021003_20240724T021051.png,ok,
1,1269,2024-07-24 04:35:38,2024-07-24 07:46:50,3.18672,237,47.52,191.808,7200,240,Z:\SPART-WORK\Data\Voyager\voyager1\mag\48s\reviewed_vim\2024\voyager1_48s_mag-vim_20240530_v01.cdf,C:\Users\Administrator\Documents\FWD_matlab\Voyager_fu\Voyager_Interstellar_Monthly\HighestPrecision_Segments\V1_MAG48s_segment_1269_20240724T043538_20240724T074650.png,ok,
1,1270,2024-07-24 16:51:38,2024-07-24 21:46:50,4.92000027777778,347,47.52,959.904000244141,7200,240,Z:\SPART-WORK\Data\Voyager\voyager1\mag\48s\reviewed_vim\2024\voyager1_48s_mag-vim_20240530_v01.cdf,C:\Users\Administrator\Documents\FWD_matlab\Voyager_fu\Voyager_Interstellar_Monthly\HighestPrecision_Segments\V1_MAG48s_segment_1270_20240724T165138_20240724T214650.png,ok,
1,1271,2024-07-25 00:56:26,2024-07-25 06:21:15,5.41344,297,47.52,4752,7200,240,Z:\SPART-WORK\Data\Voyager\voyager1\mag\48s\reviewed_vim\2024\voyager1_48s_mag-vim_20240530_v01.cdf,C:\Users\Administrator\Documents\FWD_matlab\Voyager_fu\Voyager_Interstellar_Monthly\HighestPrecision_Segments\V1_MAG48s_segment_1271_20240725T005626_20240725T062115.png,ok,
1,1272,2024-07-25 08:26:03,2024-07-25 12:22:03,3.93336027777778,293,47.52,190.943000244141,7200,240,Z:\SPART-WORK\Data\Voyager\voyager1\mag\48s\reviewed_vim\2024\voyager1_48s_mag-vim_20240530_v01.cdf,C:\Users\Administrator\Documents\FWD_matlab\Voyager_fu\Voyager_Interstellar_Monthly\HighestPrecision_Segments\V1_MAG48s_segment_1272_20240725T082603_20240725T122203.png,ok,
1,1273,2024-07-25 16:58:03,2024-07-25 22:11:39,5.22647999993218,391,47.52,95.04,7200,240,Z:\SPART-WORK\Data\Voyager\voyager1\mag\48s\reviewed_vim\2024\voyager1_48s_mag-vim_20240530_v01.cdf,C:\Users\Administrator\Documents\FWD_matlab\Voyager_fu\Voyager_Interstellar_Monthly\HighestPrecision_Segments\V1_MAG48s_segment_1273_20240725T165803_20240725T221139.png,ok,
1,1274,2024-07-26 00:22:51,2024-07-26 04:46:50,4.39991972222222,303,47.52,815.615,7200,240,Z:\SPART-WORK\Data\Voyager\voyager1\mag\48s\reviewed_vim\2024\voyager1_48s_mag-vim_20240530_v01.cdf,C:\Users\Administrator\Documents\FWD_matlab\Voyager_fu\Voyager_Interstellar_Monthly\HighestPrecision_Segments\V1_MAG48s_segment_1274_20240726T002251_20240726T044650.png,ok,
1,1275,2024-07-26 17:17:14,2024-07-26 21:11:38,3.90672,279,47.52,623.807,7200,240,Z:\SPART-WORK\Data\Voyager\voyager1\mag\48s\reviewed_vim\2024\voyager1_48s_mag-vim_20240530_v01.cdf,C:\Users\Administrator\Documents\FWD_matlab\Voyager_fu\Voyager_Interstellar_Monthly\HighestPrecision_Segments\V1_MAG48s_segment_1275_20240726T171714_20240726T211138.png,ok,
1,1276,2024-07-27 00:14:50,2024-07-27 11:36:26,11.35992,780,47.52,1248.481,7200,240,Z:\SPART-WORK\Data\Voyager\voyager1\mag\48s\reviewed_vim\2024\voyager1_48s_mag-vim_20240530_v01.cdf,C:\Users\Administrator\Documents\FWD_matlab\Voyager_fu\Voyager_Interstellar_Monthly\HighestPrecision_Segments\V1_MAG48s_segment_1276_20240727T001450_20240727T113626.png,ok,
1,1277,2024-07-27 16:42:02,2024-07-27 21:36:26,4.90679972222222,355,47.52,289.441,7200,240,Z:\SPART-WORK\Data\Voyager\voyager1\mag\48s\reviewed_vim\2024\voyager1_48s_mag-vim_20240530_v01.cdf,C:\Users\Administrator\Documents\FWD_matlab\Voyager_fu\Voyager_Interstellar_Monthly\HighestPrecision_Segments\V1_MAG48s_segment_1277_20240727T164202_20240727T213626.png,ok,
1,1278,2024-07-28 02:06:50,2024-07-28 04:01:14,1.90655999993218,142,47.52,145.151999755859,7200,240,Z:\SPART-WORK\Data\Voyager\voyager1\mag\48s\reviewed_vim\2024\voyager1_48s_mag-vim_20240530_v01.cdf,C:\Users\Administrator\Documents\FWD_matlab\Voyager_fu\Voyager_Interstellar_Monthly\HighestPrecision_Segments\V1_MAG48s_segment_1278_20240728T020650_20240728T040114.png,ok,
1,1279,2024-07-28 16:46:50,2024-07-28 20:31:39,3.74688027777778,250,47.52,1103.329,7200,240,Z:\SPART-WORK\Data\Voyager\voyager1\mag\48s\reviewed_vim\2024\voyager1_48s_mag-vim_20240530_v01.cdf,C:\Users\Administrator\Documents\FWD_matlab\Voyager_fu\Voyager_Interstellar_Monthly\HighestPrecision_Segments\V1_MAG48s_segment_1279_20240728T164650_20240728T203139.png,ok,
1,1280,2024-07-29 05:01:14,2024-07-29 09:01:15,4.00007972222222,212,47.52,4224.09599975586,7200,240,Z:\SPART-WORK\Data\Voyager\voyager1\mag\48s\reviewed_vim\2024\voyager1_48s_mag-vim_20240530_v01.cdf,C:\Users\Administrator\Documents\FWD_matlab\Voyager_fu\Voyager_Interstellar_Monthly\HighestPrecision_Segments\V1_MAG48s_segment_1280_20240729T050114_20240729T090115.png,ok,
1,1281,2024-07-29 16:50:02,2024-07-29 21:01:15,4.18679972222222,286,47.52,816.479,7200,240,Z:\SPART-WORK\Data\Voyager\voyager1\mag\48s\reviewed_vim\2024\voyager1_48s_mag-vim_20240530_v01.cdf,C:\Users\Administrator\Documents\FWD_matlab\Voyager_fu\Voyager_Interstellar_Monthly\HighestPrecision_Segments\V1_MAG48s_segment_1281_20240729T165002_20240729T210115.png,ok,
1,1282,2024-07-30 10:16:26,2024-07-30 11:26:03,1.16015999993218,82,47.52,145.152,7200,240,Z:\SPART-WORK\Data\Voyager\voyager1\mag\48s\reviewed_vim\2024\voyager1_48s_mag-vim_20240530_v01.cdf,C:\Users\Administrator\Documents\FWD_matlab\Voyager_fu\Voyager_Interstellar_Monthly\HighestPrecision_Segments\V1_MAG48s_segment_1282_20240730T101626_20240730T112603.png,ok,
1,1283,2024-07-31 16:21:13,2024-07-31 20:46:02,4.4136,330,47.52,143.423000244141,7200,240,Z:\SPART-WORK\Data\Voyager\voyager1\mag\48s\reviewed_vim\2024\voyager1_48s_mag-vim_20240530_v01.cdf,C:\Users\Administrator\Documents\FWD_matlab\Voyager_fu\Voyager_Interstellar_Monthly\HighestPrecision_Segments\V1_MAG48s_segment_1283_20240731T162113_20240731T204602.png,ok,
1,1284,2024-08-01 01:50:51,2024-08-01 07:46:02,5.91984027777778,396,47.5200002441406,2063.231,7200,240,Z:\SPART-WORK\Data\Voyager\voyager1\mag\48s\reviewed_vim\2024\voyager1_48s_mag-vim_20240530_v01.cdf,C:\Users\Administrator\Documents\FWD_matlab\Voyager_fu\Voyager_Interstellar_Monthly\HighestPrecision_Segments\V1_MAG48s_segment_1284_20240801T015051_20240801T074602.png,ok,
1,1285,2024-08-01 10:45:14,2024-08-01 14:40:26,3.91992,293,47.5200002441406,143.423000244141,7200,240,Z:\SPART-WORK\Data\Voyager\voyager1\mag\48s\reviewed_vim\2024\voyager1_48s_mag-vim_20240530_v01.cdf,C:\Users\Administrator\Documents\FWD_matlab\Voyager_fu\Voyager_Interstellar_Monthly\HighestPrecision_Segments\V1_MAG48s_segment_1285_20240801T104514_20240801T144026.png,ok,
1,1286,2024-08-01 17:06:01,2024-08-01 21:00:26,3.90696,292,47.5209997558594,143.424999755859,7200,240,Z:\SPART-WORK\Data\Voyager\voyager1\mag\48s\reviewed_vim\2024\voyager1_48s_mag-vim_20240530_v01.cdf,C:\Users\Administrator\Documents\FWD_matlab\Voyager_fu\Voyager_Interstellar_Monthly\HighestPrecision_Segments\V1_MAG48s_segment_1286_20240801T170601_20240801T210026.png,ok,
1,1287,2024-08-02 01:51:38,2024-08-02 05:45:14,3.89328000006782,237,47.5209998779297,1200.096,7200,240,Z:\SPART-WORK\Data\Voyager\voyager1\mag\48s\reviewed_vim\2024\voyager1_48s_mag-vim_20240530_v01.cdf,C:\Users\Administrator\Documents\FWD_matlab\Voyager_fu\Voyager_Interstellar_Monthly\HighestPrecision_Segments\V1_MAG48s_segment_1287_20240802T015138_20240802T054514.png,ok,
1,1288,2024-08-02 16:30:50,2024-08-02 20:10:51,3.66695972222222,267,47.521,432,7200,240,Z:\SPART-WORK\Data\Voyager\voyager1\mag\48s\reviewed_vim\2024\voyager1_48s_mag-vim_20240530_v01.cdf,C:\Users\Administrator\Documents\FWD_matlab\Voyager_fu\Voyager_Interstellar_Monthly\HighestPrecision_Segments\V1_MAG48s_segment_1288_20240802T163050_20240802T201051.png,ok,
1,1289,2024-08-03 08:22:50,2024-08-03 12:25:14,4.03992,211,47.521,3551.904,7200,240,Z:\SPART-WORK\Data\Voyager\voyager1\mag\48s\reviewed_vim\2024\voyager1_48s_mag-vim_20240530_v01.cdf,C:\Users\Administrator\Documents\FWD_matlab\Voyager_fu\Voyager_Interstellar_Monthly\HighestPrecision_Segments\V1_MAG48s_segment_1289_20240803T082250_20240803T122514.png,ok,
1,1290,2024-08-03 16:40:26,2024-08-03 20:05:15,3.41352027770996,254,47.521,143.423999755859,7200,240,Z:\SPART-WORK\Data\Voyager\voyager1\mag\48s\reviewed_vim\2024\voyager1_48s_mag-vim_20240530_v01.cdf,C:\Users\Administrator\Documents\FWD_matlab\Voyager_fu\Voyager_Interstellar_Monthly\HighestPrecision_Segments\V1_MAG48s_segment_1290_20240803T164026_20240803T200515.png,ok,
1,1291,2024-08-03 23:44:26,2024-08-04 02:10:01,2.4264,180,47.521,190.945,7200,240,Z:\SPART-WORK\Data\Voyager\voyager1\mag\48s\reviewed_vim\2024\voyager1_48s_mag-vim_20240530_v01.cdf,C:\Users\Administrator\Documents\FWD_matlab\Voyager_fu\Voyager_Interstellar_Monthly\HighestPrecision_Segments\V1_MAG48s_segment_1291_20240803T234426_20240804T021001.png,ok,
1,1292,2024-08-04 18:43:37,2024-08-04 22:40:26,3.94679972229004,294,47.521,190.944,7200,240,Z:\SPART-WORK\Data\Voyager\voyager1\mag\48s\reviewed_vim\2024\voyager1_48s_mag-vim_20240530_v01.cdf,C:\Users\Administrator\Documents\FWD_matlab\Voyager_fu\Voyager_Interstellar_Monthly\HighestPrecision_Segments\V1_MAG48s_segment_1292_20240804T184337_20240804T224026.png,ok,
1,1293,2024-08-05 02:05:15,2024-08-05 03:59:37,1.90632,133,47.521,527.04,7200,240,Z:\SPART-WORK\Data\Voyager\voyager1\mag\48s\reviewed_vim\2024\voyager1_48s_mag-vim_20240530_v01.cdf,C:\Users\Administrator\Documents\FWD_matlab\Voyager_fu\Voyager_Interstellar_Monthly\HighestPrecision_Segments\V1_MAG48s_segment_1293_20240805T020515_20240805T035937.png,ok,
1,1294,2024-08-05 16:29:14,2024-08-05 20:54:49,4.42655972222222,319,47.521,384.48,7200,240,Z:\SPART-WORK\Data\Voyager\voyager1\mag\48s\reviewed_vim\2024\voyager1_48s_mag-vim_20240530_v01.cdf,C:\Users\Administrator\Documents\FWD_matlab\Voyager_fu\Voyager_Interstellar_Monthly\HighestPrecision_Segments\V1_MAG48s_segment_1294_20240805T162914_20240805T205449.png,ok,
1,1295,2024-08-06 16:00:25,2024-08-07 03:44:25,11.73336,832,47.521,1246.752,7200,240,Z:\SPART-WORK\Data\Voyager\voyager1\mag\48s\reviewed_vim\2024\voyager1_48s_mag-vim_20240530_v01.cdf,C:\Users\Administrator\Documents\FWD_matlab\Voyager_fu\Voyager_Interstellar_Monthly\HighestPrecision_Segments\V1_MAG48s_segment_1295_20240806T160025_20240807T034425.png,ok,
1,1296,2024-08-07 09:55:38,2024-08-07 21:54:49,11.98632027771,829,47.521,2640.38400024414,7200,240,Z:\SPART-WORK\Data\Voyager\voyager1\mag\48s\reviewed_vim\2024\voyager1_48s_mag-vim_20240530_v01.cdf,C:\Users\Administrator\Documents\FWD_matlab\Voyager_fu\Voyager_Interstellar_Monthly\HighestPrecision_Segments\V1_MAG48s_segment_1296_20240807T095538_20240807T215449.png,ok,
1,1297,2024-08-08 09:18:50,2024-08-08 13:54:02,4.58664,343,47.521,144.287000244141,7200,240,Z:\SPART-WORK\Data\Voyager\voyager1\mag\48s\reviewed_vim\2024\voyager1_48s_mag-vim_20240530_v01.cdf,C:\Users\Administrator\Documents\FWD_matlab\Voyager_fu\Voyager_Interstellar_Monthly\HighestPrecision_Segments\V1_MAG48s_segment_1297_20240808T091850_20240808T135402.png,ok,
1,1298,2024-08-08 16:18:01,2024-08-08 19:44:26,3.4404,258,47.521,95.9049997558594,7200,240,Z:\SPART-WORK\Data\Voyager\voyager1\mag\48s\reviewed_vim\2024\voyager1_48s_mag-vim_20240530_v01.cdf,C:\Users\Administrator\Documents\FWD_matlab\Voyager_fu\Voyager_Interstellar_Monthly\HighestPrecision_Segments\V1_MAG48s_segment_1298_20240808T161801_20240808T194426.png,ok,
1,1299,2024-08-08 23:49:13,2024-08-09 03:59:37,4.17336,312,47.521,144.289,7200,240,Z:\SPART-WORK\Data\Voyager\voyager1\mag\48s\reviewed_vim\2024\voyager1_48s_mag-vim_20240530_v01.cdf,C:\Users\Administrator\Documents\FWD_matlab\Voyager_fu\Voyager_Interstellar_Monthly\HighestPrecision_Segments\V1_MAG48s_segment_1299_20240808T234913_20240809T035937.png,ok,
1,1300,2024-08-10 06:05:13,2024-08-10 10:38:49,4.56000027777778,305,47.5209997558594,1343.521,7200,240,Z:\SPART-WORK\Data\Voyager\voyager1\mag\48s\reviewed_vim\2024\voyager1_48s_mag-vim_20240530_v01.cdf,C:\Users\Administrator\Documents\FWD_matlab\Voyager_fu\Voyager_Interstellar_Monthly\HighestPrecision_Segments\V1_MAG48s_segment_1300_20240810T060513_20240810T103849.png,ok,
1,1301,2024-08-10 23:38:01,2024-08-11 03:58:49,4.34664027777778,301,47.5200002441406,673.056,7200,240,Z:\SPART-WORK\Data\Voyager\voyager1\mag\48s\reviewed_vim\2024\voyager1_48s_mag-vim_20240530_v01.cdf,C:\Users\Administrator\Documents\FWD_matlab\Voyager_fu\Voyager_Interstellar_Monthly\HighestPrecision_Segments\V1_MAG48s_segment_1301_20240810T233801_20240811T035849.png,ok,
1,1302,2024-08-12 01:18:48,2024-08-12 05:14:02,3.92039972222222,290,47.52,143.424999755859,7200,240,Z:\SPART-WORK\Data\Voyager\voyager1\mag\48s\reviewed_vim\2024\voyager1_48s_mag-vim_20240530_v01.cdf,C:\Users\Administrator\Documents\FWD_matlab\Voyager_fu\Voyager_Interstellar_Monthly\HighestPrecision_Segments\V1_MAG48s_segment_1302_20240812T011848_20240812T051402.png,ok,
1,1303,2024-08-12 15:34:50,2024-08-12 21:54:01,6.31992,473,47.52,95.905,7200,240,Z:\SPART-WORK\Data\Voyager\voyager1\mag\48s\reviewed_vim\2024\voyager1_48s_mag-vim_20240530_v01.cdf,C:\Users\Administrator\Documents\FWD_matlab\Voyager_fu\Voyager_Interstellar_Monthly\HighestPrecision_Segments\V1_MAG48s_segment_1303_20240812T153450_20240812T215401.png,ok,
1,1304,2024-08-13 02:34:01,2024-08-13 09:03:37,6.49344027770996,473,47.52,479.52,7200,240,Z:\SPART-WORK\Data\Voyager\voyager1\mag\48s\reviewed_vim\2024\voyager1_48s_mag-vim_20240530_v01.cdf,C:\Users\Administrator\Documents\FWD_matlab\Voyager_fu\Voyager_Interstellar_Monthly\HighestPrecision_Segments\V1_MAG48s_segment_1304_20240813T023401_20240813T090337.png,ok,
1,1305,2024-08-13 16:22:48,2024-08-13 20:13:12,3.84,286,47.52,192.672000244141,7200,240,Z:\SPART-WORK\Data\Voyager\voyager1\mag\48s\reviewed_vim\2024\voyager1_48s_mag-vim_20240530_v01.cdf,C:\Users\Administrator\Documents\FWD_matlab\Voyager_fu\Voyager_Interstellar_Monthly\HighestPrecision_Segments\V1_MAG48s_segment_1305_20240813T162248_20240813T201312.png,ok,
1,1306,2024-08-14 00:54:49,2024-08-14 04:48:25,3.89327972222222,290,47.52,96.769,7200,240,Z:\SPART-WORK\Data\Voyager\voyager1\mag\48s\reviewed_vim\2024\voyager1_48s_mag-vim_20240530_v01.cdf,C:\Users\Administrator\Documents\FWD_matlab\Voyager_fu\Voyager_Interstellar_Monthly\HighestPrecision_Segments\V1_MAG48s_segment_1306_20240814T005449_20240814T044825.png,ok,
1,1307,2024-08-14 15:22:01,2024-08-14 19:48:25,4.44,313,47.52,816.479,7200,240,Z:\SPART-WORK\Data\Voyager\voyager1\mag\48s\reviewed_vim\2024\voyager1_48s_mag-vim_20240530_v01.cdf,C:\Users\Administrator\Documents\FWD_matlab\Voyager_fu\Voyager_Interstellar_Monthly\HighestPrecision_Segments\V1_MAG48s_segment_1307_20240814T152201_20240814T194825.png,ok,
1,1308,2024-08-14 23:22:00,2024-08-15 02:18:00,2.93328,201,47.52,527.04,7200,240,Z:\SPART-WORK\Data\Voyager\voyager1\mag\48s\reviewed_vim\2024\voyager1_48s_mag-vim_20240530_v01.cdf,C:\Users\Administrator\Documents\FWD_matlab\Voyager_fu\Voyager_Interstellar_Monthly\HighestPrecision_Segments\V1_MAG48s_segment_1308_20240814T232200_20240815T021800.png,ok,
1,1309,2024-08-15 10:58:00,2024-08-15 19:18:01,8.33352,526,47.52,2639.52,7200,240,Z:\SPART-WORK\Data\Voyager\voyager1\mag\48s\reviewed_vim\2024\voyager1_48s_mag-vim_20240530_v01.cdf,C:\Users\Administrator\Documents\FWD_matlab\Voyager_fu\Voyager_Interstellar_Monthly\HighestPrecision_Segments\V1_MAG48s_segment_1309_20240815T105800_20240815T191801.png,ok,
1,1310,2024-08-16 15:28:24,2024-08-17 03:12:24,11.73336,856,47.52,910.657,7200,240,Z:\SPART-WORK\Data\Voyager\voyager1\mag\48s\reviewed_vim\2024\voyager1_48s_mag-vim_20240530_v01.cdf,C:\Users\Administrator\Documents\FWD_matlab\Voyager_fu\Voyager_Interstellar_Monthly\HighestPrecision_Segments\V1_MAG48s_segment_1310_20240816T152824_20240817T031224.png,ok,
1,1311,2024-08-17 08:13:12,2024-08-17 09:22:01,1.14671972222222,86,47.52,96.767,7200,240,Z:\SPART-WORK\Data\Voyager\voyager1\mag\48s\reviewed_vim\2024\voyager1_48s_mag-vim_20240530_v01.cdf,C:\Users\Administrator\Documents\FWD_matlab\Voyager_fu\Voyager_Interstellar_Monthly\HighestPrecision_Segments\V1_MAG48s_segment_1311_20240817T081312_20240817T092201.png,ok,
1,1312,2024-08-19 15:42:47,2024-08-19 20:02:00,4.32024027770996,325,47.52,49.249,7200,240,Z:\SPART-WORK\Data\Voyager\voyager1\mag\48s\reviewed_vim\2024\voyager1_48s_mag-vim_20240530_v01.cdf,C:\Users\Administrator\Documents\FWD_matlab\Voyager_fu\Voyager_Interstellar_Monthly\HighestPrecision_Segments\V1_MAG48s_segment_1312_20240819T154247_20240819T200200.png,ok,
1,1313,2024-08-20 01:46:00,2024-08-20 04:42:01,2.93352,218,47.52,190.945,7200,240,Z:\SPART-WORK\Data\Voyager\voyager1\mag\48s\reviewed_vim\2024\voyager1_48s_mag-vim_20240530_v01.cdf,C:\Users\Administrator\Documents\FWD_matlab\Voyager_fu\Voyager_Interstellar_Monthly\HighestPrecision_Segments\V1_MAG48s_segment_1313_20240820T014600_20240820T044201.png,ok,
1,1314,2024-08-20 16:16:25,2024-08-20 20:22:48,4.10640000006782,306,47.52,192.671999755859,7200,240,Z:\SPART-WORK\Data\Voyager\voyager1\mag\48s\reviewed_vim\2024\voyager1_48s_mag-vim_20240530_v01.cdf,C:\Users\Administrator\Documents\FWD_matlab\Voyager_fu\Voyager_Interstellar_Monthly\HighestPrecision_Segments\V1_MAG48s_segment_1314_20240820T161625_20240820T202248.png,ok,
1,1315,2024-08-21 15:55:36,2024-08-22 00:42:00,8.77319972229004,659,47.52,49.249,7200,240,Z:\SPART-WORK\Data\Voyager\voyager1\mag\48s\reviewed_vim\2024\voyager1_48s_mag-vim_20240530_v01.cdf,C:\Users\Administrator\Documents\FWD_matlab\Voyager_fu\Voyager_Interstellar_Monthly\HighestPrecision_Segments\V1_MAG48s_segment_1315_20240821T155536_20240822T004200.png,ok,
1,1316,2024-08-22 08:16:24,2024-08-22 12:51:36,4.58664027777778,342,47.5200002441406,192.672,7200,240,Z:\SPART-WORK\Data\Voyager\voyager1\mag\48s\reviewed_vim\2024\voyager1_48s_mag-vim_20240530_v01.cdf,C:\Users\Administrator\Documents\FWD_matlab\Voyager_fu\Voyager_Interstellar_Monthly\HighestPrecision_Segments\V1_MAG48s_segment_1316_20240822T081624_20240822T125136.png,ok,
1,1317,2024-08-22 15:22:01,2024-08-22 19:16:23,3.90624027777778,293,47.5200002441406,95.041,7200,240,Z:\SPART-WORK\Data\Voyager\voyager1\mag\48s\reviewed_vim\2024\voyager1_48s_mag-vim_20240530_v01.cdf,C:\Users\Administrator\Documents\FWD_matlab\Voyager_fu\Voyager_Interstellar_Monthly\HighestPrecision_Segments\V1_MAG48s_segment_1317_20240822T152201_20240822T191623.png,ok,
1,1318,2024-08-23 00:56:24,2024-08-23 04:51:35,3.91991972222222,293,47.5209997558594,144.289,7200,240,Z:\SPART-WORK\Data\Voyager\voyager1\mag\48s\reviewed_vim\2024\voyager1_48s_mag-vim_20240530_v01.cdf,C:\Users\Administrator\Documents\FWD_matlab\Voyager_fu\Voyager_Interstellar_Monthly\HighestPrecision_Segments\V1_MAG48s_segment_1318_20240823T005624_20240823T045135.png,ok,
1,1319,2024-08-23 15:02:00,2024-08-23 19:26:49,4.41360027777778,331,47.5209998779297,96.769,7200,240,Z:\SPART-WORK\Data\Voyager\voyager1\mag\48s\reviewed_vim\2024\voyager1_48s_mag-vim_20240530_v01.cdf,C:\Users\Administrator\Documents\FWD_matlab\Voyager_fu\Voyager_Interstellar_Monthly\HighestPrecision_Segments\V1_MAG48s_segment_1319_20240823T150200_20240823T192649.png,ok,
1,1320,2024-08-24 04:46:48,2024-08-24 09:41:11,4.90655972222222,220,47.521,6143.03900024414,7200,240,Z:\SPART-WORK\Data\Voyager\voyager1\mag\48s\reviewed_vim\2024\voyager1_48s_mag-vim_20240530_v01.cdf,C:\Users\Administrator\Documents\FWD_matlab\Voyager_fu\Voyager_Interstellar_Monthly\HighestPrecision_Segments\V1_MAG48s_segment_1320_20240824T044648_20240824T094111.png,ok,
1,1321,2024-08-24 15:57:11,2024-08-25 03:16:24,11.32032027771,687,47.521,6912,7200,240,Z:\SPART-WORK\Data\Voyager\voyager1\mag\48s\reviewed_vim\2024\voyager1_48s_mag-vim_20240530_v01.cdf,C:\Users\Administrator\Documents\FWD_matlab\Voyager_fu\Voyager_Interstellar_Monthly\HighestPrecision_Segments\V1_MAG48s_segment_1321_20240824T155711_20240825T031624.png,ok,
1,1322,2024-08-25 07:04:23,2024-08-25 08:46:00,1.69344,128,47.521,49.249,7200,240,Z:\SPART-WORK\Data\Voyager\voyager1\mag\48s\reviewed_vim\2024\voyager1_48s_mag-vim_20240530_v01.cdf,C:\Users\Administrator\Documents\FWD_matlab\Voyager_fu\Voyager_Interstellar_Monthly\HighestPrecision_Segments\V1_MAG48s_segment_1322_20240825T070423_20240825T084600.png,ok,
1,1323,2024-08-25 18:02:00,2024-08-26 02:21:11,8.31984027777778,474,47.521,6336.576,7200,240,Z:\SPART-WORK\Data\Voyager\voyager1\mag\48s\reviewed_vim\2024\voyager1_48s_mag-vim_20240530_v01.cdf,C:\Users\Administrator\Documents\FWD_matlab\Voyager_fu\Voyager_Interstellar_Monthly\HighestPrecision_Segments\V1_MAG48s_segment_1323_20240825T180200_20240826T022111.png,ok,
1,1324,2024-08-26 07:17:12,2024-08-26 12:25:59,5.14632,378,47.521,240.192000244141,7200,240,Z:\SPART-WORK\Data\Voyager\voyager1\mag\48s\reviewed_vim\2024\voyager1_48s_mag-vim_20240530_v01.cdf,C:\Users\Administrator\Documents\FWD_matlab\Voyager_fu\Voyager_Interstellar_Monthly\HighestPrecision_Segments\V1_MAG48s_segment_1324_20240826T071712_20240826T122559.png,ok,
1,1325,2024-08-27 00:51:35,2024-08-27 02:21:11,1.49328,112,47.521,95.903,7200,240,Z:\SPART-WORK\Data\Voyager\voyager1\mag\48s\reviewed_vim\2024\voyager1_48s_mag-vim_20240530_v01.cdf,C:\Users\Administrator\Documents\FWD_matlab\Voyager_fu\Voyager_Interstellar_Monthly\HighestPrecision_Segments\V1_MAG48s_segment_1325_20240827T005135_20240827T022111.png,ok,
1,1326,2024-09-27 20:01:57,2024-09-28 01:23:32,5.35968,280,47.52,5616,7200,240,Z:\SPART-WORK\Data\Voyager\voyager1\mag\48s\reviewed_vim\2024\voyager1_48s_mag-vim_20240530_v01.cdf,C:\Users\Administrator\Documents\FWD_matlab\Voyager_fu\Voyager_Interstellar_Monthly\HighestPrecision_Segments\V1_MAG48s_segment_1326_20240927T200157_20240928T012332.png,ok,
1,1327,2024-09-28 06:14:43,2024-09-28 10:14:45,4.00056,300,47.52,97.6310002441406,7200,240,Z:\SPART-WORK\Data\Voyager\voyager1\mag\48s\reviewed_vim\2024\voyager1_48s_mag-vim_20240530_v01.cdf,C:\Users\Administrator\Documents\FWD_matlab\Voyager_fu\Voyager_Interstellar_Monthly\HighestPrecision_Segments\V1_MAG48s_segment_1327_20240928T061443_20240928T101445.png,ok,
1,1328,2024-09-28 19:33:07,2024-09-29 01:39:31,6.1068,425,47.52,862.272,7200,240,Z:\SPART-WORK\Data\Voyager\voyager1\mag\48s\reviewed_vim\2024\voyager1_48s_mag-vim_20240530_v01.cdf,C:\Users\Administrator\Documents\FWD_matlab\Voyager_fu\Voyager_Interstellar_Monthly\HighestPrecision_Segments\V1_MAG48s_segment_1328_20240928T193307_20240929T013931.png,ok,
1,1329,2024-09-29 16:09:54,2024-09-29 21:24:21,5.24064,271,47.5209997558594,4031.424,7200,240,Z:\SPART-WORK\Data\Voyager\voyager1\mag\48s\reviewed_vim\2024\voyager1_48s_mag-vim_20240530_v01.cdf,C:\Users\Administrator\Documents\FWD_matlab\Voyager_fu\Voyager_Interstellar_Monthly\HighestPrecision_Segments\V1_MAG48s_segment_1329_20240929T160954_20240929T212421.png,ok,
1,1330,2024-09-30 20:54:43,2024-10-01 00:49:07,3.90672,287,47.52,336.959000244141,7200,240,Z:\SPART-WORK\Data\Voyager\voyager1\mag\48s\reviewed_vim\2024\voyager1_48s_mag-vim_20240530_v01.cdf,C:\Users\Administrator\Documents\FWD_matlab\Voyager_fu\Voyager_Interstellar_Monthly\HighestPrecision_Segments\V1_MAG48s_segment_1330_20240930T205443_20241001T004907.png,ok,
1,1331,2024-10-01 07:37:56,2024-10-01 09:24:21,1.77336,131,47.52,192.672000244141,7200,240,Z:\SPART-WORK\Data\Voyager\voyager1\mag\48s\reviewed_vim\2024\voyager1_48s_mag-vim_20240530_v01.cdf,C:\Users\Administrator\Documents\FWD_matlab\Voyager_fu\Voyager_Interstellar_Monthly\HighestPrecision_Segments\V1_MAG48s_segment_1331_20241001T073756_20241001T092421.png,ok,
1,1332,2024-10-01 16:53:56,2024-10-01 20:13:56,3.33336,141,47.5209997558594,1967.328,7200,240,Z:\SPART-WORK\Data\Voyager\voyager1\mag\48s\reviewed_vim\2024\voyager1_48s_mag-vim_20240530_v01.cdf,C:\Users\Administrator\Documents\FWD_matlab\Voyager_fu\Voyager_Interstellar_Monthly\HighestPrecision_Segments\V1_MAG48s_segment_1332_20241001T165356_20241001T201356.png,ok,
1,1333,2024-10-02 07:37:54,2024-10-02 08:49:08,1.18727972222222,87,47.5200001220703,192.672000244141,7200,240,Z:\SPART-WORK\Data\Voyager\voyager1\mag\48s\reviewed_vim\2024\voyager1_48s_mag-vim_20240530_v01.cdf,C:\Users\Administrator\Documents\FWD_matlab\Voyager_fu\Voyager_Interstellar_Monthly\HighestPrecision_Segments\V1_MAG48s_segment_1333_20241002T073754_20241002T084908.png,ok,
1,1334,2024-10-02 18:03:30,2024-10-02 21:58:42,3.91992027777778,229,47.5200001220703,2973.889,7200,240,Z:\SPART-WORK\Data\Voyager\voyager1\mag\48s\reviewed_vim\2024\voyager1_48s_mag-vim_20240530_v01.cdf,C:\Users\Administrator\Documents\FWD_matlab\Voyager_fu\Voyager_Interstellar_Monthly\HighestPrecision_Segments\V1_MAG48s_segment_1334_20241002T180330_20241002T215842.png,ok,
1,1335,2024-10-03 00:38:43,2024-10-03 10:48:19,10.16016,684,47.52,864.865,7200,240,Z:\SPART-WORK\Data\Voyager\voyager1\mag\48s\reviewed_vim\2024\voyager1_48s_mag-vim_20240530_v01.cdf,C:\Users\Administrator\Documents\FWD_matlab\Voyager_fu\Voyager_Interstellar_Monthly\HighestPrecision_Segments\V1_MAG48s_segment_1335_20241003T003843_20241003T104819.png,ok,
1,1336,2024-10-03 18:41:55,2024-10-03 22:13:54,3.53328,266,47.52,50.1120002441406,7200,240,Z:\SPART-WORK\Data\Voyager\voyager1\mag\48s\reviewed_vim\2024\voyager1_48s_mag-vim_20240530_v01.cdf,C:\Users\Administrator\Documents\FWD_matlab\Voyager_fu\Voyager_Interstellar_Monthly\HighestPrecision_Segments\V1_MAG48s_segment_1336_20241003T184155_20241003T221354.png,ok,
1,1337,2024-10-04 00:38:43,2024-10-04 04:33:07,3.90672,289,47.52,190.079,7200,240,Z:\SPART-WORK\Data\Voyager\voyager1\mag\48s\reviewed_vim\2024\voyager1_48s_mag-vim_20240530_v01.cdf,C:\Users\Administrator\Documents\FWD_matlab\Voyager_fu\Voyager_Interstellar_Monthly\HighestPrecision_Segments\V1_MAG48s_segment_1337_20241004T003843_20241004T043307.png,ok,
1,1338,2024-10-04 14:24:19,2024-10-05 00:37:55,10.2268802777778,670,47.52,4704.48,7200,240,Z:\SPART-WORK\Data\Voyager\voyager1\mag\48s\reviewed_vim\2024\voyager1_48s_mag-vim_20240530_v01.cdf,C:\Users\Administrator\Documents\FWD_matlab\Voyager_fu\Voyager_Interstellar_Monthly\HighestPrecision_Segments\V1_MAG48s_segment_1338_20241004T142419_20241005T003755.png,ok,
1,1339,2024-10-05 03:18:43,2024-10-05 08:48:18,5.49312,145,47.52,6576.768,7200,240,Z:\SPART-WORK\Data\Voyager\voyager1\mag\48s\reviewed_vim\2024\voyager1_48s_mag-vim_20240530_v01.cdf,C:\Users\Administrator\Documents\FWD_matlab\Voyager_fu\Voyager_Interstellar_Monthly\HighestPrecision_Segments\V1_MAG48s_segment_1339_20241005T031843_20241005T084818.png,ok,
1,1340,2024-10-05 12:05:08,2024-10-06 01:03:32,12.9734397222222,927,47.52,719.712,7200,240,Z:\SPART-WORK\Data\Voyager\voyager1\mag\48s\reviewed_vim\2024\voyager1_48s_mag-vim_20240530_v01.cdf,C:\Users\Administrator\Documents\FWD_matlab\Voyager_fu\Voyager_Interstellar_Monthly\HighestPrecision_Segments\V1_MAG48s_segment_1340_20241005T120508_20241006T010332.png,ok,
1,1341,2024-10-06 11:47:30,2024-10-06 19:13:07,7.42679972222222,538,47.52,479.519000244141,7200,240,Z:\SPART-WORK\Data\Voyager\voyager1\mag\48s\reviewed_vim\2024\voyager1_48s_mag-vim_20240530_v01.cdf,C:\Users\Administrator\Documents\FWD_matlab\Voyager_fu\Voyager_Interstellar_Monthly\HighestPrecision_Segments\V1_MAG48s_segment_1341_20241006T114730_20241006T191307.png,ok,
1,1342,2024-10-07 14:48:18,2024-10-08 04:07:33,13.3207202777778,940,47.52,1199.233,7200,240,Z:\SPART-WORK\Data\Voyager\voyager1\mag\48s\reviewed_vim\2024\voyager1_48s_mag-vim_20240530_v01.cdf,C:\Users\Administrator\Documents\FWD_matlab\Voyager_fu\Voyager_Interstellar_Monthly\HighestPrecision_Segments\V1_MAG48s_segment_1342_20241007T144818_20241008T040733.png,ok,
1,1343,2024-10-08 11:44:19,2024-10-08 15:32:20,3.80040027770996,213,47.52,2592.00099975586,7200,240,Z:\SPART-WORK\Data\Voyager\voyager1\mag\48s\reviewed_vim\2024\voyager1_48s_mag-vim_20240530_v01.cdf,C:\Users\Administrator\Documents\FWD_matlab\Voyager_fu\Voyager_Interstellar_Monthly\HighestPrecision_Segments\V1_MAG48s_segment_1343_20241008T114419_20241008T153220.png,ok,
1,1344,2024-10-08 18:25:56,2024-10-08 22:22:41,3.94608,274,47.52,1057.536,7200,240,Z:\SPART-WORK\Data\Voyager\voyager1\mag\48s\reviewed_vim\2024\voyager1_48s_mag-vim_20240530_v01.cdf,C:\Users\Administrator\Documents\FWD_matlab\Voyager_fu\Voyager_Interstellar_Monthly\HighestPrecision_Segments\V1_MAG48s_segment_1344_20241008T182556_20241008T222241.png,ok,
1,1345,2024-10-09 16:06:42,2024-10-09 21:47:30,5.67983972222222,418,47.52,289.44,7200,240,Z:\SPART-WORK\Data\Voyager\voyager1\mag\48s\reviewed_vim\2024\voyager1_48s_mag-vim_20240530_v01.cdf,C:\Users\Administrator\Documents\FWD_matlab\Voyager_fu\Voyager_Interstellar_Monthly\HighestPrecision_Segments\V1_MAG48s_segment_1345_20241009T160642_20241009T214730.png,ok,
1,1346,2024-10-10 03:41:07,2024-10-10 09:17:08,5.60016,391,47.5209997558594,479.519,7200,240,Z:\SPART-WORK\Data\Voyager\voyager1\mag\48s\reviewed_vim\2024\voyager1_48s_mag-vim_20240530_v01.cdf,C:\Users\Administrator\Documents\FWD_matlab\Voyager_fu\Voyager_Interstellar_Monthly\HighestPrecision_Segments\V1_MAG48s_segment_1346_20241010T034107_20241010T091708.png,ok,
1,1347,2024-10-10 17:57:06,2024-10-10 22:28:19,4.52039972222222,296,47.5209997558594,1007.424,7200,240,Z:\SPART-WORK\Data\Voyager\voyager1\mag\48s\reviewed_vim\2024\voyager1_48s_mag-vim_20240530_v01.cdf,C:\Users\Administrator\Documents\FWD_matlab\Voyager_fu\Voyager_Interstellar_Monthly\HighestPrecision_Segments\V1_MAG48s_segment_1347_20241010T175706_20241010T222819.png,ok,
1,1348,2024-10-11 06:45:07,2024-10-11 20:25:06,13.66632,909,47.5209997558594,2351.808,7200,240,Z:\SPART-WORK\Data\Voyager\voyager1\mag\48s\reviewed_vim\2024\voyager1_48s_mag-vim_20240530_v01.cdf,C:\Users\Administrator\Documents\FWD_matlab\Voyager_fu\Voyager_Interstellar_Monthly\HighestPrecision_Segments\V1_MAG48s_segment_1348_20241011T064507_20241011T202506.png,ok,
1,1349,2024-10-12 13:07:30,2024-10-12 22:46:42,9.65328,704,47.5209997558594,1010.015,7200,240,Z:\SPART-WORK\Data\Voyager\voyager1\mag\48s\reviewed_vim\2024\voyager1_48s_mag-vim_20240530_v01.cdf,C:\Users\Administrator\Documents\FWD_matlab\Voyager_fu\Voyager_Interstellar_Monthly\HighestPrecision_Segments\V1_MAG48s_segment_1349_20241012T130730_20241012T224642.png,ok,
1,1350,2024-10-13 04:41:54,2024-10-13 10:20:20,5.64048027777778,318,47.5209997558594,4801.24800024414,7200,240,Z:\SPART-WORK\Data\Voyager\voyager1\mag\48s\reviewed_vim\2024\voyager1_48s_mag-vim_20240530_v01.cdf,C:\Users\Administrator\Documents\FWD_matlab\Voyager_fu\Voyager_Interstellar_Monthly\HighestPrecision_Segments\V1_MAG48s_segment_1350_20241013T044154_20241013T102020.png,ok,
1,1351,2024-10-13 15:37:55,2024-10-13 21:36:18,5.97288,441,47.5209997558594,385.344,7200,240,Z:\SPART-WORK\Data\Voyager\voyager1\mag\48s\reviewed_vim\2024\voyager1_48s_mag-vim_20240530_v01.cdf,C:\Users\Administrator\Documents\FWD_matlab\Voyager_fu\Voyager_Interstellar_Monthly\HighestPrecision_Segments\V1_MAG48s_segment_1351_20241013T153755_20241013T213618.png,ok,
1,1352,2024-10-14 01:52:19,2024-10-14 06:11:31,4.32,312,47.5209997558594,335.231,7200,240,Z:\SPART-WORK\Data\Voyager\voyager1\mag\48s\reviewed_vim\2024\voyager1_48s_mag-vim_20240530_v01.cdf,C:\Users\Administrator\Documents\FWD_matlab\Voyager_fu\Voyager_Interstellar_Monthly\HighestPrecision_Segments\V1_MAG48s_segment_1352_20241014T015219_20241014T061131.png,ok,
1,1353,2024-10-14 16:08:17,2024-10-14 22:22:41,6.24024027770996,343,47.521,3216.671,7200,240,Z:\SPART-WORK\Data\Voyager\voyager1\mag\48s\reviewed_vim\2024\voyager1_48s_mag-vim_20240530_v01.cdf,C:\Users\Administrator\Documents\FWD_matlab\Voyager_fu\Voyager_Interstellar_Monthly\HighestPrecision_Segments\V1_MAG48s_segment_1353_20241014T160817_20241014T222241.png,ok,
1,1354,2024-10-15 02:41:53,2024-10-15 06:06:43,3.41375972222222,180,47.5209997558594,2013.983,7200,240,Z:\SPART-WORK\Data\Voyager\voyager1\mag\48s\reviewed_vim\2024\voyager1_48s_mag-vim_20240530_v01.cdf,C:\Users\Administrator\Documents\FWD_matlab\Voyager_fu\Voyager_Interstellar_Monthly\HighestPrecision_Segments\V1_MAG48s_segment_1354_20241015T024153_20241015T060643.png,ok,
1,1355,2024-10-15 12:59:30,2024-10-16 09:37:55,20.64048027771,1361,47.5209997558594,2737.152,7200,240,Z:\SPART-WORK\Data\Voyager\voyager1\mag\48s\reviewed_vim\2024\voyager1_48s_mag-vim_20240530_v01.cdf,C:\Users\Administrator\Documents\FWD_matlab\Voyager_fu\Voyager_Interstellar_Monthly\HighestPrecision_Segments\V1_MAG48s_segment_1355_20241015T125930_20241016T093755.png,ok,
1,1356,2024-10-16 16:06:42,2024-10-16 21:21:05,5.23968,385,47.5209997558594,287.712,7200,240,Z:\SPART-WORK\Data\Voyager\voyager1\mag\48s\reviewed_vim\2024\voyager1_48s_mag-vim_20240530_v01.cdf,C:\Users\Administrator\Documents\FWD_matlab\Voyager_fu\Voyager_Interstellar_Monthly\HighestPrecision_Segments\V1_MAG48s_segment_1356_20241016T160642_20241016T212105.png,ok,
1,1357,2024-10-17 00:35:30,2024-10-17 01:21:54,0.773279999932183,53,47.5209997558594,192.672,7200,240,Z:\SPART-WORK\Data\Voyager\voyager1\mag\48s\reviewed_vim\2024\voyager1_48s_mag-vim_20240530_v01.cdf,C:\Users\Administrator\Documents\FWD_matlab\Voyager_fu\Voyager_Interstellar_Monthly\HighestPrecision_Segments\V1_MAG48s_segment_1357_20241017T003530_20241017T012154.png,ok,
1,1358,2024-11-10 15:13:52,2024-11-10 19:26:39,4.21296027777778,285,47.52,575.425,7200,240,Z:\SPART-WORK\Data\Voyager\voyager1\mag\48s\reviewed_vim\2024\voyager1_48s_mag-vim_20240530_v01.cdf,C:\Users\Administrator\Documents\FWD_matlab\Voyager_fu\Voyager_Interstellar_Monthly\HighestPrecision_Segments\V1_MAG48s_segment_1358_20241110T151352_20241110T192639.png,ok,
1,1359,2024-11-11 13:15:27,2024-11-11 18:09:03,4.89336000006782,352,47.52,382.751,7200,240,Z:\SPART-WORK\Data\Voyager\voyager1\mag\48s\reviewed_vim\2024\voyager1_48s_mag-vim_20240530_v01.cdf,C:\Users\Administrator\Documents\FWD_matlab\Voyager_fu\Voyager_Interstellar_Monthly\HighestPrecision_Segments\V1_MAG48s_segment_1359_20241111T131527_20241111T180903.png,ok,
1,1360,2024-11-12 00:14:40,2024-11-12 04:11:27,3.94632,253,47.52,1391.903,7200,240,Z:\SPART-WORK\Data\Voyager\voyager1\mag\48s\reviewed_vim\2024\voyager1_48s_mag-vim_20240530_v01.cdf,C:\Users\Administrator\Documents\FWD_matlab\Voyager_fu\Voyager_Interstellar_Monthly\HighestPrecision_Segments\V1_MAG48s_segment_1360_20241112T001440_20241112T041127.png,ok,
1,1361,2024-11-12 16:51:26,2024-11-12 19:16:14,2.41344027770996,181,47.52,97.6329997558594,7200,240,Z:\SPART-WORK\Data\Voyager\voyager1\mag\48s\reviewed_vim\2024\voyager1_48s_mag-vim_20240530_v01.cdf,C:\Users\Administrator\Documents\FWD_matlab\Voyager_fu\Voyager_Interstellar_Monthly\HighestPrecision_Segments\V1_MAG48s_segment_1361_20241112T165126_20241112T191614.png,ok,
1,1362,2024-11-12 23:10:39,2024-11-13 03:26:40,4.26696,320,47.52,95.04,7200,240,Z:\SPART-WORK\Data\Voyager\voyager1\mag\48s\reviewed_vim\2024\voyager1_48s_mag-vim_20240530_v01.cdf,C:\Users\Administrator\Documents\FWD_matlab\Voyager_fu\Voyager_Interstellar_Monthly\HighestPrecision_Segments\V1_MAG48s_segment_1362_20241112T231039_20241113T032640.png,ok,
1,1363,2024-11-13 16:59:26,2024-11-13 20:36:16,3.61368,217,47.52,1391.905,7200,240,Z:\SPART-WORK\Data\Voyager\voyager1\mag\48s\reviewed_vim\2024\voyager1_48s_mag-vim_20240530_v01.cdf,C:\Users\Administrator\Documents\FWD_matlab\Voyager_fu\Voyager_Interstellar_Monthly\HighestPrecision_Segments\V1_MAG48s_segment_1363_20241113T165926_20241113T203616.png,ok,
1,1364,2024-11-14 00:49:52,2024-11-14 05:16:16,4.44,274,47.52,1629.50300024414,7200,240,Z:\SPART-WORK\Data\Voyager\voyager1\mag\48s\reviewed_vim\2024\voyager1_48s_mag-vim_20240530_v01.cdf,C:\Users\Administrator\Documents\FWD_matlab\Voyager_fu\Voyager_Interstellar_Monthly\HighestPrecision_Segments\V1_MAG48s_segment_1364_20241114T004952_20241114T051616.png,ok,
1,1365,2024-11-14 13:41:04,2024-11-14 20:33:50,6.87959972229004,444,47.52,1152.577,7200,240,Z:\SPART-WORK\Data\Voyager\voyager1\mag\48s\reviewed_vim\2024\voyager1_48s_mag-vim_20240530_v01.cdf,C:\Users\Administrator\Documents\FWD_matlab\Voyager_fu\Voyager_Interstellar_Monthly\HighestPrecision_Segments\V1_MAG48s_segment_1365_20241114T134104_20241114T203350.png,ok,
1,1366,2024-11-14 23:20:16,2024-11-15 02:01:04,2.68007972229004,162,47.52,912.384,7200,240,Z:\SPART-WORK\Data\Voyager\voyager1\mag\48s\reviewed_vim\2024\voyager1_48s_mag-vim_20240530_v01.cdf,C:\Users\Administrator\Documents\FWD_matlab\Voyager_fu\Voyager_Interstellar_Monthly\HighestPrecision_Segments\V1_MAG48s_segment_1366_20241114T232016_20241115T020104.png,ok,
1,1367,2024-11-15 09:05:50,2024-11-16 03:01:03,17.92008,1096,47.52,4605.985,7200,240,Z:\SPART-WORK\Data\Voyager\voyager1\mag\48s\reviewed_vim\2024\voyager1_48s_mag-vim_20240530_v01.cdf,C:\Users\Administrator\Documents\FWD_matlab\Voyager_fu\Voyager_Interstellar_Monthly\HighestPrecision_Segments\V1_MAG48s_segment_1367_20241115T090550_20241116T030103.png,ok,
1,1368,2024-11-16 09:05:50,2024-11-16 13:01:02,3.91992027777778,257,47.52,912.384000244141,7200,240,Z:\SPART-WORK\Data\Voyager\voyager1\mag\48s\reviewed_vim\2024\voyager1_48s_mag-vim_20240530_v01.cdf,C:\Users\Administrator\Documents\FWD_matlab\Voyager_fu\Voyager_Interstellar_Monthly\HighestPrecision_Segments\V1_MAG48s_segment_1368_20241116T090550_20241116T130102.png,ok,
1,1369,2024-11-16 20:14:39,2024-11-17 00:45:52,4.5204,282,47.52,1439.424,7200,240,Z:\SPART-WORK\Data\Voyager\voyager1\mag\48s\reviewed_vim\2024\voyager1_48s_mag-vim_20240530_v01.cdf,C:\Users\Administrator\Documents\FWD_matlab\Voyager_fu\Voyager_Interstellar_Monthly\HighestPrecision_Segments\V1_MAG48s_segment_1369_20241116T201439_20241117T004552.png,ok,
1,1370,2024-11-17 09:36:15,2024-11-17 16:10:39,6.57336,435,47.52,1010.017,7200,240,Z:\SPART-WORK\Data\Voyager\voyager1\mag\48s\reviewed_vim\2024\voyager1_48s_mag-vim_20240530_v01.cdf,C:\Users\Administrator\Documents\FWD_matlab\Voyager_fu\Voyager_Interstellar_Monthly\HighestPrecision_Segments\V1_MAG48s_segment_1370_20241117T093615_20241117T161039.png,ok,
1,1371,2024-11-18 01:44:14,2024-11-18 03:45:52,2.02727999993218,153,47.52,50.1120002441406,7200,240,Z:\SPART-WORK\Data\Voyager\voyager1\mag\48s\reviewed_vim\2024\voyager1_48s_mag-vim_20240530_v01.cdf,C:\Users\Administrator\Documents\FWD_matlab\Voyager_fu\Voyager_Interstellar_Monthly\HighestPrecision_Segments\V1_MAG48s_segment_1371_20241118T014414_20241118T034552.png,ok,
1,1372,2024-11-18 11:15:26,2024-11-18 20:15:26,9,601,47.52,1246.751,7200,240,Z:\SPART-WORK\Data\Voyager\voyager1\mag\48s\reviewed_vim\2024\voyager1_48s_mag-vim_20240530_v01.cdf,C:\Users\Administrator\Documents\FWD_matlab\Voyager_fu\Voyager_Interstellar_Monthly\HighestPrecision_Segments\V1_MAG48s_segment_1372_20241118T111526_20241118T201526.png,ok,
1,1373,2024-11-19 01:18:40,2024-11-19 03:10:38,1.86624,117,47.5200001220703,1149.121,7200,240,Z:\SPART-WORK\Data\Voyager\voyager1\mag\48s\reviewed_vim\2024\voyager1_48s_mag-vim_20240530_v01.cdf,C:\Users\Administrator\Documents\FWD_matlab\Voyager_fu\Voyager_Interstellar_Monthly\HighestPrecision_Segments\V1_MAG48s_segment_1373_20241119T011840_20241119T031038.png,ok,
1,1374,2024-11-19 17:28:16,2024-11-20 05:40:16,12.19992,652,47.52,5328.289,7200,240,Z:\SPART-WORK\Data\Voyager\voyager1\mag\48s\reviewed_vim\2024\voyager1_48s_mag-vim_20240530_v01.cdf,C:\Users\Administrator\Documents\FWD_matlab\Voyager_fu\Voyager_Interstellar_Monthly\HighestPrecision_Segments\V1_MAG48s_segment_1374_20241119T172816_20241120T054016.png,ok,
1,1375,2024-11-20 18:14:37,2024-11-20 20:10:39,1.93368027777778,142,47.52,192.672999755859,7200,240,Z:\SPART-WORK\Data\Voyager\voyager1\mag\48s\reviewed_vim\2024\voyager1_48s_mag-vim_20240530_v01.cdf,C:\Users\Administrator\Documents\FWD_matlab\Voyager_fu\Voyager_Interstellar_Monthly\HighestPrecision_Segments\V1_MAG48s_segment_1375_20241120T181437_20241120T201039.png,ok,
1,1376,2024-11-21 00:25:50,2024-11-21 04:20:15,3.90695972222222,291,47.52,145.153,7200,240,Z:\SPART-WORK\Data\Voyager\voyager1\mag\48s\reviewed_vim\2024\voyager1_48s_mag-vim_20240530_v01.cdf,C:\Users\Administrator\Documents\FWD_matlab\Voyager_fu\Voyager_Interstellar_Monthly\HighestPrecision_Segments\V1_MAG48s_segment_1376_20241121T002550_20241121T042015.png,ok,
1,1377,2024-11-21 09:01:03,2024-11-21 13:41:01,4.66632,287,47.5200001220703,2449.44,7200,240,Z:\SPART-WORK\Data\Voyager\voyager1\mag\48s\reviewed_vim\2024\voyager1_48s_mag-vim_20240530_v01.cdf,C:\Users\Administrator\Documents\FWD_matlab\Voyager_fu\Voyager_Interstellar_Monthly\HighestPrecision_Segments\V1_MAG48s_segment_1377_20241121T090103_20241121T134101.png,ok,
1,1378,2024-11-22 09:39:27,2024-11-22 18:15:27,8.60015972229004,606,47.5209997558594,1727.135,7200,240,Z:\SPART-WORK\Data\Voyager\voyager1\mag\48s\reviewed_vim\2024\voyager1_48s_mag-vim_20240530_v01.cdf,C:\Users\Administrator\Documents\FWD_matlab\Voyager_fu\Voyager_Interstellar_Monthly\HighestPrecision_Segments\V1_MAG48s_segment_1378_20241122T093927_20241122T181527.png,ok,
1,1379,2024-11-22 20:54:38,2024-11-23 03:25:03,6.50688,459,47.5209997558594,1152.57699975586,7200,240,Z:\SPART-WORK\Data\Voyager\voyager1\mag\48s\reviewed_vim\2024\voyager1_48s_mag-vim_20240530_v01.cdf,C:\Users\Administrator\Documents\FWD_matlab\Voyager_fu\Voyager_Interstellar_Monthly\HighestPrecision_Segments\V1_MAG48s_segment_1379_20241122T205438_20241123T032503.png,ok,
1,1380,2024-11-23 12:19:28,2024-11-23 18:38:37,6.31919972222222,472,47.5209997558594,192.672,7200,240,Z:\SPART-WORK\Data\Voyager\voyager1\mag\48s\reviewed_vim\2024\voyager1_48s_mag-vim_20240530_v01.cdf,C:\Users\Administrator\Documents\FWD_matlab\Voyager_fu\Voyager_Interstellar_Monthly\HighestPrecision_Segments\V1_MAG48s_segment_1380_20241123T121928_20241123T183837.png,ok,
1,1381,2024-11-24 08:59:25,2024-11-24 13:20:15,4.34711999993218,248,47.5209997558594,2256.76800024414,7200,240,Z:\SPART-WORK\Data\Voyager\voyager1\mag\48s\reviewed_vim\2024\voyager1_48s_mag-vim_20240530_v01.cdf,C:\Users\Administrator\Documents\FWD_matlab\Voyager_fu\Voyager_Interstellar_Monthly\HighestPrecision_Segments\V1_MAG48s_segment_1381_20241124T085925_20241124T132015.png,ok,
1,1382,2024-11-25 09:13:50,2024-11-25 16:39:26,7.42679972222222,555,47.5209997558594,192.672,7200,240,Z:\SPART-WORK\Data\Voyager\voyager1\mag\48s\reviewed_vim\2024\voyager1_48s_mag-vim_20240530_v01.cdf,C:\Users\Administrator\Documents\FWD_matlab\Voyager_fu\Voyager_Interstellar_Monthly\HighestPrecision_Segments\V1_MAG48s_segment_1382_20241125T091350_20241125T163926.png,ok,
1,1383,2024-11-26 08:22:38,2024-11-26 19:05:02,10.7066397222222,781,47.5209997558594,432,7200,240,Z:\SPART-WORK\Data\Voyager\voyager1\mag\48s\reviewed_vim\2024\voyager1_48s_mag-vim_20240530_v01.cdf,C:\Users\Administrator\Documents\FWD_matlab\Voyager_fu\Voyager_Interstellar_Monthly\HighestPrecision_Segments\V1_MAG48s_segment_1383_20241126T082238_20241126T190502.png,ok,
1,1384,2024-11-27 00:00:15,2024-11-27 04:25:01,4.41288,281,47.5209997558594,864.863,7200,240,Z:\SPART-WORK\Data\Voyager\voyager1\mag\48s\reviewed_vim\2024\voyager1_48s_mag-vim_20240530_v01.cdf,C:\Users\Administrator\Documents\FWD_matlab\Voyager_fu\Voyager_Interstellar_Monthly\HighestPrecision_Segments\V1_MAG48s_segment_1384_20241127T000015_20241127T042501.png,ok,
1,1385,2024-11-27 16:59:26,2024-11-28 03:04:15,10.08024,671,47.5209997558594,1149.985,7200,240,Z:\SPART-WORK\Data\Voyager\voyager1\mag\48s\reviewed_vim\2024\voyager1_48s_mag-vim_20240530_v01.cdf,C:\Users\Administrator\Documents\FWD_matlab\Voyager_fu\Voyager_Interstellar_Monthly\HighestPrecision_Segments\V1_MAG48s_segment_1385_20241127T165926_20241128T030415.png,ok,
1,1386,2024-11-28 09:37:50,2024-11-28 18:04:15,8.44032,596,47.5209997558594,672.192999755859,7200,240,Z:\SPART-WORK\Data\Voyager\voyager1\mag\48s\reviewed_vim\2024\voyager1_48s_mag-vim_20240530_v01.cdf,C:\Users\Administrator\Documents\FWD_matlab\Voyager_fu\Voyager_Interstellar_Monthly\HighestPrecision_Segments\V1_MAG48s_segment_1386_20241128T093750_20241128T180415.png,ok,
1,1387,2024-11-28 20:06:38,2024-11-28 22:41:49,2.58624027777778,184,47.521,527.04,7200,240,Z:\SPART-WORK\Data\Voyager\voyager1\mag\48s\reviewed_vim\2024\voyager1_48s_mag-vim_20240530_v01.cdf,C:\Users\Administrator\Documents\FWD_matlab\Voyager_fu\Voyager_Interstellar_Monthly\HighestPrecision_Segments\V1_MAG48s_segment_1387_20241128T200638_20241128T224149.png,ok,
1,1388,2024-11-29 01:26:39,2024-11-29 06:29:50,5.05295972222222,189,47.521,4896.288,7200,240,Z:\SPART-WORK\Data\Voyager\voyager1\mag\48s\reviewed_vim\2024\voyager1_48s_mag-vim_20240530_v01.cdf,C:\Users\Administrator\Documents\FWD_matlab\Voyager_fu\Voyager_Interstellar_Monthly\HighestPrecision_Segments\V1_MAG48s_segment_1388_20241129T012639_20241129T062950.png,ok,
1,1389,2024-11-29 13:20:15,2024-11-29 17:59:25,4.65288000006782,332,47.5209997558594,864.863,7200,240,Z:\SPART-WORK\Data\Voyager\voyager1\mag\48s\reviewed_vim\2024\voyager1_48s_mag-vim_20240530_v01.cdf,C:\Users\Administrator\Documents\FWD_matlab\Voyager_fu\Voyager_Interstellar_Monthly\HighestPrecision_Segments\V1_MAG48s_segment_1389_20241129T132015_20241129T175925.png,ok,
1,1390,2024-11-30 06:40:14,2024-11-30 19:29:02,12.81312,555,47.521,4608.576,7200,240,Z:\SPART-WORK\Data\Voyager\voyager1\mag\48s\reviewed_vim\2024\voyager1_48s_mag-vim_20240530_v01.cdf,C:\Users\Administrator\Documents\FWD_matlab\Voyager_fu\Voyager_Interstellar_Monthly\HighestPrecision_Segments\V1_MAG48s_segment_1390_20241130T064014_20241130T192902.png,ok,
1,1391,2024-11-30 21:49:02,2024-12-01 00:09:03,2.33351972229004,155,47.5209998779297,432.863000244141,7200,240,Z:\SPART-WORK\Data\Voyager\voyager1\mag\48s\reviewed_vim\2024\voyager1_48s_mag-vim_20240530_v01.cdf,C:\Users\Administrator\Documents\FWD_matlab\Voyager_fu\Voyager_Interstellar_Monthly\HighestPrecision_Segments\V1_MAG48s_segment_1391_20241130T214902_20241201T000903.png,ok,
1,1392,2024-12-01 07:58:39,2024-12-01 14:09:01,6.1728,420,47.521,1199.23100024414,7200,240,Z:\SPART-WORK\Data\Voyager\voyager1\mag\48s\reviewed_vim\2024\voyager1_48s_mag-vim_20240530_v01.cdf,C:\Users\Administrator\Documents\FWD_matlab\Voyager_fu\Voyager_Interstellar_Monthly\HighestPrecision_Segments\V1_MAG48s_segment_1392_20241201T075839_20241201T140901.png,ok,
1,1393,2024-12-01 23:49:03,2024-12-02 02:28:14,2.65296,163,47.521,1439.424,7200,240,Z:\SPART-WORK\Data\Voyager\voyager1\mag\48s\reviewed_vim\2024\voyager1_48s_mag-vim_20240530_v01.cdf,C:\Users\Administrator\Documents\FWD_matlab\Voyager_fu\Voyager_Interstellar_Monthly\HighestPrecision_Segments\V1_MAG48s_segment_1393_20241201T234903_20241202T022814.png,ok,
1,1394,2024-12-02 07:52:14,2024-12-02 14:09:01,6.27984,448,47.5209997558594,669.599,7200,240,Z:\SPART-WORK\Data\Voyager\voyager1\mag\48s\reviewed_vim\2024\voyager1_48s_mag-vim_20240530_v01.cdf,C:\Users\Administrator\Documents\FWD_matlab\Voyager_fu\Voyager_Interstellar_Monthly\HighestPrecision_Segments\V1_MAG48s_segment_1394_20241202T075214_20241202T140901.png,ok,
1,1395,2024-12-02 23:39:26,2024-12-03 03:09:03,3.49367972229004,215,47.5209997558594,1246.752,7200,240,Z:\SPART-WORK\Data\Voyager\voyager1\mag\48s\reviewed_vim\2024\voyager1_48s_mag-vim_20240530_v01.cdf,C:\Users\Administrator\Documents\FWD_matlab\Voyager_fu\Voyager_Interstellar_Monthly\HighestPrecision_Segments\V1_MAG48s_segment_1395_20241202T233926_20241203T030903.png,ok,
1,1396,2024-12-03 07:55:26,2024-12-03 20:49:00,12.8927997222222,778,47.5209997558594,5761.153,7200,240,Z:\SPART-WORK\Data\Voyager\voyager1\mag\48s\reviewed_vim\2024\voyager1_48s_mag-vim_20240530_v01.cdf,C:\Users\Administrator\Documents\FWD_matlab\Voyager_fu\Voyager_Interstellar_Monthly\HighestPrecision_Segments\V1_MAG48s_segment_1396_20241203T075526_20241203T204900.png,ok,
1,1397,2024-12-03 22:49:48,2024-12-04 03:59:24,5.16000027770996,329,47.521,1442.01600024414,7200,240,Z:\SPART-WORK\Data\Voyager\voyager1\mag\48s\reviewed_vim\2024\voyager1_48s_mag-vim_20240530_v01.cdf,C:\Users\Administrator\Documents\FWD_matlab\Voyager_fu\Voyager_Interstellar_Monthly\HighestPrecision_Segments\V1_MAG48s_segment_1397_20241203T224948_20241204T035924.png,ok,
1,1398,2024-12-04 16:59:26,2024-12-04 19:13:49,2.23968,123,47.521,1537.056,7200,240,Z:\SPART-WORK\Data\Voyager\voyager1\mag\48s\reviewed_vim\2024\voyager1_48s_mag-vim_20240530_v01.cdf,C:\Users\Administrator\Documents\FWD_matlab\Voyager_fu\Voyager_Interstellar_Monthly\HighestPrecision_Segments\V1_MAG48s_segment_1398_20241204T165926_20241204T191349.png,ok,
1,1399,2024-12-04 22:49:48,2024-12-05 03:54:26,5.07719999993218,267,47.5209997558594,4216.319,7200,240,Z:\SPART-WORK\Data\Voyager\voyager1\mag\48s\reviewed_vim\2024\voyager1_48s_mag-vim_20240530_v01.cdf,C:\Users\Administrator\Documents\FWD_matlab\Voyager_fu\Voyager_Interstellar_Monthly\HighestPrecision_Segments\V1_MAG48s_segment_1399_20241204T224948_20241205T035426.png,ok,
1,1400,2024-12-05 14:15:15,2024-12-05 18:54:26,4.65311972222222,348,47.52,95.04,7200,240,Z:\SPART-WORK\Data\Voyager\voyager1\mag\48s\reviewed_vim\2024\voyager1_48s_mag-vim_20240530_v01.cdf,C:\Users\Administrator\Documents\FWD_matlab\Voyager_fu\Voyager_Interstellar_Monthly\HighestPrecision_Segments\V1_MAG48s_segment_1400_20241205T141515_20241205T185426.png,ok,
1,1401,2024-12-06 00:28:04,2024-12-06 02:34:28,2.10648027777778,144,47.52,767.232999755859,7200,240,Z:\SPART-WORK\Data\Voyager\voyager1\mag\48s\reviewed_vim\2024\voyager1_48s_mag-vim_20240530_v01.cdf,C:\Users\Administrator\Documents\FWD_matlab\Voyager_fu\Voyager_Interstellar_Monthly\HighestPrecision_Segments\V1_MAG48s_segment_1401_20241206T002804_20241206T023428.png,ok,
1,1402,2024-12-06 07:51:16,2024-12-06 08:34:28,0.720000277777778,42,47.5209997558594,624.672,7200,240,Z:\SPART-WORK\Data\Voyager\voyager1\mag\48s\reviewed_vim\2024\voyager1_48s_mag-vim_20240530_v01.cdf,C:\Users\Administrator\Documents\FWD_matlab\Voyager_fu\Voyager_Interstellar_Monthly\HighestPrecision_Segments\V1_MAG48s_segment_1402_20241206T075116_20241206T083428.png,ok,
1,1403,2024-12-06 14:07:16,2024-12-06 19:04:03,4.94664,359,47.52,479.519,7200,240,Z:\SPART-WORK\Data\Voyager\voyager1\mag\48s\reviewed_vim\2024\voyager1_48s_mag-vim_20240530_v01.cdf,C:\Users\Administrator\Documents\FWD_matlab\Voyager_fu\Voyager_Interstellar_Monthly\HighestPrecision_Segments\V1_MAG48s_segment_1403_20241206T140716_20241206T190403.png,ok,
1,1404,2024-12-07 07:33:41,2024-12-07 08:30:27,0.946319722290039,52,47.5200002441406,862.271999755859,7200,240,Z:\SPART-WORK\Data\Voyager\voyager1\mag\48s\reviewed_vim\2024\voyager1_48s_mag-vim_20240530_v01.cdf,C:\Users\Administrator\Documents\FWD_matlab\Voyager_fu\Voyager_Interstellar_Monthly\HighestPrecision_Segments\V1_MAG48s_segment_1404_20241207T073341_20241207T083027.png,ok,
1,1405,2024-12-07 15:03:15,2024-12-07 18:59:17,3.93384027777778,273,47.52,432,7200,240,Z:\SPART-WORK\Data\Voyager\voyager1\mag\48s\reviewed_vim\2024\voyager1_48s_mag-vim_20240530_v01.cdf,C:\Users\Administrator\Documents\FWD_matlab\Voyager_fu\Voyager_Interstellar_Monthly\HighestPrecision_Segments\V1_MAG48s_segment_1405_20241207T150315_20241207T185917.png,ok,
1,1406,2024-12-07 22:34:28,2024-12-08 02:29:40,3.91992027777778,258,47.52,1296.865,7200,240,Z:\SPART-WORK\Data\Voyager\voyager1\mag\48s\reviewed_vim\2024\voyager1_48s_mag-vim_20240530_v01.cdf,C:\Users\Administrator\Documents\FWD_matlab\Voyager_fu\Voyager_Interstellar_Monthly\HighestPrecision_Segments\V1_MAG48s_segment_1406_20241207T223428_20241208T022940.png,ok,
1,1407,2024-12-08 07:36:51,2024-12-08 11:29:40,3.88032027777778,242,47.52,1969.91900024414,7200,240,Z:\SPART-WORK\Data\Voyager\voyager1\mag\48s\reviewed_vim\2024\voyager1_48s_mag-vim_20240530_v01.cdf,C:\Users\Administrator\Documents\FWD_matlab\Voyager_fu\Voyager_Interstellar_Monthly\HighestPrecision_Segments\V1_MAG48s_segment_1407_20241208T073651_20241208T112940.png,ok,
1,1408,2024-12-08 15:30:29,2024-12-08 19:24:04,3.89279972229004,259,47.52,1202.687,7200,240,Z:\SPART-WORK\Data\Voyager\voyager1\mag\48s\reviewed_vim\2024\voyager1_48s_mag-vim_20240530_v01.cdf,C:\Users\Administrator\Documents\FWD_matlab\Voyager_fu\Voyager_Interstellar_Monthly\HighestPrecision_Segments\V1_MAG48s_segment_1408_20241208T153029_20241208T192404.png,ok,
1,1409,2024-12-09 07:28:54,2024-12-09 10:28:54,3,220,47.5209997558594,191.809,7200,240,Z:\SPART-WORK\Data\Voyager\voyager1\mag\48s\reviewed_vim\2024\voyager1_48s_mag-vim_20240530_v01.cdf,C:\Users\Administrator\Documents\FWD_matlab\Voyager_fu\Voyager_Interstellar_Monthly\HighestPrecision_Segments\V1_MAG48s_segment_1409_20241209T072854_20241209T102854.png,ok,
1,1410,2024-12-09 22:24:54,2024-12-10 02:19:18,3.90672,255,47.5209997558594,1007.424,7200,240,Z:\SPART-WORK\Data\Voyager\voyager1\mag\48s\reviewed_vim\2024\voyager1_48s_mag-vim_20240530_v01.cdf,C:\Users\Administrator\Documents\FWD_matlab\Voyager_fu\Voyager_Interstellar_Monthly\HighestPrecision_Segments\V1_MAG48s_segment_1410_20241209T222454_20241210T021918.png,ok,
1,1411,2024-12-10 07:24:04,2024-12-10 08:48:52,1.4136,77,47.521,1296.863,7200,240,Z:\SPART-WORK\Data\Voyager\voyager1\mag\48s\reviewed_vim\2024\voyager1_48s_mag-vim_20240530_v01.cdf,C:\Users\Administrator\Documents\FWD_matlab\Voyager_fu\Voyager_Interstellar_Monthly\HighestPrecision_Segments\V1_MAG48s_segment_1411_20241210T072404_20241210T084852.png,ok,
1,1412,2024-12-10 15:43:17,2024-12-11 02:14:28,10.5196802777778,750,47.5209997558594,862.272999755859,7200,240,Z:\SPART-WORK\Data\Voyager\voyager1\mag\48s\reviewed_vim\2024\voyager1_48s_mag-vim_20240530_v01.cdf,C:\Users\Administrator\Documents\FWD_matlab\Voyager_fu\Voyager_Interstellar_Monthly\HighestPrecision_Segments\V1_MAG48s_segment_1412_20241210T154317_20241211T021428.png,ok,
1,1413,2024-12-11 16:58:28,2024-12-11 18:39:16,1.68,99,47.5209997558594,719.712,7200,240,Z:\SPART-WORK\Data\Voyager\voyager1\mag\48s\reviewed_vim\2024\voyager1_48s_mag-vim_20240530_v01.cdf,C:\Users\Administrator\Documents\FWD_matlab\Voyager_fu\Voyager_Interstellar_Monthly\HighestPrecision_Segments\V1_MAG48s_segment_1413_20241211T165828_20241211T183916.png,ok,
1,1414,2024-12-11 22:58:28,2024-12-12 02:53:43,3.92063972222222,255,47.521,912.384,7200,240,Z:\SPART-WORK\Data\Voyager\voyager1\mag\48s\reviewed_vim\2024\voyager1_48s_mag-vim_20240530_v01.cdf,C:\Users\Administrator\Documents\FWD_matlab\Voyager_fu\Voyager_Interstellar_Monthly\HighestPrecision_Segments\V1_MAG48s_segment_1414_20241211T225828_20241212T025343.png,ok,
1,1415,2024-12-12 13:54:28,2024-12-12 18:19:17,4.4136,330,47.5209997558594,142.559,7200,240,Z:\SPART-WORK\Data\Voyager\voyager1\mag\48s\reviewed_vim\2024\voyager1_48s_mag-vim_20240530_v01.cdf,C:\Users\Administrator\Documents\FWD_matlab\Voyager_fu\Voyager_Interstellar_Monthly\HighestPrecision_Segments\V1_MAG48s_segment_1415_20241212T135428_20241212T181917.png,ok,
1,1416,2024-12-13 00:53:41,2024-12-13 02:04:53,1.18656,65,47.521,719.712000244141,7200,240,Z:\SPART-WORK\Data\Voyager\voyager1\mag\48s\reviewed_vim\2024\voyager1_48s_mag-vim_20240530_v01.cdf,C:\Users\Administrator\Documents\FWD_matlab\Voyager_fu\Voyager_Interstellar_Monthly\HighestPrecision_Segments\V1_MAG48s_segment_1416_20241213T005341_20241213T020453.png,ok,
1,1417,2024-12-13 08:13:40,2024-12-13 14:44:05,6.50687999993218,479,47.5209997558594,240.191,7200,240,Z:\SPART-WORK\Data\Voyager\voyager1\mag\48s\reviewed_vim\2024\voyager1_48s_mag-vim_20240530_v01.cdf,C:\Users\Administrator\Documents\FWD_matlab\Voyager_fu\Voyager_Interstellar_Monthly\HighestPrecision_Segments\V1_MAG48s_segment_1417_20241213T081340_20241213T144405.png,ok,
1,1418,2024-12-13 20:21:43,2024-12-14 02:04:05,5.70624027777778,368,47.5209997558594,1391.905,7200,240,Z:\SPART-WORK\Data\Voyager\voyager1\mag\48s\reviewed_vim\2024\voyager1_48s_mag-vim_20240530_v01.cdf,C:\Users\Administrator\Documents\FWD_matlab\Voyager_fu\Voyager_Interstellar_Monthly\HighestPrecision_Segments\V1_MAG48s_segment_1418_20241213T202143_20241214T020405.png,ok,
1,1419,2024-12-14 07:12:06,2024-12-14 11:28:52,4.27944,321,47.5209997558594,95.04,7200,240,Z:\SPART-WORK\Data\Voyager\voyager1\mag\48s\reviewed_vim\2024\voyager1_48s_mag-vim_20240530_v01.cdf,C:\Users\Administrator\Documents\FWD_matlab\Voyager_fu\Voyager_Interstellar_Monthly\HighestPrecision_Segments\V1_MAG48s_segment_1419_20241214T071206_20241214T112852.png,ok,
1,1420,2024-12-14 15:38:29,2024-12-15 01:59:19,10.3471200000678,707,47.5209997558594,959.904999755859,7200,240,Z:\SPART-WORK\Data\Voyager\voyager1\mag\48s\reviewed_vim\2024\voyager1_48s_mag-vim_20240530_v01.cdf,C:\Users\Administrator\Documents\FWD_matlab\Voyager_fu\Voyager_Interstellar_Monthly\HighestPrecision_Segments\V1_MAG48s_segment_1420_20241214T153829_20241215T015919.png,ok,
1,1421,2024-12-15 06:55:19,2024-12-15 16:53:43,9.97344027777778,723,47.5209997558594,574.559,7200,240,Z:\SPART-WORK\Data\Voyager\voyager1\mag\48s\reviewed_vim\2024\voyager1_48s_mag-vim_20240530_v01.cdf,C:\Users\Administrator\Documents\FWD_matlab\Voyager_fu\Voyager_Interstellar_Monthly\HighestPrecision_Segments\V1_MAG48s_segment_1421_20241215T065519_20241215T165343.png,ok,
1,1422,2024-12-16 06:58:32,2024-12-16 12:38:29,5.66591972222222,409,47.5209997558594,480.383999755859,7200,240,Z:\SPART-WORK\Data\Voyager\voyager1\mag\48s\reviewed_vim\2024\voyager1_48s_mag-vim_20240530_v01.cdf,C:\Users\Administrator\Documents\FWD_matlab\Voyager_fu\Voyager_Interstellar_Monthly\HighestPrecision_Segments\V1_MAG48s_segment_1422_20241216T065832_20241216T123829.png,ok,
1,1423,2024-12-16 15:14:30,2024-12-16 21:53:41,6.65327999993218,454,47.5209997558594,719.712,7200,240,Z:\SPART-WORK\Data\Voyager\voyager1\mag\48s\reviewed_vim\2024\voyager1_48s_mag-vim_20240530_v01.cdf,C:\Users\Administrator\Documents\FWD_matlab\Voyager_fu\Voyager_Interstellar_Monthly\HighestPrecision_Segments\V1_MAG48s_segment_1423_20241216T151430_20241216T215341.png,ok,
1,1424,2024-12-17 07:01:44,2024-12-17 08:08:56,1.11983972222222,85,47.52,50.112,7200,240,Z:\SPART-WORK\Data\Voyager\voyager1\mag\48s\reviewed_vim\2024\voyager1_48s_mag-vim_20240530_v01.cdf,C:\Users\Administrator\Documents\FWD_matlab\Voyager_fu\Voyager_Interstellar_Monthly\HighestPrecision_Segments\V1_MAG48s_segment_1424_20241217T070144_20241217T080856.png,ok,
1,1425,2024-12-17 18:13:42,2024-12-18 01:44:06,7.50671972222222,528,47.52,912.383999755859,7200,240,Z:\SPART-WORK\Data\Voyager\voyager1\mag\48s\reviewed_vim\2024\voyager1_48s_mag-vim_20240530_v01.cdf,C:\Users\Administrator\Documents\FWD_matlab\Voyager_fu\Voyager_Interstellar_Monthly\HighestPrecision_Segments\V1_MAG48s_segment_1425_20241217T181342_20241218T014406.png,ok,
1,1426,2024-12-18 09:28:54,2024-12-18 14:28:55,5.00016,374,47.52,145.153,7200,240,Z:\SPART-WORK\Data\Voyager\voyager1\mag\48s\reviewed_vim\2024\voyager1_48s_mag-vim_20240530_v01.cdf,C:\Users\Administrator\Documents\FWD_matlab\Voyager_fu\Voyager_Interstellar_Monthly\HighestPrecision_Segments\V1_MAG48s_segment_1426_20241218T092854_20241218T142855.png,ok,
1,1427,2024-12-19 06:55:22,2024-12-19 17:10:33,10.2532797222222,759,47.5209997558594,287.712,7200,240,Z:\SPART-WORK\Data\Voyager\voyager1\mag\48s\reviewed_vim\2024\voyager1_48s_mag-vim_20240530_v01.cdf,C:\Users\Administrator\Documents\FWD_matlab\Voyager_fu\Voyager_Interstellar_Monthly\HighestPrecision_Segments\V1_MAG48s_segment_1427_20241219T065522_20241219T171033.png,ok,
1,1428,2024-12-19 19:33:46,2024-12-20 16:28:59,20.9203202777778,1425,47.5209997558594,6194.016,7200,240,Z:\SPART-WORK\Data\Voyager\voyager1\mag\48s\reviewed_vim\2024\voyager1_48s_mag-vim_20240530_v01.cdf,C:\Users\Administrator\Documents\FWD_matlab\Voyager_fu\Voyager_Interstellar_Monthly\HighestPrecision_Segments\V1_MAG48s_segment_1428_20241219T193346_20241220T162859.png,ok,
1,1429,2024-12-21 10:44:11,2024-12-21 14:38:33,3.906,293,47.5209997558594,95.04,7200,240,Z:\SPART-WORK\Data\Voyager\voyager1\mag\48s\reviewed_vim\2024\voyager1_48s_mag-vim_20240530_v01.cdf,C:\Users\Administrator\Documents\FWD_matlab\Voyager_fu\Voyager_Interstellar_Monthly\HighestPrecision_Segments\V1_MAG48s_segment_1429_20241221T104411_20241221T143833.png,ok,
1,1430,2024-12-21 18:02:35,2024-12-22 00:38:34,6.59976,338,47.5209997558594,5424.19100024414,7200,240,Z:\SPART-WORK\Data\Voyager\voyager1\mag\48s\reviewed_vim\2024\voyager1_48s_mag-vim_20240530_v01.cdf,C:\Users\Administrator\Documents\FWD_matlab\Voyager_fu\Voyager_Interstellar_Monthly\HighestPrecision_Segments\V1_MAG48s_segment_1430_20241221T180235_20241222T003834.png,ok,
1,1431,2024-12-22 07:44:59,2024-12-22 14:53:45,7.14624027777778,522,47.521,382.752000244141,7200,240,Z:\SPART-WORK\Data\Voyager\voyager1\mag\48s\reviewed_vim\2024\voyager1_48s_mag-vim_20240530_v01.cdf,C:\Users\Administrator\Documents\FWD_matlab\Voyager_fu\Voyager_Interstellar_Monthly\HighestPrecision_Segments\V1_MAG48s_segment_1431_20241222T074459_20241222T145345.png,ok,
1,1432,2024-12-22 21:51:22,2024-12-23 00:57:47,3.10679972222222,226,47.5209997558594,432.863,7200,240,Z:\SPART-WORK\Data\Voyager\voyager1\mag\48s\reviewed_vim\2024\voyager1_48s_mag-vim_20240530_v01.cdf,C:\Users\Administrator\Documents\FWD_matlab\Voyager_fu\Voyager_Interstellar_Monthly\HighestPrecision_Segments\V1_MAG48s_segment_1432_20241222T215122_20241223T005747.png,ok,
1,1433,2024-12-23 06:32:57,2024-12-23 16:20:59,9.8004,698,47.5209997558594,719.712,7200,240,Z:\SPART-WORK\Data\Voyager\voyager1\mag\48s\reviewed_vim\2024\voyager1_48s_mag-vim_20240530_v01.cdf,C:\Users\Administrator\Documents\FWD_matlab\Voyager_fu\Voyager_Interstellar_Monthly\HighestPrecision_Segments\V1_MAG48s_segment_1433_20241223T063257_20241223T162059.png,ok,
1,1434,2024-12-23 21:48:10,2024-12-24 03:43:22,5.92008,415,47.5209997558594,673.056,7200,240,Z:\SPART-WORK\Data\Voyager\voyager1\mag\48s\reviewed_vim\2024\voyager1_48s_mag-vim_20240530_v01.cdf,C:\Users\Administrator\Documents\FWD_matlab\Voyager_fu\Voyager_Interstellar_Monthly\HighestPrecision_Segments\V1_MAG48s_segment_1434_20241223T214810_20241224T034322.png,ok,
1,1435,2024-12-24 10:24:59,2024-12-25 01:11:21,14.7729599999322,937,47.5209997558594,4754.592,7200,240,Z:\SPART-WORK\Data\Voyager\voyager1\mag\48s\reviewed_vim\2024\voyager1_48s_mag-vim_20240530_v01.cdf,C:\Users\Administrator\Documents\FWD_matlab\Voyager_fu\Voyager_Interstellar_Monthly\HighestPrecision_Segments\V1_MAG48s_segment_1435_20241224T102459_20241225T011121.png,ok,
1,1436,2024-12-25 17:17:45,2024-12-26 02:28:11,9.17376027777778,600,47.5209997558594,1201.823,7200,240,Z:\SPART-WORK\Data\Voyager\voyager1\mag\48s\reviewed_vim\2024\voyager1_48s_mag-vim_20240530_v01.cdf,C:\Users\Administrator\Documents\FWD_matlab\Voyager_fu\Voyager_Interstellar_Monthly\HighestPrecision_Segments\V1_MAG48s_segment_1436_20241225T171745_20241226T022811.png,ok,
1,1437,2024-12-26 09:27:22,2024-12-26 15:58:34,6.52008027777778,460,47.5209997558594,480.383999755859,7200,240,Z:\SPART-WORK\Data\Voyager\voyager1\mag\48s\reviewed_vim\2024\voyager1_48s_mag-vim_20240530_v01.cdf,C:\Users\Administrator\Documents\FWD_matlab\Voyager_fu\Voyager_Interstellar_Monthly\HighestPrecision_Segments\V1_MAG48s_segment_1437_20241226T092722_20241226T155834.png,ok,
1,1438,2024-12-26 19:46:34,2024-12-27 01:11:21,5.4132,361,47.5209997558594,1054.943,7200,240,Z:\SPART-WORK\Data\Voyager\voyager1\mag\48s\reviewed_vim\2024\voyager1_48s_mag-vim_20240530_v01.cdf,C:\Users\Administrator\Documents\FWD_matlab\Voyager_fu\Voyager_Interstellar_Monthly\HighestPrecision_Segments\V1_MAG48s_segment_1438_20241226T194634_20241227T011121.png,ok,
1,1439,2024-12-27 10:08:56,2024-12-28 00:59:22,14.84039972229,954,47.5209997558594,4415.904,7200,240,Z:\SPART-WORK\Data\Voyager\voyager1\mag\48s\reviewed_vim\2024\voyager1_48s_mag-vim_20240530_v01.cdf,C:\Users\Administrator\Documents\FWD_matlab\Voyager_fu\Voyager_Interstellar_Monthly\HighestPrecision_Segments\V1_MAG48s_segment_1439_20241227T100856_20241228T005922.png,ok,
1,1440,2024-12-28 10:12:09,2024-12-29 00:56:09,14.7333597222222,951,47.5209997558594,5664.384,7200,240,Z:\SPART-WORK\Data\Voyager\voyager1\mag\48s\reviewed_vim\2024\voyager1_48s_mag-vim_20240530_v01.cdf,C:\Users\Administrator\Documents\FWD_matlab\Voyager_fu\Voyager_Interstellar_Monthly\HighestPrecision_Segments\V1_MAG48s_segment_1440_20241228T101209_20241229T005609.png,ok,
1,1441,2024-12-29 06:23:23,2024-12-29 17:32:58,11.1597600000678,809,47.5209997558594,767.231000244141,7200,240,Z:\SPART-WORK\Data\Voyager\voyager1\mag\48s\reviewed_vim\2024\voyager1_48s_mag-vim_20240530_v01.cdf,C:\Users\Administrator\Documents\FWD_matlab\Voyager_fu\Voyager_Interstellar_Monthly\HighestPrecision_Segments\V1_MAG48s_segment_1441_20241229T062323_20241229T173258.png,ok,
1,1442,2024-12-29 23:50:33,2024-12-30 00:58:34,1.13376,84,47.521,145.152999755859,7200,240,Z:\SPART-WORK\Data\Voyager\voyager1\mag\48s\reviewed_vim\2024\voyager1_48s_mag-vim_20240530_v01.cdf,C:\Users\Administrator\Documents\FWD_matlab\Voyager_fu\Voyager_Interstellar_Monthly\HighestPrecision_Segments\V1_MAG48s_segment_1442_20241229T235033_20241230T005834.png,ok,
1,1443,2024-12-30 06:12:10,2024-12-30 14:28:58,8.28000027777778,618,47.5209997558594,192.672000244141,7200,240,Z:\SPART-WORK\Data\Voyager\voyager1\mag\48s\reviewed_vim\2024\voyager1_48s_mag-vim_20240530_v01.cdf,C:\Users\Administrator\Documents\FWD_matlab\Voyager_fu\Voyager_Interstellar_Monthly\HighestPrecision_Segments\V1_MAG48s_segment_1443_20241230T061210_20241230T142858.png,ok,
1,1444,2024-12-30 17:24:08,2024-12-31 00:01:45,6.62687999993218,470,47.5209997558594,864.865,7200,240,Z:\SPART-WORK\Data\Voyager\voyager1\mag\48s\reviewed_vim\2024\voyager1_48s_mag-vim_20240530_v01.cdf,C:\Users\Administrator\Documents\FWD_matlab\Voyager_fu\Voyager_Interstellar_Monthly\HighestPrecision_Segments\V1_MAG48s_segment_1444_20241230T172408_20241231T000145.png,ok,
1,1445,2025-01-01 00:12:58,2025-01-01 00:54:34,0.693360277777778,35,48.383,912.383,7200,240,Z:\SPART-WORK\Data\Voyager\voyager1\mag\48s\reviewed_vim\2025\voyager1_48s_mag-vim_20250101_v01.cdf,C:\Users\Administrator\Documents\FWD_matlab\Voyager_fu\Voyager_Interstellar_Monthly\HighestPrecision_Segments\V1_MAG48s_segment_1445_20250101T001258_20250101T005434.png,ok,
1,1446,2025-01-01 05:59:22,2025-01-01 08:01:46,2.04,151,48.383,95.905,7200,240,Z:\SPART-WORK\Data\Voyager\voyager1\mag\48s\reviewed_vim\2025\voyager1_48s_mag-vim_20250101_v01.cdf,C:\Users\Administrator\Documents\FWD_matlab\Voyager_fu\Voyager_Interstellar_Monthly\HighestPrecision_Segments\V1_MAG48s_segment_1446_20250101T055922_20250101T080146.png,ok,
1,1447,2025-01-01 13:35:23,2025-01-01 16:37:46,3.03984,168,48.383,1776.383,7200,240,Z:\SPART-WORK\Data\Voyager\voyager1\mag\48s\reviewed_vim\2025\voyager1_48s_mag-vim_20250101_v01.cdf,C:\Users\Administrator\Documents\FWD_matlab\Voyager_fu\Voyager_Interstellar_Monthly\HighestPrecision_Segments\V1_MAG48s_segment_1447_20250101T133523_20250101T163746.png,ok,
1,1448,2025-01-01 21:57:46,2025-01-02 01:52:58,3.92016,292,48.383,144.288,7200,240,Z:\SPART-WORK\Data\Voyager\voyager1\mag\48s\reviewed_vim\2025\voyager1_48s_mag-vim_20250101_v01.cdf,C:\Users\Administrator\Documents\FWD_matlab\Voyager_fu\Voyager_Interstellar_Monthly\HighestPrecision_Segments\V1_MAG48s_segment_1448_20250101T215746_20250102T015258.png,ok,
1,1449,2025-01-02 05:59:22,2025-01-02 14:12:59,8.22672027777778,594,48.383,383.617,7200,240,Z:\SPART-WORK\Data\Voyager\voyager1\mag\48s\reviewed_vim\2025\voyager1_48s_mag-vim_20250101_v01.cdf,C:\Users\Administrator\Documents\FWD_matlab\Voyager_fu\Voyager_Interstellar_Monthly\HighestPrecision_Segments\V1_MAG48s_segment_1449_20250102T055922_20250102T141259.png,ok,
1,1450,2025-01-03 05:57:46,2025-01-04 01:43:22,19.75992,1267,48.383,6048.001,7200,240,Z:\SPART-WORK\Data\Voyager\voyager1\mag\48s\reviewed_vim\2025\voyager1_48s_mag-vim_20250101_v01.cdf,C:\Users\Administrator\Documents\FWD_matlab\Voyager_fu\Voyager_Interstellar_Monthly\HighestPrecision_Segments\V1_MAG48s_segment_1450_20250103T055746_20250104T014322.png,ok,
1,1451,2025-01-04 05:48:10,2025-01-05 00:37:46,18.8265600000678,1306,48.383,959.905,7200,240,Z:\SPART-WORK\Data\Voyager\voyager1\mag\48s\reviewed_vim\2025\voyager1_48s_mag-vim_20250101_v01.cdf,C:\Users\Administrator\Documents\FWD_matlab\Voyager_fu\Voyager_Interstellar_Monthly\HighestPrecision_Segments\V1_MAG48s_segment_1451_20250104T054810_20250105T003746.png,ok,
1,1452,2025-01-05 05:43:22,2025-01-05 19:52:58,14.16,879,48.383,5903.71299975586,7200,240,Z:\SPART-WORK\Data\Voyager\voyager1\mag\48s\reviewed_vim\2025\voyager1_48s_mag-vim_20250101_v01.cdf,C:\Users\Administrator\Documents\FWD_matlab\Voyager_fu\Voyager_Interstellar_Monthly\HighestPrecision_Segments\V1_MAG48s_segment_1452_20250105T054322_20250105T195258.png,ok,
1,1453,2025-01-06 06:05:46,2025-01-06 08:08:57,2.05319972222222,154,48.383,95.903,7200,240,Z:\SPART-WORK\Data\Voyager\voyager1\mag\48s\reviewed_vim\2025\voyager1_48s_mag-vim_20250101_v01.cdf,C:\Users\Administrator\Documents\FWD_matlab\Voyager_fu\Voyager_Interstellar_Monthly\HighestPrecision_Segments\V1_MAG48s_segment_1453_20250106T060546_20250106T080857.png,ok,
1,1454,2025-01-06 13:16:10,2025-01-06 21:14:34,7.97327972222222,528,48.3830002441406,1343.52,7200,240,Z:\SPART-WORK\Data\Voyager\voyager1\mag\48s\reviewed_vim\2025\voyager1_48s_mag-vim_20250101_v01.cdf,C:\Users\Administrator\Documents\FWD_matlab\Voyager_fu\Voyager_Interstellar_Monthly\HighestPrecision_Segments\V1_MAG48s_segment_1454_20250106T131610_20250106T211434.png,ok,
1,1455,2025-01-07 06:26:34,2025-01-07 17:48:09,11.3599202777778,792,48.383,1104.192,7200,240,Z:\SPART-WORK\Data\Voyager\voyager1\mag\48s\reviewed_vim\2025\voyager1_48s_mag-vim_20250101_v01.cdf,C:\Users\Administrator\Documents\FWD_matlab\Voyager_fu\Voyager_Interstellar_Monthly\HighestPrecision_Segments\V1_MAG48s_segment_1455_20250107T062634_20250107T174809.png,ok,
1,1456,2025-01-07 21:57:46,2025-01-08 01:52:58,3.91992,281,48.3839997558594,527.904,7200,240,Z:\SPART-WORK\Data\Voyager\voyager1\mag\48s\reviewed_vim\2025\voyager1_48s_mag-vim_20250101_v01.cdf,C:\Users\Administrator\Documents\FWD_matlab\Voyager_fu\Voyager_Interstellar_Monthly\HighestPrecision_Segments\V1_MAG48s_segment_1456_20250107T215746_20250108T015258.png,ok,
1,1457,2025-01-08 05:27:22,2025-01-08 08:08:10,2.68008027777778,197,48.3839997558594,191.807,7200,240,Z:\SPART-WORK\Data\Voyager\voyager1\mag\48s\reviewed_vim\2025\voyager1_48s_mag-vim_20250101_v01.cdf,C:\Users\Administrator\Documents\FWD_matlab\Voyager_fu\Voyager_Interstellar_Monthly\HighestPrecision_Segments\V1_MAG48s_segment_1457_20250108T052722_20250108T080810.png,ok,
1,1458,2025-01-08 13:01:45,2025-01-08 16:42:34,3.68016,240,48.3839997558594,1680.481,7200,240,Z:\SPART-WORK\Data\Voyager\voyager1\mag\48s\reviewed_vim\2025\voyager1_48s_mag-vim_20250101_v01.cdf,C:\Users\Administrator\Documents\FWD_matlab\Voyager_fu\Voyager_Interstellar_Monthly\HighestPrecision_Segments\V1_MAG48s_segment_1458_20250108T130145_20250108T164234.png,ok,
1,1459,2025-01-08 23:01:45,2025-01-09 02:58:33,3.94656027777778,262,48.3839997558594,1200.09600024414,7200,240,Z:\SPART-WORK\Data\Voyager\voyager1\mag\48s\reviewed_vim\2025\voyager1_48s_mag-vim_20250101_v01.cdf,C:\Users\Administrator\Documents\FWD_matlab\Voyager_fu\Voyager_Interstellar_Monthly\HighestPrecision_Segments\V1_MAG48s_segment_1459_20250108T230145_20250109T025833.png,ok,
1,1460,2025-01-09 05:30:33,2025-01-10 04:12:57,22.7066402777778,1505,48.3839997558594,1391.904,7200,240,Z:\SPART-WORK\Data\Voyager\voyager1\mag\48s\reviewed_vim\2025\voyager1_48s_mag-vim_20250101_v01.cdf,C:\Users\Administrator\Documents\FWD_matlab\Voyager_fu\Voyager_Interstellar_Monthly\HighestPrecision_Segments\V1_MAG48s_segment_1460_20250109T053033_20250110T041257.png,ok,
1,1461,2025-01-10 08:58:33,2025-01-10 19:57:45,10.98672,680,48.3839997558594,4176.576,7200,240,Z:\SPART-WORK\Data\Voyager\voyager1\mag\48s\reviewed_vim\2025\voyager1_48s_mag-vim_20250101_v01.cdf,C:\Users\Administrator\Documents\FWD_matlab\Voyager_fu\Voyager_Interstellar_Monthly\HighestPrecision_Segments\V1_MAG48s_segment_1461_20250110T085833_20250110T195745.png,ok,
1,1462,2025-01-11 08:52:09,2025-01-12 00:08:09,15.2666402777778,907,48.3839997558594,3024,7200,240,Z:\SPART-WORK\Data\Voyager\voyager1\mag\48s\reviewed_vim\2025\voyager1_48s_mag-vim_20250101_v01.cdf,C:\Users\Administrator\Documents\FWD_matlab\Voyager_fu\Voyager_Interstellar_Monthly\HighestPrecision_Segments\V1_MAG48s_segment_1462_20250111T085209_20250112T000809.png,ok,
1,1463,2025-01-12 07:17:45,2025-01-12 12:02:33,4.74672,317,48.3839997558594,1008.289,7200,240,Z:\SPART-WORK\Data\Voyager\voyager1\mag\48s\reviewed_vim\2025\voyager1_48s_mag-vim_20250101_v01.cdf,C:\Users\Administrator\Documents\FWD_matlab\Voyager_fu\Voyager_Interstellar_Monthly\HighestPrecision_Segments\V1_MAG48s_segment_1463_20250112T071745_20250112T120233.png,ok,
1,1464,2025-01-12 14:56:57,2025-01-12 23:02:33,8.09328027770996,571,48.3839997558594,1439.424,7200,240,Z:\SPART-WORK\Data\Voyager\voyager1\mag\48s\reviewed_vim\2025\voyager1_48s_mag-vim_20250101_v01.cdf,C:\Users\Administrator\Documents\FWD_matlab\Voyager_fu\Voyager_Interstellar_Monthly\HighestPrecision_Segments\V1_MAG48s_segment_1464_20250112T145657_20250112T230233.png,ok,
1,1465,2025-01-13 06:32:57,2025-01-13 14:42:33,8.16,551,48.3839997558594,1247.61699975586,7200,240,Z:\SPART-WORK\Data\Voyager\voyager1\mag\48s\reviewed_vim\2025\voyager1_48s_mag-vim_20250101_v01.cdf,C:\Users\Administrator\Documents\FWD_matlab\Voyager_fu\Voyager_Interstellar_Monthly\HighestPrecision_Segments\V1_MAG48s_segment_1465_20250113T063257_20250113T144233.png,ok,
1,1466,2025-01-13 21:14:33,2025-01-13 23:59:21,2.74656,161,48.384,1919.809,7200,240,Z:\SPART-WORK\Data\Voyager\voyager1\mag\48s\reviewed_vim\2025\voyager1_48s_mag-vim_20250101_v01.cdf,C:\Users\Administrator\Documents\FWD_matlab\Voyager_fu\Voyager_Interstellar_Monthly\HighestPrecision_Segments\V1_MAG48s_segment_1466_20250113T211433_20250113T235921.png,ok,
1,1467,2025-01-14 07:41:45,2025-01-14 13:37:45,5.93328027777778,406,48.3839997558594,912.384000244141,7200,240,Z:\SPART-WORK\Data\Voyager\voyager1\mag\48s\reviewed_vim\2025\voyager1_48s_mag-vim_20250101_v01.cdf,C:\Users\Administrator\Documents\FWD_matlab\Voyager_fu\Voyager_Interstellar_Monthly\HighestPrecision_Segments\V1_MAG48s_segment_1467_20250114T074145_20250114T133745.png,ok,
1,1468,2025-01-15 05:01:45,2025-01-15 08:08:57,3.11999972222222,186,48.3839997558594,1583.712,7200,240,Z:\SPART-WORK\Data\Voyager\voyager1\mag\48s\reviewed_vim\2025\voyager1_48s_mag-vim_20250101_v01.cdf,C:\Users\Administrator\Documents\FWD_matlab\Voyager_fu\Voyager_Interstellar_Monthly\HighestPrecision_Segments\V1_MAG48s_segment_1468_20250115T050145_20250115T080857.png,ok,
1,1469,2025-01-15 12:40:57,2025-01-15 16:37:45,3.94680027770996,234,48.3839997558594,2783.808,7200,240,Z:\SPART-WORK\Data\Voyager\voyager1\mag\48s\reviewed_vim\2025\voyager1_48s_mag-vim_20250101_v01.cdf,C:\Users\Administrator\Documents\FWD_matlab\Voyager_fu\Voyager_Interstellar_Monthly\HighestPrecision_Segments\V1_MAG48s_segment_1469_20250115T124057_20250115T163745.png,ok,
1,1470,2025-01-16 09:43:21,2025-01-17 01:57:44,16.2398397222222,1047,48.3839997558594,2400.192,7200,240,Z:\SPART-WORK\Data\Voyager\voyager1\mag\48s\reviewed_vim\2025\voyager1_48s_mag-vim_20250101_v01.cdf,C:\Users\Administrator\Documents\FWD_matlab\Voyager_fu\Voyager_Interstellar_Monthly\HighestPrecision_Segments\V1_MAG48s_segment_1470_20250116T094321_20250117T015744.png,ok,
1,1471,2025-01-17 06:28:09,2025-01-17 18:42:33,12.2400002777778,808,48.3839997558594,1439.42300024414,7200,240,Z:\SPART-WORK\Data\Voyager\voyager1\mag\48s\reviewed_vim\2025\voyager1_48s_mag-vim_20250101_v01.cdf,C:\Users\Administrator\Documents\FWD_matlab\Voyager_fu\Voyager_Interstellar_Monthly\HighestPrecision_Segments\V1_MAG48s_segment_1471_20250117T062809_20250117T184233.png,ok,
1,1472,2025-01-18 05:22:32,2025-01-18 16:16:08,10.8933597222222,729,48.3839997558594,2064.097,7200,240,Z:\SPART-WORK\Data\Voyager\voyager1\mag\48s\reviewed_vim\2025\voyager1_48s_mag-vim_20250101_v01.cdf,C:\Users\Administrator\Documents\FWD_matlab\Voyager_fu\Voyager_Interstellar_Monthly\HighestPrecision_Segments\V1_MAG48s_segment_1472_20250118T052232_20250118T161608.png,ok,
1,1473,2025-01-18 19:57:44,2025-01-18 23:42:32,3.74664027777778,268,48.3839997558594,527.904000244141,7200,240,Z:\SPART-WORK\Data\Voyager\voyager1\mag\48s\reviewed_vim\2025\voyager1_48s_mag-vim_20250101_v01.cdf,C:\Users\Administrator\Documents\FWD_matlab\Voyager_fu\Voyager_Interstellar_Monthly\HighestPrecision_Segments\V1_MAG48s_segment_1473_20250118T195744_20250118T234232.png,ok,
1,1474,2025-01-19 04:48:57,2025-01-19 10:12:57,5.40000027777778,373,48.3839997558594,576.288000244141,7200,240,Z:\SPART-WORK\Data\Voyager\voyager1\mag\48s\reviewed_vim\2025\voyager1_48s_mag-vim_20250101_v01.cdf,C:\Users\Administrator\Documents\FWD_matlab\Voyager_fu\Voyager_Interstellar_Monthly\HighestPrecision_Segments\V1_MAG48s_segment_1474_20250119T044857_20250119T101257.png,ok,
1,1475,2025-01-19 13:24:09,2025-01-19 20:08:08,6.73319972229004,463,48.3839997558594,527.904,7200,240,Z:\SPART-WORK\Data\Voyager\voyager1\mag\48s\reviewed_vim\2025\voyager1_48s_mag-vim_20250101_v01.cdf,C:\Users\Administrator\Documents\FWD_matlab\Voyager_fu\Voyager_Interstellar_Monthly\HighestPrecision_Segments\V1_MAG48s_segment_1475_20250119T132409_20250119T200808.png,ok,
1,1476,2025-01-20 18:53:44,2025-01-20 23:32:56,4.65336,334,48.3839997558594,672.192,7200,240,Z:\SPART-WORK\Data\Voyager\voyager1\mag\48s\reviewed_vim\2025\voyager1_48s_mag-vim_20250101_v01.cdf,C:\Users\Administrator\Documents\FWD_matlab\Voyager_fu\Voyager_Interstellar_Monthly\HighestPrecision_Segments\V1_MAG48s_segment_1476_20250120T185344_20250120T233256.png,ok,
1,1477,2025-01-21 04:40:56,2025-01-21 10:12:57,5.53344,352,48.3839997558594,1343.51900024414,7200,240,Z:\SPART-WORK\Data\Voyager\voyager1\mag\48s\reviewed_vim\2025\voyager1_48s_mag-vim_20250101_v01.cdf,C:\Users\Administrator\Documents\FWD_matlab\Voyager_fu\Voyager_Interstellar_Monthly\HighestPrecision_Segments\V1_MAG48s_segment_1477_20250121T044056_20250121T101257.png,ok,
1,1478,2025-01-21 12:20:08,2025-01-21 17:12:56,4.87992027770996,341,48.3839997558594,623.808,7200,240,Z:\SPART-WORK\Data\Voyager\voyager1\mag\48s\reviewed_vim\2025\voyager1_48s_mag-vim_20250101_v01.cdf,C:\Users\Administrator\Documents\FWD_matlab\Voyager_fu\Voyager_Interstellar_Monthly\HighestPrecision_Segments\V1_MAG48s_segment_1478_20250121T122008_20250121T171256.png,ok,
1,1479,2025-01-22 00:13:44,2025-01-22 08:08:08,7.90679972229004,553,48.3839997558594,815.615000244141,7200,240,Z:\SPART-WORK\Data\Voyager\voyager1\mag\48s\reviewed_vim\2025\voyager1_48s_mag-vim_20250101_v01.cdf,C:\Users\Administrator\Documents\FWD_matlab\Voyager_fu\Voyager_Interstellar_Monthly\HighestPrecision_Segments\V1_MAG48s_segment_1479_20250122T001344_20250122T080808.png,ok,
1,1480,2025-01-22 22:32:56,2025-01-23 02:28:08,3.92015972222222,282,48.384,287.711,7200,240,Z:\SPART-WORK\Data\Voyager\voyager1\mag\48s\reviewed_vim\2025\voyager1_48s_mag-vim_20250101_v01.cdf,C:\Users\Administrator\Documents\FWD_matlab\Voyager_fu\Voyager_Interstellar_Monthly\HighestPrecision_Segments\V1_MAG48s_segment_1480_20250122T223256_20250123T022808.png,ok,
1,1481,2025-01-23 04:31:20,2025-01-23 14:02:32,9.52008,691,48.3839997558594,911.519,7200,240,Z:\SPART-WORK\Data\Voyager\voyager1\mag\48s\reviewed_vim\2025\voyager1_48s_mag-vim_20250101_v01.cdf,C:\Users\Administrator\Documents\FWD_matlab\Voyager_fu\Voyager_Interstellar_Monthly\HighestPrecision_Segments\V1_MAG48s_segment_1481_20250123T043120_20250123T140232.png,ok,
1,1482,2025-01-23 20:13:44,2025-01-24 00:08:08,3.90647972229004,280,48.3839997558594,527.904,7200,240,Z:\SPART-WORK\Data\Voyager\voyager1\mag\48s\reviewed_vim\2025\voyager1_48s_mag-vim_20250101_v01.cdf,C:\Users\Administrator\Documents\FWD_matlab\Voyager_fu\Voyager_Interstellar_Monthly\HighestPrecision_Segments\V1_MAG48s_segment_1482_20250123T201344_20250124T000808.png,ok,
1,1483,2025-01-24 15:32:08,2025-01-24 21:28:08,5.93327972222222,414,48.3839997558594,527.905,7200,240,Z:\SPART-WORK\Data\Voyager\voyager1\mag\48s\reviewed_vim\2025\voyager1_48s_mag-vim_20250101_v01.cdf,C:\Users\Administrator\Documents\FWD_matlab\Voyager_fu\Voyager_Interstellar_Monthly\HighestPrecision_Segments\V1_MAG48s_segment_1483_20250124T153208_20250124T212808.png,ok,
1,1484,2025-01-25 09:46:32,2025-01-25 13:52:56,4.10664027777778,295,48.3839997558594,336.095,7200,240,Z:\SPART-WORK\Data\Voyager\voyager1\mag\48s\reviewed_vim\2025\voyager1_48s_mag-vim_20250101_v01.cdf,C:\Users\Administrator\Documents\FWD_matlab\Voyager_fu\Voyager_Interstellar_Monthly\HighestPrecision_Segments\V1_MAG48s_segment_1484_20250125T094632_20250125T135256.png,ok,
1,1485,2025-01-25 17:08:08,2025-01-25 23:12:56,6.07992027770996,382,48.384,815.615,7200,240,Z:\SPART-WORK\Data\Voyager\voyager1\mag\48s\reviewed_vim\2025\voyager1_48s_mag-vim_20250101_v01.cdf,C:\Users\Administrator\Documents\FWD_matlab\Voyager_fu\Voyager_Interstellar_Monthly\HighestPrecision_Segments\V1_MAG48s_segment_1485_20250125T170808_20250125T231256.png,ok,
1,1486,2025-01-26 01:32:07,2025-01-26 08:12:08,6.66672,318,48.384,2928.096,7200,240,Z:\SPART-WORK\Data\Voyager\voyager1\mag\48s\reviewed_vim\2025\voyager1_48s_mag-vim_20250101_v01.cdf,C:\Users\Administrator\Documents\FWD_matlab\Voyager_fu\Voyager_Interstellar_Monthly\HighestPrecision_Segments\V1_MAG48s_segment_1486_20250126T013207_20250126T081208.png,ok,
1,1487,2025-01-26 12:32:55,2025-01-26 16:57:44,4.41335972222222,304,48.3839997558594,1008.289,7200,240,Z:\SPART-WORK\Data\Voyager\voyager1\mag\48s\reviewed_vim\2025\voyager1_48s_mag-vim_20250101_v01.cdf,C:\Users\Administrator\Documents\FWD_matlab\Voyager_fu\Voyager_Interstellar_Monthly\HighestPrecision_Segments\V1_MAG48s_segment_1487_20250126T123255_20250126T165744.png,ok,
1,1488,2025-01-27 04:48:56,2025-01-27 09:28:08,4.65335999993218,325,48.3839997558594,719.711,7200,240,Z:\SPART-WORK\Data\Voyager\voyager1\mag\48s\reviewed_vim\2025\voyager1_48s_mag-vim_20250101_v01.cdf,C:\Users\Administrator\Documents\FWD_matlab\Voyager_fu\Voyager_Interstellar_Monthly\HighestPrecision_Segments\V1_MAG48s_segment_1488_20250127T044856_20250127T092808.png,ok,
1,1489,2025-01-27 18:07:19,2025-01-27 20:07:20,2.00016,136,48.3839997558594,479.52,7200,240,Z:\SPART-WORK\Data\Voyager\voyager1\mag\48s\reviewed_vim\2025\voyager1_48s_mag-vim_20250101_v01.cdf,C:\Users\Administrator\Documents\FWD_matlab\Voyager_fu\Voyager_Interstellar_Monthly\HighestPrecision_Segments\V1_MAG48s_segment_1489_20250127T180719_20250127T200720.png,ok,
1,1490,2025-01-28 04:18:32,2025-01-28 09:23:19,5.07984027777778,381,48.3839997558594,95.904,7200,240,Z:\SPART-WORK\Data\Voyager\voyager1\mag\48s\reviewed_vim\2025\voyager1_48s_mag-vim_20250101_v01.cdf,C:\Users\Administrator\Documents\FWD_matlab\Voyager_fu\Voyager_Interstellar_Monthly\HighestPrecision_Segments\V1_MAG48s_segment_1490_20250128T041832_20250128T092319.png,ok,
1,1491,2025-01-28 13:57:44,2025-01-28 18:56:56,4.98672,282,48.3839997558594,2255.904,7200,240,Z:\SPART-WORK\Data\Voyager\voyager1\mag\48s\reviewed_vim\2025\voyager1_48s_mag-vim_20250101_v01.cdf,C:\Users\Administrator\Documents\FWD_matlab\Voyager_fu\Voyager_Interstellar_Monthly\HighestPrecision_Segments\V1_MAG48s_segment_1491_20250128T135744_20250128T185656.png,ok,
1,1492,2025-01-29 04:05:44,2025-01-29 08:08:07,4.03991999993218,304,48.3839997558594,48.385,7200,240,Z:\SPART-WORK\Data\Voyager\voyager1\mag\48s\reviewed_vim\2025\voyager1_48s_mag-vim_20250101_v01.cdf,C:\Users\Administrator\Documents\FWD_matlab\Voyager_fu\Voyager_Interstellar_Monthly\HighestPrecision_Segments\V1_MAG48s_segment_1492_20250129T040544_20250129T080807.png,ok,
1,1493,2025-01-29 13:57:44,2025-01-29 16:32:56,2.58672027777778,193,48.3839997558594,144.288999755859,7200,240,Z:\SPART-WORK\Data\Voyager\voyager1\mag\48s\reviewed_vim\2025\voyager1_48s_mag-vim_20250101_v01.cdf,C:\Users\Administrator\Documents\FWD_matlab\Voyager_fu\Voyager_Interstellar_Monthly\HighestPrecision_Segments\V1_MAG48s_segment_1493_20250129T135744_20250129T163256.png,ok,
1,1494,2025-01-30 05:35:19,2025-01-30 12:17:43,6.70656000006782,504,48.3839997558594,48.385,7200,240,Z:\SPART-WORK\Data\Voyager\voyager1\mag\48s\reviewed_vim\2025\voyager1_48s_mag-vim_20250101_v01.cdf,C:\Users\Administrator\Documents\FWD_matlab\Voyager_fu\Voyager_Interstellar_Monthly\HighestPrecision_Segments\V1_MAG48s_segment_1494_20250130T053519_20250130T121743.png,ok,
1,1495,2025-01-30 20:58:31,2025-01-31 12:12:55,15.2400002777778,1027,48.3839997558594,3936.383,7200,240,Z:\SPART-WORK\Data\Voyager\voyager1\mag\48s\reviewed_vim\2025\voyager1_48s_mag-vim_20250101_v01.cdf,C:\Users\Administrator\Documents\FWD_matlab\Voyager_fu\Voyager_Interstellar_Monthly\HighestPrecision_Segments\V1_MAG48s_segment_1495_20250130T205831_20250131T121255.png,ok,
1,1496,2025-01-31 14:36:07,2025-01-31 22:03:19,7.45344027777778,513,48.3839997558594,815.617,7200,240,Z:\SPART-WORK\Data\Voyager\voyager1\mag\48s\reviewed_vim\2025\voyager1_48s_mag-vim_20250101_v01.cdf,C:\Users\Administrator\Documents\FWD_matlab\Voyager_fu\Voyager_Interstellar_Monthly\HighestPrecision_Segments\V1_MAG48s_segment_1496_20250131T143607_20250131T220319.png,ok,
1,1497,2025-02-01 07:03:19,2025-02-01 12:08:07,5.07984,379,48.3839997558594,144.289,7200,240,Z:\SPART-WORK\Data\Voyager\voyager1\mag\48s\reviewed_vim\2025\voyager1_48s_mag-vim_20250101_v01.cdf,C:\Users\Administrator\Documents\FWD_matlab\Voyager_fu\Voyager_Interstellar_Monthly\HighestPrecision_Segments\V1_MAG48s_segment_1497_20250201T070319_20250201T120807.png,ok,
1,1498,2025-02-01 18:28:07,2025-02-01 22:48:06,4.33319972222222,325,48.3839997558594,95.904,7200,240,Z:\SPART-WORK\Data\Voyager\voyager1\mag\48s\reviewed_vim\2025\voyager1_48s_mag-vim_20250101_v01.cdf,C:\Users\Administrator\Documents\FWD_matlab\Voyager_fu\Voyager_Interstellar_Monthly\HighestPrecision_Segments\V1_MAG48s_segment_1498_20250201T182807_20250201T224806.png,ok,
1,1499,2025-02-02 03:56:07,2025-02-02 10:32:55,6.61344,480,48.384,768.095,7200,240,Z:\SPART-WORK\Data\Voyager\voyager1\mag\48s\reviewed_vim\2025\voyager1_48s_mag-vim_20250101_v01.cdf,C:\Users\Administrator\Documents\FWD_matlab\Voyager_fu\Voyager_Interstellar_Monthly\HighestPrecision_Segments\V1_MAG48s_segment_1499_20250202T035607_20250202T103255.png,ok,
1,1500,2025-02-02 14:26:31,2025-02-02 16:37:43,2.18664,155,48.384,431.136,7200,240,Z:\SPART-WORK\Data\Voyager\voyager1\mag\48s\reviewed_vim\2025\voyager1_48s_mag-vim_20250101_v01.cdf,C:\Users\Administrator\Documents\FWD_matlab\Voyager_fu\Voyager_Interstellar_Monthly\HighestPrecision_Segments\V1_MAG48s_segment_1500_20250202T142631_20250202T163743.png,ok,
1,1501,2025-02-03 03:46:31,2025-02-03 08:08:07,4.35984,309,48.3839997558594,672.191000244141,7200,240,Z:\SPART-WORK\Data\Voyager\voyager1\mag\48s\reviewed_vim\2025\voyager1_48s_mag-vim_20250101_v01.cdf,C:\Users\Administrator\Documents\FWD_matlab\Voyager_fu\Voyager_Interstellar_Monthly\HighestPrecision_Segments\V1_MAG48s_segment_1501_20250203T034631_20250203T080807.png,ok,
1,1502,2025-02-03 12:13:43,2025-02-03 18:12:55,5.98656,414,48.384,527.904,7200,240,Z:\SPART-WORK\Data\Voyager\voyager1\mag\48s\reviewed_vim\2025\voyager1_48s_mag-vim_20250101_v01.cdf,C:\Users\Administrator\Documents\FWD_matlab\Voyager_fu\Voyager_Interstellar_Monthly\HighestPrecision_Segments\V1_MAG48s_segment_1502_20250203T121343_20250203T181255.png,ok,
1,1503,2025-02-04 03:46:31,2025-02-04 08:08:07,4.35984,313,48.3839997558594,672.191000244141,7200,240,Z:\SPART-WORK\Data\Voyager\voyager1\mag\48s\reviewed_vim\2025\voyager1_48s_mag-vim_20250101_v01.cdf,C:\Users\Administrator\Documents\FWD_matlab\Voyager_fu\Voyager_Interstellar_Monthly\HighestPrecision_Segments\V1_MAG48s_segment_1503_20250204T034631_20250204T080807.png,ok,
1,1504,2025-02-05 03:41:43,2025-02-05 08:08:07,4.44,324,48.3839997558594,192.673,7200,240,Z:\SPART-WORK\Data\Voyager\voyager1\mag\48s\reviewed_vim\2025\voyager1_48s_mag-vim_20250101_v01.cdf,C:\Users\Administrator\Documents\FWD_matlab\Voyager_fu\Voyager_Interstellar_Monthly\HighestPrecision_Segments\V1_MAG48s_segment_1504_20250205T034143_20250205T080807.png,ok,
1,1505,2025-02-05 14:12:07,2025-02-05 15:37:42,1.42656,94,48.384,527.904,7200,240,Z:\SPART-WORK\Data\Voyager\voyager1\mag\48s\reviewed_vim\2025\voyager1_48s_mag-vim_20250101_v01.cdf,C:\Users\Administrator\Documents\FWD_matlab\Voyager_fu\Voyager_Interstellar_Monthly\HighestPrecision_Segments\V1_MAG48s_segment_1505_20250205T141207_20250205T153742.png,ok,
1,1506,2025-02-06 03:38:31,2025-02-06 14:02:30,10.39992,708,48.3839997558594,1536.191,7200,240,Z:\SPART-WORK\Data\Voyager\voyager1\mag\48s\reviewed_vim\2025\voyager1_48s_mag-vim_20250101_v01.cdf,C:\Users\Administrator\Documents\FWD_matlab\Voyager_fu\Voyager_Interstellar_Monthly\HighestPrecision_Segments\V1_MAG48s_segment_1506_20250206T033831_20250206T140230.png,ok,
1,1507,2025-02-06 19:32:07,2025-02-06 23:28:07,3.93336000006782,274,48.384,864,7200,240,Z:\SPART-WORK\Data\Voyager\voyager1\mag\48s\reviewed_vim\2025\voyager1_48s_mag-vim_20250101_v01.cdf,C:\Users\Administrator\Documents\FWD_matlab\Voyager_fu\Voyager_Interstellar_Monthly\HighestPrecision_Segments\V1_MAG48s_segment_1507_20250206T193207_20250206T232807.png,ok,
1,1508,2025-02-07 04:07:19,2025-02-07 14:45:42,10.6399197222222,779,48.384,431.136,7200,240,Z:\SPART-WORK\Data\Voyager\voyager1\mag\48s\reviewed_vim\2025\voyager1_48s_mag-vim_20250101_v01.cdf,C:\Users\Administrator\Documents\FWD_matlab\Voyager_fu\Voyager_Interstellar_Monthly\HighestPrecision_Segments\V1_MAG48s_segment_1508_20250207T040719_20250207T144542.png,ok,
1,1509,2025-02-08 03:28:54,2025-02-08 12:58:30,9.4932,681,48.384,912.383999755859,7200,240,Z:\SPART-WORK\Data\Voyager\voyager1\mag\48s\reviewed_vim\2025\voyager1_48s_mag-vim_20250101_v01.cdf,C:\Users\Administrator\Documents\FWD_matlab\Voyager_fu\Voyager_Interstellar_Monthly\HighestPrecision_Segments\V1_MAG48s_segment_1509_20250208T032854_20250208T125830.png,ok,
1,1510,2025-02-08 16:28:06,2025-02-08 20:52:54,4.41336,234,48.384,2496.09699975586,7200,240,Z:\SPART-WORK\Data\Voyager\voyager1\mag\48s\reviewed_vim\2025\voyager1_48s_mag-vim_20250101_v01.cdf,C:\Users\Administrator\Documents\FWD_matlab\Voyager_fu\Voyager_Interstellar_Monthly\HighestPrecision_Segments\V1_MAG48s_segment_1510_20250208T162806_20250208T205254.png,ok,
1,1511,2025-02-09 05:27:18,2025-02-09 14:44:54,9.29328,665,48.3839997558594,1440.289,7200,240,Z:\SPART-WORK\Data\Voyager\voyager1\mag\48s\reviewed_vim\2025\voyager1_48s_mag-vim_20250101_v01.cdf,C:\Users\Administrator\Documents\FWD_matlab\Voyager_fu\Voyager_Interstellar_Monthly\HighestPrecision_Segments\V1_MAG48s_segment_1511_20250209T052718_20250209T144454.png,ok,
1,1512,2025-02-10 03:22:30,2025-02-10 05:38:30,2.2668,168,48.3839997558594,192.673,7200,240,Z:\SPART-WORK\Data\Voyager\voyager1\mag\48s\reviewed_vim\2025\voyager1_48s_mag-vim_20250101_v01.cdf,C:\Users\Administrator\Documents\FWD_matlab\Voyager_fu\Voyager_Interstellar_Monthly\HighestPrecision_Segments\V1_MAG48s_segment_1512_20250210T032230_20250210T053830.png,ok,
1,1513,2025-02-10 18:53:42,2025-02-10 22:18:30,3.41327972222222,256,48.3839997558594,95.9030002441406,7200,240,Z:\SPART-WORK\Data\Voyager\voyager1\mag\48s\reviewed_vim\2025\voyager1_48s_mag-vim_20250101_v01.cdf,C:\Users\Administrator\Documents\FWD_matlab\Voyager_fu\Voyager_Interstellar_Monthly\HighestPrecision_Segments\V1_MAG48s_segment_1513_20250210T185342_20250210T221830.png,ok,
1,1514,2025-02-11 03:46:30,2025-02-11 08:38:30,4.86672027777778,350,48.3839997558594,720.575,7200,240,Z:\SPART-WORK\Data\Voyager\voyager1\mag\48s\reviewed_vim\2025\voyager1_48s_mag-vim_20250101_v01.cdf,C:\Users\Administrator\Documents\FWD_matlab\Voyager_fu\Voyager_Interstellar_Monthly\HighestPrecision_Segments\V1_MAG48s_segment_1514_20250211T034630_20250211T083830.png,ok,
1,1515,2025-02-12 06:36:06,2025-02-12 14:32:54,7.94687999993218,572,48.3839997558594,1200.09500024414,7200,240,Z:\SPART-WORK\Data\Voyager\voyager1\mag\48s\reviewed_vim\2025\voyager1_48s_mag-vim_20250101_v01.cdf,C:\Users\Administrator\Documents\FWD_matlab\Voyager_fu\Voyager_Interstellar_Monthly\HighestPrecision_Segments\V1_MAG48s_segment_1515_20250212T063606_20250212T143254.png,ok,
1,1516,2025-02-13 05:24:06,2025-02-13 14:32:06,9.13343972222222,658,48.3839997558594,384.48,7200,240,Z:\SPART-WORK\Data\Voyager\voyager1\mag\48s\reviewed_vim\2025\voyager1_48s_mag-vim_20250101_v01.cdf,C:\Users\Administrator\Documents\FWD_matlab\Voyager_fu\Voyager_Interstellar_Monthly\HighestPrecision_Segments\V1_MAG48s_segment_1516_20250213T052406_20250213T143206.png,ok,
1,1517,2025-02-13 20:04:06,2025-02-14 02:20:54,6.27984,449,48.3839997558594,480.383999755859,7200,240,Z:\SPART-WORK\Data\Voyager\voyager1\mag\48s\reviewed_vim\2025\voyager1_48s_mag-vim_20250101_v01.cdf,C:\Users\Administrator\Documents\FWD_matlab\Voyager_fu\Voyager_Interstellar_Monthly\HighestPrecision_Segments\V1_MAG48s_segment_1517_20250213T200406_20250214T022054.png,ok,
1,1518,2025-02-14 04:21:42,2025-02-14 12:33:42,8.20008000006782,616,48.3839997558594,48.385,7200,240,Z:\SPART-WORK\Data\Voyager\voyager1\mag\48s\reviewed_vim\2025\voyager1_48s_mag-vim_20250101_v01.cdf,C:\Users\Administrator\Documents\FWD_matlab\Voyager_fu\Voyager_Interstellar_Monthly\HighestPrecision_Segments\V1_MAG48s_segment_1518_20250214T042142_20250214T123342.png,ok,
1,1519,2025-02-15 01:46:30,2025-02-15 11:53:41,10.11984027771,640,48.3839997558594,4511.80799975586,7200,240,Z:\SPART-WORK\Data\Voyager\voyager1\mag\48s\reviewed_vim\2025\voyager1_48s_mag-vim_20250101_v01.cdf,C:\Users\Administrator\Documents\FWD_matlab\Voyager_fu\Voyager_Interstellar_Monthly\HighestPrecision_Segments\V1_MAG48s_segment_1519_20250215T014630_20250215T115341.png,ok,
1,1520,2025-02-15 18:02:30,2025-02-15 18:47:18,0.746640277777778,53,48.3839997558594,191.808,7200,240,Z:\SPART-WORK\Data\Voyager\voyager1\mag\48s\reviewed_vim\2025\voyager1_48s_mag-vim_20250101_v01.cdf,C:\Users\Administrator\Documents\FWD_matlab\Voyager_fu\Voyager_Interstellar_Monthly\HighestPrecision_Segments\V1_MAG48s_segment_1520_20250215T180230_20250215T184718.png,ok,
1,1521,2025-02-15 21:28:54,2025-02-15 22:08:05,0.653279999932183,49,48.3839997558594,95.903,7200,240,Z:\SPART-WORK\Data\Voyager\voyager1\mag\48s\reviewed_vim\2025\voyager1_48s_mag-vim_20250101_v01.cdf,C:\Users\Administrator\Documents\FWD_matlab\Voyager_fu\Voyager_Interstellar_Monthly\HighestPrecision_Segments\V1_MAG48s_segment_1521_20250215T212854_20250215T220805.png,ok,
1,1522,2025-02-16 03:25:42,2025-02-16 11:38:30,8.21328,614,48.3839997558594,191.808999755859,7200,240,Z:\SPART-WORK\Data\Voyager\voyager1\mag\48s\reviewed_vim\2025\voyager1_48s_mag-vim_20250101_v01.cdf,C:\Users\Administrator\Documents\FWD_matlab\Voyager_fu\Voyager_Interstellar_Monthly\HighestPrecision_Segments\V1_MAG48s_segment_1522_20250216T032542_20250216T113830.png,ok,
1,1523,2025-02-17 02:39:18,2025-02-17 05:38:30,2.98656,212,48.384,527.904,7200,240,Z:\SPART-WORK\Data\Voyager\voyager1\mag\48s\reviewed_vim\2025\voyager1_48s_mag-vim_20250101_v01.cdf,C:\Users\Administrator\Documents\FWD_matlab\Voyager_fu\Voyager_Interstellar_Monthly\HighestPrecision_Segments\V1_MAG48s_segment_1523_20250217T023918_20250217T053830.png,ok,
1,1524,2025-02-17 21:59:17,2025-02-18 14:11:17,16.2000002777778,1096,48.3839997558594,4704.48,7200,240,Z:\SPART-WORK\Data\Voyager\voyager1\mag\48s\reviewed_vim\2025\voyager1_48s_mag-vim_20250101_v01.cdf,C:\Users\Administrator\Documents\FWD_matlab\Voyager_fu\Voyager_Interstellar_Monthly\HighestPrecision_Segments\V1_MAG48s_segment_1524_20250217T215917_20250218T141117.png,ok,
1,1525,2025-02-19 02:44:06,2025-02-19 08:08:53,5.41319999993218,386,48.384,479.519999755859,7200,240,Z:\SPART-WORK\Data\Voyager\voyager1\mag\48s\reviewed_vim\2025\voyager1_48s_mag-vim_20250101_v01.cdf,C:\Users\Administrator\Documents\FWD_matlab\Voyager_fu\Voyager_Interstellar_Monthly\HighestPrecision_Segments\V1_MAG48s_segment_1525_20250219T024406_20250219T080853.png,ok,
1,1526,2025-02-20 05:38:30,2025-02-20 12:13:41,6.58655972222222,493,48.3839997558594,144.288999755859,7200,240,Z:\SPART-WORK\Data\Voyager\voyager1\mag\48s\reviewed_vim\2025\voyager1_48s_mag-vim_20250101_v01.cdf,C:\Users\Administrator\Documents\FWD_matlab\Voyager_fu\Voyager_Interstellar_Monthly\HighestPrecision_Segments\V1_MAG48s_segment_1526_20250220T053830_20250220T121341.png,ok,
1,1527,2025-02-20 19:00:05,2025-02-21 14:03:17,19.05335972229,1101,48.3839997558594,6767.713,7200,240,Z:\SPART-WORK\Data\Voyager\voyager1\mag\48s\reviewed_vim\2025\voyager1_48s_mag-vim_20250101_v01.cdf,C:\Users\Administrator\Documents\FWD_matlab\Voyager_fu\Voyager_Interstellar_Monthly\HighestPrecision_Segments\V1_MAG48s_segment_1527_20250220T190005_20250221T140317.png,ok,
1,1528,2025-02-22 02:37:41,2025-02-22 21:23:17,18.75984,1188,48.3839997558594,6864.47999975586,7200,240,Z:\SPART-WORK\Data\Voyager\voyager1\mag\48s\reviewed_vim\2025\voyager1_48s_mag-vim_20250101_v01.cdf,C:\Users\Administrator\Documents\FWD_matlab\Voyager_fu\Voyager_Interstellar_Monthly\HighestPrecision_Segments\V1_MAG48s_segment_1528_20250222T023741_20250222T212317.png,ok,
1,1529,2025-02-23 05:22:29,2025-02-23 06:20:05,0.96,73,48.3839997558594,48.3849997558594,7200,240,Z:\SPART-WORK\Data\Voyager\voyager1\mag\48s\reviewed_vim\2025\voyager1_48s_mag-vim_20250101_v01.cdf,C:\Users\Administrator\Documents\FWD_matlab\Voyager_fu\Voyager_Interstellar_Monthly\HighestPrecision_Segments\V1_MAG48s_segment_1529_20250223T052229_20250223T062005.png,ok,
1,1530,2025-02-23 13:12:05,2025-02-23 13:38:28,0.43992,31,48.3839997558594,191.808,7200,240,Z:\SPART-WORK\Data\Voyager\voyager1\mag\48s\reviewed_vim\2025\voyager1_48s_mag-vim_20250101_v01.cdf,C:\Users\Administrator\Documents\FWD_matlab\Voyager_fu\Voyager_Interstellar_Monthly\HighestPrecision_Segments\V1_MAG48s_segment_1530_20250223T131205_20250223T133828.png,ok,
1,1531,2025-02-24 04:18:28,2025-02-24 08:48:52,4.50672027777778,337,48.3839997558594,144.289,7200,240,Z:\SPART-WORK\Data\Voyager\voyager1\mag\48s\reviewed_vim\2025\voyager1_48s_mag-vim_20250101_v01.cdf,C:\Users\Administrator\Documents\FWD_matlab\Voyager_fu\Voyager_Interstellar_Monthly\HighestPrecision_Segments\V1_MAG48s_segment_1531_20250224T041828_20250224T084852.png,ok,
1,1532,2025-02-24 10:52:05,2025-02-24 21:18:29,10.4399997222222,745,48.3839997558594,431.136,7200,240,Z:\SPART-WORK\Data\Voyager\voyager1\mag\48s\reviewed_vim\2025\voyager1_48s_mag-vim_20250101_v01.cdf,C:\Users\Administrator\Documents\FWD_matlab\Voyager_fu\Voyager_Interstellar_Monthly\HighestPrecision_Segments\V1_MAG48s_segment_1532_20250224T105205_20250224T211829.png,ok,
1,1533,2025-02-25 03:00:05,2025-02-25 06:53:40,3.89328027777778,292,48.3839997558594,95.905,7200,240,Z:\SPART-WORK\Data\Voyager\voyager1\mag\48s\reviewed_vim\2025\voyager1_48s_mag-vim_20250101_v01.cdf,C:\Users\Administrator\Documents\FWD_matlab\Voyager_fu\Voyager_Interstellar_Monthly\HighestPrecision_Segments\V1_MAG48s_segment_1533_20250225T030005_20250225T065340.png,ok,
1,1534,2025-02-25 12:04:05,2025-02-25 16:38:28,4.57320027777778,342,48.3839997558594,95.905,7200,240,Z:\SPART-WORK\Data\Voyager\voyager1\mag\48s\reviewed_vim\2025\voyager1_48s_mag-vim_20250101_v01.cdf,C:\Users\Administrator\Documents\FWD_matlab\Voyager_fu\Voyager_Interstellar_Monthly\HighestPrecision_Segments\V1_MAG48s_segment_1534_20250225T120405_20250225T163828.png,ok,
1,1535,2025-02-26 02:25:41,2025-02-26 16:38:28,14.21328,906,48.3839997558594,6239.808,7200,240,Z:\SPART-WORK\Data\Voyager\voyager1\mag\48s\reviewed_vim\2025\voyager1_48s_mag-vim_20250101_v01.cdf,C:\Users\Administrator\Documents\FWD_matlab\Voyager_fu\Voyager_Interstellar_Monthly\HighestPrecision_Segments\V1_MAG48s_segment_1535_20250226T022541_20250226T163828.png,ok,
1,1536,2025-02-27 03:09:41,2025-02-27 08:24:05,5.23992,390,48.3839997558594,191.808,7200,240,Z:\SPART-WORK\Data\Voyager\voyager1\mag\48s\reviewed_vim\2025\voyager1_48s_mag-vim_20250101_v01.cdf,C:\Users\Administrator\Documents\FWD_matlab\Voyager_fu\Voyager_Interstellar_Monthly\HighestPrecision_Segments\V1_MAG48s_segment_1536_20250227T030941_20250227T082405.png,ok,
1,1537,2025-02-27 17:59:16,2025-02-27 22:58:28,4.98672000006782,367,48.384,383.615,7200,240,Z:\SPART-WORK\Data\Voyager\voyager1\mag\48s\reviewed_vim\2025\voyager1_48s_mag-vim_20250101_v01.cdf,C:\Users\Administrator\Documents\FWD_matlab\Voyager_fu\Voyager_Interstellar_Monthly\HighestPrecision_Segments\V1_MAG48s_segment_1537_20250227T175916_20250227T225828.png,ok,
1,1538,2025-02-28 04:13:41,2025-02-28 08:38:28,4.41312027770996,328,48.384,144.288999755859,7200,240,Z:\SPART-WORK\Data\Voyager\voyager1\mag\48s\reviewed_vim\2025\voyager1_48s_mag-vim_20250101_v01.cdf,C:\Users\Administrator\Documents\FWD_matlab\Voyager_fu\Voyager_Interstellar_Monthly\HighestPrecision_Segments\V1_MAG48s_segment_1538_20250228T041341_20250228T083828.png,ok,
1,1539,2025-02-28 10:45:40,2025-02-28 18:58:28,8.21328,608,48.3839997558594,240.192,7200,240,Z:\SPART-WORK\Data\Voyager\voyager1\mag\48s\reviewed_vim\2025\voyager1_48s_mag-vim_20250101_v01.cdf,C:\Users\Administrator\Documents\FWD_matlab\Voyager_fu\Voyager_Interstellar_Monthly\HighestPrecision_Segments\V1_MAG48s_segment_1539_20250228T104540_20250228T185828.png,ok,
1,1540,2025-03-01 09:52:52,2025-03-01 22:33:41,12.68016,818,48.3839997558594,4752,7200,240,Z:\SPART-WORK\Data\Voyager\voyager1\mag\48s\reviewed_vim\2025\voyager1_48s_mag-vim_20250101_v01.cdf,C:\Users\Administrator\Documents\FWD_matlab\Voyager_fu\Voyager_Interstellar_Monthly\HighestPrecision_Segments\V1_MAG48s_segment_1540_20250301T095252_20250301T223341.png,ok,
1,1541,2025-03-02 02:12:04,2025-03-02 12:59:16,10.7865597222222,587,48.384,4464.287,7200,240,Z:\SPART-WORK\Data\Voyager\voyager1\mag\48s\reviewed_vim\2025\voyager1_48s_mag-vim_20250101_v01.cdf,C:\Users\Administrator\Documents\FWD_matlab\Voyager_fu\Voyager_Interstellar_Monthly\HighestPrecision_Segments\V1_MAG48s_segment_1541_20250302T021204_20250302T125916.png,ok,
1,1542,2025-03-03 02:28:04,2025-03-03 05:39:16,3.18672027770996,205,48.3839997558594,815.616,7200,240,Z:\SPART-WORK\Data\Voyager\voyager1\mag\48s\reviewed_vim\2025\voyager1_48s_mag-vim_20250101_v01.cdf,C:\Users\Administrator\Documents\FWD_matlab\Voyager_fu\Voyager_Interstellar_Monthly\HighestPrecision_Segments\V1_MAG48s_segment_1542_20250303T022804_20250303T053916.png,ok,
1,1543,2025-03-03 11:27:16,2025-03-03 15:39:16,4.19999972229004,262,48.3839997558594,1296,7200,240,Z:\SPART-WORK\Data\Voyager\voyager1\mag\48s\reviewed_vim\2025\voyager1_48s_mag-vim_20250101_v01.cdf,C:\Users\Administrator\Documents\FWD_matlab\Voyager_fu\Voyager_Interstellar_Monthly\HighestPrecision_Segments\V1_MAG48s_segment_1543_20250303T112716_20250303T153916.png,ok,
1,1544,2025-03-04 03:54:28,2025-03-04 10:39:16,6.74663999993218,366,48.3839997558594,4895.424,7200,240,Z:\SPART-WORK\Data\Voyager\voyager1\mag\48s\reviewed_vim\2025\voyager1_48s_mag-vim_20250101_v01.cdf,C:\Users\Administrator\Documents\FWD_matlab\Voyager_fu\Voyager_Interstellar_Monthly\HighestPrecision_Segments\V1_MAG48s_segment_1544_20250304T035428_20250304T103916.png,ok,
1,1545,2025-03-05 01:57:40,2025-03-05 08:39:15,6.69312,503,48.383,48.385,7200,240,Z:\SPART-WORK\Data\Voyager\voyager1\mag\48s\reviewed_vim\2025\voyager1_48s_mag-vim_20250101_v01.cdf,C:\Users\Administrator\Documents\FWD_matlab\Voyager_fu\Voyager_Interstellar_Monthly\HighestPrecision_Segments\V1_MAG48s_segment_1545_20250305T015740_20250305T083915.png,ok,
1,1546,2025-03-05 15:44:52,2025-03-05 16:39:16,0.90672,68,48.383,95.904,7200,240,Z:\SPART-WORK\Data\Voyager\voyager1\mag\48s\reviewed_vim\2025\voyager1_48s_mag-vim_20250101_v01.cdf,C:\Users\Administrator\Documents\FWD_matlab\Voyager_fu\Voyager_Interstellar_Monthly\HighestPrecision_Segments\V1_MAG48s_segment_1546_20250305T154452_20250305T163916.png,ok,
1,1547,2025-03-06 04:13:40,2025-03-06 08:19:15,4.09320027777778,280,48.383,624.673,7200,240,Z:\SPART-WORK\Data\Voyager\voyager1\mag\48s\reviewed_vim\2025\voyager1_48s_mag-vim_20250101_v01.cdf,C:\Users\Administrator\Documents\FWD_matlab\Voyager_fu\Voyager_Interstellar_Monthly\HighestPrecision_Segments\V1_MAG48s_segment_1547_20250306T041340_20250306T081915.png,ok,
1,1548,2025-03-06 21:46:27,2025-03-07 00:18:28,2.53368000006782,165,48.383,1247.61699975586,7200,240,Z:\SPART-WORK\Data\Voyager\voyager1\mag\48s\reviewed_vim\2025\voyager1_48s_mag-vim_20250101_v01.cdf,C:\Users\Administrator\Documents\FWD_matlab\Voyager_fu\Voyager_Interstellar_Monthly\HighestPrecision_Segments\V1_MAG48s_segment_1548_20250306T214627_20250307T001828.png,ok,
1,1549,2025-03-07 04:22:28,2025-03-07 09:39:16,5.28,353,48.383,863.999000244141,7200,240,Z:\SPART-WORK\Data\Voyager\voyager1\mag\48s\reviewed_vim\2025\voyager1_48s_mag-vim_20250101_v01.cdf,C:\Users\Administrator\Documents\FWD_matlab\Voyager_fu\Voyager_Interstellar_Monthly\HighestPrecision_Segments\V1_MAG48s_segment_1549_20250307T042228_20250307T093916.png,ok,
1,1550,2025-03-08 02:12:03,2025-03-08 08:04:04,5.8668,388,48.383,1248.48000024414,7200,240,Z:\SPART-WORK\Data\Voyager\voyager1\mag\48s\reviewed_vim\2025\voyager1_48s_mag-vim_20250101_v01.cdf,C:\Users\Administrator\Documents\FWD_matlab\Voyager_fu\Voyager_Interstellar_Monthly\HighestPrecision_Segments\V1_MAG48s_segment_1550_20250308T021203_20250308T080404.png,ok,
1,1551,2025-03-08 18:16:51,2025-03-08 22:04:03,3.78672000006782,285,48.383,48.385,7200,240,Z:\SPART-WORK\Data\Voyager\voyager1\mag\48s\reviewed_vim\2025\voyager1_48s_mag-vim_20250101_v01.cdf,C:\Users\Administrator\Documents\FWD_matlab\Voyager_fu\Voyager_Interstellar_Monthly\HighestPrecision_Segments\V1_MAG48s_segment_1551_20250308T181651_20250308T220403.png,ok,
1,1552,2025-03-09 02:26:27,2025-03-09 10:04:03,7.62672000006782,386,48.383,6000.481,7200,240,Z:\SPART-WORK\Data\Voyager\voyager1\mag\48s\reviewed_vim\2025\voyager1_48s_mag-vim_20250101_v01.cdf,C:\Users\Administrator\Documents\FWD_matlab\Voyager_fu\Voyager_Interstellar_Monthly\HighestPrecision_Segments\V1_MAG48s_segment_1552_20250309T022627_20250309T100403.png,ok,
1,1553,2025-03-10 03:04:51,2025-03-10 08:19:15,5.24016,150,48.383,6143.903,7200,240,Z:\SPART-WORK\Data\Voyager\voyager1\mag\48s\reviewed_vim\2025\voyager1_48s_mag-vim_20250101_v01.cdf,C:\Users\Administrator\Documents\FWD_matlab\Voyager_fu\Voyager_Interstellar_Monthly\HighestPrecision_Segments\V1_MAG48s_segment_1553_20250310T030451_20250310T081915.png,ok,
1,1554,2025-03-10 10:31:16,2025-03-10 14:34:27,4.05311999993218,197,48.383,1104.191,7200,240,Z:\SPART-WORK\Data\Voyager\voyager1\mag\48s\reviewed_vim\2025\voyager1_48s_mag-vim_20250101_v01.cdf,C:\Users\Administrator\Documents\FWD_matlab\Voyager_fu\Voyager_Interstellar_Monthly\HighestPrecision_Segments\V1_MAG48s_segment_1554_20250310T103116_20250310T143427.png,ok,
1,1555,2025-03-11 07:35:15,2025-03-11 08:08:51,0.560160000067817,42,48.383,95.905,7200,240,Z:\SPART-WORK\Data\Voyager\voyager1\mag\48s\reviewed_vim\2025\voyager1_48s_mag-vim_20250101_v01.cdf,C:\Users\Administrator\Documents\FWD_matlab\Voyager_fu\Voyager_Interstellar_Monthly\HighestPrecision_Segments\V1_MAG48s_segment_1555_20250311T073515_20250311T080851.png,ok,
1,1556,2025-03-11 11:46:26,2025-03-11 15:39:15,3.88007999993218,292,48.383,48.385,7200,240,Z:\SPART-WORK\Data\Voyager\voyager1\mag\48s\reviewed_vim\2025\voyager1_48s_mag-vim_20250101_v01.cdf,C:\Users\Administrator\Documents\FWD_matlab\Voyager_fu\Voyager_Interstellar_Monthly\HighestPrecision_Segments\V1_MAG48s_segment_1556_20250311T114626_20250311T153915.png,ok,
1,1557,2025-03-12 01:30:27,2025-03-12 05:39:15,4.14672,293,48.383,815.616,7200,240,Z:\SPART-WORK\Data\Voyager\voyager1\mag\48s\reviewed_vim\2025\voyager1_48s_mag-vim_20250101_v01.cdf,C:\Users\Administrator\Documents\FWD_matlab\Voyager_fu\Voyager_Interstellar_Monthly\HighestPrecision_Segments\V1_MAG48s_segment_1557_20250312T013027_20250312T053915.png,ok,
1,1558,2025-03-12 10:18:27,2025-03-12 16:29:39,6.18672,335,48.383,1680.481,7200,240,Z:\SPART-WORK\Data\Voyager\voyager1\mag\48s\reviewed_vim\2025\voyager1_48s_mag-vim_20250101_v01.cdf,C:\Users\Administrator\Documents\FWD_matlab\Voyager_fu\Voyager_Interstellar_Monthly\HighestPrecision_Segments\V1_MAG48s_segment_1558_20250312T101827_20250312T162939.png,ok,
1,1559,2025-03-13 04:24:51,2025-03-13 08:14:27,3.82655972222222,286,48.383,143.423999755859,7200,240,Z:\SPART-WORK\Data\Voyager\voyager1\mag\48s\reviewed_vim\2025\voyager1_48s_mag-vim_20250101_v01.cdf,C:\Users\Administrator\Documents\FWD_matlab\Voyager_fu\Voyager_Interstellar_Monthly\HighestPrecision_Segments\V1_MAG48s_segment_1559_20250313T042451_20250313T081427.png,ok,
1,1560,2025-03-13 11:48:03,2025-03-13 16:28:51,4.68000027777778,346,48.383,241.055,7200,240,Z:\SPART-WORK\Data\Voyager\voyager1\mag\48s\reviewed_vim\2025\voyager1_48s_mag-vim_20250101_v01.cdf,C:\Users\Administrator\Documents\FWD_matlab\Voyager_fu\Voyager_Interstellar_Monthly\HighestPrecision_Segments\V1_MAG48s_segment_1560_20250313T114803_20250313T162851.png,ok,
1,1561,2025-03-13 18:40:51,2025-03-13 21:28:50,2.79984027777778,203,48.383,239.327999755859,7200,240,Z:\SPART-WORK\Data\Voyager\voyager1\mag\48s\reviewed_vim\2025\voyager1_48s_mag-vim_20250101_v01.cdf,C:\Users\Administrator\Documents\FWD_matlab\Voyager_fu\Voyager_Interstellar_Monthly\HighestPrecision_Segments\V1_MAG48s_segment_1561_20250313T184051_20250313T212850.png,ok,
1,1562,2025-03-14 03:09:39,2025-03-14 08:59:15,5.82648027777778,435,48.383,192.672,7200,240,Z:\SPART-WORK\Data\Voyager\voyager1\mag\48s\reviewed_vim\2025\voyager1_48s_mag-vim_20250101_v01.cdf,C:\Users\Administrator\Documents\FWD_matlab\Voyager_fu\Voyager_Interstellar_Monthly\HighestPrecision_Segments\V1_MAG48s_segment_1562_20250314T030939_20250314T085915.png,ok,
1,1563,2025-03-14 11:38:27,2025-03-14 15:44:02,4.09320027770996,303,48.383,191.809,7200,240,Z:\SPART-WORK\Data\Voyager\voyager1\mag\48s\reviewed_vim\2025\voyager1_48s_mag-vim_20250101_v01.cdf,C:\Users\Administrator\Documents\FWD_matlab\Voyager_fu\Voyager_Interstellar_Monthly\HighestPrecision_Segments\V1_MAG48s_segment_1563_20250314T113827_20250314T154402.png,ok,
1,1564,2025-03-14 18:24:51,2025-03-14 22:34:26,4.15992027777778,312,48.383,95.905,7200,240,Z:\SPART-WORK\Data\Voyager\voyager1\mag\48s\reviewed_vim\2025\voyager1_48s_mag-vim_20250101_v01.cdf,C:\Users\Administrator\Documents\FWD_matlab\Voyager_fu\Voyager_Interstellar_Monthly\HighestPrecision_Segments\V1_MAG48s_segment_1564_20250314T182451_20250314T223426.png,ok,
1,1565,2025-03-15 04:40:51,2025-03-15 09:19:15,4.63991972222222,196,48.383,7103.809,7200,240,Z:\SPART-WORK\Data\Voyager\voyager1\mag\48s\reviewed_vim\2025\voyager1_48s_mag-vim_20250101_v01.cdf,C:\Users\Administrator\Documents\FWD_matlab\Voyager_fu\Voyager_Interstellar_Monthly\HighestPrecision_Segments\V1_MAG48s_segment_1565_20250315T044051_20250315T091915.png,ok,
1,1566,2025-03-15 13:22:27,2025-03-15 19:54:27,6.53328027777778,473,48.383,335.231999755859,7200,240,Z:\SPART-WORK\Data\Voyager\voyager1\mag\48s\reviewed_vim\2025\voyager1_48s_mag-vim_20250101_v01.cdf,C:\Users\Administrator\Documents\FWD_matlab\Voyager_fu\Voyager_Interstellar_Monthly\HighestPrecision_Segments\V1_MAG48s_segment_1566_20250315T132227_20250315T195427.png,ok,
1,1567,2025-03-16 01:33:38,2025-03-16 06:14:26,4.68000027777778,351,48.383,96.768,7200,240,Z:\SPART-WORK\Data\Voyager\voyager1\mag\48s\reviewed_vim\2025\voyager1_48s_mag-vim_20250101_v01.cdf,C:\Users\Administrator\Documents\FWD_matlab\Voyager_fu\Voyager_Interstellar_Monthly\HighestPrecision_Segments\V1_MAG48s_segment_1567_20250316T013338_20250316T061426.png,ok,
1,1568,2025-03-16 08:45:39,2025-03-16 12:49:39,4.06656027770996,285,48.383,431.136,7200,240,Z:\SPART-WORK\Data\Voyager\voyager1\mag\48s\reviewed_vim\2025\voyager1_48s_mag-vim_20250101_v01.cdf,C:\Users\Administrator\Documents\FWD_matlab\Voyager_fu\Voyager_Interstellar_Monthly\HighestPrecision_Segments\V1_MAG48s_segment_1568_20250316T084539_20250316T124939.png,ok,
1,1569,2025-03-16 16:37:38,2025-03-16 21:39:15,5.0268,246,48.383,5999.616,7200,240,Z:\SPART-WORK\Data\Voyager\voyager1\mag\48s\reviewed_vim\2025\voyager1_48s_mag-vim_20250101_v01.cdf,C:\Users\Administrator\Documents\FWD_matlab\Voyager_fu\Voyager_Interstellar_Monthly\HighestPrecision_Segments\V1_MAG48s_segment_1569_20250316T163738_20250316T213915.png,ok,
1,1570,2025-03-17 01:12:50,2025-03-17 02:00:50,0.799920277709961,34,48.383,1296,7200,240,Z:\SPART-WORK\Data\Voyager\voyager1\mag\48s\reviewed_vim\2025\voyager1_48s_mag-vim_20250101_v01.cdf,C:\Users\Administrator\Documents\FWD_matlab\Voyager_fu\Voyager_Interstellar_Monthly\HighestPrecision_Segments\V1_MAG48s_segment_1570_20250317T011250_20250317T020050.png,ok,
1,1571,2025-03-17 07:20:50,2025-03-17 07:36:50,0.266640277709961,18,48.383,191.807999755859,7200,240,Z:\SPART-WORK\Data\Voyager\voyager1\mag\48s\reviewed_vim\2025\voyager1_48s_mag-vim_20250101_v01.cdf,C:\Users\Administrator\Documents\FWD_matlab\Voyager_fu\Voyager_Interstellar_Monthly\HighestPrecision_Segments\V1_MAG48s_segment_1571_20250317T072050_20250317T073650.png,ok,
1,1572,2025-03-17 10:23:15,2025-03-17 18:27:14,8.06639972222222,570,48.383,480.383000244141,7200,240,Z:\SPART-WORK\Data\Voyager\voyager1\mag\48s\reviewed_vim\2025\voyager1_48s_mag-vim_20250101_v01.cdf,C:\Users\Administrator\Documents\FWD_matlab\Voyager_fu\Voyager_Interstellar_Monthly\HighestPrecision_Segments\V1_MAG48s_segment_1572_20250317T102315_20250317T182714.png,ok,
1,1573,2025-03-17 23:35:14,2025-03-18 06:26:26,6.8532,392,48.383,1344.38300024414,7200,240,Z:\SPART-WORK\Data\Voyager\voyager1\mag\48s\reviewed_vim\2025\voyager1_48s_mag-vim_20250101_v01.cdf,C:\Users\Administrator\Documents\FWD_matlab\Voyager_fu\Voyager_Interstellar_Monthly\HighestPrecision_Segments\V1_MAG48s_segment_1573_20250317T233514_20250318T062626.png,ok,
1,1574,2025-03-18 08:44:02,2025-03-18 13:39:14,4.92000027777778,346,48.383,576.288,7200,240,Z:\SPART-WORK\Data\Voyager\voyager1\mag\48s\reviewed_vim\2025\voyager1_48s_mag-vim_20250101_v01.cdf,C:\Users\Administrator\Documents\FWD_matlab\Voyager_fu\Voyager_Interstellar_Monthly\HighestPrecision_Segments\V1_MAG48s_segment_1574_20250318T084402_20250318T133914.png,ok,
1,1575,2025-03-18 20:39:14,2025-03-18 21:06:27,0.45336,2,1632.096,1632.096,7200,240,Z:\SPART-WORK\Data\Voyager\voyager1\mag\48s\reviewed_vim\2025\voyager1_48s_mag-vim_20250101_v01.cdf,C:\Users\Administrator\Documents\FWD_matlab\Voyager_fu\Voyager_Interstellar_Monthly\HighestPrecision_Segments\V1_MAG48s_segment_1575_20250318T203914_20250318T210627.png,ok,
1,1576,2025-03-19 04:45:38,2025-03-19 08:09:38,3.40008,253,48.383,191.809,7200,240,Z:\SPART-WORK\Data\Voyager\voyager1\mag\48s\reviewed_vim\2025\voyager1_48s_mag-vim_20250101_v01.cdf,C:\Users\Administrator\Documents\FWD_matlab\Voyager_fu\Voyager_Interstellar_Monthly\HighestPrecision_Segments\V1_MAG48s_segment_1576_20250319T044538_20250319T080938.png,ok,
1,1577,2025-03-19 11:28:50,2025-03-19 17:20:50,5.8668,308,48.383,5328.28899975586,7200,240,Z:\SPART-WORK\Data\Voyager\voyager1\mag\48s\reviewed_vim\2025\voyager1_48s_mag-vim_20250101_v01.cdf,C:\Users\Administrator\Documents\FWD_matlab\Voyager_fu\Voyager_Interstellar_Monthly\HighestPrecision_Segments\V1_MAG48s_segment_1577_20250319T112850_20250319T172050.png,ok,
1,1578,2025-04-01 00:08:49,2025-04-01 04:55:13,4.77336027777778,354,48.383,240.192,7200,240,Z:\SPART-WORK\Data\Voyager\voyager1\mag\48s\reviewed_vim\2025\voyager1_48s_mag-vim_20250101_v01.cdf,C:\Users\Administrator\Documents\FWD_matlab\Voyager_fu\Voyager_Interstellar_Monthly\HighestPrecision_Segments\V1_MAG48s_segment_1578_20250401T000849_20250401T045513.png,ok,
1,1579,2025-04-01 07:54:25,2025-04-01 11:55:13,4.01327999993218,287,48.383,383.615999755859,7200,240,Z:\SPART-WORK\Data\Voyager\voyager1\mag\48s\reviewed_vim\2025\voyager1_48s_mag-vim_20250101_v01.cdf,C:\Users\Administrator\Documents\FWD_matlab\Voyager_fu\Voyager_Interstellar_Monthly\HighestPrecision_Segments\V1_MAG48s_segment_1579_20250401T075425_20250401T115513.png,ok,
1,1580,2025-04-02 00:25:37,2025-04-02 04:55:13,4.49352,108,48.383,4559.329,7200,240,Z:\SPART-WORK\Data\Voyager\voyager1\mag\48s\reviewed_vim\2025\voyager1_48s_mag-vim_20250101_v01.cdf,C:\Users\Administrator\Documents\FWD_matlab\Voyager_fu\Voyager_Interstellar_Monthly\HighestPrecision_Segments\V1_MAG48s_segment_1580_20250402T002537_20250402T045513.png,ok,
1,1581,2025-04-02 07:52:49,2025-04-02 10:40:01,2.78664,201,48.383,288.575,7200,240,Z:\SPART-WORK\Data\Voyager\voyager1\mag\48s\reviewed_vim\2025\voyager1_48s_mag-vim_20250101_v01.cdf,C:\Users\Administrator\Documents\FWD_matlab\Voyager_fu\Voyager_Interstellar_Monthly\HighestPrecision_Segments\V1_MAG48s_segment_1581_20250402T075249_20250402T104001.png,ok,
1,1582,2025-04-03 00:13:37,2025-04-03 10:40:01,10.44,456,48.383,6623.423,7200,240,Z:\SPART-WORK\Data\Voyager\voyager1\mag\48s\reviewed_vim\2025\voyager1_48s_mag-vim_20250101_v01.cdf,C:\Users\Administrator\Documents\FWD_matlab\Voyager_fu\Voyager_Interstellar_Monthly\HighestPrecision_Segments\V1_MAG48s_segment_1582_20250403T001337_20250403T104001.png,ok,
1,1583,2025-04-03 17:14:25,2025-04-03 21:15:13,4.01328,298,48.383,191.808999755859,7200,240,Z:\SPART-WORK\Data\Voyager\voyager1\mag\48s\reviewed_vim\2025\voyager1_48s_mag-vim_20250101_v01.cdf,C:\Users\Administrator\Documents\FWD_matlab\Voyager_fu\Voyager_Interstellar_Monthly\HighestPrecision_Segments\V1_MAG48s_segment_1583_20250403T171425_20250403T211513.png,ok,
1,1584,2025-04-03 23:52:48,2025-04-04 03:40:01,3.78671999993218,271,48.383,480.384,7200,240,Z:\SPART-WORK\Data\Voyager\voyager1\mag\48s\reviewed_vim\2025\voyager1_48s_mag-vim_20250101_v01.cdf,C:\Users\Administrator\Documents\FWD_matlab\Voyager_fu\Voyager_Interstellar_Monthly\HighestPrecision_Segments\V1_MAG48s_segment_1584_20250403T235248_20250404T034001.png,ok,
1,1585,2025-04-04 16:13:36,2025-04-04 20:40:00,4.44,331,48.383,191.809,7200,240,Z:\SPART-WORK\Data\Voyager\voyager1\mag\48s\reviewed_vim\2025\voyager1_48s_mag-vim_20250101_v01.cdf,C:\Users\Administrator\Documents\FWD_matlab\Voyager_fu\Voyager_Interstellar_Monthly\HighestPrecision_Segments\V1_MAG48s_segment_1585_20250404T161336_20250404T204000.png,ok,
1,1586,2025-04-05 14:44:00,2025-04-05 18:38:25,3.90671972222222,287,48.383,191.808999755859,7200,240,Z:\SPART-WORK\Data\Voyager\voyager1\mag\48s\reviewed_vim\2025\voyager1_48s_mag-vim_20250101_v01.cdf,C:\Users\Administrator\Documents\FWD_matlab\Voyager_fu\Voyager_Interstellar_Monthly\HighestPrecision_Segments\V1_MAG48s_segment_1586_20250405T144400_20250405T183825.png,ok,
1,1587,2025-04-06 02:13:37,2025-04-06 05:24:48,3.18648027777778,240,48.383,48.385,7200,240,Z:\SPART-WORK\Data\Voyager\voyager1\mag\48s\reviewed_vim\2025\voyager1_48s_mag-vim_20250101_v01.cdf,C:\Users\Administrator\Documents\FWD_matlab\Voyager_fu\Voyager_Interstellar_Monthly\HighestPrecision_Segments\V1_MAG48s_segment_1587_20250406T021337_20250406T052448.png,ok,
1,1588,2025-04-06 10:36:01,2025-04-06 15:15:13,4.65336,350,48.383,48.385,7200,240,Z:\SPART-WORK\Data\Voyager\voyager1\mag\48s\reviewed_vim\2025\voyager1_48s_mag-vim_20250101_v01.cdf,C:\Users\Administrator\Documents\FWD_matlab\Voyager_fu\Voyager_Interstellar_Monthly\HighestPrecision_Segments\V1_MAG48s_segment_1588_20250406T103601_20250406T151513.png,ok,
1,1589,2025-04-07 10:58:24,2025-04-07 18:09:37,7.18680027777778,531,48.383,287.711000244141,7200,240,Z:\SPART-WORK\Data\Voyager\voyager1\mag\48s\reviewed_vim\2025\voyager1_48s_mag-vim_20250101_v01.cdf,C:\Users\Administrator\Documents\FWD_matlab\Voyager_fu\Voyager_Interstellar_Monthly\HighestPrecision_Segments\V1_MAG48s_segment_1589_20250407T105824_20250407T180937.png,ok,
1,1590,2025-04-08 07:43:13,2025-04-08 14:30:24,6.78647972222222,448,48.383,1247.61500024414,7200,240,Z:\SPART-WORK\Data\Voyager\voyager1\mag\48s\reviewed_vim\2025\voyager1_48s_mag-vim_20250101_v01.cdf,C:\Users\Administrator\Documents\FWD_matlab\Voyager_fu\Voyager_Interstellar_Monthly\HighestPrecision_Segments\V1_MAG48s_segment_1590_20250408T074313_20250408T143024.png,ok,
1,1591,2025-04-09 03:25:36,2025-04-09 08:24:48,4.98672,355,48.383,432.001,7200,240,Z:\SPART-WORK\Data\Voyager\voyager1\mag\48s\reviewed_vim\2025\voyager1_48s_mag-vim_20250101_v01.cdf,C:\Users\Administrator\Documents\FWD_matlab\Voyager_fu\Voyager_Interstellar_Monthly\HighestPrecision_Segments\V1_MAG48s_segment_1591_20250409T032536_20250409T082448.png,ok,
1,1592,2025-04-10 07:48:00,2025-04-10 10:44:48,2.94671972222222,196,48.383,719.712000244141,7200,240,Z:\SPART-WORK\Data\Voyager\voyager1\mag\48s\reviewed_vim\2025\voyager1_48s_mag-vim_20250101_v01.cdf,C:\Users\Administrator\Documents\FWD_matlab\Voyager_fu\Voyager_Interstellar_Monthly\HighestPrecision_Segments\V1_MAG48s_segment_1592_20250410T074800_20250410T104448.png,ok,
1,1593,2025-04-10 15:14:24,2025-04-10 19:55:12,4.68000027770996,294,48.383,1248.48,7200,240,Z:\SPART-WORK\Data\Voyager\voyager1\mag\48s\reviewed_vim\2025\voyager1_48s_mag-vim_20250101_v01.cdf,C:\Users\Administrator\Documents\FWD_matlab\Voyager_fu\Voyager_Interstellar_Monthly\HighestPrecision_Segments\V1_MAG48s_segment_1593_20250410T151424_20250410T195512.png,ok,
1,1594,2025-04-11 00:15:12,2025-04-11 04:14:24,3.98664027770996,299,48.383,95.903,7200,240,Z:\SPART-WORK\Data\Voyager\voyager1\mag\48s\reviewed_vim\2025\voyager1_48s_mag-vim_20250101_v01.cdf,C:\Users\Administrator\Documents\FWD_matlab\Voyager_fu\Voyager_Interstellar_Monthly\HighestPrecision_Segments\V1_MAG48s_segment_1594_20250411T001512_20250411T041424.png,ok,
1,1595,2025-04-11 12:28:00,2025-04-11 14:55:12,2.45327972229004,151,48.383,1535.328,7200,240,Z:\SPART-WORK\Data\Voyager\voyager1\mag\48s\reviewed_vim\2025\voyager1_48s_mag-vim_20250101_v01.cdf,C:\Users\Administrator\Documents\FWD_matlab\Voyager_fu\Voyager_Interstellar_Monthly\HighestPrecision_Segments\V1_MAG48s_segment_1595_20250411T122800_20250411T145512.png,ok,
1,1596,2025-04-11 17:25:35,2025-04-11 22:59:12,5.56007972222222,383,48.383,959.904,7200,240,Z:\SPART-WORK\Data\Voyager\voyager1\mag\48s\reviewed_vim\2025\voyager1_48s_mag-vim_20250101_v01.cdf,C:\Users\Administrator\Documents\FWD_matlab\Voyager_fu\Voyager_Interstellar_Monthly\HighestPrecision_Segments\V1_MAG48s_segment_1596_20250411T172535_20250411T225912.png,ok,
1,1597,2025-04-12 05:38:23,2025-04-12 10:32:48,4.9068,342,48.383,673.056,7200,240,Z:\SPART-WORK\Data\Voyager\voyager1\mag\48s\reviewed_vim\2025\voyager1_48s_mag-vim_20250101_v01.cdf,C:\Users\Administrator\Documents\FWD_matlab\Voyager_fu\Voyager_Interstellar_Monthly\HighestPrecision_Segments\V1_MAG48s_segment_1597_20250412T053823_20250412T103248.png,ok,
1,1598,2025-04-12 13:03:12,2025-04-12 17:44:48,4.69344,334,48.383,527.903999755859,7200,240,Z:\SPART-WORK\Data\Voyager\voyager1\mag\48s\reviewed_vim\2025\voyager1_48s_mag-vim_20250101_v01.cdf,C:\Users\Administrator\Documents\FWD_matlab\Voyager_fu\Voyager_Interstellar_Monthly\HighestPrecision_Segments\V1_MAG48s_segment_1598_20250412T130312_20250412T174448.png,ok,
1,1599,2025-04-12 23:27:12,2025-04-13 05:15:12,5.79984,412,48.383,1008.289,7200,240,Z:\SPART-WORK\Data\Voyager\voyager1\mag\48s\reviewed_vim\2025\voyager1_48s_mag-vim_20250101_v01.cdf,C:\Users\Administrator\Documents\FWD_matlab\Voyager_fu\Voyager_Interstellar_Monthly\HighestPrecision_Segments\V1_MAG48s_segment_1599_20250412T232712_20250413T051512.png,ok,
1,1600,2025-04-13 23:51:12,2025-04-14 10:39:59,10.8132002777778,627,48.383,2208.38499975586,7200,240,Z:\SPART-WORK\Data\Voyager\voyager1\mag\48s\reviewed_vim\2025\voyager1_48s_mag-vim_20250101_v01.cdf,C:\Users\Administrator\Documents\FWD_matlab\Voyager_fu\Voyager_Interstellar_Monthly\HighestPrecision_Segments\V1_MAG48s_segment_1600_20250413T235112_20250414T103959.png,ok,
1,1601,2025-04-14 18:58:24,2025-04-14 22:55:11,3.94655999993218,296,48.383,95.905,7200,240,Z:\SPART-WORK\Data\Voyager\voyager1\mag\48s\reviewed_vim\2025\voyager1_48s_mag-vim_20250101_v01.cdf,C:\Users\Administrator\Documents\FWD_matlab\Voyager_fu\Voyager_Interstellar_Monthly\HighestPrecision_Segments\V1_MAG48s_segment_1601_20250414T185824_20250414T225511.png,ok,
1,1602,2025-04-15 07:16:00,2025-04-15 13:24:48,6.14664027777778,456,48.383,143.425,7200,240,Z:\SPART-WORK\Data\Voyager\voyager1\mag\48s\reviewed_vim\2025\voyager1_48s_mag-vim_20250101_v01.cdf,C:\Users\Administrator\Documents\FWD_matlab\Voyager_fu\Voyager_Interstellar_Monthly\HighestPrecision_Segments\V1_MAG48s_segment_1602_20250415T071600_20250415T132448.png,ok,
1,1603,2025-04-15 23:06:24,2025-04-16 05:00:00,5.89344027777778,440,48.383,144.288,7200,240,Z:\SPART-WORK\Data\Voyager\voyager1\mag\48s\reviewed_vim\2025\voyager1_48s_mag-vim_20250101_v01.cdf,C:\Users\Administrator\Documents\FWD_matlab\Voyager_fu\Voyager_Interstellar_Monthly\HighestPrecision_Segments\V1_MAG48s_segment_1603_20250415T230624_20250416T050000.png,ok,
1,1604,2025-04-16 17:11:11,2025-04-16 21:04:47,3.89328,286,48.383,336.097,7200,240,Z:\SPART-WORK\Data\Voyager\voyager1\mag\48s\reviewed_vim\2025\voyager1_48s_mag-vim_20250101_v01.cdf,C:\Users\Administrator\Documents\FWD_matlab\Voyager_fu\Voyager_Interstellar_Monthly\HighestPrecision_Segments\V1_MAG48s_segment_1604_20250416T171111_20250416T210447.png,ok,
1,1605,2025-04-16 23:39:59,2025-04-17 03:35:11,3.91992,275,48.383,480.384,7200,240,Z:\SPART-WORK\Data\Voyager\voyager1\mag\48s\reviewed_vim\2025\voyager1_48s_mag-vim_20250101_v01.cdf,C:\Users\Administrator\Documents\FWD_matlab\Voyager_fu\Voyager_Interstellar_Monthly\HighestPrecision_Segments\V1_MAG48s_segment_1605_20250416T233959_20250417T033511.png,ok,
1,1606,2025-04-17 16:36:00,2025-04-17 21:30:23,4.90655972222222,334,48.383,864.865,7200,240,Z:\SPART-WORK\Data\Voyager\voyager1\mag\48s\reviewed_vim\2025\voyager1_48s_mag-vim_20250101_v01.cdf,C:\Users\Administrator\Documents\FWD_matlab\Voyager_fu\Voyager_Interstellar_Monthly\HighestPrecision_Segments\V1_MAG48s_segment_1606_20250417T163600_20250417T213023.png,ok,
1,1607,2025-04-17 23:41:35,2025-04-18 06:40:00,6.97344027770996,366,48.383,5807.807,7200,240,Z:\SPART-WORK\Data\Voyager\voyager1\mag\48s\reviewed_vim\2025\voyager1_48s_mag-vim_20250101_v01.cdf,C:\Users\Administrator\Documents\FWD_matlab\Voyager_fu\Voyager_Interstellar_Monthly\HighestPrecision_Segments\V1_MAG48s_segment_1607_20250417T234135_20250418T064000.png,ok,
1,1608,2025-04-18 23:39:59,2025-04-19 07:39:59,7.99992027777778,420,48.383,4079.80899975586,7200,240,Z:\SPART-WORK\Data\Voyager\voyager1\mag\48s\reviewed_vim\2025\voyager1_48s_mag-vim_20250101_v01.cdf,C:\Users\Administrator\Documents\FWD_matlab\Voyager_fu\Voyager_Interstellar_Monthly\HighestPrecision_Segments\V1_MAG48s_segment_1608_20250418T233959_20250419T073959.png,ok,
1,1609,2025-04-19 12:56:47,2025-04-19 17:50:23,4.89336027777778,324,48.383,1296,7200,240,Z:\SPART-WORK\Data\Voyager\voyager1\mag\48s\reviewed_vim\2025\voyager1_48s_mag-vim_20250101_v01.cdf,C:\Users\Administrator\Documents\FWD_matlab\Voyager_fu\Voyager_Interstellar_Monthly\HighestPrecision_Segments\V1_MAG48s_segment_1609_20250419T125647_20250419T175023.png,ok,
1,1610,2025-04-19 23:30:23,2025-04-20 03:39:59,4.15992027777778,295,48.383,576.288,7200,240,Z:\SPART-WORK\Data\Voyager\voyager1\mag\48s\reviewed_vim\2025\voyager1_48s_mag-vim_20250101_v01.cdf,C:\Users\Administrator\Documents\FWD_matlab\Voyager_fu\Voyager_Interstellar_Monthly\HighestPrecision_Segments\V1_MAG48s_segment_1610_20250419T233023_20250420T033959.png,ok,
1,1611,2025-04-20 07:54:23,2025-04-20 10:39:59,2.76,175,48.383,815.616,7200,240,Z:\SPART-WORK\Data\Voyager\voyager1\mag\48s\reviewed_vim\2025\voyager1_48s_mag-vim_20250101_v01.cdf,C:\Users\Administrator\Documents\FWD_matlab\Voyager_fu\Voyager_Interstellar_Monthly\HighestPrecision_Segments\V1_MAG48s_segment_1611_20250420T075423_20250420T103959.png,ok,
1,1612,2025-04-20 22:45:35,2025-04-21 07:10:23,8.4132,599,48.383,719.712,7200,240,Z:\SPART-WORK\Data\Voyager\voyager1\mag\48s\reviewed_vim\2025\voyager1_48s_mag-vim_20250101_v01.cdf,C:\Users\Administrator\Documents\FWD_matlab\Voyager_fu\Voyager_Interstellar_Monthly\HighestPrecision_Segments\V1_MAG48s_segment_1612_20250420T224535_20250421T071023.png,ok,
1,1613,2025-04-21 22:52:46,2025-04-22 02:39:59,3.78695972222222,280,48.383,144.287,7200,240,Z:\SPART-WORK\Data\Voyager\voyager1\mag\48s\reviewed_vim\2025\voyager1_48s_mag-vim_20250101_v01.cdf,C:\Users\Administrator\Documents\FWD_matlab\Voyager_fu\Voyager_Interstellar_Monthly\HighestPrecision_Segments\V1_MAG48s_segment_1613_20250421T225246_20250422T023959.png,ok,
1,1614,2025-04-23 01:46:23,2025-04-23 05:42:23,3.93335972229004,295,48.383,95.903,7200,240,Z:\SPART-WORK\Data\Voyager\voyager1\mag\48s\reviewed_vim\2025\voyager1_48s_mag-vim_20250101_v01.cdf,C:\Users\Administrator\Documents\FWD_matlab\Voyager_fu\Voyager_Interstellar_Monthly\HighestPrecision_Segments\V1_MAG48s_segment_1614_20250423T014623_20250423T054223.png,ok,
1,1615,2025-04-23 22:59:58,2025-04-24 03:11:11,4.18679972229004,291,48.383,768.095,7200,240,Z:\SPART-WORK\Data\Voyager\voyager1\mag\48s\reviewed_vim\2025\voyager1_48s_mag-vim_20250101_v01.cdf,C:\Users\Administrator\Documents\FWD_matlab\Voyager_fu\Voyager_Interstellar_Monthly\HighestPrecision_Segments\V1_MAG48s_segment_1615_20250423T225958_20250424T031111.png,ok,
1,1616,2025-04-24 07:54:23,2025-04-24 09:59:59,2.09327972222222,146,48.383,479.52,7200,240,Z:\SPART-WORK\Data\Voyager\voyager1\mag\48s\reviewed_vim\2025\voyager1_48s_mag-vim_20250101_v01.cdf,C:\Users\Administrator\Documents\FWD_matlab\Voyager_fu\Voyager_Interstellar_Monthly\HighestPrecision_Segments\V1_MAG48s_segment_1616_20250424T075423_20250424T095959.png,ok,
1,1617,2025-04-24 14:30:22,2025-04-24 18:34:23,4.06680027770996,297,48.383,432.001,7200,240,Z:\SPART-WORK\Data\Voyager\voyager1\mag\48s\reviewed_vim\2025\voyager1_48s_mag-vim_20250101_v01.cdf,C:\Users\Administrator\Documents\FWD_matlab\Voyager_fu\Voyager_Interstellar_Monthly\HighestPrecision_Segments\V1_MAG48s_segment_1617_20250424T143022_20250424T183423.png,ok,
1,1618,2025-04-25 00:05:35,2025-04-25 09:30:23,9.41328027777778,698,48.383,383.616,7200,240,Z:\SPART-WORK\Data\Voyager\voyager1\mag\48s\reviewed_vim\2025\voyager1_48s_mag-vim_20250101_v01.cdf,C:\Users\Administrator\Documents\FWD_matlab\Voyager_fu\Voyager_Interstellar_Monthly\HighestPrecision_Segments\V1_MAG48s_segment_1618_20250425T000535_20250425T093023.png,ok,
1,1619,2025-04-25 22:24:47,2025-04-26 16:25:34,18.0132,1128,48.383,6671.808,7200,240,Z:\SPART-WORK\Data\Voyager\voyager1\mag\48s\reviewed_vim\2025\voyager1_48s_mag-vim_20250101_v01.cdf,C:\Users\Administrator\Documents\FWD_matlab\Voyager_fu\Voyager_Interstellar_Monthly\HighestPrecision_Segments\V1_MAG48s_segment_1619_20250425T222447_20250426T162534.png,ok,
1,1620,2025-04-26 22:34:22,2025-04-27 02:50:22,4.26672,320,48.383,95.904,7200,240,Z:\SPART-WORK\Data\Voyager\voyager1\mag\48s\reviewed_vim\2025\voyager1_48s_mag-vim_20250101_v01.cdf,C:\Users\Administrator\Documents\FWD_matlab\Voyager_fu\Voyager_Interstellar_Monthly\HighestPrecision_Segments\V1_MAG48s_segment_1620_20250426T223422_20250427T025022.png,ok,
1,1621,2025-04-27 05:55:58,2025-04-27 12:55:10,6.98664,487,48.383,863.999,7200,240,Z:\SPART-WORK\Data\Voyager\voyager1\mag\48s\reviewed_vim\2025\voyager1_48s_mag-vim_20250101_v01.cdf,C:\Users\Administrator\Documents\FWD_matlab\Voyager_fu\Voyager_Interstellar_Monthly\HighestPrecision_Segments\V1_MAG48s_segment_1621_20250427T055558_20250427T125510.png,ok,
1,1622,2025-04-28 01:39:58,2025-04-28 08:19:58,6.66672027770996,412,48.383,4031.424,7200,240,Z:\SPART-WORK\Data\Voyager\voyager1\mag\48s\reviewed_vim\2025\voyager1_48s_mag-vim_20250101_v01.cdf,C:\Users\Administrator\Documents\FWD_matlab\Voyager_fu\Voyager_Interstellar_Monthly\HighestPrecision_Segments\V1_MAG48s_segment_1622_20250428T013958_20250428T081958.png,ok,
1,1623,2025-04-28 14:51:10,2025-04-28 18:15:10,3.40008,234,48.383,479.52,7200,240,Z:\SPART-WORK\Data\Voyager\voyager1\mag\48s\reviewed_vim\2025\voyager1_48s_mag-vim_20250101_v01.cdf,C:\Users\Administrator\Documents\FWD_matlab\Voyager_fu\Voyager_Interstellar_Monthly\HighestPrecision_Segments\V1_MAG48s_segment_1623_20250428T145110_20250428T181510.png,ok,
1,1624,2025-04-29 05:55:58,2025-04-29 10:59:58,5.06664027777778,336,48.383,1008.289,7200,240,Z:\SPART-WORK\Data\Voyager\voyager1\mag\48s\reviewed_vim\2025\voyager1_48s_mag-vim_20250101_v01.cdf,C:\Users\Administrator\Documents\FWD_matlab\Voyager_fu\Voyager_Interstellar_Monthly\HighestPrecision_Segments\V1_MAG48s_segment_1624_20250429T055558_20250429T105958.png,ok,
1,1625,2025-04-29 18:05:35,2025-04-29 19:59:58,1.90656027777778,139,48.383,192.672,7200,240,Z:\SPART-WORK\Data\Voyager\voyager1\mag\48s\reviewed_vim\2025\voyager1_48s_mag-vim_20250101_v01.cdf,C:\Users\Administrator\Documents\FWD_matlab\Voyager_fu\Voyager_Interstellar_Monthly\HighestPrecision_Segments\V1_MAG48s_segment_1625_20250429T180535_20250429T195958.png,ok,
1,1626,2025-04-30 10:50:22,2025-04-30 15:39:58,4.82664,341,48.383,719.711999755859,7200,240,Z:\SPART-WORK\Data\Voyager\voyager1\mag\48s\reviewed_vim\2025\voyager1_48s_mag-vim_20250101_v01.cdf,C:\Users\Administrator\Documents\FWD_matlab\Voyager_fu\Voyager_Interstellar_Monthly\HighestPrecision_Segments\V1_MAG48s_segment_1626_20250430T105022_20250430T153958.png,ok,
1,1627,2025-04-30 23:11:10,2025-05-01 04:47:58,5.61336000006782,305,48.383,2207.519,7200,240,Z:\SPART-WORK\Data\Voyager\voyager1\mag\48s\reviewed_vim\2025\voyager1_48s_mag-vim_20250101_v01.cdf,C:\Users\Administrator\Documents\FWD_matlab\Voyager_fu\Voyager_Interstellar_Monthly\HighestPrecision_Segments\V1_MAG48s_segment_1627_20250430T231110_20250501T044758.png,ok,
1,1628,2025-05-01 08:43:58,2025-05-01 13:15:10,4.52016,305,48.383,720.575000244141,7200,240,Z:\SPART-WORK\Data\Voyager\voyager1\mag\48s\reviewed_vim\2025\voyager1_48s_mag-vim_20250101_v01.cdf,C:\Users\Administrator\Documents\FWD_matlab\Voyager_fu\Voyager_Interstellar_Monthly\HighestPrecision_Segments\V1_MAG48s_segment_1628_20250501T084358_20250501T131510.png,ok,
1,1629,2025-05-02 01:25:34,2025-05-02 09:30:23,8.08008,600,48.383,144.288999755859,7200,240,Z:\SPART-WORK\Data\Voyager\voyager1\mag\48s\reviewed_vim\2025\voyager1_48s_mag-vim_20250101_v01.cdf,C:\Users\Administrator\Documents\FWD_matlab\Voyager_fu\Voyager_Interstellar_Monthly\HighestPrecision_Segments\V1_MAG48s_segment_1629_20250502T012534_20250502T093023.png,ok,
1,1630,2025-05-03 01:36:46,2025-05-03 07:44:46,6.13344027777778,371,48.383,2832.192,7200,240,Z:\SPART-WORK\Data\Voyager\voyager1\mag\48s\reviewed_vim\2025\voyager1_48s_mag-vim_20250101_v01.cdf,C:\Users\Administrator\Documents\FWD_matlab\Voyager_fu\Voyager_Interstellar_Monthly\HighestPrecision_Segments\V1_MAG48s_segment_1630_20250503T013646_20250503T074446.png,ok,
1,1631,2025-05-03 23:23:58,2025-05-04 03:55:09,4.51991972222222,340,48.383,48.385,7200,240,Z:\SPART-WORK\Data\Voyager\voyager1\mag\48s\reviewed_vim\2025\voyager1_48s_mag-vim_20250101_v01.cdf,C:\Users\Administrator\Documents\FWD_matlab\Voyager_fu\Voyager_Interstellar_Monthly\HighestPrecision_Segments\V1_MAG48s_segment_1631_20250503T232358_20250504T035509.png,ok,
1,1632,2025-05-04 06:00:45,2025-05-04 08:24:45,2.40000027770996,156,48.383,959.904,7200,240,Z:\SPART-WORK\Data\Voyager\voyager1\mag\48s\reviewed_vim\2025\voyager1_48s_mag-vim_20250101_v01.cdf,C:\Users\Administrator\Documents\FWD_matlab\Voyager_fu\Voyager_Interstellar_Monthly\HighestPrecision_Segments\V1_MAG48s_segment_1632_20250504T060045_20250504T082445.png,ok,
1,1633,2025-05-05 00:24:46,2025-05-05 08:55:09,8.50655972229004,630,48.383,191.809,7200,240,Z:\SPART-WORK\Data\Voyager\voyager1\mag\48s\reviewed_vim\2025\voyager1_48s_mag-vim_20250101_v01.cdf,C:\Users\Administrator\Documents\FWD_matlab\Voyager_fu\Voyager_Interstellar_Monthly\HighestPrecision_Segments\V1_MAG48s_segment_1633_20250505T002446_20250505T085509.png,ok,
1,1634,2025-05-05 21:47:57,2025-05-06 01:39:57,3.86663972222222,281,48.383,527.904000244141,7200,240,Z:\SPART-WORK\Data\Voyager\voyager1\mag\48s\reviewed_vim\2025\voyager1_48s_mag-vim_20250101_v01.cdf,C:\Users\Administrator\Documents\FWD_matlab\Voyager_fu\Voyager_Interstellar_Monthly\HighestPrecision_Segments\V1_MAG48s_segment_1634_20250505T214757_20250506T013957.png,ok,
1,1635,2025-05-06 06:08:46,2025-05-06 11:50:21,5.69327972222222,425,48.383,191.809,7200,240,Z:\SPART-WORK\Data\Voyager\voyager1\mag\48s\reviewed_vim\2025\voyager1_48s_mag-vim_20250101_v01.cdf,C:\Users\Administrator\Documents\FWD_matlab\Voyager_fu\Voyager_Interstellar_Monthly\HighestPrecision_Segments\V1_MAG48s_segment_1635_20250506T060846_20250506T115021.png,ok,
1,1636,2025-05-07 02:40:45,2025-05-07 10:04:46,7.40016,549,48.383,191.809,7200,240,Z:\SPART-WORK\Data\Voyager\voyager1\mag\48s\reviewed_vim\2025\voyager1_48s_mag-vim_20250101_v01.cdf,C:\Users\Administrator\Documents\FWD_matlab\Voyager_fu\Voyager_Interstellar_Monthly\HighestPrecision_Segments\V1_MAG48s_segment_1636_20250507T024045_20250507T100446.png,ok,
1,1637,2025-05-08 00:45:32,2025-05-08 09:04:45,8.32031972222222,592,47.5200002441406,814.751000244141,7200,240,Z:\SPART-WORK\Data\Voyager\voyager1\mag\48s\reviewed_vim\2025\voyager1_48s_mag-vim_20250101_v01.cdf,C:\Users\Administrator\Documents\FWD_matlab\Voyager_fu\Voyager_Interstellar_Monthly\HighestPrecision_Segments\V1_MAG48s_segment_1637_20250508T004532_20250508T090445.png,ok,
1,1638,2025-05-09 05:27:09,2025-05-09 09:24:46,3.96024,288,47.52,192.672000244141,7200,240,Z:\SPART-WORK\Data\Voyager\voyager1\mag\48s\reviewed_vim\2025\voyager1_48s_mag-vim_20250101_v01.cdf,C:\Users\Administrator\Documents\FWD_matlab\Voyager_fu\Voyager_Interstellar_Monthly\HighestPrecision_Segments\V1_MAG48s_segment_1638_20250509T052709_20250509T092446.png,ok,
1,1639,2025-05-10 01:47:57,2025-05-10 08:59:57,7.19999972222222,533,47.52,240.192000244141,7200,240,Z:\SPART-WORK\Data\Voyager\voyager1\mag\48s\reviewed_vim\2025\voyager1_48s_mag-vim_20250101_v01.cdf,C:\Users\Administrator\Documents\FWD_matlab\Voyager_fu\Voyager_Interstellar_Monthly\HighestPrecision_Segments\V1_MAG48s_segment_1639_20250510T014757_20250510T085957.png,ok,
1,1640,2025-05-11 00:15:09,2025-05-11 01:59:57,1.74648027770996,130,47.52,143.425,7200,240,Z:\SPART-WORK\Data\Voyager\voyager1\mag\48s\reviewed_vim\2025\voyager1_48s_mag-vim_20250101_v01.cdf,C:\Users\Administrator\Documents\FWD_matlab\Voyager_fu\Voyager_Interstellar_Monthly\HighestPrecision_Segments\V1_MAG48s_segment_1640_20250511T001509_20250511T015957.png,ok,
1,1641,2025-05-11 05:38:21,2025-05-11 15:39:56,10.02647972229,728,47.52,480.384000244141,7200,240,Z:\SPART-WORK\Data\Voyager\voyager1\mag\48s\reviewed_vim\2025\voyager1_48s_mag-vim_20250101_v01.cdf,C:\Users\Administrator\Documents\FWD_matlab\Voyager_fu\Voyager_Interstellar_Monthly\HighestPrecision_Segments\V1_MAG48s_segment_1641_20250511T053821_20250511T153956.png,ok,
1,1642,2025-05-12 01:41:33,2025-05-12 05:39:57,3.97319999993218,297,47.52,143.425,7200,240,Z:\SPART-WORK\Data\Voyager\voyager1\mag\48s\reviewed_vim\2025\voyager1_48s_mag-vim_20250101_v01.cdf,C:\Users\Administrator\Documents\FWD_matlab\Voyager_fu\Voyager_Interstellar_Monthly\HighestPrecision_Segments\V1_MAG48s_segment_1642_20250512T014133_20250512T053957.png,ok,
1,1643,2025-05-12 13:30:20,2025-05-12 16:14:21,2.7336,178,47.52,672.192000244141,7200,240,Z:\SPART-WORK\Data\Voyager\voyager1\mag\48s\reviewed_vim\2025\voyager1_48s_mag-vim_20250101_v01.cdf,C:\Users\Administrator\Documents\FWD_matlab\Voyager_fu\Voyager_Interstellar_Monthly\HighestPrecision_Segments\V1_MAG48s_segment_1643_20250512T133020_20250512T161421.png,ok,
1,1644,2025-05-12 21:19:09,2025-05-13 01:19:57,4.01328027777778,292,47.52,432.864,7200,240,Z:\SPART-WORK\Data\Voyager\voyager1\mag\48s\reviewed_vim\2025\voyager1_48s_mag-vim_20250101_v01.cdf,C:\Users\Administrator\Documents\FWD_matlab\Voyager_fu\Voyager_Interstellar_Monthly\HighestPrecision_Segments\V1_MAG48s_segment_1644_20250512T211909_20250513T011957.png,ok,
1,1645,2025-05-13 04:55:09,2025-05-13 10:24:44,5.49312,375,47.52,961.631000244141,7200,240,Z:\SPART-WORK\Data\Voyager\voyager1\mag\48s\reviewed_vim\2025\voyager1_48s_mag-vim_20250101_v01.cdf,C:\Users\Administrator\Documents\FWD_matlab\Voyager_fu\Voyager_Interstellar_Monthly\HighestPrecision_Segments\V1_MAG48s_segment_1645_20250513T045509_20250513T102444.png,ok,
1,1646,2025-05-14 00:34:20,2025-05-14 02:39:56,2.09328,156,47.52,144.289,7200,240,Z:\SPART-WORK\Data\Voyager\voyager1\mag\48s\reviewed_vim\2025\voyager1_48s_mag-vim_20250101_v01.cdf,C:\Users\Administrator\Documents\FWD_matlab\Voyager_fu\Voyager_Interstellar_Monthly\HighestPrecision_Segments\V1_MAG48s_segment_1646_20250514T003420_20250514T023956.png,ok,
1,1647,2025-05-14 05:44:45,2025-05-14 09:55:09,4.17336,312,47.52,145.152000244141,7200,240,Z:\SPART-WORK\Data\Voyager\voyager1\mag\48s\reviewed_vim\2025\voyager1_48s_mag-vim_20250101_v01.cdf,C:\Users\Administrator\Documents\FWD_matlab\Voyager_fu\Voyager_Interstellar_Monthly\HighestPrecision_Segments\V1_MAG48s_segment_1647_20250514T054445_20250514T095509.png,ok,
1,1648,2025-05-14 21:12:44,2025-05-15 02:09:33,4.94687999993218,369,47.52,191.807,7200,240,Z:\SPART-WORK\Data\Voyager\voyager1\mag\48s\reviewed_vim\2025\voyager1_48s_mag-vim_20250101_v01.cdf,C:\Users\Administrator\Documents\FWD_matlab\Voyager_fu\Voyager_Interstellar_Monthly\HighestPrecision_Segments\V1_MAG48s_segment_1648_20250514T211244_20250515T020933.png,ok,
1,1649,2025-05-15 05:03:09,2025-05-15 09:59:56,4.94639972222222,338,47.52,1392.76800024414,7200,240,Z:\SPART-WORK\Data\Voyager\voyager1\mag\48s\reviewed_vim\2025\voyager1_48s_mag-vim_20250101_v01.cdf,C:\Users\Administrator\Documents\FWD_matlab\Voyager_fu\Voyager_Interstellar_Monthly\HighestPrecision_Segments\V1_MAG48s_segment_1649_20250515T050309_20250515T095956.png,ok,
1,1650,2025-05-15 21:23:56,2025-05-16 08:14:20,10.83984,781,47.52,623.807000244141,7200,240,Z:\SPART-WORK\Data\Voyager\voyager1\mag\48s\reviewed_vim\2025\voyager1_48s_mag-vim_20250101_v01.cdf,C:\Users\Administrator\Documents\FWD_matlab\Voyager_fu\Voyager_Interstellar_Monthly\HighestPrecision_Segments\V1_MAG48s_segment_1650_20250515T212356_20250516T081420.png,ok,
1,1651,2025-05-16 21:03:08,2025-05-17 10:34:20,13.5201597222222,981,47.52,528.767,7200,240,Z:\SPART-WORK\Data\Voyager\voyager1\mag\48s\reviewed_vim\2025\voyager1_48s_mag-vim_20250101_v01.cdf,C:\Users\Administrator\Documents\FWD_matlab\Voyager_fu\Voyager_Interstellar_Monthly\HighestPrecision_Segments\V1_MAG48s_segment_1651_20250516T210308_20250517T103420.png,ok,
1,1652,2025-05-17 21:03:08,2025-05-18 01:39:56,4.61328,339,47.52,432,7200,240,Z:\SPART-WORK\Data\Voyager\voyager1\mag\48s\reviewed_vim\2025\voyager1_48s_mag-vim_20250101_v01.cdf,C:\Users\Administrator\Documents\FWD_matlab\Voyager_fu\Voyager_Interstellar_Monthly\HighestPrecision_Segments\V1_MAG48s_segment_1652_20250517T210308_20250518T013956.png,ok,
1,1653,2025-05-18 10:53:31,2025-05-18 14:44:45,3.85367972222222,254,47.5200002441406,720.576000244141,7200,240,Z:\SPART-WORK\Data\Voyager\voyager1\mag\48s\reviewed_vim\2025\voyager1_48s_mag-vim_20250101_v01.cdf,C:\Users\Administrator\Documents\FWD_matlab\Voyager_fu\Voyager_Interstellar_Monthly\HighestPrecision_Segments\V1_MAG48s_segment_1653_20250518T105331_20250518T144445.png,ok,
1,1654,2025-05-18 21:43:07,2025-05-19 02:59:55,5.28,394,47.5200002441406,191.808,7200,240,Z:\SPART-WORK\Data\Voyager\voyager1\mag\48s\reviewed_vim\2025\voyager1_48s_mag-vim_20250101_v01.cdf,C:\Users\Administrator\Documents\FWD_matlab\Voyager_fu\Voyager_Interstellar_Monthly\HighestPrecision_Segments\V1_MAG48s_segment_1654_20250518T214307_20250519T025955.png,ok,
1,1655,2025-05-19 05:54:19,2025-05-19 08:44:45,2.84039999993218,191,47.5209997558594,527.905,7200,240,Z:\SPART-WORK\Data\Voyager\voyager1\mag\48s\reviewed_vim\2025\voyager1_48s_mag-vim_20250101_v01.cdf,C:\Users\Administrator\Documents\FWD_matlab\Voyager_fu\Voyager_Interstellar_Monthly\HighestPrecision_Segments\V1_MAG48s_segment_1655_20250519T055419_20250519T084445.png,ok,
1,1656,2025-05-19 20:55:08,2025-05-20 01:24:44,4.49328,336,47.521,95.9030002441406,7200,240,Z:\SPART-WORK\Data\Voyager\voyager1\mag\48s\reviewed_vim\2025\voyager1_48s_mag-vim_20250101_v01.cdf,C:\Users\Administrator\Documents\FWD_matlab\Voyager_fu\Voyager_Interstellar_Monthly\HighestPrecision_Segments\V1_MAG48s_segment_1656_20250519T205508_20250520T012444.png,ok,
1,1657,2025-05-20 06:55:07,2025-05-20 11:19:07,4.40016027777778,283,47.521,863.136,7200,240,Z:\SPART-WORK\Data\Voyager\voyager1\mag\48s\reviewed_vim\2025\voyager1_48s_mag-vim_20250101_v01.cdf,C:\Users\Administrator\Documents\FWD_matlab\Voyager_fu\Voyager_Interstellar_Monthly\HighestPrecision_Segments\V1_MAG48s_segment_1657_20250520T065507_20250520T111907.png,ok,
1,1658,2025-05-20 20:40:43,2025-05-21 04:29:32,7.81344027777778,578,47.521,288.576000244141,7200,240,Z:\SPART-WORK\Data\Voyager\voyager1\mag\48s\reviewed_vim\2025\voyager1_48s_mag-vim_20250101_v01.cdf,C:\Users\Administrator\Documents\FWD_matlab\Voyager_fu\Voyager_Interstellar_Monthly\HighestPrecision_Segments\V1_MAG48s_segment_1658_20250520T204043_20250521T042932.png,ok,
1,1659,2025-05-21 07:14:19,2025-05-21 09:24:44,2.17343972222222,162,47.521,143.424999755859,7200,240,Z:\SPART-WORK\Data\Voyager\voyager1\mag\48s\reviewed_vim\2025\voyager1_48s_mag-vim_20250101_v01.cdf,C:\Users\Administrator\Documents\FWD_matlab\Voyager_fu\Voyager_Interstellar_Monthly\HighestPrecision_Segments\V1_MAG48s_segment_1659_20250521T071419_20250521T092444.png,ok,
1,1660,2025-05-22 02:10:20,2025-05-22 02:54:19,0.732960000067817,54,47.521,144.287999755859,7200,240,Z:\SPART-WORK\Data\Voyager\voyager1\mag\48s\reviewed_vim\2025\voyager1_48s_mag-vim_20250101_v01.cdf,C:\Users\Administrator\Documents\FWD_matlab\Voyager_fu\Voyager_Interstellar_Monthly\HighestPrecision_Segments\V1_MAG48s_segment_1660_20250522T021020_20250522T025419.png,ok,
1,1661,2025-05-22 07:52:44,2025-05-22 13:54:21,6.02687972222222,429,47.521,623.808999755859,7200,240,Z:\SPART-WORK\Data\Voyager\voyager1\mag\48s\reviewed_vim\2025\voyager1_48s_mag-vim_20250101_v01.cdf,C:\Users\Administrator\Documents\FWD_matlab\Voyager_fu\Voyager_Interstellar_Monthly\HighestPrecision_Segments\V1_MAG48s_segment_1661_20250522T075244_20250522T135421.png,ok,
1,1662,2025-05-22 22:06:20,2025-05-23 09:39:55,11.55984,790,47.521,864,7200,240,Z:\SPART-WORK\Data\Voyager\voyager1\mag\48s\reviewed_vim\2025\voyager1_48s_mag-vim_20250101_v01.cdf,C:\Users\Administrator\Documents\FWD_matlab\Voyager_fu\Voyager_Interstellar_Monthly\HighestPrecision_Segments\V1_MAG48s_segment_1662_20250522T220620_20250523T093955.png,ok,
1,1663,2025-05-23 20:34:20,2025-05-24 14:59:07,18.4130402777778,1269,47.521,2880.576,7200,240,Z:\SPART-WORK\Data\Voyager\voyager1\mag\48s\reviewed_vim\2025\voyager1_48s_mag-vim_20250101_v01.cdf,C:\Users\Administrator\Documents\FWD_matlab\Voyager_fu\Voyager_Interstellar_Monthly\HighestPrecision_Segments\V1_MAG48s_segment_1663_20250523T203420_20250524T145907.png,ok,
1,1664,2025-05-24 22:23:07,2025-05-25 07:58:19,9.5868,695,47.521,528.767,7200,240,Z:\SPART-WORK\Data\Voyager\voyager1\mag\48s\reviewed_vim\2025\voyager1_48s_mag-vim_20250101_v01.cdf,C:\Users\Administrator\Documents\FWD_matlab\Voyager_fu\Voyager_Interstellar_Monthly\HighestPrecision_Segments\V1_MAG48s_segment_1664_20250524T222307_20250525T075819.png,ok,
1,1665,2025-05-25 21:30:19,2025-05-26 00:23:55,2.89343972222222,215,47.521,143.423000244141,7200,240,Z:\SPART-WORK\Data\Voyager\voyager1\mag\48s\reviewed_vim\2025\voyager1_48s_mag-vim_20250101_v01.cdf,C:\Users\Administrator\Documents\FWD_matlab\Voyager_fu\Voyager_Interstellar_Monthly\HighestPrecision_Segments\V1_MAG48s_segment_1665_20250525T213019_20250526T002355.png,ok,
1,1666,2025-05-26 04:55:08,2025-05-26 10:03:55,5.14632,376,47.521,431.136,7200,240,Z:\SPART-WORK\Data\Voyager\voyager1\mag\48s\reviewed_vim\2025\voyager1_48s_mag-vim_20250101_v01.cdf,C:\Users\Administrator\Documents\FWD_matlab\Voyager_fu\Voyager_Interstellar_Monthly\HighestPrecision_Segments\V1_MAG48s_segment_1666_20250526T045508_20250526T100355.png,ok,
1,1667,2025-05-27 00:59:55,2025-05-27 04:40:43,3.68016027770996,275,47.5209997558594,143.423,7200,240,Z:\SPART-WORK\Data\Voyager\voyager1\mag\48s\reviewed_vim\2025\voyager1_48s_mag-vim_20250101_v01.cdf,C:\Users\Administrator\Documents\FWD_matlab\Voyager_fu\Voyager_Interstellar_Monthly\HighestPrecision_Segments\V1_MAG48s_segment_1667_20250527T005955_20250527T044043.png,ok,
1,1668,2025-05-27 22:39:06,2025-05-28 03:35:08,4.93368027777778,369,47.5200002441406,143.423000244141,7200,240,Z:\SPART-WORK\Data\Voyager\voyager1\mag\48s\reviewed_vim\2025\voyager1_48s_mag-vim_20250101_v01.cdf,C:\Users\Administrator\Documents\FWD_matlab\Voyager_fu\Voyager_Interstellar_Monthly\HighestPrecision_Segments\V1_MAG48s_segment_1668_20250527T223906_20250528T033508.png,ok,
1,1669,2025-05-28 21:03:07,2025-05-29 01:59:07,4.93319972222222,371,47.52,49.249,7200,240,Z:\SPART-WORK\Data\Voyager\voyager1\mag\48s\reviewed_vim\2025\voyager1_48s_mag-vim_20250101_v01.cdf,C:\Users\Administrator\Documents\FWD_matlab\Voyager_fu\Voyager_Interstellar_Monthly\HighestPrecision_Segments\V1_MAG48s_segment_1669_20250528T210307_20250529T015907.png,ok,
1,1670,2025-05-29 13:31:55,2025-05-29 14:48:43,1.27992,97,47.52,49.249,7200,240,Z:\SPART-WORK\Data\Voyager\voyager1\mag\48s\reviewed_vim\2025\voyager1_48s_mag-vim_20250101_v01.cdf,C:\Users\Administrator\Documents\FWD_matlab\Voyager_fu\Voyager_Interstellar_Monthly\HighestPrecision_Segments\V1_MAG48s_segment_1670_20250529T133155_20250529T144843.png,ok,
1,1671,2025-05-29 21:06:19,2025-05-30 07:00:44,9.90696,687,47.52,1103.327,7200,240,Z:\SPART-WORK\Data\Voyager\voyager1\mag\48s\reviewed_vim\2025\voyager1_48s_mag-vim_20250101_v01.cdf,C:\Users\Administrator\Documents\FWD_matlab\Voyager_fu\Voyager_Interstellar_Monthly\HighestPrecision_Segments\V1_MAG48s_segment_1671_20250529T210619_20250530T070044.png,ok,
1,1672,2025-05-30 10:07:07,2025-05-30 15:03:55,4.94640027777778,336,47.52,1008.289,7200,240,Z:\SPART-WORK\Data\Voyager\voyager1\mag\48s\reviewed_vim\2025\voyager1_48s_mag-vim_20250101_v01.cdf,C:\Users\Administrator\Documents\FWD_matlab\Voyager_fu\Voyager_Interstellar_Monthly\HighestPrecision_Segments\V1_MAG48s_segment_1672_20250530T100707_20250530T150355.png,ok,
1,1673,2025-05-30 22:34:20,2025-05-31 06:03:55,7.49304027777778,548,47.52,432.864,7200,240,Z:\SPART-WORK\Data\Voyager\voyager1\mag\48s\reviewed_vim\2025\voyager1_48s_mag-vim_20250101_v01.cdf,C:\Users\Administrator\Documents\FWD_matlab\Voyager_fu\Voyager_Interstellar_Monthly\HighestPrecision_Segments\V1_MAG48s_segment_1673_20250530T223420_20250531T060355.png,ok,
1,1674,2025-05-31 20:14:19,2025-05-31 22:08:42,1.90632000006782,141,47.52,191.808,7200,240,Z:\SPART-WORK\Data\Voyager\voyager1\mag\48s\reviewed_vim\2025\voyager1_48s_mag-vim_20250101_v01.cdf,C:\Users\Administrator\Documents\FWD_matlab\Voyager_fu\Voyager_Interstellar_Monthly\HighestPrecision_Segments\V1_MAG48s_segment_1674_20250531T201419_20250531T220842.png,ok,
1,1675,2025-06-01 00:27:55,2025-06-01 06:08:43,5.68008000006782,413,47.52,479.52,7200,240,Z:\SPART-WORK\Data\Voyager\voyager1\mag\48s\reviewed_vim\2025\voyager1_48s_mag-vim_20250101_v01.cdf,C:\Users\Administrator\Documents\FWD_matlab\Voyager_fu\Voyager_Interstellar_Monthly\HighestPrecision_Segments\V1_MAG48s_segment_1675_20250601T002755_20250601T060843.png,ok,
1,1676,2025-06-01 19:57:30,2025-06-01 23:59:07,4.02696,282,47.52,863.135,7200,240,Z:\SPART-WORK\Data\Voyager\voyager1\mag\48s\reviewed_vim\2025\voyager1_48s_mag-vim_20250101_v01.cdf,C:\Users\Administrator\Documents\FWD_matlab\Voyager_fu\Voyager_Interstellar_Monthly\HighestPrecision_Segments\V1_MAG48s_segment_1676_20250601T195730_20250601T235907.png,ok,
1,1677,2025-06-02 20:00:42,2025-06-03 01:08:42,5.13311972229004,385,47.52,96.7670002441406,7200,240,Z:\SPART-WORK\Data\Voyager\voyager1\mag\48s\reviewed_vim\2025\voyager1_48s_mag-vim_20250101_v01.cdf,C:\Users\Administrator\Documents\FWD_matlab\Voyager_fu\Voyager_Interstellar_Monthly\HighestPrecision_Segments\V1_MAG48s_segment_1677_20250602T200042_20250603T010842.png,ok,
1,1678,2025-06-03 03:50:18,2025-06-03 07:23:54,3.55991972222222,226,47.52,1295.999,7200,240,Z:\SPART-WORK\Data\Voyager\voyager1\mag\48s\reviewed_vim\2025\voyager1_48s_mag-vim_20250101_v01.cdf,C:\Users\Administrator\Documents\FWD_matlab\Voyager_fu\Voyager_Interstellar_Monthly\HighestPrecision_Segments\V1_MAG48s_segment_1678_20250603T035018_20250603T072354.png,ok,
1,1679,2025-06-04 07:27:07,2025-06-04 14:43:54,7.27992027777778,539,47.52,432,7200,240,Z:\SPART-WORK\Data\Voyager\voyager1\mag\48s\reviewed_vim\2025\voyager1_48s_mag-vim_20250101_v01.cdf,C:\Users\Administrator\Documents\FWD_matlab\Voyager_fu\Voyager_Interstellar_Monthly\HighestPrecision_Segments\V1_MAG48s_segment_1679_20250604T072707_20250604T144354.png,ok,
1,1680,2025-06-05 05:11:06,2025-06-05 10:53:30,5.70672027777778,398,47.52,528.769,7200,240,Z:\SPART-WORK\Data\Voyager\voyager1\mag\48s\reviewed_vim\2025\voyager1_48s_mag-vim_20250101_v01.cdf,C:\Users\Administrator\Documents\FWD_matlab\Voyager_fu\Voyager_Interstellar_Monthly\HighestPrecision_Segments\V1_MAG48s_segment_1680_20250605T051106_20250605T105330.png,ok,
1,1681,2025-06-05 21:14:17,2025-06-06 00:53:30,3.65352027777778,260,47.52,432.864000244141,7200,240,Z:\SPART-WORK\Data\Voyager\voyager1\mag\48s\reviewed_vim\2025\voyager1_48s_mag-vim_20250101_v01.cdf,C:\Users\Administrator\Documents\FWD_matlab\Voyager_fu\Voyager_Interstellar_Monthly\HighestPrecision_Segments\V1_MAG48s_segment_1681_20250605T211417_20250606T005330.png,ok,
1,1682,2025-06-06 08:55:06,2025-06-06 10:13:31,1.30704,87,47.52,336.097,7200,240,Z:\SPART-WORK\Data\Voyager\voyager1\mag\48s\reviewed_vim\2025\voyager1_48s_mag-vim_20250101_v01.cdf,C:\Users\Administrator\Documents\FWD_matlab\Voyager_fu\Voyager_Interstellar_Monthly\HighestPrecision_Segments\V1_MAG48s_segment_1682_20250606T085506_20250606T101331.png,ok,
1,1683,2025-06-06 19:55:54,2025-06-07 06:41:30,10.7599200000678,792,47.52,767.232,7200,240,Z:\SPART-WORK\Data\Voyager\voyager1\mag\48s\reviewed_vim\2025\voyager1_48s_mag-vim_20250101_v01.cdf,C:\Users\Administrator\Documents\FWD_matlab\Voyager_fu\Voyager_Interstellar_Monthly\HighestPrecision_Segments\V1_MAG48s_segment_1683_20250606T195554_20250607T064130.png,ok,
1,1684,2025-06-07 20:18:18,2025-06-08 06:33:30,10.25328,768,47.5200002441406,144.289,7200,240,Z:\SPART-WORK\Data\Voyager\voyager1\mag\48s\reviewed_vim\2025\voyager1_48s_mag-vim_20250101_v01.cdf,C:\Users\Administrator\Documents\FWD_matlab\Voyager_fu\Voyager_Interstellar_Monthly\HighestPrecision_Segments\V1_MAG48s_segment_1684_20250607T201818_20250608T063330.png,ok,
1,1685,2025-06-08 19:44:42,2025-06-09 00:38:18,4.89336,350,47.521,768.097,7200,240,Z:\SPART-WORK\Data\Voyager\voyager1\mag\48s\reviewed_vim\2025\voyager1_48s_mag-vim_20250101_v01.cdf,C:\Users\Administrator\Documents\FWD_matlab\Voyager_fu\Voyager_Interstellar_Monthly\HighestPrecision_Segments\V1_MAG48s_segment_1685_20250608T194442_20250609T003818.png,ok,
1,1686,2025-06-09 07:55:54,2025-06-09 14:07:54,6.19992000006782,421,47.521,1152.576,7200,240,Z:\SPART-WORK\Data\Voyager\voyager1\mag\48s\reviewed_vim\2025\voyager1_48s_mag-vim_20250101_v01.cdf,C:\Users\Administrator\Documents\FWD_matlab\Voyager_fu\Voyager_Interstellar_Monthly\HighestPrecision_Segments\V1_MAG48s_segment_1686_20250609T075554_20250609T140754.png,ok,
1,1687,2025-06-09 20:11:54,2025-06-09 23:33:30,3.36,247,47.521,192.673,7200,240,Z:\SPART-WORK\Data\Voyager\voyager1\mag\48s\reviewed_vim\2025\voyager1_48s_mag-vim_20250101_v01.cdf,C:\Users\Administrator\Documents\FWD_matlab\Voyager_fu\Voyager_Interstellar_Monthly\HighestPrecision_Segments\V1_MAG48s_segment_1687_20250609T201154_20250609T233330.png,ok,
1,1688,2025-06-10 04:34:18,2025-06-10 08:18:17,3.73319972222222,262,47.521,480.384,7200,240,Z:\SPART-WORK\Data\Voyager\voyager1\mag\48s\reviewed_vim\2025\voyager1_48s_mag-vim_20250101_v01.cdf,C:\Users\Administrator\Documents\FWD_matlab\Voyager_fu\Voyager_Interstellar_Monthly\HighestPrecision_Segments\V1_MAG48s_segment_1688_20250610T043418_20250610T081817.png,ok,
1,1689,2025-06-10 21:27:05,2025-06-11 01:23:06,3.93359972229004,293,47.521,192.673,7200,240,Z:\SPART-WORK\Data\Voyager\voyager1\mag\48s\reviewed_vim\2025\voyager1_48s_mag-vim_20250101_v01.cdf,C:\Users\Administrator\Documents\FWD_matlab\Voyager_fu\Voyager_Interstellar_Monthly\HighestPrecision_Segments\V1_MAG48s_segment_1689_20250610T212705_20250611T012306.png,ok,
1,1690,2025-06-11 04:13:29,2025-06-11 05:43:06,1.49352,106,47.521,192.672,7200,240,Z:\SPART-WORK\Data\Voyager\voyager1\mag\48s\reviewed_vim\2025\voyager1_48s_mag-vim_20250101_v01.cdf,C:\Users\Administrator\Documents\FWD_matlab\Voyager_fu\Voyager_Interstellar_Monthly\HighestPrecision_Segments\V1_MAG48s_segment_1690_20250611T041329_20250611T054306.png,ok,
1,1691,2025-06-11 22:23:06,2025-06-12 00:38:18,2.25336027770996,168,47.521,145.153,7200,240,Z:\SPART-WORK\Data\Voyager\voyager1\mag\48s\reviewed_vim\2025\voyager1_48s_mag-vim_20250101_v01.cdf,C:\Users\Administrator\Documents\FWD_matlab\Voyager_fu\Voyager_Interstellar_Monthly\HighestPrecision_Segments\V1_MAG48s_segment_1691_20250611T222306_20250612T003818.png,ok,
1,1692,2025-06-12 05:23:53,2025-06-12 09:18:18,3.90671972229004,288,47.521,192.671000244141,7200,240,Z:\SPART-WORK\Data\Voyager\voyager1\mag\48s\reviewed_vim\2025\voyager1_48s_mag-vim_20250101_v01.cdf,C:\Users\Administrator\Documents\FWD_matlab\Voyager_fu\Voyager_Interstellar_Monthly\HighestPrecision_Segments\V1_MAG48s_segment_1692_20250612T052353_20250612T091818.png,ok,
1,1693,2025-06-12 21:38:18,2025-06-13 06:43:05,9.07968,655,47.521,528.768,7200,240,Z:\SPART-WORK\Data\Voyager\voyager1\mag\48s\reviewed_vim\2025\voyager1_48s_mag-vim_20250101_v01.cdf,C:\Users\Administrator\Documents\FWD_matlab\Voyager_fu\Voyager_Interstellar_Monthly\HighestPrecision_Segments\V1_MAG48s_segment_1693_20250612T213818_20250613T064305.png,ok,
1,1694,2025-06-13 21:41:30,2025-06-14 02:57:29,5.26655999993218,395,47.521,95.039,7200,240,Z:\SPART-WORK\Data\Voyager\voyager1\mag\48s\reviewed_vim\2025\voyager1_48s_mag-vim_20250101_v01.cdf,C:\Users\Administrator\Documents\FWD_matlab\Voyager_fu\Voyager_Interstellar_Monthly\HighestPrecision_Segments\V1_MAG48s_segment_1694_20250613T214130_20250614T025729.png,ok,
1,1695,2025-06-14 07:28:42,2025-06-14 14:03:05,6.57312,493,47.521,95.905,7200,240,Z:\SPART-WORK\Data\Voyager\voyager1\mag\48s\reviewed_vim\2025\voyager1_48s_mag-vim_20250101_v01.cdf,C:\Users\Administrator\Documents\FWD_matlab\Voyager_fu\Voyager_Interstellar_Monthly\HighestPrecision_Segments\V1_MAG48s_segment_1695_20250614T072842_20250614T140305.png,ok,
1,1696,2025-06-14 19:07:53,2025-06-15 00:02:17,4.90656,322,47.521,1632.095,7200,240,Z:\SPART-WORK\Data\Voyager\voyager1\mag\48s\reviewed_vim\2025\voyager1_48s_mag-vim_20250101_v01.cdf,C:\Users\Administrator\Documents\FWD_matlab\Voyager_fu\Voyager_Interstellar_Monthly\HighestPrecision_Segments\V1_MAG48s_segment_1696_20250614T190753_20250615T000217.png,ok,
1,1697,2025-06-15 02:42:17,2025-06-15 06:37:28,3.91992000006782,261,47.521,1103.328,7200,240,Z:\SPART-WORK\Data\Voyager\voyager1\mag\48s\reviewed_vim\2025\voyager1_48s_mag-vim_20250101_v01.cdf,C:\Users\Administrator\Documents\FWD_matlab\Voyager_fu\Voyager_Interstellar_Monthly\HighestPrecision_Segments\V1_MAG48s_segment_1697_20250615T024217_20250615T063728.png,ok,
1,1698,2025-06-15 22:56:41,2025-06-16 00:12:42,1.26671972229004,92,47.5209997558594,191.808,7200,240,Z:\SPART-WORK\Data\Voyager\voyager1\mag\48s\reviewed_vim\2025\voyager1_48s_mag-vim_20250101_v01.cdf,C:\Users\Administrator\Documents\FWD_matlab\Voyager_fu\Voyager_Interstellar_Monthly\HighestPrecision_Segments\V1_MAG48s_segment_1698_20250615T225641_20250616T001242.png,ok,
1,1699,2025-06-16 05:30:17,2025-06-16 13:02:17,7.53336027770996,520,47.5209997558594,719.712,7200,240,Z:\SPART-WORK\Data\Voyager\voyager1\mag\48s\reviewed_vim\2025\voyager1_48s_mag-vim_20250101_v01.cdf,C:\Users\Administrator\Documents\FWD_matlab\Voyager_fu\Voyager_Interstellar_Monthly\HighestPrecision_Segments\V1_MAG48s_segment_1699_20250616T053017_20250616T130217.png,ok,
1,1700,2025-06-16 22:24:41,2025-06-17 00:12:42,1.80024000006782,134,47.5209997558594,96.769,7200,240,Z:\SPART-WORK\Data\Voyager\voyager1\mag\48s\reviewed_vim\2025\voyager1_48s_mag-vim_20250101_v01.cdf,C:\Users\Administrator\Documents\FWD_matlab\Voyager_fu\Voyager_Interstellar_Monthly\HighestPrecision_Segments\V1_MAG48s_segment_1700_20250616T222441_20250617T001242.png,ok,
1,1701,2025-06-17 05:43:06,2025-06-17 09:42:17,3.9864,286,47.5200002441406,528.767,7200,240,Z:\SPART-WORK\Data\Voyager\voyager1\mag\48s\reviewed_vim\2025\voyager1_48s_mag-vim_20250101_v01.cdf,C:\Users\Administrator\Documents\FWD_matlab\Voyager_fu\Voyager_Interstellar_Monthly\HighestPrecision_Segments\V1_MAG48s_segment_1701_20250617T054306_20250617T094217.png,ok,
1,1702,2025-06-18 00:31:05,2025-06-18 06:21:29,5.83991972229004,437,47.52,143.423000244141,7200,240,Z:\SPART-WORK\Data\Voyager\voyager1\mag\48s\reviewed_vim\2025\voyager1_48s_mag-vim_20250101_v01.cdf,C:\Users\Administrator\Documents\FWD_matlab\Voyager_fu\Voyager_Interstellar_Monthly\HighestPrecision_Segments\V1_MAG48s_segment_1702_20250618T003105_20250618T062129.png,ok,
1,1703,2025-06-18 20:51:53,2025-06-19 00:27:05,3.58656,267,47.52,191.809,7200,240,Z:\SPART-WORK\Data\Voyager\voyager1\mag\48s\reviewed_vim\2025\voyager1_48s_mag-vim_20250101_v01.cdf,C:\Users\Administrator\Documents\FWD_matlab\Voyager_fu\Voyager_Interstellar_Monthly\HighestPrecision_Segments\V1_MAG48s_segment_1703_20250618T205153_20250619T002705.png,ok,
1,1704,2025-06-19 03:30:16,2025-06-19 06:42:17,3.20016027770996,230,47.52,479.52,7200,240,Z:\SPART-WORK\Data\Voyager\voyager1\mag\48s\reviewed_vim\2025\voyager1_48s_mag-vim_20250101_v01.cdf,C:\Users\Administrator\Documents\FWD_matlab\Voyager_fu\Voyager_Interstellar_Monthly\HighestPrecision_Segments\V1_MAG48s_segment_1704_20250619T033016_20250619T064217.png,ok,
1,1705,2025-06-19 18:45:29,2025-06-20 06:11:53,11.4400802777778,806,47.52,1343.519,7200,240,Z:\SPART-WORK\Data\Voyager\voyager1\mag\48s\reviewed_vim\2025\voyager1_48s_mag-vim_20250101_v01.cdf,C:\Users\Administrator\Documents\FWD_matlab\Voyager_fu\Voyager_Interstellar_Monthly\HighestPrecision_Segments\V1_MAG48s_segment_1705_20250619T184529_20250620T061153.png,ok,
1,1706,2025-06-20 18:42:17,2025-06-21 10:11:53,15.4934397222222,1133,47.52,720.576,7200,240,Z:\SPART-WORK\Data\Voyager\voyager1\mag\48s\reviewed_vim\2025\voyager1_48s_mag-vim_20250101_v01.cdf,C:\Users\Administrator\Documents\FWD_matlab\Voyager_fu\Voyager_Interstellar_Monthly\HighestPrecision_Segments\V1_MAG48s_segment_1706_20250620T184217_20250621T101153.png,ok,
1,1707,2025-06-21 18:40:41,2025-06-21 23:56:41,5.26656027777778,381,47.52,431.136999755859,7200,240,Z:\SPART-WORK\Data\Voyager\voyager1\mag\48s\reviewed_vim\2025\voyager1_48s_mag-vim_20250101_v01.cdf,C:\Users\Administrator\Documents\FWD_matlab\Voyager_fu\Voyager_Interstellar_Monthly\HighestPrecision_Segments\V1_MAG48s_segment_1707_20250621T184041_20250621T235641.png,ok,
1,1708,2025-06-22 02:16:41,2025-06-22 08:22:18,6.09359972229004,399,47.52,912.384,7200,240,Z:\SPART-WORK\Data\Voyager\voyager1\mag\48s\reviewed_vim\2025\voyager1_48s_mag-vim_20250101_v01.cdf,C:\Users\Administrator\Documents\FWD_matlab\Voyager_fu\Voyager_Interstellar_Monthly\HighestPrecision_Segments\V1_MAG48s_segment_1708_20250622T021641_20250622T082218.png,ok,
1,1709,2025-06-22 22:37:29,2025-06-23 00:04:40,1.4532,109,47.52,95.04,7200,240,Z:\SPART-WORK\Data\Voyager\voyager1\mag\48s\reviewed_vim\2025\voyager1_48s_mag-vim_20250101_v01.cdf,C:\Users\Administrator\Documents\FWD_matlab\Voyager_fu\Voyager_Interstellar_Monthly\HighestPrecision_Segments\V1_MAG48s_segment_1709_20250622T223729_20250623T000440.png,ok,
1,1710,2025-06-23 05:55:53,2025-06-23 11:42:17,5.77319972222222,411,47.52,576.287,7200,240,Z:\SPART-WORK\Data\Voyager\voyager1\mag\48s\reviewed_vim\2025\voyager1_48s_mag-vim_20250101_v01.cdf,C:\Users\Administrator\Documents\FWD_matlab\Voyager_fu\Voyager_Interstellar_Monthly\HighestPrecision_Segments\V1_MAG48s_segment_1710_20250623T055553_20250623T114217.png,ok,
1,1711,2025-06-23 21:27:05,2025-06-24 08:41:28,11.23992,678,47.52,6047.137,7200,240,Z:\SPART-WORK\Data\Voyager\voyager1\mag\48s\reviewed_vim\2025\voyager1_48s_mag-vim_20250101_v01.cdf,C:\Users\Administrator\Documents\FWD_matlab\Voyager_fu\Voyager_Interstellar_Monthly\HighestPrecision_Segments\V1_MAG48s_segment_1711_20250623T212705_20250624T084128.png,ok,
1,1712,2025-06-25 04:32:40,2025-06-25 08:26:16,3.89328027777778,242,47.52,1488.67299975586,7200,240,Z:\SPART-WORK\Data\Voyager\voyager1\mag\48s\reviewed_vim\2025\voyager1_48s_mag-vim_20250101_v01.cdf,C:\Users\Administrator\Documents\FWD_matlab\Voyager_fu\Voyager_Interstellar_Monthly\HighestPrecision_Segments\V1_MAG48s_segment_1712_20250625T043240_20250625T082616.png,ok,
1,1713,2025-06-25 23:43:04,2025-06-26 08:00:40,8.2932,459,47.52,5903.712,7200,240,Z:\SPART-WORK\Data\Voyager\voyager1\mag\48s\reviewed_vim\2025\voyager1_48s_mag-vim_20250101_v01.cdf,C:\Users\Administrator\Documents\FWD_matlab\Voyager_fu\Voyager_Interstellar_Monthly\HighestPrecision_Segments\V1_MAG48s_segment_1713_20250625T234304_20250626T080040.png,ok,
1,1714,2025-06-26 23:31:52,2025-06-27 05:09:29,5.62680027777778,371,47.52,1199.232,7200,240,Z:\SPART-WORK\Data\Voyager\voyager1\mag\48s\reviewed_vim\2025\voyager1_48s_mag-vim_20250101_v01.cdf,C:\Users\Administrator\Documents\FWD_matlab\Voyager_fu\Voyager_Interstellar_Monthly\HighestPrecision_Segments\V1_MAG48s_segment_1714_20250626T233152_20250627T050929.png,ok,
1,1715,2025-06-27 19:28:40,2025-06-27 22:11:04,2.70672027770996,201,47.5200001220703,190.943,7200,240,Z:\SPART-WORK\Data\Voyager\voyager1\mag\48s\reviewed_vim\2025\voyager1_48s_mag-vim_20250101_v01.cdf,C:\Users\Administrator\Documents\FWD_matlab\Voyager_fu\Voyager_Interstellar_Monthly\HighestPrecision_Segments\V1_MAG48s_segment_1715_20250627T192840_20250627T221104.png,ok,
1,1716,2025-06-28 01:44:40,2025-06-28 08:26:16,6.69336027777778,379,47.5205,2160,7200,240,Z:\SPART-WORK\Data\Voyager\voyager1\mag\48s\reviewed_vim\2025\voyager1_48s_mag-vim_20250101_v01.cdf,C:\Users\Administrator\Documents\FWD_matlab\Voyager_fu\Voyager_Interstellar_Monthly\HighestPrecision_Segments\V1_MAG48s_segment_1716_20250628T014440_20250628T082616.png,ok,
1,1717,2025-06-28 18:27:52,2025-06-29 00:35:53,6.13344,446,47.5209997558594,336.095,7200,240,Z:\SPART-WORK\Data\Voyager\voyager1\mag\48s\reviewed_vim\2025\voyager1_48s_mag-vim_20250101_v01.cdf,C:\Users\Administrator\Documents\FWD_matlab\Voyager_fu\Voyager_Interstellar_Monthly\HighestPrecision_Segments\V1_MAG48s_segment_1717_20250628T182752_20250629T003553.png,ok,
1,1718,2025-06-29 04:50:16,2025-06-29 08:21:28,3.52008,212,47.521,1823.904,7200,240,Z:\SPART-WORK\Data\Voyager\voyager1\mag\48s\reviewed_vim\2025\voyager1_48s_mag-vim_20250101_v01.cdf,C:\Users\Administrator\Documents\FWD_matlab\Voyager_fu\Voyager_Interstellar_Monthly\HighestPrecision_Segments\V1_MAG48s_segment_1718_20250629T045016_20250629T082128.png,ok,
1,1719,2025-06-29 18:47:03,2025-06-30 00:01:28,5.24016027777778,380,47.521,383.615000244141,7200,240,Z:\SPART-WORK\Data\Voyager\voyager1\mag\48s\reviewed_vim\2025\voyager1_48s_mag-vim_20250101_v01.cdf,C:\Users\Administrator\Documents\FWD_matlab\Voyager_fu\Voyager_Interstellar_Monthly\HighestPrecision_Segments\V1_MAG48s_segment_1719_20250629T184703_20250630T000128.png,ok,
