Spacecraft,Segment,StartUTC,EndUTC,DurationHours,Records,MedianCadenceSeconds,MaximumRecordedGapSeconds,SegmentSplitThresholdSeconds,LineBreakThresholdSeconds,SourceCDFs,FigureFile,Status,Notes
1,1,2012-08-25 05:15:45,2012-08-25 15:22:10,10.1068799999322,758,47.521,96.7689997558594,7200,240,Z:\SPART-WORK\Data\Voyager\voyager1\mag\48s\reviewed_vim\2012\voyager1_48s_mag-vim_20120101_v01.cdf,C:\Users\Administrator\Documents\FWD_matlab\Voyager_fu\Voyager_Interstellar_Monthly\HighestPrecision_Segments\V1_MAG48s_segment_0001_20120825T051545_20120825T152210.png,ok,
1,2,2012-08-26 03:50:58,2012-08-26 14:37:21,10.77312,780,47.521,1344.38300024414,7200,240,Z:\SPART-WORK\Data\Voyager\voyager1\mag\48s\reviewed_vim\2012\voyager1_48s_mag-vim_20120101_v01.cdf,C:\Users\Administrator\Documents\FWD_matlab\Voyager_fu\Voyager_Interstellar_Monthly\HighestPrecision_Segments\V1_MAG48s_segment_0002_20120826T035058_20120826T143721.png,ok,
1,3,2012-08-27 03:46:09,2012-08-27 07:51:46,4.09343972222222,305,47.521,192.672,7200,240,Z:\SPART-WORK\Data\Voyager\voyager1\mag\48s\reviewed_vim\2012\voyager1_48s_mag-vim_20120101_v01.cdf,C:\Users\Administrator\Documents\FWD_matlab\Voyager_fu\Voyager_Interstellar_Monthly\HighestPrecision_Segments\V1_MAG48s_segment_0003_20120827T034609_20120827T075146.png,ok,
1,4,2012-08-27 10:22:10,2012-08-27 14:31:45,4.15967972229004,304,47.521,192.672,7200,240,Z:\SPART-WORK\Data\Voyager\voyager1\mag\48s\reviewed_vim\2012\voyager1_48s_mag-vim_20120101_v01.cdf,C:\Users\Administrator\Documents\FWD_matlab\Voyager_fu\Voyager_Interstellar_Monthly\HighestPrecision_Segments\V1_MAG48s_segment_0004_20120827T102210_20120827T143145.png,ok,
1,5,2012-08-28 05:44:34,2012-08-28 07:46:57,2.03975972229004,153,47.521,95.903,7200,240,Z:\SPART-WORK\Data\Voyager\voyager1\mag\48s\reviewed_vim\2012\voyager1_48s_mag-vim_20120101_v01.cdf,C:\Users\Administrator\Documents\FWD_matlab\Voyager_fu\Voyager_Interstellar_Monthly\HighestPrecision_Segments\V1_MAG48s_segment_0005_20120828T054434_20120828T074657.png,ok,
1,6,2012-08-28 11:15:45,2012-08-28 16:26:57,5.18664027770996,385,47.521,191.808,7200,240,Z:\SPART-WORK\Data\Voyager\voyager1\mag\48s\reviewed_vim\2012\voyager1_48s_mag-vim_20120101_v01.cdf,C:\Users\Administrator\Documents\FWD_matlab\Voyager_fu\Voyager_Interstellar_Monthly\HighestPrecision_Segments\V1_MAG48s_segment_0006_20120828T111545_20120828T162657.png,ok,
1,7,2012-08-29 05:20:33,2012-08-29 07:41:21,2.34672,175,47.521,143.424,7200,240,Z:\SPART-WORK\Data\Voyager\voyager1\mag\48s\reviewed_vim\2012\voyager1_48s_mag-vim_20120101_v01.cdf,C:\Users\Administrator\Documents\FWD_matlab\Voyager_fu\Voyager_Interstellar_Monthly\HighestPrecision_Segments\V1_MAG48s_segment_0007_20120829T052033_20120829T074121.png,ok,
1,8,2012-08-29 11:22:09,2012-08-29 13:50:57,2.48016,185,47.521,143.425,7200,240,Z:\SPART-WORK\Data\Voyager\voyager1\mag\48s\reviewed_vim\2012\voyager1_48s_mag-vim_20120101_v01.cdf,C:\Users\Administrator\Documents\FWD_matlab\Voyager_fu\Voyager_Interstellar_Monthly\HighestPrecision_Segments\V1_MAG48s_segment_0008_20120829T112209_20120829T135057.png,ok,
1,9,2012-08-30 03:38:09,2012-08-30 07:36:33,3.97344,297,47.521,145.151000244141,7200,240,Z:\SPART-WORK\Data\Voyager\voyager1\mag\48s\reviewed_vim\2012\voyager1_48s_mag-vim_20120101_v01.cdf,C:\Users\Administrator\Documents\FWD_matlab\Voyager_fu\Voyager_Interstellar_Monthly\HighestPrecision_Segments\V1_MAG48s_segment_0009_20120830T033809_20120830T073633.png,ok,
1,10,2012-08-30 10:29:21,2012-08-30 15:01:22,4.53335972222222,340,47.521,95.904,7200,240,Z:\SPART-WORK\Data\Voyager\voyager1\mag\48s\reviewed_vim\2012\voyager1_48s_mag-vim_20120101_v01.cdf,C:\Users\Administrator\Documents\FWD_matlab\Voyager_fu\Voyager_Interstellar_Monthly\HighestPrecision_Segments\V1_MAG48s_segment_0010_20120830T102921_20120830T150122.png,ok,
1,11,2012-08-31 03:41:22,2012-08-31 07:30:57,3.82656027770996,288,47.521,49.249,7200,240,Z:\SPART-WORK\Data\Voyager\voyager1\mag\48s\reviewed_vim\2012\voyager1_48s_mag-vim_20120101_v01.cdf,C:\Users\Administrator\Documents\FWD_matlab\Voyager_fu\Voyager_Interstellar_Monthly\HighestPrecision_Segments\V1_MAG48s_segment_0011_20120831T034122_20120831T073057.png,ok,
1,12,2012-08-31 10:21:21,2012-08-31 15:46:09,5.41344027777778,267,47.521,3840.48,7200,240,Z:\SPART-WORK\Data\Voyager\voyager1\mag\48s\reviewed_vim\2012\voyager1_48s_mag-vim_20120101_v01.cdf,C:\Users\Administrator\Documents\FWD_matlab\Voyager_fu\Voyager_Interstellar_Monthly\HighestPrecision_Segments\V1_MAG48s_segment_0012_20120831T102121_20120831T154609.png,ok,
1,13,2012-09-01 02:56:34,2012-09-01 14:51:45,11.91984,893,47.521,143.425,7200,240,Z:\SPART-WORK\Data\Voyager\voyager1\mag\48s\reviewed_vim\2012\voyager1_48s_mag-vim_20120101_v01.cdf,C:\Users\Administrator\Documents\FWD_matlab\Voyager_fu\Voyager_Interstellar_Monthly\HighestPrecision_Segments\V1_MAG48s_segment_0013_20120901T025634_20120901T145145.png,ok,
1,14,2012-09-02 03:47:45,2012-09-02 07:26:10,3.64008,272,47.521,145.153,7200,240,Z:\SPART-WORK\Data\Voyager\voyager1\mag\48s\reviewed_vim\2012\voyager1_48s_mag-vim_20120101_v01.cdf,C:\Users\Administrator\Documents\FWD_matlab\Voyager_fu\Voyager_Interstellar_Monthly\HighestPrecision_Segments\V1_MAG48s_segment_0014_20120902T034745_20120902T072610.png,ok,
1,15,2012-09-02 11:33:22,2012-09-02 14:11:46,2.64,198,47.521,95.904,7200,240,Z:\SPART-WORK\Data\Voyager\voyager1\mag\48s\reviewed_vim\2012\voyager1_48s_mag-vim_20120101_v01.cdf,C:\Users\Administrator\Documents\FWD_matlab\Voyager_fu\Voyager_Interstellar_Monthly\HighestPrecision_Segments\V1_MAG48s_segment_0015_20120902T113322_20120902T141146.png,ok,
1,16,2012-09-02 18:42:09,2012-09-02 19:50:57,1.14671972222222,86,47.521,96.767,7200,240,Z:\SPART-WORK\Data\Voyager\voyager1\mag\48s\reviewed_vim\2012\voyager1_48s_mag-vim_20120101_v01.cdf,C:\Users\Administrator\Documents\FWD_matlab\Voyager_fu\Voyager_Interstellar_Monthly\HighestPrecision_Segments\V1_MAG48s_segment_0016_20120902T184209_20120902T195057.png,ok,
1,17,2012-09-03 03:36:33,2012-09-03 07:20:34,3.73343999993218,280,47.521,95.9039997558594,7200,240,Z:\SPART-WORK\Data\Voyager\voyager1\mag\48s\reviewed_vim\2012\voyager1_48s_mag-vim_20120101_v01.cdf,C:\Users\Administrator\Documents\FWD_matlab\Voyager_fu\Voyager_Interstellar_Monthly\HighestPrecision_Segments\V1_MAG48s_segment_0017_20120903T033633_20120903T072034.png,ok,
1,18,2012-09-03 09:54:09,2012-09-03 14:47:45,4.89336,367,47.521,96.7670002441406,7200,240,Z:\SPART-WORK\Data\Voyager\voyager1\mag\48s\reviewed_vim\2012\voyager1_48s_mag-vim_20120101_v01.cdf,C:\Users\Administrator\Documents\FWD_matlab\Voyager_fu\Voyager_Interstellar_Monthly\HighestPrecision_Segments\V1_MAG48s_segment_0018_20120903T095409_20120903T144745.png,ok,
1,19,2012-09-03 17:14:09,2012-09-03 19:50:57,2.61336,197,47.521,49.249,7200,240,Z:\SPART-WORK\Data\Voyager\voyager1\mag\48s\reviewed_vim\2012\voyager1_48s_mag-vim_20120101_v01.cdf,C:\Users\Administrator\Documents\FWD_matlab\Voyager_fu\Voyager_Interstellar_Monthly\HighestPrecision_Segments\V1_MAG48s_segment_0019_20120903T171409_20120903T195057.png,ok,
1,20,2012-09-04 03:18:57,2012-09-04 14:20:33,11.02656,753,47.521,3456.863,7200,240,Z:\SPART-WORK\Data\Voyager\voyager1\mag\48s\reviewed_vim\2012\voyager1_48s_mag-vim_20120101_v01.cdf,C:\Users\Administrator\Documents\FWD_matlab\Voyager_fu\Voyager_Interstellar_Monthly\HighestPrecision_Segments\V1_MAG48s_segment_0020_20120904T031857_20120904T142033.png,ok,
1,21,2012-09-05 03:31:45,2012-09-05 06:38:57,3.11976,235,47.521,49.249,7200,240,Z:\SPART-WORK\Data\Voyager\voyager1\mag\48s\reviewed_vim\2012\voyager1_48s_mag-vim_20120101_v01.cdf,C:\Users\Administrator\Documents\FWD_matlab\Voyager_fu\Voyager_Interstellar_Monthly\HighestPrecision_Segments\V1_MAG48s_segment_0021_20120905T033145_20120905T063857.png,ok,
1,22,2012-09-05 11:38:09,2012-09-05 14:40:34,3.04032027777778,227,47.521,143.425,7200,240,Z:\SPART-WORK\Data\Voyager\voyager1\mag\48s\reviewed_vim\2012\voyager1_48s_mag-vim_20120101_v01.cdf,C:\Users\Administrator\Documents\FWD_matlab\Voyager_fu\Voyager_Interstellar_Monthly\HighestPrecision_Segments\V1_MAG48s_segment_0022_20120905T113809_20120905T144034.png,ok,
1,23,2012-09-06 03:15:46,2012-09-06 06:06:10,2.83991972222222,214,47.521,49.249,7200,240,Z:\SPART-WORK\Data\Voyager\voyager1\mag\48s\reviewed_vim\2012\voyager1_48s_mag-vim_20120101_v01.cdf,C:\Users\Administrator\Documents\FWD_matlab\Voyager_fu\Voyager_Interstellar_Monthly\HighestPrecision_Segments\V1_MAG48s_segment_0023_20120906T031546_20120906T060610.png,ok,
1,24,2012-09-06 10:08:34,2012-09-06 14:34:58,4.44,334,47.521,49.249,7200,240,Z:\SPART-WORK\Data\Voyager\voyager1\mag\48s\reviewed_vim\2012\voyager1_48s_mag-vim_20120101_v01.cdf,C:\Users\Administrator\Documents\FWD_matlab\Voyager_fu\Voyager_Interstellar_Monthly\HighestPrecision_Segments\V1_MAG48s_segment_0024_20120906T100834_20120906T143458.png,ok,
1,25,2012-09-07 02:26:09,2012-09-07 12:39:46,10.2268802777778,691,47.521,3598.559,7200,240,Z:\SPART-WORK\Data\Voyager\voyager1\mag\48s\reviewed_vim\2012\voyager1_48s_mag-vim_20120101_v01.cdf,C:\Users\Administrator\Documents\FWD_matlab\Voyager_fu\Voyager_Interstellar_Monthly\HighestPrecision_Segments\V1_MAG48s_segment_0025_20120907T022609_20120907T123946.png,ok,
1,26,2012-09-08 02:54:58,2012-09-08 13:49:21,10.90632,673,47.521,6961.247,7200,240,Z:\SPART-WORK\Data\Voyager\voyager1\mag\48s\reviewed_vim\2012\voyager1_48s_mag-vim_20120101_v01.cdf,C:\Users\Administrator\Documents\FWD_matlab\Voyager_fu\Voyager_Interstellar_Monthly\HighestPrecision_Segments\V1_MAG48s_segment_0026_20120908T025458_20120908T134921.png,ok,
1,27,2012-09-09 01:33:21,2012-09-09 14:21:22,12.8004,838,47.521,5759.423,7200,240,Z:\SPART-WORK\Data\Voyager\voyager1\mag\48s\reviewed_vim\2012\voyager1_48s_mag-vim_20120101_v01.cdf,C:\Users\Administrator\Documents\FWD_matlab\Voyager_fu\Voyager_Interstellar_Monthly\HighestPrecision_Segments\V1_MAG48s_segment_0027_20120909T013321_20120909T142122.png,ok,
1,28,2012-09-10 10:50:10,2012-09-10 14:18:57,3.47975972222222,260,47.521,143.425,7200,240,Z:\SPART-WORK\Data\Voyager\voyager1\mag\48s\reviewed_vim\2012\voyager1_48s_mag-vim_20120101_v01.cdf,C:\Users\Administrator\Documents\FWD_matlab\Voyager_fu\Voyager_Interstellar_Monthly\HighestPrecision_Segments\V1_MAG48s_segment_0028_20120910T105010_20120910T141857.png,ok,
1,29,2012-09-11 02:18:10,2012-09-11 07:55:46,5.6268,419,47.521,241.056,7200,240,Z:\SPART-WORK\Data\Voyager\voyager1\mag\48s\reviewed_vim\2012\voyager1_48s_mag-vim_20120101_v01.cdf,C:\Users\Administrator\Documents\FWD_matlab\Voyager_fu\Voyager_Interstellar_Monthly\HighestPrecision_Segments\V1_MAG48s_segment_0029_20120911T021810_20120911T075546.png,ok,
1,30,2012-09-11 10:38:58,2012-09-11 14:14:57,3.59975999993218,262,47.521,336.095,7200,240,Z:\SPART-WORK\Data\Voyager\voyager1\mag\48s\reviewed_vim\2012\voyager1_48s_mag-vim_20120101_v01.cdf,C:\Users\Administrator\Documents\FWD_matlab\Voyager_fu\Voyager_Interstellar_Monthly\HighestPrecision_Segments\V1_MAG48s_segment_0030_20120911T103858_20120911T141457.png,ok,
1,31,2012-09-12 02:22:56,2012-09-12 05:10:09,2.78688027777778,209,47.5209997558594,95.04,7200,240,Z:\SPART-WORK\Data\Voyager\voyager1\mag\48s\reviewed_vim\2012\voyager1_48s_mag-vim_20120101_v01.cdf,C:\Users\Administrator\Documents\FWD_matlab\Voyager_fu\Voyager_Interstellar_Monthly\HighestPrecision_Segments\V1_MAG48s_segment_0031_20120912T022256_20120912T051009.png,ok,
1,32,2012-09-12 11:01:20,2012-09-12 13:35:45,2.57376027777778,192,47.5209997558594,97.633,7200,240,Z:\SPART-WORK\Data\Voyager\voyager1\mag\48s\reviewed_vim\2012\voyager1_48s_mag-vim_20120101_v01.cdf,C:\Users\Administrator\Documents\FWD_matlab\Voyager_fu\Voyager_Interstellar_Monthly\HighestPrecision_Segments\V1_MAG48s_segment_0032_20120912T110120_20120912T133545.png,ok,
1,33,2012-09-13 04:00:33,2012-09-13 06:43:46,2.72039972222222,203,47.5209997558594,145.151,7200,240,Z:\SPART-WORK\Data\Voyager\voyager1\mag\48s\reviewed_vim\2012\voyager1_48s_mag-vim_20120101_v01.cdf,C:\Users\Administrator\Documents\FWD_matlab\Voyager_fu\Voyager_Interstellar_Monthly\HighestPrecision_Segments\V1_MAG48s_segment_0033_20120913T040033_20120913T064346.png,ok,
1,34,2012-09-13 10:34:10,2012-09-13 12:26:56,1.87943972222222,140,47.5209997558594,142.561,7200,240,Z:\SPART-WORK\Data\Voyager\voyager1\mag\48s\reviewed_vim\2012\voyager1_48s_mag-vim_20120101_v01.cdf,C:\Users\Administrator\Documents\FWD_matlab\Voyager_fu\Voyager_Interstellar_Monthly\HighestPrecision_Segments\V1_MAG48s_segment_0034_20120913T103410_20120913T122656.png,ok,
1,35,2012-09-14 02:22:56,2012-09-14 06:38:08,4.25328027777778,319,47.5209997558594,95.04,7200,240,Z:\SPART-WORK\Data\Voyager\voyager1\mag\48s\reviewed_vim\2012\voyager1_48s_mag-vim_20120101_v01.cdf,C:\Users\Administrator\Documents\FWD_matlab\Voyager_fu\Voyager_Interstellar_Monthly\HighestPrecision_Segments\V1_MAG48s_segment_0035_20120914T022256_20120914T063808.png,ok,
1,36,2012-09-14 10:46:57,2012-09-14 14:03:45,3.27984,247,47.5209997558594,50.113,7200,240,Z:\SPART-WORK\Data\Voyager\voyager1\mag\48s\reviewed_vim\2012\voyager1_48s_mag-vim_20120101_v01.cdf,C:\Users\Administrator\Documents\FWD_matlab\Voyager_fu\Voyager_Interstellar_Monthly\HighestPrecision_Segments\V1_MAG48s_segment_0036_20120914T104657_20120914T140345.png,ok,
1,37,2012-09-15 02:50:09,2012-09-15 06:33:21,3.72000027777778,280,47.5209997558594,50.113,7200,240,Z:\SPART-WORK\Data\Voyager\voyager1\mag\48s\reviewed_vim\2012\voyager1_48s_mag-vim_20120101_v01.cdf,C:\Users\Administrator\Documents\FWD_matlab\Voyager_fu\Voyager_Interstellar_Monthly\HighestPrecision_Segments\V1_MAG48s_segment_0037_20120915T025009_20120915T063321.png,ok,
1,38,2012-09-15 10:46:57,2012-09-15 13:58:09,3.18672027770996,240,47.5209997558594,50.113,7200,240,Z:\SPART-WORK\Data\Voyager\voyager1\mag\48s\reviewed_vim\2012\voyager1_48s_mag-vim_20120101_v01.cdf,C:\Users\Administrator\Documents\FWD_matlab\Voyager_fu\Voyager_Interstellar_Monthly\HighestPrecision_Segments\V1_MAG48s_segment_0038_20120915T104657_20120915T135809.png,ok,
1,39,2012-09-16 02:56:34,2012-09-16 06:22:56,3.43944027777778,259,47.5209997558594,50.113,7200,240,Z:\SPART-WORK\Data\Voyager\voyager1\mag\48s\reviewed_vim\2012\voyager1_48s_mag-vim_20120101_v01.cdf,C:\Users\Administrator\Documents\FWD_matlab\Voyager_fu\Voyager_Interstellar_Monthly\HighestPrecision_Segments\V1_MAG48s_segment_0039_20120916T025634_20120916T062256.png,ok,
1,40,2012-09-16 10:50:10,2012-09-16 12:50:55,2.01264027777778,139,47.5209997558594,240.191000244141,7200,240,Z:\SPART-WORK\Data\Voyager\voyager1\mag\48s\reviewed_vim\2012\voyager1_48s_mag-vim_20120101_v01.cdf,C:\Users\Administrator\Documents\FWD_matlab\Voyager_fu\Voyager_Interstellar_Monthly\HighestPrecision_Segments\V1_MAG48s_segment_0040_20120916T105010_20120916T125055.png,ok,
1,41,2012-09-17 01:54:09,2012-09-17 06:22:56,4.47960027770996,336,47.5209997558594,95.0399997558594,7200,240,Z:\SPART-WORK\Data\Voyager\voyager1\mag\48s\reviewed_vim\2012\voyager1_48s_mag-vim_20120101_v01.cdf,C:\Users\Administrator\Documents\FWD_matlab\Voyager_fu\Voyager_Interstellar_Monthly\HighestPrecision_Segments\V1_MAG48s_segment_0041_20120917T015409_20120917T062256.png,ok,
1,42,2012-09-17 09:46:08,2012-09-17 12:03:43,2.2932,171,47.5209997558594,145.151,7200,240,Z:\SPART-WORK\Data\Voyager\voyager1\mag\48s\reviewed_vim\2012\voyager1_48s_mag-vim_20120101_v01.cdf,C:\Users\Administrator\Documents\FWD_matlab\Voyager_fu\Voyager_Interstellar_Monthly\HighestPrecision_Segments\V1_MAG48s_segment_0042_20120917T094608_20120917T120343.png,ok,
1,43,2012-09-17 17:04:32,2012-09-17 18:52:33,1.80023972222222,134,47.5209997558594,144.287,7200,240,Z:\SPART-WORK\Data\Voyager\voyager1\mag\48s\reviewed_vim\2012\voyager1_48s_mag-vim_20120101_v01.cdf,C:\Users\Administrator\Documents\FWD_matlab\Voyager_fu\Voyager_Interstellar_Monthly\HighestPrecision_Segments\V1_MAG48s_segment_0043_20120917T170432_20120917T185233.png,ok,
1,44,2012-09-18 02:54:56,2012-09-18 06:17:21,3.37343999993218,253,47.5209997558594,97.6319997558594,7200,240,Z:\SPART-WORK\Data\Voyager\voyager1\mag\48s\reviewed_vim\2012\voyager1_48s_mag-vim_20120101_v01.cdf,C:\Users\Administrator\Documents\FWD_matlab\Voyager_fu\Voyager_Interstellar_Monthly\HighestPrecision_Segments\V1_MAG48s_segment_0044_20120918T025456_20120918T061721.png,ok,
1,45,2012-09-18 09:52:33,2012-09-18 13:03:45,3.18672027777778,227,47.5209997558594,432.865,7200,240,Z:\SPART-WORK\Data\Voyager\voyager1\mag\48s\reviewed_vim\2012\voyager1_48s_mag-vim_20120101_v01.cdf,C:\Users\Administrator\Documents\FWD_matlab\Voyager_fu\Voyager_Interstellar_Monthly\HighestPrecision_Segments\V1_MAG48s_segment_0045_20120918T095233_20120918T130345.png,ok,
1,46,2012-09-19 02:54:56,2012-09-19 04:47:45,1.88016027770996,141,47.5209997558594,97.6319997558594,7200,240,Z:\SPART-WORK\Data\Voyager\voyager1\mag\48s\reviewed_vim\2012\voyager1_48s_mag-vim_20120101_v01.cdf,C:\Users\Administrator\Documents\FWD_matlab\Voyager_fu\Voyager_Interstellar_Monthly\HighestPrecision_Segments\V1_MAG48s_segment_0046_20120919T025456_20120919T044745.png,ok,
1,47,2012-09-19 10:27:45,2012-09-19 11:49:21,1.36008,103,47.5209997558594,50.113,7200,240,Z:\SPART-WORK\Data\Voyager\voyager1\mag\48s\reviewed_vim\2012\voyager1_48s_mag-vim_20120101_v01.cdf,C:\Users\Administrator\Documents\FWD_matlab\Voyager_fu\Voyager_Interstellar_Monthly\HighestPrecision_Segments\V1_MAG48s_segment_0047_20120919T102745_20120919T114921.png,ok,
1,48,2012-09-19 16:59:45,2012-09-19 18:46:55,1.78632,132,47.5209997558594,192.673,7200,240,Z:\SPART-WORK\Data\Voyager\voyager1\mag\48s\reviewed_vim\2012\voyager1_48s_mag-vim_20120101_v01.cdf,C:\Users\Administrator\Documents\FWD_matlab\Voyager_fu\Voyager_Interstellar_Monthly\HighestPrecision_Segments\V1_MAG48s_segment_0048_20120919T165945_20120919T184655.png,ok,
1,49,2012-09-20 02:42:09,2012-09-20 06:12:34,3.50688,263,47.5209997558594,95.04,7200,240,Z:\SPART-WORK\Data\Voyager\voyager1\mag\48s\reviewed_vim\2012\voyager1_48s_mag-vim_20120101_v01.cdf,C:\Users\Administrator\Documents\FWD_matlab\Voyager_fu\Voyager_Interstellar_Monthly\HighestPrecision_Segments\V1_MAG48s_segment_0049_20120920T024209_20120920T061234.png,ok,
1,50,2012-09-20 09:47:45,2012-09-20 13:32:32,3.74640027777778,281,47.5209997558594,95.04,7200,240,Z:\SPART-WORK\Data\Voyager\voyager1\mag\48s\reviewed_vim\2012\voyager1_48s_mag-vim_20120101_v01.cdf,C:\Users\Administrator\Documents\FWD_matlab\Voyager_fu\Voyager_Interstellar_Monthly\HighestPrecision_Segments\V1_MAG48s_segment_0050_20120920T094745_20120920T133232.png,ok,
1,51,2012-09-20 17:18:57,2012-09-20 18:42:08,1.38648,102,47.5209997558594,191.808999755859,7200,240,Z:\SPART-WORK\Data\Voyager\voyager1\mag\48s\reviewed_vim\2012\voyager1_48s_mag-vim_20120101_v01.cdf,C:\Users\Administrator\Documents\FWD_matlab\Voyager_fu\Voyager_Interstellar_Monthly\HighestPrecision_Segments\V1_MAG48s_segment_0051_20120920T171857_20120920T184208.png,ok,
1,52,2012-09-21 02:42:09,2012-09-21 13:26:57,10.74671972229,714,47.5209997558594,4318.272,7200,240,Z:\SPART-WORK\Data\Voyager\voyager1\mag\48s\reviewed_vim\2012\voyager1_48s_mag-vim_20120101_v01.cdf,C:\Users\Administrator\Documents\FWD_matlab\Voyager_fu\Voyager_Interstellar_Monthly\HighestPrecision_Segments\V1_MAG48s_segment_0052_20120921T024209_20120921T132657.png,ok,
1,53,2012-09-22 08:06:57,2012-09-22 13:27:45,5.34648027777778,400,47.5209997558594,145.153,7200,240,Z:\SPART-WORK\Data\Voyager\voyager1\mag\48s\reviewed_vim\2012\voyager1_48s_mag-vim_20120101_v01.cdf,C:\Users\Administrator\Documents\FWD_matlab\Voyager_fu\Voyager_Interstellar_Monthly\HighestPrecision_Segments\V1_MAG48s_segment_0053_20120922T080657_20120922T132745.png,ok,
1,54,2012-09-23 03:34:56,2012-09-23 05:56:34,2.36063972222222,176,47.5209997558594,142.561,7200,240,Z:\SPART-WORK\Data\Voyager\voyager1\mag\48s\reviewed_vim\2012\voyager1_48s_mag-vim_20120101_v01.cdf,C:\Users\Administrator\Documents\FWD_matlab\Voyager_fu\Voyager_Interstellar_Monthly\HighestPrecision_Segments\V1_MAG48s_segment_0054_20120923T033456_20120923T055634.png,ok,
1,55,2012-09-23 09:20:33,2012-09-23 13:22:08,4.02623999993218,301,47.5209997558594,145.151,7200,240,Z:\SPART-WORK\Data\Voyager\voyager1\mag\48s\reviewed_vim\2012\voyager1_48s_mag-vim_20120101_v01.cdf,C:\Users\Administrator\Documents\FWD_matlab\Voyager_fu\Voyager_Interstellar_Monthly\HighestPrecision_Segments\V1_MAG48s_segment_0055_20120923T092033_20120923T132208.png,ok,
1,56,2012-09-24 03:50:55,2012-09-24 05:42:09,1.85376,138,47.5209997558594,142.559000244141,7200,240,Z:\SPART-WORK\Data\Voyager\voyager1\mag\48s\reviewed_vim\2012\voyager1_48s_mag-vim_20120101_v01.cdf,C:\Users\Administrator\Documents\FWD_matlab\Voyager_fu\Voyager_Interstellar_Monthly\HighestPrecision_Segments\V1_MAG48s_segment_0056_20120924T035055_20120924T054209.png,ok,
1,57,2012-09-24 10:00:33,2012-09-24 13:26:07,3.42624,255,47.5209997558594,192.672,7200,240,Z:\SPART-WORK\Data\Voyager\voyager1\mag\48s\reviewed_vim\2012\voyager1_48s_mag-vim_20120101_v01.cdf,C:\Users\Administrator\Documents\FWD_matlab\Voyager_fu\Voyager_Interstellar_Monthly\HighestPrecision_Segments\V1_MAG48s_segment_0057_20120924T100033_20120924T132607.png,ok,
1,58,2012-09-25 02:11:44,2012-09-25 05:26:09,3.24023972222222,244,47.5209997558594,50.113,7200,240,Z:\SPART-WORK\Data\Voyager\voyager1\mag\48s\reviewed_vim\2012\voyager1_48s_mag-vim_20120101_v01.cdf,C:\Users\Administrator\Documents\FWD_matlab\Voyager_fu\Voyager_Interstellar_Monthly\HighestPrecision_Segments\V1_MAG48s_segment_0058_20120925T021144_20120925T052609.png,ok,
1,59,2012-09-25 09:18:56,2012-09-25 13:16:33,3.96023999993218,289,47.5209997558594,240.192999755859,7200,240,Z:\SPART-WORK\Data\Voyager\voyager1\mag\48s\reviewed_vim\2012\voyager1_48s_mag-vim_20120101_v01.cdf,C:\Users\Administrator\Documents\FWD_matlab\Voyager_fu\Voyager_Interstellar_Monthly\HighestPrecision_Segments\V1_MAG48s_segment_0059_20120925T091856_20120925T131633.png,ok,
1,60,2012-09-26 09:42:56,2012-09-26 12:46:55,3.06648027777778,229,47.5209997558594,141.696,7200,240,Z:\SPART-WORK\Data\Voyager\voyager1\mag\48s\reviewed_vim\2012\voyager1_48s_mag-vim_20120101_v01.cdf,C:\Users\Administrator\Documents\FWD_matlab\Voyager_fu\Voyager_Interstellar_Monthly\HighestPrecision_Segments\V1_MAG48s_segment_0060_20120926T094256_20120926T124655.png,ok,
1,61,2012-09-27 01:50:57,2012-09-27 05:46:57,3.93312,293,47.5209997558594,191.807,7200,240,Z:\SPART-WORK\Data\Voyager\voyager1\mag\48s\reviewed_vim\2012\voyager1_48s_mag-vim_20120101_v01.cdf,C:\Users\Administrator\Documents\FWD_matlab\Voyager_fu\Voyager_Interstellar_Monthly\HighestPrecision_Segments\V1_MAG48s_segment_0061_20120927T015057_20120927T054657.png,ok,
1,62,2012-09-27 09:50:55,2012-09-27 13:10:58,3.33407972222222,248,47.5209997558594,192.672000244141,7200,240,Z:\SPART-WORK\Data\Voyager\voyager1\mag\48s\reviewed_vim\2012\voyager1_48s_mag-vim_20120101_v01.cdf,C:\Users\Administrator\Documents\FWD_matlab\Voyager_fu\Voyager_Interstellar_Monthly\HighestPrecision_Segments\V1_MAG48s_segment_0062_20120927T095055_20120927T131058.png,ok,
1,63,2012-09-27 23:55:44,2012-09-28 05:38:56,5.72016,428,47.5209997558594,97.632,7200,240,Z:\SPART-WORK\Data\Voyager\voyager1\mag\48s\reviewed_vim\2012\voyager1_48s_mag-vim_20120101_v01.cdf,C:\Users\Administrator\Documents\FWD_matlab\Voyager_fu\Voyager_Interstellar_Monthly\HighestPrecision_Segments\V1_MAG48s_segment_0063_20120927T235544_20120928T053856.png,ok,
1,64,2012-09-29 02:03:45,2012-09-29 06:10:56,4.11984027770996,309,47.5209997558594,97.6319997558594,7200,240,Z:\SPART-WORK\Data\Voyager\voyager1\mag\48s\reviewed_vim\2012\voyager1_48s_mag-vim_20120101_v01.cdf,C:\Users\Administrator\Documents\FWD_matlab\Voyager_fu\Voyager_Interstellar_Monthly\HighestPrecision_Segments\V1_MAG48s_segment_0064_20120929T020345_20120929T061056.png,ok,
1,65,2012-09-29 08:30:57,2012-09-29 13:00:33,4.49328027777778,337,47.5209997558594,95.041,7200,240,Z:\SPART-WORK\Data\Voyager\voyager1\mag\48s\reviewed_vim\2012\voyager1_48s_mag-vim_20120101_v01.cdf,C:\Users\Administrator\Documents\FWD_matlab\Voyager_fu\Voyager_Interstellar_Monthly\HighestPrecision_Segments\V1_MAG48s_segment_0065_20120929T083057_20120929T130033.png,ok,
1,66,2012-09-30 02:06:57,2012-09-30 05:32:32,3.42624027777778,255,47.5209997558594,192.672,7200,240,Z:\SPART-WORK\Data\Voyager\voyager1\mag\48s\reviewed_vim\2012\voyager1_48s_mag-vim_20120101_v01.cdf,C:\Users\Administrator\Documents\FWD_matlab\Voyager_fu\Voyager_Interstellar_Monthly\HighestPrecision_Segments\V1_MAG48s_segment_0066_20120930T020657_20120930T053232.png,ok,
1,67,2012-09-30 21:15:44,2012-10-01 02:45:22,5.49384027777778,412,47.5209997558594,96.768,7200,240,Z:\SPART-WORK\Data\Voyager\voyager1\mag\48s\reviewed_vim\2012\voyager1_48s_mag-vim_20120101_v01.cdf,C:\Users\Administrator\Documents\FWD_matlab\Voyager_fu\Voyager_Interstellar_Monthly\HighestPrecision_Segments\V1_MAG48s_segment_0067_20120930T211544_20121001T024522.png,ok,
1,68,2012-10-01 07:31:45,2012-10-01 12:53:21,5.35992027777778,403,47.5209997558594,50.113,7200,240,Z:\SPART-WORK\Data\Voyager\voyager1\mag\48s\reviewed_vim\2012\voyager1_48s_mag-vim_20120101_v01.cdf,C:\Users\Administrator\Documents\FWD_matlab\Voyager_fu\Voyager_Interstellar_Monthly\HighestPrecision_Segments\V1_MAG48s_segment_0068_20121001T073145_20121001T125321.png,ok,
1,69,2012-10-02 02:38:56,2012-10-02 11:54:56,9.26663972229004,476,47.5209997558594,5375.807,7200,240,Z:\SPART-WORK\Data\Voyager\voyager1\mag\48s\reviewed_vim\2012\voyager1_48s_mag-vim_20120101_v01.cdf,C:\Users\Administrator\Documents\FWD_matlab\Voyager_fu\Voyager_Interstellar_Monthly\HighestPrecision_Segments\V1_MAG48s_segment_0069_20121002T023856_20121002T115456.png,ok,
1,70,2012-10-02 22:50:10,2012-10-03 05:19:45,6.49296027777778,488,47.5209997558594,50.113,7200,240,Z:\SPART-WORK\Data\Voyager\voyager1\mag\48s\reviewed_vim\2012\voyager1_48s_mag-vim_20120101_v01.cdf,C:\Users\Administrator\Documents\FWD_matlab\Voyager_fu\Voyager_Interstellar_Monthly\HighestPrecision_Segments\V1_MAG48s_segment_0070_20121002T225010_20121003T051945.png,ok,
1,71,2012-10-03 10:06:55,2012-10-03 12:44:33,2.62704000006782,197,47.5209997558594,97.633,7200,240,Z:\SPART-WORK\Data\Voyager\voyager1\mag\48s\reviewed_vim\2012\voyager1_48s_mag-vim_20120101_v01.cdf,C:\Users\Administrator\Documents\FWD_matlab\Voyager_fu\Voyager_Interstellar_Monthly\HighestPrecision_Segments\V1_MAG48s_segment_0071_20121003T100655_20121003T124433.png,ok,
1,72,2012-10-04 02:30:57,2012-10-04 05:14:57,2.73336027777778,204,47.5209997558594,145.151,7200,240,Z:\SPART-WORK\Data\Voyager\voyager1\mag\48s\reviewed_vim\2012\voyager1_48s_mag-vim_20120101_v01.cdf,C:\Users\Administrator\Documents\FWD_matlab\Voyager_fu\Voyager_Interstellar_Monthly\HighestPrecision_Segments\V1_MAG48s_segment_0072_20121004T023057_20121004T051457.png,ok,
1,73,2012-10-04 09:28:34,2012-10-04 12:39:46,3.18672027777778,237,47.5209997558594,191.808999755859,7200,240,Z:\SPART-WORK\Data\Voyager\voyager1\mag\48s\reviewed_vim\2012\voyager1_48s_mag-vim_20120101_v01.cdf,C:\Users\Administrator\Documents\FWD_matlab\Voyager_fu\Voyager_Interstellar_Monthly\HighestPrecision_Segments\V1_MAG48s_segment_0073_20121004T092834_20121004T123946.png,ok,
1,74,2012-10-05 02:05:20,2012-10-05 05:10:57,3.09359972229004,231,47.5209997558594,141.696,7200,240,Z:\SPART-WORK\Data\Voyager\voyager1\mag\48s\reviewed_vim\2012\voyager1_48s_mag-vim_20120101_v01.cdf,C:\Users\Administrator\Documents\FWD_matlab\Voyager_fu\Voyager_Interstellar_Monthly\HighestPrecision_Segments\V1_MAG48s_segment_0074_20121005T020520_20121005T051057.png,ok,
1,75,2012-10-05 09:17:21,2012-10-05 12:34:08,3.27984,245,47.5209997558594,145.151000244141,7200,240,Z:\SPART-WORK\Data\Voyager\voyager1\mag\48s\reviewed_vim\2012\voyager1_48s_mag-vim_20120101_v01.cdf,C:\Users\Administrator\Documents\FWD_matlab\Voyager_fu\Voyager_Interstellar_Monthly\HighestPrecision_Segments\V1_MAG48s_segment_0075_20121005T091721_20121005T123408.png,ok,
1,76,2012-10-06 02:29:22,2012-10-06 05:03:45,2.57304,193,47.5209997558594,95.0399997558594,7200,240,Z:\SPART-WORK\Data\Voyager\voyager1\mag\48s\reviewed_vim\2012\voyager1_48s_mag-vim_20120101_v01.cdf,C:\Users\Administrator\Documents\FWD_matlab\Voyager_fu\Voyager_Interstellar_Monthly\HighestPrecision_Segments\V1_MAG48s_segment_0076_20121006T022922_20121006T050345.png,ok,
1,77,2012-10-06 07:31:45,2012-10-06 12:34:08,5.03976,377,47.5209997558594,145.151,7200,240,Z:\SPART-WORK\Data\Voyager\voyager1\mag\48s\reviewed_vim\2012\voyager1_48s_mag-vim_20120101_v01.cdf,C:\Users\Administrator\Documents\FWD_matlab\Voyager_fu\Voyager_Interstellar_Monthly\HighestPrecision_Segments\V1_MAG48s_segment_0077_20121006T073145_20121006T123408.png,ok,
1,78,2012-10-07 02:08:32,2012-10-07 05:04:32,2.93352,219,47.5209997558594,145.152999755859,7200,240,Z:\SPART-WORK\Data\Voyager\voyager1\mag\48s\reviewed_vim\2012\voyager1_48s_mag-vim_20120101_v01.cdf,C:\Users\Administrator\Documents\FWD_matlab\Voyager_fu\Voyager_Interstellar_Monthly\HighestPrecision_Segments\V1_MAG48s_segment_0078_20121007T020832_20121007T050432.png,ok,
1,79,2012-10-07 08:22:56,2012-10-07 12:29:21,4.10688027777778,307,47.5209997558594,145.151,7200,240,Z:\SPART-WORK\Data\Voyager\voyager1\mag\48s\reviewed_vim\2012\voyager1_48s_mag-vim_20120101_v01.cdf,C:\Users\Administrator\Documents\FWD_matlab\Voyager_fu\Voyager_Interstellar_Monthly\HighestPrecision_Segments\V1_MAG48s_segment_0079_20121007T082256_20121007T122921.png,ok,
1,80,2012-10-08 02:27:44,2012-10-08 12:18:56,9.8532,637,47.5209997558594,4846.17600024414,7200,240,Z:\SPART-WORK\Data\Voyager\voyager1\mag\48s\reviewed_vim\2012\voyager1_48s_mag-vim_20120101_v01.cdf,C:\Users\Administrator\Documents\FWD_matlab\Voyager_fu\Voyager_Interstellar_Monthly\HighestPrecision_Segments\V1_MAG48s_segment_0080_20121008T022744_20121008T121856.png,ok,
1,81,2012-10-09 01:26:57,2012-10-09 06:18:56,4.86624,281,47.5209997558594,3696.192,7200,240,Z:\SPART-WORK\Data\Voyager\voyager1\mag\48s\reviewed_vim\2012\voyager1_48s_mag-vim_20120101_v01.cdf,C:\Users\Administrator\Documents\FWD_matlab\Voyager_fu\Voyager_Interstellar_Monthly\HighestPrecision_Segments\V1_MAG48s_segment_0081_20121009T012657_20121009T061856.png,ok,
1,82,2012-10-09 09:04:33,2012-10-09 09:54:08,0.826319722290039,63,47.5204998779297,50.113,7200,240,Z:\SPART-WORK\Data\Voyager\voyager1\mag\48s\reviewed_vim\2012\voyager1_48s_mag-vim_20120101_v01.cdf,C:\Users\Administrator\Documents\FWD_matlab\Voyager_fu\Voyager_Interstellar_Monthly\HighestPrecision_Segments\V1_MAG48s_segment_0082_20121009T090433_20121009T095408.png,ok,
1,83,2012-10-10 02:22:56,2012-10-10 04:50:07,2.45304027777778,184,47.5209997558594,95.04,7200,240,Z:\SPART-WORK\Data\Voyager\voyager1\mag\48s\reviewed_vim\2012\voyager1_48s_mag-vim_20120101_v01.cdf,C:\Users\Administrator\Documents\FWD_matlab\Voyager_fu\Voyager_Interstellar_Monthly\HighestPrecision_Segments\V1_MAG48s_segment_0083_20121010T022256_20121010T045007.png,ok,
1,84,2012-10-10 07:07:45,2012-10-10 12:14:09,5.10648027777778,381,47.5205,191.809,7200,240,Z:\SPART-WORK\Data\Voyager\voyager1\mag\48s\reviewed_vim\2012\voyager1_48s_mag-vim_20120101_v01.cdf,C:\Users\Administrator\Documents\FWD_matlab\Voyager_fu\Voyager_Interstellar_Monthly\HighestPrecision_Segments\V1_MAG48s_segment_0084_20121010T070745_20121010T121409.png,ok,
1,85,2012-10-11 04:29:20,2012-10-11 12:08:34,7.65383972222222,472,47.5200002441406,4991.329,7200,240,Z:\SPART-WORK\Data\Voyager\voyager1\mag\48s\reviewed_vim\2012\voyager1_48s_mag-vim_20120101_v01.cdf,C:\Users\Administrator\Documents\FWD_matlab\Voyager_fu\Voyager_Interstellar_Monthly\HighestPrecision_Segments\V1_MAG48s_segment_0085_20121011T042920_20121011T120834.png,ok,
1,86,2012-10-12 00:56:33,2012-10-12 04:38:08,3.69288,271,47.5209997558594,192.672,7200,240,Z:\SPART-WORK\Data\Voyager\voyager1\mag\48s\reviewed_vim\2012\voyager1_48s_mag-vim_20120101_v01.cdf,C:\Users\Administrator\Documents\FWD_matlab\Voyager_fu\Voyager_Interstellar_Monthly\HighestPrecision_Segments\V1_MAG48s_segment_0086_20121012T005633_20121012T043808.png,ok,
1,87,2012-10-12 08:45:22,2012-10-12 12:08:34,3.38663972222222,251,47.5209997558594,141.695999755859,7200,240,Z:\SPART-WORK\Data\Voyager\voyager1\mag\48s\reviewed_vim\2012\voyager1_48s_mag-vim_20120101_v01.cdf,C:\Users\Administrator\Documents\FWD_matlab\Voyager_fu\Voyager_Interstellar_Monthly\HighestPrecision_Segments\V1_MAG48s_segment_0087_20121012T084522_20121012T120834.png,ok,
1,88,2012-10-13 02:10:09,2012-10-13 04:37:20,2.45304,182,47.5200002441406,192.672,7200,240,Z:\SPART-WORK\Data\Voyager\voyager1\mag\48s\reviewed_vim\2012\voyager1_48s_mag-vim_20120101_v01.cdf,C:\Users\Administrator\Documents\FWD_matlab\Voyager_fu\Voyager_Interstellar_Monthly\HighestPrecision_Segments\V1_MAG48s_segment_0088_20121013T021009_20121013T043720.png,ok,
1,89,2012-10-13 08:19:45,2012-10-13 11:07:44,2.79983972222222,206,47.52,286.847999755859,7200,240,Z:\SPART-WORK\Data\Voyager\voyager1\mag\48s\reviewed_vim\2012\voyager1_48s_mag-vim_20120101_v01.cdf,C:\Users\Administrator\Documents\FWD_matlab\Voyager_fu\Voyager_Interstellar_Monthly\HighestPrecision_Segments\V1_MAG48s_segment_0089_20121013T081945_20121013T110744.png,ok,
1,90,2012-10-14 02:03:45,2012-10-14 04:32:32,2.47992027770996,184,47.5200002441406,191.808,7200,240,Z:\SPART-WORK\Data\Voyager\voyager1\mag\48s\reviewed_vim\2012\voyager1_48s_mag-vim_20120101_v01.cdf,C:\Users\Administrator\Documents\FWD_matlab\Voyager_fu\Voyager_Interstellar_Monthly\HighestPrecision_Segments\V1_MAG48s_segment_0090_20121014T020345_20121014T043232.png,ok,
1,91,2012-10-14 08:11:44,2012-10-14 11:58:09,3.77351972222222,281,47.52,192.673,7200,240,Z:\SPART-WORK\Data\Voyager\voyager1\mag\48s\reviewed_vim\2012\voyager1_48s_mag-vim_20120101_v01.cdf,C:\Users\Administrator\Documents\FWD_matlab\Voyager_fu\Voyager_Interstellar_Monthly\HighestPrecision_Segments\V1_MAG48s_segment_0091_20121014T081144_20121014T115809.png,ok,
1,92,2012-10-15 02:30:57,2012-10-15 04:27:45,1.94664027777778,145,47.5209997558594,145.151,7200,240,Z:\SPART-WORK\Data\Voyager\voyager1\mag\48s\reviewed_vim\2012\voyager1_48s_mag-vim_20120101_v01.cdf,C:\Users\Administrator\Documents\FWD_matlab\Voyager_fu\Voyager_Interstellar_Monthly\HighestPrecision_Segments\V1_MAG48s_segment_0092_20121015T023057_20121015T042745.png,ok,
1,93,2012-10-15 08:56:31,2012-10-15 11:53:21,2.94719972229004,219,47.5200001220703,192.672,7200,240,Z:\SPART-WORK\Data\Voyager\voyager1\mag\48s\reviewed_vim\2012\voyager1_48s_mag-vim_20120101_v01.cdf,C:\Users\Administrator\Documents\FWD_matlab\Voyager_fu\Voyager_Interstellar_Monthly\HighestPrecision_Segments\V1_MAG48s_segment_0093_20121015T085631_20121015T115321.png,ok,
1,94,2012-10-16 01:54:07,2012-10-16 04:29:20,2.58696,192,47.5200002441406,192.672,7200,240,Z:\SPART-WORK\Data\Voyager\voyager1\mag\48s\reviewed_vim\2012\voyager1_48s_mag-vim_20120101_v01.cdf,C:\Users\Administrator\Documents\FWD_matlab\Voyager_fu\Voyager_Interstellar_Monthly\HighestPrecision_Segments\V1_MAG48s_segment_0094_20121016T015407_20121016T042920.png,ok,
1,95,2012-10-16 09:15:44,2012-10-16 11:47:44,2.53344000006782,176,47.52,527.903,7200,240,Z:\SPART-WORK\Data\Voyager\voyager1\mag\48s\reviewed_vim\2012\voyager1_48s_mag-vim_20120101_v01.cdf,C:\Users\Administrator\Documents\FWD_matlab\Voyager_fu\Voyager_Interstellar_Monthly\HighestPrecision_Segments\V1_MAG48s_segment_0095_20121016T091544_20121016T114744.png,ok,
1,96,2012-10-17 01:52:33,2012-10-17 05:38:09,3.76007972222222,217,47.52,3072.384,7200,240,Z:\SPART-WORK\Data\Voyager\voyager1\mag\48s\reviewed_vim\2012\voyager1_48s_mag-vim_20120101_v01.cdf,C:\Users\Administrator\Documents\FWD_matlab\Voyager_fu\Voyager_Interstellar_Monthly\HighestPrecision_Segments\V1_MAG48s_segment_0096_20121017T015233_20121017T053809.png,ok,
1,97,2012-10-17 09:49:20,2012-10-17 10:28:32,0.653280000067817,50,47.5209997558594,50.112,7200,240,Z:\SPART-WORK\Data\Voyager\voyager1\mag\48s\reviewed_vim\2012\voyager1_48s_mag-vim_20120101_v01.cdf,C:\Users\Administrator\Documents\FWD_matlab\Voyager_fu\Voyager_Interstellar_Monthly\HighestPrecision_Segments\V1_MAG48s_segment_0097_20121017T094920_20121017T102832.png,ok,
1,98,2012-10-18 01:39:44,2012-10-18 05:38:56,3.98664,213,47.52,4126.464,7200,240,Z:\SPART-WORK\Data\Voyager\voyager1\mag\48s\reviewed_vim\2012\voyager1_48s_mag-vim_20120101_v01.cdf,C:\Users\Administrator\Documents\FWD_matlab\Voyager_fu\Voyager_Interstellar_Monthly\HighestPrecision_Segments\V1_MAG48s_segment_0098_20121018T013944_20121018T053856.png,ok,
1,99,2012-10-18 09:46:08,2012-10-18 10:27:45,0.693600277777778,51,47.5209997558594,145.151,7200,240,Z:\SPART-WORK\Data\Voyager\voyager1\mag\48s\reviewed_vim\2012\voyager1_48s_mag-vim_20120101_v01.cdf,C:\Users\Administrator\Documents\FWD_matlab\Voyager_fu\Voyager_Interstellar_Monthly\HighestPrecision_Segments\V1_MAG48s_segment_0099_20121018T094608_20121018T102745.png,ok,
1,100,2012-10-19 01:58:57,2012-10-19 04:12:32,2.22648027777778,166,47.52,145.151,7200,240,Z:\SPART-WORK\Data\Voyager\voyager1\mag\48s\reviewed_vim\2012\voyager1_48s_mag-vim_20120101_v01.cdf,C:\Users\Administrator\Documents\FWD_matlab\Voyager_fu\Voyager_Interstellar_Monthly\HighestPrecision_Segments\V1_MAG48s_segment_0100_20121019T015857_20121019T041232.png,ok,
1,101,2012-10-20 01:09:21,2012-10-20 09:42:08,8.54664,527,47.52,5325.69600024414,7200,240,Z:\SPART-WORK\Data\Voyager\voyager1\mag\48s\reviewed_vim\2012\voyager1_48s_mag-vim_20120101_v01.cdf,C:\Users\Administrator\Documents\FWD_matlab\Voyager_fu\Voyager_Interstellar_Monthly\HighestPrecision_Segments\V1_MAG48s_segment_0101_20121020T010921_20121020T094208.png,ok,
1,102,2012-10-21 01:54:07,2012-10-21 04:06:55,2.21351972222222,166,47.52,97.631,7200,240,Z:\SPART-WORK\Data\Voyager\voyager1\mag\48s\reviewed_vim\2012\voyager1_48s_mag-vim_20120101_v01.cdf,C:\Users\Administrator\Documents\FWD_matlab\Voyager_fu\Voyager_Interstellar_Monthly\HighestPrecision_Segments\V1_MAG48s_segment_0102_20121021T015407_20121021T040655.png,ok,
1,103,2012-10-21 08:24:31,2012-10-21 11:33:19,3.14664,236,47.52,97.632,7200,240,Z:\SPART-WORK\Data\Voyager\voyager1\mag\48s\reviewed_vim\2012\voyager1_48s_mag-vim_20120101_v01.cdf,C:\Users\Administrator\Documents\FWD_matlab\Voyager_fu\Voyager_Interstellar_Monthly\HighestPrecision_Segments\V1_MAG48s_segment_0103_20121021T082431_20121021T113319.png,ok,
1,104,2012-10-22 08:22:56,2012-10-22 11:26:09,3.05352,228,47.52,145.151,7200,240,Z:\SPART-WORK\Data\Voyager\voyager1\mag\48s\reviewed_vim\2012\voyager1_48s_mag-vim_20120101_v01.cdf,C:\Users\Administrator\Documents\FWD_matlab\Voyager_fu\Voyager_Interstellar_Monthly\HighestPrecision_Segments\V1_MAG48s_segment_0104_20121022T082256_20121022T112609.png,ok,
1,105,2012-10-23 01:58:57,2012-10-23 03:55:46,1.94688000006782,147,47.52,50.113,7200,240,Z:\SPART-WORK\Data\Voyager\voyager1\mag\48s\reviewed_vim\2012\voyager1_48s_mag-vim_20120101_v01.cdf,C:\Users\Administrator\Documents\FWD_matlab\Voyager_fu\Voyager_Interstellar_Monthly\HighestPrecision_Segments\V1_MAG48s_segment_0105_20121023T015857_20121023T035546.png,ok,
1,106,2012-10-23 08:29:19,2012-10-23 11:21:19,2.86656,206,47.52,385.343,7200,240,Z:\SPART-WORK\Data\Voyager\voyager1\mag\48s\reviewed_vim\2012\voyager1_48s_mag-vim_20120101_v01.cdf,C:\Users\Administrator\Documents\FWD_matlab\Voyager_fu\Voyager_Interstellar_Monthly\HighestPrecision_Segments\V1_MAG48s_segment_0106_20121023T082919_20121023T112119.png,ok,
1,107,2012-10-24 01:09:21,2012-10-24 02:37:19,1.46616,110,47.52,95.041,7200,240,Z:\SPART-WORK\Data\Voyager\voyager1\mag\48s\reviewed_vim\2012\voyager1_48s_mag-vim_20120101_v01.cdf,C:\Users\Administrator\Documents\FWD_matlab\Voyager_fu\Voyager_Interstellar_Monthly\HighestPrecision_Segments\V1_MAG48s_segment_0107_20121024T010921_20121024T023719.png,ok,
1,108,2012-10-24 09:23:43,2012-10-24 10:37:20,1.22688,93,47.5200001220703,50.112,7200,240,Z:\SPART-WORK\Data\Voyager\voyager1\mag\48s\reviewed_vim\2012\voyager1_48s_mag-vim_20120101_v01.cdf,C:\Users\Administrator\Documents\FWD_matlab\Voyager_fu\Voyager_Interstellar_Monthly\HighestPrecision_Segments\V1_MAG48s_segment_0108_20121024T092343_20121024T103720.png,ok,
1,109,2012-10-25 06:05:21,2012-10-25 10:40:32,4.5864,343,47.52,142.56,7200,240,Z:\SPART-WORK\Data\Voyager\voyager1\mag\48s\reviewed_vim\2012\voyager1_48s_mag-vim_20120101_v01.cdf,C:\Users\Administrator\Documents\FWD_matlab\Voyager_fu\Voyager_Interstellar_Monthly\HighestPrecision_Segments\V1_MAG48s_segment_0109_20121025T060521_20121025T104032.png,ok,
1,110,2012-10-26 00:37:21,2012-10-26 03:45:20,3.13320027770996,235,47.52,95.0399997558594,7200,240,Z:\SPART-WORK\Data\Voyager\voyager1\mag\48s\reviewed_vim\2012\voyager1_48s_mag-vim_20120101_v01.cdf,C:\Users\Administrator\Documents\FWD_matlab\Voyager_fu\Voyager_Interstellar_Monthly\HighestPrecision_Segments\V1_MAG48s_segment_0110_20121026T003721_20121026T034520.png,ok,
1,111,2012-10-26 23:34:56,2012-10-27 03:16:31,3.69287999993218,272,47.52,335.232,7200,240,Z:\SPART-WORK\Data\Voyager\voyager1\mag\48s\reviewed_vim\2012\voyager1_48s_mag-vim_20120101_v01.cdf,C:\Users\Administrator\Documents\FWD_matlab\Voyager_fu\Voyager_Interstellar_Monthly\HighestPrecision_Segments\V1_MAG48s_segment_0111_20121026T233456_20121027T031631.png,ok,
1,112,2012-10-28 01:44:32,2012-10-28 03:30:09,1.76015972229004,132,47.52,95.0390002441406,7200,240,Z:\SPART-WORK\Data\Voyager\voyager1\mag\48s\reviewed_vim\2012\voyager1_48s_mag-vim_20120101_v01.cdf,C:\Users\Administrator\Documents\FWD_matlab\Voyager_fu\Voyager_Interstellar_Monthly\HighestPrecision_Segments\V1_MAG48s_segment_0112_20121028T014432_20121028T033009.png,ok,
1,113,2012-10-28 08:11:44,2012-10-28 11:00:32,2.81327972222222,211,47.52,95.039,7200,240,Z:\SPART-WORK\Data\Voyager\voyager1\mag\48s\reviewed_vim\2012\voyager1_48s_mag-vim_20120101_v01.cdf,C:\Users\Administrator\Documents\FWD_matlab\Voyager_fu\Voyager_Interstellar_Monthly\HighestPrecision_Segments\V1_MAG48s_segment_0113_20121028T081144_20121028T110032.png,ok,
1,114,2012-10-29 06:24:31,2012-10-29 10:54:57,4.50720027777778,339,47.52,50.112,7200,240,Z:\SPART-WORK\Data\Voyager\voyager1\mag\48s\reviewed_vim\2012\voyager1_48s_mag-vim_20120101_v01.cdf,C:\Users\Administrator\Documents\FWD_matlab\Voyager_fu\Voyager_Interstellar_Monthly\HighestPrecision_Segments\V1_MAG48s_segment_0114_20121029T062431_20121029T105457.png,ok,
1,115,2012-10-30 00:46:55,2012-10-30 04:55:44,4.14695972222222,213,47.52,4510.944,7200,240,Z:\SPART-WORK\Data\Voyager\voyager1\mag\48s\reviewed_vim\2012\voyager1_48s_mag-vim_20120101_v01.cdf,C:\Users\Administrator\Documents\FWD_matlab\Voyager_fu\Voyager_Interstellar_Monthly\HighestPrecision_Segments\V1_MAG48s_segment_0115_20121030T004655_20121030T045544.png,ok,
1,116,2012-10-31 06:29:21,2012-10-31 07:03:43,0.572639722222222,43,47.52,94.175,7200,240,Z:\SPART-WORK\Data\Voyager\voyager1\mag\48s\reviewed_vim\2012\voyager1_48s_mag-vim_20120101_v01.cdf,C:\Users\Administrator\Documents\FWD_matlab\Voyager_fu\Voyager_Interstellar_Monthly\HighestPrecision_Segments\V1_MAG48s_segment_0116_20121031T062921_20121031T070343.png,ok,
1,117,2012-10-31 09:51:43,2012-10-31 10:47:45,0.933840277777778,71,47.5200001220703,50.112,7200,240,Z:\SPART-WORK\Data\Voyager\voyager1\mag\48s\reviewed_vim\2012\voyager1_48s_mag-vim_20120101_v01.cdf,C:\Users\Administrator\Documents\FWD_matlab\Voyager_fu\Voyager_Interstellar_Monthly\HighestPrecision_Segments\V1_MAG48s_segment_0117_20121031T095143_20121031T104745.png,ok,
1,118,2012-11-01 06:02:09,2012-11-01 06:49:20,0.786479722222222,60,47.52,50.112,7200,240,Z:\SPART-WORK\Data\Voyager\voyager1\mag\48s\reviewed_vim\2012\voyager1_48s_mag-vim_20120101_v01.cdf,C:\Users\Administrator\Documents\FWD_matlab\Voyager_fu\Voyager_Interstellar_Monthly\HighestPrecision_Segments\V1_MAG48s_segment_0118_20121101T060209_20121101T064920.png,ok,
1,119,2012-11-01 09:37:21,2012-11-01 10:45:20,1.13304,86,47.52,50.112,7200,240,Z:\SPART-WORK\Data\Voyager\voyager1\mag\48s\reviewed_vim\2012\voyager1_48s_mag-vim_20120101_v01.cdf,C:\Users\Administrator\Documents\FWD_matlab\Voyager_fu\Voyager_Interstellar_Monthly\HighestPrecision_Segments\V1_MAG48s_segment_0119_20121101T093721_20121101T104520.png,ok,
1,120,2012-11-02 02:18:07,2012-11-02 02:53:19,0.586560277777778,45,47.5200001220703,50.112,7200,240,Z:\SPART-WORK\Data\Voyager\voyager1\mag\48s\reviewed_vim\2012\voyager1_48s_mag-vim_20120101_v01.cdf,C:\Users\Administrator\Documents\FWD_matlab\Voyager_fu\Voyager_Interstellar_Monthly\HighestPrecision_Segments\V1_MAG48s_segment_0120_20121102T021807_20121102T025319.png,ok,
1,121,2012-11-02 08:42:57,2012-11-02 09:56:33,1.22688027777778,93,47.52,50.112,7200,240,Z:\SPART-WORK\Data\Voyager\voyager1\mag\48s\reviewed_vim\2012\voyager1_48s_mag-vim_20120101_v01.cdf,C:\Users\Administrator\Documents\FWD_matlab\Voyager_fu\Voyager_Interstellar_Monthly\HighestPrecision_Segments\V1_MAG48s_segment_0121_20121102T084257_20121102T095633.png,ok,
1,122,2012-11-03 01:07:43,2012-11-03 03:09:19,2.02655972222222,151,47.52,142.56,7200,240,Z:\SPART-WORK\Data\Voyager\voyager1\mag\48s\reviewed_vim\2012\voyager1_48s_mag-vim_20120101_v01.cdf,C:\Users\Administrator\Documents\FWD_matlab\Voyager_fu\Voyager_Interstellar_Monthly\HighestPrecision_Segments\V1_MAG48s_segment_0122_20121103T010743_20121103T030919.png,ok,
1,123,2012-11-03 05:15:44,2012-11-03 08:49:18,3.55944,265,47.52,192.671000244141,7200,240,Z:\SPART-WORK\Data\Voyager\voyager1\mag\48s\reviewed_vim\2012\voyager1_48s_mag-vim_20120101_v01.cdf,C:\Users\Administrator\Documents\FWD_matlab\Voyager_fu\Voyager_Interstellar_Monthly\HighestPrecision_Segments\V1_MAG48s_segment_0123_20121103T051544_20121103T084918.png,ok,
1,124,2012-11-04 01:34:55,2012-11-04 03:09:19,1.57319972222222,118,47.52,97.631,7200,240,Z:\SPART-WORK\Data\Voyager\voyager1\mag\48s\reviewed_vim\2012\voyager1_48s_mag-vim_20120101_v01.cdf,C:\Users\Administrator\Documents\FWD_matlab\Voyager_fu\Voyager_Interstellar_Monthly\HighestPrecision_Segments\V1_MAG48s_segment_0124_20121104T013455_20121104T030919.png,ok,
1,125,2012-11-04 06:26:09,2012-11-04 06:49:20,0.386639722222222,27,47.52,191.808,7200,240,Z:\SPART-WORK\Data\Voyager\voyager1\mag\48s\reviewed_vim\2012\voyager1_48s_mag-vim_20120101_v01.cdf,C:\Users\Administrator\Documents\FWD_matlab\Voyager_fu\Voyager_Interstellar_Monthly\HighestPrecision_Segments\V1_MAG48s_segment_0125_20121104T062609_20121104T064920.png,ok,
1,126,2012-11-04 09:42:56,2012-11-04 10:32:32,0.826800277777778,63,47.5200001220703,50.112,7200,240,Z:\SPART-WORK\Data\Voyager\voyager1\mag\48s\reviewed_vim\2012\voyager1_48s_mag-vim_20120101_v01.cdf,C:\Users\Administrator\Documents\FWD_matlab\Voyager_fu\Voyager_Interstellar_Monthly\HighestPrecision_Segments\V1_MAG48s_segment_0126_20121104T094256_20121104T103232.png,ok,
1,127,2012-11-04 23:36:31,2012-11-05 03:05:18,3.47976027770996,259,47.52,192.672,7200,240,Z:\SPART-WORK\Data\Voyager\voyager1\mag\48s\reviewed_vim\2012\voyager1_48s_mag-vim_20120101_v01.cdf,C:\Users\Administrator\Documents\FWD_matlab\Voyager_fu\Voyager_Interstellar_Monthly\HighestPrecision_Segments\V1_MAG48s_segment_0127_20121104T233631_20121105T030518.png,ok,
1,128,2012-11-05 23:04:32,2012-11-05 23:22:56,0.306719722222222,23,47.5204998779297,95.039,7200,240,Z:\SPART-WORK\Data\Voyager\voyager1\mag\48s\reviewed_vim\2012\voyager1_48s_mag-vim_20120101_v01.cdf,C:\Users\Administrator\Documents\FWD_matlab\Voyager_fu\Voyager_Interstellar_Monthly\HighestPrecision_Segments\V1_MAG48s_segment_0128_20121105T230432_20121105T232256.png,ok,
1,129,2012-11-06 02:14:07,2012-11-06 02:58:56,0.74712,57,47.5205,50.112,7200,240,Z:\SPART-WORK\Data\Voyager\voyager1\mag\48s\reviewed_vim\2012\voyager1_48s_mag-vim_20120101_v01.cdf,C:\Users\Administrator\Documents\FWD_matlab\Voyager_fu\Voyager_Interstellar_Monthly\HighestPrecision_Segments\V1_MAG48s_segment_0129_20121106T021407_20121106T025856.png,ok,
1,130,2012-11-06 07:17:20,2012-11-06 10:24:33,3.12023972222222,223,47.52,527.904000244141,7200,240,Z:\SPART-WORK\Data\Voyager\voyager1\mag\48s\reviewed_vim\2012\voyager1_48s_mag-vim_20120101_v01.cdf,C:\Users\Administrator\Documents\FWD_matlab\Voyager_fu\Voyager_Interstellar_Monthly\HighestPrecision_Segments\V1_MAG48s_segment_0130_20121106T071720_20121106T102433.png,ok,
1,131,2012-11-07 00:53:21,2012-11-07 01:30:07,0.61296,42,47.5209997558594,239.328000244141,7200,240,Z:\SPART-WORK\Data\Voyager\voyager1\mag\48s\reviewed_vim\2012\voyager1_48s_mag-vim_20120101_v01.cdf,C:\Users\Administrator\Documents\FWD_matlab\Voyager_fu\Voyager_Interstellar_Monthly\HighestPrecision_Segments\V1_MAG48s_segment_0131_20121107T005321_20121107T013007.png,ok,
1,132,2012-11-07 04:18:08,2012-11-07 04:54:07,0.599760277777778,46,47.52,50.112,7200,240,Z:\SPART-WORK\Data\Voyager\voyager1\mag\48s\reviewed_vim\2012\voyager1_48s_mag-vim_20120101_v01.cdf,C:\Users\Administrator\Documents\FWD_matlab\Voyager_fu\Voyager_Interstellar_Monthly\HighestPrecision_Segments\V1_MAG48s_segment_0132_20121107T041808_20121107T045407.png,ok,
1,133,2012-11-07 08:50:09,2012-11-07 09:55:43,1.09296027777778,80,47.52,192.672000244141,7200,240,Z:\SPART-WORK\Data\Voyager\voyager1\mag\48s\reviewed_vim\2012\voyager1_48s_mag-vim_20120101_v01.cdf,C:\Users\Administrator\Documents\FWD_matlab\Voyager_fu\Voyager_Interstellar_Monthly\HighestPrecision_Segments\V1_MAG48s_segment_0133_20121107T085009_20121107T095543.png,ok,
1,134,2012-11-08 00:51:43,2012-11-08 02:54:09,2.04048027777778,152,47.5200002441406,145.151000244141,7200,240,Z:\SPART-WORK\Data\Voyager\voyager1\mag\48s\reviewed_vim\2012\voyager1_48s_mag-vim_20120101_v01.cdf,C:\Users\Administrator\Documents\FWD_matlab\Voyager_fu\Voyager_Interstellar_Monthly\HighestPrecision_Segments\V1_MAG48s_segment_0134_20121108T005143_20121108T025409.png,ok,
1,135,2012-11-08 07:09:21,2012-11-08 10:14:07,3.07968027777778,230,47.52,144.288,7200,240,Z:\SPART-WORK\Data\Voyager\voyager1\mag\48s\reviewed_vim\2012\voyager1_48s_mag-vim_20120101_v01.cdf,C:\Users\Administrator\Documents\FWD_matlab\Voyager_fu\Voyager_Interstellar_Monthly\HighestPrecision_Segments\V1_MAG48s_segment_0135_20121108T070921_20121108T101407.png,ok,
1,136,2012-11-08 23:46:07,2012-11-09 02:50:56,3.0804,231,47.52,97.6310002441406,7200,240,Z:\SPART-WORK\Data\Voyager\voyager1\mag\48s\reviewed_vim\2012\voyager1_48s_mag-vim_20120101_v01.cdf,C:\Users\Administrator\Documents\FWD_matlab\Voyager_fu\Voyager_Interstellar_Monthly\HighestPrecision_Segments\V1_MAG48s_segment_0136_20121108T234607_20121109T025056.png,ok,
1,137,2012-11-09 06:50:08,2012-11-09 10:14:07,3.39984,256,47.52,50.112,7200,240,Z:\SPART-WORK\Data\Voyager\voyager1\mag\48s\reviewed_vim\2012\voyager1_48s_mag-vim_20120101_v01.cdf,C:\Users\Administrator\Documents\FWD_matlab\Voyager_fu\Voyager_Interstellar_Monthly\HighestPrecision_Segments\V1_MAG48s_segment_0137_20121109T065008_20121109T101407.png,ok,
1,138,2012-11-09 23:28:32,2012-11-10 02:33:19,3.07991972222222,232,47.52,50.1120002441406,7200,240,Z:\SPART-WORK\Data\Voyager\voyager1\mag\48s\reviewed_vim\2012\voyager1_48s_mag-vim_20120101_v01.cdf,C:\Users\Administrator\Documents\FWD_matlab\Voyager_fu\Voyager_Interstellar_Monthly\HighestPrecision_Segments\V1_MAG48s_segment_0138_20121109T232832_20121110T023319.png,ok,
1,139,2012-11-10 05:52:31,2012-11-10 06:31:43,0.653279999932183,50,47.52,50.112,7200,240,Z:\SPART-WORK\Data\Voyager\voyager1\mag\48s\reviewed_vim\2012\voyager1_48s_mag-vim_20120101_v01.cdf,C:\Users\Administrator\Documents\FWD_matlab\Voyager_fu\Voyager_Interstellar_Monthly\HighestPrecision_Segments\V1_MAG48s_segment_0139_20121110T055231_20121110T063143.png,ok,
1,140,2012-11-10 09:18:56,2012-11-10 10:09:21,0.840239999932183,64,47.52,50.1120002441406,7200,240,Z:\SPART-WORK\Data\Voyager\voyager1\mag\48s\reviewed_vim\2012\voyager1_48s_mag-vim_20120101_v01.cdf,C:\Users\Administrator\Documents\FWD_matlab\Voyager_fu\Voyager_Interstellar_Monthly\HighestPrecision_Segments\V1_MAG48s_segment_0140_20121110T091856_20121110T100921.png,ok,
1,141,2012-11-10 23:31:44,2012-11-11 02:38:56,3.12,235,47.52,50.1120002441406,7200,240,Z:\SPART-WORK\Data\Voyager\voyager1\mag\48s\reviewed_vim\2012\voyager1_48s_mag-vim_20120101_v01.cdf,C:\Users\Administrator\Documents\FWD_matlab\Voyager_fu\Voyager_Interstellar_Monthly\HighestPrecision_Segments\V1_MAG48s_segment_0141_20121110T233144_20121111T023856.png,ok,
1,142,2012-11-11 06:05:18,2012-11-11 09:18:56,3.22703972229004,243,47.52,50.1120002441406,7200,240,Z:\SPART-WORK\Data\Voyager\voyager1\mag\48s\reviewed_vim\2012\voyager1_48s_mag-vim_20120101_v01.cdf,C:\Users\Administrator\Documents\FWD_matlab\Voyager_fu\Voyager_Interstellar_Monthly\HighestPrecision_Segments\V1_MAG48s_segment_0142_20121111T060518_20121111T091856.png,ok,
1,143,2012-11-11 22:38:55,2012-11-12 03:38:08,4.98696027770996,374,47.52,96.7679997558594,7200,240,Z:\SPART-WORK\Data\Voyager\voyager1\mag\48s\reviewed_vim\2012\voyager1_48s_mag-vim_20120101_v01.cdf,C:\Users\Administrator\Documents\FWD_matlab\Voyager_fu\Voyager_Interstellar_Monthly\HighestPrecision_Segments\V1_MAG48s_segment_0143_20121111T223855_20121112T033808.png,ok,
1,144,2012-11-12 22:05:20,2012-11-12 22:32:32,0.45336,33,47.5200001220703,145.153,7200,240,Z:\SPART-WORK\Data\Voyager\voyager1\mag\48s\reviewed_vim\2012\voyager1_48s_mag-vim_20120101_v01.cdf,C:\Users\Administrator\Documents\FWD_matlab\Voyager_fu\Voyager_Interstellar_Monthly\HighestPrecision_Segments\V1_MAG48s_segment_0144_20121112T220520_20121112T223232.png,ok,
1,145,2012-11-13 01:20:33,2012-11-13 02:07:44,0.786479722222222,60,47.52,50.112,7200,240,Z:\SPART-WORK\Data\Voyager\voyager1\mag\48s\reviewed_vim\2012\voyager1_48s_mag-vim_20120101_v01.cdf,C:\Users\Administrator\Documents\FWD_matlab\Voyager_fu\Voyager_Interstellar_Monthly\HighestPrecision_Segments\V1_MAG48s_segment_0145_20121113T012033_20121113T020744.png,ok,
1,146,2012-11-13 22:50:07,2012-11-14 02:26:07,3.59976,269,47.52,144.289,7200,240,Z:\SPART-WORK\Data\Voyager\voyager1\mag\48s\reviewed_vim\2012\voyager1_48s_mag-vim_20120101_v01.cdf,C:\Users\Administrator\Documents\FWD_matlab\Voyager_fu\Voyager_Interstellar_Monthly\HighestPrecision_Segments\V1_MAG48s_segment_0146_20121113T225007_20121114T022607.png,ok,
1,147,2012-11-15 06:03:43,2012-11-15 09:49:20,3.76032,280,47.52,192.672,7200,240,Z:\SPART-WORK\Data\Voyager\voyager1\mag\48s\reviewed_vim\2012\voyager1_48s_mag-vim_20120101_v01.cdf,C:\Users\Administrator\Documents\FWD_matlab\Voyager_fu\Voyager_Interstellar_Monthly\HighestPrecision_Segments\V1_MAG48s_segment_0147_20121115T060343_20121115T094920.png,ok,
1,148,2012-11-15 22:18:08,2012-11-16 02:18:07,3.99984,301,47.52,50.112,7200,240,Z:\SPART-WORK\Data\Voyager\voyager1\mag\48s\reviewed_vim\2012\voyager1_48s_mag-vim_20120101_v01.cdf,C:\Users\Administrator\Documents\FWD_matlab\Voyager_fu\Voyager_Interstellar_Monthly\HighestPrecision_Segments\V1_MAG48s_segment_0148_20121115T221808_20121116T021807.png,ok,
1,149,2012-11-16 14:37:19,2012-11-16 15:06:08,0.480480277777778,29,47.5205,432.865,7200,240,Z:\SPART-WORK\Data\Voyager\voyager1\mag\48s\reviewed_vim\2012\voyager1_48s_mag-vim_20120101_v01.cdf,C:\Users\Administrator\Documents\FWD_matlab\Voyager_fu\Voyager_Interstellar_Monthly\HighestPrecision_Segments\V1_MAG48s_segment_0149_20121116T143719_20121116T150608.png,ok,
1,150,2012-11-16 18:02:56,2012-11-16 18:50:55,0.79992,61,47.52,50.112,7200,240,Z:\SPART-WORK\Data\Voyager\voyager1\mag\48s\reviewed_vim\2012\voyager1_48s_mag-vim_20120101_v01.cdf,C:\Users\Administrator\Documents\FWD_matlab\Voyager_fu\Voyager_Interstellar_Monthly\HighestPrecision_Segments\V1_MAG48s_segment_0150_20121116T180256_20121116T185055.png,ok,
1,151,2012-11-17 14:29:19,2012-11-17 15:05:18,0.59976,45,47.5205,97.631,7200,240,Z:\SPART-WORK\Data\Voyager\voyager1\mag\48s\reviewed_vim\2012\voyager1_48s_mag-vim_20120101_v01.cdf,C:\Users\Administrator\Documents\FWD_matlab\Voyager_fu\Voyager_Interstellar_Monthly\HighestPrecision_Segments\V1_MAG48s_segment_0151_20121117T142919_20121117T150518.png,ok,
1,152,2012-11-17 17:51:44,2012-11-17 18:42:56,0.85344,65,47.52,50.112,7200,240,Z:\SPART-WORK\Data\Voyager\voyager1\mag\48s\reviewed_vim\2012\voyager1_48s_mag-vim_20120101_v01.cdf,C:\Users\Administrator\Documents\FWD_matlab\Voyager_fu\Voyager_Interstellar_Monthly\HighestPrecision_Segments\V1_MAG48s_segment_0152_20121117T175144_20121117T184256.png,ok,
1,153,2012-11-18 14:24:31,2012-11-18 14:56:31,0.533280277777778,39,47.5205,145.152000244141,7200,240,Z:\SPART-WORK\Data\Voyager\voyager1\mag\48s\reviewed_vim\2012\voyager1_48s_mag-vim_20120101_v01.cdf,C:\Users\Administrator\Documents\FWD_matlab\Voyager_fu\Voyager_Interstellar_Monthly\HighestPrecision_Segments\V1_MAG48s_segment_0153_20121118T142431_20121118T145631.png,ok,
1,154,2012-11-18 17:53:19,2012-11-18 18:37:21,0.733919722290039,56,47.52,50.112,7200,240,Z:\SPART-WORK\Data\Voyager\voyager1\mag\48s\reviewed_vim\2012\voyager1_48s_mag-vim_20120101_v01.cdf,C:\Users\Administrator\Documents\FWD_matlab\Voyager_fu\Voyager_Interstellar_Monthly\HighestPrecision_Segments\V1_MAG48s_segment_0154_20121118T175319_20121118T183721.png,ok,
1,155,2012-11-19 14:27:44,2012-11-19 14:42:57,0.253439999932183,20,47.5209997558594,50.112,7200,240,Z:\SPART-WORK\Data\Voyager\voyager1\mag\48s\reviewed_vim\2012\voyager1_48s_mag-vim_20120101_v01.cdf,C:\Users\Administrator\Documents\FWD_matlab\Voyager_fu\Voyager_Interstellar_Monthly\HighestPrecision_Segments\V1_MAG48s_segment_0155_20121119T142744_20121119T144257.png,ok,
1,156,2012-11-19 17:35:44,2012-11-19 18:32:30,0.94632,72,47.52,50.112,7200,240,Z:\SPART-WORK\Data\Voyager\voyager1\mag\48s\reviewed_vim\2012\voyager1_48s_mag-vim_20120101_v01.cdf,C:\Users\Administrator\Documents\FWD_matlab\Voyager_fu\Voyager_Interstellar_Monthly\HighestPrecision_Segments\V1_MAG48s_segment_0156_20121119T173544_20121119T183230.png,ok,
1,157,2012-11-20 22:38:55,2012-11-21 01:58:07,3.31991999993218,247,47.52,192.672,7200,240,Z:\SPART-WORK\Data\Voyager\voyager1\mag\48s\reviewed_vim\2012\voyager1_48s_mag-vim_20120101_v01.cdf,C:\Users\Administrator\Documents\FWD_matlab\Voyager_fu\Voyager_Interstellar_Monthly\HighestPrecision_Segments\V1_MAG48s_segment_0157_20121120T223855_20121121T015807.png,ok,
1,158,2012-11-21 22:05:20,2012-11-22 01:56:32,3.8532,290,47.52,50.112,7200,240,Z:\SPART-WORK\Data\Voyager\voyager1\mag\48s\reviewed_vim\2012\voyager1_48s_mag-vim_20120101_v01.cdf,C:\Users\Administrator\Documents\FWD_matlab\Voyager_fu\Voyager_Interstellar_Monthly\HighestPrecision_Segments\V1_MAG48s_segment_0158_20121121T220520_20121122T015632.png,ok,
1,159,2012-11-22 14:06:07,2012-11-22 18:34:08,4.46688,336,47.52,50.112,7200,240,Z:\SPART-WORK\Data\Voyager\voyager1\mag\48s\reviewed_vim\2012\voyager1_48s_mag-vim_20120101_v01.cdf,C:\Users\Administrator\Documents\FWD_matlab\Voyager_fu\Voyager_Interstellar_Monthly\HighestPrecision_Segments\V1_MAG48s_segment_0159_20121122T140607_20121122T183408.png,ok,
1,160,2012-11-23 14:05:20,2012-11-23 18:17:18,4.19952,314,47.52,142.56,7200,240,Z:\SPART-WORK\Data\Voyager\voyager1\mag\48s\reviewed_vim\2012\voyager1_48s_mag-vim_20120101_v01.cdf,C:\Users\Administrator\Documents\FWD_matlab\Voyager_fu\Voyager_Interstellar_Monthly\HighestPrecision_Segments\V1_MAG48s_segment_0160_20121123T140520_20121123T181718.png,ok,
1,161,2012-11-24 14:02:07,2012-11-24 16:26:55,2.4132,182,47.52,50.112,7200,240,Z:\SPART-WORK\Data\Voyager\voyager1\mag\48s\reviewed_vim\2012\voyager1_48s_mag-vim_20120101_v01.cdf,C:\Users\Administrator\Documents\FWD_matlab\Voyager_fu\Voyager_Interstellar_Monthly\HighestPrecision_Segments\V1_MAG48s_segment_0161_20121124T140207_20121124T162655.png,ok,
1,162,2012-11-24 21:46:08,2012-11-25 01:46:55,4.01304027777778,302,47.52,50.112,7200,240,Z:\SPART-WORK\Data\Voyager\voyager1\mag\48s\reviewed_vim\2012\voyager1_48s_mag-vim_20120101_v01.cdf,C:\Users\Administrator\Documents\FWD_matlab\Voyager_fu\Voyager_Interstellar_Monthly\HighestPrecision_Segments\V1_MAG48s_segment_0162_20121124T214608_20121125T014655.png,ok,
1,163,2012-11-25 21:30:09,2012-11-26 02:01:20,4.51967999993218,338,47.52,145.153,7200,240,Z:\SPART-WORK\Data\Voyager\voyager1\mag\48s\reviewed_vim\2012\voyager1_48s_mag-vim_20120101_v01.cdf,C:\Users\Administrator\Documents\FWD_matlab\Voyager_fu\Voyager_Interstellar_Monthly\HighestPrecision_Segments\V1_MAG48s_segment_0163_20121125T213009_20121126T020120.png,ok,
1,164,2012-11-26 23:46:07,2012-11-27 03:36:31,3.83999972229004,102,50.112,5470.849,7200,240,Z:\SPART-WORK\Data\Voyager\voyager1\mag\48s\reviewed_vim\2012\voyager1_48s_mag-vim_20120101_v01.cdf,C:\Users\Administrator\Documents\FWD_matlab\Voyager_fu\Voyager_Interstellar_Monthly\HighestPrecision_Segments\V1_MAG48s_segment_0164_20121126T234607_20121127T033631.png,ok,
1,165,2012-11-27 22:10:08,2012-11-28 01:34:55,3.41304,254,47.52,192.672,7200,240,Z:\SPART-WORK\Data\Voyager\voyager1\mag\48s\reviewed_vim\2012\voyager1_48s_mag-vim_20120101_v01.cdf,C:\Users\Administrator\Documents\FWD_matlab\Voyager_fu\Voyager_Interstellar_Monthly\HighestPrecision_Segments\V1_MAG48s_segment_0165_20121127T221008_20121128T013455.png,ok,
1,166,2012-11-29 02:21:19,2012-11-29 02:26:07,0.07992,6,47.521,95.041,7200,240,Z:\SPART-WORK\Data\Voyager\voyager1\mag\48s\reviewed_vim\2012\voyager1_48s_mag-vim_20120101_v01.cdf,C:\Users\Administrator\Documents\FWD_matlab\Voyager_fu\Voyager_Interstellar_Monthly\HighestPrecision_Segments\V1_MAG48s_segment_0166_20121129T022119_20121129T022607.png,ok,
1,167,2012-11-29 14:03:45,2012-11-29 17:58:09,3.90671999993218,293,47.52,95.0409997558594,7200,240,Z:\SPART-WORK\Data\Voyager\voyager1\mag\48s\reviewed_vim\2012\voyager1_48s_mag-vim_20120101_v01.cdf,C:\Users\Administrator\Documents\FWD_matlab\Voyager_fu\Voyager_Interstellar_Monthly\HighestPrecision_Segments\V1_MAG48s_segment_0167_20121129T140345_20121129T175809.png,ok,
1,168,2012-11-30 21:12:31,2012-12-01 01:21:20,4.14696,309,47.52,191.807,7200,240,Z:\SPART-WORK\Data\Voyager\voyager1\mag\48s\reviewed_vim\2012\voyager1_48s_mag-vim_20120101_v01.cdf,C:\Users\Administrator\Documents\FWD_matlab\Voyager_fu\Voyager_Interstellar_Monthly\HighestPrecision_Segments\V1_MAG48s_segment_0168_20121130T211231_20121201T012120.png,ok,
1,169,2012-12-01 13:30:07,2012-12-01 17:46:09,4.26719972229004,321,47.52,50.112,7200,240,Z:\SPART-WORK\Data\Voyager\voyager1\mag\48s\reviewed_vim\2012\voyager1_48s_mag-vim_20120101_v01.cdf,C:\Users\Administrator\Documents\FWD_matlab\Voyager_fu\Voyager_Interstellar_Monthly\HighestPrecision_Segments\V1_MAG48s_segment_0169_20121201T133007_20121201T174609.png,ok,
1,170,2012-12-02 22:26:07,2012-12-03 01:11:42,2.75976,207,47.52,97.632,7200,240,Z:\SPART-WORK\Data\Voyager\voyager1\mag\48s\reviewed_vim\2012\voyager1_48s_mag-vim_20120101_v01.cdf,C:\Users\Administrator\Documents\FWD_matlab\Voyager_fu\Voyager_Interstellar_Monthly\HighestPrecision_Segments\V1_MAG48s_segment_0170_20121202T222607_20121203T011142.png,ok,
1,171,2012-12-03 07:14:07,2012-12-03 08:37:19,1.38647972222222,104,47.52,95.039,7200,240,Z:\SPART-WORK\Data\Voyager\voyager1\mag\48s\reviewed_vim\2012\voyager1_48s_mag-vim_20120101_v01.cdf,C:\Users\Administrator\Documents\FWD_matlab\Voyager_fu\Voyager_Interstellar_Monthly\HighestPrecision_Segments\V1_MAG48s_segment_0171_20121203T071407_20121203T083719.png,ok,
1,172,2012-12-03 13:44:32,2012-12-03 17:36:31,3.86639972229004,290,47.52,95.0390002441406,7200,240,Z:\SPART-WORK\Data\Voyager\voyager1\mag\48s\reviewed_vim\2012\voyager1_48s_mag-vim_20120101_v01.cdf,C:\Users\Administrator\Documents\FWD_matlab\Voyager_fu\Voyager_Interstellar_Monthly\HighestPrecision_Segments\V1_MAG48s_segment_0172_20121203T134432_20121203T173631.png,ok,
1,173,2012-12-04 23:29:19,2012-12-04 23:54:56,0.426959722290039,27,47.5209997558594,239.327999755859,7200,240,Z:\SPART-WORK\Data\Voyager\voyager1\mag\48s\reviewed_vim\2012\voyager1_48s_mag-vim_20120101_v01.cdf,C:\Users\Administrator\Documents\FWD_matlab\Voyager_fu\Voyager_Interstellar_Monthly\HighestPrecision_Segments\V1_MAG48s_segment_0173_20121204T232919_20121204T235456.png,ok,
1,174,2012-12-05 02:38:56,2012-12-05 04:10:56,1.53312,116,47.52,50.112,7200,240,Z:\SPART-WORK\Data\Voyager\voyager1\mag\48s\reviewed_vim\2012\voyager1_48s_mag-vim_20120101_v01.cdf,C:\Users\Administrator\Documents\FWD_matlab\Voyager_fu\Voyager_Interstellar_Monthly\HighestPrecision_Segments\V1_MAG48s_segment_0174_20121205T023856_20121205T041056.png,ok,
1,175,2012-12-05 13:22:08,2012-12-05 16:26:55,3.07968027777778,231,47.52,97.633,7200,240,Z:\SPART-WORK\Data\Voyager\voyager1\mag\48s\reviewed_vim\2012\voyager1_48s_mag-vim_20120101_v01.cdf,C:\Users\Administrator\Documents\FWD_matlab\Voyager_fu\Voyager_Interstellar_Monthly\HighestPrecision_Segments\V1_MAG48s_segment_0175_20121205T132208_20121205T162655.png,ok,
1,176,2012-12-05 22:46:55,2012-12-06 05:20:32,6.56039972229004,389,47.52,4078.945,7200,240,Z:\SPART-WORK\Data\Voyager\voyager1\mag\48s\reviewed_vim\2012\voyager1_48s_mag-vim_20120101_v01.cdf,C:\Users\Administrator\Documents\FWD_matlab\Voyager_fu\Voyager_Interstellar_Monthly\HighestPrecision_Segments\V1_MAG48s_segment_0176_20121205T224655_20121206T052032.png,ok,
1,177,2012-12-06 13:25:20,2012-12-06 17:25:19,3.99959972222222,286,47.52,385.343,7200,240,Z:\SPART-WORK\Data\Voyager\voyager1\mag\48s\reviewed_vim\2012\voyager1_48s_mag-vim_20120101_v01.cdf,C:\Users\Administrator\Documents\FWD_matlab\Voyager_fu\Voyager_Interstellar_Monthly\HighestPrecision_Segments\V1_MAG48s_segment_0177_20121206T132520_20121206T172519.png,ok,
1,178,2012-12-07 20:56:31,2012-12-08 00:46:08,3.82679972222222,285,47.52,190.081,7200,240,Z:\SPART-WORK\Data\Voyager\voyager1\mag\48s\reviewed_vim\2012\voyager1_48s_mag-vim_20120101_v01.cdf,C:\Users\Administrator\Documents\FWD_matlab\Voyager_fu\Voyager_Interstellar_Monthly\HighestPrecision_Segments\V1_MAG48s_segment_0178_20121207T205631_20121208T004608.png,ok,
1,179,2012-12-08 13:18:55,2012-12-08 17:22:06,4.05311999993218,304,47.52,97.6329997558594,7200,240,Z:\SPART-WORK\Data\Voyager\voyager1\mag\48s\reviewed_vim\2012\voyager1_48s_mag-vim_20120101_v01.cdf,C:\Users\Administrator\Documents\FWD_matlab\Voyager_fu\Voyager_Interstellar_Monthly\HighestPrecision_Segments\V1_MAG48s_segment_0179_20121208T131855_20121208T172206.png,ok,
1,180,2012-12-09 13:12:32,2012-12-09 17:30:57,4.30679972222222,321,47.52,192.672,7200,240,Z:\SPART-WORK\Data\Voyager\voyager1\mag\48s\reviewed_vim\2012\voyager1_48s_mag-vim_20120101_v01.cdf,C:\Users\Administrator\Documents\FWD_matlab\Voyager_fu\Voyager_Interstellar_Monthly\HighestPrecision_Segments\V1_MAG48s_segment_0180_20121209T131232_20121209T173057.png,ok,
1,181,2012-12-09 21:06:08,2012-12-09 23:41:19,2.58624,192,47.52,192.672,7200,240,Z:\SPART-WORK\Data\Voyager\voyager1\mag\48s\reviewed_vim\2012\voyager1_48s_mag-vim_20120101_v01.cdf,C:\Users\Administrator\Documents\FWD_matlab\Voyager_fu\Voyager_Interstellar_Monthly\HighestPrecision_Segments\V1_MAG48s_segment_0181_20121209T210608_20121209T234119.png,ok,
1,182,2012-12-10 13:15:42,2012-12-10 15:10:09,1.90728,141,47.52,192.672,7200,240,Z:\SPART-WORK\Data\Voyager\voyager1\mag\48s\reviewed_vim\2012\voyager1_48s_mag-vim_20120101_v01.cdf,C:\Users\Administrator\Documents\FWD_matlab\Voyager_fu\Voyager_Interstellar_Monthly\HighestPrecision_Segments\V1_MAG48s_segment_0182_20121210T131542_20121210T151009.png,ok,
1,183,2012-12-11 04:56:32,2012-12-11 08:05:20,3.14664,228,47.52,337.824,7200,240,Z:\SPART-WORK\Data\Voyager\voyager1\mag\48s\reviewed_vim\2012\voyager1_48s_mag-vim_20120101_v01.cdf,C:\Users\Administrator\Documents\FWD_matlab\Voyager_fu\Voyager_Interstellar_Monthly\HighestPrecision_Segments\V1_MAG48s_segment_0183_20121211T045632_20121211T080520.png,ok,
1,184,2012-12-11 13:04:33,2012-12-11 15:06:08,2.02656027777778,151,47.5200001220703,142.56,7200,240,Z:\SPART-WORK\Data\Voyager\voyager1\mag\48s\reviewed_vim\2012\voyager1_48s_mag-vim_20120101_v01.cdf,C:\Users\Administrator\Documents\FWD_matlab\Voyager_fu\Voyager_Interstellar_Monthly\HighestPrecision_Segments\V1_MAG48s_segment_0184_20121211T130433_20121211T150608.png,ok,
1,185,2012-12-11 21:39:43,2012-12-11 23:37:19,1.95984,148,47.52,50.112,7200,240,Z:\SPART-WORK\Data\Voyager\voyager1\mag\48s\reviewed_vim\2012\voyager1_48s_mag-vim_20120101_v01.cdf,C:\Users\Administrator\Documents\FWD_matlab\Voyager_fu\Voyager_Interstellar_Monthly\HighestPrecision_Segments\V1_MAG48s_segment_0185_20121211T213943_20121211T233719.png,ok,
1,186,2012-12-12 20:21:19,2012-12-13 00:30:09,4.14719972229004,304,47.52,385.343000244141,7200,240,Z:\SPART-WORK\Data\Voyager\voyager1\mag\48s\reviewed_vim\2012\voyager1_48s_mag-vim_20120101_v01.cdf,C:\Users\Administrator\Documents\FWD_matlab\Voyager_fu\Voyager_Interstellar_Monthly\HighestPrecision_Segments\V1_MAG48s_segment_0186_20121212T202119_20121213T003009.png,ok,
1,187,2012-12-13 12:58:55,2012-12-13 15:34:56,2.60016,196,47.52,50.112,7200,240,Z:\SPART-WORK\Data\Voyager\voyager1\mag\48s\reviewed_vim\2012\voyager1_48s_mag-vim_20120101_v01.cdf,C:\Users\Administrator\Documents\FWD_matlab\Voyager_fu\Voyager_Interstellar_Monthly\HighestPrecision_Segments\V1_MAG48s_segment_0187_20121213T125855_20121213T153456.png,ok,
1,188,2012-12-13 21:26:56,2012-12-13 23:26:07,1.98624027777778,150,47.52,50.112,7200,240,Z:\SPART-WORK\Data\Voyager\voyager1\mag\48s\reviewed_vim\2012\voyager1_48s_mag-vim_20120101_v01.cdf,C:\Users\Administrator\Documents\FWD_matlab\Voyager_fu\Voyager_Interstellar_Monthly\HighestPrecision_Segments\V1_MAG48s_segment_0188_20121213T212656_20121213T232607.png,ok,
1,189,2012-12-14 12:51:43,2012-12-14 17:05:20,4.22688027777778,310,47.52,240.193,7200,240,Z:\SPART-WORK\Data\Voyager\voyager1\mag\48s\reviewed_vim\2012\voyager1_48s_mag-vim_20120101_v01.cdf,C:\Users\Administrator\Documents\FWD_matlab\Voyager_fu\Voyager_Interstellar_Monthly\HighestPrecision_Segments\V1_MAG48s_segment_0189_20121214T125143_20121214T170520.png,ok,
1,190,2012-12-14 20:26:07,2012-12-15 00:05:18,3.65328,275,47.52,50.112,7200,240,Z:\SPART-WORK\Data\Voyager\voyager1\mag\48s\reviewed_vim\2012\voyager1_48s_mag-vim_20120101_v01.cdf,C:\Users\Administrator\Documents\FWD_matlab\Voyager_fu\Voyager_Interstellar_Monthly\HighestPrecision_Segments\V1_MAG48s_segment_0190_20121214T202607_20121215T000518.png,ok,
1,191,2012-12-15 12:48:30,2012-12-15 16:50:55,4.04016,302,47.52,142.56,7200,240,Z:\SPART-WORK\Data\Voyager\voyager1\mag\48s\reviewed_vim\2012\voyager1_48s_mag-vim_20120101_v01.cdf,C:\Users\Administrator\Documents\FWD_matlab\Voyager_fu\Voyager_Interstellar_Monthly\HighestPrecision_Segments\V1_MAG48s_segment_0191_20121215T124830_20121215T165055.png,ok,
1,192,2012-12-15 20:21:19,2012-12-16 00:42:08,4.34711972222222,326,47.52,97.631,7200,240,Z:\SPART-WORK\Data\Voyager\voyager1\mag\48s\reviewed_vim\2012\voyager1_48s_mag-vim_20120101_v01.cdf,C:\Users\Administrator\Documents\FWD_matlab\Voyager_fu\Voyager_Interstellar_Monthly\HighestPrecision_Segments\V1_MAG48s_segment_0192_20121215T202119_20121216T004208.png,ok,
1,193,2012-12-16 13:33:20,2012-12-16 15:59:43,2.43960027777778,181,47.52,96.7679997558594,7200,240,Z:\SPART-WORK\Data\Voyager\voyager1\mag\48s\reviewed_vim\2012\voyager1_48s_mag-vim_20120101_v01.cdf,C:\Users\Administrator\Documents\FWD_matlab\Voyager_fu\Voyager_Interstellar_Monthly\HighestPrecision_Segments\V1_MAG48s_segment_0193_20121216T133320_20121216T155943.png,ok,
1,194,2012-12-16 20:35:44,2012-12-17 00:50:08,4.24008,317,47.52,145.152999755859,7200,240,Z:\SPART-WORK\Data\Voyager\voyager1\mag\48s\reviewed_vim\2012\voyager1_48s_mag-vim_20120101_v01.cdf,C:\Users\Administrator\Documents\FWD_matlab\Voyager_fu\Voyager_Interstellar_Monthly\HighestPrecision_Segments\V1_MAG48s_segment_0194_20121216T203544_20121217T005008.png,ok,
1,195,2012-12-17 12:42:08,2012-12-17 17:01:20,4.31976,325,47.52,50.112,7200,240,Z:\SPART-WORK\Data\Voyager\voyager1\mag\48s\reviewed_vim\2012\voyager1_48s_mag-vim_20120101_v01.cdf,C:\Users\Administrator\Documents\FWD_matlab\Voyager_fu\Voyager_Interstellar_Monthly\HighestPrecision_Segments\V1_MAG48s_segment_0195_20121217T124208_20121217T170120.png,ok,
1,196,2012-12-17 20:08:32,2012-12-17 22:34:55,2.43984,181,47.52,192.671999755859,7200,240,Z:\SPART-WORK\Data\Voyager\voyager1\mag\48s\reviewed_vim\2012\voyager1_48s_mag-vim_20120101_v01.cdf,C:\Users\Administrator\Documents\FWD_matlab\Voyager_fu\Voyager_Interstellar_Monthly\HighestPrecision_Segments\V1_MAG48s_segment_0196_20121217T200832_20121217T223455.png,ok,
1,197,2012-12-18 12:27:44,2012-12-18 16:41:19,4.22664027777778,315,47.52,189.216,7200,240,Z:\SPART-WORK\Data\Voyager\voyager1\mag\48s\reviewed_vim\2012\voyager1_48s_mag-vim_20120101_v01.cdf,C:\Users\Administrator\Documents\FWD_matlab\Voyager_fu\Voyager_Interstellar_Monthly\HighestPrecision_Segments\V1_MAG48s_segment_0197_20121218T122744_20121218T164119.png,ok,
1,198,2012-12-18 21:07:43,2012-12-18 23:26:57,2.32032,175,47.52,50.112,7200,240,Z:\SPART-WORK\Data\Voyager\voyager1\mag\48s\reviewed_vim\2012\voyager1_48s_mag-vim_20120101_v01.cdf,C:\Users\Administrator\Documents\FWD_matlab\Voyager_fu\Voyager_Interstellar_Monthly\HighestPrecision_Segments\V1_MAG48s_segment_0198_20121218T210743_20121218T232657.png,ok,
1,199,2012-12-19 12:32:30,2012-12-19 14:54:09,2.36064,176,47.52,142.56,7200,240,Z:\SPART-WORK\Data\Voyager\voyager1\mag\48s\reviewed_vim\2012\voyager1_48s_mag-vim_20120101_v01.cdf,C:\Users\Administrator\Documents\FWD_matlab\Voyager_fu\Voyager_Interstellar_Monthly\HighestPrecision_Segments\V1_MAG48s_segment_0199_20121219T123230_20121219T145409.png,ok,
1,200,2012-12-19 21:09:19,2012-12-19 23:04:32,1.92048027777778,139,47.5200001220703,189.216,7200,240,Z:\SPART-WORK\Data\Voyager\voyager1\mag\48s\reviewed_vim\2012\voyager1_48s_mag-vim_20120101_v01.cdf,C:\Users\Administrator\Documents\FWD_matlab\Voyager_fu\Voyager_Interstellar_Monthly\HighestPrecision_Segments\V1_MAG48s_segment_0200_20121219T210919_20121219T230432.png,ok,
1,201,2012-12-20 12:16:31,2012-12-20 17:30:07,5.22672,393,47.52,50.112,7200,240,Z:\SPART-WORK\Data\Voyager\voyager1\mag\48s\reviewed_vim\2012\voyager1_48s_mag-vim_20120101_v01.cdf,C:\Users\Administrator\Documents\FWD_matlab\Voyager_fu\Voyager_Interstellar_Monthly\HighestPrecision_Segments\V1_MAG48s_segment_0201_20121220T121631_20121220T173007.png,ok,
1,202,2012-12-21 20:05:20,2012-12-22 00:01:19,3.93312,295,47.52,97.631,7200,240,Z:\SPART-WORK\Data\Voyager\voyager1\mag\48s\reviewed_vim\2012\voyager1_48s_mag-vim_20120101_v01.cdf,C:\Users\Administrator\Documents\FWD_matlab\Voyager_fu\Voyager_Interstellar_Monthly\HighestPrecision_Segments\V1_MAG48s_segment_0202_20121221T200520_20121222T000119.png,ok,
1,203,2012-12-22 12:19:43,2012-12-22 18:14:56,5.92031999993218,445,47.52,50.112,7200,240,Z:\SPART-WORK\Data\Voyager\voyager1\mag\48s\reviewed_vim\2012\voyager1_48s_mag-vim_20120101_v01.cdf,C:\Users\Administrator\Documents\FWD_matlab\Voyager_fu\Voyager_Interstellar_Monthly\HighestPrecision_Segments\V1_MAG48s_segment_0203_20121222T121943_20121222T181456.png,ok,
1,204,2012-12-23 02:27:44,2012-12-23 05:09:19,2.69304,201,47.52,145.151,7200,240,Z:\SPART-WORK\Data\Voyager\voyager1\mag\48s\reviewed_vim\2012\voyager1_48s_mag-vim_20120101_v01.cdf,C:\Users\Administrator\Documents\FWD_matlab\Voyager_fu\Voyager_Interstellar_Monthly\HighestPrecision_Segments\V1_MAG48s_segment_0204_20121223T022744_20121223T050919.png,ok,
1,205,2012-12-23 19:50:55,2012-12-24 00:01:19,4.17336027777778,309,47.52,239.328,7200,240,Z:\SPART-WORK\Data\Voyager\voyager1\mag\48s\reviewed_vim\2012\voyager1_48s_mag-vim_20120101_v01.cdf,C:\Users\Administrator\Documents\FWD_matlab\Voyager_fu\Voyager_Interstellar_Monthly\HighestPrecision_Segments\V1_MAG48s_segment_0205_20121223T195055_20121224T000119.png,ok,
1,206,2012-12-24 12:16:31,2012-12-24 23:04:32,10.8004802777778,695,47.52,5376.67299975586,7200,240,Z:\SPART-WORK\Data\Voyager\voyager1\mag\48s\reviewed_vim\2012\voyager1_48s_mag-vim_20120101_v01.cdf,C:\Users\Administrator\Documents\FWD_matlab\Voyager_fu\Voyager_Interstellar_Monthly\HighestPrecision_Segments\V1_MAG48s_segment_0206_20121224T121631_20121224T230432.png,ok,
1,207,2012-12-25 12:08:31,2012-12-25 15:22:56,3.24024,238,47.52,192.672,7200,240,Z:\SPART-WORK\Data\Voyager\voyager1\mag\48s\reviewed_vim\2012\voyager1_48s_mag-vim_20120101_v01.cdf,C:\Users\Administrator\Documents\FWD_matlab\Voyager_fu\Voyager_Interstellar_Monthly\HighestPrecision_Segments\V1_MAG48s_segment_0207_20121225T120831_20121225T152256.png,ok,
1,208,2012-12-26 12:05:18,2012-12-26 13:34:55,1.49352,110,47.52,192.672,7200,240,Z:\SPART-WORK\Data\Voyager\voyager1\mag\48s\reviewed_vim\2012\voyager1_48s_mag-vim_20120101_v01.cdf,C:\Users\Administrator\Documents\FWD_matlab\Voyager_fu\Voyager_Interstellar_Monthly\HighestPrecision_Segments\V1_MAG48s_segment_0208_20121226T120518_20121226T133455.png,ok,
1,209,2012-12-26 19:41:19,2012-12-26 22:36:33,2.92031972222222,218,47.52,145.152,7200,240,Z:\SPART-WORK\Data\Voyager\voyager1\mag\48s\reviewed_vim\2012\voyager1_48s_mag-vim_20120101_v01.cdf,C:\Users\Administrator\Documents\FWD_matlab\Voyager_fu\Voyager_Interstellar_Monthly\HighestPrecision_Segments\V1_MAG48s_segment_0209_20121226T194119_20121226T223633.png,ok,
1,210,2012-12-27 12:00:31,2012-12-27 16:40:32,4.6668,349,47.52,144.287,7200,240,Z:\SPART-WORK\Data\Voyager\voyager1\mag\48s\reviewed_vim\2012\voyager1_48s_mag-vim_20120101_v01.cdf,C:\Users\Administrator\Documents\FWD_matlab\Voyager_fu\Voyager_Interstellar_Monthly\HighestPrecision_Segments\V1_MAG48s_segment_0210_20121227T120031_20121227T164032.png,ok,
1,211,2012-12-27 19:41:19,2012-12-27 22:34:55,2.8932,218,47.52,50.1120002441406,7200,240,Z:\SPART-WORK\Data\Voyager\voyager1\mag\48s\reviewed_vim\2012\voyager1_48s_mag-vim_20120101_v01.cdf,C:\Users\Administrator\Documents\FWD_matlab\Voyager_fu\Voyager_Interstellar_Monthly\HighestPrecision_Segments\V1_MAG48s_segment_0211_20121227T194119_20121227T223455.png,ok,
1,212,2012-12-28 11:47:44,2012-12-28 15:59:43,4.19952027770996,303,47.52,527.04,7200,240,Z:\SPART-WORK\Data\Voyager\voyager1\mag\48s\reviewed_vim\2012\voyager1_48s_mag-vim_20120101_v01.cdf,C:\Users\Administrator\Documents\FWD_matlab\Voyager_fu\Voyager_Interstellar_Monthly\HighestPrecision_Segments\V1_MAG48s_segment_0212_20121228T114744_20121228T155943.png,ok,
1,213,2012-12-28 19:22:08,2012-12-28 23:29:19,4.11984027777778,308,47.52,145.152,7200,240,Z:\SPART-WORK\Data\Voyager\voyager1\mag\48s\reviewed_vim\2012\voyager1_48s_mag-vim_20120101_v01.cdf,C:\Users\Administrator\Documents\FWD_matlab\Voyager_fu\Voyager_Interstellar_Monthly\HighestPrecision_Segments\V1_MAG48s_segment_0213_20121228T192208_20121228T232919.png,ok,
1,214,2012-12-29 12:05:18,2012-12-29 13:54:54,1.82663972222222,135,47.52,192.672,7200,240,Z:\SPART-WORK\Data\Voyager\voyager1\mag\48s\reviewed_vim\2012\voyager1_48s_mag-vim_20120101_v01.cdf,C:\Users\Administrator\Documents\FWD_matlab\Voyager_fu\Voyager_Interstellar_Monthly\HighestPrecision_Segments\V1_MAG48s_segment_0214_20121229T120518_20121229T135454.png,ok,
1,215,2012-12-29 19:30:07,2012-12-29 23:29:19,3.98664,299,47.52,95.04,7200,240,Z:\SPART-WORK\Data\Voyager\voyager1\mag\48s\reviewed_vim\2012\voyager1_48s_mag-vim_20120101_v01.cdf,C:\Users\Administrator\Documents\FWD_matlab\Voyager_fu\Voyager_Interstellar_Monthly\HighestPrecision_Segments\V1_MAG48s_segment_0215_20121229T193007_20121229T232919.png,ok,
1,216,2012-12-30 12:54:56,2012-12-30 14:39:44,1.74671999993218,130,47.52,144.287,7200,240,Z:\SPART-WORK\Data\Voyager\voyager1\mag\48s\reviewed_vim\2012\voyager1_48s_mag-vim_20120101_v01.cdf,C:\Users\Administrator\Documents\FWD_matlab\Voyager_fu\Voyager_Interstellar_Monthly\HighestPrecision_Segments\V1_MAG48s_segment_0216_20121230T125456_20121230T143944.png,ok,
1,217,2012-12-30 19:15:42,2012-12-30 23:25:19,4.16016,313,47.52,50.1120002441406,7200,240,Z:\SPART-WORK\Data\Voyager\voyager1\mag\48s\reviewed_vim\2012\voyager1_48s_mag-vim_20120101_v01.cdf,C:\Users\Administrator\Documents\FWD_matlab\Voyager_fu\Voyager_Interstellar_Monthly\HighestPrecision_Segments\V1_MAG48s_segment_0217_20121230T191542_20121230T232519.png,ok,
1,218,2013-01-01 00:00:32,2013-01-01 01:54:57,1.9068,144,48.383,48.385,7200,240,Z:\SPART-WORK\Data\Voyager\voyager1\mag\48s\reviewed_vim\2013\voyager1_48s_mag-vim_20130101_v01.cdf,C:\Users\Administrator\Documents\FWD_matlab\Voyager_fu\Voyager_Interstellar_Monthly\HighestPrecision_Segments\V1_MAG48s_segment_0218_20130101T000032_20130101T015457.png,ok,
1,219,2013-01-01 11:41:21,2013-01-01 15:39:44,3.9732,297,48.383,144.288,7200,240,Z:\SPART-WORK\Data\Voyager\voyager1\mag\48s\reviewed_vim\2013\voyager1_48s_mag-vim_20130101_v01.cdf,C:\Users\Administrator\Documents\FWD_matlab\Voyager_fu\Voyager_Interstellar_Monthly\HighestPrecision_Segments\V1_MAG48s_segment_0219_20130101T114121_20130101T153944.png,ok,
1,220,2013-01-01 19:14:08,2013-01-02 01:40:33,6.44016,362,48.383,5231.52,7200,240,Z:\SPART-WORK\Data\Voyager\voyager1\mag\48s\reviewed_vim\2013\voyager1_48s_mag-vim_20130101_v01.cdf,C:\Users\Administrator\Documents\FWD_matlab\Voyager_fu\Voyager_Interstellar_Monthly\HighestPrecision_Segments\V1_MAG48s_segment_0220_20130101T191408_20130102T014033.png,ok,
1,221,2013-01-02 11:36:33,2013-01-02 13:38:09,2.02656027777778,152,48.383,95.905,7200,240,Z:\SPART-WORK\Data\Voyager\voyager1\mag\48s\reviewed_vim\2013\voyager1_48s_mag-vim_20130101_v01.cdf,C:\Users\Administrator\Documents\FWD_matlab\Voyager_fu\Voyager_Interstellar_Monthly\HighestPrecision_Segments\V1_MAG48s_segment_0221_20130102T113633_20130102T133809.png,ok,
1,222,2013-01-02 19:12:32,2013-01-02 22:35:44,3.38664,255,48.383,48.385,7200,240,Z:\SPART-WORK\Data\Voyager\voyager1\mag\48s\reviewed_vim\2013\voyager1_48s_mag-vim_20130101_v01.cdf,C:\Users\Administrator\Documents\FWD_matlab\Voyager_fu\Voyager_Interstellar_Monthly\HighestPrecision_Segments\V1_MAG48s_segment_0222_20130102T191232_20130102T223544.png,ok,
1,223,2013-01-03 11:26:57,2013-01-03 16:06:09,4.65335972229004,347,48.383,191.808,7200,240,Z:\SPART-WORK\Data\Voyager\voyager1\mag\48s\reviewed_vim\2013\voyager1_48s_mag-vim_20130101_v01.cdf,C:\Users\Administrator\Documents\FWD_matlab\Voyager_fu\Voyager_Interstellar_Monthly\HighestPrecision_Segments\V1_MAG48s_segment_0223_20130103T112657_20130103T160609.png,ok,
1,224,2013-01-03 23:55:45,2013-01-04 02:04:32,2.14656,161,48.383,95.904,7200,240,Z:\SPART-WORK\Data\Voyager\voyager1\mag\48s\reviewed_vim\2013\voyager1_48s_mag-vim_20130101_v01.cdf,C:\Users\Administrator\Documents\FWD_matlab\Voyager_fu\Voyager_Interstellar_Monthly\HighestPrecision_Segments\V1_MAG48s_segment_0224_20130103T235545_20130104T020432.png,ok,
1,225,2013-01-04 12:43:44,2013-01-04 17:10:57,4.45343972229004,332,48.383,192.671999755859,7200,240,Z:\SPART-WORK\Data\Voyager\voyager1\mag\48s\reviewed_vim\2013\voyager1_48s_mag-vim_20130101_v01.cdf,C:\Users\Administrator\Documents\FWD_matlab\Voyager_fu\Voyager_Interstellar_Monthly\HighestPrecision_Segments\V1_MAG48s_segment_0225_20130104T124344_20130104T171057.png,ok,
1,226,2013-01-04 19:23:45,2013-01-04 23:29:20,4.0932,307,48.383,95.903,7200,240,Z:\SPART-WORK\Data\Voyager\voyager1\mag\48s\reviewed_vim\2013\voyager1_48s_mag-vim_20130101_v01.cdf,C:\Users\Administrator\Documents\FWD_matlab\Voyager_fu\Voyager_Interstellar_Monthly\HighestPrecision_Segments\V1_MAG48s_segment_0226_20130104T192345_20130104T232920.png,ok,
1,227,2013-01-05 11:17:20,2013-01-05 15:05:21,3.80016027777778,283,48.3830001220703,191.807,7200,240,Z:\SPART-WORK\Data\Voyager\voyager1\mag\48s\reviewed_vim\2013\voyager1_48s_mag-vim_20130101_v01.cdf,C:\Users\Administrator\Documents\FWD_matlab\Voyager_fu\Voyager_Interstellar_Monthly\HighestPrecision_Segments\V1_MAG48s_segment_0227_20130105T111720_20130105T150521.png,ok,
1,228,2013-01-05 19:07:45,2013-01-05 23:25:21,4.29336000006782,313,48.3830002441406,191.808,7200,240,Z:\SPART-WORK\Data\Voyager\voyager1\mag\48s\reviewed_vim\2013\voyager1_48s_mag-vim_20130101_v01.cdf,C:\Users\Administrator\Documents\FWD_matlab\Voyager_fu\Voyager_Interstellar_Monthly\HighestPrecision_Segments\V1_MAG48s_segment_0228_20130105T190745_20130105T232521.png,ok,
1,229,2013-01-06 11:30:08,2013-01-06 14:56:32,3.43992027777778,256,48.383,191.807000244141,7200,240,Z:\SPART-WORK\Data\Voyager\voyager1\mag\48s\reviewed_vim\2013\voyager1_48s_mag-vim_20130101_v01.cdf,C:\Users\Administrator\Documents\FWD_matlab\Voyager_fu\Voyager_Interstellar_Monthly\HighestPrecision_Segments\V1_MAG48s_segment_0229_20130106T113008_20130106T145632.png,ok,
1,230,2013-01-07 11:07:44,2013-01-07 13:44:32,2.61336027777778,196,48.383,96.769,7200,240,Z:\SPART-WORK\Data\Voyager\voyager1\mag\48s\reviewed_vim\2013\voyager1_48s_mag-vim_20130101_v01.cdf,C:\Users\Administrator\Documents\FWD_matlab\Voyager_fu\Voyager_Interstellar_Monthly\HighestPrecision_Segments\V1_MAG48s_segment_0230_20130107T110744_20130107T134432.png,ok,
1,231,2013-01-07 18:37:21,2013-01-07 22:34:08,3.94656,297,48.383,48.385,7200,240,Z:\SPART-WORK\Data\Voyager\voyager1\mag\48s\reviewed_vim\2013\voyager1_48s_mag-vim_20130101_v01.cdf,C:\Users\Administrator\Documents\FWD_matlab\Voyager_fu\Voyager_Interstellar_Monthly\HighestPrecision_Segments\V1_MAG48s_segment_0231_20130107T183721_20130107T223408.png,ok,
1,232,2013-01-08 11:02:56,2013-01-08 12:30:09,1.45343972229004,108,48.3839997558594,143.424,7200,240,Z:\SPART-WORK\Data\Voyager\voyager1\mag\48s\reviewed_vim\2013\voyager1_48s_mag-vim_20130101_v01.cdf,C:\Users\Administrator\Documents\FWD_matlab\Voyager_fu\Voyager_Interstellar_Monthly\HighestPrecision_Segments\V1_MAG48s_segment_0232_20130108T110256_20130108T123009.png,ok,
1,233,2013-01-08 18:54:57,2013-01-08 20:59:45,2.08008,156,48.3839997558594,95.905,7200,240,Z:\SPART-WORK\Data\Voyager\voyager1\mag\48s\reviewed_vim\2013\voyager1_48s_mag-vim_20130101_v01.cdf,C:\Users\Administrator\Documents\FWD_matlab\Voyager_fu\Voyager_Interstellar_Monthly\HighestPrecision_Segments\V1_MAG48s_segment_0233_20130108T185457_20130108T205945.png,ok,
1,234,2013-01-09 10:59:45,2013-01-09 14:03:45,3.06672027777778,230,48.3839997558594,95.903,7200,240,Z:\SPART-WORK\Data\Voyager\voyager1\mag\48s\reviewed_vim\2013\voyager1_48s_mag-vim_20130101_v01.cdf,C:\Users\Administrator\Documents\FWD_matlab\Voyager_fu\Voyager_Interstellar_Monthly\HighestPrecision_Segments\V1_MAG48s_segment_0234_20130109T105945_20130109T140345.png,ok,
1,235,2013-01-09 18:42:08,2013-01-09 20:54:56,2.21327972229004,166,48.3839997558594,95.903,7200,240,Z:\SPART-WORK\Data\Voyager\voyager1\mag\48s\reviewed_vim\2013\voyager1_48s_mag-vim_20130101_v01.cdf,C:\Users\Administrator\Documents\FWD_matlab\Voyager_fu\Voyager_Interstellar_Monthly\HighestPrecision_Segments\V1_MAG48s_segment_0235_20130109T184208_20130109T205456.png,ok,
1,236,2013-01-10 11:06:08,2013-01-10 13:38:56,2.54663972222222,192,48.3839997558594,48.385,7200,240,Z:\SPART-WORK\Data\Voyager\voyager1\mag\48s\reviewed_vim\2013\voyager1_48s_mag-vim_20130101_v01.cdf,C:\Users\Administrator\Documents\FWD_matlab\Voyager_fu\Voyager_Interstellar_Monthly\HighestPrecision_Segments\V1_MAG48s_segment_0236_20130110T110608_20130110T133856.png,ok,
1,237,2013-01-10 18:43:44,2013-01-10 20:52:32,2.14656027777778,160,48.3839997558594,143.424999755859,7200,240,Z:\SPART-WORK\Data\Voyager\voyager1\mag\48s\reviewed_vim\2013\voyager1_48s_mag-vim_20130101_v01.cdf,C:\Users\Administrator\Documents\FWD_matlab\Voyager_fu\Voyager_Interstellar_Monthly\HighestPrecision_Segments\V1_MAG48s_segment_0237_20130110T184344_20130110T205232.png,ok,
1,238,2013-01-11 11:04:32,2013-01-11 13:38:56,2.57327999993218,186,48.3839997558594,336.096,7200,240,Z:\SPART-WORK\Data\Voyager\voyager1\mag\48s\reviewed_vim\2013\voyager1_48s_mag-vim_20130101_v01.cdf,C:\Users\Administrator\Documents\FWD_matlab\Voyager_fu\Voyager_Interstellar_Monthly\HighestPrecision_Segments\V1_MAG48s_segment_0238_20130111T110432_20130111T133856.png,ok,
1,239,2013-01-11 18:24:33,2013-01-11 22:00:33,3.6,266,48.3839997558594,191.808,7200,240,Z:\SPART-WORK\Data\Voyager\voyager1\mag\48s\reviewed_vim\2013\voyager1_48s_mag-vim_20130101_v01.cdf,C:\Users\Administrator\Documents\FWD_matlab\Voyager_fu\Voyager_Interstellar_Monthly\HighestPrecision_Segments\V1_MAG48s_segment_0239_20130111T182433_20130111T220033.png,ok,
1,240,2013-01-12 11:14:09,2013-01-12 14:59:44,3.75984,280,48.3839997558594,191.808000244141,7200,240,Z:\SPART-WORK\Data\Voyager\voyager1\mag\48s\reviewed_vim\2013\voyager1_48s_mag-vim_20130101_v01.cdf,C:\Users\Administrator\Documents\FWD_matlab\Voyager_fu\Voyager_Interstellar_Monthly\HighestPrecision_Segments\V1_MAG48s_segment_0240_20130112T111409_20130112T145944.png,ok,
1,241,2013-01-13 11:15:44,2013-01-13 14:49:20,3.55992000006782,268,48.3839997558594,48.385,7200,240,Z:\SPART-WORK\Data\Voyager\voyager1\mag\48s\reviewed_vim\2013\voyager1_48s_mag-vim_20130101_v01.cdf,C:\Users\Administrator\Documents\FWD_matlab\Voyager_fu\Voyager_Interstellar_Monthly\HighestPrecision_Segments\V1_MAG48s_segment_0241_20130113T111544_20130113T144920.png,ok,
1,242,2013-01-13 18:35:44,2013-01-13 21:40:33,3.08015972222222,231,48.3839997558594,96.768,7200,240,Z:\SPART-WORK\Data\Voyager\voyager1\mag\48s\reviewed_vim\2013\voyager1_48s_mag-vim_20130101_v01.cdf,C:\Users\Administrator\Documents\FWD_matlab\Voyager_fu\Voyager_Interstellar_Monthly\HighestPrecision_Segments\V1_MAG48s_segment_0242_20130113T183544_20130113T214033.png,ok,
1,243,2013-01-14 10:37:20,2013-01-14 15:49:20,5.20007972222222,391,48.3839997558594,48.385,7200,240,Z:\SPART-WORK\Data\Voyager\voyager1\mag\48s\reviewed_vim\2013\voyager1_48s_mag-vim_20130101_v01.cdf,C:\Users\Administrator\Documents\FWD_matlab\Voyager_fu\Voyager_Interstellar_Monthly\HighestPrecision_Segments\V1_MAG48s_segment_0243_20130114T103720_20130114T154920.png,ok,
1,244,2013-01-14 19:22:09,2013-01-14 22:34:08,3.19991972222222,241,48.3839997558594,48.385,7200,240,Z:\SPART-WORK\Data\Voyager\voyager1\mag\48s\reviewed_vim\2013\voyager1_48s_mag-vim_20130101_v01.cdf,C:\Users\Administrator\Documents\FWD_matlab\Voyager_fu\Voyager_Interstellar_Monthly\HighestPrecision_Segments\V1_MAG48s_segment_0244_20130114T192209_20130114T223408.png,ok,
1,245,2013-01-15 10:37:20,2013-01-15 13:34:57,2.96015972229004,218,48.3839997558594,191.807999755859,7200,240,Z:\SPART-WORK\Data\Voyager\voyager1\mag\48s\reviewed_vim\2013\voyager1_48s_mag-vim_20130101_v01.cdf,C:\Users\Administrator\Documents\FWD_matlab\Voyager_fu\Voyager_Interstellar_Monthly\HighestPrecision_Segments\V1_MAG48s_segment_0245_20130115T103720_20130115T133457.png,ok,
1,246,2013-01-15 18:19:44,2013-01-15 22:34:57,4.25352000006782,312,48.3839997558594,240.191999755859,7200,240,Z:\SPART-WORK\Data\Voyager\voyager1\mag\48s\reviewed_vim\2013\voyager1_48s_mag-vim_20130101_v01.cdf,C:\Users\Administrator\Documents\FWD_matlab\Voyager_fu\Voyager_Interstellar_Monthly\HighestPrecision_Segments\V1_MAG48s_segment_0246_20130115T181944_20130115T223457.png,ok,
1,247,2013-01-16 10:40:32,2013-01-16 13:34:08,2.89344,218,48.3839997558594,48.385,7200,240,Z:\SPART-WORK\Data\Voyager\voyager1\mag\48s\reviewed_vim\2013\voyager1_48s_mag-vim_20130101_v01.cdf,C:\Users\Administrator\Documents\FWD_matlab\Voyager_fu\Voyager_Interstellar_Monthly\HighestPrecision_Segments\V1_MAG48s_segment_0247_20130116T104032_20130116T133408.png,ok,
1,248,2013-01-16 18:30:56,2013-01-16 22:35:44,4.08,307,48.3839997558594,48.385,7200,240,Z:\SPART-WORK\Data\Voyager\voyager1\mag\48s\reviewed_vim\2013\voyager1_48s_mag-vim_20130101_v01.cdf,C:\Users\Administrator\Documents\FWD_matlab\Voyager_fu\Voyager_Interstellar_Monthly\HighestPrecision_Segments\V1_MAG48s_segment_0248_20130116T183056_20130116T223544.png,ok,
1,249,2013-01-17 18:13:20,2013-01-17 22:15:44,4.03992,296,48.3839997558594,191.807000244141,7200,240,Z:\SPART-WORK\Data\Voyager\voyager1\mag\48s\reviewed_vim\2013\voyager1_48s_mag-vim_20130101_v01.cdf,C:\Users\Administrator\Documents\FWD_matlab\Voyager_fu\Voyager_Interstellar_Monthly\HighestPrecision_Segments\V1_MAG48s_segment_0249_20130117T181320_20130117T221544.png,ok,
1,250,2013-01-18 11:25:20,2013-01-18 15:09:20,3.73343972229004,281,48.3839997558594,48.385,7200,240,Z:\SPART-WORK\Data\Voyager\voyager1\mag\48s\reviewed_vim\2013\voyager1_48s_mag-vim_20130101_v01.cdf,C:\Users\Administrator\Documents\FWD_matlab\Voyager_fu\Voyager_Interstellar_Monthly\HighestPrecision_Segments\V1_MAG48s_segment_0250_20130118T112520_20130118T150920.png,ok,
1,251,2013-01-18 19:06:08,2013-01-18 22:39:44,3.56016,266,48.3839997558594,144.287999755859,7200,240,Z:\SPART-WORK\Data\Voyager\voyager1\mag\48s\reviewed_vim\2013\voyager1_48s_mag-vim_20130101_v01.cdf,C:\Users\Administrator\Documents\FWD_matlab\Voyager_fu\Voyager_Interstellar_Monthly\HighestPrecision_Segments\V1_MAG48s_segment_0251_20130118T190608_20130118T223944.png,ok,
1,252,2013-01-19 02:26:08,2013-01-19 04:50:08,2.4,178,48.3839997558594,191.808999755859,7200,240,Z:\SPART-WORK\Data\Voyager\voyager1\mag\48s\reviewed_vim\2013\voyager1_48s_mag-vim_20130101_v01.cdf,C:\Users\Administrator\Documents\FWD_matlab\Voyager_fu\Voyager_Interstellar_Monthly\HighestPrecision_Segments\V1_MAG48s_segment_0252_20130119T022608_20130119T045008.png,ok,
1,253,2013-01-19 10:45:21,2013-01-19 15:04:33,4.32,322,48.3839997558594,191.808000244141,7200,240,Z:\SPART-WORK\Data\Voyager\voyager1\mag\48s\reviewed_vim\2013\voyager1_48s_mag-vim_20130101_v01.cdf,C:\Users\Administrator\Documents\FWD_matlab\Voyager_fu\Voyager_Interstellar_Monthly\HighestPrecision_Segments\V1_MAG48s_segment_0253_20130119T104521_20130119T150433.png,ok,
1,254,2013-01-19 17:58:56,2013-01-19 23:34:56,5.59992027777778,418,48.3839997558594,144.289,7200,240,Z:\SPART-WORK\Data\Voyager\voyager1\mag\48s\reviewed_vim\2013\voyager1_48s_mag-vim_20130101_v01.cdf,C:\Users\Administrator\Documents\FWD_matlab\Voyager_fu\Voyager_Interstellar_Monthly\HighestPrecision_Segments\V1_MAG48s_segment_0254_20130119T175856_20130119T233456.png,ok,
1,255,2013-01-20 17:54:08,2013-01-20 21:49:20,3.92015972222222,294,48.3839997558594,96.768,7200,240,Z:\SPART-WORK\Data\Voyager\voyager1\mag\48s\reviewed_vim\2013\voyager1_48s_mag-vim_20130101_v01.cdf,C:\Users\Administrator\Documents\FWD_matlab\Voyager_fu\Voyager_Interstellar_Monthly\HighestPrecision_Segments\V1_MAG48s_segment_0255_20130120T175408_20130120T214920.png,ok,
1,256,2013-01-21 10:16:33,2013-01-21 13:34:08,3.29328027777778,222,48.3839997558594,1248.48,7200,240,Z:\SPART-WORK\Data\Voyager\voyager1\mag\48s\reviewed_vim\2013\voyager1_48s_mag-vim_20130101_v01.cdf,C:\Users\Administrator\Documents\FWD_matlab\Voyager_fu\Voyager_Interstellar_Monthly\HighestPrecision_Segments\V1_MAG48s_segment_0256_20130121T101633_20130121T133408.png,ok,
1,257,2013-01-21 19:04:32,2013-01-21 21:54:57,2.84016,211,48.3839997558594,191.808000244141,7200,240,Z:\SPART-WORK\Data\Voyager\voyager1\mag\48s\reviewed_vim\2013\voyager1_48s_mag-vim_20130101_v01.cdf,C:\Users\Administrator\Documents\FWD_matlab\Voyager_fu\Voyager_Interstellar_Monthly\HighestPrecision_Segments\V1_MAG48s_segment_0257_20130121T190432_20130121T215457.png,ok,
1,258,2013-01-22 10:21:20,2013-01-22 14:00:32,3.65327972222222,275,48.3839997558594,48.385,7200,240,Z:\SPART-WORK\Data\Voyager\voyager1\mag\48s\reviewed_vim\2013\voyager1_48s_mag-vim_20130101_v01.cdf,C:\Users\Administrator\Documents\FWD_matlab\Voyager_fu\Voyager_Interstellar_Monthly\HighestPrecision_Segments\V1_MAG48s_segment_0258_20130122T102120_20130122T140032.png,ok,
1,259,2013-01-22 17:58:56,2013-01-22 21:55:44,3.94656,293,48.3839997558594,144.289,7200,240,Z:\SPART-WORK\Data\Voyager\voyager1\mag\48s\reviewed_vim\2013\voyager1_48s_mag-vim_20130101_v01.cdf,C:\Users\Administrator\Documents\FWD_matlab\Voyager_fu\Voyager_Interstellar_Monthly\HighestPrecision_Segments\V1_MAG48s_segment_0259_20130122T175856_20130122T215544.png,ok,
1,260,2013-01-23 10:05:20,2013-01-23 13:34:56,3.4932,261,48.3839997558594,144.288000244141,7200,240,Z:\SPART-WORK\Data\Voyager\voyager1\mag\48s\reviewed_vim\2013\voyager1_48s_mag-vim_20130101_v01.cdf,C:\Users\Administrator\Documents\FWD_matlab\Voyager_fu\Voyager_Interstellar_Monthly\HighestPrecision_Segments\V1_MAG48s_segment_0260_20130123T100520_20130123T133456.png,ok,
1,261,2013-01-23 17:46:08,2013-01-23 22:35:44,4.82664027777778,335,48.384,576.287,7200,240,Z:\SPART-WORK\Data\Voyager\voyager1\mag\48s\reviewed_vim\2013\voyager1_48s_mag-vim_20130101_v01.cdf,C:\Users\Administrator\Documents\FWD_matlab\Voyager_fu\Voyager_Interstellar_Monthly\HighestPrecision_Segments\V1_MAG48s_segment_0261_20130123T174608_20130123T223544.png,ok,
1,262,2013-01-24 10:03:44,2013-01-24 14:56:32,4.87991972229004,364,48.3839997558594,191.807000244141,7200,240,Z:\SPART-WORK\Data\Voyager\voyager1\mag\48s\reviewed_vim\2013\voyager1_48s_mag-vim_20130101_v01.cdf,C:\Users\Administrator\Documents\FWD_matlab\Voyager_fu\Voyager_Interstellar_Monthly\HighestPrecision_Segments\V1_MAG48s_segment_0262_20130124T100344_20130124T145632.png,ok,
1,263,2013-01-24 17:34:56,2013-01-24 21:54:08,4.32,322,48.3839997558594,191.808,7200,240,Z:\SPART-WORK\Data\Voyager\voyager1\mag\48s\reviewed_vim\2013\voyager1_48s_mag-vim_20130101_v01.cdf,C:\Users\Administrator\Documents\FWD_matlab\Voyager_fu\Voyager_Interstellar_Monthly\HighestPrecision_Segments\V1_MAG48s_segment_0263_20130124T173456_20130124T215408.png,ok,
1,264,2013-01-25 10:00:32,2013-01-25 14:58:56,4.97351972222222,362,48.3839997558594,335.232000244141,7200,240,Z:\SPART-WORK\Data\Voyager\voyager1\mag\48s\reviewed_vim\2013\voyager1_48s_mag-vim_20130101_v01.cdf,C:\Users\Administrator\Documents\FWD_matlab\Voyager_fu\Voyager_Interstellar_Monthly\HighestPrecision_Segments\V1_MAG48s_segment_0264_20130125T100032_20130125T145856.png,ok,
1,265,2013-01-25 18:50:08,2013-01-25 22:09:20,3.31992000006782,250,48.3839997558594,48.385,7200,240,Z:\SPART-WORK\Data\Voyager\voyager1\mag\48s\reviewed_vim\2013\voyager1_48s_mag-vim_20130101_v01.cdf,C:\Users\Administrator\Documents\FWD_matlab\Voyager_fu\Voyager_Interstellar_Monthly\HighestPrecision_Segments\V1_MAG48s_segment_0265_20130125T185008_20130125T220920.png,ok,
1,266,2013-01-26 11:07:44,2013-01-26 12:49:20,1.69344,125,48.3839998779297,191.809,7200,240,Z:\SPART-WORK\Data\Voyager\voyager1\mag\48s\reviewed_vim\2013\voyager1_48s_mag-vim_20130101_v01.cdf,C:\Users\Administrator\Documents\FWD_matlab\Voyager_fu\Voyager_Interstellar_Monthly\HighestPrecision_Segments\V1_MAG48s_segment_0266_20130126T110744_20130126T124920.png,ok,
1,267,2013-01-26 17:36:32,2013-01-26 22:14:08,4.62672027777778,342,48.3839997558594,336.095,7200,240,Z:\SPART-WORK\Data\Voyager\voyager1\mag\48s\reviewed_vim\2013\voyager1_48s_mag-vim_20130101_v01.cdf,C:\Users\Administrator\Documents\FWD_matlab\Voyager_fu\Voyager_Interstellar_Monthly\HighestPrecision_Segments\V1_MAG48s_segment_0267_20130126T173632_20130126T221408.png,ok,
1,268,2013-01-27 09:54:08,2013-01-27 13:04:32,3.17328,238,48.3839997558594,95.903,7200,240,Z:\SPART-WORK\Data\Voyager\voyager1\mag\48s\reviewed_vim\2013\voyager1_48s_mag-vim_20130101_v01.cdf,C:\Users\Administrator\Documents\FWD_matlab\Voyager_fu\Voyager_Interstellar_Monthly\HighestPrecision_Segments\V1_MAG48s_segment_0268_20130127T095408_20130127T130432.png,ok,
1,269,2013-01-27 17:26:56,2013-01-27 22:05:20,4.64016027777778,349,48.3839997558594,48.385,7200,240,Z:\SPART-WORK\Data\Voyager\voyager1\mag\48s\reviewed_vim\2013\voyager1_48s_mag-vim_20130101_v01.cdf,C:\Users\Administrator\Documents\FWD_matlab\Voyager_fu\Voyager_Interstellar_Monthly\HighestPrecision_Segments\V1_MAG48s_segment_0269_20130127T172656_20130127T220520.png,ok,
1,270,2013-01-28 10:14:56,2013-01-28 12:34:08,2.32008,175,48.3839997558594,48.385,7200,240,Z:\SPART-WORK\Data\Voyager\voyager1\mag\48s\reviewed_vim\2013\voyager1_48s_mag-vim_20130101_v01.cdf,C:\Users\Administrator\Documents\FWD_matlab\Voyager_fu\Voyager_Interstellar_Monthly\HighestPrecision_Segments\V1_MAG48s_segment_0270_20130128T101456_20130128T123408.png,ok,
1,271,2013-01-28 18:30:56,2013-01-28 22:02:08,3.51984,263,48.3839997558594,143.425,7200,240,Z:\SPART-WORK\Data\Voyager\voyager1\mag\48s\reviewed_vim\2013\voyager1_48s_mag-vim_20130101_v01.cdf,C:\Users\Administrator\Documents\FWD_matlab\Voyager_fu\Voyager_Interstellar_Monthly\HighestPrecision_Segments\V1_MAG48s_segment_0271_20130128T183056_20130128T220208.png,ok,
1,272,2013-01-29 09:52:32,2013-01-29 12:34:08,2.69328,203,48.3839997558594,48.385,7200,240,Z:\SPART-WORK\Data\Voyager\voyager1\mag\48s\reviewed_vim\2013\voyager1_48s_mag-vim_20130101_v01.cdf,C:\Users\Administrator\Documents\FWD_matlab\Voyager_fu\Voyager_Interstellar_Monthly\HighestPrecision_Segments\V1_MAG48s_segment_0272_20130129T095232_20130129T123408.png,ok,
1,273,2013-01-29 20:27:44,2013-01-30 00:19:44,3.86663999993218,177,48.3839997558594,4992.193,7200,240,Z:\SPART-WORK\Data\Voyager\voyager1\mag\48s\reviewed_vim\2013\voyager1_48s_mag-vim_20130101_v01.cdf,C:\Users\Administrator\Documents\FWD_matlab\Voyager_fu\Voyager_Interstellar_Monthly\HighestPrecision_Segments\V1_MAG48s_segment_0273_20130129T202744_20130130T001944.png,ok,
1,274,2013-01-30 09:46:08,2013-01-30 13:34:08,3.80016027777778,286,48.3839997558594,48.385,7200,240,Z:\SPART-WORK\Data\Voyager\voyager1\mag\48s\reviewed_vim\2013\voyager1_48s_mag-vim_20130101_v01.cdf,C:\Users\Administrator\Documents\FWD_matlab\Voyager_fu\Voyager_Interstellar_Monthly\HighestPrecision_Segments\V1_MAG48s_segment_0274_20130130T094608_20130130T133408.png,ok,
1,275,2013-01-30 18:06:56,2013-01-30 21:18:56,3.19992000006782,237,48.384,191.809,7200,240,Z:\SPART-WORK\Data\Voyager\voyager1\mag\48s\reviewed_vim\2013\voyager1_48s_mag-vim_20130101_v01.cdf,C:\Users\Administrator\Documents\FWD_matlab\Voyager_fu\Voyager_Interstellar_Monthly\HighestPrecision_Segments\V1_MAG48s_segment_0275_20130130T180656_20130130T211856.png,ok,
1,276,2013-01-31 18:34:08,2013-01-31 20:09:20,1.58663972222222,118,48.384,143.423,7200,240,Z:\SPART-WORK\Data\Voyager\voyager1\mag\48s\reviewed_vim\2013\voyager1_48s_mag-vim_20130101_v01.cdf,C:\Users\Administrator\Documents\FWD_matlab\Voyager_fu\Voyager_Interstellar_Monthly\HighestPrecision_Segments\V1_MAG48s_segment_0276_20130131T183408_20130131T200920.png,ok,
1,277,2013-02-01 01:50:07,2013-02-01 03:04:32,1.24008000006782,94,48.384,48.3849997558594,7200,240,Z:\SPART-WORK\Data\Voyager\voyager1\mag\48s\reviewed_vim\2013\voyager1_48s_mag-vim_20130101_v01.cdf,C:\Users\Administrator\Documents\FWD_matlab\Voyager_fu\Voyager_Interstellar_Monthly\HighestPrecision_Segments\V1_MAG48s_segment_0277_20130201T015007_20130201T030432.png,ok,
1,278,2013-02-01 09:28:32,2013-02-01 13:50:07,4.35983972222222,313,48.384,239.328999755859,7200,240,Z:\SPART-WORK\Data\Voyager\voyager1\mag\48s\reviewed_vim\2013\voyager1_48s_mag-vim_20130101_v01.cdf,C:\Users\Administrator\Documents\FWD_matlab\Voyager_fu\Voyager_Interstellar_Monthly\HighestPrecision_Segments\V1_MAG48s_segment_0278_20130201T092832_20130201T135007.png,ok,
1,279,2013-02-01 18:14:56,2013-02-01 22:45:20,4.50648000006782,337,48.3839997558594,144.287000244141,7200,240,Z:\SPART-WORK\Data\Voyager\voyager1\mag\48s\reviewed_vim\2013\voyager1_48s_mag-vim_20130101_v01.cdf,C:\Users\Administrator\Documents\FWD_matlab\Voyager_fu\Voyager_Interstellar_Monthly\HighestPrecision_Segments\V1_MAG48s_segment_0279_20130201T181456_20130201T224520.png,ok,
1,280,2013-02-02 09:31:44,2013-02-02 15:26:56,5.92008,442,48.3839997558594,192.671,7200,240,Z:\SPART-WORK\Data\Voyager\voyager1\mag\48s\reviewed_vim\2013\voyager1_48s_mag-vim_20130101_v01.cdf,C:\Users\Administrator\Documents\FWD_matlab\Voyager_fu\Voyager_Interstellar_Monthly\HighestPrecision_Segments\V1_MAG48s_segment_0280_20130202T093144_20130202T152656.png,ok,
1,281,2013-02-02 18:08:32,2013-02-02 23:15:44,5.11992,385,48.3839997558594,48.385,7200,240,Z:\SPART-WORK\Data\Voyager\voyager1\mag\48s\reviewed_vim\2013\voyager1_48s_mag-vim_20130101_v01.cdf,C:\Users\Administrator\Documents\FWD_matlab\Voyager_fu\Voyager_Interstellar_Monthly\HighestPrecision_Segments\V1_MAG48s_segment_0281_20130202T180832_20130202T231544.png,ok,
1,282,2013-02-03 09:18:56,2013-02-03 14:37:20,5.30663972222222,395,48.3839997558594,192.671000244141,7200,240,Z:\SPART-WORK\Data\Voyager\voyager1\mag\48s\reviewed_vim\2013\voyager1_48s_mag-vim_20130101_v01.cdf,C:\Users\Administrator\Documents\FWD_matlab\Voyager_fu\Voyager_Interstellar_Monthly\HighestPrecision_Segments\V1_MAG48s_segment_0282_20130203T091856_20130203T143720.png,ok,
1,283,2013-02-03 17:06:08,2013-02-03 21:54:08,4.79999972229004,350,48.3839997558594,287.712,7200,240,Z:\SPART-WORK\Data\Voyager\voyager1\mag\48s\reviewed_vim\2013\voyager1_48s_mag-vim_20130101_v01.cdf,C:\Users\Administrator\Documents\FWD_matlab\Voyager_fu\Voyager_Interstellar_Monthly\HighestPrecision_Segments\V1_MAG48s_segment_0283_20130203T170608_20130203T215408.png,ok,
1,284,2013-02-04 09:25:20,2013-02-04 12:54:08,3.47999972229004,259,48.3839997558594,191.808,7200,240,Z:\SPART-WORK\Data\Voyager\voyager1\mag\48s\reviewed_vim\2013\voyager1_48s_mag-vim_20130101_v01.cdf,C:\Users\Administrator\Documents\FWD_matlab\Voyager_fu\Voyager_Interstellar_Monthly\HighestPrecision_Segments\V1_MAG48s_segment_0284_20130204T092520_20130204T125408.png,ok,
1,285,2013-02-04 18:02:07,2013-02-04 22:34:56,4.5468,342,48.3839997558594,48.385,7200,240,Z:\SPART-WORK\Data\Voyager\voyager1\mag\48s\reviewed_vim\2013\voyager1_48s_mag-vim_20130101_v01.cdf,C:\Users\Administrator\Documents\FWD_matlab\Voyager_fu\Voyager_Interstellar_Monthly\HighestPrecision_Segments\V1_MAG48s_segment_0285_20130204T180207_20130204T223456.png,ok,
1,286,2013-02-05 09:26:56,2013-02-05 13:34:07,4.11984027777778,308,48.3839997558594,144.287,7200,240,Z:\SPART-WORK\Data\Voyager\voyager1\mag\48s\reviewed_vim\2013\voyager1_48s_mag-vim_20130101_v01.cdf,C:\Users\Administrator\Documents\FWD_matlab\Voyager_fu\Voyager_Interstellar_Monthly\HighestPrecision_Segments\V1_MAG48s_segment_0286_20130205T092656_20130205T133407.png,ok,
1,287,2013-02-05 16:56:32,2013-02-05 19:50:56,2.90663972222222,216,48.3839997558594,191.809,7200,240,Z:\SPART-WORK\Data\Voyager\voyager1\mag\48s\reviewed_vim\2013\voyager1_48s_mag-vim_20130101_v01.cdf,C:\Users\Administrator\Documents\FWD_matlab\Voyager_fu\Voyager_Interstellar_Monthly\HighestPrecision_Segments\V1_MAG48s_segment_0287_20130205T165632_20130205T195056.png,ok,
1,288,2013-02-06 09:36:32,2013-02-06 13:34:56,3.97320027777778,299,48.3839997558594,48.385,7200,240,Z:\SPART-WORK\Data\Voyager\voyager1\mag\48s\reviewed_vim\2013\voyager1_48s_mag-vim_20130101_v01.cdf,C:\Users\Administrator\Documents\FWD_matlab\Voyager_fu\Voyager_Interstellar_Monthly\HighestPrecision_Segments\V1_MAG48s_segment_0288_20130206T093632_20130206T133456.png,ok,
1,289,2013-02-06 17:15:44,2013-02-06 20:05:20,2.82672027777778,212,48.3839997558594,96.768,7200,240,Z:\SPART-WORK\Data\Voyager\voyager1\mag\48s\reviewed_vim\2013\voyager1_48s_mag-vim_20130101_v01.cdf,C:\Users\Administrator\Documents\FWD_matlab\Voyager_fu\Voyager_Interstellar_Monthly\HighestPrecision_Segments\V1_MAG48s_segment_0289_20130206T171544_20130206T200520.png,ok,
1,290,2013-02-07 09:04:32,2013-02-07 13:10:56,4.10663999993218,307,48.3839997558594,143.424,7200,240,Z:\SPART-WORK\Data\Voyager\voyager1\mag\48s\reviewed_vim\2013\voyager1_48s_mag-vim_20130101_v01.cdf,C:\Users\Administrator\Documents\FWD_matlab\Voyager_fu\Voyager_Interstellar_Monthly\HighestPrecision_Segments\V1_MAG48s_segment_0290_20130207T090432_20130207T131056.png,ok,
1,291,2013-02-07 17:46:08,2013-02-07 21:34:56,3.81311972222222,287,48.3839997558594,48.385,7200,240,Z:\SPART-WORK\Data\Voyager\voyager1\mag\48s\reviewed_vim\2013\voyager1_48s_mag-vim_20130101_v01.cdf,C:\Users\Administrator\Documents\FWD_matlab\Voyager_fu\Voyager_Interstellar_Monthly\HighestPrecision_Segments\V1_MAG48s_segment_0291_20130207T174608_20130207T213456.png,ok,
1,292,2013-02-08 10:02:08,2013-02-08 13:34:07,3.53328027770996,262,48.3839997558594,191.808,7200,240,Z:\SPART-WORK\Data\Voyager\voyager1\mag\48s\reviewed_vim\2013\voyager1_48s_mag-vim_20130101_v01.cdf,C:\Users\Administrator\Documents\FWD_matlab\Voyager_fu\Voyager_Interstellar_Monthly\HighestPrecision_Segments\V1_MAG48s_segment_0292_20130208T100208_20130208T133407.png,ok,
1,293,2013-02-08 16:51:43,2013-02-08 21:45:19,4.89336,368,48.3839997558594,48.385,7200,240,Z:\SPART-WORK\Data\Voyager\voyager1\mag\48s\reviewed_vim\2013\voyager1_48s_mag-vim_20130101_v01.cdf,C:\Users\Administrator\Documents\FWD_matlab\Voyager_fu\Voyager_Interstellar_Monthly\HighestPrecision_Segments\V1_MAG48s_segment_0293_20130208T165143_20130208T214519.png,ok,
1,294,2013-02-09 09:01:20,2013-02-09 14:20:32,5.32008000006782,400,48.3839997558594,48.385,7200,240,Z:\SPART-WORK\Data\Voyager\voyager1\mag\48s\reviewed_vim\2013\voyager1_48s_mag-vim_20130101_v01.cdf,C:\Users\Administrator\Documents\FWD_matlab\Voyager_fu\Voyager_Interstellar_Monthly\HighestPrecision_Segments\V1_MAG48s_segment_0294_20130209T090120_20130209T142032.png,ok,
1,295,2013-02-09 17:46:07,2013-02-09 21:58:56,4.21344027777778,317,48.3839997558594,48.385,7200,240,Z:\SPART-WORK\Data\Voyager\voyager1\mag\48s\reviewed_vim\2013\voyager1_48s_mag-vim_20130101_v01.cdf,C:\Users\Administrator\Documents\FWD_matlab\Voyager_fu\Voyager_Interstellar_Monthly\HighestPrecision_Segments\V1_MAG48s_segment_0295_20130209T174607_20130209T215856.png,ok,
1,296,2013-02-10 17:47:44,2013-02-10 22:19:43,4.53312027770996,257,48.384,3888,7200,240,Z:\SPART-WORK\Data\Voyager\voyager1\mag\48s\reviewed_vim\2013\voyager1_48s_mag-vim_20130101_v01.cdf,C:\Users\Administrator\Documents\FWD_matlab\Voyager_fu\Voyager_Interstellar_Monthly\HighestPrecision_Segments\V1_MAG48s_segment_0296_20130210T174744_20130210T221943.png,ok,
1,297,2013-02-11 17:42:56,2013-02-11 22:09:20,4.44,334,48.3839997558594,48.385,7200,240,Z:\SPART-WORK\Data\Voyager\voyager1\mag\48s\reviewed_vim\2013\voyager1_48s_mag-vim_20130101_v01.cdf,C:\Users\Administrator\Documents\FWD_matlab\Voyager_fu\Voyager_Interstellar_Monthly\HighestPrecision_Segments\V1_MAG48s_segment_0297_20130211T174256_20130211T220920.png,ok,
1,298,2013-02-12 08:50:08,2013-02-12 13:14:08,4.40016027770996,330,48.3839997558594,95.9039997558594,7200,240,Z:\SPART-WORK\Data\Voyager\voyager1\mag\48s\reviewed_vim\2013\voyager1_48s_mag-vim_20130101_v01.cdf,C:\Users\Administrator\Documents\FWD_matlab\Voyager_fu\Voyager_Interstellar_Monthly\HighestPrecision_Segments\V1_MAG48s_segment_0298_20130212T085008_20130212T131408.png,ok,
1,299,2013-02-12 17:34:56,2013-02-12 22:36:32,5.02655999993218,375,48.3839997558594,191.808,7200,240,Z:\SPART-WORK\Data\Voyager\voyager1\mag\48s\reviewed_vim\2013\voyager1_48s_mag-vim_20130101_v01.cdf,C:\Users\Administrator\Documents\FWD_matlab\Voyager_fu\Voyager_Interstellar_Monthly\HighestPrecision_Segments\V1_MAG48s_segment_0299_20130212T173456_20130212T223632.png,ok,
1,300,2013-02-13 11:31:44,2013-02-13 13:29:20,1.95984027777778,90,48.384,432,7200,240,Z:\SPART-WORK\Data\Voyager\voyager1\mag\48s\reviewed_vim\2013\voyager1_48s_mag-vim_20130101_v01.cdf,C:\Users\Administrator\Documents\FWD_matlab\Voyager_fu\Voyager_Interstellar_Monthly\HighestPrecision_Segments\V1_MAG48s_segment_0300_20130213T113144_20130213T132920.png,ok,
1,301,2013-02-13 17:30:08,2013-02-13 22:04:32,4.57344027777778,342,48.3839997558594,144.289,7200,240,Z:\SPART-WORK\Data\Voyager\voyager1\mag\48s\reviewed_vim\2013\voyager1_48s_mag-vim_20130101_v01.cdf,C:\Users\Administrator\Documents\FWD_matlab\Voyager_fu\Voyager_Interstellar_Monthly\HighestPrecision_Segments\V1_MAG48s_segment_0301_20130213T173008_20130213T220432.png,ok,
1,302,2013-02-14 10:02:08,2013-02-14 12:54:08,2.8668,214,48.3839997558594,144.289,7200,240,Z:\SPART-WORK\Data\Voyager\voyager1\mag\48s\reviewed_vim\2013\voyager1_48s_mag-vim_20130101_v01.cdf,C:\Users\Administrator\Documents\FWD_matlab\Voyager_fu\Voyager_Interstellar_Monthly\HighestPrecision_Segments\V1_MAG48s_segment_0302_20130214T100208_20130214T125408.png,ok,
1,303,2013-02-14 17:46:08,2013-02-14 21:50:08,4.06656,296,48.384,287.712,7200,240,Z:\SPART-WORK\Data\Voyager\voyager1\mag\48s\reviewed_vim\2013\voyager1_48s_mag-vim_20130101_v01.cdf,C:\Users\Administrator\Documents\FWD_matlab\Voyager_fu\Voyager_Interstellar_Monthly\HighestPrecision_Segments\V1_MAG48s_segment_0303_20130214T174608_20130214T215008.png,ok,
1,304,2013-02-15 16:18:08,2013-02-15 22:01:20,5.72016027777778,429,48.3839997558594,95.905,7200,240,Z:\SPART-WORK\Data\Voyager\voyager1\mag\48s\reviewed_vim\2013\voyager1_48s_mag-vim_20130101_v01.cdf,C:\Users\Administrator\Documents\FWD_matlab\Voyager_fu\Voyager_Interstellar_Monthly\HighestPrecision_Segments\V1_MAG48s_segment_0304_20130215T161808_20130215T220120.png,ok,
1,305,2013-02-16 08:48:32,2013-02-16 11:54:56,3.1068,234,48.3839997558594,48.385,7200,240,Z:\SPART-WORK\Data\Voyager\voyager1\mag\48s\reviewed_vim\2013\voyager1_48s_mag-vim_20130101_v01.cdf,C:\Users\Administrator\Documents\FWD_matlab\Voyager_fu\Voyager_Interstellar_Monthly\HighestPrecision_Segments\V1_MAG48s_segment_0305_20130216T084832_20130216T115456.png,ok,
1,306,2013-02-16 17:15:44,2013-02-16 20:59:44,3.73344,278,48.3839997558594,191.808000244141,7200,240,Z:\SPART-WORK\Data\Voyager\voyager1\mag\48s\reviewed_vim\2013\voyager1_48s_mag-vim_20130101_v01.cdf,C:\Users\Administrator\Documents\FWD_matlab\Voyager_fu\Voyager_Interstellar_Monthly\HighestPrecision_Segments\V1_MAG48s_segment_0306_20130216T171544_20130216T205944.png,ok,
1,307,2013-02-17 17:12:32,2013-02-17 22:04:32,4.86672027777778,363,48.3839997558594,192.671,7200,240,Z:\SPART-WORK\Data\Voyager\voyager1\mag\48s\reviewed_vim\2013\voyager1_48s_mag-vim_20130101_v01.cdf,C:\Users\Administrator\Documents\FWD_matlab\Voyager_fu\Voyager_Interstellar_Monthly\HighestPrecision_Segments\V1_MAG48s_segment_0307_20130217T171232_20130217T220432.png,ok,
1,308,2013-02-18 08:22:56,2013-02-18 12:59:43,4.61328,329,48.3839998779297,479.52,7200,240,Z:\SPART-WORK\Data\Voyager\voyager1\mag\48s\reviewed_vim\2013\voyager1_48s_mag-vim_20130101_v01.cdf,C:\Users\Administrator\Documents\FWD_matlab\Voyager_fu\Voyager_Interstellar_Monthly\HighestPrecision_Segments\V1_MAG48s_segment_0308_20130218T082256_20130218T125943.png,ok,
1,309,2013-02-18 17:05:20,2013-02-18 21:46:56,4.69344,329,48.384,816.48,7200,240,Z:\SPART-WORK\Data\Voyager\voyager1\mag\48s\reviewed_vim\2013\voyager1_48s_mag-vim_20130101_v01.cdf,C:\Users\Administrator\Documents\FWD_matlab\Voyager_fu\Voyager_Interstellar_Monthly\HighestPrecision_Segments\V1_MAG48s_segment_0309_20130218T170520_20130218T214656.png,ok,
1,310,2013-02-19 08:38:55,2013-02-19 13:34:56,4.93344,367,48.3839997558594,240.193,7200,240,Z:\SPART-WORK\Data\Voyager\voyager1\mag\48s\reviewed_vim\2013\voyager1_48s_mag-vim_20130101_v01.cdf,C:\Users\Administrator\Documents\FWD_matlab\Voyager_fu\Voyager_Interstellar_Monthly\HighestPrecision_Segments\V1_MAG48s_segment_0310_20130219T083855_20130219T133456.png,ok,
1,311,2013-02-19 17:02:55,2013-02-19 22:30:56,5.46672027777778,408,48.3839997558594,191.807999755859,7200,240,Z:\SPART-WORK\Data\Voyager\voyager1\mag\48s\reviewed_vim\2013\voyager1_48s_mag-vim_20130101_v01.cdf,C:\Users\Administrator\Documents\FWD_matlab\Voyager_fu\Voyager_Interstellar_Monthly\HighestPrecision_Segments\V1_MAG48s_segment_0311_20130219T170255_20130219T223056.png,ok,
1,312,2013-02-20 08:26:08,2013-02-20 13:35:44,5.16000027770996,386,48.3839997558594,144.287,7200,240,Z:\SPART-WORK\Data\Voyager\voyager1\mag\48s\reviewed_vim\2013\voyager1_48s_mag-vim_20130101_v01.cdf,C:\Users\Administrator\Documents\FWD_matlab\Voyager_fu\Voyager_Interstellar_Monthly\HighestPrecision_Segments\V1_MAG48s_segment_0312_20130220T082608_20130220T133544.png,ok,
1,313,2013-02-20 15:49:20,2013-02-20 19:56:32,4.12008,309,48.3839997558594,95.904,7200,240,Z:\SPART-WORK\Data\Voyager\voyager1\mag\48s\reviewed_vim\2013\voyager1_48s_mag-vim_20130101_v01.cdf,C:\Users\Administrator\Documents\FWD_matlab\Voyager_fu\Voyager_Interstellar_Monthly\HighestPrecision_Segments\V1_MAG48s_segment_0313_20130220T154920_20130220T195632.png,ok,
1,314,2013-02-21 08:21:20,2013-02-21 19:55:43,11.57328027771,764,48.3839997558594,4943.80799975586,7200,240,Z:\SPART-WORK\Data\Voyager\voyager1\mag\48s\reviewed_vim\2013\voyager1_48s_mag-vim_20130101_v01.cdf,C:\Users\Administrator\Documents\FWD_matlab\Voyager_fu\Voyager_Interstellar_Monthly\HighestPrecision_Segments\V1_MAG48s_segment_0314_20130221T082120_20130221T195543.png,ok,
1,315,2013-02-22 08:14:56,2013-02-22 13:30:08,5.25336,385,48.3839997558594,336.097,7200,240,Z:\SPART-WORK\Data\Voyager\voyager1\mag\48s\reviewed_vim\2013\voyager1_48s_mag-vim_20130101_v01.cdf,C:\Users\Administrator\Documents\FWD_matlab\Voyager_fu\Voyager_Interstellar_Monthly\HighestPrecision_Segments\V1_MAG48s_segment_0315_20130222T081456_20130222T133008.png,ok,
1,316,2013-02-22 16:54:56,2013-02-22 20:14:56,3.33336027777778,249,48.3839998779297,144.287,7200,240,Z:\SPART-WORK\Data\Voyager\voyager1\mag\48s\reviewed_vim\2013\voyager1_48s_mag-vim_20130101_v01.cdf,C:\Users\Administrator\Documents\FWD_matlab\Voyager_fu\Voyager_Interstellar_Monthly\HighestPrecision_Segments\V1_MAG48s_segment_0316_20130222T165456_20130222T201456.png,ok,
1,317,2013-02-23 08:16:32,2013-02-23 12:30:08,4.22664,316,48.3839997558594,143.424,7200,240,Z:\SPART-WORK\Data\Voyager\voyager1\mag\48s\reviewed_vim\2013\voyager1_48s_mag-vim_20130101_v01.cdf,C:\Users\Administrator\Documents\FWD_matlab\Voyager_fu\Voyager_Interstellar_Monthly\HighestPrecision_Segments\V1_MAG48s_segment_0317_20130223T081632_20130223T123008.png,ok,
1,318,2013-02-23 15:46:08,2013-02-23 21:56:32,6.17327972222222,461,48.3839997558594,191.808999755859,7200,240,Z:\SPART-WORK\Data\Voyager\voyager1\mag\48s\reviewed_vim\2013\voyager1_48s_mag-vim_20130101_v01.cdf,C:\Users\Administrator\Documents\FWD_matlab\Voyager_fu\Voyager_Interstellar_Monthly\HighestPrecision_Segments\V1_MAG48s_segment_0318_20130223T154608_20130223T215632.png,ok,
1,319,2013-02-24 10:05:19,2013-02-24 13:34:56,3.49344027777778,261,48.3839997558594,144.289,7200,240,Z:\SPART-WORK\Data\Voyager\voyager1\mag\48s\reviewed_vim\2013\voyager1_48s_mag-vim_20130101_v01.cdf,C:\Users\Administrator\Documents\FWD_matlab\Voyager_fu\Voyager_Interstellar_Monthly\HighestPrecision_Segments\V1_MAG48s_segment_0319_20130224T100519_20130224T133456.png,ok,
1,320,2013-02-24 15:46:08,2013-02-24 20:20:32,4.57343972229004,341,48.384,191.808999755859,7200,240,Z:\SPART-WORK\Data\Voyager\voyager1\mag\48s\reviewed_vim\2013\voyager1_48s_mag-vim_20130101_v01.cdf,C:\Users\Administrator\Documents\FWD_matlab\Voyager_fu\Voyager_Interstellar_Monthly\HighestPrecision_Segments\V1_MAG48s_segment_0320_20130224T154608_20130224T202032.png,ok,
1,321,2013-02-25 08:08:32,2013-02-25 12:35:44,4.45343972222222,334,48.3839997558594,95.904,7200,240,Z:\SPART-WORK\Data\Voyager\voyager1\mag\48s\reviewed_vim\2013\voyager1_48s_mag-vim_20130101_v01.cdf,C:\Users\Administrator\Documents\FWD_matlab\Voyager_fu\Voyager_Interstellar_Monthly\HighestPrecision_Segments\V1_MAG48s_segment_0321_20130225T080832_20130225T123544.png,ok,
1,322,2013-02-25 16:38:56,2013-02-25 21:10:08,4.51992,338,48.3839997558594,144.288,7200,240,Z:\SPART-WORK\Data\Voyager\voyager1\mag\48s\reviewed_vim\2013\voyager1_48s_mag-vim_20130101_v01.cdf,C:\Users\Administrator\Documents\FWD_matlab\Voyager_fu\Voyager_Interstellar_Monthly\HighestPrecision_Segments\V1_MAG48s_segment_0322_20130225T163856_20130225T211008.png,ok,
1,323,2013-02-26 08:53:19,2013-02-26 12:44:32,3.85343972222222,289,48.3839997558594,95.903,7200,240,Z:\SPART-WORK\Data\Voyager\voyager1\mag\48s\reviewed_vim\2013\voyager1_48s_mag-vim_20130101_v01.cdf,C:\Users\Administrator\Documents\FWD_matlab\Voyager_fu\Voyager_Interstellar_Monthly\HighestPrecision_Segments\V1_MAG48s_segment_0323_20130226T085319_20130226T124432.png,ok,
1,324,2013-02-26 17:15:44,2013-02-26 22:41:19,5.42664,295,48.3839998779297,4896.287,7200,240,Z:\SPART-WORK\Data\Voyager\voyager1\mag\48s\reviewed_vim\2013\voyager1_48s_mag-vim_20130101_v01.cdf,C:\Users\Administrator\Documents\FWD_matlab\Voyager_fu\Voyager_Interstellar_Monthly\HighestPrecision_Segments\V1_MAG48s_segment_0324_20130226T171544_20130226T224119.png,ok,
1,325,2013-02-27 11:44:32,2013-02-27 12:44:32,1.00007972222222,64,48.384,623.807,7200,240,Z:\SPART-WORK\Data\Voyager\voyager1\mag\48s\reviewed_vim\2013\voyager1_48s_mag-vim_20130101_v01.cdf,C:\Users\Administrator\Documents\FWD_matlab\Voyager_fu\Voyager_Interstellar_Monthly\HighestPrecision_Segments\V1_MAG48s_segment_0325_20130227T114432_20130227T124432.png,ok,
1,326,2013-02-27 16:34:07,2013-02-27 22:59:44,6.42672,482,48.3839997558594,95.903,7200,240,Z:\SPART-WORK\Data\Voyager\voyager1\mag\48s\reviewed_vim\2013\voyager1_48s_mag-vim_20130101_v01.cdf,C:\Users\Administrator\Documents\FWD_matlab\Voyager_fu\Voyager_Interstellar_Monthly\HighestPrecision_Segments\V1_MAG48s_segment_0326_20130227T163407_20130227T225944.png,ok,
1,327,2013-02-28 09:01:20,2013-02-28 19:50:56,10.82664,664,48.3839997558594,7007.903,7200,240,Z:\SPART-WORK\Data\Voyager\voyager1\mag\48s\reviewed_vim\2013\voyager1_48s_mag-vim_20130101_v01.cdf,C:\Users\Administrator\Documents\FWD_matlab\Voyager_fu\Voyager_Interstellar_Monthly\HighestPrecision_Segments\V1_MAG48s_segment_0327_20130228T090120_20130228T195056.png,ok,
1,328,2013-03-01 07:44:31,2013-03-01 09:30:08,1.76016,124,48.384,431.999,7200,240,Z:\SPART-WORK\Data\Voyager\voyager1\mag\48s\reviewed_vim\2013\voyager1_48s_mag-vim_20130101_v01.cdf,C:\Users\Administrator\Documents\FWD_matlab\Voyager_fu\Voyager_Interstellar_Monthly\HighestPrecision_Segments\V1_MAG48s_segment_0328_20130301T074431_20130301T093008.png,ok,
1,329,2013-03-01 16:03:44,2013-03-01 21:05:19,5.02656,376,48.3839997558594,143.424,7200,240,Z:\SPART-WORK\Data\Voyager\voyager1\mag\48s\reviewed_vim\2013\voyager1_48s_mag-vim_20130101_v01.cdf,C:\Users\Administrator\Documents\FWD_matlab\Voyager_fu\Voyager_Interstellar_Monthly\HighestPrecision_Segments\V1_MAG48s_segment_0329_20130301T160344_20130301T210519.png,ok,
1,330,2013-03-02 08:54:55,2013-03-02 12:25:19,3.50664,264,48.3839997558594,48.385,7200,240,Z:\SPART-WORK\Data\Voyager\voyager1\mag\48s\reviewed_vim\2013\voyager1_48s_mag-vim_20130101_v01.cdf,C:\Users\Administrator\Documents\FWD_matlab\Voyager_fu\Voyager_Interstellar_Monthly\HighestPrecision_Segments\V1_MAG48s_segment_0330_20130302T085455_20130302T122519.png,ok,
1,331,2013-03-02 15:20:32,2013-03-02 21:00:31,5.66663972222222,425,48.3839997558594,95.903,7200,240,Z:\SPART-WORK\Data\Voyager\voyager1\mag\48s\reviewed_vim\2013\voyager1_48s_mag-vim_20130101_v01.cdf,C:\Users\Administrator\Documents\FWD_matlab\Voyager_fu\Voyager_Interstellar_Monthly\HighestPrecision_Segments\V1_MAG48s_segment_0331_20130302T152032_20130302T210031.png,ok,
1,332,2013-03-03 08:53:19,2013-03-03 13:34:56,4.69344,352,48.3839997558594,95.903,7200,240,Z:\SPART-WORK\Data\Voyager\voyager1\mag\48s\reviewed_vim\2013\voyager1_48s_mag-vim_20130101_v01.cdf,C:\Users\Administrator\Documents\FWD_matlab\Voyager_fu\Voyager_Interstellar_Monthly\HighestPrecision_Segments\V1_MAG48s_segment_0332_20130303T085319_20130303T133456.png,ok,
1,333,2013-03-03 17:15:44,2013-03-03 21:00:31,3.74664,279,48.3839997558594,192.671000244141,7200,240,Z:\SPART-WORK\Data\Voyager\voyager1\mag\48s\reviewed_vim\2013\voyager1_48s_mag-vim_20130101_v01.cdf,C:\Users\Administrator\Documents\FWD_matlab\Voyager_fu\Voyager_Interstellar_Monthly\HighestPrecision_Segments\V1_MAG48s_segment_0333_20130303T171544_20130303T210031.png,ok,
1,334,2013-03-04 08:48:32,2013-03-04 12:16:31,3.46655972222222,243,48.3839998779297,624.672,7200,240,Z:\SPART-WORK\Data\Voyager\voyager1\mag\48s\reviewed_vim\2013\voyager1_48s_mag-vim_20130101_v01.cdf,C:\Users\Administrator\Documents\FWD_matlab\Voyager_fu\Voyager_Interstellar_Monthly\HighestPrecision_Segments\V1_MAG48s_segment_0334_20130304T084832_20130304T121631.png,ok,
1,335,2013-03-04 15:23:43,2013-03-04 22:37:19,7.22664,542,48.3839997558594,95.903,7200,240,Z:\SPART-WORK\Data\Voyager\voyager1\mag\48s\reviewed_vim\2013\voyager1_48s_mag-vim_20130101_v01.cdf,C:\Users\Administrator\Documents\FWD_matlab\Voyager_fu\Voyager_Interstellar_Monthly\HighestPrecision_Segments\V1_MAG48s_segment_0335_20130304T152343_20130304T223719.png,ok,
1,336,2013-03-05 08:41:20,2013-03-05 12:35:43,3.90648027777778,255,48.383,959.904,7200,240,Z:\SPART-WORK\Data\Voyager\voyager1\mag\48s\reviewed_vim\2013\voyager1_48s_mag-vim_20130101_v01.cdf,C:\Users\Administrator\Documents\FWD_matlab\Voyager_fu\Voyager_Interstellar_Monthly\HighestPrecision_Segments\V1_MAG48s_segment_0336_20130305T084120_20130305T123543.png,ok,
1,337,2013-03-05 16:06:55,2013-03-05 20:19:44,4.21344,317,48.383,48.385,7200,240,Z:\SPART-WORK\Data\Voyager\voyager1\mag\48s\reviewed_vim\2013\voyager1_48s_mag-vim_20130101_v01.cdf,C:\Users\Administrator\Documents\FWD_matlab\Voyager_fu\Voyager_Interstellar_Monthly\HighestPrecision_Segments\V1_MAG48s_segment_0337_20130305T160655_20130305T201944.png,ok,
1,338,2013-03-06 08:16:31,2013-03-06 12:31:43,4.25328027770996,259,48.383,1103.328,7200,240,Z:\SPART-WORK\Data\Voyager\voyager1\mag\48s\reviewed_vim\2013\voyager1_48s_mag-vim_20130101_v01.cdf,C:\Users\Administrator\Documents\FWD_matlab\Voyager_fu\Voyager_Interstellar_Monthly\HighestPrecision_Segments\V1_MAG48s_segment_0338_20130306T081631_20130306T123143.png,ok,
1,339,2013-03-06 16:03:44,2013-03-06 21:19:43,5.26656027777778,394,48.383,143.424,7200,240,Z:\SPART-WORK\Data\Voyager\voyager1\mag\48s\reviewed_vim\2013\voyager1_48s_mag-vim_20130101_v01.cdf,C:\Users\Administrator\Documents\FWD_matlab\Voyager_fu\Voyager_Interstellar_Monthly\HighestPrecision_Segments\V1_MAG48s_segment_0339_20130306T160344_20130306T211943.png,ok,
1,340,2013-03-07 07:22:08,2013-03-07 11:21:19,3.9864,300,48.383,48.385,7200,240,Z:\SPART-WORK\Data\Voyager\voyager1\mag\48s\reviewed_vim\2013\voyager1_48s_mag-vim_20130101_v01.cdf,C:\Users\Administrator\Documents\FWD_matlab\Voyager_fu\Voyager_Interstellar_Monthly\HighestPrecision_Segments\V1_MAG48s_segment_0340_20130307T072208_20130307T112119.png,ok,
1,341,2013-03-07 16:00:32,2013-03-07 21:36:31,5.59991972222222,419,48.383,144.287,7200,240,Z:\SPART-WORK\Data\Voyager\voyager1\mag\48s\reviewed_vim\2013\voyager1_48s_mag-vim_20130101_v01.cdf,C:\Users\Administrator\Documents\FWD_matlab\Voyager_fu\Voyager_Interstellar_Monthly\HighestPrecision_Segments\V1_MAG48s_segment_0341_20130307T160032_20130307T213631.png,ok,
1,342,2013-03-08 09:02:56,2013-03-08 13:25:20,4.37328,328,48.383,95.041,7200,240,Z:\SPART-WORK\Data\Voyager\voyager1\mag\48s\reviewed_vim\2013\voyager1_48s_mag-vim_20130101_v01.cdf,C:\Users\Administrator\Documents\FWD_matlab\Voyager_fu\Voyager_Interstellar_Monthly\HighestPrecision_Segments\V1_MAG48s_segment_0342_20130308T090256_20130308T132520.png,ok,
1,343,2013-03-08 19:12:31,2013-03-08 22:35:43,3.38663972222222,255,48.383,48.385,7200,240,Z:\SPART-WORK\Data\Voyager\voyager1\mag\48s\reviewed_vim\2013\voyager1_48s_mag-vim_20130101_v01.cdf,C:\Users\Administrator\Documents\FWD_matlab\Voyager_fu\Voyager_Interstellar_Monthly\HighestPrecision_Segments\V1_MAG48s_segment_0343_20130308T191231_20130308T223543.png,ok,
1,344,2013-03-09 07:04:32,2013-03-09 12:25:19,5.34647972222222,392,48.383,239.328,7200,240,Z:\SPART-WORK\Data\Voyager\voyager1\mag\48s\reviewed_vim\2013\voyager1_48s_mag-vim_20130101_v01.cdf,C:\Users\Administrator\Documents\FWD_matlab\Voyager_fu\Voyager_Interstellar_Monthly\HighestPrecision_Segments\V1_MAG48s_segment_0344_20130309T070432_20130309T122519.png,ok,
1,345,2013-03-09 19:12:31,2013-03-09 19:56:31,0.7332,56,48.383,48.385,7200,240,Z:\SPART-WORK\Data\Voyager\voyager1\mag\48s\reviewed_vim\2013\voyager1_48s_mag-vim_20130101_v01.cdf,C:\Users\Administrator\Documents\FWD_matlab\Voyager_fu\Voyager_Interstellar_Monthly\HighestPrecision_Segments\V1_MAG48s_segment_0345_20130309T191231_20130309T195631.png,ok,
1,346,2013-03-10 07:04:32,2013-03-10 11:16:32,4.19999972222222,314,48.383,96.768,7200,240,Z:\SPART-WORK\Data\Voyager\voyager1\mag\48s\reviewed_vim\2013\voyager1_48s_mag-vim_20130101_v01.cdf,C:\Users\Administrator\Documents\FWD_matlab\Voyager_fu\Voyager_Interstellar_Monthly\HighestPrecision_Segments\V1_MAG48s_segment_0346_20130310T070432_20130310T111632.png,ok,
1,347,2013-03-13 00:00:31,2013-03-13 00:15:44,0.25344,20,48.383,48.385,7200,240,Z:\SPART-WORK\Data\Voyager\voyager1\mag\48s\reviewed_vim\2013\voyager1_48s_mag-vim_20130101_v01.cdf,C:\Users\Administrator\Documents\FWD_matlab\Voyager_fu\Voyager_Interstellar_Monthly\HighestPrecision_Segments\V1_MAG48s_segment_0347_20130313T000031_20130313T001544.png,ok,
1,348,2013-03-13 07:07:44,2013-03-13 18:52:31,11.74656,808,48.383,3455.999,7200,240,Z:\SPART-WORK\Data\Voyager\voyager1\mag\48s\reviewed_vim\2013\voyager1_48s_mag-vim_20130101_v01.cdf,C:\Users\Administrator\Documents\FWD_matlab\Voyager_fu\Voyager_Interstellar_Monthly\HighestPrecision_Segments\V1_MAG48s_segment_0348_20130313T070744_20130313T185231.png,ok,
1,349,2013-03-13 20:59:44,2013-03-13 21:37:19,0.6264,47,48.383,95.904,7200,240,Z:\SPART-WORK\Data\Voyager\voyager1\mag\48s\reviewed_vim\2013\voyager1_48s_mag-vim_20130101_v01.cdf,C:\Users\Administrator\Documents\FWD_matlab\Voyager_fu\Voyager_Interstellar_Monthly\HighestPrecision_Segments\V1_MAG48s_segment_0349_20130313T205944_20130313T213719.png,ok,
1,350,2013-03-14 08:11:43,2013-03-14 10:25:20,2.22695972222222,167,48.383,96.768,7200,240,Z:\SPART-WORK\Data\Voyager\voyager1\mag\48s\reviewed_vim\2013\voyager1_48s_mag-vim_20130101_v01.cdf,C:\Users\Administrator\Documents\FWD_matlab\Voyager_fu\Voyager_Interstellar_Monthly\HighestPrecision_Segments\V1_MAG48s_segment_0350_20130314T081143_20130314T102520.png,ok,
1,351,2013-03-14 15:33:20,2013-03-14 20:34:56,5.0268,377,48.383,95.903,7200,240,Z:\SPART-WORK\Data\Voyager\voyager1\mag\48s\reviewed_vim\2013\voyager1_48s_mag-vim_20130101_v01.cdf,C:\Users\Administrator\Documents\FWD_matlab\Voyager_fu\Voyager_Interstellar_Monthly\HighestPrecision_Segments\V1_MAG48s_segment_0351_20130314T153320_20130314T203456.png,ok,
1,352,2013-03-15 07:04:32,2013-03-15 12:26:08,5.35992,398,48.383,191.809,7200,240,Z:\SPART-WORK\Data\Voyager\voyager1\mag\48s\reviewed_vim\2013\voyager1_48s_mag-vim_20130101_v01.cdf,C:\Users\Administrator\Documents\FWD_matlab\Voyager_fu\Voyager_Interstellar_Monthly\HighestPrecision_Segments\V1_MAG48s_segment_0352_20130315T070432_20130315T122608.png,ok,
1,353,2013-03-15 15:31:44,2013-03-15 20:50:56,5.32007972222222,398,48.383,143.423999755859,7200,240,Z:\SPART-WORK\Data\Voyager\voyager1\mag\48s\reviewed_vim\2013\voyager1_48s_mag-vim_20130101_v01.cdf,C:\Users\Administrator\Documents\FWD_matlab\Voyager_fu\Voyager_Interstellar_Monthly\HighestPrecision_Segments\V1_MAG48s_segment_0353_20130315T153144_20130315T205056.png,ok,
1,354,2013-03-16 08:11:43,2013-03-16 11:15:44,3.06672,230,48.383,96.768,7200,240,Z:\SPART-WORK\Data\Voyager\voyager1\mag\48s\reviewed_vim\2013\voyager1_48s_mag-vim_20130101_v01.cdf,C:\Users\Administrator\Documents\FWD_matlab\Voyager_fu\Voyager_Interstellar_Monthly\HighestPrecision_Segments\V1_MAG48s_segment_0354_20130316T081143_20130316T111544.png,ok,
1,355,2013-03-16 16:27:44,2013-03-16 20:01:20,3.55992027777778,265,48.383,191.809,7200,240,Z:\SPART-WORK\Data\Voyager\voyager1\mag\48s\reviewed_vim\2013\voyager1_48s_mag-vim_20130101_v01.cdf,C:\Users\Administrator\Documents\FWD_matlab\Voyager_fu\Voyager_Interstellar_Monthly\HighestPrecision_Segments\V1_MAG48s_segment_0355_20130316T162744_20130316T200120.png,ok,
1,356,2013-03-17 07:28:32,2013-03-17 13:06:08,5.62655972222222,421,48.383,144.289,7200,240,Z:\SPART-WORK\Data\Voyager\voyager1\mag\48s\reviewed_vim\2013\voyager1_48s_mag-vim_20130101_v01.cdf,C:\Users\Administrator\Documents\FWD_matlab\Voyager_fu\Voyager_Interstellar_Monthly\HighestPrecision_Segments\V1_MAG48s_segment_0356_20130317T072832_20130317T130608.png,ok,
1,357,2013-03-17 17:26:56,2013-03-17 21:31:44,4.08,305,48.383,144.287,7200,240,Z:\SPART-WORK\Data\Voyager\voyager1\mag\48s\reviewed_vim\2013\voyager1_48s_mag-vim_20130101_v01.cdf,C:\Users\Administrator\Documents\FWD_matlab\Voyager_fu\Voyager_Interstellar_Monthly\HighestPrecision_Segments\V1_MAG48s_segment_0357_20130317T172656_20130317T213144.png,ok,
1,358,2013-03-18 07:50:56,2013-03-18 12:30:08,4.65336027777778,348,48.383,143.424,7200,240,Z:\SPART-WORK\Data\Voyager\voyager1\mag\48s\reviewed_vim\2013\voyager1_48s_mag-vim_20130101_v01.cdf,C:\Users\Administrator\Documents\FWD_matlab\Voyager_fu\Voyager_Interstellar_Monthly\HighestPrecision_Segments\V1_MAG48s_segment_0358_20130318T075056_20130318T123008.png,ok,
1,359,2013-03-18 15:18:56,2013-03-18 19:55:44,4.61352027770996,347,48.383,48.385,7200,240,Z:\SPART-WORK\Data\Voyager\voyager1\mag\48s\reviewed_vim\2013\voyager1_48s_mag-vim_20130101_v01.cdf,C:\Users\Administrator\Documents\FWD_matlab\Voyager_fu\Voyager_Interstellar_Monthly\HighestPrecision_Segments\V1_MAG48s_segment_0359_20130318T151856_20130318T195544.png,ok,
1,360,2013-03-19 06:43:43,2013-03-19 12:00:31,5.28,395,48.383,143.424,7200,240,Z:\SPART-WORK\Data\Voyager\voyager1\mag\48s\reviewed_vim\2013\voyager1_48s_mag-vim_20130101_v01.cdf,C:\Users\Administrator\Documents\FWD_matlab\Voyager_fu\Voyager_Interstellar_Monthly\HighestPrecision_Segments\V1_MAG48s_segment_0360_20130319T064343_20130319T120031.png,ok,
1,361,2013-03-19 14:08:32,2013-03-19 19:26:07,5.29320000006782,398,48.383,48.385,7200,240,Z:\SPART-WORK\Data\Voyager\voyager1\mag\48s\reviewed_vim\2013\voyager1_48s_mag-vim_20130101_v01.cdf,C:\Users\Administrator\Documents\FWD_matlab\Voyager_fu\Voyager_Interstellar_Monthly\HighestPrecision_Segments\V1_MAG48s_segment_0361_20130319T140832_20130319T192607.png,ok,
1,362,2013-03-20 06:32:32,2013-03-20 13:35:43,7.05311999993218,527,48.383,192.672,7200,240,Z:\SPART-WORK\Data\Voyager\voyager1\mag\48s\reviewed_vim\2013\voyager1_48s_mag-vim_20130101_v01.cdf,C:\Users\Administrator\Documents\FWD_matlab\Voyager_fu\Voyager_Interstellar_Monthly\HighestPrecision_Segments\V1_MAG48s_segment_0362_20130320T063232_20130320T133543.png,ok,
1,363,2013-03-20 17:22:56,2013-03-20 19:21:20,1.97351972229004,149,48.383,48.385,7200,240,Z:\SPART-WORK\Data\Voyager\voyager1\mag\48s\reviewed_vim\2013\voyager1_48s_mag-vim_20130101_v01.cdf,C:\Users\Administrator\Documents\FWD_matlab\Voyager_fu\Voyager_Interstellar_Monthly\HighestPrecision_Segments\V1_MAG48s_segment_0363_20130320T172256_20130320T192120.png,ok,
1,364,2013-03-21 06:34:07,2013-03-21 12:30:55,5.94671972222222,445,48.383,144.289,7200,240,Z:\SPART-WORK\Data\Voyager\voyager1\mag\48s\reviewed_vim\2013\voyager1_48s_mag-vim_20130101_v01.cdf,C:\Users\Administrator\Documents\FWD_matlab\Voyager_fu\Voyager_Interstellar_Monthly\HighestPrecision_Segments\V1_MAG48s_segment_0364_20130321T063407_20130321T123055.png,ok,
1,365,2013-03-21 15:09:19,2013-03-21 19:15:44,4.10688000006782,307,48.383,144.287,7200,240,Z:\SPART-WORK\Data\Voyager\voyager1\mag\48s\reviewed_vim\2013\voyager1_48s_mag-vim_20130101_v01.cdf,C:\Users\Administrator\Documents\FWD_matlab\Voyager_fu\Voyager_Interstellar_Monthly\HighestPrecision_Segments\V1_MAG48s_segment_0365_20130321T150919_20130321T191544.png,ok,
1,366,2013-03-22 07:36:32,2013-03-22 11:52:32,4.26672,320,48.383,95.904,7200,240,Z:\SPART-WORK\Data\Voyager\voyager1\mag\48s\reviewed_vim\2013\voyager1_48s_mag-vim_20130101_v01.cdf,C:\Users\Administrator\Documents\FWD_matlab\Voyager_fu\Voyager_Interstellar_Monthly\HighestPrecision_Segments\V1_MAG48s_segment_0366_20130322T073632_20130322T115232.png,ok,
1,367,2013-03-22 15:04:32,2013-03-22 19:25:20,4.34687972222222,324,48.383,191.807,7200,240,Z:\SPART-WORK\Data\Voyager\voyager1\mag\48s\reviewed_vim\2013\voyager1_48s_mag-vim_20130101_v01.cdf,C:\Users\Administrator\Documents\FWD_matlab\Voyager_fu\Voyager_Interstellar_Monthly\HighestPrecision_Segments\V1_MAG48s_segment_0367_20130322T150432_20130322T192520.png,ok,
1,368,2013-03-23 06:27:44,2013-03-23 21:45:20,15.29352,1002,48.383,6912,7200,240,Z:\SPART-WORK\Data\Voyager\voyager1\mag\48s\reviewed_vim\2013\voyager1_48s_mag-vim_20130101_v01.cdf,C:\Users\Administrator\Documents\FWD_matlab\Voyager_fu\Voyager_Interstellar_Monthly\HighestPrecision_Segments\V1_MAG48s_segment_0368_20130323T062744_20130323T214520.png,ok,
1,369,2013-03-24 07:22:08,2013-03-24 12:46:08,5.39999972222222,406,48.383,48.385,7200,240,Z:\SPART-WORK\Data\Voyager\voyager1\mag\48s\reviewed_vim\2013\voyager1_48s_mag-vim_20130101_v01.cdf,C:\Users\Administrator\Documents\FWD_matlab\Voyager_fu\Voyager_Interstellar_Monthly\HighestPrecision_Segments\V1_MAG48s_segment_0369_20130324T072208_20130324T124608.png,ok,
1,370,2013-03-24 15:04:32,2013-03-24 21:35:44,6.52008,489,48.383,95.904,7200,240,Z:\SPART-WORK\Data\Voyager\voyager1\mag\48s\reviewed_vim\2013\voyager1_48s_mag-vim_20130101_v01.cdf,C:\Users\Administrator\Documents\FWD_matlab\Voyager_fu\Voyager_Interstellar_Monthly\HighestPrecision_Segments\V1_MAG48s_segment_0370_20130324T150432_20130324T213544.png,ok,
1,371,2013-03-25 06:38:56,2013-03-25 20:15:44,13.6132802777778,898,48.383,5759.423,7200,240,Z:\SPART-WORK\Data\Voyager\voyager1\mag\48s\reviewed_vim\2013\voyager1_48s_mag-vim_20130101_v01.cdf,C:\Users\Administrator\Documents\FWD_matlab\Voyager_fu\Voyager_Interstellar_Monthly\HighestPrecision_Segments\V1_MAG48s_segment_0371_20130325T063856_20130325T201544.png,ok,
1,372,2013-03-26 08:40:31,2013-03-26 21:22:55,12.7065597222222,711,48.383,4895.424,7200,240,Z:\SPART-WORK\Data\Voyager\voyager1\mag\48s\reviewed_vim\2013\voyager1_48s_mag-vim_20130101_v01.cdf,C:\Users\Administrator\Documents\FWD_matlab\Voyager_fu\Voyager_Interstellar_Monthly\HighestPrecision_Segments\V1_MAG48s_segment_0372_20130326T084031_20130326T212255.png,ok,
1,373,2013-03-27 06:11:44,2013-03-27 19:17:19,13.0932,932,48.383,2400.191,7200,240,Z:\SPART-WORK\Data\Voyager\voyager1\mag\48s\reviewed_vim\2013\voyager1_48s_mag-vim_20130101_v01.cdf,C:\Users\Administrator\Documents\FWD_matlab\Voyager_fu\Voyager_Interstellar_Monthly\HighestPrecision_Segments\V1_MAG48s_segment_0373_20130327T061144_20130327T191719.png,ok,
1,374,2013-03-28 07:10:56,2013-03-28 11:46:07,4.58663972222222,344,48.383,95.904,7200,240,Z:\SPART-WORK\Data\Voyager\voyager1\mag\48s\reviewed_vim\2013\voyager1_48s_mag-vim_20130101_v01.cdf,C:\Users\Administrator\Documents\FWD_matlab\Voyager_fu\Voyager_Interstellar_Monthly\HighestPrecision_Segments\V1_MAG48s_segment_0374_20130328T071056_20130328T114607.png,ok,
1,375,2013-03-28 14:38:55,2013-03-28 19:15:43,4.61327972222222,344,48.383,191.807000244141,7200,240,Z:\SPART-WORK\Data\Voyager\voyager1\mag\48s\reviewed_vim\2013\voyager1_48s_mag-vim_20130101_v01.cdf,C:\Users\Administrator\Documents\FWD_matlab\Voyager_fu\Voyager_Interstellar_Monthly\HighestPrecision_Segments\V1_MAG48s_segment_0375_20130328T143855_20130328T191543.png,ok,
1,376,2013-03-29 06:10:07,2013-03-29 20:22:56,14.21352,916,48.383,6623.424,7200,240,Z:\SPART-WORK\Data\Voyager\voyager1\mag\48s\reviewed_vim\2013\voyager1_48s_mag-vim_20130101_v01.cdf,C:\Users\Administrator\Documents\FWD_matlab\Voyager_fu\Voyager_Interstellar_Monthly\HighestPrecision_Segments\V1_MAG48s_segment_0376_20130329T061007_20130329T202256.png,ok,
1,377,2013-03-30 07:02:55,2013-03-30 11:00:31,3.95999972229004,298,48.383,48.385,7200,240,Z:\SPART-WORK\Data\Voyager\voyager1\mag\48s\reviewed_vim\2013\voyager1_48s_mag-vim_20130101_v01.cdf,C:\Users\Administrator\Documents\FWD_matlab\Voyager_fu\Voyager_Interstellar_Monthly\HighestPrecision_Segments\V1_MAG48s_segment_0377_20130330T070255_20130330T110031.png,ok,
1,378,2013-03-30 14:32:32,2013-03-30 16:15:43,1.71983972222222,129,48.383,95.039,7200,240,Z:\SPART-WORK\Data\Voyager\voyager1\mag\48s\reviewed_vim\2013\voyager1_48s_mag-vim_20130101_v01.cdf,C:\Users\Administrator\Documents\FWD_matlab\Voyager_fu\Voyager_Interstellar_Monthly\HighestPrecision_Segments\V1_MAG48s_segment_0378_20130330T143232_20130330T161543.png,ok,
1,379,2013-03-31 05:50:55,2013-03-31 20:06:55,14.2665597222222,1068,48.383,191.807,7200,240,Z:\SPART-WORK\Data\Voyager\voyager1\mag\48s\reviewed_vim\2013\voyager1_48s_mag-vim_20130101_v01.cdf,C:\Users\Administrator\Documents\FWD_matlab\Voyager_fu\Voyager_Interstellar_Monthly\HighestPrecision_Segments\V1_MAG48s_segment_0379_20130331T055055_20130331T200655.png,ok,
1,380,2013-04-01 05:42:55,2013-04-01 19:06:07,13.3867197222222,936,48.383,3167.423,7200,240,Z:\SPART-WORK\Data\Voyager\voyager1\mag\48s\reviewed_vim\2013\voyager1_48s_mag-vim_20130101_v01.cdf,C:\Users\Administrator\Documents\FWD_matlab\Voyager_fu\Voyager_Interstellar_Monthly\HighestPrecision_Segments\V1_MAG48s_segment_0380_20130401T054255_20130401T190607.png,ok,
1,381,2013-04-02 05:46:07,2013-04-02 19:06:07,13.3332,863,48.383,4128.192,7200,240,Z:\SPART-WORK\Data\Voyager\voyager1\mag\48s\reviewed_vim\2013\voyager1_48s_mag-vim_20130101_v01.cdf,C:\Users\Administrator\Documents\FWD_matlab\Voyager_fu\Voyager_Interstellar_Monthly\HighestPrecision_Segments\V1_MAG48s_segment_0381_20130402T054607_20130402T190607.png,ok,
1,382,2013-04-03 06:50:07,2013-04-03 19:21:19,12.5200799999322,806,48.383,6288.192,7200,240,Z:\SPART-WORK\Data\Voyager\voyager1\mag\48s\reviewed_vim\2013\voyager1_48s_mag-vim_20130101_v01.cdf,C:\Users\Administrator\Documents\FWD_matlab\Voyager_fu\Voyager_Interstellar_Monthly\HighestPrecision_Segments\V1_MAG48s_segment_0382_20130403T065007_20130403T192119.png,ok,
1,383,2013-04-04 03:01:19,2013-04-04 03:46:08,0.74688,2,2688.768,2688.768,7200,240,Z:\SPART-WORK\Data\Voyager\voyager1\mag\48s\reviewed_vim\2013\voyager1_48s_mag-vim_20130101_v01.cdf,C:\Users\Administrator\Documents\FWD_matlab\Voyager_fu\Voyager_Interstellar_Monthly\HighestPrecision_Segments\V1_MAG48s_segment_0383_20130404T030119_20130404T034608.png,ok,
1,384,2013-04-04 08:06:55,2013-04-04 10:35:43,2.47992,185,48.383,144.287,7200,240,Z:\SPART-WORK\Data\Voyager\voyager1\mag\48s\reviewed_vim\2013\voyager1_48s_mag-vim_20130101_v01.cdf,C:\Users\Administrator\Documents\FWD_matlab\Voyager_fu\Voyager_Interstellar_Monthly\HighestPrecision_Segments\V1_MAG48s_segment_0384_20130404T080655_20130404T103543.png,ok,
1,385,2013-04-04 14:21:19,2013-04-04 19:15:43,4.90679972222222,369,48.383,48.385,7200,240,Z:\SPART-WORK\Data\Voyager\voyager1\mag\48s\reviewed_vim\2013\voyager1_48s_mag-vim_20130101_v01.cdf,C:\Users\Administrator\Documents\FWD_matlab\Voyager_fu\Voyager_Interstellar_Monthly\HighestPrecision_Segments\V1_MAG48s_segment_0385_20130404T142119_20130404T191543.png,ok,
1,386,2013-04-05 07:39:44,2013-04-05 11:46:07,4.10640000006782,306,48.383,191.809,7200,240,Z:\SPART-WORK\Data\Voyager\voyager1\mag\48s\reviewed_vim\2013\voyager1_48s_mag-vim_20130101_v01.cdf,C:\Users\Administrator\Documents\FWD_matlab\Voyager_fu\Voyager_Interstellar_Monthly\HighestPrecision_Segments\V1_MAG48s_segment_0386_20130405T073944_20130405T114607.png,ok,
1,387,2013-04-05 14:08:32,2013-04-05 20:06:55,5.97312,449,48.383,48.385,7200,240,Z:\SPART-WORK\Data\Voyager\voyager1\mag\48s\reviewed_vim\2013\voyager1_48s_mag-vim_20130101_v01.cdf,C:\Users\Administrator\Documents\FWD_matlab\Voyager_fu\Voyager_Interstellar_Monthly\HighestPrecision_Segments\V1_MAG48s_segment_0387_20130405T140832_20130405T200655.png,ok,
1,388,2013-04-06 06:38:55,2013-04-06 12:03:43,5.41344,404,48.383,191.809,7200,240,Z:\SPART-WORK\Data\Voyager\voyager1\mag\48s\reviewed_vim\2013\voyager1_48s_mag-vim_20130101_v01.cdf,C:\Users\Administrator\Documents\FWD_matlab\Voyager_fu\Voyager_Interstellar_Monthly\HighestPrecision_Segments\V1_MAG48s_segment_0388_20130406T063855_20130406T120343.png,ok,
1,389,2013-04-06 14:06:55,2013-04-06 19:06:07,4.98672,374,48.383,96.768,7200,240,Z:\SPART-WORK\Data\Voyager\voyager1\mag\48s\reviewed_vim\2013\voyager1_48s_mag-vim_20130101_v01.cdf,C:\Users\Administrator\Documents\FWD_matlab\Voyager_fu\Voyager_Interstellar_Monthly\HighestPrecision_Segments\V1_MAG48s_segment_0389_20130406T140655_20130406T190607.png,ok,
1,390,2013-04-07 05:22:07,2013-04-07 12:23:43,7.02672027770996,525,48.383,192.672,7200,240,Z:\SPART-WORK\Data\Voyager\voyager1\mag\48s\reviewed_vim\2013\voyager1_48s_mag-vim_20130101_v01.cdf,C:\Users\Administrator\Documents\FWD_matlab\Voyager_fu\Voyager_Interstellar_Monthly\HighestPrecision_Segments\V1_MAG48s_segment_0390_20130407T052207_20130407T122343.png,ok,
1,391,2013-04-07 16:54:55,2013-04-08 00:21:19,7.44,557,48.383,143.424,7200,240,Z:\SPART-WORK\Data\Voyager\voyager1\mag\48s\reviewed_vim\2013\voyager1_48s_mag-vim_20130101_v01.cdf,C:\Users\Administrator\Documents\FWD_matlab\Voyager_fu\Voyager_Interstellar_Monthly\HighestPrecision_Segments\V1_MAG48s_segment_0391_20130407T165455_20130408T002119.png,ok,
1,392,2013-04-08 05:25:19,2013-04-08 11:16:31,5.85335972229004,439,48.383,96.768,7200,240,Z:\SPART-WORK\Data\Voyager\voyager1\mag\48s\reviewed_vim\2013\voyager1_48s_mag-vim_20130101_v01.cdf,C:\Users\Administrator\Documents\FWD_matlab\Voyager_fu\Voyager_Interstellar_Monthly\HighestPrecision_Segments\V1_MAG48s_segment_0392_20130408T052519_20130408T111631.png,ok,
1,393,2013-04-08 13:57:19,2013-04-08 21:37:19,7.6668,575,48.383,96.768,7200,240,Z:\SPART-WORK\Data\Voyager\voyager1\mag\48s\reviewed_vim\2013\voyager1_48s_mag-vim_20130101_v01.cdf,C:\Users\Administrator\Documents\FWD_matlab\Voyager_fu\Voyager_Interstellar_Monthly\HighestPrecision_Segments\V1_MAG48s_segment_0393_20130408T135719_20130408T213719.png,ok,
1,394,2013-04-09 12:51:43,2013-04-09 19:40:31,6.81336,510,48.383,144.289,7200,240,Z:\SPART-WORK\Data\Voyager\voyager1\mag\48s\reviewed_vim\2013\voyager1_48s_mag-vim_20130101_v01.cdf,C:\Users\Administrator\Documents\FWD_matlab\Voyager_fu\Voyager_Interstellar_Monthly\HighestPrecision_Segments\V1_MAG48s_segment_0394_20130409T125143_20130409T194031.png,ok,
1,395,2013-04-10 05:18:55,2013-04-10 19:02:07,13.72008,934,48.383,4271.615,7200,240,Z:\SPART-WORK\Data\Voyager\voyager1\mag\48s\reviewed_vim\2013\voyager1_48s_mag-vim_20130101_v01.cdf,C:\Users\Administrator\Documents\FWD_matlab\Voyager_fu\Voyager_Interstellar_Monthly\HighestPrecision_Segments\V1_MAG48s_segment_0395_20130410T051855_20130410T190207.png,ok,
1,396,2013-04-11 13:46:07,2013-04-11 20:46:07,6.99983972229004,524,48.383,143.424,7200,240,Z:\SPART-WORK\Data\Voyager\voyager1\mag\48s\reviewed_vim\2013\voyager1_48s_mag-vim_20130101_v01.cdf,C:\Users\Administrator\Documents\FWD_matlab\Voyager_fu\Voyager_Interstellar_Monthly\HighestPrecision_Segments\V1_MAG48s_segment_0396_20130411T134607_20130411T204607.png,ok,
1,397,2013-04-12 06:10:07,2013-04-12 22:41:19,16.5201597222222,1224,48.383,336.096000244141,7200,240,Z:\SPART-WORK\Data\Voyager\voyager1\mag\48s\reviewed_vim\2013\voyager1_48s_mag-vim_20130101_v01.cdf,C:\Users\Administrator\Documents\FWD_matlab\Voyager_fu\Voyager_Interstellar_Monthly\HighestPrecision_Segments\V1_MAG48s_segment_0397_20130412T061007_20130412T224119.png,ok,
1,398,2013-04-13 06:06:55,2013-04-13 23:01:19,16.9065597222222,1266,48.383,191.807,7200,240,Z:\SPART-WORK\Data\Voyager\voyager1\mag\48s\reviewed_vim\2013\voyager1_48s_mag-vim_20130101_v01.cdf,C:\Users\Administrator\Documents\FWD_matlab\Voyager_fu\Voyager_Interstellar_Monthly\HighestPrecision_Segments\V1_MAG48s_segment_0398_20130413T060655_20130413T230119.png,ok,
1,399,2013-04-14 04:56:31,2013-04-14 19:36:31,14.66664,1047,48.383,1632.096,7200,240,Z:\SPART-WORK\Data\Voyager\voyager1\mag\48s\reviewed_vim\2013\voyager1_48s_mag-vim_20130101_v01.cdf,C:\Users\Administrator\Documents\FWD_matlab\Voyager_fu\Voyager_Interstellar_Monthly\HighestPrecision_Segments\V1_MAG48s_segment_0399_20130414T045631_20130414T193631.png,ok,
1,400,2013-04-15 05:47:43,2013-04-15 21:35:43,15.7999202777778,1085,48.383,2351.808,7200,240,Z:\SPART-WORK\Data\Voyager\voyager1\mag\48s\reviewed_vim\2013\voyager1_48s_mag-vim_20130101_v01.cdf,C:\Users\Administrator\Documents\FWD_matlab\Voyager_fu\Voyager_Interstellar_Monthly\HighestPrecision_Segments\V1_MAG48s_segment_0400_20130415T054743_20130415T213543.png,ok,
1,401,2013-04-16 06:32:31,2013-04-16 21:37:19,15.07992,1100,48.383,1536.192,7200,240,Z:\SPART-WORK\Data\Voyager\voyager1\mag\48s\reviewed_vim\2013\voyager1_48s_mag-vim_20130101_v01.cdf,C:\Users\Administrator\Documents\FWD_matlab\Voyager_fu\Voyager_Interstellar_Monthly\HighestPrecision_Segments\V1_MAG48s_segment_0401_20130416T063231_20130416T213719.png,ok,
1,402,2013-04-17 05:54:07,2013-04-17 21:37:19,15.72,1015,48.383,3647.808,7200,240,Z:\SPART-WORK\Data\Voyager\voyager1\mag\48s\reviewed_vim\2013\voyager1_48s_mag-vim_20130101_v01.cdf,C:\Users\Administrator\Documents\FWD_matlab\Voyager_fu\Voyager_Interstellar_Monthly\HighestPrecision_Segments\V1_MAG48s_segment_0402_20130417T055407_20130417T213719.png,ok,
1,403,2013-04-18 05:46:07,2013-04-18 19:26:07,13.6668,1024,48.383,143.424,7200,240,Z:\SPART-WORK\Data\Voyager\voyager1\mag\48s\reviewed_vim\2013\voyager1_48s_mag-vim_20130101_v01.cdf,C:\Users\Administrator\Documents\FWD_matlab\Voyager_fu\Voyager_Interstellar_Monthly\HighestPrecision_Segments\V1_MAG48s_segment_0403_20130418T054607_20130418T192607.png,ok,
1,404,2013-04-19 04:34:07,2013-04-19 19:02:07,14.4667199999322,1080,48.383,239.328,7200,240,Z:\SPART-WORK\Data\Voyager\voyager1\mag\48s\reviewed_vim\2013\voyager1_48s_mag-vim_20130101_v01.cdf,C:\Users\Administrator\Documents\FWD_matlab\Voyager_fu\Voyager_Interstellar_Monthly\HighestPrecision_Segments\V1_MAG48s_segment_0404_20130419T043407_20130419T190207.png,ok,
1,405,2013-04-20 05:41:19,2013-04-20 12:26:07,6.74664,504,48.383,191.807000244141,7200,240,Z:\SPART-WORK\Data\Voyager\voyager1\mag\48s\reviewed_vim\2013\voyager1_48s_mag-vim_20130101_v01.cdf,C:\Users\Administrator\Documents\FWD_matlab\Voyager_fu\Voyager_Interstellar_Monthly\HighestPrecision_Segments\V1_MAG48s_segment_0405_20130420T054119_20130420T122607.png,ok,
1,406,2013-04-20 16:26:07,2013-04-20 22:37:19,6.18671999993218,465,48.383,48.385,7200,240,Z:\SPART-WORK\Data\Voyager\voyager1\mag\48s\reviewed_vim\2013\voyager1_48s_mag-vim_20130101_v01.cdf,C:\Users\Administrator\Documents\FWD_matlab\Voyager_fu\Voyager_Interstellar_Monthly\HighestPrecision_Segments\V1_MAG48s_segment_0406_20130420T162607_20130420T223719.png,ok,
1,407,2013-04-21 04:21:19,2013-04-21 12:30:55,8.16023972222222,612,48.383,96.768,7200,240,Z:\SPART-WORK\Data\Voyager\voyager1\mag\48s\reviewed_vim\2013\voyager1_48s_mag-vim_20130101_v01.cdf,C:\Users\Administrator\Documents\FWD_matlab\Voyager_fu\Voyager_Interstellar_Monthly\HighestPrecision_Segments\V1_MAG48s_segment_0407_20130421T042119_20130421T123055.png,ok,
1,408,2013-04-21 16:43:43,2013-04-21 21:36:31,4.87992027777778,366,48.383,95.904,7200,240,Z:\SPART-WORK\Data\Voyager\voyager1\mag\48s\reviewed_vim\2013\voyager1_48s_mag-vim_20130101_v01.cdf,C:\Users\Administrator\Documents\FWD_matlab\Voyager_fu\Voyager_Interstellar_Monthly\HighestPrecision_Segments\V1_MAG48s_segment_0408_20130421T164343_20130421T213631.png,ok,
1,409,2013-04-22 05:30:08,2013-04-22 19:36:31,14.1064802777778,959,48.383,4367.52,7200,240,Z:\SPART-WORK\Data\Voyager\voyager1\mag\48s\reviewed_vim\2013\voyager1_48s_mag-vim_20130101_v01.cdf,C:\Users\Administrator\Documents\FWD_matlab\Voyager_fu\Voyager_Interstellar_Monthly\HighestPrecision_Segments\V1_MAG48s_segment_0409_20130422T053008_20130422T193631.png,ok,
1,410,2013-04-23 04:13:19,2013-04-23 21:37:19,17.3999997222222,1180,48.383,4799.521,7200,240,Z:\SPART-WORK\Data\Voyager\voyager1\mag\48s\reviewed_vim\2013\voyager1_48s_mag-vim_20130101_v01.cdf,C:\Users\Administrator\Documents\FWD_matlab\Voyager_fu\Voyager_Interstellar_Monthly\HighestPrecision_Segments\V1_MAG48s_segment_0410_20130423T041319_20130423T213719.png,ok,
1,411,2013-04-24 04:40:31,2013-04-24 10:16:31,5.59991972222222,418,48.383,191.807,7200,240,Z:\SPART-WORK\Data\Voyager\voyager1\mag\48s\reviewed_vim\2013\voyager1_48s_mag-vim_20130101_v01.cdf,C:\Users\Administrator\Documents\FWD_matlab\Voyager_fu\Voyager_Interstellar_Monthly\HighestPrecision_Segments\V1_MAG48s_segment_0411_20130424T044031_20130424T101631.png,ok,
1,412,2013-04-24 12:38:55,2013-04-24 14:13:18,1.5732,119,48.383,48.385,7200,240,Z:\SPART-WORK\Data\Voyager\voyager1\mag\48s\reviewed_vim\2013\voyager1_48s_mag-vim_20130101_v01.cdf,C:\Users\Administrator\Documents\FWD_matlab\Voyager_fu\Voyager_Interstellar_Monthly\HighestPrecision_Segments\V1_MAG48s_segment_0412_20130424T123855_20130424T141318.png,ok,
1,413,2013-04-24 20:53:19,2013-04-24 21:01:19,0.133439722222222,8,48.3830002441406,191.807000244141,7200,240,Z:\SPART-WORK\Data\Voyager\voyager1\mag\48s\reviewed_vim\2013\voyager1_48s_mag-vim_20130101_v01.cdf,C:\Users\Administrator\Documents\FWD_matlab\Voyager_fu\Voyager_Interstellar_Monthly\HighestPrecision_Segments\V1_MAG48s_segment_0413_20130424T205319_20130424T210119.png,ok,
1,414,2013-04-25 05:25:19,2013-04-25 20:37:19,15.19992,1140,48.383,95.903,7200,240,Z:\SPART-WORK\Data\Voyager\voyager1\mag\48s\reviewed_vim\2013\voyager1_48s_mag-vim_20130101_v01.cdf,C:\Users\Administrator\Documents\FWD_matlab\Voyager_fu\Voyager_Interstellar_Monthly\HighestPrecision_Segments\V1_MAG48s_segment_0414_20130425T052519_20130425T203719.png,ok,
1,415,2013-04-26 05:17:19,2013-04-26 19:21:19,14.06664027771,1009,48.383,1968.192,7200,240,Z:\SPART-WORK\Data\Voyager\voyager1\mag\48s\reviewed_vim\2013\voyager1_48s_mag-vim_20130101_v01.cdf,C:\Users\Administrator\Documents\FWD_matlab\Voyager_fu\Voyager_Interstellar_Monthly\HighestPrecision_Segments\V1_MAG48s_segment_0415_20130426T051719_20130426T192119.png,ok,
1,416,2013-04-27 04:11:42,2013-04-27 14:06:07,9.90696,743,48.383,96.768,7200,240,Z:\SPART-WORK\Data\Voyager\voyager1\mag\48s\reviewed_vim\2013\voyager1_48s_mag-vim_20130101_v01.cdf,C:\Users\Administrator\Documents\FWD_matlab\Voyager_fu\Voyager_Interstellar_Monthly\HighestPrecision_Segments\V1_MAG48s_segment_0416_20130427T041142_20130427T140607.png,ok,
1,417,2013-04-27 16:54:54,2013-04-27 22:10:55,5.2668,388,48.383,191.809,7200,240,Z:\SPART-WORK\Data\Voyager\voyager1\mag\48s\reviewed_vim\2013\voyager1_48s_mag-vim_20130101_v01.cdf,C:\Users\Administrator\Documents\FWD_matlab\Voyager_fu\Voyager_Interstellar_Monthly\HighestPrecision_Segments\V1_MAG48s_segment_0417_20130427T165454_20130427T221055.png,ok,
1,418,2013-04-28 04:02:07,2013-04-28 19:26:07,15.4000800000678,1037,48.383,5472.576,7200,240,Z:\SPART-WORK\Data\Voyager\voyager1\mag\48s\reviewed_vim\2013\voyager1_48s_mag-vim_20130101_v01.cdf,C:\Users\Administrator\Documents\FWD_matlab\Voyager_fu\Voyager_Interstellar_Monthly\HighestPrecision_Segments\V1_MAG48s_segment_0418_20130428T040207_20130428T192607.png,ok,
1,419,2013-04-29 05:17:19,2013-04-29 21:22:54,16.09320027771,1107,48.383,4800.385,7200,240,Z:\SPART-WORK\Data\Voyager\voyager1\mag\48s\reviewed_vim\2013\voyager1_48s_mag-vim_20130101_v01.cdf,C:\Users\Administrator\Documents\FWD_matlab\Voyager_fu\Voyager_Interstellar_Monthly\HighestPrecision_Segments\V1_MAG48s_segment_0419_20130429T051719_20130429T212254.png,ok,
1,420,2013-04-30 18:00:31,2013-04-30 21:37:19,3.61343972222222,272,48.383,48.385,7200,240,Z:\SPART-WORK\Data\Voyager\voyager1\mag\48s\reviewed_vim\2013\voyager1_48s_mag-vim_20130101_v01.cdf,C:\Users\Administrator\Documents\FWD_matlab\Voyager_fu\Voyager_Interstellar_Monthly\HighestPrecision_Segments\V1_MAG48s_segment_0420_20130430T180031_20130430T213719.png,ok,
1,421,2013-05-01 18:00:31,2013-05-01 21:36:31,3.6,271,48.383,48.385,7200,240,Z:\SPART-WORK\Data\Voyager\voyager1\mag\48s\reviewed_vim\2013\voyager1_48s_mag-vim_20130101_v01.cdf,C:\Users\Administrator\Documents\FWD_matlab\Voyager_fu\Voyager_Interstellar_Monthly\HighestPrecision_Segments\V1_MAG48s_segment_0421_20130501T180031_20130501T213631.png,ok,
1,422,2013-05-02 04:38:55,2013-05-02 04:47:43,0.146639722290039,10,48.383,144.289,7200,240,Z:\SPART-WORK\Data\Voyager\voyager1\mag\48s\reviewed_vim\2013\voyager1_48s_mag-vim_20130101_v01.cdf,C:\Users\Administrator\Documents\FWD_matlab\Voyager_fu\Voyager_Interstellar_Monthly\HighestPrecision_Segments\V1_MAG48s_segment_0422_20130502T043855_20130502T044743.png,ok,
1,423,2013-05-02 10:26:55,2013-05-02 14:07:42,3.67991972222222,272,48.383,191.807999755859,7200,240,Z:\SPART-WORK\Data\Voyager\voyager1\mag\48s\reviewed_vim\2013\voyager1_48s_mag-vim_20130101_v01.cdf,C:\Users\Administrator\Documents\FWD_matlab\Voyager_fu\Voyager_Interstellar_Monthly\HighestPrecision_Segments\V1_MAG48s_segment_0423_20130502T102655_20130502T140742.png,ok,
1,424,2013-05-02 19:52:31,2013-05-02 20:36:31,0.733439722290039,56,48.383,48.385,7200,240,Z:\SPART-WORK\Data\Voyager\voyager1\mag\48s\reviewed_vim\2013\voyager1_48s_mag-vim_20130101_v01.cdf,C:\Users\Administrator\Documents\FWD_matlab\Voyager_fu\Voyager_Interstellar_Monthly\HighestPrecision_Segments\V1_MAG48s_segment_0424_20130502T195231_20130502T203631.png,ok,
1,425,2013-05-03 03:41:18,2013-05-03 21:22:07,17.6800802777778,1316,48.383,336.96,7200,240,Z:\SPART-WORK\Data\Voyager\voyager1\mag\48s\reviewed_vim\2013\voyager1_48s_mag-vim_20130101_v01.cdf,C:\Users\Administrator\Documents\FWD_matlab\Voyager_fu\Voyager_Interstellar_Monthly\HighestPrecision_Segments\V1_MAG48s_segment_0425_20130503T034118_20130503T212207.png,ok,
1,426,2013-05-04 03:33:19,2013-05-04 21:41:18,18.1332,1292,48.383,3071.52,7200,240,Z:\SPART-WORK\Data\Voyager\voyager1\mag\48s\reviewed_vim\2013\voyager1_48s_mag-vim_20130101_v01.cdf,C:\Users\Administrator\Documents\FWD_matlab\Voyager_fu\Voyager_Interstellar_Monthly\HighestPrecision_Segments\V1_MAG48s_segment_0426_20130504T033319_20130504T214118.png,ok,
1,427,2013-05-05 03:30:07,2013-05-05 19:01:18,15.51984,1162,48.383,191.807,7200,240,Z:\SPART-WORK\Data\Voyager\voyager1\mag\48s\reviewed_vim\2013\voyager1_48s_mag-vim_20130101_v01.cdf,C:\Users\Administrator\Documents\FWD_matlab\Voyager_fu\Voyager_Interstellar_Monthly\HighestPrecision_Segments\V1_MAG48s_segment_0427_20130505T033007_20130505T190118.png,ok,
1,428,2013-05-06 04:35:43,2013-05-06 21:35:42,16.99992,1188,48.383,4272.481,7200,240,Z:\SPART-WORK\Data\Voyager\voyager1\mag\48s\reviewed_vim\2013\voyager1_48s_mag-vim_20130101_v01.cdf,C:\Users\Administrator\Documents\FWD_matlab\Voyager_fu\Voyager_Interstellar_Monthly\HighestPrecision_Segments\V1_MAG48s_segment_0428_20130506T043543_20130506T213542.png,ok,
1,429,2013-05-07 04:30:55,2013-05-07 19:18:07,14.7866397222222,1028,48.383,3791.232,7200,240,Z:\SPART-WORK\Data\Voyager\voyager1\mag\48s\reviewed_vim\2013\voyager1_48s_mag-vim_20130101_v01.cdf,C:\Users\Administrator\Documents\FWD_matlab\Voyager_fu\Voyager_Interstellar_Monthly\HighestPrecision_Segments\V1_MAG48s_segment_0429_20130507T043055_20130507T191807.png,ok,
1,430,2013-05-08 06:10:06,2013-05-08 21:36:31,15.44016,1156,47.52,192.672000244141,7200,240,Z:\SPART-WORK\Data\Voyager\voyager1\mag\48s\reviewed_vim\2013\voyager1_48s_mag-vim_20130101_v01.cdf,C:\Users\Administrator\Documents\FWD_matlab\Voyager_fu\Voyager_Interstellar_Monthly\HighestPrecision_Segments\V1_MAG48s_segment_0430_20130508T061006_20130508T213631.png,ok,
1,431,2013-05-09 03:09:19,2013-05-09 19:06:06,15.94655972229,1197,47.52,49.249,7200,240,Z:\SPART-WORK\Data\Voyager\voyager1\mag\48s\reviewed_vim\2013\voyager1_48s_mag-vim_20130101_v01.cdf,C:\Users\Administrator\Documents\FWD_matlab\Voyager_fu\Voyager_Interstellar_Monthly\HighestPrecision_Segments\V1_MAG48s_segment_0431_20130509T030919_20130509T190606.png,ok,
1,432,2013-05-10 04:19:43,2013-05-10 21:21:18,17.02656,1268,47.52,336.097,7200,240,Z:\SPART-WORK\Data\Voyager\voyager1\mag\48s\reviewed_vim\2013\voyager1_48s_mag-vim_20130101_v01.cdf,C:\Users\Administrator\Documents\FWD_matlab\Voyager_fu\Voyager_Interstellar_Monthly\HighestPrecision_Segments\V1_MAG48s_segment_0432_20130510T041943_20130510T212118.png,ok,
1,433,2013-05-11 04:18:06,2013-05-11 21:17:18,16.9867202777778,1225,47.52,2208.383,7200,240,Z:\SPART-WORK\Data\Voyager\voyager1\mag\48s\reviewed_vim\2013\voyager1_48s_mag-vim_20130101_v01.cdf,C:\Users\Administrator\Documents\FWD_matlab\Voyager_fu\Voyager_Interstellar_Monthly\HighestPrecision_Segments\V1_MAG48s_segment_0433_20130511T041806_20130511T211718.png,ok,
1,434,2013-05-12 03:06:06,2013-05-12 21:12:29,18.1065597222222,1359,47.52,49.249,7200,240,Z:\SPART-WORK\Data\Voyager\voyager1\mag\48s\reviewed_vim\2013\voyager1_48s_mag-vim_20130101_v01.cdf,C:\Users\Administrator\Documents\FWD_matlab\Voyager_fu\Voyager_Interstellar_Monthly\HighestPrecision_Segments\V1_MAG48s_segment_0434_20130512T030606_20130512T211229.png,ok,
1,435,2013-05-13 03:17:18,2013-05-13 19:30:54,16.22664,1217,47.52,96.767,7200,240,Z:\SPART-WORK\Data\Voyager\voyager1\mag\48s\reviewed_vim\2013\voyager1_48s_mag-vim_20130101_v01.cdf,C:\Users\Administrator\Documents\FWD_matlab\Voyager_fu\Voyager_Interstellar_Monthly\HighestPrecision_Segments\V1_MAG48s_segment_0435_20130513T031718_20130513T193054.png,ok,
1,436,2013-05-14 06:11:42,2013-05-14 11:11:42,4.99992027777778,328,47.52,816.481,7200,240,Z:\SPART-WORK\Data\Voyager\voyager1\mag\48s\reviewed_vim\2013\voyager1_48s_mag-vim_20130101_v01.cdf,C:\Users\Administrator\Documents\FWD_matlab\Voyager_fu\Voyager_Interstellar_Monthly\HighestPrecision_Segments\V1_MAG48s_segment_0436_20130514T061142_20130514T111142.png,ok,
1,437,2013-05-14 15:12:29,2013-05-14 18:37:18,3.41352027777778,254,47.52,190.945,7200,240,Z:\SPART-WORK\Data\Voyager\voyager1\mag\48s\reviewed_vim\2013\voyager1_48s_mag-vim_20130101_v01.cdf,C:\Users\Administrator\Documents\FWD_matlab\Voyager_fu\Voyager_Interstellar_Monthly\HighestPrecision_Segments\V1_MAG48s_segment_0437_20130514T151229_20130514T183718.png,ok,
1,438,2013-05-15 05:06:06,2013-05-15 10:46:55,5.68032027770996,402,47.52,959.904,7200,240,Z:\SPART-WORK\Data\Voyager\voyager1\mag\48s\reviewed_vim\2013\voyager1_48s_mag-vim_20130101_v01.cdf,C:\Users\Administrator\Documents\FWD_matlab\Voyager_fu\Voyager_Interstellar_Monthly\HighestPrecision_Segments\V1_MAG48s_segment_0438_20130515T050606_20130515T104655.png,ok,
1,439,2013-05-15 12:58:07,2013-05-15 19:06:54,6.1464,462,47.52,49.249,7200,240,Z:\SPART-WORK\Data\Voyager\voyager1\mag\48s\reviewed_vim\2013\voyager1_48s_mag-vim_20130101_v01.cdf,C:\Users\Administrator\Documents\FWD_matlab\Voyager_fu\Voyager_Interstellar_Monthly\HighestPrecision_Segments\V1_MAG48s_segment_0439_20130515T125807_20130515T190654.png,ok,
1,440,2013-05-16 03:12:29,2013-05-16 17:02:05,13.82664,987,47.52,1776.385,7200,240,Z:\SPART-WORK\Data\Voyager\voyager1\mag\48s\reviewed_vim\2013\voyager1_48s_mag-vim_20130101_v01.cdf,C:\Users\Administrator\Documents\FWD_matlab\Voyager_fu\Voyager_Interstellar_Monthly\HighestPrecision_Segments\V1_MAG48s_segment_0440_20130516T031229_20130516T170205.png,ok,
1,441,2013-05-17 03:44:30,2013-05-17 19:30:54,15.77328,1136,47.52,1391.904,7200,240,Z:\SPART-WORK\Data\Voyager\voyager1\mag\48s\reviewed_vim\2013\voyager1_48s_mag-vim_20130101_v01.cdf,C:\Users\Administrator\Documents\FWD_matlab\Voyager_fu\Voyager_Interstellar_Monthly\HighestPrecision_Segments\V1_MAG48s_segment_0441_20130517T034430_20130517T193054.png,ok,
1,442,2013-05-18 04:06:54,2013-05-18 20:16:30,16.1601599999322,1158,47.52,2399.328,7200,240,Z:\SPART-WORK\Data\Voyager\voyager1\mag\48s\reviewed_vim\2013\voyager1_48s_mag-vim_20130101_v01.cdf,C:\Users\Administrator\Documents\FWD_matlab\Voyager_fu\Voyager_Interstellar_Monthly\HighestPrecision_Segments\V1_MAG48s_segment_0442_20130518T040654_20130518T201630.png,ok,
1,443,2013-05-19 04:05:18,2013-05-19 20:16:30,16.1867997222222,1205,47.52,240.193,7200,240,Z:\SPART-WORK\Data\Voyager\voyager1\mag\48s\reviewed_vim\2013\voyager1_48s_mag-vim_20130101_v01.cdf,C:\Users\Administrator\Documents\FWD_matlab\Voyager_fu\Voyager_Interstellar_Monthly\HighestPrecision_Segments\V1_MAG48s_segment_0443_20130519T040518_20130519T201630.png,ok,
1,444,2013-05-20 04:08:30,2013-05-20 12:34:05,8.4264,632,47.52,95.903,7200,240,Z:\SPART-WORK\Data\Voyager\voyager1\mag\48s\reviewed_vim\2013\voyager1_48s_mag-vim_20130101_v01.cdf,C:\Users\Administrator\Documents\FWD_matlab\Voyager_fu\Voyager_Interstellar_Monthly\HighestPrecision_Segments\V1_MAG48s_segment_0444_20130520T040830_20130520T123405.png,ok,
1,445,2013-05-20 16:43:42,2013-05-20 20:36:30,3.88007972222222,289,47.52,190.944,7200,240,Z:\SPART-WORK\Data\Voyager\voyager1\mag\48s\reviewed_vim\2013\voyager1_48s_mag-vim_20130101_v01.cdf,C:\Users\Administrator\Documents\FWD_matlab\Voyager_fu\Voyager_Interstellar_Monthly\HighestPrecision_Segments\V1_MAG48s_segment_0445_20130520T164342_20130520T203630.png,ok,
1,446,2013-05-21 02:14:54,2013-05-21 20:31:42,18.2798397222222,1266,47.52,4703.616,7200,240,Z:\SPART-WORK\Data\Voyager\voyager1\mag\48s\reviewed_vim\2013\voyager1_48s_mag-vim_20130101_v01.cdf,C:\Users\Administrator\Documents\FWD_matlab\Voyager_fu\Voyager_Interstellar_Monthly\HighestPrecision_Segments\V1_MAG48s_segment_0446_20130521T021454_20130521T203142.png,ok,
1,447,2013-05-22 04:46:55,2013-05-22 06:26:54,1.66655972222222,123,47.52,192.673,7200,240,Z:\SPART-WORK\Data\Voyager\voyager1\mag\48s\reviewed_vim\2013\voyager1_48s_mag-vim_20130101_v01.cdf,C:\Users\Administrator\Documents\FWD_matlab\Voyager_fu\Voyager_Interstellar_Monthly\HighestPrecision_Segments\V1_MAG48s_segment_0447_20130522T044655_20130522T062654.png,ok,
1,448,2013-05-22 10:26:06,2013-05-22 18:31:42,8.09328,607,47.52,95.905,7200,240,Z:\SPART-WORK\Data\Voyager\voyager1\mag\48s\reviewed_vim\2013\voyager1_48s_mag-vim_20130101_v01.cdf,C:\Users\Administrator\Documents\FWD_matlab\Voyager_fu\Voyager_Interstellar_Monthly\HighestPrecision_Segments\V1_MAG48s_segment_0448_20130522T102606_20130522T183142.png,ok,
1,449,2013-05-23 02:16:30,2013-05-23 13:34:06,11.2932,781,47.52,3120.769,7200,240,Z:\SPART-WORK\Data\Voyager\voyager1\mag\48s\reviewed_vim\2013\voyager1_48s_mag-vim_20130101_v01.cdf,C:\Users\Administrator\Documents\FWD_matlab\Voyager_fu\Voyager_Interstellar_Monthly\HighestPrecision_Segments\V1_MAG48s_segment_0449_20130523T021630_20130523T133406.png,ok,
1,450,2013-05-23 17:41:17,2013-05-23 19:22:54,1.69344000006782,125,47.5200002441406,192.672,7200,240,Z:\SPART-WORK\Data\Voyager\voyager1\mag\48s\reviewed_vim\2013\voyager1_48s_mag-vim_20130101_v01.cdf,C:\Users\Administrator\Documents\FWD_matlab\Voyager_fu\Voyager_Interstellar_Monthly\HighestPrecision_Segments\V1_MAG48s_segment_0450_20130523T174117_20130523T192254.png,ok,
1,451,2013-05-24 03:30:05,2013-05-24 20:11:42,16.69344,1250,47.5200002441406,192.672,7200,240,Z:\SPART-WORK\Data\Voyager\voyager1\mag\48s\reviewed_vim\2013\voyager1_48s_mag-vim_20130101_v01.cdf,C:\Users\Administrator\Documents\FWD_matlab\Voyager_fu\Voyager_Interstellar_Monthly\HighestPrecision_Segments\V1_MAG48s_segment_0451_20130524T033005_20130524T201142.png,ok,
1,452,2013-05-25 02:54:54,2013-05-25 19:50:06,16.91999972229,1267,47.5200002441406,192.671999755859,7200,240,Z:\SPART-WORK\Data\Voyager\voyager1\mag\48s\reviewed_vim\2013\voyager1_48s_mag-vim_20130101_v01.cdf,C:\Users\Administrator\Documents\FWD_matlab\Voyager_fu\Voyager_Interstellar_Monthly\HighestPrecision_Segments\V1_MAG48s_segment_0452_20130525T025454_20130525T195006.png,ok,
1,453,2013-05-26 02:30:54,2013-05-26 20:15:42,17.74656,1330,47.5200002441406,145.153,7200,240,Z:\SPART-WORK\Data\Voyager\voyager1\mag\48s\reviewed_vim\2013\voyager1_48s_mag-vim_20130101_v01.cdf,C:\Users\Administrator\Documents\FWD_matlab\Voyager_fu\Voyager_Interstellar_Monthly\HighestPrecision_Segments\V1_MAG48s_segment_0453_20130526T023054_20130526T201542.png,ok,
1,454,2013-05-27 04:13:17,2013-05-27 19:34:53,15.3599997222222,1001,47.5209997558594,7102.944,7200,240,Z:\SPART-WORK\Data\Voyager\voyager1\mag\48s\reviewed_vim\2013\voyager1_48s_mag-vim_20130101_v01.cdf,C:\Users\Administrator\Documents\FWD_matlab\Voyager_fu\Voyager_Interstellar_Monthly\HighestPrecision_Segments\V1_MAG48s_segment_0454_20130527T041317_20130527T193453.png,ok,
1,455,2013-05-28 02:18:05,2013-05-28 10:25:17,8.11992,610,47.5209997558594,49.249,7200,240,Z:\SPART-WORK\Data\Voyager\voyager1\mag\48s\reviewed_vim\2013\voyager1_48s_mag-vim_20130101_v01.cdf,C:\Users\Administrator\Documents\FWD_matlab\Voyager_fu\Voyager_Interstellar_Monthly\HighestPrecision_Segments\V1_MAG48s_segment_0455_20130528T021805_20130528T102517.png,ok,
1,456,2013-05-28 13:06:06,2013-05-28 18:21:18,5.25336027770996,394,47.5209997558594,95.0409997558594,7200,240,Z:\SPART-WORK\Data\Voyager\voyager1\mag\48s\reviewed_vim\2013\voyager1_48s_mag-vim_20130101_v01.cdf,C:\Users\Administrator\Documents\FWD_matlab\Voyager_fu\Voyager_Interstellar_Monthly\HighestPrecision_Segments\V1_MAG48s_segment_0456_20130528T130606_20130528T182118.png,ok,
1,457,2013-05-29 01:47:42,2013-05-29 23:30:07,21.7068,1581,47.5209997558594,2255.90499975586,7200,240,Z:\SPART-WORK\Data\Voyager\voyager1\mag\48s\reviewed_vim\2013\voyager1_48s_mag-vim_20130101_v01.cdf,C:\Users\Administrator\Documents\FWD_matlab\Voyager_fu\Voyager_Interstellar_Monthly\HighestPrecision_Segments\V1_MAG48s_segment_0457_20130529T014742_20130529T233007.png,ok,
1,458,2013-05-30 01:49:18,2013-05-30 23:00:29,21.1864799999322,1513,47.5209997558594,2255.041,7200,240,Z:\SPART-WORK\Data\Voyager\voyager1\mag\48s\reviewed_vim\2013\voyager1_48s_mag-vim_20130101_v01.cdf,C:\Users\Administrator\Documents\FWD_matlab\Voyager_fu\Voyager_Interstellar_Monthly\HighestPrecision_Segments\V1_MAG48s_segment_0458_20130530T014918_20130530T230029.png,ok,
1,459,2013-05-31 11:17:18,2013-05-31 19:54:53,8.62656027777778,645,47.5209997558594,190.944,7200,240,Z:\SPART-WORK\Data\Voyager\voyager1\mag\48s\reviewed_vim\2013\voyager1_48s_mag-vim_20130101_v01.cdf,C:\Users\Administrator\Documents\FWD_matlab\Voyager_fu\Voyager_Interstellar_Monthly\HighestPrecision_Segments\V1_MAG48s_segment_0459_20130531T111718_20130531T195453.png,ok,
1,460,2013-06-01 03:30:05,2013-06-01 18:16:30,14.77343972229,1104,47.5209997558594,192.672,7200,240,Z:\SPART-WORK\Data\Voyager\voyager1\mag\48s\reviewed_vim\2013\voyager1_48s_mag-vim_20130101_v01.cdf,C:\Users\Administrator\Documents\FWD_matlab\Voyager_fu\Voyager_Interstellar_Monthly\HighestPrecision_Segments\V1_MAG48s_segment_0460_20130601T033005_20130601T181630.png,ok,
1,461,2013-06-02 01:41:19,2013-06-02 18:30:05,16.81296027771,1170,47.521,4272.48,7200,240,Z:\SPART-WORK\Data\Voyager\voyager1\mag\48s\reviewed_vim\2013\voyager1_48s_mag-vim_20130101_v01.cdf,C:\Users\Administrator\Documents\FWD_matlab\Voyager_fu\Voyager_Interstellar_Monthly\HighestPrecision_Segments\V1_MAG48s_segment_0461_20130602T014119_20130602T183005.png,ok,
1,462,2013-06-03 04:03:42,2013-06-03 16:54:53,12.8532,915,47.521,2401.056,7200,240,Z:\SPART-WORK\Data\Voyager\voyager1\mag\48s\reviewed_vim\2013\voyager1_48s_mag-vim_20130101_v01.cdf,C:\Users\Administrator\Documents\FWD_matlab\Voyager_fu\Voyager_Interstellar_Monthly\HighestPrecision_Segments\V1_MAG48s_segment_0462_20130603T040342_20130603T165453.png,ok,
1,463,2013-06-04 03:31:42,2013-06-04 10:19:41,6.79968027777778,455,47.521,2639.521,7200,240,Z:\SPART-WORK\Data\Voyager\voyager1\mag\48s\reviewed_vim\2013\voyager1_48s_mag-vim_20130101_v01.cdf,C:\Users\Administrator\Documents\FWD_matlab\Voyager_fu\Voyager_Interstellar_Monthly\HighestPrecision_Segments\V1_MAG48s_segment_0463_20130604T033142_20130604T101941.png,ok,
1,464,2013-06-04 14:21:18,2013-06-04 18:30:05,4.14648027777778,312,47.521,49.249,7200,240,Z:\SPART-WORK\Data\Voyager\voyager1\mag\48s\reviewed_vim\2013\voyager1_48s_mag-vim_20130101_v01.cdf,C:\Users\Administrator\Documents\FWD_matlab\Voyager_fu\Voyager_Interstellar_Monthly\HighestPrecision_Segments\V1_MAG48s_segment_0464_20130604T142118_20130604T183005.png,ok,
1,465,2013-06-05 02:45:17,2013-06-05 04:12:30,1.45344027777778,109,47.521,96.769,7200,240,Z:\SPART-WORK\Data\Voyager\voyager1\mag\48s\reviewed_vim\2013\voyager1_48s_mag-vim_20130101_v01.cdf,C:\Users\Administrator\Documents\FWD_matlab\Voyager_fu\Voyager_Interstellar_Monthly\HighestPrecision_Segments\V1_MAG48s_segment_0465_20130605T024517_20130605T041230.png,ok,
1,466,2013-06-05 07:58:54,2013-06-05 18:05:17,10.10664,745,47.521,576.288999755859,7200,240,Z:\SPART-WORK\Data\Voyager\voyager1\mag\48s\reviewed_vim\2013\voyager1_48s_mag-vim_20130101_v01.cdf,C:\Users\Administrator\Documents\FWD_matlab\Voyager_fu\Voyager_Interstellar_Monthly\HighestPrecision_Segments\V1_MAG48s_segment_0466_20130605T075854_20130605T180517.png,ok,
1,467,2013-06-06 06:43:42,2013-06-06 10:24:30,3.68016027777778,275,47.521,145.151,7200,240,Z:\SPART-WORK\Data\Voyager\voyager1\mag\48s\reviewed_vim\2013\voyager1_48s_mag-vim_20130101_v01.cdf,C:\Users\Administrator\Documents\FWD_matlab\Voyager_fu\Voyager_Interstellar_Monthly\HighestPrecision_Segments\V1_MAG48s_segment_0467_20130606T064342_20130606T102430.png,ok,
1,468,2013-06-06 13:36:30,2013-06-06 19:30:54,5.90664,442,47.521,144.288999755859,7200,240,Z:\SPART-WORK\Data\Voyager\voyager1\mag\48s\reviewed_vim\2013\voyager1_48s_mag-vim_20130101_v01.cdf,C:\Users\Administrator\Documents\FWD_matlab\Voyager_fu\Voyager_Interstellar_Monthly\HighestPrecision_Segments\V1_MAG48s_segment_0468_20130606T133630_20130606T193054.png,ok,
1,469,2013-06-07 02:10:06,2013-06-07 10:26:06,8.26679972222222,617,47.521,192.672,7200,240,Z:\SPART-WORK\Data\Voyager\voyager1\mag\48s\reviewed_vim\2013\voyager1_48s_mag-vim_20130101_v01.cdf,C:\Users\Administrator\Documents\FWD_matlab\Voyager_fu\Voyager_Interstellar_Monthly\HighestPrecision_Segments\V1_MAG48s_segment_0469_20130607T021006_20130607T102606.png,ok,
1,470,2013-06-07 14:24:31,2013-06-07 19:29:17,5.07959999993218,380,47.521,143.424,7200,240,Z:\SPART-WORK\Data\Voyager\voyager1\mag\48s\reviewed_vim\2013\voyager1_48s_mag-vim_20130101_v01.cdf,C:\Users\Administrator\Documents\FWD_matlab\Voyager_fu\Voyager_Interstellar_Monthly\HighestPrecision_Segments\V1_MAG48s_segment_0470_20130607T142431_20130607T192917.png,ok,
1,471,2013-06-08 03:33:18,2013-06-08 15:54:06,12.34655972229,916,47.521,383.615999755859,7200,240,Z:\SPART-WORK\Data\Voyager\voyager1\mag\48s\reviewed_vim\2013\voyager1_48s_mag-vim_20130101_v01.cdf,C:\Users\Administrator\Documents\FWD_matlab\Voyager_fu\Voyager_Interstellar_Monthly\HighestPrecision_Segments\V1_MAG48s_segment_0471_20130608T033318_20130608T155406.png,ok,
1,472,2013-06-09 03:34:53,2013-06-09 18:19:42,14.74704,1104,47.521,190.944,7200,240,Z:\SPART-WORK\Data\Voyager\voyager1\mag\48s\reviewed_vim\2013\voyager1_48s_mag-vim_20130101_v01.cdf,C:\Users\Administrator\Documents\FWD_matlab\Voyager_fu\Voyager_Interstellar_Monthly\HighestPrecision_Segments\V1_MAG48s_segment_0472_20130609T033453_20130609T181942.png,ok,
1,473,2013-06-10 07:46:05,2013-06-10 20:34:05,12.7999202777778,960,47.521,96.769,7200,240,Z:\SPART-WORK\Data\Voyager\voyager1\mag\48s\reviewed_vim\2013\voyager1_48s_mag-vim_20130101_v01.cdf,C:\Users\Administrator\Documents\FWD_matlab\Voyager_fu\Voyager_Interstellar_Monthly\HighestPrecision_Segments\V1_MAG48s_segment_0473_20130610T074605_20130610T203405.png,ok,
1,474,2013-06-11 11:28:30,2013-06-11 18:49:18,7.34664027777778,552,47.521,49.249,7200,240,Z:\SPART-WORK\Data\Voyager\voyager1\mag\48s\reviewed_vim\2013\voyager1_48s_mag-vim_20130101_v01.cdf,C:\Users\Administrator\Documents\FWD_matlab\Voyager_fu\Voyager_Interstellar_Monthly\HighestPrecision_Segments\V1_MAG48s_segment_0474_20130611T112830_20130611T184918.png,ok,
1,475,2013-06-12 08:50:06,2013-06-13 01:04:30,16.24008,1218,47.521,95.039,7200,240,Z:\SPART-WORK\Data\Voyager\voyager1\mag\48s\reviewed_vim\2013\voyager1_48s_mag-vim_20130101_v01.cdf,C:\Users\Administrator\Documents\FWD_matlab\Voyager_fu\Voyager_Interstellar_Monthly\HighestPrecision_Segments\V1_MAG48s_segment_0475_20130612T085006_20130613T010430.png,ok,
1,476,2013-06-13 07:14:05,2013-06-13 20:04:30,12.8402400000678,956,47.521,191.808,7200,240,Z:\SPART-WORK\Data\Voyager\voyager1\mag\48s\reviewed_vim\2013\voyager1_48s_mag-vim_20130101_v01.cdf,C:\Users\Administrator\Documents\FWD_matlab\Voyager_fu\Voyager_Interstellar_Monthly\HighestPrecision_Segments\V1_MAG48s_segment_0476_20130613T071405_20130613T200430.png,ok,
1,477,2013-06-14 06:48:29,2013-06-14 10:18:53,3.50663972222222,261,47.521,192.673,7200,240,Z:\SPART-WORK\Data\Voyager\voyager1\mag\48s\reviewed_vim\2013\voyager1_48s_mag-vim_20130101_v01.cdf,C:\Users\Administrator\Documents\FWD_matlab\Voyager_fu\Voyager_Interstellar_Monthly\HighestPrecision_Segments\V1_MAG48s_segment_0477_20130614T064829_20130614T101853.png,ok,
1,478,2013-06-14 17:52:30,2013-06-14 19:54:53,2.03976027777778,154,47.521,49.249,7200,240,Z:\SPART-WORK\Data\Voyager\voyager1\mag\48s\reviewed_vim\2013\voyager1_48s_mag-vim_20130101_v01.cdf,C:\Users\Administrator\Documents\FWD_matlab\Voyager_fu\Voyager_Interstellar_Monthly\HighestPrecision_Segments\V1_MAG48s_segment_0478_20130614T175230_20130614T195453.png,ok,
1,479,2013-06-14 22:50:06,2013-06-15 00:48:29,1.97328027770996,147,47.521,143.423000244141,7200,240,Z:\SPART-WORK\Data\Voyager\voyager1\mag\48s\reviewed_vim\2013\voyager1_48s_mag-vim_20130101_v01.cdf,C:\Users\Administrator\Documents\FWD_matlab\Voyager_fu\Voyager_Interstellar_Monthly\HighestPrecision_Segments\V1_MAG48s_segment_0479_20130614T225006_20130615T004829.png,ok,
1,480,2013-06-15 03:42:53,2013-06-15 18:54:06,15.1867200000678,1009,47.521,5903.711,7200,240,Z:\SPART-WORK\Data\Voyager\voyager1\mag\48s\reviewed_vim\2013\voyager1_48s_mag-vim_20130101_v01.cdf,C:\Users\Administrator\Documents\FWD_matlab\Voyager_fu\Voyager_Interstellar_Monthly\HighestPrecision_Segments\V1_MAG48s_segment_0480_20130615T034253_20130615T185406.png,ok,
1,481,2013-06-16 03:38:06,2013-06-16 17:54:06,14.26680027771,936,47.521,6384.095,7200,240,Z:\SPART-WORK\Data\Voyager\voyager1\mag\48s\reviewed_vim\2013\voyager1_48s_mag-vim_20130101_v01.cdf,C:\Users\Administrator\Documents\FWD_matlab\Voyager_fu\Voyager_Interstellar_Monthly\HighestPrecision_Segments\V1_MAG48s_segment_0481_20130616T033806_20130616T175406.png,ok,
1,482,2013-06-17 03:20:30,2013-06-17 17:53:18,14.54664,1025,47.521,3072.38300024414,7200,240,Z:\SPART-WORK\Data\Voyager\voyager1\mag\48s\reviewed_vim\2013\voyager1_48s_mag-vim_20130101_v01.cdf,C:\Users\Administrator\Documents\FWD_matlab\Voyager_fu\Voyager_Interstellar_Monthly\HighestPrecision_Segments\V1_MAG48s_segment_0482_20130617T032030_20130617T175318.png,ok,
1,483,2013-06-18 02:06:53,2013-06-18 18:45:18,16.64016,1131,47.521,5232.384,7200,240,Z:\SPART-WORK\Data\Voyager\voyager1\mag\48s\reviewed_vim\2013\voyager1_48s_mag-vim_20130101_v01.cdf,C:\Users\Administrator\Documents\FWD_matlab\Voyager_fu\Voyager_Interstellar_Monthly\HighestPrecision_Segments\V1_MAG48s_segment_0483_20130618T020653_20130618T184518.png,ok,
1,484,2013-06-19 07:06:05,2013-06-19 18:38:53,11.54664,815,47.521,2447.71199975586,7200,240,Z:\SPART-WORK\Data\Voyager\voyager1\mag\48s\reviewed_vim\2013\voyager1_48s_mag-vim_20130101_v01.cdf,C:\Users\Administrator\Documents\FWD_matlab\Voyager_fu\Voyager_Interstellar_Monthly\HighestPrecision_Segments\V1_MAG48s_segment_0484_20130619T070605_20130619T183853.png,ok,
1,485,2013-06-20 07:14:05,2013-06-20 20:33:18,13.3202400000678,953,47.521,2206.655,7200,240,Z:\SPART-WORK\Data\Voyager\voyager1\mag\48s\reviewed_vim\2013\voyager1_48s_mag-vim_20130101_v01.cdf,C:\Users\Administrator\Documents\FWD_matlab\Voyager_fu\Voyager_Interstellar_Monthly\HighestPrecision_Segments\V1_MAG48s_segment_0485_20130620T071405_20130620T203318.png,ok,
1,486,2013-06-21 02:18:05,2013-06-21 16:54:53,14.61336,1043,47.521,2496.095,7200,240,Z:\SPART-WORK\Data\Voyager\voyager1\mag\48s\reviewed_vim\2013\voyager1_48s_mag-vim_20130101_v01.cdf,C:\Users\Administrator\Documents\FWD_matlab\Voyager_fu\Voyager_Interstellar_Monthly\HighestPrecision_Segments\V1_MAG48s_segment_0486_20130621T021805_20130621T165453.png,ok,
1,487,2013-06-21 22:16:30,2013-06-22 00:23:42,2.11991972229004,157,47.521,192.672000244141,7200,240,Z:\SPART-WORK\Data\Voyager\voyager1\mag\48s\reviewed_vim\2013\voyager1_48s_mag-vim_20130101_v01.cdf,C:\Users\Administrator\Documents\FWD_matlab\Voyager_fu\Voyager_Interstellar_Monthly\HighestPrecision_Segments\V1_MAG48s_segment_0487_20130621T221630_20130622T002342.png,ok,
1,488,2013-06-22 04:43:41,2013-06-22 17:58:54,13.2535197222222,930,47.521,2783.80700024414,7200,240,Z:\SPART-WORK\Data\Voyager\voyager1\mag\48s\reviewed_vim\2013\voyager1_48s_mag-vim_20130101_v01.cdf,C:\Users\Administrator\Documents\FWD_matlab\Voyager_fu\Voyager_Interstellar_Monthly\HighestPrecision_Segments\V1_MAG48s_segment_0488_20130622T044341_20130622T175854.png,ok,
1,489,2013-06-22 20:06:53,2013-06-22 23:42:05,3.58656,268,47.521,144.288,7200,240,Z:\SPART-WORK\Data\Voyager\voyager1\mag\48s\reviewed_vim\2013\voyager1_48s_mag-vim_20130101_v01.cdf,C:\Users\Administrator\Documents\FWD_matlab\Voyager_fu\Voyager_Interstellar_Monthly\HighestPrecision_Segments\V1_MAG48s_segment_0489_20130622T200653_20130622T234205.png,ok,
1,490,2013-06-23 04:06:54,2013-06-23 17:57:17,13.83984027771,1039,47.521,49.249,7200,240,Z:\SPART-WORK\Data\Voyager\voyager1\mag\48s\reviewed_vim\2013\voyager1_48s_mag-vim_20130101_v01.cdf,C:\Users\Administrator\Documents\FWD_matlab\Voyager_fu\Voyager_Interstellar_Monthly\HighestPrecision_Segments\V1_MAG48s_segment_0490_20130623T040654_20130623T175717.png,ok,
1,491,2013-06-24 10:42:06,2013-06-24 21:18:53,10.61304,786,47.521,334.367,7200,240,Z:\SPART-WORK\Data\Voyager\voyager1\mag\48s\reviewed_vim\2013\voyager1_48s_mag-vim_20130101_v01.cdf,C:\Users\Administrator\Documents\FWD_matlab\Voyager_fu\Voyager_Interstellar_Monthly\HighestPrecision_Segments\V1_MAG48s_segment_0491_20130624T104206_20130624T211853.png,ok,
1,492,2013-06-25 00:32:30,2013-06-25 04:35:41,4.05312,303,47.521,145.151,7200,240,Z:\SPART-WORK\Data\Voyager\voyager1\mag\48s\reviewed_vim\2013\voyager1_48s_mag-vim_20130101_v01.cdf,C:\Users\Administrator\Documents\FWD_matlab\Voyager_fu\Voyager_Interstellar_Monthly\HighestPrecision_Segments\V1_MAG48s_segment_0492_20130625T003230_20130625T043541.png,ok,
1,493,2013-06-25 10:43:41,2013-06-25 17:48:30,7.08023972222222,532,47.521,49.249,7200,240,Z:\SPART-WORK\Data\Voyager\voyager1\mag\48s\reviewed_vim\2013\voyager1_48s_mag-vim_20130101_v01.cdf,C:\Users\Administrator\Documents\FWD_matlab\Voyager_fu\Voyager_Interstellar_Monthly\HighestPrecision_Segments\V1_MAG48s_segment_0493_20130625T104341_20130625T174830.png,ok,
1,494,2013-06-25 20:38:54,2013-06-26 00:07:41,3.47975972222222,262,47.521,49.249,7200,240,Z:\SPART-WORK\Data\Voyager\voyager1\mag\48s\reviewed_vim\2013\voyager1_48s_mag-vim_20130101_v01.cdf,C:\Users\Administrator\Documents\FWD_matlab\Voyager_fu\Voyager_Interstellar_Monthly\HighestPrecision_Segments\V1_MAG48s_segment_0494_20130625T203854_20130626T000741.png,ok,
1,495,2013-06-26 02:18:05,2013-06-26 17:42:54,15.41352,1149,47.521,336.096,7200,240,Z:\SPART-WORK\Data\Voyager\voyager1\mag\48s\reviewed_vim\2013\voyager1_48s_mag-vim_20130101_v01.cdf,C:\Users\Administrator\Documents\FWD_matlab\Voyager_fu\Voyager_Interstellar_Monthly\HighestPrecision_Segments\V1_MAG48s_segment_0495_20130626T021805_20130626T174254.png,ok,
1,496,2013-06-27 14:24:29,2013-06-27 17:38:05,3.22680027777778,241,47.521,143.424,7200,240,Z:\SPART-WORK\Data\Voyager\voyager1\mag\48s\reviewed_vim\2013\voyager1_48s_mag-vim_20130101_v01.cdf,C:\Users\Administrator\Documents\FWD_matlab\Voyager_fu\Voyager_Interstellar_Monthly\HighestPrecision_Segments\V1_MAG48s_segment_0496_20130627T142429_20130627T173805.png,ok,
1,497,2013-06-28 02:30:54,2013-06-28 23:13:18,20.7067197222222,1420,47.521,3696.193,7200,240,Z:\SPART-WORK\Data\Voyager\voyager1\mag\48s\reviewed_vim\2013\voyager1_48s_mag-vim_20130101_v01.cdf,C:\Users\Administrator\Documents\FWD_matlab\Voyager_fu\Voyager_Interstellar_Monthly\HighestPrecision_Segments\V1_MAG48s_segment_0497_20130628T023054_20130628T231318.png,ok,
1,498,2013-06-29 02:03:42,2013-06-29 17:57:17,15.89304,1082,47.521,4896.289,7200,240,Z:\SPART-WORK\Data\Voyager\voyager1\mag\48s\reviewed_vim\2013\voyager1_48s_mag-vim_20130101_v01.cdf,C:\Users\Administrator\Documents\FWD_matlab\Voyager_fu\Voyager_Interstellar_Monthly\HighestPrecision_Segments\V1_MAG48s_segment_0498_20130629T020342_20130629T175717.png,ok,
1,499,2013-06-30 00:58:05,2013-06-30 08:34:54,7.61352027777778,572,47.521,49.249,7200,240,Z:\SPART-WORK\Data\Voyager\voyager1\mag\48s\reviewed_vim\2013\voyager1_48s_mag-vim_20130101_v01.cdf,C:\Users\Administrator\Documents\FWD_matlab\Voyager_fu\Voyager_Interstellar_Monthly\HighestPrecision_Segments\V1_MAG48s_segment_0499_20130630T005805_20130630T083454.png,ok,
1,500,2013-06-30 10:42:06,2013-06-30 18:46:53,8.07959999993218,606,47.521,95.9049997558594,7200,240,Z:\SPART-WORK\Data\Voyager\voyager1\mag\48s\reviewed_vim\2013\voyager1_48s_mag-vim_20130101_v01.cdf,C:\Users\Administrator\Documents\FWD_matlab\Voyager_fu\Voyager_Interstellar_Monthly\HighestPrecision_Segments\V1_MAG48s_segment_0500_20130630T104206_20130630T184653.png,ok,
1,501,2013-07-01 03:17:17,2013-07-01 17:47:42,14.50679972229,1062,47.521,576.287000244141,7200,240,Z:\SPART-WORK\Data\Voyager\voyager1\mag\48s\reviewed_vim\2013\voyager1_48s_mag-vim_20130101_v01.cdf,C:\Users\Administrator\Documents\FWD_matlab\Voyager_fu\Voyager_Interstellar_Monthly\HighestPrecision_Segments\V1_MAG48s_segment_0501_20130701T031717_20130701T174742.png,ok,
1,502,2013-07-01 23:36:29,2013-07-02 17:47:42,18.18696,1075,47.521,6959.52,7200,240,Z:\SPART-WORK\Data\Voyager\voyager1\mag\48s\reviewed_vim\2013\voyager1_48s_mag-vim_20130101_v01.cdf,C:\Users\Administrator\Documents\FWD_matlab\Voyager_fu\Voyager_Interstellar_Monthly\HighestPrecision_Segments\V1_MAG48s_segment_0502_20130701T233629_20130702T174742.png,ok,
1,503,2013-07-03 02:35:41,2013-07-03 18:32:30,15.9468,1146,47.521,2303.424,7200,240,Z:\SPART-WORK\Data\Voyager\voyager1\mag\48s\reviewed_vim\2013\voyager1_48s_mag-vim_20130101_v01.cdf,C:\Users\Administrator\Documents\FWD_matlab\Voyager_fu\Voyager_Interstellar_Monthly\HighestPrecision_Segments\V1_MAG48s_segment_0503_20130703T023541_20130703T183230.png,ok,
1,504,2013-07-04 08:45:17,2013-07-04 18:31:42,9.77352,732,47.521,145.151,7200,240,Z:\SPART-WORK\Data\Voyager\voyager1\mag\48s\reviewed_vim\2013\voyager1_48s_mag-vim_20130101_v01.cdf,C:\Users\Administrator\Documents\FWD_matlab\Voyager_fu\Voyager_Interstellar_Monthly\HighestPrecision_Segments\V1_MAG48s_segment_0504_20130704T084517_20130704T183142.png,ok,
1,505,2013-07-05 02:22:53,2013-07-05 04:07:41,1.74672,131,47.521,95.903,7200,240,Z:\SPART-WORK\Data\Voyager\voyager1\mag\48s\reviewed_vim\2013\voyager1_48s_mag-vim_20130101_v01.cdf,C:\Users\Administrator\Documents\FWD_matlab\Voyager_fu\Voyager_Interstellar_Monthly\HighestPrecision_Segments\V1_MAG48s_segment_0505_20130705T022253_20130705T040741.png,ok,
1,506,2013-07-05 07:36:30,2013-07-05 17:32:29,9.93311972222222,718,47.521,625.537,7200,240,Z:\SPART-WORK\Data\Voyager\voyager1\mag\48s\reviewed_vim\2013\voyager1_48s_mag-vim_20130101_v01.cdf,C:\Users\Administrator\Documents\FWD_matlab\Voyager_fu\Voyager_Interstellar_Monthly\HighestPrecision_Segments\V1_MAG48s_segment_0506_20130705T073630_20130705T173229.png,ok,
1,507,2013-07-06 01:42:54,2013-07-06 17:30:54,15.80016,1051,47.521,5952.95900024414,7200,240,Z:\SPART-WORK\Data\Voyager\voyager1\mag\48s\reviewed_vim\2013\voyager1_48s_mag-vim_20130101_v01.cdf,C:\Users\Administrator\Documents\FWD_matlab\Voyager_fu\Voyager_Interstellar_Monthly\HighestPrecision_Segments\V1_MAG48s_segment_0507_20130706T014254_20130706T173054.png,ok,
1,508,2013-07-06 23:38:05,2013-07-07 03:10:54,3.54671972229004,264,47.521,191.807,7200,240,Z:\SPART-WORK\Data\Voyager\voyager1\mag\48s\reviewed_vim\2013\voyager1_48s_mag-vim_20130101_v01.cdf,C:\Users\Administrator\Documents\FWD_matlab\Voyager_fu\Voyager_Interstellar_Monthly\HighestPrecision_Segments\V1_MAG48s_segment_0508_20130706T233805_20130707T031054.png,ok,
1,509,2013-07-07 10:34:06,2013-07-07 17:26:06,6.86664027777778,505,47.521,479.52,7200,240,Z:\SPART-WORK\Data\Voyager\voyager1\mag\48s\reviewed_vim\2013\voyager1_48s_mag-vim_20130101_v01.cdf,C:\Users\Administrator\Documents\FWD_matlab\Voyager_fu\Voyager_Interstellar_Monthly\HighestPrecision_Segments\V1_MAG48s_segment_0509_20130707T103406_20130707T172606.png,ok,
1,510,2013-07-08 06:05:17,2013-07-08 17:21:18,11.2667997222222,806,47.521,1728.001,7200,240,Z:\SPART-WORK\Data\Voyager\voyager1\mag\48s\reviewed_vim\2013\voyager1_48s_mag-vim_20130101_v01.cdf,C:\Users\Administrator\Documents\FWD_matlab\Voyager_fu\Voyager_Interstellar_Monthly\HighestPrecision_Segments\V1_MAG48s_segment_0510_20130708T060517_20130708T172118.png,ok,
1,511,2013-07-09 06:40:29,2013-07-09 17:17:18,10.6135197222222,795,47.521,145.151,7200,240,Z:\SPART-WORK\Data\Voyager\voyager1\mag\48s\reviewed_vim\2013\voyager1_48s_mag-vim_20130101_v01.cdf,C:\Users\Administrator\Documents\FWD_matlab\Voyager_fu\Voyager_Interstellar_Monthly\HighestPrecision_Segments\V1_MAG48s_segment_0511_20130709T064029_20130709T171718.png,ok,
1,512,2013-07-10 10:19:41,2013-07-10 17:10:53,6.85344,503,47.521,191.808999755859,7200,240,Z:\SPART-WORK\Data\Voyager\voyager1\mag\48s\reviewed_vim\2013\voyager1_48s_mag-vim_20130101_v01.cdf,C:\Users\Administrator\Documents\FWD_matlab\Voyager_fu\Voyager_Interstellar_Monthly\HighestPrecision_Segments\V1_MAG48s_segment_0512_20130710T101941_20130710T171053.png,ok,
1,513,2013-07-11 02:03:42,2013-07-11 08:16:29,6.21311972222222,466,47.521,95.039,7200,240,Z:\SPART-WORK\Data\Voyager\voyager1\mag\48s\reviewed_vim\2013\voyager1_48s_mag-vim_20130101_v01.cdf,C:\Users\Administrator\Documents\FWD_matlab\Voyager_fu\Voyager_Interstellar_Monthly\HighestPrecision_Segments\V1_MAG48s_segment_0513_20130711T020342_20130711T081629.png,ok,
1,514,2013-07-11 11:06:06,2013-07-11 17:10:53,6.07992027770996,457,47.521,49.249,7200,240,Z:\SPART-WORK\Data\Voyager\voyager1\mag\48s\reviewed_vim\2013\voyager1_48s_mag-vim_20130101_v01.cdf,C:\Users\Administrator\Documents\FWD_matlab\Voyager_fu\Voyager_Interstellar_Monthly\HighestPrecision_Segments\V1_MAG48s_segment_0514_20130711T110606_20130711T171053.png,ok,
1,515,2013-07-11 19:52:30,2013-07-11 23:05:17,3.21312,239,47.521,190.944,7200,240,Z:\SPART-WORK\Data\Voyager\voyager1\mag\48s\reviewed_vim\2013\voyager1_48s_mag-vim_20130101_v01.cdf,C:\Users\Administrator\Documents\FWD_matlab\Voyager_fu\Voyager_Interstellar_Monthly\HighestPrecision_Segments\V1_MAG48s_segment_0515_20130711T195230_20130711T230517.png,ok,
1,516,2013-07-12 05:55:41,2013-07-12 07:01:18,1.09344027777778,83,47.521,49.249,7200,240,Z:\SPART-WORK\Data\Voyager\voyager1\mag\48s\reviewed_vim\2013\voyager1_48s_mag-vim_20130101_v01.cdf,C:\Users\Administrator\Documents\FWD_matlab\Voyager_fu\Voyager_Interstellar_Monthly\HighestPrecision_Segments\V1_MAG48s_segment_0516_20130712T055541_20130712T070118.png,ok,
1,517,2013-07-12 10:06:54,2013-07-12 17:05:17,6.97319999993218,523,47.521,95.0409997558594,7200,240,Z:\SPART-WORK\Data\Voyager\voyager1\mag\48s\reviewed_vim\2013\voyager1_48s_mag-vim_20130101_v01.cdf,C:\Users\Administrator\Documents\FWD_matlab\Voyager_fu\Voyager_Interstellar_Monthly\HighestPrecision_Segments\V1_MAG48s_segment_0517_20130712T100654_20130712T170517.png,ok,
1,518,2013-07-13 02:46:54,2013-07-13 17:00:29,14.2264797222222,1001,47.521,2735.424,7200,240,Z:\SPART-WORK\Data\Voyager\voyager1\mag\48s\reviewed_vim\2013\voyager1_48s_mag-vim_20130101_v01.cdf,C:\Users\Administrator\Documents\FWD_matlab\Voyager_fu\Voyager_Interstellar_Monthly\HighestPrecision_Segments\V1_MAG48s_segment_0518_20130713T024654_20130713T170029.png,ok,
1,519,2013-07-14 02:45:17,2013-07-14 09:25:17,6.66648027777778,498,47.521,190.944,7200,240,Z:\SPART-WORK\Data\Voyager\voyager1\mag\48s\reviewed_vim\2013\voyager1_48s_mag-vim_20130101_v01.cdf,C:\Users\Administrator\Documents\FWD_matlab\Voyager_fu\Voyager_Interstellar_Monthly\HighestPrecision_Segments\V1_MAG48s_segment_0519_20130714T024517_20130714T092517.png,ok,
1,520,2013-07-14 11:55:41,2013-07-14 16:54:53,4.98672027777778,374,47.521,95.905,7200,240,Z:\SPART-WORK\Data\Voyager\voyager1\mag\48s\reviewed_vim\2013\voyager1_48s_mag-vim_20130101_v01.cdf,C:\Users\Administrator\Documents\FWD_matlab\Voyager_fu\Voyager_Interstellar_Monthly\HighestPrecision_Segments\V1_MAG48s_segment_0520_20130714T115541_20130714T165453.png,ok,
1,521,2013-07-15 05:23:41,2013-07-15 14:16:29,8.87999972222222,527,47.521,6623.423,7200,240,Z:\SPART-WORK\Data\Voyager\voyager1\mag\48s\reviewed_vim\2013\voyager1_48s_mag-vim_20130101_v01.cdf,C:\Users\Administrator\Documents\FWD_matlab\Voyager_fu\Voyager_Interstellar_Monthly\HighestPrecision_Segments\V1_MAG48s_segment_0521_20130715T052341_20130715T141629.png,ok,
1,522,2013-07-16 03:15:40,2013-07-16 16:50:06,13.5736800000678,911,47.521,4800.38300024414,7200,240,Z:\SPART-WORK\Data\Voyager\voyager1\mag\48s\reviewed_vim\2013\voyager1_48s_mag-vim_20130101_v01.cdf,C:\Users\Administrator\Documents\FWD_matlab\Voyager_fu\Voyager_Interstellar_Monthly\HighestPrecision_Segments\V1_MAG48s_segment_0522_20130716T031540_20130716T165006.png,ok,
1,523,2013-07-17 05:07:41,2013-07-17 16:44:30,11.61336,749,47.521,5135.617,7200,240,Z:\SPART-WORK\Data\Voyager\voyager1\mag\48s\reviewed_vim\2013\voyager1_48s_mag-vim_20130101_v01.cdf,C:\Users\Administrator\Documents\FWD_matlab\Voyager_fu\Voyager_Interstellar_Monthly\HighestPrecision_Segments\V1_MAG48s_segment_0523_20130717T050741_20130717T164430.png,ok,
1,524,2013-07-19 03:07:41,2013-07-19 16:35:41,13.4666402777778,954,47.5209997558594,2544.47999975586,7200,240,Z:\SPART-WORK\Data\Voyager\voyager1\mag\48s\reviewed_vim\2013\voyager1_48s_mag-vim_20130101_v01.cdf,C:\Users\Administrator\Documents\FWD_matlab\Voyager_fu\Voyager_Interstellar_Monthly\HighestPrecision_Segments\V1_MAG48s_segment_0524_20130719T030741_20130719T163541.png,ok,
1,525,2013-07-20 05:04:30,2013-07-20 16:34:53,11.5065599999322,787,47.5209997558594,3504.38400024414,7200,240,Z:\SPART-WORK\Data\Voyager\voyager1\mag\48s\reviewed_vim\2013\voyager1_48s_mag-vim_20130101_v01.cdf,C:\Users\Administrator\Documents\FWD_matlab\Voyager_fu\Voyager_Interstellar_Monthly\HighestPrecision_Segments\V1_MAG48s_segment_0525_20130720T050430_20130720T163453.png,ok,
1,526,2013-07-21 03:07:41,2013-07-21 04:34:05,1.44,106,47.521,192.671,7200,240,Z:\SPART-WORK\Data\Voyager\voyager1\mag\48s\reviewed_vim\2013\voyager1_48s_mag-vim_20130101_v01.cdf,C:\Users\Administrator\Documents\FWD_matlab\Voyager_fu\Voyager_Interstellar_Monthly\HighestPrecision_Segments\V1_MAG48s_segment_0526_20130721T030741_20130721T043405.png,ok,
1,527,2013-07-21 11:31:42,2013-07-21 17:24:29,5.87976,440,47.5209997558594,143.425,7200,240,Z:\SPART-WORK\Data\Voyager\voyager1\mag\48s\reviewed_vim\2013\voyager1_48s_mag-vim_20130101_v01.cdf,C:\Users\Administrator\Documents\FWD_matlab\Voyager_fu\Voyager_Interstellar_Monthly\HighestPrecision_Segments\V1_MAG48s_segment_0527_20130721T113142_20130721T172429.png,ok,
1,528,2013-07-22 00:22:53,2013-07-22 08:53:18,8.50680027777778,637,47.5209997558594,145.153,7200,240,Z:\SPART-WORK\Data\Voyager\voyager1\mag\48s\reviewed_vim\2013\voyager1_48s_mag-vim_20130101_v01.cdf,C:\Users\Administrator\Documents\FWD_matlab\Voyager_fu\Voyager_Interstellar_Monthly\HighestPrecision_Segments\V1_MAG48s_segment_0528_20130722T002253_20130722T085318.png,ok,
1,529,2013-07-22 15:58:52,2013-07-22 22:18:53,6.3336,471,47.5209997558594,192.672,7200,240,Z:\SPART-WORK\Data\Voyager\voyager1\mag\48s\reviewed_vim\2013\voyager1_48s_mag-vim_20130101_v01.cdf,C:\Users\Administrator\Documents\FWD_matlab\Voyager_fu\Voyager_Interstellar_Monthly\HighestPrecision_Segments\V1_MAG48s_segment_0529_20130722T155852_20130722T221853.png,ok,
1,530,2013-07-23 00:35:40,2013-07-23 17:13:17,16.6267199999322,1148,47.5209997558594,4704.48,7200,240,Z:\SPART-WORK\Data\Voyager\voyager1\mag\48s\reviewed_vim\2013\voyager1_48s_mag-vim_20130101_v01.cdf,C:\Users\Administrator\Documents\FWD_matlab\Voyager_fu\Voyager_Interstellar_Monthly\HighestPrecision_Segments\V1_MAG48s_segment_0530_20130723T003540_20130723T171317.png,ok,
1,531,2013-07-24 03:09:17,2013-07-24 17:09:16,13.99991972229,937,47.5205,4897.152,7200,240,Z:\SPART-WORK\Data\Voyager\voyager1\mag\48s\reviewed_vim\2013\voyager1_48s_mag-vim_20130101_v01.cdf,C:\Users\Administrator\Documents\FWD_matlab\Voyager_fu\Voyager_Interstellar_Monthly\HighestPrecision_Segments\V1_MAG48s_segment_0531_20130724T030917_20130724T170916.png,ok,
1,532,2013-07-25 05:33:18,2013-07-25 16:07:41,10.57320027771,694,47.5200002441406,4848.769,7200,240,Z:\SPART-WORK\Data\Voyager\voyager1\mag\48s\reviewed_vim\2013\voyager1_48s_mag-vim_20130101_v01.cdf,C:\Users\Administrator\Documents\FWD_matlab\Voyager_fu\Voyager_Interstellar_Monthly\HighestPrecision_Segments\V1_MAG48s_segment_0532_20130725T053318_20130725T160741.png,ok,
1,533,2013-07-26 03:47:42,2013-07-26 17:04:30,13.2799200000678,995,47.5200002441406,143.423,7200,240,Z:\SPART-WORK\Data\Voyager\voyager1\mag\48s\reviewed_vim\2013\voyager1_48s_mag-vim_20130101_v01.cdf,C:\Users\Administrator\Documents\FWD_matlab\Voyager_fu\Voyager_Interstellar_Monthly\HighestPrecision_Segments\V1_MAG48s_segment_0533_20130726T034742_20130726T170430.png,ok,
1,534,2013-07-27 07:49:17,2013-07-27 16:04:28,8.25312027777778,584,47.5200002441406,1200.095,7200,240,Z:\SPART-WORK\Data\Voyager\voyager1\mag\48s\reviewed_vim\2013\voyager1_48s_mag-vim_20130101_v01.cdf,C:\Users\Administrator\Documents\FWD_matlab\Voyager_fu\Voyager_Interstellar_Monthly\HighestPrecision_Segments\V1_MAG48s_segment_0534_20130727T074917_20130727T160428.png,ok,
1,535,2013-07-27 23:39:41,2013-07-28 02:22:53,2.71992027777778,204,47.5200002441406,95.904,7200,240,Z:\SPART-WORK\Data\Voyager\voyager1\mag\48s\reviewed_vim\2013\voyager1_48s_mag-vim_20130101_v01.cdf,C:\Users\Administrator\Documents\FWD_matlab\Voyager_fu\Voyager_Interstellar_Monthly\HighestPrecision_Segments\V1_MAG48s_segment_0535_20130727T233941_20130728T022253.png,ok,
1,536,2013-07-28 08:48:28,2013-07-28 16:54:04,8.09328,606,47.52,143.423,7200,240,Z:\SPART-WORK\Data\Voyager\voyager1\mag\48s\reviewed_vim\2013\voyager1_48s_mag-vim_20130101_v01.cdf,C:\Users\Administrator\Documents\FWD_matlab\Voyager_fu\Voyager_Interstellar_Monthly\HighestPrecision_Segments\V1_MAG48s_segment_0536_20130728T084828_20130728T165404.png,ok,
1,537,2013-07-29 02:18:05,2013-07-29 15:54:06,13.60007972229,922,47.52,4703.61699975586,7200,240,Z:\SPART-WORK\Data\Voyager\voyager1\mag\48s\reviewed_vim\2013\voyager1_48s_mag-vim_20130101_v01.cdf,C:\Users\Administrator\Documents\FWD_matlab\Voyager_fu\Voyager_Interstellar_Monthly\HighestPrecision_Segments\V1_MAG48s_segment_0537_20130729T021805_20130729T155406.png,ok,
1,538,2013-07-30 02:02:05,2013-07-30 15:51:41,13.82664,943,47.52,4463.423,7200,240,Z:\SPART-WORK\Data\Voyager\voyager1\mag\48s\reviewed_vim\2013\voyager1_48s_mag-vim_20130101_v01.cdf,C:\Users\Administrator\Documents\FWD_matlab\Voyager_fu\Voyager_Interstellar_Monthly\HighestPrecision_Segments\V1_MAG48s_segment_0538_20130730T020205_20130730T155141.png,ok,
1,539,2013-07-31 04:40:28,2013-07-31 08:17:17,3.61343972222222,271,47.52,95.903,7200,240,Z:\SPART-WORK\Data\Voyager\voyager1\mag\48s\reviewed_vim\2013\voyager1_48s_mag-vim_20130101_v01.cdf,C:\Users\Administrator\Documents\FWD_matlab\Voyager_fu\Voyager_Interstellar_Monthly\HighestPrecision_Segments\V1_MAG48s_segment_0539_20130731T044028_20130731T081717.png,ok,
1,540,2013-07-31 10:40:28,2013-07-31 15:46:53,5.10671972222222,381,47.52,191.807,7200,240,Z:\SPART-WORK\Data\Voyager\voyager1\mag\48s\reviewed_vim\2013\voyager1_48s_mag-vim_20130101_v01.cdf,C:\Users\Administrator\Documents\FWD_matlab\Voyager_fu\Voyager_Interstellar_Monthly\HighestPrecision_Segments\V1_MAG48s_segment_0540_20130731T104028_20130731T154653.png,ok,
1,541,2013-08-01 04:48:30,2013-08-01 16:17:17,11.4799202777778,820,47.52,1920.671,7200,240,Z:\SPART-WORK\Data\Voyager\voyager1\mag\48s\reviewed_vim\2013\voyager1_48s_mag-vim_20130101_v01.cdf,C:\Users\Administrator\Documents\FWD_matlab\Voyager_fu\Voyager_Interstellar_Monthly\HighestPrecision_Segments\V1_MAG48s_segment_0541_20130801T044830_20130801T161717.png,ok,
1,542,2013-08-02 02:38:53,2013-08-02 08:23:41,5.7468,429,47.52,192.672,7200,240,Z:\SPART-WORK\Data\Voyager\voyager1\mag\48s\reviewed_vim\2013\voyager1_48s_mag-vim_20130101_v01.cdf,C:\Users\Administrator\Documents\FWD_matlab\Voyager_fu\Voyager_Interstellar_Monthly\HighestPrecision_Segments\V1_MAG48s_segment_0542_20130802T023853_20130802T082341.png,ok,
1,543,2013-08-02 14:24:29,2013-08-02 17:18:05,2.89344027777778,218,47.52,49.249,7200,240,Z:\SPART-WORK\Data\Voyager\voyager1\mag\48s\reviewed_vim\2013\voyager1_48s_mag-vim_20130101_v01.cdf,C:\Users\Administrator\Documents\FWD_matlab\Voyager_fu\Voyager_Interstellar_Monthly\HighestPrecision_Segments\V1_MAG48s_segment_0543_20130802T142429_20130802T171805.png,ok,
1,544,2013-08-03 04:43:41,2013-08-03 08:06:53,3.38664,254,47.52,95.9030002441406,7200,240,Z:\SPART-WORK\Data\Voyager\voyager1\mag\48s\reviewed_vim\2013\voyager1_48s_mag-vim_20130101_v01.cdf,C:\Users\Administrator\Documents\FWD_matlab\Voyager_fu\Voyager_Interstellar_Monthly\HighestPrecision_Segments\V1_MAG48s_segment_0544_20130803T044341_20130803T080653.png,ok,
1,545,2013-08-03 11:14:05,2013-08-03 15:33:17,4.32000027770996,324,47.52,95.0409997558594,7200,240,Z:\SPART-WORK\Data\Voyager\voyager1\mag\48s\reviewed_vim\2013\voyager1_48s_mag-vim_20130101_v01.cdf,C:\Users\Administrator\Documents\FWD_matlab\Voyager_fu\Voyager_Interstellar_Monthly\HighestPrecision_Segments\V1_MAG48s_segment_0545_20130803T111405_20130803T153317.png,ok,
1,546,2013-08-04 02:51:41,2013-08-04 08:01:17,5.16,387,47.52,96.769,7200,240,Z:\SPART-WORK\Data\Voyager\voyager1\mag\48s\reviewed_vim\2013\voyager1_48s_mag-vim_20130101_v01.cdf,C:\Users\Administrator\Documents\FWD_matlab\Voyager_fu\Voyager_Interstellar_Monthly\HighestPrecision_Segments\V1_MAG48s_segment_0546_20130804T025141_20130804T080117.png,ok,
1,547,2013-08-05 03:55:41,2013-08-05 07:56:29,4.01352027770996,299,47.52,192.672,7200,240,Z:\SPART-WORK\Data\Voyager\voyager1\mag\48s\reviewed_vim\2013\voyager1_48s_mag-vim_20130101_v01.cdf,C:\Users\Administrator\Documents\FWD_matlab\Voyager_fu\Voyager_Interstellar_Monthly\HighestPrecision_Segments\V1_MAG48s_segment_0547_20130805T035541_20130805T075629.png,ok,
1,548,2013-08-05 13:41:17,2013-08-05 15:26:04,1.74648027777778,132,47.52,49.249,7200,240,Z:\SPART-WORK\Data\Voyager\voyager1\mag\48s\reviewed_vim\2013\voyager1_48s_mag-vim_20130101_v01.cdf,C:\Users\Administrator\Documents\FWD_matlab\Voyager_fu\Voyager_Interstellar_Monthly\HighestPrecision_Segments\V1_MAG48s_segment_0548_20130805T134117_20130805T152604.png,ok,
1,549,2013-08-06 02:45:17,2013-08-06 03:09:17,0.399840277777778,28,47.52,192.672,7200,240,Z:\SPART-WORK\Data\Voyager\voyager1\mag\48s\reviewed_vim\2013\voyager1_48s_mag-vim_20130101_v01.cdf,C:\Users\Administrator\Documents\FWD_matlab\Voyager_fu\Voyager_Interstellar_Monthly\HighestPrecision_Segments\V1_MAG48s_segment_0549_20130806T024517_20130806T030917.png,ok,
1,550,2013-08-06 06:54:53,2013-08-06 07:51:41,0.946560277709961,72,47.52,49.249,7200,240,Z:\SPART-WORK\Data\Voyager\voyager1\mag\48s\reviewed_vim\2013\voyager1_48s_mag-vim_20130101_v01.cdf,C:\Users\Administrator\Documents\FWD_matlab\Voyager_fu\Voyager_Interstellar_Monthly\HighestPrecision_Segments\V1_MAG48s_segment_0550_20130806T065453_20130806T075141.png,ok,
1,551,2013-08-06 10:05:18,2013-08-06 13:31:41,3.43968,259,47.5200001220703,49.249,7200,240,Z:\SPART-WORK\Data\Voyager\voyager1\mag\48s\reviewed_vim\2013\voyager1_48s_mag-vim_20130101_v01.cdf,C:\Users\Administrator\Documents\FWD_matlab\Voyager_fu\Voyager_Interstellar_Monthly\HighestPrecision_Segments\V1_MAG48s_segment_0551_20130806T100518_20130806T133141.png,ok,
1,552,2013-08-07 14:24:29,2013-08-07 15:22:05,0.960000277777778,73,47.52,49.249,7200,240,Z:\SPART-WORK\Data\Voyager\voyager1\mag\48s\reviewed_vim\2013\voyager1_48s_mag-vim_20130101_v01.cdf,C:\Users\Administrator\Documents\FWD_matlab\Voyager_fu\Voyager_Interstellar_Monthly\HighestPrecision_Segments\V1_MAG48s_segment_0552_20130807T142429_20130807T152205.png,ok,
1,553,2013-08-08 05:44:29,2013-08-08 07:46:05,2.02656000006782,150,47.52,192.672,7200,240,Z:\SPART-WORK\Data\Voyager\voyager1\mag\48s\reviewed_vim\2013\voyager1_48s_mag-vim_20130101_v01.cdf,C:\Users\Administrator\Documents\FWD_matlab\Voyager_fu\Voyager_Interstellar_Monthly\HighestPrecision_Segments\V1_MAG48s_segment_0553_20130808T054429_20130808T074605.png,ok,
1,554,2013-08-08 10:35:41,2013-08-08 15:15:40,4.66655972222222,348,47.52,190.944999755859,7200,240,Z:\SPART-WORK\Data\Voyager\voyager1\mag\48s\reviewed_vim\2013\voyager1_48s_mag-vim_20130101_v01.cdf,C:\Users\Administrator\Documents\FWD_matlab\Voyager_fu\Voyager_Interstellar_Monthly\HighestPrecision_Segments\V1_MAG48s_segment_0554_20130808T103541_20130808T151540.png,ok,
1,555,2013-08-09 02:51:41,2013-08-09 15:11:41,12.3333600000678,841,47.52,3935.52,7200,240,Z:\SPART-WORK\Data\Voyager\voyager1\mag\48s\reviewed_vim\2013\voyager1_48s_mag-vim_20130101_v01.cdf,C:\Users\Administrator\Documents\FWD_matlab\Voyager_fu\Voyager_Interstellar_Monthly\HighestPrecision_Segments\V1_MAG48s_segment_0555_20130809T025141_20130809T151141.png,ok,
1,556,2013-08-10 00:48:29,2013-08-10 16:46:05,15.95975972229,1127,47.52,2879.711,7200,240,Z:\SPART-WORK\Data\Voyager\voyager1\mag\48s\reviewed_vim\2013\voyager1_48s_mag-vim_20130101_v01.cdf,C:\Users\Administrator\Documents\FWD_matlab\Voyager_fu\Voyager_Interstellar_Monthly\HighestPrecision_Segments\V1_MAG48s_segment_0556_20130810T004829_20130810T164605.png,ok,
1,557,2013-08-11 00:02:05,2013-08-11 14:59:41,14.9601597222222,1090,47.52,1583.712,7200,240,Z:\SPART-WORK\Data\Voyager\voyager1\mag\48s\reviewed_vim\2013\voyager1_48s_mag-vim_20130101_v01.cdf,C:\Users\Administrator\Documents\FWD_matlab\Voyager_fu\Voyager_Interstellar_Monthly\HighestPrecision_Segments\V1_MAG48s_segment_0557_20130811T000205_20130811T145941.png,ok,
1,558,2013-08-12 01:06:05,2013-08-12 01:33:17,0.45336,34,47.52,95.905,7200,240,Z:\SPART-WORK\Data\Voyager\voyager1\mag\48s\reviewed_vim\2013\voyager1_48s_mag-vim_20130101_v01.cdf,C:\Users\Administrator\Documents\FWD_matlab\Voyager_fu\Voyager_Interstellar_Monthly\HighestPrecision_Segments\V1_MAG48s_segment_0558_20130812T010605_20130812T013317.png,ok,
1,559,2013-08-12 06:49:17,2013-08-12 09:32:30,2.72016,163,47.52,2015.711,7200,240,Z:\SPART-WORK\Data\Voyager\voyager1\mag\48s\reviewed_vim\2013\voyager1_48s_mag-vim_20130101_v01.cdf,C:\Users\Administrator\Documents\FWD_matlab\Voyager_fu\Voyager_Interstellar_Monthly\HighestPrecision_Segments\V1_MAG48s_segment_0559_20130812T064917_20130812T093230.png,ok,
1,560,2013-08-12 14:24:29,2013-08-12 14:59:41,0.5868,45,47.52,49.249,7200,240,Z:\SPART-WORK\Data\Voyager\voyager1\mag\48s\reviewed_vim\2013\voyager1_48s_mag-vim_20130101_v01.cdf,C:\Users\Administrator\Documents\FWD_matlab\Voyager_fu\Voyager_Interstellar_Monthly\HighestPrecision_Segments\V1_MAG48s_segment_0560_20130812T142429_20130812T145941.png,ok,
1,561,2013-08-12 21:09:17,2013-08-12 23:39:41,2.50679972222222,188,47.52,96.7670002441406,7200,240,Z:\SPART-WORK\Data\Voyager\voyager1\mag\48s\reviewed_vim\2013\voyager1_48s_mag-vim_20130101_v01.cdf,C:\Users\Administrator\Documents\FWD_matlab\Voyager_fu\Voyager_Interstellar_Monthly\HighestPrecision_Segments\V1_MAG48s_segment_0561_20130812T210917_20130812T233941.png,ok,
1,562,2013-08-13 02:48:28,2013-08-13 14:54:52,12.1065602777778,718,47.52,4799.519,7200,240,Z:\SPART-WORK\Data\Voyager\voyager1\mag\48s\reviewed_vim\2013\voyager1_48s_mag-vim_20130101_v01.cdf,C:\Users\Administrator\Documents\FWD_matlab\Voyager_fu\Voyager_Interstellar_Monthly\HighestPrecision_Segments\V1_MAG48s_segment_0562_20130813T024828_20130813T145452.png,ok,
1,563,2013-08-14 02:06:53,2013-08-14 06:36:29,4.49327972222222,337,47.52,95.903,7200,240,Z:\SPART-WORK\Data\Voyager\voyager1\mag\48s\reviewed_vim\2013\voyager1_48s_mag-vim_20130101_v01.cdf,C:\Users\Administrator\Documents\FWD_matlab\Voyager_fu\Voyager_Interstellar_Monthly\HighestPrecision_Segments\V1_MAG48s_segment_0563_20130814T020653_20130814T063629.png,ok,
1,564,2013-08-14 12:59:42,2013-08-14 15:46:05,2.7732,208,47.52,95.04,7200,240,Z:\SPART-WORK\Data\Voyager\voyager1\mag\48s\reviewed_vim\2013\voyager1_48s_mag-vim_20130101_v01.cdf,C:\Users\Administrator\Documents\FWD_matlab\Voyager_fu\Voyager_Interstellar_Monthly\HighestPrecision_Segments\V1_MAG48s_segment_0564_20130814T125942_20130814T154605.png,ok,
1,565,2013-08-15 02:05:17,2013-08-15 07:14:52,5.15976,386,47.52,145.152,7200,240,Z:\SPART-WORK\Data\Voyager\voyager1\mag\48s\reviewed_vim\2013\voyager1_48s_mag-vim_20130101_v01.cdf,C:\Users\Administrator\Documents\FWD_matlab\Voyager_fu\Voyager_Interstellar_Monthly\HighestPrecision_Segments\V1_MAG48s_segment_0565_20130815T020517_20130815T071452.png,ok,
1,566,2013-08-15 09:48:29,2013-08-15 15:39:41,5.85311972222222,437,47.52,191.808,7200,240,Z:\SPART-WORK\Data\Voyager\voyager1\mag\48s\reviewed_vim\2013\voyager1_48s_mag-vim_20130101_v01.cdf,C:\Users\Administrator\Documents\FWD_matlab\Voyager_fu\Voyager_Interstellar_Monthly\HighestPrecision_Segments\V1_MAG48s_segment_0566_20130815T094829_20130815T153941.png,ok,
1,567,2013-08-15 23:52:28,2013-08-16 07:09:16,7.27992027770996,546,47.52,96.7689997558594,7200,240,Z:\SPART-WORK\Data\Voyager\voyager1\mag\48s\reviewed_vim\2013\voyager1_48s_mag-vim_20130101_v01.cdf,C:\Users\Administrator\Documents\FWD_matlab\Voyager_fu\Voyager_Interstellar_Monthly\HighestPrecision_Segments\V1_MAG48s_segment_0567_20130815T235228_20130816T070916.png,ok,
1,568,2013-08-16 10:02:05,2013-08-16 14:38:53,4.61328027770996,347,47.52,49.249,7200,240,Z:\SPART-WORK\Data\Voyager\voyager1\mag\48s\reviewed_vim\2013\voyager1_48s_mag-vim_20130101_v01.cdf,C:\Users\Administrator\Documents\FWD_matlab\Voyager_fu\Voyager_Interstellar_Monthly\HighestPrecision_Segments\V1_MAG48s_segment_0568_20130816T100205_20130816T143853.png,ok,
1,569,2013-08-16 23:09:16,2013-08-17 14:34:05,15.41352027771,1010,47.52,5279.903,7200,240,Z:\SPART-WORK\Data\Voyager\voyager1\mag\48s\reviewed_vim\2013\voyager1_48s_mag-vim_20130101_v01.cdf,C:\Users\Administrator\Documents\FWD_matlab\Voyager_fu\Voyager_Interstellar_Monthly\HighestPrecision_Segments\V1_MAG48s_segment_0569_20130816T230916_20130817T143405.png,ok,
1,570,2013-08-17 21:50:53,2013-08-18 14:34:05,16.7200802777778,1005,47.52,5999.615,7200,240,Z:\SPART-WORK\Data\Voyager\voyager1\mag\48s\reviewed_vim\2013\voyager1_48s_mag-vim_20130101_v01.cdf,C:\Users\Administrator\Documents\FWD_matlab\Voyager_fu\Voyager_Interstellar_Monthly\HighestPrecision_Segments\V1_MAG48s_segment_0570_20130817T215053_20130818T143405.png,ok,
1,571,2013-08-19 04:45:17,2013-08-19 06:48:29,2.05344027770996,154,47.52,95.9030002441406,7200,240,Z:\SPART-WORK\Data\Voyager\voyager1\mag\48s\reviewed_vim\2013\voyager1_48s_mag-vim_20130101_v01.cdf,C:\Users\Administrator\Documents\FWD_matlab\Voyager_fu\Voyager_Interstellar_Monthly\HighestPrecision_Segments\V1_MAG48s_segment_0571_20130819T044517_20130819T064829.png,ok,
1,572,2013-08-20 02:14:53,2013-08-20 14:14:04,11.9865597222222,689,47.52,2447.713,7200,240,Z:\SPART-WORK\Data\Voyager\voyager1\mag\48s\reviewed_vim\2013\voyager1_48s_mag-vim_20130101_v01.cdf,C:\Users\Administrator\Documents\FWD_matlab\Voyager_fu\Voyager_Interstellar_Monthly\HighestPrecision_Segments\V1_MAG48s_segment_0572_20130820T021453_20130820T141404.png,ok,
1,573,2013-08-21 03:42:53,2013-08-21 06:53:16,3.17304027777778,236,47.52,190.943,7200,240,Z:\SPART-WORK\Data\Voyager\voyager1\mag\48s\reviewed_vim\2013\voyager1_48s_mag-vim_20130101_v01.cdf,C:\Users\Administrator\Documents\FWD_matlab\Voyager_fu\Voyager_Interstellar_Monthly\HighestPrecision_Segments\V1_MAG48s_segment_0573_20130821T034253_20130821T065316.png,ok,
1,574,2013-08-21 10:34:05,2013-08-21 15:14:04,4.66656027777778,351,47.52,49.249,7200,240,Z:\SPART-WORK\Data\Voyager\voyager1\mag\48s\reviewed_vim\2013\voyager1_48s_mag-vim_20130101_v01.cdf,C:\Users\Administrator\Documents\FWD_matlab\Voyager_fu\Voyager_Interstellar_Monthly\HighestPrecision_Segments\V1_MAG48s_segment_0574_20130821T103405_20130821T151404.png,ok,
1,575,2013-08-21 22:13:16,2013-08-22 02:11:41,3.97344,291,47.52,336.095,7200,240,Z:\SPART-WORK\Data\Voyager\voyager1\mag\48s\reviewed_vim\2013\voyager1_48s_mag-vim_20130101_v01.cdf,C:\Users\Administrator\Documents\FWD_matlab\Voyager_fu\Voyager_Interstellar_Monthly\HighestPrecision_Segments\V1_MAG48s_segment_0575_20130821T221316_20130822T021141.png,ok,
1,576,2013-08-22 04:43:41,2013-08-22 07:42:52,2.98631972222222,222,47.52,190.944999755859,7200,240,Z:\SPART-WORK\Data\Voyager\voyager1\mag\48s\reviewed_vim\2013\voyager1_48s_mag-vim_20130101_v01.cdf,C:\Users\Administrator\Documents\FWD_matlab\Voyager_fu\Voyager_Interstellar_Monthly\HighestPrecision_Segments\V1_MAG48s_segment_0576_20130822T044341_20130822T074252.png,ok,
1,577,2013-08-22 11:02:53,2013-08-22 15:07:41,4.07999972222222,307,47.52,49.249,7200,240,Z:\SPART-WORK\Data\Voyager\voyager1\mag\48s\reviewed_vim\2013\voyager1_48s_mag-vim_20130101_v01.cdf,C:\Users\Administrator\Documents\FWD_matlab\Voyager_fu\Voyager_Interstellar_Monthly\HighestPrecision_Segments\V1_MAG48s_segment_0577_20130822T110253_20130822T150741.png,ok,
1,578,2013-08-23 01:26:52,2013-08-23 06:42:53,5.26703999993218,393,47.52,192.672,7200,240,Z:\SPART-WORK\Data\Voyager\voyager1\mag\48s\reviewed_vim\2013\voyager1_48s_mag-vim_20130101_v01.cdf,C:\Users\Administrator\Documents\FWD_matlab\Voyager_fu\Voyager_Interstellar_Monthly\HighestPrecision_Segments\V1_MAG48s_segment_0578_20130823T012652_20130823T064253.png,ok,
1,579,2013-08-23 09:41:17,2013-08-23 14:14:04,4.54655972222222,339,47.52,190.945,7200,240,Z:\SPART-WORK\Data\Voyager\voyager1\mag\48s\reviewed_vim\2013\voyager1_48s_mag-vim_20130101_v01.cdf,C:\Users\Administrator\Documents\FWD_matlab\Voyager_fu\Voyager_Interstellar_Monthly\HighestPrecision_Segments\V1_MAG48s_segment_0579_20130823T094117_20130823T141404.png,ok,
1,580,2013-08-23 20:05:17,2013-08-24 15:48:29,19.7200802777778,1316,47.52,6911.999,7200,240,Z:\SPART-WORK\Data\Voyager\voyager1\mag\48s\reviewed_vim\2013\voyager1_48s_mag-vim_20130101_v01.cdf,C:\Users\Administrator\Documents\FWD_matlab\Voyager_fu\Voyager_Interstellar_Monthly\HighestPrecision_Segments\V1_MAG48s_segment_0580_20130823T200517_20130824T154829.png,ok,
1,581,2013-08-24 22:02:05,2013-08-25 14:02:04,15.99984,1091,47.52,4798.65600024414,7200,240,Z:\SPART-WORK\Data\Voyager\voyager1\mag\48s\reviewed_vim\2013\voyager1_48s_mag-vim_20130101_v01.cdf,C:\Users\Administrator\Documents\FWD_matlab\Voyager_fu\Voyager_Interstellar_Monthly\HighestPrecision_Segments\V1_MAG48s_segment_0581_20130824T220205_20130825T140204.png,ok,
1,582,2013-08-26 01:17:17,2013-08-26 13:57:17,12.6667197222222,835,47.52,5423.328,7200,240,Z:\SPART-WORK\Data\Voyager\voyager1\mag\48s\reviewed_vim\2013\voyager1_48s_mag-vim_20130101_v01.cdf,C:\Users\Administrator\Documents\FWD_matlab\Voyager_fu\Voyager_Interstellar_Monthly\HighestPrecision_Segments\V1_MAG48s_segment_0582_20130826T011717_20130826T135717.png,ok,
1,583,2013-08-27 03:18:52,2013-08-27 13:55:41,10.61352,723,47.52,3456,7200,240,Z:\SPART-WORK\Data\Voyager\voyager1\mag\48s\reviewed_vim\2013\voyager1_48s_mag-vim_20130101_v01.cdf,C:\Users\Administrator\Documents\FWD_matlab\Voyager_fu\Voyager_Interstellar_Monthly\HighestPrecision_Segments\V1_MAG48s_segment_0583_20130827T031852_20130827T135541.png,ok,
1,584,2013-08-28 06:42:04,2013-08-28 13:51:41,7.16016,518,47.52,528.769,7200,240,Z:\SPART-WORK\Data\Voyager\voyager1\mag\48s\reviewed_vim\2013\voyager1_48s_mag-vim_20130101_v01.cdf,C:\Users\Administrator\Documents\FWD_matlab\Voyager_fu\Voyager_Interstellar_Monthly\HighestPrecision_Segments\V1_MAG48s_segment_0584_20130828T064204_20130828T135141.png,ok,
1,585,2013-08-29 02:11:41,2013-08-29 07:17:17,5.09328,381,47.52,143.425,7200,240,Z:\SPART-WORK\Data\Voyager\voyager1\mag\48s\reviewed_vim\2013\voyager1_48s_mag-vim_20130101_v01.cdf,C:\Users\Administrator\Documents\FWD_matlab\Voyager_fu\Voyager_Interstellar_Monthly\HighestPrecision_Segments\V1_MAG48s_segment_0585_20130829T021141_20130829T071717.png,ok,
1,586,2013-08-29 09:44:29,2013-08-29 14:42:05,4.95984,370,47.52,192.672,7200,240,Z:\SPART-WORK\Data\Voyager\voyager1\mag\48s\reviewed_vim\2013\voyager1_48s_mag-vim_20130101_v01.cdf,C:\Users\Administrator\Documents\FWD_matlab\Voyager_fu\Voyager_Interstellar_Monthly\HighestPrecision_Segments\V1_MAG48s_segment_0586_20130829T094429_20130829T144205.png,ok,
1,587,2013-08-29 23:52:28,2013-08-30 14:36:29,14.73336,1054,47.52,2351.80800024414,7200,240,Z:\SPART-WORK\Data\Voyager\voyager1\mag\48s\reviewed_vim\2013\voyager1_48s_mag-vim_20130101_v01.cdf,C:\Users\Administrator\Documents\FWD_matlab\Voyager_fu\Voyager_Interstellar_Monthly\HighestPrecision_Segments\V1_MAG48s_segment_0587_20130829T235228_20130830T143629.png,ok,
1,588,2013-08-31 02:02:04,2013-08-31 07:06:53,5.08007999993218,382,47.52,49.249,7200,240,Z:\SPART-WORK\Data\Voyager\voyager1\mag\48s\reviewed_vim\2013\voyager1_48s_mag-vim_20130101_v01.cdf,C:\Users\Administrator\Documents\FWD_matlab\Voyager_fu\Voyager_Interstellar_Monthly\HighestPrecision_Segments\V1_MAG48s_segment_0588_20130831T020204_20130831T070653.png,ok,
1,589,2013-08-31 09:15:40,2013-08-31 14:31:40,5.26656027777778,393,47.52,190.943,7200,240,Z:\SPART-WORK\Data\Voyager\voyager1\mag\48s\reviewed_vim\2013\voyager1_48s_mag-vim_20130101_v01.cdf,C:\Users\Administrator\Documents\FWD_matlab\Voyager_fu\Voyager_Interstellar_Monthly\HighestPrecision_Segments\V1_MAG48s_segment_0589_20130831T091540_20130831T143140.png,ok,
1,590,2013-09-01 03:57:16,2013-09-01 10:42:04,6.74663972222222,479,47.52,1343.519,7200,240,Z:\SPART-WORK\Data\Voyager\voyager1\mag\48s\reviewed_vim\2013\voyager1_48s_mag-vim_20130101_v01.cdf,C:\Users\Administrator\Documents\FWD_matlab\Voyager_fu\Voyager_Interstellar_Monthly\HighestPrecision_Segments\V1_MAG48s_segment_0590_20130901T035716_20130901T104204.png,ok,
1,591,2013-09-01 12:48:29,2013-09-01 19:22:53,6.57311972222222,494,47.52,49.249,7200,240,Z:\SPART-WORK\Data\Voyager\voyager1\mag\48s\reviewed_vim\2013\voyager1_48s_mag-vim_20130101_v01.cdf,C:\Users\Administrator\Documents\FWD_matlab\Voyager_fu\Voyager_Interstellar_Monthly\HighestPrecision_Segments\V1_MAG48s_segment_0591_20130901T124829_20130901T192253.png,ok,
1,592,2013-09-02 03:28:28,2013-09-02 05:52:28,2.4,179,47.52,143.423,7200,240,Z:\SPART-WORK\Data\Voyager\voyager1\mag\48s\reviewed_vim\2013\voyager1_48s_mag-vim_20130101_v01.cdf,C:\Users\Administrator\Documents\FWD_matlab\Voyager_fu\Voyager_Interstellar_Monthly\HighestPrecision_Segments\V1_MAG48s_segment_0592_20130902T032828_20130902T055228.png,ok,
1,593,2013-09-02 09:42:53,2013-09-02 19:15:40,9.54624,696,47.52,623.809,7200,240,Z:\SPART-WORK\Data\Voyager\voyager1\mag\48s\reviewed_vim\2013\voyager1_48s_mag-vim_20130101_v01.cdf,C:\Users\Administrator\Documents\FWD_matlab\Voyager_fu\Voyager_Interstellar_Monthly\HighestPrecision_Segments\V1_MAG48s_segment_0593_20130902T094253_20130902T191540.png,ok,
1,594,2013-09-03 02:37:16,2013-09-03 13:25:16,10.8000002777778,811,47.52,49.249,7200,240,Z:\SPART-WORK\Data\Voyager\voyager1\mag\48s\reviewed_vim\2013\voyager1_48s_mag-vim_20130101_v01.cdf,C:\Users\Administrator\Documents\FWD_matlab\Voyager_fu\Voyager_Interstellar_Monthly\HighestPrecision_Segments\V1_MAG48s_segment_0594_20130903T023716_20130903T132516.png,ok,
1,595,2013-09-04 01:42:52,2013-09-04 06:50:53,5.1336,384,47.52,143.423000244141,7200,240,Z:\SPART-WORK\Data\Voyager\voyager1\mag\48s\reviewed_vim\2013\voyager1_48s_mag-vim_20130101_v01.cdf,C:\Users\Administrator\Documents\FWD_matlab\Voyager_fu\Voyager_Interstellar_Monthly\HighestPrecision_Segments\V1_MAG48s_segment_0595_20130904T014252_20130904T065053.png,ok,
1,596,2013-09-04 08:56:29,2013-09-04 19:19:40,10.3864800000678,777,47.52,191.807,7200,240,Z:\SPART-WORK\Data\Voyager\voyager1\mag\48s\reviewed_vim\2013\voyager1_48s_mag-vim_20130101_v01.cdf,C:\Users\Administrator\Documents\FWD_matlab\Voyager_fu\Voyager_Interstellar_Monthly\HighestPrecision_Segments\V1_MAG48s_segment_0596_20130904T085629_20130904T191940.png,ok,
1,597,2013-09-05 01:31:41,2013-09-05 14:11:41,12.66672,948,47.52,192.672,7200,240,Z:\SPART-WORK\Data\Voyager\voyager1\mag\48s\reviewed_vim\2013\voyager1_48s_mag-vim_20130101_v01.cdf,C:\Users\Administrator\Documents\FWD_matlab\Voyager_fu\Voyager_Interstellar_Monthly\HighestPrecision_Segments\V1_MAG48s_segment_0597_20130905T013141_20130905T141141.png,ok,
1,598,2013-09-05 23:52:28,2013-09-06 12:36:28,12.7332,777,47.52,5808.67199975586,7200,240,Z:\SPART-WORK\Data\Voyager\voyager1\mag\48s\reviewed_vim\2013\voyager1_48s_mag-vim_20130101_v01.cdf,C:\Users\Administrator\Documents\FWD_matlab\Voyager_fu\Voyager_Interstellar_Monthly\HighestPrecision_Segments\V1_MAG48s_segment_0598_20130905T235228_20130906T123628.png,ok,
1,599,2013-09-07 01:47:40,2013-09-07 14:05:17,12.2935197222222,901,47.52,527.04,7200,240,Z:\SPART-WORK\Data\Voyager\voyager1\mag\48s\reviewed_vim\2013\voyager1_48s_mag-vim_20130101_v01.cdf,C:\Users\Administrator\Documents\FWD_matlab\Voyager_fu\Voyager_Interstellar_Monthly\HighestPrecision_Segments\V1_MAG48s_segment_0599_20130907T014740_20130907T140517.png,ok,
1,600,2013-09-08 01:38:05,2013-09-08 06:34:52,4.94640027770996,369,47.52,190.943,7200,240,Z:\SPART-WORK\Data\Voyager\voyager1\mag\48s\reviewed_vim\2013\voyager1_48s_mag-vim_20130101_v01.cdf,C:\Users\Administrator\Documents\FWD_matlab\Voyager_fu\Voyager_Interstellar_Monthly\HighestPrecision_Segments\V1_MAG48s_segment_0600_20130908T013805_20130908T063452.png,ok,
1,601,2013-09-08 09:02:52,2013-09-08 12:41:17,3.64008,271,47.52,143.425,7200,240,Z:\SPART-WORK\Data\Voyager\voyager1\mag\48s\reviewed_vim\2013\voyager1_48s_mag-vim_20130101_v01.cdf,C:\Users\Administrator\Documents\FWD_matlab\Voyager_fu\Voyager_Interstellar_Monthly\HighestPrecision_Segments\V1_MAG48s_segment_0601_20130908T090252_20130908T124117.png,ok,
1,602,2013-09-09 02:35:40,2013-09-09 13:01:17,10.4268,683,47.52,4608.576,7200,240,Z:\SPART-WORK\Data\Voyager\voyager1\mag\48s\reviewed_vim\2013\voyager1_48s_mag-vim_20130101_v01.cdf,C:\Users\Administrator\Documents\FWD_matlab\Voyager_fu\Voyager_Interstellar_Monthly\HighestPrecision_Segments\V1_MAG48s_segment_0602_20130909T023540_20130909T130117.png,ok,
1,603,2013-09-10 02:26:04,2013-09-10 13:50:05,11.40024,651,47.52,5232.383,7200,240,Z:\SPART-WORK\Data\Voyager\voyager1\mag\48s\reviewed_vim\2013\voyager1_48s_mag-vim_20130101_v01.cdf,C:\Users\Administrator\Documents\FWD_matlab\Voyager_fu\Voyager_Interstellar_Monthly\HighestPrecision_Segments\V1_MAG48s_segment_0603_20130910T022604_20130910T135005.png,ok,
1,604,2013-09-11 03:14:04,2013-09-11 12:54:53,9.68015972229004,638,47.52,4031.424,7200,240,Z:\SPART-WORK\Data\Voyager\voyager1\mag\48s\reviewed_vim\2013\voyager1_48s_mag-vim_20130101_v01.cdf,C:\Users\Administrator\Documents\FWD_matlab\Voyager_fu\Voyager_Interstellar_Monthly\HighestPrecision_Segments\V1_MAG48s_segment_0604_20130911T031404_20130911T125453.png,ok,
1,605,2013-09-12 02:35:40,2013-09-12 06:18:52,3.72,279,47.52,95.903,7200,240,Z:\SPART-WORK\Data\Voyager\voyager1\mag\48s\reviewed_vim\2013\voyager1_48s_mag-vim_20130101_v01.cdf,C:\Users\Administrator\Documents\FWD_matlab\Voyager_fu\Voyager_Interstellar_Monthly\HighestPrecision_Segments\V1_MAG48s_segment_0605_20130912T023540_20130912T061852.png,ok,
1,606,2013-09-12 08:59:40,2013-09-12 12:50:04,3.84,288,47.52,96.767,7200,240,Z:\SPART-WORK\Data\Voyager\voyager1\mag\48s\reviewed_vim\2013\voyager1_48s_mag-vim_20130101_v01.cdf,C:\Users\Administrator\Documents\FWD_matlab\Voyager_fu\Voyager_Interstellar_Monthly\HighestPrecision_Segments\V1_MAG48s_segment_0606_20130912T085940_20130912T125004.png,ok,
1,607,2013-09-13 03:17:15,2013-09-13 06:45:15,3.46656,222,47.52,1871.424,7200,240,Z:\SPART-WORK\Data\Voyager\voyager1\mag\48s\reviewed_vim\2013\voyager1_48s_mag-vim_20130101_v01.cdf,C:\Users\Administrator\Documents\FWD_matlab\Voyager_fu\Voyager_Interstellar_Monthly\HighestPrecision_Segments\V1_MAG48s_segment_0607_20130913T031715_20130913T064515.png,ok,
1,608,2013-09-13 09:17:15,2013-09-13 13:40:27,4.38647972222222,330,47.52,50.1120002441406,7200,240,Z:\SPART-WORK\Data\Voyager\voyager1\mag\48s\reviewed_vim\2013\voyager1_48s_mag-vim_20130101_v01.cdf,C:\Users\Administrator\Documents\FWD_matlab\Voyager_fu\Voyager_Interstellar_Monthly\HighestPrecision_Segments\V1_MAG48s_segment_0608_20130913T091715_20130913T134027.png,ok,
1,609,2013-09-14 03:04:28,2013-09-14 12:38:51,9.57288,707,47.52,381.888,7200,240,Z:\SPART-WORK\Data\Voyager\voyager1\mag\48s\reviewed_vim\2013\voyager1_48s_mag-vim_20130101_v01.cdf,C:\Users\Administrator\Documents\FWD_matlab\Voyager_fu\Voyager_Interstellar_Monthly\HighestPrecision_Segments\V1_MAG48s_segment_0609_20130914T030428_20130914T123851.png,ok,
1,610,2013-09-15 01:42:52,2013-09-15 06:03:38,4.34616,325,47.52,145.151000244141,7200,240,Z:\SPART-WORK\Data\Voyager\voyager1\mag\48s\reviewed_vim\2013\voyager1_48s_mag-vim_20130101_v01.cdf,C:\Users\Administrator\Documents\FWD_matlab\Voyager_fu\Voyager_Interstellar_Monthly\HighestPrecision_Segments\V1_MAG48s_segment_0610_20130915T014252_20130915T060338.png,ok,
1,611,2013-09-15 09:14:04,2013-09-15 13:28:27,4.23983972222222,317,47.52,145.152,7200,240,Z:\SPART-WORK\Data\Voyager\voyager1\mag\48s\reviewed_vim\2013\voyager1_48s_mag-vim_20130101_v01.cdf,C:\Users\Administrator\Documents\FWD_matlab\Voyager_fu\Voyager_Interstellar_Monthly\HighestPrecision_Segments\V1_MAG48s_segment_0611_20130915T091404_20130915T132827.png,ok,
1,612,2013-09-15 21:50:53,2013-09-16 05:58:04,8.11967972222222,607,47.52,192.672,7200,240,Z:\SPART-WORK\Data\Voyager\voyager1\mag\48s\reviewed_vim\2013\voyager1_48s_mag-vim_20130101_v01.cdf,C:\Users\Administrator\Documents\FWD_matlab\Voyager_fu\Voyager_Interstellar_Monthly\HighestPrecision_Segments\V1_MAG48s_segment_0612_20130915T215053_20130916T055804.png,ok,
1,613,2013-09-16 11:46:04,2013-09-16 18:18:03,6.53304027770996,488,47.52,192.672,7200,240,Z:\SPART-WORK\Data\Voyager\voyager1\mag\48s\reviewed_vim\2013\voyager1_48s_mag-vim_20130101_v01.cdf,C:\Users\Administrator\Documents\FWD_matlab\Voyager_fu\Voyager_Interstellar_Monthly\HighestPrecision_Segments\V1_MAG48s_segment_0613_20130916T114604_20130916T181803.png,ok,
1,614,2013-09-17 02:00:27,2013-09-17 13:22:53,11.3738402777778,813,47.52,1534.465,7200,240,Z:\SPART-WORK\Data\Voyager\voyager1\mag\48s\reviewed_vim\2013\voyager1_48s_mag-vim_20130101_v01.cdf,C:\Users\Administrator\Documents\FWD_matlab\Voyager_fu\Voyager_Interstellar_Monthly\HighestPrecision_Segments\V1_MAG48s_segment_0614_20130917T020027_20130917T132253.png,ok,
1,615,2013-09-18 01:12:27,2013-09-18 04:18:52,3.10704000006782,186,47.52,2207.52,7200,240,Z:\SPART-WORK\Data\Voyager\voyager1\mag\48s\reviewed_vim\2013\voyager1_48s_mag-vim_20130101_v01.cdf,C:\Users\Administrator\Documents\FWD_matlab\Voyager_fu\Voyager_Interstellar_Monthly\HighestPrecision_Segments\V1_MAG48s_segment_0615_20130918T011227_20130918T041852.png,ok,
1,616,2013-09-18 09:54:03,2013-09-18 12:23:41,2.49384027770996,183,47.52,192.671999755859,7200,240,Z:\SPART-WORK\Data\Voyager\voyager1\mag\48s\reviewed_vim\2013\voyager1_48s_mag-vim_20130101_v01.cdf,C:\Users\Administrator\Documents\FWD_matlab\Voyager_fu\Voyager_Interstellar_Monthly\HighestPrecision_Segments\V1_MAG48s_segment_0616_20130918T095403_20130918T122341.png,ok,
1,617,2013-09-19 02:00:27,2013-09-19 03:58:02,1.95984,145,47.52,192.672,7200,240,Z:\SPART-WORK\Data\Voyager\voyager1\mag\48s\reviewed_vim\2013\voyager1_48s_mag-vim_20130101_v01.cdf,C:\Users\Administrator\Documents\FWD_matlab\Voyager_fu\Voyager_Interstellar_Monthly\HighestPrecision_Segments\V1_MAG48s_segment_0617_20130919T020027_20130919T035802.png,ok,
1,618,2013-09-19 09:46:03,2013-09-19 12:17:15,2.52024027777778,188,47.52,145.151,7200,240,Z:\SPART-WORK\Data\Voyager\voyager1\mag\48s\reviewed_vim\2013\voyager1_48s_mag-vim_20130101_v01.cdf,C:\Users\Administrator\Documents\FWD_matlab\Voyager_fu\Voyager_Interstellar_Monthly\HighestPrecision_Segments\V1_MAG48s_segment_0618_20130919T094603_20130919T121715.png,ok,
1,619,2013-09-19 15:31:40,2013-09-19 18:12:29,2.68008000006782,189,47.52,432,7200,240,Z:\SPART-WORK\Data\Voyager\voyager1\mag\48s\reviewed_vim\2013\voyager1_48s_mag-vim_20130101_v01.cdf,C:\Users\Administrator\Documents\FWD_matlab\Voyager_fu\Voyager_Interstellar_Monthly\HighestPrecision_Segments\V1_MAG48s_segment_0619_20130919T153140_20130919T181229.png,ok,
1,620,2013-09-20 01:50:52,2013-09-20 05:45:16,3.90672000006782,293,47.52,94.1760002441406,7200,240,Z:\SPART-WORK\Data\Voyager\voyager1\mag\48s\reviewed_vim\2013\voyager1_48s_mag-vim_20130101_v01.cdf,C:\Users\Administrator\Documents\FWD_matlab\Voyager_fu\Voyager_Interstellar_Monthly\HighestPrecision_Segments\V1_MAG48s_segment_0620_20130920T015052_20130920T054516.png,ok,
1,621,2013-09-20 11:58:51,2013-09-20 16:33:15,4.57319972222222,341,47.52,189.216,7200,240,Z:\SPART-WORK\Data\Voyager\voyager1\mag\48s\reviewed_vim\2013\voyager1_48s_mag-vim_20130101_v01.cdf,C:\Users\Administrator\Documents\FWD_matlab\Voyager_fu\Voyager_Interstellar_Monthly\HighestPrecision_Segments\V1_MAG48s_segment_0621_20130920T115851_20130920T163315.png,ok,
1,622,2013-09-21 01:07:40,2013-09-21 05:38:04,4.50648,339,47.52,50.1120002441406,7200,240,Z:\SPART-WORK\Data\Voyager\voyager1\mag\48s\reviewed_vim\2013\voyager1_48s_mag-vim_20130101_v01.cdf,C:\Users\Administrator\Documents\FWD_matlab\Voyager_fu\Voyager_Interstellar_Monthly\HighestPrecision_Segments\V1_MAG48s_segment_0622_20130921T010740_20130921T053804.png,ok,
1,623,2013-09-21 08:45:16,2013-09-21 10:27:40,1.7064,129,47.52,50.1120002441406,7200,240,Z:\SPART-WORK\Data\Voyager\voyager1\mag\48s\reviewed_vim\2013\voyager1_48s_mag-vim_20130101_v01.cdf,C:\Users\Administrator\Documents\FWD_matlab\Voyager_fu\Voyager_Interstellar_Monthly\HighestPrecision_Segments\V1_MAG48s_segment_0623_20130921T084516_20130921T102740.png,ok,
1,624,2013-09-22 01:20:28,2013-09-22 05:38:04,4.29336,323,47.52,50.1120002441406,7200,240,Z:\SPART-WORK\Data\Voyager\voyager1\mag\48s\reviewed_vim\2013\voyager1_48s_mag-vim_20130101_v01.cdf,C:\Users\Administrator\Documents\FWD_matlab\Voyager_fu\Voyager_Interstellar_Monthly\HighestPrecision_Segments\V1_MAG48s_segment_0624_20130922T012028_20130922T053804.png,ok,
1,625,2013-09-22 09:28:28,2013-09-22 12:06:51,2.63951972222222,198,47.52,94.176,7200,240,Z:\SPART-WORK\Data\Voyager\voyager1\mag\48s\reviewed_vim\2013\voyager1_48s_mag-vim_20130101_v01.cdf,C:\Users\Administrator\Documents\FWD_matlab\Voyager_fu\Voyager_Interstellar_Monthly\HighestPrecision_Segments\V1_MAG48s_segment_0625_20130922T092828_20130922T120651.png,ok,
1,626,2013-09-23 01:04:28,2013-09-23 17:17:17,16.21368,1080,47.52,5230.656,7200,240,Z:\SPART-WORK\Data\Voyager\voyager1\mag\48s\reviewed_vim\2013\voyager1_48s_mag-vim_20130101_v01.cdf,C:\Users\Administrator\Documents\FWD_matlab\Voyager_fu\Voyager_Interstellar_Monthly\HighestPrecision_Segments\V1_MAG48s_segment_0626_20130923T010428_20130923T171717.png,ok,
1,627,2013-09-24 01:36:27,2013-09-24 05:26:51,3.84000027770996,287,47.52,144.287,7200,240,Z:\SPART-WORK\Data\Voyager\voyager1\mag\48s\reviewed_vim\2013\voyager1_48s_mag-vim_20130101_v01.cdf,C:\Users\Administrator\Documents\FWD_matlab\Voyager_fu\Voyager_Interstellar_Monthly\HighestPrecision_Segments\V1_MAG48s_segment_0627_20130924T013627_20130924T052651.png,ok,
1,628,2013-09-24 09:39:41,2013-09-24 11:56:29,2.28000027777778,162,47.5209997558594,239.327999755859,7200,240,Z:\SPART-WORK\Data\Voyager\voyager1\mag\48s\reviewed_vim\2013\voyager1_48s_mag-vim_20130101_v01.cdf,C:\Users\Administrator\Documents\FWD_matlab\Voyager_fu\Voyager_Interstellar_Monthly\HighestPrecision_Segments\V1_MAG48s_segment_0628_20130924T093941_20130924T115629.png,ok,
1,629,2013-09-25 01:02:53,2013-09-25 05:21:16,4.30656,321,47.52,192.672,7200,240,Z:\SPART-WORK\Data\Voyager\voyager1\mag\48s\reviewed_vim\2013\voyager1_48s_mag-vim_20130101_v01.cdf,C:\Users\Administrator\Documents\FWD_matlab\Voyager_fu\Voyager_Interstellar_Monthly\HighestPrecision_Segments\V1_MAG48s_segment_0629_20130925T010253_20130925T052116.png,ok,
1,630,2013-09-25 08:37:16,2013-09-25 11:51:38,3.23952,243,47.52,95.041,7200,240,Z:\SPART-WORK\Data\Voyager\voyager1\mag\48s\reviewed_vim\2013\voyager1_48s_mag-vim_20130101_v01.cdf,C:\Users\Administrator\Documents\FWD_matlab\Voyager_fu\Voyager_Interstellar_Monthly\HighestPrecision_Segments\V1_MAG48s_segment_0630_20130925T083716_20130925T115138.png,ok,
1,631,2013-09-26 01:20:28,2013-09-26 12:42:03,11.3599197222222,781,47.52,3358.369,7200,240,Z:\SPART-WORK\Data\Voyager\voyager1\mag\48s\reviewed_vim\2013\voyager1_48s_mag-vim_20130101_v01.cdf,C:\Users\Administrator\Documents\FWD_matlab\Voyager_fu\Voyager_Interstellar_Monthly\HighestPrecision_Segments\V1_MAG48s_segment_0631_20130926T012028_20130926T124203.png,ok,
1,632,2013-09-27 01:33:15,2013-09-27 05:18:52,3.76032,281,47.52,142.560000244141,7200,240,Z:\SPART-WORK\Data\Voyager\voyager1\mag\48s\reviewed_vim\2013\voyager1_48s_mag-vim_20130101_v01.cdf,C:\Users\Administrator\Documents\FWD_matlab\Voyager_fu\Voyager_Interstellar_Monthly\HighestPrecision_Segments\V1_MAG48s_segment_0632_20130927T013315_20130927T051852.png,ok,
1,633,2013-09-27 09:23:41,2013-09-27 12:42:50,3.31919972229004,248,47.52,142.56,7200,240,Z:\SPART-WORK\Data\Voyager\voyager1\mag\48s\reviewed_vim\2013\voyager1_48s_mag-vim_20130101_v01.cdf,C:\Users\Administrator\Documents\FWD_matlab\Voyager_fu\Voyager_Interstellar_Monthly\HighestPrecision_Segments\V1_MAG48s_segment_0633_20130927T092341_20130927T124250.png,ok,
1,634,2013-09-28 01:07:40,2013-09-28 05:12:27,4.07951972222222,305,47.52,144.287,7200,240,Z:\SPART-WORK\Data\Voyager\voyager1\mag\48s\reviewed_vim\2013\voyager1_48s_mag-vim_20130101_v01.cdf,C:\Users\Administrator\Documents\FWD_matlab\Voyager_fu\Voyager_Interstellar_Monthly\HighestPrecision_Segments\V1_MAG48s_segment_0634_20130928T010740_20130928T051227.png,ok,
1,635,2013-09-28 09:06:03,2013-09-28 11:41:16,2.58696,192,47.52,192.672,7200,240,Z:\SPART-WORK\Data\Voyager\voyager1\mag\48s\reviewed_vim\2013\voyager1_48s_mag-vim_20130101_v01.cdf,C:\Users\Administrator\Documents\FWD_matlab\Voyager_fu\Voyager_Interstellar_Monthly\HighestPrecision_Segments\V1_MAG48s_segment_0635_20130928T090603_20130928T114116.png,ok,
1,636,2013-09-29 00:14:50,2013-09-29 05:06:04,4.85376,364,47.52,97.631,7200,240,Z:\SPART-WORK\Data\Voyager\voyager1\mag\48s\reviewed_vim\2013\voyager1_48s_mag-vim_20130101_v01.cdf,C:\Users\Administrator\Documents\FWD_matlab\Voyager_fu\Voyager_Interstellar_Monthly\HighestPrecision_Segments\V1_MAG48s_segment_0636_20130929T001450_20130929T050604.png,ok,
1,637,2013-09-29 09:14:04,2013-09-29 12:35:40,3.36024,251,47.52,145.152,7200,240,Z:\SPART-WORK\Data\Voyager\voyager1\mag\48s\reviewed_vim\2013\voyager1_48s_mag-vim_20130101_v01.cdf,C:\Users\Administrator\Documents\FWD_matlab\Voyager_fu\Voyager_Interstellar_Monthly\HighestPrecision_Segments\V1_MAG48s_segment_0637_20130929T091404_20130929T123540.png,ok,
1,638,2013-09-30 01:22:03,2013-09-30 05:01:14,3.65328,274,47.52,97.631,7200,240,Z:\SPART-WORK\Data\Voyager\voyager1\mag\48s\reviewed_vim\2013\voyager1_48s_mag-vim_20130101_v01.cdf,C:\Users\Administrator\Documents\FWD_matlab\Voyager_fu\Voyager_Interstellar_Monthly\HighestPrecision_Segments\V1_MAG48s_segment_0638_20130930T012203_20130930T050114.png,ok,
1,639,2013-09-30 09:01:16,2013-09-30 12:26:51,3.42623972222222,256,47.52,145.151,7200,240,Z:\SPART-WORK\Data\Voyager\voyager1\mag\48s\reviewed_vim\2013\voyager1_48s_mag-vim_20130101_v01.cdf,C:\Users\Administrator\Documents\FWD_matlab\Voyager_fu\Voyager_Interstellar_Monthly\HighestPrecision_Segments\V1_MAG48s_segment_0639_20130930T090116_20130930T122651.png,ok,
1,640,2013-09-30 20:46:52,2013-10-01 05:02:04,8.2536,619,47.52,96.768,7200,240,Z:\SPART-WORK\Data\Voyager\voyager1\mag\48s\reviewed_vim\2013\voyager1_48s_mag-vim_20130101_v01.cdf,C:\Users\Administrator\Documents\FWD_matlab\Voyager_fu\Voyager_Interstellar_Monthly\HighestPrecision_Segments\V1_MAG48s_segment_0640_20130930T204652_20131001T050204.png,ok,
1,641,2013-10-01 08:45:16,2013-10-01 12:20:28,3.58656027770996,261,47.52,335.232000244141,7200,240,Z:\SPART-WORK\Data\Voyager\voyager1\mag\48s\reviewed_vim\2013\voyager1_48s_mag-vim_20130101_v01.cdf,C:\Users\Administrator\Documents\FWD_matlab\Voyager_fu\Voyager_Interstellar_Monthly\HighestPrecision_Segments\V1_MAG48s_segment_0641_20131001T084516_20131001T122028.png,ok,
1,642,2013-10-02 00:58:02,2013-10-02 04:55:39,3.96024,296,47.52,145.151000244141,7200,240,Z:\SPART-WORK\Data\Voyager\voyager1\mag\48s\reviewed_vim\2013\voyager1_48s_mag-vim_20130101_v01.cdf,C:\Users\Administrator\Documents\FWD_matlab\Voyager_fu\Voyager_Interstellar_Monthly\HighestPrecision_Segments\V1_MAG48s_segment_0642_20131002T005802_20131002T045539.png,ok,
1,643,2013-10-02 07:09:15,2013-10-02 08:52:28,1.72032000006782,128,47.52,144.287,7200,240,Z:\SPART-WORK\Data\Voyager\voyager1\mag\48s\reviewed_vim\2013\voyager1_48s_mag-vim_20130101_v01.cdf,C:\Users\Administrator\Documents\FWD_matlab\Voyager_fu\Voyager_Interstellar_Monthly\HighestPrecision_Segments\V1_MAG48s_segment_0643_20131002T070915_20131002T085228.png,ok,
1,644,2013-10-02 10:59:39,2013-10-02 12:21:16,1.36007972222222,103,47.52,50.1120002441406,7200,240,Z:\SPART-WORK\Data\Voyager\voyager1\mag\48s\reviewed_vim\2013\voyager1_48s_mag-vim_20130101_v01.cdf,C:\Users\Administrator\Documents\FWD_matlab\Voyager_fu\Voyager_Interstellar_Monthly\HighestPrecision_Segments\V1_MAG48s_segment_0644_20131002T105939_20131002T122116.png,ok,
1,645,2013-10-02 21:15:38,2013-10-03 04:50:52,7.58736,565,47.52,192.672,7200,240,Z:\SPART-WORK\Data\Voyager\voyager1\mag\48s\reviewed_vim\2013\voyager1_48s_mag-vim_20130101_v01.cdf,C:\Users\Administrator\Documents\FWD_matlab\Voyager_fu\Voyager_Interstellar_Monthly\HighestPrecision_Segments\V1_MAG48s_segment_0645_20131002T211538_20131003T045052.png,ok,
1,646,2013-10-03 08:14:52,2013-10-03 17:20:26,9.09288027777778,669,47.52,432.864999755859,7200,240,Z:\SPART-WORK\Data\Voyager\voyager1\mag\48s\reviewed_vim\2013\voyager1_48s_mag-vim_20130101_v01.cdf,C:\Users\Administrator\Documents\FWD_matlab\Voyager_fu\Voyager_Interstellar_Monthly\HighestPrecision_Segments\V1_MAG48s_segment_0646_20131003T081452_20131003T172026.png,ok,
1,647,2013-10-04 00:40:28,2013-10-04 04:45:14,4.07951972229004,306,47.52,95.039,7200,240,Z:\SPART-WORK\Data\Voyager\voyager1\mag\48s\reviewed_vim\2013\voyager1_48s_mag-vim_20130101_v01.cdf,C:\Users\Administrator\Documents\FWD_matlab\Voyager_fu\Voyager_Interstellar_Monthly\HighestPrecision_Segments\V1_MAG48s_segment_0647_20131004T004028_20131004T044514.png,ok,
1,648,2013-10-04 07:55:39,2013-10-04 12:14:50,4.31976027777778,322,47.52,192.672,7200,240,Z:\SPART-WORK\Data\Voyager\voyager1\mag\48s\reviewed_vim\2013\voyager1_48s_mag-vim_20130101_v01.cdf,C:\Users\Administrator\Documents\FWD_matlab\Voyager_fu\Voyager_Interstellar_Monthly\HighestPrecision_Segments\V1_MAG48s_segment_0648_20131004T075539_20131004T121450.png,ok,
1,649,2013-10-05 00:30:50,2013-10-05 04:40:27,4.16016,312,47.52,97.633,7200,240,Z:\SPART-WORK\Data\Voyager\voyager1\mag\48s\reviewed_vim\2013\voyager1_48s_mag-vim_20130101_v01.cdf,C:\Users\Administrator\Documents\FWD_matlab\Voyager_fu\Voyager_Interstellar_Monthly\HighestPrecision_Segments\V1_MAG48s_segment_0649_20131005T003050_20131005T044027.png,ok,
1,650,2013-10-05 07:57:14,2013-10-05 12:09:16,4.20048,315,47.52,95.041,7200,240,Z:\SPART-WORK\Data\Voyager\voyager1\mag\48s\reviewed_vim\2013\voyager1_48s_mag-vim_20130101_v01.cdf,C:\Users\Administrator\Documents\FWD_matlab\Voyager_fu\Voyager_Interstellar_Monthly\HighestPrecision_Segments\V1_MAG48s_segment_0650_20131005T075714_20131005T120916.png,ok,
1,651,2013-10-06 00:40:28,2013-10-06 04:39:39,3.98639972222222,297,47.52,191.809,7200,240,Z:\SPART-WORK\Data\Voyager\voyager1\mag\48s\reviewed_vim\2013\voyager1_48s_mag-vim_20130101_v01.cdf,C:\Users\Administrator\Documents\FWD_matlab\Voyager_fu\Voyager_Interstellar_Monthly\HighestPrecision_Segments\V1_MAG48s_segment_0651_20131006T004028_20131006T043939.png,ok,
1,652,2013-10-06 08:58:04,2013-10-06 12:05:16,3.12000027777778,233,47.52,145.152,7200,240,Z:\SPART-WORK\Data\Voyager\voyager1\mag\48s\reviewed_vim\2013\voyager1_48s_mag-vim_20130101_v01.cdf,C:\Users\Administrator\Documents\FWD_matlab\Voyager_fu\Voyager_Interstellar_Monthly\HighestPrecision_Segments\V1_MAG48s_segment_0652_20131006T085804_20131006T120516.png,ok,
1,653,2013-10-06 21:36:28,2013-10-07 04:42:04,7.09344027770996,533,47.52,50.1120002441406,7200,240,Z:\SPART-WORK\Data\Voyager\voyager1\mag\48s\reviewed_vim\2013\voyager1_48s_mag-vim_20130101_v01.cdf,C:\Users\Administrator\Documents\FWD_matlab\Voyager_fu\Voyager_Interstellar_Monthly\HighestPrecision_Segments\V1_MAG48s_segment_0653_20131006T213628_20131007T044204.png,ok,
1,654,2013-10-07 08:37:16,2013-10-07 11:59:39,3.37296,253,47.52,95.041,7200,240,Z:\SPART-WORK\Data\Voyager\voyager1\mag\48s\reviewed_vim\2013\voyager1_48s_mag-vim_20130101_v01.cdf,C:\Users\Administrator\Documents\FWD_matlab\Voyager_fu\Voyager_Interstellar_Monthly\HighestPrecision_Segments\V1_MAG48s_segment_0654_20131007T083716_20131007T115939.png,ok,
1,655,2013-10-07 23:20:26,2013-10-08 10:27:40,11.12039972229,706,47.52,4798.655,7200,240,Z:\SPART-WORK\Data\Voyager\voyager1\mag\48s\reviewed_vim\2013\voyager1_48s_mag-vim_20130101_v01.cdf,C:\Users\Administrator\Documents\FWD_matlab\Voyager_fu\Voyager_Interstellar_Monthly\HighestPrecision_Segments\V1_MAG48s_segment_0655_20131007T232026_20131008T102740.png,ok,
1,656,2013-10-09 00:43:40,2013-10-09 03:49:15,3.09311999993218,230,47.52,192.671,7200,240,Z:\SPART-WORK\Data\Voyager\voyager1\mag\48s\reviewed_vim\2013\voyager1_48s_mag-vim_20130101_v01.cdf,C:\Users\Administrator\Documents\FWD_matlab\Voyager_fu\Voyager_Interstellar_Monthly\HighestPrecision_Segments\V1_MAG48s_segment_0656_20131009T004340_20131009T034915.png,ok,
1,657,2013-10-09 20:48:26,2013-10-10 04:25:14,7.61352,570,47.52,142.56,7200,240,Z:\SPART-WORK\Data\Voyager\voyager1\mag\48s\reviewed_vim\2013\voyager1_48s_mag-vim_20130101_v01.cdf,C:\Users\Administrator\Documents\FWD_matlab\Voyager_fu\Voyager_Interstellar_Monthly\HighestPrecision_Segments\V1_MAG48s_segment_0657_20131009T204826_20131010T042514.png,ok,
1,658,2013-10-10 23:25:16,2013-10-11 04:22:53,4.96008027777778,373,47.52,50.1120002441406,7200,240,Z:\SPART-WORK\Data\Voyager\voyager1\mag\48s\reviewed_vim\2013\voyager1_48s_mag-vim_20130101_v01.cdf,C:\Users\Administrator\Documents\FWD_matlab\Voyager_fu\Voyager_Interstellar_Monthly\HighestPrecision_Segments\V1_MAG48s_segment_0658_20131010T232516_20131011T042253.png,ok,
1,659,2013-10-11 17:20:26,2013-10-11 19:18:52,1.97399972229004,147,47.52,145.153,7200,240,Z:\SPART-WORK\Data\Voyager\voyager1\mag\48s\reviewed_vim\2013\voyager1_48s_mag-vim_20130101_v01.cdf,C:\Users\Administrator\Documents\FWD_matlab\Voyager_fu\Voyager_Interstellar_Monthly\HighestPrecision_Segments\V1_MAG48s_segment_0659_20131011T172026_20131011T191852.png,ok,
1,660,2013-10-12 00:50:03,2013-10-12 03:48:28,2.97359972222222,223,47.52,97.631,7200,240,Z:\SPART-WORK\Data\Voyager\voyager1\mag\48s\reviewed_vim\2013\voyager1_48s_mag-vim_20130101_v01.cdf,C:\Users\Administrator\Documents\FWD_matlab\Voyager_fu\Voyager_Interstellar_Monthly\HighestPrecision_Segments\V1_MAG48s_segment_0660_20131012T005003_20131012T034828.png,ok,
1,661,2013-10-12 07:52:26,2013-10-12 10:58:52,3.10704027770996,233,47.52,97.6329997558594,7200,240,Z:\SPART-WORK\Data\Voyager\voyager1\mag\48s\reviewed_vim\2013\voyager1_48s_mag-vim_20130101_v01.cdf,C:\Users\Administrator\Documents\FWD_matlab\Voyager_fu\Voyager_Interstellar_Monthly\HighestPrecision_Segments\V1_MAG48s_segment_0661_20131012T075226_20131012T105852.png,ok,
1,662,2013-10-12 22:38:52,2013-10-13 04:08:28,5.49336,410,47.52,192.673,7200,240,Z:\SPART-WORK\Data\Voyager\voyager1\mag\48s\reviewed_vim\2013\voyager1_48s_mag-vim_20130101_v01.cdf,C:\Users\Administrator\Documents\FWD_matlab\Voyager_fu\Voyager_Interstellar_Monthly\HighestPrecision_Segments\V1_MAG48s_segment_0662_20131012T223852_20131013T040828.png,ok,
1,663,2013-10-13 07:58:52,2013-10-13 11:34:03,3.58655972229004,267,47.52,192.672000244141,7200,240,Z:\SPART-WORK\Data\Voyager\voyager1\mag\48s\reviewed_vim\2013\voyager1_48s_mag-vim_20130101_v01.cdf,C:\Users\Administrator\Documents\FWD_matlab\Voyager_fu\Voyager_Interstellar_Monthly\HighestPrecision_Segments\V1_MAG48s_segment_0663_20131013T075852_20131013T113403.png,ok,
1,664,2013-10-13 18:48:28,2013-10-13 23:29:17,4.68024027777778,351,47.52,95.041,7200,240,Z:\SPART-WORK\Data\Voyager\voyager1\mag\48s\reviewed_vim\2013\voyager1_48s_mag-vim_20130101_v01.cdf,C:\Users\Administrator\Documents\FWD_matlab\Voyager_fu\Voyager_Interstellar_Monthly\HighestPrecision_Segments\V1_MAG48s_segment_0664_20131013T184828_20131013T232917.png,ok,
1,665,2013-10-14 06:56:28,2013-10-14 11:27:39,4.51967972229004,338,47.52,145.152,7200,240,Z:\SPART-WORK\Data\Voyager\voyager1\mag\48s\reviewed_vim\2013\voyager1_48s_mag-vim_20130101_v01.cdf,C:\Users\Administrator\Documents\FWD_matlab\Voyager_fu\Voyager_Interstellar_Monthly\HighestPrecision_Segments\V1_MAG48s_segment_0665_20131014T065628_20131014T112739.png,ok,
1,666,2013-10-14 17:49:16,2013-10-14 19:07:40,1.30680027777778,97,47.5200001220703,142.56,7200,240,Z:\SPART-WORK\Data\Voyager\voyager1\mag\48s\reviewed_vim\2013\voyager1_48s_mag-vim_20130101_v01.cdf,C:\Users\Administrator\Documents\FWD_matlab\Voyager_fu\Voyager_Interstellar_Monthly\HighestPrecision_Segments\V1_MAG48s_segment_0666_20131014T174916_20131014T190740.png,ok,
1,667,2013-10-15 00:50:03,2013-10-15 13:46:02,12.93312,937,47.52,1010.017,7200,240,Z:\SPART-WORK\Data\Voyager\voyager1\mag\48s\reviewed_vim\2013\voyager1_48s_mag-vim_20130101_v01.cdf,C:\Users\Administrator\Documents\FWD_matlab\Voyager_fu\Voyager_Interstellar_Monthly\HighestPrecision_Segments\V1_MAG48s_segment_0667_20131015T005003_20131015T134602.png,ok,
1,668,2013-10-15 22:30:52,2013-10-16 04:00:27,5.49312000006782,413,47.52,50.1120002441406,7200,240,Z:\SPART-WORK\Data\Voyager\voyager1\mag\48s\reviewed_vim\2013\voyager1_48s_mag-vim_20130101_v01.cdf,C:\Users\Administrator\Documents\FWD_matlab\Voyager_fu\Voyager_Interstellar_Monthly\HighestPrecision_Segments\V1_MAG48s_segment_0668_20131015T223052_20131016T040027.png,ok,
1,669,2013-10-16 08:30:52,2013-10-16 11:22:51,2.86656027777778,215,47.52,95.04,7200,240,Z:\SPART-WORK\Data\Voyager\voyager1\mag\48s\reviewed_vim\2013\voyager1_48s_mag-vim_20130101_v01.cdf,C:\Users\Administrator\Documents\FWD_matlab\Voyager_fu\Voyager_Interstellar_Monthly\HighestPrecision_Segments\V1_MAG48s_segment_0669_20131016T083052_20131016T112251.png,ok,
1,670,2013-10-16 20:58:04,2013-10-17 11:18:04,14.33352,990,47.52,4031.424,7200,240,Z:\SPART-WORK\Data\Voyager\voyager1\mag\48s\reviewed_vim\2013\voyager1_48s_mag-vim_20130101_v01.cdf,C:\Users\Administrator\Documents\FWD_matlab\Voyager_fu\Voyager_Interstellar_Monthly\HighestPrecision_Segments\V1_MAG48s_segment_0670_20131016T205804_20131017T111804.png,ok,
1,671,2013-10-18 00:54:50,2013-10-18 03:47:40,2.88048,197,47.52,908.928,7200,240,Z:\SPART-WORK\Data\Voyager\voyager1\mag\48s\reviewed_vim\2013\voyager1_48s_mag-vim_20130101_v01.cdf,C:\Users\Administrator\Documents\FWD_matlab\Voyager_fu\Voyager_Interstellar_Monthly\HighestPrecision_Segments\V1_MAG48s_segment_0671_20131018T005450_20131018T034740.png,ok,
1,672,2013-10-18 08:05:15,2013-10-18 10:07:40,2.04048027777778,153,47.52,96.768,7200,240,Z:\SPART-WORK\Data\Voyager\voyager1\mag\48s\reviewed_vim\2013\voyager1_48s_mag-vim_20130101_v01.cdf,C:\Users\Administrator\Documents\FWD_matlab\Voyager_fu\Voyager_Interstellar_Monthly\HighestPrecision_Segments\V1_MAG48s_segment_0672_20131018T080515_20131018T100740.png,ok,
1,673,2013-10-18 23:12:27,2013-10-19 02:17:14,3.07992,229,47.52,145.151,7200,240,Z:\SPART-WORK\Data\Voyager\voyager1\mag\48s\reviewed_vim\2013\voyager1_48s_mag-vim_20130101_v01.cdf,C:\Users\Administrator\Documents\FWD_matlab\Voyager_fu\Voyager_Interstellar_Monthly\HighestPrecision_Segments\V1_MAG48s_segment_0673_20131018T231227_20131019T021714.png,ok,
1,674,2013-10-19 06:26:03,2013-10-19 15:17:15,8.85336,570,47.52,4415.904,7200,240,Z:\SPART-WORK\Data\Voyager\voyager1\mag\48s\reviewed_vim\2013\voyager1_48s_mag-vim_20130101_v01.cdf,C:\Users\Administrator\Documents\FWD_matlab\Voyager_fu\Voyager_Interstellar_Monthly\HighestPrecision_Segments\V1_MAG48s_segment_0674_20131019T062603_20131019T151715.png,ok,
1,675,2013-10-19 23:38:04,2013-10-20 10:02:02,10.39968,651,47.52,6095.521,7200,240,Z:\SPART-WORK\Data\Voyager\voyager1\mag\48s\reviewed_vim\2013\voyager1_48s_mag-vim_20130101_v01.cdf,C:\Users\Administrator\Documents\FWD_matlab\Voyager_fu\Voyager_Interstellar_Monthly\HighestPrecision_Segments\V1_MAG48s_segment_0675_20131019T233804_20131020T100202.png,ok,
1,676,2013-10-20 22:13:15,2013-10-21 02:17:14,4.06656,305,47.52,95.04,7200,240,Z:\SPART-WORK\Data\Voyager\voyager1\mag\48s\reviewed_vim\2013\voyager1_48s_mag-vim_20130101_v01.cdf,C:\Users\Administrator\Documents\FWD_matlab\Voyager_fu\Voyager_Interstellar_Monthly\HighestPrecision_Segments\V1_MAG48s_segment_0676_20131020T221315_20131021T021714.png,ok,
1,677,2013-10-21 05:52:26,2013-10-21 09:13:16,3.34728,252,47.52,50.1120002441406,7200,240,Z:\SPART-WORK\Data\Voyager\voyager1\mag\48s\reviewed_vim\2013\voyager1_48s_mag-vim_20130101_v01.cdf,C:\Users\Administrator\Documents\FWD_matlab\Voyager_fu\Voyager_Interstellar_Monthly\HighestPrecision_Segments\V1_MAG48s_segment_0677_20131021T055226_20131021T091316.png,ok,
1,678,2013-10-21 17:42:51,2013-10-21 19:22:03,1.65312027777778,120,47.5200002441406,145.152,7200,240,Z:\SPART-WORK\Data\Voyager\voyager1\mag\48s\reviewed_vim\2013\voyager1_48s_mag-vim_20130101_v01.cdf,C:\Users\Administrator\Documents\FWD_matlab\Voyager_fu\Voyager_Interstellar_Monthly\HighestPrecision_Segments\V1_MAG48s_segment_0678_20131021T174251_20131021T192203.png,ok,
1,679,2013-10-22 00:59:40,2013-10-22 03:40:28,2.68008,190,47.52,384.48,7200,240,Z:\SPART-WORK\Data\Voyager\voyager1\mag\48s\reviewed_vim\2013\voyager1_48s_mag-vim_20130101_v01.cdf,C:\Users\Administrator\Documents\FWD_matlab\Voyager_fu\Voyager_Interstellar_Monthly\HighestPrecision_Segments\V1_MAG48s_segment_0679_20131022T005940_20131022T034028.png,ok,
1,680,2013-10-22 05:47:38,2013-10-22 09:53:15,4.09368,295,47.52,479.521,7200,240,Z:\SPART-WORK\Data\Voyager\voyager1\mag\48s\reviewed_vim\2013\voyager1_48s_mag-vim_20130101_v01.cdf,C:\Users\Administrator\Documents\FWD_matlab\Voyager_fu\Voyager_Interstellar_Monthly\HighestPrecision_Segments\V1_MAG48s_segment_0680_20131022T054738_20131022T095315.png,ok,
1,681,2013-10-23 00:21:16,2013-10-23 02:13:14,1.86624027777778,138,47.52,192.672,7200,240,Z:\SPART-WORK\Data\Voyager\voyager1\mag\48s\reviewed_vim\2013\voyager1_48s_mag-vim_20130101_v01.cdf,C:\Users\Administrator\Documents\FWD_matlab\Voyager_fu\Voyager_Interstellar_Monthly\HighestPrecision_Segments\V1_MAG48s_segment_0681_20131023T002116_20131023T021314.png,ok,
1,682,2013-10-23 08:54:51,2013-10-23 10:57:14,2.03976,149,47.52,190.079,7200,240,Z:\SPART-WORK\Data\Voyager\voyager1\mag\48s\reviewed_vim\2013\voyager1_48s_mag-vim_20130101_v01.cdf,C:\Users\Administrator\Documents\FWD_matlab\Voyager_fu\Voyager_Interstellar_Monthly\HighestPrecision_Segments\V1_MAG48s_segment_0682_20131023T085451_20131023T105714.png,ok,
1,683,2013-10-23 20:51:38,2013-10-24 01:56:27,5.08008027777778,382,47.52,50.1120002441406,7200,240,Z:\SPART-WORK\Data\Voyager\voyager1\mag\48s\reviewed_vim\2013\voyager1_48s_mag-vim_20130101_v01.cdf,C:\Users\Administrator\Documents\FWD_matlab\Voyager_fu\Voyager_Interstellar_Monthly\HighestPrecision_Segments\V1_MAG48s_segment_0683_20131023T205138_20131024T015627.png,ok,
1,684,2013-10-24 04:32:27,2013-10-24 10:16:27,5.73335972222222,431,47.52,50.1120002441406,7200,240,Z:\SPART-WORK\Data\Voyager\voyager1\mag\48s\reviewed_vim\2013\voyager1_48s_mag-vim_20130101_v01.cdf,C:\Users\Administrator\Documents\FWD_matlab\Voyager_fu\Voyager_Interstellar_Monthly\HighestPrecision_Segments\V1_MAG48s_segment_0684_20131024T043227_20131024T101627.png,ok,
1,685,2013-10-24 22:05:15,2013-10-25 03:21:16,5.26679972222222,395,47.52,97.632,7200,240,Z:\SPART-WORK\Data\Voyager\voyager1\mag\48s\reviewed_vim\2013\voyager1_48s_mag-vim_20130101_v01.cdf,C:\Users\Administrator\Documents\FWD_matlab\Voyager_fu\Voyager_Interstellar_Monthly\HighestPrecision_Segments\V1_MAG48s_segment_0685_20131024T220515_20131025T032116.png,ok,
1,686,2013-10-25 22:45:14,2013-10-26 07:01:15,8.2668,620,47.52,97.6329997558594,7200,240,Z:\SPART-WORK\Data\Voyager\voyager1\mag\48s\reviewed_vim\2013\voyager1_48s_mag-vim_20130101_v01.cdf,C:\Users\Administrator\Documents\FWD_matlab\Voyager_fu\Voyager_Interstellar_Monthly\HighestPrecision_Segments\V1_MAG48s_segment_0686_20131025T224514_20131026T070115.png,ok,
1,687,2013-10-26 21:58:50,2013-10-27 03:11:38,5.21351972229004,389,47.52,142.56,7200,240,Z:\SPART-WORK\Data\Voyager\voyager1\mag\48s\reviewed_vim\2013\voyager1_48s_mag-vim_20130101_v01.cdf,C:\Users\Administrator\Documents\FWD_matlab\Voyager_fu\Voyager_Interstellar_Monthly\HighestPrecision_Segments\V1_MAG48s_segment_0687_20131026T215850_20131027T031138.png,ok,
1,688,2013-10-27 17:52:26,2013-10-28 02:50:51,8.9736,536,47.52,6480.86399975586,7200,240,Z:\SPART-WORK\Data\Voyager\voyager1\mag\48s\reviewed_vim\2013\voyager1_48s_mag-vim_20130101_v01.cdf,C:\Users\Administrator\Documents\FWD_matlab\Voyager_fu\Voyager_Interstellar_Monthly\HighestPrecision_Segments\V1_MAG48s_segment_0688_20131027T175226_20131028T025051.png,ok,
1,689,2013-10-28 05:52:26,2013-10-28 10:31:40,4.65384,348,47.52,142.56,7200,240,Z:\SPART-WORK\Data\Voyager\voyager1\mag\48s\reviewed_vim\2013\voyager1_48s_mag-vim_20130101_v01.cdf,C:\Users\Administrator\Documents\FWD_matlab\Voyager_fu\Voyager_Interstellar_Monthly\HighestPrecision_Segments\V1_MAG48s_segment_0689_20131028T055226_20131028T103140.png,ok,
1,690,2013-10-29 01:17:15,2013-10-29 10:30:50,9.22632,585,47.52,4704.48,7200,240,Z:\SPART-WORK\Data\Voyager\voyager1\mag\48s\reviewed_vim\2013\voyager1_48s_mag-vim_20130101_v01.cdf,C:\Users\Administrator\Documents\FWD_matlab\Voyager_fu\Voyager_Interstellar_Monthly\HighestPrecision_Segments\V1_MAG48s_segment_0690_20131029T011715_20131029T103050.png,ok,
1,691,2013-10-29 23:22:04,2013-10-30 10:23:40,11.0268,726,47.52,4943.807,7200,240,Z:\SPART-WORK\Data\Voyager\voyager1\mag\48s\reviewed_vim\2013\voyager1_48s_mag-vim_20130101_v01.cdf,C:\Users\Administrator\Documents\FWD_matlab\Voyager_fu\Voyager_Interstellar_Monthly\HighestPrecision_Segments\V1_MAG48s_segment_0691_20131029T232204_20131030T102340.png,ok,
1,692,2013-10-31 06:18:03,2013-10-31 10:21:15,4.05335972222222,303,47.52,145.151999755859,7200,240,Z:\SPART-WORK\Data\Voyager\voyager1\mag\48s\reviewed_vim\2013\voyager1_48s_mag-vim_20130101_v01.cdf,C:\Users\Administrator\Documents\FWD_matlab\Voyager_fu\Voyager_Interstellar_Monthly\HighestPrecision_Segments\V1_MAG48s_segment_0692_20131031T061803_20131031T102115.png,ok,
1,693,2013-10-31 23:38:04,2013-11-01 02:23:39,2.75976,206,47.52,142.559,7200,240,Z:\SPART-WORK\Data\Voyager\voyager1\mag\48s\reviewed_vim\2013\voyager1_48s_mag-vim_20130101_v01.cdf,C:\Users\Administrator\Documents\FWD_matlab\Voyager_fu\Voyager_Interstellar_Monthly\HighestPrecision_Segments\V1_MAG48s_segment_0693_20131031T233804_20131101T022339.png,ok,
1,694,2013-11-01 08:17:14,2013-11-01 09:25:16,1.13376027777778,82,47.5209997558594,239.328,7200,240,Z:\SPART-WORK\Data\Voyager\voyager1\mag\48s\reviewed_vim\2013\voyager1_48s_mag-vim_20130101_v01.cdf,C:\Users\Administrator\Documents\FWD_matlab\Voyager_fu\Voyager_Interstellar_Monthly\HighestPrecision_Segments\V1_MAG48s_segment_0694_20131101T081714_20131101T092516.png,ok,
1,695,2013-11-01 21:18:50,2013-11-02 01:39:39,4.34687999993218,324,47.52,192.672,7200,240,Z:\SPART-WORK\Data\Voyager\voyager1\mag\48s\reviewed_vim\2013\voyager1_48s_mag-vim_20130101_v01.cdf,C:\Users\Administrator\Documents\FWD_matlab\Voyager_fu\Voyager_Interstellar_Monthly\HighestPrecision_Segments\V1_MAG48s_segment_0695_20131101T211850_20131102T013939.png,ok,
1,696,2013-11-02 04:50:02,2013-11-02 07:54:52,3.0804,229,47.52,191.808,7200,240,Z:\SPART-WORK\Data\Voyager\voyager1\mag\48s\reviewed_vim\2013\voyager1_48s_mag-vim_20130101_v01.cdf,C:\Users\Administrator\Documents\FWD_matlab\Voyager_fu\Voyager_Interstellar_Monthly\HighestPrecision_Segments\V1_MAG48s_segment_0696_20131102T045002_20131102T075452.png,ok,
1,697,2013-11-02 10:53:14,2013-11-02 14:39:39,3.77351972222222,282,47.52,145.153,7200,240,Z:\SPART-WORK\Data\Voyager\voyager1\mag\48s\reviewed_vim\2013\voyager1_48s_mag-vim_20130101_v01.cdf,C:\Users\Administrator\Documents\FWD_matlab\Voyager_fu\Voyager_Interstellar_Monthly\HighestPrecision_Segments\V1_MAG48s_segment_0697_20131102T105314_20131102T143939.png,ok,
1,698,2013-11-02 23:52:26,2013-11-03 02:44:26,2.86679972222222,215,47.52,97.6310002441406,7200,240,Z:\SPART-WORK\Data\Voyager\voyager1\mag\48s\reviewed_vim\2013\voyager1_48s_mag-vim_20130101_v01.cdf,C:\Users\Administrator\Documents\FWD_matlab\Voyager_fu\Voyager_Interstellar_Monthly\HighestPrecision_Segments\V1_MAG48s_segment_0698_20131102T235226_20131103T024426.png,ok,
1,699,2013-11-03 05:30:04,2013-11-03 05:59:39,0.49296,36,47.5209997558594,141.696,7200,240,Z:\SPART-WORK\Data\Voyager\voyager1\mag\48s\reviewed_vim\2013\voyager1_48s_mag-vim_20130101_v01.cdf,C:\Users\Administrator\Documents\FWD_matlab\Voyager_fu\Voyager_Interstellar_Monthly\HighestPrecision_Segments\V1_MAG48s_segment_0699_20131103T053004_20131103T055939.png,ok,
1,700,2013-11-03 09:36:28,2013-11-03 15:14:50,5.63952027770996,303,47.52,5714.49500024414,7200,240,Z:\SPART-WORK\Data\Voyager\voyager1\mag\48s\reviewed_vim\2013\voyager1_48s_mag-vim_20130101_v01.cdf,C:\Users\Administrator\Documents\FWD_matlab\Voyager_fu\Voyager_Interstellar_Monthly\HighestPrecision_Segments\V1_MAG48s_segment_0700_20131103T093628_20131103T151450.png,ok,
1,701,2013-11-04 00:13:16,2013-11-04 02:42:04,2.47991972222222,187,47.52,50.113,7200,240,Z:\SPART-WORK\Data\Voyager\voyager1\mag\48s\reviewed_vim\2013\voyager1_48s_mag-vim_20130101_v01.cdf,C:\Users\Administrator\Documents\FWD_matlab\Voyager_fu\Voyager_Interstellar_Monthly\HighestPrecision_Segments\V1_MAG48s_segment_0701_20131104T001316_20131104T024204.png,ok,
1,702,2013-11-05 07:12:27,2013-11-05 10:04:28,2.86680027777778,207,47.52,382.752,7200,240,Z:\SPART-WORK\Data\Voyager\voyager1\mag\48s\reviewed_vim\2013\voyager1_48s_mag-vim_20130101_v01.cdf,C:\Users\Administrator\Documents\FWD_matlab\Voyager_fu\Voyager_Interstellar_Monthly\HighestPrecision_Segments\V1_MAG48s_segment_0702_20131105T071227_20131105T100428.png,ok,
1,703,2013-11-05 23:44:26,2013-11-06 09:54:50,10.1733602777778,647,47.52,5234.111,7200,240,Z:\SPART-WORK\Data\Voyager\voyager1\mag\48s\reviewed_vim\2013\voyager1_48s_mag-vim_20130101_v01.cdf,C:\Users\Administrator\Documents\FWD_matlab\Voyager_fu\Voyager_Interstellar_Monthly\HighestPrecision_Segments\V1_MAG48s_segment_0703_20131105T234426_20131106T095450.png,ok,
1,704,2013-11-06 23:38:04,2013-11-07 01:46:02,2.13288,159,47.52,142.559,7200,240,Z:\SPART-WORK\Data\Voyager\voyager1\mag\48s\reviewed_vim\2013\voyager1_48s_mag-vim_20130101_v01.cdf,C:\Users\Administrator\Documents\FWD_matlab\Voyager_fu\Voyager_Interstellar_Monthly\HighestPrecision_Segments\V1_MAG48s_segment_0704_20131106T233804_20131107T014602.png,ok,
1,705,2013-11-07 04:50:02,2013-11-07 06:49:15,1.98696,149,47.52,97.632,7200,240,Z:\SPART-WORK\Data\Voyager\voyager1\mag\48s\reviewed_vim\2013\voyager1_48s_mag-vim_20130101_v01.cdf,C:\Users\Administrator\Documents\FWD_matlab\Voyager_fu\Voyager_Interstellar_Monthly\HighestPrecision_Segments\V1_MAG48s_segment_0705_20131107T045002_20131107T064915.png,ok,
1,706,2013-11-07 17:25:14,2013-11-07 19:42:02,2.27999972222222,169,47.52,192.671,7200,240,Z:\SPART-WORK\Data\Voyager\voyager1\mag\48s\reviewed_vim\2013\voyager1_48s_mag-vim_20130101_v01.cdf,C:\Users\Administrator\Documents\FWD_matlab\Voyager_fu\Voyager_Interstellar_Monthly\HighestPrecision_Segments\V1_MAG48s_segment_0706_20131107T172514_20131107T194202.png,ok,
1,707,2013-11-08 01:26:49,2013-11-08 02:29:14,1.04016,79,47.52,50.113,7200,240,Z:\SPART-WORK\Data\Voyager\voyager1\mag\48s\reviewed_vim\2013\voyager1_48s_mag-vim_20130101_v01.cdf,C:\Users\Administrator\Documents\FWD_matlab\Voyager_fu\Voyager_Interstellar_Monthly\HighestPrecision_Segments\V1_MAG48s_segment_0707_20131108T012649_20131108T022914.png,ok,
1,708,2013-11-08 07:31:40,2013-11-08 09:49:15,2.29319972222222,171,47.52,142.559,7200,240,Z:\SPART-WORK\Data\Voyager\voyager1\mag\48s\reviewed_vim\2013\voyager1_48s_mag-vim_20130101_v01.cdf,C:\Users\Administrator\Documents\FWD_matlab\Voyager_fu\Voyager_Interstellar_Monthly\HighestPrecision_Segments\V1_MAG48s_segment_0708_20131108T073140_20131108T094915.png,ok,
1,709,2013-11-08 17:18:52,2013-11-08 19:11:40,1.87992027777778,139,47.5200001220703,192.672,7200,240,Z:\SPART-WORK\Data\Voyager\voyager1\mag\48s\reviewed_vim\2013\voyager1_48s_mag-vim_20130101_v01.cdf,C:\Users\Administrator\Documents\FWD_matlab\Voyager_fu\Voyager_Interstellar_Monthly\HighestPrecision_Segments\V1_MAG48s_segment_0709_20131108T171852_20131108T191140.png,ok,
1,710,2013-11-09 00:58:02,2013-11-09 01:54:02,0.93312,71,47.52,50.113,7200,240,Z:\SPART-WORK\Data\Voyager\voyager1\mag\48s\reviewed_vim\2013\voyager1_48s_mag-vim_20130101_v01.cdf,C:\Users\Administrator\Documents\FWD_matlab\Voyager_fu\Voyager_Interstellar_Monthly\HighestPrecision_Segments\V1_MAG48s_segment_0710_20131109T005802_20131109T015402.png,ok,
1,711,2013-11-09 07:06:03,2013-11-09 08:59:39,1.89336,138,47.5209997558594,239.328,7200,240,Z:\SPART-WORK\Data\Voyager\voyager1\mag\48s\reviewed_vim\2013\voyager1_48s_mag-vim_20130101_v01.cdf,C:\Users\Administrator\Documents\FWD_matlab\Voyager_fu\Voyager_Interstellar_Monthly\HighestPrecision_Segments\V1_MAG48s_segment_0711_20131109T070603_20131109T085939.png,ok,
1,712,2013-11-09 21:10:51,2013-11-10 06:12:26,9.0264,569,47.52,5184.001,7200,240,Z:\SPART-WORK\Data\Voyager\voyager1\mag\48s\reviewed_vim\2013\voyager1_48s_mag-vim_20130101_v01.cdf,C:\Users\Administrator\Documents\FWD_matlab\Voyager_fu\Voyager_Interstellar_Monthly\HighestPrecision_Segments\V1_MAG48s_segment_0712_20131109T211051_20131110T061226.png,ok,
1,713,2013-11-11 01:28:27,2013-11-11 05:18:02,3.82632027777778,288,47.52,50.113,7200,240,Z:\SPART-WORK\Data\Voyager\voyager1\mag\48s\reviewed_vim\2013\voyager1_48s_mag-vim_20130101_v01.cdf,C:\Users\Administrator\Documents\FWD_matlab\Voyager_fu\Voyager_Interstellar_Monthly\HighestPrecision_Segments\V1_MAG48s_segment_0713_20131111T012827_20131111T051802.png,ok,
1,714,2013-11-11 08:40:26,2013-11-11 09:34:03,0.893519722222222,68,47.5200002441406,50.112,7200,240,Z:\SPART-WORK\Data\Voyager\voyager1\mag\48s\reviewed_vim\2013\voyager1_48s_mag-vim_20130101_v01.cdf,C:\Users\Administrator\Documents\FWD_matlab\Voyager_fu\Voyager_Interstellar_Monthly\HighestPrecision_Segments\V1_MAG48s_segment_0714_20131111T084026_20131111T093403.png,ok,
1,715,2013-11-12 06:26:03,2013-11-12 08:28:26,2.03976,144,47.52,334.368,7200,240,Z:\SPART-WORK\Data\Voyager\voyager1\mag\48s\reviewed_vim\2013\voyager1_48s_mag-vim_20130101_v01.cdf,C:\Users\Administrator\Documents\FWD_matlab\Voyager_fu\Voyager_Interstellar_Monthly\HighestPrecision_Segments\V1_MAG48s_segment_0715_20131112T062603_20131112T082826.png,ok,
1,716,2013-11-12 21:55:38,2013-11-13 01:02:50,3.12,233,47.52,141.696,7200,240,Z:\SPART-WORK\Data\Voyager\voyager1\mag\48s\reviewed_vim\2013\voyager1_48s_mag-vim_20130101_v01.cdf,C:\Users\Administrator\Documents\FWD_matlab\Voyager_fu\Voyager_Interstellar_Monthly\HighestPrecision_Segments\V1_MAG48s_segment_0716_20131112T215538_20131113T010250.png,ok,
1,717,2013-11-13 07:25:14,2013-11-13 08:25:14,0.999840277777778,74,47.5209997558594,145.151,7200,240,Z:\SPART-WORK\Data\Voyager\voyager1\mag\48s\reviewed_vim\2013\voyager1_48s_mag-vim_20130101_v01.cdf,C:\Users\Administrator\Documents\FWD_matlab\Voyager_fu\Voyager_Interstellar_Monthly\HighestPrecision_Segments\V1_MAG48s_segment_0717_20131113T072514_20131113T082514.png,ok,
1,718,2013-11-14 01:22:03,2013-11-14 01:58:52,0.61368,44,47.5209997558594,189.216000244141,7200,240,Z:\SPART-WORK\Data\Voyager\voyager1\mag\48s\reviewed_vim\2013\voyager1_48s_mag-vim_20130101_v01.cdf,C:\Users\Administrator\Documents\FWD_matlab\Voyager_fu\Voyager_Interstellar_Monthly\HighestPrecision_Segments\V1_MAG48s_segment_0718_20131114T012203_20131114T015852.png,ok,
1,719,2013-11-14 05:49:13,2013-11-14 09:23:38,3.57359972222222,269,47.5200002441406,50.113,7200,240,Z:\SPART-WORK\Data\Voyager\voyager1\mag\48s\reviewed_vim\2013\voyager1_48s_mag-vim_20130101_v01.cdf,C:\Users\Administrator\Documents\FWD_matlab\Voyager_fu\Voyager_Interstellar_Monthly\HighestPrecision_Segments\V1_MAG48s_segment_0719_20131114T054913_20131114T092338.png,ok,
1,720,2013-11-14 13:04:28,2013-11-14 14:18:02,1.22616,93,47.52,50.113,7200,240,Z:\SPART-WORK\Data\Voyager\voyager1\mag\48s\reviewed_vim\2013\voyager1_48s_mag-vim_20130101_v01.cdf,C:\Users\Administrator\Documents\FWD_matlab\Voyager_fu\Voyager_Interstellar_Monthly\HighestPrecision_Segments\V1_MAG48s_segment_0720_20131114T130428_20131114T141802.png,ok,
1,721,2013-11-14 21:25:16,2013-11-15 01:56:27,4.51968,337,47.5200001220703,191.809,7200,240,Z:\SPART-WORK\Data\Voyager\voyager1\mag\48s\reviewed_vim\2013\voyager1_48s_mag-vim_20130101_v01.cdf,C:\Users\Administrator\Documents\FWD_matlab\Voyager_fu\Voyager_Interstellar_Monthly\HighestPrecision_Segments\V1_MAG48s_segment_0721_20131114T212516_20131115T015627.png,ok,
1,722,2013-11-15 05:52:26,2013-11-15 09:24:26,3.53328,264,47.5200002441406,145.152999755859,7200,240,Z:\SPART-WORK\Data\Voyager\voyager1\mag\48s\reviewed_vim\2013\voyager1_48s_mag-vim_20130101_v01.cdf,C:\Users\Administrator\Documents\FWD_matlab\Voyager_fu\Voyager_Interstellar_Monthly\HighestPrecision_Segments\V1_MAG48s_segment_0722_20131115T055226_20131115T092426.png,ok,
1,723,2013-11-15 17:30:04,2013-11-16 02:53:13,9.38592000006782,705,47.5209997558594,50.113,7200,240,Z:\SPART-WORK\Data\Voyager\voyager1\mag\48s\reviewed_vim\2013\voyager1_48s_mag-vim_20130101_v01.cdf,C:\Users\Administrator\Documents\FWD_matlab\Voyager_fu\Voyager_Interstellar_Monthly\HighestPrecision_Segments\V1_MAG48s_segment_0723_20131115T173004_20131116T025313.png,ok,
1,724,2013-11-16 15:55:38,2013-11-16 16:52:26,0.9468,71,47.5204998779297,96.7689997558594,7200,240,Z:\SPART-WORK\Data\Voyager\voyager1\mag\48s\reviewed_vim\2013\voyager1_48s_mag-vim_20130101_v01.cdf,C:\Users\Administrator\Documents\FWD_matlab\Voyager_fu\Voyager_Interstellar_Monthly\HighestPrecision_Segments\V1_MAG48s_segment_0724_20131116T155538_20131116T165226.png,ok,
1,725,2013-11-17 00:03:38,2013-11-17 01:50:02,1.77336,132,47.5200002441406,145.151,7200,240,Z:\SPART-WORK\Data\Voyager\voyager1\mag\48s\reviewed_vim\2013\voyager1_48s_mag-vim_20130101_v01.cdf,C:\Users\Administrator\Documents\FWD_matlab\Voyager_fu\Voyager_Interstellar_Monthly\HighestPrecision_Segments\V1_MAG48s_segment_0725_20131117T000338_20131117T015002.png,ok,
1,726,2013-11-18 05:54:04,2013-11-18 09:08:26,3.23951999993218,162,47.5209997558594,3598.55900024414,7200,240,Z:\SPART-WORK\Data\Voyager\voyager1\mag\48s\reviewed_vim\2013\voyager1_48s_mag-vim_20130101_v01.cdf,C:\Users\Administrator\Documents\FWD_matlab\Voyager_fu\Voyager_Interstellar_Monthly\HighestPrecision_Segments\V1_MAG48s_segment_0726_20131118T055404_20131118T090826.png,ok,
1,727,2013-11-18 22:50:02,2013-11-19 01:38:02,2.79984027777778,209,47.5209997558594,144.288,7200,240,Z:\SPART-WORK\Data\Voyager\voyager1\mag\48s\reviewed_vim\2013\voyager1_48s_mag-vim_20130101_v01.cdf,C:\Users\Administrator\Documents\FWD_matlab\Voyager_fu\Voyager_Interstellar_Monthly\HighestPrecision_Segments\V1_MAG48s_segment_0727_20131118T225002_20131119T013802.png,ok,
1,728,2013-11-19 04:26:02,2013-11-19 09:02:51,4.61352,339,47.5209997558594,334.368,7200,240,Z:\SPART-WORK\Data\Voyager\voyager1\mag\48s\reviewed_vim\2013\voyager1_48s_mag-vim_20130101_v01.cdf,C:\Users\Administrator\Documents\FWD_matlab\Voyager_fu\Voyager_Interstellar_Monthly\HighestPrecision_Segments\V1_MAG48s_segment_0728_20131119T042602_20131119T090251.png,ok,
1,729,2013-11-19 23:12:27,2013-11-20 01:07:38,1.91976,143,47.5209997558594,145.151,7200,240,Z:\SPART-WORK\Data\Voyager\voyager1\mag\48s\reviewed_vim\2013\voyager1_48s_mag-vim_20130101_v01.cdf,C:\Users\Administrator\Documents\FWD_matlab\Voyager_fu\Voyager_Interstellar_Monthly\HighestPrecision_Segments\V1_MAG48s_segment_0729_20131119T231227_20131120T010738.png,ok,
1,730,2013-11-20 09:33:15,2013-11-20 13:47:40,4.24008027777778,315,47.5209997558594,142.561,7200,240,Z:\SPART-WORK\Data\Voyager\voyager1\mag\48s\reviewed_vim\2013\voyager1_48s_mag-vim_20130101_v01.cdf,C:\Users\Administrator\Documents\FWD_matlab\Voyager_fu\Voyager_Interstellar_Monthly\HighestPrecision_Segments\V1_MAG48s_segment_0730_20131120T093315_20131120T134740.png,ok,
1,731,2013-11-20 21:52:28,2013-11-21 01:34:02,3.69288,278,47.5209997558594,50.113,7200,240,Z:\SPART-WORK\Data\Voyager\voyager1\mag\48s\reviewed_vim\2013\voyager1_48s_mag-vim_20130101_v01.cdf,C:\Users\Administrator\Documents\FWD_matlab\Voyager_fu\Voyager_Interstellar_Monthly\HighestPrecision_Segments\V1_MAG48s_segment_0731_20131120T215228_20131121T013402.png,ok,
1,732,2013-11-21 05:44:26,2013-11-21 08:52:26,3.13320027777778,235,47.5209997558594,97.6320002441406,7200,240,Z:\SPART-WORK\Data\Voyager\voyager1\mag\48s\reviewed_vim\2013\voyager1_48s_mag-vim_20130101_v01.cdf,C:\Users\Administrator\Documents\FWD_matlab\Voyager_fu\Voyager_Interstellar_Monthly\HighestPrecision_Segments\V1_MAG48s_segment_0732_20131121T054426_20131121T085226.png,ok,
1,733,2013-11-22 06:16:25,2013-11-22 08:54:04,2.62727972229004,194,47.5209997558594,192.671,7200,240,Z:\SPART-WORK\Data\Voyager\voyager1\mag\48s\reviewed_vim\2013\voyager1_48s_mag-vim_20130101_v01.cdf,C:\Users\Administrator\Documents\FWD_matlab\Voyager_fu\Voyager_Interstellar_Monthly\HighestPrecision_Segments\V1_MAG48s_segment_0733_20131122T061625_20131122T085404.png,ok,
1,734,2013-11-22 16:02:02,2013-11-23 01:29:15,9.45336,707,47.5209997558594,192.672,7200,240,Z:\SPART-WORK\Data\Voyager\voyager1\mag\48s\reviewed_vim\2013\voyager1_48s_mag-vim_20130101_v01.cdf,C:\Users\Administrator\Documents\FWD_matlab\Voyager_fu\Voyager_Interstellar_Monthly\HighestPrecision_Segments\V1_MAG48s_segment_0734_20131122T160202_20131123T012915.png,ok,
1,735,2013-11-23 05:39:39,2013-11-23 08:47:38,3.13320027777778,236,47.5209997558594,50.113,7200,240,Z:\SPART-WORK\Data\Voyager\voyager1\mag\48s\reviewed_vim\2013\voyager1_48s_mag-vim_20130101_v01.cdf,C:\Users\Administrator\Documents\FWD_matlab\Voyager_fu\Voyager_Interstellar_Monthly\HighestPrecision_Segments\V1_MAG48s_segment_0735_20131123T053939_20131123T084738.png,ok,
1,736,2013-11-23 21:18:50,2013-11-24 01:17:15,3.97344027770996,298,47.5209997558594,95.0399997558594,7200,240,Z:\SPART-WORK\Data\Voyager\voyager1\mag\48s\reviewed_vim\2013\voyager1_48s_mag-vim_20130101_v01.cdf,C:\Users\Administrator\Documents\FWD_matlab\Voyager_fu\Voyager_Interstellar_Monthly\HighestPrecision_Segments\V1_MAG48s_segment_0736_20131123T211850_20131124T011715.png,ok,
1,737,2013-11-24 20:03:40,2013-11-25 01:12:27,5.14655999993218,385,47.5209997558594,144.287,7200,240,Z:\SPART-WORK\Data\Voyager\voyager1\mag\48s\reviewed_vim\2013\voyager1_48s_mag-vim_20130101_v01.cdf,C:\Users\Administrator\Documents\FWD_matlab\Voyager_fu\Voyager_Interstellar_Monthly\HighestPrecision_Segments\V1_MAG48s_segment_0737_20131124T200340_20131125T011227.png,ok,
1,738,2013-11-25 21:12:26,2013-11-26 01:11:37,3.98639972222222,299,47.5209997558594,97.632,7200,240,Z:\SPART-WORK\Data\Voyager\voyager1\mag\48s\reviewed_vim\2013\voyager1_48s_mag-vim_20130101_v01.cdf,C:\Users\Administrator\Documents\FWD_matlab\Voyager_fu\Voyager_Interstellar_Monthly\HighestPrecision_Segments\V1_MAG48s_segment_0738_20131125T211226_20131126T011137.png,ok,
1,739,2013-11-26 23:14:02,2013-11-27 01:07:38,1.89336,140,47.5209997558594,192.672,7200,240,Z:\SPART-WORK\Data\Voyager\voyager1\mag\48s\reviewed_vim\2013\voyager1_48s_mag-vim_20130101_v01.cdf,C:\Users\Administrator\Documents\FWD_matlab\Voyager_fu\Voyager_Interstellar_Monthly\HighestPrecision_Segments\V1_MAG48s_segment_0739_20131126T231402_20131127T010738.png,ok,
1,740,2013-11-27 04:54:49,2013-11-27 08:34:01,3.65328,273,47.5209997558594,142.561,7200,240,Z:\SPART-WORK\Data\Voyager\voyager1\mag\48s\reviewed_vim\2013\voyager1_48s_mag-vim_20130101_v01.cdf,C:\Users\Administrator\Documents\FWD_matlab\Voyager_fu\Voyager_Interstellar_Monthly\HighestPrecision_Segments\V1_MAG48s_segment_0740_20131127T045449_20131127T083401.png,ok,
1,741,2013-11-27 12:18:03,2013-11-27 13:26:49,1.14623972229004,84,47.5209997558594,192.672,7200,240,Z:\SPART-WORK\Data\Voyager\voyager1\mag\48s\reviewed_vim\2013\voyager1_48s_mag-vim_20130101_v01.cdf,C:\Users\Administrator\Documents\FWD_matlab\Voyager_fu\Voyager_Interstellar_Monthly\HighestPrecision_Segments\V1_MAG48s_segment_0741_20131127T121803_20131127T132649.png,ok,
1,742,2013-11-27 21:49:15,2013-11-28 01:02:02,3.21312027777778,240,47.5209997558594,142.559,7200,240,Z:\SPART-WORK\Data\Voyager\voyager1\mag\48s\reviewed_vim\2013\voyager1_48s_mag-vim_20130101_v01.cdf,C:\Users\Administrator\Documents\FWD_matlab\Voyager_fu\Voyager_Interstellar_Monthly\HighestPrecision_Segments\V1_MAG48s_segment_0742_20131127T214915_20131128T010202.png,ok,
1,743,2013-11-28 21:17:13,2013-11-29 00:31:38,3.24024027770996,244,47.5209997558594,50.113,7200,240,Z:\SPART-WORK\Data\Voyager\voyager1\mag\48s\reviewed_vim\2013\voyager1_48s_mag-vim_20130101_v01.cdf,C:\Users\Administrator\Documents\FWD_matlab\Voyager_fu\Voyager_Interstellar_Monthly\HighestPrecision_Segments\V1_MAG48s_segment_0743_20131128T211713_20131129T003138.png,ok,
1,744,2013-11-29 05:58:51,2013-11-29 07:21:15,1.37327972222222,104,47.5209997558594,50.113,7200,240,Z:\SPART-WORK\Data\Voyager\voyager1\mag\48s\reviewed_vim\2013\voyager1_48s_mag-vim_20130101_v01.cdf,C:\Users\Administrator\Documents\FWD_matlab\Voyager_fu\Voyager_Interstellar_Monthly\HighestPrecision_Segments\V1_MAG48s_segment_0744_20131129T055851_20131129T072115.png,ok,
1,745,2013-11-29 18:35:38,2013-11-30 00:55:38,6.33336,468,47.5209997558594,287.712,7200,240,Z:\SPART-WORK\Data\Voyager\voyager1\mag\48s\reviewed_vim\2013\voyager1_48s_mag-vim_20130101_v01.cdf,C:\Users\Administrator\Documents\FWD_matlab\Voyager_fu\Voyager_Interstellar_Monthly\HighestPrecision_Segments\V1_MAG48s_segment_0745_20131129T183538_20131130T005538.png,ok,
1,746,2013-11-30 05:42:51,2013-11-30 07:56:27,2.22648027777778,168,47.5209997558594,50.113,7200,240,Z:\SPART-WORK\Data\Voyager\voyager1\mag\48s\reviewed_vim\2013\voyager1_48s_mag-vim_20130101_v01.cdf,C:\Users\Administrator\Documents\FWD_matlab\Voyager_fu\Voyager_Interstellar_Monthly\HighestPrecision_Segments\V1_MAG48s_segment_0746_20131130T054251_20131130T075627.png,ok,
1,747,2013-11-30 21:38:03,2013-12-01 00:26:03,2.80008,210,47.5209997558594,95.04,7200,240,Z:\SPART-WORK\Data\Voyager\voyager1\mag\48s\reviewed_vim\2013\voyager1_48s_mag-vim_20130101_v01.cdf,C:\Users\Administrator\Documents\FWD_matlab\Voyager_fu\Voyager_Interstellar_Monthly\HighestPrecision_Segments\V1_MAG48s_segment_0747_20131130T213803_20131201T002603.png,ok,
1,748,2013-12-01 04:45:14,2013-12-01 08:18:02,3.54648027770996,265,47.5209997558594,145.151,7200,240,Z:\SPART-WORK\Data\Voyager\voyager1\mag\48s\reviewed_vim\2013\voyager1_48s_mag-vim_20130101_v01.cdf,C:\Users\Administrator\Documents\FWD_matlab\Voyager_fu\Voyager_Interstellar_Monthly\HighestPrecision_Segments\V1_MAG48s_segment_0748_20131201T044514_20131201T081802.png,ok,
1,749,2013-12-01 23:54:04,2013-12-02 03:52:25,3.97271999993218,202,47.5209997558594,4078.944,7200,240,Z:\SPART-WORK\Data\Voyager\voyager1\mag\48s\reviewed_vim\2013\voyager1_48s_mag-vim_20130101_v01.cdf,C:\Users\Administrator\Documents\FWD_matlab\Voyager_fu\Voyager_Interstellar_Monthly\HighestPrecision_Segments\V1_MAG48s_segment_0749_20131201T235404_20131202T035225.png,ok,
1,750,2013-12-02 22:05:15,2013-12-03 00:18:50,2.22647972229004,168,47.5209997558594,50.113,7200,240,Z:\SPART-WORK\Data\Voyager\voyager1\mag\48s\reviewed_vim\2013\voyager1_48s_mag-vim_20130101_v01.cdf,C:\Users\Administrator\Documents\FWD_matlab\Voyager_fu\Voyager_Interstellar_Monthly\HighestPrecision_Segments\V1_MAG48s_segment_0750_20131202T220515_20131203T001850.png,ok,
1,751,2013-12-03 06:22:51,2013-12-03 07:03:38,0.67968,51,47.5209997558594,95.04,7200,240,Z:\SPART-WORK\Data\Voyager\voyager1\mag\48s\reviewed_vim\2013\voyager1_48s_mag-vim_20130101_v01.cdf,C:\Users\Administrator\Documents\FWD_matlab\Voyager_fu\Voyager_Interstellar_Monthly\HighestPrecision_Segments\V1_MAG48s_segment_0751_20131203T062251_20131203T070338.png,ok,
1,752,2013-12-03 22:40:27,2013-12-04 03:17:13,4.61280000006782,240,47.5209997558594,4703.616,7200,240,Z:\SPART-WORK\Data\Voyager\voyager1\mag\48s\reviewed_vim\2013\voyager1_48s_mag-vim_20130101_v01.cdf,C:\Users\Administrator\Documents\FWD_matlab\Voyager_fu\Voyager_Interstellar_Monthly\HighestPrecision_Segments\V1_MAG48s_segment_0752_20131203T224027_20131204T031713.png,ok,
1,753,2013-12-04 05:49:13,2013-12-04 08:06:49,2.2932,171,47.5209997558594,145.153,7200,240,Z:\SPART-WORK\Data\Voyager\voyager1\mag\48s\reviewed_vim\2013\voyager1_48s_mag-vim_20130101_v01.cdf,C:\Users\Administrator\Documents\FWD_matlab\Voyager_fu\Voyager_Interstellar_Monthly\HighestPrecision_Segments\V1_MAG48s_segment_0753_20131204T054913_20131204T080649.png,ok,
1,754,2013-12-04 22:03:38,2013-12-05 00:38:51,2.58695972222222,194,47.5209997558594,97.632,7200,240,Z:\SPART-WORK\Data\Voyager\voyager1\mag\48s\reviewed_vim\2013\voyager1_48s_mag-vim_20130101_v01.cdf,C:\Users\Administrator\Documents\FWD_matlab\Voyager_fu\Voyager_Interstellar_Monthly\HighestPrecision_Segments\V1_MAG48s_segment_0754_20131204T220338_20131205T003851.png,ok,
1,755,2013-12-05 05:12:27,2013-12-05 08:02:02,2.82648000006782,210,47.5209997558594,192.672,7200,240,Z:\SPART-WORK\Data\Voyager\voyager1\mag\48s\reviewed_vim\2013\voyager1_48s_mag-vim_20130101_v01.cdf,C:\Users\Administrator\Documents\FWD_matlab\Voyager_fu\Voyager_Interstellar_Monthly\HighestPrecision_Segments\V1_MAG48s_segment_0755_20131205T051227_20131205T080202.png,ok,
1,756,2013-12-05 19:26:49,2013-12-06 00:30:50,5.06687999993218,378,47.5209997558594,190.08,7200,240,Z:\SPART-WORK\Data\Voyager\voyager1\mag\48s\reviewed_vim\2013\voyager1_48s_mag-vim_20130101_v01.cdf,C:\Users\Administrator\Documents\FWD_matlab\Voyager_fu\Voyager_Interstellar_Monthly\HighestPrecision_Segments\V1_MAG48s_segment_0756_20131205T192649_20131206T003050.png,ok,
1,757,2013-12-06 04:59:39,2013-12-06 07:57:14,2.95967972222222,222,47.5209997558594,95.04,7200,240,Z:\SPART-WORK\Data\Voyager\voyager1\mag\48s\reviewed_vim\2013\voyager1_48s_mag-vim_20130101_v01.cdf,C:\Users\Administrator\Documents\FWD_matlab\Voyager_fu\Voyager_Interstellar_Monthly\HighestPrecision_Segments\V1_MAG48s_segment_0757_20131206T045939_20131206T075714.png,ok,
1,758,2013-12-06 19:15:37,2013-12-07 00:28:25,5.21328,390,47.5209997558594,145.153,7200,240,Z:\SPART-WORK\Data\Voyager\voyager1\mag\48s\reviewed_vim\2013\voyager1_48s_mag-vim_20130101_v01.cdf,C:\Users\Administrator\Documents\FWD_matlab\Voyager_fu\Voyager_Interstellar_Monthly\HighestPrecision_Segments\V1_MAG48s_segment_0758_20131206T191537_20131207T002825.png,ok,
1,759,2013-12-07 16:51:36,2013-12-08 00:21:13,7.49352,563,47.5209997558594,50.113,7200,240,Z:\SPART-WORK\Data\Voyager\voyager1\mag\48s\reviewed_vim\2013\voyager1_48s_mag-vim_20130101_v01.cdf,C:\Users\Administrator\Documents\FWD_matlab\Voyager_fu\Voyager_Interstellar_Monthly\HighestPrecision_Segments\V1_MAG48s_segment_0759_20131207T165136_20131208T002113.png,ok,
1,760,2013-12-08 05:34:51,2013-12-08 07:54:49,2.33280027770996,173,47.5209997558594,192.671999755859,7200,240,Z:\SPART-WORK\Data\Voyager\voyager1\mag\48s\reviewed_vim\2013\voyager1_48s_mag-vim_20130101_v01.cdf,C:\Users\Administrator\Documents\FWD_matlab\Voyager_fu\Voyager_Interstellar_Monthly\HighestPrecision_Segments\V1_MAG48s_segment_0760_20131208T053451_20131208T075449.png,ok,
1,761,2013-12-08 18:30:50,2013-12-09 00:22:03,5.8536,434,47.5209997558594,192.672,7200,240,Z:\SPART-WORK\Data\Voyager\voyager1\mag\48s\reviewed_vim\2013\voyager1_48s_mag-vim_20130101_v01.cdf,C:\Users\Administrator\Documents\FWD_matlab\Voyager_fu\Voyager_Interstellar_Monthly\HighestPrecision_Segments\V1_MAG48s_segment_0761_20131208T183050_20131209T002203.png,ok,
1,762,2013-12-09 19:31:37,2013-12-10 00:17:13,4.75992000006782,358,47.5209997558594,50.113,7200,240,Z:\SPART-WORK\Data\Voyager\voyager1\mag\48s\reviewed_vim\2013\voyager1_48s_mag-vim_20130101_v01.cdf,C:\Users\Administrator\Documents\FWD_matlab\Voyager_fu\Voyager_Interstellar_Monthly\HighestPrecision_Segments\V1_MAG48s_segment_0762_20131209T193137_20131210T001713.png,ok,
1,763,2013-12-10 21:58:50,2013-12-11 04:51:36,6.8796,439,47.5209997558594,3648.67299975586,7200,240,Z:\SPART-WORK\Data\Voyager\voyager1\mag\48s\reviewed_vim\2013\voyager1_48s_mag-vim_20130101_v01.cdf,C:\Users\Administrator\Documents\FWD_matlab\Voyager_fu\Voyager_Interstellar_Monthly\HighestPrecision_Segments\V1_MAG48s_segment_0763_20131210T215850_20131211T045136.png,ok,
1,764,2013-12-11 21:52:25,2013-12-12 00:06:51,2.2404,167,47.5209998779297,142.559000244141,7200,240,Z:\SPART-WORK\Data\Voyager\voyager1\mag\48s\reviewed_vim\2013\voyager1_48s_mag-vim_20130101_v01.cdf,C:\Users\Administrator\Documents\FWD_matlab\Voyager_fu\Voyager_Interstellar_Monthly\HighestPrecision_Segments\V1_MAG48s_segment_0764_20131211T215225_20131212T000651.png,ok,
1,765,2013-12-12 03:47:38,2013-12-12 06:21:13,2.55984027777778,191,47.5209997558594,145.151,7200,240,Z:\SPART-WORK\Data\Voyager\voyager1\mag\48s\reviewed_vim\2013\voyager1_48s_mag-vim_20130101_v01.cdf,C:\Users\Administrator\Documents\FWD_matlab\Voyager_fu\Voyager_Interstellar_Monthly\HighestPrecision_Segments\V1_MAG48s_segment_0765_20131212T034738_20131212T062113.png,ok,
1,766,2013-12-12 13:15:37,2013-12-12 20:10:49,6.91991972229004,517,47.5209997558594,190.08,7200,240,Z:\SPART-WORK\Data\Voyager\voyager1\mag\48s\reviewed_vim\2013\voyager1_48s_mag-vim_20130101_v01.cdf,C:\Users\Administrator\Documents\FWD_matlab\Voyager_fu\Voyager_Interstellar_Monthly\HighestPrecision_Segments\V1_MAG48s_segment_0766_20131212T131537_20131212T201049.png,ok,
1,767,2013-12-13 08:53:13,2013-12-13 11:56:26,3.05351999993218,215,47.5209998779297,577.151,7200,240,Z:\SPART-WORK\Data\Voyager\voyager1\mag\48s\reviewed_vim\2013\voyager1_48s_mag-vim_20130101_v01.cdf,C:\Users\Administrator\Documents\FWD_matlab\Voyager_fu\Voyager_Interstellar_Monthly\HighestPrecision_Segments\V1_MAG48s_segment_0767_20131213T085313_20131213T115626.png,ok,
1,768,2013-12-13 18:48:25,2013-12-14 00:02:51,5.2404,391,47.5209997558594,192.672,7200,240,Z:\SPART-WORK\Data\Voyager\voyager1\mag\48s\reviewed_vim\2013\voyager1_48s_mag-vim_20130101_v01.cdf,C:\Users\Administrator\Documents\FWD_matlab\Voyager_fu\Voyager_Interstellar_Monthly\HighestPrecision_Segments\V1_MAG48s_segment_0768_20131213T184825_20131214T000251.png,ok,
1,769,2013-12-14 20:22:49,2013-12-15 07:20:25,10.9600802777778,703,47.5209997558594,5758.559,7200,240,Z:\SPART-WORK\Data\Voyager\voyager1\mag\48s\reviewed_vim\2013\voyager1_48s_mag-vim_20130101_v01.cdf,C:\Users\Administrator\Documents\FWD_matlab\Voyager_fu\Voyager_Interstellar_Monthly\HighestPrecision_Segments\V1_MAG48s_segment_0769_20131214T202249_20131215T072025.png,ok,
1,770,2013-12-15 17:58:51,2013-12-15 23:50:51,5.86656,441,47.5209997558594,50.113,7200,240,Z:\SPART-WORK\Data\Voyager\voyager1\mag\48s\reviewed_vim\2013\voyager1_48s_mag-vim_20130101_v01.cdf,C:\Users\Administrator\Documents\FWD_matlab\Voyager_fu\Voyager_Interstellar_Monthly\HighestPrecision_Segments\V1_MAG48s_segment_0770_20131215T175851_20131215T235051.png,ok,
1,771,2013-12-16 05:09:14,2013-12-16 07:16:25,2.11967999993218,157,47.5209997558594,192.671999755859,7200,240,Z:\SPART-WORK\Data\Voyager\voyager1\mag\48s\reviewed_vim\2013\voyager1_48s_mag-vim_20130101_v01.cdf,C:\Users\Administrator\Documents\FWD_matlab\Voyager_fu\Voyager_Interstellar_Monthly\HighestPrecision_Segments\V1_MAG48s_segment_0771_20131216T050914_20131216T071625.png,ok,
1,772,2013-12-17 01:47:37,2013-12-17 07:16:25,5.47991972222222,396,47.5209997558594,335.233,7200,240,Z:\SPART-WORK\Data\Voyager\voyager1\mag\48s\reviewed_vim\2013\voyager1_48s_mag-vim_20130101_v01.cdf,C:\Users\Administrator\Documents\FWD_matlab\Voyager_fu\Voyager_Interstellar_Monthly\HighestPrecision_Segments\V1_MAG48s_segment_0772_20131217T014737_20131217T071625.png,ok,
1,773,2013-12-18 00:32:25,2013-12-18 07:11:37,6.65328,498,47.5209997558594,145.151000244141,7200,240,Z:\SPART-WORK\Data\Voyager\voyager1\mag\48s\reviewed_vim\2013\voyager1_48s_mag-vim_20130101_v01.cdf,C:\Users\Administrator\Documents\FWD_matlab\Voyager_fu\Voyager_Interstellar_Monthly\HighestPrecision_Segments\V1_MAG48s_segment_0773_20131218T003225_20131218T071137.png,ok,
1,774,2013-12-18 12:13:14,2013-12-18 16:10:50,3.96000027777778,295,47.5209997558594,144.288,7200,240,Z:\SPART-WORK\Data\Voyager\voyager1\mag\48s\reviewed_vim\2013\voyager1_48s_mag-vim_20130101_v01.cdf,C:\Users\Administrator\Documents\FWD_matlab\Voyager_fu\Voyager_Interstellar_Monthly\HighestPrecision_Segments\V1_MAG48s_segment_0774_20131218T121314_20131218T161050.png,ok,
1,775,2013-12-19 12:03:38,2013-12-19 16:08:25,4.07976027777778,301,47.5209997558594,240.191,7200,240,Z:\SPART-WORK\Data\Voyager\voyager1\mag\48s\reviewed_vim\2013\voyager1_48s_mag-vim_20130101_v01.cdf,C:\Users\Administrator\Documents\FWD_matlab\Voyager_fu\Voyager_Interstellar_Monthly\HighestPrecision_Segments\V1_MAG48s_segment_0775_20131219T120338_20131219T160825.png,ok,
1,776,2013-12-20 11:54:01,2013-12-20 16:54:49,5.01336,371,47.5209997558594,239.328,7200,240,Z:\SPART-WORK\Data\Voyager\voyager1\mag\48s\reviewed_vim\2013\voyager1_48s_mag-vim_20130101_v01.cdf,C:\Users\Administrator\Documents\FWD_matlab\Voyager_fu\Voyager_Interstellar_Monthly\HighestPrecision_Segments\V1_MAG48s_segment_0776_20131220T115401_20131220T165449.png,ok,
1,777,2013-12-21 19:20:25,2013-12-21 23:32:27,4.20047972222222,315,47.5209997558594,97.632,7200,240,Z:\SPART-WORK\Data\Voyager\voyager1\mag\48s\reviewed_vim\2013\voyager1_48s_mag-vim_20130101_v01.cdf,C:\Users\Administrator\Documents\FWD_matlab\Voyager_fu\Voyager_Interstellar_Monthly\HighestPrecision_Segments\V1_MAG48s_segment_0777_20131221T192025_20131221T233227.png,ok,
1,778,2013-12-22 03:14:01,2013-12-22 06:56:25,3.70655972222222,276,47.5209997558594,192.672000244141,7200,240,Z:\SPART-WORK\Data\Voyager\voyager1\mag\48s\reviewed_vim\2013\voyager1_48s_mag-vim_20130101_v01.cdf,C:\Users\Administrator\Documents\FWD_matlab\Voyager_fu\Voyager_Interstellar_Monthly\HighestPrecision_Segments\V1_MAG48s_segment_0778_20131222T031401_20131222T065625.png,ok,
1,779,2013-12-22 11:47:38,2013-12-22 15:56:25,4.14623972222222,310,47.5209997558594,145.153,7200,240,Z:\SPART-WORK\Data\Voyager\voyager1\mag\48s\reviewed_vim\2013\voyager1_48s_mag-vim_20130101_v01.cdf,C:\Users\Administrator\Documents\FWD_matlab\Voyager_fu\Voyager_Interstellar_Monthly\HighestPrecision_Segments\V1_MAG48s_segment_0779_20131222T114738_20131222T155625.png,ok,
1,780,2013-12-23 11:39:39,2013-12-23 15:36:25,3.94632027777778,272,47.521,862.271,7200,240,Z:\SPART-WORK\Data\Voyager\voyager1\mag\48s\reviewed_vim\2013\voyager1_48s_mag-vim_20130101_v01.cdf,C:\Users\Administrator\Documents\FWD_matlab\Voyager_fu\Voyager_Interstellar_Monthly\HighestPrecision_Segments\V1_MAG48s_segment_0780_20131223T113939_20131223T153625.png,ok,
1,781,2013-12-24 02:05:15,2013-12-24 06:46:03,4.68,343,47.5209997558594,335.233,7200,240,Z:\SPART-WORK\Data\Voyager\voyager1\mag\48s\reviewed_vim\2013\voyager1_48s_mag-vim_20130101_v01.cdf,C:\Users\Administrator\Documents\FWD_matlab\Voyager_fu\Voyager_Interstellar_Monthly\HighestPrecision_Segments\V1_MAG48s_segment_0781_20131224T020515_20131224T064603.png,ok,
1,782,2013-12-24 14:03:37,2013-12-24 18:16:25,4.21344027770996,316,47.5209997558594,97.6319997558594,7200,240,Z:\SPART-WORK\Data\Voyager\voyager1\mag\48s\reviewed_vim\2013\voyager1_48s_mag-vim_20130101_v01.cdf,C:\Users\Administrator\Documents\FWD_matlab\Voyager_fu\Voyager_Interstellar_Monthly\HighestPrecision_Segments\V1_MAG48s_segment_0782_20131224T140337_20131224T181625.png,ok,
1,783,2013-12-25 20:24:26,2013-12-26 01:05:13,4.67952027777778,349,47.5209997558594,192.672000244141,7200,240,Z:\SPART-WORK\Data\Voyager\voyager1\mag\48s\reviewed_vim\2013\voyager1_48s_mag-vim_20130101_v01.cdf,C:\Users\Administrator\Documents\FWD_matlab\Voyager_fu\Voyager_Interstellar_Monthly\HighestPrecision_Segments\V1_MAG48s_segment_0783_20131225T202426_20131226T010513.png,ok,
1,784,2013-12-26 08:37:14,2013-12-26 11:38:01,3.01319972222222,218,47.5209997558594,192.672,7200,240,Z:\SPART-WORK\Data\Voyager\voyager1\mag\48s\reviewed_vim\2013\voyager1_48s_mag-vim_20130101_v01.cdf,C:\Users\Administrator\Documents\FWD_matlab\Voyager_fu\Voyager_Interstellar_Monthly\HighestPrecision_Segments\V1_MAG48s_segment_0784_20131226T083714_20131226T113801.png,ok,
1,785,2013-12-26 19:12:25,2013-12-26 23:10:01,3.96024,298,47.5209997558594,50.113,7200,240,Z:\SPART-WORK\Data\Voyager\voyager1\mag\48s\reviewed_vim\2013\voyager1_48s_mag-vim_20130101_v01.cdf,C:\Users\Administrator\Documents\FWD_matlab\Voyager_fu\Voyager_Interstellar_Monthly\HighestPrecision_Segments\V1_MAG48s_segment_0785_20131226T191225_20131226T231001.png,ok,
1,786,2013-12-27 23:42:49,2013-12-28 06:31:38,6.81360027777778,511,47.5209997558594,97.632,7200,240,Z:\SPART-WORK\Data\Voyager\voyager1\mag\48s\reviewed_vim\2013\voyager1_48s_mag-vim_20130101_v01.cdf,C:\Users\Administrator\Documents\FWD_matlab\Voyager_fu\Voyager_Interstellar_Monthly\HighestPrecision_Segments\V1_MAG48s_segment_0786_20131227T234249_20131228T063138.png,ok,
1,787,2013-12-29 02:21:14,2013-12-29 06:25:13,4.06656,304,47.5209997558594,145.151,7200,240,Z:\SPART-WORK\Data\Voyager\voyager1\mag\48s\reviewed_vim\2013\voyager1_48s_mag-vim_20130101_v01.cdf,C:\Users\Administrator\Documents\FWD_matlab\Voyager_fu\Voyager_Interstellar_Monthly\HighestPrecision_Segments\V1_MAG48s_segment_0787_20131229T022114_20131229T062513.png,ok,
1,788,2013-12-29 21:31:38,2013-12-30 04:55:37,7.39967972222222,555,47.5209997558594,95.04,7200,240,Z:\SPART-WORK\Data\Voyager\voyager1\mag\48s\reviewed_vim\2013\voyager1_48s_mag-vim_20130101_v01.cdf,C:\Users\Administrator\Documents\FWD_matlab\Voyager_fu\Voyager_Interstellar_Monthly\HighestPrecision_Segments\V1_MAG48s_segment_0788_20131229T213138_20131230T045537.png,ok,
1,789,2013-12-30 18:51:38,2013-12-30 22:54:49,4.05312,302,47.5209997558594,191.807,7200,240,Z:\SPART-WORK\Data\Voyager\voyager1\mag\48s\reviewed_vim\2013\voyager1_48s_mag-vim_20130101_v01.cdf,C:\Users\Administrator\Documents\FWD_matlab\Voyager_fu\Voyager_Interstellar_Monthly\HighestPrecision_Segments\V1_MAG48s_segment_0789_20131230T185138_20131230T225449.png,ok,
1,790,2013-12-31 02:32:27,2013-12-31 06:19:38,3.78648027777778,282,47.5209997558594,142.560999755859,7200,240,Z:\SPART-WORK\Data\Voyager\voyager1\mag\48s\reviewed_vim\2013\voyager1_48s_mag-vim_20130101_v01.cdf,C:\Users\Administrator\Documents\FWD_matlab\Voyager_fu\Voyager_Interstellar_Monthly\HighestPrecision_Segments\V1_MAG48s_segment_0790_20131231T023227_20131231T061938.png,ok,
1,791,2014-01-01 11:06:03,2014-01-01 14:05:15,2.98656027770996,225,48.383,48.385,7200,240,Z:\SPART-WORK\Data\Voyager\voyager1\mag\48s\reviewed_vim\2014\voyager1_48s_mag-vim_20140101_v01.cdf,C:\Users\Administrator\Documents\FWD_matlab\Voyager_fu\Voyager_Interstellar_Monthly\HighestPrecision_Segments\V1_MAG48s_segment_0791_20140101T110603_20140101T140515.png,ok,
1,792,2014-01-01 18:46:51,2014-01-01 23:05:15,4.30656,322,48.3830002441406,144.287,7200,240,Z:\SPART-WORK\Data\Voyager\voyager1\mag\48s\reviewed_vim\2014\voyager1_48s_mag-vim_20140101_v01.cdf,C:\Users\Administrator\Documents\FWD_matlab\Voyager_fu\Voyager_Interstellar_Monthly\HighestPrecision_Segments\V1_MAG48s_segment_0792_20140101T184651_20140101T230515.png,ok,
1,793,2014-01-02 22:59:38,2014-01-03 06:04:26,7.08,532,48.383,48.385,7200,240,Z:\SPART-WORK\Data\Voyager\voyager1\mag\48s\reviewed_vim\2014\voyager1_48s_mag-vim_20140101_v01.cdf,C:\Users\Administrator\Documents\FWD_matlab\Voyager_fu\Voyager_Interstellar_Monthly\HighestPrecision_Segments\V1_MAG48s_segment_0793_20140102T225938_20140103T060426.png,ok,
1,794,2014-01-04 02:05:15,2014-01-04 06:10:03,4.08000027777778,305,48.3830001220703,144.287999755859,7200,240,Z:\SPART-WORK\Data\Voyager\voyager1\mag\48s\reviewed_vim\2014\voyager1_48s_mag-vim_20140101_v01.cdf,C:\Users\Administrator\Documents\FWD_matlab\Voyager_fu\Voyager_Interstellar_Monthly\HighestPrecision_Segments\V1_MAG48s_segment_0794_20140104T020515_20140104T061003.png,ok,
1,795,2014-01-04 19:46:03,2014-01-04 23:39:39,3.89328027777778,290,48.383,191.807,7200,240,Z:\SPART-WORK\Data\Voyager\voyager1\mag\48s\reviewed_vim\2014\voyager1_48s_mag-vim_20140101_v01.cdf,C:\Users\Administrator\Documents\FWD_matlab\Voyager_fu\Voyager_Interstellar_Monthly\HighestPrecision_Segments\V1_MAG48s_segment_0795_20140104T194603_20140104T233939.png,ok,
1,796,2014-01-05 11:42:03,2014-01-05 15:06:03,3.40007972222222,209,48.383,1344.384,7200,240,Z:\SPART-WORK\Data\Voyager\voyager1\mag\48s\reviewed_vim\2014\voyager1_48s_mag-vim_20140101_v01.cdf,C:\Users\Administrator\Documents\FWD_matlab\Voyager_fu\Voyager_Interstellar_Monthly\HighestPrecision_Segments\V1_MAG48s_segment_0796_20140105T114203_20140105T150603.png,ok,
1,797,2014-01-06 10:42:03,2014-01-06 14:05:15,3.38663972222222,241,48.383,672.193,7200,240,Z:\SPART-WORK\Data\Voyager\voyager1\mag\48s\reviewed_vim\2014\voyager1_48s_mag-vim_20140101_v01.cdf,C:\Users\Administrator\Documents\FWD_matlab\Voyager_fu\Voyager_Interstellar_Monthly\HighestPrecision_Segments\V1_MAG48s_segment_0797_20140106T104203_20140106T140515.png,ok,
1,798,2014-01-06 21:50:51,2014-01-07 02:24:27,4.56,260,48.3830002441406,3888,7200,240,Z:\SPART-WORK\Data\Voyager\voyager1\mag\48s\reviewed_vim\2014\voyager1_48s_mag-vim_20140101_v01.cdf,C:\Users\Administrator\Documents\FWD_matlab\Voyager_fu\Voyager_Interstellar_Monthly\HighestPrecision_Segments\V1_MAG48s_segment_0798_20140106T215051_20140107T022427.png,ok,
1,799,2014-01-07 10:42:03,2014-01-07 14:34:03,3.86664,290,48.383,95.903,7200,240,Z:\SPART-WORK\Data\Voyager\voyager1\mag\48s\reviewed_vim\2014\voyager1_48s_mag-vim_20140101_v01.cdf,C:\Users\Administrator\Documents\FWD_matlab\Voyager_fu\Voyager_Interstellar_Monthly\HighestPrecision_Segments\V1_MAG48s_segment_0799_20140107T104203_20140107T143403.png,ok,
1,800,2014-01-07 18:21:15,2014-01-07 22:39:38,4.30656027777778,324,48.383,48.385,7200,240,Z:\SPART-WORK\Data\Voyager\voyager1\mag\48s\reviewed_vim\2014\voyager1_48s_mag-vim_20140101_v01.cdf,C:\Users\Administrator\Documents\FWD_matlab\Voyager_fu\Voyager_Interstellar_Monthly\HighestPrecision_Segments\V1_MAG48s_segment_0800_20140107T182115_20140107T223938.png,ok,
1,801,2014-01-08 10:38:51,2014-01-08 14:26:51,3.79992,285,48.3839997558594,95.905,7200,240,Z:\SPART-WORK\Data\Voyager\voyager1\mag\48s\reviewed_vim\2014\voyager1_48s_mag-vim_20140101_v01.cdf,C:\Users\Administrator\Documents\FWD_matlab\Voyager_fu\Voyager_Interstellar_Monthly\HighestPrecision_Segments\V1_MAG48s_segment_0801_20140108T103851_20140108T142651.png,ok,
1,802,2014-01-08 19:09:14,2014-01-08 20:34:51,1.4268,106,48.384,143.423,7200,240,Z:\SPART-WORK\Data\Voyager\voyager1\mag\48s\reviewed_vim\2014\voyager1_48s_mag-vim_20140101_v01.cdf,C:\Users\Administrator\Documents\FWD_matlab\Voyager_fu\Voyager_Interstellar_Monthly\HighestPrecision_Segments\V1_MAG48s_segment_0802_20140108T190914_20140108T203451.png,ok,
1,803,2014-01-09 11:34:51,2014-01-09 15:41:15,4.10664,309,48.3839997558594,48.385,7200,240,Z:\SPART-WORK\Data\Voyager\voyager1\mag\48s\reviewed_vim\2014\voyager1_48s_mag-vim_20140101_v01.cdf,C:\Users\Administrator\Documents\FWD_matlab\Voyager_fu\Voyager_Interstellar_Monthly\HighestPrecision_Segments\V1_MAG48s_segment_0803_20140109T113451_20140109T154115.png,ok,
1,804,2014-01-09 19:04:27,2014-01-09 21:05:15,2.01336,151,48.3839997558594,95.904,7200,240,Z:\SPART-WORK\Data\Voyager\voyager1\mag\48s\reviewed_vim\2014\voyager1_48s_mag-vim_20140101_v01.cdf,C:\Users\Administrator\Documents\FWD_matlab\Voyager_fu\Voyager_Interstellar_Monthly\HighestPrecision_Segments\V1_MAG48s_segment_0804_20140109T190427_20140109T210515.png,ok,
1,805,2014-01-10 15:01:15,2014-01-10 19:09:14,4.13328,310,48.3839997558594,95.903,7200,240,Z:\SPART-WORK\Data\Voyager\voyager1\mag\48s\reviewed_vim\2014\voyager1_48s_mag-vim_20140101_v01.cdf,C:\Users\Administrator\Documents\FWD_matlab\Voyager_fu\Voyager_Interstellar_Monthly\HighestPrecision_Segments\V1_MAG48s_segment_0805_20140110T150115_20140110T190914.png,ok,
1,806,2014-01-10 22:43:39,2014-01-11 02:54:03,4.17336,314,48.3839997558594,48.385,7200,240,Z:\SPART-WORK\Data\Voyager\voyager1\mag\48s\reviewed_vim\2014\voyager1_48s_mag-vim_20140101_v01.cdf,C:\Users\Administrator\Documents\FWD_matlab\Voyager_fu\Voyager_Interstellar_Monthly\HighestPrecision_Segments\V1_MAG48s_segment_0806_20140110T224339_20140111T025403.png,ok,
1,807,2014-01-11 14:51:38,2014-01-11 22:04:27,7.21344027777778,539,48.3839997558594,192.673,7200,240,Z:\SPART-WORK\Data\Voyager\voyager1\mag\48s\reviewed_vim\2014\voyager1_48s_mag-vim_20140101_v01.cdf,C:\Users\Administrator\Documents\FWD_matlab\Voyager_fu\Voyager_Interstellar_Monthly\HighestPrecision_Segments\V1_MAG48s_segment_0807_20140111T145138_20140111T220427.png,ok,
1,808,2014-01-12 10:19:38,2014-01-12 13:14:51,2.92008,201,48.3839997558594,671.327,7200,240,Z:\SPART-WORK\Data\Voyager\voyager1\mag\48s\reviewed_vim\2014\voyager1_48s_mag-vim_20140101_v01.cdf,C:\Users\Administrator\Documents\FWD_matlab\Voyager_fu\Voyager_Interstellar_Monthly\HighestPrecision_Segments\V1_MAG48s_segment_0808_20140112T101938_20140112T131451.png,ok,
1,809,2014-01-13 18:19:39,2014-01-13 22:24:27,4.08,306,48.3839997558594,95.904,7200,240,Z:\SPART-WORK\Data\Voyager\voyager1\mag\48s\reviewed_vim\2014\voyager1_48s_mag-vim_20140101_v01.cdf,C:\Users\Administrator\Documents\FWD_matlab\Voyager_fu\Voyager_Interstellar_Monthly\HighestPrecision_Segments\V1_MAG48s_segment_0809_20140113T181939_20140113T222427.png,ok,
1,810,2014-01-14 02:00:27,2014-01-14 05:30:02,3.4932,254,48.3839997558594,336.096,7200,240,Z:\SPART-WORK\Data\Voyager\voyager1\mag\48s\reviewed_vim\2014\voyager1_48s_mag-vim_20140101_v01.cdf,C:\Users\Administrator\Documents\FWD_matlab\Voyager_fu\Voyager_Interstellar_Monthly\HighestPrecision_Segments\V1_MAG48s_segment_0810_20140114T020027_20140114T053002.png,ok,
1,811,2014-01-14 17:58:50,2014-01-14 21:59:38,4.01328,302,48.3839997558594,48.385,7200,240,Z:\SPART-WORK\Data\Voyager\voyager1\mag\48s\reviewed_vim\2014\voyager1_48s_mag-vim_20140101_v01.cdf,C:\Users\Administrator\Documents\FWD_matlab\Voyager_fu\Voyager_Interstellar_Monthly\HighestPrecision_Segments\V1_MAG48s_segment_0811_20140114T175850_20140114T215938.png,ok,
1,812,2014-01-15 10:14:51,2014-01-15 14:19:39,4.08,299,48.3839997558594,383.615,7200,240,Z:\SPART-WORK\Data\Voyager\voyager1\mag\48s\reviewed_vim\2014\voyager1_48s_mag-vim_20140101_v01.cdf,C:\Users\Administrator\Documents\FWD_matlab\Voyager_fu\Voyager_Interstellar_Monthly\HighestPrecision_Segments\V1_MAG48s_segment_0812_20140115T101451_20140115T141939.png,ok,
1,813,2014-01-16 14:29:15,2014-01-16 19:29:15,4.99992,373,48.3839997558594,191.809,7200,240,Z:\SPART-WORK\Data\Voyager\voyager1\mag\48s\reviewed_vim\2014\voyager1_48s_mag-vim_20140101_v01.cdf,C:\Users\Administrator\Documents\FWD_matlab\Voyager_fu\Voyager_Interstellar_Monthly\HighestPrecision_Segments\V1_MAG48s_segment_0813_20140116T142915_20140116T192915.png,ok,
1,814,2014-01-17 18:38:51,2014-01-18 01:44:26,7.09320027777778,532,48.3839997558594,95.9040002441406,7200,240,Z:\SPART-WORK\Data\Voyager\voyager1\mag\48s\reviewed_vim\2014\voyager1_48s_mag-vim_20140101_v01.cdf,C:\Users\Administrator\Documents\FWD_matlab\Voyager_fu\Voyager_Interstellar_Monthly\HighestPrecision_Segments\V1_MAG48s_segment_0814_20140117T183851_20140118T014426.png,ok,
1,815,2014-01-18 13:55:38,2014-01-18 21:11:38,7.26671972229004,546,48.3839997558594,48.385,7200,240,Z:\SPART-WORK\Data\Voyager\voyager1\mag\48s\reviewed_vim\2014\voyager1_48s_mag-vim_20140101_v01.cdf,C:\Users\Administrator\Documents\FWD_matlab\Voyager_fu\Voyager_Interstellar_Monthly\HighestPrecision_Segments\V1_MAG48s_segment_0815_20140118T135538_20140118T211138.png,ok,
1,816,2014-01-19 17:20:26,2014-01-19 21:34:50,4.24008027777778,319,48.3839997558594,48.385,7200,240,Z:\SPART-WORK\Data\Voyager\voyager1\mag\48s\reviewed_vim\2014\voyager1_48s_mag-vim_20140101_v01.cdf,C:\Users\Administrator\Documents\FWD_matlab\Voyager_fu\Voyager_Interstellar_Monthly\HighestPrecision_Segments\V1_MAG48s_segment_0816_20140119T172026_20140119T213450.png,ok,
1,817,2014-01-20 17:44:26,2014-01-20 21:30:03,3.76007972222222,282,48.3839997558594,95.904,7200,240,Z:\SPART-WORK\Data\Voyager\voyager1\mag\48s\reviewed_vim\2014\voyager1_48s_mag-vim_20140101_v01.cdf,C:\Users\Administrator\Documents\FWD_matlab\Voyager_fu\Voyager_Interstellar_Monthly\HighestPrecision_Segments\V1_MAG48s_segment_0817_20140120T174426_20140120T213003.png,ok,
1,818,2014-01-21 10:29:15,2014-01-21 14:40:26,4.18656,312,48.3839997558594,191.808999755859,7200,240,Z:\SPART-WORK\Data\Voyager\voyager1\mag\48s\reviewed_vim\2014\voyager1_48s_mag-vim_20140101_v01.cdf,C:\Users\Administrator\Documents\FWD_matlab\Voyager_fu\Voyager_Interstellar_Monthly\HighestPrecision_Segments\V1_MAG48s_segment_0818_20140121T102915_20140121T144026.png,ok,
1,819,2014-01-22 10:22:50,2014-01-22 14:34:03,4.18680027777778,314,48.3839997558594,96.769,7200,240,Z:\SPART-WORK\Data\Voyager\voyager1\mag\48s\reviewed_vim\2014\voyager1_48s_mag-vim_20140101_v01.cdf,C:\Users\Administrator\Documents\FWD_matlab\Voyager_fu\Voyager_Interstellar_Monthly\HighestPrecision_Segments\V1_MAG48s_segment_0819_20140122T102250_20140122T143403.png,ok,
1,820,2014-01-23 13:41:14,2014-01-23 21:10:50,7.49328,562,48.3839997558594,95.904,7200,240,Z:\SPART-WORK\Data\Voyager\voyager1\mag\48s\reviewed_vim\2014\voyager1_48s_mag-vim_20140101_v01.cdf,C:\Users\Administrator\Documents\FWD_matlab\Voyager_fu\Voyager_Interstellar_Monthly\HighestPrecision_Segments\V1_MAG48s_segment_0820_20140123T134114_20140123T211050.png,ok,
1,821,2014-01-24 09:39:38,2014-01-24 14:15:38,4.60008027777778,334,48.3839997558594,480.384,7200,240,Z:\SPART-WORK\Data\Voyager\voyager1\mag\48s\reviewed_vim\2014\voyager1_48s_mag-vim_20140101_v01.cdf,C:\Users\Administrator\Documents\FWD_matlab\Voyager_fu\Voyager_Interstellar_Monthly\HighestPrecision_Segments\V1_MAG48s_segment_0821_20140124T093938_20140124T141538.png,ok,
1,822,2014-01-25 15:07:38,2014-01-25 21:08:27,6.01344,451,48.3839997558594,95.903,7200,240,Z:\SPART-WORK\Data\Voyager\voyager1\mag\48s\reviewed_vim\2014\voyager1_48s_mag-vim_20140101_v01.cdf,C:\Users\Administrator\Documents\FWD_matlab\Voyager_fu\Voyager_Interstellar_Monthly\HighestPrecision_Segments\V1_MAG48s_segment_0822_20140125T150738_20140125T210827.png,ok,
1,823,2014-01-26 09:23:38,2014-01-26 14:04:26,4.68,352,48.3839997558594,48.385,7200,240,Z:\SPART-WORK\Data\Voyager\voyager1\mag\48s\reviewed_vim\2014\voyager1_48s_mag-vim_20140101_v01.cdf,C:\Users\Administrator\Documents\FWD_matlab\Voyager_fu\Voyager_Interstellar_Monthly\HighestPrecision_Segments\V1_MAG48s_segment_0823_20140126T092338_20140126T140426.png,ok,
1,824,2014-01-27 09:30:03,2014-01-27 13:36:27,4.10664027777778,309,48.3839997558594,48.385,7200,240,Z:\SPART-WORK\Data\Voyager\voyager1\mag\48s\reviewed_vim\2014\voyager1_48s_mag-vim_20140101_v01.cdf,C:\Users\Administrator\Documents\FWD_matlab\Voyager_fu\Voyager_Interstellar_Monthly\HighestPrecision_Segments\V1_MAG48s_segment_0824_20140127T093003_20140127T133627.png,ok,
1,825,2014-01-28 19:17:14,2014-01-28 19:54:02,0.61344,42,48.384,240.191,7200,240,Z:\SPART-WORK\Data\Voyager\voyager1\mag\48s\reviewed_vim\2014\voyager1_48s_mag-vim_20140101_v01.cdf,C:\Users\Administrator\Documents\FWD_matlab\Voyager_fu\Voyager_Interstellar_Monthly\HighestPrecision_Segments\V1_MAG48s_segment_0825_20140128T191714_20140128T195402.png,ok,
1,826,2014-01-28 22:46:50,2014-01-28 23:24:26,0.62664,48,48.3839997558594,48.3840002441406,7200,240,Z:\SPART-WORK\Data\Voyager\voyager1\mag\48s\reviewed_vim\2014\voyager1_48s_mag-vim_20140101_v01.cdf,C:\Users\Administrator\Documents\FWD_matlab\Voyager_fu\Voyager_Interstellar_Monthly\HighestPrecision_Segments\V1_MAG48s_segment_0826_20140128T224650_20140128T232426.png,ok,
1,827,2014-01-29 09:14:02,2014-01-29 14:19:39,5.09351972222222,383,48.3839997558594,48.385,7200,240,Z:\SPART-WORK\Data\Voyager\voyager1\mag\48s\reviewed_vim\2014\voyager1_48s_mag-vim_20140101_v01.cdf,C:\Users\Administrator\Documents\FWD_matlab\Voyager_fu\Voyager_Interstellar_Monthly\HighestPrecision_Segments\V1_MAG48s_segment_0827_20140129T091402_20140129T141939.png,ok,
1,828,2014-01-30 09:47:38,2014-01-30 13:04:26,3.27984,239,48.3839997558594,336.095000244141,7200,240,Z:\SPART-WORK\Data\Voyager\voyager1\mag\48s\reviewed_vim\2014\voyager1_48s_mag-vim_20140101_v01.cdf,C:\Users\Administrator\Documents\FWD_matlab\Voyager_fu\Voyager_Interstellar_Monthly\HighestPrecision_Segments\V1_MAG48s_segment_0828_20140130T094738_20140130T130426.png,ok,
1,829,2014-01-30 19:12:26,2014-01-30 19:30:02,0.29328,23,48.3839998779297,48.385,7200,240,Z:\SPART-WORK\Data\Voyager\voyager1\mag\48s\reviewed_vim\2014\voyager1_48s_mag-vim_20140101_v01.cdf,C:\Users\Administrator\Documents\FWD_matlab\Voyager_fu\Voyager_Interstellar_Monthly\HighestPrecision_Segments\V1_MAG48s_segment_0829_20140130T191226_20140130T193002.png,ok,
1,830,2014-01-31 01:23:38,2014-01-31 02:54:02,1.50648027770996,107,48.3839997558594,287.711,7200,240,Z:\SPART-WORK\Data\Voyager\voyager1\mag\48s\reviewed_vim\2014\voyager1_48s_mag-vim_20140101_v01.cdf,C:\Users\Administrator\Documents\FWD_matlab\Voyager_fu\Voyager_Interstellar_Monthly\HighestPrecision_Segments\V1_MAG48s_segment_0830_20140131T012338_20140131T025402.png,ok,
1,831,2014-01-31 09:15:39,2014-01-31 13:04:26,3.81312,284,48.3839997558594,191.807,7200,240,Z:\SPART-WORK\Data\Voyager\voyager1\mag\48s\reviewed_vim\2014\voyager1_48s_mag-vim_20140101_v01.cdf,C:\Users\Administrator\Documents\FWD_matlab\Voyager_fu\Voyager_Interstellar_Monthly\HighestPrecision_Segments\V1_MAG48s_segment_0831_20140131T091539_20140131T130426.png,ok,
1,832,2014-01-31 16:45:14,2014-01-31 22:34:50,5.82648,438,48.3839997558594,48.385,7200,240,Z:\SPART-WORK\Data\Voyager\voyager1\mag\48s\reviewed_vim\2014\voyager1_48s_mag-vim_20140101_v01.cdf,C:\Users\Administrator\Documents\FWD_matlab\Voyager_fu\Voyager_Interstellar_Monthly\HighestPrecision_Segments\V1_MAG48s_segment_0832_20140131T164514_20140131T223450.png,ok,
1,833,2014-02-01 10:37:14,2014-02-01 20:46:02,10.1467202777778,752,48.3839997558594,480.384,7200,240,Z:\SPART-WORK\Data\Voyager\voyager1\mag\48s\reviewed_vim\2014\voyager1_48s_mag-vim_20140101_v01.cdf,C:\Users\Administrator\Documents\FWD_matlab\Voyager_fu\Voyager_Interstellar_Monthly\HighestPrecision_Segments\V1_MAG48s_segment_0833_20140201T103714_20140201T204602.png,ok,
1,834,2014-02-02 12:00:26,2014-02-02 17:16:26,5.26656000006782,396,48.3839997558594,48.385,7200,240,Z:\SPART-WORK\Data\Voyager\voyager1\mag\48s\reviewed_vim\2014\voyager1_48s_mag-vim_20140101_v01.cdf,C:\Users\Administrator\Documents\FWD_matlab\Voyager_fu\Voyager_Interstellar_Monthly\HighestPrecision_Segments\V1_MAG48s_segment_0834_20140202T120026_20140202T171626.png,ok,
1,835,2014-02-03 14:45:14,2014-02-03 19:24:26,4.65335972229004,349,48.3839997558594,95.903,7200,240,Z:\SPART-WORK\Data\Voyager\voyager1\mag\48s\reviewed_vim\2014\voyager1_48s_mag-vim_20140101_v01.cdf,C:\Users\Administrator\Documents\FWD_matlab\Voyager_fu\Voyager_Interstellar_Monthly\HighestPrecision_Segments\V1_MAG48s_segment_0835_20140203T144514_20140203T192426.png,ok,
1,836,2014-02-06 00:37:14,2014-02-06 01:06:02,0.479999722222222,37,48.3839998779297,48.3849997558594,7200,240,Z:\SPART-WORK\Data\Voyager\voyager1\mag\48s\reviewed_vim\2014\voyager1_48s_mag-vim_20140101_v01.cdf,C:\Users\Administrator\Documents\FWD_matlab\Voyager_fu\Voyager_Interstellar_Monthly\HighestPrecision_Segments\V1_MAG48s_segment_0836_20140206T003714_20140206T010602.png,ok,
1,837,2014-02-06 16:27:38,2014-02-06 21:04:26,4.61352027777778,346,48.3839997558594,95.905,7200,240,Z:\SPART-WORK\Data\Voyager\voyager1\mag\48s\reviewed_vim\2014\voyager1_48s_mag-vim_20140101_v01.cdf,C:\Users\Administrator\Documents\FWD_matlab\Voyager_fu\Voyager_Interstellar_Monthly\HighestPrecision_Segments\V1_MAG48s_segment_0837_20140206T162738_20140206T210426.png,ok,
1,838,2014-02-07 16:24:26,2014-02-07 23:05:15,6.68015999993218,501,48.3839997558594,95.9049997558594,7200,240,Z:\SPART-WORK\Data\Voyager\voyager1\mag\48s\reviewed_vim\2014\voyager1_48s_mag-vim_20140101_v01.cdf,C:\Users\Administrator\Documents\FWD_matlab\Voyager_fu\Voyager_Interstellar_Monthly\HighestPrecision_Segments\V1_MAG48s_segment_0838_20140207T162426_20140207T230515.png,ok,
1,839,2014-02-08 10:00:26,2014-02-08 13:14:51,3.24024027777778,232,48.3839997558594,480.383000244141,7200,240,Z:\SPART-WORK\Data\Voyager\voyager1\mag\48s\reviewed_vim\2014\voyager1_48s_mag-vim_20140101_v01.cdf,C:\Users\Administrator\Documents\FWD_matlab\Voyager_fu\Voyager_Interstellar_Monthly\HighestPrecision_Segments\V1_MAG48s_segment_0839_20140208T100026_20140208T131451.png,ok,
1,840,2014-02-08 19:04:26,2014-02-09 03:40:26,8.59992,643,48.3839997558594,191.808,7200,240,Z:\SPART-WORK\Data\Voyager\voyager1\mag\48s\reviewed_vim\2014\voyager1_48s_mag-vim_20140101_v01.cdf,C:\Users\Administrator\Documents\FWD_matlab\Voyager_fu\Voyager_Interstellar_Monthly\HighestPrecision_Segments\V1_MAG48s_segment_0840_20140208T190426_20140209T034026.png,ok,
1,841,2014-02-09 08:37:14,2014-02-09 10:21:14,1.73328,128,48.3839997558594,191.808,7200,240,Z:\SPART-WORK\Data\Voyager\voyager1\mag\48s\reviewed_vim\2014\voyager1_48s_mag-vim_20140101_v01.cdf,C:\Users\Administrator\Documents\FWD_matlab\Voyager_fu\Voyager_Interstellar_Monthly\HighestPrecision_Segments\V1_MAG48s_segment_0841_20140209T083714_20140209T102114.png,ok,
1,842,2014-02-09 15:54:50,2014-02-09 17:22:02,1.45320027770996,110,48.3839997558594,48.385,7200,240,Z:\SPART-WORK\Data\Voyager\voyager1\mag\48s\reviewed_vim\2014\voyager1_48s_mag-vim_20140101_v01.cdf,C:\Users\Administrator\Documents\FWD_matlab\Voyager_fu\Voyager_Interstellar_Monthly\HighestPrecision_Segments\V1_MAG48s_segment_0842_20140209T155450_20140209T172202.png,ok,
1,843,2014-02-10 08:48:26,2014-02-10 09:33:14,0.74688,57,48.3839997558594,48.3840002441406,7200,240,Z:\SPART-WORK\Data\Voyager\voyager1\mag\48s\reviewed_vim\2014\voyager1_48s_mag-vim_20140101_v01.cdf,C:\Users\Administrator\Documents\FWD_matlab\Voyager_fu\Voyager_Interstellar_Monthly\HighestPrecision_Segments\V1_MAG48s_segment_0843_20140210T084826_20140210T093314.png,ok,
1,844,2014-02-10 14:25:14,2014-02-10 15:14:50,0.8268,63,48.3839997558594,48.385,7200,240,Z:\SPART-WORK\Data\Voyager\voyager1\mag\48s\reviewed_vim\2014\voyager1_48s_mag-vim_20140101_v01.cdf,C:\Users\Administrator\Documents\FWD_matlab\Voyager_fu\Voyager_Interstellar_Monthly\HighestPrecision_Segments\V1_MAG48s_segment_0844_20140210T142514_20140210T151450.png,ok,
1,845,2014-02-11 11:12:26,2014-02-11 15:10:02,3.96,203,48.3839997558594,4464.28700024414,7200,240,Z:\SPART-WORK\Data\Voyager\voyager1\mag\48s\reviewed_vim\2014\voyager1_48s_mag-vim_20140101_v01.cdf,C:\Users\Administrator\Documents\FWD_matlab\Voyager_fu\Voyager_Interstellar_Monthly\HighestPrecision_Segments\V1_MAG48s_segment_0845_20140211T111226_20140211T151002.png,ok,
1,846,2014-02-11 20:00:26,2014-02-11 20:22:02,0.36,28,48.3839997558594,48.3840002441406,7200,240,Z:\SPART-WORK\Data\Voyager\voyager1\mag\48s\reviewed_vim\2014\voyager1_48s_mag-vim_20140101_v01.cdf,C:\Users\Administrator\Documents\FWD_matlab\Voyager_fu\Voyager_Interstellar_Monthly\HighestPrecision_Segments\V1_MAG48s_segment_0846_20140211T200026_20140211T202202.png,ok,
1,847,2014-02-12 00:46:50,2014-02-12 01:50:02,1.05335972222222,80,48.3839997558594,48.3840002441406,7200,240,Z:\SPART-WORK\Data\Voyager\voyager1\mag\48s\reviewed_vim\2014\voyager1_48s_mag-vim_20140101_v01.cdf,C:\Users\Administrator\Documents\FWD_matlab\Voyager_fu\Voyager_Interstellar_Monthly\HighestPrecision_Segments\V1_MAG48s_segment_0847_20140212T004650_20140212T015002.png,ok,
1,848,2014-02-12 10:24:26,2014-02-12 15:20:26,4.93319999993218,369,48.3839997558594,143.424,7200,240,Z:\SPART-WORK\Data\Voyager\voyager1\mag\48s\reviewed_vim\2014\voyager1_48s_mag-vim_20140101_v01.cdf,C:\Users\Administrator\Documents\FWD_matlab\Voyager_fu\Voyager_Interstellar_Monthly\HighestPrecision_Segments\V1_MAG48s_segment_0848_20140212T102426_20140212T152026.png,ok,
1,849,2014-02-12 17:33:14,2014-02-12 18:40:26,1.11984,83,48.3839997558594,144.289,7200,240,Z:\SPART-WORK\Data\Voyager\voyager1\mag\48s\reviewed_vim\2014\voyager1_48s_mag-vim_20140101_v01.cdf,C:\Users\Administrator\Documents\FWD_matlab\Voyager_fu\Voyager_Interstellar_Monthly\HighestPrecision_Segments\V1_MAG48s_segment_0849_20140212T173314_20140212T184026.png,ok,
1,850,2014-02-13 01:02:50,2014-02-13 02:05:14,1.03992,76,48.3839997558594,191.808,7200,240,Z:\SPART-WORK\Data\Voyager\voyager1\mag\48s\reviewed_vim\2014\voyager1_48s_mag-vim_20140101_v01.cdf,C:\Users\Administrator\Documents\FWD_matlab\Voyager_fu\Voyager_Interstellar_Monthly\HighestPrecision_Segments\V1_MAG48s_segment_0850_20140213T010250_20140213T020514.png,ok,
1,851,2014-02-13 09:18:50,2014-02-13 14:45:14,5.44008,399,48.3839997558594,384.48,7200,240,Z:\SPART-WORK\Data\Voyager\voyager1\mag\48s\reviewed_vim\2014\voyager1_48s_mag-vim_20140101_v01.cdf,C:\Users\Administrator\Documents\FWD_matlab\Voyager_fu\Voyager_Interstellar_Monthly\HighestPrecision_Segments\V1_MAG48s_segment_0851_20140213T091850_20140213T144514.png,ok,
1,852,2014-02-14 12:08:26,2014-02-14 15:04:26,2.93328,190,48.3839997558594,672.193,7200,240,Z:\SPART-WORK\Data\Voyager\voyager1\mag\48s\reviewed_vim\2014\voyager1_48s_mag-vim_20140101_v01.cdf,C:\Users\Administrator\Documents\FWD_matlab\Voyager_fu\Voyager_Interstellar_Monthly\HighestPrecision_Segments\V1_MAG48s_segment_0852_20140214T120826_20140214T150426.png,ok,
1,853,2014-02-14 19:54:02,2014-02-15 01:06:02,5.20008,391,48.3839997558594,48.385,7200,240,Z:\SPART-WORK\Data\Voyager\voyager1\mag\48s\reviewed_vim\2014\voyager1_48s_mag-vim_20140101_v01.cdf,C:\Users\Administrator\Documents\FWD_matlab\Voyager_fu\Voyager_Interstellar_Monthly\HighestPrecision_Segments\V1_MAG48s_segment_0853_20140214T195402_20140215T010602.png,ok,
1,854,2014-02-15 08:10:02,2014-02-15 13:04:26,4.90656,369,48.3839997558594,48.385,7200,240,Z:\SPART-WORK\Data\Voyager\voyager1\mag\48s\reviewed_vim\2014\voyager1_48s_mag-vim_20140101_v01.cdf,C:\Users\Administrator\Documents\FWD_matlab\Voyager_fu\Voyager_Interstellar_Monthly\HighestPrecision_Segments\V1_MAG48s_segment_0854_20140215T081002_20140215T130426.png,ok,
1,855,2014-02-16 08:13:14,2014-02-16 15:35:38,7.37328000006782,552,48.3839997558594,144.287000244141,7200,240,Z:\SPART-WORK\Data\Voyager\voyager1\mag\48s\reviewed_vim\2014\voyager1_48s_mag-vim_20140101_v01.cdf,C:\Users\Administrator\Documents\FWD_matlab\Voyager_fu\Voyager_Interstellar_Monthly\HighestPrecision_Segments\V1_MAG48s_segment_0855_20140216T081314_20140216T153538.png,ok,
1,856,2014-02-17 08:32:26,2014-02-17 17:54:50,9.37344027777778,702,48.3839997558594,144.289,7200,240,Z:\SPART-WORK\Data\Voyager\voyager1\mag\48s\reviewed_vim\2014\voyager1_48s_mag-vim_20140101_v01.cdf,C:\Users\Administrator\Documents\FWD_matlab\Voyager_fu\Voyager_Interstellar_Monthly\HighestPrecision_Segments\V1_MAG48s_segment_0856_20140217T083226_20140217T175450.png,ok,
1,857,2014-02-18 01:33:14,2014-02-18 03:06:50,1.56000027770996,105,48.3839997558594,527.904,7200,240,Z:\SPART-WORK\Data\Voyager\voyager1\mag\48s\reviewed_vim\2014\voyager1_48s_mag-vim_20140101_v01.cdf,C:\Users\Administrator\Documents\FWD_matlab\Voyager_fu\Voyager_Interstellar_Monthly\HighestPrecision_Segments\V1_MAG48s_segment_0857_20140218T013314_20140218T030650.png,ok,
1,858,2014-02-18 08:51:38,2014-02-18 13:02:50,4.1868,313,48.3839997558594,144.288,7200,240,Z:\SPART-WORK\Data\Voyager\voyager1\mag\48s\reviewed_vim\2014\voyager1_48s_mag-vim_20140101_v01.cdf,C:\Users\Administrator\Documents\FWD_matlab\Voyager_fu\Voyager_Interstellar_Monthly\HighestPrecision_Segments\V1_MAG48s_segment_0858_20140218T085138_20140218T130250.png,ok,
1,859,2014-02-19 08:00:26,2014-02-19 14:05:14,6.07992,457,48.3839997558594,48.385,7200,240,Z:\SPART-WORK\Data\Voyager\voyager1\mag\48s\reviewed_vim\2014\voyager1_48s_mag-vim_20140101_v01.cdf,C:\Users\Administrator\Documents\FWD_matlab\Voyager_fu\Voyager_Interstellar_Monthly\HighestPrecision_Segments\V1_MAG48s_segment_0859_20140219T080026_20140219T140514.png,ok,
1,860,2014-02-19 18:13:14,2014-02-19 23:05:14,4.86672027777778,365,48.3839997558594,95.905,7200,240,Z:\SPART-WORK\Data\Voyager\voyager1\mag\48s\reviewed_vim\2014\voyager1_48s_mag-vim_20140101_v01.cdf,C:\Users\Administrator\Documents\FWD_matlab\Voyager_fu\Voyager_Interstellar_Monthly\HighestPrecision_Segments\V1_MAG48s_segment_0860_20140219T181314_20140219T230514.png,ok,
1,861,2014-02-20 08:59:38,2014-02-20 15:25:14,6.42672027770996,480,48.3839997558594,191.807,7200,240,Z:\SPART-WORK\Data\Voyager\voyager1\mag\48s\reviewed_vim\2014\voyager1_48s_mag-vim_20140101_v01.cdf,C:\Users\Administrator\Documents\FWD_matlab\Voyager_fu\Voyager_Interstellar_Monthly\HighestPrecision_Segments\V1_MAG48s_segment_0861_20140220T085938_20140220T152514.png,ok,
1,862,2014-02-21 11:18:50,2014-02-21 19:25:14,8.10648,609,48.3839997558594,48.385,7200,240,Z:\SPART-WORK\Data\Voyager\voyager1\mag\48s\reviewed_vim\2014\voyager1_48s_mag-vim_20140101_v01.cdf,C:\Users\Administrator\Documents\FWD_matlab\Voyager_fu\Voyager_Interstellar_Monthly\HighestPrecision_Segments\V1_MAG48s_segment_0862_20140221T111850_20140221T192514.png,ok,
1,863,2014-02-24 16:50:02,2014-02-25 00:05:14,7.25328000006782,540,48.3839997558594,287.712000244141,7200,240,Z:\SPART-WORK\Data\Voyager\voyager1\mag\48s\reviewed_vim\2014\voyager1_48s_mag-vim_20140101_v01.cdf,C:\Users\Administrator\Documents\FWD_matlab\Voyager_fu\Voyager_Interstellar_Monthly\HighestPrecision_Segments\V1_MAG48s_segment_0863_20140224T165002_20140225T000514.png,ok,
1,864,2014-02-25 15:14:02,2014-02-25 18:18:02,3.06671999993218,226,48.384,240.193,7200,240,Z:\SPART-WORK\Data\Voyager\voyager1\mag\48s\reviewed_vim\2014\voyager1_48s_mag-vim_20140101_v01.cdf,C:\Users\Administrator\Documents\FWD_matlab\Voyager_fu\Voyager_Interstellar_Monthly\HighestPrecision_Segments\V1_MAG48s_segment_0864_20140225T151402_20140225T181802.png,ok,
1,865,2014-02-25 21:02:50,2014-02-25 21:57:14,0.906719722290039,69,48.384,48.385,7200,240,Z:\SPART-WORK\Data\Voyager\voyager1\mag\48s\reviewed_vim\2014\voyager1_48s_mag-vim_20140101_v01.cdf,C:\Users\Administrator\Documents\FWD_matlab\Voyager_fu\Voyager_Interstellar_Monthly\HighestPrecision_Segments\V1_MAG48s_segment_0865_20140225T210250_20140225T215714.png,ok,
1,866,2014-02-26 15:06:02,2014-02-26 21:35:38,6.49343972229004,476,48.384,432,7200,240,Z:\SPART-WORK\Data\Voyager\voyager1\mag\48s\reviewed_vim\2014\voyager1_48s_mag-vim_20140101_v01.cdf,C:\Users\Administrator\Documents\FWD_matlab\Voyager_fu\Voyager_Interstellar_Monthly\HighestPrecision_Segments\V1_MAG48s_segment_0866_20140226T150602_20140226T213538.png,ok,
1,867,2014-02-27 16:03:38,2014-02-27 20:36:25,4.54655972222222,340,48.3839997558594,143.424,7200,240,Z:\SPART-WORK\Data\Voyager\voyager1\mag\48s\reviewed_vim\2014\voyager1_48s_mag-vim_20140101_v01.cdf,C:\Users\Administrator\Documents\FWD_matlab\Voyager_fu\Voyager_Interstellar_Monthly\HighestPrecision_Segments\V1_MAG48s_segment_0867_20140227T160338_20140227T203625.png,ok,
1,868,2014-02-28 14:54:49,2014-02-28 19:04:26,4.16016027777778,310,48.384,192.671000244141,7200,240,Z:\SPART-WORK\Data\Voyager\voyager1\mag\48s\reviewed_vim\2014\voyager1_48s_mag-vim_20140101_v01.cdf,C:\Users\Administrator\Documents\FWD_matlab\Voyager_fu\Voyager_Interstellar_Monthly\HighestPrecision_Segments\V1_MAG48s_segment_0868_20140228T145449_20140228T190426.png,ok,
1,869,2014-03-01 16:37:13,2014-03-02 01:35:37,8.97335972222222,671,48.3839997558594,191.808,7200,240,Z:\SPART-WORK\Data\Voyager\voyager1\mag\48s\reviewed_vim\2014\voyager1_48s_mag-vim_20140101_v01.cdf,C:\Users\Administrator\Documents\FWD_matlab\Voyager_fu\Voyager_Interstellar_Monthly\HighestPrecision_Segments\V1_MAG48s_segment_0869_20140301T163713_20140302T013537.png,ok,
1,870,2014-03-02 21:07:37,2014-03-03 01:50:01,4.70664027770996,352,48.3839997558594,144.289,7200,240,Z:\SPART-WORK\Data\Voyager\voyager1\mag\48s\reviewed_vim\2014\voyager1_48s_mag-vim_20140101_v01.cdf,C:\Users\Administrator\Documents\FWD_matlab\Voyager_fu\Voyager_Interstellar_Monthly\HighestPrecision_Segments\V1_MAG48s_segment_0870_20140302T210737_20140303T015001.png,ok,
1,871,2014-03-03 14:46:50,2014-03-04 01:00:26,10.22664,768,48.3839997558594,48.385,7200,240,Z:\SPART-WORK\Data\Voyager\voyager1\mag\48s\reviewed_vim\2014\voyager1_48s_mag-vim_20140101_v01.cdf,C:\Users\Administrator\Documents\FWD_matlab\Voyager_fu\Voyager_Interstellar_Monthly\HighestPrecision_Segments\V1_MAG48s_segment_0871_20140303T144650_20140304T010026.png,ok,
1,872,2014-03-04 19:49:14,2014-03-05 00:46:02,4.94664027777778,369,48.3839997558594,191.807,7200,240,Z:\SPART-WORK\Data\Voyager\voyager1\mag\48s\reviewed_vim\2014\voyager1_48s_mag-vim_20140101_v01.cdf,C:\Users\Administrator\Documents\FWD_matlab\Voyager_fu\Voyager_Interstellar_Monthly\HighestPrecision_Segments\V1_MAG48s_segment_0872_20140304T194914_20140305T004602.png,ok,
1,873,2014-03-05 14:37:14,2014-03-05 20:10:50,5.56008027777778,418,48.383,48.385,7200,240,Z:\SPART-WORK\Data\Voyager\voyager1\mag\48s\reviewed_vim\2014\voyager1_48s_mag-vim_20140101_v01.cdf,C:\Users\Administrator\Documents\FWD_matlab\Voyager_fu\Voyager_Interstellar_Monthly\HighestPrecision_Segments\V1_MAG48s_segment_0873_20140305T143714_20140305T201050.png,ok,
1,874,2014-03-06 18:54:50,2014-03-07 02:00:26,7.09320027770996,532,48.383,95.0409997558594,7200,240,Z:\SPART-WORK\Data\Voyager\voyager1\mag\48s\reviewed_vim\2014\voyager1_48s_mag-vim_20140101_v01.cdf,C:\Users\Administrator\Documents\FWD_matlab\Voyager_fu\Voyager_Interstellar_Monthly\HighestPrecision_Segments\V1_MAG48s_segment_0874_20140306T185450_20140307T020026.png,ok,
1,875,2014-03-07 17:23:38,2014-03-08 01:56:26,8.54664,642,48.383,48.385,7200,240,Z:\SPART-WORK\Data\Voyager\voyager1\mag\48s\reviewed_vim\2014\voyager1_48s_mag-vim_20140101_v01.cdf,C:\Users\Administrator\Documents\FWD_matlab\Voyager_fu\Voyager_Interstellar_Monthly\HighestPrecision_Segments\V1_MAG48s_segment_0875_20140307T172338_20140308T015626.png,ok,
1,876,2014-03-08 15:42:50,2014-03-08 22:51:38,7.14671972222222,536,48.383,95.904,7200,240,Z:\SPART-WORK\Data\Voyager\voyager1\mag\48s\reviewed_vim\2014\voyager1_48s_mag-vim_20140101_v01.cdf,C:\Users\Administrator\Documents\FWD_matlab\Voyager_fu\Voyager_Interstellar_Monthly\HighestPrecision_Segments\V1_MAG48s_segment_0876_20140308T154250_20140308T225138.png,ok,
1,877,2014-03-09 17:04:26,2014-03-09 22:05:13,5.01311972229004,377,48.383,48.385,7200,240,Z:\SPART-WORK\Data\Voyager\voyager1\mag\48s\reviewed_vim\2014\voyager1_48s_mag-vim_20140101_v01.cdf,C:\Users\Administrator\Documents\FWD_matlab\Voyager_fu\Voyager_Interstellar_Monthly\HighestPrecision_Segments\V1_MAG48s_segment_0877_20140309T170426_20140309T220513.png,ok,
1,878,2014-03-10 15:25:13,2014-03-10 17:09:14,1.73351972229004,121,48.383,336.096999755859,7200,240,Z:\SPART-WORK\Data\Voyager\voyager1\mag\48s\reviewed_vim\2014\voyager1_48s_mag-vim_20140101_v01.cdf,C:\Users\Administrator\Documents\FWD_matlab\Voyager_fu\Voyager_Interstellar_Monthly\HighestPrecision_Segments\V1_MAG48s_segment_0878_20140310T152513_20140310T170914.png,ok,
1,879,2014-03-10 22:45:14,2014-03-11 00:35:38,1.84007972229004,122,48.383,719.712,7200,240,Z:\SPART-WORK\Data\Voyager\voyager1\mag\48s\reviewed_vim\2014\voyager1_48s_mag-vim_20140101_v01.cdf,C:\Users\Administrator\Documents\FWD_matlab\Voyager_fu\Voyager_Interstellar_Monthly\HighestPrecision_Segments\V1_MAG48s_segment_0879_20140310T224514_20140311T003538.png,ok,
1,880,2014-03-11 21:36:26,2014-03-12 01:41:13,4.07976,307,48.383,48.385,7200,240,Z:\SPART-WORK\Data\Voyager\voyager1\mag\48s\reviewed_vim\2014\voyager1_48s_mag-vim_20140101_v01.cdf,C:\Users\Administrator\Documents\FWD_matlab\Voyager_fu\Voyager_Interstellar_Monthly\HighestPrecision_Segments\V1_MAG48s_segment_0880_20140311T213626_20140312T014113.png,ok,
1,881,2014-03-12 21:17:14,2014-03-13 01:42:02,4.41335972222222,332,48.383,48.385,7200,240,Z:\SPART-WORK\Data\Voyager\voyager1\mag\48s\reviewed_vim\2014\voyager1_48s_mag-vim_20140101_v01.cdf,C:\Users\Administrator\Documents\FWD_matlab\Voyager_fu\Voyager_Interstellar_Monthly\HighestPrecision_Segments\V1_MAG48s_segment_0881_20140312T211714_20140313T014202.png,ok,
1,882,2014-03-13 21:34:50,2014-03-14 01:37:14,4.04016,303,48.383,96.768,7200,240,Z:\SPART-WORK\Data\Voyager\voyager1\mag\48s\reviewed_vim\2014\voyager1_48s_mag-vim_20140101_v01.cdf,C:\Users\Administrator\Documents\FWD_matlab\Voyager_fu\Voyager_Interstellar_Monthly\HighestPrecision_Segments\V1_MAG48s_segment_0882_20140313T213450_20140314T013714.png,ok,
1,883,2014-03-14 13:02:50,2014-03-15 01:30:50,12.4665599999322,769,48.383,4847.905,7200,240,Z:\SPART-WORK\Data\Voyager\voyager1\mag\48s\reviewed_vim\2014\voyager1_48s_mag-vim_20140101_v01.cdf,C:\Users\Administrator\Documents\FWD_matlab\Voyager_fu\Voyager_Interstellar_Monthly\HighestPrecision_Segments\V1_MAG48s_segment_0883_20140314T130250_20140315T013050.png,ok,
1,884,2014-03-15 12:05:14,2014-03-15 17:56:26,5.85335972222222,437,48.383,191.807,7200,240,Z:\SPART-WORK\Data\Voyager\voyager1\mag\48s\reviewed_vim\2014\voyager1_48s_mag-vim_20140101_v01.cdf,C:\Users\Administrator\Documents\FWD_matlab\Voyager_fu\Voyager_Interstellar_Monthly\HighestPrecision_Segments\V1_MAG48s_segment_0884_20140315T120514_20140315T175626.png,ok,
1,885,2014-03-15 21:12:26,2014-03-15 23:06:50,1.90656027770996,141,48.383,191.808999755859,7200,240,Z:\SPART-WORK\Data\Voyager\voyager1\mag\48s\reviewed_vim\2014\voyager1_48s_mag-vim_20140101_v01.cdf,C:\Users\Administrator\Documents\FWD_matlab\Voyager_fu\Voyager_Interstellar_Monthly\HighestPrecision_Segments\V1_MAG48s_segment_0885_20140315T211226_20140315T230650.png,ok,
1,886,2014-03-16 13:55:38,2014-03-16 18:50:02,4.90656027777778,369,48.383,48.385,7200,240,Z:\SPART-WORK\Data\Voyager\voyager1\mag\48s\reviewed_vim\2014\voyager1_48s_mag-vim_20140101_v01.cdf,C:\Users\Administrator\Documents\FWD_matlab\Voyager_fu\Voyager_Interstellar_Monthly\HighestPrecision_Segments\V1_MAG48s_segment_0886_20140316T135538_20140316T185002.png,ok,
1,887,2014-03-17 15:58:50,2014-03-17 23:31:38,7.54680027777778,566,48.383,95.905,7200,240,Z:\SPART-WORK\Data\Voyager\voyager1\mag\48s\reviewed_vim\2014\voyager1_48s_mag-vim_20140101_v01.cdf,C:\Users\Administrator\Documents\FWD_matlab\Voyager_fu\Voyager_Interstellar_Monthly\HighestPrecision_Segments\V1_MAG48s_segment_0887_20140317T155850_20140317T233138.png,ok,
1,888,2014-03-18 19:18:50,2014-03-18 23:30:50,4.2,316,48.383,48.385,7200,240,Z:\SPART-WORK\Data\Voyager\voyager1\mag\48s\reviewed_vim\2014\voyager1_48s_mag-vim_20140101_v01.cdf,C:\Users\Administrator\Documents\FWD_matlab\Voyager_fu\Voyager_Interstellar_Monthly\HighestPrecision_Segments\V1_MAG48s_segment_0888_20140318T191850_20140318T233050.png,ok,
1,889,2014-03-19 14:13:14,2014-03-19 16:48:25,2.58648000006782,192,48.383,191.808999755859,7200,240,Z:\SPART-WORK\Data\Voyager\voyager1\mag\48s\reviewed_vim\2014\voyager1_48s_mag-vim_20140101_v01.cdf,C:\Users\Administrator\Documents\FWD_matlab\Voyager_fu\Voyager_Interstellar_Monthly\HighestPrecision_Segments\V1_MAG48s_segment_0889_20140319T141314_20140319T164825.png,ok,
1,890,2014-03-19 19:17:14,2014-03-20 00:30:50,5.22672,390,48.383,191.808999755859,7200,240,Z:\SPART-WORK\Data\Voyager\voyager1\mag\48s\reviewed_vim\2014\voyager1_48s_mag-vim_20140101_v01.cdf,C:\Users\Administrator\Documents\FWD_matlab\Voyager_fu\Voyager_Interstellar_Monthly\HighestPrecision_Segments\V1_MAG48s_segment_0890_20140319T191714_20140320T003050.png,ok,
1,891,2014-03-20 09:15:38,2014-03-20 17:42:02,8.44008027777778,605,48.383,1247.615,7200,240,Z:\SPART-WORK\Data\Voyager\voyager1\mag\48s\reviewed_vim\2014\voyager1_48s_mag-vim_20140101_v01.cdf,C:\Users\Administrator\Documents\FWD_matlab\Voyager_fu\Voyager_Interstellar_Monthly\HighestPrecision_Segments\V1_MAG48s_segment_0891_20140320T091538_20140320T174202.png,ok,
1,892,2014-03-21 13:55:38,2014-03-21 20:42:50,6.78648,508,48.383,144.288,7200,240,Z:\SPART-WORK\Data\Voyager\voyager1\mag\48s\reviewed_vim\2014\voyager1_48s_mag-vim_20140101_v01.cdf,C:\Users\Administrator\Documents\FWD_matlab\Voyager_fu\Voyager_Interstellar_Monthly\HighestPrecision_Segments\V1_MAG48s_segment_0892_20140321T135538_20140321T204250.png,ok,
1,893,2014-03-22 14:30:50,2014-03-22 22:26:02,7.92,593,48.383,143.424,7200,240,Z:\SPART-WORK\Data\Voyager\voyager1\mag\48s\reviewed_vim\2014\voyager1_48s_mag-vim_20140101_v01.cdf,C:\Users\Administrator\Documents\FWD_matlab\Voyager_fu\Voyager_Interstellar_Monthly\HighestPrecision_Segments\V1_MAG48s_segment_0893_20140322T143050_20140322T222602.png,ok,
1,894,2014-03-23 13:26:49,2014-03-23 22:02:49,8.59991999993218,646,48.383,48.385,7200,240,Z:\SPART-WORK\Data\Voyager\voyager1\mag\48s\reviewed_vim\2014\voyager1_48s_mag-vim_20140101_v01.cdf,C:\Users\Administrator\Documents\FWD_matlab\Voyager_fu\Voyager_Interstellar_Monthly\HighestPrecision_Segments\V1_MAG48s_segment_0894_20140323T132649_20140323T220249.png,ok,
1,895,2014-03-24 16:54:50,2014-03-24 22:34:01,5.65319972229004,425,48.383,48.385,7200,240,Z:\SPART-WORK\Data\Voyager\voyager1\mag\48s\reviewed_vim\2014\voyager1_48s_mag-vim_20140101_v01.cdf,C:\Users\Administrator\Documents\FWD_matlab\Voyager_fu\Voyager_Interstellar_Monthly\HighestPrecision_Segments\V1_MAG48s_segment_0895_20140324T165450_20140324T223401.png,ok,
1,896,2014-03-25 13:31:38,2014-03-25 16:34:50,3.05328,229,48.383,95.904,7200,240,Z:\SPART-WORK\Data\Voyager\voyager1\mag\48s\reviewed_vim\2014\voyager1_48s_mag-vim_20140101_v01.cdf,C:\Users\Administrator\Documents\FWD_matlab\Voyager_fu\Voyager_Interstellar_Monthly\HighestPrecision_Segments\V1_MAG48s_segment_0896_20140325T133138_20140325T163450.png,ok,
1,897,2014-03-25 19:26:49,2014-03-25 23:35:38,4.14672027770996,312,48.383,48.385,7200,240,Z:\SPART-WORK\Data\Voyager\voyager1\mag\48s\reviewed_vim\2014\voyager1_48s_mag-vim_20140101_v01.cdf,C:\Users\Administrator\Documents\FWD_matlab\Voyager_fu\Voyager_Interstellar_Monthly\HighestPrecision_Segments\V1_MAG48s_segment_0897_20140325T192649_20140325T233538.png,ok,
1,898,2014-03-26 14:30:49,2014-03-26 21:06:50,6.60024,487,48.383,336.096,7200,240,Z:\SPART-WORK\Data\Voyager\voyager1\mag\48s\reviewed_vim\2014\voyager1_48s_mag-vim_20140101_v01.cdf,C:\Users\Administrator\Documents\FWD_matlab\Voyager_fu\Voyager_Interstellar_Monthly\HighestPrecision_Segments\V1_MAG48s_segment_0898_20140326T143049_20140326T210650.png,ok,
1,899,2014-03-27 13:06:02,2014-03-27 21:06:50,8.01336,601,48.383,95.904,7200,240,Z:\SPART-WORK\Data\Voyager\voyager1\mag\48s\reviewed_vim\2014\voyager1_48s_mag-vim_20140101_v01.cdf,C:\Users\Administrator\Documents\FWD_matlab\Voyager_fu\Voyager_Interstellar_Monthly\HighestPrecision_Segments\V1_MAG48s_segment_0899_20140327T130602_20140327T210650.png,ok,
1,900,2014-03-28 15:30:02,2014-03-29 00:35:38,9.09336000006782,671,48.383,336.096,7200,240,Z:\SPART-WORK\Data\Voyager\voyager1\mag\48s\reviewed_vim\2014\voyager1_48s_mag-vim_20140101_v01.cdf,C:\Users\Administrator\Documents\FWD_matlab\Voyager_fu\Voyager_Interstellar_Monthly\HighestPrecision_Segments\V1_MAG48s_segment_0900_20140328T153002_20140329T003538.png,ok,
1,901,2014-03-29 14:59:38,2014-03-30 00:33:14,9.55991972222222,718,48.383,48.385,7200,240,Z:\SPART-WORK\Data\Voyager\voyager1\mag\48s\reviewed_vim\2014\voyager1_48s_mag-vim_20140101_v01.cdf,C:\Users\Administrator\Documents\FWD_matlab\Voyager_fu\Voyager_Interstellar_Monthly\HighestPrecision_Segments\V1_MAG48s_segment_0901_20140329T145938_20140330T003314.png,ok,
1,902,2014-03-30 13:04:26,2014-03-30 17:28:26,4.39992027770996,329,48.383,144.288999755859,7200,240,Z:\SPART-WORK\Data\Voyager\voyager1\mag\48s\reviewed_vim\2014\voyager1_48s_mag-vim_20140101_v01.cdf,C:\Users\Administrator\Documents\FWD_matlab\Voyager_fu\Voyager_Interstellar_Monthly\HighestPrecision_Segments\V1_MAG48s_segment_0902_20140330T130426_20140330T172826.png,ok,
1,903,2014-03-31 17:15:38,2014-04-01 00:27:38,7.2,533,48.383,336.097,7200,240,Z:\SPART-WORK\Data\Voyager\voyager1\mag\48s\reviewed_vim\2014\voyager1_48s_mag-vim_20140101_v01.cdf,C:\Users\Administrator\Documents\FWD_matlab\Voyager_fu\Voyager_Interstellar_Monthly\HighestPrecision_Segments\V1_MAG48s_segment_0903_20140331T171538_20140401T002738.png,ok,
1,904,2014-04-01 12:51:38,2014-04-01 21:06:50,8.25336027777778,620,48.383,48.385,7200,240,Z:\SPART-WORK\Data\Voyager\voyager1\mag\48s\reviewed_vim\2014\voyager1_48s_mag-vim_20140101_v01.cdf,C:\Users\Administrator\Documents\FWD_matlab\Voyager_fu\Voyager_Interstellar_Monthly\HighestPrecision_Segments\V1_MAG48s_segment_0904_20140401T125138_20140401T210650.png,ok,
1,905,2014-04-02 12:45:13,2014-04-02 21:06:50,8.36016027777778,626,48.383,144.288,7200,240,Z:\SPART-WORK\Data\Voyager\voyager1\mag\48s\reviewed_vim\2014\voyager1_48s_mag-vim_20140101_v01.cdf,C:\Users\Administrator\Documents\FWD_matlab\Voyager_fu\Voyager_Interstellar_Monthly\HighestPrecision_Segments\V1_MAG48s_segment_0905_20140402T124513_20140402T210650.png,ok,
1,906,2014-04-03 12:37:14,2014-04-03 22:46:01,10.14648,759,48.383,191.807,7200,240,Z:\SPART-WORK\Data\Voyager\voyager1\mag\48s\reviewed_vim\2014\voyager1_48s_mag-vim_20140101_v01.cdf,C:\Users\Administrator\Documents\FWD_matlab\Voyager_fu\Voyager_Interstellar_Monthly\HighestPrecision_Segments\V1_MAG48s_segment_0906_20140403T123714_20140403T224601.png,ok,
1,907,2014-04-04 06:13:14,2014-04-04 12:22:01,6.14663972229004,459,48.383,191.807,7200,240,Z:\SPART-WORK\Data\Voyager\voyager1\mag\48s\reviewed_vim\2014\voyager1_48s_mag-vim_20140101_v01.cdf,C:\Users\Administrator\Documents\FWD_matlab\Voyager_fu\Voyager_Interstellar_Monthly\HighestPrecision_Segments\V1_MAG48s_segment_0907_20140404T061314_20140404T122201.png,ok,
1,908,2014-04-04 18:35:37,2014-04-05 00:05:13,5.49336027777778,410,48.383,191.809,7200,240,Z:\SPART-WORK\Data\Voyager\voyager1\mag\48s\reviewed_vim\2014\voyager1_48s_mag-vim_20140101_v01.cdf,C:\Users\Administrator\Documents\FWD_matlab\Voyager_fu\Voyager_Interstellar_Monthly\HighestPrecision_Segments\V1_MAG48s_segment_0908_20140404T183537_20140405T000513.png,ok,
1,909,2014-04-05 08:10:01,2014-04-05 12:22:01,4.2,309,48.383,288.576,7200,240,Z:\SPART-WORK\Data\Voyager\voyager1\mag\48s\reviewed_vim\2014\voyager1_48s_mag-vim_20140101_v01.cdf,C:\Users\Administrator\Documents\FWD_matlab\Voyager_fu\Voyager_Interstellar_Monthly\HighestPrecision_Segments\V1_MAG48s_segment_0909_20140405T081001_20140405T122201.png,ok,
1,910,2014-04-05 15:12:26,2014-04-06 00:06:02,8.89319999993218,668,48.383,48.385,7200,240,Z:\SPART-WORK\Data\Voyager\voyager1\mag\48s\reviewed_vim\2014\voyager1_48s_mag-vim_20140101_v01.cdf,C:\Users\Administrator\Documents\FWD_matlab\Voyager_fu\Voyager_Interstellar_Monthly\HighestPrecision_Segments\V1_MAG48s_segment_0910_20140405T151226_20140406T000602.png,ok,
1,911,2014-04-06 12:32:25,2014-04-06 22:48:25,10.26671972229,771,48.383,48.385,7200,240,Z:\SPART-WORK\Data\Voyager\voyager1\mag\48s\reviewed_vim\2014\voyager1_48s_mag-vim_20140101_v01.cdf,C:\Users\Administrator\Documents\FWD_matlab\Voyager_fu\Voyager_Interstellar_Monthly\HighestPrecision_Segments\V1_MAG48s_segment_0911_20140406T123225_20140406T224825.png,ok,
1,912,2014-04-07 19:01:13,2014-04-07 23:40:25,4.65336027777778,347,48.383,191.809,7200,240,Z:\SPART-WORK\Data\Voyager\voyager1\mag\48s\reviewed_vim\2014\voyager1_48s_mag-vim_20140101_v01.cdf,C:\Users\Administrator\Documents\FWD_matlab\Voyager_fu\Voyager_Interstellar_Monthly\HighestPrecision_Segments\V1_MAG48s_segment_0912_20140407T190113_20140407T234025.png,ok,
1,913,2014-04-08 12:24:26,2014-04-08 18:46:02,6.36,475,48.383,192.673,7200,240,Z:\SPART-WORK\Data\Voyager\voyager1\mag\48s\reviewed_vim\2014\voyager1_48s_mag-vim_20140101_v01.cdf,C:\Users\Administrator\Documents\FWD_matlab\Voyager_fu\Voyager_Interstellar_Monthly\HighestPrecision_Segments\V1_MAG48s_segment_0913_20140408T122426_20140408T184602.png,ok,
1,914,2014-04-09 21:58:01,2014-04-10 00:52:25,2.90664,136,48.383,1919.80899975586,7200,240,Z:\SPART-WORK\Data\Voyager\voyager1\mag\48s\reviewed_vim\2014\voyager1_48s_mag-vim_20140101_v01.cdf,C:\Users\Administrator\Documents\FWD_matlab\Voyager_fu\Voyager_Interstellar_Monthly\HighestPrecision_Segments\V1_MAG48s_segment_0914_20140409T215801_20140410T005225.png,ok,
1,915,2014-04-10 02:58:01,2014-04-10 04:12:25,1.24007972229004,91,48.383,192.672,7200,240,Z:\SPART-WORK\Data\Voyager\voyager1\mag\48s\reviewed_vim\2014\voyager1_48s_mag-vim_20140101_v01.cdf,C:\Users\Administrator\Documents\FWD_matlab\Voyager_fu\Voyager_Interstellar_Monthly\HighestPrecision_Segments\V1_MAG48s_segment_0915_20140410T025801_20140410T041225.png,ok,
1,916,2014-04-10 15:42:50,2014-04-11 04:47:38,13.07999972229,898,48.383,3984.76800024414,7200,240,Z:\SPART-WORK\Data\Voyager\voyager1\mag\48s\reviewed_vim\2014\voyager1_48s_mag-vim_20140101_v01.cdf,C:\Users\Administrator\Documents\FWD_matlab\Voyager_fu\Voyager_Interstellar_Monthly\HighestPrecision_Segments\V1_MAG48s_segment_0916_20140410T154250_20140411T044738.png,ok,
1,917,2014-04-11 08:50:02,2014-04-11 16:17:13,7.45319972222222,559,48.383,95.904,7200,240,Z:\SPART-WORK\Data\Voyager\voyager1\mag\48s\reviewed_vim\2014\voyager1_48s_mag-vim_20140101_v01.cdf,C:\Users\Administrator\Documents\FWD_matlab\Voyager_fu\Voyager_Interstellar_Monthly\HighestPrecision_Segments\V1_MAG48s_segment_0917_20140411T085002_20140411T161713.png,ok,
1,918,2014-04-12 09:57:13,2014-04-12 22:32:26,12.5868,707,48.383,4607.711,7200,240,Z:\SPART-WORK\Data\Voyager\voyager1\mag\48s\reviewed_vim\2014\voyager1_48s_mag-vim_20140101_v01.cdf,C:\Users\Administrator\Documents\FWD_matlab\Voyager_fu\Voyager_Interstellar_Monthly\HighestPrecision_Segments\V1_MAG48s_segment_0918_20140412T095713_20140412T223226.png,ok,
1,919,2014-04-13 08:30:49,2014-04-13 12:31:38,4.01351972222222,301,48.383,96.768,7200,240,Z:\SPART-WORK\Data\Voyager\voyager1\mag\48s\reviewed_vim\2014\voyager1_48s_mag-vim_20140101_v01.cdf,C:\Users\Administrator\Documents\FWD_matlab\Voyager_fu\Voyager_Interstellar_Monthly\HighestPrecision_Segments\V1_MAG48s_segment_0919_20140413T083049_20140413T123138.png,ok,
1,920,2014-04-13 16:13:14,2014-04-13 21:38:01,5.41319972222222,407,48.383,48.385,7200,240,Z:\SPART-WORK\Data\Voyager\voyager1\mag\48s\reviewed_vim\2014\voyager1_48s_mag-vim_20140101_v01.cdf,C:\Users\Administrator\Documents\FWD_matlab\Voyager_fu\Voyager_Interstellar_Monthly\HighestPrecision_Segments\V1_MAG48s_segment_0920_20140413T161314_20140413T213801.png,ok,
1,921,2014-04-14 13:33:13,2014-04-14 23:01:14,9.4668,709,48.383,143.424,7200,240,Z:\SPART-WORK\Data\Voyager\voyager1\mag\48s\reviewed_vim\2014\voyager1_48s_mag-vim_20140101_v01.cdf,C:\Users\Administrator\Documents\FWD_matlab\Voyager_fu\Voyager_Interstellar_Monthly\HighestPrecision_Segments\V1_MAG48s_segment_0921_20140414T133313_20140414T230114.png,ok,
1,922,2014-04-15 05:09:13,2014-04-15 15:57:13,10.7999997222222,810,48.383,95.904,7200,240,Z:\SPART-WORK\Data\Voyager\voyager1\mag\48s\reviewed_vim\2014\voyager1_48s_mag-vim_20140101_v01.cdf,C:\Users\Administrator\Documents\FWD_matlab\Voyager_fu\Voyager_Interstellar_Monthly\HighestPrecision_Segments\V1_MAG48s_segment_0922_20140415T050913_20140415T155713.png,ok,
1,923,2014-04-16 11:50:49,2014-04-16 22:06:01,10.2532802777778,770,48.383,48.385,7200,240,Z:\SPART-WORK\Data\Voyager\voyager1\mag\48s\reviewed_vim\2014\voyager1_48s_mag-vim_20140101_v01.cdf,C:\Users\Administrator\Documents\FWD_matlab\Voyager_fu\Voyager_Interstellar_Monthly\HighestPrecision_Segments\V1_MAG48s_segment_0923_20140416T115049_20140416T220601.png,ok,
1,924,2014-04-17 07:25:14,2014-04-17 15:51:37,8.43983972229004,634,48.383,48.385,7200,240,Z:\SPART-WORK\Data\Voyager\voyager1\mag\48s\reviewed_vim\2014\voyager1_48s_mag-vim_20140101_v01.cdf,C:\Users\Administrator\Documents\FWD_matlab\Voyager_fu\Voyager_Interstellar_Monthly\HighestPrecision_Segments\V1_MAG48s_segment_0924_20140417T072514_20140417T155137.png,ok,
1,925,2014-04-18 08:51:38,2014-04-18 18:36:25,9.74664,730,48.383,144.288,7200,240,Z:\SPART-WORK\Data\Voyager\voyager1\mag\48s\reviewed_vim\2014\voyager1_48s_mag-vim_20140101_v01.cdf,C:\Users\Administrator\Documents\FWD_matlab\Voyager_fu\Voyager_Interstellar_Monthly\HighestPrecision_Segments\V1_MAG48s_segment_0925_20140418T085138_20140418T183625.png,ok,
1,926,2014-04-21 08:22:50,2014-04-21 13:06:49,4.73328,354,48.383,144.289,7200,240,Z:\SPART-WORK\Data\Voyager\voyager1\mag\48s\reviewed_vim\2014\voyager1_48s_mag-vim_20140101_v01.cdf,C:\Users\Administrator\Documents\FWD_matlab\Voyager_fu\Voyager_Interstellar_Monthly\HighestPrecision_Segments\V1_MAG48s_segment_0926_20140421T082250_20140421T130649.png,ok,
1,927,2014-04-21 21:26:49,2014-04-22 12:33:14,15.1067997222222,1011,48.383,4703.616,7200,240,Z:\SPART-WORK\Data\Voyager\voyager1\mag\48s\reviewed_vim\2014\voyager1_48s_mag-vim_20140101_v01.cdf,C:\Users\Administrator\Documents\FWD_matlab\Voyager_fu\Voyager_Interstellar_Monthly\HighestPrecision_Segments\V1_MAG48s_segment_0927_20140421T212649_20140422T123314.png,ok,
1,928,2014-04-22 14:34:01,2014-04-22 14:59:37,0.42672,31,48.383,143.424,7200,240,Z:\SPART-WORK\Data\Voyager\voyager1\mag\48s\reviewed_vim\2014\voyager1_48s_mag-vim_20140101_v01.cdf,C:\Users\Administrator\Documents\FWD_matlab\Voyager_fu\Voyager_Interstellar_Monthly\HighestPrecision_Segments\V1_MAG48s_segment_0928_20140422T143401_20140422T145937.png,ok,
1,929,2014-04-22 17:51:38,2014-04-22 18:47:37,0.933119722222222,71,48.383,48.385,7200,240,Z:\SPART-WORK\Data\Voyager\voyager1\mag\48s\reviewed_vim\2014\voyager1_48s_mag-vim_20140101_v01.cdf,C:\Users\Administrator\Documents\FWD_matlab\Voyager_fu\Voyager_Interstellar_Monthly\HighestPrecision_Segments\V1_MAG48s_segment_0929_20140422T175138_20140422T184737.png,ok,
1,930,2014-04-23 01:52:25,2014-04-23 03:35:37,1.72008,130,48.383,48.385,7200,240,Z:\SPART-WORK\Data\Voyager\voyager1\mag\48s\reviewed_vim\2014\voyager1_48s_mag-vim_20140101_v01.cdf,C:\Users\Administrator\Documents\FWD_matlab\Voyager_fu\Voyager_Interstellar_Monthly\HighestPrecision_Segments\V1_MAG48s_segment_0930_20140423T015225_20140423T033537.png,ok,
1,931,2014-04-23 10:40:25,2014-04-23 13:47:38,3.12024000006782,232,48.383,143.424,7200,240,Z:\SPART-WORK\Data\Voyager\voyager1\mag\48s\reviewed_vim\2014\voyager1_48s_mag-vim_20140101_v01.cdf,C:\Users\Administrator\Documents\FWD_matlab\Voyager_fu\Voyager_Interstellar_Monthly\HighestPrecision_Segments\V1_MAG48s_segment_0931_20140423T104025_20140423T134738.png,ok,
1,932,2014-04-24 04:24:25,2014-04-24 21:55:37,17.52,1306,48.383,336.096,7200,240,Z:\SPART-WORK\Data\Voyager\voyager1\mag\48s\reviewed_vim\2014\voyager1_48s_mag-vim_20140101_v01.cdf,C:\Users\Administrator\Documents\FWD_matlab\Voyager_fu\Voyager_Interstellar_Monthly\HighestPrecision_Segments\V1_MAG48s_segment_0932_20140424T042425_20140424T215537.png,ok,
1,933,2014-04-25 06:18:01,2014-04-25 17:36:25,11.3066402777778,823,48.383,1056.672,7200,240,Z:\SPART-WORK\Data\Voyager\voyager1\mag\48s\reviewed_vim\2014\voyager1_48s_mag-vim_20140101_v01.cdf,C:\Users\Administrator\Documents\FWD_matlab\Voyager_fu\Voyager_Interstellar_Monthly\HighestPrecision_Segments\V1_MAG48s_segment_0933_20140425T061801_20140425T173625.png,ok,
1,934,2014-04-25 21:07:37,2014-04-25 22:22:01,1.24008,94,48.383,48.385,7200,240,Z:\SPART-WORK\Data\Voyager\voyager1\mag\48s\reviewed_vim\2014\voyager1_48s_mag-vim_20140101_v01.cdf,C:\Users\Administrator\Documents\FWD_matlab\Voyager_fu\Voyager_Interstellar_Monthly\HighestPrecision_Segments\V1_MAG48s_segment_0934_20140425T210737_20140425T222201.png,ok,
1,935,2014-04-26 03:42:49,2014-04-26 14:12:25,10.49328,770,48.383,383.616,7200,240,Z:\SPART-WORK\Data\Voyager\voyager1\mag\48s\reviewed_vim\2014\voyager1_48s_mag-vim_20140101_v01.cdf,C:\Users\Administrator\Documents\FWD_matlab\Voyager_fu\Voyager_Interstellar_Monthly\HighestPrecision_Segments\V1_MAG48s_segment_0935_20140426T034249_20140426T141225.png,ok,
1,936,2014-04-27 02:00:25,2014-04-27 08:11:37,6.18672,452,48.383,336.096,7200,240,Z:\SPART-WORK\Data\Voyager\voyager1\mag\48s\reviewed_vim\2014\voyager1_48s_mag-vim_20140101_v01.cdf,C:\Users\Administrator\Documents\FWD_matlab\Voyager_fu\Voyager_Interstellar_Monthly\HighestPrecision_Segments\V1_MAG48s_segment_0936_20140427T020025_20140427T081137.png,ok,
1,937,2014-04-27 11:18:49,2014-04-27 20:40:24,9.35976,701,48.383,144.288999755859,7200,240,Z:\SPART-WORK\Data\Voyager\voyager1\mag\48s\reviewed_vim\2014\voyager1_48s_mag-vim_20140101_v01.cdf,C:\Users\Administrator\Documents\FWD_matlab\Voyager_fu\Voyager_Interstellar_Monthly\HighestPrecision_Segments\V1_MAG48s_segment_0937_20140427T111849_20140427T204024.png,ok,
1,938,2014-04-28 05:44:25,2014-04-28 20:21:14,14.6135997222222,996,48.383,4656.09599975586,7200,240,Z:\SPART-WORK\Data\Voyager\voyager1\mag\48s\reviewed_vim\2014\voyager1_48s_mag-vim_20140101_v01.cdf,C:\Users\Administrator\Documents\FWD_matlab\Voyager_fu\Voyager_Interstellar_Monthly\HighestPrecision_Segments\V1_MAG48s_segment_0938_20140428T054425_20140428T202114.png,ok,
1,939,2014-04-29 00:35:37,2014-04-29 01:57:13,1.36008027777778,103,48.383,48.385,7200,240,Z:\SPART-WORK\Data\Voyager\voyager1\mag\48s\reviewed_vim\2014\voyager1_48s_mag-vim_20140101_v01.cdf,C:\Users\Administrator\Documents\FWD_matlab\Voyager_fu\Voyager_Interstellar_Monthly\HighestPrecision_Segments\V1_MAG48s_segment_0939_20140429T003537_20140429T015713.png,ok,
1,940,2014-04-29 06:56:25,2014-04-29 16:33:13,9.61344,720,48.383,143.424,7200,240,Z:\SPART-WORK\Data\Voyager\voyager1\mag\48s\reviewed_vim\2014\voyager1_48s_mag-vim_20140101_v01.cdf,C:\Users\Administrator\Documents\FWD_matlab\Voyager_fu\Voyager_Interstellar_Monthly\HighestPrecision_Segments\V1_MAG48s_segment_0940_20140429T065625_20140429T163313.png,ok,
1,941,2014-04-29 20:59:37,2014-04-30 01:56:25,4.94663972229004,371,48.383,95.9030002441406,7200,240,Z:\SPART-WORK\Data\Voyager\voyager1\mag\48s\reviewed_vim\2014\voyager1_48s_mag-vim_20140101_v01.cdf,C:\Users\Administrator\Documents\FWD_matlab\Voyager_fu\Voyager_Interstellar_Monthly\HighestPrecision_Segments\V1_MAG48s_segment_0941_20140429T205937_20140430T015625.png,ok,
1,942,2014-04-30 08:38:49,2014-04-30 11:06:49,2.46648027770996,184,48.383,143.424,7200,240,Z:\SPART-WORK\Data\Voyager\voyager1\mag\48s\reviewed_vim\2014\voyager1_48s_mag-vim_20140101_v01.cdf,C:\Users\Administrator\Documents\FWD_matlab\Voyager_fu\Voyager_Interstellar_Monthly\HighestPrecision_Segments\V1_MAG48s_segment_0942_20140430T083849_20140430T110649.png,ok,
1,943,2014-04-30 13:58:49,2014-04-30 21:06:49,7.13327972222222,534,48.383,143.424,7200,240,Z:\SPART-WORK\Data\Voyager\voyager1\mag\48s\reviewed_vim\2014\voyager1_48s_mag-vim_20140101_v01.cdf,C:\Users\Administrator\Documents\FWD_matlab\Voyager_fu\Voyager_Interstellar_Monthly\HighestPrecision_Segments\V1_MAG48s_segment_0943_20140430T135849_20140430T210649.png,ok,
1,944,2014-04-30 23:12:25,2014-05-01 03:16:25,4.06679972222222,304,48.383,143.424,7200,240,Z:\SPART-WORK\Data\Voyager\voyager1\mag\48s\reviewed_vim\2014\voyager1_48s_mag-vim_20140101_v01.cdf,C:\Users\Administrator\Documents\FWD_matlab\Voyager_fu\Voyager_Interstellar_Monthly\HighestPrecision_Segments\V1_MAG48s_segment_0944_20140430T231225_20140501T031625.png,ok,
1,945,2014-05-01 07:15:37,2014-05-01 13:48:25,6.54647972222222,473,48.383,815.616,7200,240,Z:\SPART-WORK\Data\Voyager\voyager1\mag\48s\reviewed_vim\2014\voyager1_48s_mag-vim_20140101_v01.cdf,C:\Users\Administrator\Documents\FWD_matlab\Voyager_fu\Voyager_Interstellar_Monthly\HighestPrecision_Segments\V1_MAG48s_segment_0945_20140501T071537_20140501T134825.png,ok,
1,946,2014-05-01 19:23:37,2014-05-01 20:36:25,1.21344,87,48.383,191.807,7200,240,Z:\SPART-WORK\Data\Voyager\voyager1\mag\48s\reviewed_vim\2014\voyager1_48s_mag-vim_20140101_v01.cdf,C:\Users\Administrator\Documents\FWD_matlab\Voyager_fu\Voyager_Interstellar_Monthly\HighestPrecision_Segments\V1_MAG48s_segment_0946_20140501T192337_20140501T203625.png,ok,
1,947,2014-05-02 08:45:13,2014-05-02 18:57:13,10.2,766,48.383,48.385,7200,240,Z:\SPART-WORK\Data\Voyager\voyager1\mag\48s\reviewed_vim\2014\voyager1_48s_mag-vim_20140101_v01.cdf,C:\Users\Administrator\Documents\FWD_matlab\Voyager_fu\Voyager_Interstellar_Monthly\HighestPrecision_Segments\V1_MAG48s_segment_0947_20140502T084513_20140502T185713.png,ok,
1,948,2014-05-03 08:18:01,2014-05-03 22:16:25,13.97328027771,988,48.383,2880.576,7200,240,Z:\SPART-WORK\Data\Voyager\voyager1\mag\48s\reviewed_vim\2014\voyager1_48s_mag-vim_20140101_v01.cdf,C:\Users\Administrator\Documents\FWD_matlab\Voyager_fu\Voyager_Interstellar_Monthly\HighestPrecision_Segments\V1_MAG48s_segment_0948_20140503T081801_20140503T221625.png,ok,
1,949,2014-05-04 07:10:50,2014-05-04 21:06:49,13.9332,1015,48.383,1343.519,7200,240,Z:\SPART-WORK\Data\Voyager\voyager1\mag\48s\reviewed_vim\2014\voyager1_48s_mag-vim_20140101_v01.cdf,C:\Users\Administrator\Documents\FWD_matlab\Voyager_fu\Voyager_Interstellar_Monthly\HighestPrecision_Segments\V1_MAG48s_segment_0949_20140504T071050_20140504T210649.png,ok,
1,950,2014-05-05 13:46:01,2014-05-05 20:56:25,7.17336,537,48.383,144.289,7200,240,Z:\SPART-WORK\Data\Voyager\voyager1\mag\48s\reviewed_vim\2014\voyager1_48s_mag-vim_20140101_v01.cdf,C:\Users\Administrator\Documents\FWD_matlab\Voyager_fu\Voyager_Interstellar_Monthly\HighestPrecision_Segments\V1_MAG48s_segment_0950_20140505T134601_20140505T205625.png,ok,
1,951,2014-05-06 07:10:50,2014-05-06 07:26:49,0.266640000067817,20,48.383,95.041,7200,240,Z:\SPART-WORK\Data\Voyager\voyager1\mag\48s\reviewed_vim\2014\voyager1_48s_mag-vim_20140101_v01.cdf,C:\Users\Administrator\Documents\FWD_matlab\Voyager_fu\Voyager_Interstellar_Monthly\HighestPrecision_Segments\V1_MAG48s_segment_0951_20140506T071050_20140506T072649.png,ok,
1,952,2014-05-06 12:19:37,2014-05-06 13:11:37,0.866639722222222,66,48.383,48.385,7200,240,Z:\SPART-WORK\Data\Voyager\voyager1\mag\48s\reviewed_vim\2014\voyager1_48s_mag-vim_20140101_v01.cdf,C:\Users\Administrator\Documents\FWD_matlab\Voyager_fu\Voyager_Interstellar_Monthly\HighestPrecision_Segments\V1_MAG48s_segment_0952_20140506T121937_20140506T131137.png,ok,
1,953,2014-05-06 18:06:49,2014-05-06 19:06:01,0.986640277777778,75,48.383,48.385,7200,240,Z:\SPART-WORK\Data\Voyager\voyager1\mag\48s\reviewed_vim\2014\voyager1_48s_mag-vim_20140101_v01.cdf,C:\Users\Administrator\Documents\FWD_matlab\Voyager_fu\Voyager_Interstellar_Monthly\HighestPrecision_Segments\V1_MAG48s_segment_0953_20140506T180649_20140506T190601.png,ok,
1,954,2014-05-07 06:53:13,2014-05-07 12:04:25,5.18663999993218,390,48.383,48.385,7200,240,Z:\SPART-WORK\Data\Voyager\voyager1\mag\48s\reviewed_vim\2014\voyager1_48s_mag-vim_20140101_v01.cdf,C:\Users\Administrator\Documents\FWD_matlab\Voyager_fu\Voyager_Interstellar_Monthly\HighestPrecision_Segments\V1_MAG48s_segment_0954_20140507T065313_20140507T120425.png,ok,
1,955,2014-05-07 17:23:37,2014-05-07 21:51:37,4.46664000006782,336,48.383,48.385,7200,240,Z:\SPART-WORK\Data\Voyager\voyager1\mag\48s\reviewed_vim\2014\voyager1_48s_mag-vim_20140101_v01.cdf,C:\Users\Administrator\Documents\FWD_matlab\Voyager_fu\Voyager_Interstellar_Monthly\HighestPrecision_Segments\V1_MAG48s_segment_0955_20140507T172337_20140507T215137.png,ok,
1,956,2014-05-08 13:47:37,2014-05-08 17:51:38,4.06680027777778,303,47.52,190.943000244141,7200,240,Z:\SPART-WORK\Data\Voyager\voyager1\mag\48s\reviewed_vim\2014\voyager1_48s_mag-vim_20140101_v01.cdf,C:\Users\Administrator\Documents\FWD_matlab\Voyager_fu\Voyager_Interstellar_Monthly\HighestPrecision_Segments\V1_MAG48s_segment_0956_20140508T134737_20140508T175138.png,ok,
1,957,2014-05-09 09:25:13,2014-05-09 17:20:25,7.92000027777778,567,47.52,1248.479,7200,240,Z:\SPART-WORK\Data\Voyager\voyager1\mag\48s\reviewed_vim\2014\voyager1_48s_mag-vim_20140101_v01.cdf,C:\Users\Administrator\Documents\FWD_matlab\Voyager_fu\Voyager_Interstellar_Monthly\HighestPrecision_Segments\V1_MAG48s_segment_0957_20140509T092513_20140509T172025.png,ok,
1,958,2014-05-10 02:53:13,2014-05-10 10:07:36,7.23984,533,47.52,383.617,7200,240,Z:\SPART-WORK\Data\Voyager\voyager1\mag\48s\reviewed_vim\2014\voyager1_48s_mag-vim_20140101_v01.cdf,C:\Users\Administrator\Documents\FWD_matlab\Voyager_fu\Voyager_Interstellar_Monthly\HighestPrecision_Segments\V1_MAG48s_segment_0958_20140510T025313_20140510T100736.png,ok,
1,959,2014-05-11 02:38:49,2014-05-11 13:06:48,10.4666402777778,785,47.52,95.905,7200,240,Z:\SPART-WORK\Data\Voyager\voyager1\mag\48s\reviewed_vim\2014\voyager1_48s_mag-vim_20140101_v01.cdf,C:\Users\Administrator\Documents\FWD_matlab\Voyager_fu\Voyager_Interstellar_Monthly\HighestPrecision_Segments\V1_MAG48s_segment_0959_20140511T023849_20140511T130648.png,ok,
1,960,2014-05-12 04:10:01,2014-05-12 05:48:25,1.63992,124,47.52,49.249,7200,240,Z:\SPART-WORK\Data\Voyager\voyager1\mag\48s\reviewed_vim\2014\voyager1_48s_mag-vim_20140101_v01.cdf,C:\Users\Administrator\Documents\FWD_matlab\Voyager_fu\Voyager_Interstellar_Monthly\HighestPrecision_Segments\V1_MAG48s_segment_0960_20140512T041001_20140512T054825.png,ok,
1,961,2014-05-12 11:05:13,2014-05-12 13:06:01,2.01336,152,47.52,49.249,7200,240,Z:\SPART-WORK\Data\Voyager\voyager1\mag\48s\reviewed_vim\2014\voyager1_48s_mag-vim_20140101_v01.cdf,C:\Users\Administrator\Documents\FWD_matlab\Voyager_fu\Voyager_Interstellar_Monthly\HighestPrecision_Segments\V1_MAG48s_segment_0961_20140512T110513_20140512T130601.png,ok,
1,962,2014-05-12 18:59:36,2014-05-12 21:36:24,2.61312,195,47.52,143.424999755859,7200,240,Z:\SPART-WORK\Data\Voyager\voyager1\mag\48s\reviewed_vim\2014\voyager1_48s_mag-vim_20140101_v01.cdf,C:\Users\Administrator\Documents\FWD_matlab\Voyager_fu\Voyager_Interstellar_Monthly\HighestPrecision_Segments\V1_MAG48s_segment_0962_20140512T185936_20140512T213624.png,ok,
1,963,2014-05-13 09:18:48,2014-05-13 14:33:12,5.24016027770996,313,47.52,3647.807,7200,240,Z:\SPART-WORK\Data\Voyager\voyager1\mag\48s\reviewed_vim\2014\voyager1_48s_mag-vim_20140101_v01.cdf,C:\Users\Administrator\Documents\FWD_matlab\Voyager_fu\Voyager_Interstellar_Monthly\HighestPrecision_Segments\V1_MAG48s_segment_0963_20140513T091848_20140513T143312.png,ok,
1,964,2014-05-13 19:01:12,2014-05-13 20:06:00,1.08000027770996,82,47.52,49.249,7200,240,Z:\SPART-WORK\Data\Voyager\voyager1\mag\48s\reviewed_vim\2014\voyager1_48s_mag-vim_20140101_v01.cdf,C:\Users\Administrator\Documents\FWD_matlab\Voyager_fu\Voyager_Interstellar_Monthly\HighestPrecision_Segments\V1_MAG48s_segment_0964_20140513T190112_20140513T200600.png,ok,
1,965,2014-05-14 07:02:48,2014-05-14 12:17:13,5.24015972229004,335,47.52,2639.52,7200,240,Z:\SPART-WORK\Data\Voyager\voyager1\mag\48s\reviewed_vim\2014\voyager1_48s_mag-vim_20140101_v01.cdf,C:\Users\Administrator\Documents\FWD_matlab\Voyager_fu\Voyager_Interstellar_Monthly\HighestPrecision_Segments\V1_MAG48s_segment_0965_20140514T070248_20140514T121713.png,ok,
1,966,2014-05-14 18:42:00,2014-05-14 21:07:37,2.42688027770996,182,47.52,96.7689997558594,7200,240,Z:\SPART-WORK\Data\Voyager\voyager1\mag\48s\reviewed_vim\2014\voyager1_48s_mag-vim_20140101_v01.cdf,C:\Users\Administrator\Documents\FWD_matlab\Voyager_fu\Voyager_Interstellar_Monthly\HighestPrecision_Segments\V1_MAG48s_segment_0966_20140514T184200_20140514T210737.png,ok,
1,967,2014-05-15 09:52:25,2014-05-15 14:45:12,4.87968027777778,365,47.52,143.424999755859,7200,240,Z:\SPART-WORK\Data\Voyager\voyager1\mag\48s\reviewed_vim\2014\voyager1_48s_mag-vim_20140101_v01.cdf,C:\Users\Administrator\Documents\FWD_matlab\Voyager_fu\Voyager_Interstellar_Monthly\HighestPrecision_Segments\V1_MAG48s_segment_0967_20140515T095225_20140515T144512.png,ok,
1,968,2014-05-16 09:07:37,2014-05-16 13:55:37,4.79999972222222,359,47.52,144.287000244141,7200,240,Z:\SPART-WORK\Data\Voyager\voyager1\mag\48s\reviewed_vim\2014\voyager1_48s_mag-vim_20140101_v01.cdf,C:\Users\Administrator\Documents\FWD_matlab\Voyager_fu\Voyager_Interstellar_Monthly\HighestPrecision_Segments\V1_MAG48s_segment_0968_20140516T090737_20140516T135537.png,ok,
1,969,2014-05-16 16:30:48,2014-05-16 21:20:25,4.82688,362,47.52,96.767,7200,240,Z:\SPART-WORK\Data\Voyager\voyager1\mag\48s\reviewed_vim\2014\voyager1_48s_mag-vim_20140101_v01.cdf,C:\Users\Administrator\Documents\FWD_matlab\Voyager_fu\Voyager_Interstellar_Monthly\HighestPrecision_Segments\V1_MAG48s_segment_0969_20140516T163048_20140516T212025.png,ok,
1,970,2014-05-17 02:14:49,2014-05-17 13:50:48,11.5996802777778,869,47.52,143.425,7200,240,Z:\SPART-WORK\Data\Voyager\voyager1\mag\48s\reviewed_vim\2014\voyager1_48s_mag-vim_20140101_v01.cdf,C:\Users\Administrator\Documents\FWD_matlab\Voyager_fu\Voyager_Interstellar_Monthly\HighestPrecision_Segments\V1_MAG48s_segment_0970_20140517T021449_20140517T135048.png,ok,
1,971,2014-05-17 16:32:25,2014-05-17 19:41:12,3.1464,235,47.52,145.152,7200,240,Z:\SPART-WORK\Data\Voyager\voyager1\mag\48s\reviewed_vim\2014\voyager1_48s_mag-vim_20140101_v01.cdf,C:\Users\Administrator\Documents\FWD_matlab\Voyager_fu\Voyager_Interstellar_Monthly\HighestPrecision_Segments\V1_MAG48s_segment_0971_20140517T163225_20140517T194112.png,ok,
1,972,2014-05-18 07:14:01,2014-05-18 20:12:24,12.9729597222222,971,47.52,191.808,7200,240,Z:\SPART-WORK\Data\Voyager\voyager1\mag\48s\reviewed_vim\2014\voyager1_48s_mag-vim_20140101_v01.cdf,C:\Users\Administrator\Documents\FWD_matlab\Voyager_fu\Voyager_Interstellar_Monthly\HighestPrecision_Segments\V1_MAG48s_segment_0972_20140518T071401_20140518T201224.png,ok,
1,973,2014-05-19 07:06:00,2014-05-19 15:35:36,8.49336027777778,612,47.52,1056.673,7200,240,Z:\SPART-WORK\Data\Voyager\voyager1\mag\48s\reviewed_vim\2014\voyager1_48s_mag-vim_20140101_v01.cdf,C:\Users\Administrator\Documents\FWD_matlab\Voyager_fu\Voyager_Interstellar_Monthly\HighestPrecision_Segments\V1_MAG48s_segment_0973_20140519T070600_20140519T153536.png,ok,
1,974,2014-05-20 05:15:37,2014-05-20 10:50:48,5.58648027777778,417,47.52,190.943,7200,240,Z:\SPART-WORK\Data\Voyager\voyager1\mag\48s\reviewed_vim\2014\voyager1_48s_mag-vim_20140101_v01.cdf,C:\Users\Administrator\Documents\FWD_matlab\Voyager_fu\Voyager_Interstellar_Monthly\HighestPrecision_Segments\V1_MAG48s_segment_0974_20140520T051537_20140520T105048.png,ok,
1,975,2014-05-20 12:58:00,2014-05-20 13:22:48,0.413520277777778,30,47.52,143.423000244141,7200,240,Z:\SPART-WORK\Data\Voyager\voyager1\mag\48s\reviewed_vim\2014\voyager1_48s_mag-vim_20140101_v01.cdf,C:\Users\Administrator\Documents\FWD_matlab\Voyager_fu\Voyager_Interstellar_Monthly\HighestPrecision_Segments\V1_MAG48s_segment_0975_20140520T125800_20140520T132248.png,ok,
1,976,2014-05-20 16:14:49,2014-05-20 17:01:13,0.77328,59,47.52,49.249,7200,240,Z:\SPART-WORK\Data\Voyager\voyager1\mag\48s\reviewed_vim\2014\voyager1_48s_mag-vim_20140101_v01.cdf,C:\Users\Administrator\Documents\FWD_matlab\Voyager_fu\Voyager_Interstellar_Monthly\HighestPrecision_Segments\V1_MAG48s_segment_0976_20140520T161449_20140520T170113.png,ok,
1,977,2014-05-21 06:48:24,2014-05-21 13:06:00,6.29327972222222,472,47.52,95.903,7200,240,Z:\SPART-WORK\Data\Voyager\voyager1\mag\48s\reviewed_vim\2014\voyager1_48s_mag-vim_20140101_v01.cdf,C:\Users\Administrator\Documents\FWD_matlab\Voyager_fu\Voyager_Interstellar_Monthly\HighestPrecision_Segments\V1_MAG48s_segment_0977_20140521T064824_20140521T130600.png,ok,
1,978,2014-05-21 18:50:00,2014-05-21 21:01:12,2.18664027777778,88,47.52,3696.19299975586,7200,240,Z:\SPART-WORK\Data\Voyager\voyager1\mag\48s\reviewed_vim\2014\voyager1_48s_mag-vim_20140101_v01.cdf,C:\Users\Administrator\Documents\FWD_matlab\Voyager_fu\Voyager_Interstellar_Monthly\HighestPrecision_Segments\V1_MAG48s_segment_0978_20140521T185000_20140521T210112.png,ok,
1,979,2014-05-22 08:42:00,2014-05-22 17:20:23,8.63999972222222,649,47.52,49.249,7200,240,Z:\SPART-WORK\Data\Voyager\voyager1\mag\48s\reviewed_vim\2014\voyager1_48s_mag-vim_20140101_v01.cdf,C:\Users\Administrator\Documents\FWD_matlab\Voyager_fu\Voyager_Interstellar_Monthly\HighestPrecision_Segments\V1_MAG48s_segment_0979_20140522T084200_20140522T172023.png,ok,
1,980,2014-05-23 04:51:36,2014-05-23 13:26:49,8.58672027770996,643,47.52,144.288999755859,7200,240,Z:\SPART-WORK\Data\Voyager\voyager1\mag\48s\reviewed_vim\2014\voyager1_48s_mag-vim_20140101_v01.cdf,C:\Users\Administrator\Documents\FWD_matlab\Voyager_fu\Voyager_Interstellar_Monthly\HighestPrecision_Segments\V1_MAG48s_segment_0980_20140523T045136_20140523T132649.png,ok,
1,981,2014-05-23 16:19:36,2014-05-23 18:46:00,2.44007972222222,182,47.52,143.424999755859,7200,240,Z:\SPART-WORK\Data\Voyager\voyager1\mag\48s\reviewed_vim\2014\voyager1_48s_mag-vim_20140101_v01.cdf,C:\Users\Administrator\Documents\FWD_matlab\Voyager_fu\Voyager_Interstellar_Monthly\HighestPrecision_Segments\V1_MAG48s_segment_0981_20140523T161936_20140523T184600.png,ok,
1,982,2014-05-24 01:54:01,2014-05-24 13:22:48,11.47992,844,47.52,768.959000244141,7200,240,Z:\SPART-WORK\Data\Voyager\voyager1\mag\48s\reviewed_vim\2014\voyager1_48s_mag-vim_20140101_v01.cdf,C:\Users\Administrator\Documents\FWD_matlab\Voyager_fu\Voyager_Interstellar_Monthly\HighestPrecision_Segments\V1_MAG48s_segment_0982_20140524T015401_20140524T132248.png,ok,
1,983,2014-05-25 04:34:01,2014-05-25 12:05:12,7.51992,562,47.52,190.945,7200,240,Z:\SPART-WORK\Data\Voyager\voyager1\mag\48s\reviewed_vim\2014\voyager1_48s_mag-vim_20140101_v01.cdf,C:\Users\Administrator\Documents\FWD_matlab\Voyager_fu\Voyager_Interstellar_Monthly\HighestPrecision_Segments\V1_MAG48s_segment_0983_20140525T043401_20140525T120512.png,ok,
1,984,2014-05-25 14:17:13,2014-05-25 18:20:25,4.05336,302,47.52,192.672,7200,240,Z:\SPART-WORK\Data\Voyager\voyager1\mag\48s\reviewed_vim\2014\voyager1_48s_mag-vim_20140101_v01.cdf,C:\Users\Administrator\Documents\FWD_matlab\Voyager_fu\Voyager_Interstellar_Monthly\HighestPrecision_Segments\V1_MAG48s_segment_0984_20140525T141713_20140525T182025.png,ok,
1,985,2014-05-26 08:27:36,2014-05-26 11:50:48,3.38663999993218,254,47.52,95.9049997558594,7200,240,Z:\SPART-WORK\Data\Voyager\voyager1\mag\48s\reviewed_vim\2014\voyager1_48s_mag-vim_20140101_v01.cdf,C:\Users\Administrator\Documents\FWD_matlab\Voyager_fu\Voyager_Interstellar_Monthly\HighestPrecision_Segments\V1_MAG48s_segment_0985_20140526T082736_20140526T115048.png,ok,
1,986,2014-05-26 14:30:49,2014-05-26 20:25:13,5.90664027777778,444,47.52,49.249,7200,240,Z:\SPART-WORK\Data\Voyager\voyager1\mag\48s\reviewed_vim\2014\voyager1_48s_mag-vim_20140101_v01.cdf,C:\Users\Administrator\Documents\FWD_matlab\Voyager_fu\Voyager_Interstellar_Monthly\HighestPrecision_Segments\V1_MAG48s_segment_0986_20140526T143049_20140526T202513.png,ok,
1,987,2014-05-27 14:18:00,2014-05-27 19:35:36,5.2932,398,47.52,49.249,7200,240,Z:\SPART-WORK\Data\Voyager\voyager1\mag\48s\reviewed_vim\2014\voyager1_48s_mag-vim_20140101_v01.cdf,C:\Users\Administrator\Documents\FWD_matlab\Voyager_fu\Voyager_Interstellar_Monthly\HighestPrecision_Segments\V1_MAG48s_segment_0987_20140527T141800_20140527T193536.png,ok,
1,988,2014-05-28 13:22:01,2014-05-28 18:11:37,4.82664,360,47.52,192.672,7200,240,Z:\SPART-WORK\Data\Voyager\voyager1\mag\48s\reviewed_vim\2014\voyager1_48s_mag-vim_20140101_v01.cdf,C:\Users\Administrator\Documents\FWD_matlab\Voyager_fu\Voyager_Interstellar_Monthly\HighestPrecision_Segments\V1_MAG48s_segment_0988_20140528T132201_20140528T181137.png,ok,
1,989,2014-05-29 08:02:00,2014-05-29 12:46:00,4.73327972222222,353,47.52,190.944999755859,7200,240,Z:\SPART-WORK\Data\Voyager\voyager1\mag\48s\reviewed_vim\2014\voyager1_48s_mag-vim_20140101_v01.cdf,C:\Users\Administrator\Documents\FWD_matlab\Voyager_fu\Voyager_Interstellar_Monthly\HighestPrecision_Segments\V1_MAG48s_segment_0989_20140529T080200_20140529T124600.png,ok,
1,990,2014-05-29 16:18:00,2014-05-29 20:05:13,3.78696027770996,282,47.52,192.672,7200,240,Z:\SPART-WORK\Data\Voyager\voyager1\mag\48s\reviewed_vim\2014\voyager1_48s_mag-vim_20140101_v01.cdf,C:\Users\Administrator\Documents\FWD_matlab\Voyager_fu\Voyager_Interstellar_Monthly\HighestPrecision_Segments\V1_MAG48s_segment_0990_20140529T161800_20140529T200513.png,ok,
1,991,2014-05-30 12:02:00,2014-05-31 01:15:36,13.2266402777778,850,47.52,5760.28700024414,7200,240,Z:\SPART-WORK\Data\Voyager\voyager1\mag\48s\reviewed_vim\2014\voyager1_48s_mag-vim_20140101_v01.cdf,C:\Users\Administrator\Documents\FWD_matlab\Voyager_fu\Voyager_Interstellar_Monthly\HighestPrecision_Segments\V1_MAG48s_segment_0991_20140530T120200_20140531T011536.png,ok,
1,992,2014-05-31 07:55:37,2014-05-31 11:54:48,3.98664,297,47.52,192.672,7200,240,Z:\SPART-WORK\Data\Voyager\voyager1\mag\48s\reviewed_vim\2014\voyager1_48s_mag-vim_20140101_v01.cdf,C:\Users\Administrator\Documents\FWD_matlab\Voyager_fu\Voyager_Interstellar_Monthly\HighestPrecision_Segments\V1_MAG48s_segment_0992_20140531T075537_20140531T115448.png,ok,
1,993,2014-05-31 14:18:00,2014-05-31 18:25:12,4.11984,310,47.52,49.249,7200,240,Z:\SPART-WORK\Data\Voyager\voyager1\mag\48s\reviewed_vim\2014\voyager1_48s_mag-vim_20140101_v01.cdf,C:\Users\Administrator\Documents\FWD_matlab\Voyager_fu\Voyager_Interstellar_Monthly\HighestPrecision_Segments\V1_MAG48s_segment_0993_20140531T141800_20140531T182512.png,ok,
1,994,2014-06-01 04:53:11,2014-06-01 18:25:12,13.5333602777778,1013,47.52,191.808,7200,240,Z:\SPART-WORK\Data\Voyager\voyager1\mag\48s\reviewed_vim\2014\voyager1_48s_mag-vim_20140101_v01.cdf,C:\Users\Administrator\Documents\FWD_matlab\Voyager_fu\Voyager_Interstellar_Monthly\HighestPrecision_Segments\V1_MAG48s_segment_0994_20140601T045311_20140601T182512.png,ok,
1,995,2014-06-02 08:00:24,2014-06-02 12:44:24,4.73328027777778,356,47.52,49.249,7200,240,Z:\SPART-WORK\Data\Voyager\voyager1\mag\48s\reviewed_vim\2014\voyager1_48s_mag-vim_20140101_v01.cdf,C:\Users\Administrator\Documents\FWD_matlab\Voyager_fu\Voyager_Interstellar_Monthly\HighestPrecision_Segments\V1_MAG48s_segment_0995_20140602T080024_20140602T124424.png,ok,
1,996,2014-06-02 15:50:49,2014-06-02 23:14:47,7.39968,389,47.52,6671.809,7200,240,Z:\SPART-WORK\Data\Voyager\voyager1\mag\48s\reviewed_vim\2014\voyager1_48s_mag-vim_20140101_v01.cdf,C:\Users\Administrator\Documents\FWD_matlab\Voyager_fu\Voyager_Interstellar_Monthly\HighestPrecision_Segments\V1_MAG48s_segment_0996_20140602T155049_20140602T231447.png,ok,
1,997,2014-06-03 13:50:48,2014-06-03 19:54:48,6.06672,455,47.52,95.9030002441406,7200,240,Z:\SPART-WORK\Data\Voyager\voyager1\mag\48s\reviewed_vim\2014\voyager1_48s_mag-vim_20140101_v01.cdf,C:\Users\Administrator\Documents\FWD_matlab\Voyager_fu\Voyager_Interstellar_Monthly\HighestPrecision_Segments\V1_MAG48s_segment_0997_20140603T135048_20140603T195448.png,ok,
1,998,2014-06-04 07:57:12,2014-06-04 19:14:00,11.28,708,47.52,6624.289,7200,240,Z:\SPART-WORK\Data\Voyager\voyager1\mag\48s\reviewed_vim\2014\voyager1_48s_mag-vim_20140101_v01.cdf,C:\Users\Administrator\Documents\FWD_matlab\Voyager_fu\Voyager_Interstellar_Monthly\HighestPrecision_Segments\V1_MAG48s_segment_0998_20140604T075712_20140604T191400.png,ok,
1,999,2014-06-05 07:47:37,2014-06-05 09:29:13,1.6932,128,47.52,49.249,7200,240,Z:\SPART-WORK\Data\Voyager\voyager1\mag\48s\reviewed_vim\2014\voyager1_48s_mag-vim_20140101_v01.cdf,C:\Users\Administrator\Documents\FWD_matlab\Voyager_fu\Voyager_Interstellar_Monthly\HighestPrecision_Segments\V1_MAG48s_segment_0999_20140605T074737_20140605T092913.png,ok,
1,1000,2014-06-05 15:25:12,2014-06-05 19:00:24,3.5868,249,47.52,672.192,7200,240,Z:\SPART-WORK\Data\Voyager\voyager1\mag\48s\reviewed_vim\2014\voyager1_48s_mag-vim_20140101_v01.cdf,C:\Users\Administrator\Documents\FWD_matlab\Voyager_fu\Voyager_Interstellar_Monthly\HighestPrecision_Segments\V1_MAG48s_segment_1000_20140605T152512_20140605T190024.png,ok,
1,1001,2014-06-06 06:53:13,2014-06-06 10:58:48,4.09296027770996,306,47.52,143.424999755859,7200,240,Z:\SPART-WORK\Data\Voyager\voyager1\mag\48s\reviewed_vim\2014\voyager1_48s_mag-vim_20140101_v01.cdf,C:\Users\Administrator\Documents\FWD_matlab\Voyager_fu\Voyager_Interstellar_Monthly\HighestPrecision_Segments\V1_MAG48s_segment_1001_20140606T065313_20140606T105848.png,ok,
1,1002,2014-06-07 09:17:12,2014-06-07 17:15:37,7.97351972222222,526,47.52,2064.096,7200,240,Z:\SPART-WORK\Data\Voyager\voyager1\mag\48s\reviewed_vim\2014\voyager1_48s_mag-vim_20140101_v01.cdf,C:\Users\Administrator\Documents\FWD_matlab\Voyager_fu\Voyager_Interstellar_Monthly\HighestPrecision_Segments\V1_MAG48s_segment_1002_20140607T091712_20140607T171537.png,ok,
1,1003,2014-06-08 01:09:13,2014-06-08 09:04:25,7.92000027777778,592,47.52,190.943,7200,240,Z:\SPART-WORK\Data\Voyager\voyager1\mag\48s\reviewed_vim\2014\voyager1_48s_mag-vim_20140101_v01.cdf,C:\Users\Administrator\Documents\FWD_matlab\Voyager_fu\Voyager_Interstellar_Monthly\HighestPrecision_Segments\V1_MAG48s_segment_1003_20140608T010913_20140608T090425.png,ok,
1,1004,2014-06-08 12:16:24,2014-06-08 17:18:49,5.04023972222222,377,47.52,145.152,7200,240,Z:\SPART-WORK\Data\Voyager\voyager1\mag\48s\reviewed_vim\2014\voyager1_48s_mag-vim_20140101_v01.cdf,C:\Users\Administrator\Documents\FWD_matlab\Voyager_fu\Voyager_Interstellar_Monthly\HighestPrecision_Segments\V1_MAG48s_segment_1004_20140608T121624_20140608T171849.png,ok,
1,1005,2014-06-08 22:14:49,2014-06-08 23:01:13,0.77328,59,47.52,49.249,7200,240,Z:\SPART-WORK\Data\Voyager\voyager1\mag\48s\reviewed_vim\2014\voyager1_48s_mag-vim_20140101_v01.cdf,C:\Users\Administrator\Documents\FWD_matlab\Voyager_fu\Voyager_Interstellar_Monthly\HighestPrecision_Segments\V1_MAG48s_segment_1005_20140608T221449_20140608T230113.png,ok,
1,1006,2014-06-09 15:36:24,2014-06-09 19:43:37,4.12031972229004,307,47.52,192.672,7200,240,Z:\SPART-WORK\Data\Voyager\voyager1\mag\48s\reviewed_vim\2014\voyager1_48s_mag-vim_20140101_v01.cdf,C:\Users\Administrator\Documents\FWD_matlab\Voyager_fu\Voyager_Interstellar_Monthly\HighestPrecision_Segments\V1_MAG48s_segment_1006_20140609T153624_20140609T194337.png,ok,
1,1007,2014-06-10 06:19:37,2014-06-10 12:18:48,5.98631972229004,447,47.52,192.672,7200,240,Z:\SPART-WORK\Data\Voyager\voyager1\mag\48s\reviewed_vim\2014\voyager1_48s_mag-vim_20140101_v01.cdf,C:\Users\Administrator\Documents\FWD_matlab\Voyager_fu\Voyager_Interstellar_Monthly\HighestPrecision_Segments\V1_MAG48s_segment_1007_20140610T061937_20140610T121848.png,ok,
1,1008,2014-06-10 14:35:36,2014-06-10 19:38:48,5.05344027770996,372,47.52,336.097,7200,240,Z:\SPART-WORK\Data\Voyager\voyager1\mag\48s\reviewed_vim\2014\voyager1_48s_mag-vim_20140101_v01.cdf,C:\Users\Administrator\Documents\FWD_matlab\Voyager_fu\Voyager_Interstellar_Monthly\HighestPrecision_Segments\V1_MAG48s_segment_1008_20140610T143536_20140610T193848.png,ok,
1,1009,2014-06-11 07:15:36,2014-06-11 18:44:24,11.47992,801,47.52,2928.095,7200,240,Z:\SPART-WORK\Data\Voyager\voyager1\mag\48s\reviewed_vim\2014\voyager1_48s_mag-vim_20140101_v01.cdf,C:\Users\Administrator\Documents\FWD_matlab\Voyager_fu\Voyager_Interstellar_Monthly\HighestPrecision_Segments\V1_MAG48s_segment_1009_20140611T071536_20140611T184424.png,ok,
1,1010,2014-06-12 07:06:00,2014-06-12 16:18:48,9.21336027777778,692,47.52,49.249,7200,240,Z:\SPART-WORK\Data\Voyager\voyager1\mag\48s\reviewed_vim\2014\voyager1_48s_mag-vim_20140101_v01.cdf,C:\Users\Administrator\Documents\FWD_matlab\Voyager_fu\Voyager_Interstellar_Monthly\HighestPrecision_Segments\V1_MAG48s_segment_1010_20140612T070600_20140612T161848.png,ok,
1,1011,2014-06-13 07:33:12,2014-06-13 19:29:12,11.93328,813,47.52,3695.327,7200,240,Z:\SPART-WORK\Data\Voyager\voyager1\mag\48s\reviewed_vim\2014\voyager1_48s_mag-vim_20140101_v01.cdf,C:\Users\Administrator\Documents\FWD_matlab\Voyager_fu\Voyager_Interstellar_Monthly\HighestPrecision_Segments\V1_MAG48s_segment_1011_20140613T073312_20140613T192912.png,ok,
1,1012,2014-06-14 00:18:00,2014-06-14 03:14:01,2.93351999993218,220,47.52,96.7689997558594,7200,240,Z:\SPART-WORK\Data\Voyager\voyager1\mag\48s\reviewed_vim\2014\voyager1_48s_mag-vim_20140101_v01.cdf,C:\Users\Administrator\Documents\FWD_matlab\Voyager_fu\Voyager_Interstellar_Monthly\HighestPrecision_Segments\V1_MAG48s_segment_1012_20140614T001800_20140614T031401.png,ok,
1,1013,2014-06-14 06:46:47,2014-06-14 10:48:25,4.02696,303,47.52,49.249,7200,240,Z:\SPART-WORK\Data\Voyager\voyager1\mag\48s\reviewed_vim\2014\voyager1_48s_mag-vim_20140101_v01.cdf,C:\Users\Administrator\Documents\FWD_matlab\Voyager_fu\Voyager_Interstellar_Monthly\HighestPrecision_Segments\V1_MAG48s_segment_1013_20140614T064647_20140614T104825.png,ok,
1,1014,2014-06-14 15:09:12,2014-06-14 18:18:00,3.14687972229004,235,47.52,143.424999755859,7200,240,Z:\SPART-WORK\Data\Voyager\voyager1\mag\48s\reviewed_vim\2014\voyager1_48s_mag-vim_20140101_v01.cdf,C:\Users\Administrator\Documents\FWD_matlab\Voyager_fu\Voyager_Interstellar_Monthly\HighestPrecision_Segments\V1_MAG48s_segment_1014_20140614T150912_20140614T181800.png,ok,
1,1015,2014-06-15 02:08:24,2014-06-15 18:18:48,16.17336,969,47.52,6721.056,7200,240,Z:\SPART-WORK\Data\Voyager\voyager1\mag\48s\reviewed_vim\2014\voyager1_48s_mag-vim_20140101_v01.cdf,C:\Users\Administrator\Documents\FWD_matlab\Voyager_fu\Voyager_Interstellar_Monthly\HighestPrecision_Segments\V1_MAG48s_segment_1015_20140615T020824_20140615T181848.png,ok,
1,1016,2014-06-16 06:56:24,2014-06-16 11:23:36,4.45343972222222,335,47.52,49.249,7200,240,Z:\SPART-WORK\Data\Voyager\voyager1\mag\48s\reviewed_vim\2014\voyager1_48s_mag-vim_20140101_v01.cdf,C:\Users\Administrator\Documents\FWD_matlab\Voyager_fu\Voyager_Interstellar_Monthly\HighestPrecision_Segments\V1_MAG48s_segment_1016_20140616T065624_20140616T112336.png,ok,
1,1017,2014-06-17 01:57:12,2014-06-17 11:53:59,9.94656027777778,742,47.52,240.192000244141,7200,240,Z:\SPART-WORK\Data\Voyager\voyager1\mag\48s\reviewed_vim\2014\voyager1_48s_mag-vim_20140101_v01.cdf,C:\Users\Administrator\Documents\FWD_matlab\Voyager_fu\Voyager_Interstellar_Monthly\HighestPrecision_Segments\V1_MAG48s_segment_1017_20140617T015712_20140617T115359.png,ok,
1,1018,2014-06-17 14:39:36,2014-06-17 19:13:12,4.56,343,47.52,49.249,7200,240,Z:\SPART-WORK\Data\Voyager\voyager1\mag\48s\reviewed_vim\2014\voyager1_48s_mag-vim_20140101_v01.cdf,C:\Users\Administrator\Documents\FWD_matlab\Voyager_fu\Voyager_Interstellar_Monthly\HighestPrecision_Segments\V1_MAG48s_segment_1018_20140617T143936_20140617T191312.png,ok,
1,1019,2014-06-18 07:09:13,2014-06-18 10:28:24,3.31992,248,47.52,144.288,7200,240,Z:\SPART-WORK\Data\Voyager\voyager1\mag\48s\reviewed_vim\2014\voyager1_48s_mag-vim_20140101_v01.cdf,C:\Users\Administrator\Documents\FWD_matlab\Voyager_fu\Voyager_Interstellar_Monthly\HighestPrecision_Segments\V1_MAG48s_segment_1019_20140618T070913_20140618T102824.png,ok,
1,1020,2014-06-18 12:59:36,2014-06-18 17:13:12,4.22664,315,47.52,190.944999755859,7200,240,Z:\SPART-WORK\Data\Voyager\voyager1\mag\48s\reviewed_vim\2014\voyager1_48s_mag-vim_20140101_v01.cdf,C:\Users\Administrator\Documents\FWD_matlab\Voyager_fu\Voyager_Interstellar_Monthly\HighestPrecision_Segments\V1_MAG48s_segment_1020_20140618T125936_20140618T171312.png,ok,
1,1021,2014-06-19 07:01:12,2014-06-19 11:53:13,4.86672027770996,365,47.52,95.9049997558594,7200,240,Z:\SPART-WORK\Data\Voyager\voyager1\mag\48s\reviewed_vim\2014\voyager1_48s_mag-vim_20140101_v01.cdf,C:\Users\Administrator\Documents\FWD_matlab\Voyager_fu\Voyager_Interstellar_Monthly\HighestPrecision_Segments\V1_MAG48s_segment_1021_20140619T070112_20140619T115313.png,ok,
1,1022,2014-06-19 14:42:00,2014-06-19 17:03:37,2.36039972229004,177,47.52,96.767,7200,240,Z:\SPART-WORK\Data\Voyager\voyager1\mag\48s\reviewed_vim\2014\voyager1_48s_mag-vim_20140101_v01.cdf,C:\Users\Administrator\Documents\FWD_matlab\Voyager_fu\Voyager_Interstellar_Monthly\HighestPrecision_Segments\V1_MAG48s_segment_1022_20140619T144200_20140619T170337.png,ok,
1,1023,2014-06-20 05:10:48,2014-06-20 11:33:12,6.37344027777778,477,47.52,143.425,7200,240,Z:\SPART-WORK\Data\Voyager\voyager1\mag\48s\reviewed_vim\2014\voyager1_48s_mag-vim_20140101_v01.cdf,C:\Users\Administrator\Documents\FWD_matlab\Voyager_fu\Voyager_Interstellar_Monthly\HighestPrecision_Segments\V1_MAG48s_segment_1023_20140620T051048_20140620T113312.png,ok,
1,1024,2014-06-20 14:08:24,2014-06-20 19:04:23,4.93320027770996,368,47.52,145.151999755859,7200,240,Z:\SPART-WORK\Data\Voyager\voyager1\mag\48s\reviewed_vim\2014\voyager1_48s_mag-vim_20140101_v01.cdf,C:\Users\Administrator\Documents\FWD_matlab\Voyager_fu\Voyager_Interstellar_Monthly\HighestPrecision_Segments\V1_MAG48s_segment_1024_20140620T140824_20140620T190423.png,ok,
1,1025,2014-06-21 00:02:00,2014-06-21 06:13:12,6.18672027777778,457,47.52,239.327999755859,7200,240,Z:\SPART-WORK\Data\Voyager\voyager1\mag\48s\reviewed_vim\2014\voyager1_48s_mag-vim_20140101_v01.cdf,C:\Users\Administrator\Documents\FWD_matlab\Voyager_fu\Voyager_Interstellar_Monthly\HighestPrecision_Segments\V1_MAG48s_segment_1025_20140621T000200_20140621T061312.png,ok,
1,1026,2014-06-21 14:19:36,2014-06-21 18:58:00,4.63992,346,47.52,190.943,7200,240,Z:\SPART-WORK\Data\Voyager\voyager1\mag\48s\reviewed_vim\2014\voyager1_48s_mag-vim_20140101_v01.cdf,C:\Users\Administrator\Documents\FWD_matlab\Voyager_fu\Voyager_Interstellar_Monthly\HighestPrecision_Segments\V1_MAG48s_segment_1026_20140621T141936_20140621T185800.png,ok,
1,1027,2014-06-22 00:02:00,2014-06-22 14:18:00,14.2668002777778,1063,47.52,336.096999755859,7200,240,Z:\SPART-WORK\Data\Voyager\voyager1\mag\48s\reviewed_vim\2014\voyager1_48s_mag-vim_20140101_v01.cdf,C:\Users\Administrator\Documents\FWD_matlab\Voyager_fu\Voyager_Interstellar_Monthly\HighestPrecision_Segments\V1_MAG48s_segment_1027_20140622T000200_20140622T141800.png,ok,
1,1028,2014-06-23 06:14:48,2014-06-23 17:34:00,11.3200802777778,641,47.52,4174.84700024414,7200,240,Z:\SPART-WORK\Data\Voyager\voyager1\mag\48s\reviewed_vim\2014\voyager1_48s_mag-vim_20140101_v01.cdf,C:\Users\Administrator\Documents\FWD_matlab\Voyager_fu\Voyager_Interstellar_Monthly\HighestPrecision_Segments\V1_MAG48s_segment_1028_20140623T061448_20140623T173400.png,ok,
1,1029,2014-06-24 06:19:35,2014-06-24 10:12:24,3.88008,290,47.52,95.905,7200,240,Z:\SPART-WORK\Data\Voyager\voyager1\mag\48s\reviewed_vim\2014\voyager1_48s_mag-vim_20140101_v01.cdf,C:\Users\Administrator\Documents\FWD_matlab\Voyager_fu\Voyager_Interstellar_Monthly\HighestPrecision_Segments\V1_MAG48s_segment_1029_20140624T061935_20140624T101224.png,ok,
1,1030,2014-06-24 16:09:59,2014-06-24 17:42:00,1.53336027777778,114,47.52,143.423,7200,240,Z:\SPART-WORK\Data\Voyager\voyager1\mag\48s\reviewed_vim\2014\voyager1_48s_mag-vim_20140101_v01.cdf,C:\Users\Administrator\Documents\FWD_matlab\Voyager_fu\Voyager_Interstellar_Monthly\HighestPrecision_Segments\V1_MAG48s_segment_1030_20140624T160959_20140624T174200.png,ok,
1,1031,2014-06-25 05:38:00,2014-06-25 09:46:47,4.14647972222222,235,47.5200002441406,2831.328,7200,240,Z:\SPART-WORK\Data\Voyager\voyager1\mag\48s\reviewed_vim\2014\voyager1_48s_mag-vim_20140101_v01.cdf,C:\Users\Administrator\Documents\FWD_matlab\Voyager_fu\Voyager_Interstellar_Monthly\HighestPrecision_Segments\V1_MAG48s_segment_1031_20140625T053800_20140625T094647.png,ok,
1,1032,2014-06-26 05:49:12,2014-06-26 10:04:23,4.25304,318,47.52,143.424,7200,240,Z:\SPART-WORK\Data\Voyager\voyager1\mag\48s\reviewed_vim\2014\voyager1_48s_mag-vim_20140101_v01.cdf,C:\Users\Administrator\Documents\FWD_matlab\Voyager_fu\Voyager_Interstellar_Monthly\HighestPrecision_Segments\V1_MAG48s_segment_1032_20140626T054912_20140626T100423.png,ok,
1,1033,2014-06-26 15:50:48,2014-06-26 17:33:12,1.70688,126,47.5200002441406,96.769,7200,240,Z:\SPART-WORK\Data\Voyager\voyager1\mag\48s\reviewed_vim\2014\voyager1_48s_mag-vim_20140101_v01.cdf,C:\Users\Administrator\Documents\FWD_matlab\Voyager_fu\Voyager_Interstellar_Monthly\HighestPrecision_Segments\V1_MAG48s_segment_1033_20140626T155048_20140626T173312.png,ok,
1,1034,2014-06-27 05:22:00,2014-06-27 09:57:12,4.58663972222222,344,47.5200002441406,95.903,7200,240,Z:\SPART-WORK\Data\Voyager\voyager1\mag\48s\reviewed_vim\2014\voyager1_48s_mag-vim_20140101_v01.cdf,C:\Users\Administrator\Documents\FWD_matlab\Voyager_fu\Voyager_Interstellar_Monthly\HighestPrecision_Segments\V1_MAG48s_segment_1034_20140627T052200_20140627T095712.png,ok,
1,1035,2014-06-27 12:13:12,2014-06-27 18:33:12,6.33335972229004,476,47.5200002441406,49.249,7200,240,Z:\SPART-WORK\Data\Voyager\voyager1\mag\48s\reviewed_vim\2014\voyager1_48s_mag-vim_20140101_v01.cdf,C:\Users\Administrator\Documents\FWD_matlab\Voyager_fu\Voyager_Interstellar_Monthly\HighestPrecision_Segments\V1_MAG48s_segment_1035_20140627T121312_20140627T183312.png,ok,
1,1036,2014-06-27 23:28:24,2014-06-28 11:02:48,11.57328027771,861,47.5200002441406,432.864,7200,240,Z:\SPART-WORK\Data\Voyager\voyager1\mag\48s\reviewed_vim\2014\voyager1_48s_mag-vim_20140101_v01.cdf,C:\Users\Administrator\Documents\FWD_matlab\Voyager_fu\Voyager_Interstellar_Monthly\HighestPrecision_Segments\V1_MAG48s_segment_1036_20140627T232824_20140628T110248.png,ok,
1,1037,2014-06-29 03:10:48,2014-06-29 03:40:24,0.493200277709961,37,47.5205001220703,95.9049997558594,7200,240,Z:\SPART-WORK\Data\Voyager\voyager1\mag\48s\reviewed_vim\2014\voyager1_48s_mag-vim_20140101_v01.cdf,C:\Users\Administrator\Documents\FWD_matlab\Voyager_fu\Voyager_Interstellar_Monthly\HighestPrecision_Segments\V1_MAG48s_segment_1037_20140629T031048_20140629T034024.png,ok,
1,1038,2014-06-29 13:15:36,2014-06-29 16:25:59,3.17303972229004,238,47.5200002441406,95.903,7200,240,Z:\SPART-WORK\Data\Voyager\voyager1\mag\48s\reviewed_vim\2014\voyager1_48s_mag-vim_20140101_v01.cdf,C:\Users\Administrator\Documents\FWD_matlab\Voyager_fu\Voyager_Interstellar_Monthly\HighestPrecision_Segments\V1_MAG48s_segment_1038_20140629T131536_20140629T162559.png,ok,
1,1039,2014-06-30 04:38:48,2014-06-30 10:56:24,6.29327972222222,473,47.5209997558594,49.249,7200,240,Z:\SPART-WORK\Data\Voyager\voyager1\mag\48s\reviewed_vim\2014\voyager1_48s_mag-vim_20140101_v01.cdf,C:\Users\Administrator\Documents\FWD_matlab\Voyager_fu\Voyager_Interstellar_Monthly\HighestPrecision_Segments\V1_MAG48s_segment_1039_20140630T043848_20140630T105624.png,ok,
1,1040,2014-06-30 23:46:00,2014-07-01 03:01:12,3.25344,242,47.5209997558594,192.672,7200,240,Z:\SPART-WORK\Data\Voyager\voyager1\mag\48s\reviewed_vim\2014\voyager1_48s_mag-vim_20140101_v01.cdf,C:\Users\Administrator\Documents\FWD_matlab\Voyager_fu\Voyager_Interstellar_Monthly\HighestPrecision_Segments\V1_MAG48s_segment_1040_20140630T234600_20140701T030112.png,ok,
1,1041,2014-07-01 11:12:24,2014-07-01 18:16:24,7.06680027777778,531,47.5209997558594,49.249,7200,240,Z:\SPART-WORK\Data\Voyager\voyager1\mag\48s\reviewed_vim\2014\voyager1_48s_mag-vim_20140101_v01.cdf,C:\Users\Administrator\Documents\FWD_matlab\Voyager_fu\Voyager_Interstellar_Monthly\HighestPrecision_Segments\V1_MAG48s_segment_1041_20140701T111224_20140701T181624.png,ok,
1,1042,2014-07-02 04:27:36,2014-07-02 10:45:59,6.30648,471,47.5209997558594,192.672,7200,240,Z:\SPART-WORK\Data\Voyager\voyager1\mag\48s\reviewed_vim\2014\voyager1_48s_mag-vim_20140101_v01.cdf,C:\Users\Administrator\Documents\FWD_matlab\Voyager_fu\Voyager_Interstellar_Monthly\HighestPrecision_Segments\V1_MAG48s_segment_1042_20140702T042736_20140702T104559.png,ok,
1,1043,2014-07-02 16:58:00,2014-07-02 18:06:00,1.13327972229004,86,47.5200002441406,49.249,7200,240,Z:\SPART-WORK\Data\Voyager\voyager1\mag\48s\reviewed_vim\2014\voyager1_48s_mag-vim_20140101_v01.cdf,C:\Users\Administrator\Documents\FWD_matlab\Voyager_fu\Voyager_Interstellar_Monthly\HighestPrecision_Segments\V1_MAG48s_segment_1043_20140702T165800_20140702T180600.png,ok,
1,1044,2014-07-03 06:11:36,2014-07-03 18:01:12,11.82672,847,47.5209997558594,1776.384,7200,240,Z:\SPART-WORK\Data\Voyager\voyager1\mag\48s\reviewed_vim\2014\voyager1_48s_mag-vim_20140101_v01.cdf,C:\Users\Administrator\Documents\FWD_matlab\Voyager_fu\Voyager_Interstellar_Monthly\HighestPrecision_Segments\V1_MAG48s_segment_1044_20140703T061136_20140703T180112.png,ok,
1,1045,2014-07-04 05:47:36,2014-07-04 09:50:48,4.05336027777778,304,47.5209997558594,96.769,7200,240,Z:\SPART-WORK\Data\Voyager\voyager1\mag\48s\reviewed_vim\2014\voyager1_48s_mag-vim_20140101_v01.cdf,C:\Users\Administrator\Documents\FWD_matlab\Voyager_fu\Voyager_Interstellar_Monthly\HighestPrecision_Segments\V1_MAG48s_segment_1045_20140704T054736_20140704T095048.png,ok,
1,1046,2014-07-04 14:14:47,2014-07-04 17:02:48,2.80008,162,47.521,1055.809,7200,240,Z:\SPART-WORK\Data\Voyager\voyager1\mag\48s\reviewed_vim\2014\voyager1_48s_mag-vim_20140101_v01.cdf,C:\Users\Administrator\Documents\FWD_matlab\Voyager_fu\Voyager_Interstellar_Monthly\HighestPrecision_Segments\V1_MAG48s_segment_1046_20140704T141447_20140704T170248.png,ok,
1,1047,2014-07-05 04:14:47,2014-07-05 18:01:12,13.7736,1026,47.521,289.439,7200,240,Z:\SPART-WORK\Data\Voyager\voyager1\mag\48s\reviewed_vim\2014\voyager1_48s_mag-vim_20140101_v01.cdf,C:\Users\Administrator\Documents\FWD_matlab\Voyager_fu\Voyager_Interstellar_Monthly\HighestPrecision_Segments\V1_MAG48s_segment_1047_20140705T041447_20140705T180112.png,ok,
1,1048,2014-07-06 01:09:13,2014-07-06 10:31:35,9.37296027777778,703,47.521,94.177,7200,240,Z:\SPART-WORK\Data\Voyager\voyager1\mag\48s\reviewed_vim\2014\voyager1_48s_mag-vim_20140101_v01.cdf,C:\Users\Administrator\Documents\FWD_matlab\Voyager_fu\Voyager_Interstellar_Monthly\HighestPrecision_Segments\V1_MAG48s_segment_1048_20140706T010913_20140706T103135.png,ok,
1,1049,2014-07-07 02:46:47,2014-07-07 10:21:12,7.57368,569,47.521,49.249,7200,240,Z:\SPART-WORK\Data\Voyager\voyager1\mag\48s\reviewed_vim\2014\voyager1_48s_mag-vim_20140101_v01.cdf,C:\Users\Administrator\Documents\FWD_matlab\Voyager_fu\Voyager_Interstellar_Monthly\HighestPrecision_Segments\V1_MAG48s_segment_1049_20140707T024647_20140707T102112.png,ok,
1,1050,2014-07-07 23:06:00,2014-07-08 09:00:23,9.90624,679,47.521,2928.095,7200,240,Z:\SPART-WORK\Data\Voyager\voyager1\mag\48s\reviewed_vim\2014\voyager1_48s_mag-vim_20140101_v01.cdf,C:\Users\Administrator\Documents\FWD_matlab\Voyager_fu\Voyager_Interstellar_Monthly\HighestPrecision_Segments\V1_MAG48s_segment_1050_20140707T230600_20140708T090023.png,ok,
1,1051,2014-07-08 14:29:11,2014-07-08 15:54:00,1.41359972229004,82,47.521,910.656,7200,240,Z:\SPART-WORK\Data\Voyager\voyager1\mag\48s\reviewed_vim\2014\voyager1_48s_mag-vim_20140101_v01.cdf,C:\Users\Administrator\Documents\FWD_matlab\Voyager_fu\Voyager_Interstellar_Monthly\HighestPrecision_Segments\V1_MAG48s_segment_1051_20140708T142911_20140708T155400.png,ok,
1,1052,2014-07-09 01:12:24,2014-07-09 05:55:36,4.72008,352,47.521,192.672,7200,240,Z:\SPART-WORK\Data\Voyager\voyager1\mag\48s\reviewed_vim\2014\voyager1_48s_mag-vim_20140101_v01.cdf,C:\Users\Administrator\Documents\FWD_matlab\Voyager_fu\Voyager_Interstellar_Monthly\HighestPrecision_Segments\V1_MAG48s_segment_1052_20140709T011224_20140709T055536.png,ok,
1,1053,2014-07-09 12:16:24,2014-07-09 16:40:24,4.39991972222222,280,47.521,767.232999755859,7200,240,Z:\SPART-WORK\Data\Voyager\voyager1\mag\48s\reviewed_vim\2014\voyager1_48s_mag-vim_20140101_v01.cdf,C:\Users\Administrator\Documents\FWD_matlab\Voyager_fu\Voyager_Interstellar_Monthly\HighestPrecision_Segments\V1_MAG48s_segment_1053_20140709T121624_20140709T164024.png,ok,
1,1054,2014-07-10 05:49:12,2014-07-10 16:37:11,10.7997597222222,670,47.521,6432.479,7200,240,Z:\SPART-WORK\Data\Voyager\voyager1\mag\48s\reviewed_vim\2014\voyager1_48s_mag-vim_20140101_v01.cdf,C:\Users\Administrator\Documents\FWD_matlab\Voyager_fu\Voyager_Interstellar_Monthly\HighestPrecision_Segments\V1_MAG48s_segment_1054_20140710T054912_20140710T163711.png,ok,
1,1055,2014-07-11 03:31:35,2014-07-11 10:09:59,6.64007972222222,499,47.521,49.249,7200,240,Z:\SPART-WORK\Data\Voyager\voyager1\mag\48s\reviewed_vim\2014\voyager1_48s_mag-vim_20140101_v01.cdf,C:\Users\Administrator\Documents\FWD_matlab\Voyager_fu\Voyager_Interstellar_Monthly\HighestPrecision_Segments\V1_MAG48s_segment_1055_20140711T033135_20140711T100959.png,ok,
1,1056,2014-07-11 23:55:36,2014-07-12 04:45:59,4.83984027777778,276,47.521,2928.09699975586,7200,240,Z:\SPART-WORK\Data\Voyager\voyager1\mag\48s\reviewed_vim\2014\voyager1_48s_mag-vim_20140101_v01.cdf,C:\Users\Administrator\Documents\FWD_matlab\Voyager_fu\Voyager_Interstellar_Monthly\HighestPrecision_Segments\V1_MAG48s_segment_1056_20140711T235536_20140712T044559.png,ok,
1,1057,2014-07-12 11:46:00,2014-07-12 13:00:24,1.24008,91,47.521,191.808,7200,240,Z:\SPART-WORK\Data\Voyager\voyager1\mag\48s\reviewed_vim\2014\voyager1_48s_mag-vim_20140101_v01.cdf,C:\Users\Administrator\Documents\FWD_matlab\Voyager_fu\Voyager_Interstellar_Monthly\HighestPrecision_Segments\V1_MAG48s_segment_1057_20140712T114600_20140712T130024.png,ok,
1,1058,2014-07-13 05:01:12,2014-07-13 06:02:00,1.01327972222222,77,47.521,49.249,7200,240,Z:\SPART-WORK\Data\Voyager\voyager1\mag\48s\reviewed_vim\2014\voyager1_48s_mag-vim_20140101_v01.cdf,C:\Users\Administrator\Documents\FWD_matlab\Voyager_fu\Voyager_Interstellar_Monthly\HighestPrecision_Segments\V1_MAG48s_segment_1058_20140713T050112_20140713T060200.png,ok,
1,1059,2014-07-13 08:05:11,2014-07-13 15:05:12,7.00032027777778,518,47.521,240.192,7200,240,Z:\SPART-WORK\Data\Voyager\voyager1\mag\48s\reviewed_vim\2014\voyager1_48s_mag-vim_20140101_v01.cdf,C:\Users\Administrator\Documents\FWD_matlab\Voyager_fu\Voyager_Interstellar_Monthly\HighestPrecision_Segments\V1_MAG48s_segment_1059_20140713T080511_20140713T150512.png,ok,
1,1060,2014-07-14 10:50:00,2014-07-14 16:19:36,5.49336,403,47.521,383.615999755859,7200,240,Z:\SPART-WORK\Data\Voyager\voyager1\mag\48s\reviewed_vim\2014\voyager1_48s_mag-vim_20140101_v01.cdf,C:\Users\Administrator\Documents\FWD_matlab\Voyager_fu\Voyager_Interstellar_Monthly\HighestPrecision_Segments\V1_MAG48s_segment_1060_20140714T105000_20140714T161936.png,ok,
1,1061,2014-07-15 09:47:35,2014-07-15 10:18:00,0.506879722290039,31,47.521,240.192,7200,240,Z:\SPART-WORK\Data\Voyager\voyager1\mag\48s\reviewed_vim\2014\voyager1_48s_mag-vim_20140101_v01.cdf,C:\Users\Administrator\Documents\FWD_matlab\Voyager_fu\Voyager_Interstellar_Monthly\HighestPrecision_Segments\V1_MAG48s_segment_1061_20140715T094735_20140715T101800.png,ok,
1,1062,2014-07-15 13:03:36,2014-07-15 16:16:23,3.21312,242,47.521,49.249,7200,240,Z:\SPART-WORK\Data\Voyager\voyager1\mag\48s\reviewed_vim\2014\voyager1_48s_mag-vim_20140101_v01.cdf,C:\Users\Administrator\Documents\FWD_matlab\Voyager_fu\Voyager_Interstellar_Monthly\HighestPrecision_Segments\V1_MAG48s_segment_1062_20140715T130336_20140715T161623.png,ok,
1,1063,2014-07-16 05:38:00,2014-07-16 12:00:23,6.37296,476,47.521,190.944,7200,240,Z:\SPART-WORK\Data\Voyager\voyager1\mag\48s\reviewed_vim\2014\voyager1_48s_mag-vim_20140101_v01.cdf,C:\Users\Administrator\Documents\FWD_matlab\Voyager_fu\Voyager_Interstellar_Monthly\HighestPrecision_Segments\V1_MAG48s_segment_1063_20140716T053800_20140716T120023.png,ok,
1,1064,2014-07-16 22:09:59,2014-07-17 00:57:11,2.78664000006782,200,47.521,335.231,7200,240,Z:\SPART-WORK\Data\Voyager\voyager1\mag\48s\reviewed_vim\2014\voyager1_48s_mag-vim_20140101_v01.cdf,C:\Users\Administrator\Documents\FWD_matlab\Voyager_fu\Voyager_Interstellar_Monthly\HighestPrecision_Segments\V1_MAG48s_segment_1064_20140716T220959_20140717T005711.png,ok,
1,1065,2014-07-17 06:24:24,2014-07-17 08:20:23,1.93319972222222,144,47.521,144.288,7200,240,Z:\SPART-WORK\Data\Voyager\voyager1\mag\48s\reviewed_vim\2014\voyager1_48s_mag-vim_20140101_v01.cdf,C:\Users\Administrator\Documents\FWD_matlab\Voyager_fu\Voyager_Interstellar_Monthly\HighestPrecision_Segments\V1_MAG48s_segment_1065_20140717T062424_20140717T082023.png,ok,
1,1066,2014-07-17 11:09:11,2014-07-17 17:09:11,6,449,47.521,143.423,7200,240,Z:\SPART-WORK\Data\Voyager\voyager1\mag\48s\reviewed_vim\2014\voyager1_48s_mag-vim_20140101_v01.cdf,C:\Users\Administrator\Documents\FWD_matlab\Voyager_fu\Voyager_Interstellar_Monthly\HighestPrecision_Segments\V1_MAG48s_segment_1066_20140717T110911_20140717T170911.png,ok,
1,1067,2014-07-18 05:49:12,2014-07-18 07:14:47,1.42632,106,47.521,143.424,7200,240,Z:\SPART-WORK\Data\Voyager\voyager1\mag\48s\reviewed_vim\2014\voyager1_48s_mag-vim_20140101_v01.cdf,C:\Users\Administrator\Documents\FWD_matlab\Voyager_fu\Voyager_Interstellar_Monthly\HighestPrecision_Segments\V1_MAG48s_segment_1067_20140718T054912_20140718T071447.png,ok,
1,1068,2014-07-18 11:53:59,2014-07-18 17:04:24,5.17367972222222,387,47.521,145.153,7200,240,Z:\SPART-WORK\Data\Voyager\voyager1\mag\48s\reviewed_vim\2014\voyager1_48s_mag-vim_20140101_v01.cdf,C:\Users\Administrator\Documents\FWD_matlab\Voyager_fu\Voyager_Interstellar_Monthly\HighestPrecision_Segments\V1_MAG48s_segment_1068_20140718T115359_20140718T170424.png,ok,
1,1069,2014-07-19 00:30:48,2014-07-19 09:34:48,9.06672000006782,599,47.521,3840.479,7200,240,Z:\SPART-WORK\Data\Voyager\voyager1\mag\48s\reviewed_vim\2014\voyager1_48s_mag-vim_20140101_v01.cdf,C:\Users\Administrator\Documents\FWD_matlab\Voyager_fu\Voyager_Interstellar_Monthly\HighestPrecision_Segments\V1_MAG48s_segment_1069_20140719T003048_20140719T093448.png,ok,
1,1070,2014-07-19 13:30:00,2014-07-19 15:58:47,2.47991972222222,172,47.521,336.095,7200,240,Z:\SPART-WORK\Data\Voyager\voyager1\mag\48s\reviewed_vim\2014\voyager1_48s_mag-vim_20140101_v01.cdf,C:\Users\Administrator\Documents\FWD_matlab\Voyager_fu\Voyager_Interstellar_Monthly\HighestPrecision_Segments\V1_MAG48s_segment_1070_20140719T133000_20140719T155847.png,ok,
1,1071,2014-07-19 22:34:00,2014-07-20 00:39:36,2.09328,156,47.521,143.423,7200,240,Z:\SPART-WORK\Data\Voyager\voyager1\mag\48s\reviewed_vim\2014\voyager1_48s_mag-vim_20140101_v01.cdf,C:\Users\Administrator\Documents\FWD_matlab\Voyager_fu\Voyager_Interstellar_Monthly\HighestPrecision_Segments\V1_MAG48s_segment_1071_20140719T223400_20140720T003936.png,ok,
1,1072,2014-07-20 05:28:24,2014-07-20 08:24:24,2.93327999993218,218,47.521,190.944,7200,240,Z:\SPART-WORK\Data\Voyager\voyager1\mag\48s\reviewed_vim\2014\voyager1_48s_mag-vim_20140101_v01.cdf,C:\Users\Administrator\Documents\FWD_matlab\Voyager_fu\Voyager_Interstellar_Monthly\HighestPrecision_Segments\V1_MAG48s_segment_1072_20140720T052824_20140720T082424.png,ok,
1,1073,2014-07-20 11:47:36,2014-07-20 16:04:23,4.27992027777778,322,47.521,49.249,7200,240,Z:\SPART-WORK\Data\Voyager\voyager1\mag\48s\reviewed_vim\2014\voyager1_48s_mag-vim_20140101_v01.cdf,C:\Users\Administrator\Documents\FWD_matlab\Voyager_fu\Voyager_Interstellar_Monthly\HighestPrecision_Segments\V1_MAG48s_segment_1073_20140720T114736_20140720T160423.png,ok,
1,1074,2014-07-21 05:26:47,2014-07-21 09:28:24,4.02696,303,47.521,49.249,7200,240,Z:\SPART-WORK\Data\Voyager\voyager1\mag\48s\reviewed_vim\2014\voyager1_48s_mag-vim_20140101_v01.cdf,C:\Users\Administrator\Documents\FWD_matlab\Voyager_fu\Voyager_Interstellar_Monthly\HighestPrecision_Segments\V1_MAG48s_segment_1074_20140721T052647_20140721T092824.png,ok,
1,1075,2014-07-21 12:43:35,2014-07-21 16:53:11,4.16015972222222,310,47.521,192.673,7200,240,Z:\SPART-WORK\Data\Voyager\voyager1\mag\48s\reviewed_vim\2014\voyager1_48s_mag-vim_20140101_v01.cdf,C:\Users\Administrator\Documents\FWD_matlab\Voyager_fu\Voyager_Interstellar_Monthly\HighestPrecision_Segments\V1_MAG48s_segment_1075_20140721T124335_20140721T165311.png,ok,
1,1076,2014-07-22 05:07:35,2014-07-22 09:22:48,4.25352,318,47.521,144.287999755859,7200,240,Z:\SPART-WORK\Data\Voyager\voyager1\mag\48s\reviewed_vim\2014\voyager1_48s_mag-vim_20140101_v01.cdf,C:\Users\Administrator\Documents\FWD_matlab\Voyager_fu\Voyager_Interstellar_Monthly\HighestPrecision_Segments\V1_MAG48s_segment_1076_20140722T050735_20140722T092248.png,ok,
1,1077,2014-07-22 14:19:35,2014-07-22 15:46:47,1.45344,101,47.521,383.615,7200,240,Z:\SPART-WORK\Data\Voyager\voyager1\mag\48s\reviewed_vim\2014\voyager1_48s_mag-vim_20140101_v01.cdf,C:\Users\Administrator\Documents\FWD_matlab\Voyager_fu\Voyager_Interstellar_Monthly\HighestPrecision_Segments\V1_MAG48s_segment_1077_20140722T141935_20140722T154647.png,ok,
1,1078,2014-07-23 04:32:23,2014-07-23 09:13:12,4.68024027777778,350,47.521,143.425,7200,240,Z:\SPART-WORK\Data\Voyager\voyager1\mag\48s\reviewed_vim\2014\voyager1_48s_mag-vim_20140101_v01.cdf,C:\Users\Administrator\Documents\FWD_matlab\Voyager_fu\Voyager_Interstellar_Monthly\HighestPrecision_Segments\V1_MAG48s_segment_1078_20140723T043223_20140723T091312.png,ok,
1,1079,2014-07-23 13:01:11,2014-07-23 15:44:24,2.72016027777778,205,47.521,49.249,7200,240,Z:\SPART-WORK\Data\Voyager\voyager1\mag\48s\reviewed_vim\2014\voyager1_48s_mag-vim_20140101_v01.cdf,C:\Users\Administrator\Documents\FWD_matlab\Voyager_fu\Voyager_Interstellar_Monthly\HighestPrecision_Segments\V1_MAG48s_segment_1079_20140723T130111_20140723T154424.png,ok,
1,1080,2014-07-23 21:47:35,2014-07-24 00:49:11,3.02664,218,47.521,240.192,7200,240,Z:\SPART-WORK\Data\Voyager\voyager1\mag\48s\reviewed_vim\2014\voyager1_48s_mag-vim_20140101_v01.cdf,C:\Users\Administrator\Documents\FWD_matlab\Voyager_fu\Voyager_Interstellar_Monthly\HighestPrecision_Segments\V1_MAG48s_segment_1080_20140723T214735_20140724T004911.png,ok,
1,1081,2014-07-24 05:31:37,2014-07-24 09:17:59,3.77304,283,47.521,94.177,7200,240,Z:\SPART-WORK\Data\Voyager\voyager1\mag\48s\reviewed_vim\2014\voyager1_48s_mag-vim_20140101_v01.cdf,C:\Users\Administrator\Documents\FWD_matlab\Voyager_fu\Voyager_Interstellar_Monthly\HighestPrecision_Segments\V1_MAG48s_segment_1081_20140724T053137_20140724T091759.png,ok,
1,1082,2014-07-24 11:18:48,2014-07-24 16:38:48,5.33352,399,47.521,145.153,7200,240,Z:\SPART-WORK\Data\Voyager\voyager1\mag\48s\reviewed_vim\2014\voyager1_48s_mag-vim_20140101_v01.cdf,C:\Users\Administrator\Documents\FWD_matlab\Voyager_fu\Voyager_Interstellar_Monthly\HighestPrecision_Segments\V1_MAG48s_segment_1082_20140724T111848_20140724T163848.png,ok,
1,1083,2014-07-25 05:20:23,2014-07-25 09:41:11,4.34664,316,47.521,431.999,7200,240,Z:\SPART-WORK\Data\Voyager\voyager1\mag\48s\reviewed_vim\2014\voyager1_48s_mag-vim_20140101_v01.cdf,C:\Users\Administrator\Documents\FWD_matlab\Voyager_fu\Voyager_Interstellar_Monthly\HighestPrecision_Segments\V1_MAG48s_segment_1083_20140725T052023_20140725T094111.png,ok,
1,1084,2014-07-25 14:51:36,2014-07-25 16:18:47,1.45320027770996,109,47.521,96.7689997558594,7200,240,Z:\SPART-WORK\Data\Voyager\voyager1\mag\48s\reviewed_vim\2014\voyager1_48s_mag-vim_20140101_v01.cdf,C:\Users\Administrator\Documents\FWD_matlab\Voyager_fu\Voyager_Interstellar_Monthly\HighestPrecision_Segments\V1_MAG48s_segment_1084_20140725T145136_20140725T161847.png,ok,
1,1085,2014-07-26 03:25:12,2014-07-26 09:07:36,5.70671972222222,427,47.521,145.153,7200,240,Z:\SPART-WORK\Data\Voyager\voyager1\mag\48s\reviewed_vim\2014\voyager1_48s_mag-vim_20140101_v01.cdf,C:\Users\Administrator\Documents\FWD_matlab\Voyager_fu\Voyager_Interstellar_Monthly\HighestPrecision_Segments\V1_MAG48s_segment_1085_20140726T032512_20140726T090736.png,ok,
1,1086,2014-07-26 12:16:23,2014-07-26 15:28:24,3.2004,236,47.521,145.151000244141,7200,240,Z:\SPART-WORK\Data\Voyager\voyager1\mag\48s\reviewed_vim\2014\voyager1_48s_mag-vim_20140101_v01.cdf,C:\Users\Administrator\Documents\FWD_matlab\Voyager_fu\Voyager_Interstellar_Monthly\HighestPrecision_Segments\V1_MAG48s_segment_1086_20140726T121623_20140726T152824.png,ok,
1,1087,2014-07-27 03:54:00,2014-07-27 16:29:12,12.5865599999322,838,47.521,4175.712,7200,240,Z:\SPART-WORK\Data\Voyager\voyager1\mag\48s\reviewed_vim\2014\voyager1_48s_mag-vim_20140101_v01.cdf,C:\Users\Administrator\Documents\FWD_matlab\Voyager_fu\Voyager_Interstellar_Monthly\HighestPrecision_Segments\V1_MAG48s_segment_1087_20140727T035400_20140727T162912.png,ok,
1,1088,2014-07-28 05:05:59,2014-07-28 08:58:47,3.88007972222222,291,47.521,96.767,7200,240,Z:\SPART-WORK\Data\Voyager\voyager1\mag\48s\reviewed_vim\2014\voyager1_48s_mag-vim_20140101_v01.cdf,C:\Users\Administrator\Documents\FWD_matlab\Voyager_fu\Voyager_Interstellar_Monthly\HighestPrecision_Segments\V1_MAG48s_segment_1088_20140728T050559_20140728T085847.png,ok,
1,1089,2014-07-28 12:37:11,2014-07-28 16:22:00,3.74688,281,47.521,96.767,7200,240,Z:\SPART-WORK\Data\Voyager\voyager1\mag\48s\reviewed_vim\2014\voyager1_48s_mag-vim_20140101_v01.cdf,C:\Users\Administrator\Documents\FWD_matlab\Voyager_fu\Voyager_Interstellar_Monthly\HighestPrecision_Segments\V1_MAG48s_segment_1089_20140728T123711_20140728T162200.png,ok,
1,1090,2014-07-29 04:50:00,2014-07-29 08:58:47,4.14647972222222,210,47.521,4464.288,7200,240,Z:\SPART-WORK\Data\Voyager\voyager1\mag\48s\reviewed_vim\2014\voyager1_48s_mag-vim_20140101_v01.cdf,C:\Users\Administrator\Documents\FWD_matlab\Voyager_fu\Voyager_Interstellar_Monthly\HighestPrecision_Segments\V1_MAG48s_segment_1090_20140729T045000_20140729T085847.png,ok,
1,1091,2014-07-29 16:59:35,2014-07-29 21:12:23,4.21344027777778,314,47.521,192.671,7200,240,Z:\SPART-WORK\Data\Voyager\voyager1\mag\48s\reviewed_vim\2014\voyager1_48s_mag-vim_20140101_v01.cdf,C:\Users\Administrator\Documents\FWD_matlab\Voyager_fu\Voyager_Interstellar_Monthly\HighestPrecision_Segments\V1_MAG48s_segment_1091_20140729T165935_20140729T211223.png,ok,
1,1092,2014-07-30 04:57:59,2014-07-30 07:41:59,2.73336,204,47.521,144.288,7200,240,Z:\SPART-WORK\Data\Voyager\voyager1\mag\48s\reviewed_vim\2014\voyager1_48s_mag-vim_20140101_v01.cdf,C:\Users\Administrator\Documents\FWD_matlab\Voyager_fu\Voyager_Interstellar_Monthly\HighestPrecision_Segments\V1_MAG48s_segment_1092_20140730T045759_20140730T074159.png,ok,
1,1093,2014-07-30 12:25:59,2014-07-30 18:53:11,6.45336,485,47.521,49.249,7200,240,Z:\SPART-WORK\Data\Voyager\voyager1\mag\48s\reviewed_vim\2014\voyager1_48s_mag-vim_20140101_v01.cdf,C:\Users\Administrator\Documents\FWD_matlab\Voyager_fu\Voyager_Interstellar_Monthly\HighestPrecision_Segments\V1_MAG48s_segment_1093_20140730T122559_20140730T185311.png,ok,
1,1094,2014-07-30 22:09:59,2014-07-31 02:07:35,3.96,297,47.521,96.769,7200,240,Z:\SPART-WORK\Data\Voyager\voyager1\mag\48s\reviewed_vim\2014\voyager1_48s_mag-vim_20140101_v01.cdf,C:\Users\Administrator\Documents\FWD_matlab\Voyager_fu\Voyager_Interstellar_Monthly\HighestPrecision_Segments\V1_MAG48s_segment_1094_20140730T220959_20140731T020735.png,ok,
1,1095,2014-07-31 04:24:23,2014-07-31 07:52:23,3.46656,257,47.521,192.672,7200,240,Z:\SPART-WORK\Data\Voyager\voyager1\mag\48s\reviewed_vim\2014\voyager1_48s_mag-vim_20140101_v01.cdf,C:\Users\Administrator\Documents\FWD_matlab\Voyager_fu\Voyager_Interstellar_Monthly\HighestPrecision_Segments\V1_MAG48s_segment_1095_20140731T042423_20140731T075223.png,ok,
1,1096,2014-07-31 11:55:36,2014-07-31 15:06:46,3.18624,239,47.521,95.905,7200,240,Z:\SPART-WORK\Data\Voyager\voyager1\mag\48s\reviewed_vim\2014\voyager1_48s_mag-vim_20140101_v01.cdf,C:\Users\Administrator\Documents\FWD_matlab\Voyager_fu\Voyager_Interstellar_Monthly\HighestPrecision_Segments\V1_MAG48s_segment_1096_20140731T115536_20140731T150646.png,ok,
1,1097,2014-08-01 04:32:23,2014-08-01 08:12:24,3.66696,276,47.521,49.249,7200,240,Z:\SPART-WORK\Data\Voyager\voyager1\mag\48s\reviewed_vim\2014\voyager1_48s_mag-vim_20140101_v01.cdf,C:\Users\Administrator\Documents\FWD_matlab\Voyager_fu\Voyager_Interstellar_Monthly\HighestPrecision_Segments\V1_MAG48s_segment_1097_20140801T043223_20140801T081224.png,ok,
1,1098,2014-08-01 13:49:12,2014-08-01 14:57:59,1.14648027777778,87,47.521,49.249,7200,240,Z:\SPART-WORK\Data\Voyager\voyager1\mag\48s\reviewed_vim\2014\voyager1_48s_mag-vim_20140101_v01.cdf,C:\Users\Administrator\Documents\FWD_matlab\Voyager_fu\Voyager_Interstellar_Monthly\HighestPrecision_Segments\V1_MAG48s_segment_1098_20140801T134912_20140801T145759.png,ok,
1,1099,2014-08-02 02:21:11,2014-08-02 15:02:47,12.6933597222222,799,47.521,6144.768,7200,240,Z:\SPART-WORK\Data\Voyager\voyager1\mag\48s\reviewed_vim\2014\voyager1_48s_mag-vim_20140101_v01.cdf,C:\Users\Administrator\Documents\FWD_matlab\Voyager_fu\Voyager_Interstellar_Monthly\HighestPrecision_Segments\V1_MAG48s_segment_1099_20140802T022111_20140802T150247.png,ok,
1,1100,2014-08-02 22:22:48,2014-08-03 08:37:11,10.23984,761,47.521,239.328999755859,7200,240,Z:\SPART-WORK\Data\Voyager\voyager1\mag\48s\reviewed_vim\2014\voyager1_48s_mag-vim_20140101_v01.cdf,C:\Users\Administrator\Documents\FWD_matlab\Voyager_fu\Voyager_Interstellar_Monthly\HighestPrecision_Segments\V1_MAG48s_segment_1100_20140802T222248_20140803T083711.png,ok,
1,1101,2014-08-03 11:25:11,2014-08-03 14:57:11,3.53328,264,47.521,144.287000244141,7200,240,Z:\SPART-WORK\Data\Voyager\voyager1\mag\48s\reviewed_vim\2014\voyager1_48s_mag-vim_20140101_v01.cdf,C:\Users\Administrator\Documents\FWD_matlab\Voyager_fu\Voyager_Interstellar_Monthly\HighestPrecision_Segments\V1_MAG48s_segment_1101_20140803T112511_20140803T145711.png,ok,
1,1102,2014-08-03 21:58:47,2014-08-04 08:30:47,10.5333600000678,782,47.521,240.192,7200,240,Z:\SPART-WORK\Data\Voyager\voyager1\mag\48s\reviewed_vim\2014\voyager1_48s_mag-vim_20140101_v01.cdf,C:\Users\Administrator\Documents\FWD_matlab\Voyager_fu\Voyager_Interstellar_Monthly\HighestPrecision_Segments\V1_MAG48s_segment_1102_20140803T215847_20140804T083047.png,ok,
1,1103,2014-08-04 20:46:47,2014-08-05 01:05:11,4.30656000006782,323,47.521,95.904,7200,240,Z:\SPART-WORK\Data\Voyager\voyager1\mag\48s\reviewed_vim\2014\voyager1_48s_mag-vim_20140101_v01.cdf,C:\Users\Administrator\Documents\FWD_matlab\Voyager_fu\Voyager_Interstellar_Monthly\HighestPrecision_Segments\V1_MAG48s_segment_1103_20140804T204647_20140805T010511.png,ok,
1,1104,2014-08-05 03:44:24,2014-08-05 08:21:59,4.62624,344,47.521,143.425,7200,240,Z:\SPART-WORK\Data\Voyager\voyager1\mag\48s\reviewed_vim\2014\voyager1_48s_mag-vim_20140101_v01.cdf,C:\Users\Administrator\Documents\FWD_matlab\Voyager_fu\Voyager_Interstellar_Monthly\HighestPrecision_Segments\V1_MAG48s_segment_1104_20140805T034424_20140805T082159.png,ok,
1,1105,2014-08-05 12:22:48,2014-08-05 15:53:11,3.5064,264,47.521,49.249,7200,240,Z:\SPART-WORK\Data\Voyager\voyager1\mag\48s\reviewed_vim\2014\voyager1_48s_mag-vim_20140101_v01.cdf,C:\Users\Administrator\Documents\FWD_matlab\Voyager_fu\Voyager_Interstellar_Monthly\HighestPrecision_Segments\V1_MAG48s_segment_1105_20140805T122248_20140805T155311.png,ok,
1,1106,2014-08-05 21:57:11,2014-08-06 14:46:00,16.81344027771,1106,47.521,6528.383,7200,240,Z:\SPART-WORK\Data\Voyager\voyager1\mag\48s\reviewed_vim\2014\voyager1_48s_mag-vim_20140101_v01.cdf,C:\Users\Administrator\Documents\FWD_matlab\Voyager_fu\Voyager_Interstellar_Monthly\HighestPrecision_Segments\V1_MAG48s_segment_1106_20140805T215711_20140806T144600.png,ok,
1,1107,2014-08-07 02:43:35,2014-08-07 14:41:11,11.9601602777778,647,47.521,5808.673,7200,240,Z:\SPART-WORK\Data\Voyager\voyager1\mag\48s\reviewed_vim\2014\voyager1_48s_mag-vim_20140101_v01.cdf,C:\Users\Administrator\Documents\FWD_matlab\Voyager_fu\Voyager_Interstellar_Monthly\HighestPrecision_Segments\V1_MAG48s_segment_1107_20140807T024335_20140807T144111.png,ok,
1,1108,2014-08-07 22:19:36,2014-08-08 06:34:48,8.25335972229004,606,47.521,384.480999755859,7200,240,Z:\SPART-WORK\Data\Voyager\voyager1\mag\48s\reviewed_vim\2014\voyager1_48s_mag-vim_20140101_v01.cdf,C:\Users\Administrator\Documents\FWD_matlab\Voyager_fu\Voyager_Interstellar_Monthly\HighestPrecision_Segments\V1_MAG48s_segment_1108_20140807T221936_20140808T063448.png,ok,
1,1109,2014-08-08 20:32:23,2014-08-09 06:56:24,10.4001602777778,771,47.521,383.615,7200,240,Z:\SPART-WORK\Data\Voyager\voyager1\mag\48s\reviewed_vim\2014\voyager1_48s_mag-vim_20140101_v01.cdf,C:\Users\Administrator\Documents\FWD_matlab\Voyager_fu\Voyager_Interstellar_Monthly\HighestPrecision_Segments\V1_MAG48s_segment_1109_20140808T203223_20140809T065624.png,ok,
1,1110,2014-08-09 09:42:47,2014-08-09 14:30:47,4.8,344,47.521,719.712,7200,240,Z:\SPART-WORK\Data\Voyager\voyager1\mag\48s\reviewed_vim\2014\voyager1_48s_mag-vim_20140101_v01.cdf,C:\Users\Administrator\Documents\FWD_matlab\Voyager_fu\Voyager_Interstellar_Monthly\HighestPrecision_Segments\V1_MAG48s_segment_1110_20140809T094247_20140809T143047.png,ok,
1,1111,2014-08-10 00:53:11,2014-08-10 08:06:48,7.22688027777778,542,47.521,96.769,7200,240,Z:\SPART-WORK\Data\Voyager\voyager1\mag\48s\reviewed_vim\2014\voyager1_48s_mag-vim_20140101_v01.cdf,C:\Users\Administrator\Documents\FWD_matlab\Voyager_fu\Voyager_Interstellar_Monthly\HighestPrecision_Segments\V1_MAG48s_segment_1111_20140810T005311_20140810T080648.png,ok,
1,1112,2014-08-10 11:31:35,2014-08-10 15:30:48,3.98687999993218,300,47.521,49.249,7200,240,Z:\SPART-WORK\Data\Voyager\voyager1\mag\48s\reviewed_vim\2014\voyager1_48s_mag-vim_20140101_v01.cdf,C:\Users\Administrator\Documents\FWD_matlab\Voyager_fu\Voyager_Interstellar_Monthly\HighestPrecision_Segments\V1_MAG48s_segment_1112_20140810T113135_20140810T153048.png,ok,
1,1113,2014-08-11 04:35:36,2014-08-11 06:49:11,2.22648,168,47.521,49.249,7200,240,Z:\SPART-WORK\Data\Voyager\voyager1\mag\48s\reviewed_vim\2014\voyager1_48s_mag-vim_20140101_v01.cdf,C:\Users\Administrator\Documents\FWD_matlab\Voyager_fu\Voyager_Interstellar_Monthly\HighestPrecision_Segments\V1_MAG48s_segment_1113_20140811T043536_20140811T064911.png,ok,
1,1114,2014-08-12 07:15:35,2014-08-12 08:42:00,1.44024,103,47.521,239.328,7200,240,Z:\SPART-WORK\Data\Voyager\voyager1\mag\48s\reviewed_vim\2014\voyager1_48s_mag-vim_20140101_v01.cdf,C:\Users\Administrator\Documents\FWD_matlab\Voyager_fu\Voyager_Interstellar_Monthly\HighestPrecision_Segments\V1_MAG48s_segment_1114_20140812T071535_20140812T084200.png,ok,
1,1115,2014-08-12 11:29:59,2014-08-12 15:25:12,3.92016,283,47.521,623.807,7200,240,Z:\SPART-WORK\Data\Voyager\voyager1\mag\48s\reviewed_vim\2014\voyager1_48s_mag-vim_20140101_v01.cdf,C:\Users\Administrator\Documents\FWD_matlab\Voyager_fu\Voyager_Interstellar_Monthly\HighestPrecision_Segments\V1_MAG48s_segment_1115_20140812T112959_20140812T152512.png,ok,
1,1116,2014-08-13 03:57:11,2014-08-13 06:49:58,2.87975999993218,217,47.521,49.249,7200,240,Z:\SPART-WORK\Data\Voyager\voyager1\mag\48s\reviewed_vim\2014\voyager1_48s_mag-vim_20140101_v01.cdf,C:\Users\Administrator\Documents\FWD_matlab\Voyager_fu\Voyager_Interstellar_Monthly\HighestPrecision_Segments\V1_MAG48s_segment_1116_20140813T035711_20140813T064958.png,ok,
1,1117,2014-08-13 08:51:35,2014-08-13 15:24:23,6.54672027777778,434,47.521,1679.616,7200,240,Z:\SPART-WORK\Data\Voyager\voyager1\mag\48s\reviewed_vim\2014\voyager1_48s_mag-vim_20140101_v01.cdf,C:\Users\Administrator\Documents\FWD_matlab\Voyager_fu\Voyager_Interstellar_Monthly\HighestPrecision_Segments\V1_MAG48s_segment_1117_20140813T085135_20140813T152423.png,ok,
1,1118,2014-08-14 10:06:48,2014-08-14 14:09:11,4.03991972229004,303,47.521,95.904,7200,240,Z:\SPART-WORK\Data\Voyager\voyager1\mag\48s\reviewed_vim\2014\voyager1_48s_mag-vim_20140101_v01.cdf,C:\Users\Administrator\Documents\FWD_matlab\Voyager_fu\Voyager_Interstellar_Monthly\HighestPrecision_Segments\V1_MAG48s_segment_1118_20140814T100648_20140814T140911.png,ok,
1,1119,2014-08-14 20:05:11,2014-08-15 06:34:48,10.4935200000678,785,47.521,190.944,7200,240,Z:\SPART-WORK\Data\Voyager\voyager1\mag\48s\reviewed_vim\2014\voyager1_48s_mag-vim_20140101_v01.cdf,C:\Users\Administrator\Documents\FWD_matlab\Voyager_fu\Voyager_Interstellar_Monthly\HighestPrecision_Segments\V1_MAG48s_segment_1119_20140814T200511_20140815T063448.png,ok,
1,1120,2014-08-15 22:29:11,2014-08-16 00:44:22,2.25312027777778,169,47.521,95.905,7200,240,Z:\SPART-WORK\Data\Voyager\voyager1\mag\48s\reviewed_vim\2014\voyager1_48s_mag-vim_20140101_v01.cdf,C:\Users\Administrator\Documents\FWD_matlab\Voyager_fu\Voyager_Interstellar_Monthly\HighestPrecision_Segments\V1_MAG48s_segment_1120_20140815T222911_20140816T004422.png,ok,
1,1121,2014-08-16 04:21:11,2014-08-16 06:15:35,1.9068,143,47.521,96.769,7200,240,Z:\SPART-WORK\Data\Voyager\voyager1\mag\48s\reviewed_vim\2014\voyager1_48s_mag-vim_20140101_v01.cdf,C:\Users\Administrator\Documents\FWD_matlab\Voyager_fu\Voyager_Interstellar_Monthly\HighestPrecision_Segments\V1_MAG48s_segment_1121_20140816T042111_20140816T061535.png,ok,
1,1122,2014-08-16 13:02:47,2014-08-16 15:08:23,2.09328,155,47.521,191.808,7200,240,Z:\SPART-WORK\Data\Voyager\voyager1\mag\48s\reviewed_vim\2014\voyager1_48s_mag-vim_20140101_v01.cdf,C:\Users\Administrator\Documents\FWD_matlab\Voyager_fu\Voyager_Interstellar_Monthly\HighestPrecision_Segments\V1_MAG48s_segment_1122_20140816T130247_20140816T150823.png,ok,
1,1123,2014-08-16 19:58:47,2014-08-16 22:25:11,2.44007972222222,171,47.521,336.096,7200,240,Z:\SPART-WORK\Data\Voyager\voyager1\mag\48s\reviewed_vim\2014\voyager1_48s_mag-vim_20140101_v01.cdf,C:\Users\Administrator\Documents\FWD_matlab\Voyager_fu\Voyager_Interstellar_Monthly\HighestPrecision_Segments\V1_MAG48s_segment_1123_20140816T195847_20140816T222511.png,ok,
1,1124,2014-08-17 05:10:48,2014-08-17 07:38:47,2.46624027777778,181,47.5209997558594,190.944,7200,240,Z:\SPART-WORK\Data\Voyager\voyager1\mag\48s\reviewed_vim\2014\voyager1_48s_mag-vim_20140101_v01.cdf,C:\Users\Administrator\Documents\FWD_matlab\Voyager_fu\Voyager_Interstellar_Monthly\HighestPrecision_Segments\V1_MAG48s_segment_1124_20140817T051048_20140817T073847.png,ok,
1,1125,2014-08-17 11:33:11,2014-08-17 13:58:47,2.42664,180,47.5209997558594,190.945,7200,240,Z:\SPART-WORK\Data\Voyager\voyager1\mag\48s\reviewed_vim\2014\voyager1_48s_mag-vim_20140101_v01.cdf,C:\Users\Administrator\Documents\FWD_matlab\Voyager_fu\Voyager_Interstellar_Monthly\HighestPrecision_Segments\V1_MAG48s_segment_1125_20140817T113311_20140817T135847.png,ok,
1,1126,2014-08-18 04:48:23,2014-08-18 07:34:00,2.76024027770996,208,47.5209997558594,49.249,7200,240,Z:\SPART-WORK\Data\Voyager\voyager1\mag\48s\reviewed_vim\2014\voyager1_48s_mag-vim_20140101_v01.cdf,C:\Users\Administrator\Documents\FWD_matlab\Voyager_fu\Voyager_Interstellar_Monthly\HighestPrecision_Segments\V1_MAG48s_segment_1126_20140818T044823_20140818T073400.png,ok,
1,1127,2014-08-18 11:02:47,2014-08-18 14:58:47,3.93335972222222,294,47.5209997558594,143.425,7200,240,Z:\SPART-WORK\Data\Voyager\voyager1\mag\48s\reviewed_vim\2014\voyager1_48s_mag-vim_20140101_v01.cdf,C:\Users\Administrator\Documents\FWD_matlab\Voyager_fu\Voyager_Interstellar_Monthly\HighestPrecision_Segments\V1_MAG48s_segment_1127_20140818T110247_20140818T145847.png,ok,
1,1128,2014-08-19 10:45:10,2014-08-19 13:50:00,3.08040027777778,231,47.5209997558594,96.769,7200,240,Z:\SPART-WORK\Data\Voyager\voyager1\mag\48s\reviewed_vim\2014\voyager1_48s_mag-vim_20140101_v01.cdf,C:\Users\Administrator\Documents\FWD_matlab\Voyager_fu\Voyager_Interstellar_Monthly\HighestPrecision_Segments\V1_MAG48s_segment_1128_20140819T104510_20140819T135000.png,ok,
1,1129,2014-08-19 22:50:00,2014-08-20 07:24:23,8.57327972222222,644,47.5209997558594,49.249,7200,240,Z:\SPART-WORK\Data\Voyager\voyager1\mag\48s\reviewed_vim\2014\voyager1_48s_mag-vim_20140101_v01.cdf,C:\Users\Administrator\Documents\FWD_matlab\Voyager_fu\Voyager_Interstellar_Monthly\HighestPrecision_Segments\V1_MAG48s_segment_1129_20140819T225000_20140820T072423.png,ok,
1,1130,2014-08-20 11:42:47,2014-08-20 13:47:35,2.08008027777778,154,47.5209997558594,190.943,7200,240,Z:\SPART-WORK\Data\Voyager\voyager1\mag\48s\reviewed_vim\2014\voyager1_48s_mag-vim_20140101_v01.cdf,C:\Users\Administrator\Documents\FWD_matlab\Voyager_fu\Voyager_Interstellar_Monthly\HighestPrecision_Segments\V1_MAG48s_segment_1130_20140820T114247_20140820T134735.png,ok,
1,1131,2014-08-21 01:33:10,2014-08-21 07:18:47,5.76024027777778,431,47.5209997558594,143.423,7200,240,Z:\SPART-WORK\Data\Voyager\voyager1\mag\48s\reviewed_vim\2014\voyager1_48s_mag-vim_20140101_v01.cdf,C:\Users\Administrator\Documents\FWD_matlab\Voyager_fu\Voyager_Interstellar_Monthly\HighestPrecision_Segments\V1_MAG48s_segment_1131_20140821T013310_20140821T071847.png,ok,
1,1132,2014-08-21 11:42:47,2014-08-21 13:44:23,2.02656,68,47.5209997558594,3840.48,7200,240,Z:\SPART-WORK\Data\Voyager\voyager1\mag\48s\reviewed_vim\2014\voyager1_48s_mag-vim_20140101_v01.cdf,C:\Users\Administrator\Documents\FWD_matlab\Voyager_fu\Voyager_Interstellar_Monthly\HighestPrecision_Segments\V1_MAG48s_segment_1132_20140821T114247_20140821T134423.png,ok,
1,1133,2014-08-22 00:38:48,2014-08-22 07:17:11,6.6396,499,47.5200002441406,49.249,7200,240,Z:\SPART-WORK\Data\Voyager\voyager1\mag\48s\reviewed_vim\2014\voyager1_48s_mag-vim_20140101_v01.cdf,C:\Users\Administrator\Documents\FWD_matlab\Voyager_fu\Voyager_Interstellar_Monthly\HighestPrecision_Segments\V1_MAG48s_segment_1133_20140822T003848_20140822T071711.png,ok,
1,1134,2014-08-22 10:53:11,2014-08-22 13:37:11,2.73312,204,47.5209997558594,144.287,7200,240,Z:\SPART-WORK\Data\Voyager\voyager1\mag\48s\reviewed_vim\2014\voyager1_48s_mag-vim_20140101_v01.cdf,C:\Users\Administrator\Documents\FWD_matlab\Voyager_fu\Voyager_Interstellar_Monthly\HighestPrecision_Segments\V1_MAG48s_segment_1134_20140822T105311_20140822T133711.png,ok,
1,1135,2014-08-23 04:37:11,2014-08-23 07:13:59,2.61336,194,47.5200002441406,192.672,7200,240,Z:\SPART-WORK\Data\Voyager\voyager1\mag\48s\reviewed_vim\2014\voyager1_48s_mag-vim_20140101_v01.cdf,C:\Users\Administrator\Documents\FWD_matlab\Voyager_fu\Voyager_Interstellar_Monthly\HighestPrecision_Segments\V1_MAG48s_segment_1135_20140823T043711_20140823T071359.png,ok,
1,1136,2014-08-23 10:48:23,2014-08-23 14:40:24,3.86688027770996,288,47.5209997558594,191.807,7200,240,Z:\SPART-WORK\Data\Voyager\voyager1\mag\48s\reviewed_vim\2014\voyager1_48s_mag-vim_20140101_v01.cdf,C:\Users\Administrator\Documents\FWD_matlab\Voyager_fu\Voyager_Interstellar_Monthly\HighestPrecision_Segments\V1_MAG48s_segment_1136_20140823T104823_20140823T144024.png,ok,
1,1137,2014-08-23 22:38:47,2014-08-24 07:08:24,8.4936,635,47.5200002441406,192.671999755859,7200,240,Z:\SPART-WORK\Data\Voyager\voyager1\mag\48s\reviewed_vim\2014\voyager1_48s_mag-vim_20140101_v01.cdf,C:\Users\Administrator\Documents\FWD_matlab\Voyager_fu\Voyager_Interstellar_Monthly\HighestPrecision_Segments\V1_MAG48s_segment_1137_20140823T223847_20140824T070824.png,ok,
1,1138,2014-08-24 09:15:35,2014-08-24 13:29:11,4.22664,308,47.5200002441406,239.328,7200,240,Z:\SPART-WORK\Data\Voyager\voyager1\mag\48s\reviewed_vim\2014\voyager1_48s_mag-vim_20140101_v01.cdf,C:\Users\Administrator\Documents\FWD_matlab\Voyager_fu\Voyager_Interstellar_Monthly\HighestPrecision_Segments\V1_MAG48s_segment_1138_20140824T091535_20140824T132911.png,ok,
1,1139,2014-08-25 04:34:00,2014-08-25 07:02:47,2.47992,186,47.5200002441406,95.904,7200,240,Z:\SPART-WORK\Data\Voyager\voyager1\mag\48s\reviewed_vim\2014\voyager1_48s_mag-vim_20140101_v01.cdf,C:\Users\Administrator\Documents\FWD_matlab\Voyager_fu\Voyager_Interstellar_Monthly\HighestPrecision_Segments\V1_MAG48s_segment_1139_20140825T043400_20140825T070247.png,ok,
1,1140,2014-08-25 10:32:23,2014-08-25 14:28:22,3.93312,293,47.52,190.943,7200,240,Z:\SPART-WORK\Data\Voyager\voyager1\mag\48s\reviewed_vim\2014\voyager1_48s_mag-vim_20140101_v01.cdf,C:\Users\Administrator\Documents\FWD_matlab\Voyager_fu\Voyager_Interstellar_Monthly\HighestPrecision_Segments\V1_MAG48s_segment_1140_20140825T103223_20140825T142822.png,ok,
1,1141,2014-08-26 04:41:59,2014-08-26 07:01:59,2.33327972222222,176,47.52,49.249,7200,240,Z:\SPART-WORK\Data\Voyager\voyager1\mag\48s\reviewed_vim\2014\voyager1_48s_mag-vim_20140101_v01.cdf,C:\Users\Administrator\Documents\FWD_matlab\Voyager_fu\Voyager_Interstellar_Monthly\HighestPrecision_Segments\V1_MAG48s_segment_1141_20140826T044159_20140826T070159.png,ok,
1,1142,2014-08-26 10:22:48,2014-08-26 14:27:35,4.07975972222222,304,47.52,190.945,7200,240,Z:\SPART-WORK\Data\Voyager\voyager1\mag\48s\reviewed_vim\2014\voyager1_48s_mag-vim_20140101_v01.cdf,C:\Users\Administrator\Documents\FWD_matlab\Voyager_fu\Voyager_Interstellar_Monthly\HighestPrecision_Segments\V1_MAG48s_segment_1142_20140826T102248_20140826T142735.png,ok,
1,1143,2014-08-27 04:25:59,2014-08-27 06:57:59,2.5332,191,47.52,49.249,7200,240,Z:\SPART-WORK\Data\Voyager\voyager1\mag\48s\reviewed_vim\2014\voyager1_48s_mag-vim_20140101_v01.cdf,C:\Users\Administrator\Documents\FWD_matlab\Voyager_fu\Voyager_Interstellar_Monthly\HighestPrecision_Segments\V1_MAG48s_segment_1143_20140827T042559_20140827T065759.png,ok,
1,1144,2014-08-27 10:25:59,2014-08-27 14:12:22,3.77304,281,47.52,192.672,7200,240,Z:\SPART-WORK\Data\Voyager\voyager1\mag\48s\reviewed_vim\2014\voyager1_48s_mag-vim_20140101_v01.cdf,C:\Users\Administrator\Documents\FWD_matlab\Voyager_fu\Voyager_Interstellar_Monthly\HighestPrecision_Segments\V1_MAG48s_segment_1144_20140827T102559_20140827T141222.png,ok,
1,1145,2014-08-28 01:55:36,2014-08-28 06:47:35,4.86648027777778,366,47.52,49.249,7200,240,Z:\SPART-WORK\Data\Voyager\voyager1\mag\48s\reviewed_vim\2014\voyager1_48s_mag-vim_20140101_v01.cdf,C:\Users\Administrator\Documents\FWD_matlab\Voyager_fu\Voyager_Interstellar_Monthly\HighestPrecision_Segments\V1_MAG48s_segment_1145_20140828T015536_20140828T064735.png,ok,
1,1146,2014-08-29 00:40:23,2014-08-29 06:46:47,6.10679972222222,458,47.52,95.903,7200,240,Z:\SPART-WORK\Data\Voyager\voyager1\mag\48s\reviewed_vim\2014\voyager1_48s_mag-vim_20140101_v01.cdf,C:\Users\Administrator\Documents\FWD_matlab\Voyager_fu\Voyager_Interstellar_Monthly\HighestPrecision_Segments\V1_MAG48s_segment_1146_20140829T004023_20140829T064647.png,ok,
1,1147,2014-08-29 09:31:35,2014-08-29 12:06:00,2.57351972229004,193,47.52,96.7670002441406,7200,240,Z:\SPART-WORK\Data\Voyager\voyager1\mag\48s\reviewed_vim\2014\voyager1_48s_mag-vim_20140101_v01.cdf,C:\Users\Administrator\Documents\FWD_matlab\Voyager_fu\Voyager_Interstellar_Monthly\HighestPrecision_Segments\V1_MAG48s_segment_1147_20140829T093135_20140829T120600.png,ok,
1,1148,2014-08-30 01:31:35,2014-08-30 06:41:59,5.17343972222222,386,47.52,192.672,7200,240,Z:\SPART-WORK\Data\Voyager\voyager1\mag\48s\reviewed_vim\2014\voyager1_48s_mag-vim_20140101_v01.cdf,C:\Users\Administrator\Documents\FWD_matlab\Voyager_fu\Voyager_Interstellar_Monthly\HighestPrecision_Segments\V1_MAG48s_segment_1148_20140830T013135_20140830T064159.png,ok,
1,1149,2014-08-30 11:04:23,2014-08-30 13:06:48,2.04024027777778,151,47.52,192.671000244141,7200,240,Z:\SPART-WORK\Data\Voyager\voyager1\mag\48s\reviewed_vim\2014\voyager1_48s_mag-vim_20140101_v01.cdf,C:\Users\Administrator\Documents\FWD_matlab\Voyager_fu\Voyager_Interstellar_Monthly\HighestPrecision_Segments\V1_MAG48s_segment_1149_20140830T110423_20140830T130648.png,ok,
1,1150,2014-08-30 23:41:11,2014-08-31 06:36:23,6.91992,518,47.52,145.152,7200,240,Z:\SPART-WORK\Data\Voyager\voyager1\mag\48s\reviewed_vim\2014\voyager1_48s_mag-vim_20140101_v01.cdf,C:\Users\Administrator\Documents\FWD_matlab\Voyager_fu\Voyager_Interstellar_Monthly\HighestPrecision_Segments\V1_MAG48s_segment_1150_20140830T234111_20140831T063623.png,ok,
1,1151,2014-08-31 08:54:47,2014-08-31 13:00:22,4.09320027777778,308,47.52,49.249,7200,240,Z:\SPART-WORK\Data\Voyager\voyager1\mag\48s\reviewed_vim\2014\voyager1_48s_mag-vim_20140101_v01.cdf,C:\Users\Administrator\Documents\FWD_matlab\Voyager_fu\Voyager_Interstellar_Monthly\HighestPrecision_Segments\V1_MAG48s_segment_1151_20140831T085447_20140831T130022.png,ok,
1,1152,2014-09-01 03:12:23,2014-09-01 06:35:35,3.38664,253,47.52,144.287,7200,240,Z:\SPART-WORK\Data\Voyager\voyager1\mag\48s\reviewed_vim\2014\voyager1_48s_mag-vim_20140101_v01.cdf,C:\Users\Administrator\Documents\FWD_matlab\Voyager_fu\Voyager_Interstellar_Monthly\HighestPrecision_Segments\V1_MAG48s_segment_1152_20140901T031223_20140901T063535.png,ok,
1,1153,2014-09-01 19:01:11,2014-09-01 21:11:34,2.17296,163,47.52,95.905,7200,240,Z:\SPART-WORK\Data\Voyager\voyager1\mag\48s\reviewed_vim\2014\voyager1_48s_mag-vim_20140101_v01.cdf,C:\Users\Administrator\Documents\FWD_matlab\Voyager_fu\Voyager_Interstellar_Monthly\HighestPrecision_Segments\V1_MAG48s_segment_1153_20140901T190111_20140901T211134.png,ok,
1,1154,2014-09-02 03:36:23,2014-09-02 06:30:47,2.90663972222222,216,47.52,192.672,7200,240,Z:\SPART-WORK\Data\Voyager\voyager1\mag\48s\reviewed_vim\2014\voyager1_48s_mag-vim_20140101_v01.cdf,C:\Users\Administrator\Documents\FWD_matlab\Voyager_fu\Voyager_Interstellar_Monthly\HighestPrecision_Segments\V1_MAG48s_segment_1154_20140902T033623_20140902T063047.png,ok,
1,1155,2014-09-02 10:34:00,2014-09-02 12:45:59,2.19983972222222,164,47.52,143.423,7200,240,Z:\SPART-WORK\Data\Voyager\voyager1\mag\48s\reviewed_vim\2014\voyager1_48s_mag-vim_20140101_v01.cdf,C:\Users\Administrator\Documents\FWD_matlab\Voyager_fu\Voyager_Interstellar_Monthly\HighestPrecision_Segments\V1_MAG48s_segment_1155_20140902T103400_20140902T124559.png,ok,
1,1156,2014-09-02 23:37:58,2014-09-03 06:25:59,6.80015972222222,509,47.52,143.425,7200,240,Z:\SPART-WORK\Data\Voyager\voyager1\mag\48s\reviewed_vim\2014\voyager1_48s_mag-vim_20140101_v01.cdf,C:\Users\Administrator\Documents\FWD_matlab\Voyager_fu\Voyager_Interstellar_Monthly\HighestPrecision_Segments\V1_MAG48s_segment_1156_20140902T233758_20140903T062559.png,ok,
1,1157,2014-09-03 11:09:11,2014-09-03 12:45:59,1.61327999993218,120,47.52,143.423000244141,7200,240,Z:\SPART-WORK\Data\Voyager\voyager1\mag\48s\reviewed_vim\2014\voyager1_48s_mag-vim_20140101_v01.cdf,C:\Users\Administrator\Documents\FWD_matlab\Voyager_fu\Voyager_Interstellar_Monthly\HighestPrecision_Segments\V1_MAG48s_segment_1157_20140903T110911_20140903T124559.png,ok,
1,1158,2014-09-04 01:23:34,2014-09-04 06:21:59,4.97351972229004,372,47.52,143.425,7200,240,Z:\SPART-WORK\Data\Voyager\voyager1\mag\48s\reviewed_vim\2014\voyager1_48s_mag-vim_20140101_v01.cdf,C:\Users\Administrator\Documents\FWD_matlab\Voyager_fu\Voyager_Interstellar_Monthly\HighestPrecision_Segments\V1_MAG48s_segment_1158_20140904T012334_20140904T062159.png,ok,
1,1159,2014-09-04 08:49:58,2014-09-04 12:45:59,3.93359972222222,293,47.52,191.808,7200,240,Z:\SPART-WORK\Data\Voyager\voyager1\mag\48s\reviewed_vim\2014\voyager1_48s_mag-vim_20140101_v01.cdf,C:\Users\Administrator\Documents\FWD_matlab\Voyager_fu\Voyager_Interstellar_Monthly\HighestPrecision_Segments\V1_MAG48s_segment_1159_20140904T084958_20140904T124559.png,ok,
1,1160,2014-09-05 02:57:59,2014-09-05 06:21:10,3.38664,254,47.52,95.903,7200,240,Z:\SPART-WORK\Data\Voyager\voyager1\mag\48s\reviewed_vim\2014\voyager1_48s_mag-vim_20140101_v01.cdf,C:\Users\Administrator\Documents\FWD_matlab\Voyager_fu\Voyager_Interstellar_Monthly\HighestPrecision_Segments\V1_MAG48s_segment_1160_20140905T025759_20140905T062110.png,ok,
1,1161,2014-09-05 09:13:59,2014-09-05 12:39:36,3.42672027770996,249,47.52,192.672,7200,240,Z:\SPART-WORK\Data\Voyager\voyager1\mag\48s\reviewed_vim\2014\voyager1_48s_mag-vim_20140101_v01.cdf,C:\Users\Administrator\Documents\FWD_matlab\Voyager_fu\Voyager_Interstellar_Monthly\HighestPrecision_Segments\V1_MAG48s_segment_1161_20140905T091359_20140905T123936.png,ok,
1,1162,2014-09-05 19:12:24,2014-09-06 06:15:34,11.05296,805,47.52,816.479,7200,240,Z:\SPART-WORK\Data\Voyager\voyager1\mag\48s\reviewed_vim\2014\voyager1_48s_mag-vim_20140101_v01.cdf,C:\Users\Administrator\Documents\FWD_matlab\Voyager_fu\Voyager_Interstellar_Monthly\HighestPrecision_Segments\V1_MAG48s_segment_1162_20140905T191224_20140906T061534.png,ok,
1,1163,2014-09-06 20:59:34,2014-09-07 06:12:23,9.21360027777778,689,47.52,192.672,7200,240,Z:\SPART-WORK\Data\Voyager\voyager1\mag\48s\reviewed_vim\2014\voyager1_48s_mag-vim_20140101_v01.cdf,C:\Users\Administrator\Documents\FWD_matlab\Voyager_fu\Voyager_Interstellar_Monthly\HighestPrecision_Segments\V1_MAG48s_segment_1163_20140906T205934_20140907T061223.png,ok,
1,1164,2014-09-07 10:56:23,2014-09-07 12:29:59,1.56,116,47.52,144.288,7200,240,Z:\SPART-WORK\Data\Voyager\voyager1\mag\48s\reviewed_vim\2014\voyager1_48s_mag-vim_20140101_v01.cdf,C:\Users\Administrator\Documents\FWD_matlab\Voyager_fu\Voyager_Interstellar_Monthly\HighestPrecision_Segments\V1_MAG48s_segment_1164_20140907T105623_20140907T122959.png,ok,
1,1165,2014-09-08 01:41:11,2014-09-08 02:05:59,0.413280277709961,29,47.52,192.672,7200,240,Z:\SPART-WORK\Data\Voyager\voyager1\mag\48s\reviewed_vim\2014\voyager1_48s_mag-vim_20140101_v01.cdf,C:\Users\Administrator\Documents\FWD_matlab\Voyager_fu\Voyager_Interstellar_Monthly\HighestPrecision_Segments\V1_MAG48s_segment_1165_20140908T014111_20140908T020559.png,ok,
1,1166,2014-09-08 05:18:46,2014-09-08 06:05:11,0.77352,59,47.52,49.249,7200,240,Z:\SPART-WORK\Data\Voyager\voyager1\mag\48s\reviewed_vim\2014\voyager1_48s_mag-vim_20140101_v01.cdf,C:\Users\Administrator\Documents\FWD_matlab\Voyager_fu\Voyager_Interstellar_Monthly\HighestPrecision_Segments\V1_MAG48s_segment_1166_20140908T051846_20140908T060511.png,ok,
1,1167,2014-09-08 23:07:35,2014-09-09 01:27:34,2.33304027777778,173,47.52,190.944,7200,240,Z:\SPART-WORK\Data\Voyager\voyager1\mag\48s\reviewed_vim\2014\voyager1_48s_mag-vim_20140101_v01.cdf,C:\Users\Administrator\Documents\FWD_matlab\Voyager_fu\Voyager_Interstellar_Monthly\HighestPrecision_Segments\V1_MAG48s_segment_1167_20140908T230735_20140909T012734.png,ok,
1,1168,2014-09-09 05:31:35,2014-09-09 07:05:58,1.57319999993218,54,47.52,2832.192,7200,240,Z:\SPART-WORK\Data\Voyager\voyager1\mag\48s\reviewed_vim\2014\voyager1_48s_mag-vim_20140101_v01.cdf,C:\Users\Administrator\Documents\FWD_matlab\Voyager_fu\Voyager_Interstellar_Monthly\HighestPrecision_Segments\V1_MAG48s_segment_1168_20140909T053135_20140909T070558.png,ok,
1,1169,2014-09-09 09:51:35,2014-09-09 13:05:58,3.23975972222222,244,47.52,49.249,7200,240,Z:\SPART-WORK\Data\Voyager\voyager1\mag\48s\reviewed_vim\2014\voyager1_48s_mag-vim_20140101_v01.cdf,C:\Users\Administrator\Documents\FWD_matlab\Voyager_fu\Voyager_Interstellar_Monthly\HighestPrecision_Segments\V1_MAG48s_segment_1169_20140909T095135_20140909T130558.png,ok,
1,1170,2014-09-10 01:50:46,2014-09-10 02:08:23,0.293519722222222,20,47.52,192.672,7200,240,Z:\SPART-WORK\Data\Voyager\voyager1\mag\48s\reviewed_vim\2014\voyager1_48s_mag-vim_20140101_v01.cdf,C:\Users\Administrator\Documents\FWD_matlab\Voyager_fu\Voyager_Interstellar_Monthly\HighestPrecision_Segments\V1_MAG48s_segment_1170_20140910T015046_20140910T020823.png,ok,
1,1171,2014-09-10 05:18:46,2014-09-10 05:59:34,0.680159722222222,48,47.52,240.193,7200,240,Z:\SPART-WORK\Data\Voyager\voyager1\mag\48s\reviewed_vim\2014\voyager1_48s_mag-vim_20140101_v01.cdf,C:\Users\Administrator\Documents\FWD_matlab\Voyager_fu\Voyager_Interstellar_Monthly\HighestPrecision_Segments\V1_MAG48s_segment_1171_20140910T051846_20140910T055934.png,ok,
1,1172,2014-09-10 08:19:35,2014-09-10 12:20:23,4.01328027777778,300,47.52,143.425,7200,240,Z:\SPART-WORK\Data\Voyager\voyager1\mag\48s\reviewed_vim\2014\voyager1_48s_mag-vim_20140101_v01.cdf,C:\Users\Administrator\Documents\FWD_matlab\Voyager_fu\Voyager_Interstellar_Monthly\HighestPrecision_Segments\V1_MAG48s_segment_1172_20140910T081935_20140910T122023.png,ok,
1,1173,2014-09-11 01:39:34,2014-09-11 01:49:10,0.160079722222222,11,47.9515,143.424999755859,7200,240,Z:\SPART-WORK\Data\Voyager\voyager1\mag\48s\reviewed_vim\2014\voyager1_48s_mag-vim_20140101_v01.cdf,C:\Users\Administrator\Documents\FWD_matlab\Voyager_fu\Voyager_Interstellar_Monthly\HighestPrecision_Segments\V1_MAG48s_segment_1173_20140911T013934_20140911T014910.png,ok,
1,1174,2014-09-11 05:22:46,2014-09-11 05:54:47,0.533519722222222,41,47.52,49.249,7200,240,Z:\SPART-WORK\Data\Voyager\voyager1\mag\48s\reviewed_vim\2014\voyager1_48s_mag-vim_20140101_v01.cdf,C:\Users\Administrator\Documents\FWD_matlab\Voyager_fu\Voyager_Interstellar_Monthly\HighestPrecision_Segments\V1_MAG48s_segment_1174_20140911T052246_20140911T055447.png,ok,
1,1175,2014-09-12 00:16:23,2014-09-12 00:37:59,0.359999722222222,26,47.52,144.287,7200,240,Z:\SPART-WORK\Data\Voyager\voyager1\mag\48s\reviewed_vim\2014\voyager1_48s_mag-vim_20140101_v01.cdf,C:\Users\Administrator\Documents\FWD_matlab\Voyager_fu\Voyager_Interstellar_Monthly\HighestPrecision_Segments\V1_MAG48s_segment_1175_20140912T001623_20140912T003759.png,ok,
1,1176,2014-09-12 05:07:35,2014-09-12 05:49:58,0.706320277777778,54,47.52,49.249,7200,240,Z:\SPART-WORK\Data\Voyager\voyager1\mag\48s\reviewed_vim\2014\voyager1_48s_mag-vim_20140101_v01.cdf,C:\Users\Administrator\Documents\FWD_matlab\Voyager_fu\Voyager_Interstellar_Monthly\HighestPrecision_Segments\V1_MAG48s_segment_1176_20140912T050735_20140912T054958.png,ok,
1,1177,2014-09-13 01:42:47,2014-09-13 05:44:21,4.02624027777778,301,47.5209997558594,145.151,7200,240,Z:\SPART-WORK\Data\Voyager\voyager1\mag\48s\reviewed_vim\2014\voyager1_48s_mag-vim_20140101_v01.cdf,C:\Users\Administrator\Documents\FWD_matlab\Voyager_fu\Voyager_Interstellar_Monthly\HighestPrecision_Segments\V1_MAG48s_segment_1177_20140913T014247_20140913T054421.png,ok,
1,1178,2014-09-13 10:09:57,2014-09-13 12:09:58,2.0004,150,47.5209997558594,97.632,7200,240,Z:\SPART-WORK\Data\Voyager\voyager1\mag\48s\reviewed_vim\2014\voyager1_48s_mag-vim_20140101_v01.cdf,C:\Users\Administrator\Documents\FWD_matlab\Voyager_fu\Voyager_Interstellar_Monthly\HighestPrecision_Segments\V1_MAG48s_segment_1178_20140913T100957_20140913T120958.png,ok,
1,1179,2014-09-13 23:20:21,2014-09-14 05:45:58,6.42696,480,47.5209997558594,192.672,7200,240,Z:\SPART-WORK\Data\Voyager\voyager1\mag\48s\reviewed_vim\2014\voyager1_48s_mag-vim_20140101_v01.cdf,C:\Users\Administrator\Documents\FWD_matlab\Voyager_fu\Voyager_Interstellar_Monthly\HighestPrecision_Segments\V1_MAG48s_segment_1179_20140913T232021_20140914T054558.png,ok,
1,1180,2014-09-14 10:21:10,2014-09-14 12:02:45,1.69319972222222,128,47.5209997558594,50.113,7200,240,Z:\SPART-WORK\Data\Voyager\voyager1\mag\48s\reviewed_vim\2014\voyager1_48s_mag-vim_20140101_v01.cdf,C:\Users\Administrator\Documents\FWD_matlab\Voyager_fu\Voyager_Interstellar_Monthly\HighestPrecision_Segments\V1_MAG48s_segment_1180_20140914T102110_20140914T120245.png,ok,
1,1181,2014-09-15 00:59:35,2014-09-15 01:17:10,0.293039722222222,22,47.521,95.04,7200,240,Z:\SPART-WORK\Data\Voyager\voyager1\mag\48s\reviewed_vim\2014\voyager1_48s_mag-vim_20140101_v01.cdf,C:\Users\Administrator\Documents\FWD_matlab\Voyager_fu\Voyager_Interstellar_Monthly\HighestPrecision_Segments\V1_MAG48s_segment_1181_20140915T005935_20140915T011710.png,ok,
1,1182,2014-09-15 04:51:34,2014-09-15 05:33:11,0.693600277709961,53,47.5209997558594,50.113,7200,240,Z:\SPART-WORK\Data\Voyager\voyager1\mag\48s\reviewed_vim\2014\voyager1_48s_mag-vim_20140101_v01.cdf,C:\Users\Administrator\Documents\FWD_matlab\Voyager_fu\Voyager_Interstellar_Monthly\HighestPrecision_Segments\V1_MAG48s_segment_1182_20140915T045134_20140915T053311.png,ok,
1,1183,2014-09-15 09:15:33,2014-09-15 11:51:33,2.60016,96,47.521,4558.46300024414,7200,240,Z:\SPART-WORK\Data\Voyager\voyager1\mag\48s\reviewed_vim\2014\voyager1_48s_mag-vim_20140101_v01.cdf,C:\Users\Administrator\Documents\FWD_matlab\Voyager_fu\Voyager_Interstellar_Monthly\HighestPrecision_Segments\V1_MAG48s_segment_1183_20140915T091533_20140915T115133.png,ok,
1,1184,2014-09-16 00:49:58,2014-09-16 01:17:10,0.45336,34,47.5209997558594,97.632,7200,240,Z:\SPART-WORK\Data\Voyager\voyager1\mag\48s\reviewed_vim\2014\voyager1_48s_mag-vim_20140101_v01.cdf,C:\Users\Administrator\Documents\FWD_matlab\Voyager_fu\Voyager_Interstellar_Monthly\HighestPrecision_Segments\V1_MAG48s_segment_1184_20140916T004958_20140916T011710.png,ok,
1,1185,2014-09-16 04:50:46,2014-09-16 05:33:11,0.7068,54,47.5209997558594,50.113,7200,240,Z:\SPART-WORK\Data\Voyager\voyager1\mag\48s\reviewed_vim\2014\voyager1_48s_mag-vim_20140101_v01.cdf,C:\Users\Administrator\Documents\FWD_matlab\Voyager_fu\Voyager_Interstellar_Monthly\HighestPrecision_Segments\V1_MAG48s_segment_1185_20140916T045046_20140916T053311.png,ok,
1,1186,2014-09-16 09:37:58,2014-09-16 11:52:21,2.23968000006782,161,47.5209997558594,335.233,7200,240,Z:\SPART-WORK\Data\Voyager\voyager1\mag\48s\reviewed_vim\2014\voyager1_48s_mag-vim_20140101_v01.cdf,C:\Users\Administrator\Documents\FWD_matlab\Voyager_fu\Voyager_Interstellar_Monthly\HighestPrecision_Segments\V1_MAG48s_segment_1186_20140916T093758_20140916T115221.png,ok,
1,1187,2014-09-17 03:17:10,2014-09-17 05:04:21,1.78632,132,47.5209997558594,192.672,7200,240,Z:\SPART-WORK\Data\Voyager\voyager1\mag\48s\reviewed_vim\2014\voyager1_48s_mag-vim_20140101_v01.cdf,C:\Users\Administrator\Documents\FWD_matlab\Voyager_fu\Voyager_Interstellar_Monthly\HighestPrecision_Segments\V1_MAG48s_segment_1187_20140917T031710_20140917T050421.png,ok,
1,1188,2014-09-17 10:42:47,2014-09-17 12:53:10,2.17320000006782,164,47.5209997558594,50.113,7200,240,Z:\SPART-WORK\Data\Voyager\voyager1\mag\48s\reviewed_vim\2014\voyager1_48s_mag-vim_20140101_v01.cdf,C:\Users\Administrator\Documents\FWD_matlab\Voyager_fu\Voyager_Interstellar_Monthly\HighestPrecision_Segments\V1_MAG48s_segment_1188_20140917T104247_20140917T125310.png,ok,
1,1189,2014-09-18 00:56:22,2014-09-18 05:23:34,4.45319972222222,334,47.5209997558594,95.04,7200,240,Z:\SPART-WORK\Data\Voyager\voyager1\mag\48s\reviewed_vim\2014\voyager1_48s_mag-vim_20140101_v01.cdf,C:\Users\Administrator\Documents\FWD_matlab\Voyager_fu\Voyager_Interstellar_Monthly\HighestPrecision_Segments\V1_MAG48s_segment_1189_20140918T005622_20140918T052334.png,ok,
1,1190,2014-09-18 08:46:45,2014-09-18 11:48:21,3.0264,227,47.5209997558594,95.04,7200,240,Z:\SPART-WORK\Data\Voyager\voyager1\mag\48s\reviewed_vim\2014\voyager1_48s_mag-vim_20140101_v01.cdf,C:\Users\Administrator\Documents\FWD_matlab\Voyager_fu\Voyager_Interstellar_Monthly\HighestPrecision_Segments\V1_MAG48s_segment_1190_20140918T084645_20140918T114821.png,ok,
1,1191,2014-09-19 02:29:11,2014-09-19 05:22:46,2.89296,215,47.5209998779297,191.807000244141,7200,240,Z:\SPART-WORK\Data\Voyager\voyager1\mag\48s\reviewed_vim\2014\voyager1_48s_mag-vim_20140101_v01.cdf,C:\Users\Administrator\Documents\FWD_matlab\Voyager_fu\Voyager_Interstellar_Monthly\HighestPrecision_Segments\V1_MAG48s_segment_1191_20140919T022911_20140919T052246.png,ok,
1,1192,2014-09-19 08:13:09,2014-09-19 11:42:46,3.49368027777778,263,47.5209997558594,50.113,7200,240,Z:\SPART-WORK\Data\Voyager\voyager1\mag\48s\reviewed_vim\2014\voyager1_48s_mag-vim_20140101_v01.cdf,C:\Users\Administrator\Documents\FWD_matlab\Voyager_fu\Voyager_Interstellar_Monthly\HighestPrecision_Segments\V1_MAG48s_segment_1192_20140919T081309_20140919T114246.png,ok,
1,1193,2014-09-20 01:09:09,2014-09-20 05:17:09,4.13328027770996,308,47.5209997558594,190.08,7200,240,Z:\SPART-WORK\Data\Voyager\voyager1\mag\48s\reviewed_vim\2014\voyager1_48s_mag-vim_20140101_v01.cdf,C:\Users\Administrator\Documents\FWD_matlab\Voyager_fu\Voyager_Interstellar_Monthly\HighestPrecision_Segments\V1_MAG48s_segment_1193_20140920T010909_20140920T051709.png,ok,
1,1194,2014-09-20 08:27:34,2014-09-20 11:37:11,3.16031972222222,230,47.5209997558594,287.712,7200,240,Z:\SPART-WORK\Data\Voyager\voyager1\mag\48s\reviewed_vim\2014\voyager1_48s_mag-vim_20140101_v01.cdf,C:\Users\Administrator\Documents\FWD_matlab\Voyager_fu\Voyager_Interstellar_Monthly\HighestPrecision_Segments\V1_MAG48s_segment_1194_20140920T082734_20140920T113711.png,ok,
1,1195,2014-09-21 02:48:21,2014-09-21 05:06:46,2.30711972222222,134,47.521,1054.945,7200,240,Z:\SPART-WORK\Data\Voyager\voyager1\mag\48s\reviewed_vim\2014\voyager1_48s_mag-vim_20140101_v01.cdf,C:\Users\Administrator\Documents\FWD_matlab\Voyager_fu\Voyager_Interstellar_Monthly\HighestPrecision_Segments\V1_MAG48s_segment_1195_20140921T024821_20140921T050646.png,ok,
1,1196,2014-09-21 10:45:09,2014-09-21 12:36:23,1.85375972229004,139,47.521,97.632,7200,240,Z:\SPART-WORK\Data\Voyager\voyager1\mag\48s\reviewed_vim\2014\voyager1_48s_mag-vim_20140101_v01.cdf,C:\Users\Administrator\Documents\FWD_matlab\Voyager_fu\Voyager_Interstellar_Monthly\HighestPrecision_Segments\V1_MAG48s_segment_1196_20140921T104509_20140921T123623.png,ok,
1,1197,2014-09-22 01:07:35,2014-09-22 05:57:11,4.82663972222222,363,47.5209997558594,50.113,7200,240,Z:\SPART-WORK\Data\Voyager\voyager1\mag\48s\reviewed_vim\2014\voyager1_48s_mag-vim_20140101_v01.cdf,C:\Users\Administrator\Documents\FWD_matlab\Voyager_fu\Voyager_Interstellar_Monthly\HighestPrecision_Segments\V1_MAG48s_segment_1197_20140922T010735_20140922T055711.png,ok,
1,1198,2014-09-23 00:41:57,2014-09-23 05:07:34,4.42680027770996,331,47.5209997558594,145.151,7200,240,Z:\SPART-WORK\Data\Voyager\voyager1\mag\48s\reviewed_vim\2014\voyager1_48s_mag-vim_20140101_v01.cdf,C:\Users\Administrator\Documents\FWD_matlab\Voyager_fu\Voyager_Interstellar_Monthly\HighestPrecision_Segments\V1_MAG48s_segment_1198_20140923T004157_20140923T050734.png,ok,
1,1199,2014-09-23 10:27:34,2014-09-23 12:31:33,2.06616,154,47.521,145.151,7200,240,Z:\SPART-WORK\Data\Voyager\voyager1\mag\48s\reviewed_vim\2014\voyager1_48s_mag-vim_20140101_v01.cdf,C:\Users\Administrator\Documents\FWD_matlab\Voyager_fu\Voyager_Interstellar_Monthly\HighestPrecision_Segments\V1_MAG48s_segment_1199_20140923T102734_20140923T123133.png,ok,
1,1200,2014-09-24 00:49:58,2014-09-24 04:58:47,4.14696027777778,309,47.5209997558594,189.217,7200,240,Z:\SPART-WORK\Data\Voyager\voyager1\mag\48s\reviewed_vim\2014\voyager1_48s_mag-vim_20140101_v01.cdf,C:\Users\Administrator\Documents\FWD_matlab\Voyager_fu\Voyager_Interstellar_Monthly\HighestPrecision_Segments\V1_MAG48s_segment_1200_20140924T004958_20140924T045847.png,ok,
1,1201,2014-09-25 01:05:57,2014-09-25 05:03:34,3.96024,295,47.5209997558594,189.215,7200,240,Z:\SPART-WORK\Data\Voyager\voyager1\mag\48s\reviewed_vim\2014\voyager1_48s_mag-vim_20140101_v01.cdf,C:\Users\Administrator\Documents\FWD_matlab\Voyager_fu\Voyager_Interstellar_Monthly\HighestPrecision_Segments\V1_MAG48s_segment_1201_20140925T010557_20140925T050334.png,ok,
1,1202,2014-09-25 22:49:56,2014-09-26 04:45:57,5.93351999993218,446,47.5209997558594,50.113,7200,240,Z:\SPART-WORK\Data\Voyager\voyager1\mag\48s\reviewed_vim\2014\voyager1_48s_mag-vim_20140101_v01.cdf,C:\Users\Administrator\Documents\FWD_matlab\Voyager_fu\Voyager_Interstellar_Monthly\HighestPrecision_Segments\V1_MAG48s_segment_1202_20140925T224956_20140926T044557.png,ok,
1,1203,2014-09-27 00:49:58,2014-09-27 04:45:09,3.91992027777778,270,47.5209997558594,672.193,7200,240,Z:\SPART-WORK\Data\Voyager\voyager1\mag\48s\reviewed_vim\2014\voyager1_48s_mag-vim_20140101_v01.cdf,C:\Users\Administrator\Documents\FWD_matlab\Voyager_fu\Voyager_Interstellar_Monthly\HighestPrecision_Segments\V1_MAG48s_segment_1203_20140927T004958_20140927T044509.png,ok,
1,1204,2014-09-28 00:05:11,2014-09-28 04:45:09,4.66632,341,47.5209997558594,337.824999755859,7200,240,Z:\SPART-WORK\Data\Voyager\voyager1\mag\48s\reviewed_vim\2014\voyager1_48s_mag-vim_20140101_v01.cdf,C:\Users\Administrator\Documents\FWD_matlab\Voyager_fu\Voyager_Interstellar_Monthly\HighestPrecision_Segments\V1_MAG48s_segment_1204_20140928T000511_20140928T044509.png,ok,
1,1205,2014-09-28 09:52:23,2014-09-28 10:56:21,1.06631972222222,79,47.5209997558594,144.287999755859,7200,240,Z:\SPART-WORK\Data\Voyager\voyager1\mag\48s\reviewed_vim\2014\voyager1_48s_mag-vim_20140101_v01.cdf,C:\Users\Administrator\Documents\FWD_matlab\Voyager_fu\Voyager_Interstellar_Monthly\HighestPrecision_Segments\V1_MAG48s_segment_1205_20140928T095223_20140928T105621.png,ok,
1,1206,2014-09-29 00:25:58,2014-09-29 04:41:09,4.25304,320,47.5209997558594,50.113,7200,240,Z:\SPART-WORK\Data\Voyager\voyager1\mag\48s\reviewed_vim\2014\voyager1_48s_mag-vim_20140101_v01.cdf,C:\Users\Administrator\Documents\FWD_matlab\Voyager_fu\Voyager_Interstellar_Monthly\HighestPrecision_Segments\V1_MAG48s_segment_1206_20140929T002558_20140929T044109.png,ok,
1,1207,2014-09-29 23:41:11,2014-09-30 04:35:35,4.90655972222222,369,47.5209997558594,50.113,7200,240,Z:\SPART-WORK\Data\Voyager\voyager1\mag\48s\reviewed_vim\2014\voyager1_48s_mag-vim_20140101_v01.cdf,C:\Users\Administrator\Documents\FWD_matlab\Voyager_fu\Voyager_Interstellar_Monthly\HighestPrecision_Segments\V1_MAG48s_segment_1207_20140929T234111_20140930T043535.png,ok,
1,1208,2014-09-30 21:20:23,2014-10-01 04:30:47,7.17335972222222,537,47.5209997558594,142.561,7200,240,Z:\SPART-WORK\Data\Voyager\voyager1\mag\48s\reviewed_vim\2014\voyager1_48s_mag-vim_20140101_v01.cdf,C:\Users\Administrator\Documents\FWD_matlab\Voyager_fu\Voyager_Interstellar_Monthly\HighestPrecision_Segments\V1_MAG48s_segment_1208_20140930T212023_20141001T043047.png,ok,
1,1209,2014-10-01 21:42:45,2014-10-02 04:25:09,6.7068,502,47.5209997558594,145.152999755859,7200,240,Z:\SPART-WORK\Data\Voyager\voyager1\mag\48s\reviewed_vim\2014\voyager1_48s_mag-vim_20140101_v01.cdf,C:\Users\Administrator\Documents\FWD_matlab\Voyager_fu\Voyager_Interstellar_Monthly\HighestPrecision_Segments\V1_MAG48s_segment_1209_20141001T214245_20141002T042509.png,ok,
1,1210,2014-10-02 06:35:33,2014-10-02 10:34:47,3.98736,299,47.5209997558594,97.632,7200,240,Z:\SPART-WORK\Data\Voyager\voyager1\mag\48s\reviewed_vim\2014\voyager1_48s_mag-vim_20140101_v01.cdf,C:\Users\Administrator\Documents\FWD_matlab\Voyager_fu\Voyager_Interstellar_Monthly\HighestPrecision_Segments\V1_MAG48s_segment_1210_20141002T063533_20141002T103447.png,ok,
1,1211,2014-10-03 09:25:11,2014-10-03 11:45:58,2.34647972222222,174,47.5209997558594,191.807,7200,240,Z:\SPART-WORK\Data\Voyager\voyager1\mag\48s\reviewed_vim\2014\voyager1_48s_mag-vim_20140101_v01.cdf,C:\Users\Administrator\Documents\FWD_matlab\Voyager_fu\Voyager_Interstellar_Monthly\HighestPrecision_Segments\V1_MAG48s_segment_1211_20141003T092511_20141003T114558.png,ok,
1,1212,2014-10-03 23:53:58,2014-10-04 04:19:35,4.42680027777778,331,47.5209997558594,145.151,7200,240,Z:\SPART-WORK\Data\Voyager\voyager1\mag\48s\reviewed_vim\2014\voyager1_48s_mag-vim_20140101_v01.cdf,C:\Users\Administrator\Documents\FWD_matlab\Voyager_fu\Voyager_Interstellar_Monthly\HighestPrecision_Segments\V1_MAG48s_segment_1212_20141003T235358_20141004T041935.png,ok,
1,1213,2014-10-04 07:12:22,2014-10-04 10:26:47,3.24024027777778,244,47.5209997558594,50.113,7200,240,Z:\SPART-WORK\Data\Voyager\voyager1\mag\48s\reviewed_vim\2014\voyager1_48s_mag-vim_20140101_v01.cdf,C:\Users\Administrator\Documents\FWD_matlab\Voyager_fu\Voyager_Interstellar_Monthly\HighestPrecision_Segments\V1_MAG48s_segment_1213_20141004T071222_20141004T102647.png,ok,
1,1214,2014-10-05 00:06:46,2014-10-05 04:14:45,4.13304,309,47.5209997558594,145.153,7200,240,Z:\SPART-WORK\Data\Voyager\voyager1\mag\48s\reviewed_vim\2014\voyager1_48s_mag-vim_20140101_v01.cdf,C:\Users\Administrator\Documents\FWD_matlab\Voyager_fu\Voyager_Interstellar_Monthly\HighestPrecision_Segments\V1_MAG48s_segment_1214_20141005T000646_20141005T041445.png,ok,
1,1215,2014-10-05 07:31:35,2014-10-05 10:19:35,2.80008,209,47.5209997558594,145.153,7200,240,Z:\SPART-WORK\Data\Voyager\voyager1\mag\48s\reviewed_vim\2014\voyager1_48s_mag-vim_20140101_v01.cdf,C:\Users\Administrator\Documents\FWD_matlab\Voyager_fu\Voyager_Interstellar_Monthly\HighestPrecision_Segments\V1_MAG48s_segment_1215_20141005T073135_20141005T101935.png,ok,
1,1216,2014-10-05 23:45:58,2014-10-06 04:09:09,4.38648000006782,327,47.5209997558594,192.672,7200,240,Z:\SPART-WORK\Data\Voyager\voyager1\mag\48s\reviewed_vim\2014\voyager1_48s_mag-vim_20140101_v01.cdf,C:\Users\Administrator\Documents\FWD_matlab\Voyager_fu\Voyager_Interstellar_Monthly\HighestPrecision_Segments\V1_MAG48s_segment_1216_20141005T234558_20141006T040909.png,ok,
1,1217,2014-10-06 08:14:47,2014-10-06 10:18:45,2.06616000006782,153,47.5209997558594,191.809,7200,240,Z:\SPART-WORK\Data\Voyager\voyager1\mag\48s\reviewed_vim\2014\voyager1_48s_mag-vim_20140101_v01.cdf,C:\Users\Administrator\Documents\FWD_matlab\Voyager_fu\Voyager_Interstellar_Monthly\HighestPrecision_Segments\V1_MAG48s_segment_1217_20141006T081447_20141006T101845.png,ok,
1,1218,2014-10-07 00:45:10,2014-10-07 05:29:59,4.74696,329,47.5209997558594,1054.945,7200,240,Z:\SPART-WORK\Data\Voyager\voyager1\mag\48s\reviewed_vim\2014\voyager1_48s_mag-vim_20140101_v01.cdf,C:\Users\Administrator\Documents\FWD_matlab\Voyager_fu\Voyager_Interstellar_Monthly\HighestPrecision_Segments\V1_MAG48s_segment_1218_20141007T004510_20141007T052959.png,ok,
1,1219,2014-10-07 08:15:34,2014-10-07 10:13:09,1.95984,141,47.5209997558594,240.191,7200,240,Z:\SPART-WORK\Data\Voyager\voyager1\mag\48s\reviewed_vim\2014\voyager1_48s_mag-vim_20140101_v01.cdf,C:\Users\Administrator\Documents\FWD_matlab\Voyager_fu\Voyager_Interstellar_Monthly\HighestPrecision_Segments\V1_MAG48s_segment_1219_20141007T081534_20141007T101309.png,ok,
1,1220,2014-10-08 02:09:59,2014-10-08 04:07:35,1.96008027770996,138,47.5209997558594,337.825,7200,240,Z:\SPART-WORK\Data\Voyager\voyager1\mag\48s\reviewed_vim\2014\voyager1_48s_mag-vim_20140101_v01.cdf,C:\Users\Administrator\Documents\FWD_matlab\Voyager_fu\Voyager_Interstellar_Monthly\HighestPrecision_Segments\V1_MAG48s_segment_1220_20141008T020959_20141008T040735.png,ok,
1,1221,2014-10-08 11:50:46,2014-10-08 16:33:10,4.70664027777778,352,47.5209997558594,145.151,7200,240,Z:\SPART-WORK\Data\Voyager\voyager1\mag\48s\reviewed_vim\2014\voyager1_48s_mag-vim_20140101_v01.cdf,C:\Users\Administrator\Documents\FWD_matlab\Voyager_fu\Voyager_Interstellar_Monthly\HighestPrecision_Segments\V1_MAG48s_segment_1221_20141008T115046_20141008T163310.png,ok,
1,1222,2014-10-08 23:42:46,2014-10-09 03:59:35,4.28016,321,47.5209997558594,95.04,7200,240,Z:\SPART-WORK\Data\Voyager\voyager1\mag\48s\reviewed_vim\2014\voyager1_48s_mag-vim_20140101_v01.cdf,C:\Users\Administrator\Documents\FWD_matlab\Voyager_fu\Voyager_Interstellar_Monthly\HighestPrecision_Segments\V1_MAG48s_segment_1222_20141008T234246_20141009T035935.png,ok,
1,1223,2014-10-09 23:52:21,2014-10-10 03:53:10,4.01376,301,47.5209997558594,97.6319997558594,7200,240,Z:\SPART-WORK\Data\Voyager\voyager1\mag\48s\reviewed_vim\2014\voyager1_48s_mag-vim_20140101_v01.cdf,C:\Users\Administrator\Documents\FWD_matlab\Voyager_fu\Voyager_Interstellar_Monthly\HighestPrecision_Segments\V1_MAG48s_segment_1223_20141009T235221_20141010T035310.png,ok,
1,1224,2014-10-10 11:53:58,2014-10-10 16:17:57,4.39968027777778,331,47.5209997558594,50.113,7200,240,Z:\SPART-WORK\Data\Voyager\voyager1\mag\48s\reviewed_vim\2014\voyager1_48s_mag-vim_20140101_v01.cdf,C:\Users\Administrator\Documents\FWD_matlab\Voyager_fu\Voyager_Interstellar_Monthly\HighestPrecision_Segments\V1_MAG48s_segment_1224_20141010T115358_20141010T161757.png,ok,
1,1225,2014-10-11 02:06:46,2014-10-11 03:51:33,1.74624,131,47.5209998779297,95.0400002441406,7200,240,Z:\SPART-WORK\Data\Voyager\voyager1\mag\48s\reviewed_vim\2014\voyager1_48s_mag-vim_20140101_v01.cdf,C:\Users\Administrator\Documents\FWD_matlab\Voyager_fu\Voyager_Interstellar_Monthly\HighestPrecision_Segments\V1_MAG48s_segment_1225_20141011T020646_20141011T035133.png,ok,
1,1226,2014-10-11 23:42:46,2014-10-12 03:48:23,4.09343972222222,305,47.5209997558594,191.807,7200,240,Z:\SPART-WORK\Data\Voyager\voyager1\mag\48s\reviewed_vim\2014\voyager1_48s_mag-vim_20140101_v01.cdf,C:\Users\Administrator\Documents\FWD_matlab\Voyager_fu\Voyager_Interstellar_Monthly\HighestPrecision_Segments\V1_MAG48s_segment_1226_20141011T234246_20141012T034823.png,ok,
1,1227,2014-10-13 01:04:22,2014-10-13 05:02:47,3.97343972229004,297,47.5209997558594,145.153,7200,240,Z:\SPART-WORK\Data\Voyager\voyager1\mag\48s\reviewed_vim\2014\voyager1_48s_mag-vim_20140101_v01.cdf,C:\Users\Administrator\Documents\FWD_matlab\Voyager_fu\Voyager_Interstellar_Monthly\HighestPrecision_Segments\V1_MAG48s_segment_1227_20141013T010422_20141013T050247.png,ok,
1,1228,2014-10-14 00:14:45,2014-10-14 04:17:57,4.05336027777778,288,47.5209997558594,577.153,7200,240,Z:\SPART-WORK\Data\Voyager\voyager1\mag\48s\reviewed_vim\2014\voyager1_48s_mag-vim_20140101_v01.cdf,C:\Users\Administrator\Documents\FWD_matlab\Voyager_fu\Voyager_Interstellar_Monthly\HighestPrecision_Segments\V1_MAG48s_segment_1228_20141014T001445_20141014T041757.png,ok,
1,1229,2014-10-14 12:05:11,2014-10-14 16:09:09,4.06631972229004,229,47.5209997558594,3697.05699975586,7200,240,Z:\SPART-WORK\Data\Voyager\voyager1\mag\48s\reviewed_vim\2014\voyager1_48s_mag-vim_20140101_v01.cdf,C:\Users\Administrator\Documents\FWD_matlab\Voyager_fu\Voyager_Interstellar_Monthly\HighestPrecision_Segments\V1_MAG48s_segment_1229_20141014T120511_20141014T160909.png,ok,
1,1230,2014-10-15 00:11:33,2014-10-15 03:32:23,3.34704,249,47.5209997558594,189.215000244141,7200,240,Z:\SPART-WORK\Data\Voyager\voyager1\mag\48s\reviewed_vim\2014\voyager1_48s_mag-vim_20140101_v01.cdf,C:\Users\Administrator\Documents\FWD_matlab\Voyager_fu\Voyager_Interstellar_Monthly\HighestPrecision_Segments\V1_MAG48s_segment_1230_20141015T001133_20141015T033223.png,ok,
1,1231,2014-10-15 21:28:22,2014-10-16 03:28:22,6,450,47.5209997558594,95.04,7200,240,Z:\SPART-WORK\Data\Voyager\voyager1\mag\48s\reviewed_vim\2014\voyager1_48s_mag-vim_20140101_v01.cdf,C:\Users\Administrator\Documents\FWD_matlab\Voyager_fu\Voyager_Interstellar_Monthly\HighestPrecision_Segments\V1_MAG48s_segment_1231_20141015T212822_20141016T032822.png,ok,
1,1232,2014-10-16 23:20:21,2014-10-17 03:21:58,4.02696027777778,302,47.5209997558594,97.632,7200,240,Z:\SPART-WORK\Data\Voyager\voyager1\mag\48s\reviewed_vim\2014\voyager1_48s_mag-vim_20140101_v01.cdf,C:\Users\Administrator\Documents\FWD_matlab\Voyager_fu\Voyager_Interstellar_Monthly\HighestPrecision_Segments\V1_MAG48s_segment_1232_20141016T232021_20141017T032158.png,ok,
1,1233,2014-10-17 11:44:21,2014-10-17 15:58:45,4.23983972222222,319,47.5209997558594,50.113,7200,240,Z:\SPART-WORK\Data\Voyager\voyager1\mag\48s\reviewed_vim\2014\voyager1_48s_mag-vim_20140101_v01.cdf,C:\Users\Administrator\Documents\FWD_matlab\Voyager_fu\Voyager_Interstellar_Monthly\HighestPrecision_Segments\V1_MAG48s_segment_1233_20141017T114421_20141017T155845.png,ok,
1,1234,2014-10-17 23:17:09,2014-10-18 03:22:45,4.09343972222222,307,47.5209997558594,96.767,7200,240,Z:\SPART-WORK\Data\Voyager\voyager1\mag\48s\reviewed_vim\2014\voyager1_48s_mag-vim_20140101_v01.cdf,C:\Users\Administrator\Documents\FWD_matlab\Voyager_fu\Voyager_Interstellar_Monthly\HighestPrecision_Segments\V1_MAG48s_segment_1234_20141017T231709_20141018T032245.png,ok,
1,1235,2014-10-18 10:11:34,2014-10-18 13:32:22,3.34655972222222,252,47.5209997558594,50.113,7200,240,Z:\SPART-WORK\Data\Voyager\voyager1\mag\48s\reviewed_vim\2014\voyager1_48s_mag-vim_20140101_v01.cdf,C:\Users\Administrator\Documents\FWD_matlab\Voyager_fu\Voyager_Interstellar_Monthly\HighestPrecision_Segments\V1_MAG48s_segment_1235_20141018T101134_20141018T133222.png,ok,
1,1236,2014-10-19 02:14:47,2014-10-19 03:17:58,1.05312000006782,80,47.521,50.113,7200,240,Z:\SPART-WORK\Data\Voyager\voyager1\mag\48s\reviewed_vim\2014\voyager1_48s_mag-vim_20140101_v01.cdf,C:\Users\Administrator\Documents\FWD_matlab\Voyager_fu\Voyager_Interstellar_Monthly\HighestPrecision_Segments\V1_MAG48s_segment_1236_20141019T021447_20141019T031758.png,ok,
1,1237,2014-10-20 00:14:45,2014-10-20 04:21:57,4.12008,309,47.5209997558594,95.0400002441406,7200,240,Z:\SPART-WORK\Data\Voyager\voyager1\mag\48s\reviewed_vim\2014\voyager1_48s_mag-vim_20140101_v01.cdf,C:\Users\Administrator\Documents\FWD_matlab\Voyager_fu\Voyager_Interstellar_Monthly\HighestPrecision_Segments\V1_MAG48s_segment_1237_20141020T001445_20141020T042157.png,ok,
1,1238,2014-10-21 00:32:23,2014-10-21 02:21:08,1.81272,137,47.5209997558594,50.113,7200,240,Z:\SPART-WORK\Data\Voyager\voyager1\mag\48s\reviewed_vim\2014\voyager1_48s_mag-vim_20140101_v01.cdf,C:\Users\Administrator\Documents\FWD_matlab\Voyager_fu\Voyager_Interstellar_Monthly\HighestPrecision_Segments\V1_MAG48s_segment_1238_20141021T003223_20141021T022108.png,ok,
1,1239,2014-10-22 00:11:33,2014-10-22 01:48:22,1.61352,119,47.5209997558594,189.215000244141,7200,240,Z:\SPART-WORK\Data\Voyager\voyager1\mag\48s\reviewed_vim\2014\voyager1_48s_mag-vim_20140101_v01.cdf,C:\Users\Administrator\Documents\FWD_matlab\Voyager_fu\Voyager_Interstellar_Monthly\HighestPrecision_Segments\V1_MAG48s_segment_1239_20141022T001133_20141022T014822.png,ok,
1,1240,2014-10-22 08:29:09,2014-10-22 09:51:33,1.37327972222222,102,47.5209997558594,141.696,7200,240,Z:\SPART-WORK\Data\Voyager\voyager1\mag\48s\reviewed_vim\2014\voyager1_48s_mag-vim_20140101_v01.cdf,C:\Users\Administrator\Documents\FWD_matlab\Voyager_fu\Voyager_Interstellar_Monthly\HighestPrecision_Segments\V1_MAG48s_segment_1240_20141022T082909_20141022T095133.png,ok,
1,1241,2014-10-23 05:12:21,2014-10-23 09:09:11,3.94703972222222,294,47.5209997558594,192.672,7200,240,Z:\SPART-WORK\Data\Voyager\voyager1\mag\48s\reviewed_vim\2014\voyager1_48s_mag-vim_20140101_v01.cdf,C:\Users\Administrator\Documents\FWD_matlab\Voyager_fu\Voyager_Interstellar_Monthly\HighestPrecision_Segments\V1_MAG48s_segment_1241_20141023T051221_20141023T090911.png,ok,
1,1242,2014-10-24 00:29:10,2014-10-24 04:25:57,3.94631972229004,295,47.5209997558594,142.561,7200,240,Z:\SPART-WORK\Data\Voyager\voyager1\mag\48s\reviewed_vim\2014\voyager1_48s_mag-vim_20140101_v01.cdf,C:\Users\Administrator\Documents\FWD_matlab\Voyager_fu\Voyager_Interstellar_Monthly\HighestPrecision_Segments\V1_MAG48s_segment_1242_20141024T002910_20141024T042557.png,ok,
1,1243,2014-10-25 00:24:21,2014-10-25 04:26:44,4.03992027777778,303,47.5209997558594,97.632,7200,240,Z:\SPART-WORK\Data\Voyager\voyager1\mag\48s\reviewed_vim\2014\voyager1_48s_mag-vim_20140101_v01.cdf,C:\Users\Administrator\Documents\FWD_matlab\Voyager_fu\Voyager_Interstellar_Monthly\HighestPrecision_Segments\V1_MAG48s_segment_1243_20141025T002421_20141025T042644.png,ok,
1,1244,2014-10-26 00:22:45,2014-10-26 04:25:09,4.03992027777778,304,47.5209997558594,50.113,7200,240,Z:\SPART-WORK\Data\Voyager\voyager1\mag\48s\reviewed_vim\2014\voyager1_48s_mag-vim_20140101_v01.cdf,C:\Users\Administrator\Documents\FWD_matlab\Voyager_fu\Voyager_Interstellar_Monthly\HighestPrecision_Segments\V1_MAG48s_segment_1244_20141026T002245_20141026T042509.png,ok,
1,1245,2014-10-26 08:29:09,2014-10-26 12:41:10,4.20024,316,47.5209997558594,50.113,7200,240,Z:\SPART-WORK\Data\Voyager\voyager1\mag\48s\reviewed_vim\2014\voyager1_48s_mag-vim_20140101_v01.cdf,C:\Users\Administrator\Documents\FWD_matlab\Voyager_fu\Voyager_Interstellar_Monthly\HighestPrecision_Segments\V1_MAG48s_segment_1245_20141026T082909_20141026T124110.png,ok,
1,1246,2014-10-28 00:37:10,2014-10-28 04:25:09,3.79968,185,47.5209998779297,4703.616,7200,240,Z:\SPART-WORK\Data\Voyager\voyager1\mag\48s\reviewed_vim\2014\voyager1_48s_mag-vim_20140101_v01.cdf,C:\Users\Administrator\Documents\FWD_matlab\Voyager_fu\Voyager_Interstellar_Monthly\HighestPrecision_Segments\V1_MAG48s_segment_1246_20141028T003710_20141028T042509.png,ok,
1,1247,2014-10-29 05:49:08,2014-10-29 06:10:46,0.360480000067817,26,47.521,142.559000244141,7200,240,Z:\SPART-WORK\Data\Voyager\voyager1\mag\48s\reviewed_vim\2014\voyager1_48s_mag-vim_20140101_v01.cdf,C:\Users\Administrator\Documents\FWD_matlab\Voyager_fu\Voyager_Interstellar_Monthly\HighestPrecision_Segments\V1_MAG48s_segment_1247_20141029T054908_20141029T061046.png,ok,
1,1248,2014-10-29 09:29:10,2014-10-29 09:59:32,0.50616,39,47.5209997558594,50.113,7200,240,Z:\SPART-WORK\Data\Voyager\voyager1\mag\48s\reviewed_vim\2014\voyager1_48s_mag-vim_20140101_v01.cdf,C:\Users\Administrator\Documents\FWD_matlab\Voyager_fu\Voyager_Interstellar_Monthly\HighestPrecision_Segments\V1_MAG48s_segment_1248_20141029T092910_20141029T095932.png,ok,
1,1249,2014-10-30 10:14:45,2014-10-30 12:24:21,2.15999972222222,161,47.5209997558594,145.153,7200,240,Z:\SPART-WORK\Data\Voyager\voyager1\mag\48s\reviewed_vim\2014\voyager1_48s_mag-vim_20140101_v01.cdf,C:\Users\Administrator\Documents\FWD_matlab\Voyager_fu\Voyager_Interstellar_Monthly\HighestPrecision_Segments\V1_MAG48s_segment_1249_20141030T101445_20141030T122421.png,ok,
1,1250,2014-10-31 01:27:34,2014-10-31 02:11:34,0.7332,54,47.5209997558594,142.561,7200,240,Z:\SPART-WORK\Data\Voyager\voyager1\mag\48s\reviewed_vim\2014\voyager1_48s_mag-vim_20140101_v01.cdf,C:\Users\Administrator\Documents\FWD_matlab\Voyager_fu\Voyager_Interstellar_Monthly\HighestPrecision_Segments\V1_MAG48s_segment_1250_20141031T012734_20141031T021134.png,ok,
1,1251,2014-10-31 07:48:22,2014-10-31 09:29:10,1.68,127,47.5209997558594,50.113,7200,240,Z:\SPART-WORK\Data\Voyager\voyager1\mag\48s\reviewed_vim\2014\voyager1_48s_mag-vim_20140101_v01.cdf,C:\Users\Administrator\Documents\FWD_matlab\Voyager_fu\Voyager_Interstellar_Monthly\HighestPrecision_Segments\V1_MAG48s_segment_1251_20141031T074822_20141031T092910.png,ok,
1,1252,2014-10-31 22:24:22,2014-11-01 01:39:34,3.25344,243,47.5209998779297,145.151,7200,240,Z:\SPART-WORK\Data\Voyager\voyager1\mag\48s\reviewed_vim\2014\voyager1_48s_mag-vim_20140101_v01.cdf,C:\Users\Administrator\Documents\FWD_matlab\Voyager_fu\Voyager_Interstellar_Monthly\HighestPrecision_Segments\V1_MAG48s_segment_1252_20141031T222422_20141101T013934.png,ok,
1,1253,2014-11-01 22:30:44,2014-11-02 02:25:09,3.90672,294,47.5209997558594,50.113,7200,240,Z:\SPART-WORK\Data\Voyager\voyager1\mag\48s\reviewed_vim\2014\voyager1_48s_mag-vim_20140101_v01.cdf,C:\Users\Administrator\Documents\FWD_matlab\Voyager_fu\Voyager_Interstellar_Monthly\HighestPrecision_Segments\V1_MAG48s_segment_1253_20141101T223044_20141102T022509.png,ok,
1,1254,2014-11-02 08:35:33,2014-11-02 12:31:33,3.93311999993218,294,47.5209997558594,145.151,7200,240,Z:\SPART-WORK\Data\Voyager\voyager1\mag\48s\reviewed_vim\2014\voyager1_48s_mag-vim_20140101_v01.cdf,C:\Users\Administrator\Documents\FWD_matlab\Voyager_fu\Voyager_Interstellar_Monthly\HighestPrecision_Segments\V1_MAG48s_segment_1254_20141102T083533_20141102T123133.png,ok,
1,1255,2014-11-03 09:02:45,2014-11-03 09:21:58,0.320160277777778,22,47.521,192.672,7200,240,Z:\SPART-WORK\Data\Voyager\voyager1\mag\48s\reviewed_vim\2014\voyager1_48s_mag-vim_20140101_v01.cdf,C:\Users\Administrator\Documents\FWD_matlab\Voyager_fu\Voyager_Interstellar_Monthly\HighestPrecision_Segments\V1_MAG48s_segment_1255_20141103T090245_20141103T092158.png,ok,
1,1256,2014-11-03 12:35:33,2014-11-03 13:24:22,0.813599722222222,62,47.5209997558594,50.113,7200,240,Z:\SPART-WORK\Data\Voyager\voyager1\mag\48s\reviewed_vim\2014\voyager1_48s_mag-vim_20140101_v01.cdf,C:\Users\Administrator\Documents\FWD_matlab\Voyager_fu\Voyager_Interstellar_Monthly\HighestPrecision_Segments\V1_MAG48s_segment_1256_20141103T123533_20141103T132422.png,ok,
1,1257,2014-11-04 22:13:09,2014-11-04 22:28:22,0.25344,17,47.5209998779297,192.672,7200,240,Z:\SPART-WORK\Data\Voyager\voyager1\mag\48s\reviewed_vim\2014\voyager1_48s_mag-vim_20140101_v01.cdf,C:\Users\Administrator\Documents\FWD_matlab\Voyager_fu\Voyager_Interstellar_Monthly\HighestPrecision_Segments\V1_MAG48s_segment_1257_20141104T221309_20141104T222822.png,ok,
1,1258,2014-11-05 01:41:09,2014-11-05 02:09:09,0.466560277777778,36,47.5209997558594,50.113,7200,240,Z:\SPART-WORK\Data\Voyager\voyager1\mag\48s\reviewed_vim\2014\voyager1_48s_mag-vim_20140101_v01.cdf,C:\Users\Administrator\Documents\FWD_matlab\Voyager_fu\Voyager_Interstellar_Monthly\HighestPrecision_Segments\V1_MAG48s_segment_1258_20141105T014109_20141105T020909.png,ok,
1,1259,2014-11-05 06:57:57,2014-11-05 07:17:57,0.33336,23,47.521,192.672,7200,240,Z:\SPART-WORK\Data\Voyager\voyager1\mag\48s\reviewed_vim\2014\voyager1_48s_mag-vim_20140101_v01.cdf,C:\Users\Administrator\Documents\FWD_matlab\Voyager_fu\Voyager_Interstellar_Monthly\HighestPrecision_Segments\V1_MAG48s_segment_1259_20141105T065757_20141105T071757.png,ok,
1,1260,2014-11-05 10:30:44,2014-11-05 11:45:09,1.24008000006782,94,47.5209997558594,50.113,7200,240,Z:\SPART-WORK\Data\Voyager\voyager1\mag\48s\reviewed_vim\2014\voyager1_48s_mag-vim_20140101_v01.cdf,C:\Users\Administrator\Documents\FWD_matlab\Voyager_fu\Voyager_Interstellar_Monthly\HighestPrecision_Segments\V1_MAG48s_segment_1260_20141105T103044_20141105T114509.png,ok,
1,1261,2014-11-06 07:07:33,2014-11-06 07:28:22,0.34704,24,47.521,192.671999755859,7200,240,Z:\SPART-WORK\Data\Voyager\voyager1\mag\48s\reviewed_vim\2014\voyager1_48s_mag-vim_20140101_v01.cdf,C:\Users\Administrator\Documents\FWD_matlab\Voyager_fu\Voyager_Interstellar_Monthly\HighestPrecision_Segments\V1_MAG48s_segment_1261_20141106T070733_20141106T072822.png,ok,
1,1262,2014-11-06 09:51:33,2014-11-06 12:34:45,2.72016000006782,205,47.5209997558594,50.113,7200,240,Z:\SPART-WORK\Data\Voyager\voyager1\mag\48s\reviewed_vim\2014\voyager1_48s_mag-vim_20140101_v01.cdf,C:\Users\Administrator\Documents\FWD_matlab\Voyager_fu\Voyager_Interstellar_Monthly\HighestPrecision_Segments\V1_MAG48s_segment_1262_20141106T095133_20141106T123445.png,ok,
1,1263,2014-11-07 10:09:57,2014-11-07 14:19:33,4.16016,312,47.5209997558594,95.04,7200,240,Z:\SPART-WORK\Data\Voyager\voyager1\mag\48s\reviewed_vim\2014\voyager1_48s_mag-vim_20140101_v01.cdf,C:\Users\Administrator\Documents\FWD_matlab\Voyager_fu\Voyager_Interstellar_Monthly\HighestPrecision_Segments\V1_MAG48s_segment_1263_20141107T100957_20141107T141933.png,ok,
1,1264,2014-11-08 08:16:22,2014-11-08 10:20:22,2.06688,154,47.5209997558594,144.288,7200,240,Z:\SPART-WORK\Data\Voyager\voyager1\mag\48s\reviewed_vim\2014\voyager1_48s_mag-vim_20140101_v01.cdf,C:\Users\Administrator\Documents\FWD_matlab\Voyager_fu\Voyager_Interstellar_Monthly\HighestPrecision_Segments\V1_MAG48s_segment_1264_20141108T081622_20141108T102022.png,ok,
1,1265,2014-11-08 21:50:45,2014-11-09 01:56:21,4.09343972222222,305,47.5209997558594,189.215,7200,240,Z:\SPART-WORK\Data\Voyager\voyager1\mag\48s\reviewed_vim\2014\voyager1_48s_mag-vim_20140101_v01.cdf,C:\Users\Administrator\Documents\FWD_matlab\Voyager_fu\Voyager_Interstellar_Monthly\HighestPrecision_Segments\V1_MAG48s_segment_1265_20141108T215045_20141109T015621.png,ok,
1,1266,2014-11-09 05:17:09,2014-11-09 07:28:22,2.18688,165,47.5209997558594,50.113,7200,240,Z:\SPART-WORK\Data\Voyager\voyager1\mag\48s\reviewed_vim\2014\voyager1_48s_mag-vim_20140101_v01.cdf,C:\Users\Administrator\Documents\FWD_matlab\Voyager_fu\Voyager_Interstellar_Monthly\HighestPrecision_Segments\V1_MAG48s_segment_1266_20141109T051709_20141109T072822.png,ok,
1,1267,2014-11-10 05:12:21,2014-11-10 05:32:21,0.333119722222222,25,47.5209998779297,95.04,7200,240,Z:\SPART-WORK\Data\Voyager\voyager1\mag\48s\reviewed_vim\2014\voyager1_48s_mag-vim_20140101_v01.cdf,C:\Users\Administrator\Documents\FWD_matlab\Voyager_fu\Voyager_Interstellar_Monthly\HighestPrecision_Segments\V1_MAG48s_segment_1267_20141110T051221_20141110T053221.png,ok,
1,1268,2014-11-10 08:45:58,2014-11-10 09:13:07,0.45264,35,47.5209997558594,50.113,7200,240,Z:\SPART-WORK\Data\Voyager\voyager1\mag\48s\reviewed_vim\2014\voyager1_48s_mag-vim_20140101_v01.cdf,C:\Users\Administrator\Documents\FWD_matlab\Voyager_fu\Voyager_Interstellar_Monthly\HighestPrecision_Segments\V1_MAG48s_segment_1268_20141110T084558_20141110T091307.png,ok,
1,1269,2014-11-11 06:06:46,2014-11-11 09:07:33,3.01319972222222,217,47.5209997558594,337.825,7200,240,Z:\SPART-WORK\Data\Voyager\voyager1\mag\48s\reviewed_vim\2014\voyager1_48s_mag-vim_20140101_v01.cdf,C:\Users\Administrator\Documents\FWD_matlab\Voyager_fu\Voyager_Interstellar_Monthly\HighestPrecision_Segments\V1_MAG48s_segment_1269_20141111T060646_20141111T090733.png,ok,
1,1270,2014-11-11 23:34:46,2014-11-11 23:53:58,0.320159722222222,21,47.521,240.193,7200,240,Z:\SPART-WORK\Data\Voyager\voyager1\mag\48s\reviewed_vim\2014\voyager1_48s_mag-vim_20140101_v01.cdf,C:\Users\Administrator\Documents\FWD_matlab\Voyager_fu\Voyager_Interstellar_Monthly\HighestPrecision_Segments\V1_MAG48s_segment_1270_20141111T233446_20141111T235358.png,ok,
1,1271,2014-11-12 02:38:46,2014-11-12 03:21:10,0.7068,54,47.5209997558594,50.113,7200,240,Z:\SPART-WORK\Data\Voyager\voyager1\mag\48s\reviewed_vim\2014\voyager1_48s_mag-vim_20140101_v01.cdf,C:\Users\Administrator\Documents\FWD_matlab\Voyager_fu\Voyager_Interstellar_Monthly\HighestPrecision_Segments\V1_MAG48s_segment_1271_20141112T023846_20141112T032110.png,ok,
1,1272,2014-11-13 00:35:33,2014-11-13 02:04:21,1.48008,110,47.5209997558594,145.152999755859,7200,240,Z:\SPART-WORK\Data\Voyager\voyager1\mag\48s\reviewed_vim\2014\voyager1_48s_mag-vim_20140101_v01.cdf,C:\Users\Administrator\Documents\FWD_matlab\Voyager_fu\Voyager_Interstellar_Monthly\HighestPrecision_Segments\V1_MAG48s_segment_1272_20141113T003533_20141113T020421.png,ok,
1,1273,2014-11-13 08:25:56,2014-11-13 09:04:20,0.640079722222222,49,47.5209997558594,50.113,7200,240,Z:\SPART-WORK\Data\Voyager\voyager1\mag\48s\reviewed_vim\2014\voyager1_48s_mag-vim_20140101_v01.cdf,C:\Users\Administrator\Documents\FWD_matlab\Voyager_fu\Voyager_Interstellar_Monthly\HighestPrecision_Segments\V1_MAG48s_segment_1273_20141113T082556_20141113T090420.png,ok,
1,1274,2014-11-14 07:23:32,2014-11-14 11:22:46,3.98736,297,47.5209997558594,192.672,7200,240,Z:\SPART-WORK\Data\Voyager\voyager1\mag\48s\reviewed_vim\2014\voyager1_48s_mag-vim_20140101_v01.cdf,C:\Users\Administrator\Documents\FWD_matlab\Voyager_fu\Voyager_Interstellar_Monthly\HighestPrecision_Segments\V1_MAG48s_segment_1274_20141114T072332_20141114T112246.png,ok,
1,1275,2014-11-15 00:41:57,2014-11-15 05:53:58,5.20031999993218,389,47.5209997558594,145.151,7200,240,Z:\SPART-WORK\Data\Voyager\voyager1\mag\48s\reviewed_vim\2014\voyager1_48s_mag-vim_20140101_v01.cdf,C:\Users\Administrator\Documents\FWD_matlab\Voyager_fu\Voyager_Interstellar_Monthly\HighestPrecision_Segments\V1_MAG48s_segment_1275_20141115T004157_20141115T055358.png,ok,
1,1276,2014-11-16 01:39:34,2014-11-16 08:49:08,7.15944,536,47.5209997558594,142.559000244141,7200,240,Z:\SPART-WORK\Data\Voyager\voyager1\mag\48s\reviewed_vim\2014\voyager1_48s_mag-vim_20140101_v01.cdf,C:\Users\Administrator\Documents\FWD_matlab\Voyager_fu\Voyager_Interstellar_Monthly\HighestPrecision_Segments\V1_MAG48s_segment_1276_20141116T013934_20141116T084908.png,ok,
1,1277,2014-11-17 09:07:33,2014-11-17 13:47:34,4.66704,350,47.5209997558594,97.632,7200,240,Z:\SPART-WORK\Data\Voyager\voyager1\mag\48s\reviewed_vim\2014\voyager1_48s_mag-vim_20140101_v01.cdf,C:\Users\Administrator\Documents\FWD_matlab\Voyager_fu\Voyager_Interstellar_Monthly\HighestPrecision_Segments\V1_MAG48s_segment_1277_20141117T090733_20141117T134734.png,ok,
1,1278,2014-11-18 21:15:33,2014-11-18 21:36:20,0.346559722290039,24,47.5209997558594,192.672,7200,240,Z:\SPART-WORK\Data\Voyager\voyager1\mag\48s\reviewed_vim\2014\voyager1_48s_mag-vim_20140101_v01.cdf,C:\Users\Administrator\Documents\FWD_matlab\Voyager_fu\Voyager_Interstellar_Monthly\HighestPrecision_Segments\V1_MAG48s_segment_1278_20141118T211533_20141118T213620.png,ok,
1,1279,2014-11-19 00:49:58,2014-11-19 01:17:10,0.45336,35,47.5209998779297,50.113,7200,240,Z:\SPART-WORK\Data\Voyager\voyager1\mag\48s\reviewed_vim\2014\voyager1_48s_mag-vim_20140101_v01.cdf,C:\Users\Administrator\Documents\FWD_matlab\Voyager_fu\Voyager_Interstellar_Monthly\HighestPrecision_Segments\V1_MAG48s_segment_1279_20141119T004958_20141119T011710.png,ok,
1,1280,2014-11-20 07:23:32,2014-11-20 08:09:56,0.773519722290039,56,47.5209997558594,192.672,7200,240,Z:\SPART-WORK\Data\Voyager\voyager1\mag\48s\reviewed_vim\2014\voyager1_48s_mag-vim_20140101_v01.cdf,C:\Users\Administrator\Documents\FWD_matlab\Voyager_fu\Voyager_Interstellar_Monthly\HighestPrecision_Segments\V1_MAG48s_segment_1280_20141120T072332_20141120T080956.png,ok,
1,1281,2014-11-20 10:58:44,2014-11-20 11:38:46,0.667199722222222,51,47.5209997558594,50.113,7200,240,Z:\SPART-WORK\Data\Voyager\voyager1\mag\48s\reviewed_vim\2014\voyager1_48s_mag-vim_20140101_v01.cdf,C:\Users\Administrator\Documents\FWD_matlab\Voyager_fu\Voyager_Interstellar_Monthly\HighestPrecision_Segments\V1_MAG48s_segment_1281_20141120T105844_20141120T113846.png,ok,
1,1282,2014-11-20 20:53:08,2014-11-21 08:53:58,12.0139197222222,777,47.5209997558594,5953.823,7200,240,Z:\SPART-WORK\Data\Voyager\voyager1\mag\48s\reviewed_vim\2014\voyager1_48s_mag-vim_20140101_v01.cdf,C:\Users\Administrator\Documents\FWD_matlab\Voyager_fu\Voyager_Interstellar_Monthly\HighestPrecision_Segments\V1_MAG48s_segment_1282_20141120T205308_20141121T085358.png,ok,
1,1283,2014-11-21 20:53:08,2014-11-21 22:57:09,2.06688,155,47.5209997558594,97.632,7200,240,Z:\SPART-WORK\Data\Voyager\voyager1\mag\48s\reviewed_vim\2014\voyager1_48s_mag-vim_20140101_v01.cdf,C:\Users\Administrator\Documents\FWD_matlab\Voyager_fu\Voyager_Interstellar_Monthly\HighestPrecision_Segments\V1_MAG48s_segment_1283_20141121T205308_20141121T225709.png,ok,
1,1284,2014-11-22 07:25:09,2014-11-22 11:22:46,3.96024,296,47.5209997558594,145.152999755859,7200,240,Z:\SPART-WORK\Data\Voyager\voyager1\mag\48s\reviewed_vim\2014\voyager1_48s_mag-vim_20140101_v01.cdf,C:\Users\Administrator\Documents\FWD_matlab\Voyager_fu\Voyager_Interstellar_Monthly\HighestPrecision_Segments\V1_MAG48s_segment_1284_20141122T072509_20141122T112246.png,ok,
1,1285,2014-11-23 09:29:57,2014-11-23 13:27:32,3.95952,296,47.5209997558594,145.151,7200,240,Z:\SPART-WORK\Data\Voyager\voyager1\mag\48s\reviewed_vim\2014\voyager1_48s_mag-vim_20140101_v01.cdf,C:\Users\Administrator\Documents\FWD_matlab\Voyager_fu\Voyager_Interstellar_Monthly\HighestPrecision_Segments\V1_MAG48s_segment_1285_20141123T092957_20141123T132732.png,ok,
1,1286,2014-11-24 20:53:08,2014-11-25 01:05:57,4.21368,314,47.5209997558594,192.672,7200,240,Z:\SPART-WORK\Data\Voyager\voyager1\mag\48s\reviewed_vim\2014\voyager1_48s_mag-vim_20140101_v01.cdf,C:\Users\Administrator\Documents\FWD_matlab\Voyager_fu\Voyager_Interstellar_Monthly\HighestPrecision_Segments\V1_MAG48s_segment_1286_20141124T205308_20141125T010557.png,ok,
1,1287,2014-11-25 07:57:09,2014-11-25 12:23:33,4.44,332,47.5209997558594,145.153,7200,240,Z:\SPART-WORK\Data\Voyager\voyager1\mag\48s\reviewed_vim\2014\voyager1_48s_mag-vim_20140101_v01.cdf,C:\Users\Administrator\Documents\FWD_matlab\Voyager_fu\Voyager_Interstellar_Monthly\HighestPrecision_Segments\V1_MAG48s_segment_1287_20141125T075709_20141125T122333.png,ok,
1,1288,2014-11-26 05:04:21,2014-11-26 08:52:21,3.79991972229004,284,47.5209997558594,145.153,7200,240,Z:\SPART-WORK\Data\Voyager\voyager1\mag\48s\reviewed_vim\2014\voyager1_48s_mag-vim_20140101_v01.cdf,C:\Users\Administrator\Documents\FWD_matlab\Voyager_fu\Voyager_Interstellar_Monthly\HighestPrecision_Segments\V1_MAG48s_segment_1288_20141126T050421_20141126T085221.png,ok,
1,1289,2014-11-27 00:00:20,2014-11-27 00:42:45,0.7068,54,47.5209997558594,50.113,7200,240,Z:\SPART-WORK\Data\Voyager\voyager1\mag\48s\reviewed_vim\2014\voyager1_48s_mag-vim_20140101_v01.cdf,C:\Users\Administrator\Documents\FWD_matlab\Voyager_fu\Voyager_Interstellar_Monthly\HighestPrecision_Segments\V1_MAG48s_segment_1289_20141127T000020_20141127T004245.png,ok,
1,1290,2014-11-27 20:25:56,2014-11-28 00:36:20,4.17335972229004,312,47.5209997558594,142.560999755859,7200,240,Z:\SPART-WORK\Data\Voyager\voyager1\mag\48s\reviewed_vim\2014\voyager1_48s_mag-vim_20140101_v01.cdf,C:\Users\Administrator\Documents\FWD_matlab\Voyager_fu\Voyager_Interstellar_Monthly\HighestPrecision_Segments\V1_MAG48s_segment_1290_20141127T202556_20141128T003620.png,ok,
1,1291,2014-11-28 12:51:33,2014-11-28 17:01:57,4.17336027777778,312,47.5209997558594,144.288,7200,240,Z:\SPART-WORK\Data\Voyager\voyager1\mag\48s\reviewed_vim\2014\voyager1_48s_mag-vim_20140101_v01.cdf,C:\Users\Administrator\Documents\FWD_matlab\Voyager_fu\Voyager_Interstellar_Monthly\HighestPrecision_Segments\V1_MAG48s_segment_1291_20141128T125133_20141128T170157.png,ok,
1,1292,2014-11-28 21:47:32,2014-11-29 00:37:58,2.84039972222222,211,47.5209997558594,190.08,7200,240,Z:\SPART-WORK\Data\Voyager\voyager1\mag\48s\reviewed_vim\2014\voyager1_48s_mag-vim_20140101_v01.cdf,C:\Users\Administrator\Documents\FWD_matlab\Voyager_fu\Voyager_Interstellar_Monthly\HighestPrecision_Segments\V1_MAG48s_segment_1292_20141128T214732_20141129T003758.png,ok,
1,1293,2014-11-29 12:46:45,2014-11-29 14:46:45,2.00016027777778,148,47.5209997558594,192.672,7200,240,Z:\SPART-WORK\Data\Voyager\voyager1\mag\48s\reviewed_vim\2014\voyager1_48s_mag-vim_20140101_v01.cdf,C:\Users\Administrator\Documents\FWD_matlab\Voyager_fu\Voyager_Interstellar_Monthly\HighestPrecision_Segments\V1_MAG48s_segment_1293_20141129T124645_20141129T144645.png,ok,
1,1294,2014-11-29 20:22:43,2014-11-30 00:31:33,4.14695972222222,310,47.5209997558594,142.561,7200,240,Z:\SPART-WORK\Data\Voyager\voyager1\mag\48s\reviewed_vim\2014\voyager1_48s_mag-vim_20140101_v01.cdf,C:\Users\Administrator\Documents\FWD_matlab\Voyager_fu\Voyager_Interstellar_Monthly\HighestPrecision_Segments\V1_MAG48s_segment_1294_20141129T202243_20141130T003133.png,ok,
1,1295,2014-11-30 07:01:10,2014-11-30 11:10:44,4.15944,312,47.5209997558594,95.04,7200,240,Z:\SPART-WORK\Data\Voyager\voyager1\mag\48s\reviewed_vim\2014\voyager1_48s_mag-vim_20140101_v01.cdf,C:\Users\Administrator\Documents\FWD_matlab\Voyager_fu\Voyager_Interstellar_Monthly\HighestPrecision_Segments\V1_MAG48s_segment_1295_20141130T070110_20141130T111044.png,ok,
1,1296,2014-12-01 20:40:21,2014-12-02 00:28:20,3.79968,281,47.5209997558594,192.672000244141,7200,240,Z:\SPART-WORK\Data\Voyager\voyager1\mag\48s\reviewed_vim\2014\voyager1_48s_mag-vim_20140101_v01.cdf,C:\Users\Administrator\Documents\FWD_matlab\Voyager_fu\Voyager_Interstellar_Monthly\HighestPrecision_Segments\V1_MAG48s_segment_1296_20141201T204021_20141202T002820.png,ok,
1,1297,2014-12-02 13:53:56,2014-12-02 18:05:58,4.20047972222222,313,47.5209997558594,190.08,7200,240,Z:\SPART-WORK\Data\Voyager\voyager1\mag\48s\reviewed_vim\2014\voyager1_48s_mag-vim_20140101_v01.cdf,C:\Users\Administrator\Documents\FWD_matlab\Voyager_fu\Voyager_Interstellar_Monthly\HighestPrecision_Segments\V1_MAG48s_segment_1297_20141202T135356_20141202T180558.png,ok,
1,1298,2014-12-03 12:27:32,2014-12-03 16:48:22,4.34712,324,47.5209997558594,192.672,7200,240,Z:\SPART-WORK\Data\Voyager\voyager1\mag\48s\reviewed_vim\2014\voyager1_48s_mag-vim_20140101_v01.cdf,C:\Users\Administrator\Documents\FWD_matlab\Voyager_fu\Voyager_Interstellar_Monthly\HighestPrecision_Segments\V1_MAG48s_segment_1298_20141203T122732_20141203T164822.png,ok,
1,1299,2014-12-04 14:05:09,2014-12-04 18:01:08,3.93312,296,47.5209997558594,50.113,7200,240,Z:\SPART-WORK\Data\Voyager\voyager1\mag\48s\reviewed_vim\2014\voyager1_48s_mag-vim_20140101_v01.cdf,C:\Users\Administrator\Documents\FWD_matlab\Voyager_fu\Voyager_Interstellar_Monthly\HighestPrecision_Segments\V1_MAG48s_segment_1299_20141204T140509_20141204T180108.png,ok,
1,1300,2014-12-05 14:00:22,2014-12-05 17:56:21,3.93312,293,47.5209997558594,191.807,7200,240,Z:\SPART-WORK\Data\Voyager\voyager1\mag\48s\reviewed_vim\2014\voyager1_48s_mag-vim_20140101_v01.cdf,C:\Users\Administrator\Documents\FWD_matlab\Voyager_fu\Voyager_Interstellar_Monthly\HighestPrecision_Segments\V1_MAG48s_segment_1300_20141205T140022_20141205T175621.png,ok,
1,1301,2014-12-06 12:16:20,2014-12-06 14:51:33,2.58696027770996,195,47.5209997558594,50.113,7200,240,Z:\SPART-WORK\Data\Voyager\voyager1\mag\48s\reviewed_vim\2014\voyager1_48s_mag-vim_20140101_v01.cdf,C:\Users\Administrator\Documents\FWD_matlab\Voyager_fu\Voyager_Interstellar_Monthly\HighestPrecision_Segments\V1_MAG48s_segment_1301_20141206T121620_20141206T145133.png,ok,
1,1302,2014-12-07 12:22:45,2014-12-07 16:25:57,4.05312000006782,303,47.5209997558594,145.151,7200,240,Z:\SPART-WORK\Data\Voyager\voyager1\mag\48s\reviewed_vim\2014\voyager1_48s_mag-vim_20140101_v01.cdf,C:\Users\Administrator\Documents\FWD_matlab\Voyager_fu\Voyager_Interstellar_Monthly\HighestPrecision_Segments\V1_MAG48s_segment_1302_20141207T122245_20141207T162557.png,ok,
1,1303,2014-12-08 05:14:44,2014-12-08 08:50:46,3.60048,271,47.5209997558594,50.113,7200,240,Z:\SPART-WORK\Data\Voyager\voyager1\mag\48s\reviewed_vim\2014\voyager1_48s_mag-vim_20140101_v01.cdf,C:\Users\Administrator\Documents\FWD_matlab\Voyager_fu\Voyager_Interstellar_Monthly\HighestPrecision_Segments\V1_MAG48s_segment_1303_20141208T051444_20141208T085046.png,ok,
1,1304,2014-12-09 05:15:34,2014-12-09 09:13:07,3.95927972222222,288,47.5209997558594,335.231,7200,240,Z:\SPART-WORK\Data\Voyager\voyager1\mag\48s\reviewed_vim\2014\voyager1_48s_mag-vim_20140101_v01.cdf,C:\Users\Administrator\Documents\FWD_matlab\Voyager_fu\Voyager_Interstellar_Monthly\HighestPrecision_Segments\V1_MAG48s_segment_1304_20141209T051534_20141209T091307.png,ok,
1,1305,2014-12-10 12:13:07,2014-12-10 16:21:10,4.13400027777778,299,47.5209997558594,384.479,7200,240,Z:\SPART-WORK\Data\Voyager\voyager1\mag\48s\reviewed_vim\2014\voyager1_48s_mag-vim_20140101_v01.cdf,C:\Users\Administrator\Documents\FWD_matlab\Voyager_fu\Voyager_Interstellar_Monthly\HighestPrecision_Segments\V1_MAG48s_segment_1305_20141210T121307_20141210T162110.png,ok,
1,1306,2014-12-11 12:08:21,2014-12-11 16:12:19,4.06631972222222,303,47.5209997558594,191.807999755859,7200,240,Z:\SPART-WORK\Data\Voyager\voyager1\mag\48s\reviewed_vim\2014\voyager1_48s_mag-vim_20140101_v01.cdf,C:\Users\Administrator\Documents\FWD_matlab\Voyager_fu\Voyager_Interstellar_Monthly\HighestPrecision_Segments\V1_MAG48s_segment_1306_20141211T120821_20141211T161219.png,ok,
1,1307,2014-12-12 12:06:46,2014-12-12 13:29:57,1.38648,99,47.5209997558594,240.191,7200,240,Z:\SPART-WORK\Data\Voyager\voyager1\mag\48s\reviewed_vim\2014\voyager1_48s_mag-vim_20140101_v01.cdf,C:\Users\Administrator\Documents\FWD_matlab\Voyager_fu\Voyager_Interstellar_Monthly\HighestPrecision_Segments\V1_MAG48s_segment_1307_20141212T120646_20141212T132957.png,ok,
1,1308,2014-12-12 16:14:45,2014-12-12 17:29:56,1.25327972222222,76,47.5209997558594,864.863,7200,240,Z:\SPART-WORK\Data\Voyager\voyager1\mag\48s\reviewed_vim\2014\voyager1_48s_mag-vim_20140101_v01.cdf,C:\Users\Administrator\Documents\FWD_matlab\Voyager_fu\Voyager_Interstellar_Monthly\HighestPrecision_Segments\V1_MAG48s_segment_1308_20141212T161445_20141212T172956.png,ok,
1,1309,2014-12-13 12:01:55,2014-12-13 16:00:20,3.97343972229004,273,47.5209997558594,575.424,7200,240,Z:\SPART-WORK\Data\Voyager\voyager1\mag\48s\reviewed_vim\2014\voyager1_48s_mag-vim_20140101_v01.cdf,C:\Users\Administrator\Documents\FWD_matlab\Voyager_fu\Voyager_Interstellar_Monthly\HighestPrecision_Segments\V1_MAG48s_segment_1309_20141213T120155_20141213T160020.png,ok,
1,1310,2014-12-14 12:01:55,2014-12-14 15:59:32,3.96024,297,47.5209997558594,97.632,7200,240,Z:\SPART-WORK\Data\Voyager\voyager1\mag\48s\reviewed_vim\2014\voyager1_48s_mag-vim_20140101_v01.cdf,C:\Users\Administrator\Documents\FWD_matlab\Voyager_fu\Voyager_Interstellar_Monthly\HighestPrecision_Segments\V1_MAG48s_segment_1310_20141214T120155_20141214T155932.png,ok,
1,1311,2014-12-15 11:44:21,2014-12-15 16:01:10,4.28016,301,47.5209997558594,767.232,7200,240,Z:\SPART-WORK\Data\Voyager\voyager1\mag\48s\reviewed_vim\2014\voyager1_48s_mag-vim_20140101_v01.cdf,C:\Users\Administrator\Documents\FWD_matlab\Voyager_fu\Voyager_Interstellar_Monthly\HighestPrecision_Segments\V1_MAG48s_segment_1311_20141215T114421_20141215T160110.png,ok,
1,1312,2014-12-16 11:41:09,2014-12-16 15:54:44,4.22664,316,47.5209997558594,145.153,7200,240,Z:\SPART-WORK\Data\Voyager\voyager1\mag\48s\reviewed_vim\2014\voyager1_48s_mag-vim_20140101_v01.cdf,C:\Users\Administrator\Documents\FWD_matlab\Voyager_fu\Voyager_Interstellar_Monthly\HighestPrecision_Segments\V1_MAG48s_segment_1312_20141216T114109_20141216T155444.png,ok,
1,1313,2014-12-16 23:15:34,2014-12-17 01:35:32,2.33279972229004,176,47.5209997558594,50.113,7200,240,Z:\SPART-WORK\Data\Voyager\voyager1\mag\48s\reviewed_vim\2014\voyager1_48s_mag-vim_20140101_v01.cdf,C:\Users\Administrator\Documents\FWD_matlab\Voyager_fu\Voyager_Interstellar_Monthly\HighestPrecision_Segments\V1_MAG48s_segment_1313_20141216T231534_20141217T013532.png,ok,
1,1314,2014-12-17 11:36:21,2014-12-17 15:45:07,4.14624,311,47.5209997558594,95.04,7200,240,Z:\SPART-WORK\Data\Voyager\voyager1\mag\48s\reviewed_vim\2014\voyager1_48s_mag-vim_20140101_v01.cdf,C:\Users\Administrator\Documents\FWD_matlab\Voyager_fu\Voyager_Interstellar_Monthly\HighestPrecision_Segments\V1_MAG48s_segment_1314_20141217T113621_20141217T154507.png,ok,
1,1315,2014-12-18 11:34:43,2014-12-18 13:36:19,2.02656027770996,142,47.52,334.368,7200,240,Z:\SPART-WORK\Data\Voyager\voyager1\mag\48s\reviewed_vim\2014\voyager1_48s_mag-vim_20140101_v01.cdf,C:\Users\Administrator\Documents\FWD_matlab\Voyager_fu\Voyager_Interstellar_Monthly\HighestPrecision_Segments\V1_MAG48s_segment_1315_20141218T113443_20141218T133619.png,ok,
1,1316,2014-12-18 19:17:07,2014-12-18 19:52:19,0.586559722222222,44,47.52,97.6310002441406,7200,240,Z:\SPART-WORK\Data\Voyager\voyager1\mag\48s\reviewed_vim\2014\voyager1_48s_mag-vim_20140101_v01.cdf,C:\Users\Administrator\Documents\FWD_matlab\Voyager_fu\Voyager_Interstellar_Monthly\HighestPrecision_Segments\V1_MAG48s_segment_1316_20141218T191707_20141218T195219.png,ok,
1,1317,2014-12-19 02:45:09,2014-12-19 03:59:32,1.23984027770996,93,47.5205,94.1759997558594,7200,240,Z:\SPART-WORK\Data\Voyager\voyager1\mag\48s\reviewed_vim\2014\voyager1_48s_mag-vim_20140101_v01.cdf,C:\Users\Administrator\Documents\FWD_matlab\Voyager_fu\Voyager_Interstellar_Monthly\HighestPrecision_Segments\V1_MAG48s_segment_1317_20141219T024509_20141219T035932.png,ok,
1,1318,2014-12-19 11:41:09,2014-12-19 15:49:58,4.14695972222222,312,47.52,50.113,7200,240,Z:\SPART-WORK\Data\Voyager\voyager1\mag\48s\reviewed_vim\2014\voyager1_48s_mag-vim_20140101_v01.cdf,C:\Users\Administrator\Documents\FWD_matlab\Voyager_fu\Voyager_Interstellar_Monthly\HighestPrecision_Segments\V1_MAG48s_segment_1318_20141219T114109_20141219T154958.png,ok,
1,1319,2014-12-20 19:01:07,2014-12-20 23:20:21,4.32047999993218,324,47.52,97.6329997558594,7200,240,Z:\SPART-WORK\Data\Voyager\voyager1\mag\48s\reviewed_vim\2014\voyager1_48s_mag-vim_20140101_v01.cdf,C:\Users\Administrator\Documents\FWD_matlab\Voyager_fu\Voyager_Interstellar_Monthly\HighestPrecision_Segments\V1_MAG48s_segment_1319_20141220T190107_20141220T232021.png,ok,
1,1320,2014-12-21 11:26:44,2014-12-21 15:29:55,4.05312,302,47.52,189.215999755859,7200,240,Z:\SPART-WORK\Data\Voyager\voyager1\mag\48s\reviewed_vim\2014\voyager1_48s_mag-vim_20140101_v01.cdf,C:\Users\Administrator\Documents\FWD_matlab\Voyager_fu\Voyager_Interstellar_Monthly\HighestPrecision_Segments\V1_MAG48s_segment_1320_20141221T112644_20141221T152955.png,ok,
1,1321,2014-12-21 18:54:44,2014-12-21 21:34:45,2.66687972229004,198,47.52,192.672,7200,240,Z:\SPART-WORK\Data\Voyager\voyager1\mag\48s\reviewed_vim\2014\voyager1_48s_mag-vim_20140101_v01.cdf,C:\Users\Administrator\Documents\FWD_matlab\Voyager_fu\Voyager_Interstellar_Monthly\HighestPrecision_Segments\V1_MAG48s_segment_1321_20141221T185444_20141221T213445.png,ok,
1,1322,2014-12-22 11:21:56,2014-12-22 13:34:45,2.21352027777778,165,47.52,145.151,7200,240,Z:\SPART-WORK\Data\Voyager\voyager1\mag\48s\reviewed_vim\2014\voyager1_48s_mag-vim_20140101_v01.cdf,C:\Users\Administrator\Documents\FWD_matlab\Voyager_fu\Voyager_Interstellar_Monthly\HighestPrecision_Segments\V1_MAG48s_segment_1322_20141222T112156_20141222T133445.png,ok,
1,1323,2014-12-22 18:51:33,2014-12-22 23:01:09,4.16016000006782,310,47.52,191.808,7200,240,Z:\SPART-WORK\Data\Voyager\voyager1\mag\48s\reviewed_vim\2014\voyager1_48s_mag-vim_20140101_v01.cdf,C:\Users\Administrator\Documents\FWD_matlab\Voyager_fu\Voyager_Interstellar_Monthly\HighestPrecision_Segments\V1_MAG48s_segment_1323_20141222T185133_20141222T230109.png,ok,
1,1324,2014-12-23 11:33:08,2014-12-23 15:44:20,4.18656,312,47.52,192.672999755859,7200,240,Z:\SPART-WORK\Data\Voyager\voyager1\mag\48s\reviewed_vim\2014\voyager1_48s_mag-vim_20140101_v01.cdf,C:\Users\Administrator\Documents\FWD_matlab\Voyager_fu\Voyager_Interstellar_Monthly\HighestPrecision_Segments\V1_MAG48s_segment_1324_20141223T113308_20141223T154420.png,ok,
1,1325,2014-12-24 18:46:45,2014-12-24 22:53:56,4.11984027777778,310,47.52,50.112,7200,240,Z:\SPART-WORK\Data\Voyager\voyager1\mag\48s\reviewed_vim\2014\voyager1_48s_mag-vim_20140101_v01.cdf,C:\Users\Administrator\Documents\FWD_matlab\Voyager_fu\Voyager_Interstellar_Monthly\HighestPrecision_Segments\V1_MAG48s_segment_1325_20141224T184645_20141224T225356.png,ok,
1,1326,2014-12-25 11:02:44,2014-12-25 15:13:55,4.18632027770996,307,47.52,334.368,7200,240,Z:\SPART-WORK\Data\Voyager\voyager1\mag\48s\reviewed_vim\2014\voyager1_48s_mag-vim_20140101_v01.cdf,C:\Users\Administrator\Documents\FWD_matlab\Voyager_fu\Voyager_Interstellar_Monthly\HighestPrecision_Segments\V1_MAG48s_segment_1326_20141225T110244_20141225T151355.png,ok,
1,1327,2014-12-25 20:19:31,2014-12-25 21:30:45,1.18728027777778,90,47.52,50.112,7200,240,Z:\SPART-WORK\Data\Voyager\voyager1\mag\48s\reviewed_vim\2014\voyager1_48s_mag-vim_20140101_v01.cdf,C:\Users\Administrator\Documents\FWD_matlab\Voyager_fu\Voyager_Interstellar_Monthly\HighestPrecision_Segments\V1_MAG48s_segment_1327_20141225T201931_20141225T213045.png,ok,
1,1328,2014-12-26 10:56:19,2014-12-26 15:09:08,4.21367972229004,315,47.52,142.56,7200,240,Z:\SPART-WORK\Data\Voyager\voyager1\mag\48s\reviewed_vim\2014\voyager1_48s_mag-vim_20140101_v01.cdf,C:\Users\Administrator\Documents\FWD_matlab\Voyager_fu\Voyager_Interstellar_Monthly\HighestPrecision_Segments\V1_MAG48s_segment_1328_20141226T105619_20141226T150908.png,ok,
1,1329,2014-12-26 19:01:07,2014-12-26 22:55:31,3.90671999993218,286,47.52,192.672,7200,240,Z:\SPART-WORK\Data\Voyager\voyager1\mag\48s\reviewed_vim\2014\voyager1_48s_mag-vim_20140101_v01.cdf,C:\Users\Administrator\Documents\FWD_matlab\Voyager_fu\Voyager_Interstellar_Monthly\HighestPrecision_Segments\V1_MAG48s_segment_1329_20141226T190107_20141226T225531.png,ok,
1,1330,2014-12-27 10:53:09,2014-12-27 15:35:33,4.70664027777778,346,47.52,334.368,7200,240,Z:\SPART-WORK\Data\Voyager\voyager1\mag\48s\reviewed_vim\2014\voyager1_48s_mag-vim_20140101_v01.cdf,C:\Users\Administrator\Documents\FWD_matlab\Voyager_fu\Voyager_Interstellar_Monthly\HighestPrecision_Segments\V1_MAG48s_segment_1330_20141227T105309_20141227T153533.png,ok,
1,1331,2014-12-28 10:46:44,2014-12-28 13:13:57,2.45351972222222,185,47.52,50.112,7200,240,Z:\SPART-WORK\Data\Voyager\voyager1\mag\48s\reviewed_vim\2014\voyager1_48s_mag-vim_20140101_v01.cdf,C:\Users\Administrator\Documents\FWD_matlab\Voyager_fu\Voyager_Interstellar_Monthly\HighestPrecision_Segments\V1_MAG48s_segment_1331_20141228T104644_20141228T131357.png,ok,
1,1332,2014-12-28 20:01:57,2014-12-28 21:36:20,1.57319972229004,118,47.52,94.175,7200,240,Z:\SPART-WORK\Data\Voyager\voyager1\mag\48s\reviewed_vim\2014\voyager1_48s_mag-vim_20140101_v01.cdf,C:\Users\Administrator\Documents\FWD_matlab\Voyager_fu\Voyager_Interstellar_Monthly\HighestPrecision_Segments\V1_MAG48s_segment_1332_20141228T200157_20141228T213620.png,ok,
1,1333,2014-12-29 10:57:57,2014-12-29 13:41:09,2.72016,204,47.52,95.041,7200,240,Z:\SPART-WORK\Data\Voyager\voyager1\mag\48s\reviewed_vim\2014\voyager1_48s_mag-vim_20140101_v01.cdf,C:\Users\Administrator\Documents\FWD_matlab\Voyager_fu\Voyager_Interstellar_Monthly\HighestPrecision_Segments\V1_MAG48s_segment_1333_20141229T105757_20141229T134109.png,ok,
1,1334,2014-12-29 18:45:07,2014-12-29 22:39:31,3.90671972222222,291,47.52,190.081,7200,240,Z:\SPART-WORK\Data\Voyager\voyager1\mag\48s\reviewed_vim\2014\voyager1_48s_mag-vim_20140101_v01.cdf,C:\Users\Administrator\Documents\FWD_matlab\Voyager_fu\Voyager_Interstellar_Monthly\HighestPrecision_Segments\V1_MAG48s_segment_1334_20141229T184507_20141229T223931.png,ok,
1,1335,2014-12-30 10:45:09,2014-12-30 15:29:07,4.7328,355,47.52,95.04,7200,240,Z:\SPART-WORK\Data\Voyager\voyager1\mag\48s\reviewed_vim\2014\voyager1_48s_mag-vim_20140101_v01.cdf,C:\Users\Administrator\Documents\FWD_matlab\Voyager_fu\Voyager_Interstellar_Monthly\HighestPrecision_Segments\V1_MAG48s_segment_1335_20141230T104509_20141230T152907.png,ok,
1,1336,2014-12-30 18:25:56,2014-12-30 21:35:33,3.16032,206,47.52,1392.768,7200,240,Z:\SPART-WORK\Data\Voyager\voyager1\mag\48s\reviewed_vim\2014\voyager1_48s_mag-vim_20140101_v01.cdf,C:\Users\Administrator\Documents\FWD_matlab\Voyager_fu\Voyager_Interstellar_Monthly\HighestPrecision_Segments\V1_MAG48s_segment_1336_20141230T182556_20141230T213533.png,ok,
1,1337,2015-01-01 10:33:57,2015-01-01 15:55:33,5.35992,399,48.383,240.192,7200,240,Z:\SPART-WORK\Data\Voyager\voyager1\mag\48s\reviewed_vim\2015\voyager1_48s_mag-vim_20150101_v01.cdf,C:\Users\Administrator\Documents\FWD_matlab\Voyager_fu\Voyager_Interstellar_Monthly\HighestPrecision_Segments\V1_MAG48s_segment_1337_20150101T103357_20150101T155533.png,ok,
1,1338,2015-01-02 10:30:45,2015-01-02 15:14:45,4.73328027770996,356,48.383,48.385,7200,240,Z:\SPART-WORK\Data\Voyager\voyager1\mag\48s\reviewed_vim\2015\voyager1_48s_mag-vim_20150101_v01.cdf,C:\Users\Administrator\Documents\FWD_matlab\Voyager_fu\Voyager_Interstellar_Monthly\HighestPrecision_Segments\V1_MAG48s_segment_1338_20150102T103045_20150102T151445.png,ok,
1,1339,2015-01-02 18:06:46,2015-01-02 23:10:45,5.06663972222222,380,48.383,95.903,7200,240,Z:\SPART-WORK\Data\Voyager\voyager1\mag\48s\reviewed_vim\2015\voyager1_48s_mag-vim_20150101_v01.cdf,C:\Users\Administrator\Documents\FWD_matlab\Voyager_fu\Voyager_Interstellar_Monthly\HighestPrecision_Segments\V1_MAG48s_segment_1339_20150102T180646_20150102T231045.png,ok,
1,1340,2015-01-03 10:24:21,2015-01-03 15:05:09,4.67999972222222,346,48.383,240.192,7200,240,Z:\SPART-WORK\Data\Voyager\voyager1\mag\48s\reviewed_vim\2015\voyager1_48s_mag-vim_20150101_v01.cdf,C:\Users\Administrator\Documents\FWD_matlab\Voyager_fu\Voyager_Interstellar_Monthly\HighestPrecision_Segments\V1_MAG48s_segment_1340_20150103T102421_20150103T150509.png,ok,
1,1341,2015-01-04 10:24:21,2015-01-04 15:13:57,4.82664,361,48.3830002441406,144.288,7200,240,Z:\SPART-WORK\Data\Voyager\voyager1\mag\48s\reviewed_vim\2015\voyager1_48s_mag-vim_20150101_v01.cdf,C:\Users\Administrator\Documents\FWD_matlab\Voyager_fu\Voyager_Interstellar_Monthly\HighestPrecision_Segments\V1_MAG48s_segment_1341_20150104T102421_20150104T151357.png,ok,
1,1342,2015-01-04 18:05:09,2015-01-05 00:29:57,6.41351972222222,480,48.3830002441406,144.288999755859,7200,240,Z:\SPART-WORK\Data\Voyager\voyager1\mag\48s\reviewed_vim\2015\voyager1_48s_mag-vim_20150101_v01.cdf,C:\Users\Administrator\Documents\FWD_matlab\Voyager_fu\Voyager_Interstellar_Monthly\HighestPrecision_Segments\V1_MAG48s_segment_1342_20150104T180509_20150105T002957.png,ok,
1,1343,2015-01-05 10:16:21,2015-01-05 14:08:21,3.86664027770996,288,48.3830002441406,191.807,7200,240,Z:\SPART-WORK\Data\Voyager\voyager1\mag\48s\reviewed_vim\2015\voyager1_48s_mag-vim_20150101_v01.cdf,C:\Users\Administrator\Documents\FWD_matlab\Voyager_fu\Voyager_Interstellar_Monthly\HighestPrecision_Segments\V1_MAG48s_segment_1343_20150105T101621_20150105T140821.png,ok,
1,1344,2015-01-05 18:00:21,2015-01-05 22:13:57,4.22663972222222,315,48.3830002441406,191.808,7200,240,Z:\SPART-WORK\Data\Voyager\voyager1\mag\48s\reviewed_vim\2015\voyager1_48s_mag-vim_20150101_v01.cdf,C:\Users\Administrator\Documents\FWD_matlab\Voyager_fu\Voyager_Interstellar_Monthly\HighestPrecision_Segments\V1_MAG48s_segment_1344_20150105T180021_20150105T221357.png,ok,
1,1345,2015-01-06 10:14:45,2015-01-06 13:09:09,2.90663972229004,219,48.3830002441406,48.385,7200,240,Z:\SPART-WORK\Data\Voyager\voyager1\mag\48s\reviewed_vim\2015\voyager1_48s_mag-vim_20150101_v01.cdf,C:\Users\Administrator\Documents\FWD_matlab\Voyager_fu\Voyager_Interstellar_Monthly\HighestPrecision_Segments\V1_MAG48s_segment_1345_20150106T101445_20150106T130909.png,ok,
1,1346,2015-01-06 17:57:09,2015-01-06 23:21:57,5.4132,316,48.3830002441406,4079.808,7200,240,Z:\SPART-WORK\Data\Voyager\voyager1\mag\48s\reviewed_vim\2015\voyager1_48s_mag-vim_20150101_v01.cdf,C:\Users\Administrator\Documents\FWD_matlab\Voyager_fu\Voyager_Interstellar_Monthly\HighestPrecision_Segments\V1_MAG48s_segment_1346_20150106T175709_20150106T232157.png,ok,
1,1347,2015-01-07 10:14:45,2015-01-07 14:58:45,4.73327972229004,354,48.3830002441406,144.289,7200,240,Z:\SPART-WORK\Data\Voyager\voyager1\mag\48s\reviewed_vim\2015\voyager1_48s_mag-vim_20150101_v01.cdf,C:\Users\Administrator\Documents\FWD_matlab\Voyager_fu\Voyager_Interstellar_Monthly\HighestPrecision_Segments\V1_MAG48s_segment_1347_20150107T101445_20150107T145845.png,ok,
1,1348,2015-01-07 17:50:45,2015-01-07 21:34:45,3.73344027777778,278,48.3830002441406,192.672,7200,240,Z:\SPART-WORK\Data\Voyager\voyager1\mag\48s\reviewed_vim\2015\voyager1_48s_mag-vim_20150101_v01.cdf,C:\Users\Administrator\Documents\FWD_matlab\Voyager_fu\Voyager_Interstellar_Monthly\HighestPrecision_Segments\V1_MAG48s_segment_1348_20150107T175045_20150107T213445.png,ok,
1,1349,2015-01-08 10:24:21,2015-01-08 14:20:21,3.93336,283,48.3839997558594,288.576,7200,240,Z:\SPART-WORK\Data\Voyager\voyager1\mag\48s\reviewed_vim\2015\voyager1_48s_mag-vim_20150101_v01.cdf,C:\Users\Administrator\Documents\FWD_matlab\Voyager_fu\Voyager_Interstellar_Monthly\HighestPrecision_Segments\V1_MAG48s_segment_1349_20150108T102421_20150108T142021.png,ok,
1,1350,2015-01-08 17:47:33,2015-01-08 22:04:21,4.27991972229004,321,48.3839997558594,95.904,7200,240,Z:\SPART-WORK\Data\Voyager\voyager1\mag\48s\reviewed_vim\2015\voyager1_48s_mag-vim_20150101_v01.cdf,C:\Users\Administrator\Documents\FWD_matlab\Voyager_fu\Voyager_Interstellar_Monthly\HighestPrecision_Segments\V1_MAG48s_segment_1350_20150108T174733_20150108T220421.png,ok,
1,1351,2015-01-09 10:17:57,2015-01-09 14:13:57,3.93336,296,48.3839997558594,48.385,7200,240,Z:\SPART-WORK\Data\Voyager\voyager1\mag\48s\reviewed_vim\2015\voyager1_48s_mag-vim_20150101_v01.cdf,C:\Users\Administrator\Documents\FWD_matlab\Voyager_fu\Voyager_Interstellar_Monthly\HighestPrecision_Segments\V1_MAG48s_segment_1351_20150109T101757_20150109T141357.png,ok,
1,1352,2015-01-09 17:41:09,2015-01-10 01:45:09,8.06664000006782,523,48.3839997558594,3983.90499975586,7200,240,Z:\SPART-WORK\Data\Voyager\voyager1\mag\48s\reviewed_vim\2015\voyager1_48s_mag-vim_20150101_v01.cdf,C:\Users\Administrator\Documents\FWD_matlab\Voyager_fu\Voyager_Interstellar_Monthly\HighestPrecision_Segments\V1_MAG48s_segment_1352_20150109T174109_20150110T014509.png,ok,
1,1353,2015-01-10 10:14:45,2015-01-10 13:19:33,3.07991972222222,230,48.3839997558594,144.289,7200,240,Z:\SPART-WORK\Data\Voyager\voyager1\mag\48s\reviewed_vim\2015\voyager1_48s_mag-vim_20150101_v01.cdf,C:\Users\Administrator\Documents\FWD_matlab\Voyager_fu\Voyager_Interstellar_Monthly\HighestPrecision_Segments\V1_MAG48s_segment_1353_20150110T101445_20150110T131933.png,ok,
1,1354,2015-01-10 17:42:45,2015-01-11 01:40:21,7.95983972229004,369,48.384,3696.19100024414,7200,240,Z:\SPART-WORK\Data\Voyager\voyager1\mag\48s\reviewed_vim\2015\voyager1_48s_mag-vim_20150101_v01.cdf,C:\Users\Administrator\Documents\FWD_matlab\Voyager_fu\Voyager_Interstellar_Monthly\HighestPrecision_Segments\V1_MAG48s_segment_1354_20150110T174245_20150111T014021.png,ok,
1,1355,2015-01-11 10:05:09,2015-01-11 14:33:57,4.47984,337,48.3839997558594,48.385,7200,240,Z:\SPART-WORK\Data\Voyager\voyager1\mag\48s\reviewed_vim\2015\voyager1_48s_mag-vim_20150101_v01.cdf,C:\Users\Administrator\Documents\FWD_matlab\Voyager_fu\Voyager_Interstellar_Monthly\HighestPrecision_Segments\V1_MAG48s_segment_1355_20150111T100509_20150111T143357.png,ok,
1,1356,2015-01-11 17:33:09,2015-01-11 22:18:45,4.75992,351,48.3839997558594,192.671000244141,7200,240,Z:\SPART-WORK\Data\Voyager\voyager1\mag\48s\reviewed_vim\2015\voyager1_48s_mag-vim_20150101_v01.cdf,C:\Users\Administrator\Documents\FWD_matlab\Voyager_fu\Voyager_Interstellar_Monthly\HighestPrecision_Segments\V1_MAG48s_segment_1356_20150111T173309_20150111T221845.png,ok,
1,1357,2015-01-12 11:31:33,2015-01-12 13:33:57,2.04000027777778,154,48.3839997558594,48.385,7200,240,Z:\SPART-WORK\Data\Voyager\voyager1\mag\48s\reviewed_vim\2015\voyager1_48s_mag-vim_20150101_v01.cdf,C:\Users\Administrator\Documents\FWD_matlab\Voyager_fu\Voyager_Interstellar_Monthly\HighestPrecision_Segments\V1_MAG48s_segment_1357_20150112T113133_20150112T133357.png,ok,
1,1358,2015-01-12 17:29:57,2015-01-12 23:24:21,5.90664027770996,439,48.3839997558594,191.807,7200,240,Z:\SPART-WORK\Data\Voyager\voyager1\mag\48s\reviewed_vim\2015\voyager1_48s_mag-vim_20150101_v01.cdf,C:\Users\Administrator\Documents\FWD_matlab\Voyager_fu\Voyager_Interstellar_Monthly\HighestPrecision_Segments\V1_MAG48s_segment_1358_20150112T172957_20150112T232421.png,ok,
1,1359,2015-01-13 10:46:45,2015-01-13 11:48:21,1.02648027770996,75,48.3839998779297,144.287,7200,240,Z:\SPART-WORK\Data\Voyager\voyager1\mag\48s\reviewed_vim\2015\voyager1_48s_mag-vim_20150101_v01.cdf,C:\Users\Administrator\Documents\FWD_matlab\Voyager_fu\Voyager_Interstellar_Monthly\HighestPrecision_Segments\V1_MAG48s_segment_1359_20150113T104645_20150113T114821.png,ok,
1,1360,2015-01-13 17:29:57,2015-01-13 21:33:57,4.06656027770996,305,48.3839997558594,96.768,7200,240,Z:\SPART-WORK\Data\Voyager\voyager1\mag\48s\reviewed_vim\2015\voyager1_48s_mag-vim_20150101_v01.cdf,C:\Users\Administrator\Documents\FWD_matlab\Voyager_fu\Voyager_Interstellar_Monthly\HighestPrecision_Segments\V1_MAG48s_segment_1360_20150113T172957_20150113T213357.png,ok,
1,1361,2015-01-14 09:45:57,2015-01-14 13:35:33,3.8268,286,48.3839997558594,144.288,7200,240,Z:\SPART-WORK\Data\Voyager\voyager1\mag\48s\reviewed_vim\2015\voyager1_48s_mag-vim_20150101_v01.cdf,C:\Users\Administrator\Documents\FWD_matlab\Voyager_fu\Voyager_Interstellar_Monthly\HighestPrecision_Segments\V1_MAG48s_segment_1361_20150114T094557_20150114T133533.png,ok,
1,1362,2015-01-14 17:34:45,2015-01-14 20:49:09,3.24000027777778,241,48.3839997558594,191.808,7200,240,Z:\SPART-WORK\Data\Voyager\voyager1\mag\48s\reviewed_vim\2015\voyager1_48s_mag-vim_20150101_v01.cdf,C:\Users\Administrator\Documents\FWD_matlab\Voyager_fu\Voyager_Interstellar_Monthly\HighestPrecision_Segments\V1_MAG48s_segment_1362_20150114T173445_20150114T204909.png,ok,
1,1363,2015-01-15 09:53:57,2015-01-15 13:34:45,3.67991972222222,272,48.3839997558594,191.809,7200,240,Z:\SPART-WORK\Data\Voyager\voyager1\mag\48s\reviewed_vim\2015\voyager1_48s_mag-vim_20150101_v01.cdf,C:\Users\Administrator\Documents\FWD_matlab\Voyager_fu\Voyager_Interstellar_Monthly\HighestPrecision_Segments\V1_MAG48s_segment_1363_20150115T095357_20150115T133445.png,ok,
1,1364,2015-01-15 17:30:45,2015-01-15 21:29:09,3.97344027770996,299,48.3839997558594,48.385,7200,240,Z:\SPART-WORK\Data\Voyager\voyager1\mag\48s\reviewed_vim\2015\voyager1_48s_mag-vim_20150101_v01.cdf,C:\Users\Administrator\Documents\FWD_matlab\Voyager_fu\Voyager_Interstellar_Monthly\HighestPrecision_Segments\V1_MAG48s_segment_1364_20150115T173045_20150115T212909.png,ok,
1,1365,2015-01-16 09:47:32,2015-01-16 14:23:33,4.60007972229004,344,48.3839997558594,96.768,7200,240,Z:\SPART-WORK\Data\Voyager\voyager1\mag\48s\reviewed_vim\2015\voyager1_48s_mag-vim_20150101_v01.cdf,C:\Users\Administrator\Documents\FWD_matlab\Voyager_fu\Voyager_Interstellar_Monthly\HighestPrecision_Segments\V1_MAG48s_segment_1365_20150116T094732_20150116T142333.png,ok,
1,1366,2015-01-17 09:41:09,2015-01-17 11:38:45,1.96008,145,48.384,191.807999755859,7200,240,Z:\SPART-WORK\Data\Voyager\voyager1\mag\48s\reviewed_vim\2015\voyager1_48s_mag-vim_20150101_v01.cdf,C:\Users\Administrator\Documents\FWD_matlab\Voyager_fu\Voyager_Interstellar_Monthly\HighestPrecision_Segments\V1_MAG48s_segment_1366_20150117T094109_20150117T113845.png,ok,
1,1367,2015-01-17 17:12:21,2015-01-17 21:38:45,4.44000027777778,333,48.3839997558594,95.904,7200,240,Z:\SPART-WORK\Data\Voyager\voyager1\mag\48s\reviewed_vim\2015\voyager1_48s_mag-vim_20150101_v01.cdf,C:\Users\Administrator\Documents\FWD_matlab\Voyager_fu\Voyager_Interstellar_Monthly\HighestPrecision_Segments\V1_MAG48s_segment_1367_20150117T171221_20150117T213845.png,ok,
1,1368,2015-01-18 09:41:09,2015-01-18 11:49:09,2.13336,158,48.3839997558594,191.807999755859,7200,240,Z:\SPART-WORK\Data\Voyager\voyager1\mag\48s\reviewed_vim\2015\voyager1_48s_mag-vim_20150101_v01.cdf,C:\Users\Administrator\Documents\FWD_matlab\Voyager_fu\Voyager_Interstellar_Monthly\HighestPrecision_Segments\V1_MAG48s_segment_1368_20150118T094109_20150118T114909.png,ok,
1,1369,2015-01-18 17:25:09,2015-01-18 21:18:44,3.89328027777778,290,48.3839997558594,192.672,7200,240,Z:\SPART-WORK\Data\Voyager\voyager1\mag\48s\reviewed_vim\2015\voyager1_48s_mag-vim_20150101_v01.cdf,C:\Users\Administrator\Documents\FWD_matlab\Voyager_fu\Voyager_Interstellar_Monthly\HighestPrecision_Segments\V1_MAG48s_segment_1369_20150118T172509_20150118T211844.png,ok,
1,1370,2015-01-19 09:29:57,2015-01-19 14:24:21,4.90679972222222,367,48.3839997558594,143.423,7200,240,Z:\SPART-WORK\Data\Voyager\voyager1\mag\48s\reviewed_vim\2015\voyager1_48s_mag-vim_20150101_v01.cdf,C:\Users\Administrator\Documents\FWD_matlab\Voyager_fu\Voyager_Interstellar_Monthly\HighestPrecision_Segments\V1_MAG48s_segment_1370_20150119T092957_20150119T142421.png,ok,
1,1371,2015-01-19 17:20:21,2015-01-19 21:33:57,4.22663972222222,318,48.3839997558594,48.385,7200,240,Z:\SPART-WORK\Data\Voyager\voyager1\mag\48s\reviewed_vim\2015\voyager1_48s_mag-vim_20150101_v01.cdf,C:\Users\Administrator\Documents\FWD_matlab\Voyager_fu\Voyager_Interstellar_Monthly\HighestPrecision_Segments\V1_MAG48s_segment_1371_20150119T172021_20150119T213357.png,ok,
1,1372,2015-01-20 09:39:33,2015-01-20 13:40:21,4.01328,300,48.3839997558594,144.287000244141,7200,240,Z:\SPART-WORK\Data\Voyager\voyager1\mag\48s\reviewed_vim\2015\voyager1_48s_mag-vim_20150101_v01.cdf,C:\Users\Administrator\Documents\FWD_matlab\Voyager_fu\Voyager_Interstellar_Monthly\HighestPrecision_Segments\V1_MAG48s_segment_1372_20150120T093933_20150120T134021.png,ok,
1,1373,2015-01-21 09:23:33,2015-01-21 12:49:08,3.42648027777778,258,48.3839997558594,48.385,7200,240,Z:\SPART-WORK\Data\Voyager\voyager1\mag\48s\reviewed_vim\2015\voyager1_48s_mag-vim_20150101_v01.cdf,C:\Users\Administrator\Documents\FWD_matlab\Voyager_fu\Voyager_Interstellar_Monthly\HighestPrecision_Segments\V1_MAG48s_segment_1373_20150121T092333_20150121T124908.png,ok,
1,1374,2015-01-21 16:57:57,2015-01-21 21:34:44,4.61327972222222,345,48.3839997558594,144.288,7200,240,Z:\SPART-WORK\Data\Voyager\voyager1\mag\48s\reviewed_vim\2015\voyager1_48s_mag-vim_20150101_v01.cdf,C:\Users\Administrator\Documents\FWD_matlab\Voyager_fu\Voyager_Interstellar_Monthly\HighestPrecision_Segments\V1_MAG48s_segment_1374_20150121T165757_20150121T213444.png,ok,
1,1375,2015-01-22 09:13:57,2015-01-22 14:15:32,5.02655999993218,368,48.3839997558594,336.095,7200,240,Z:\SPART-WORK\Data\Voyager\voyager1\mag\48s\reviewed_vim\2015\voyager1_48s_mag-vim_20150101_v01.cdf,C:\Users\Administrator\Documents\FWD_matlab\Voyager_fu\Voyager_Interstellar_Monthly\HighestPrecision_Segments\V1_MAG48s_segment_1375_20150122T091357_20150122T141532.png,ok,
1,1376,2015-01-22 18:30:45,2015-01-22 20:54:45,2.39999972222222,181,48.3839997558594,48.385,7200,240,Z:\SPART-WORK\Data\Voyager\voyager1\mag\48s\reviewed_vim\2015\voyager1_48s_mag-vim_20150101_v01.cdf,C:\Users\Administrator\Documents\FWD_matlab\Voyager_fu\Voyager_Interstellar_Monthly\HighestPrecision_Segments\V1_MAG48s_segment_1376_20150122T183045_20150122T205445.png,ok,
1,1377,2015-01-23 09:13:57,2015-01-23 13:54:45,4.68,352,48.3839997558594,48.385,7200,240,Z:\SPART-WORK\Data\Voyager\voyager1\mag\48s\reviewed_vim\2015\voyager1_48s_mag-vim_20150101_v01.cdf,C:\Users\Administrator\Documents\FWD_matlab\Voyager_fu\Voyager_Interstellar_Monthly\HighestPrecision_Segments\V1_MAG48s_segment_1377_20150123T091357_20150123T135445.png,ok,
1,1378,2015-01-23 16:41:57,2015-01-23 21:45:57,5.06664,379,48.3839997558594,144.289,7200,240,Z:\SPART-WORK\Data\Voyager\voyager1\mag\48s\reviewed_vim\2015\voyager1_48s_mag-vim_20150101_v01.cdf,C:\Users\Administrator\Documents\FWD_matlab\Voyager_fu\Voyager_Interstellar_Monthly\HighestPrecision_Segments\V1_MAG48s_segment_1378_20150123T164157_20150123T214557.png,ok,
1,1379,2015-01-24 09:12:21,2015-01-24 13:54:45,4.70664000006782,230,48.3839997558594,5424.192,7200,240,Z:\SPART-WORK\Data\Voyager\voyager1\mag\48s\reviewed_vim\2015\voyager1_48s_mag-vim_20150101_v01.cdf,C:\Users\Administrator\Documents\FWD_matlab\Voyager_fu\Voyager_Interstellar_Monthly\HighestPrecision_Segments\V1_MAG48s_segment_1379_20150124T091221_20150124T135445.png,ok,
1,1380,2015-01-25 04:30:44,2015-01-25 07:23:32,2.87999972222222,216,48.3839997558594,95.903,7200,240,Z:\SPART-WORK\Data\Voyager\voyager1\mag\48s\reviewed_vim\2015\voyager1_48s_mag-vim_20150101_v01.cdf,C:\Users\Administrator\Documents\FWD_matlab\Voyager_fu\Voyager_Interstellar_Monthly\HighestPrecision_Segments\V1_MAG48s_segment_1380_20150125T043044_20150125T072332.png,ok,
1,1381,2015-01-25 10:51:33,2015-01-25 12:58:45,2.11992,159,48.3839997558594,95.903,7200,240,Z:\SPART-WORK\Data\Voyager\voyager1\mag\48s\reviewed_vim\2015\voyager1_48s_mag-vim_20150101_v01.cdf,C:\Users\Administrator\Documents\FWD_matlab\Voyager_fu\Voyager_Interstellar_Monthly\HighestPrecision_Segments\V1_MAG48s_segment_1381_20150125T105133_20150125T125845.png,ok,
1,1382,2015-01-25 16:40:21,2015-01-25 19:25:08,2.74655972222222,206,48.3839997558594,95.903,7200,240,Z:\SPART-WORK\Data\Voyager\voyager1\mag\48s\reviewed_vim\2015\voyager1_48s_mag-vim_20150101_v01.cdf,C:\Users\Administrator\Documents\FWD_matlab\Voyager_fu\Voyager_Interstellar_Monthly\HighestPrecision_Segments\V1_MAG48s_segment_1382_20150125T164021_20150125T192508.png,ok,
1,1383,2015-01-26 10:33:56,2015-01-26 14:29:09,3.92016027770996,295,48.3839997558594,48.385,7200,240,Z:\SPART-WORK\Data\Voyager\voyager1\mag\48s\reviewed_vim\2015\voyager1_48s_mag-vim_20150101_v01.cdf,C:\Users\Administrator\Documents\FWD_matlab\Voyager_fu\Voyager_Interstellar_Monthly\HighestPrecision_Segments\V1_MAG48s_segment_1383_20150126T103356_20150126T142909.png,ok,
1,1384,2015-01-26 16:33:56,2015-01-26 18:59:33,2.42688027770996,88,48.384,4559.328,7200,240,Z:\SPART-WORK\Data\Voyager\voyager1\mag\48s\reviewed_vim\2015\voyager1_48s_mag-vim_20150101_v01.cdf,C:\Users\Administrator\Documents\FWD_matlab\Voyager_fu\Voyager_Interstellar_Monthly\HighestPrecision_Segments\V1_MAG48s_segment_1384_20150126T163356_20150126T185933.png,ok,
1,1385,2015-01-30 10:17:56,2015-01-30 13:54:45,3.61343972229004,219,48.3839997558594,719.713,7200,240,Z:\SPART-WORK\Data\Voyager\voyager1\mag\48s\reviewed_vim\2015\voyager1_48s_mag-vim_20150101_v01.cdf,C:\Users\Administrator\Documents\FWD_matlab\Voyager_fu\Voyager_Interstellar_Monthly\HighestPrecision_Segments\V1_MAG48s_segment_1385_20150130T101756_20150130T135445.png,ok,
1,1386,2015-01-30 18:09:09,2015-01-30 21:04:20,2.91983972222222,98,48.384,2351.808,7200,240,Z:\SPART-WORK\Data\Voyager\voyager1\mag\48s\reviewed_vim\2015\voyager1_48s_mag-vim_20150101_v01.cdf,C:\Users\Administrator\Documents\FWD_matlab\Voyager_fu\Voyager_Interstellar_Monthly\HighestPrecision_Segments\V1_MAG48s_segment_1386_20150130T180909_20150130T210420.png,ok,
1,1387,2015-01-31 08:38:44,2015-01-31 13:05:08,4.43999972229004,331,48.3839997558594,192.672,7200,240,Z:\SPART-WORK\Data\Voyager\voyager1\mag\48s\reviewed_vim\2015\voyager1_48s_mag-vim_20150101_v01.cdf,C:\Users\Administrator\Documents\FWD_matlab\Voyager_fu\Voyager_Interstellar_Monthly\HighestPrecision_Segments\V1_MAG48s_segment_1387_20150131T083844_20150131T130508.png,ok,
1,1388,2015-01-31 16:21:08,2015-02-01 00:11:32,7.84008027770996,585,48.3839997558594,192.672000244141,7200,240,Z:\SPART-WORK\Data\Voyager\voyager1\mag\48s\reviewed_vim\2015\voyager1_48s_mag-vim_20150101_v01.cdf,C:\Users\Administrator\Documents\FWD_matlab\Voyager_fu\Voyager_Interstellar_Monthly\HighestPrecision_Segments\V1_MAG48s_segment_1388_20150131T162108_20150201T001132.png,ok,
1,1389,2015-02-01 08:32:21,2015-02-01 19:59:32,11.4532797222222,715,48.3839997558594,6720.19100024414,7200,240,Z:\SPART-WORK\Data\Voyager\voyager1\mag\48s\reviewed_vim\2015\voyager1_48s_mag-vim_20150101_v01.cdf,C:\Users\Administrator\Documents\FWD_matlab\Voyager_fu\Voyager_Interstellar_Monthly\HighestPrecision_Segments\V1_MAG48s_segment_1389_20150201T083221_20150201T195932.png,ok,
1,1390,2015-02-03 08:35:32,2015-02-03 13:33:56,4.97328,374,48.3839997558594,48.3849997558594,7200,240,Z:\SPART-WORK\Data\Voyager\voyager1\mag\48s\reviewed_vim\2015\voyager1_48s_mag-vim_20150101_v01.cdf,C:\Users\Administrator\Documents\FWD_matlab\Voyager_fu\Voyager_Interstellar_Monthly\HighestPrecision_Segments\V1_MAG48s_segment_1390_20150203T083532_20150203T133356.png,ok,
1,1391,2015-02-03 16:08:20,2015-02-03 19:05:57,2.96015972222222,215,48.3839997558594,240.192,7200,240,Z:\SPART-WORK\Data\Voyager\voyager1\mag\48s\reviewed_vim\2015\voyager1_48s_mag-vim_20150101_v01.cdf,C:\Users\Administrator\Documents\FWD_matlab\Voyager_fu\Voyager_Interstellar_Monthly\HighestPrecision_Segments\V1_MAG48s_segment_1391_20150203T160820_20150203T190557.png,ok,
1,1392,2015-02-04 08:33:57,2015-02-04 16:27:32,7.89312,440,48.3839997558594,7199.713,7200,240,Z:\SPART-WORK\Data\Voyager\voyager1\mag\48s\reviewed_vim\2015\voyager1_48s_mag-vim_20150101_v01.cdf,C:\Users\Administrator\Documents\FWD_matlab\Voyager_fu\Voyager_Interstellar_Monthly\HighestPrecision_Segments\V1_MAG48s_segment_1392_20150204T083357_20150204T162732.png,ok,
1,1393,2015-02-04 20:58:44,2015-02-04 21:34:44,0.599999722222222,46,48.3839997558594,48.385,7200,240,Z:\SPART-WORK\Data\Voyager\voyager1\mag\48s\reviewed_vim\2015\voyager1_48s_mag-vim_20150101_v01.cdf,C:\Users\Administrator\Documents\FWD_matlab\Voyager_fu\Voyager_Interstellar_Monthly\HighestPrecision_Segments\V1_MAG48s_segment_1393_20150204T205844_20150204T213444.png,ok,
1,1394,2015-02-05 10:01:56,2015-02-05 14:09:08,4.11984027777778,307,48.3839997558594,143.424000244141,7200,240,Z:\SPART-WORK\Data\Voyager\voyager1\mag\48s\reviewed_vim\2015\voyager1_48s_mag-vim_20150101_v01.cdf,C:\Users\Administrator\Documents\FWD_matlab\Voyager_fu\Voyager_Interstellar_Monthly\HighestPrecision_Segments\V1_MAG48s_segment_1394_20150205T100156_20150205T140908.png,ok,
1,1395,2015-02-05 17:50:45,2015-02-05 18:34:44,0.733199722222222,53,48.3839997558594,191.807999755859,7200,240,Z:\SPART-WORK\Data\Voyager\voyager1\mag\48s\reviewed_vim\2015\voyager1_48s_mag-vim_20150101_v01.cdf,C:\Users\Administrator\Documents\FWD_matlab\Voyager_fu\Voyager_Interstellar_Monthly\HighestPrecision_Segments\V1_MAG48s_segment_1395_20150205T175045_20150205T183444.png,ok,
1,1396,2015-02-06 00:38:45,2015-02-06 01:25:08,0.77328,59,48.3839997558594,48.385,7200,240,Z:\SPART-WORK\Data\Voyager\voyager1\mag\48s\reviewed_vim\2015\voyager1_48s_mag-vim_20150101_v01.cdf,C:\Users\Administrator\Documents\FWD_matlab\Voyager_fu\Voyager_Interstellar_Monthly\HighestPrecision_Segments\V1_MAG48s_segment_1396_20150206T003845_20150206T012508.png,ok,
1,1397,2015-02-06 08:17:56,2015-02-06 13:45:08,5.45351972222222,409,48.3839997558594,96.768,7200,240,Z:\SPART-WORK\Data\Voyager\voyager1\mag\48s\reviewed_vim\2015\voyager1_48s_mag-vim_20150101_v01.cdf,C:\Users\Administrator\Documents\FWD_matlab\Voyager_fu\Voyager_Interstellar_Monthly\HighestPrecision_Segments\V1_MAG48s_segment_1397_20150206T081756_20150206T134508.png,ok,
1,1398,2015-02-06 15:57:08,2015-02-06 20:45:09,4.80024027777778,359,48.3839997558594,144.288999755859,7200,240,Z:\SPART-WORK\Data\Voyager\voyager1\mag\48s\reviewed_vim\2015\voyager1_48s_mag-vim_20150101_v01.cdf,C:\Users\Administrator\Documents\FWD_matlab\Voyager_fu\Voyager_Interstellar_Monthly\HighestPrecision_Segments\V1_MAG48s_segment_1398_20150206T155708_20150206T204509.png,ok,
1,1399,2015-02-07 06:13:08,2015-02-07 12:58:44,6.75984027777778,351,48.3839997558594,7199.713,7200,240,Z:\SPART-WORK\Data\Voyager\voyager1\mag\48s\reviewed_vim\2015\voyager1_48s_mag-vim_20150101_v01.cdf,C:\Users\Administrator\Documents\FWD_matlab\Voyager_fu\Voyager_Interstellar_Monthly\HighestPrecision_Segments\V1_MAG48s_segment_1399_20150207T061308_20150207T125844.png,ok,
1,1400,2015-02-07 15:52:20,2015-02-07 18:33:56,2.69327999993218,202,48.3839997558594,95.9049997558594,7200,240,Z:\SPART-WORK\Data\Voyager\voyager1\mag\48s\reviewed_vim\2015\voyager1_48s_mag-vim_20150101_v01.cdf,C:\Users\Administrator\Documents\FWD_matlab\Voyager_fu\Voyager_Interstellar_Monthly\HighestPrecision_Segments\V1_MAG48s_segment_1400_20150207T155220_20150207T183356.png,ok,
1,1401,2015-02-08 08:09:56,2015-02-08 13:35:32,5.42663972229004,408,48.3839997558594,48.3849997558594,7200,240,Z:\SPART-WORK\Data\Voyager\voyager1\mag\48s\reviewed_vim\2015\voyager1_48s_mag-vim_20150101_v01.cdf,C:\Users\Administrator\Documents\FWD_matlab\Voyager_fu\Voyager_Interstellar_Monthly\HighestPrecision_Segments\V1_MAG48s_segment_1401_20150208T080956_20150208T133532.png,ok,
1,1402,2015-02-08 15:39:32,2015-02-08 19:53:56,4.24008,315,48.3839997558594,192.671,7200,240,Z:\SPART-WORK\Data\Voyager\voyager1\mag\48s\reviewed_vim\2015\voyager1_48s_mag-vim_20150101_v01.cdf,C:\Users\Administrator\Documents\FWD_matlab\Voyager_fu\Voyager_Interstellar_Monthly\HighestPrecision_Segments\V1_MAG48s_segment_1402_20150208T153932_20150208T195356.png,ok,
1,1403,2015-02-09 09:20:20,2015-02-09 13:54:45,4.57343972229004,340,48.3839997558594,144.289,7200,240,Z:\SPART-WORK\Data\Voyager\voyager1\mag\48s\reviewed_vim\2015\voyager1_48s_mag-vim_20150101_v01.cdf,C:\Users\Administrator\Documents\FWD_matlab\Voyager_fu\Voyager_Interstellar_Monthly\HighestPrecision_Segments\V1_MAG48s_segment_1403_20150209T092020_20150209T135445.png,ok,
1,1404,2015-02-09 18:48:20,2015-02-09 21:33:56,2.76,205,48.3839997558594,192.671,7200,240,Z:\SPART-WORK\Data\Voyager\voyager1\mag\48s\reviewed_vim\2015\voyager1_48s_mag-vim_20150101_v01.cdf,C:\Users\Administrator\Documents\FWD_matlab\Voyager_fu\Voyager_Interstellar_Monthly\HighestPrecision_Segments\V1_MAG48s_segment_1404_20150209T184820_20150209T213356.png,ok,
1,1405,2015-02-10 09:37:56,2015-02-10 19:00:21,9.37344,575,48.3839997558594,6144.768,7200,240,Z:\SPART-WORK\Data\Voyager\voyager1\mag\48s\reviewed_vim\2015\voyager1_48s_mag-vim_20150101_v01.cdf,C:\Users\Administrator\Documents\FWD_matlab\Voyager_fu\Voyager_Interstellar_Monthly\HighestPrecision_Segments\V1_MAG48s_segment_1405_20150210T093756_20150210T190021.png,ok,
1,1406,2015-02-11 07:55:32,2015-02-11 12:45:57,4.84008,363,48.3839997558594,95.904,7200,240,Z:\SPART-WORK\Data\Voyager\voyager1\mag\48s\reviewed_vim\2015\voyager1_48s_mag-vim_20150101_v01.cdf,C:\Users\Administrator\Documents\FWD_matlab\Voyager_fu\Voyager_Interstellar_Monthly\HighestPrecision_Segments\V1_MAG48s_segment_1406_20150211T075532_20150211T124557.png,ok,
1,1407,2015-02-11 15:36:20,2015-02-11 20:29:08,4.87991999993218,364,48.3839997558594,191.808,7200,240,Z:\SPART-WORK\Data\Voyager\voyager1\mag\48s\reviewed_vim\2015\voyager1_48s_mag-vim_20150101_v01.cdf,C:\Users\Administrator\Documents\FWD_matlab\Voyager_fu\Voyager_Interstellar_Monthly\HighestPrecision_Segments\V1_MAG48s_segment_1407_20150211T153620_20150211T202908.png,ok,
1,1408,2015-02-12 07:55:32,2015-02-12 13:20:20,5.4132,406,48.3839997558594,95.904,7200,240,Z:\SPART-WORK\Data\Voyager\voyager1\mag\48s\reviewed_vim\2015\voyager1_48s_mag-vim_20150101_v01.cdf,C:\Users\Administrator\Documents\FWD_matlab\Voyager_fu\Voyager_Interstellar_Monthly\HighestPrecision_Segments\V1_MAG48s_segment_1408_20150212T075532_20150212T132020.png,ok,
1,1409,2015-02-12 15:33:08,2015-02-12 23:29:56,7.94663972222222,596,48.3839997558594,95.903,7200,240,Z:\SPART-WORK\Data\Voyager\voyager1\mag\48s\reviewed_vim\2015\voyager1_48s_mag-vim_20150101_v01.cdf,C:\Users\Administrator\Documents\FWD_matlab\Voyager_fu\Voyager_Interstellar_Monthly\HighestPrecision_Segments\V1_MAG48s_segment_1409_20150212T153308_20150212T232956.png,ok,
1,1410,2015-02-13 09:23:32,2015-02-13 20:04:20,10.68,498,48.384,5711.905,7200,240,Z:\SPART-WORK\Data\Voyager\voyager1\mag\48s\reviewed_vim\2015\voyager1_48s_mag-vim_20150101_v01.cdf,C:\Users\Administrator\Documents\FWD_matlab\Voyager_fu\Voyager_Interstellar_Monthly\HighestPrecision_Segments\V1_MAG48s_segment_1410_20150213T092332_20150213T200420.png,ok,
1,1411,2015-02-14 07:50:44,2015-02-14 19:25:56,11.58672,743,48.3839997558594,5999.616,7200,240,Z:\SPART-WORK\Data\Voyager\voyager1\mag\48s\reviewed_vim\2015\voyager1_48s_mag-vim_20150101_v01.cdf,C:\Users\Administrator\Documents\FWD_matlab\Voyager_fu\Voyager_Interstellar_Monthly\HighestPrecision_Segments\V1_MAG48s_segment_1411_20150214T075044_20150214T192556.png,ok,
1,1412,2015-02-15 07:45:56,2015-02-15 17:51:32,10.09344,619,48.3839997558594,6527.52,7200,240,Z:\SPART-WORK\Data\Voyager\voyager1\mag\48s\reviewed_vim\2015\voyager1_48s_mag-vim_20150101_v01.cdf,C:\Users\Administrator\Documents\FWD_matlab\Voyager_fu\Voyager_Interstellar_Monthly\HighestPrecision_Segments\V1_MAG48s_segment_1412_20150215T074556_20150215T175132.png,ok,
1,1413,2015-02-16 09:13:56,2015-02-16 11:55:33,2.69351972222222,203,48.3839997558594,48.385,7200,240,Z:\SPART-WORK\Data\Voyager\voyager1\mag\48s\reviewed_vim\2015\voyager1_48s_mag-vim_20150101_v01.cdf,C:\Users\Administrator\Documents\FWD_matlab\Voyager_fu\Voyager_Interstellar_Monthly\HighestPrecision_Segments\V1_MAG48s_segment_1413_20150216T091356_20150216T115533.png,ok,
1,1414,2015-02-16 15:09:08,2015-02-16 17:00:20,1.85328027770996,140,48.384,48.3849997558594,7200,240,Z:\SPART-WORK\Data\Voyager\voyager1\mag\48s\reviewed_vim\2015\voyager1_48s_mag-vim_20150101_v01.cdf,C:\Users\Administrator\Documents\FWD_matlab\Voyager_fu\Voyager_Interstellar_Monthly\HighestPrecision_Segments\V1_MAG48s_segment_1414_20150216T150908_20150216T170020.png,ok,
1,1415,2015-02-16 23:25:09,2015-02-16 23:49:56,0.413280277777778,30,48.3839997558594,144.288999755859,7200,240,Z:\SPART-WORK\Data\Voyager\voyager1\mag\48s\reviewed_vim\2015\voyager1_48s_mag-vim_20150101_v01.cdf,C:\Users\Administrator\Documents\FWD_matlab\Voyager_fu\Voyager_Interstellar_Monthly\HighestPrecision_Segments\V1_MAG48s_segment_1415_20150216T232509_20150216T234956.png,ok,
1,1416,2015-02-17 07:39:32,2015-02-17 13:37:08,5.95991972222222,447,48.3839997558594,95.9030002441406,7200,240,Z:\SPART-WORK\Data\Voyager\voyager1\mag\48s\reviewed_vim\2015\voyager1_48s_mag-vim_20150101_v01.cdf,C:\Users\Administrator\Documents\FWD_matlab\Voyager_fu\Voyager_Interstellar_Monthly\HighestPrecision_Segments\V1_MAG48s_segment_1416_20150217T073932_20150217T133708.png,ok,
1,1417,2015-02-17 18:29:08,2015-02-17 20:14:44,1.75991972222222,132,48.384,95.9030002441406,7200,240,Z:\SPART-WORK\Data\Voyager\voyager1\mag\48s\reviewed_vim\2015\voyager1_48s_mag-vim_20150101_v01.cdf,C:\Users\Administrator\Documents\FWD_matlab\Voyager_fu\Voyager_Interstellar_Monthly\HighestPrecision_Segments\V1_MAG48s_segment_1417_20150217T182908_20150217T201444.png,ok,
1,1418,2015-02-18 07:29:56,2015-02-18 11:49:56,4.33344,323,48.3839998779297,191.808,7200,240,Z:\SPART-WORK\Data\Voyager\voyager1\mag\48s\reviewed_vim\2015\voyager1_48s_mag-vim_20150101_v01.cdf,C:\Users\Administrator\Documents\FWD_matlab\Voyager_fu\Voyager_Interstellar_Monthly\HighestPrecision_Segments\V1_MAG48s_segment_1418_20150218T072956_20150218T114956.png,ok,
1,1419,2015-02-18 16:37:08,2015-02-18 19:16:20,2.65344,199,48.3839998779297,95.905,7200,240,Z:\SPART-WORK\Data\Voyager\voyager1\mag\48s\reviewed_vim\2015\voyager1_48s_mag-vim_20150101_v01.cdf,C:\Users\Administrator\Documents\FWD_matlab\Voyager_fu\Voyager_Interstellar_Monthly\HighestPrecision_Segments\V1_MAG48s_segment_1419_20150218T163708_20150218T191620.png,ok,
1,1420,2015-02-19 07:33:08,2015-02-19 12:34:44,5.02679972222222,370,48.3839997558594,288.576999755859,7200,240,Z:\SPART-WORK\Data\Voyager\voyager1\mag\48s\reviewed_vim\2015\voyager1_48s_mag-vim_20150101_v01.cdf,C:\Users\Administrator\Documents\FWD_matlab\Voyager_fu\Voyager_Interstellar_Monthly\HighestPrecision_Segments\V1_MAG48s_segment_1420_20150219T073308_20150219T123444.png,ok,
1,1421,2015-02-19 16:30:44,2015-02-19 18:49:56,2.32008027777778,174,48.384,96.768,7200,240,Z:\SPART-WORK\Data\Voyager\voyager1\mag\48s\reviewed_vim\2015\voyager1_48s_mag-vim_20150101_v01.cdf,C:\Users\Administrator\Documents\FWD_matlab\Voyager_fu\Voyager_Interstellar_Monthly\HighestPrecision_Segments\V1_MAG48s_segment_1421_20150219T163044_20150219T184956.png,ok,
1,1422,2015-02-20 07:26:44,2015-02-20 12:39:32,5.21327972222222,388,48.384,191.807999755859,7200,240,Z:\SPART-WORK\Data\Voyager\voyager1\mag\48s\reviewed_vim\2015\voyager1_48s_mag-vim_20150101_v01.cdf,C:\Users\Administrator\Documents\FWD_matlab\Voyager_fu\Voyager_Interstellar_Monthly\HighestPrecision_Segments\V1_MAG48s_segment_1422_20150220T072644_20150220T123932.png,ok,
1,1423,2015-02-20 16:19:32,2015-02-20 19:24:20,3.07992027770996,232,48.3839997558594,48.385,7200,240,Z:\SPART-WORK\Data\Voyager\voyager1\mag\48s\reviewed_vim\2015\voyager1_48s_mag-vim_20150101_v01.cdf,C:\Users\Administrator\Documents\FWD_matlab\Voyager_fu\Voyager_Interstellar_Monthly\HighestPrecision_Segments\V1_MAG48s_segment_1423_20150220T161932_20150220T192420.png,ok,
1,1424,2015-02-21 07:25:08,2015-02-21 11:49:56,4.41336,324,48.3839997558594,383.615,7200,240,Z:\SPART-WORK\Data\Voyager\voyager1\mag\48s\reviewed_vim\2015\voyager1_48s_mag-vim_20150101_v01.cdf,C:\Users\Administrator\Documents\FWD_matlab\Voyager_fu\Voyager_Interstellar_Monthly\HighestPrecision_Segments\V1_MAG48s_segment_1424_20150221T072508_20150221T114956.png,ok,
1,1425,2015-02-21 14:51:32,2015-02-21 16:29:08,1.62648027777778,120,48.384,191.807,7200,240,Z:\SPART-WORK\Data\Voyager\voyager1\mag\48s\reviewed_vim\2015\voyager1_48s_mag-vim_20150101_v01.cdf,C:\Users\Administrator\Documents\FWD_matlab\Voyager_fu\Voyager_Interstellar_Monthly\HighestPrecision_Segments\V1_MAG48s_segment_1425_20150221T145132_20150221T162908.png,ok,
1,1426,2015-02-21 19:55:32,2015-02-21 23:30:44,3.58656,267,48.3839997558594,191.808,7200,240,Z:\SPART-WORK\Data\Voyager\voyager1\mag\48s\reviewed_vim\2015\voyager1_48s_mag-vim_20150101_v01.cdf,C:\Users\Administrator\Documents\FWD_matlab\Voyager_fu\Voyager_Interstellar_Monthly\HighestPrecision_Segments\V1_MAG48s_segment_1426_20150221T195532_20150221T233044.png,ok,
1,1427,2015-02-22 07:23:32,2015-02-22 12:36:20,5.21351972229004,390,48.3839997558594,96.768,7200,240,Z:\SPART-WORK\Data\Voyager\voyager1\mag\48s\reviewed_vim\2015\voyager1_48s_mag-vim_20150101_v01.cdf,C:\Users\Administrator\Documents\FWD_matlab\Voyager_fu\Voyager_Interstellar_Monthly\HighestPrecision_Segments\V1_MAG48s_segment_1427_20150222T072332_20150222T123620.png,ok,
1,1428,2015-02-23 08:51:32,2015-02-23 19:59:32,11.13336,714,48.3839997558594,5807.80899975586,7200,240,Z:\SPART-WORK\Data\Voyager\voyager1\mag\48s\reviewed_vim\2015\voyager1_48s_mag-vim_20150101_v01.cdf,C:\Users\Administrator\Documents\FWD_matlab\Voyager_fu\Voyager_Interstellar_Monthly\HighestPrecision_Segments\V1_MAG48s_segment_1428_20150223T085132_20150223T195932.png,ok,
1,1429,2015-02-24 07:10:44,2015-02-24 13:36:20,6.42648000006782,482,48.3839997558594,95.905,7200,240,Z:\SPART-WORK\Data\Voyager\voyager1\mag\48s\reviewed_vim\2015\voyager1_48s_mag-vim_20150101_v01.cdf,C:\Users\Administrator\Documents\FWD_matlab\Voyager_fu\Voyager_Interstellar_Monthly\HighestPrecision_Segments\V1_MAG48s_segment_1429_20150224T071044_20150224T133620.png,ok,
1,1430,2015-02-25 06:56:19,2015-02-25 11:11:32,4.25352000006782,320,48.3839997558594,48.385,7200,240,Z:\SPART-WORK\Data\Voyager\voyager1\mag\48s\reviewed_vim\2015\voyager1_48s_mag-vim_20150101_v01.cdf,C:\Users\Administrator\Documents\FWD_matlab\Voyager_fu\Voyager_Interstellar_Monthly\HighestPrecision_Segments\V1_MAG48s_segment_1430_20150225T065619_20150225T111132.png,ok,
1,1431,2015-02-25 14:37:08,2015-02-25 18:25:08,3.79991972222222,286,48.3839997558594,48.385,7200,240,Z:\SPART-WORK\Data\Voyager\voyager1\mag\48s\reviewed_vim\2015\voyager1_48s_mag-vim_20150101_v01.cdf,C:\Users\Administrator\Documents\FWD_matlab\Voyager_fu\Voyager_Interstellar_Monthly\HighestPrecision_Segments\V1_MAG48s_segment_1431_20150225T143708_20150225T182508.png,ok,
1,1432,2015-02-26 01:31:32,2015-02-26 04:35:32,3.06672000006782,228,48.3839997558594,191.807000244141,7200,240,Z:\SPART-WORK\Data\Voyager\voyager1\mag\48s\reviewed_vim\2015\voyager1_48s_mag-vim_20150101_v01.cdf,C:\Users\Administrator\Documents\FWD_matlab\Voyager_fu\Voyager_Interstellar_Monthly\HighestPrecision_Segments\V1_MAG48s_segment_1432_20150226T013132_20150226T043532.png,ok,
1,1433,2015-02-26 08:16:20,2015-02-26 18:54:44,10.63992,700,48.3839997558594,4752,7200,240,Z:\SPART-WORK\Data\Voyager\voyager1\mag\48s\reviewed_vim\2015\voyager1_48s_mag-vim_20150101_v01.cdf,C:\Users\Administrator\Documents\FWD_matlab\Voyager_fu\Voyager_Interstellar_Monthly\HighestPrecision_Segments\V1_MAG48s_segment_1433_20150226T081620_20150226T185444.png,ok,
1,1434,2015-02-27 07:01:08,2015-02-27 13:15:32,6.24000027777778,466,48.3839997558594,191.807,7200,240,Z:\SPART-WORK\Data\Voyager\voyager1\mag\48s\reviewed_vim\2015\voyager1_48s_mag-vim_20150101_v01.cdf,C:\Users\Administrator\Documents\FWD_matlab\Voyager_fu\Voyager_Interstellar_Monthly\HighestPrecision_Segments\V1_MAG48s_segment_1434_20150227T070108_20150227T131532.png,ok,
1,1435,2015-02-27 15:57:08,2015-02-27 18:17:08,2.33328000006782,176,48.3839997558594,48.3840002441406,7200,240,Z:\SPART-WORK\Data\Voyager\voyager1\mag\48s\reviewed_vim\2015\voyager1_48s_mag-vim_20150101_v01.cdf,C:\Users\Administrator\Documents\FWD_matlab\Voyager_fu\Voyager_Interstellar_Monthly\HighestPrecision_Segments\V1_MAG48s_segment_1435_20150227T155708_20150227T181708.png,ok,
1,1436,2015-02-28 06:56:19,2015-02-28 12:37:08,5.68008027777778,410,48.3839997558594,768.096,7200,240,Z:\SPART-WORK\Data\Voyager\voyager1\mag\48s\reviewed_vim\2015\voyager1_48s_mag-vim_20150101_v01.cdf,C:\Users\Administrator\Documents\FWD_matlab\Voyager_fu\Voyager_Interstellar_Monthly\HighestPrecision_Segments\V1_MAG48s_segment_1436_20150228T065619_20150228T123708.png,ok,
1,1437,2015-02-28 15:13:56,2015-02-28 19:49:56,4.60007972229004,343,48.3839997558594,191.808,7200,240,Z:\SPART-WORK\Data\Voyager\voyager1\mag\48s\reviewed_vim\2015\voyager1_48s_mag-vim_20150101_v01.cdf,C:\Users\Administrator\Documents\FWD_matlab\Voyager_fu\Voyager_Interstellar_Monthly\HighestPrecision_Segments\V1_MAG48s_segment_1437_20150228T151356_20150228T194956.png,ok,
1,1438,2015-03-01 06:56:19,2015-03-01 13:21:56,6.42672000006782,481,48.3839997558594,96.7680002441406,7200,240,Z:\SPART-WORK\Data\Voyager\voyager1\mag\48s\reviewed_vim\2015\voyager1_48s_mag-vim_20150101_v01.cdf,C:\Users\Administrator\Documents\FWD_matlab\Voyager_fu\Voyager_Interstellar_Monthly\HighestPrecision_Segments\V1_MAG48s_segment_1438_20150301T065619_20150301T132156.png,ok,
1,1439,2015-03-02 06:40:20,2015-03-02 13:35:32,6.92015972229004,520,48.3839997558594,48.385,7200,240,Z:\SPART-WORK\Data\Voyager\voyager1\mag\48s\reviewed_vim\2015\voyager1_48s_mag-vim_20150101_v01.cdf,C:\Users\Administrator\Documents\FWD_matlab\Voyager_fu\Voyager_Interstellar_Monthly\HighestPrecision_Segments\V1_MAG48s_segment_1439_20150302T064020_20150302T133532.png,ok,
1,1440,2015-03-03 06:43:32,2015-03-03 13:01:56,6.30648027770996,378,48.384,864.001,7200,240,Z:\SPART-WORK\Data\Voyager\voyager1\mag\48s\reviewed_vim\2015\voyager1_48s_mag-vim_20150101_v01.cdf,C:\Users\Administrator\Documents\FWD_matlab\Voyager_fu\Voyager_Interstellar_Monthly\HighestPrecision_Segments\V1_MAG48s_segment_1440_20150303T064332_20150303T130156.png,ok,
1,1441,2015-03-03 15:47:32,2015-03-03 21:36:19,5.81328027777778,342,48.384,4079.807,7200,240,Z:\SPART-WORK\Data\Voyager\voyager1\mag\48s\reviewed_vim\2015\voyager1_48s_mag-vim_20150101_v01.cdf,C:\Users\Administrator\Documents\FWD_matlab\Voyager_fu\Voyager_Interstellar_Monthly\HighestPrecision_Segments\V1_MAG48s_segment_1441_20150303T154732_20150303T213619.png,ok,
1,1442,2015-03-04 06:33:08,2015-03-04 12:05:08,5.53344027777778,411,48.3839998779297,191.809,7200,240,Z:\SPART-WORK\Data\Voyager\voyager1\mag\48s\reviewed_vim\2015\voyager1_48s_mag-vim_20150101_v01.cdf,C:\Users\Administrator\Documents\FWD_matlab\Voyager_fu\Voyager_Interstellar_Monthly\HighestPrecision_Segments\V1_MAG48s_segment_1442_20150304T063308_20150304T120508.png,ok,
1,1443,2015-03-04 17:21:56,2015-03-04 19:41:08,2.32007972229004,76,48.384,4655.232,7200,240,Z:\SPART-WORK\Data\Voyager\voyager1\mag\48s\reviewed_vim\2015\voyager1_48s_mag-vim_20150101_v01.cdf,C:\Users\Administrator\Documents\FWD_matlab\Voyager_fu\Voyager_Interstellar_Monthly\HighestPrecision_Segments\V1_MAG48s_segment_1443_20150304T172156_20150304T194108.png,ok,
1,1444,2015-03-05 08:03:31,2015-03-05 21:34:43,13.52016,868,48.383,6960.38399975586,7200,240,Z:\SPART-WORK\Data\Voyager\voyager1\mag\48s\reviewed_vim\2015\voyager1_48s_mag-vim_20150101_v01.cdf,C:\Users\Administrator\Documents\FWD_matlab\Voyager_fu\Voyager_Interstellar_Monthly\HighestPrecision_Segments\V1_MAG48s_segment_1444_20150305T080331_20150305T213443.png,ok,
1,1445,2015-03-06 06:25:56,2015-03-06 20:51:31,14.4266397222222,946,48.383,6191.42300024414,7200,240,Z:\SPART-WORK\Data\Voyager\voyager1\mag\48s\reviewed_vim\2015\voyager1_48s_mag-vim_20150101_v01.cdf,C:\Users\Administrator\Documents\FWD_matlab\Voyager_fu\Voyager_Interstellar_Monthly\HighestPrecision_Segments\V1_MAG48s_segment_1445_20150306T062556_20150306T205131.png,ok,
1,1446,2015-03-07 06:24:20,2015-03-07 12:19:32,5.92008,424,48.383,911.521,7200,240,Z:\SPART-WORK\Data\Voyager\voyager1\mag\48s\reviewed_vim\2015\voyager1_48s_mag-vim_20150101_v01.cdf,C:\Users\Administrator\Documents\FWD_matlab\Voyager_fu\Voyager_Interstellar_Monthly\HighestPrecision_Segments\V1_MAG48s_segment_1446_20150307T062420_20150307T121932.png,ok,
1,1447,2015-03-07 15:31:32,2015-03-07 23:21:55,7.83984,588,48.383,95.904,7200,240,Z:\SPART-WORK\Data\Voyager\voyager1\mag\48s\reviewed_vim\2015\voyager1_48s_mag-vim_20150101_v01.cdf,C:\Users\Administrator\Documents\FWD_matlab\Voyager_fu\Voyager_Interstellar_Monthly\HighestPrecision_Segments\V1_MAG48s_segment_1447_20150307T153132_20150307T232155.png,ok,
1,1448,2015-03-08 08:30:44,2015-03-08 15:43:32,7.21344,447,48.383,4464.28799975586,7200,240,Z:\SPART-WORK\Data\Voyager\voyager1\mag\48s\reviewed_vim\2015\voyager1_48s_mag-vim_20150101_v01.cdf,C:\Users\Administrator\Documents\FWD_matlab\Voyager_fu\Voyager_Interstellar_Monthly\HighestPrecision_Segments\V1_MAG48s_segment_1448_20150308T083044_20150308T154332.png,ok,
1,1449,2015-03-08 21:26:43,2015-03-08 22:20:20,0.893520277709961,68,48.383,48.385,7200,240,Z:\SPART-WORK\Data\Voyager\voyager1\mag\48s\reviewed_vim\2015\voyager1_48s_mag-vim_20150101_v01.cdf,C:\Users\Administrator\Documents\FWD_matlab\Voyager_fu\Voyager_Interstellar_Monthly\HighestPrecision_Segments\V1_MAG48s_segment_1449_20150308T212643_20150308T222020.png,ok,
1,1450,2015-03-09 06:29:07,2015-03-09 12:20:19,5.85336027777778,437,48.383,192.673,7200,240,Z:\SPART-WORK\Data\Voyager\voyager1\mag\48s\reviewed_vim\2015\voyager1_48s_mag-vim_20150101_v01.cdf,C:\Users\Administrator\Documents\FWD_matlab\Voyager_fu\Voyager_Interstellar_Monthly\HighestPrecision_Segments\V1_MAG48s_segment_1450_20150309T062907_20150309T122019.png,ok,
1,1451,2015-03-09 15:33:08,2015-03-09 20:09:55,4.61328027777778,344,48.383,191.809,7200,240,Z:\SPART-WORK\Data\Voyager\voyager1\mag\48s\reviewed_vim\2015\voyager1_48s_mag-vim_20150101_v01.cdf,C:\Users\Administrator\Documents\FWD_matlab\Voyager_fu\Voyager_Interstellar_Monthly\HighestPrecision_Segments\V1_MAG48s_segment_1451_20150309T153308_20150309T200955.png,ok,
1,1452,2015-03-10 07:49:08,2015-03-10 19:21:07,11.5332002777778,777,48.383,3935.521,7200,240,Z:\SPART-WORK\Data\Voyager\voyager1\mag\48s\reviewed_vim\2015\voyager1_48s_mag-vim_20150101_v01.cdf,C:\Users\Administrator\Documents\FWD_matlab\Voyager_fu\Voyager_Interstellar_Monthly\HighestPrecision_Segments\V1_MAG48s_segment_1452_20150310T074908_20150310T192107.png,ok,
1,1453,2015-03-11 07:58:43,2015-03-11 20:35:32,12.6134399999322,932,48.383,576.288,7200,240,Z:\SPART-WORK\Data\Voyager\voyager1\mag\48s\reviewed_vim\2015\voyager1_48s_mag-vim_20150101_v01.cdf,C:\Users\Administrator\Documents\FWD_matlab\Voyager_fu\Voyager_Interstellar_Monthly\HighestPrecision_Segments\V1_MAG48s_segment_1453_20150311T075843_20150311T203532.png,ok,
1,1454,2015-03-12 06:13:07,2015-03-12 12:05:55,5.88000027777778,367,48.383,1777.24800024414,7200,240,Z:\SPART-WORK\Data\Voyager\voyager1\mag\48s\reviewed_vim\2015\voyager1_48s_mag-vim_20150101_v01.cdf,C:\Users\Administrator\Documents\FWD_matlab\Voyager_fu\Voyager_Interstellar_Monthly\HighestPrecision_Segments\V1_MAG48s_segment_1454_20150312T061307_20150312T120555.png,ok,
1,1455,2015-03-13 08:08:19,2015-03-13 19:51:31,11.7199200000678,776,48.383,4896.289,7200,240,Z:\SPART-WORK\Data\Voyager\voyager1\mag\48s\reviewed_vim\2015\voyager1_48s_mag-vim_20150101_v01.cdf,C:\Users\Administrator\Documents\FWD_matlab\Voyager_fu\Voyager_Interstellar_Monthly\HighestPrecision_Segments\V1_MAG48s_segment_1455_20150313T080819_20150313T195131.png,ok,
1,1456,2015-03-14 05:55:31,2015-03-14 10:06:43,4.18680027777778,312,48.383,192.673,7200,240,Z:\SPART-WORK\Data\Voyager\voyager1\mag\48s\reviewed_vim\2015\voyager1_48s_mag-vim_20150101_v01.cdf,C:\Users\Administrator\Documents\FWD_matlab\Voyager_fu\Voyager_Interstellar_Monthly\HighestPrecision_Segments\V1_MAG48s_segment_1456_20150314T055531_20150314T100643.png,ok,
1,1457,2015-03-14 13:44:20,2015-03-14 19:56:20,6.19991972222222,463,48.383,191.807,7200,240,Z:\SPART-WORK\Data\Voyager\voyager1\mag\48s\reviewed_vim\2015\voyager1_48s_mag-vim_20150101_v01.cdf,C:\Users\Administrator\Documents\FWD_matlab\Voyager_fu\Voyager_Interstellar_Monthly\HighestPrecision_Segments\V1_MAG48s_segment_1457_20150314T134420_20150314T195620.png,ok,
1,1458,2015-03-15 05:49:07,2015-03-15 11:50:43,6.02664,451,48.383,143.424,7200,240,Z:\SPART-WORK\Data\Voyager\voyager1\mag\48s\reviewed_vim\2015\voyager1_48s_mag-vim_20150101_v01.cdf,C:\Users\Administrator\Documents\FWD_matlab\Voyager_fu\Voyager_Interstellar_Monthly\HighestPrecision_Segments\V1_MAG48s_segment_1458_20150315T054907_20150315T115043.png,ok,
1,1459,2015-03-15 14:54:43,2015-03-15 16:05:07,1.17336,86,48.383,191.807,7200,240,Z:\SPART-WORK\Data\Voyager\voyager1\mag\48s\reviewed_vim\2015\voyager1_48s_mag-vim_20150101_v01.cdf,C:\Users\Administrator\Documents\FWD_matlab\Voyager_fu\Voyager_Interstellar_Monthly\HighestPrecision_Segments\V1_MAG48s_segment_1459_20150315T145443_20150315T160507.png,ok,
1,1460,2015-03-16 07:23:32,2015-03-16 10:05:55,2.70648,203,48.383,95.904,7200,240,Z:\SPART-WORK\Data\Voyager\voyager1\mag\48s\reviewed_vim\2015\voyager1_48s_mag-vim_20150101_v01.cdf,C:\Users\Administrator\Documents\FWD_matlab\Voyager_fu\Voyager_Interstellar_Monthly\HighestPrecision_Segments\V1_MAG48s_segment_1460_20150316T072332_20150316T100555.png,ok,
1,1461,2015-03-16 14:49:56,2015-03-16 19:05:55,4.26648,319,48.383,144.288,7200,240,Z:\SPART-WORK\Data\Voyager\voyager1\mag\48s\reviewed_vim\2015\voyager1_48s_mag-vim_20150101_v01.cdf,C:\Users\Administrator\Documents\FWD_matlab\Voyager_fu\Voyager_Interstellar_Monthly\HighestPrecision_Segments\V1_MAG48s_segment_1461_20150316T144956_20150316T190555.png,ok,
1,1462,2015-03-17 07:01:07,2015-03-17 15:50:43,8.82671972222222,610,48.383,2015.712,7200,240,Z:\SPART-WORK\Data\Voyager\voyager1\mag\48s\reviewed_vim\2015\voyager1_48s_mag-vim_20150101_v01.cdf,C:\Users\Administrator\Documents\FWD_matlab\Voyager_fu\Voyager_Interstellar_Monthly\HighestPrecision_Segments\V1_MAG48s_segment_1462_20150317T070107_20150317T155043.png,ok,
1,1463,2015-03-18 07:04:20,2015-03-18 10:10:43,3.10656027777778,221,48.383,479.52,7200,240,Z:\SPART-WORK\Data\Voyager\voyager1\mag\48s\reviewed_vim\2015\voyager1_48s_mag-vim_20150101_v01.cdf,C:\Users\Administrator\Documents\FWD_matlab\Voyager_fu\Voyager_Interstellar_Monthly\HighestPrecision_Segments\V1_MAG48s_segment_1463_20150318T070420_20150318T101043.png,ok,
1,1464,2015-03-18 14:22:43,2015-03-18 19:25:07,5.04,376,48.383,192.672,7200,240,Z:\SPART-WORK\Data\Voyager\voyager1\mag\48s\reviewed_vim\2015\voyager1_48s_mag-vim_20150101_v01.cdf,C:\Users\Administrator\Documents\FWD_matlab\Voyager_fu\Voyager_Interstellar_Monthly\HighestPrecision_Segments\V1_MAG48s_segment_1464_20150318T142243_20150318T192507.png,ok,
1,1465,2015-03-19 05:39:32,2015-03-19 16:31:31,10.8664800000678,687,48.383,5761.151,7200,240,Z:\SPART-WORK\Data\Voyager\voyager1\mag\48s\reviewed_vim\2015\voyager1_48s_mag-vim_20150101_v01.cdf,C:\Users\Administrator\Documents\FWD_matlab\Voyager_fu\Voyager_Interstellar_Monthly\HighestPrecision_Segments\V1_MAG48s_segment_1465_20150319T053932_20150319T163131.png,ok,
1,1466,2015-03-20 05:29:55,2015-03-20 08:16:19,2.7732,205,48.383,143.424,7200,240,Z:\SPART-WORK\Data\Voyager\voyager1\mag\48s\reviewed_vim\2015\voyager1_48s_mag-vim_20150101_v01.cdf,C:\Users\Administrator\Documents\FWD_matlab\Voyager_fu\Voyager_Interstellar_Monthly\HighestPrecision_Segments\V1_MAG48s_segment_1466_20150320T052955_20150320T081619.png,ok,
1,1467,2015-03-20 13:02:43,2015-03-20 19:50:44,6.80016,508,48.383,192.672000244141,7200,240,Z:\SPART-WORK\Data\Voyager\voyager1\mag\48s\reviewed_vim\2015\voyager1_48s_mag-vim_20150101_v01.cdf,C:\Users\Administrator\Documents\FWD_matlab\Voyager_fu\Voyager_Interstellar_Monthly\HighestPrecision_Segments\V1_MAG48s_segment_1467_20150320T130243_20150320T195044.png,ok,
1,1468,2015-03-21 05:39:32,2015-03-21 11:51:31,6.19992,451,48.383,719.712000244141,7200,240,Z:\SPART-WORK\Data\Voyager\voyager1\mag\48s\reviewed_vim\2015\voyager1_48s_mag-vim_20150101_v01.cdf,C:\Users\Administrator\Documents\FWD_matlab\Voyager_fu\Voyager_Interstellar_Monthly\HighestPrecision_Segments\V1_MAG48s_segment_1468_20150321T053932_20150321T115131.png,ok,
1,1469,2015-03-22 05:23:31,2015-03-22 19:30:43,14.11992,952,48.383,5039.711,7200,240,Z:\SPART-WORK\Data\Voyager\voyager1\mag\48s\reviewed_vim\2015\voyager1_48s_mag-vim_20150101_v01.cdf,C:\Users\Administrator\Documents\FWD_matlab\Voyager_fu\Voyager_Interstellar_Monthly\HighestPrecision_Segments\V1_MAG48s_segment_1469_20150322T052331_20150322T193043.png,ok,
1,1470,2015-03-23 05:25:07,2015-03-23 11:37:07,6.20016,464,48.383,96.768,7200,240,Z:\SPART-WORK\Data\Voyager\voyager1\mag\48s\reviewed_vim\2015\voyager1_48s_mag-vim_20150101_v01.cdf,C:\Users\Administrator\Documents\FWD_matlab\Voyager_fu\Voyager_Interstellar_Monthly\HighestPrecision_Segments\V1_MAG48s_segment_1470_20150323T052507_20150323T113707.png,ok,
1,1471,2015-03-24 05:15:31,2015-03-24 11:01:07,5.75975972229004,432,48.383,95.904,7200,240,Z:\SPART-WORK\Data\Voyager\voyager1\mag\48s\reviewed_vim\2015\voyager1_48s_mag-vim_20150101_v01.cdf,C:\Users\Administrator\Documents\FWD_matlab\Voyager_fu\Voyager_Interstellar_Monthly\HighestPrecision_Segments\V1_MAG48s_segment_1471_20150324T051531_20150324T110107.png,ok,
1,1472,2015-03-24 14:21:08,2015-03-24 17:41:07,3.33312,249,48.383,144.287,7200,240,Z:\SPART-WORK\Data\Voyager\voyager1\mag\48s\reviewed_vim\2015\voyager1_48s_mag-vim_20150101_v01.cdf,C:\Users\Administrator\Documents\FWD_matlab\Voyager_fu\Voyager_Interstellar_Monthly\HighestPrecision_Segments\V1_MAG48s_segment_1472_20150324T142108_20150324T174107.png,ok,
1,1473,2015-03-25 05:15:31,2015-03-25 10:20:20,5.08008,381,48.383,95.904,7200,240,Z:\SPART-WORK\Data\Voyager\voyager1\mag\48s\reviewed_vim\2015\voyager1_48s_mag-vim_20150101_v01.cdf,C:\Users\Administrator\Documents\FWD_matlab\Voyager_fu\Voyager_Interstellar_Monthly\HighestPrecision_Segments\V1_MAG48s_segment_1473_20150325T051531_20150325T102020.png,ok,
1,1474,2015-03-25 14:11:31,2015-03-25 21:37:07,7.42655972222222,556,48.383,143.424,7200,240,Z:\SPART-WORK\Data\Voyager\voyager1\mag\48s\reviewed_vim\2015\voyager1_48s_mag-vim_20150101_v01.cdf,C:\Users\Administrator\Documents\FWD_matlab\Voyager_fu\Voyager_Interstellar_Monthly\HighestPrecision_Segments\V1_MAG48s_segment_1474_20150325T141131_20150325T213707.png,ok,
1,1475,2015-03-26 05:12:20,2015-03-26 15:15:31,10.0531199999322,613,48.383,6432.48,7200,240,Z:\SPART-WORK\Data\Voyager\voyager1\mag\48s\reviewed_vim\2015\voyager1_48s_mag-vim_20150101_v01.cdf,C:\Users\Administrator\Documents\FWD_matlab\Voyager_fu\Voyager_Interstellar_Monthly\HighestPrecision_Segments\V1_MAG48s_segment_1475_20150326T051220_20150326T151531.png,ok,
1,1476,2015-03-27 05:13:55,2015-03-27 11:20:19,6.10679972229004,457,48.383,144.288999755859,7200,240,Z:\SPART-WORK\Data\Voyager\voyager1\mag\48s\reviewed_vim\2015\voyager1_48s_mag-vim_20150101_v01.cdf,C:\Users\Administrator\Documents\FWD_matlab\Voyager_fu\Voyager_Interstellar_Monthly\HighestPrecision_Segments\V1_MAG48s_segment_1476_20150327T051355_20150327T112019.png,ok,
1,1477,2015-03-27 14:00:19,2015-03-27 19:20:20,5.33352,398,48.383,191.807,7200,240,Z:\SPART-WORK\Data\Voyager\voyager1\mag\48s\reviewed_vim\2015\voyager1_48s_mag-vim_20150101_v01.cdf,C:\Users\Administrator\Documents\FWD_matlab\Voyager_fu\Voyager_Interstellar_Monthly\HighestPrecision_Segments\V1_MAG48s_segment_1477_20150327T140019_20150327T192020.png,ok,
1,1478,2015-03-28 07:02:43,2015-03-28 18:36:19,11.5600799999322,776,48.383,4079.808,7200,240,Z:\SPART-WORK\Data\Voyager\voyager1\mag\48s\reviewed_vim\2015\voyager1_48s_mag-vim_20150101_v01.cdf,C:\Users\Administrator\Documents\FWD_matlab\Voyager_fu\Voyager_Interstellar_Monthly\HighestPrecision_Segments\V1_MAG48s_segment_1478_20150328T070243_20150328T183619.png,ok,
1,1479,2015-03-29 05:04:19,2015-03-29 11:17:07,6.21336,465,48.383,144.289,7200,240,Z:\SPART-WORK\Data\Voyager\voyager1\mag\48s\reviewed_vim\2015\voyager1_48s_mag-vim_20150101_v01.cdf,C:\Users\Administrator\Documents\FWD_matlab\Voyager_fu\Voyager_Interstellar_Monthly\HighestPrecision_Segments\V1_MAG48s_segment_1479_20150329T050419_20150329T111707.png,ok,
1,1480,2015-03-29 13:50:44,2015-03-29 19:21:55,5.51975999993218,412,48.383,191.807,7200,240,Z:\SPART-WORK\Data\Voyager\voyager1\mag\48s\reviewed_vim\2015\voyager1_48s_mag-vim_20150101_v01.cdf,C:\Users\Administrator\Documents\FWD_matlab\Voyager_fu\Voyager_Interstellar_Monthly\HighestPrecision_Segments\V1_MAG48s_segment_1480_20150329T135044_20150329T192155.png,ok,
1,1481,2015-03-30 06:32:19,2015-03-30 12:13:07,5.68007972222222,411,48.383,336.096,7200,240,Z:\SPART-WORK\Data\Voyager\voyager1\mag\48s\reviewed_vim\2015\voyager1_48s_mag-vim_20150101_v01.cdf,C:\Users\Administrator\Documents\FWD_matlab\Voyager_fu\Voyager_Interstellar_Monthly\HighestPrecision_Segments\V1_MAG48s_segment_1481_20150330T063219_20150330T121307.png,ok,
1,1482,2015-03-31 05:49:07,2015-04-01 00:01:55,18.2133597222222,1172,48.383,4079.808,7200,240,Z:\SPART-WORK\Data\Voyager\voyager1\mag\48s\reviewed_vim\2015\voyager1_48s_mag-vim_20150101_v01.cdf,C:\Users\Administrator\Documents\FWD_matlab\Voyager_fu\Voyager_Interstellar_Monthly\HighestPrecision_Segments\V1_MAG48s_segment_1482_20150331T054907_20150401T000155.png,ok,
1,1483,2015-04-01 12:25:56,2015-04-01 20:36:19,8.17319972229004,612,48.383,144.287999755859,7200,240,Z:\SPART-WORK\Data\Voyager\voyager1\mag\48s\reviewed_vim\2015\voyager1_48s_mag-vim_20150101_v01.cdf,C:\Users\Administrator\Documents\FWD_matlab\Voyager_fu\Voyager_Interstellar_Monthly\HighestPrecision_Segments\V1_MAG48s_segment_1483_20150401T122556_20150401T203619.png,ok,
1,1484,2015-04-02 04:41:55,2015-04-02 10:01:07,5.32008027777778,382,48.383,719.712,7200,240,Z:\SPART-WORK\Data\Voyager\voyager1\mag\48s\reviewed_vim\2015\voyager1_48s_mag-vim_20150101_v01.cdf,C:\Users\Administrator\Documents\FWD_matlab\Voyager_fu\Voyager_Interstellar_Monthly\HighestPrecision_Segments\V1_MAG48s_segment_1484_20150402T044155_20150402T100107.png,ok,
1,1485,2015-04-02 12:16:19,2015-04-02 14:50:43,2.57328,192,48.383,144.288000244141,7200,240,Z:\SPART-WORK\Data\Voyager\voyager1\mag\48s\reviewed_vim\2015\voyager1_48s_mag-vim_20150101_v01.cdf,C:\Users\Administrator\Documents\FWD_matlab\Voyager_fu\Voyager_Interstellar_Monthly\HighestPrecision_Segments\V1_MAG48s_segment_1485_20150402T121619_20150402T145043.png,ok,
1,1486,2015-04-03 13:05:55,2015-04-03 18:26:43,5.34672000006782,401,48.383,95.905,7200,240,Z:\SPART-WORK\Data\Voyager\voyager1\mag\48s\reviewed_vim\2015\voyager1_48s_mag-vim_20150101_v01.cdf,C:\Users\Administrator\Documents\FWD_matlab\Voyager_fu\Voyager_Interstellar_Monthly\HighestPrecision_Segments\V1_MAG48s_segment_1486_20150403T130555_20150403T182643.png,ok,
1,1487,2015-04-04 12:08:19,2015-04-04 18:22:43,6.24,466,48.383,192.672,7200,240,Z:\SPART-WORK\Data\Voyager\voyager1\mag\48s\reviewed_vim\2015\voyager1_48s_mag-vim_20150101_v01.cdf,C:\Users\Administrator\Documents\FWD_matlab\Voyager_fu\Voyager_Interstellar_Monthly\HighestPrecision_Segments\V1_MAG48s_segment_1487_20150404T120819_20150404T182243.png,ok,
1,1488,2015-04-04 21:15:31,2015-04-05 01:02:43,3.78672000006782,274,48.383,527.903000244141,7200,240,Z:\SPART-WORK\Data\Voyager\voyager1\mag\48s\reviewed_vim\2015\voyager1_48s_mag-vim_20150101_v01.cdf,C:\Users\Administrator\Documents\FWD_matlab\Voyager_fu\Voyager_Interstellar_Monthly\HighestPrecision_Segments\V1_MAG48s_segment_1488_20150404T211531_20150405T010243.png,ok,
1,1489,2015-04-05 08:45:07,2015-04-05 18:16:19,9.52008,676,48.383,1823.90499975586,7200,240,Z:\SPART-WORK\Data\Voyager\voyager1\mag\48s\reviewed_vim\2015\voyager1_48s_mag-vim_20150101_v01.cdf,C:\Users\Administrator\Documents\FWD_matlab\Voyager_fu\Voyager_Interstellar_Monthly\HighestPrecision_Segments\V1_MAG48s_segment_1489_20150405T084507_20150405T181619.png,ok,
1,1490,2015-04-06 05:45:55,2015-04-06 16:21:07,10.5866402777778,673,48.383,5903.71100024414,7200,240,Z:\SPART-WORK\Data\Voyager\voyager1\mag\48s\reviewed_vim\2015\voyager1_48s_mag-vim_20150101_v01.cdf,C:\Users\Administrator\Documents\FWD_matlab\Voyager_fu\Voyager_Interstellar_Monthly\HighestPrecision_Segments\V1_MAG48s_segment_1490_20150406T054555_20150406T162107.png,ok,
1,1491,2015-04-07 04:37:06,2015-04-07 15:31:31,10.9067997222222,818,48.383,96.768,7200,240,Z:\SPART-WORK\Data\Voyager\voyager1\mag\48s\reviewed_vim\2015\voyager1_48s_mag-vim_20150101_v01.cdf,C:\Users\Administrator\Documents\FWD_matlab\Voyager_fu\Voyager_Interstellar_Monthly\HighestPrecision_Segments\V1_MAG48s_segment_1491_20150407T043706_20150407T153131.png,ok,
1,1492,2015-04-08 05:57:07,2015-04-08 09:51:31,3.90672,293,48.383,95.904,7200,240,Z:\SPART-WORK\Data\Voyager\voyager1\mag\48s\reviewed_vim\2015\voyager1_48s_mag-vim_20150101_v01.cdf,C:\Users\Administrator\Documents\FWD_matlab\Voyager_fu\Voyager_Interstellar_Monthly\HighestPrecision_Segments\V1_MAG48s_segment_1492_20150408T055707_20150408T095131.png,ok,
1,1493,2015-04-08 12:00:19,2015-04-08 20:41:07,8.68008027777778,485,48.383,4079.809,7200,240,Z:\SPART-WORK\Data\Voyager\voyager1\mag\48s\reviewed_vim\2015\voyager1_48s_mag-vim_20150101_v01.cdf,C:\Users\Administrator\Documents\FWD_matlab\Voyager_fu\Voyager_Interstellar_Monthly\HighestPrecision_Segments\V1_MAG48s_segment_1493_20150408T120019_20150408T204107.png,ok,
1,1494,2015-04-09 04:22:43,2015-04-09 17:21:55,12.98664,883,48.383,3984.768,7200,240,Z:\SPART-WORK\Data\Voyager\voyager1\mag\48s\reviewed_vim\2015\voyager1_48s_mag-vim_20150101_v01.cdf,C:\Users\Administrator\Documents\FWD_matlab\Voyager_fu\Voyager_Interstellar_Monthly\HighestPrecision_Segments\V1_MAG48s_segment_1494_20150409T042243_20150409T172155.png,ok,
1,1495,2015-04-10 04:09:55,2015-04-10 07:56:19,3.77328027770996,284,48.383,48.385,7200,240,Z:\SPART-WORK\Data\Voyager\voyager1\mag\48s\reviewed_vim\2015\voyager1_48s_mag-vim_20150101_v01.cdf,C:\Users\Administrator\Documents\FWD_matlab\Voyager_fu\Voyager_Interstellar_Monthly\HighestPrecision_Segments\V1_MAG48s_segment_1495_20150410T040955_20150410T075619.png,ok,
1,1496,2015-04-10 11:39:31,2015-04-10 20:32:19,8.87999972222222,664,48.383,191.807000244141,7200,240,Z:\SPART-WORK\Data\Voyager\voyager1\mag\48s\reviewed_vim\2015\voyager1_48s_mag-vim_20150101_v01.cdf,C:\Users\Administrator\Documents\FWD_matlab\Voyager_fu\Voyager_Interstellar_Monthly\HighestPrecision_Segments\V1_MAG48s_segment_1496_20150410T113931_20150410T203219.png,ok,
1,1497,2015-04-11 08:56:18,2015-04-11 10:51:31,1.92024000006782,144,48.383,96.7680002441406,7200,240,Z:\SPART-WORK\Data\Voyager\voyager1\mag\48s\reviewed_vim\2015\voyager1_48s_mag-vim_20150101_v01.cdf,C:\Users\Administrator\Documents\FWD_matlab\Voyager_fu\Voyager_Interstellar_Monthly\HighestPrecision_Segments\V1_MAG48s_segment_1497_20150411T085618_20150411T105131.png,ok,
1,1498,2015-04-11 13:28:18,2015-04-11 19:57:07,6.48024,484,48.383,191.808999755859,7200,240,Z:\SPART-WORK\Data\Voyager\voyager1\mag\48s\reviewed_vim\2015\voyager1_48s_mag-vim_20150101_v01.cdf,C:\Users\Administrator\Documents\FWD_matlab\Voyager_fu\Voyager_Interstellar_Monthly\HighestPrecision_Segments\V1_MAG48s_segment_1498_20150411T132818_20150411T195707.png,ok,
1,1499,2015-04-12 04:00:19,2015-04-12 17:11:30,13.18656,990,48.383,48.385,7200,240,Z:\SPART-WORK\Data\Voyager\voyager1\mag\48s\reviewed_vim\2015\voyager1_48s_mag-vim_20150101_v01.cdf,C:\Users\Administrator\Documents\FWD_matlab\Voyager_fu\Voyager_Interstellar_Monthly\HighestPrecision_Segments\V1_MAG48s_segment_1499_20150412T040019_20150412T171130.png,ok,
1,1500,2015-04-12 23:12:19,2015-04-13 03:37:07,4.41335972222222,332,48.383,48.385,7200,240,Z:\SPART-WORK\Data\Voyager\voyager1\mag\48s\reviewed_vim\2015\voyager1_48s_mag-vim_20150101_v01.cdf,C:\Users\Administrator\Documents\FWD_matlab\Voyager_fu\Voyager_Interstellar_Monthly\HighestPrecision_Segments\V1_MAG48s_segment_1500_20150412T231219_20150413T033707.png,ok,
1,1501,2015-04-13 07:18:42,2015-04-13 12:05:55,4.7868,358,48.383,144.287,7200,240,Z:\SPART-WORK\Data\Voyager\voyager1\mag\48s\reviewed_vim\2015\voyager1_48s_mag-vim_20150101_v01.cdf,C:\Users\Administrator\Documents\FWD_matlab\Voyager_fu\Voyager_Interstellar_Monthly\HighestPrecision_Segments\V1_MAG48s_segment_1501_20150413T071842_20150413T120555.png,ok,
1,1502,2015-04-14 04:03:31,2015-04-14 08:31:31,4.46664,334,48.383,143.424,7200,240,Z:\SPART-WORK\Data\Voyager\voyager1\mag\48s\reviewed_vim\2015\voyager1_48s_mag-vim_20150101_v01.cdf,C:\Users\Administrator\Documents\FWD_matlab\Voyager_fu\Voyager_Interstellar_Monthly\HighestPrecision_Segments\V1_MAG48s_segment_1502_20150414T040331_20150414T083131.png,ok,
1,1503,2015-04-14 11:33:06,2015-04-14 15:41:07,4.13352000006782,308,48.383,191.809,7200,240,Z:\SPART-WORK\Data\Voyager\voyager1\mag\48s\reviewed_vim\2015\voyager1_48s_mag-vim_20150101_v01.cdf,C:\Users\Administrator\Documents\FWD_matlab\Voyager_fu\Voyager_Interstellar_Monthly\HighestPrecision_Segments\V1_MAG48s_segment_1503_20150414T113306_20150414T154107.png,ok,
1,1504,2015-04-15 03:57:07,2015-04-15 10:21:07,6.40008,480,48.383,95.904,7200,240,Z:\SPART-WORK\Data\Voyager\voyager1\mag\48s\reviewed_vim\2015\voyager1_48s_mag-vim_20150101_v01.cdf,C:\Users\Administrator\Documents\FWD_matlab\Voyager_fu\Voyager_Interstellar_Monthly\HighestPrecision_Segments\V1_MAG48s_segment_1504_20150415T035707_20150415T102107.png,ok,
1,1505,2015-04-15 12:48:18,2015-04-15 18:26:42,5.64,424,48.383,48.385,7200,240,Z:\SPART-WORK\Data\Voyager\voyager1\mag\48s\reviewed_vim\2015\voyager1_48s_mag-vim_20150101_v01.cdf,C:\Users\Administrator\Documents\FWD_matlab\Voyager_fu\Voyager_Interstellar_Monthly\HighestPrecision_Segments\V1_MAG48s_segment_1505_20150415T124818_20150415T182642.png,ok,
1,1506,2015-04-16 06:25:55,2015-04-16 16:50:43,10.41336,779,48.383,191.808999755859,7200,240,Z:\SPART-WORK\Data\Voyager\voyager1\mag\48s\reviewed_vim\2015\voyager1_48s_mag-vim_20150101_v01.cdf,C:\Users\Administrator\Documents\FWD_matlab\Voyager_fu\Voyager_Interstellar_Monthly\HighestPrecision_Segments\V1_MAG48s_segment_1506_20150416T062555_20150416T165043.png,ok,
1,1507,2015-04-17 03:45:55,2015-04-17 07:57:07,4.18679972222222,312,48.383,191.807,7200,240,Z:\SPART-WORK\Data\Voyager\voyager1\mag\48s\reviewed_vim\2015\voyager1_48s_mag-vim_20150101_v01.cdf,C:\Users\Administrator\Documents\FWD_matlab\Voyager_fu\Voyager_Interstellar_Monthly\HighestPrecision_Segments\V1_MAG48s_segment_1507_20150417T034555_20150417T075707.png,ok,
1,1508,2015-04-17 12:49:55,2015-04-17 19:16:19,6.43991972222222,483,48.383,95.039,7200,240,Z:\SPART-WORK\Data\Voyager\voyager1\mag\48s\reviewed_vim\2015\voyager1_48s_mag-vim_20150101_v01.cdf,C:\Users\Administrator\Documents\FWD_matlab\Voyager_fu\Voyager_Interstellar_Monthly\HighestPrecision_Segments\V1_MAG48s_segment_1508_20150417T124955_20150417T191619.png,ok,
1,1509,2015-04-18 08:09:55,2015-04-18 15:01:55,6.86663972222222,511,48.383,192.672,7200,240,Z:\SPART-WORK\Data\Voyager\voyager1\mag\48s\reviewed_vim\2015\voyager1_48s_mag-vim_20150101_v01.cdf,C:\Users\Administrator\Documents\FWD_matlab\Voyager_fu\Voyager_Interstellar_Monthly\HighestPrecision_Segments\V1_MAG48s_segment_1509_20150418T080955_20150418T150155.png,ok,
1,1510,2015-04-19 08:41:54,2015-04-19 15:31:31,6.82679972222222,511,48.383,144.289,7200,240,Z:\SPART-WORK\Data\Voyager\voyager1\mag\48s\reviewed_vim\2015\voyager1_48s_mag-vim_20150101_v01.cdf,C:\Users\Administrator\Documents\FWD_matlab\Voyager_fu\Voyager_Interstellar_Monthly\HighestPrecision_Segments\V1_MAG48s_segment_1510_20150419T084154_20150419T153131.png,ok,
1,1511,2015-04-20 03:37:55,2015-04-20 09:01:55,5.39999972222222,390,48.383,719.712,7200,240,Z:\SPART-WORK\Data\Voyager\voyager1\mag\48s\reviewed_vim\2015\voyager1_48s_mag-vim_20150101_v01.cdf,C:\Users\Administrator\Documents\FWD_matlab\Voyager_fu\Voyager_Interstellar_Monthly\HighestPrecision_Segments\V1_MAG48s_segment_1511_20150420T033755_20150420T090155.png,ok,
1,1512,2015-04-20 11:09:07,2015-04-20 14:07:30,2.97312,222,48.383,143.424,7200,240,Z:\SPART-WORK\Data\Voyager\voyager1\mag\48s\reviewed_vim\2015\voyager1_48s_mag-vim_20150101_v01.cdf,C:\Users\Administrator\Documents\FWD_matlab\Voyager_fu\Voyager_Interstellar_Monthly\HighestPrecision_Segments\V1_MAG48s_segment_1512_20150420T110907_20150420T140730.png,ok,
1,1513,2015-04-20 20:32:18,2015-04-21 00:57:07,4.4136,331,48.383,95.9040002441406,7200,240,Z:\SPART-WORK\Data\Voyager\voyager1\mag\48s\reviewed_vim\2015\voyager1_48s_mag-vim_20150101_v01.cdf,C:\Users\Administrator\Documents\FWD_matlab\Voyager_fu\Voyager_Interstellar_Monthly\HighestPrecision_Segments\V1_MAG48s_segment_1513_20150420T203218_20150421T005707.png,ok,
1,1514,2015-04-21 03:25:06,2015-04-21 13:36:19,10.1868002777778,763,48.383,144.288,7200,240,Z:\SPART-WORK\Data\Voyager\voyager1\mag\48s\reviewed_vim\2015\voyager1_48s_mag-vim_20150101_v01.cdf,C:\Users\Administrator\Documents\FWD_matlab\Voyager_fu\Voyager_Interstellar_Monthly\HighestPrecision_Segments\V1_MAG48s_segment_1514_20150421T032506_20150421T133619.png,ok,
1,1515,2015-04-22 03:25:06,2015-04-22 14:57:07,11.5334402777778,866,48.383,48.385,7200,240,Z:\SPART-WORK\Data\Voyager\voyager1\mag\48s\reviewed_vim\2015\voyager1_48s_mag-vim_20150101_v01.cdf,C:\Users\Administrator\Documents\FWD_matlab\Voyager_fu\Voyager_Interstellar_Monthly\HighestPrecision_Segments\V1_MAG48s_segment_1515_20150422T032506_20150422T145707.png,ok,
1,1516,2015-04-22 21:34:43,2015-04-22 23:36:18,2.02655999993218,152,48.383,95.9049997558594,7200,240,Z:\SPART-WORK\Data\Voyager\voyager1\mag\48s\reviewed_vim\2015\voyager1_48s_mag-vim_20150101_v01.cdf,C:\Users\Administrator\Documents\FWD_matlab\Voyager_fu\Voyager_Interstellar_Monthly\HighestPrecision_Segments\V1_MAG48s_segment_1516_20150422T213443_20150422T233618.png,ok,
1,1517,2015-04-23 03:21:55,2015-04-23 14:41:07,11.3200802777778,789,48.383,2640.385,7200,240,Z:\SPART-WORK\Data\Voyager\voyager1\mag\48s\reviewed_vim\2015\voyager1_48s_mag-vim_20150101_v01.cdf,C:\Users\Administrator\Documents\FWD_matlab\Voyager_fu\Voyager_Interstellar_Monthly\HighestPrecision_Segments\V1_MAG48s_segment_1517_20150423T032155_20150423T144107.png,ok,
1,1518,2015-04-24 10:49:54,2015-04-24 20:43:31,9.89352027777778,743,48.383,48.385,7200,240,Z:\SPART-WORK\Data\Voyager\voyager1\mag\48s\reviewed_vim\2015\voyager1_48s_mag-vim_20150101_v01.cdf,C:\Users\Administrator\Documents\FWD_matlab\Voyager_fu\Voyager_Interstellar_Monthly\HighestPrecision_Segments\V1_MAG48s_segment_1518_20150424T104954_20150424T204331.png,ok,
1,1519,2015-04-25 08:16:19,2015-04-25 17:37:07,9.34656027777778,642,48.383,816.48,7200,240,Z:\SPART-WORK\Data\Voyager\voyager1\mag\48s\reviewed_vim\2015\voyager1_48s_mag-vim_20150101_v01.cdf,C:\Users\Administrator\Documents\FWD_matlab\Voyager_fu\Voyager_Interstellar_Monthly\HighestPrecision_Segments\V1_MAG48s_segment_1519_20150425T081619_20150425T173707.png,ok,
1,1520,2015-04-26 03:20:19,2015-04-26 10:01:06,6.67991972222222,499,48.383,191.808,7200,240,Z:\SPART-WORK\Data\Voyager\voyager1\mag\48s\reviewed_vim\2015\voyager1_48s_mag-vim_20150101_v01.cdf,C:\Users\Administrator\Documents\FWD_matlab\Voyager_fu\Voyager_Interstellar_Monthly\HighestPrecision_Segments\V1_MAG48s_segment_1520_20150426T032019_20150426T100106.png,ok,
1,1521,2015-04-27 05:42:43,2015-04-27 10:01:06,4.30656,322,48.383,143.423,7200,240,Z:\SPART-WORK\Data\Voyager\voyager1\mag\48s\reviewed_vim\2015\voyager1_48s_mag-vim_20150101_v01.cdf,C:\Users\Administrator\Documents\FWD_matlab\Voyager_fu\Voyager_Interstellar_Monthly\HighestPrecision_Segments\V1_MAG48s_segment_1521_20150427T054243_20150427T100106.png,ok,
1,1522,2015-04-27 13:10:43,2015-04-27 20:37:54,7.45320027770996,560,48.383,48.385,7200,240,Z:\SPART-WORK\Data\Voyager\voyager1\mag\48s\reviewed_vim\2015\voyager1_48s_mag-vim_20150101_v01.cdf,C:\Users\Administrator\Documents\FWD_matlab\Voyager_fu\Voyager_Interstellar_Monthly\HighestPrecision_Segments\V1_MAG48s_segment_1522_20150427T131043_20150427T203754.png,ok,
1,1523,2015-04-28 05:23:30,2015-04-28 17:50:42,12.4533597222222,842,48.383,4080.672,7200,240,Z:\SPART-WORK\Data\Voyager\voyager1\mag\48s\reviewed_vim\2015\voyager1_48s_mag-vim_20150101_v01.cdf,C:\Users\Administrator\Documents\FWD_matlab\Voyager_fu\Voyager_Interstellar_Monthly\HighestPrecision_Segments\V1_MAG48s_segment_1523_20150428T052330_20150428T175042.png,ok,
1,1524,2015-04-29 10:57:55,2015-04-29 12:35:31,1.62672,122,48.383,95.903,7200,240,Z:\SPART-WORK\Data\Voyager\voyager1\mag\48s\reviewed_vim\2015\voyager1_48s_mag-vim_20150101_v01.cdf,C:\Users\Administrator\Documents\FWD_matlab\Voyager_fu\Voyager_Interstellar_Monthly\HighestPrecision_Segments\V1_MAG48s_segment_1524_20150429T105755_20150429T123531.png,ok,
1,1525,2015-04-29 19:15:30,2015-04-29 20:05:54,0.84,64,48.383,48.385,7200,240,Z:\SPART-WORK\Data\Voyager\voyager1\mag\48s\reviewed_vim\2015\voyager1_48s_mag-vim_20150101_v01.cdf,C:\Users\Administrator\Documents\FWD_matlab\Voyager_fu\Voyager_Interstellar_Monthly\HighestPrecision_Segments\V1_MAG48s_segment_1525_20150429T191530_20150429T200554.png,ok,
1,1526,2015-04-30 08:57:54,2015-04-30 13:03:31,4.09344027777778,308,48.383,48.385,7200,240,Z:\SPART-WORK\Data\Voyager\voyager1\mag\48s\reviewed_vim\2015\voyager1_48s_mag-vim_20150101_v01.cdf,C:\Users\Administrator\Documents\FWD_matlab\Voyager_fu\Voyager_Interstellar_Monthly\HighestPrecision_Segments\V1_MAG48s_segment_1526_20150430T085754_20150430T130331.png,ok,
1,1527,2015-05-01 03:29:54,2015-05-01 03:49:54,0.333360277777778,25,48.383,96.768,7200,240,Z:\SPART-WORK\Data\Voyager\voyager1\mag\48s\reviewed_vim\2015\voyager1_48s_mag-vim_20150101_v01.cdf,C:\Users\Administrator\Documents\FWD_matlab\Voyager_fu\Voyager_Interstellar_Monthly\HighestPrecision_Segments\V1_MAG48s_segment_1527_20150501T032954_20150501T034954.png,ok,
1,1528,2015-05-01 08:19:31,2015-05-01 12:06:42,3.78648,285,48.383,48.385,7200,240,Z:\SPART-WORK\Data\Voyager\voyager1\mag\48s\reviewed_vim\2015\voyager1_48s_mag-vim_20150101_v01.cdf,C:\Users\Administrator\Documents\FWD_matlab\Voyager_fu\Voyager_Interstellar_Monthly\HighestPrecision_Segments\V1_MAG48s_segment_1528_20150501T081931_20150501T120642.png,ok,
1,1529,2015-05-01 14:08:19,2015-05-01 17:25:54,3.29328,248,48.383,48.385,7200,240,Z:\SPART-WORK\Data\Voyager\voyager1\mag\48s\reviewed_vim\2015\voyager1_48s_mag-vim_20150101_v01.cdf,C:\Users\Administrator\Documents\FWD_matlab\Voyager_fu\Voyager_Interstellar_Monthly\HighestPrecision_Segments\V1_MAG48s_segment_1529_20150501T140819_20150501T172554.png,ok,
1,1530,2015-05-02 06:03:30,2015-05-02 14:25:54,8.37336,619,48.383,240.192,7200,240,Z:\SPART-WORK\Data\Voyager\voyager1\mag\48s\reviewed_vim\2015\voyager1_48s_mag-vim_20150101_v01.cdf,C:\Users\Administrator\Documents\FWD_matlab\Voyager_fu\Voyager_Interstellar_Monthly\HighestPrecision_Segments\V1_MAG48s_segment_1530_20150502T060330_20150502T142554.png,ok,
1,1531,2015-05-03 02:45:06,2015-05-03 05:35:30,2.83992,213,48.383,96.768,7200,240,Z:\SPART-WORK\Data\Voyager\voyager1\mag\48s\reviewed_vim\2015\voyager1_48s_mag-vim_20150101_v01.cdf,C:\Users\Administrator\Documents\FWD_matlab\Voyager_fu\Voyager_Interstellar_Monthly\HighestPrecision_Segments\V1_MAG48s_segment_1531_20150503T024506_20150503T053530.png,ok,
1,1532,2015-05-03 10:26:43,2015-05-03 11:10:42,0.7332,56,48.383,48.385,7200,240,Z:\SPART-WORK\Data\Voyager\voyager1\mag\48s\reviewed_vim\2015\voyager1_48s_mag-vim_20150101_v01.cdf,C:\Users\Administrator\Documents\FWD_matlab\Voyager_fu\Voyager_Interstellar_Monthly\HighestPrecision_Segments\V1_MAG48s_segment_1532_20150503T102643_20150503T111042.png,ok,
1,1533,2015-05-04 05:04:18,2015-05-04 05:34:42,0.506639722222222,39,48.383,48.385,7200,240,Z:\SPART-WORK\Data\Voyager\voyager1\mag\48s\reviewed_vim\2015\voyager1_48s_mag-vim_20150101_v01.cdf,C:\Users\Administrator\Documents\FWD_matlab\Voyager_fu\Voyager_Interstellar_Monthly\HighestPrecision_Segments\V1_MAG48s_segment_1533_20150504T050418_20150504T053442.png,ok,
1,1534,2015-05-04 10:25:54,2015-05-04 17:08:18,6.70656027770996,407,48.383,4607.71100024414,7200,240,Z:\SPART-WORK\Data\Voyager\voyager1\mag\48s\reviewed_vim\2015\voyager1_48s_mag-vim_20150101_v01.cdf,C:\Users\Administrator\Documents\FWD_matlab\Voyager_fu\Voyager_Interstellar_Monthly\HighestPrecision_Segments\V1_MAG48s_segment_1534_20150504T102554_20150504T170818.png,ok,
1,1535,2015-05-05 02:43:30,2015-05-05 05:35:30,2.86656,214,48.383,144.288999755859,7200,240,Z:\SPART-WORK\Data\Voyager\voyager1\mag\48s\reviewed_vim\2015\voyager1_48s_mag-vim_20150101_v01.cdf,C:\Users\Administrator\Documents\FWD_matlab\Voyager_fu\Voyager_Interstellar_Monthly\HighestPrecision_Segments\V1_MAG48s_segment_1535_20150505T024330_20150505T053530.png,ok,
1,1536,2015-05-05 10:06:42,2015-05-05 12:37:06,2.50656,189,48.383,48.385,7200,240,Z:\SPART-WORK\Data\Voyager\voyager1\mag\48s\reviewed_vim\2015\voyager1_48s_mag-vim_20150101_v01.cdf,C:\Users\Administrator\Documents\FWD_matlab\Voyager_fu\Voyager_Interstellar_Monthly\HighestPrecision_Segments\V1_MAG48s_segment_1536_20150505T100642_20150505T123706.png,ok,
1,1537,2015-05-06 10:57:55,2015-05-06 11:34:42,0.613199722222222,44,48.383,192.673,7200,240,Z:\SPART-WORK\Data\Voyager\voyager1\mag\48s\reviewed_vim\2015\voyager1_48s_mag-vim_20150101_v01.cdf,C:\Users\Administrator\Documents\FWD_matlab\Voyager_fu\Voyager_Interstellar_Monthly\HighestPrecision_Segments\V1_MAG48s_segment_1537_20150506T105755_20150506T113442.png,ok,
1,1538,2015-05-06 16:05:55,2015-05-06 20:37:54,4.53312027777778,341,48.383,48.385,7200,240,Z:\SPART-WORK\Data\Voyager\voyager1\mag\48s\reviewed_vim\2015\voyager1_48s_mag-vim_20150101_v01.cdf,C:\Users\Administrator\Documents\FWD_matlab\Voyager_fu\Voyager_Interstellar_Monthly\HighestPrecision_Segments\V1_MAG48s_segment_1538_20150506T160555_20150506T203754.png,ok,
1,1539,2015-05-07 04:01:55,2015-05-07 12:26:42,8.4132,630,48.383,96.7680002441406,7200,240,Z:\SPART-WORK\Data\Voyager\voyager1\mag\48s\reviewed_vim\2015\voyager1_48s_mag-vim_20150101_v01.cdf,C:\Users\Administrator\Documents\FWD_matlab\Voyager_fu\Voyager_Interstellar_Monthly\HighestPrecision_Segments\V1_MAG48s_segment_1539_20150507T040155_20150507T122642.png,ok,
1,1540,2015-05-07 18:17:54,2015-05-07 19:21:54,1.06656027777778,81,48.383,48.385,7200,240,Z:\SPART-WORK\Data\Voyager\voyager1\mag\48s\reviewed_vim\2015\voyager1_48s_mag-vim_20150101_v01.cdf,C:\Users\Administrator\Documents\FWD_matlab\Voyager_fu\Voyager_Interstellar_Monthly\HighestPrecision_Segments\V1_MAG48s_segment_1540_20150507T181754_20150507T192154.png,ok,
1,1541,2015-05-08 03:55:29,2015-05-08 08:33:55,4.64039972222222,341,47.5200002441406,192.673,7200,240,Z:\SPART-WORK\Data\Voyager\voyager1\mag\48s\reviewed_vim\2015\voyager1_48s_mag-vim_20150101_v01.cdf,C:\Users\Administrator\Documents\FWD_matlab\Voyager_fu\Voyager_Interstellar_Monthly\HighestPrecision_Segments\V1_MAG48s_segment_1541_20150508T035529_20150508T083355.png,ok,
1,1542,2015-05-08 20:27:29,2015-05-09 00:21:06,3.89352000006782,290,47.5200002441406,191.808,7200,240,Z:\SPART-WORK\Data\Voyager\voyager1\mag\48s\reviewed_vim\2015\voyager1_48s_mag-vim_20150101_v01.cdf,C:\Users\Administrator\Documents\FWD_matlab\Voyager_fu\Voyager_Interstellar_Monthly\HighestPrecision_Segments\V1_MAG48s_segment_1542_20150508T202729_20150509T002106.png,ok,
1,1543,2015-05-09 02:22:43,2015-05-09 15:06:41,12.7329599999322,927,47.5200002441406,1296.001,7200,240,Z:\SPART-WORK\Data\Voyager\voyager1\mag\48s\reviewed_vim\2015\voyager1_48s_mag-vim_20150101_v01.cdf,C:\Users\Administrator\Documents\FWD_matlab\Voyager_fu\Voyager_Interstellar_Monthly\HighestPrecision_Segments\V1_MAG48s_segment_1543_20150509T022243_20150509T150641.png,ok,
1,1544,2015-05-10 02:14:42,2015-05-10 07:05:55,4.85352027777778,365,47.5200002441406,49.249,7200,240,Z:\SPART-WORK\Data\Voyager\voyager1\mag\48s\reviewed_vim\2015\voyager1_48s_mag-vim_20150101_v01.cdf,C:\Users\Administrator\Documents\FWD_matlab\Voyager_fu\Voyager_Interstellar_Monthly\HighestPrecision_Segments\V1_MAG48s_segment_1544_20150510T021442_20150510T070555.png,ok,
1,1545,2015-05-10 09:45:54,2015-05-10 12:25:54,2.66663972222222,201,47.5209997558594,49.249,7200,240,Z:\SPART-WORK\Data\Voyager\voyager1\mag\48s\reviewed_vim\2015\voyager1_48s_mag-vim_20150101_v01.cdf,C:\Users\Administrator\Documents\FWD_matlab\Voyager_fu\Voyager_Interstellar_Monthly\HighestPrecision_Segments\V1_MAG48s_segment_1545_20150510T094554_20150510T122554.png,ok,
1,1546,2015-05-10 14:35:30,2015-05-10 16:35:30,2.00015972222222,148,47.5209997558594,192.672,7200,240,Z:\SPART-WORK\Data\Voyager\voyager1\mag\48s\reviewed_vim\2015\voyager1_48s_mag-vim_20150101_v01.cdf,C:\Users\Administrator\Documents\FWD_matlab\Voyager_fu\Voyager_Interstellar_Monthly\HighestPrecision_Segments\V1_MAG48s_segment_1546_20150510T143530_20150510T163530.png,ok,
1,1547,2015-05-10 20:09:54,2015-05-10 23:25:54,3.26663972229004,246,47.5209997558594,49.249,7200,240,Z:\SPART-WORK\Data\Voyager\voyager1\mag\48s\reviewed_vim\2015\voyager1_48s_mag-vim_20150101_v01.cdf,C:\Users\Administrator\Documents\FWD_matlab\Voyager_fu\Voyager_Interstellar_Monthly\HighestPrecision_Segments\V1_MAG48s_segment_1547_20150510T200954_20150510T232554.png,ok,
1,1548,2015-05-11 04:45:07,2015-05-11 08:40:18,3.91992,295,47.5209997558594,49.249,7200,240,Z:\SPART-WORK\Data\Voyager\voyager1\mag\48s\reviewed_vim\2015\voyager1_48s_mag-vim_20150101_v01.cdf,C:\Users\Administrator\Documents\FWD_matlab\Voyager_fu\Voyager_Interstellar_Monthly\HighestPrecision_Segments\V1_MAG48s_segment_1548_20150511T044507_20150511T084018.png,ok,
1,1549,2015-05-11 11:12:17,2015-05-11 17:05:53,5.89344,395,47.5209997558594,2255.904,7200,240,Z:\SPART-WORK\Data\Voyager\voyager1\mag\48s\reviewed_vim\2015\voyager1_48s_mag-vim_20150101_v01.cdf,C:\Users\Administrator\Documents\FWD_matlab\Voyager_fu\Voyager_Interstellar_Monthly\HighestPrecision_Segments\V1_MAG48s_segment_1549_20150511T111217_20150511T170553.png,ok,
1,1550,2015-05-12 10:41:54,2015-05-12 14:41:06,3.98664,299,47.5209997558594,95.903,7200,240,Z:\SPART-WORK\Data\Voyager\voyager1\mag\48s\reviewed_vim\2015\voyager1_48s_mag-vim_20150101_v01.cdf,C:\Users\Administrator\Documents\FWD_matlab\Voyager_fu\Voyager_Interstellar_Monthly\HighestPrecision_Segments\V1_MAG48s_segment_1550_20150512T104154_20150512T144106.png,ok,
1,1551,2015-05-13 11:01:07,2015-05-13 13:01:05,1.99967972222222,148,47.521,143.424999755859,7200,240,Z:\SPART-WORK\Data\Voyager\voyager1\mag\48s\reviewed_vim\2015\voyager1_48s_mag-vim_20150101_v01.cdf,C:\Users\Administrator\Documents\FWD_matlab\Voyager_fu\Voyager_Interstellar_Monthly\HighestPrecision_Segments\V1_MAG48s_segment_1551_20150513T110107_20150513T130105.png,ok,
1,1552,2015-05-13 19:26:42,2015-05-13 20:35:30,1.14672,86,47.521,96.767,7200,240,Z:\SPART-WORK\Data\Voyager\voyager1\mag\48s\reviewed_vim\2015\voyager1_48s_mag-vim_20150101_v01.cdf,C:\Users\Administrator\Documents\FWD_matlab\Voyager_fu\Voyager_Interstellar_Monthly\HighestPrecision_Segments\V1_MAG48s_segment_1552_20150513T192642_20150513T203530.png,ok,
1,1553,2015-05-14 10:32:18,2015-05-14 15:01:54,4.49352,325,47.521,431.136,7200,240,Z:\SPART-WORK\Data\Voyager\voyager1\mag\48s\reviewed_vim\2015\voyager1_48s_mag-vim_20150101_v01.cdf,C:\Users\Administrator\Documents\FWD_matlab\Voyager_fu\Voyager_Interstellar_Monthly\HighestPrecision_Segments\V1_MAG48s_segment_1553_20150514T103218_20150514T150154.png,ok,
1,1554,2015-05-15 04:21:06,2015-05-15 06:21:06,2.00016,148,47.5209997558594,192.672,7200,240,Z:\SPART-WORK\Data\Voyager\voyager1\mag\48s\reviewed_vim\2015\voyager1_48s_mag-vim_20150101_v01.cdf,C:\Users\Administrator\Documents\FWD_matlab\Voyager_fu\Voyager_Interstellar_Monthly\HighestPrecision_Segments\V1_MAG48s_segment_1554_20150515T042106_20150515T062106.png,ok,
1,1555,2015-05-15 10:41:54,2015-05-15 17:51:29,7.15967972222222,429,47.5209997558594,5040.57699975586,7200,240,Z:\SPART-WORK\Data\Voyager\voyager1\mag\48s\reviewed_vim\2015\voyager1_48s_mag-vim_20150101_v01.cdf,C:\Users\Administrator\Documents\FWD_matlab\Voyager_fu\Voyager_Interstellar_Monthly\HighestPrecision_Segments\V1_MAG48s_segment_1555_20150515T104154_20150515T175129.png,ok,
1,1556,2015-05-16 09:36:18,2015-05-16 16:45:05,7.14648027770996,535,47.521,144.289,7200,240,Z:\SPART-WORK\Data\Voyager\voyager1\mag\48s\reviewed_vim\2015\voyager1_48s_mag-vim_20150101_v01.cdf,C:\Users\Administrator\Documents\FWD_matlab\Voyager_fu\Voyager_Interstellar_Monthly\HighestPrecision_Segments\V1_MAG48s_segment_1556_20150516T093618_20150516T164505.png,ok,
1,1557,2015-05-17 05:04:18,2015-05-17 09:10:41,4.10663972222222,309,47.5209998779297,49.249,7200,240,Z:\SPART-WORK\Data\Voyager\voyager1\mag\48s\reviewed_vim\2015\voyager1_48s_mag-vim_20150101_v01.cdf,C:\Users\Administrator\Documents\FWD_matlab\Voyager_fu\Voyager_Interstellar_Monthly\HighestPrecision_Segments\V1_MAG48s_segment_1557_20150517T050418_20150517T091041.png,ok,
1,1558,2015-05-18 06:56:17,2015-05-18 12:36:18,5.66688000006782,407,47.521,768.961,7200,240,Z:\SPART-WORK\Data\Voyager\voyager1\mag\48s\reviewed_vim\2015\voyager1_48s_mag-vim_20150101_v01.cdf,C:\Users\Administrator\Documents\FWD_matlab\Voyager_fu\Voyager_Interstellar_Monthly\HighestPrecision_Segments\V1_MAG48s_segment_1558_20150518T065617_20150518T123618.png,ok,
1,1559,2015-05-18 17:10:41,2015-05-18 19:41:06,2.50680027777778,187,47.521,144.287999755859,7200,240,Z:\SPART-WORK\Data\Voyager\voyager1\mag\48s\reviewed_vim\2015\voyager1_48s_mag-vim_20150101_v01.cdf,C:\Users\Administrator\Documents\FWD_matlab\Voyager_fu\Voyager_Interstellar_Monthly\HighestPrecision_Segments\V1_MAG48s_segment_1559_20150518T171041_20150518T194106.png,ok,
1,1560,2015-05-19 06:45:06,2015-05-19 10:56:17,4.18632,303,47.521,479.519999755859,7200,240,Z:\SPART-WORK\Data\Voyager\voyager1\mag\48s\reviewed_vim\2015\voyager1_48s_mag-vim_20150101_v01.cdf,C:\Users\Administrator\Documents\FWD_matlab\Voyager_fu\Voyager_Interstellar_Monthly\HighestPrecision_Segments\V1_MAG48s_segment_1560_20150519T064506_20150519T105617.png,ok,
1,1561,2015-05-20 04:59:30,2015-05-20 12:50:43,7.85352027777778,484,47.521,4993.055,7200,240,Z:\SPART-WORK\Data\Voyager\voyager1\mag\48s\reviewed_vim\2015\voyager1_48s_mag-vim_20150101_v01.cdf,C:\Users\Administrator\Documents\FWD_matlab\Voyager_fu\Voyager_Interstellar_Monthly\HighestPrecision_Segments\V1_MAG48s_segment_1561_20150520T045930_20150520T125043.png,ok,
1,1562,2015-05-21 06:51:30,2015-05-21 16:37:05,9.75984,601,47.521,5087.23299975586,7200,240,Z:\SPART-WORK\Data\Voyager\voyager1\mag\48s\reviewed_vim\2015\voyager1_48s_mag-vim_20150101_v01.cdf,C:\Users\Administrator\Documents\FWD_matlab\Voyager_fu\Voyager_Interstellar_Monthly\HighestPrecision_Segments\V1_MAG48s_segment_1562_20150521T065130_20150521T163705.png,ok,
1,1563,2015-05-22 03:23:30,2015-05-22 17:05:53,13.7064,969,47.521,2735.423,7200,240,Z:\SPART-WORK\Data\Voyager\voyager1\mag\48s\reviewed_vim\2015\voyager1_48s_mag-vim_20150101_v01.cdf,C:\Users\Administrator\Documents\FWD_matlab\Voyager_fu\Voyager_Interstellar_Monthly\HighestPrecision_Segments\V1_MAG48s_segment_1563_20150522T032330_20150522T170553.png,ok,
1,1564,2015-05-23 01:17:05,2015-05-23 12:51:30,11.5735202777778,859,47.521,287.711,7200,240,Z:\SPART-WORK\Data\Voyager\voyager1\mag\48s\reviewed_vim\2015\voyager1_48s_mag-vim_20150101_v01.cdf,C:\Users\Administrator\Documents\FWD_matlab\Voyager_fu\Voyager_Interstellar_Monthly\HighestPrecision_Segments\V1_MAG48s_segment_1564_20150523T011705_20150523T125130.png,ok,
1,1565,2015-05-23 19:57:05,2015-05-24 00:00:18,4.0536,305,47.521,49.249,7200,240,Z:\SPART-WORK\Data\Voyager\voyager1\mag\48s\reviewed_vim\2015\voyager1_48s_mag-vim_20150101_v01.cdf,C:\Users\Administrator\Documents\FWD_matlab\Voyager_fu\Voyager_Interstellar_Monthly\HighestPrecision_Segments\V1_MAG48s_segment_1565_20150523T195705_20150524T000018.png,ok,
1,1566,2015-05-24 02:19:30,2015-05-24 11:06:41,8.7864,659,47.521,95.905,7200,240,Z:\SPART-WORK\Data\Voyager\voyager1\mag\48s\reviewed_vim\2015\voyager1_48s_mag-vim_20150101_v01.cdf,C:\Users\Administrator\Documents\FWD_matlab\Voyager_fu\Voyager_Interstellar_Monthly\HighestPrecision_Segments\V1_MAG48s_segment_1566_20150524T021930_20150524T110641.png,ok,
1,1567,2015-05-24 16:45:05,2015-05-24 19:05:06,2.33351972229004,174,47.521,143.423000244141,7200,240,Z:\SPART-WORK\Data\Voyager\voyager1\mag\48s\reviewed_vim\2015\voyager1_48s_mag-vim_20150101_v01.cdf,C:\Users\Administrator\Documents\FWD_matlab\Voyager_fu\Voyager_Interstellar_Monthly\HighestPrecision_Segments\V1_MAG48s_segment_1567_20150524T164505_20150524T190506.png,ok,
1,1568,2015-05-25 01:21:53,2015-05-25 03:50:43,2.4804,184,47.521,192.673,7200,240,Z:\SPART-WORK\Data\Voyager\voyager1\mag\48s\reviewed_vim\2015\voyager1_48s_mag-vim_20150101_v01.cdf,C:\Users\Administrator\Documents\FWD_matlab\Voyager_fu\Voyager_Interstellar_Monthly\HighestPrecision_Segments\V1_MAG48s_segment_1568_20150525T012153_20150525T035043.png,ok,
1,1569,2015-05-25 11:37:53,2015-05-25 16:25:06,4.78680027777778,358,47.521,144.288999755859,7200,240,Z:\SPART-WORK\Data\Voyager\voyager1\mag\48s\reviewed_vim\2015\voyager1_48s_mag-vim_20150101_v01.cdf,C:\Users\Administrator\Documents\FWD_matlab\Voyager_fu\Voyager_Interstellar_Monthly\HighestPrecision_Segments\V1_MAG48s_segment_1569_20150525T113753_20150525T162506.png,ok,
1,1570,2015-05-26 01:44:17,2015-05-26 03:34:41,1.83984027777778,136,47.521,190.944,7200,240,Z:\SPART-WORK\Data\Voyager\voyager1\mag\48s\reviewed_vim\2015\voyager1_48s_mag-vim_20150101_v01.cdf,C:\Users\Administrator\Documents\FWD_matlab\Voyager_fu\Voyager_Interstellar_Monthly\HighestPrecision_Segments\V1_MAG48s_segment_1570_20150526T014417_20150526T033441.png,ok,
1,1571,2015-05-26 08:49:53,2015-05-26 11:05:06,2.25360027777778,169,47.521,95.904,7200,240,Z:\SPART-WORK\Data\Voyager\voyager1\mag\48s\reviewed_vim\2015\voyager1_48s_mag-vim_20150101_v01.cdf,C:\Users\Administrator\Documents\FWD_matlab\Voyager_fu\Voyager_Interstellar_Monthly\HighestPrecision_Segments\V1_MAG48s_segment_1571_20150526T084953_20150526T110506.png,ok,
1,1572,2015-05-26 17:50:42,2015-05-26 23:45:53,5.9196,442,47.521,190.944,7200,240,Z:\SPART-WORK\Data\Voyager\voyager1\mag\48s\reviewed_vim\2015\voyager1_48s_mag-vim_20150101_v01.cdf,C:\Users\Administrator\Documents\FWD_matlab\Voyager_fu\Voyager_Interstellar_Monthly\HighestPrecision_Segments\V1_MAG48s_segment_1572_20150526T175042_20150526T234553.png,ok,
1,1573,2015-05-27 12:43:30,2015-05-27 18:17:05,5.55983972229004,382,47.521,527.903999755859,7200,240,Z:\SPART-WORK\Data\Voyager\voyager1\mag\48s\reviewed_vim\2015\voyager1_48s_mag-vim_20150101_v01.cdf,C:\Users\Administrator\Documents\FWD_matlab\Voyager_fu\Voyager_Interstellar_Monthly\HighestPrecision_Segments\V1_MAG48s_segment_1573_20150527T124330_20150527T181705.png,ok,
1,1574,2015-05-28 00:56:17,2015-05-28 05:05:05,4.14672027777778,302,47.521,336.095000244141,7200,240,Z:\SPART-WORK\Data\Voyager\voyager1\mag\48s\reviewed_vim\2015\voyager1_48s_mag-vim_20150101_v01.cdf,C:\Users\Administrator\Documents\FWD_matlab\Voyager_fu\Voyager_Interstellar_Monthly\HighestPrecision_Segments\V1_MAG48s_segment_1574_20150528T005617_20150528T050505.png,ok,
1,1575,2015-05-28 09:44:17,2015-05-28 13:54:41,4.17336,300,47.521,576.288999755859,7200,240,Z:\SPART-WORK\Data\Voyager\voyager1\mag\48s\reviewed_vim\2015\voyager1_48s_mag-vim_20150101_v01.cdf,C:\Users\Administrator\Documents\FWD_matlab\Voyager_fu\Voyager_Interstellar_Monthly\HighestPrecision_Segments\V1_MAG48s_segment_1575_20150528T094417_20150528T135441.png,ok,
1,1576,2015-05-29 09:52:18,2015-05-29 17:15:30,7.38671999993218,553,47.521,143.425,7200,240,Z:\SPART-WORK\Data\Voyager\voyager1\mag\48s\reviewed_vim\2015\voyager1_48s_mag-vim_20150101_v01.cdf,C:\Users\Administrator\Documents\FWD_matlab\Voyager_fu\Voyager_Interstellar_Monthly\HighestPrecision_Segments\V1_MAG48s_segment_1576_20150529T095218_20150529T171530.png,ok,
1,1577,2015-05-30 08:25:54,2015-05-30 18:12:17,9.77328027770996,733,47.521,95.905,7200,240,Z:\SPART-WORK\Data\Voyager\voyager1\mag\48s\reviewed_vim\2015\voyager1_48s_mag-vim_20150101_v01.cdf,C:\Users\Administrator\Documents\FWD_matlab\Voyager_fu\Voyager_Interstellar_Monthly\HighestPrecision_Segments\V1_MAG48s_segment_1577_20150530T082554_20150530T181217.png,ok,
1,1578,2015-05-31 00:43:30,2015-05-31 06:14:42,5.52,412,47.521,190.944,7200,240,Z:\SPART-WORK\Data\Voyager\voyager1\mag\48s\reviewed_vim\2015\voyager1_48s_mag-vim_20150101_v01.cdf,C:\Users\Administrator\Documents\FWD_matlab\Voyager_fu\Voyager_Interstellar_Monthly\HighestPrecision_Segments\V1_MAG48s_segment_1578_20150531T004330_20150531T061442.png,ok,
1,1579,2015-05-31 10:38:41,2015-05-31 12:35:30,1.94688,132,47.521,575.424,7200,240,Z:\SPART-WORK\Data\Voyager\voyager1\mag\48s\reviewed_vim\2015\voyager1_48s_mag-vim_20150101_v01.cdf,C:\Users\Administrator\Documents\FWD_matlab\Voyager_fu\Voyager_Interstellar_Monthly\HighestPrecision_Segments\V1_MAG48s_segment_1579_20150531T103841_20150531T123530.png,ok,
1,1580,2015-06-01 00:40:17,2015-06-01 04:30:42,3.84024,288,47.521,96.767,7200,240,Z:\SPART-WORK\Data\Voyager\voyager1\mag\48s\reviewed_vim\2015\voyager1_48s_mag-vim_20150101_v01.cdf,C:\Users\Administrator\Documents\FWD_matlab\Voyager_fu\Voyager_Interstellar_Monthly\HighestPrecision_Segments\V1_MAG48s_segment_1580_20150601T004017_20150601T043042.png,ok,
1,1581,2015-06-01 10:22:41,2015-06-01 14:14:41,3.86663972222222,290,47.521,96.767,7200,240,Z:\SPART-WORK\Data\Voyager\voyager1\mag\48s\reviewed_vim\2015\voyager1_48s_mag-vim_20150101_v01.cdf,C:\Users\Administrator\Documents\FWD_matlab\Voyager_fu\Voyager_Interstellar_Monthly\HighestPrecision_Segments\V1_MAG48s_segment_1581_20150601T102241_20150601T141441.png,ok,
1,1582,2015-06-02 01:23:29,2015-06-02 05:05:05,3.69336027777778,278,47.521,49.249,7200,240,Z:\SPART-WORK\Data\Voyager\voyager1\mag\48s\reviewed_vim\2015\voyager1_48s_mag-vim_20150101_v01.cdf,C:\Users\Administrator\Documents\FWD_matlab\Voyager_fu\Voyager_Interstellar_Monthly\HighestPrecision_Segments\V1_MAG48s_segment_1582_20150602T012329_20150602T050505.png,ok,
1,1583,2015-06-02 07:17:05,2015-06-02 09:19:28,2.03976027777778,153,47.521,96.769,7200,240,Z:\SPART-WORK\Data\Voyager\voyager1\mag\48s\reviewed_vim\2015\voyager1_48s_mag-vim_20150101_v01.cdf,C:\Users\Administrator\Documents\FWD_matlab\Voyager_fu\Voyager_Interstellar_Monthly\HighestPrecision_Segments\V1_MAG48s_segment_1583_20150602T071705_20150602T091928.png,ok,
1,1584,2015-06-02 13:50:41,2015-06-02 17:56:18,4.09368,307,47.521,96.767,7200,240,Z:\SPART-WORK\Data\Voyager\voyager1\mag\48s\reviewed_vim\2015\voyager1_48s_mag-vim_20150101_v01.cdf,C:\Users\Administrator\Documents\FWD_matlab\Voyager_fu\Voyager_Interstellar_Monthly\HighestPrecision_Segments\V1_MAG48s_segment_1584_20150602T135041_20150602T175618.png,ok,
1,1585,2015-06-03 02:06:41,2015-06-03 04:49:54,2.72016027777778,202,47.521,191.807000244141,7200,240,Z:\SPART-WORK\Data\Voyager\voyager1\mag\48s\reviewed_vim\2015\voyager1_48s_mag-vim_20150101_v01.cdf,C:\Users\Administrator\Documents\FWD_matlab\Voyager_fu\Voyager_Interstellar_Monthly\HighestPrecision_Segments\V1_MAG48s_segment_1585_20150603T020641_20150603T044954.png,ok,
1,1586,2015-06-03 08:46:42,2015-06-03 15:20:18,6.55992027777778,492,47.521,95.041,7200,240,Z:\SPART-WORK\Data\Voyager\voyager1\mag\48s\reviewed_vim\2015\voyager1_48s_mag-vim_20150101_v01.cdf,C:\Users\Administrator\Documents\FWD_matlab\Voyager_fu\Voyager_Interstellar_Monthly\HighestPrecision_Segments\V1_MAG48s_segment_1586_20150603T084642_20150603T152018.png,ok,
1,1587,2015-06-04 03:02:42,2015-06-04 05:09:05,2.10648027777778,157,47.521,143.423,7200,240,Z:\SPART-WORK\Data\Voyager\voyager1\mag\48s\reviewed_vim\2015\voyager1_48s_mag-vim_20150101_v01.cdf,C:\Users\Administrator\Documents\FWD_matlab\Voyager_fu\Voyager_Interstellar_Monthly\HighestPrecision_Segments\V1_MAG48s_segment_1587_20150604T030242_20150604T050905.png,ok,
1,1588,2015-06-04 10:13:06,2015-06-04 12:20:18,2.11992,159,47.521,95.904,7200,240,Z:\SPART-WORK\Data\Voyager\voyager1\mag\48s\reviewed_vim\2015\voyager1_48s_mag-vim_20150101_v01.cdf,C:\Users\Administrator\Documents\FWD_matlab\Voyager_fu\Voyager_Interstellar_Monthly\HighestPrecision_Segments\V1_MAG48s_segment_1588_20150604T101306_20150604T122018.png,ok,
1,1589,2015-06-04 14:49:53,2015-06-04 19:05:06,4.25352000006782,320,47.521,49.249,7200,240,Z:\SPART-WORK\Data\Voyager\voyager1\mag\48s\reviewed_vim\2015\voyager1_48s_mag-vim_20150101_v01.cdf,C:\Users\Administrator\Documents\FWD_matlab\Voyager_fu\Voyager_Interstellar_Monthly\HighestPrecision_Segments\V1_MAG48s_segment_1589_20150604T144953_20150604T190506.png,ok,
1,1590,2015-06-05 10:06:42,2015-06-05 15:05:05,4.97303972222222,371,47.521,192.672999755859,7200,240,Z:\SPART-WORK\Data\Voyager\voyager1\mag\48s\reviewed_vim\2015\voyager1_48s_mag-vim_20150101_v01.cdf,C:\Users\Administrator\Documents\FWD_matlab\Voyager_fu\Voyager_Interstellar_Monthly\HighestPrecision_Segments\V1_MAG48s_segment_1590_20150605T100642_20150605T150505.png,ok,
1,1591,2015-06-06 00:33:53,2015-06-06 02:59:29,2.42664027777778,180,47.521,190.944,7200,240,Z:\SPART-WORK\Data\Voyager\voyager1\mag\48s\reviewed_vim\2015\voyager1_48s_mag-vim_20150101_v01.cdf,C:\Users\Administrator\Documents\FWD_matlab\Voyager_fu\Voyager_Interstellar_Monthly\HighestPrecision_Segments\V1_MAG48s_segment_1591_20150606T003353_20150606T025929.png,ok,
1,1592,2015-06-06 11:02:42,2015-06-06 15:40:17,4.62648027770996,348,47.521,49.249,7200,240,Z:\SPART-WORK\Data\Voyager\voyager1\mag\48s\reviewed_vim\2015\voyager1_48s_mag-vim_20150101_v01.cdf,C:\Users\Administrator\Documents\FWD_matlab\Voyager_fu\Voyager_Interstellar_Monthly\HighestPrecision_Segments\V1_MAG48s_segment_1592_20150606T110242_20150606T154017.png,ok,
1,1593,2015-06-07 11:12:17,2015-06-07 16:49:54,5.6268,423,47.521,49.249,7200,240,Z:\SPART-WORK\Data\Voyager\voyager1\mag\48s\reviewed_vim\2015\voyager1_48s_mag-vim_20150101_v01.cdf,C:\Users\Administrator\Documents\FWD_matlab\Voyager_fu\Voyager_Interstellar_Monthly\HighestPrecision_Segments\V1_MAG48s_segment_1593_20150607T111217_20150607T164954.png,ok,
1,1594,2015-06-08 00:30:42,2015-06-08 02:53:53,2.38655972222222,179,47.521,95.904,7200,240,Z:\SPART-WORK\Data\Voyager\voyager1\mag\48s\reviewed_vim\2015\voyager1_48s_mag-vim_20150101_v01.cdf,C:\Users\Administrator\Documents\FWD_matlab\Voyager_fu\Voyager_Interstellar_Monthly\HighestPrecision_Segments\V1_MAG48s_segment_1594_20150608T003042_20150608T025353.png,ok,
1,1595,2015-06-08 09:13:52,2015-06-08 16:25:53,7.20024027777778,541,47.521,49.249,7200,240,Z:\SPART-WORK\Data\Voyager\voyager1\mag\48s\reviewed_vim\2015\voyager1_48s_mag-vim_20150101_v01.cdf,C:\Users\Administrator\Documents\FWD_matlab\Voyager_fu\Voyager_Interstellar_Monthly\HighestPrecision_Segments\V1_MAG48s_segment_1595_20150608T091352_20150608T162553.png,ok,
1,1596,2015-06-09 08:51:29,2015-06-09 15:54:41,7.05336027777778,434,47.521,4560.191,7200,240,Z:\SPART-WORK\Data\Voyager\voyager1\mag\48s\reviewed_vim\2015\voyager1_48s_mag-vim_20150101_v01.cdf,C:\Users\Administrator\Documents\FWD_matlab\Voyager_fu\Voyager_Interstellar_Monthly\HighestPrecision_Segments\V1_MAG48s_segment_1596_20150609T085129_20150609T155441.png,ok,
1,1597,2015-06-10 11:36:17,2015-06-10 17:05:05,5.47992,411,47.521,95.903,7200,240,Z:\SPART-WORK\Data\Voyager\voyager1\mag\48s\reviewed_vim\2015\voyager1_48s_mag-vim_20150101_v01.cdf,C:\Users\Administrator\Documents\FWD_matlab\Voyager_fu\Voyager_Interstellar_Monthly\HighestPrecision_Segments\V1_MAG48s_segment_1597_20150610T113617_20150610T170505.png,ok,
1,1598,2015-06-10 23:58:42,2015-06-11 02:41:06,2.70672027777778,193,47.521,334.368999755859,7200,240,Z:\SPART-WORK\Data\Voyager\voyager1\mag\48s\reviewed_vim\2015\voyager1_48s_mag-vim_20150101_v01.cdf,C:\Users\Administrator\Documents\FWD_matlab\Voyager_fu\Voyager_Interstellar_Monthly\HighestPrecision_Segments\V1_MAG48s_segment_1598_20150610T235842_20150611T024106.png,ok,
1,1599,2015-06-11 08:54:42,2015-06-11 16:09:06,7.24007999993218,544,47.521,49.249,7200,240,Z:\SPART-WORK\Data\Voyager\voyager1\mag\48s\reviewed_vim\2015\voyager1_48s_mag-vim_20150101_v01.cdf,C:\Users\Administrator\Documents\FWD_matlab\Voyager_fu\Voyager_Interstellar_Monthly\HighestPrecision_Segments\V1_MAG48s_segment_1599_20150611T085442_20150611T160906.png,ok,
1,1600,2015-06-12 00:21:05,2015-06-12 02:37:53,2.28,169,47.521,192.671,7200,240,Z:\SPART-WORK\Data\Voyager\voyager1\mag\48s\reviewed_vim\2015\voyager1_48s_mag-vim_20150101_v01.cdf,C:\Users\Administrator\Documents\FWD_matlab\Voyager_fu\Voyager_Interstellar_Monthly\HighestPrecision_Segments\V1_MAG48s_segment_1600_20150612T002105_20150612T023753.png,ok,
1,1601,2015-06-12 09:18:42,2015-06-12 16:33:53,7.25304,544,47.521,95.904,7200,240,Z:\SPART-WORK\Data\Voyager\voyager1\mag\48s\reviewed_vim\2015\voyager1_48s_mag-vim_20150101_v01.cdf,C:\Users\Administrator\Documents\FWD_matlab\Voyager_fu\Voyager_Interstellar_Monthly\HighestPrecision_Segments\V1_MAG48s_segment_1601_20150612T091842_20150612T163353.png,ok,
1,1602,2015-06-13 05:52:16,2015-06-13 07:34:42,1.70711972222222,127,47.521,143.424999755859,7200,240,Z:\SPART-WORK\Data\Voyager\voyager1\mag\48s\reviewed_vim\2015\voyager1_48s_mag-vim_20150101_v01.cdf,C:\Users\Administrator\Documents\FWD_matlab\Voyager_fu\Voyager_Interstellar_Monthly\HighestPrecision_Segments\V1_MAG48s_segment_1602_20150613T055216_20150613T073442.png,ok,
1,1603,2015-06-13 09:52:18,2015-06-13 17:44:17,7.86648027770996,590,47.521,95.9049997558594,7200,240,Z:\SPART-WORK\Data\Voyager\voyager1\mag\48s\reviewed_vim\2015\voyager1_48s_mag-vim_20150101_v01.cdf,C:\Users\Administrator\Documents\FWD_matlab\Voyager_fu\Voyager_Interstellar_Monthly\HighestPrecision_Segments\V1_MAG48s_segment_1603_20150613T095218_20150613T174417.png,ok,
1,1604,2015-06-14 11:01:05,2015-06-14 17:38:41,6.62663972222222,492,47.521,240.191,7200,240,Z:\SPART-WORK\Data\Voyager\voyager1\mag\48s\reviewed_vim\2015\voyager1_48s_mag-vim_20150101_v01.cdf,C:\Users\Administrator\Documents\FWD_matlab\Voyager_fu\Voyager_Interstellar_Monthly\HighestPrecision_Segments\V1_MAG48s_segment_1604_20150614T110105_20150614T173841.png,ok,
1,1605,2015-06-15 02:00:17,2015-06-15 06:54:41,4.90656027777778,350,47.521,623.807000244141,7200,240,Z:\SPART-WORK\Data\Voyager\voyager1\mag\48s\reviewed_vim\2015\voyager1_48s_mag-vim_20150101_v01.cdf,C:\Users\Administrator\Documents\FWD_matlab\Voyager_fu\Voyager_Interstellar_Monthly\HighestPrecision_Segments\V1_MAG48s_segment_1605_20150615T020017_20150615T065441.png,ok,
1,1606,2015-06-15 09:15:29,2015-06-15 17:38:41,8.38655972222222,627,47.5209997558594,192.672999755859,7200,240,Z:\SPART-WORK\Data\Voyager\voyager1\mag\48s\reviewed_vim\2015\voyager1_48s_mag-vim_20150101_v01.cdf,C:\Users\Administrator\Documents\FWD_matlab\Voyager_fu\Voyager_Interstellar_Monthly\HighestPrecision_Segments\V1_MAG48s_segment_1606_20150615T091529_20150615T173841.png,ok,
1,1607,2015-06-16 08:38:41,2015-06-16 17:49:05,9.17352027777778,689,47.5209997558594,49.249,7200,240,Z:\SPART-WORK\Data\Voyager\voyager1\mag\48s\reviewed_vim\2015\voyager1_48s_mag-vim_20150101_v01.cdf,C:\Users\Administrator\Documents\FWD_matlab\Voyager_fu\Voyager_Interstellar_Monthly\HighestPrecision_Segments\V1_MAG48s_segment_1607_20150616T083841_20150616T174905.png,ok,
1,1608,2015-06-17 02:17:53,2015-06-17 04:23:29,2.09327972222222,156,47.521,144.289,7200,240,Z:\SPART-WORK\Data\Voyager\voyager1\mag\48s\reviewed_vim\2015\voyager1_48s_mag-vim_20150101_v01.cdf,C:\Users\Administrator\Documents\FWD_matlab\Voyager_fu\Voyager_Interstellar_Monthly\HighestPrecision_Segments\V1_MAG48s_segment_1608_20150617T021753_20150617T042329.png,ok,
1,1609,2015-06-17 08:33:53,2015-06-17 17:23:30,8.82696027770996,662,47.5209997558594,96.7689997558594,7200,240,Z:\SPART-WORK\Data\Voyager\voyager1\mag\48s\reviewed_vim\2015\voyager1_48s_mag-vim_20150101_v01.cdf,C:\Users\Administrator\Documents\FWD_matlab\Voyager_fu\Voyager_Interstellar_Monthly\HighestPrecision_Segments\V1_MAG48s_segment_1609_20150617T083353_20150617T172330.png,ok,
1,1610,2015-06-18 00:32:17,2015-06-18 05:29:04,4.9464,361,47.5209997558594,528.769,7200,240,Z:\SPART-WORK\Data\Voyager\voyager1\mag\48s\reviewed_vim\2015\voyager1_48s_mag-vim_20150101_v01.cdf,C:\Users\Administrator\Documents\FWD_matlab\Voyager_fu\Voyager_Interstellar_Monthly\HighestPrecision_Segments\V1_MAG48s_segment_1610_20150618T003217_20150618T052904.png,ok,
1,1611,2015-06-18 09:10:41,2015-06-18 17:24:17,8.22648027777778,615,47.5209997558594,143.423,7200,240,Z:\SPART-WORK\Data\Voyager\voyager1\mag\48s\reviewed_vim\2015\voyager1_48s_mag-vim_20150101_v01.cdf,C:\Users\Administrator\Documents\FWD_matlab\Voyager_fu\Voyager_Interstellar_Monthly\HighestPrecision_Segments\V1_MAG48s_segment_1611_20150618T091041_20150618T172417.png,ok,
1,1612,2015-06-19 09:33:05,2015-06-19 17:18:41,7.75992,583,47.5209997558594,49.249,7200,240,Z:\SPART-WORK\Data\Voyager\voyager1\mag\48s\reviewed_vim\2015\voyager1_48s_mag-vim_20150101_v01.cdf,C:\Users\Administrator\Documents\FWD_matlab\Voyager_fu\Voyager_Interstellar_Monthly\HighestPrecision_Segments\V1_MAG48s_segment_1612_20150619T093305_20150619T171841.png,ok,
1,1613,2015-06-20 08:17:53,2015-06-20 17:13:05,8.91984,669,47.5209997558594,95.039,7200,240,Z:\SPART-WORK\Data\Voyager\voyager1\mag\48s\reviewed_vim\2015\voyager1_48s_mag-vim_20150101_v01.cdf,C:\Users\Administrator\Documents\FWD_matlab\Voyager_fu\Voyager_Interstellar_Monthly\HighestPrecision_Segments\V1_MAG48s_segment_1613_20150620T081753_20150620T171305.png,ok,
1,1614,2015-06-20 23:26:41,2015-06-21 01:58:41,2.53343999993218,190,47.5209997558594,95.9049997558594,7200,240,Z:\SPART-WORK\Data\Voyager\voyager1\mag\48s\reviewed_vim\2015\voyager1_48s_mag-vim_20150101_v01.cdf,C:\Users\Administrator\Documents\FWD_matlab\Voyager_fu\Voyager_Interstellar_Monthly\HighestPrecision_Segments\V1_MAG48s_segment_1614_20150620T232641_20150621T015841.png,ok,
1,1615,2015-06-21 08:24:17,2015-06-21 17:13:54,8.82695972222222,662,47.5200002441406,96.7670002441406,7200,240,Z:\SPART-WORK\Data\Voyager\voyager1\mag\48s\reviewed_vim\2015\voyager1_48s_mag-vim_20150101_v01.cdf,C:\Users\Administrator\Documents\FWD_matlab\Voyager_fu\Voyager_Interstellar_Monthly\HighestPrecision_Segments\V1_MAG48s_segment_1615_20150621T082417_20150621T171354.png,ok,
1,1616,2015-06-22 13:15:29,2015-06-22 18:13:52,4.97304,373,47.5200002441406,95.904,7200,240,Z:\SPART-WORK\Data\Voyager\voyager1\mag\48s\reviewed_vim\2015\voyager1_48s_mag-vim_20150101_v01.cdf,C:\Users\Administrator\Documents\FWD_matlab\Voyager_fu\Voyager_Interstellar_Monthly\HighestPrecision_Segments\V1_MAG48s_segment_1616_20150622T131529_20150622T181352.png,ok,
1,1617,2015-06-23 00:09:53,2015-06-23 04:32:17,4.37327999993218,316,47.5200002441406,527.04,7200,240,Z:\SPART-WORK\Data\Voyager\voyager1\mag\48s\reviewed_vim\2015\voyager1_48s_mag-vim_20150101_v01.cdf,C:\Users\Administrator\Documents\FWD_matlab\Voyager_fu\Voyager_Interstellar_Monthly\HighestPrecision_Segments\V1_MAG48s_segment_1617_20150623T000953_20150623T043217.png,ok,
1,1618,2015-06-23 09:34:41,2015-06-23 17:04:18,7.49352,467,47.5200001220703,4079.807,7200,240,Z:\SPART-WORK\Data\Voyager\voyager1\mag\48s\reviewed_vim\2015\voyager1_48s_mag-vim_20150101_v01.cdf,C:\Users\Administrator\Documents\FWD_matlab\Voyager_fu\Voyager_Interstellar_Monthly\HighestPrecision_Segments\V1_MAG48s_segment_1618_20150623T093441_20150623T170418.png,ok,
1,1619,2015-06-24 13:28:17,2015-06-24 18:15:29,4.78680027777778,356,47.5209997558594,192.672,7200,240,Z:\SPART-WORK\Data\Voyager\voyager1\mag\48s\reviewed_vim\2015\voyager1_48s_mag-vim_20150101_v01.cdf,C:\Users\Administrator\Documents\FWD_matlab\Voyager_fu\Voyager_Interstellar_Monthly\HighestPrecision_Segments\V1_MAG48s_segment_1619_20150624T132817_20150624T181529.png,ok,
1,1620,2015-06-25 09:05:53,2015-06-25 16:57:52,7.86648027777778,590,47.5209997558594,95.905,7200,240,Z:\SPART-WORK\Data\Voyager\voyager1\mag\48s\reviewed_vim\2015\voyager1_48s_mag-vim_20150101_v01.cdf,C:\Users\Administrator\Documents\FWD_matlab\Voyager_fu\Voyager_Interstellar_Monthly\HighestPrecision_Segments\V1_MAG48s_segment_1620_20150625T090553_20150625T165752.png,ok,
1,1621,2015-06-26 06:33:53,2015-06-26 16:37:53,10.0665602777778,705,47.5209997558594,2304.288,7200,240,Z:\SPART-WORK\Data\Voyager\voyager1\mag\48s\reviewed_vim\2015\voyager1_48s_mag-vim_20150101_v01.cdf,C:\Users\Administrator\Documents\FWD_matlab\Voyager_fu\Voyager_Interstellar_Monthly\HighestPrecision_Segments\V1_MAG48s_segment_1621_20150626T063353_20150626T163753.png,ok,
1,1622,2015-06-27 08:03:28,2015-06-27 12:07:29,4.06680027777778,306,47.5200002441406,49.249,7200,240,Z:\SPART-WORK\Data\Voyager\voyager1\mag\48s\reviewed_vim\2015\voyager1_48s_mag-vim_20150101_v01.cdf,C:\Users\Administrator\Documents\FWD_matlab\Voyager_fu\Voyager_Interstellar_Monthly\HighestPrecision_Segments\V1_MAG48s_segment_1622_20150627T080328_20150627T120729.png,ok,
1,1623,2015-06-28 07:47:29,2015-06-28 15:42:41,7.92000027777778,593,47.5200002441406,143.424999755859,7200,240,Z:\SPART-WORK\Data\Voyager\voyager1\mag\48s\reviewed_vim\2015\voyager1_48s_mag-vim_20150101_v01.cdf,C:\Users\Administrator\Documents\FWD_matlab\Voyager_fu\Voyager_Interstellar_Monthly\HighestPrecision_Segments\V1_MAG48s_segment_1623_20150628T074729_20150628T154241.png,ok,
1,1624,2015-06-29 08:27:29,2015-06-29 15:32:17,7.08000027777778,529,47.5200002441406,192.672,7200,240,Z:\SPART-WORK\Data\Voyager\voyager1\mag\48s\reviewed_vim\2015\voyager1_48s_mag-vim_20150101_v01.cdf,C:\Users\Administrator\Documents\FWD_matlab\Voyager_fu\Voyager_Interstellar_Monthly\HighestPrecision_Segments\V1_MAG48s_segment_1624_20150629T082729_20150629T153217.png,ok,
1,1625,2015-06-30 10:03:30,2015-06-30 16:02:40,5.98632027777778,424,47.5200002441406,576.287,7200,240,Z:\SPART-WORK\Data\Voyager\voyager1\mag\48s\reviewed_vim\2015\voyager1_48s_mag-vim_20150101_v01.cdf,C:\Users\Administrator\Documents\FWD_matlab\Voyager_fu\Voyager_Interstellar_Monthly\HighestPrecision_Segments\V1_MAG48s_segment_1625_20150630T100330_20150630T160240.png,ok,
1,1626,2015-06-30 22:51:29,2015-07-01 03:31:27,4.66632027770996,350,47.52,96.7689997558594,7200,240,Z:\SPART-WORK\Data\Voyager\voyager1\mag\48s\reviewed_vim\2015\voyager1_48s_mag-vim_20150101_v01.cdf,C:\Users\Administrator\Documents\FWD_matlab\Voyager_fu\Voyager_Interstellar_Monthly\HighestPrecision_Segments\V1_MAG48s_segment_1626_20150630T225129_20150701T033127.png,ok,
1,1627,2015-07-01 08:08:16,2015-07-01 16:31:28,8.38656027770996,616,47.52,528.769,7200,240,Z:\SPART-WORK\Data\Voyager\voyager1\mag\48s\reviewed_vim\2015\voyager1_48s_mag-vim_20150101_v01.cdf,C:\Users\Administrator\Documents\FWD_matlab\Voyager_fu\Voyager_Interstellar_Monthly\HighestPrecision_Segments\V1_MAG48s_segment_1627_20150701T080816_20150701T163128.png,ok,
1,1628,2015-07-02 01:47:28,2015-07-02 03:36:16,1.81344,134,47.5200002441406,192.671999755859,7200,240,Z:\SPART-WORK\Data\Voyager\voyager1\mag\48s\reviewed_vim\2015\voyager1_48s_mag-vim_20150101_v01.cdf,C:\Users\Administrator\Documents\FWD_matlab\Voyager_fu\Voyager_Interstellar_Monthly\HighestPrecision_Segments\V1_MAG48s_segment_1628_20150702T014728_20150702T033616.png,ok,
1,1629,2015-07-02 08:06:40,2015-07-02 17:32:15,9.42647972229004,605,47.5200002441406,1199.232,7200,240,Z:\SPART-WORK\Data\Voyager\voyager1\mag\48s\reviewed_vim\2015\voyager1_48s_mag-vim_20150101_v01.cdf,C:\Users\Administrator\Documents\FWD_matlab\Voyager_fu\Voyager_Interstellar_Monthly\HighestPrecision_Segments\V1_MAG48s_segment_1629_20150702T080640_20150702T173215.png,ok,
1,1630,2015-07-03 07:52:16,2015-07-03 16:21:51,8.49312,599,47.5200002441406,576.289,7200,240,Z:\SPART-WORK\Data\Voyager\voyager1\mag\48s\reviewed_vim\2015\voyager1_48s_mag-vim_20150101_v01.cdf,C:\Users\Administrator\Documents\FWD_matlab\Voyager_fu\Voyager_Interstellar_Monthly\HighestPrecision_Segments\V1_MAG48s_segment_1630_20150703T075216_20150703T162151.png,ok,
1,1631,2015-07-04 08:05:03,2015-07-04 14:50:40,6.76032000006782,472,47.5209997558594,623.807,7200,240,Z:\SPART-WORK\Data\Voyager\voyager1\mag\48s\reviewed_vim\2015\voyager1_48s_mag-vim_20150101_v01.cdf,C:\Users\Administrator\Documents\FWD_matlab\Voyager_fu\Voyager_Interstellar_Monthly\HighestPrecision_Segments\V1_MAG48s_segment_1631_20150704T080503_20150704T145040.png,ok,
1,1632,2015-07-05 10:01:52,2015-07-05 15:31:27,5.49312027777778,411,47.5209997558594,145.151,7200,240,Z:\SPART-WORK\Data\Voyager\voyager1\mag\48s\reviewed_vim\2015\voyager1_48s_mag-vim_20150101_v01.cdf,C:\Users\Administrator\Documents\FWD_matlab\Voyager_fu\Voyager_Interstellar_Monthly\HighestPrecision_Segments\V1_MAG48s_segment_1632_20150705T100152_20150705T153127.png,ok,
1,1633,2015-07-06 14:33:52,2015-07-06 17:26:39,2.87976,215,47.5209997558594,145.153,7200,240,Z:\SPART-WORK\Data\Voyager\voyager1\mag\48s\reviewed_vim\2015\voyager1_48s_mag-vim_20150101_v01.cdf,C:\Users\Administrator\Documents\FWD_matlab\Voyager_fu\Voyager_Interstellar_Monthly\HighestPrecision_Segments\V1_MAG48s_segment_1633_20150706T143352_20150706T172639.png,ok,
1,1634,2015-07-07 00:22:40,2015-07-07 03:05:51,2.71968027777778,205,47.5209997558594,49.249,7200,240,Z:\SPART-WORK\Data\Voyager\voyager1\mag\48s\reviewed_vim\2015\voyager1_48s_mag-vim_20150101_v01.cdf,C:\Users\Administrator\Documents\FWD_matlab\Voyager_fu\Voyager_Interstellar_Monthly\HighestPrecision_Segments\V1_MAG48s_segment_1634_20150707T002240_20150707T030551.png,ok,
1,1635,2015-07-07 15:09:04,2015-07-07 17:28:16,2.32007972222222,173,47.5209997558594,145.153,7200,240,Z:\SPART-WORK\Data\Voyager\voyager1\mag\48s\reviewed_vim\2015\voyager1_48s_mag-vim_20150101_v01.cdf,C:\Users\Administrator\Documents\FWD_matlab\Voyager_fu\Voyager_Interstellar_Monthly\HighestPrecision_Segments\V1_MAG48s_segment_1635_20150707T150904_20150707T172816.png,ok,
1,1636,2015-07-07 22:25:52,2015-07-08 02:56:16,4.50672027770996,336,47.5209997558594,191.808,7200,240,Z:\SPART-WORK\Data\Voyager\voyager1\mag\48s\reviewed_vim\2015\voyager1_48s_mag-vim_20150101_v01.cdf,C:\Users\Administrator\Documents\FWD_matlab\Voyager_fu\Voyager_Interstellar_Monthly\HighestPrecision_Segments\V1_MAG48s_segment_1636_20150707T222552_20150708T025616.png,ok,
1,1637,2015-07-08 08:03:27,2015-07-08 16:01:03,7.95983999993218,598,47.5209997558594,49.249,7200,240,Z:\SPART-WORK\Data\Voyager\voyager1\mag\48s\reviewed_vim\2015\voyager1_48s_mag-vim_20150101_v01.cdf,C:\Users\Administrator\Documents\FWD_matlab\Voyager_fu\Voyager_Interstellar_Monthly\HighestPrecision_Segments\V1_MAG48s_segment_1637_20150708T080327_20150708T160103.png,ok,
1,1638,2015-07-09 15:10:41,2015-07-09 17:37:52,2.45304027770996,182,47.521,190.943000244141,7200,240,Z:\SPART-WORK\Data\Voyager\voyager1\mag\48s\reviewed_vim\2015\voyager1_48s_mag-vim_20150101_v01.cdf,C:\Users\Administrator\Documents\FWD_matlab\Voyager_fu\Voyager_Interstellar_Monthly\HighestPrecision_Segments\V1_MAG48s_segment_1638_20150709T151041_20150709T173752.png,ok,
1,1639,2015-07-09 22:27:28,2015-07-10 03:21:04,4.89312,368,47.521,49.249,7200,240,Z:\SPART-WORK\Data\Voyager\voyager1\mag\48s\reviewed_vim\2015\voyager1_48s_mag-vim_20150101_v01.cdf,C:\Users\Administrator\Documents\FWD_matlab\Voyager_fu\Voyager_Interstellar_Monthly\HighestPrecision_Segments\V1_MAG48s_segment_1639_20150709T222728_20150710T032104.png,ok,
1,1640,2015-07-10 10:14:39,2015-07-10 15:55:28,5.68032,427,47.521,49.249,7200,240,Z:\SPART-WORK\Data\Voyager\voyager1\mag\48s\reviewed_vim\2015\voyager1_48s_mag-vim_20150101_v01.cdf,C:\Users\Administrator\Documents\FWD_matlab\Voyager_fu\Voyager_Interstellar_Monthly\HighestPrecision_Segments\V1_MAG48s_segment_1640_20150710T101439_20150710T155528.png,ok,
1,1641,2015-07-11 05:21:52,2015-07-11 08:38:39,3.2796,246,47.521,95.903,7200,240,Z:\SPART-WORK\Data\Voyager\voyager1\mag\48s\reviewed_vim\2015\voyager1_48s_mag-vim_20150101_v01.cdf,C:\Users\Administrator\Documents\FWD_matlab\Voyager_fu\Voyager_Interstellar_Monthly\HighestPrecision_Segments\V1_MAG48s_segment_1641_20150711T052152_20150711T083839.png,ok,
1,1642,2015-07-11 13:12:16,2015-07-11 17:29:04,4.27992027777778,319,47.521,192.672000244141,7200,240,Z:\SPART-WORK\Data\Voyager\voyager1\mag\48s\reviewed_vim\2015\voyager1_48s_mag-vim_20150101_v01.cdf,C:\Users\Administrator\Documents\FWD_matlab\Voyager_fu\Voyager_Interstellar_Monthly\HighestPrecision_Segments\V1_MAG48s_segment_1642_20150711T131216_20150711T172904.png,ok,
1,1643,2015-07-12 15:20:16,2015-07-12 18:09:51,2.82647972222222,212,47.521,95.039,7200,240,Z:\SPART-WORK\Data\Voyager\voyager1\mag\48s\reviewed_vim\2015\voyager1_48s_mag-vim_20150101_v01.cdf,C:\Users\Administrator\Documents\FWD_matlab\Voyager_fu\Voyager_Interstellar_Monthly\HighestPrecision_Segments\V1_MAG48s_segment_1643_20150712T152016_20150712T180951.png,ok,
1,1644,2015-07-13 00:24:16,2015-07-13 05:25:03,5.01312,367,47.521,336.097,7200,240,Z:\SPART-WORK\Data\Voyager\voyager1\mag\48s\reviewed_vim\2015\voyager1_48s_mag-vim_20150101_v01.cdf,C:\Users\Administrator\Documents\FWD_matlab\Voyager_fu\Voyager_Interstellar_Monthly\HighestPrecision_Segments\V1_MAG48s_segment_1644_20150713T002416_20150713T052503.png,ok,
1,1645,2015-07-13 17:07:28,2015-07-13 20:32:15,3.41328000006782,252,47.521,192.672,7200,240,Z:\SPART-WORK\Data\Voyager\voyager1\mag\48s\reviewed_vim\2015\voyager1_48s_mag-vim_20150101_v01.cdf,C:\Users\Administrator\Documents\FWD_matlab\Voyager_fu\Voyager_Interstellar_Monthly\HighestPrecision_Segments\V1_MAG48s_segment_1645_20150713T170728_20150713T203215.png,ok,
1,1646,2015-07-14 08:59:28,2015-07-14 20:11:27,11.19984,823,47.521,622.943000244141,7200,240,Z:\SPART-WORK\Data\Voyager\voyager1\mag\48s\reviewed_vim\2015\voyager1_48s_mag-vim_20150101_v01.cdf,C:\Users\Administrator\Documents\FWD_matlab\Voyager_fu\Voyager_Interstellar_Monthly\HighestPrecision_Segments\V1_MAG48s_segment_1646_20150714T085928_20150714T201127.png,ok,
1,1647,2015-07-15 02:05:03,2015-07-15 06:15:27,4.17336000006782,314,47.521,49.249,7200,240,Z:\SPART-WORK\Data\Voyager\voyager1\mag\48s\reviewed_vim\2015\voyager1_48s_mag-vim_20150101_v01.cdf,C:\Users\Administrator\Documents\FWD_matlab\Voyager_fu\Voyager_Interstellar_Monthly\HighestPrecision_Segments\V1_MAG48s_segment_1647_20150715T020503_20150715T061527.png,ok,
1,1648,2015-07-15 11:53:51,2015-07-15 15:35:28,3.69336,278,47.521,49.249,7200,240,Z:\SPART-WORK\Data\Voyager\voyager1\mag\48s\reviewed_vim\2015\voyager1_48s_mag-vim_20150101_v01.cdf,C:\Users\Administrator\Documents\FWD_matlab\Voyager_fu\Voyager_Interstellar_Monthly\HighestPrecision_Segments\V1_MAG48s_segment_1648_20150715T115351_20150715T153528.png,ok,
1,1649,2015-07-16 01:45:52,2015-07-16 06:09:51,4.39991972222222,331,47.521,49.249,7200,240,Z:\SPART-WORK\Data\Voyager\voyager1\mag\48s\reviewed_vim\2015\voyager1_48s_mag-vim_20150101_v01.cdf,C:\Users\Administrator\Documents\FWD_matlab\Voyager_fu\Voyager_Interstellar_Monthly\HighestPrecision_Segments\V1_MAG48s_segment_1649_20150716T014552_20150716T060951.png,ok,
1,1650,2015-07-16 14:19:27,2015-07-16 19:45:52,5.44008027777778,312,47.521,4560.191,7200,240,Z:\SPART-WORK\Data\Voyager\voyager1\mag\48s\reviewed_vim\2015\voyager1_48s_mag-vim_20150101_v01.cdf,C:\Users\Administrator\Documents\FWD_matlab\Voyager_fu\Voyager_Interstellar_Monthly\HighestPrecision_Segments\V1_MAG48s_segment_1650_20150716T141927_20150716T194552.png,ok,
1,1651,2015-07-17 02:14:40,2015-07-17 07:29:52,5.25335972222222,376,47.521,816.480999755859,7200,240,Z:\SPART-WORK\Data\Voyager\voyager1\mag\48s\reviewed_vim\2015\voyager1_48s_mag-vim_20150101_v01.cdf,C:\Users\Administrator\Documents\FWD_matlab\Voyager_fu\Voyager_Interstellar_Monthly\HighestPrecision_Segments\V1_MAG48s_segment_1651_20150717T021440_20150717T072952.png,ok,
1,1652,2015-07-17 14:24:16,2015-07-17 20:16:16,5.8668,434,47.521,289.44,7200,240,Z:\SPART-WORK\Data\Voyager\voyager1\mag\48s\reviewed_vim\2015\voyager1_48s_mag-vim_20150101_v01.cdf,C:\Users\Administrator\Documents\FWD_matlab\Voyager_fu\Voyager_Interstellar_Monthly\HighestPrecision_Segments\V1_MAG48s_segment_1652_20150717T142416_20150717T201616.png,ok,
1,1653,2015-07-18 08:32:15,2015-07-18 20:09:04,11.61336,781,47.521,4079.807,7200,240,Z:\SPART-WORK\Data\Voyager\voyager1\mag\48s\reviewed_vim\2015\voyager1_48s_mag-vim_20150101_v01.cdf,C:\Users\Administrator\Documents\FWD_matlab\Voyager_fu\Voyager_Interstellar_Monthly\HighestPrecision_Segments\V1_MAG48s_segment_1653_20150718T083215_20150718T200904.png,ok,
1,1654,2015-07-19 00:08:15,2015-07-19 03:07:28,2.98679972222222,224,47.521,95.903,7200,240,Z:\SPART-WORK\Data\Voyager\voyager1\mag\48s\reviewed_vim\2015\voyager1_48s_mag-vim_20150101_v01.cdf,C:\Users\Administrator\Documents\FWD_matlab\Voyager_fu\Voyager_Interstellar_Monthly\HighestPrecision_Segments\V1_MAG48s_segment_1654_20150719T000815_20150719T030728.png,ok,
1,1655,2015-07-19 08:24:16,2015-07-19 17:19:27,8.91984,599,47.521,1968.193,7200,240,Z:\SPART-WORK\Data\Voyager\voyager1\mag\48s\reviewed_vim\2015\voyager1_48s_mag-vim_20150101_v01.cdf,C:\Users\Administrator\Documents\FWD_matlab\Voyager_fu\Voyager_Interstellar_Monthly\HighestPrecision_Segments\V1_MAG48s_segment_1655_20150719T082416_20150719T171927.png,ok,
1,1656,2015-07-19 21:31:27,2015-07-20 01:34:39,4.05312,302,47.521,192.672,7200,240,Z:\SPART-WORK\Data\Voyager\voyager1\mag\48s\reviewed_vim\2015\voyager1_48s_mag-vim_20150101_v01.cdf,C:\Users\Administrator\Documents\FWD_matlab\Voyager_fu\Voyager_Interstellar_Monthly\HighestPrecision_Segments\V1_MAG48s_segment_1656_20150719T213127_20150720T013439.png,ok,
1,1657,2015-07-20 08:24:16,2015-07-20 13:20:15,4.93320000006782,368,47.521,191.808,7200,240,Z:\SPART-WORK\Data\Voyager\voyager1\mag\48s\reviewed_vim\2015\voyager1_48s_mag-vim_20150101_v01.cdf,C:\Users\Administrator\Documents\FWD_matlab\Voyager_fu\Voyager_Interstellar_Monthly\HighestPrecision_Segments\V1_MAG48s_segment_1657_20150720T082416_20150720T132015.png,ok,
1,1658,2015-07-21 01:41:04,2015-07-21 15:09:51,13.47984,821,47.521,4367.52,7200,240,Z:\SPART-WORK\Data\Voyager\voyager1\mag\48s\reviewed_vim\2015\voyager1_48s_mag-vim_20150101_v01.cdf,C:\Users\Administrator\Documents\FWD_matlab\Voyager_fu\Voyager_Interstellar_Monthly\HighestPrecision_Segments\V1_MAG48s_segment_1658_20150721T014104_20150721T150951.png,ok,
1,1659,2015-07-21 21:20:15,2015-07-21 23:59:28,2.65343972229004,198,47.521,95.903,7200,240,Z:\SPART-WORK\Data\Voyager\voyager1\mag\48s\reviewed_vim\2015\voyager1_48s_mag-vim_20150101_v01.cdf,C:\Users\Administrator\Documents\FWD_matlab\Voyager_fu\Voyager_Interstellar_Monthly\HighestPrecision_Segments\V1_MAG48s_segment_1659_20150721T212015_20150721T235928.png,ok,
1,1660,2015-07-22 13:29:52,2015-07-22 16:25:03,2.91984,218,47.521,145.151,7200,240,Z:\SPART-WORK\Data\Voyager\voyager1\mag\48s\reviewed_vim\2015\voyager1_48s_mag-vim_20150101_v01.cdf,C:\Users\Administrator\Documents\FWD_matlab\Voyager_fu\Voyager_Interstellar_Monthly\HighestPrecision_Segments\V1_MAG48s_segment_1660_20150722T132952_20150722T162503.png,ok,
1,1661,2015-07-22 21:15:27,2015-07-23 01:57:04,4.69343999993218,343,47.521,289.441,7200,240,Z:\SPART-WORK\Data\Voyager\voyager1\mag\48s\reviewed_vim\2015\voyager1_48s_mag-vim_20150101_v01.cdf,C:\Users\Administrator\Documents\FWD_matlab\Voyager_fu\Voyager_Interstellar_Monthly\HighestPrecision_Segments\V1_MAG48s_segment_1661_20150722T211527_20150723T015704.png,ok,
1,1662,2015-07-23 12:22:40,2015-07-23 18:25:04,6.03984027777778,452,47.521,143.423,7200,240,Z:\SPART-WORK\Data\Voyager\voyager1\mag\48s\reviewed_vim\2015\voyager1_48s_mag-vim_20150101_v01.cdf,C:\Users\Administrator\Documents\FWD_matlab\Voyager_fu\Voyager_Interstellar_Monthly\HighestPrecision_Segments\V1_MAG48s_segment_1662_20150723T122240_20150723T182504.png,ok,
1,1663,2015-07-24 04:30:39,2015-07-24 14:58:39,10.4666397222222,781,47.521,192.673,7200,240,Z:\SPART-WORK\Data\Voyager\voyager1\mag\48s\reviewed_vim\2015\voyager1_48s_mag-vim_20150101_v01.cdf,C:\Users\Administrator\Documents\FWD_matlab\Voyager_fu\Voyager_Interstellar_Monthly\HighestPrecision_Segments\V1_MAG48s_segment_1663_20150724T043039_20150724T145839.png,ok,
1,1664,2015-07-24 23:31:27,2015-07-25 04:04:16,4.54680027777778,331,47.521,336.960000244141,7200,240,Z:\SPART-WORK\Data\Voyager\voyager1\mag\48s\reviewed_vim\2015\voyager1_48s_mag-vim_20150101_v01.cdf,C:\Users\Administrator\Documents\FWD_matlab\Voyager_fu\Voyager_Interstellar_Monthly\HighestPrecision_Segments\V1_MAG48s_segment_1664_20150724T233127_20150725T040416.png,ok,
1,1665,2015-07-25 06:45:04,2015-07-25 14:55:28,8.17344,611,47.521,190.944,7200,240,Z:\SPART-WORK\Data\Voyager\voyager1\mag\48s\reviewed_vim\2015\voyager1_48s_mag-vim_20150101_v01.cdf,C:\Users\Administrator\Documents\FWD_matlab\Voyager_fu\Voyager_Interstellar_Monthly\HighestPrecision_Segments\V1_MAG48s_segment_1665_20150725T064504_20150725T145528.png,ok,
1,1666,2015-07-25 21:04:15,2015-07-25 23:43:28,2.65367972229004,191,47.521,336.095,7200,240,Z:\SPART-WORK\Data\Voyager\voyager1\mag\48s\reviewed_vim\2015\voyager1_48s_mag-vim_20150101_v01.cdf,C:\Users\Administrator\Documents\FWD_matlab\Voyager_fu\Voyager_Interstellar_Monthly\HighestPrecision_Segments\V1_MAG48s_segment_1666_20150725T210415_20150725T234328.png,ok,
1,1667,2015-07-26 09:21:51,2015-07-26 16:57:51,7.60008027777778,570,47.521,96.769,7200,240,Z:\SPART-WORK\Data\Voyager\voyager1\mag\48s\reviewed_vim\2015\voyager1_48s_mag-vim_20150101_v01.cdf,C:\Users\Administrator\Documents\FWD_matlab\Voyager_fu\Voyager_Interstellar_Monthly\HighestPrecision_Segments\V1_MAG48s_segment_1667_20150726T092151_20150726T165751.png,ok,
1,1668,2015-07-26 20:54:39,2015-07-27 01:15:28,4.34688027770996,325,47.521,143.425,7200,240,Z:\SPART-WORK\Data\Voyager\voyager1\mag\48s\reviewed_vim\2015\voyager1_48s_mag-vim_20150101_v01.cdf,C:\Users\Administrator\Documents\FWD_matlab\Voyager_fu\Voyager_Interstellar_Monthly\HighestPrecision_Segments\V1_MAG48s_segment_1668_20150726T205439_20150727T011528.png,ok,
1,1669,2015-07-27 05:46:39,2015-07-27 14:43:27,8.94647999993218,672,47.521,49.249,7200,240,Z:\SPART-WORK\Data\Voyager\voyager1\mag\48s\reviewed_vim\2015\voyager1_48s_mag-vim_20150101_v01.cdf,C:\Users\Administrator\Documents\FWD_matlab\Voyager_fu\Voyager_Interstellar_Monthly\HighestPrecision_Segments\V1_MAG48s_segment_1669_20150727T054639_20150727T144327.png,ok,
1,1670,2015-07-27 20:49:52,2015-07-27 21:11:28,0.36,27,47.521,95.9030002441406,7200,240,Z:\SPART-WORK\Data\Voyager\voyager1\mag\48s\reviewed_vim\2015\voyager1_48s_mag-vim_20150101_v01.cdf,C:\Users\Administrator\Documents\FWD_matlab\Voyager_fu\Voyager_Interstellar_Monthly\HighestPrecision_Segments\V1_MAG48s_segment_1670_20150727T204952_20150727T211128.png,ok,
1,1671,2015-07-28 00:00:15,2015-07-28 00:28:15,0.46656,36,47.521,49.249,7200,240,Z:\SPART-WORK\Data\Voyager\voyager1\mag\48s\reviewed_vim\2015\voyager1_48s_mag-vim_20150101_v01.cdf,C:\Users\Administrator\Documents\FWD_matlab\Voyager_fu\Voyager_Interstellar_Monthly\HighestPrecision_Segments\V1_MAG48s_segment_1671_20150728T000015_20150728T002815.png,ok,
1,1672,2015-07-28 09:57:04,2015-07-28 10:17:03,0.333119999932183,25,47.521,95.904,7200,240,Z:\SPART-WORK\Data\Voyager\voyager1\mag\48s\reviewed_vim\2015\voyager1_48s_mag-vim_20150101_v01.cdf,C:\Users\Administrator\Documents\FWD_matlab\Voyager_fu\Voyager_Interstellar_Monthly\HighestPrecision_Segments\V1_MAG48s_segment_1672_20150728T095704_20150728T101703.png,ok,
1,1673,2015-07-28 14:46:39,2015-07-28 16:22:39,1.59984027770996,121,47.521,49.249,7200,240,Z:\SPART-WORK\Data\Voyager\voyager1\mag\48s\reviewed_vim\2015\voyager1_48s_mag-vim_20150101_v01.cdf,C:\Users\Administrator\Documents\FWD_matlab\Voyager_fu\Voyager_Interstellar_Monthly\HighestPrecision_Segments\V1_MAG48s_segment_1673_20150728T144639_20150728T162239.png,ok,
1,1674,2015-07-29 10:57:51,2015-07-29 12:16:15,1.30656,96,47.521,192.672,7200,240,Z:\SPART-WORK\Data\Voyager\voyager1\mag\48s\reviewed_vim\2015\voyager1_48s_mag-vim_20150101_v01.cdf,C:\Users\Administrator\Documents\FWD_matlab\Voyager_fu\Voyager_Interstellar_Monthly\HighestPrecision_Segments\V1_MAG48s_segment_1674_20150729T105751_20150729T121615.png,ok,
1,1675,2015-07-29 16:48:15,2015-07-29 20:57:03,4.14672027777778,312,47.521,49.249,7200,240,Z:\SPART-WORK\Data\Voyager\voyager1\mag\48s\reviewed_vim\2015\voyager1_48s_mag-vim_20150101_v01.cdf,C:\Users\Administrator\Documents\FWD_matlab\Voyager_fu\Voyager_Interstellar_Monthly\HighestPrecision_Segments\V1_MAG48s_segment_1675_20150729T164815_20150729T205703.png,ok,
1,1676,2015-07-30 06:09:51,2015-07-30 11:52:16,5.70672027777778,328,47.521,4607.712,7200,240,Z:\SPART-WORK\Data\Voyager\voyager1\mag\48s\reviewed_vim\2015\voyager1_48s_mag-vim_20150101_v01.cdf,C:\Users\Administrator\Documents\FWD_matlab\Voyager_fu\Voyager_Interstellar_Monthly\HighestPrecision_Segments\V1_MAG48s_segment_1676_20150730T060951_20150730T115216.png,ok,
1,1677,2015-07-30 14:08:15,2015-07-30 15:48:16,1.66680027777778,126,47.521,49.249,7200,240,Z:\SPART-WORK\Data\Voyager\voyager1\mag\48s\reviewed_vim\2015\voyager1_48s_mag-vim_20150101_v01.cdf,C:\Users\Administrator\Documents\FWD_matlab\Voyager_fu\Voyager_Interstellar_Monthly\HighestPrecision_Segments\V1_MAG48s_segment_1677_20150730T140815_20150730T154816.png,ok,
1,1678,2015-07-31 04:16:15,2015-07-31 07:27:28,3.18696,238,47.521,144.289,7200,240,Z:\SPART-WORK\Data\Voyager\voyager1\mag\48s\reviewed_vim\2015\voyager1_48s_mag-vim_20150101_v01.cdf,C:\Users\Administrator\Documents\FWD_matlab\Voyager_fu\Voyager_Interstellar_Monthly\HighestPrecision_Segments\V1_MAG48s_segment_1678_20150731T041615_20150731T072728.png,ok,
1,1679,2015-07-31 12:24:15,2015-07-31 18:06:39,5.70647972222222,426,47.521,192.673,7200,240,Z:\SPART-WORK\Data\Voyager\voyager1\mag\48s\reviewed_vim\2015\voyager1_48s_mag-vim_20150101_v01.cdf,C:\Users\Administrator\Documents\FWD_matlab\Voyager_fu\Voyager_Interstellar_Monthly\HighestPrecision_Segments\V1_MAG48s_segment_1679_20150731T122415_20150731T180639.png,ok,
1,1680,2015-08-01 05:55:28,2015-08-01 11:13:04,5.29320027777778,395,47.521,143.423,7200,240,Z:\SPART-WORK\Data\Voyager\voyager1\mag\48s\reviewed_vim\2015\voyager1_48s_mag-vim_20150101_v01.cdf,C:\Users\Administrator\Documents\FWD_matlab\Voyager_fu\Voyager_Interstellar_Monthly\HighestPrecision_Segments\V1_MAG48s_segment_1680_20150801T055528_20150801T111304.png,ok,
1,1681,2015-08-02 01:57:04,2015-08-02 08:12:14,6.25296000006782,469,47.521,95.041,7200,240,Z:\SPART-WORK\Data\Voyager\voyager1\mag\48s\reviewed_vim\2015\voyager1_48s_mag-vim_20150101_v01.cdf,C:\Users\Administrator\Documents\FWD_matlab\Voyager_fu\Voyager_Interstellar_Monthly\HighestPrecision_Segments\V1_MAG48s_segment_1681_20150802T015704_20150802T081214.png,ok,
1,1682,2015-08-02 11:37:52,2015-08-02 15:36:15,3.9732,297,47.521,144.288,7200,240,Z:\SPART-WORK\Data\Voyager\voyager1\mag\48s\reviewed_vim\2015\voyager1_48s_mag-vim_20150101_v01.cdf,C:\Users\Administrator\Documents\FWD_matlab\Voyager_fu\Voyager_Interstellar_Monthly\HighestPrecision_Segments\V1_MAG48s_segment_1682_20150802T113752_20150802T153615.png,ok,
1,1683,2015-08-03 11:39:27,2015-08-03 11:53:51,0.240240277777778,16,47.521,191.807,7200,240,Z:\SPART-WORK\Data\Voyager\voyager1\mag\48s\reviewed_vim\2015\voyager1_48s_mag-vim_20150101_v01.cdf,C:\Users\Administrator\Documents\FWD_matlab\Voyager_fu\Voyager_Interstellar_Monthly\HighestPrecision_Segments\V1_MAG48s_segment_1683_20150803T113927_20150803T115351.png,ok,
1,1684,2015-08-03 15:09:51,2015-08-03 15:37:51,0.466560000067817,36,47.5209997558594,49.249,7200,240,Z:\SPART-WORK\Data\Voyager\voyager1\mag\48s\reviewed_vim\2015\voyager1_48s_mag-vim_20150101_v01.cdf,C:\Users\Administrator\Documents\FWD_matlab\Voyager_fu\Voyager_Interstellar_Monthly\HighestPrecision_Segments\V1_MAG48s_segment_1684_20150803T150951_20150803T153751.png,ok,
1,1685,2015-08-04 13:05:51,2015-08-04 15:05:51,2.00016027777778,148,47.521,192.672,7200,240,Z:\SPART-WORK\Data\Voyager\voyager1\mag\48s\reviewed_vim\2015\voyager1_48s_mag-vim_20150101_v01.cdf,C:\Users\Administrator\Documents\FWD_matlab\Voyager_fu\Voyager_Interstellar_Monthly\HighestPrecision_Segments\V1_MAG48s_segment_1685_20150804T130551_20150804T150551.png,ok,
1,1686,2015-08-04 17:29:50,2015-08-04 18:12:15,0.7068,54,47.521,49.249,7200,240,Z:\SPART-WORK\Data\Voyager\voyager1\mag\48s\reviewed_vim\2015\voyager1_48s_mag-vim_20150101_v01.cdf,C:\Users\Administrator\Documents\FWD_matlab\Voyager_fu\Voyager_Interstellar_Monthly\HighestPrecision_Segments\V1_MAG48s_segment_1686_20150804T172950_20150804T181215.png,ok,
1,1687,2015-08-05 04:24:16,2015-08-05 06:37:03,2.21328027777778,166,47.521,95.9040002441406,7200,240,Z:\SPART-WORK\Data\Voyager\voyager1\mag\48s\reviewed_vim\2015\voyager1_48s_mag-vim_20150101_v01.cdf,C:\Users\Administrator\Documents\FWD_matlab\Voyager_fu\Voyager_Interstellar_Monthly\HighestPrecision_Segments\V1_MAG48s_segment_1687_20150805T042416_20150805T063703.png,ok,
1,1688,2015-08-05 10:21:03,2015-08-05 15:08:15,4.78680027770996,358,47.521,144.288,7200,240,Z:\SPART-WORK\Data\Voyager\voyager1\mag\48s\reviewed_vim\2015\voyager1_48s_mag-vim_20150101_v01.cdf,C:\Users\Administrator\Documents\FWD_matlab\Voyager_fu\Voyager_Interstellar_Monthly\HighestPrecision_Segments\V1_MAG48s_segment_1688_20150805T102103_20150805T150815.png,ok,
1,1689,2015-08-06 09:13:52,2015-08-06 14:01:04,4.78680027770996,358,47.5209997558594,143.425,7200,240,Z:\SPART-WORK\Data\Voyager\voyager1\mag\48s\reviewed_vim\2015\voyager1_48s_mag-vim_20150101_v01.cdf,C:\Users\Administrator\Documents\FWD_matlab\Voyager_fu\Voyager_Interstellar_Monthly\HighestPrecision_Segments\V1_MAG48s_segment_1689_20150806T091352_20150806T140104.png,ok,
1,1690,2015-08-07 06:08:15,2015-08-07 06:57:04,0.813359722290039,62,47.5209997558594,49.249,7200,240,Z:\SPART-WORK\Data\Voyager\voyager1\mag\48s\reviewed_vim\2015\voyager1_48s_mag-vim_20150101_v01.cdf,C:\Users\Administrator\Documents\FWD_matlab\Voyager_fu\Voyager_Interstellar_Monthly\HighestPrecision_Segments\V1_MAG48s_segment_1690_20150807T060815_20150807T065704.png,ok,
1,1691,2015-08-07 12:38:38,2015-08-07 15:16:15,2.62680027770996,198,47.5209997558594,49.249,7200,240,Z:\SPART-WORK\Data\Voyager\voyager1\mag\48s\reviewed_vim\2015\voyager1_48s_mag-vim_20150101_v01.cdf,C:\Users\Administrator\Documents\FWD_matlab\Voyager_fu\Voyager_Interstellar_Monthly\HighestPrecision_Segments\V1_MAG48s_segment_1691_20150807T123838_20150807T151615.png,ok,
1,1692,2015-08-08 13:12:16,2015-08-09 00:37:03,11.4132002777778,744,47.5209997558594,5424.192,7200,240,Z:\SPART-WORK\Data\Voyager\voyager1\mag\48s\reviewed_vim\2015\voyager1_48s_mag-vim_20150101_v01.cdf,C:\Users\Administrator\Documents\FWD_matlab\Voyager_fu\Voyager_Interstellar_Monthly\HighestPrecision_Segments\V1_MAG48s_segment_1692_20150808T131216_20150809T003703.png,ok,
1,1693,2015-08-09 03:58:39,2015-08-09 06:21:03,2.37312027770996,178,47.5209997558594,95.9049997558594,7200,240,Z:\SPART-WORK\Data\Voyager\voyager1\mag\48s\reviewed_vim\2015\voyager1_48s_mag-vim_20150101_v01.cdf,C:\Users\Administrator\Documents\FWD_matlab\Voyager_fu\Voyager_Interstellar_Monthly\HighestPrecision_Segments\V1_MAG48s_segment_1693_20150809T035839_20150809T062103.png,ok,
1,1694,2015-08-09 11:09:04,2015-08-09 15:06:39,3.95975999993218,296,47.5209997558594,143.423000244141,7200,240,Z:\SPART-WORK\Data\Voyager\voyager1\mag\48s\reviewed_vim\2015\voyager1_48s_mag-vim_20150101_v01.cdf,C:\Users\Administrator\Documents\FWD_matlab\Voyager_fu\Voyager_Interstellar_Monthly\HighestPrecision_Segments\V1_MAG48s_segment_1694_20150809T110904_20150809T150639.png,ok,
1,1695,2015-08-10 09:13:52,2015-08-10 13:45:52,4.53336027770996,341,47.5200002441406,49.249,7200,240,Z:\SPART-WORK\Data\Voyager\voyager1\mag\48s\reviewed_vim\2015\voyager1_48s_mag-vim_20150101_v01.cdf,C:\Users\Administrator\Documents\FWD_matlab\Voyager_fu\Voyager_Interstellar_Monthly\HighestPrecision_Segments\V1_MAG48s_segment_1695_20150810T091352_20150810T134552.png,ok,
1,1696,2015-08-11 07:34:39,2015-08-11 13:45:52,6.18696,465,47.52,49.249,7200,240,Z:\SPART-WORK\Data\Voyager\voyager1\mag\48s\reviewed_vim\2015\voyager1_48s_mag-vim_20150101_v01.cdf,C:\Users\Administrator\Documents\FWD_matlab\Voyager_fu\Voyager_Interstellar_Monthly\HighestPrecision_Segments\V1_MAG48s_segment_1696_20150811T073439_20150811T134552.png,ok,
1,1697,2015-08-12 00:00:15,2015-08-12 06:02:39,6.04007972222222,304,47.52,7152.19100024414,7200,240,Z:\SPART-WORK\Data\Voyager\voyager1\mag\48s\reviewed_vim\2015\voyager1_48s_mag-vim_20150101_v01.cdf,C:\Users\Administrator\Documents\FWD_matlab\Voyager_fu\Voyager_Interstellar_Monthly\HighestPrecision_Segments\V1_MAG48s_segment_1697_20150812T000015_20150812T060239.png,ok,
1,1698,2015-08-12 12:25:51,2015-08-12 13:23:26,0.959760277777778,71,47.52,145.153,7200,240,Z:\SPART-WORK\Data\Voyager\voyager1\mag\48s\reviewed_vim\2015\voyager1_48s_mag-vim_20150101_v01.cdf,C:\Users\Administrator\Documents\FWD_matlab\Voyager_fu\Voyager_Interstellar_Monthly\HighestPrecision_Segments\V1_MAG48s_segment_1698_20150812T122551_20150812T132326.png,ok,
1,1699,2015-08-13 08:54:39,2015-08-13 14:49:50,5.91984027770996,443,47.52,145.152999755859,7200,240,Z:\SPART-WORK\Data\Voyager\voyager1\mag\48s\reviewed_vim\2015\voyager1_48s_mag-vim_20150101_v01.cdf,C:\Users\Administrator\Documents\FWD_matlab\Voyager_fu\Voyager_Interstellar_Monthly\HighestPrecision_Segments\V1_MAG48s_segment_1699_20150813T085439_20150813T144950.png,ok,
1,1700,2015-08-14 04:38:39,2015-08-14 12:34:38,7.93319972222222,596,47.52,49.249,7200,240,Z:\SPART-WORK\Data\Voyager\voyager1\mag\48s\reviewed_vim\2015\voyager1_48s_mag-vim_20150101_v01.cdf,C:\Users\Administrator\Documents\FWD_matlab\Voyager_fu\Voyager_Interstellar_Monthly\HighestPrecision_Segments\V1_MAG48s_segment_1700_20150814T043839_20150814T123438.png,ok,
1,1701,2015-08-14 22:01:50,2015-08-15 05:09:51,7.13352027777778,534,47.52,143.423,7200,240,Z:\SPART-WORK\Data\Voyager\voyager1\mag\48s\reviewed_vim\2015\voyager1_48s_mag-vim_20150101_v01.cdf,C:\Users\Administrator\Documents\FWD_matlab\Voyager_fu\Voyager_Interstellar_Monthly\HighestPrecision_Segments\V1_MAG48s_segment_1701_20150814T220150_20150815T050951.png,ok,
1,1702,2015-08-15 08:59:27,2015-08-15 17:15:27,8.2668,618,47.52,192.672,7200,240,Z:\SPART-WORK\Data\Voyager\voyager1\mag\48s\reviewed_vim\2015\voyager1_48s_mag-vim_20150101_v01.cdf,C:\Users\Administrator\Documents\FWD_matlab\Voyager_fu\Voyager_Interstellar_Monthly\HighestPrecision_Segments\V1_MAG48s_segment_1702_20150815T085927_20150815T171527.png,ok,
1,1703,2015-08-16 10:53:03,2015-08-16 11:02:38,0.159840277777778,11,47.952,143.423,7200,240,Z:\SPART-WORK\Data\Voyager\voyager1\mag\48s\reviewed_vim\2015\voyager1_48s_mag-vim_20150101_v01.cdf,C:\Users\Administrator\Documents\FWD_matlab\Voyager_fu\Voyager_Interstellar_Monthly\HighestPrecision_Segments\V1_MAG48s_segment_1703_20150816T105303_20150816T110238.png,ok,
1,1704,2015-08-16 13:07:26,2015-08-16 13:24:16,0.280319722222222,22,47.52,49.249,7200,240,Z:\SPART-WORK\Data\Voyager\voyager1\mag\48s\reviewed_vim\2015\voyager1_48s_mag-vim_20150101_v01.cdf,C:\Users\Administrator\Documents\FWD_matlab\Voyager_fu\Voyager_Interstellar_Monthly\HighestPrecision_Segments\V1_MAG48s_segment_1704_20150816T130726_20150816T132416.png,ok,
1,1705,2015-08-16 19:39:26,2015-08-16 23:44:15,4.08023972222222,304,47.52,191.808,7200,240,Z:\SPART-WORK\Data\Voyager\voyager1\mag\48s\reviewed_vim\2015\voyager1_48s_mag-vim_20150101_v01.cdf,C:\Users\Administrator\Documents\FWD_matlab\Voyager_fu\Voyager_Interstellar_Monthly\HighestPrecision_Segments\V1_MAG48s_segment_1705_20150816T193926_20150816T234415.png,ok,
1,1706,2015-08-17 10:06:40,2015-08-17 14:25:03,4.30656,318,47.52,192.672,7200,240,Z:\SPART-WORK\Data\Voyager\voyager1\mag\48s\reviewed_vim\2015\voyager1_48s_mag-vim_20150101_v01.cdf,C:\Users\Administrator\Documents\FWD_matlab\Voyager_fu\Voyager_Interstellar_Monthly\HighestPrecision_Segments\V1_MAG48s_segment_1706_20150817T100640_20150817T142503.png,ok,
1,1707,2015-08-18 05:37:51,2015-08-18 13:15:27,7.62672,479,47.52,4080.671,7200,240,Z:\SPART-WORK\Data\Voyager\voyager1\mag\48s\reviewed_vim\2015\voyager1_48s_mag-vim_20150101_v01.cdf,C:\Users\Administrator\Documents\FWD_matlab\Voyager_fu\Voyager_Interstellar_Monthly\HighestPrecision_Segments\V1_MAG48s_segment_1707_20150818T053751_20150818T131527.png,ok,
1,1708,2015-08-19 12:05:03,2015-08-19 15:54:38,3.82655972222222,260,47.52,287.712,7200,240,Z:\SPART-WORK\Data\Voyager\voyager1\mag\48s\reviewed_vim\2015\voyager1_48s_mag-vim_20150101_v01.cdf,C:\Users\Administrator\Documents\FWD_matlab\Voyager_fu\Voyager_Interstellar_Monthly\HighestPrecision_Segments\V1_MAG48s_segment_1708_20150819T120503_20150819T155438.png,ok,
1,1709,2015-08-20 05:49:03,2015-08-20 13:04:15,7.25328,543,47.52,145.152,7200,240,Z:\SPART-WORK\Data\Voyager\voyager1\mag\48s\reviewed_vim\2015\voyager1_48s_mag-vim_20150101_v01.cdf,C:\Users\Administrator\Documents\FWD_matlab\Voyager_fu\Voyager_Interstellar_Monthly\HighestPrecision_Segments\V1_MAG48s_segment_1709_20150820T054903_20150820T130415.png,ok,
1,1710,2015-08-21 09:49:03,2015-08-21 14:17:51,4.47984,337,47.52,49.249,7200,240,Z:\SPART-WORK\Data\Voyager\voyager1\mag\48s\reviewed_vim\2015\voyager1_48s_mag-vim_20150101_v01.cdf,C:\Users\Administrator\Documents\FWD_matlab\Voyager_fu\Voyager_Interstellar_Monthly\HighestPrecision_Segments\V1_MAG48s_segment_1710_20150821T094903_20150821T141751.png,ok,
1,1711,2015-08-22 07:28:15,2015-08-22 11:44:14,4.26647972222222,319,47.52,144.288999755859,7200,240,Z:\SPART-WORK\Data\Voyager\voyager1\mag\48s\reviewed_vim\2015\voyager1_48s_mag-vim_20150101_v01.cdf,C:\Users\Administrator\Documents\FWD_matlab\Voyager_fu\Voyager_Interstellar_Monthly\HighestPrecision_Segments\V1_MAG48s_segment_1711_20150822T072815_20150822T114414.png,ok,
1,1712,2015-08-23 19:05:51,2015-08-23 23:07:28,4.02696,303,47.52,49.249,7200,240,Z:\SPART-WORK\Data\Voyager\voyager1\mag\48s\reviewed_vim\2015\voyager1_48s_mag-vim_20150101_v01.cdf,C:\Users\Administrator\Documents\FWD_matlab\Voyager_fu\Voyager_Interstellar_Monthly\HighestPrecision_Segments\V1_MAG48s_segment_1712_20150823T190551_20150823T230728.png,ok,
1,1713,2015-08-24 19:01:03,2015-08-24 23:02:38,4.02648027777778,302,47.52,96.769,7200,240,Z:\SPART-WORK\Data\Voyager\voyager1\mag\48s\reviewed_vim\2015\voyager1_48s_mag-vim_20150101_v01.cdf,C:\Users\Administrator\Documents\FWD_matlab\Voyager_fu\Voyager_Interstellar_Monthly\HighestPrecision_Segments\V1_MAG48s_segment_1713_20150824T190103_20150824T230238.png,ok,
1,1714,2015-08-25 07:41:03,2015-08-25 12:42:39,5.02656,376,47.52,143.423,7200,240,Z:\SPART-WORK\Data\Voyager\voyager1\mag\48s\reviewed_vim\2015\voyager1_48s_mag-vim_20150101_v01.cdf,C:\Users\Administrator\Documents\FWD_matlab\Voyager_fu\Voyager_Interstellar_Monthly\HighestPrecision_Segments\V1_MAG48s_segment_1714_20150825T074103_20150825T124239.png,ok,
1,1715,2015-08-26 08:24:14,2015-08-26 12:42:39,4.3068,321,47.52,192.672,7200,240,Z:\SPART-WORK\Data\Voyager\voyager1\mag\48s\reviewed_vim\2015\voyager1_48s_mag-vim_20150101_v01.cdf,C:\Users\Administrator\Documents\FWD_matlab\Voyager_fu\Voyager_Interstellar_Monthly\HighestPrecision_Segments\V1_MAG48s_segment_1715_20150826T082414_20150826T124239.png,ok,
1,1716,2015-08-27 19:05:51,2015-08-27 23:23:27,4.29336,321,47.52,143.423,7200,240,Z:\SPART-WORK\Data\Voyager\voyager1\mag\48s\reviewed_vim\2015\voyager1_48s_mag-vim_20150101_v01.cdf,C:\Users\Administrator\Documents\FWD_matlab\Voyager_fu\Voyager_Interstellar_Monthly\HighestPrecision_Segments\V1_MAG48s_segment_1716_20150827T190551_20150827T232327.png,ok,
1,1717,2015-08-28 18:46:38,2015-08-28 23:21:51,4.58688027770996,343,47.52,143.423,7200,240,Z:\SPART-WORK\Data\Voyager\voyager1\mag\48s\reviewed_vim\2015\voyager1_48s_mag-vim_20150101_v01.cdf,C:\Users\Administrator\Documents\FWD_matlab\Voyager_fu\Voyager_Interstellar_Monthly\HighestPrecision_Segments\V1_MAG48s_segment_1717_20150828T184638_20150828T232151.png,ok,
1,1718,2015-08-29 02:21:03,2015-08-29 04:52:15,2.51999972222222,188,47.52,143.423,7200,240,Z:\SPART-WORK\Data\Voyager\voyager1\mag\48s\reviewed_vim\2015\voyager1_48s_mag-vim_20150101_v01.cdf,C:\Users\Administrator\Documents\FWD_matlab\Voyager_fu\Voyager_Interstellar_Monthly\HighestPrecision_Segments\V1_MAG48s_segment_1718_20150829T022103_20150829T045215.png,ok,
1,1719,2015-08-29 18:38:38,2015-08-29 22:42:39,4.06680027770996,266,47.52,1824.768,7200,240,Z:\SPART-WORK\Data\Voyager\voyager1\mag\48s\reviewed_vim\2015\voyager1_48s_mag-vim_20150101_v01.cdf,C:\Users\Administrator\Documents\FWD_matlab\Voyager_fu\Voyager_Interstellar_Monthly\HighestPrecision_Segments\V1_MAG48s_segment_1719_20150829T183838_20150829T224239.png,ok,
1,1720,2015-08-30 18:41:51,2015-08-30 22:42:39,4.01328027777778,283,47.52,431.135,7200,240,Z:\SPART-WORK\Data\Voyager\voyager1\mag\48s\reviewed_vim\2015\voyager1_48s_mag-vim_20150101_v01.cdf,C:\Users\Administrator\Documents\FWD_matlab\Voyager_fu\Voyager_Interstellar_Monthly\HighestPrecision_Segments\V1_MAG48s_segment_1720_20150830T184151_20150830T224239.png,ok,
1,1721,2015-08-31 03:53:51,2015-08-31 08:06:38,4.21320027777778,317,47.52,49.249,7200,240,Z:\SPART-WORK\Data\Voyager\voyager1\mag\48s\reviewed_vim\2015\voyager1_48s_mag-vim_20150101_v01.cdf,C:\Users\Administrator\Documents\FWD_matlab\Voyager_fu\Voyager_Interstellar_Monthly\HighestPrecision_Segments\V1_MAG48s_segment_1721_20150831T035351_20150831T080638.png,ok,
1,1722,2015-09-01 07:07:26,2015-09-01 12:16:15,5.1468,386,47.52,96.767,7200,240,Z:\SPART-WORK\Data\Voyager\voyager1\mag\48s\reviewed_vim\2015\voyager1_48s_mag-vim_20150101_v01.cdf,C:\Users\Administrator\Documents\FWD_matlab\Voyager_fu\Voyager_Interstellar_Monthly\HighestPrecision_Segments\V1_MAG48s_segment_1722_20150901T070726_20150901T121615.png,ok,
1,1723,2015-09-02 21:17:02,2015-09-03 01:06:40,3.82704,288,47.52,49.249,7200,240,Z:\SPART-WORK\Data\Voyager\voyager1\mag\48s\reviewed_vim\2015\voyager1_48s_mag-vim_20150101_v01.cdf,C:\Users\Administrator\Documents\FWD_matlab\Voyager_fu\Voyager_Interstellar_Monthly\HighestPrecision_Segments\V1_MAG48s_segment_1723_20150902T211702_20150903T010640.png,ok,
1,1724,2015-09-03 06:43:27,2015-09-03 12:10:39,5.45327972222222,409,47.52,96.7670002441406,7200,240,Z:\SPART-WORK\Data\Voyager\voyager1\mag\48s\reviewed_vim\2015\voyager1_48s_mag-vim_20150101_v01.cdf,C:\Users\Administrator\Documents\FWD_matlab\Voyager_fu\Voyager_Interstellar_Monthly\HighestPrecision_Segments\V1_MAG48s_segment_1724_20150903T064327_20150903T121039.png,ok,
1,1725,2015-09-04 01:57:02,2015-09-04 06:16:15,4.32024027777778,324,47.52,96.769,7200,240,Z:\SPART-WORK\Data\Voyager\voyager1\mag\48s\reviewed_vim\2015\voyager1_48s_mag-vim_20150101_v01.cdf,C:\Users\Administrator\Documents\FWD_matlab\Voyager_fu\Voyager_Interstellar_Monthly\HighestPrecision_Segments\V1_MAG48s_segment_1725_20150904T015702_20150904T061615.png,ok,
1,1726,2015-09-04 18:18:38,2015-09-04 22:20:15,4.02672027777778,301,47.52,144.289,7200,240,Z:\SPART-WORK\Data\Voyager\voyager1\mag\48s\reviewed_vim\2015\voyager1_48s_mag-vim_20150101_v01.cdf,C:\Users\Administrator\Documents\FWD_matlab\Voyager_fu\Voyager_Interstellar_Monthly\HighestPrecision_Segments\V1_MAG48s_segment_1726_20150904T181838_20150904T222015.png,ok,
1,1727,2015-09-05 18:05:03,2015-09-05 22:15:27,4.17336,314,47.52,49.249,7200,240,Z:\SPART-WORK\Data\Voyager\voyager1\mag\48s\reviewed_vim\2015\voyager1_48s_mag-vim_20150101_v01.cdf,C:\Users\Administrator\Documents\FWD_matlab\Voyager_fu\Voyager_Interstellar_Monthly\HighestPrecision_Segments\V1_MAG48s_segment_1727_20150905T180503_20150905T221527.png,ok,
1,1728,2015-09-06 07:21:50,2015-09-06 11:57:03,4.58688027770996,343,47.52,144.287,7200,240,Z:\SPART-WORK\Data\Voyager\voyager1\mag\48s\reviewed_vim\2015\voyager1_48s_mag-vim_20150101_v01.cdf,C:\Users\Administrator\Documents\FWD_matlab\Voyager_fu\Voyager_Interstellar_Monthly\HighestPrecision_Segments\V1_MAG48s_segment_1728_20150906T072150_20150906T115703.png,ok,
1,1729,2015-09-07 04:25:51,2015-09-07 05:42:39,1.28016,95,47.52,143.423000244141,7200,240,Z:\SPART-WORK\Data\Voyager\voyager1\mag\48s\reviewed_vim\2015\voyager1_48s_mag-vim_20150101_v01.cdf,C:\Users\Administrator\Documents\FWD_matlab\Voyager_fu\Voyager_Interstellar_Monthly\HighestPrecision_Segments\V1_MAG48s_segment_1729_20150907T042551_20150907T054239.png,ok,
1,1730,2015-09-07 19:04:15,2015-09-07 19:43:26,0.65328,49,47.52,95.903,7200,240,Z:\SPART-WORK\Data\Voyager\voyager1\mag\48s\reviewed_vim\2015\voyager1_48s_mag-vim_20150101_v01.cdf,C:\Users\Administrator\Documents\FWD_matlab\Voyager_fu\Voyager_Interstellar_Monthly\HighestPrecision_Segments\V1_MAG48s_segment_1730_20150907T190415_20150907T194326.png,ok,
1,1731,2015-09-08 00:34:38,2015-09-08 01:55:26,1.34664027777778,102,47.52,49.249,7200,240,Z:\SPART-WORK\Data\Voyager\voyager1\mag\48s\reviewed_vim\2015\voyager1_48s_mag-vim_20150101_v01.cdf,C:\Users\Administrator\Documents\FWD_matlab\Voyager_fu\Voyager_Interstellar_Monthly\HighestPrecision_Segments\V1_MAG48s_segment_1731_20150908T003438_20150908T015526.png,ok,
1,1732,2015-09-08 05:25:02,2015-09-08 07:44:15,2.32032,172,47.52,191.808,7200,240,Z:\SPART-WORK\Data\Voyager\voyager1\mag\48s\reviewed_vim\2015\voyager1_48s_mag-vim_20150101_v01.cdf,C:\Users\Administrator\Documents\FWD_matlab\Voyager_fu\Voyager_Interstellar_Monthly\HighestPrecision_Segments\V1_MAG48s_segment_1732_20150908T052502_20150908T074415.png,ok,
1,1733,2015-09-09 00:34:38,2015-09-09 01:54:39,1.33344027777778,101,47.52,49.249,7200,240,Z:\SPART-WORK\Data\Voyager\voyager1\mag\48s\reviewed_vim\2015\voyager1_48s_mag-vim_20150101_v01.cdf,C:\Users\Administrator\Documents\FWD_matlab\Voyager_fu\Voyager_Interstellar_Monthly\HighestPrecision_Segments\V1_MAG48s_segment_1733_20150909T003438_20150909T015439.png,ok,
1,1734,2015-09-09 04:59:26,2015-09-09 06:13:02,1.22664,92,47.52,95.903,7200,240,Z:\SPART-WORK\Data\Voyager\voyager1\mag\48s\reviewed_vim\2015\voyager1_48s_mag-vim_20150101_v01.cdf,C:\Users\Administrator\Documents\FWD_matlab\Voyager_fu\Voyager_Interstellar_Monthly\HighestPrecision_Segments\V1_MAG48s_segment_1734_20150909T045926_20150909T061302.png,ok,
1,1735,2015-09-09 11:52:14,2015-09-09 13:01:03,1.14696,87,47.52,49.249,7200,240,Z:\SPART-WORK\Data\Voyager\voyager1\mag\48s\reviewed_vim\2015\voyager1_48s_mag-vim_20150101_v01.cdf,C:\Users\Administrator\Documents\FWD_matlab\Voyager_fu\Voyager_Interstellar_Monthly\HighestPrecision_Segments\V1_MAG48s_segment_1735_20150909T115214_20150909T130103.png,ok,
1,1736,2015-09-10 07:17:03,2015-09-10 12:56:14,5.65320027777778,331,47.52,4415.039,7200,240,Z:\SPART-WORK\Data\Voyager\voyager1\mag\48s\reviewed_vim\2015\voyager1_48s_mag-vim_20150101_v01.cdf,C:\Users\Administrator\Documents\FWD_matlab\Voyager_fu\Voyager_Interstellar_Monthly\HighestPrecision_Segments\V1_MAG48s_segment_1736_20150910T071703_20150910T125614.png,ok,
1,1737,2015-09-11 09:07:26,2015-09-11 12:54:38,3.78672,285,47.52,49.249,7200,240,Z:\SPART-WORK\Data\Voyager\voyager1\mag\48s\reviewed_vim\2015\voyager1_48s_mag-vim_20150101_v01.cdf,C:\Users\Administrator\Documents\FWD_matlab\Voyager_fu\Voyager_Interstellar_Monthly\HighestPrecision_Segments\V1_MAG48s_segment_1737_20150911T090726_20150911T125438.png,ok,
1,1738,2015-09-12 04:14:38,2015-09-12 06:16:15,2.02704027777778,150,47.52,192.672,7200,240,Z:\SPART-WORK\Data\Voyager\voyager1\mag\48s\reviewed_vim\2015\voyager1_48s_mag-vim_20150101_v01.cdf,C:\Users\Administrator\Documents\FWD_matlab\Voyager_fu\Voyager_Interstellar_Monthly\HighestPrecision_Segments\V1_MAG48s_segment_1738_20150912T041438_20150912T061615.png,ok,
1,1739,2015-09-12 22:45:02,2015-09-13 05:20:13,6.58632,491,47.5209997558594,190.943,7200,240,Z:\SPART-WORK\Data\Voyager\voyager1\mag\48s\reviewed_vim\2015\voyager1_48s_mag-vim_20150101_v01.cdf,C:\Users\Administrator\Documents\FWD_matlab\Voyager_fu\Voyager_Interstellar_Monthly\HighestPrecision_Segments\V1_MAG48s_segment_1739_20150912T224502_20150913T052013.png,ok,
1,1740,2015-09-14 04:16:14,2015-09-14 06:11:25,1.91951972222222,143,47.5209997558594,145.152999755859,7200,240,Z:\SPART-WORK\Data\Voyager\voyager1\mag\48s\reviewed_vim\2015\voyager1_48s_mag-vim_20150101_v01.cdf,C:\Users\Administrator\Documents\FWD_matlab\Voyager_fu\Voyager_Interstellar_Monthly\HighestPrecision_Segments\V1_MAG48s_segment_1740_20150914T041614_20150914T061125.png,ok,
1,1741,2015-09-14 11:53:03,2015-09-14 12:36:15,0.719999722222222,55,47.5209997558594,50.113,7200,240,Z:\SPART-WORK\Data\Voyager\voyager1\mag\48s\reviewed_vim\2015\voyager1_48s_mag-vim_20150101_v01.cdf,C:\Users\Administrator\Documents\FWD_matlab\Voyager_fu\Voyager_Interstellar_Monthly\HighestPrecision_Segments\V1_MAG48s_segment_1741_20150914T115303_20150914T123615.png,ok,
1,1742,2015-09-15 04:45:02,2015-09-15 11:19:26,6.57336,392,47.5209997558594,4078.944,7200,240,Z:\SPART-WORK\Data\Voyager\voyager1\mag\48s\reviewed_vim\2015\voyager1_48s_mag-vim_20150101_v01.cdf,C:\Users\Administrator\Documents\FWD_matlab\Voyager_fu\Voyager_Interstellar_Monthly\HighestPrecision_Segments\V1_MAG48s_segment_1742_20150915T044502_20150915T111926.png,ok,
1,1743,2015-09-16 07:10:37,2015-09-16 12:28:15,5.29392,392,47.5209997558594,192.672,7200,240,Z:\SPART-WORK\Data\Voyager\voyager1\mag\48s\reviewed_vim\2015\voyager1_48s_mag-vim_20150101_v01.cdf,C:\Users\Administrator\Documents\FWD_matlab\Voyager_fu\Voyager_Interstellar_Monthly\HighestPrecision_Segments\V1_MAG48s_segment_1743_20150916T071037_20150916T122815.png,ok,
1,1744,2015-09-17 03:31:25,2015-09-17 04:58:39,1.45392027777778,108,47.521,142.559000244141,7200,240,Z:\SPART-WORK\Data\Voyager\voyager1\mag\48s\reviewed_vim\2015\voyager1_48s_mag-vim_20150101_v01.cdf,C:\Users\Administrator\Documents\FWD_matlab\Voyager_fu\Voyager_Interstellar_Monthly\HighestPrecision_Segments\V1_MAG48s_segment_1744_20150917T033125_20150917T045839.png,ok,
1,1745,2015-09-17 17:26:38,2015-09-17 22:17:49,4.85304027770996,365,47.5209997558594,50.113,7200,240,Z:\SPART-WORK\Data\Voyager\voyager1\mag\48s\reviewed_vim\2015\voyager1_48s_mag-vim_20150101_v01.cdf,C:\Users\Administrator\Documents\FWD_matlab\Voyager_fu\Voyager_Interstellar_Monthly\HighestPrecision_Segments\V1_MAG48s_segment_1745_20150917T172638_20150917T221749.png,ok,
1,1746,2015-09-18 08:22:38,2015-09-18 13:57:49,5.58623972222222,418,47.5209997558594,145.153,7200,240,Z:\SPART-WORK\Data\Voyager\voyager1\mag\48s\reviewed_vim\2015\voyager1_48s_mag-vim_20150101_v01.cdf,C:\Users\Administrator\Documents\FWD_matlab\Voyager_fu\Voyager_Interstellar_Monthly\HighestPrecision_Segments\V1_MAG48s_segment_1746_20150918T082238_20150918T135749.png,ok,
1,1747,2015-09-19 11:05:51,2015-09-19 15:08:13,4.03944,302,47.5209997558594,142.561,7200,240,Z:\SPART-WORK\Data\Voyager\voyager1\mag\48s\reviewed_vim\2015\voyager1_48s_mag-vim_20150101_v01.cdf,C:\Users\Administrator\Documents\FWD_matlab\Voyager_fu\Voyager_Interstellar_Monthly\HighestPrecision_Segments\V1_MAG48s_segment_1747_20150919T110551_20150919T150813.png,ok,
1,1748,2015-09-20 05:44:13,2015-09-20 12:13:50,6.49368027777778,487,47.5209998779297,97.632,7200,240,Z:\SPART-WORK\Data\Voyager\voyager1\mag\48s\reviewed_vim\2015\voyager1_48s_mag-vim_20150101_v01.cdf,C:\Users\Administrator\Documents\FWD_matlab\Voyager_fu\Voyager_Interstellar_Monthly\HighestPrecision_Segments\V1_MAG48s_segment_1748_20150920T054413_20150920T121350.png,ok,
1,1749,2015-09-21 06:37:03,2015-09-21 10:53:01,4.26623972222222,321,47.5209997558594,50.113,7200,240,Z:\SPART-WORK\Data\Voyager\voyager1\mag\48s\reviewed_vim\2015\voyager1_48s_mag-vim_20150101_v01.cdf,C:\Users\Administrator\Documents\FWD_matlab\Voyager_fu\Voyager_Interstellar_Monthly\HighestPrecision_Segments\V1_MAG48s_segment_1749_20150921T063703_20150921T105301.png,ok,
1,1750,2015-09-21 18:06:38,2015-09-21 21:37:50,3.52007972222222,183,47.521,3841.345,7200,240,Z:\SPART-WORK\Data\Voyager\voyager1\mag\48s\reviewed_vim\2015\voyager1_48s_mag-vim_20150101_v01.cdf,C:\Users\Administrator\Documents\FWD_matlab\Voyager_fu\Voyager_Interstellar_Monthly\HighestPrecision_Segments\V1_MAG48s_segment_1750_20150921T180638_20150921T213750.png,ok,
1,1751,2015-09-22 06:41:49,2015-09-22 10:47:27,4.09367999993218,301,47.5209998779297,239.327999755859,7200,240,Z:\SPART-WORK\Data\Voyager\voyager1\mag\48s\reviewed_vim\2015\voyager1_48s_mag-vim_20150101_v01.cdf,C:\Users\Administrator\Documents\FWD_matlab\Voyager_fu\Voyager_Interstellar_Monthly\HighestPrecision_Segments\V1_MAG48s_segment_1751_20150922T064149_20150922T104727.png,ok,
1,1752,2015-09-23 06:24:15,2015-09-23 10:41:49,4.29264027777778,321,47.5209997558594,141.696,7200,240,Z:\SPART-WORK\Data\Voyager\voyager1\mag\48s\reviewed_vim\2015\voyager1_48s_mag-vim_20150101_v01.cdf,C:\Users\Administrator\Documents\FWD_matlab\Voyager_fu\Voyager_Interstellar_Monthly\HighestPrecision_Segments\V1_MAG48s_segment_1752_20150923T062415_20150923T104149.png,ok,
1,1753,2015-09-24 00:27:25,2015-09-24 03:02:38,2.58695972222222,192,47.5209997558594,192.672,7200,240,Z:\SPART-WORK\Data\Voyager\voyager1\mag\48s\reviewed_vim\2015\voyager1_48s_mag-vim_20150101_v01.cdf,C:\Users\Administrator\Documents\FWD_matlab\Voyager_fu\Voyager_Interstellar_Monthly\HighestPrecision_Segments\V1_MAG48s_segment_1753_20150924T002725_20150924T030238.png,ok,
1,1754,2015-09-24 17:05:48,2015-09-24 21:05:50,4.00055972222222,298,47.5209997558594,192.672,7200,240,Z:\SPART-WORK\Data\Voyager\voyager1\mag\48s\reviewed_vim\2015\voyager1_48s_mag-vim_20150101_v01.cdf,C:\Users\Administrator\Documents\FWD_matlab\Voyager_fu\Voyager_Interstellar_Monthly\HighestPrecision_Segments\V1_MAG48s_segment_1754_20150924T170548_20150924T210550.png,ok,
1,1755,2015-09-25 17:37:01,2015-09-25 21:31:25,3.90672,292,47.5209997558594,145.153,7200,240,Z:\SPART-WORK\Data\Voyager\voyager1\mag\48s\reviewed_vim\2015\voyager1_48s_mag-vim_20150101_v01.cdf,C:\Users\Administrator\Documents\FWD_matlab\Voyager_fu\Voyager_Interstellar_Monthly\HighestPrecision_Segments\V1_MAG48s_segment_1755_20150925T173701_20150925T213125.png,ok,
1,1756,2015-09-27 01:52:14,2015-09-27 06:13:02,4.34687972222222,325,47.5209997558594,145.153,7200,240,Z:\SPART-WORK\Data\Voyager\voyager1\mag\48s\reviewed_vim\2015\voyager1_48s_mag-vim_20150101_v01.cdf,C:\Users\Administrator\Documents\FWD_matlab\Voyager_fu\Voyager_Interstellar_Monthly\HighestPrecision_Segments\V1_MAG48s_segment_1756_20150927T015214_20150927T061302.png,ok,
1,1757,2015-09-27 16:57:49,2015-09-27 20:56:13,3.97344027777778,297,47.5209997558594,142.559000244141,7200,240,Z:\SPART-WORK\Data\Voyager\voyager1\mag\48s\reviewed_vim\2015\voyager1_48s_mag-vim_20150101_v01.cdf,C:\Users\Administrator\Documents\FWD_matlab\Voyager_fu\Voyager_Interstellar_Monthly\HighestPrecision_Segments\V1_MAG48s_segment_1757_20150927T165749_20150927T205613.png,ok,
1,1758,2015-09-28 11:02:38,2015-09-28 15:04:13,4.02623972222222,303,47.5209997558594,50.113,7200,240,Z:\SPART-WORK\Data\Voyager\voyager1\mag\48s\reviewed_vim\2015\voyager1_48s_mag-vim_20150101_v01.cdf,C:\Users\Administrator\Documents\FWD_matlab\Voyager_fu\Voyager_Interstellar_Monthly\HighestPrecision_Segments\V1_MAG48s_segment_1758_20150928T110238_20150928T150413.png,ok,
1,1759,2015-09-29 05:52:13,2015-09-29 11:36:13,5.73336027770996,419,47.5209997558594,385.344,7200,240,Z:\SPART-WORK\Data\Voyager\voyager1\mag\48s\reviewed_vim\2015\voyager1_48s_mag-vim_20150101_v01.cdf,C:\Users\Administrator\Documents\FWD_matlab\Voyager_fu\Voyager_Interstellar_Monthly\HighestPrecision_Segments\V1_MAG48s_segment_1759_20150929T055213_20150929T113613.png,ok,
1,1760,2015-09-30 06:51:25,2015-09-30 11:31:25,4.66680027770996,350,47.5209997558594,96.7689997558594,7200,240,Z:\SPART-WORK\Data\Voyager\voyager1\mag\48s\reviewed_vim\2015\voyager1_48s_mag-vim_20150101_v01.cdf,C:\Users\Administrator\Documents\FWD_matlab\Voyager_fu\Voyager_Interstellar_Monthly\HighestPrecision_Segments\V1_MAG48s_segment_1760_20150930T065125_20150930T113125.png,ok,
1,1761,2015-09-30 20:59:25,2015-09-30 23:00:14,2.01360027770996,151,47.5209997558594,97.6319997558594,7200,240,Z:\SPART-WORK\Data\Voyager\voyager1\mag\48s\reviewed_vim\2015\voyager1_48s_mag-vim_20150101_v01.cdf,C:\Users\Administrator\Documents\FWD_matlab\Voyager_fu\Voyager_Interstellar_Monthly\HighestPrecision_Segments\V1_MAG48s_segment_1761_20150930T205925_20150930T230014.png,ok,
1,1762,2015-10-01 06:41:49,2015-10-01 11:30:38,4.81343999993218,357,47.5209997558594,192.672,7200,240,Z:\SPART-WORK\Data\Voyager\voyager1\mag\48s\reviewed_vim\2015\voyager1_48s_mag-vim_20150101_v01.cdf,C:\Users\Administrator\Documents\FWD_matlab\Voyager_fu\Voyager_Interstellar_Monthly\HighestPrecision_Segments\V1_MAG48s_segment_1762_20151001T064149_20151001T113038.png,ok,
1,1763,2015-10-02 16:25:49,2015-10-02 20:35:26,4.16015999993218,313,47.5209997558594,50.113,7200,240,Z:\SPART-WORK\Data\Voyager\voyager1\mag\48s\reviewed_vim\2015\voyager1_48s_mag-vim_20150101_v01.cdf,C:\Users\Administrator\Documents\FWD_matlab\Voyager_fu\Voyager_Interstellar_Monthly\HighestPrecision_Segments\V1_MAG48s_segment_1763_20151002T162549_20151002T203526.png,ok,
1,1764,2015-10-04 00:56:14,2015-10-04 05:16:13,4.33296,272,47.5209997558594,2304.289,7200,240,Z:\SPART-WORK\Data\Voyager\voyager1\mag\48s\reviewed_vim\2015\voyager1_48s_mag-vim_20150101_v01.cdf,C:\Users\Administrator\Documents\FWD_matlab\Voyager_fu\Voyager_Interstellar_Monthly\HighestPrecision_Segments\V1_MAG48s_segment_1764_20151004T005614_20151004T051613.png,ok,
1,1765,2015-10-04 16:48:13,2015-10-04 20:44:13,3.93312,295,47.5209997558594,97.632,7200,240,Z:\SPART-WORK\Data\Voyager\voyager1\mag\48s\reviewed_vim\2015\voyager1_48s_mag-vim_20150101_v01.cdf,C:\Users\Administrator\Documents\FWD_matlab\Voyager_fu\Voyager_Interstellar_Monthly\HighestPrecision_Segments\V1_MAG48s_segment_1765_20151004T164813_20151004T204413.png,ok,
1,1766,2015-10-05 18:17:50,2015-10-05 22:14:37,3.94632027770996,297,47.5209997558594,50.113,7200,240,Z:\SPART-WORK\Data\Voyager\voyager1\mag\48s\reviewed_vim\2015\voyager1_48s_mag-vim_20150101_v01.cdf,C:\Users\Administrator\Documents\FWD_matlab\Voyager_fu\Voyager_Interstellar_Monthly\HighestPrecision_Segments\V1_MAG48s_segment_1766_20151005T181750_20151005T221437.png,ok,
1,1767,2015-10-06 06:16:12,2015-10-06 11:10:39,4.90728027770996,275,47.5209997558594,3983.904,7200,240,Z:\SPART-WORK\Data\Voyager\voyager1\mag\48s\reviewed_vim\2015\voyager1_48s_mag-vim_20150101_v01.cdf,C:\Users\Administrator\Documents\FWD_matlab\Voyager_fu\Voyager_Interstellar_Monthly\HighestPrecision_Segments\V1_MAG48s_segment_1767_20151006T061612_20151006T111039.png,ok,
1,1768,2015-10-07 05:53:51,2015-10-07 11:05:01,5.18616,385,47.5209997558594,191.809,7200,240,Z:\SPART-WORK\Data\Voyager\voyager1\mag\48s\reviewed_vim\2015\voyager1_48s_mag-vim_20150101_v01.cdf,C:\Users\Administrator\Documents\FWD_matlab\Voyager_fu\Voyager_Interstellar_Monthly\HighestPrecision_Segments\V1_MAG48s_segment_1768_20151007T055351_20151007T110501.png,ok,
1,1769,2015-10-08 06:41:49,2015-10-08 10:54:36,4.21295999993218,313,47.5209997558594,192.672,7200,240,Z:\SPART-WORK\Data\Voyager\voyager1\mag\48s\reviewed_vim\2015\voyager1_48s_mag-vim_20150101_v01.cdf,C:\Users\Administrator\Documents\FWD_matlab\Voyager_fu\Voyager_Interstellar_Monthly\HighestPrecision_Segments\V1_MAG48s_segment_1769_20151008T064149_20151008T105436.png,ok,
1,1770,2015-10-08 23:20:13,2015-10-09 09:29:02,10.1469602777778,622,47.5209997558594,6623.424,7200,240,Z:\SPART-WORK\Data\Voyager\voyager1\mag\48s\reviewed_vim\2015\voyager1_48s_mag-vim_20150101_v01.cdf,C:\Users\Administrator\Documents\FWD_matlab\Voyager_fu\Voyager_Interstellar_Monthly\HighestPrecision_Segments\V1_MAG48s_segment_1770_20151008T232013_20151009T092902.png,ok,
1,1771,2015-10-10 05:10:39,2015-10-10 09:25:03,4.24008,317,47.5209997558594,142.561,7200,240,Z:\SPART-WORK\Data\Voyager\voyager1\mag\48s\reviewed_vim\2015\voyager1_48s_mag-vim_20150101_v01.cdf,C:\Users\Administrator\Documents\FWD_matlab\Voyager_fu\Voyager_Interstellar_Monthly\HighestPrecision_Segments\V1_MAG48s_segment_1771_20151010T051039_20151010T092503.png,ok,
1,1772,2015-10-11 05:57:00,2015-10-11 10:49:01,4.86696,363,47.5209997558594,192.672,7200,240,Z:\SPART-WORK\Data\Voyager\voyager1\mag\48s\reviewed_vim\2015\voyager1_48s_mag-vim_20150101_v01.cdf,C:\Users\Administrator\Documents\FWD_matlab\Voyager_fu\Voyager_Interstellar_Monthly\HighestPrecision_Segments\V1_MAG48s_segment_1772_20151011T055700_20151011T104901.png,ok,
1,1773,2015-10-11 17:18:38,2015-10-11 22:53:49,5.58624027777778,417,47.5209997558594,192.672,7200,240,Z:\SPART-WORK\Data\Voyager\voyager1\mag\48s\reviewed_vim\2015\voyager1_48s_mag-vim_20150101_v01.cdf,C:\Users\Administrator\Documents\FWD_matlab\Voyager_fu\Voyager_Interstellar_Monthly\HighestPrecision_Segments\V1_MAG48s_segment_1773_20151011T171838_20151011T225349.png,ok,
1,1774,2015-10-12 05:52:13,2015-10-12 10:45:02,4.88016027770996,365,47.5209997558594,145.151,7200,240,Z:\SPART-WORK\Data\Voyager\voyager1\mag\48s\reviewed_vim\2015\voyager1_48s_mag-vim_20150101_v01.cdf,C:\Users\Administrator\Documents\FWD_matlab\Voyager_fu\Voyager_Interstellar_Monthly\HighestPrecision_Segments\V1_MAG48s_segment_1774_20151012T055213_20151012T104502.png,ok,
1,1775,2015-10-13 04:24:14,2015-10-13 10:19:24,5.91960027770996,337,47.5209997558594,4081.536,7200,240,Z:\SPART-WORK\Data\Voyager\voyager1\mag\48s\reviewed_vim\2015\voyager1_48s_mag-vim_20150101_v01.cdf,C:\Users\Administrator\Documents\FWD_matlab\Voyager_fu\Voyager_Interstellar_Monthly\HighestPrecision_Segments\V1_MAG48s_segment_1775_20151013T042414_20151013T101924.png,ok,
1,1776,2015-10-14 04:11:24,2015-10-14 10:31:27,6.33408,475,47.5209997558594,97.632,7200,240,Z:\SPART-WORK\Data\Voyager\voyager1\mag\48s\reviewed_vim\2015\voyager1_48s_mag-vim_20150101_v01.cdf,C:\Users\Administrator\Documents\FWD_matlab\Voyager_fu\Voyager_Interstellar_Monthly\HighestPrecision_Segments\V1_MAG48s_segment_1776_20151014T041124_20151014T103127.png,ok,
1,1777,2015-10-15 05:39:26,2015-10-15 10:25:49,4.77311972229004,355,47.5209997558594,145.153,7200,240,Z:\SPART-WORK\Data\Voyager\voyager1\mag\48s\reviewed_vim\2015\voyager1_48s_mag-vim_20150101_v01.cdf,C:\Users\Administrator\Documents\FWD_matlab\Voyager_fu\Voyager_Interstellar_Monthly\HighestPrecision_Segments\V1_MAG48s_segment_1777_20151015T053926_20151015T102549.png,ok,
1,1778,2015-10-16 05:21:48,2015-10-16 10:29:02,5.1204,379,47.5209997558594,192.672000244141,7200,240,Z:\SPART-WORK\Data\Voyager\voyager1\mag\48s\reviewed_vim\2015\voyager1_48s_mag-vim_20150101_v01.cdf,C:\Users\Administrator\Documents\FWD_matlab\Voyager_fu\Voyager_Interstellar_Monthly\HighestPrecision_Segments\V1_MAG48s_segment_1778_20151016T052148_20151016T102902.png,ok,
1,1779,2015-10-17 06:21:50,2015-10-17 10:28:14,4.10664,309,47.5209997558594,50.113,7200,240,Z:\SPART-WORK\Data\Voyager\voyager1\mag\48s\reviewed_vim\2015\voyager1_48s_mag-vim_20150101_v01.cdf,C:\Users\Administrator\Documents\FWD_matlab\Voyager_fu\Voyager_Interstellar_Monthly\HighestPrecision_Segments\V1_MAG48s_segment_1779_20151017T062150_20151017T102814.png,ok,
1,1780,2015-10-17 15:15:25,2015-10-17 18:42:37,3.45336,254,47.5209997558594,240.192999755859,7200,240,Z:\SPART-WORK\Data\Voyager\voyager1\mag\48s\reviewed_vim\2015\voyager1_48s_mag-vim_20150101_v01.cdf,C:\Users\Administrator\Documents\FWD_matlab\Voyager_fu\Voyager_Interstellar_Monthly\HighestPrecision_Segments\V1_MAG48s_segment_1780_20151017T151525_20151017T184237.png,ok,
1,1781,2015-10-18 08:37:01,2015-10-18 13:05:02,4.46712,333,47.5209997558594,190.08,7200,240,Z:\SPART-WORK\Data\Voyager\voyager1\mag\48s\reviewed_vim\2015\voyager1_48s_mag-vim_20150101_v01.cdf,C:\Users\Administrator\Documents\FWD_matlab\Voyager_fu\Voyager_Interstellar_Monthly\HighestPrecision_Segments\V1_MAG48s_segment_1781_20151018T083701_20151018T130502.png,ok,
1,1782,2015-10-18 16:00:14,2015-10-18 17:12:14,1.19976027770996,66,47.521,959.903,7200,240,Z:\SPART-WORK\Data\Voyager\voyager1\mag\48s\reviewed_vim\2015\voyager1_48s_mag-vim_20150101_v01.cdf,C:\Users\Administrator\Documents\FWD_matlab\Voyager_fu\Voyager_Interstellar_Monthly\HighestPrecision_Segments\V1_MAG48s_segment_1782_20151018T160014_20151018T171214.png,ok,
1,1783,2015-10-19 06:01:50,2015-10-19 10:19:24,4.29288,323,47.5209997558594,50.113,7200,240,Z:\SPART-WORK\Data\Voyager\voyager1\mag\48s\reviewed_vim\2015\voyager1_48s_mag-vim_20150101_v01.cdf,C:\Users\Administrator\Documents\FWD_matlab\Voyager_fu\Voyager_Interstellar_Monthly\HighestPrecision_Segments\V1_MAG48s_segment_1783_20151019T060150_20151019T101924.png,ok,
1,1784,2015-10-19 23:45:48,2015-10-20 08:42:38,8.94744027777778,532,47.5209997558594,6191.424,7200,240,Z:\SPART-WORK\Data\Voyager\voyager1\mag\48s\reviewed_vim\2015\voyager1_48s_mag-vim_20150101_v01.cdf,C:\Users\Administrator\Documents\FWD_matlab\Voyager_fu\Voyager_Interstellar_Monthly\HighestPrecision_Segments\V1_MAG48s_segment_1784_20151019T234548_20151020T084238.png,ok,
1,1785,2015-10-21 04:33:49,2015-10-21 08:37:48,4.06632027777778,305,47.5209997558594,94.177,7200,240,Z:\SPART-WORK\Data\Voyager\voyager1\mag\48s\reviewed_vim\2015\voyager1_48s_mag-vim_20150101_v01.cdf,C:\Users\Administrator\Documents\FWD_matlab\Voyager_fu\Voyager_Interstellar_Monthly\HighestPrecision_Segments\V1_MAG48s_segment_1785_20151021T043349_20151021T083748.png,ok,
1,1786,2015-10-21 23:45:48,2015-10-22 02:36:13,2.84040027777778,213,47.5209997558594,97.632,7200,240,Z:\SPART-WORK\Data\Voyager\voyager1\mag\48s\reviewed_vim\2015\voyager1_48s_mag-vim_20150101_v01.cdf,C:\Users\Administrator\Documents\FWD_matlab\Voyager_fu\Voyager_Interstellar_Monthly\HighestPrecision_Segments\V1_MAG48s_segment_1786_20151021T234548_20151022T023613.png,ok,
1,1787,2015-10-22 05:55:26,2015-10-22 09:57:02,4.02672,299,47.5209997558594,144.288,7200,240,Z:\SPART-WORK\Data\Voyager\voyager1\mag\48s\reviewed_vim\2015\voyager1_48s_mag-vim_20150101_v01.cdf,C:\Users\Administrator\Documents\FWD_matlab\Voyager_fu\Voyager_Interstellar_Monthly\HighestPrecision_Segments\V1_MAG48s_segment_1787_20151022T055526_20151022T095702.png,ok,
1,1788,2015-10-23 05:49:00,2015-10-23 06:19:25,0.50688,37,47.5209997558594,145.151000244141,7200,240,Z:\SPART-WORK\Data\Voyager\voyager1\mag\48s\reviewed_vim\2015\voyager1_48s_mag-vim_20150101_v01.cdf,C:\Users\Administrator\Documents\FWD_matlab\Voyager_fu\Voyager_Interstellar_Monthly\HighestPrecision_Segments\V1_MAG48s_segment_1788_20151023T054900_20151023T061925.png,ok,
1,1789,2015-10-23 09:08:13,2015-10-23 09:57:49,0.8268,63,47.5209997558594,50.113,7200,240,Z:\SPART-WORK\Data\Voyager\voyager1\mag\48s\reviewed_vim\2015\voyager1_48s_mag-vim_20150101_v01.cdf,C:\Users\Administrator\Documents\FWD_matlab\Voyager_fu\Voyager_Interstellar_Monthly\HighestPrecision_Segments\V1_MAG48s_segment_1789_20151023T090813_20151023T095749.png,ok,
1,1790,2015-10-23 16:17:02,2015-10-23 17:26:38,1.16016,86,47.521,142.560999755859,7200,240,Z:\SPART-WORK\Data\Voyager\voyager1\mag\48s\reviewed_vim\2015\voyager1_48s_mag-vim_20150101_v01.cdf,C:\Users\Administrator\Documents\FWD_matlab\Voyager_fu\Voyager_Interstellar_Monthly\HighestPrecision_Segments\V1_MAG48s_segment_1790_20151023T161702_20151023T172638.png,ok,
1,1791,2015-10-24 04:27:24,2015-10-24 09:58:37,5.52024000006782,402,47.5209997558594,479.519,7200,240,Z:\SPART-WORK\Data\Voyager\voyager1\mag\48s\reviewed_vim\2015\voyager1_48s_mag-vim_20150101_v01.cdf,C:\Users\Administrator\Documents\FWD_matlab\Voyager_fu\Voyager_Interstellar_Monthly\HighestPrecision_Segments\V1_MAG48s_segment_1791_20151024T042724_20151024T095837.png,ok,
1,1792,2015-10-24 17:26:38,2015-10-24 20:48:13,3.35952027770996,244,47.5209997558594,432,7200,240,Z:\SPART-WORK\Data\Voyager\voyager1\mag\48s\reviewed_vim\2015\voyager1_48s_mag-vim_20150101_v01.cdf,C:\Users\Administrator\Documents\FWD_matlab\Voyager_fu\Voyager_Interstellar_Monthly\HighestPrecision_Segments\V1_MAG48s_segment_1792_20151024T172638_20151024T204813.png,ok,
1,1793,2015-10-25 01:19:24,2015-10-25 02:26:38,1.12055972229004,85,47.521,50.113,7200,240,Z:\SPART-WORK\Data\Voyager\voyager1\mag\48s\reviewed_vim\2015\voyager1_48s_mag-vim_20150101_v01.cdf,C:\Users\Administrator\Documents\FWD_matlab\Voyager_fu\Voyager_Interstellar_Monthly\HighestPrecision_Segments\V1_MAG48s_segment_1793_20151025T011924_20151025T022638.png,ok,
1,1794,2015-10-25 14:56:13,2015-10-25 15:14:37,0.306719722222222,22,47.5209997558594,145.151000244141,7200,240,Z:\SPART-WORK\Data\Voyager\voyager1\mag\48s\reviewed_vim\2015\voyager1_48s_mag-vim_20150101_v01.cdf,C:\Users\Administrator\Documents\FWD_matlab\Voyager_fu\Voyager_Interstellar_Monthly\HighestPrecision_Segments\V1_MAG48s_segment_1794_20151025T145613_20151025T151437.png,ok,
1,1795,2015-10-25 18:28:12,2015-10-25 19:08:14,0.667200277777778,51,47.5209997558594,50.113,7200,240,Z:\SPART-WORK\Data\Voyager\voyager1\mag\48s\reviewed_vim\2015\voyager1_48s_mag-vim_20150101_v01.cdf,C:\Users\Administrator\Documents\FWD_matlab\Voyager_fu\Voyager_Interstellar_Monthly\HighestPrecision_Segments\V1_MAG48s_segment_1795_20151025T182812_20151025T190814.png,ok,
1,1796,2015-10-26 07:01:02,2015-10-26 09:46:37,2.75975972222222,205,47.5209997558594,192.672,7200,240,Z:\SPART-WORK\Data\Voyager\voyager1\mag\48s\reviewed_vim\2015\voyager1_48s_mag-vim_20150101_v01.cdf,C:\Users\Administrator\Documents\FWD_matlab\Voyager_fu\Voyager_Interstellar_Monthly\HighestPrecision_Segments\V1_MAG48s_segment_1796_20151026T070102_20151026T094637.png,ok,
1,1797,2015-10-26 17:29:48,2015-10-26 19:45:49,2.26703972222222,169,47.5209997558594,142.561,7200,240,Z:\SPART-WORK\Data\Voyager\voyager1\mag\48s\reviewed_vim\2015\voyager1_48s_mag-vim_20150101_v01.cdf,C:\Users\Administrator\Documents\FWD_matlab\Voyager_fu\Voyager_Interstellar_Monthly\HighestPrecision_Segments\V1_MAG48s_segment_1797_20151026T172948_20151026T194549.png,ok,
1,1798,2015-10-28 01:33:02,2015-10-28 08:06:36,6.55943972229004,493,47.5209997558594,50.113,7200,240,Z:\SPART-WORK\Data\Voyager\voyager1\mag\48s\reviewed_vim\2015\voyager1_48s_mag-vim_20150101_v01.cdf,C:\Users\Administrator\Documents\FWD_matlab\Voyager_fu\Voyager_Interstellar_Monthly\HighestPrecision_Segments\V1_MAG48s_segment_1798_20151028T013302_20151028T080636.png,ok,
1,1799,2015-10-29 04:48:13,2015-10-29 09:37:03,4.81368027777778,362,47.5209997558594,50.113,7200,240,Z:\SPART-WORK\Data\Voyager\voyager1\mag\48s\reviewed_vim\2015\voyager1_48s_mag-vim_20150101_v01.cdf,C:\Users\Administrator\Documents\FWD_matlab\Voyager_fu\Voyager_Interstellar_Monthly\HighestPrecision_Segments\V1_MAG48s_segment_1799_20151029T044813_20151029T093703.png,ok,
1,1800,2015-10-29 21:58:37,2015-10-29 22:18:37,0.33336,26,47.5209997558594,50.113,7200,240,Z:\SPART-WORK\Data\Voyager\voyager1\mag\48s\reviewed_vim\2015\voyager1_48s_mag-vim_20150101_v01.cdf,C:\Users\Administrator\Documents\FWD_matlab\Voyager_fu\Voyager_Interstellar_Monthly\HighestPrecision_Segments\V1_MAG48s_segment_1800_20151029T215837_20151029T221837.png,ok,
1,1801,2015-10-30 01:06:36,2015-10-30 08:01:48,6.91991972222222,520,47.5209997558594,50.113,7200,240,Z:\SPART-WORK\Data\Voyager\voyager1\mag\48s\reviewed_vim\2015\voyager1_48s_mag-vim_20150101_v01.cdf,C:\Users\Administrator\Documents\FWD_matlab\Voyager_fu\Voyager_Interstellar_Monthly\HighestPrecision_Segments\V1_MAG48s_segment_1801_20151030T010636_20151030T080148.png,ok,
1,1802,2015-10-30 23:21:48,2015-10-31 08:36:13,9.24024027777778,694,47.5209997558594,50.113,7200,240,Z:\SPART-WORK\Data\Voyager\voyager1\mag\48s\reviewed_vim\2015\voyager1_48s_mag-vim_20150101_v01.cdf,C:\Users\Administrator\Documents\FWD_matlab\Voyager_fu\Voyager_Interstellar_Monthly\HighestPrecision_Segments\V1_MAG48s_segment_1802_20151030T232148_20151031T083613.png,ok,
1,1803,2015-11-01 03:17:00,2015-11-01 09:36:12,6.32015972222222,472,47.5209997558594,192.672,7200,240,Z:\SPART-WORK\Data\Voyager\voyager1\mag\48s\reviewed_vim\2015\voyager1_48s_mag-vim_20150101_v01.cdf,C:\Users\Administrator\Documents\FWD_matlab\Voyager_fu\Voyager_Interstellar_Monthly\HighestPrecision_Segments\V1_MAG48s_segment_1803_20151101T031700_20151101T093612.png,ok,
1,1804,2015-11-02 04:56:14,2015-11-02 09:20:13,4.39968027777778,312,47.5209997558594,432,7200,240,Z:\SPART-WORK\Data\Voyager\voyager1\mag\48s\reviewed_vim\2015\voyager1_48s_mag-vim_20150101_v01.cdf,C:\Users\Administrator\Documents\FWD_matlab\Voyager_fu\Voyager_Interstellar_Monthly\HighestPrecision_Segments\V1_MAG48s_segment_1804_20151102T045614_20151102T092013.png,ok,
1,1805,2015-11-02 16:53:01,2015-11-02 18:15:25,1.37328027777778,101,47.521,192.672,7200,240,Z:\SPART-WORK\Data\Voyager\voyager1\mag\48s\reviewed_vim\2015\voyager1_48s_mag-vim_20150101_v01.cdf,C:\Users\Administrator\Documents\FWD_matlab\Voyager_fu\Voyager_Interstellar_Monthly\HighestPrecision_Segments\V1_MAG48s_segment_1805_20151102T165301_20151102T181525.png,ok,
1,1806,2015-11-03 00:03:25,2015-11-03 02:29:01,2.42664,83,47.5209997558594,4608.576,7200,240,Z:\SPART-WORK\Data\Voyager\voyager1\mag\48s\reviewed_vim\2015\voyager1_48s_mag-vim_20150101_v01.cdf,C:\Users\Administrator\Documents\FWD_matlab\Voyager_fu\Voyager_Interstellar_Monthly\HighestPrecision_Segments\V1_MAG48s_segment_1806_20151103T000325_20151103T022901.png,ok,
1,1807,2015-11-03 05:12:14,2015-11-03 09:09:00,3.94631972229004,287,47.5209997558594,287.712,7200,240,Z:\SPART-WORK\Data\Voyager\voyager1\mag\48s\reviewed_vim\2015\voyager1_48s_mag-vim_20150101_v01.cdf,C:\Users\Administrator\Documents\FWD_matlab\Voyager_fu\Voyager_Interstellar_Monthly\HighestPrecision_Segments\V1_MAG48s_segment_1807_20151103T051214_20151103T090900.png,ok,
1,1808,2015-11-03 22:05:02,2015-11-03 22:05:50,0.0132002777777778,2,47.521,47.521,7200,240,Z:\SPART-WORK\Data\Voyager\voyager1\mag\48s\reviewed_vim\2015\voyager1_48s_mag-vim_20150101_v01.cdf,C:\Users\Administrator\Documents\FWD_matlab\Voyager_fu\Voyager_Interstellar_Monthly\HighestPrecision_Segments\V1_MAG48s_segment_1808_20151103T220502_20151103T220550.png,ok,
1,1809,2015-11-05 03:31:25,2015-11-05 07:34:36,4.05312,305,47.5209997558594,50.113,7200,240,Z:\SPART-WORK\Data\Voyager\voyager1\mag\48s\reviewed_vim\2015\voyager1_48s_mag-vim_20150101_v01.cdf,C:\Users\Administrator\Documents\FWD_matlab\Voyager_fu\Voyager_Interstellar_Monthly\HighestPrecision_Segments\V1_MAG48s_segment_1809_20151105T033125_20151105T073436.png,ok,
1,1810,2015-11-06 00:22:38,2015-11-06 00:59:24,0.612960277777778,47,47.5209998779297,50.113,7200,240,Z:\SPART-WORK\Data\Voyager\voyager1\mag\48s\reviewed_vim\2015\voyager1_48s_mag-vim_20150101_v01.cdf,C:\Users\Administrator\Documents\FWD_matlab\Voyager_fu\Voyager_Interstellar_Monthly\HighestPrecision_Segments\V1_MAG48s_segment_1810_20151106T002238_20151106T005924.png,ok,
1,1811,2015-11-06 06:37:03,2015-11-06 07:55:26,1.30656,97,47.5209997558594,145.153,7200,240,Z:\SPART-WORK\Data\Voyager\voyager1\mag\48s\reviewed_vim\2015\voyager1_48s_mag-vim_20150101_v01.cdf,C:\Users\Administrator\Documents\FWD_matlab\Voyager_fu\Voyager_Interstellar_Monthly\HighestPrecision_Segments\V1_MAG48s_segment_1811_20151106T063703_20151106T075526.png,ok,
1,1812,2015-11-07 04:46:37,2015-11-07 08:59:25,4.21343972229004,316,47.5209997558594,96.767,7200,240,Z:\SPART-WORK\Data\Voyager\voyager1\mag\48s\reviewed_vim\2015\voyager1_48s_mag-vim_20150101_v01.cdf,C:\Users\Administrator\Documents\FWD_matlab\Voyager_fu\Voyager_Interstellar_Monthly\HighestPrecision_Segments\V1_MAG48s_segment_1812_20151107T044637_20151107T085925.png,ok,
1,1813,2015-11-08 00:32:12,2015-11-08 07:26:36,6.90672,519,47.5209997558594,50.113,7200,240,Z:\SPART-WORK\Data\Voyager\voyager1\mag\48s\reviewed_vim\2015\voyager1_48s_mag-vim_20150101_v01.cdf,C:\Users\Administrator\Documents\FWD_matlab\Voyager_fu\Voyager_Interstellar_Monthly\HighestPrecision_Segments\V1_MAG48s_segment_1813_20151108T003212_20151108T072636.png,ok,
1,1814,2015-11-08 13:49:01,2015-11-08 14:31:25,0.7068,54,47.5209997558594,50.113,7200,240,Z:\SPART-WORK\Data\Voyager\voyager1\mag\48s\reviewed_vim\2015\voyager1_48s_mag-vim_20150101_v01.cdf,C:\Users\Administrator\Documents\FWD_matlab\Voyager_fu\Voyager_Interstellar_Monthly\HighestPrecision_Segments\V1_MAG48s_segment_1814_20151108T134901_20151108T143125.png,ok,
1,1815,2015-11-08 16:55:26,2015-11-08 17:54:38,0.98664,75,47.5209997558594,50.113,7200,240,Z:\SPART-WORK\Data\Voyager\voyager1\mag\48s\reviewed_vim\2015\voyager1_48s_mag-vim_20150101_v01.cdf,C:\Users\Administrator\Documents\FWD_matlab\Voyager_fu\Voyager_Interstellar_Monthly\HighestPrecision_Segments\V1_MAG48s_segment_1815_20151108T165526_20151108T175438.png,ok,
1,1816,2015-11-09 04:48:13,2015-11-09 08:49:48,4.02624027777778,303,47.5209997558594,50.113,7200,240,Z:\SPART-WORK\Data\Voyager\voyager1\mag\48s\reviewed_vim\2015\voyager1_48s_mag-vim_20150101_v01.cdf,C:\Users\Administrator\Documents\FWD_matlab\Voyager_fu\Voyager_Interstellar_Monthly\HighestPrecision_Segments\V1_MAG48s_segment_1816_20151109T044813_20151109T084948.png,ok,
1,1817,2015-11-10 05:29:48,2015-11-10 08:44:13,3.24023972222222,237,47.5209997558594,239.328000244141,7200,240,Z:\SPART-WORK\Data\Voyager\voyager1\mag\48s\reviewed_vim\2015\voyager1_48s_mag-vim_20150101_v01.cdf,C:\Users\Administrator\Documents\FWD_matlab\Voyager_fu\Voyager_Interstellar_Monthly\HighestPrecision_Segments\V1_MAG48s_segment_1817_20151110T052948_20151110T084413.png,ok,
1,1818,2015-11-10 22:45:02,2015-11-11 02:33:00,3.79968,190,47.5209997558594,4081.536,7200,240,Z:\SPART-WORK\Data\Voyager\voyager1\mag\48s\reviewed_vim\2015\voyager1_48s_mag-vim_20150101_v01.cdf,C:\Users\Administrator\Documents\FWD_matlab\Voyager_fu\Voyager_Interstellar_Monthly\HighestPrecision_Segments\V1_MAG48s_segment_1818_20151110T224502_20151111T023300.png,ok,
1,1819,2015-11-11 05:49:00,2015-11-11 08:45:00,2.93328027777778,221,47.5209997558594,50.113,7200,240,Z:\SPART-WORK\Data\Voyager\voyager1\mag\48s\reviewed_vim\2015\voyager1_48s_mag-vim_20150101_v01.cdf,C:\Users\Administrator\Documents\FWD_matlab\Voyager_fu\Voyager_Interstellar_Monthly\HighestPrecision_Segments\V1_MAG48s_segment_1819_20151111T054900_20151111T084500.png,ok,
1,1820,2015-11-11 22:32:14,2015-11-11 23:24:13,0.866400277777778,65,47.521,95.04,7200,240,Z:\SPART-WORK\Data\Voyager\voyager1\mag\48s\reviewed_vim\2015\voyager1_48s_mag-vim_20150101_v01.cdf,C:\Users\Administrator\Documents\FWD_matlab\Voyager_fu\Voyager_Interstellar_Monthly\HighestPrecision_Segments\V1_MAG48s_segment_1820_20151111T223214_20151111T232413.png,ok,
1,1821,2015-11-12 05:45:48,2015-11-12 07:05:02,1.32072,100,47.5209997558594,50.113,7200,240,Z:\SPART-WORK\Data\Voyager\voyager1\mag\48s\reviewed_vim\2015\voyager1_48s_mag-vim_20150101_v01.cdf,C:\Users\Administrator\Documents\FWD_matlab\Voyager_fu\Voyager_Interstellar_Monthly\HighestPrecision_Segments\V1_MAG48s_segment_1821_20151112T054548_20151112T070502.png,ok,
1,1822,2015-11-13 04:06:36,2015-11-13 08:34:38,4.46712,334,47.5209997558594,145.152999755859,7200,240,Z:\SPART-WORK\Data\Voyager\voyager1\mag\48s\reviewed_vim\2015\voyager1_48s_mag-vim_20150101_v01.cdf,C:\Users\Administrator\Documents\FWD_matlab\Voyager_fu\Voyager_Interstellar_Monthly\HighestPrecision_Segments\V1_MAG48s_segment_1822_20151113T040636_20151113T083438.png,ok,
1,1823,2015-11-14 03:57:02,2015-11-14 08:29:01,4.53312027777778,339,47.5209997558594,142.559000244141,7200,240,Z:\SPART-WORK\Data\Voyager\voyager1\mag\48s\reviewed_vim\2015\voyager1_48s_mag-vim_20150101_v01.cdf,C:\Users\Administrator\Documents\FWD_matlab\Voyager_fu\Voyager_Interstellar_Monthly\HighestPrecision_Segments\V1_MAG48s_segment_1823_20151114T035702_20151114T082901.png,ok,
1,1824,2015-11-15 01:50:36,2015-11-15 07:00:12,5.15999972229004,339,47.5209997558594,2064.96099975586,7200,240,Z:\SPART-WORK\Data\Voyager\voyager1\mag\48s\reviewed_vim\2015\voyager1_48s_mag-vim_20150101_v01.cdf,C:\Users\Administrator\Documents\FWD_matlab\Voyager_fu\Voyager_Interstellar_Monthly\HighestPrecision_Segments\V1_MAG48s_segment_1824_20151115T015036_20151115T070012.png,ok,
1,1825,2015-11-15 13:12:12,2015-11-15 14:53:48,1.69344,125,47.5209997558594,192.672000244141,7200,240,Z:\SPART-WORK\Data\Voyager\voyager1\mag\48s\reviewed_vim\2015\voyager1_48s_mag-vim_20150101_v01.cdf,C:\Users\Administrator\Documents\FWD_matlab\Voyager_fu\Voyager_Interstellar_Monthly\HighestPrecision_Segments\V1_MAG48s_segment_1825_20151115T131212_20151115T145348.png,ok,
1,1826,2015-11-16 03:53:49,2015-11-16 08:16:13,4.37328027777778,329,47.5209997558594,50.113,7200,240,Z:\SPART-WORK\Data\Voyager\voyager1\mag\48s\reviewed_vim\2015\voyager1_48s_mag-vim_20150101_v01.cdf,C:\Users\Administrator\Documents\FWD_matlab\Voyager_fu\Voyager_Interstellar_Monthly\HighestPrecision_Segments\V1_MAG48s_segment_1826_20151116T035349_20151116T081613.png,ok,
1,1827,2015-11-16 23:25:01,2015-11-17 00:54:37,1.49328027770996,111,47.5209997558594,145.151,7200,240,Z:\SPART-WORK\Data\Voyager\voyager1\mag\48s\reviewed_vim\2015\voyager1_48s_mag-vim_20150101_v01.cdf,C:\Users\Administrator\Documents\FWD_matlab\Voyager_fu\Voyager_Interstellar_Monthly\HighestPrecision_Segments\V1_MAG48s_segment_1827_20151116T232501_20151117T005437.png,ok,
1,1828,2015-11-17 04:45:02,2015-11-17 08:18:35,3.55943972222222,263,47.5209997558594,287.712,7200,240,Z:\SPART-WORK\Data\Voyager\voyager1\mag\48s\reviewed_vim\2015\voyager1_48s_mag-vim_20150101_v01.cdf,C:\Users\Administrator\Documents\FWD_matlab\Voyager_fu\Voyager_Interstellar_Monthly\HighestPrecision_Segments\V1_MAG48s_segment_1828_20151117T044502_20151117T081835.png,ok,
1,1829,2015-11-18 03:13:50,2015-11-18 08:08:13,4.90655972229004,368,47.5209997558594,95.04,7200,240,Z:\SPART-WORK\Data\Voyager\voyager1\mag\48s\reviewed_vim\2015\voyager1_48s_mag-vim_20150101_v01.cdf,C:\Users\Administrator\Documents\FWD_matlab\Voyager_fu\Voyager_Interstellar_Monthly\HighestPrecision_Segments\V1_MAG48s_segment_1829_20151118T031350_20151118T080813.png,ok,
1,1830,2015-11-18 21:12:12,2015-11-19 00:44:12,3.53328,263,47.5209997558594,190.08,7200,240,Z:\SPART-WORK\Data\Voyager\voyager1\mag\48s\reviewed_vim\2015\voyager1_48s_mag-vim_20150101_v01.cdf,C:\Users\Administrator\Documents\FWD_matlab\Voyager_fu\Voyager_Interstellar_Monthly\HighestPrecision_Segments\V1_MAG48s_segment_1830_20151118T211212_20151119T004412.png,ok,
1,1831,2015-11-19 23:17:00,2015-11-20 00:39:24,1.37328027777778,103,47.5209997558594,95.04,7200,240,Z:\SPART-WORK\Data\Voyager\voyager1\mag\48s\reviewed_vim\2015\voyager1_48s_mag-vim_20150101_v01.cdf,C:\Users\Administrator\Documents\FWD_matlab\Voyager_fu\Voyager_Interstellar_Monthly\HighestPrecision_Segments\V1_MAG48s_segment_1831_20151119T231700_20151120T003924.png,ok,
1,1832,2015-11-20 04:08:11,2015-11-20 08:17:48,4.16016,310,47.5209997558594,192.672,7200,240,Z:\SPART-WORK\Data\Voyager\voyager1\mag\48s\reviewed_vim\2015\voyager1_48s_mag-vim_20150101_v01.cdf,C:\Users\Administrator\Documents\FWD_matlab\Voyager_fu\Voyager_Interstellar_Monthly\HighestPrecision_Segments\V1_MAG48s_segment_1832_20151120T040811_20151120T081748.png,ok,
1,1833,2015-11-21 02:06:36,2015-11-21 07:58:36,5.86680027770996,435,47.5209997558594,190.080999755859,7200,240,Z:\SPART-WORK\Data\Voyager\voyager1\mag\48s\reviewed_vim\2015\voyager1_48s_mag-vim_20150101_v01.cdf,C:\Users\Administrator\Documents\FWD_matlab\Voyager_fu\Voyager_Interstellar_Monthly\HighestPrecision_Segments\V1_MAG48s_segment_1833_20151121T020636_20151121T075836.png,ok,
1,1834,2015-11-22 01:12:12,2015-11-22 06:33:47,5.35992000006782,402,47.5209997558594,97.632,7200,240,Z:\SPART-WORK\Data\Voyager\voyager1\mag\48s\reviewed_vim\2015\voyager1_48s_mag-vim_20150101_v01.cdf,C:\Users\Administrator\Documents\FWD_matlab\Voyager_fu\Voyager_Interstellar_Monthly\HighestPrecision_Segments\V1_MAG48s_segment_1834_20151122T011212_20151122T063347.png,ok,
1,1835,2015-11-22 13:33:02,2015-11-22 17:27:26,3.90672,292,47.5209997558594,141.697,7200,240,Z:\SPART-WORK\Data\Voyager\voyager1\mag\48s\reviewed_vim\2015\voyager1_48s_mag-vim_20150101_v01.cdf,C:\Users\Administrator\Documents\FWD_matlab\Voyager_fu\Voyager_Interstellar_Monthly\HighestPrecision_Segments\V1_MAG48s_segment_1835_20151122T133302_20151122T172726.png,ok,
1,1836,2015-11-22 22:01:50,2015-11-23 00:29:47,2.46600027777778,184,47.5209997558594,142.56,7200,240,Z:\SPART-WORK\Data\Voyager\voyager1\mag\48s\reviewed_vim\2015\voyager1_48s_mag-vim_20150101_v01.cdf,C:\Users\Administrator\Documents\FWD_matlab\Voyager_fu\Voyager_Interstellar_Monthly\HighestPrecision_Segments\V1_MAG48s_segment_1836_20151122T220150_20151123T002947.png,ok,
1,1837,2015-11-23 22:13:02,2015-11-24 00:22:38,2.15999972222222,162,47.5200002441406,95.04,7200,240,Z:\SPART-WORK\Data\Voyager\voyager1\mag\48s\reviewed_vim\2015\voyager1_48s_mag-vim_20150101_v01.cdf,C:\Users\Administrator\Documents\FWD_matlab\Voyager_fu\Voyager_Interstellar_Monthly\HighestPrecision_Segments\V1_MAG48s_segment_1837_20151123T221302_20151124T002238.png,ok,
1,1838,2015-11-24 03:04:13,2015-11-24 07:49:01,4.74672027777778,338,47.5209997558594,384.48,7200,240,Z:\SPART-WORK\Data\Voyager\voyager1\mag\48s\reviewed_vim\2015\voyager1_48s_mag-vim_20150101_v01.cdf,C:\Users\Administrator\Documents\FWD_matlab\Voyager_fu\Voyager_Interstellar_Monthly\HighestPrecision_Segments\V1_MAG48s_segment_1838_20151124T030413_20151124T074901.png,ok,
1,1839,2015-11-24 20:17:48,2015-11-25 00:22:38,4.08047972222222,306,47.5209997558594,95.039,7200,240,Z:\SPART-WORK\Data\Voyager\voyager1\mag\48s\reviewed_vim\2015\voyager1_48s_mag-vim_20150101_v01.cdf,C:\Users\Administrator\Documents\FWD_matlab\Voyager_fu\Voyager_Interstellar_Monthly\HighestPrecision_Segments\V1_MAG48s_segment_1839_20151124T201748_20151125T002238.png,ok,
1,1840,2015-11-25 20:30:35,2015-11-25 22:33:02,2.04072027777778,153,47.5209997558594,97.6320002441406,7200,240,Z:\SPART-WORK\Data\Voyager\voyager1\mag\48s\reviewed_vim\2015\voyager1_48s_mag-vim_20150101_v01.cdf,C:\Users\Administrator\Documents\FWD_matlab\Voyager_fu\Voyager_Interstellar_Monthly\HighestPrecision_Segments\V1_MAG48s_segment_1840_20151125T203035_20151125T223302.png,ok,
1,1841,2015-11-26 02:14:36,2015-11-26 07:36:11,5.35968027777778,401,47.5205,145.152,7200,240,Z:\SPART-WORK\Data\Voyager\voyager1\mag\48s\reviewed_vim\2015\voyager1_48s_mag-vim_20150101_v01.cdf,C:\Users\Administrator\Documents\FWD_matlab\Voyager_fu\Voyager_Interstellar_Monthly\HighestPrecision_Segments\V1_MAG48s_segment_1841_20151126T021436_20151126T073611.png,ok,
1,1842,2015-11-26 21:29:47,2015-11-27 01:32:12,4.04016,302,47.5209997558594,142.559000244141,7200,240,Z:\SPART-WORK\Data\Voyager\voyager1\mag\48s\reviewed_vim\2015\voyager1_48s_mag-vim_20150101_v01.cdf,C:\Users\Administrator\Documents\FWD_matlab\Voyager_fu\Voyager_Interstellar_Monthly\HighestPrecision_Segments\V1_MAG48s_segment_1842_20151126T212947_20151127T013212.png,ok,
1,1843,2015-11-27 21:21:48,2015-11-28 07:32:12,10.1733602777778,593,47.5209997558594,7102.943,7200,240,Z:\SPART-WORK\Data\Voyager\voyager1\mag\48s\reviewed_vim\2015\voyager1_48s_mag-vim_20150101_v01.cdf,C:\Users\Administrator\Documents\FWD_matlab\Voyager_fu\Voyager_Interstellar_Monthly\HighestPrecision_Segments\V1_MAG48s_segment_1843_20151127T212148_20151128T073212.png,ok,
1,1844,2015-11-29 02:46:35,2015-11-29 07:22:36,4.60032,331,47.5209997558594,336.96,7200,240,Z:\SPART-WORK\Data\Voyager\voyager1\mag\48s\reviewed_vim\2015\voyager1_48s_mag-vim_20150101_v01.cdf,C:\Users\Administrator\Documents\FWD_matlab\Voyager_fu\Voyager_Interstellar_Monthly\HighestPrecision_Segments\V1_MAG48s_segment_1844_20151129T024635_20151129T072236.png,ok,
1,1845,2015-11-29 12:49:50,2015-11-29 14:37:01,1.78632,134,47.5200002441406,95.0400002441406,7200,240,Z:\SPART-WORK\Data\Voyager\voyager1\mag\48s\reviewed_vim\2015\voyager1_48s_mag-vim_20150101_v01.cdf,C:\Users\Administrator\Documents\FWD_matlab\Voyager_fu\Voyager_Interstellar_Monthly\HighestPrecision_Segments\V1_MAG48s_segment_1845_20151129T124950_20151129T143701.png,ok,
1,1846,2015-11-30 02:57:47,2015-11-30 07:27:24,4.49351999993218,337,47.5200002441406,97.632,7200,240,Z:\SPART-WORK\Data\Voyager\voyager1\mag\48s\reviewed_vim\2015\voyager1_48s_mag-vim_20150101_v01.cdf,C:\Users\Administrator\Documents\FWD_matlab\Voyager_fu\Voyager_Interstellar_Monthly\HighestPrecision_Segments\V1_MAG48s_segment_1846_20151130T025747_20151130T072724.png,ok,
1,1847,2015-12-01 03:23:25,2015-12-01 07:21:49,3.9732,288,47.5209997558594,334.368,7200,240,Z:\SPART-WORK\Data\Voyager\voyager1\mag\48s\reviewed_vim\2015\voyager1_48s_mag-vim_20150101_v01.cdf,C:\Users\Administrator\Documents\FWD_matlab\Voyager_fu\Voyager_Interstellar_Monthly\HighestPrecision_Segments\V1_MAG48s_segment_1847_20151201T032325_20151201T072149.png,ok,
1,1848,2015-12-02 03:12:12,2015-12-02 07:16:59,4.07976,307,47.5200001220703,50.113,7200,240,Z:\SPART-WORK\Data\Voyager\voyager1\mag\48s\reviewed_vim\2015\voyager1_48s_mag-vim_20150101_v01.cdf,C:\Users\Administrator\Documents\FWD_matlab\Voyager_fu\Voyager_Interstellar_Monthly\HighestPrecision_Segments\V1_MAG48s_segment_1848_20151202T031212_20151202T071659.png,ok,
1,1849,2015-12-03 02:48:13,2015-12-03 07:12:59,4.41287972222222,330,47.52,97.631,7200,240,Z:\SPART-WORK\Data\Voyager\voyager1\mag\48s\reviewed_vim\2015\voyager1_48s_mag-vim_20150101_v01.cdf,C:\Users\Administrator\Documents\FWD_matlab\Voyager_fu\Voyager_Interstellar_Monthly\HighestPrecision_Segments\V1_MAG48s_segment_1849_20151203T024813_20151203T071259.png,ok,
1,1850,2015-12-04 04:01:50,2015-12-04 07:04:12,3.03960027777778,228,47.52,95.04,7200,240,Z:\SPART-WORK\Data\Voyager\voyager1\mag\48s\reviewed_vim\2015\voyager1_48s_mag-vim_20150101_v01.cdf,C:\Users\Administrator\Documents\FWD_matlab\Voyager_fu\Voyager_Interstellar_Monthly\HighestPrecision_Segments\V1_MAG48s_segment_1850_20151204T040150_20151204T070412.png,ok,
1,1851,2015-12-05 00:57:49,2015-12-05 07:00:12,6.03959972229004,453,47.52,97.633,7200,240,Z:\SPART-WORK\Data\Voyager\voyager1\mag\48s\reviewed_vim\2015\voyager1_48s_mag-vim_20150101_v01.cdf,C:\Users\Administrator\Documents\FWD_matlab\Voyager_fu\Voyager_Interstellar_Monthly\HighestPrecision_Segments\V1_MAG48s_segment_1851_20151205T005749_20151205T070012.png,ok,
1,1852,2015-12-05 23:31:23,2015-12-06 07:01:50,7.50744,558,47.52,192.672000244141,7200,240,Z:\SPART-WORK\Data\Voyager\voyager1\mag\48s\reviewed_vim\2015\voyager1_48s_mag-vim_20150101_v01.cdf,C:\Users\Administrator\Documents\FWD_matlab\Voyager_fu\Voyager_Interstellar_Monthly\HighestPrecision_Segments\V1_MAG48s_segment_1852_20151205T233123_20151206T070150.png,ok,
1,1853,2015-12-07 02:49:48,2015-12-07 06:52:11,4.03991972222222,298,47.52,240.191,7200,240,Z:\SPART-WORK\Data\Voyager\voyager1\mag\48s\reviewed_vim\2015\voyager1_48s_mag-vim_20150101_v01.cdf,C:\Users\Administrator\Documents\FWD_matlab\Voyager_fu\Voyager_Interstellar_Monthly\HighestPrecision_Segments\V1_MAG48s_segment_1853_20151207T024948_20151207T065211.png,ok,
1,1854,2015-12-08 02:51:25,2015-12-08 06:51:25,3.99983972229004,292,47.52,239.328,7200,240,Z:\SPART-WORK\Data\Voyager\voyager1\mag\48s\reviewed_vim\2015\voyager1_48s_mag-vim_20150101_v01.cdf,C:\Users\Administrator\Documents\FWD_matlab\Voyager_fu\Voyager_Interstellar_Monthly\HighestPrecision_Segments\V1_MAG48s_segment_1854_20151208T025125_20151208T065125.png,ok,
1,1855,2015-12-08 20:54:35,2015-12-09 00:55:24,4.01352,199,47.52,4081.535,7200,240,Z:\SPART-WORK\Data\Voyager\voyager1\mag\48s\reviewed_vim\2015\voyager1_48s_mag-vim_20150101_v01.cdf,C:\Users\Administrator\Documents\FWD_matlab\Voyager_fu\Voyager_Interstellar_Monthly\HighestPrecision_Segments\V1_MAG48s_segment_1855_20151208T205435_20151209T005524.png,ok,
1,1856,2015-12-09 11:55:26,2015-12-09 15:52:11,3.94608,294,47.52,192.672,7200,240,Z:\SPART-WORK\Data\Voyager\voyager1\mag\48s\reviewed_vim\2015\voyager1_48s_mag-vim_20150101_v01.cdf,C:\Users\Administrator\Documents\FWD_matlab\Voyager_fu\Voyager_Interstellar_Monthly\HighestPrecision_Segments\V1_MAG48s_segment_1856_20151209T115526_20151209T155211.png,ok,
1,1857,2015-12-11 01:13:49,2015-12-11 05:11:24,3.95952027777778,298,47.52,50.1120002441406,7200,240,Z:\SPART-WORK\Data\Voyager\voyager1\mag\48s\reviewed_vim\2015\voyager1_48s_mag-vim_20150101_v01.cdf,C:\Users\Administrator\Documents\FWD_matlab\Voyager_fu\Voyager_Interstellar_Monthly\HighestPrecision_Segments\V1_MAG48s_segment_1857_20151211T011349_20151211T051124.png,ok,
1,1858,2015-12-11 20:57:47,2015-12-12 01:00:59,4.05335999993218,305,47.52,50.1120002441406,7200,240,Z:\SPART-WORK\Data\Voyager\voyager1\mag\48s\reviewed_vim\2015\voyager1_48s_mag-vim_20150101_v01.cdf,C:\Users\Administrator\Documents\FWD_matlab\Voyager_fu\Voyager_Interstellar_Monthly\HighestPrecision_Segments\V1_MAG48s_segment_1858_20151211T205747_20151212T010059.png,ok,
1,1859,2015-12-12 19:47:23,2015-12-12 23:47:23,3.99984,299,47.52,145.152,7200,240,Z:\SPART-WORK\Data\Voyager\voyager1\mag\48s\reviewed_vim\2015\voyager1_48s_mag-vim_20150101_v01.cdf,C:\Users\Administrator\Documents\FWD_matlab\Voyager_fu\Voyager_Interstellar_Monthly\HighestPrecision_Segments\V1_MAG48s_segment_1859_20151212T194723_20151212T234723.png,ok,
1,1860,2015-12-13 12:38:37,2015-12-13 15:37:00,2.97312,222,47.52,142.56,7200,240,Z:\SPART-WORK\Data\Voyager\voyager1\mag\48s\reviewed_vim\2015\voyager1_48s_mag-vim_20150101_v01.cdf,C:\Users\Administrator\Documents\FWD_matlab\Voyager_fu\Voyager_Interstellar_Monthly\HighestPrecision_Segments\V1_MAG48s_segment_1860_20151213T123837_20151213T153700.png,ok,
1,1861,2015-12-15 00:51:25,2015-12-15 05:57:00,5.09304027770996,374,47.52,385.344,7200,240,Z:\SPART-WORK\Data\Voyager\voyager1\mag\48s\reviewed_vim\2015\voyager1_48s_mag-vim_20150101_v01.cdf,C:\Users\Administrator\Documents\FWD_matlab\Voyager_fu\Voyager_Interstellar_Monthly\HighestPrecision_Segments\V1_MAG48s_segment_1861_20151215T005125_20151215T055700.png,ok,
1,1862,2015-12-15 19:31:24,2015-12-15 20:22:36,0.8532,65,47.52,50.112,7200,240,Z:\SPART-WORK\Data\Voyager\voyager1\mag\48s\reviewed_vim\2015\voyager1_48s_mag-vim_20150101_v01.cdf,C:\Users\Administrator\Documents\FWD_matlab\Voyager_fu\Voyager_Interstellar_Monthly\HighestPrecision_Segments\V1_MAG48s_segment_1862_20151215T193124_20151215T202236.png,ok,
1,1863,2015-12-16 03:10:35,2015-12-16 04:24:11,1.22688000006782,90,47.5200002441406,192.672,7200,240,Z:\SPART-WORK\Data\Voyager\voyager1\mag\48s\reviewed_vim\2015\voyager1_48s_mag-vim_20150101_v01.cdf,C:\Users\Administrator\Documents\FWD_matlab\Voyager_fu\Voyager_Interstellar_Monthly\HighestPrecision_Segments\V1_MAG48s_segment_1863_20151216T031035_20151216T042411.png,ok,
1,1864,2015-12-16 18:40:12,2015-12-16 20:45:48,2.09327999993218,156,47.52,145.151,7200,240,Z:\SPART-WORK\Data\Voyager\voyager1\mag\48s\reviewed_vim\2015\voyager1_48s_mag-vim_20150101_v01.cdf,C:\Users\Administrator\Documents\FWD_matlab\Voyager_fu\Voyager_Interstellar_Monthly\HighestPrecision_Segments\V1_MAG48s_segment_1864_20151216T184012_20151216T204548.png,ok,
1,1865,2015-12-17 23:15:23,2015-12-18 04:16:12,5.01359972229004,375,47.52,145.152,7200,240,Z:\SPART-WORK\Data\Voyager\voyager1\mag\48s\reviewed_vim\2015\voyager1_48s_mag-vim_20150101_v01.cdf,C:\Users\Administrator\Documents\FWD_matlab\Voyager_fu\Voyager_Interstellar_Monthly\HighestPrecision_Segments\V1_MAG48s_segment_1865_20151217T231523_20151218T041612.png,ok,
1,1866,2015-12-18 20:49:48,2015-12-18 21:21:00,0.520079722222222,39,47.5204998779297,95.0390002441406,7200,240,Z:\SPART-WORK\Data\Voyager\voyager1\mag\48s\reviewed_vim\2015\voyager1_48s_mag-vim_20150101_v01.cdf,C:\Users\Administrator\Documents\FWD_matlab\Voyager_fu\Voyager_Interstellar_Monthly\HighestPrecision_Segments\V1_MAG48s_segment_1866_20151218T204948_20151218T212100.png,ok,
1,1867,2015-12-19 04:01:47,2015-12-19 04:41:49,0.6672,48,47.5200002441406,191.809,7200,240,Z:\SPART-WORK\Data\Voyager\voyager1\mag\48s\reviewed_vim\2015\voyager1_48s_mag-vim_20150101_v01.cdf,C:\Users\Administrator\Documents\FWD_matlab\Voyager_fu\Voyager_Interstellar_Monthly\HighestPrecision_Segments\V1_MAG48s_segment_1867_20151219T040147_20151219T044149.png,ok,
1,1868,2015-12-19 18:32:12,2015-12-19 22:41:49,4.16016,310,47.52,192.671999755859,7200,240,Z:\SPART-WORK\Data\Voyager\voyager1\mag\48s\reviewed_vim\2015\voyager1_48s_mag-vim_20150101_v01.cdf,C:\Users\Administrator\Documents\FWD_matlab\Voyager_fu\Voyager_Interstellar_Monthly\HighestPrecision_Segments\V1_MAG48s_segment_1868_20151219T183212_20151219T224149.png,ok,
1,1869,2015-12-20 19:58:36,2015-12-21 02:06:36,6.13319972229004,458,47.52,191.807999755859,7200,240,Z:\SPART-WORK\Data\Voyager\voyager1\mag\48s\reviewed_vim\2015\voyager1_48s_mag-vim_20150101_v01.cdf,C:\Users\Administrator\Documents\FWD_matlab\Voyager_fu\Voyager_Interstellar_Monthly\HighestPrecision_Segments\V1_MAG48s_segment_1869_20151220T195836_20151221T020636.png,ok,
1,1870,2015-12-21 04:20:59,2015-12-21 08:32:13,4.18727972229004,305,47.52,335.233,7200,240,Z:\SPART-WORK\Data\Voyager\voyager1\mag\48s\reviewed_vim\2015\voyager1_48s_mag-vim_20150101_v01.cdf,C:\Users\Administrator\Documents\FWD_matlab\Voyager_fu\Voyager_Interstellar_Monthly\HighestPrecision_Segments\V1_MAG48s_segment_1870_20151221T042059_20151221T083213.png,ok,
1,1871,2015-12-22 01:20:11,2015-12-22 05:31:23,4.18655972222222,311,47.52,192.672,7200,240,Z:\SPART-WORK\Data\Voyager\voyager1\mag\48s\reviewed_vim\2015\voyager1_48s_mag-vim_20150101_v01.cdf,C:\Users\Administrator\Documents\FWD_matlab\Voyager_fu\Voyager_Interstellar_Monthly\HighestPrecision_Segments\V1_MAG48s_segment_1871_20151222T012011_20151222T053123.png,ok,
1,1872,2015-12-22 19:26:36,2015-12-22 23:20:11,3.8928,293,47.52,50.1120002441406,7200,240,Z:\SPART-WORK\Data\Voyager\voyager1\mag\48s\reviewed_vim\2015\voyager1_48s_mag-vim_20150101_v01.cdf,C:\Users\Administrator\Documents\FWD_matlab\Voyager_fu\Voyager_Interstellar_Monthly\HighestPrecision_Segments\V1_MAG48s_segment_1872_20151222T192636_20151222T232011.png,ok,
1,1873,2015-12-23 10:53:01,2015-12-23 13:34:36,2.69304,201,47.52,142.56,7200,240,Z:\SPART-WORK\Data\Voyager\voyager1\mag\48s\reviewed_vim\2015\voyager1_48s_mag-vim_20150101_v01.cdf,C:\Users\Administrator\Documents\FWD_matlab\Voyager_fu\Voyager_Interstellar_Monthly\HighestPrecision_Segments\V1_MAG48s_segment_1873_20151223T105301_20151223T133436.png,ok,
1,1874,2015-12-23 18:14:35,2015-12-23 22:26:36,4.20048,316,47.52,50.1120002441406,7200,240,Z:\SPART-WORK\Data\Voyager\voyager1\mag\48s\reviewed_vim\2015\voyager1_48s_mag-vim_20150101_v01.cdf,C:\Users\Administrator\Documents\FWD_matlab\Voyager_fu\Voyager_Interstellar_Monthly\HighestPrecision_Segments\V1_MAG48s_segment_1874_20151223T181435_20151223T222636.png,ok,
1,1875,2015-12-24 11:34:35,2015-12-24 13:29:49,1.92048,143,47.52,145.152,7200,240,Z:\SPART-WORK\Data\Voyager\voyager1\mag\48s\reviewed_vim\2015\voyager1_48s_mag-vim_20150101_v01.cdf,C:\Users\Administrator\Documents\FWD_matlab\Voyager_fu\Voyager_Interstellar_Monthly\HighestPrecision_Segments\V1_MAG48s_segment_1875_20151224T113435_20151224T132949.png,ok,
1,1876,2015-12-24 20:25:48,2015-12-25 00:30:35,4.07951972222222,307,47.52,50.1120002441406,7200,240,Z:\SPART-WORK\Data\Voyager\voyager1\mag\48s\reviewed_vim\2015\voyager1_48s_mag-vim_20150101_v01.cdf,C:\Users\Administrator\Documents\FWD_matlab\Voyager_fu\Voyager_Interstellar_Monthly\HighestPrecision_Segments\V1_MAG48s_segment_1876_20151224T202548_20151225T003035.png,ok,
1,1877,2015-12-25 10:49:48,2015-12-25 13:29:49,2.66688027770996,199,47.52,142.56,7200,240,Z:\SPART-WORK\Data\Voyager\voyager1\mag\48s\reviewed_vim\2015\voyager1_48s_mag-vim_20150101_v01.cdf,C:\Users\Administrator\Documents\FWD_matlab\Voyager_fu\Voyager_Interstellar_Monthly\HighestPrecision_Segments\V1_MAG48s_segment_1877_20151225T104948_20151225T132949.png,ok,
1,1878,2015-12-25 22:36:59,2015-12-26 05:16:10,6.65328,497,47.52,142.56,7200,240,Z:\SPART-WORK\Data\Voyager\voyager1\mag\48s\reviewed_vim\2015\voyager1_48s_mag-vim_20150101_v01.cdf,C:\Users\Administrator\Documents\FWD_matlab\Voyager_fu\Voyager_Interstellar_Monthly\HighestPrecision_Segments\V1_MAG48s_segment_1878_20151225T223659_20151226T051610.png,ok,
1,1879,2015-12-26 18:29:00,2015-12-26 22:14:37,3.76032,282,47.52,95.039,7200,240,Z:\SPART-WORK\Data\Voyager\voyager1\mag\48s\reviewed_vim\2015\voyager1_48s_mag-vim_20150101_v01.cdf,C:\Users\Administrator\Documents\FWD_matlab\Voyager_fu\Voyager_Interstellar_Monthly\HighestPrecision_Segments\V1_MAG48s_segment_1879_20151226T182900_20151226T221437.png,ok,
1,1880,2015-12-27 10:54:36,2015-12-27 15:17:00,4.37328027777778,328,47.52,95.041,7200,240,Z:\SPART-WORK\Data\Voyager\voyager1\mag\48s\reviewed_vim\2015\voyager1_48s_mag-vim_20150101_v01.cdf,C:\Users\Administrator\Documents\FWD_matlab\Voyager_fu\Voyager_Interstellar_Monthly\HighestPrecision_Segments\V1_MAG48s_segment_1880_20151227T105436_20151227T151700.png,ok,
1,1881,2015-12-27 18:08:13,2015-12-27 20:36:13,2.46672,186,47.52,50.1120002441406,7200,240,Z:\SPART-WORK\Data\Voyager\voyager1\mag\48s\reviewed_vim\2015\voyager1_48s_mag-vim_20150101_v01.cdf,C:\Users\Administrator\Documents\FWD_matlab\Voyager_fu\Voyager_Interstellar_Monthly\HighestPrecision_Segments\V1_MAG48s_segment_1881_20151227T180813_20151227T203613.png,ok,
1,1882,2015-12-28 10:32:12,2015-12-28 13:14:37,2.70696,203,47.52,97.631,7200,240,Z:\SPART-WORK\Data\Voyager\voyager1\mag\48s\reviewed_vim\2015\voyager1_48s_mag-vim_20150101_v01.cdf,C:\Users\Administrator\Documents\FWD_matlab\Voyager_fu\Voyager_Interstellar_Monthly\HighestPrecision_Segments\V1_MAG48s_segment_1882_20151228T103212_20151228T131437.png,ok,
1,1883,2015-12-29 01:18:37,2015-12-29 05:00:11,3.69288,241,47.52,719.711999755859,7200,240,Z:\SPART-WORK\Data\Voyager\voyager1\mag\48s\reviewed_vim\2015\voyager1_48s_mag-vim_20150101_v01.cdf,C:\Users\Administrator\Documents\FWD_matlab\Voyager_fu\Voyager_Interstellar_Monthly\HighestPrecision_Segments\V1_MAG48s_segment_1883_20151229T011837_20151229T050011.png,ok,
1,1884,2015-12-29 10:20:59,2015-12-29 13:05:00,2.7336,204,47.52,145.152000244141,7200,240,Z:\SPART-WORK\Data\Voyager\voyager1\mag\48s\reviewed_vim\2015\voyager1_48s_mag-vim_20150101_v01.cdf,C:\Users\Administrator\Documents\FWD_matlab\Voyager_fu\Voyager_Interstellar_Monthly\HighestPrecision_Segments\V1_MAG48s_segment_1884_20151229T102059_20151229T130500.png,ok,
1,1885,2015-12-29 17:57:00,2015-12-29 22:07:24,4.17335972229004,311,47.52,192.672999755859,7200,240,Z:\SPART-WORK\Data\Voyager\voyager1\mag\48s\reviewed_vim\2015\voyager1_48s_mag-vim_20150101_v01.cdf,C:\Users\Administrator\Documents\FWD_matlab\Voyager_fu\Voyager_Interstellar_Monthly\HighestPrecision_Segments\V1_MAG48s_segment_1885_20151229T175700_20151229T220724.png,ok,
1,1886,2015-12-30 10:25:49,2015-12-30 15:36:12,5.17319999993218,388,47.52,95.0399997558594,7200,240,Z:\SPART-WORK\Data\Voyager\voyager1\mag\48s\reviewed_vim\2015\voyager1_48s_mag-vim_20150101_v01.cdf,C:\Users\Administrator\Documents\FWD_matlab\Voyager_fu\Voyager_Interstellar_Monthly\HighestPrecision_Segments\V1_MAG48s_segment_1886_20151230T102549_20151230T153612.png,ok,
1,1887,2015-12-30 17:52:13,2015-12-30 20:04:11,2.19935999993218,164,47.52,142.56,7200,240,Z:\SPART-WORK\Data\Voyager\voyager1\mag\48s\reviewed_vim\2015\voyager1_48s_mag-vim_20150101_v01.cdf,C:\Users\Administrator\Documents\FWD_matlab\Voyager_fu\Voyager_Interstellar_Monthly\HighestPrecision_Segments\V1_MAG48s_segment_1887_20151230T175213_20151230T200411.png,ok,
1,1888,2015-12-31 17:52:13,2015-12-31 22:53:49,5.02656027770996,376,47.52,142.56,7200,240,Z:\SPART-WORK\Data\Voyager\voyager1\mag\48s\reviewed_vim\2015\voyager1_48s_mag-vim_20150101_v01.cdf,C:\Users\Administrator\Documents\FWD_matlab\Voyager_fu\Voyager_Interstellar_Monthly\HighestPrecision_Segments\V1_MAG48s_segment_1888_20151231T175213_20151231T225349.png,ok,
1,1889,2016-01-01 10:16:13,2016-01-01 14:20:13,4.06680027777778,303,48.383,192.672,7200,240,Z:\SPART-WORK\Data\Voyager\voyager1\mag\48s\reviewed_vim\2016\voyager1_48s_mag-vim_20160101_v01.cdf,C:\Users\Administrator\Documents\FWD_matlab\Voyager_fu\Voyager_Interstellar_Monthly\HighestPrecision_Segments\V1_MAG48s_segment_1889_20160101T101613_20160101T142013.png,ok,
1,1890,2016-01-01 17:39:25,2016-01-01 20:09:01,2.49335972229004,186,48.383,143.424,7200,240,Z:\SPART-WORK\Data\Voyager\voyager1\mag\48s\reviewed_vim\2016\voyager1_48s_mag-vim_20160101_v01.cdf,C:\Users\Administrator\Documents\FWD_matlab\Voyager_fu\Voyager_Interstellar_Monthly\HighestPrecision_Segments\V1_MAG48s_segment_1890_20160101T173925_20160101T200901.png,ok,
1,1891,2016-01-02 10:13:01,2016-01-02 14:14:37,4.02672,294,48.383,383.617,7200,240,Z:\SPART-WORK\Data\Voyager\voyager1\mag\48s\reviewed_vim\2016\voyager1_48s_mag-vim_20160101_v01.cdf,C:\Users\Administrator\Documents\FWD_matlab\Voyager_fu\Voyager_Interstellar_Monthly\HighestPrecision_Segments\V1_MAG48s_segment_1891_20160102T101301_20160102T141437.png,ok,
1,1892,2016-01-02 17:45:49,2016-01-02 21:51:25,4.09320000006782,306,48.383,144.287,7200,240,Z:\SPART-WORK\Data\Voyager\voyager1\mag\48s\reviewed_vim\2016\voyager1_48s_mag-vim_20160101_v01.cdf,C:\Users\Administrator\Documents\FWD_matlab\Voyager_fu\Voyager_Interstellar_Monthly\HighestPrecision_Segments\V1_MAG48s_segment_1892_20160102T174549_20160102T215125.png,ok,
1,1893,2016-01-03 10:06:37,2016-01-03 14:19:25,4.21320027777778,314,48.383,191.807000244141,7200,240,Z:\SPART-WORK\Data\Voyager\voyager1\mag\48s\reviewed_vim\2016\voyager1_48s_mag-vim_20160101_v01.cdf,C:\Users\Administrator\Documents\FWD_matlab\Voyager_fu\Voyager_Interstellar_Monthly\HighestPrecision_Segments\V1_MAG48s_segment_1893_20160103T100637_20160103T141925.png,ok,
1,1894,2016-01-04 09:52:13,2016-01-04 13:32:13,3.66648,276,48.383,48.385,7200,240,Z:\SPART-WORK\Data\Voyager\voyager1\mag\48s\reviewed_vim\2016\voyager1_48s_mag-vim_20160101_v01.cdf,C:\Users\Administrator\Documents\FWD_matlab\Voyager_fu\Voyager_Interstellar_Monthly\HighestPrecision_Segments\V1_MAG48s_segment_1894_20160104T095213_20160104T133213.png,ok,
1,1895,2016-01-04 22:56:13,2016-01-05 01:22:37,2.44008027770996,182,48.3830002441406,143.424,7200,240,Z:\SPART-WORK\Data\Voyager\voyager1\mag\48s\reviewed_vim\2016\voyager1_48s_mag-vim_20160101_v01.cdf,C:\Users\Administrator\Documents\FWD_matlab\Voyager_fu\Voyager_Interstellar_Monthly\HighestPrecision_Segments\V1_MAG48s_segment_1895_20160104T225613_20160105T012237.png,ok,
1,1896,2016-01-05 10:14:37,2016-01-05 19:55:24,9.67991972222222,721,48.383,240.191,7200,240,Z:\SPART-WORK\Data\Voyager\voyager1\mag\48s\reviewed_vim\2016\voyager1_48s_mag-vim_20160101_v01.cdf,C:\Users\Administrator\Documents\FWD_matlab\Voyager_fu\Voyager_Interstellar_Monthly\HighestPrecision_Segments\V1_MAG48s_segment_1896_20160105T101437_20160105T195524.png,ok,
1,1897,2016-01-05 22:38:37,2016-01-05 23:18:37,0.66672,51,48.3834998779297,48.385,7200,240,Z:\SPART-WORK\Data\Voyager\voyager1\mag\48s\reviewed_vim\2016\voyager1_48s_mag-vim_20160101_v01.cdf,C:\Users\Administrator\Documents\FWD_matlab\Voyager_fu\Voyager_Interstellar_Monthly\HighestPrecision_Segments\V1_MAG48s_segment_1897_20160105T223837_20160105T231837.png,ok,
1,1898,2016-01-06 09:49:01,2016-01-06 13:49:49,4.01352,302,48.3830002441406,48.385,7200,240,Z:\SPART-WORK\Data\Voyager\voyager1\mag\48s\reviewed_vim\2016\voyager1_48s_mag-vim_20160101_v01.cdf,C:\Users\Administrator\Documents\FWD_matlab\Voyager_fu\Voyager_Interstellar_Monthly\HighestPrecision_Segments\V1_MAG48s_segment_1898_20160106T094901_20160106T134949.png,ok,
1,1899,2016-01-06 17:23:25,2016-01-06 21:01:49,3.64007999993218,272,48.3830002441406,144.288,7200,240,Z:\SPART-WORK\Data\Voyager\voyager1\mag\48s\reviewed_vim\2016\voyager1_48s_mag-vim_20160101_v01.cdf,C:\Users\Administrator\Documents\FWD_matlab\Voyager_fu\Voyager_Interstellar_Monthly\HighestPrecision_Segments\V1_MAG48s_segment_1899_20160106T172325_20160106T210149.png,ok,
1,1900,2016-01-07 09:52:13,2016-01-07 12:39:25,2.78664,198,48.3830002441406,431.999000244141,7200,240,Z:\SPART-WORK\Data\Voyager\voyager1\mag\48s\reviewed_vim\2016\voyager1_48s_mag-vim_20160101_v01.cdf,C:\Users\Administrator\Documents\FWD_matlab\Voyager_fu\Voyager_Interstellar_Monthly\HighestPrecision_Segments\V1_MAG48s_segment_1900_20160107T095213_20160107T123925.png,ok,
1,1901,2016-01-07 23:12:13,2016-01-08 03:13:49,4.02672,218,48.3839997558594,3887.999,7200,240,Z:\SPART-WORK\Data\Voyager\voyager1\mag\48s\reviewed_vim\2016\voyager1_48s_mag-vim_20160101_v01.cdf,C:\Users\Administrator\Documents\FWD_matlab\Voyager_fu\Voyager_Interstellar_Monthly\HighestPrecision_Segments\V1_MAG48s_segment_1901_20160107T231213_20160108T031349.png,ok,
1,1902,2016-01-08 09:39:25,2016-01-08 13:49:49,4.17335972222222,314,48.3839997558594,48.385,7200,240,Z:\SPART-WORK\Data\Voyager\voyager1\mag\48s\reviewed_vim\2016\voyager1_48s_mag-vim_20160101_v01.cdf,C:\Users\Administrator\Documents\FWD_matlab\Voyager_fu\Voyager_Interstellar_Monthly\HighestPrecision_Segments\V1_MAG48s_segment_1902_20160108T093925_20160108T134949.png,ok,
1,1903,2016-01-08 17:20:13,2016-01-08 19:50:37,2.50656,187,48.3839997558594,144.289,7200,240,Z:\SPART-WORK\Data\Voyager\voyager1\mag\48s\reviewed_vim\2016\voyager1_48s_mag-vim_20160101_v01.cdf,C:\Users\Administrator\Documents\FWD_matlab\Voyager_fu\Voyager_Interstellar_Monthly\HighestPrecision_Segments\V1_MAG48s_segment_1903_20160108T172013_20160108T195037.png,ok,
1,1904,2016-01-09 09:37:49,2016-01-09 12:33:01,2.91984,213,48.3839997558594,191.808,7200,240,Z:\SPART-WORK\Data\Voyager\voyager1\mag\48s\reviewed_vim\2016\voyager1_48s_mag-vim_20160101_v01.cdf,C:\Users\Administrator\Documents\FWD_matlab\Voyager_fu\Voyager_Interstellar_Monthly\HighestPrecision_Segments\V1_MAG48s_segment_1904_20160109T093749_20160109T123301.png,ok,
1,1905,2016-01-09 17:17:00,2016-01-09 21:21:01,4.06679972229004,306,48.3839997558594,48.385,7200,240,Z:\SPART-WORK\Data\Voyager\voyager1\mag\48s\reviewed_vim\2016\voyager1_48s_mag-vim_20160101_v01.cdf,C:\Users\Administrator\Documents\FWD_matlab\Voyager_fu\Voyager_Interstellar_Monthly\HighestPrecision_Segments\V1_MAG48s_segment_1905_20160109T171700_20160109T212101.png,ok,
1,1906,2016-01-10 09:52:12,2016-01-10 13:45:01,3.88007972222222,290,48.3839997558594,144.287,7200,240,Z:\SPART-WORK\Data\Voyager\voyager1\mag\48s\reviewed_vim\2016\voyager1_48s_mag-vim_20160101_v01.cdf,C:\Users\Administrator\Documents\FWD_matlab\Voyager_fu\Voyager_Interstellar_Monthly\HighestPrecision_Segments\V1_MAG48s_segment_1906_20160110T095212_20160110T134501.png,ok,
1,1907,2016-01-10 17:04:12,2016-01-10 19:40:13,2.60016,194,48.3839997558594,144.289,7200,240,Z:\SPART-WORK\Data\Voyager\voyager1\mag\48s\reviewed_vim\2016\voyager1_48s_mag-vim_20160101_v01.cdf,C:\Users\Administrator\Documents\FWD_matlab\Voyager_fu\Voyager_Interstellar_Monthly\HighestPrecision_Segments\V1_MAG48s_segment_1907_20160110T170412_20160110T194013.png,ok,
1,1908,2016-01-11 09:37:48,2016-01-11 12:19:25,2.69351972222222,202,48.3839997558594,96.768,7200,240,Z:\SPART-WORK\Data\Voyager\voyager1\mag\48s\reviewed_vim\2016\voyager1_48s_mag-vim_20160101_v01.cdf,C:\Users\Administrator\Documents\FWD_matlab\Voyager_fu\Voyager_Interstellar_Monthly\HighestPrecision_Segments\V1_MAG48s_segment_1908_20160111T093748_20160111T121925.png,ok,
1,1909,2016-01-12 00:06:37,2016-01-12 04:05:00,3.97319999993218,278,48.3839997558594,287.712,7200,240,Z:\SPART-WORK\Data\Voyager\voyager1\mag\48s\reviewed_vim\2016\voyager1_48s_mag-vim_20160101_v01.cdf,C:\Users\Administrator\Documents\FWD_matlab\Voyager_fu\Voyager_Interstellar_Monthly\HighestPrecision_Segments\V1_MAG48s_segment_1909_20160112T000637_20160112T040500.png,ok,
1,1910,2016-01-12 17:07:25,2016-01-12 21:09:49,4.03991972222222,302,48.3839997558594,144.287000244141,7200,240,Z:\SPART-WORK\Data\Voyager\voyager1\mag\48s\reviewed_vim\2016\voyager1_48s_mag-vim_20160101_v01.cdf,C:\Users\Administrator\Documents\FWD_matlab\Voyager_fu\Voyager_Interstellar_Monthly\HighestPrecision_Segments\V1_MAG48s_segment_1910_20160112T170725_20160112T210949.png,ok,
1,1911,2016-01-13 09:31:25,2016-01-13 14:45:48,5.23992,390,48.3839997558594,240.192,7200,240,Z:\SPART-WORK\Data\Voyager\voyager1\mag\48s\reviewed_vim\2016\voyager1_48s_mag-vim_20160101_v01.cdf,C:\Users\Administrator\Documents\FWD_matlab\Voyager_fu\Voyager_Interstellar_Monthly\HighestPrecision_Segments\V1_MAG48s_segment_1911_20160113T093125_20160113T144548.png,ok,
1,1912,2016-01-14 17:01:01,2016-01-14 21:00:12,3.98664,300,48.3839997558594,48.385,7200,240,Z:\SPART-WORK\Data\Voyager\voyager1\mag\48s\reviewed_vim\2016\voyager1_48s_mag-vim_20160101_v01.cdf,C:\Users\Administrator\Documents\FWD_matlab\Voyager_fu\Voyager_Interstellar_Monthly\HighestPrecision_Segments\V1_MAG48s_segment_1912_20160114T170101_20160114T210012.png,ok,
1,1913,2016-01-15 09:18:37,2016-01-15 12:04:13,2.75999972222222,198,48.3839997558594,480.385,7200,240,Z:\SPART-WORK\Data\Voyager\voyager1\mag\48s\reviewed_vim\2016\voyager1_48s_mag-vim_20160101_v01.cdf,C:\Users\Administrator\Documents\FWD_matlab\Voyager_fu\Voyager_Interstellar_Monthly\HighestPrecision_Segments\V1_MAG48s_segment_1913_20160115T091837_20160115T120413.png,ok,
1,1914,2016-01-15 22:06:36,2016-01-16 02:49:49,4.72008,352,48.3839997558594,192.671000244141,7200,240,Z:\SPART-WORK\Data\Voyager\voyager1\mag\48s\reviewed_vim\2016\voyager1_48s_mag-vim_20160101_v01.cdf,C:\Users\Administrator\Documents\FWD_matlab\Voyager_fu\Voyager_Interstellar_Monthly\HighestPrecision_Segments\V1_MAG48s_segment_1914_20160115T220636_20160116T024949.png,ok,
1,1915,2016-01-16 09:08:13,2016-01-16 13:19:24,4.18656,294,48.3839997558594,863.999,7200,240,Z:\SPART-WORK\Data\Voyager\voyager1\mag\48s\reviewed_vim\2016\voyager1_48s_mag-vim_20160101_v01.cdf,C:\Users\Administrator\Documents\FWD_matlab\Voyager_fu\Voyager_Interstellar_Monthly\HighestPrecision_Segments\V1_MAG48s_segment_1915_20160116T090813_20160116T131924.png,ok,
1,1916,2016-01-17 16:45:01,2016-01-17 20:49:00,4.06656027777778,306,48.3839997558594,48.385,7200,240,Z:\SPART-WORK\Data\Voyager\voyager1\mag\48s\reviewed_vim\2016\voyager1_48s_mag-vim_20160101_v01.cdf,C:\Users\Administrator\Documents\FWD_matlab\Voyager_fu\Voyager_Interstellar_Monthly\HighestPrecision_Segments\V1_MAG48s_segment_1916_20160117T164501_20160117T204900.png,ok,
1,1917,2016-01-18 16:43:25,2016-01-18 21:04:13,4.34664,326,48.3839997558594,95.904,7200,240,Z:\SPART-WORK\Data\Voyager\voyager1\mag\48s\reviewed_vim\2016\voyager1_48s_mag-vim_20160101_v01.cdf,C:\Users\Administrator\Documents\FWD_matlab\Voyager_fu\Voyager_Interstellar_Monthly\HighestPrecision_Segments\V1_MAG48s_segment_1917_20160118T164325_20160118T210413.png,ok,
1,1918,2016-01-20 00:06:36,2016-01-20 04:09:01,4.04016,198,48.384,4943.807,7200,240,Z:\SPART-WORK\Data\Voyager\voyager1\mag\48s\reviewed_vim\2016\voyager1_48s_mag-vim_20160101_v01.cdf,C:\Users\Administrator\Documents\FWD_matlab\Voyager_fu\Voyager_Interstellar_Monthly\HighestPrecision_Segments\V1_MAG48s_segment_1918_20160120T000636_20160120T040901.png,ok,
1,1919,2016-01-20 10:45:01,2016-01-20 19:02:36,8.2932,484,48.3839997558594,6575.904,7200,240,Z:\SPART-WORK\Data\Voyager\voyager1\mag\48s\reviewed_vim\2016\voyager1_48s_mag-vim_20160101_v01.cdf,C:\Users\Administrator\Documents\FWD_matlab\Voyager_fu\Voyager_Interstellar_Monthly\HighestPrecision_Segments\V1_MAG48s_segment_1919_20160120T104501_20160120T190236.png,ok,
1,1920,2016-01-21 16:32:13,2016-01-21 20:34:36,4.03992,302,48.3839997558594,144.288000244141,7200,240,Z:\SPART-WORK\Data\Voyager\voyager1\mag\48s\reviewed_vim\2016\voyager1_48s_mag-vim_20160101_v01.cdf,C:\Users\Administrator\Documents\FWD_matlab\Voyager_fu\Voyager_Interstellar_Monthly\HighestPrecision_Segments\V1_MAG48s_segment_1920_20160121T163213_20160121T203436.png,ok,
1,1921,2016-01-22 10:25:49,2016-01-22 11:49:49,1.39992027770996,105,48.3839998779297,95.9049997558594,7200,240,Z:\SPART-WORK\Data\Voyager\voyager1\mag\48s\reviewed_vim\2016\voyager1_48s_mag-vim_20160101_v01.cdf,C:\Users\Administrator\Documents\FWD_matlab\Voyager_fu\Voyager_Interstellar_Monthly\HighestPrecision_Segments\V1_MAG48s_segment_1921_20160122T102549_20160122T114949.png,ok,
1,1922,2016-01-22 17:50:36,2016-01-23 00:20:13,6.49344,477,48.3839998779297,192.672,7200,240,Z:\SPART-WORK\Data\Voyager\voyager1\mag\48s\reviewed_vim\2016\voyager1_48s_mag-vim_20160101_v01.cdf,C:\Users\Administrator\Documents\FWD_matlab\Voyager_fu\Voyager_Interstellar_Monthly\HighestPrecision_Segments\V1_MAG48s_segment_1922_20160122T175036_20160123T002013.png,ok,
1,1923,2016-01-23 09:12:12,2016-01-23 12:54:37,3.7068,269,48.3839998779297,240.192,7200,240,Z:\SPART-WORK\Data\Voyager\voyager1\mag\48s\reviewed_vim\2016\voyager1_48s_mag-vim_20160101_v01.cdf,C:\Users\Administrator\Documents\FWD_matlab\Voyager_fu\Voyager_Interstellar_Monthly\HighestPrecision_Segments\V1_MAG48s_segment_1923_20160123T091212_20160123T125437.png,ok,
1,1924,2016-01-24 08:54:36,2016-01-24 12:49:48,3.91992027770996,293,48.3839997558594,143.425,7200,240,Z:\SPART-WORK\Data\Voyager\voyager1\mag\48s\reviewed_vim\2016\voyager1_48s_mag-vim_20160101_v01.cdf,C:\Users\Administrator\Documents\FWD_matlab\Voyager_fu\Voyager_Interstellar_Monthly\HighestPrecision_Segments\V1_MAG48s_segment_1924_20160124T085436_20160124T124948.png,ok,
1,1925,2016-01-25 09:36:12,2016-01-25 13:13:48,3.62663972229004,271,48.3839998779297,143.424,7200,240,Z:\SPART-WORK\Data\Voyager\voyager1\mag\48s\reviewed_vim\2016\voyager1_48s_mag-vim_20160101_v01.cdf,C:\Users\Administrator\Documents\FWD_matlab\Voyager_fu\Voyager_Interstellar_Monthly\HighestPrecision_Segments\V1_MAG48s_segment_1925_20160125T093612_20160125T131348.png,ok,
1,1926,2016-01-25 22:13:00,2016-01-26 02:09:48,3.94680027777778,295,48.3839997558594,96.7680002441406,7200,240,Z:\SPART-WORK\Data\Voyager\voyager1\mag\48s\reviewed_vim\2016\voyager1_48s_mag-vim_20160101_v01.cdf,C:\Users\Administrator\Documents\FWD_matlab\Voyager_fu\Voyager_Interstellar_Monthly\HighestPrecision_Segments\V1_MAG48s_segment_1926_20160125T221300_20160126T020948.png,ok,
1,1927,2016-01-27 08:35:25,2016-01-27 12:35:24,3.99984,301,48.3839997558594,48.385,7200,240,Z:\SPART-WORK\Data\Voyager\voyager1\mag\48s\reviewed_vim\2016\voyager1_48s_mag-vim_20160101_v01.cdf,C:\Users\Administrator\Documents\FWD_matlab\Voyager_fu\Voyager_Interstellar_Monthly\HighestPrecision_Segments\V1_MAG48s_segment_1927_20160127T083525_20160127T123524.png,ok,
1,1928,2016-01-27 18:53:01,2016-01-27 22:05:49,3.21336000006782,240,48.3839997558594,144.289,7200,240,Z:\SPART-WORK\Data\Voyager\voyager1\mag\48s\reviewed_vim\2016\voyager1_48s_mag-vim_20160101_v01.cdf,C:\Users\Administrator\Documents\FWD_matlab\Voyager_fu\Voyager_Interstellar_Monthly\HighestPrecision_Segments\V1_MAG48s_segment_1928_20160127T185301_20160127T220549.png,ok,
1,1929,2016-01-28 11:49:00,2016-01-28 18:29:48,6.67992,491,48.3839997558594,336.095000244141,7200,240,Z:\SPART-WORK\Data\Voyager\voyager1\mag\48s\reviewed_vim\2016\voyager1_48s_mag-vim_20160101_v01.cdf,C:\Users\Administrator\Documents\FWD_matlab\Voyager_fu\Voyager_Interstellar_Monthly\HighestPrecision_Segments\V1_MAG48s_segment_1929_20160128T114900_20160128T182948.png,ok,
1,1930,2016-01-29 08:27:24,2016-01-29 11:14:36,2.78663972222222,209,48.3839997558594,95.904,7200,240,Z:\SPART-WORK\Data\Voyager\voyager1\mag\48s\reviewed_vim\2016\voyager1_48s_mag-vim_20160101_v01.cdf,C:\Users\Administrator\Documents\FWD_matlab\Voyager_fu\Voyager_Interstellar_Monthly\HighestPrecision_Segments\V1_MAG48s_segment_1930_20160129T082724_20160129T111436.png,ok,
1,1931,2016-01-29 17:21:48,2016-01-29 21:31:25,4.16016027777778,310,48.3839997558594,192.673,7200,240,Z:\SPART-WORK\Data\Voyager\voyager1\mag\48s\reviewed_vim\2016\voyager1_48s_mag-vim_20160101_v01.cdf,C:\Users\Administrator\Documents\FWD_matlab\Voyager_fu\Voyager_Interstellar_Monthly\HighestPrecision_Segments\V1_MAG48s_segment_1931_20160129T172148_20160129T213125.png,ok,
1,1932,2016-01-30 18:46:36,2016-01-31 00:56:13,6.16007972222222,461,48.3839997558594,143.424,7200,240,Z:\SPART-WORK\Data\Voyager\voyager1\mag\48s\reviewed_vim\2016\voyager1_48s_mag-vim_20160101_v01.cdf,C:\Users\Administrator\Documents\FWD_matlab\Voyager_fu\Voyager_Interstellar_Monthly\HighestPrecision_Segments\V1_MAG48s_segment_1932_20160130T184636_20160131T005613.png,ok,
1,1933,2016-01-31 08:17:49,2016-01-31 08:56:12,0.63984,48,48.3839997558594,95.904,7200,240,Z:\SPART-WORK\Data\Voyager\voyager1\mag\48s\reviewed_vim\2016\voyager1_48s_mag-vim_20160101_v01.cdf,C:\Users\Administrator\Documents\FWD_matlab\Voyager_fu\Voyager_Interstellar_Monthly\HighestPrecision_Segments\V1_MAG48s_segment_1933_20160131T081749_20160131T085612.png,ok,
1,1934,2016-01-31 11:51:25,2016-01-31 12:20:13,0.480000277777778,37,48.384,48.385,7200,240,Z:\SPART-WORK\Data\Voyager\voyager1\mag\48s\reviewed_vim\2016\voyager1_48s_mag-vim_20160101_v01.cdf,C:\Users\Administrator\Documents\FWD_matlab\Voyager_fu\Voyager_Interstellar_Monthly\HighestPrecision_Segments\V1_MAG48s_segment_1934_20160131T115125_20160131T122013.png,ok,
1,1935,2016-02-01 08:17:48,2016-02-01 08:37:48,0.333359722222222,25,48.3839997558594,95.9030002441406,7200,240,Z:\SPART-WORK\Data\Voyager\voyager1\mag\48s\reviewed_vim\2016\voyager1_48s_mag-vim_20160101_v01.cdf,C:\Users\Administrator\Documents\FWD_matlab\Voyager_fu\Voyager_Interstellar_Monthly\HighestPrecision_Segments\V1_MAG48s_segment_1935_20160201T081748_20160201T083748.png,ok,
1,1936,2016-02-01 11:57:48,2016-02-01 12:24:13,0.44016,34,48.384,48.385,7200,240,Z:\SPART-WORK\Data\Voyager\voyager1\mag\48s\reviewed_vim\2016\voyager1_48s_mag-vim_20160101_v01.cdf,C:\Users\Administrator\Documents\FWD_matlab\Voyager_fu\Voyager_Interstellar_Monthly\HighestPrecision_Segments\V1_MAG48s_segment_1936_20160201T115748_20160201T122413.png,ok,
1,1937,2016-02-02 08:04:12,2016-02-02 11:00:12,2.93328,123,48.3839997558594,4703.616,7200,240,Z:\SPART-WORK\Data\Voyager\voyager1\mag\48s\reviewed_vim\2016\voyager1_48s_mag-vim_20160101_v01.cdf,C:\Users\Administrator\Documents\FWD_matlab\Voyager_fu\Voyager_Interstellar_Monthly\HighestPrecision_Segments\V1_MAG48s_segment_1937_20160202T080412_20160202T110012.png,ok,
1,1938,2016-02-02 17:37:48,2016-02-02 17:52:12,0.240000277777778,16,48.3839997558594,192.671,7200,240,Z:\SPART-WORK\Data\Voyager\voyager1\mag\48s\reviewed_vim\2016\voyager1_48s_mag-vim_20160101_v01.cdf,C:\Users\Administrator\Documents\FWD_matlab\Voyager_fu\Voyager_Interstellar_Monthly\HighestPrecision_Segments\V1_MAG48s_segment_1938_20160202T173748_20160202T175212.png,ok,
1,1939,2016-02-02 21:02:36,2016-02-02 21:52:12,0.8268,63,48.3839997558594,48.3840002441406,7200,240,Z:\SPART-WORK\Data\Voyager\voyager1\mag\48s\reviewed_vim\2016\voyager1_48s_mag-vim_20160101_v01.cdf,C:\Users\Administrator\Documents\FWD_matlab\Voyager_fu\Voyager_Interstellar_Monthly\HighestPrecision_Segments\V1_MAG48s_segment_1939_20160202T210236_20160202T215212.png,ok,
1,1940,2016-02-03 07:58:36,2016-02-03 08:54:36,0.933360000067817,70,48.3839997558594,95.905,7200,240,Z:\SPART-WORK\Data\Voyager\voyager1\mag\48s\reviewed_vim\2016\voyager1_48s_mag-vim_20160101_v01.cdf,C:\Users\Administrator\Documents\FWD_matlab\Voyager_fu\Voyager_Interstellar_Monthly\HighestPrecision_Segments\V1_MAG48s_segment_1940_20160203T075836_20160203T085436.png,ok,
1,1941,2016-02-03 14:01:00,2016-02-03 14:05:48,0.08016,7,48.3839998779297,48.384,7200,240,Z:\SPART-WORK\Data\Voyager\voyager1\mag\48s\reviewed_vim\2016\voyager1_48s_mag-vim_20160101_v01.cdf,C:\Users\Administrator\Documents\FWD_matlab\Voyager_fu\Voyager_Interstellar_Monthly\HighestPrecision_Segments\V1_MAG48s_segment_1941_20160203T140100_20160203T140548.png,ok,
1,1942,2016-02-03 18:37:00,2016-02-04 00:45:48,6.14664,460,48.3839997558594,143.424,7200,240,Z:\SPART-WORK\Data\Voyager\voyager1\mag\48s\reviewed_vim\2016\voyager1_48s_mag-vim_20160101_v01.cdf,C:\Users\Administrator\Documents\FWD_matlab\Voyager_fu\Voyager_Interstellar_Monthly\HighestPrecision_Segments\V1_MAG48s_segment_1942_20160203T183700_20160204T004548.png,ok,
1,1943,2016-02-04 10:25:48,2016-02-04 11:00:12,0.57336,43,48.3839997558594,95.903,7200,240,Z:\SPART-WORK\Data\Voyager\voyager1\mag\48s\reviewed_vim\2016\voyager1_48s_mag-vim_20160101_v01.cdf,C:\Users\Administrator\Documents\FWD_matlab\Voyager_fu\Voyager_Interstellar_Monthly\HighestPrecision_Segments\V1_MAG48s_segment_1943_20160204T102548_20160204T110012.png,ok,
1,1944,2016-02-04 16:43:24,2016-02-04 19:05:00,2.36015999993218,170,48.3839997558594,384.479,7200,240,Z:\SPART-WORK\Data\Voyager\voyager1\mag\48s\reviewed_vim\2016\voyager1_48s_mag-vim_20160101_v01.cdf,C:\Users\Administrator\Documents\FWD_matlab\Voyager_fu\Voyager_Interstellar_Monthly\HighestPrecision_Segments\V1_MAG48s_segment_1944_20160204T164324_20160204T190500.png,ok,
1,1945,2016-02-05 07:57:00,2016-02-05 10:45:01,2.80007972222222,209,48.3839997558594,144.288999755859,7200,240,Z:\SPART-WORK\Data\Voyager\voyager1\mag\48s\reviewed_vim\2016\voyager1_48s_mag-vim_20160101_v01.cdf,C:\Users\Administrator\Documents\FWD_matlab\Voyager_fu\Voyager_Interstellar_Monthly\HighestPrecision_Segments\V1_MAG48s_segment_1945_20160205T075700_20160205T104501.png,ok,
1,1946,2016-02-05 16:53:00,2016-02-06 00:34:37,7.69344,575,48.3839997558594,191.807000244141,7200,240,Z:\SPART-WORK\Data\Voyager\voyager1\mag\48s\reviewed_vim\2016\voyager1_48s_mag-vim_20160101_v01.cdf,C:\Users\Administrator\Documents\FWD_matlab\Voyager_fu\Voyager_Interstellar_Monthly\HighestPrecision_Segments\V1_MAG48s_segment_1946_20160205T165300_20160206T003437.png,ok,
1,1947,2016-02-06 17:36:12,2016-02-06 22:34:36,4.97327972222222,372,48.3839997558594,143.424,7200,240,Z:\SPART-WORK\Data\Voyager\voyager1\mag\48s\reviewed_vim\2016\voyager1_48s_mag-vim_20160101_v01.cdf,C:\Users\Administrator\Documents\FWD_matlab\Voyager_fu\Voyager_Interstellar_Monthly\HighestPrecision_Segments\V1_MAG48s_segment_1947_20160206T173612_20160206T223436.png,ok,
1,1948,2016-02-07 07:50:36,2016-02-07 08:59:24,1.14671972222222,87,48.3839997558594,48.3840002441406,7200,240,Z:\SPART-WORK\Data\Voyager\voyager1\mag\48s\reviewed_vim\2016\voyager1_48s_mag-vim_20160101_v01.cdf,C:\Users\Administrator\Documents\FWD_matlab\Voyager_fu\Voyager_Interstellar_Monthly\HighestPrecision_Segments\V1_MAG48s_segment_1948_20160207T075036_20160207T085924.png,ok,
1,1949,2016-02-07 11:25:00,2016-02-07 12:01:00,0.6,46,48.3839997558594,48.3840002441406,7200,240,Z:\SPART-WORK\Data\Voyager\voyager1\mag\48s\reviewed_vim\2016\voyager1_48s_mag-vim_20160101_v01.cdf,C:\Users\Administrator\Documents\FWD_matlab\Voyager_fu\Voyager_Interstellar_Monthly\HighestPrecision_Segments\V1_MAG48s_segment_1949_20160207T112500_20160207T120100.png,ok,
1,1950,2016-02-08 07:49:00,2016-02-08 08:05:00,0.266640000067817,18,48.384,191.808,7200,240,Z:\SPART-WORK\Data\Voyager\voyager1\mag\48s\reviewed_vim\2016\voyager1_48s_mag-vim_20160101_v01.cdf,C:\Users\Administrator\Documents\FWD_matlab\Voyager_fu\Voyager_Interstellar_Monthly\HighestPrecision_Segments\V1_MAG48s_segment_1950_20160208T074900_20160208T080500.png,ok,
1,1951,2016-02-08 11:22:36,2016-02-08 11:51:24,0.480000277777778,37,48.3839997558594,48.3840002441406,7200,240,Z:\SPART-WORK\Data\Voyager\voyager1\mag\48s\reviewed_vim\2016\voyager1_48s_mag-vim_20160101_v01.cdf,C:\Users\Administrator\Documents\FWD_matlab\Voyager_fu\Voyager_Interstellar_Monthly\HighestPrecision_Segments\V1_MAG48s_segment_1951_20160208T112236_20160208T115124.png,ok,
1,1952,2016-02-08 16:41:48,2016-02-08 18:49:48,2.13336,159,48.3839997558594,143.424,7200,240,Z:\SPART-WORK\Data\Voyager\voyager1\mag\48s\reviewed_vim\2016\voyager1_48s_mag-vim_20160101_v01.cdf,C:\Users\Administrator\Documents\FWD_matlab\Voyager_fu\Voyager_Interstellar_Monthly\HighestPrecision_Segments\V1_MAG48s_segment_1952_20160208T164148_20160208T184948.png,ok,
1,1953,2016-02-09 04:59:24,2016-02-09 05:09:00,0.16008,2,576.288,576.288,7200,240,Z:\SPART-WORK\Data\Voyager\voyager1\mag\48s\reviewed_vim\2016\voyager1_48s_mag-vim_20160101_v01.cdf,C:\Users\Administrator\Documents\FWD_matlab\Voyager_fu\Voyager_Interstellar_Monthly\HighestPrecision_Segments\V1_MAG48s_segment_1953_20160209T045924_20160209T050900.png,ok,
1,1954,2016-02-09 18:06:36,2016-02-09 18:31:24,0.41328,29,48.3839997558594,191.808000244141,7200,240,Z:\SPART-WORK\Data\Voyager\voyager1\mag\48s\reviewed_vim\2016\voyager1_48s_mag-vim_20160101_v01.cdf,C:\Users\Administrator\Documents\FWD_matlab\Voyager_fu\Voyager_Interstellar_Monthly\HighestPrecision_Segments\V1_MAG48s_segment_1954_20160209T180636_20160209T183124.png,ok,
1,1955,2016-02-09 23:34:36,2016-02-10 01:15:24,1.68,127,48.3839997558594,48.385,7200,240,Z:\SPART-WORK\Data\Voyager\voyager1\mag\48s\reviewed_vim\2016\voyager1_48s_mag-vim_20160101_v01.cdf,C:\Users\Administrator\Documents\FWD_matlab\Voyager_fu\Voyager_Interstellar_Monthly\HighestPrecision_Segments\V1_MAG48s_segment_1955_20160209T233436_20160210T011524.png,ok,
1,1956,2016-02-10 08:35:24,2016-02-10 11:01:00,2.42663972222222,181,48.3839997558594,144.287,7200,240,Z:\SPART-WORK\Data\Voyager\voyager1\mag\48s\reviewed_vim\2016\voyager1_48s_mag-vim_20160101_v01.cdf,C:\Users\Administrator\Documents\FWD_matlab\Voyager_fu\Voyager_Interstellar_Monthly\HighestPrecision_Segments\V1_MAG48s_segment_1956_20160210T083524_20160210T110100.png,ok,
1,1957,2016-02-10 17:25:00,2016-02-10 17:35:24,0.17328,13,48.3839998779297,95.904,7200,240,Z:\SPART-WORK\Data\Voyager\voyager1\mag\48s\reviewed_vim\2016\voyager1_48s_mag-vim_20160101_v01.cdf,C:\Users\Administrator\Documents\FWD_matlab\Voyager_fu\Voyager_Interstellar_Monthly\HighestPrecision_Segments\V1_MAG48s_segment_1957_20160210T172500_20160210T173524.png,ok,
1,1958,2016-02-11 07:26:36,2016-02-11 10:19:24,2.87999972222222,216,48.3839997558594,95.9030002441406,7200,240,Z:\SPART-WORK\Data\Voyager\voyager1\mag\48s\reviewed_vim\2016\voyager1_48s_mag-vim_20160101_v01.cdf,C:\Users\Administrator\Documents\FWD_matlab\Voyager_fu\Voyager_Interstellar_Monthly\HighestPrecision_Segments\V1_MAG48s_segment_1958_20160211T072636_20160211T101924.png,ok,
1,1959,2016-02-11 17:23:24,2016-02-11 21:25:00,4.02672,301,48.3839997558594,144.288,7200,240,Z:\SPART-WORK\Data\Voyager\voyager1\mag\48s\reviewed_vim\2016\voyager1_48s_mag-vim_20160101_v01.cdf,C:\Users\Administrator\Documents\FWD_matlab\Voyager_fu\Voyager_Interstellar_Monthly\HighestPrecision_Segments\V1_MAG48s_segment_1959_20160211T172324_20160211T212500.png,ok,
1,1960,2016-02-12 10:09:48,2016-02-12 11:35:24,1.42656027777778,105,48.3839997558594,191.808,7200,240,Z:\SPART-WORK\Data\Voyager\voyager1\mag\48s\reviewed_vim\2016\voyager1_48s_mag-vim_20160101_v01.cdf,C:\Users\Administrator\Documents\FWD_matlab\Voyager_fu\Voyager_Interstellar_Monthly\HighestPrecision_Segments\V1_MAG48s_segment_1960_20160212T100948_20160212T113524.png,ok,
1,1961,2016-02-13 07:25:00,2016-02-13 11:29:48,4.08000027777778,294,48.3839997558594,527.903,7200,240,Z:\SPART-WORK\Data\Voyager\voyager1\mag\48s\reviewed_vim\2016\voyager1_48s_mag-vim_20160101_v01.cdf,C:\Users\Administrator\Documents\FWD_matlab\Voyager_fu\Voyager_Interstellar_Monthly\HighestPrecision_Segments\V1_MAG48s_segment_1961_20160213T072500_20160213T112948.png,ok,
1,1962,2016-02-14 07:20:12,2016-02-14 11:27:24,4.12008,309,48.3839997558594,95.9030002441406,7200,240,Z:\SPART-WORK\Data\Voyager\voyager1\mag\48s\reviewed_vim\2016\voyager1_48s_mag-vim_20160101_v01.cdf,C:\Users\Administrator\Documents\FWD_matlab\Voyager_fu\Voyager_Interstellar_Monthly\HighestPrecision_Segments\V1_MAG48s_segment_1962_20160214T072012_20160214T112724.png,ok,
1,1963,2016-02-15 11:02:36,2016-02-15 14:05:00,3.04007972229004,227,48.3839997558594,144.287,7200,240,Z:\SPART-WORK\Data\Voyager\voyager1\mag\48s\reviewed_vim\2016\voyager1_48s_mag-vim_20160101_v01.cdf,C:\Users\Administrator\Documents\FWD_matlab\Voyager_fu\Voyager_Interstellar_Monthly\HighestPrecision_Segments\V1_MAG48s_segment_1963_20160215T110236_20160215T140500.png,ok,
1,1964,2016-02-15 19:33:00,2016-02-16 00:21:00,4.79999972222222,360,48.3839997558594,95.903,7200,240,Z:\SPART-WORK\Data\Voyager\voyager1\mag\48s\reviewed_vim\2016\voyager1_48s_mag-vim_20160101_v01.cdf,C:\Users\Administrator\Documents\FWD_matlab\Voyager_fu\Voyager_Interstellar_Monthly\HighestPrecision_Segments\V1_MAG48s_segment_1964_20160215T193300_20160216T002100.png,ok,
1,1965,2016-02-16 07:31:24,2016-02-16 13:05:00,5.55984027777778,418,48.3839997558594,48.385,7200,240,Z:\SPART-WORK\Data\Voyager\voyager1\mag\48s\reviewed_vim\2016\voyager1_48s_mag-vim_20160101_v01.cdf,C:\Users\Administrator\Documents\FWD_matlab\Voyager_fu\Voyager_Interstellar_Monthly\HighestPrecision_Segments\V1_MAG48s_segment_1965_20160216T073124_20160216T130500.png,ok,
1,1966,2016-02-16 20:19:24,2016-02-16 22:05:00,1.75992027770996,131,48.3839997558594,143.424,7200,240,Z:\SPART-WORK\Data\Voyager\voyager1\mag\48s\reviewed_vim\2016\voyager1_48s_mag-vim_20160101_v01.cdf,C:\Users\Administrator\Documents\FWD_matlab\Voyager_fu\Voyager_Interstellar_Monthly\HighestPrecision_Segments\V1_MAG48s_segment_1966_20160216T201924_20160216T220500.png,ok,
1,1967,2016-02-17 07:10:36,2016-02-17 11:15:24,4.07999972222222,306,48.3839997558594,95.903,7200,240,Z:\SPART-WORK\Data\Voyager\voyager1\mag\48s\reviewed_vim\2016\voyager1_48s_mag-vim_20160101_v01.cdf,C:\Users\Administrator\Documents\FWD_matlab\Voyager_fu\Voyager_Interstellar_Monthly\HighestPrecision_Segments\V1_MAG48s_segment_1967_20160217T071036_20160217T111524.png,ok,
1,1968,2016-02-17 18:48:12,2016-02-17 21:49:00,3.01320027777778,226,48.3839997558594,95.905,7200,240,Z:\SPART-WORK\Data\Voyager\voyager1\mag\48s\reviewed_vim\2016\voyager1_48s_mag-vim_20160101_v01.cdf,C:\Users\Administrator\Documents\FWD_matlab\Voyager_fu\Voyager_Interstellar_Monthly\HighestPrecision_Segments\V1_MAG48s_segment_1968_20160217T184812_20160217T214900.png,ok,
1,1969,2016-02-18 07:04:12,2016-02-18 11:10:36,4.10664,306,48.3839997558594,144.287000244141,7200,240,Z:\SPART-WORK\Data\Voyager\voyager1\mag\48s\reviewed_vim\2016\voyager1_48s_mag-vim_20160101_v01.cdf,C:\Users\Administrator\Documents\FWD_matlab\Voyager_fu\Voyager_Interstellar_Monthly\HighestPrecision_Segments\V1_MAG48s_segment_1969_20160218T070412_20160218T111036.png,ok,
1,1970,2016-02-18 18:05:00,2016-02-18 22:09:48,4.07999972222222,307,48.3839997558594,48.385,7200,240,Z:\SPART-WORK\Data\Voyager\voyager1\mag\48s\reviewed_vim\2016\voyager1_48s_mag-vim_20160101_v01.cdf,C:\Users\Administrator\Documents\FWD_matlab\Voyager_fu\Voyager_Interstellar_Monthly\HighestPrecision_Segments\V1_MAG48s_segment_1970_20160218T180500_20160218T220948.png,ok,
1,1971,2016-02-19 06:53:00,2016-02-19 11:05:00,4.19999972229004,314,48.3839997558594,144.288,7200,240,Z:\SPART-WORK\Data\Voyager\voyager1\mag\48s\reviewed_vim\2016\voyager1_48s_mag-vim_20160101_v01.cdf,C:\Users\Administrator\Documents\FWD_matlab\Voyager_fu\Voyager_Interstellar_Monthly\HighestPrecision_Segments\V1_MAG48s_segment_1971_20160219T065300_20160219T110500.png,ok,
1,1972,2016-02-19 19:29:48,2016-02-19 21:41:00,2.18664,164,48.3839997558594,95.903,7200,240,Z:\SPART-WORK\Data\Voyager\voyager1\mag\48s\reviewed_vim\2016\voyager1_48s_mag-vim_20160101_v01.cdf,C:\Users\Administrator\Documents\FWD_matlab\Voyager_fu\Voyager_Interstellar_Monthly\HighestPrecision_Segments\V1_MAG48s_segment_1972_20160219T192948_20160219T214100.png,ok,
1,1973,2016-02-20 06:57:48,2016-02-20 09:51:24,2.89343972222222,217,48.3839997558594,96.768,7200,240,Z:\SPART-WORK\Data\Voyager\voyager1\mag\48s\reviewed_vim\2016\voyager1_48s_mag-vim_20160101_v01.cdf,C:\Users\Administrator\Documents\FWD_matlab\Voyager_fu\Voyager_Interstellar_Monthly\HighestPrecision_Segments\V1_MAG48s_segment_1973_20160220T065748_20160220T095124.png,ok,
1,1974,2016-02-20 18:27:24,2016-02-20 23:21:00,4.89336,368,48.3839997558594,48.385,7200,240,Z:\SPART-WORK\Data\Voyager\voyager1\mag\48s\reviewed_vim\2016\voyager1_48s_mag-vim_20160101_v01.cdf,C:\Users\Administrator\Documents\FWD_matlab\Voyager_fu\Voyager_Interstellar_Monthly\HighestPrecision_Segments\V1_MAG48s_segment_1974_20160220T182724_20160220T232100.png,ok,
1,1975,2016-02-21 06:48:12,2016-02-21 11:01:00,4.2132,314,48.3839997558594,191.808,7200,240,Z:\SPART-WORK\Data\Voyager\voyager1\mag\48s\reviewed_vim\2016\voyager1_48s_mag-vim_20160101_v01.cdf,C:\Users\Administrator\Documents\FWD_matlab\Voyager_fu\Voyager_Interstellar_Monthly\HighestPrecision_Segments\V1_MAG48s_segment_1975_20160221T064812_20160221T110100.png,ok,
1,1976,2016-02-22 07:01:00,2016-02-22 09:40:12,2.65320027777778,199,48.3839997558594,95.905,7200,240,Z:\SPART-WORK\Data\Voyager\voyager1\mag\48s\reviewed_vim\2016\voyager1_48s_mag-vim_20160101_v01.cdf,C:\Users\Administrator\Documents\FWD_matlab\Voyager_fu\Voyager_Interstellar_Monthly\HighestPrecision_Segments\V1_MAG48s_segment_1976_20160222T070100_20160222T094012.png,ok,
1,1977,2016-02-22 19:16:59,2016-02-23 00:19:24,5.04024027770996,376,48.3839997558594,191.808000244141,7200,240,Z:\SPART-WORK\Data\Voyager\voyager1\mag\48s\reviewed_vim\2016\voyager1_48s_mag-vim_20160101_v01.cdf,C:\Users\Administrator\Documents\FWD_matlab\Voyager_fu\Voyager_Interstellar_Monthly\HighestPrecision_Segments\V1_MAG48s_segment_1977_20160222T191659_20160223T001924.png,ok,
1,1978,2016-02-23 06:54:36,2016-02-23 10:49:48,3.91992027770996,292,48.3839997558594,191.808,7200,240,Z:\SPART-WORK\Data\Voyager\voyager1\mag\48s\reviewed_vim\2016\voyager1_48s_mag-vim_20160101_v01.cdf,C:\Users\Administrator\Documents\FWD_matlab\Voyager_fu\Voyager_Interstellar_Monthly\HighestPrecision_Segments\V1_MAG48s_segment_1978_20160223T065436_20160223T104948.png,ok,
1,1979,2016-02-24 06:40:12,2016-02-24 09:35:24,2.92008,220,48.3839997558594,48.385,7200,240,Z:\SPART-WORK\Data\Voyager\voyager1\mag\48s\reviewed_vim\2016\voyager1_48s_mag-vim_20160101_v01.cdf,C:\Users\Administrator\Documents\FWD_matlab\Voyager_fu\Voyager_Interstellar_Monthly\HighestPrecision_Segments\V1_MAG48s_segment_1979_20160224T064012_20160224T093524.png,ok,
1,1980,2016-02-24 18:38:36,2016-02-24 22:45:47,4.11984027770996,309,48.3839997558594,95.9049997558594,7200,240,Z:\SPART-WORK\Data\Voyager\voyager1\mag\48s\reviewed_vim\2016\voyager1_48s_mag-vim_20160101_v01.cdf,C:\Users\Administrator\Documents\FWD_matlab\Voyager_fu\Voyager_Interstellar_Monthly\HighestPrecision_Segments\V1_MAG48s_segment_1980_20160224T183836_20160224T224547.png,ok,
1,1981,2016-02-25 06:45:00,2016-02-25 11:45:00,5.00015972222222,368,48.3839997558594,288.576,7200,240,Z:\SPART-WORK\Data\Voyager\voyager1\mag\48s\reviewed_vim\2016\voyager1_48s_mag-vim_20160101_v01.cdf,C:\Users\Administrator\Documents\FWD_matlab\Voyager_fu\Voyager_Interstellar_Monthly\HighestPrecision_Segments\V1_MAG48s_segment_1981_20160225T064500_20160225T114500.png,ok,
1,1982,2016-02-26 06:38:36,2016-02-26 09:24:59,2.77319999993218,208,48.3839997558594,95.9049997558594,7200,240,Z:\SPART-WORK\Data\Voyager\voyager1\mag\48s\reviewed_vim\2016\voyager1_48s_mag-vim_20160101_v01.cdf,C:\Users\Administrator\Documents\FWD_matlab\Voyager_fu\Voyager_Interstellar_Monthly\HighestPrecision_Segments\V1_MAG48s_segment_1982_20160226T063836_20160226T092459.png,ok,
1,1983,2016-02-26 19:05:48,2016-02-26 23:56:11,4.83984027777778,362,48.3839997558594,144.287000244141,7200,240,Z:\SPART-WORK\Data\Voyager\voyager1\mag\48s\reviewed_vim\2016\voyager1_48s_mag-vim_20160101_v01.cdf,C:\Users\Administrator\Documents\FWD_matlab\Voyager_fu\Voyager_Interstellar_Monthly\HighestPrecision_Segments\V1_MAG48s_segment_1983_20160226T190548_20160226T235611.png,ok,
1,1984,2016-02-27 06:53:00,2016-02-27 10:41:00,3.79992,260,48.3839997558594,1200.09699975586,7200,240,Z:\SPART-WORK\Data\Voyager\voyager1\mag\48s\reviewed_vim\2016\voyager1_48s_mag-vim_20160101_v01.cdf,C:\Users\Administrator\Documents\FWD_matlab\Voyager_fu\Voyager_Interstellar_Monthly\HighestPrecision_Segments\V1_MAG48s_segment_1984_20160227T065300_20160227T104100.png,ok,
1,1985,2016-02-27 21:42:36,2016-02-27 23:51:24,2.14656027777778,162,48.3839997558594,48.385,7200,240,Z:\SPART-WORK\Data\Voyager\voyager1\mag\48s\reviewed_vim\2016\voyager1_48s_mag-vim_20160101_v01.cdf,C:\Users\Administrator\Documents\FWD_matlab\Voyager_fu\Voyager_Interstellar_Monthly\HighestPrecision_Segments\V1_MAG48s_segment_1985_20160227T214236_20160227T235124.png,ok,
1,1986,2016-02-28 06:19:23,2016-02-28 09:39:23,3.33336027770996,244,48.3839997558594,383.617,7200,240,Z:\SPART-WORK\Data\Voyager\voyager1\mag\48s\reviewed_vim\2016\voyager1_48s_mag-vim_20160101_v01.cdf,C:\Users\Administrator\Documents\FWD_matlab\Voyager_fu\Voyager_Interstellar_Monthly\HighestPrecision_Segments\V1_MAG48s_segment_1986_20160228T061923_20160228T093923.png,ok,
1,1987,2016-02-28 20:06:36,2016-02-29 00:01:47,3.91991999993218,269,48.384,816.48,7200,240,Z:\SPART-WORK\Data\Voyager\voyager1\mag\48s\reviewed_vim\2016\voyager1_48s_mag-vim_20160101_v01.cdf,C:\Users\Administrator\Documents\FWD_matlab\Voyager_fu\Voyager_Interstellar_Monthly\HighestPrecision_Segments\V1_MAG48s_segment_1987_20160228T200636_20160229T000147.png,ok,
1,1988,2016-02-29 06:21:00,2016-02-29 12:05:48,5.74656027777778,422,48.3839997558594,479.52,7200,240,Z:\SPART-WORK\Data\Voyager\voyager1\mag\48s\reviewed_vim\2016\voyager1_48s_mag-vim_20160101_v01.cdf,C:\Users\Administrator\Documents\FWD_matlab\Voyager_fu\Voyager_Interstellar_Monthly\HighestPrecision_Segments\V1_MAG48s_segment_1988_20160229T062100_20160229T120548.png,ok,
1,1989,2016-03-01 16:05:00,2016-03-01 16:35:23,0.506639722222222,36,48.384,191.808,7200,240,Z:\SPART-WORK\Data\Voyager\voyager1\mag\48s\reviewed_vim\2016\voyager1_48s_mag-vim_20160101_v01.cdf,C:\Users\Administrator\Documents\FWD_matlab\Voyager_fu\Voyager_Interstellar_Monthly\HighestPrecision_Segments\V1_MAG48s_segment_1989_20160301T160500_20160301T163523.png,ok,
1,1990,2016-03-01 19:28:12,2016-03-01 21:36:12,2.13336,161,48.3839998779297,48.385,7200,240,Z:\SPART-WORK\Data\Voyager\voyager1\mag\48s\reviewed_vim\2016\voyager1_48s_mag-vim_20160101_v01.cdf,C:\Users\Administrator\Documents\FWD_matlab\Voyager_fu\Voyager_Interstellar_Monthly\HighestPrecision_Segments\V1_MAG48s_segment_1990_20160301T192812_20160301T213612.png,ok,
1,1991,2016-03-02 06:17:47,2016-03-02 09:05:48,2.80008,211,48.3839997558594,48.385,7200,240,Z:\SPART-WORK\Data\Voyager\voyager1\mag\48s\reviewed_vim\2016\voyager1_48s_mag-vim_20160101_v01.cdf,C:\Users\Administrator\Documents\FWD_matlab\Voyager_fu\Voyager_Interstellar_Monthly\HighestPrecision_Segments\V1_MAG48s_segment_1991_20160302T061747_20160302T090548.png,ok,
1,1992,2016-03-02 18:56:12,2016-03-02 23:05:47,4.15992,311,48.3839998779297,143.424,7200,240,Z:\SPART-WORK\Data\Voyager\voyager1\mag\48s\reviewed_vim\2016\voyager1_48s_mag-vim_20160101_v01.cdf,C:\Users\Administrator\Documents\FWD_matlab\Voyager_fu\Voyager_Interstellar_Monthly\HighestPrecision_Segments\V1_MAG48s_segment_1992_20160302T185612_20160302T230547.png,ok,
1,1993,2016-03-03 06:11:24,2016-03-03 12:09:48,5.97336027770996,446,48.3839997558594,191.807,7200,240,Z:\SPART-WORK\Data\Voyager\voyager1\mag\48s\reviewed_vim\2016\voyager1_48s_mag-vim_20160101_v01.cdf,C:\Users\Administrator\Documents\FWD_matlab\Voyager_fu\Voyager_Interstellar_Monthly\HighestPrecision_Segments\V1_MAG48s_segment_1993_20160303T061124_20160303T120948.png,ok,
1,1994,2016-03-03 19:29:47,2016-03-03 21:29:47,1.99992027777778,150,48.384,95.905,7200,240,Z:\SPART-WORK\Data\Voyager\voyager1\mag\48s\reviewed_vim\2016\voyager1_48s_mag-vim_20160101_v01.cdf,C:\Users\Administrator\Documents\FWD_matlab\Voyager_fu\Voyager_Interstellar_Monthly\HighestPrecision_Segments\V1_MAG48s_segment_1994_20160303T192947_20160303T212947.png,ok,
1,1995,2016-03-04 19:32:59,2016-03-04 23:40:59,4.13328,308,48.383,191.808,7200,240,Z:\SPART-WORK\Data\Voyager\voyager1\mag\48s\reviewed_vim\2016\voyager1_48s_mag-vim_20160101_v01.cdf,C:\Users\Administrator\Documents\FWD_matlab\Voyager_fu\Voyager_Interstellar_Monthly\HighestPrecision_Segments\V1_MAG48s_segment_1995_20160304T193259_20160304T234059.png,ok,
1,1996,2016-03-05 06:00:12,2016-03-05 10:11:23,4.18656,299,48.383,624.673,7200,240,Z:\SPART-WORK\Data\Voyager\voyager1\mag\48s\reviewed_vim\2016\voyager1_48s_mag-vim_20160101_v01.cdf,C:\Users\Administrator\Documents\FWD_matlab\Voyager_fu\Voyager_Interstellar_Monthly\HighestPrecision_Segments\V1_MAG48s_segment_1996_20160305T060012_20160305T101123.png,ok,
1,1997,2016-03-06 06:01:47,2016-03-06 10:05:00,4.05336027777778,303,48.383,144.287999755859,7200,240,Z:\SPART-WORK\Data\Voyager\voyager1\mag\48s\reviewed_vim\2016\voyager1_48s_mag-vim_20160101_v01.cdf,C:\Users\Administrator\Documents\FWD_matlab\Voyager_fu\Voyager_Interstellar_Monthly\HighestPrecision_Segments\V1_MAG48s_segment_1997_20160306T060147_20160306T100500.png,ok,
1,1998,2016-03-07 05:48:59,2016-03-07 08:45:48,2.94671972222222,220,48.383,144.288,7200,240,Z:\SPART-WORK\Data\Voyager\voyager1\mag\48s\reviewed_vim\2016\voyager1_48s_mag-vim_20160101_v01.cdf,C:\Users\Administrator\Documents\FWD_matlab\Voyager_fu\Voyager_Interstellar_Monthly\HighestPrecision_Segments\V1_MAG48s_segment_1998_20160307T054859_20160307T084548.png,ok,
1,1999,2016-03-07 17:15:23,2016-03-07 21:33:00,4.29359972229004,320,48.383,191.807,7200,240,Z:\SPART-WORK\Data\Voyager\voyager1\mag\48s\reviewed_vim\2016\voyager1_48s_mag-vim_20160101_v01.cdf,C:\Users\Administrator\Documents\FWD_matlab\Voyager_fu\Voyager_Interstellar_Monthly\HighestPrecision_Segments\V1_MAG48s_segment_1999_20160307T171523_20160307T213300.png,ok,
1,2000,2016-03-08 05:48:59,2016-03-08 12:25:47,6.6132,495,48.383,144.288,7200,240,Z:\SPART-WORK\Data\Voyager\voyager1\mag\48s\reviewed_vim\2016\voyager1_48s_mag-vim_20160101_v01.cdf,C:\Users\Administrator\Documents\FWD_matlab\Voyager_fu\Voyager_Interstellar_Monthly\HighestPrecision_Segments\V1_MAG48s_segment_2000_20160308T054859_20160308T122547.png,ok,
1,2001,2016-03-09 05:44:12,2016-03-09 08:40:59,2.94648027777778,219,48.383,191.809,7200,240,Z:\SPART-WORK\Data\Voyager\voyager1\mag\48s\reviewed_vim\2016\voyager1_48s_mag-vim_20160101_v01.cdf,C:\Users\Administrator\Documents\FWD_matlab\Voyager_fu\Voyager_Interstellar_Monthly\HighestPrecision_Segments\V1_MAG48s_segment_2001_20160309T054412_20160309T084059.png,ok,
1,2002,2016-03-09 15:12:11,2016-03-09 23:06:35,7.90655972222222,513,48.383,3839.61699975586,7200,240,Z:\SPART-WORK\Data\Voyager\voyager1\mag\48s\reviewed_vim\2016\voyager1_48s_mag-vim_20160101_v01.cdf,C:\Users\Administrator\Documents\FWD_matlab\Voyager_fu\Voyager_Interstellar_Monthly\HighestPrecision_Segments\V1_MAG48s_segment_2002_20160309T151211_20160309T230635.png,ok,
1,2003,2016-03-10 05:58:35,2016-03-10 08:43:23,2.7468,185,48.383,912.384,7200,240,Z:\SPART-WORK\Data\Voyager\voyager1\mag\48s\reviewed_vim\2016\voyager1_48s_mag-vim_20160101_v01.cdf,C:\Users\Administrator\Documents\FWD_matlab\Voyager_fu\Voyager_Interstellar_Monthly\HighestPrecision_Segments\V1_MAG48s_segment_2003_20160310T055835_20160310T084323.png,ok,
1,2004,2016-03-10 14:38:36,2016-03-10 23:15:23,8.61312,644,48.383,192.673,7200,240,Z:\SPART-WORK\Data\Voyager\voyager1\mag\48s\reviewed_vim\2016\voyager1_48s_mag-vim_20160101_v01.cdf,C:\Users\Administrator\Documents\FWD_matlab\Voyager_fu\Voyager_Interstellar_Monthly\HighestPrecision_Segments\V1_MAG48s_segment_2004_20160310T143836_20160310T231523.png,ok,
1,2005,2016-03-11 05:50:35,2016-03-11 08:41:47,2.85335972222222,212,48.383,191.808,7200,240,Z:\SPART-WORK\Data\Voyager\voyager1\mag\48s\reviewed_vim\2016\voyager1_48s_mag-vim_20160101_v01.cdf,C:\Users\Administrator\Documents\FWD_matlab\Voyager_fu\Voyager_Interstellar_Monthly\HighestPrecision_Segments\V1_MAG48s_segment_2005_20160311T055035_20160311T084147.png,ok,
1,2006,2016-03-11 14:32:11,2016-03-11 22:50:36,8.30688000006782,621,48.383,191.808,7200,240,Z:\SPART-WORK\Data\Voyager\voyager1\mag\48s\reviewed_vim\2016\voyager1_48s_mag-vim_20160101_v01.cdf,C:\Users\Administrator\Documents\FWD_matlab\Voyager_fu\Voyager_Interstellar_Monthly\HighestPrecision_Segments\V1_MAG48s_segment_2006_20160311T143211_20160311T225036.png,ok,
1,2007,2016-03-12 05:29:48,2016-03-12 09:40:12,4.17336000006782,305,48.383,287.711,7200,240,Z:\SPART-WORK\Data\Voyager\voyager1\mag\48s\reviewed_vim\2016\voyager1_48s_mag-vim_20160101_v01.cdf,C:\Users\Administrator\Documents\FWD_matlab\Voyager_fu\Voyager_Interstellar_Monthly\HighestPrecision_Segments\V1_MAG48s_segment_2007_20160312T052948_20160312T094012.png,ok,
1,2008,2016-03-13 05:21:46,2016-03-13 08:33:00,3.18696,237,48.383,191.807,7200,240,Z:\SPART-WORK\Data\Voyager\voyager1\mag\48s\reviewed_vim\2016\voyager1_48s_mag-vim_20160101_v01.cdf,C:\Users\Administrator\Documents\FWD_matlab\Voyager_fu\Voyager_Interstellar_Monthly\HighestPrecision_Segments\V1_MAG48s_segment_2008_20160313T052146_20160313T083300.png,ok,
1,2009,2016-03-13 18:36:59,2016-03-13 23:05:47,4.48008027777778,337,48.383,48.385,7200,240,Z:\SPART-WORK\Data\Voyager\voyager1\mag\48s\reviewed_vim\2016\voyager1_48s_mag-vim_20160101_v01.cdf,C:\Users\Administrator\Documents\FWD_matlab\Voyager_fu\Voyager_Interstellar_Monthly\HighestPrecision_Segments\V1_MAG48s_segment_2009_20160313T183659_20160313T230547.png,ok,
1,2010,2016-03-14 05:47:23,2016-03-14 08:21:00,2.56008027777778,192,48.383,95.905,7200,240,Z:\SPART-WORK\Data\Voyager\voyager1\mag\48s\reviewed_vim\2016\voyager1_48s_mag-vim_20160101_v01.cdf,C:\Users\Administrator\Documents\FWD_matlab\Voyager_fu\Voyager_Interstellar_Monthly\HighestPrecision_Segments\V1_MAG48s_segment_2010_20160314T054723_20160314T082100.png,ok,
1,2011,2016-03-14 14:24:12,2016-03-14 18:20:59,3.94656,295,48.383,144.288,7200,240,Z:\SPART-WORK\Data\Voyager\voyager1\mag\48s\reviewed_vim\2016\voyager1_48s_mag-vim_20160101_v01.cdf,C:\Users\Administrator\Documents\FWD_matlab\Voyager_fu\Voyager_Interstellar_Monthly\HighestPrecision_Segments\V1_MAG48s_segment_2011_20160314T142412_20160314T182059.png,ok,
1,2012,2016-03-15 05:15:23,2016-03-15 09:30:35,4.25351972222222,317,48.383,191.807,7200,240,Z:\SPART-WORK\Data\Voyager\voyager1\mag\48s\reviewed_vim\2016\voyager1_48s_mag-vim_20160101_v01.cdf,C:\Users\Administrator\Documents\FWD_matlab\Voyager_fu\Voyager_Interstellar_Monthly\HighestPrecision_Segments\V1_MAG48s_segment_2012_20160315T051523_20160315T093035.png,ok,
1,2013,2016-03-15 14:25:47,2016-03-15 18:40:59,4.25351972229004,319,48.383,96.768,7200,240,Z:\SPART-WORK\Data\Voyager\voyager1\mag\48s\reviewed_vim\2016\voyager1_48s_mag-vim_20160101_v01.cdf,C:\Users\Administrator\Documents\FWD_matlab\Voyager_fu\Voyager_Interstellar_Monthly\HighestPrecision_Segments\V1_MAG48s_segment_2013_20160315T142547_20160315T184059.png,ok,
1,2014,2016-03-16 05:56:59,2016-03-16 08:10:35,2.22671972222222,167,48.383,95.904,7200,240,Z:\SPART-WORK\Data\Voyager\voyager1\mag\48s\reviewed_vim\2016\voyager1_48s_mag-vim_20160101_v01.cdf,C:\Users\Administrator\Documents\FWD_matlab\Voyager_fu\Voyager_Interstellar_Monthly\HighestPrecision_Segments\V1_MAG48s_segment_2014_20160316T055659_20160316T081035.png,ok,
1,2015,2016-03-16 17:40:59,2016-03-16 22:00:59,4.33344,323,48.383,191.807,7200,240,Z:\SPART-WORK\Data\Voyager\voyager1\mag\48s\reviewed_vim\2016\voyager1_48s_mag-vim_20160101_v01.cdf,C:\Users\Administrator\Documents\FWD_matlab\Voyager_fu\Voyager_Interstellar_Monthly\HighestPrecision_Segments\V1_MAG48s_segment_2015_20160316T174059_20160316T220059.png,ok,
1,2016,2016-03-17 17:18:35,2016-03-17 22:52:11,5.56008027777778,404,48.383,527.903,7200,240,Z:\SPART-WORK\Data\Voyager\voyager1\mag\48s\reviewed_vim\2016\voyager1_48s_mag-vim_20160101_v01.cdf,C:\Users\Administrator\Documents\FWD_matlab\Voyager_fu\Voyager_Interstellar_Monthly\HighestPrecision_Segments\V1_MAG48s_segment_2016_20160317T171835_20160317T225211.png,ok,
1,2017,2016-03-18 05:18:35,2016-03-18 08:05:47,2.78688027777778,206,48.383,192.672,7200,240,Z:\SPART-WORK\Data\Voyager\voyager1\mag\48s\reviewed_vim\2016\voyager1_48s_mag-vim_20160101_v01.cdf,C:\Users\Administrator\Documents\FWD_matlab\Voyager_fu\Voyager_Interstellar_Monthly\HighestPrecision_Segments\V1_MAG48s_segment_2017_20160318T051835_20160318T080547.png,ok,
1,2018,2016-03-18 18:38:35,2016-03-18 22:45:46,4.11984,307,48.383,192.672,7200,240,Z:\SPART-WORK\Data\Voyager\voyager1\mag\48s\reviewed_vim\2016\voyager1_48s_mag-vim_20160101_v01.cdf,C:\Users\Administrator\Documents\FWD_matlab\Voyager_fu\Voyager_Interstellar_Monthly\HighestPrecision_Segments\V1_MAG48s_segment_2018_20160318T183835_20160318T224546.png,ok,
1,2019,2016-03-19 05:21:46,2016-03-19 08:00:59,2.65343972229004,199,48.383,96.768,7200,240,Z:\SPART-WORK\Data\Voyager\voyager1\mag\48s\reviewed_vim\2016\voyager1_48s_mag-vim_20160101_v01.cdf,C:\Users\Administrator\Documents\FWD_matlab\Voyager_fu\Voyager_Interstellar_Monthly\HighestPrecision_Segments\V1_MAG48s_segment_2019_20160319T052146_20160319T080059.png,ok,
1,2020,2016-03-19 17:37:47,2016-03-19 22:41:47,5.06664,378,48.383,192.672,7200,240,Z:\SPART-WORK\Data\Voyager\voyager1\mag\48s\reviewed_vim\2016\voyager1_48s_mag-vim_20160101_v01.cdf,C:\Users\Administrator\Documents\FWD_matlab\Voyager_fu\Voyager_Interstellar_Monthly\HighestPrecision_Segments\V1_MAG48s_segment_2020_20160319T173747_20160319T224147.png,ok,
1,2021,2016-03-20 06:38:35,2016-03-20 10:46:35,4.13328027777778,301,48.383,240.192,7200,240,Z:\SPART-WORK\Data\Voyager\voyager1\mag\48s\reviewed_vim\2016\voyager1_48s_mag-vim_20160101_v01.cdf,C:\Users\Administrator\Documents\FWD_matlab\Voyager_fu\Voyager_Interstellar_Monthly\HighestPrecision_Segments\V1_MAG48s_segment_2021_20160320T063835_20160320T104635.png,ok,
1,2022,2016-03-21 05:05:47,2016-03-21 09:26:34,4.3464,326,48.383,95.039,7200,240,Z:\SPART-WORK\Data\Voyager\voyager1\mag\48s\reviewed_vim\2016\voyager1_48s_mag-vim_20160101_v01.cdf,C:\Users\Administrator\Documents\FWD_matlab\Voyager_fu\Voyager_Interstellar_Monthly\HighestPrecision_Segments\V1_MAG48s_segment_2022_20160321T050547_20160321T092634.png,ok,
1,2023,2016-03-22 04:59:23,2016-03-22 09:01:47,4.03992,303,48.383,95.9040002441406,7200,240,Z:\SPART-WORK\Data\Voyager\voyager1\mag\48s\reviewed_vim\2016\voyager1_48s_mag-vim_20160101_v01.cdf,C:\Users\Administrator\Documents\FWD_matlab\Voyager_fu\Voyager_Interstellar_Monthly\HighestPrecision_Segments\V1_MAG48s_segment_2023_20160322T045923_20160322T090147.png,ok,
1,2024,2016-03-23 00:49:47,2016-03-23 02:52:11,2.03999972222222,153,48.383,95.904,7200,240,Z:\SPART-WORK\Data\Voyager\voyager1\mag\48s\reviewed_vim\2016\voyager1_48s_mag-vim_20160101_v01.cdf,C:\Users\Administrator\Documents\FWD_matlab\Voyager_fu\Voyager_Interstellar_Monthly\HighestPrecision_Segments\V1_MAG48s_segment_2024_20160323T004947_20160323T025211.png,ok,
1,2025,2016-03-23 16:16:11,2016-03-23 22:06:35,5.83992,437,48.383,143.424,7200,240,Z:\SPART-WORK\Data\Voyager\voyager1\mag\48s\reviewed_vim\2016\voyager1_48s_mag-vim_20160101_v01.cdf,C:\Users\Administrator\Documents\FWD_matlab\Voyager_fu\Voyager_Interstellar_Monthly\HighestPrecision_Segments\V1_MAG48s_segment_2025_20160323T161611_20160323T220635.png,ok,
1,2026,2016-03-24 04:52:59,2016-03-24 07:04:11,2.18663999993218,154,48.383,336.96,7200,240,Z:\SPART-WORK\Data\Voyager\voyager1\mag\48s\reviewed_vim\2016\voyager1_48s_mag-vim_20160101_v01.cdf,C:\Users\Administrator\Documents\FWD_matlab\Voyager_fu\Voyager_Interstellar_Monthly\HighestPrecision_Segments\V1_MAG48s_segment_2026_20160324T045259_20160324T070411.png,ok,
1,2027,2016-03-24 12:45:47,2016-03-24 15:46:35,3.01343972222222,227,48.383,48.385,7200,240,Z:\SPART-WORK\Data\Voyager\voyager1\mag\48s\reviewed_vim\2016\voyager1_48s_mag-vim_20160101_v01.cdf,C:\Users\Administrator\Documents\FWD_matlab\Voyager_fu\Voyager_Interstellar_Monthly\HighestPrecision_Segments\V1_MAG48s_segment_2027_20160324T124547_20160324T154635.png,ok,
1,2028,2016-03-25 10:22:35,2016-03-25 14:48:11,4.42655972222222,332,48.383,95.039,7200,240,Z:\SPART-WORK\Data\Voyager\voyager1\mag\48s\reviewed_vim\2016\voyager1_48s_mag-vim_20160101_v01.cdf,C:\Users\Administrator\Documents\FWD_matlab\Voyager_fu\Voyager_Interstellar_Monthly\HighestPrecision_Segments\V1_MAG48s_segment_2028_20160325T102235_20160325T144811.png,ok,
1,2029,2016-03-26 17:34:35,2016-03-26 21:42:35,4.13352,310,48.383,96.7680002441406,7200,240,Z:\SPART-WORK\Data\Voyager\voyager1\mag\48s\reviewed_vim\2016\voyager1_48s_mag-vim_20160101_v01.cdf,C:\Users\Administrator\Documents\FWD_matlab\Voyager_fu\Voyager_Interstellar_Monthly\HighestPrecision_Segments\V1_MAG48s_segment_2029_20160326T173435_20160326T214235.png,ok,
1,2030,2016-03-27 04:30:35,2016-03-27 07:31:22,3.0132,224,48.383,192.671999755859,7200,240,Z:\SPART-WORK\Data\Voyager\voyager1\mag\48s\reviewed_vim\2016\voyager1_48s_mag-vim_20160101_v01.cdf,C:\Users\Administrator\Documents\FWD_matlab\Voyager_fu\Voyager_Interstellar_Monthly\HighestPrecision_Segments\V1_MAG48s_segment_2030_20160327T043035_20160327T073122.png,ok,
1,2031,2016-03-27 17:18:35,2016-03-27 21:36:59,4.3068,321,48.383,192.672,7200,240,Z:\SPART-WORK\Data\Voyager\voyager1\mag\48s\reviewed_vim\2016\voyager1_48s_mag-vim_20160101_v01.cdf,C:\Users\Administrator\Documents\FWD_matlab\Voyager_fu\Voyager_Interstellar_Monthly\HighestPrecision_Segments\V1_MAG48s_segment_2031_20160327T171835_20160327T213659.png,ok,
1,2032,2016-03-28 13:34:35,2016-03-28 18:52:11,5.2932,395,48.383,191.807000244141,7200,240,Z:\SPART-WORK\Data\Voyager\voyager1\mag\48s\reviewed_vim\2016\voyager1_48s_mag-vim_20160101_v01.cdf,C:\Users\Administrator\Documents\FWD_matlab\Voyager_fu\Voyager_Interstellar_Monthly\HighestPrecision_Segments\V1_MAG48s_segment_2032_20160328T133435_20160328T185211.png,ok,
1,2033,2016-03-29 04:30:35,2016-03-29 07:58:35,3.46656,260,48.383,95.9030002441406,7200,240,Z:\SPART-WORK\Data\Voyager\voyager1\mag\48s\reviewed_vim\2016\voyager1_48s_mag-vim_20160101_v01.cdf,C:\Users\Administrator\Documents\FWD_matlab\Voyager_fu\Voyager_Interstellar_Monthly\HighestPrecision_Segments\V1_MAG48s_segment_2033_20160329T043035_20160329T075835.png,ok,
1,2034,2016-03-29 14:12:59,2016-03-29 15:05:47,0.880080000067817,60,48.383,240.192,7200,240,Z:\SPART-WORK\Data\Voyager\voyager1\mag\48s\reviewed_vim\2016\voyager1_48s_mag-vim_20160101_v01.cdf,C:\Users\Administrator\Documents\FWD_matlab\Voyager_fu\Voyager_Interstellar_Monthly\HighestPrecision_Segments\V1_MAG48s_segment_2034_20160329T141259_20160329T150547.png,ok,
1,2035,2016-03-29 17:50:34,2016-03-29 18:27:23,0.613440000067817,47,48.383,48.385,7200,240,Z:\SPART-WORK\Data\Voyager\voyager1\mag\48s\reviewed_vim\2016\voyager1_48s_mag-vim_20160101_v01.cdf,C:\Users\Administrator\Documents\FWD_matlab\Voyager_fu\Voyager_Interstellar_Monthly\HighestPrecision_Segments\V1_MAG48s_segment_2035_20160329T175034_20160329T182723.png,ok,
1,2036,2016-03-30 16:33:47,2016-03-30 21:06:35,4.54680027777778,339,48.383,192.673,7200,240,Z:\SPART-WORK\Data\Voyager\voyager1\mag\48s\reviewed_vim\2016\voyager1_48s_mag-vim_20160101_v01.cdf,C:\Users\Administrator\Documents\FWD_matlab\Voyager_fu\Voyager_Interstellar_Monthly\HighestPrecision_Segments\V1_MAG48s_segment_2036_20160330T163347_20160330T210635.png,ok,
1,2037,2016-03-31 17:47:23,2016-03-31 21:57:47,4.17336,313,48.383,96.768,7200,240,Z:\SPART-WORK\Data\Voyager\voyager1\mag\48s\reviewed_vim\2016\voyager1_48s_mag-vim_20160101_v01.cdf,C:\Users\Administrator\Documents\FWD_matlab\Voyager_fu\Voyager_Interstellar_Monthly\HighestPrecision_Segments\V1_MAG48s_segment_2037_20160331T174723_20160331T215747.png,ok,
1,2038,2016-04-01 04:09:46,2016-04-01 05:52:11,1.70687972222222,127,48.383,144.288999755859,7200,240,Z:\SPART-WORK\Data\Voyager\voyager1\mag\48s\reviewed_vim\2016\voyager1_48s_mag-vim_20160101_v01.cdf,C:\Users\Administrator\Documents\FWD_matlab\Voyager_fu\Voyager_Interstellar_Monthly\HighestPrecision_Segments\V1_MAG48s_segment_2038_20160401T040946_20160401T055211.png,ok,
1,2039,2016-04-01 17:31:23,2016-04-01 21:52:59,4.36007972222222,325,48.383,192.672000244141,7200,240,Z:\SPART-WORK\Data\Voyager\voyager1\mag\48s\reviewed_vim\2016\voyager1_48s_mag-vim_20160101_v01.cdf,C:\Users\Administrator\Documents\FWD_matlab\Voyager_fu\Voyager_Interstellar_Monthly\HighestPrecision_Segments\V1_MAG48s_segment_2039_20160401T173123_20160401T215259.png,ok,
1,2040,2016-04-02 04:11:23,2016-04-02 07:07:23,2.93328,218,48.383,192.671999755859,7200,240,Z:\SPART-WORK\Data\Voyager\voyager1\mag\48s\reviewed_vim\2016\voyager1_48s_mag-vim_20160101_v01.cdf,C:\Users\Administrator\Documents\FWD_matlab\Voyager_fu\Voyager_Interstellar_Monthly\HighestPrecision_Segments\V1_MAG48s_segment_2040_20160402T041123_20160402T070723.png,ok,
1,2041,2016-04-02 16:24:10,2016-04-02 20:32:10,4.13328027777778,310,48.383,96.768,7200,240,Z:\SPART-WORK\Data\Voyager\voyager1\mag\48s\reviewed_vim\2016\voyager1_48s_mag-vim_20160101_v01.cdf,C:\Users\Administrator\Documents\FWD_matlab\Voyager_fu\Voyager_Interstellar_Monthly\HighestPrecision_Segments\V1_MAG48s_segment_2041_20160402T162410_20160402T203210.png,ok,
1,2042,2016-04-03 04:06:35,2016-04-03 08:16:10,4.15992027777778,311,48.383,143.424,7200,240,Z:\SPART-WORK\Data\Voyager\voyager1\mag\48s\reviewed_vim\2016\voyager1_48s_mag-vim_20160101_v01.cdf,C:\Users\Administrator\Documents\FWD_matlab\Voyager_fu\Voyager_Interstellar_Monthly\HighestPrecision_Segments\V1_MAG48s_segment_2042_20160403T040635_20160403T081610.png,ok,
1,2043,2016-04-04 04:46:35,2016-04-04 08:50:34,4.06655972222222,305,48.383,95.904,7200,240,Z:\SPART-WORK\Data\Voyager\voyager1\mag\48s\reviewed_vim\2016\voyager1_48s_mag-vim_20160101_v01.cdf,C:\Users\Administrator\Documents\FWD_matlab\Voyager_fu\Voyager_Interstellar_Monthly\HighestPrecision_Segments\V1_MAG48s_segment_2043_20160404T044635_20160404T085034.png,ok,
1,2044,2016-04-05 08:27:23,2016-04-05 12:22:35,3.92016,294,48.383,95.903,7200,240,Z:\SPART-WORK\Data\Voyager\voyager1\mag\48s\reviewed_vim\2016\voyager1_48s_mag-vim_20160101_v01.cdf,C:\Users\Administrator\Documents\FWD_matlab\Voyager_fu\Voyager_Interstellar_Monthly\HighestPrecision_Segments\V1_MAG48s_segment_2044_20160405T082723_20160405T122235.png,ok,
1,2045,2016-04-06 04:06:35,2016-04-06 08:04:11,3.96000027777778,296,48.383,143.424,7200,240,Z:\SPART-WORK\Data\Voyager\voyager1\mag\48s\reviewed_vim\2016\voyager1_48s_mag-vim_20160101_v01.cdf,C:\Users\Administrator\Documents\FWD_matlab\Voyager_fu\Voyager_Interstellar_Monthly\HighestPrecision_Segments\V1_MAG48s_segment_2045_20160406T040635_20160406T080411.png,ok,
1,2046,2016-04-06 19:16:58,2016-04-06 21:32:58,2.26656,168,48.383,191.809,7200,240,Z:\SPART-WORK\Data\Voyager\voyager1\mag\48s\reviewed_vim\2016\voyager1_48s_mag-vim_20160101_v01.cdf,C:\Users\Administrator\Documents\FWD_matlab\Voyager_fu\Voyager_Interstellar_Monthly\HighestPrecision_Segments\V1_MAG48s_segment_2046_20160406T191658_20160406T213258.png,ok,
1,2047,2016-04-07 07:28:11,2016-04-07 21:28:59,14.01336,799,48.383,4704.479,7200,240,Z:\SPART-WORK\Data\Voyager\voyager1\mag\48s\reviewed_vim\2016\voyager1_48s_mag-vim_20160101_v01.cdf,C:\Users\Administrator\Documents\FWD_matlab\Voyager_fu\Voyager_Interstellar_Monthly\HighestPrecision_Segments\V1_MAG48s_segment_2047_20160407T072811_20160407T212859.png,ok,
1,2048,2016-04-08 08:43:22,2016-04-08 13:52:58,5.16,385,48.383,192.671,7200,240,Z:\SPART-WORK\Data\Voyager\voyager1\mag\48s\reviewed_vim\2016\voyager1_48s_mag-vim_20160101_v01.cdf,C:\Users\Administrator\Documents\FWD_matlab\Voyager_fu\Voyager_Interstellar_Monthly\HighestPrecision_Segments\V1_MAG48s_segment_2048_20160408T084322_20160408T135258.png,ok,
1,2049,2016-04-09 04:56:10,2016-04-09 06:43:23,1.78679972222222,134,48.383,95.903,7200,240,Z:\SPART-WORK\Data\Voyager\voyager1\mag\48s\reviewed_vim\2016\voyager1_48s_mag-vim_20160101_v01.cdf,C:\Users\Administrator\Documents\FWD_matlab\Voyager_fu\Voyager_Interstellar_Monthly\HighestPrecision_Segments\V1_MAG48s_segment_2049_20160409T045610_20160409T064323.png,ok,
1,2050,2016-04-09 15:02:34,2016-04-09 20:16:59,5.24016,392,48.383,144.287000244141,7200,240,Z:\SPART-WORK\Data\Voyager\voyager1\mag\48s\reviewed_vim\2016\voyager1_48s_mag-vim_20160101_v01.cdf,C:\Users\Administrator\Documents\FWD_matlab\Voyager_fu\Voyager_Interstellar_Monthly\HighestPrecision_Segments\V1_MAG48s_segment_2050_20160409T150234_20160409T201659.png,ok,
1,2051,2016-04-10 05:28:11,2016-04-10 10:27:22,4.98648027777778,374,48.383,95.905,7200,240,Z:\SPART-WORK\Data\Voyager\voyager1\mag\48s\reviewed_vim\2016\voyager1_48s_mag-vim_20160101_v01.cdf,C:\Users\Administrator\Documents\FWD_matlab\Voyager_fu\Voyager_Interstellar_Monthly\HighestPrecision_Segments\V1_MAG48s_segment_2051_20160410T052811_20160410T102722.png,ok,
1,2052,2016-04-11 03:28:10,2016-04-11 07:57:46,4.49327972222222,338,48.383,48.385,7200,240,Z:\SPART-WORK\Data\Voyager\voyager1\mag\48s\reviewed_vim\2016\voyager1_48s_mag-vim_20160101_v01.cdf,C:\Users\Administrator\Documents\FWD_matlab\Voyager_fu\Voyager_Interstellar_Monthly\HighestPrecision_Segments\V1_MAG48s_segment_2052_20160411T032810_20160411T075746.png,ok,
1,2053,2016-04-12 03:36:11,2016-04-12 06:25:47,2.82672,211,48.383,95.904,7200,240,Z:\SPART-WORK\Data\Voyager\voyager1\mag\48s\reviewed_vim\2016\voyager1_48s_mag-vim_20160101_v01.cdf,C:\Users\Administrator\Documents\FWD_matlab\Voyager_fu\Voyager_Interstellar_Monthly\HighestPrecision_Segments\V1_MAG48s_segment_2053_20160412T033611_20160412T062547.png,ok,
1,2054,2016-04-13 14:28:58,2016-04-13 21:04:11,6.58680027777778,492,48.383,192.673,7200,240,Z:\SPART-WORK\Data\Voyager\voyager1\mag\48s\reviewed_vim\2016\voyager1_48s_mag-vim_20160101_v01.cdf,C:\Users\Administrator\Documents\FWD_matlab\Voyager_fu\Voyager_Interstellar_Monthly\HighestPrecision_Segments\V1_MAG48s_segment_2054_20160413T142858_20160413T210411.png,ok,
1,2055,2016-04-14 04:16:10,2016-04-14 06:22:35,2.10696027777778,153,48.383,240.192000244141,7200,240,Z:\SPART-WORK\Data\Voyager\voyager1\mag\48s\reviewed_vim\2016\voyager1_48s_mag-vim_20160101_v01.cdf,C:\Users\Administrator\Documents\FWD_matlab\Voyager_fu\Voyager_Interstellar_Monthly\HighestPrecision_Segments\V1_MAG48s_segment_2055_20160414T041610_20160414T062235.png,ok,
1,2056,2016-04-14 16:54:34,2016-04-14 21:02:34,4.13327972222222,311,48.383,48.385,7200,240,Z:\SPART-WORK\Data\Voyager\voyager1\mag\48s\reviewed_vim\2016\voyager1_48s_mag-vim_20160101_v01.cdf,C:\Users\Administrator\Documents\FWD_matlab\Voyager_fu\Voyager_Interstellar_Monthly\HighestPrecision_Segments\V1_MAG48s_segment_2056_20160414T165434_20160414T210234.png,ok,
1,2057,2016-04-15 15:42:34,2016-04-15 20:52:10,5.15999972222222,385,48.383,191.808,7200,240,Z:\SPART-WORK\Data\Voyager\voyager1\mag\48s\reviewed_vim\2016\voyager1_48s_mag-vim_20160101_v01.cdf,C:\Users\Administrator\Documents\FWD_matlab\Voyager_fu\Voyager_Interstellar_Monthly\HighestPrecision_Segments\V1_MAG48s_segment_2057_20160415T154234_20160415T205210.png,ok,
1,2058,2016-04-16 15:42:34,2016-04-16 19:52:10,4.15991972222222,312,48.383,96.768,7200,240,Z:\SPART-WORK\Data\Voyager\voyager1\mag\48s\reviewed_vim\2016\voyager1_48s_mag-vim_20160101_v01.cdf,C:\Users\Administrator\Documents\FWD_matlab\Voyager_fu\Voyager_Interstellar_Monthly\HighestPrecision_Segments\V1_MAG48s_segment_2058_20160416T154234_20160416T195210.png,ok,
1,2059,2016-04-17 03:29:46,2016-04-17 07:22:35,3.88007999993218,289,48.383,192.672000244141,7200,240,Z:\SPART-WORK\Data\Voyager\voyager1\mag\48s\reviewed_vim\2016\voyager1_48s_mag-vim_20160101_v01.cdf,C:\Users\Administrator\Documents\FWD_matlab\Voyager_fu\Voyager_Interstellar_Monthly\HighestPrecision_Segments\V1_MAG48s_segment_2059_20160417T032946_20160417T072235.png,ok,
1,2060,2016-04-18 03:20:11,2016-04-18 07:16:58,3.94656,296,48.383,95.903,7200,240,Z:\SPART-WORK\Data\Voyager\voyager1\mag\48s\reviewed_vim\2016\voyager1_48s_mag-vim_20160101_v01.cdf,C:\Users\Administrator\Documents\FWD_matlab\Voyager_fu\Voyager_Interstellar_Monthly\HighestPrecision_Segments\V1_MAG48s_segment_2060_20160418T032011_20160418T071658.png,ok,
1,2061,2016-04-18 16:35:23,2016-04-18 20:48:10,4.2132,315,48.383,143.424,7200,240,Z:\SPART-WORK\Data\Voyager\voyager1\mag\48s\reviewed_vim\2016\voyager1_48s_mag-vim_20160101_v01.cdf,C:\Users\Administrator\Documents\FWD_matlab\Voyager_fu\Voyager_Interstellar_Monthly\HighestPrecision_Segments\V1_MAG48s_segment_2061_20160418T163523_20160418T204810.png,ok,
1,2062,2016-04-19 03:10:35,2016-04-19 06:02:34,2.86655972222222,213,48.383,144.289,7200,240,Z:\SPART-WORK\Data\Voyager\voyager1\mag\48s\reviewed_vim\2016\voyager1_48s_mag-vim_20160101_v01.cdf,C:\Users\Administrator\Documents\FWD_matlab\Voyager_fu\Voyager_Interstellar_Monthly\HighestPrecision_Segments\V1_MAG48s_segment_2062_20160419T031035_20160419T060234.png,ok,
1,2063,2016-04-19 16:03:22,2016-04-19 20:43:22,4.6668,351,48.383,48.385,7200,240,Z:\SPART-WORK\Data\Voyager\voyager1\mag\48s\reviewed_vim\2016\voyager1_48s_mag-vim_20160101_v01.cdf,C:\Users\Administrator\Documents\FWD_matlab\Voyager_fu\Voyager_Interstellar_Monthly\HighestPrecision_Segments\V1_MAG48s_segment_2063_20160419T160322_20160419T204322.png,ok,
1,2064,2016-04-20 03:05:46,2016-04-20 05:56:58,2.85336027777778,215,48.383,48.385,7200,240,Z:\SPART-WORK\Data\Voyager\voyager1\mag\48s\reviewed_vim\2016\voyager1_48s_mag-vim_20160101_v01.cdf,C:\Users\Administrator\Documents\FWD_matlab\Voyager_fu\Voyager_Interstellar_Monthly\HighestPrecision_Segments\V1_MAG48s_segment_2064_20160420T030546_20160420T055658.png,ok,
1,2065,2016-04-20 16:17:47,2016-04-20 20:37:46,4.33320027770996,323,48.383,192.671,7200,240,Z:\SPART-WORK\Data\Voyager\voyager1\mag\48s\reviewed_vim\2016\voyager1_48s_mag-vim_20160101_v01.cdf,C:\Users\Administrator\Documents\FWD_matlab\Voyager_fu\Voyager_Interstellar_Monthly\HighestPrecision_Segments\V1_MAG48s_segment_2065_20160420T161747_20160420T203746.png,ok,
1,2066,2016-04-21 03:07:23,2016-04-21 05:55:22,2.79984027777778,199,48.383,432.001,7200,240,Z:\SPART-WORK\Data\Voyager\voyager1\mag\48s\reviewed_vim\2016\voyager1_48s_mag-vim_20160101_v01.cdf,C:\Users\Administrator\Documents\FWD_matlab\Voyager_fu\Voyager_Interstellar_Monthly\HighestPrecision_Segments\V1_MAG48s_segment_2066_20160421T030723_20160421T055522.png,ok,
1,2067,2016-04-21 15:45:46,2016-04-21 20:06:35,4.34687972222222,324,48.383,191.807,7200,240,Z:\SPART-WORK\Data\Voyager\voyager1\mag\48s\reviewed_vim\2016\voyager1_48s_mag-vim_20160101_v01.cdf,C:\Users\Administrator\Documents\FWD_matlab\Voyager_fu\Voyager_Interstellar_Monthly\HighestPrecision_Segments\V1_MAG48s_segment_2067_20160421T154546_20160421T200635.png,ok,
1,2068,2016-04-22 02:59:22,2016-04-22 05:47:22,2.79984,209,48.383,144.288,7200,240,Z:\SPART-WORK\Data\Voyager\voyager1\mag\48s\reviewed_vim\2016\voyager1_48s_mag-vim_20160101_v01.cdf,C:\Users\Administrator\Documents\FWD_matlab\Voyager_fu\Voyager_Interstellar_Monthly\HighestPrecision_Segments\V1_MAG48s_segment_2068_20160422T025922_20160422T054722.png,ok,
1,2069,2016-04-22 15:56:58,2016-04-22 20:02:34,4.09320027777778,306,48.383,144.288,7200,240,Z:\SPART-WORK\Data\Voyager\voyager1\mag\48s\reviewed_vim\2016\voyager1_48s_mag-vim_20160101_v01.cdf,C:\Users\Administrator\Documents\FWD_matlab\Voyager_fu\Voyager_Interstellar_Monthly\HighestPrecision_Segments\V1_MAG48s_segment_2069_20160422T155658_20160422T200234.png,ok,
1,2070,2016-04-23 03:07:23,2016-04-23 05:40:58,2.55984,190,48.383,192.671,7200,240,Z:\SPART-WORK\Data\Voyager\voyager1\mag\48s\reviewed_vim\2016\voyager1_48s_mag-vim_20160101_v01.cdf,C:\Users\Administrator\Documents\FWD_matlab\Voyager_fu\Voyager_Interstellar_Monthly\HighestPrecision_Segments\V1_MAG48s_segment_2070_20160423T030723_20160423T054058.png,ok,
1,2071,2016-04-23 15:37:47,2016-04-23 21:27:22,5.82647972222222,432,48.383,240.192,7200,240,Z:\SPART-WORK\Data\Voyager\voyager1\mag\48s\reviewed_vim\2016\voyager1_48s_mag-vim_20160101_v01.cdf,C:\Users\Administrator\Documents\FWD_matlab\Voyager_fu\Voyager_Interstellar_Monthly\HighestPrecision_Segments\V1_MAG48s_segment_2071_20160423T153747_20160423T212722.png,ok,
1,2072,2016-04-24 16:22:35,2016-04-24 20:21:46,3.98664027777778,298,48.383,144.287,7200,240,Z:\SPART-WORK\Data\Voyager\voyager1\mag\48s\reviewed_vim\2016\voyager1_48s_mag-vim_20160101_v01.cdf,C:\Users\Administrator\Documents\FWD_matlab\Voyager_fu\Voyager_Interstellar_Monthly\HighestPrecision_Segments\V1_MAG48s_segment_2072_20160424T162235_20160424T202146.png,ok,
1,2073,2016-04-25 07:02:34,2016-04-25 12:07:23,5.08008,382,48.383,48.385,7200,240,Z:\SPART-WORK\Data\Voyager\voyager1\mag\48s\reviewed_vim\2016\voyager1_48s_mag-vim_20160101_v01.cdf,C:\Users\Administrator\Documents\FWD_matlab\Voyager_fu\Voyager_Interstellar_Monthly\HighestPrecision_Segments\V1_MAG48s_segment_2073_20160425T070234_20160425T120723.png,ok,
1,2074,2016-04-26 13:02:34,2016-04-26 13:29:47,0.45336,28,48.383,240.192,7200,240,Z:\SPART-WORK\Data\Voyager\voyager1\mag\48s\reviewed_vim\2016\voyager1_48s_mag-vim_20160101_v01.cdf,C:\Users\Administrator\Documents\FWD_matlab\Voyager_fu\Voyager_Interstellar_Monthly\HighestPrecision_Segments\V1_MAG48s_segment_2074_20160426T130234_20160426T132947.png,ok,
1,2075,2016-04-26 16:14:34,2016-04-26 19:16:58,3.04008027777778,229,48.383,48.385,7200,240,Z:\SPART-WORK\Data\Voyager\voyager1\mag\48s\reviewed_vim\2016\voyager1_48s_mag-vim_20160101_v01.cdf,C:\Users\Administrator\Documents\FWD_matlab\Voyager_fu\Voyager_Interstellar_Monthly\HighestPrecision_Segments\V1_MAG48s_segment_2075_20160426T161434_20160426T191658.png,ok,
1,2076,2016-04-28 10:33:46,2016-04-28 12:36:58,2.05344000006782,155,48.383,48.385,7200,240,Z:\SPART-WORK\Data\Voyager\voyager1\mag\48s\reviewed_vim\2016\voyager1_48s_mag-vim_20160101_v01.cdf,C:\Users\Administrator\Documents\FWD_matlab\Voyager_fu\Voyager_Interstellar_Monthly\HighestPrecision_Segments\V1_MAG48s_segment_2076_20160428T103346_20160428T123658.png,ok,
1,2077,2016-04-28 15:04:10,2016-04-28 20:06:34,5.04000027777778,375,48.383,191.809,7200,240,Z:\SPART-WORK\Data\Voyager\voyager1\mag\48s\reviewed_vim\2016\voyager1_48s_mag-vim_20160101_v01.cdf,C:\Users\Administrator\Documents\FWD_matlab\Voyager_fu\Voyager_Interstellar_Monthly\HighestPrecision_Segments\V1_MAG48s_segment_2077_20160428T150410_20160428T200634.png,ok,
1,2078,2016-04-29 13:52:10,2016-04-29 18:54:34,5.04,365,48.383,336.096,7200,240,Z:\SPART-WORK\Data\Voyager\voyager1\mag\48s\reviewed_vim\2016\voyager1_48s_mag-vim_20160101_v01.cdf,C:\Users\Administrator\Documents\FWD_matlab\Voyager_fu\Voyager_Interstellar_Monthly\HighestPrecision_Segments\V1_MAG48s_segment_2078_20160429T135210_20160429T185434.png,ok,
1,2079,2016-04-30 15:02:34,2016-04-30 19:57:46,4.92,369,48.383,96.768,7200,240,Z:\SPART-WORK\Data\Voyager\voyager1\mag\48s\reviewed_vim\2016\voyager1_48s_mag-vim_20160101_v01.cdf,C:\Users\Administrator\Documents\FWD_matlab\Voyager_fu\Voyager_Interstellar_Monthly\HighestPrecision_Segments\V1_MAG48s_segment_2079_20160430T150234_20160430T195746.png,ok,
1,2080,2016-05-01 02:17:46,2016-05-01 05:36:10,3.30671972222222,249,48.383,48.385,7200,240,Z:\SPART-WORK\Data\Voyager\voyager1\mag\48s\reviewed_vim\2016\voyager1_48s_mag-vim_20160101_v01.cdf,C:\Users\Administrator\Documents\FWD_matlab\Voyager_fu\Voyager_Interstellar_Monthly\HighestPrecision_Segments\V1_MAG48s_segment_2080_20160501T021746_20160501T053610.png,ok,
1,2081,2016-05-01 14:49:46,2016-05-01 19:52:58,5.0532,378,48.383,144.289,7200,240,Z:\SPART-WORK\Data\Voyager\voyager1\mag\48s\reviewed_vim\2016\voyager1_48s_mag-vim_20160101_v01.cdf,C:\Users\Administrator\Documents\FWD_matlab\Voyager_fu\Voyager_Interstellar_Monthly\HighestPrecision_Segments\V1_MAG48s_segment_2081_20160501T144946_20160501T195258.png,ok,
1,2082,2016-05-02 11:18:35,2016-05-02 18:47:22,7.47984,346,48.383,5711.903,7200,240,Z:\SPART-WORK\Data\Voyager\voyager1\mag\48s\reviewed_vim\2016\voyager1_48s_mag-vim_20160101_v01.cdf,C:\Users\Administrator\Documents\FWD_matlab\Voyager_fu\Voyager_Interstellar_Monthly\HighestPrecision_Segments\V1_MAG48s_segment_2082_20160502T111835_20160502T184722.png,ok,
1,2083,2016-05-03 13:42:35,2016-05-03 14:48:59,1.10664,84,48.383,48.385,7200,240,Z:\SPART-WORK\Data\Voyager\voyager1\mag\48s\reviewed_vim\2016\voyager1_48s_mag-vim_20160101_v01.cdf,C:\Users\Administrator\Documents\FWD_matlab\Voyager_fu\Voyager_Interstellar_Monthly\HighestPrecision_Segments\V1_MAG48s_segment_2083_20160503T134235_20160503T144859.png,ok,
1,2084,2016-05-03 18:56:10,2016-05-03 19:36:58,0.67992,52,48.383,48.385,7200,240,Z:\SPART-WORK\Data\Voyager\voyager1\mag\48s\reviewed_vim\2016\voyager1_48s_mag-vim_20160101_v01.cdf,C:\Users\Administrator\Documents\FWD_matlab\Voyager_fu\Voyager_Interstellar_Monthly\HighestPrecision_Segments\V1_MAG48s_segment_2084_20160503T185610_20160503T193658.png,ok,
1,2085,2016-05-04 14:08:10,2016-05-04 15:10:35,1.04016,79,48.383,48.385,7200,240,Z:\SPART-WORK\Data\Voyager\voyager1\mag\48s\reviewed_vim\2016\voyager1_48s_mag-vim_20160101_v01.cdf,C:\Users\Administrator\Documents\FWD_matlab\Voyager_fu\Voyager_Interstellar_Monthly\HighestPrecision_Segments\V1_MAG48s_segment_2085_20160504T140810_20160504T151035.png,ok,
1,2086,2016-05-04 18:56:10,2016-05-04 19:42:35,0.77352,59,48.383,48.385,7200,240,Z:\SPART-WORK\Data\Voyager\voyager1\mag\48s\reviewed_vim\2016\voyager1_48s_mag-vim_20160101_v01.cdf,C:\Users\Administrator\Documents\FWD_matlab\Voyager_fu\Voyager_Interstellar_Monthly\HighestPrecision_Segments\V1_MAG48s_segment_2086_20160504T185610_20160504T194235.png,ok,
1,2087,2016-05-05 01:55:22,2016-05-05 04:16:10,2.34672,169,48.383,336.095999755859,7200,240,Z:\SPART-WORK\Data\Voyager\voyager1\mag\48s\reviewed_vim\2016\voyager1_48s_mag-vim_20160101_v01.cdf,C:\Users\Administrator\Documents\FWD_matlab\Voyager_fu\Voyager_Interstellar_Monthly\HighestPrecision_Segments\V1_MAG48s_segment_2087_20160505T015522_20160505T041610.png,ok,
1,2088,2016-05-05 09:54:34,2016-05-05 18:52:10,8.95992027777778,588,48.383,3792.095,7200,240,Z:\SPART-WORK\Data\Voyager\voyager1\mag\48s\reviewed_vim\2016\voyager1_48s_mag-vim_20160101_v01.cdf,C:\Users\Administrator\Documents\FWD_matlab\Voyager_fu\Voyager_Interstellar_Monthly\HighestPrecision_Segments\V1_MAG48s_segment_2088_20160505T095434_20160505T185210.png,ok,
1,2089,2016-05-06 18:20:57,2016-05-06 19:31:22,1.17336,89,48.383,48.385,7200,240,Z:\SPART-WORK\Data\Voyager\voyager1\mag\48s\reviewed_vim\2016\voyager1_48s_mag-vim_20160101_v01.cdf,C:\Users\Administrator\Documents\FWD_matlab\Voyager_fu\Voyager_Interstellar_Monthly\HighestPrecision_Segments\V1_MAG48s_segment_2089_20160506T182057_20160506T193122.png,ok,
1,2090,2016-05-07 15:29:46,2016-05-07 20:32:58,5.05320027770996,379,47.521,95.9049997558594,7200,240,Z:\SPART-WORK\Data\Voyager\voyager1\mag\48s\reviewed_vim\2016\voyager1_48s_mag-vim_20160101_v01.cdf,C:\Users\Administrator\Documents\FWD_matlab\Voyager_fu\Voyager_Interstellar_Monthly\HighestPrecision_Segments\V1_MAG48s_segment_2090_20160507T152946_20160507T203258.png,ok,
1,2091,2016-05-08 01:48:57,2016-05-08 05:06:33,3.29327972229004,248,47.521,49.249,7200,240,Z:\SPART-WORK\Data\Voyager\voyager1\mag\48s\reviewed_vim\2016\voyager1_48s_mag-vim_20160101_v01.cdf,C:\Users\Administrator\Documents\FWD_matlab\Voyager_fu\Voyager_Interstellar_Monthly\HighestPrecision_Segments\V1_MAG48s_segment_2091_20160508T014857_20160508T050633.png,ok,
1,2092,2016-05-08 13:24:58,2016-05-08 13:44:10,0.319919722222222,24,47.521,95.904,7200,240,Z:\SPART-WORK\Data\Voyager\voyager1\mag\48s\reviewed_vim\2016\voyager1_48s_mag-vim_20160101_v01.cdf,C:\Users\Administrator\Documents\FWD_matlab\Voyager_fu\Voyager_Interstellar_Monthly\HighestPrecision_Segments\V1_MAG48s_segment_2092_20160508T132458_20160508T134410.png,ok,
1,2093,2016-05-08 18:18:33,2016-05-08 19:21:45,1.05336027770996,80,47.521,49.249,7200,240,Z:\SPART-WORK\Data\Voyager\voyager1\mag\48s\reviewed_vim\2016\voyager1_48s_mag-vim_20160101_v01.cdf,C:\Users\Administrator\Documents\FWD_matlab\Voyager_fu\Voyager_Interstellar_Monthly\HighestPrecision_Segments\V1_MAG48s_segment_2093_20160508T181833_20160508T192145.png,ok,
1,2094,2016-05-09 01:45:46,2016-05-09 02:08:58,0.38664,28,47.521,143.425,7200,240,Z:\SPART-WORK\Data\Voyager\voyager1\mag\48s\reviewed_vim\2016\voyager1_48s_mag-vim_20160101_v01.cdf,C:\Users\Administrator\Documents\FWD_matlab\Voyager_fu\Voyager_Interstellar_Monthly\HighestPrecision_Segments\V1_MAG48s_segment_2094_20160509T014546_20160509T020858.png,ok,
1,2095,2016-05-09 05:29:45,2016-05-09 05:51:21,0.359999722222222,28,47.521,49.2480002441406,7200,240,Z:\SPART-WORK\Data\Voyager\voyager1\mag\48s\reviewed_vim\2016\voyager1_48s_mag-vim_20160101_v01.cdf,C:\Users\Administrator\Documents\FWD_matlab\Voyager_fu\Voyager_Interstellar_Monthly\HighestPrecision_Segments\V1_MAG48s_segment_2095_20160509T052945_20160509T055121.png,ok,
1,2096,2016-05-09 15:15:21,2016-05-09 15:33:46,0.306719722222222,22,47.521,143.423000244141,7200,240,Z:\SPART-WORK\Data\Voyager\voyager1\mag\48s\reviewed_vim\2016\voyager1_48s_mag-vim_20160101_v01.cdf,C:\Users\Administrator\Documents\FWD_matlab\Voyager_fu\Voyager_Interstellar_Monthly\HighestPrecision_Segments\V1_MAG48s_segment_2096_20160509T151521_20160509T153346.png,ok,
1,2097,2016-05-09 19:43:21,2016-05-09 20:23:21,0.666719999932183,51,47.521,49.2480002441406,7200,240,Z:\SPART-WORK\Data\Voyager\voyager1\mag\48s\reviewed_vim\2016\voyager1_48s_mag-vim_20160101_v01.cdf,C:\Users\Administrator\Documents\FWD_matlab\Voyager_fu\Voyager_Interstellar_Monthly\HighestPrecision_Segments\V1_MAG48s_segment_2097_20160509T194321_20160509T202321.png,ok,
1,2098,2016-05-10 13:39:21,2016-05-10 13:51:21,0.19992,16,47.521,49.249,7200,240,Z:\SPART-WORK\Data\Voyager\voyager1\mag\48s\reviewed_vim\2016\voyager1_48s_mag-vim_20160101_v01.cdf,C:\Users\Administrator\Documents\FWD_matlab\Voyager_fu\Voyager_Interstellar_Monthly\HighestPrecision_Segments\V1_MAG48s_segment_2098_20160510T133921_20160510T135121.png,ok,
1,2099,2016-05-10 18:22:33,2016-05-10 19:16:58,0.906719722222222,69,47.521,49.249,7200,240,Z:\SPART-WORK\Data\Voyager\voyager1\mag\48s\reviewed_vim\2016\voyager1_48s_mag-vim_20160101_v01.cdf,C:\Users\Administrator\Documents\FWD_matlab\Voyager_fu\Voyager_Interstellar_Monthly\HighestPrecision_Segments\V1_MAG48s_segment_2099_20160510T182233_20160510T191658.png,ok,
1,2100,2016-05-11 01:47:21,2016-05-11 03:58:33,2.18664027777778,162,47.521,192.671,7200,240,Z:\SPART-WORK\Data\Voyager\voyager1\mag\48s\reviewed_vim\2016\voyager1_48s_mag-vim_20160101_v01.cdf,C:\Users\Administrator\Documents\FWD_matlab\Voyager_fu\Voyager_Interstellar_Monthly\HighestPrecision_Segments\V1_MAG48s_segment_2100_20160511T014721_20160511T035833.png,ok,
1,2101,2016-05-11 10:22:34,2016-05-11 12:08:58,1.77335972229004,123,47.521,383.616,7200,240,Z:\SPART-WORK\Data\Voyager\voyager1\mag\48s\reviewed_vim\2016\voyager1_48s_mag-vim_20160101_v01.cdf,C:\Users\Administrator\Documents\FWD_matlab\Voyager_fu\Voyager_Interstellar_Monthly\HighestPrecision_Segments\V1_MAG48s_segment_2101_20160511T102234_20160511T120858.png,ok,
1,2102,2016-05-12 02:03:22,2016-05-12 04:28:10,2.4132,179,47.521,191.807,7200,240,Z:\SPART-WORK\Data\Voyager\voyager1\mag\48s\reviewed_vim\2016\voyager1_48s_mag-vim_20160101_v01.cdf,C:\Users\Administrator\Documents\FWD_matlab\Voyager_fu\Voyager_Interstellar_Monthly\HighestPrecision_Segments\V1_MAG48s_segment_2102_20160512T020322_20160512T042810.png,ok,
1,2103,2016-05-12 14:12:57,2016-05-12 19:56:09,5.72015972222222,427,47.521,192.672999755859,7200,240,Z:\SPART-WORK\Data\Voyager\voyager1\mag\48s\reviewed_vim\2016\voyager1_48s_mag-vim_20160101_v01.cdf,C:\Users\Administrator\Documents\FWD_matlab\Voyager_fu\Voyager_Interstellar_Monthly\HighestPrecision_Segments\V1_MAG48s_segment_2103_20160512T141257_20160512T195609.png,ok,
1,2104,2016-05-13 09:08:58,2016-05-13 13:11:21,4.03992027770996,301,47.521,192.672,7200,240,Z:\SPART-WORK\Data\Voyager\voyager1\mag\48s\reviewed_vim\2016\voyager1_48s_mag-vim_20160101_v01.cdf,C:\Users\Administrator\Documents\FWD_matlab\Voyager_fu\Voyager_Interstellar_Monthly\HighestPrecision_Segments\V1_MAG48s_segment_2104_20160513T090858_20160513T131121.png,ok,
1,2105,2016-05-13 15:56:58,2016-05-13 18:06:33,2.15976,163,47.521,49.249,7200,240,Z:\SPART-WORK\Data\Voyager\voyager1\mag\48s\reviewed_vim\2016\voyager1_48s_mag-vim_20160101_v01.cdf,C:\Users\Administrator\Documents\FWD_matlab\Voyager_fu\Voyager_Interstellar_Monthly\HighestPrecision_Segments\V1_MAG48s_segment_2105_20160513T155658_20160513T180633.png,ok,
1,2106,2016-05-14 01:28:10,2016-05-14 05:31:22,4.05335999993218,302,47.521,192.672,7200,240,Z:\SPART-WORK\Data\Voyager\voyager1\mag\48s\reviewed_vim\2016\voyager1_48s_mag-vim_20160101_v01.cdf,C:\Users\Administrator\Documents\FWD_matlab\Voyager_fu\Voyager_Interstellar_Monthly\HighestPrecision_Segments\V1_MAG48s_segment_2106_20160514T012810_20160514T053122.png,ok,
1,2107,2016-05-14 11:20:10,2016-05-14 18:01:45,6.69311972222222,500,47.521,192.672,7200,240,Z:\SPART-WORK\Data\Voyager\voyager1\mag\48s\reviewed_vim\2016\voyager1_48s_mag-vim_20160101_v01.cdf,C:\Users\Administrator\Documents\FWD_matlab\Voyager_fu\Voyager_Interstellar_Monthly\HighestPrecision_Segments\V1_MAG48s_segment_2107_20160514T112010_20160514T180145.png,ok,
1,2108,2016-05-15 03:40:57,2016-05-15 11:07:22,7.44047999993218,557,47.521,143.424,7200,240,Z:\SPART-WORK\Data\Voyager\voyager1\mag\48s\reviewed_vim\2016\voyager1_48s_mag-vim_20160101_v01.cdf,C:\Users\Administrator\Documents\FWD_matlab\Voyager_fu\Voyager_Interstellar_Monthly\HighestPrecision_Segments\V1_MAG48s_segment_2108_20160515T034057_20160515T110722.png,ok,
1,2109,2016-05-15 15:34:33,2016-05-15 17:56:10,2.36016,178,47.521,49.2489997558594,7200,240,Z:\SPART-WORK\Data\Voyager\voyager1\mag\48s\reviewed_vim\2016\voyager1_48s_mag-vim_20160101_v01.cdf,C:\Users\Administrator\Documents\FWD_matlab\Voyager_fu\Voyager_Interstellar_Monthly\HighestPrecision_Segments\V1_MAG48s_segment_2109_20160515T153433_20160515T175610.png,ok,
1,2110,2016-05-16 05:05:46,2016-05-16 11:26:33,6.34655972229004,476,47.521,96.767,7200,240,Z:\SPART-WORK\Data\Voyager\voyager1\mag\48s\reviewed_vim\2016\voyager1_48s_mag-vim_20160101_v01.cdf,C:\Users\Administrator\Documents\FWD_matlab\Voyager_fu\Voyager_Interstellar_Monthly\HighestPrecision_Segments\V1_MAG48s_segment_2110_20160516T050546_20160516T112633.png,ok,
1,2111,2016-05-16 18:40:09,2016-05-16 20:07:22,1.45367972222222,108,47.521,145.152999755859,7200,240,Z:\SPART-WORK\Data\Voyager\voyager1\mag\48s\reviewed_vim\2016\voyager1_48s_mag-vim_20160101_v01.cdf,C:\Users\Administrator\Documents\FWD_matlab\Voyager_fu\Voyager_Interstellar_Monthly\HighestPrecision_Segments\V1_MAG48s_segment_2111_20160516T184009_20160516T200722.png,ok,
1,2112,2016-05-17 07:15:22,2016-05-17 11:16:57,4.02648027777778,303,47.521,49.249,7200,240,Z:\SPART-WORK\Data\Voyager\voyager1\mag\48s\reviewed_vim\2016\voyager1_48s_mag-vim_20160101_v01.cdf,C:\Users\Administrator\Documents\FWD_matlab\Voyager_fu\Voyager_Interstellar_Monthly\HighestPrecision_Segments\V1_MAG48s_segment_2112_20160517T071522_20160517T111657.png,ok,
1,2113,2016-05-18 08:46:33,2016-05-18 11:16:09,2.49360027777778,187,47.521,96.769,7200,240,Z:\SPART-WORK\Data\Voyager\voyager1\mag\48s\reviewed_vim\2016\voyager1_48s_mag-vim_20160101_v01.cdf,C:\Users\Administrator\Documents\FWD_matlab\Voyager_fu\Voyager_Interstellar_Monthly\HighestPrecision_Segments\V1_MAG48s_segment_2113_20160518T084633_20160518T111609.png,ok,
1,2114,2016-05-18 16:12:57,2016-05-18 20:14:33,4.02648000006782,301,47.521,144.287000244141,7200,240,Z:\SPART-WORK\Data\Voyager\voyager1\mag\48s\reviewed_vim\2016\voyager1_48s_mag-vim_20160101_v01.cdf,C:\Users\Administrator\Documents\FWD_matlab\Voyager_fu\Voyager_Interstellar_Monthly\HighestPrecision_Segments\V1_MAG48s_segment_2114_20160518T161257_20160518T201433.png,ok,
1,2115,2016-05-19 08:41:46,2016-05-19 12:45:45,4.06656000006782,306,47.521,49.249,7200,240,Z:\SPART-WORK\Data\Voyager\voyager1\mag\48s\reviewed_vim\2016\voyager1_48s_mag-vim_20160101_v01.cdf,C:\Users\Administrator\Documents\FWD_matlab\Voyager_fu\Voyager_Interstellar_Monthly\HighestPrecision_Segments\V1_MAG48s_segment_2115_20160519T084146_20160519T124545.png,ok,
1,2116,2016-05-20 05:36:09,2016-05-20 11:06:33,5.50679972229004,377,47.521,1632.09600024414,7200,240,Z:\SPART-WORK\Data\Voyager\voyager1\mag\48s\reviewed_vim\2016\voyager1_48s_mag-vim_20160101_v01.cdf,C:\Users\Administrator\Documents\FWD_matlab\Voyager_fu\Voyager_Interstellar_Monthly\HighestPrecision_Segments\V1_MAG48s_segment_2116_20160520T053609_20160520T110633.png,ok,
1,2117,2016-05-21 05:52:09,2016-05-21 10:57:44,5.09328,325,47.521,2063.23299975586,7200,240,Z:\SPART-WORK\Data\Voyager\voyager1\mag\48s\reviewed_vim\2016\voyager1_48s_mag-vim_20160101_v01.cdf,C:\Users\Administrator\Documents\FWD_matlab\Voyager_fu\Voyager_Interstellar_Monthly\HighestPrecision_Segments\V1_MAG48s_segment_2117_20160521T055209_20160521T105744.png,ok,
1,2118,2016-05-22 06:41:46,2016-05-22 10:55:21,4.2264,317,47.521,95.905,7200,240,Z:\SPART-WORK\Data\Voyager\voyager1\mag\48s\reviewed_vim\2016\voyager1_48s_mag-vim_20160101_v01.cdf,C:\Users\Administrator\Documents\FWD_matlab\Voyager_fu\Voyager_Interstellar_Monthly\HighestPrecision_Segments\V1_MAG48s_segment_2118_20160522T064146_20160522T105521.png,ok,
1,2119,2016-05-23 02:54:34,2016-05-23 08:56:57,6.03984027770996,451,47.521,192.672,7200,240,Z:\SPART-WORK\Data\Voyager\voyager1\mag\48s\reviewed_vim\2016\voyager1_48s_mag-vim_20160101_v01.cdf,C:\Users\Administrator\Documents\FWD_matlab\Voyager_fu\Voyager_Interstellar_Monthly\HighestPrecision_Segments\V1_MAG48s_segment_2119_20160523T025434_20160523T085657.png,ok,
1,2120,2016-05-23 17:52:09,2016-05-23 19:56:57,2.08008,153,47.521,240.192,7200,240,Z:\SPART-WORK\Data\Voyager\voyager1\mag\48s\reviewed_vim\2016\voyager1_48s_mag-vim_20160101_v01.cdf,C:\Users\Administrator\Documents\FWD_matlab\Voyager_fu\Voyager_Interstellar_Monthly\HighestPrecision_Segments\V1_MAG48s_segment_2120_20160523T175209_20160523T195657.png,ok,
1,2121,2016-05-24 11:23:21,2016-05-24 11:47:22,0.400080277777778,28,47.521,190.944,7200,240,Z:\SPART-WORK\Data\Voyager\voyager1\mag\48s\reviewed_vim\2016\voyager1_48s_mag-vim_20160101_v01.cdf,C:\Users\Administrator\Documents\FWD_matlab\Voyager_fu\Voyager_Interstellar_Monthly\HighestPrecision_Segments\V1_MAG48s_segment_2121_20160524T112321_20160524T114722.png,ok,
1,2122,2016-05-24 14:39:21,2016-05-24 19:51:21,5.19984,391,47.521,49.249,7200,240,Z:\SPART-WORK\Data\Voyager\voyager1\mag\48s\reviewed_vim\2016\voyager1_48s_mag-vim_20160101_v01.cdf,C:\Users\Administrator\Documents\FWD_matlab\Voyager_fu\Voyager_Interstellar_Monthly\HighestPrecision_Segments\V1_MAG48s_segment_2122_20160524T143921_20160524T195121.png,ok,
1,2123,2016-05-25 06:51:22,2016-05-25 10:45:46,3.90672,293,47.521,95.903,7200,240,Z:\SPART-WORK\Data\Voyager\voyager1\mag\48s\reviewed_vim\2016\voyager1_48s_mag-vim_20160101_v01.cdf,C:\Users\Administrator\Documents\FWD_matlab\Voyager_fu\Voyager_Interstellar_Monthly\HighestPrecision_Segments\V1_MAG48s_segment_2123_20160525T065122_20160525T104546.png,ok,
1,2124,2016-05-26 04:35:21,2016-05-26 10:40:57,6.09336,456,47.521,143.425,7200,240,Z:\SPART-WORK\Data\Voyager\voyager1\mag\48s\reviewed_vim\2016\voyager1_48s_mag-vim_20160101_v01.cdf,C:\Users\Administrator\Documents\FWD_matlab\Voyager_fu\Voyager_Interstellar_Monthly\HighestPrecision_Segments\V1_MAG48s_segment_2124_20160526T043521_20160526T104057.png,ok,
1,2125,2016-05-27 08:27:22,2016-05-27 12:30:33,4.05312,302,47.521,191.808,7200,240,Z:\SPART-WORK\Data\Voyager\voyager1\mag\48s\reviewed_vim\2016\voyager1_48s_mag-vim_20160101_v01.cdf,C:\Users\Administrator\Documents\FWD_matlab\Voyager_fu\Voyager_Interstellar_Monthly\HighestPrecision_Segments\V1_MAG48s_segment_2125_20160527T082722_20160527T123033.png,ok,
1,2126,2016-05-28 00:24:09,2016-05-28 03:22:33,2.97336,221,47.521,190.944,7200,240,Z:\SPART-WORK\Data\Voyager\voyager1\mag\48s\reviewed_vim\2016\voyager1_48s_mag-vim_20160101_v01.cdf,C:\Users\Administrator\Documents\FWD_matlab\Voyager_fu\Voyager_Interstellar_Monthly\HighestPrecision_Segments\V1_MAG48s_segment_2126_20160528T002409_20160528T032233.png,ok,
1,2127,2016-05-28 08:16:09,2016-05-28 12:10:34,3.90671972222222,292,47.521,144.287,7200,240,Z:\SPART-WORK\Data\Voyager\voyager1\mag\48s\reviewed_vim\2016\voyager1_48s_mag-vim_20160101_v01.cdf,C:\Users\Administrator\Documents\FWD_matlab\Voyager_fu\Voyager_Interstellar_Monthly\HighestPrecision_Segments\V1_MAG48s_segment_2127_20160528T081609_20160528T121034.png,ok,
1,2128,2016-05-29 01:50:33,2016-05-29 04:00:09,2.15999972229004,160,47.521,191.808,7200,240,Z:\SPART-WORK\Data\Voyager\voyager1\mag\48s\reviewed_vim\2016\voyager1_48s_mag-vim_20160101_v01.cdf,C:\Users\Administrator\Documents\FWD_matlab\Voyager_fu\Voyager_Interstellar_Monthly\HighestPrecision_Segments\V1_MAG48s_segment_2128_20160529T015033_20160529T040009.png,ok,
1,2129,2016-05-29 15:31:22,2016-05-29 19:35:21,4.06631972222222,306,47.521,49.249,7200,240,Z:\SPART-WORK\Data\Voyager\voyager1\mag\48s\reviewed_vim\2016\voyager1_48s_mag-vim_20160101_v01.cdf,C:\Users\Administrator\Documents\FWD_matlab\Voyager_fu\Voyager_Interstellar_Monthly\HighestPrecision_Segments\V1_MAG48s_segment_2129_20160529T153122_20160529T193521.png,ok,
1,2130,2016-05-30 11:44:09,2016-05-30 17:35:21,5.85335972229004,438,47.5209997558594,144.288,7200,240,Z:\SPART-WORK\Data\Voyager\voyager1\mag\48s\reviewed_vim\2016\voyager1_48s_mag-vim_20160101_v01.cdf,C:\Users\Administrator\Documents\FWD_matlab\Voyager_fu\Voyager_Interstellar_Monthly\HighestPrecision_Segments\V1_MAG48s_segment_2130_20160530T114409_20160530T173521.png,ok,
1,2131,2016-05-31 06:40:09,2016-05-31 10:13:45,3.55992,268,47.5209997558594,49.249,7200,240,Z:\SPART-WORK\Data\Voyager\voyager1\mag\48s\reviewed_vim\2016\voyager1_48s_mag-vim_20160101_v01.cdf,C:\Users\Administrator\Documents\FWD_matlab\Voyager_fu\Voyager_Interstellar_Monthly\HighestPrecision_Segments\V1_MAG48s_segment_2131_20160531T064009_20160531T101345.png,ok,
1,2132,2016-06-01 02:01:45,2016-06-01 10:14:32,8.21328,487,47.5209997558594,6239.809,7200,240,Z:\SPART-WORK\Data\Voyager\voyager1\mag\48s\reviewed_vim\2016\voyager1_48s_mag-vim_20160101_v01.cdf,C:\Users\Administrator\Documents\FWD_matlab\Voyager_fu\Voyager_Interstellar_Monthly\HighestPrecision_Segments\V1_MAG48s_segment_2132_20160601T020145_20160601T101432.png,ok,
1,2133,2016-06-02 02:01:45,2016-06-02 03:39:21,1.62672,123,47.5209997558594,49.249,7200,240,Z:\SPART-WORK\Data\Voyager\voyager1\mag\48s\reviewed_vim\2016\voyager1_48s_mag-vim_20160101_v01.cdf,C:\Users\Administrator\Documents\FWD_matlab\Voyager_fu\Voyager_Interstellar_Monthly\HighestPrecision_Segments\V1_MAG48s_segment_2133_20160602T020145_20160602T033921.png,ok,
1,2134,2016-06-02 07:44:09,2016-06-02 10:09:46,2.42688027777778,183,47.5209997558594,49.249,7200,240,Z:\SPART-WORK\Data\Voyager\voyager1\mag\48s\reviewed_vim\2016\voyager1_48s_mag-vim_20160101_v01.cdf,C:\Users\Administrator\Documents\FWD_matlab\Voyager_fu\Voyager_Interstellar_Monthly\HighestPrecision_Segments\V1_MAG48s_segment_2134_20160602T074409_20160602T100946.png,ok,
1,2135,2016-06-02 15:05:45,2016-06-02 18:54:33,3.81336027777778,285,47.5209997558594,144.288000244141,7200,240,Z:\SPART-WORK\Data\Voyager\voyager1\mag\48s\reviewed_vim\2016\voyager1_48s_mag-vim_20160101_v01.cdf,C:\Users\Administrator\Documents\FWD_matlab\Voyager_fu\Voyager_Interstellar_Monthly\HighestPrecision_Segments\V1_MAG48s_segment_2135_20160602T150545_20160602T185433.png,ok,
1,2136,2016-06-03 07:45:45,2016-06-03 11:50:33,4.07999972229004,304,47.5209997558594,192.673,7200,240,Z:\SPART-WORK\Data\Voyager\voyager1\mag\48s\reviewed_vim\2016\voyager1_48s_mag-vim_20160101_v01.cdf,C:\Users\Administrator\Documents\FWD_matlab\Voyager_fu\Voyager_Interstellar_Monthly\HighestPrecision_Segments\V1_MAG48s_segment_2136_20160603T074545_20160603T115033.png,ok,
1,2137,2016-06-04 05:32:57,2016-06-04 13:04:56,7.53311972229004,469,47.5209997558594,4655.231,7200,240,Z:\SPART-WORK\Data\Voyager\voyager1\mag\48s\reviewed_vim\2016\voyager1_48s_mag-vim_20160101_v01.cdf,C:\Users\Administrator\Documents\FWD_matlab\Voyager_fu\Voyager_Interstellar_Monthly\HighestPrecision_Segments\V1_MAG48s_segment_2137_20160604T053257_20160604T130456.png,ok,
1,2138,2016-06-05 00:57:46,2016-06-05 06:04:58,5.11991972222222,383,47.5200002441406,144.287,7200,240,Z:\SPART-WORK\Data\Voyager\voyager1\mag\48s\reviewed_vim\2016\voyager1_48s_mag-vim_20160101_v01.cdf,C:\Users\Administrator\Documents\FWD_matlab\Voyager_fu\Voyager_Interstellar_Monthly\HighestPrecision_Segments\V1_MAG48s_segment_2138_20160605T005746_20160605T060458.png,ok,
1,2139,2016-06-05 17:47:22,2016-06-05 19:04:09,1.27991972222222,94,47.52,190.944,7200,240,Z:\SPART-WORK\Data\Voyager\voyager1\mag\48s\reviewed_vim\2016\voyager1_48s_mag-vim_20160101_v01.cdf,C:\Users\Administrator\Documents\FWD_matlab\Voyager_fu\Voyager_Interstellar_Monthly\HighestPrecision_Segments\V1_MAG48s_segment_2139_20160605T174722_20160605T190409.png,ok,
1,2140,2016-06-06 07:29:45,2016-06-06 12:04:58,4.58687972222222,342,47.5200002441406,190.945,7200,240,Z:\SPART-WORK\Data\Voyager\voyager1\mag\48s\reviewed_vim\2016\voyager1_48s_mag-vim_20160101_v01.cdf,C:\Users\Administrator\Documents\FWD_matlab\Voyager_fu\Voyager_Interstellar_Monthly\HighestPrecision_Segments\V1_MAG48s_segment_2140_20160606T072945_20160606T120458.png,ok,
1,2141,2016-06-06 23:52:09,2016-06-07 03:54:33,4.04016,303,47.52,96.767,7200,240,Z:\SPART-WORK\Data\Voyager\voyager1\mag\48s\reviewed_vim\2016\voyager1_48s_mag-vim_20160101_v01.cdf,C:\Users\Administrator\Documents\FWD_matlab\Voyager_fu\Voyager_Interstellar_Monthly\HighestPrecision_Segments\V1_MAG48s_segment_2141_20160606T235209_20160607T035433.png,ok,
1,2142,2016-06-07 07:34:33,2016-06-07 09:48:57,2.24015972222222,167,47.5200001220703,144.289,7200,240,Z:\SPART-WORK\Data\Voyager\voyager1\mag\48s\reviewed_vim\2016\voyager1_48s_mag-vim_20160101_v01.cdf,C:\Users\Administrator\Documents\FWD_matlab\Voyager_fu\Voyager_Interstellar_Monthly\HighestPrecision_Segments\V1_MAG48s_segment_2142_20160607T073433_20160607T094857.png,ok,
1,2143,2016-06-08 00:51:21,2016-06-08 02:50:33,1.98671972229004,150,47.52,49.249,7200,240,Z:\SPART-WORK\Data\Voyager\voyager1\mag\48s\reviewed_vim\2016\voyager1_48s_mag-vim_20160101_v01.cdf,C:\Users\Administrator\Documents\FWD_matlab\Voyager_fu\Voyager_Interstellar_Monthly\HighestPrecision_Segments\V1_MAG48s_segment_2143_20160608T005121_20160608T025033.png,ok,
1,2144,2016-06-08 12:52:56,2016-06-08 17:17:45,4.41360027777778,331,47.52,96.769,7200,240,Z:\SPART-WORK\Data\Voyager\voyager1\mag\48s\reviewed_vim\2016\voyager1_48s_mag-vim_20160101_v01.cdf,C:\Users\Administrator\Documents\FWD_matlab\Voyager_fu\Voyager_Interstellar_Monthly\HighestPrecision_Segments\V1_MAG48s_segment_2144_20160608T125256_20160608T171745.png,ok,
1,2145,2016-06-09 07:24:58,2016-06-09 11:34:33,4.15967972222222,313,47.52,49.249,7200,240,Z:\SPART-WORK\Data\Voyager\voyager1\mag\48s\reviewed_vim\2016\voyager1_48s_mag-vim_20160101_v01.cdf,C:\Users\Administrator\Documents\FWD_matlab\Voyager_fu\Voyager_Interstellar_Monthly\HighestPrecision_Segments\V1_MAG48s_segment_2145_20160609T072458_20160609T113433.png,ok,
1,2146,2016-06-10 07:13:45,2016-06-10 11:19:20,4.09319972222222,305,47.52,190.945,7200,240,Z:\SPART-WORK\Data\Voyager\voyager1\mag\48s\reviewed_vim\2016\voyager1_48s_mag-vim_20160101_v01.cdf,C:\Users\Administrator\Documents\FWD_matlab\Voyager_fu\Voyager_Interstellar_Monthly\HighestPrecision_Segments\V1_MAG48s_segment_2146_20160610T071345_20160610T111920.png,ok,
1,2147,2016-06-10 23:28:09,2016-06-11 02:24:09,2.93328,221,47.52,49.249,7200,240,Z:\SPART-WORK\Data\Voyager\voyager1\mag\48s\reviewed_vim\2016\voyager1_48s_mag-vim_20160101_v01.cdf,C:\Users\Administrator\Documents\FWD_matlab\Voyager_fu\Voyager_Interstellar_Monthly\HighestPrecision_Segments\V1_MAG48s_segment_2147_20160610T232809_20160611T022409.png,ok,
1,2148,2016-06-11 07:24:56,2016-06-11 11:08:57,3.73344027770996,279,47.52,143.423,7200,240,Z:\SPART-WORK\Data\Voyager\voyager1\mag\48s\reviewed_vim\2016\voyager1_48s_mag-vim_20160101_v01.cdf,C:\Users\Administrator\Documents\FWD_matlab\Voyager_fu\Voyager_Interstellar_Monthly\HighestPrecision_Segments\V1_MAG48s_segment_2148_20160611T072456_20160611T110857.png,ok,
1,2149,2016-06-12 00:43:21,2016-06-12 02:44:09,2.01336,151,47.52,95.903,7200,240,Z:\SPART-WORK\Data\Voyager\voyager1\mag\48s\reviewed_vim\2016\voyager1_48s_mag-vim_20160101_v01.cdf,C:\Users\Administrator\Documents\FWD_matlab\Voyager_fu\Voyager_Interstellar_Monthly\HighestPrecision_Segments\V1_MAG48s_segment_2149_20160612T004321_20160612T024409.png,ok,
1,2150,2016-06-12 07:07:20,2016-06-12 11:39:21,4.53335972222222,340,47.52,95.903,7200,240,Z:\SPART-WORK\Data\Voyager\voyager1\mag\48s\reviewed_vim\2016\voyager1_48s_mag-vim_20160101_v01.cdf,C:\Users\Administrator\Documents\FWD_matlab\Voyager_fu\Voyager_Interstellar_Monthly\HighestPrecision_Segments\V1_MAG48s_segment_2150_20160612T070720_20160612T113921.png,ok,
1,2151,2016-06-13 04:27:21,2016-06-13 09:19:21,4.86648027777778,363,47.52,192.672,7200,240,Z:\SPART-WORK\Data\Voyager\voyager1\mag\48s\reviewed_vim\2016\voyager1_48s_mag-vim_20160101_v01.cdf,C:\Users\Administrator\Documents\FWD_matlab\Voyager_fu\Voyager_Interstellar_Monthly\HighestPrecision_Segments\V1_MAG48s_segment_2151_20160613T042721_20160613T091921.png,ok,
1,2152,2016-06-14 10:48:08,2016-06-14 17:00:10,6.20039999993218,463,47.52,192.672,7200,240,Z:\SPART-WORK\Data\Voyager\voyager1\mag\48s\reviewed_vim\2016\voyager1_48s_mag-vim_20160101_v01.cdf,C:\Users\Administrator\Documents\FWD_matlab\Voyager_fu\Voyager_Interstellar_Monthly\HighestPrecision_Segments\V1_MAG48s_segment_2152_20160614T104808_20160614T170010.png,ok,
1,2153,2016-06-15 10:27:21,2016-06-15 14:26:33,3.98664000006782,300,47.52,49.249,7200,240,Z:\SPART-WORK\Data\Voyager\voyager1\mag\48s\reviewed_vim\2016\voyager1_48s_mag-vim_20160101_v01.cdf,C:\Users\Administrator\Documents\FWD_matlab\Voyager_fu\Voyager_Interstellar_Monthly\HighestPrecision_Segments\V1_MAG48s_segment_2153_20160615T102721_20160615T142633.png,ok,
1,2154,2016-06-16 05:28:09,2016-06-16 10:53:44,5.4264,405,47.52,191.808,7200,240,Z:\SPART-WORK\Data\Voyager\voyager1\mag\48s\reviewed_vim\2016\voyager1_48s_mag-vim_20160101_v01.cdf,C:\Users\Administrator\Documents\FWD_matlab\Voyager_fu\Voyager_Interstellar_Monthly\HighestPrecision_Segments\V1_MAG48s_segment_2154_20160616T052809_20160616T105344.png,ok,
1,2155,2016-06-17 00:38:33,2016-06-17 04:49:45,4.18656,315,47.52,49.249,7200,240,Z:\SPART-WORK\Data\Voyager\voyager1\mag\48s\reviewed_vim\2016\voyager1_48s_mag-vim_20160101_v01.cdf,C:\Users\Administrator\Documents\FWD_matlab\Voyager_fu\Voyager_Interstellar_Monthly\HighestPrecision_Segments\V1_MAG48s_segment_2155_20160617T003833_20160617T044945.png,ok,
1,2156,2016-06-18 03:15:21,2016-06-18 09:03:21,5.79984,429,47.52,287.712,7200,240,Z:\SPART-WORK\Data\Voyager\voyager1\mag\48s\reviewed_vim\2016\voyager1_48s_mag-vim_20160101_v01.cdf,C:\Users\Administrator\Documents\FWD_matlab\Voyager_fu\Voyager_Interstellar_Monthly\HighestPrecision_Segments\V1_MAG48s_segment_2156_20160618T031521_20160618T090321.png,ok,
1,2157,2016-06-19 08:40:09,2016-06-19 13:43:21,5.05343972229004,377,47.52,190.945,7200,240,Z:\SPART-WORK\Data\Voyager\voyager1\mag\48s\reviewed_vim\2016\voyager1_48s_mag-vim_20160101_v01.cdf,C:\Users\Administrator\Documents\FWD_matlab\Voyager_fu\Voyager_Interstellar_Monthly\HighestPrecision_Segments\V1_MAG48s_segment_2157_20160619T084009_20160619T134321.png,ok,
1,2158,2016-06-20 14:01:45,2016-06-20 18:00:57,3.98688,298,47.52,144.289,7200,240,Z:\SPART-WORK\Data\Voyager\voyager1\mag\48s\reviewed_vim\2016\voyager1_48s_mag-vim_20160101_v01.cdf,C:\Users\Administrator\Documents\FWD_matlab\Voyager_fu\Voyager_Interstellar_Monthly\HighestPrecision_Segments\V1_MAG48s_segment_2158_20160620T140145_20160620T180057.png,ok,
1,2159,2016-06-21 13:20:56,2016-06-21 16:28:09,3.12024,235,47.52,49.249,7200,240,Z:\SPART-WORK\Data\Voyager\voyager1\mag\48s\reviewed_vim\2016\voyager1_48s_mag-vim_20160101_v01.cdf,C:\Users\Administrator\Documents\FWD_matlab\Voyager_fu\Voyager_Interstellar_Monthly\HighestPrecision_Segments\V1_MAG48s_segment_2159_20160621T132056_20160621T162809.png,ok,
1,2160,2016-06-22 02:59:21,2016-06-22 07:05:45,4.10664,307,47.52,143.423,7200,240,Z:\SPART-WORK\Data\Voyager\voyager1\mag\48s\reviewed_vim\2016\voyager1_48s_mag-vim_20160101_v01.cdf,C:\Users\Administrator\Documents\FWD_matlab\Voyager_fu\Voyager_Interstellar_Monthly\HighestPrecision_Segments\V1_MAG48s_segment_2160_20160622T025921_20160622T070545.png,ok,
1,2161,2016-06-23 05:42:32,2016-06-23 10:24:09,4.69344000006782,353,47.52,49.249,7200,240,Z:\SPART-WORK\Data\Voyager\voyager1\mag\48s\reviewed_vim\2016\voyager1_48s_mag-vim_20160101_v01.cdf,C:\Users\Administrator\Documents\FWD_matlab\Voyager_fu\Voyager_Interstellar_Monthly\HighestPrecision_Segments\V1_MAG48s_segment_2161_20160623T054232_20160623T102409.png,ok,
1,2162,2016-06-24 07:53:44,2016-06-24 11:47:22,3.89376,291,47.52,143.425,7200,240,Z:\SPART-WORK\Data\Voyager\voyager1\mag\48s\reviewed_vim\2016\voyager1_48s_mag-vim_20160101_v01.cdf,C:\Users\Administrator\Documents\FWD_matlab\Voyager_fu\Voyager_Interstellar_Monthly\HighestPrecision_Segments\V1_MAG48s_segment_2162_20160624T075344_20160624T114722.png,ok,
1,2163,2016-06-25 00:24:08,2016-06-25 03:16:09,2.8668,215,47.52,95.903,7200,240,Z:\SPART-WORK\Data\Voyager\voyager1\mag\48s\reviewed_vim\2016\voyager1_48s_mag-vim_20160101_v01.cdf,C:\Users\Administrator\Documents\FWD_matlab\Voyager_fu\Voyager_Interstellar_Monthly\HighestPrecision_Segments\V1_MAG48s_segment_2163_20160625T002408_20160625T031609.png,ok,
1,2164,2016-06-25 13:47:21,2016-06-25 17:52:09,4.08000027777778,304,47.52,190.943,7200,240,Z:\SPART-WORK\Data\Voyager\voyager1\mag\48s\reviewed_vim\2016\voyager1_48s_mag-vim_20160101_v01.cdf,C:\Users\Administrator\Documents\FWD_matlab\Voyager_fu\Voyager_Interstellar_Monthly\HighestPrecision_Segments\V1_MAG48s_segment_2164_20160625T134721_20160625T175209.png,ok,
1,2165,2016-06-26 08:20:57,2016-06-26 12:24:08,4.05312,302,47.52,190.945,7200,240,Z:\SPART-WORK\Data\Voyager\voyager1\mag\48s\reviewed_vim\2016\voyager1_48s_mag-vim_20160101_v01.cdf,C:\Users\Administrator\Documents\FWD_matlab\Voyager_fu\Voyager_Interstellar_Monthly\HighestPrecision_Segments\V1_MAG48s_segment_2165_20160626T082057_20160626T122408.png,ok,
1,2166,2016-06-27 11:42:32,2016-06-27 16:04:09,4.36032,327,47.52,96.769,7200,240,Z:\SPART-WORK\Data\Voyager\voyager1\mag\48s\reviewed_vim\2016\voyager1_48s_mag-vim_20160101_v01.cdf,C:\Users\Administrator\Documents\FWD_matlab\Voyager_fu\Voyager_Interstellar_Monthly\HighestPrecision_Segments\V1_MAG48s_segment_2166_20160627T114232_20160627T160409.png,ok,
1,2167,2016-06-28 11:53:45,2016-06-28 15:58:33,4.07976027777778,307,47.52,49.249,7200,240,Z:\SPART-WORK\Data\Voyager\voyager1\mag\48s\reviewed_vim\2016\voyager1_48s_mag-vim_20160101_v01.cdf,C:\Users\Administrator\Documents\FWD_matlab\Voyager_fu\Voyager_Interstellar_Monthly\HighestPrecision_Segments\V1_MAG48s_segment_2167_20160628T115345_20160628T155833.png,ok,
1,2168,2016-06-29 01:24:56,2016-06-29 03:32:57,2.1336,160,47.52,95.9049997558594,7200,240,Z:\SPART-WORK\Data\Voyager\voyager1\mag\48s\reviewed_vim\2016\voyager1_48s_mag-vim_20160101_v01.cdf,C:\Users\Administrator\Documents\FWD_matlab\Voyager_fu\Voyager_Interstellar_Monthly\HighestPrecision_Segments\V1_MAG48s_segment_2168_20160629T012456_20160629T033257.png,ok,
1,2169,2016-06-29 07:55:21,2016-06-29 10:02:33,2.11992027777778,159,47.52,95.905,7200,240,Z:\SPART-WORK\Data\Voyager\voyager1\mag\48s\reviewed_vim\2016\voyager1_48s_mag-vim_20160101_v01.cdf,C:\Users\Administrator\Documents\FWD_matlab\Voyager_fu\Voyager_Interstellar_Monthly\HighestPrecision_Segments\V1_MAG48s_segment_2169_20160629T075521_20160629T100233.png,ok,
1,2170,2016-06-29 13:23:21,2016-06-29 17:03:21,3.66647999993218,274,47.52,143.424999755859,7200,240,Z:\SPART-WORK\Data\Voyager\voyager1\mag\48s\reviewed_vim\2016\voyager1_48s_mag-vim_20160101_v01.cdf,C:\Users\Administrator\Documents\FWD_matlab\Voyager_fu\Voyager_Interstellar_Monthly\HighestPrecision_Segments\V1_MAG48s_segment_2170_20160629T132321_20160629T170321.png,ok,
1,2171,2016-06-30 04:16:09,2016-06-30 08:19:20,4.05311999993218,305,47.52,49.249,7200,240,Z:\SPART-WORK\Data\Voyager\voyager1\mag\48s\reviewed_vim\2016\voyager1_48s_mag-vim_20160101_v01.cdf,C:\Users\Administrator\Documents\FWD_matlab\Voyager_fu\Voyager_Interstellar_Monthly\HighestPrecision_Segments\V1_MAG48s_segment_2171_20160630T041609_20160630T081920.png,ok,
1,2172,2016-07-01 04:14:32,2016-07-01 09:16:57,5.04023972229004,376,47.52,190.944999755859,7200,240,Z:\SPART-WORK\Data\Voyager\voyager1\mag\48s\reviewed_vim\2016\voyager1_48s_mag-vim_20160101_v01.cdf,C:\Users\Administrator\Documents\FWD_matlab\Voyager_fu\Voyager_Interstellar_Monthly\HighestPrecision_Segments\V1_MAG48s_segment_2172_20160701T041432_20160701T091657.png,ok,
1,2173,2016-07-02 11:47:20,2016-07-02 17:12:08,5.41344,405,47.52,143.423000244141,7200,240,Z:\SPART-WORK\Data\Voyager\voyager1\mag\48s\reviewed_vim\2016\voyager1_48s_mag-vim_20160101_v01.cdf,C:\Users\Administrator\Documents\FWD_matlab\Voyager_fu\Voyager_Interstellar_Monthly\HighestPrecision_Segments\V1_MAG48s_segment_2173_20160702T114720_20160702T171208.png,ok,
1,2174,2016-07-02 22:54:32,2016-07-03 00:56:57,2.04023972222222,151,47.52,192.672000244141,7200,240,Z:\SPART-WORK\Data\Voyager\voyager1\mag\48s\reviewed_vim\2016\voyager1_48s_mag-vim_20160101_v01.cdf,C:\Users\Administrator\Documents\FWD_matlab\Voyager_fu\Voyager_Interstellar_Monthly\HighestPrecision_Segments\V1_MAG48s_segment_2174_20160702T225432_20160703T005657.png,ok,
1,2175,2016-07-04 00:04:56,2016-07-04 04:07:20,4.04016,303,47.52,96.767,7200,240,Z:\SPART-WORK\Data\Voyager\voyager1\mag\48s\reviewed_vim\2016\voyager1_48s_mag-vim_20160101_v01.cdf,C:\Users\Administrator\Documents\FWD_matlab\Voyager_fu\Voyager_Interstellar_Monthly\HighestPrecision_Segments\V1_MAG48s_segment_2175_20160704T000456_20160704T040720.png,ok,
1,2176,2016-07-05 00:57:44,2016-07-05 05:17:45,4.33344027770996,291,47.52,1681.34300024414,7200,240,Z:\SPART-WORK\Data\Voyager\voyager1\mag\48s\reviewed_vim\2016\voyager1_48s_mag-vim_20160101_v01.cdf,C:\Users\Administrator\Documents\FWD_matlab\Voyager_fu\Voyager_Interstellar_Monthly\HighestPrecision_Segments\V1_MAG48s_segment_2176_20160705T005744_20160705T051745.png,ok,
1,2177,2016-07-05 10:33:45,2016-07-05 17:02:32,6.47976,485,47.52,143.423,7200,240,Z:\SPART-WORK\Data\Voyager\voyager1\mag\48s\reviewed_vim\2016\voyager1_48s_mag-vim_20160101_v01.cdf,C:\Users\Administrator\Documents\FWD_matlab\Voyager_fu\Voyager_Interstellar_Monthly\HighestPrecision_Segments\V1_MAG48s_segment_2177_20160705T103345_20160705T170232.png,ok,
1,2178,2016-07-06 04:00:09,2016-07-06 08:41:44,4.69296027770996,353,47.52,49.249,7200,240,Z:\SPART-WORK\Data\Voyager\voyager1\mag\48s\reviewed_vim\2016\voyager1_48s_mag-vim_20160101_v01.cdf,C:\Users\Administrator\Documents\FWD_matlab\Voyager_fu\Voyager_Interstellar_Monthly\HighestPrecision_Segments\V1_MAG48s_segment_2178_20160706T040009_20160706T084144.png,ok,
1,2179,2016-07-07 02:11:21,2016-07-07 09:25:44,7.23984,461,47.52,3936.38399975586,7200,240,Z:\SPART-WORK\Data\Voyager\voyager1\mag\48s\reviewed_vim\2016\voyager1_48s_mag-vim_20160101_v01.cdf,C:\Users\Administrator\Documents\FWD_matlab\Voyager_fu\Voyager_Interstellar_Monthly\HighestPrecision_Segments\V1_MAG48s_segment_2179_20160707T021121_20160707T092544.png,ok,
1,2180,2016-07-08 00:48:08,2016-07-08 06:00:57,5.21352,392,47.52,49.249,7200,240,Z:\SPART-WORK\Data\Voyager\voyager1\mag\48s\reviewed_vim\2016\voyager1_48s_mag-vim_20160101_v01.cdf,C:\Users\Administrator\Documents\FWD_matlab\Voyager_fu\Voyager_Interstellar_Monthly\HighestPrecision_Segments\V1_MAG48s_segment_2180_20160708T004808_20160708T060057.png,ok,
1,2181,2016-07-08 23:04:08,2016-07-09 07:42:32,8.64000027777778,637,47.52,383.615,7200,240,Z:\SPART-WORK\Data\Voyager\voyager1\mag\48s\reviewed_vim\2016\voyager1_48s_mag-vim_20160101_v01.cdf,C:\Users\Administrator\Documents\FWD_matlab\Voyager_fu\Voyager_Interstellar_Monthly\HighestPrecision_Segments\V1_MAG48s_segment_2181_20160708T230408_20160709T074232.png,ok,
1,2182,2016-07-09 23:24:57,2016-07-10 07:36:08,8.18663972222222,615,47.52,49.249,7200,240,Z:\SPART-WORK\Data\Voyager\voyager1\mag\48s\reviewed_vim\2016\voyager1_48s_mag-vim_20160101_v01.cdf,C:\Users\Administrator\Documents\FWD_matlab\Voyager_fu\Voyager_Interstellar_Monthly\HighestPrecision_Segments\V1_MAG48s_segment_2182_20160709T232457_20160710T073608.png,ok,
1,2183,2016-07-11 00:33:45,2016-07-11 05:54:33,5.34671999993218,399,47.52,190.943,7200,240,Z:\SPART-WORK\Data\Voyager\voyager1\mag\48s\reviewed_vim\2016\voyager1_48s_mag-vim_20160101_v01.cdf,C:\Users\Administrator\Documents\FWD_matlab\Voyager_fu\Voyager_Interstellar_Monthly\HighestPrecision_Segments\V1_MAG48s_segment_2183_20160711T003345_20160711T055433.png,ok,
1,2184,2016-07-11 11:18:33,2016-07-11 16:30:32,5.19984027777778,389,47.52,143.425,7200,240,Z:\SPART-WORK\Data\Voyager\voyager1\mag\48s\reviewed_vim\2016\voyager1_48s_mag-vim_20160101_v01.cdf,C:\Users\Administrator\Documents\FWD_matlab\Voyager_fu\Voyager_Interstellar_Monthly\HighestPrecision_Segments\V1_MAG48s_segment_2184_20160711T111833_20160711T163032.png,ok,
1,2185,2016-07-11 22:14:32,2016-07-12 02:24:08,4.15991972229004,313,47.52,49.249,7200,240,Z:\SPART-WORK\Data\Voyager\voyager1\mag\48s\reviewed_vim\2016\voyager1_48s_mag-vim_20160101_v01.cdf,C:\Users\Administrator\Documents\FWD_matlab\Voyager_fu\Voyager_Interstellar_Monthly\HighestPrecision_Segments\V1_MAG48s_segment_2185_20160711T221432_20160712T022408.png,ok,
1,2186,2016-07-12 05:31:20,2016-07-12 08:50:33,3.32016,247,47.52,191.808,7200,240,Z:\SPART-WORK\Data\Voyager\voyager1\mag\48s\reviewed_vim\2016\voyager1_48s_mag-vim_20160101_v01.cdf,C:\Users\Administrator\Documents\FWD_matlab\Voyager_fu\Voyager_Interstellar_Monthly\HighestPrecision_Segments\V1_MAG48s_segment_2186_20160712T053120_20160712T085033.png,ok,
1,2187,2016-07-12 12:25:44,2016-07-12 16:44:56,4.32,325,47.52,49.249,7200,240,Z:\SPART-WORK\Data\Voyager\voyager1\mag\48s\reviewed_vim\2016\voyager1_48s_mag-vim_20160101_v01.cdf,C:\Users\Administrator\Documents\FWD_matlab\Voyager_fu\Voyager_Interstellar_Monthly\HighestPrecision_Segments\V1_MAG48s_segment_2187_20160712T122544_20160712T164456.png,ok,
1,2188,2016-07-13 10:38:33,2016-07-13 16:01:44,5.38655972222222,404,47.52,95.903,7200,240,Z:\SPART-WORK\Data\Voyager\voyager1\mag\48s\reviewed_vim\2016\voyager1_48s_mag-vim_20160101_v01.cdf,C:\Users\Administrator\Documents\FWD_matlab\Voyager_fu\Voyager_Interstellar_Monthly\HighestPrecision_Segments\V1_MAG48s_segment_2188_20160713T103833_20160713T160144.png,ok,
1,2189,2016-07-14 01:56:56,2016-07-14 07:26:32,5.49336027777778,410,47.52,192.672,7200,240,Z:\SPART-WORK\Data\Voyager\voyager1\mag\48s\reviewed_vim\2016\voyager1_48s_mag-vim_20160101_v01.cdf,C:\Users\Administrator\Documents\FWD_matlab\Voyager_fu\Voyager_Interstellar_Monthly\HighestPrecision_Segments\V1_MAG48s_segment_2189_20160714T015656_20160714T072632.png,ok,
1,2190,2016-07-14 10:08:08,2016-07-14 14:56:09,4.80024,359,47.52,144.289,7200,240,Z:\SPART-WORK\Data\Voyager\voyager1\mag\48s\reviewed_vim\2016\voyager1_48s_mag-vim_20160101_v01.cdf,C:\Users\Administrator\Documents\FWD_matlab\Voyager_fu\Voyager_Interstellar_Monthly\HighestPrecision_Segments\V1_MAG48s_segment_2190_20160714T100808_20160714T145609.png,ok,
1,2191,2016-07-15 03:56:57,2016-07-15 13:04:56,9.13320000006782,661,47.52,1200.09600024414,7200,240,Z:\SPART-WORK\Data\Voyager\voyager1\mag\48s\reviewed_vim\2016\voyager1_48s_mag-vim_20160101_v01.cdf,C:\Users\Administrator\Documents\FWD_matlab\Voyager_fu\Voyager_Interstellar_Monthly\HighestPrecision_Segments\V1_MAG48s_segment_2191_20160715T035657_20160715T130456.png,ok,
1,2192,2016-07-15 23:34:33,2016-07-16 05:36:08,6.0264,446,47.52,334.368,7200,240,Z:\SPART-WORK\Data\Voyager\voyager1\mag\48s\reviewed_vim\2016\voyager1_48s_mag-vim_20160101_v01.cdf,C:\Users\Administrator\Documents\FWD_matlab\Voyager_fu\Voyager_Interstellar_Monthly\HighestPrecision_Segments\V1_MAG48s_segment_2192_20160715T233433_20160716T053608.png,ok,
1,2193,2016-07-16 10:01:44,2016-07-16 14:44:57,4.72008027777778,355,47.52,49.249,7200,240,Z:\SPART-WORK\Data\Voyager\voyager1\mag\48s\reviewed_vim\2016\voyager1_48s_mag-vim_20160101_v01.cdf,C:\Users\Administrator\Documents\FWD_matlab\Voyager_fu\Voyager_Interstellar_Monthly\HighestPrecision_Segments\V1_MAG48s_segment_2193_20160716T100144_20160716T144457.png,ok,
1,2194,2016-07-17 03:12:09,2016-07-17 07:20:09,4.13327972222222,309,47.52,143.423000244141,7200,240,Z:\SPART-WORK\Data\Voyager\voyager1\mag\48s\reviewed_vim\2016\voyager1_48s_mag-vim_20160101_v01.cdf,C:\Users\Administrator\Documents\FWD_matlab\Voyager_fu\Voyager_Interstellar_Monthly\HighestPrecision_Segments\V1_MAG48s_segment_2194_20160717T031209_20160717T072009.png,ok,
1,2195,2016-07-17 11:53:44,2016-07-17 16:09:44,4.26671972222222,321,47.52,49.249,7200,240,Z:\SPART-WORK\Data\Voyager\voyager1\mag\48s\reviewed_vim\2016\voyager1_48s_mag-vim_20160101_v01.cdf,C:\Users\Administrator\Documents\FWD_matlab\Voyager_fu\Voyager_Interstellar_Monthly\HighestPrecision_Segments\V1_MAG48s_segment_2195_20160717T115344_20160717T160944.png,ok,
1,2196,2016-07-18 10:44:56,2016-07-18 16:04:56,5.33328000006782,400,47.52,95.905,7200,240,Z:\SPART-WORK\Data\Voyager\voyager1\mag\48s\reviewed_vim\2016\voyager1_48s_mag-vim_20160101_v01.cdf,C:\Users\Administrator\Documents\FWD_matlab\Voyager_fu\Voyager_Interstellar_Monthly\HighestPrecision_Segments\V1_MAG48s_segment_2196_20160718T104456_20160718T160456.png,ok,
1,2197,2016-07-19 04:04:56,2016-07-19 08:41:44,4.61328027770996,342,47.52,240.192,7200,240,Z:\SPART-WORK\Data\Voyager\voyager1\mag\48s\reviewed_vim\2016\voyager1_48s_mag-vim_20160101_v01.cdf,C:\Users\Administrator\Documents\FWD_matlab\Voyager_fu\Voyager_Interstellar_Monthly\HighestPrecision_Segments\V1_MAG48s_segment_2197_20160719T040456_20160719T084144.png,ok,
1,2198,2016-07-19 11:26:32,2016-07-19 16:04:56,4.64015972229004,349,47.52,49.249,7200,240,Z:\SPART-WORK\Data\Voyager\voyager1\mag\48s\reviewed_vim\2016\voyager1_48s_mag-vim_20160101_v01.cdf,C:\Users\Administrator\Documents\FWD_matlab\Voyager_fu\Voyager_Interstellar_Monthly\HighestPrecision_Segments\V1_MAG48s_segment_2198_20160719T112632_20160719T160456.png,ok,
1,2199,2016-07-20 01:05:44,2016-07-20 05:00:09,3.90696,293,47.52,96.7689997558594,7200,240,Z:\SPART-WORK\Data\Voyager\voyager1\mag\48s\reviewed_vim\2016\voyager1_48s_mag-vim_20160101_v01.cdf,C:\Users\Administrator\Documents\FWD_matlab\Voyager_fu\Voyager_Interstellar_Monthly\HighestPrecision_Segments\V1_MAG48s_segment_2199_20160720T010544_20160720T050009.png,ok,
1,2200,2016-07-20 09:28:09,2016-07-20 15:35:21,6.12,457,47.52,190.945,7200,240,Z:\SPART-WORK\Data\Voyager\voyager1\mag\48s\reviewed_vim\2016\voyager1_48s_mag-vim_20160101_v01.cdf,C:\Users\Administrator\Documents\FWD_matlab\Voyager_fu\Voyager_Interstellar_Monthly\HighestPrecision_Segments\V1_MAG48s_segment_2200_20160720T092809_20160720T153521.png,ok,
1,2201,2016-07-21 10:25:44,2016-07-21 14:19:20,3.89352,292,47.52,95.905,7200,240,Z:\SPART-WORK\Data\Voyager\voyager1\mag\48s\reviewed_vim\2016\voyager1_48s_mag-vim_20160101_v01.cdf,C:\Users\Administrator\Documents\FWD_matlab\Voyager_fu\Voyager_Interstellar_Monthly\HighestPrecision_Segments\V1_MAG48s_segment_2201_20160721T102544_20160721T141920.png,ok,
1,2202,2016-07-22 06:43:21,2016-07-22 13:20:08,6.61296,497,47.52,49.249,7200,240,Z:\SPART-WORK\Data\Voyager\voyager1\mag\48s\reviewed_vim\2016\voyager1_48s_mag-vim_20160101_v01.cdf,C:\Users\Administrator\Documents\FWD_matlab\Voyager_fu\Voyager_Interstellar_Monthly\HighestPrecision_Segments\V1_MAG48s_segment_2202_20160722T064321_20160722T132008.png,ok,
1,2203,2016-07-23 09:18:32,2016-07-23 14:04:08,4.75992,357,47.52,95.905,7200,240,Z:\SPART-WORK\Data\Voyager\voyager1\mag\48s\reviewed_vim\2016\voyager1_48s_mag-vim_20160101_v01.cdf,C:\Users\Administrator\Documents\FWD_matlab\Voyager_fu\Voyager_Interstellar_Monthly\HighestPrecision_Segments\V1_MAG48s_segment_2203_20160723T091832_20160723T140408.png,ok,
1,2204,2016-07-24 14:11:21,2016-07-24 15:13:45,1.03992,79,47.52,49.249,7200,240,Z:\SPART-WORK\Data\Voyager\voyager1\mag\48s\reviewed_vim\2016\voyager1_48s_mag-vim_20160101_v01.cdf,C:\Users\Administrator\Documents\FWD_matlab\Voyager_fu\Voyager_Interstellar_Monthly\HighestPrecision_Segments\V1_MAG48s_segment_2204_20160724T141121_20160724T151345.png,ok,
1,2205,2016-07-25 11:26:32,2016-07-25 12:07:20,0.680159722290039,49,47.52,192.672000244141,7200,240,Z:\SPART-WORK\Data\Voyager\voyager1\mag\48s\reviewed_vim\2016\voyager1_48s_mag-vim_20160101_v01.cdf,C:\Users\Administrator\Documents\FWD_matlab\Voyager_fu\Voyager_Interstellar_Monthly\HighestPrecision_Segments\V1_MAG48s_segment_2205_20160725T112632_20160725T120720.png,ok,
1,2206,2016-07-25 14:57:44,2016-07-25 15:43:21,0.76032,58,47.52,49.249,7200,240,Z:\SPART-WORK\Data\Voyager\voyager1\mag\48s\reviewed_vim\2016\voyager1_48s_mag-vim_20160101_v01.cdf,C:\Users\Administrator\Documents\FWD_matlab\Voyager_fu\Voyager_Interstellar_Monthly\HighestPrecision_Segments\V1_MAG48s_segment_2206_20160725T145744_20160725T154321.png,ok,
1,2207,2016-07-26 03:44:08,2016-07-26 06:33:45,2.82695972229004,213,47.52,49.249,7200,240,Z:\SPART-WORK\Data\Voyager\voyager1\mag\48s\reviewed_vim\2016\voyager1_48s_mag-vim_20160101_v01.cdf,C:\Users\Administrator\Documents\FWD_matlab\Voyager_fu\Voyager_Interstellar_Monthly\HighestPrecision_Segments\V1_MAG48s_segment_2207_20160726T034408_20160726T063345.png,ok,
1,2208,2016-07-27 05:04:08,2016-07-27 08:36:08,3.53328,206,47.52,2782.945,7200,240,Z:\SPART-WORK\Data\Voyager\voyager1\mag\48s\reviewed_vim\2016\voyager1_48s_mag-vim_20160101_v01.cdf,C:\Users\Administrator\Documents\FWD_matlab\Voyager_fu\Voyager_Interstellar_Monthly\HighestPrecision_Segments\V1_MAG48s_segment_2208_20160727T050408_20160727T083608.png,ok,
1,2209,2016-07-27 13:20:56,2016-07-27 15:29:45,2.1468,162,47.52,49.249,7200,240,Z:\SPART-WORK\Data\Voyager\voyager1\mag\48s\reviewed_vim\2016\voyager1_48s_mag-vim_20160101_v01.cdf,C:\Users\Administrator\Documents\FWD_matlab\Voyager_fu\Voyager_Interstellar_Monthly\HighestPrecision_Segments\V1_MAG48s_segment_2209_20160727T132056_20160727T152945.png,ok,
1,2210,2016-07-28 08:38:33,2016-07-28 08:56:56,0.306480277777778,22,47.52,143.425,7200,240,Z:\SPART-WORK\Data\Voyager\voyager1\mag\48s\reviewed_vim\2016\voyager1_48s_mag-vim_20160101_v01.cdf,C:\Users\Administrator\Documents\FWD_matlab\Voyager_fu\Voyager_Interstellar_Monthly\HighestPrecision_Segments\V1_MAG48s_segment_2210_20160728T083833_20160728T085656.png,ok,
1,2211,2016-07-28 13:35:20,2016-07-28 15:28:09,1.88016,142,47.52,49.249,7200,240,Z:\SPART-WORK\Data\Voyager\voyager1\mag\48s\reviewed_vim\2016\voyager1_48s_mag-vim_20160101_v01.cdf,C:\Users\Administrator\Documents\FWD_matlab\Voyager_fu\Voyager_Interstellar_Monthly\HighestPrecision_Segments\V1_MAG48s_segment_2211_20160728T133520_20160728T152809.png,ok,
1,2212,2016-07-29 04:08:08,2016-07-29 08:04:08,3.93335972222222,293,47.52,192.672,7200,240,Z:\SPART-WORK\Data\Voyager\voyager1\mag\48s\reviewed_vim\2016\voyager1_48s_mag-vim_20160101_v01.cdf,C:\Users\Administrator\Documents\FWD_matlab\Voyager_fu\Voyager_Interstellar_Monthly\HighestPrecision_Segments\V1_MAG48s_segment_2212_20160729T040808_20160729T080408.png,ok,
1,2213,2016-07-30 11:08:56,2016-07-30 15:17:45,4.14696,310,47.52,144.287,7200,240,Z:\SPART-WORK\Data\Voyager\voyager1\mag\48s\reviewed_vim\2016\voyager1_48s_mag-vim_20160101_v01.cdf,C:\Users\Administrator\Documents\FWD_matlab\Voyager_fu\Voyager_Interstellar_Monthly\HighestPrecision_Segments\V1_MAG48s_segment_2213_20160730T110856_20160730T151745.png,ok,
1,2214,2016-07-31 09:48:57,2016-07-31 10:13:44,0.41304,32,47.52,49.249,7200,240,Z:\SPART-WORK\Data\Voyager\voyager1\mag\48s\reviewed_vim\2016\voyager1_48s_mag-vim_20160101_v01.cdf,C:\Users\Administrator\Documents\FWD_matlab\Voyager_fu\Voyager_Interstellar_Monthly\HighestPrecision_Segments\V1_MAG48s_segment_2214_20160731T094857_20160731T101344.png,ok,
1,2215,2016-07-31 14:48:56,2016-07-31 15:13:45,0.413519722222222,32,47.52,49.249,7200,240,Z:\SPART-WORK\Data\Voyager\voyager1\mag\48s\reviewed_vim\2016\voyager1_48s_mag-vim_20160101_v01.cdf,C:\Users\Administrator\Documents\FWD_matlab\Voyager_fu\Voyager_Interstellar_Monthly\HighestPrecision_Segments\V1_MAG48s_segment_2215_20160731T144856_20160731T151345.png,ok,
1,2216,2016-08-01 11:05:45,2016-08-01 11:28:07,0.372959722222222,27,47.5200001220703,143.423,7200,240,Z:\SPART-WORK\Data\Voyager\voyager1\mag\48s\reviewed_vim\2016\voyager1_48s_mag-vim_20160101_v01.cdf,C:\Users\Administrator\Documents\FWD_matlab\Voyager_fu\Voyager_Interstellar_Monthly\HighestPrecision_Segments\V1_MAG48s_segment_2216_20160801T110545_20160801T112807.png,ok,
1,2217,2016-08-01 14:20:57,2016-08-01 15:12:56,0.8664,66,47.52,49.249,7200,240,Z:\SPART-WORK\Data\Voyager\voyager1\mag\48s\reviewed_vim\2016\voyager1_48s_mag-vim_20160101_v01.cdf,C:\Users\Administrator\Documents\FWD_matlab\Voyager_fu\Voyager_Interstellar_Monthly\HighestPrecision_Segments\V1_MAG48s_segment_2217_20160801T142057_20160801T151256.png,ok,
1,2218,2016-08-02 04:30:32,2016-08-02 06:32:55,2.03976,55,47.52,4607.711,7200,240,Z:\SPART-WORK\Data\Voyager\voyager1\mag\48s\reviewed_vim\2016\voyager1_48s_mag-vim_20160101_v01.cdf,C:\Users\Administrator\Documents\FWD_matlab\Voyager_fu\Voyager_Interstellar_Monthly\HighestPrecision_Segments\V1_MAG48s_segment_2218_20160802T043032_20160802T063255.png,ok,
1,2219,2016-08-02 23:02:32,2016-08-03 06:14:32,7.19999972229004,541,47.52,49.249,7200,240,Z:\SPART-WORK\Data\Voyager\voyager1\mag\48s\reviewed_vim\2016\voyager1_48s_mag-vim_20160101_v01.cdf,C:\Users\Administrator\Documents\FWD_matlab\Voyager_fu\Voyager_Interstellar_Monthly\HighestPrecision_Segments\V1_MAG48s_segment_2219_20160802T230232_20160803T061432.png,ok,
1,2220,2016-08-04 03:42:32,2016-08-04 03:56:57,0.24024,16,47.5200002441406,192.672,7200,240,Z:\SPART-WORK\Data\Voyager\voyager1\mag\48s\reviewed_vim\2016\voyager1_48s_mag-vim_20160101_v01.cdf,C:\Users\Administrator\Documents\FWD_matlab\Voyager_fu\Voyager_Interstellar_Monthly\HighestPrecision_Segments\V1_MAG48s_segment_2220_20160804T034232_20160804T035657.png,ok,
1,2221,2016-08-04 08:08:08,2016-08-04 08:42:32,0.573359999932183,44,47.52,49.249,7200,240,Z:\SPART-WORK\Data\Voyager\voyager1\mag\48s\reviewed_vim\2016\voyager1_48s_mag-vim_20160101_v01.cdf,C:\Users\Administrator\Documents\FWD_matlab\Voyager_fu\Voyager_Interstellar_Monthly\HighestPrecision_Segments\V1_MAG48s_segment_2221_20160804T080808_20160804T084232.png,ok,
1,2222,2016-08-04 10:52:56,2016-08-04 12:25:44,1.5468,113,47.52,192.672,7200,240,Z:\SPART-WORK\Data\Voyager\voyager1\mag\48s\reviewed_vim\2016\voyager1_48s_mag-vim_20160101_v01.cdf,C:\Users\Administrator\Documents\FWD_matlab\Voyager_fu\Voyager_Interstellar_Monthly\HighestPrecision_Segments\V1_MAG48s_segment_2222_20160804T105256_20160804T122544.png,ok,
1,2223,2016-08-05 05:55:20,2016-08-05 06:30:32,0.58656,45,47.52,49.249,7200,240,Z:\SPART-WORK\Data\Voyager\voyager1\mag\48s\reviewed_vim\2016\voyager1_48s_mag-vim_20160101_v01.cdf,C:\Users\Administrator\Documents\FWD_matlab\Voyager_fu\Voyager_Interstellar_Monthly\HighestPrecision_Segments\V1_MAG48s_segment_2223_20160805T055520_20160805T063032.png,ok,
1,2224,2016-08-05 12:14:32,2016-08-05 13:22:33,1.13352027770996,80,47.52,240.192,7200,240,Z:\SPART-WORK\Data\Voyager\voyager1\mag\48s\reviewed_vim\2016\voyager1_48s_mag-vim_20160101_v01.cdf,C:\Users\Administrator\Documents\FWD_matlab\Voyager_fu\Voyager_Interstellar_Monthly\HighestPrecision_Segments\V1_MAG48s_segment_2224_20160805T121432_20160805T132233.png,ok,
1,2225,2016-08-06 01:39:19,2016-08-06 07:21:44,5.70671972222222,429,47.52,49.249,7200,240,Z:\SPART-WORK\Data\Voyager\voyager1\mag\48s\reviewed_vim\2016\voyager1_48s_mag-vim_20160101_v01.cdf,C:\Users\Administrator\Documents\FWD_matlab\Voyager_fu\Voyager_Interstellar_Monthly\HighestPrecision_Segments\V1_MAG48s_segment_2225_20160806T013919_20160806T072144.png,ok,
1,2226,2016-08-06 14:17:45,2016-08-06 16:24:09,2.10671972229004,159,47.52,49.249,7200,240,Z:\SPART-WORK\Data\Voyager\voyager1\mag\48s\reviewed_vim\2016\voyager1_48s_mag-vim_20160101_v01.cdf,C:\Users\Administrator\Documents\FWD_matlab\Voyager_fu\Voyager_Interstellar_Monthly\HighestPrecision_Segments\V1_MAG48s_segment_2226_20160806T141745_20160806T162409.png,ok,
1,2227,2016-08-07 12:33:45,2016-08-07 17:42:32,5.14655999993218,386,47.52,95.9049997558594,7200,240,Z:\SPART-WORK\Data\Voyager\voyager1\mag\48s\reviewed_vim\2016\voyager1_48s_mag-vim_20160101_v01.cdf,C:\Users\Administrator\Documents\FWD_matlab\Voyager_fu\Voyager_Interstellar_Monthly\HighestPrecision_Segments\V1_MAG48s_segment_2227_20160807T123345_20160807T174232.png,ok,
1,2228,2016-08-08 10:30:32,2016-08-08 14:40:56,4.17336,314,47.52,49.249,7200,240,Z:\SPART-WORK\Data\Voyager\voyager1\mag\48s\reviewed_vim\2016\voyager1_48s_mag-vim_20160101_v01.cdf,C:\Users\Administrator\Documents\FWD_matlab\Voyager_fu\Voyager_Interstellar_Monthly\HighestPrecision_Segments\V1_MAG48s_segment_2228_20160808T103032_20160808T144056.png,ok,
1,2229,2016-08-09 10:40:07,2016-08-09 14:41:44,4.02696027777778,301,47.521,143.424999755859,7200,240,Z:\SPART-WORK\Data\Voyager\voyager1\mag\48s\reviewed_vim\2016\voyager1_48s_mag-vim_20160101_v01.cdf,C:\Users\Administrator\Documents\FWD_matlab\Voyager_fu\Voyager_Interstellar_Monthly\HighestPrecision_Segments\V1_MAG48s_segment_2229_20160809T104007_20160809T144144.png,ok,
1,2230,2016-08-10 11:46:13,2016-08-10 12:52:08,1.09872,83,47.5209998779297,67.391,7200,240,Z:\SPART-WORK\Data\Voyager\voyager1\mag\48s\reviewed_vim\2016\voyager1_48s_mag-vim_20160101_v01.cdf,C:\Users\Administrator\Documents\FWD_matlab\Voyager_fu\Voyager_Interstellar_Monthly\HighestPrecision_Segments\V1_MAG48s_segment_2230_20160810T114613_20160810T125208.png,ok,
1,2231,2016-08-11 09:36:08,2016-08-11 14:25:44,4.82664,363,47.521,49.249,7200,240,Z:\SPART-WORK\Data\Voyager\voyager1\mag\48s\reviewed_vim\2016\voyager1_48s_mag-vim_20160101_v01.cdf,C:\Users\Administrator\Documents\FWD_matlab\Voyager_fu\Voyager_Interstellar_Monthly\HighestPrecision_Segments\V1_MAG48s_segment_2231_20160811T093608_20160811T142544.png,ok,
1,2232,2016-08-12 07:40:56,2016-08-12 13:00:08,5.31984027770996,400,47.521,49.249,7200,240,Z:\SPART-WORK\Data\Voyager\voyager1\mag\48s\reviewed_vim\2016\voyager1_48s_mag-vim_20160101_v01.cdf,C:\Users\Administrator\Documents\FWD_matlab\Voyager_fu\Voyager_Interstellar_Monthly\HighestPrecision_Segments\V1_MAG48s_segment_2232_20160812T074056_20160812T130008.png,ok,
1,2233,2016-08-13 03:44:08,2016-08-13 07:54:32,4.17336,314,47.521,49.249,7200,240,Z:\SPART-WORK\Data\Voyager\voyager1\mag\48s\reviewed_vim\2016\voyager1_48s_mag-vim_20160101_v01.cdf,C:\Users\Administrator\Documents\FWD_matlab\Voyager_fu\Voyager_Interstellar_Monthly\HighestPrecision_Segments\V1_MAG48s_segment_2233_20160813T034408_20160813T075432.png,ok,
1,2234,2016-08-14 04:43:20,2016-08-14 09:04:56,4.36008,327,47.521,96.767,7200,240,Z:\SPART-WORK\Data\Voyager\voyager1\mag\48s\reviewed_vim\2016\voyager1_48s_mag-vim_20160101_v01.cdf,C:\Users\Administrator\Documents\FWD_matlab\Voyager_fu\Voyager_Interstellar_Monthly\HighestPrecision_Segments\V1_MAG48s_segment_2234_20160814T044320_20160814T090456.png,ok,
1,2235,2016-08-15 03:21:43,2016-08-15 13:41:44,10.3334402777778,776,47.521,49.249,7200,240,Z:\SPART-WORK\Data\Voyager\voyager1\mag\48s\reviewed_vim\2016\voyager1_48s_mag-vim_20160101_v01.cdf,C:\Users\Administrator\Documents\FWD_matlab\Voyager_fu\Voyager_Interstellar_Monthly\HighestPrecision_Segments\V1_MAG48s_segment_2235_20160815T032143_20160815T134144.png,ok,
1,2236,2016-08-16 06:32:07,2016-08-16 06:59:19,0.45336,32,47.521,192.673,7200,240,Z:\SPART-WORK\Data\Voyager\voyager1\mag\48s\reviewed_vim\2016\voyager1_48s_mag-vim_20160101_v01.cdf,C:\Users\Administrator\Documents\FWD_matlab\Voyager_fu\Voyager_Interstellar_Monthly\HighestPrecision_Segments\V1_MAG48s_segment_2236_20160816T063207_20160816T065919.png,ok,
1,2237,2016-08-16 09:51:19,2016-08-16 10:44:56,0.893759722222222,68,47.521,49.249,7200,240,Z:\SPART-WORK\Data\Voyager\voyager1\mag\48s\reviewed_vim\2016\voyager1_48s_mag-vim_20160101_v01.cdf,C:\Users\Administrator\Documents\FWD_matlab\Voyager_fu\Voyager_Interstellar_Monthly\HighestPrecision_Segments\V1_MAG48s_segment_2237_20160816T095119_20160816T104456.png,ok,
1,2238,2016-08-17 10:19:20,2016-08-17 14:25:43,4.1064,306,47.521,192.671999755859,7200,240,Z:\SPART-WORK\Data\Voyager\voyager1\mag\48s\reviewed_vim\2016\voyager1_48s_mag-vim_20160101_v01.cdf,C:\Users\Administrator\Documents\FWD_matlab\Voyager_fu\Voyager_Interstellar_Monthly\HighestPrecision_Segments\V1_MAG48s_segment_2238_20160817T101920_20160817T142543.png,ok,
1,2239,2016-08-18 03:34:32,2016-08-18 08:40:08,5.09327999993218,381,47.521,143.423000244141,7200,240,Z:\SPART-WORK\Data\Voyager\voyager1\mag\48s\reviewed_vim\2016\voyager1_48s_mag-vim_20160101_v01.cdf,C:\Users\Administrator\Documents\FWD_matlab\Voyager_fu\Voyager_Interstellar_Monthly\HighestPrecision_Segments\V1_MAG48s_segment_2239_20160818T033432_20160818T084008.png,ok,
1,2240,2016-08-18 22:35:20,2016-08-19 06:28:56,7.89336,590,47.521,191.807999755859,7200,240,Z:\SPART-WORK\Data\Voyager\voyager1\mag\48s\reviewed_vim\2016\voyager1_48s_mag-vim_20160101_v01.cdf,C:\Users\Administrator\Documents\FWD_matlab\Voyager_fu\Voyager_Interstellar_Monthly\HighestPrecision_Segments\V1_MAG48s_segment_2240_20160818T223520_20160819T062856.png,ok,
1,2241,2016-08-19 18:52:56,2016-08-19 22:55:19,4.03992027777778,278,47.521,1200.95999975586,7200,240,Z:\SPART-WORK\Data\Voyager\voyager1\mag\48s\reviewed_vim\2016\voyager1_48s_mag-vim_20160101_v01.cdf,C:\Users\Administrator\Documents\FWD_matlab\Voyager_fu\Voyager_Interstellar_Monthly\HighestPrecision_Segments\V1_MAG48s_segment_2241_20160819T185256_20160819T225519.png,ok,
1,2242,2016-08-20 23:32:55,2016-08-21 04:44:07,5.18663972229004,387,47.521,190.945,7200,240,Z:\SPART-WORK\Data\Voyager\voyager1\mag\48s\reviewed_vim\2016\voyager1_48s_mag-vim_20160101_v01.cdf,C:\Users\Administrator\Documents\FWD_matlab\Voyager_fu\Voyager_Interstellar_Monthly\HighestPrecision_Segments\V1_MAG48s_segment_2242_20160820T233255_20160821T044407.png,ok,
1,2243,2016-08-21 18:35:20,2016-08-22 03:20:56,8.76,637,47.521,288.576,7200,240,Z:\SPART-WORK\Data\Voyager\voyager1\mag\48s\reviewed_vim\2016\voyager1_48s_mag-vim_20160101_v01.cdf,C:\Users\Administrator\Documents\FWD_matlab\Voyager_fu\Voyager_Interstellar_Monthly\HighestPrecision_Segments\V1_MAG48s_segment_2243_20160821T183520_20160822T032056.png,ok,
1,2244,2016-08-22 23:23:19,2016-08-23 04:13:44,4.84032,361,47.521,191.807,7200,240,Z:\SPART-WORK\Data\Voyager\voyager1\mag\48s\reviewed_vim\2016\voyager1_48s_mag-vim_20160101_v01.cdf,C:\Users\Administrator\Documents\FWD_matlab\Voyager_fu\Voyager_Interstellar_Monthly\HighestPrecision_Segments\V1_MAG48s_segment_2244_20160822T232319_20160823T041344.png,ok,
1,2245,2016-08-23 08:12:56,2016-08-23 13:08:08,4.92,370,47.521,49.249,7200,240,Z:\SPART-WORK\Data\Voyager\voyager1\mag\48s\reviewed_vim\2016\voyager1_48s_mag-vim_20160101_v01.cdf,C:\Users\Administrator\Documents\FWD_matlab\Voyager_fu\Voyager_Interstellar_Monthly\HighestPrecision_Segments\V1_MAG48s_segment_2245_20160823T081256_20160823T130808.png,ok,
1,2246,2016-08-24 09:00:55,2016-08-24 13:39:19,4.64016,347,47.521,143.425,7200,240,Z:\SPART-WORK\Data\Voyager\voyager1\mag\48s\reviewed_vim\2016\voyager1_48s_mag-vim_20160101_v01.cdf,C:\Users\Administrator\Documents\FWD_matlab\Voyager_fu\Voyager_Interstellar_Monthly\HighestPrecision_Segments\V1_MAG48s_segment_2246_20160824T090055_20160824T133919.png,ok,
1,2247,2016-08-25 09:12:07,2016-08-25 13:32:55,4.34663972222222,324,47.521,191.809,7200,240,Z:\SPART-WORK\Data\Voyager\voyager1\mag\48s\reviewed_vim\2016\voyager1_48s_mag-vim_20160101_v01.cdf,C:\Users\Administrator\Documents\FWD_matlab\Voyager_fu\Voyager_Interstellar_Monthly\HighestPrecision_Segments\V1_MAG48s_segment_2247_20160825T091207_20160825T133255.png,ok,
1,2248,2016-08-26 03:23:19,2016-08-26 10:13:44,6.84023999993218,511,47.521,190.944,7200,240,Z:\SPART-WORK\Data\Voyager\voyager1\mag\48s\reviewed_vim\2016\voyager1_48s_mag-vim_20160101_v01.cdf,C:\Users\Administrator\Documents\FWD_matlab\Voyager_fu\Voyager_Interstellar_Monthly\HighestPrecision_Segments\V1_MAG48s_segment_2248_20160826T032319_20160826T101344.png,ok,
1,2249,2016-08-28 00:27:19,2016-08-28 05:54:31,5.45328000006782,409,47.521,96.769,7200,240,Z:\SPART-WORK\Data\Voyager\voyager1\mag\48s\reviewed_vim\2016\voyager1_48s_mag-vim_20160101_v01.cdf,C:\Users\Administrator\Documents\FWD_matlab\Voyager_fu\Voyager_Interstellar_Monthly\HighestPrecision_Segments\V1_MAG48s_segment_2249_20160828T002719_20160828T055431.png,ok,
1,2250,2016-08-28 22:16:07,2016-08-29 06:02:31,7.77311972222222,581,47.521,190.944,7200,240,Z:\SPART-WORK\Data\Voyager\voyager1\mag\48s\reviewed_vim\2016\voyager1_48s_mag-vim_20160101_v01.cdf,C:\Users\Administrator\Documents\FWD_matlab\Voyager_fu\Voyager_Interstellar_Monthly\HighestPrecision_Segments\V1_MAG48s_segment_2250_20160828T221607_20160829T060231.png,ok,
1,2251,2016-08-29 14:25:43,2016-08-29 18:27:19,4.02671972222222,302,47.521,95.9030002441406,7200,240,Z:\SPART-WORK\Data\Voyager\voyager1\mag\48s\reviewed_vim\2016\voyager1_48s_mag-vim_20160101_v01.cdf,C:\Users\Administrator\Documents\FWD_matlab\Voyager_fu\Voyager_Interstellar_Monthly\HighestPrecision_Segments\V1_MAG48s_segment_2251_20160829T142543_20160829T182719.png,ok,
1,2252,2016-08-29 22:32:07,2016-08-30 14:57:44,16.4268002777778,1017,47.521,5520.095,7200,240,Z:\SPART-WORK\Data\Voyager\voyager1\mag\48s\reviewed_vim\2016\voyager1_48s_mag-vim_20160101_v01.cdf,C:\Users\Administrator\Documents\FWD_matlab\Voyager_fu\Voyager_Interstellar_Monthly\HighestPrecision_Segments\V1_MAG48s_segment_2252_20160829T223207_20160830T145744.png,ok,
1,2253,2016-08-30 22:19:18,2016-08-31 07:07:19,8.80008,658,47.521,192.671999755859,7200,240,Z:\SPART-WORK\Data\Voyager\voyager1\mag\48s\reviewed_vim\2016\voyager1_48s_mag-vim_20160101_v01.cdf,C:\Users\Administrator\Documents\FWD_matlab\Voyager_fu\Voyager_Interstellar_Monthly\HighestPrecision_Segments\V1_MAG48s_segment_2253_20160830T221918_20160831T070719.png,ok,
1,2254,2016-08-31 22:32:07,2016-09-01 03:56:56,5.41344,406,47.521,95.904,7200,240,Z:\SPART-WORK\Data\Voyager\voyager1\mag\48s\reviewed_vim\2016\voyager1_48s_mag-vim_20160101_v01.cdf,C:\Users\Administrator\Documents\FWD_matlab\Voyager_fu\Voyager_Interstellar_Monthly\HighestPrecision_Segments\V1_MAG48s_segment_2254_20160831T223207_20160901T035656.png,ok,
1,2255,2016-09-01 06:36:56,2016-09-01 07:46:31,1.15968,86,47.521,143.424999755859,7200,240,Z:\SPART-WORK\Data\Voyager\voyager1\mag\48s\reviewed_vim\2016\voyager1_48s_mag-vim_20160101_v01.cdf,C:\Users\Administrator\Documents\FWD_matlab\Voyager_fu\Voyager_Interstellar_Monthly\HighestPrecision_Segments\V1_MAG48s_segment_2255_20160901T063656_20160901T074631.png,ok,
1,2256,2016-09-01 22:25:44,2016-09-02 07:00:55,8.58648000006782,643,47.521,95.903,7200,240,Z:\SPART-WORK\Data\Voyager\voyager1\mag\48s\reviewed_vim\2016\voyager1_48s_mag-vim_20160101_v01.cdf,C:\Users\Administrator\Documents\FWD_matlab\Voyager_fu\Voyager_Interstellar_Monthly\HighestPrecision_Segments\V1_MAG48s_segment_2256_20160901T222544_20160902T070055.png,ok,
1,2257,2016-09-02 22:28:55,2016-09-03 06:41:43,8.21352,611,47.5209997558594,192.671999755859,7200,240,Z:\SPART-WORK\Data\Voyager\voyager1\mag\48s\reviewed_vim\2016\voyager1_48s_mag-vim_20160101_v01.cdf,C:\Users\Administrator\Documents\FWD_matlab\Voyager_fu\Voyager_Interstellar_Monthly\HighestPrecision_Segments\V1_MAG48s_segment_2257_20160902T222855_20160903T064143.png,ok,
1,2258,2016-09-03 22:22:31,2016-09-04 05:22:31,7.00008,525,47.5209997558594,96.767,7200,240,Z:\SPART-WORK\Data\Voyager\voyager1\mag\48s\reviewed_vim\2016\voyager1_48s_mag-vim_20160101_v01.cdf,C:\Users\Administrator\Documents\FWD_matlab\Voyager_fu\Voyager_Interstellar_Monthly\HighestPrecision_Segments\V1_MAG48s_segment_2258_20160903T222231_20160904T052231.png,ok,
1,2259,2016-09-04 10:36:55,2016-09-04 14:41:42,4.07976027770996,307,47.5209997558594,49.249,7200,240,Z:\SPART-WORK\Data\Voyager\voyager1\mag\48s\reviewed_vim\2016\voyager1_48s_mag-vim_20160101_v01.cdf,C:\Users\Administrator\Documents\FWD_matlab\Voyager_fu\Voyager_Interstellar_Monthly\HighestPrecision_Segments\V1_MAG48s_segment_2259_20160904T103655_20160904T144142.png,ok,
1,2260,2016-09-04 22:33:43,2016-09-05 05:16:07,6.70656,502,47.5209997558594,144.287000244141,7200,240,Z:\SPART-WORK\Data\Voyager\voyager1\mag\48s\reviewed_vim\2016\voyager1_48s_mag-vim_20160101_v01.cdf,C:\Users\Administrator\Documents\FWD_matlab\Voyager_fu\Voyager_Interstellar_Monthly\HighestPrecision_Segments\V1_MAG48s_segment_2260_20160904T223343_20160905T051607.png,ok,
1,2261,2016-09-05 13:48:55,2016-09-05 17:47:19,3.97344000006782,292,47.5209997558594,334.368,7200,240,Z:\SPART-WORK\Data\Voyager\voyager1\mag\48s\reviewed_vim\2016\voyager1_48s_mag-vim_20160101_v01.cdf,C:\Users\Administrator\Documents\FWD_matlab\Voyager_fu\Voyager_Interstellar_Monthly\HighestPrecision_Segments\V1_MAG48s_segment_2261_20160905T134855_20160905T174719.png,ok,
1,2262,2016-09-05 22:33:43,2016-09-06 05:16:07,6.70656,502,47.5200002441406,144.287000244141,7200,240,Z:\SPART-WORK\Data\Voyager\voyager1\mag\48s\reviewed_vim\2016\voyager1_48s_mag-vim_20160101_v01.cdf,C:\Users\Administrator\Documents\FWD_matlab\Voyager_fu\Voyager_Interstellar_Monthly\HighestPrecision_Segments\V1_MAG48s_segment_2262_20160905T223343_20160906T051607.png,ok,
1,2263,2016-09-06 07:37:43,2016-09-06 12:40:56,5.05344,378,47.5200002441406,143.423,7200,240,Z:\SPART-WORK\Data\Voyager\voyager1\mag\48s\reviewed_vim\2016\voyager1_48s_mag-vim_20160101_v01.cdf,C:\Users\Administrator\Documents\FWD_matlab\Voyager_fu\Voyager_Interstellar_Monthly\HighestPrecision_Segments\V1_MAG48s_segment_2263_20160906T073743_20160906T124056.png,ok,
1,2264,2016-09-06 22:36:55,2016-09-07 11:05:43,12.48000027771,937,47.52,49.249,7200,240,Z:\SPART-WORK\Data\Voyager\voyager1\mag\48s\reviewed_vim\2016\voyager1_48s_mag-vim_20160101_v01.cdf,C:\Users\Administrator\Documents\FWD_matlab\Voyager_fu\Voyager_Interstellar_Monthly\HighestPrecision_Segments\V1_MAG48s_segment_2264_20160906T223655_20160907T110543.png,ok,
1,2265,2016-09-07 22:36:55,2016-09-08 05:05:43,6.48000027770996,482,47.52,192.672,7200,240,Z:\SPART-WORK\Data\Voyager\voyager1\mag\48s\reviewed_vim\2016\voyager1_48s_mag-vim_20160101_v01.cdf,C:\Users\Administrator\Documents\FWD_matlab\Voyager_fu\Voyager_Interstellar_Monthly\HighestPrecision_Segments\V1_MAG48s_segment_2265_20160907T223655_20160908T050543.png,ok,
1,2266,2016-09-08 22:36:55,2016-09-09 05:00:07,6.38663999993218,478,47.52,143.424,7200,240,Z:\SPART-WORK\Data\Voyager\voyager1\mag\48s\reviewed_vim\2016\voyager1_48s_mag-vim_20160101_v01.cdf,C:\Users\Administrator\Documents\FWD_matlab\Voyager_fu\Voyager_Interstellar_Monthly\HighestPrecision_Segments\V1_MAG48s_segment_2266_20160908T223655_20160909T050007.png,ok,
1,2267,2016-09-09 07:28:07,2016-09-09 12:29:44,5.02679972229004,376,47.52,144.289,7200,240,Z:\SPART-WORK\Data\Voyager\voyager1\mag\48s\reviewed_vim\2016\voyager1_48s_mag-vim_20160101_v01.cdf,C:\Users\Administrator\Documents\FWD_matlab\Voyager_fu\Voyager_Interstellar_Monthly\HighestPrecision_Segments\V1_MAG48s_segment_2267_20160909T072807_20160909T122944.png,ok,
1,2268,2016-09-09 22:30:31,2016-09-10 07:51:18,9.34632,694,47.52,383.616999755859,7200,240,Z:\SPART-WORK\Data\Voyager\voyager1\mag\48s\reviewed_vim\2016\voyager1_48s_mag-vim_20160101_v01.cdf,C:\Users\Administrator\Documents\FWD_matlab\Voyager_fu\Voyager_Interstellar_Monthly\HighestPrecision_Segments\V1_MAG48s_segment_2268_20160909T223031_20160910T075118.png,ok,
1,2269,2016-09-10 22:43:19,2016-09-11 04:55:19,6.20016,464,47.52,143.424999755859,7200,240,Z:\SPART-WORK\Data\Voyager\voyager1\mag\48s\reviewed_vim\2016\voyager1_48s_mag-vim_20160101_v01.cdf,C:\Users\Administrator\Documents\FWD_matlab\Voyager_fu\Voyager_Interstellar_Monthly\HighestPrecision_Segments\V1_MAG48s_segment_2269_20160910T224319_20160911T045519.png,ok,
1,2270,2016-09-11 08:17:43,2016-09-11 12:20:55,4.05336,304,47.52,96.767,7200,240,Z:\SPART-WORK\Data\Voyager\voyager1\mag\48s\reviewed_vim\2016\voyager1_48s_mag-vim_20160101_v01.cdf,C:\Users\Administrator\Documents\FWD_matlab\Voyager_fu\Voyager_Interstellar_Monthly\HighestPrecision_Segments\V1_MAG48s_segment_2270_20160911T081743_20160911T122055.png,ok,
1,2271,2016-09-12 11:13:43,2016-09-12 17:19:18,6.09312027770996,449,47.5209997558594,336.96,7200,240,Z:\SPART-WORK\Data\Voyager\voyager1\mag\48s\reviewed_vim\2016\voyager1_48s_mag-vim_20160101_v01.cdf,C:\Users\Administrator\Documents\FWD_matlab\Voyager_fu\Voyager_Interstellar_Monthly\HighestPrecision_Segments\V1_MAG48s_segment_2271_20160912T111343_20160912T171918.png,ok,
1,2272,2016-09-13 04:03:19,2016-09-13 05:29:43,1.43976027777778,105,47.5209997558594,239.328,7200,240,Z:\SPART-WORK\Data\Voyager\voyager1\mag\48s\reviewed_vim\2016\voyager1_48s_mag-vim_20160101_v01.cdf,C:\Users\Administrator\Documents\FWD_matlab\Voyager_fu\Voyager_Interstellar_Monthly\HighestPrecision_Segments\V1_MAG48s_segment_2272_20160913T040319_20160913T052943.png,ok,
1,2273,2016-09-13 08:14:30,2016-09-13 10:44:54,2.50656,182,47.5209997558594,335.231,7200,240,Z:\SPART-WORK\Data\Voyager\voyager1\mag\48s\reviewed_vim\2016\voyager1_48s_mag-vim_20160101_v01.cdf,C:\Users\Administrator\Documents\FWD_matlab\Voyager_fu\Voyager_Interstellar_Monthly\HighestPrecision_Segments\V1_MAG48s_segment_2273_20160913T081430_20160913T104454.png,ok,
1,2274,2016-09-14 03:16:55,2016-09-14 12:07:18,8.83967972229004,658,47.5209997558594,192.672,7200,240,Z:\SPART-WORK\Data\Voyager\voyager1\mag\48s\reviewed_vim\2016\voyager1_48s_mag-vim_20160101_v01.cdf,C:\Users\Administrator\Documents\FWD_matlab\Voyager_fu\Voyager_Interstellar_Monthly\HighestPrecision_Segments\V1_MAG48s_segment_2274_20160914T031655_20160914T120718.png,ok,
1,2275,2016-09-15 10:38:31,2016-09-15 14:54:30,4.26648,318,47.5209997558594,192.672,7200,240,Z:\SPART-WORK\Data\Voyager\voyager1\mag\48s\reviewed_vim\2016\voyager1_48s_mag-vim_20160101_v01.cdf,C:\Users\Administrator\Documents\FWD_matlab\Voyager_fu\Voyager_Interstellar_Monthly\HighestPrecision_Segments\V1_MAG48s_segment_2275_20160915T103831_20160915T145430.png,ok,
1,2276,2016-09-16 11:02:30,2016-09-16 15:09:42,4.11983972222222,310,47.5209997558594,50.113,7200,240,Z:\SPART-WORK\Data\Voyager\voyager1\mag\48s\reviewed_vim\2016\voyager1_48s_mag-vim_20160101_v01.cdf,C:\Users\Administrator\Documents\FWD_matlab\Voyager_fu\Voyager_Interstellar_Monthly\HighestPrecision_Segments\V1_MAG48s_segment_2276_20160916T110230_20160916T150942.png,ok,
1,2277,2016-09-17 05:58:30,2016-09-17 11:53:43,5.92031972222222,441,47.5209997558594,145.153,7200,240,Z:\SPART-WORK\Data\Voyager\voyager1\mag\48s\reviewed_vim\2016\voyager1_48s_mag-vim_20160101_v01.cdf,C:\Users\Administrator\Documents\FWD_matlab\Voyager_fu\Voyager_Interstellar_Monthly\HighestPrecision_Segments\V1_MAG48s_segment_2277_20160917T055830_20160917T115343.png,ok,
1,2278,2016-09-18 07:49:43,2016-09-18 11:52:55,4.05336027770996,302,47.5209997558594,192.672,7200,240,Z:\SPART-WORK\Data\Voyager\voyager1\mag\48s\reviewed_vim\2016\voyager1_48s_mag-vim_20160101_v01.cdf,C:\Users\Administrator\Documents\FWD_matlab\Voyager_fu\Voyager_Interstellar_Monthly\HighestPrecision_Segments\V1_MAG48s_segment_2278_20160918T074943_20160918T115255.png,ok,
1,2279,2016-09-19 04:38:31,2016-09-19 08:32:55,3.90672,294,47.5209997558594,50.113,7200,240,Z:\SPART-WORK\Data\Voyager\voyager1\mag\48s\reviewed_vim\2016\voyager1_48s_mag-vim_20160101_v01.cdf,C:\Users\Administrator\Documents\FWD_matlab\Voyager_fu\Voyager_Interstellar_Monthly\HighestPrecision_Segments\V1_MAG48s_segment_2279_20160919T043831_20160919T083255.png,ok,
1,2280,2016-09-20 07:40:54,2016-09-20 10:38:31,2.96040027770996,219,47.5209997558594,145.151,7200,240,Z:\SPART-WORK\Data\Voyager\voyager1\mag\48s\reviewed_vim\2016\voyager1_48s_mag-vim_20160101_v01.cdf,C:\Users\Administrator\Documents\FWD_matlab\Voyager_fu\Voyager_Interstellar_Monthly\HighestPrecision_Segments\V1_MAG48s_segment_2280_20160920T074054_20160920T103831.png,ok,
1,2281,2016-09-21 02:41:42,2016-09-21 09:07:18,6.42647972229004,471,47.5209997558594,575.424,7200,240,Z:\SPART-WORK\Data\Voyager\voyager1\mag\48s\reviewed_vim\2016\voyager1_48s_mag-vim_20160101_v01.cdf,C:\Users\Administrator\Documents\FWD_matlab\Voyager_fu\Voyager_Interstellar_Monthly\HighestPrecision_Segments\V1_MAG48s_segment_2281_20160921T024142_20160921T090718.png,ok,
1,2282,2016-09-22 01:56:53,2016-09-22 03:02:30,1.09343972222222,78,47.5209997558594,191.807,7200,240,Z:\SPART-WORK\Data\Voyager\voyager1\mag\48s\reviewed_vim\2016\voyager1_48s_mag-vim_20160101_v01.cdf,C:\Users\Administrator\Documents\FWD_matlab\Voyager_fu\Voyager_Interstellar_Monthly\HighestPrecision_Segments\V1_MAG48s_segment_2282_20160922T015653_20160922T030230.png,ok,
1,2283,2016-09-22 08:38:30,2016-09-22 09:24:54,0.77328,57,47.5209997558594,145.151,7200,240,Z:\SPART-WORK\Data\Voyager\voyager1\mag\48s\reviewed_vim\2016\voyager1_48s_mag-vim_20160101_v01.cdf,C:\Users\Administrator\Documents\FWD_matlab\Voyager_fu\Voyager_Interstellar_Monthly\HighestPrecision_Segments\V1_MAG48s_segment_2283_20160922T083830_20160922T092454.png,ok,
1,2284,2016-09-23 06:08:05,2016-09-23 11:27:17,5.32007972222222,400,47.5209997558594,50.113,7200,240,Z:\SPART-WORK\Data\Voyager\voyager1\mag\48s\reviewed_vim\2016\voyager1_48s_mag-vim_20160101_v01.cdf,C:\Users\Administrator\Documents\FWD_matlab\Voyager_fu\Voyager_Interstellar_Monthly\HighestPrecision_Segments\V1_MAG48s_segment_2284_20160923T060805_20160923T112717.png,ok,
1,2285,2016-09-24 00:56:07,2016-09-24 01:44:54,0.81312,59,47.5209998779297,192.672,7200,240,Z:\SPART-WORK\Data\Voyager\voyager1\mag\48s\reviewed_vim\2016\voyager1_48s_mag-vim_20160101_v01.cdf,C:\Users\Administrator\Documents\FWD_matlab\Voyager_fu\Voyager_Interstellar_Monthly\HighestPrecision_Segments\V1_MAG48s_segment_2285_20160924T005607_20160924T014454.png,ok,
1,2286,2016-09-25 00:44:54,2016-09-25 04:47:18,4.03992027777778,304,47.5209997558594,50.113,7200,240,Z:\SPART-WORK\Data\Voyager\voyager1\mag\48s\reviewed_vim\2016\voyager1_48s_mag-vim_20160101_v01.cdf,C:\Users\Administrator\Documents\FWD_matlab\Voyager_fu\Voyager_Interstellar_Monthly\HighestPrecision_Segments\V1_MAG48s_segment_2286_20160925T004454_20160925T044718.png,ok,
1,2287,2016-09-26 00:27:17,2016-09-26 03:56:54,3.49367972222222,262,47.5209997558594,97.632,7200,240,Z:\SPART-WORK\Data\Voyager\voyager1\mag\48s\reviewed_vim\2016\voyager1_48s_mag-vim_20160101_v01.cdf,C:\Users\Administrator\Documents\FWD_matlab\Voyager_fu\Voyager_Interstellar_Monthly\HighestPrecision_Segments\V1_MAG48s_segment_2287_20160926T002717_20160926T035654.png,ok,
1,2288,2016-09-27 01:28:06,2016-09-27 05:32:05,4.06631972229004,305,47.5209997558594,95.04,7200,240,Z:\SPART-WORK\Data\Voyager\voyager1\mag\48s\reviewed_vim\2016\voyager1_48s_mag-vim_20160101_v01.cdf,C:\Users\Administrator\Documents\FWD_matlab\Voyager_fu\Voyager_Interstellar_Monthly\HighestPrecision_Segments\V1_MAG48s_segment_2288_20160927T012806_20160927T053205.png,ok,
1,2289,2016-09-27 22:28:54,2016-09-28 03:36:54,5.13336,383,47.5209997558594,191.809,7200,240,Z:\SPART-WORK\Data\Voyager\voyager1\mag\48s\reviewed_vim\2016\voyager1_48s_mag-vim_20160101_v01.cdf,C:\Users\Administrator\Documents\FWD_matlab\Voyager_fu\Voyager_Interstellar_Monthly\HighestPrecision_Segments\V1_MAG48s_segment_2289_20160927T222854_20160928T033654.png,ok,
1,2290,2016-09-28 22:30:29,2016-09-29 03:37:41,5.12016027777778,383,47.5209997558594,141.696,7200,240,Z:\SPART-WORK\Data\Voyager\voyager1\mag\48s\reviewed_vim\2016\voyager1_48s_mag-vim_20160101_v01.cdf,C:\Users\Administrator\Documents\FWD_matlab\Voyager_fu\Voyager_Interstellar_Monthly\HighestPrecision_Segments\V1_MAG48s_segment_2290_20160928T223029_20160929T033741.png,ok,
1,2291,2016-09-29 23:00:53,2016-09-30 03:31:17,4.50671972222222,336,47.5209997558594,190.08,7200,240,Z:\SPART-WORK\Data\Voyager\voyager1\mag\48s\reviewed_vim\2016\voyager1_48s_mag-vim_20160101_v01.cdf,C:\Users\Administrator\Documents\FWD_matlab\Voyager_fu\Voyager_Interstellar_Monthly\HighestPrecision_Segments\V1_MAG48s_segment_2291_20160929T230053_20160930T033117.png,ok,
1,2292,2016-09-30 22:57:41,2016-10-01 03:26:29,4.48008,334,47.5209997558594,191.808999755859,7200,240,Z:\SPART-WORK\Data\Voyager\voyager1\mag\48s\reviewed_vim\2016\voyager1_48s_mag-vim_20160101_v01.cdf,C:\Users\Administrator\Documents\FWD_matlab\Voyager_fu\Voyager_Interstellar_Monthly\HighestPrecision_Segments\V1_MAG48s_segment_2292_20160930T225741_20161001T032629.png,ok,
1,2293,2016-10-01 21:56:54,2016-10-02 03:20:05,5.38632027777778,396,47.5209997558594,382.752,7200,240,Z:\SPART-WORK\Data\Voyager\voyager1\mag\48s\reviewed_vim\2016\voyager1_48s_mag-vim_20160101_v01.cdf,C:\Users\Administrator\Documents\FWD_matlab\Voyager_fu\Voyager_Interstellar_Monthly\HighestPrecision_Segments\V1_MAG48s_segment_2293_20161001T215654_20161002T032005.png,ok,
1,2294,2016-10-02 09:29:42,2016-10-02 11:25:43,1.93368027777778,132,47.5209997558594,337.825,7200,240,Z:\SPART-WORK\Data\Voyager\voyager1\mag\48s\reviewed_vim\2016\voyager1_48s_mag-vim_20160101_v01.cdf,C:\Users\Administrator\Documents\FWD_matlab\Voyager_fu\Voyager_Interstellar_Monthly\HighestPrecision_Segments\V1_MAG48s_segment_2294_20161002T092942_20161002T112543.png,ok,
1,2295,2016-10-02 22:09:41,2016-10-03 03:14:30,5.08007972229004,373,47.5209997558594,382.752,7200,240,Z:\SPART-WORK\Data\Voyager\voyager1\mag\48s\reviewed_vim\2016\voyager1_48s_mag-vim_20160101_v01.cdf,C:\Users\Administrator\Documents\FWD_matlab\Voyager_fu\Voyager_Interstellar_Monthly\HighestPrecision_Segments\V1_MAG48s_segment_2295_20161002T220941_20161003T031430.png,ok,
1,2296,2016-10-03 16:14:29,2016-10-03 22:29:41,6.25344,467,47.5209997558594,191.807,7200,240,Z:\SPART-WORK\Data\Voyager\voyager1\mag\48s\reviewed_vim\2016\voyager1_48s_mag-vim_20160101_v01.cdf,C:\Users\Administrator\Documents\FWD_matlab\Voyager_fu\Voyager_Interstellar_Monthly\HighestPrecision_Segments\V1_MAG48s_segment_2296_20161003T161429_20161003T222941.png,ok,
1,2297,2016-10-04 11:32:53,2016-10-04 13:44:54,2.20032,165,47.5209997558594,97.632,7200,240,Z:\SPART-WORK\Data\Voyager\voyager1\mag\48s\reviewed_vim\2016\voyager1_48s_mag-vim_20160101_v01.cdf,C:\Users\Administrator\Documents\FWD_matlab\Voyager_fu\Voyager_Interstellar_Monthly\HighestPrecision_Segments\V1_MAG48s_segment_2297_20161004T113253_20161004T134454.png,ok,
1,2298,2016-10-04 22:30:29,2016-10-05 10:40:06,12.1603202777778,801,47.5209997558594,5374.08,7200,240,Z:\SPART-WORK\Data\Voyager\voyager1\mag\48s\reviewed_vim\2016\voyager1_48s_mag-vim_20160101_v01.cdf,C:\Users\Administrator\Documents\FWD_matlab\Voyager_fu\Voyager_Interstellar_Monthly\HighestPrecision_Segments\V1_MAG48s_segment_2298_20161004T223029_20161005T104006.png,ok,
1,2299,2016-10-05 20:33:43,2016-10-06 02:59:17,6.42624,480,47.5209997558594,192.672,7200,240,Z:\SPART-WORK\Data\Voyager\voyager1\mag\48s\reviewed_vim\2016\voyager1_48s_mag-vim_20160101_v01.cdf,C:\Users\Administrator\Documents\FWD_matlab\Voyager_fu\Voyager_Interstellar_Monthly\HighestPrecision_Segments\V1_MAG48s_segment_2299_20161005T203343_20161006T025917.png,ok,
1,2300,2016-10-06 16:16:07,2016-10-06 18:52:06,2.59991972222222,194,47.5209997558594,144.287999755859,7200,240,Z:\SPART-WORK\Data\Voyager\voyager1\mag\48s\reviewed_vim\2016\voyager1_48s_mag-vim_20160101_v01.cdf,C:\Users\Administrator\Documents\FWD_matlab\Voyager_fu\Voyager_Interstellar_Monthly\HighestPrecision_Segments\V1_MAG48s_segment_2300_20161006T161607_20161006T185206.png,ok,
1,2301,2016-10-06 20:54:30,2016-10-06 22:20:06,1.42656,108,47.5209997558594,50.113,7200,240,Z:\SPART-WORK\Data\Voyager\voyager1\mag\48s\reviewed_vim\2016\voyager1_48s_mag-vim_20160101_v01.cdf,C:\Users\Administrator\Documents\FWD_matlab\Voyager_fu\Voyager_Interstellar_Monthly\HighestPrecision_Segments\V1_MAG48s_segment_2301_20161006T205430_20161006T222006.png,ok,
1,2302,2016-10-07 09:15:17,2016-10-07 11:04:53,1.82663972222222,135,47.5209997558594,190.08,7200,240,Z:\SPART-WORK\Data\Voyager\voyager1\mag\48s\reviewed_vim\2016\voyager1_48s_mag-vim_20160101_v01.cdf,C:\Users\Administrator\Documents\FWD_matlab\Voyager_fu\Voyager_Interstellar_Monthly\HighestPrecision_Segments\V1_MAG48s_segment_2302_20161007T091517_20161007T110453.png,ok,
1,2303,2016-10-07 23:07:18,2016-10-08 04:12:06,5.08007972222222,381,47.5209997558594,95.04,7200,240,Z:\SPART-WORK\Data\Voyager\voyager1\mag\48s\reviewed_vim\2016\voyager1_48s_mag-vim_20160101_v01.cdf,C:\Users\Administrator\Documents\FWD_matlab\Voyager_fu\Voyager_Interstellar_Monthly\HighestPrecision_Segments\V1_MAG48s_segment_2303_20161007T230718_20161008T041206.png,ok,
1,2304,2016-10-08 19:50:28,2016-10-09 02:54:30,7.06728,531,47.5209997558594,50.113,7200,240,Z:\SPART-WORK\Data\Voyager\voyager1\mag\48s\reviewed_vim\2016\voyager1_48s_mag-vim_20160101_v01.cdf,C:\Users\Administrator\Documents\FWD_matlab\Voyager_fu\Voyager_Interstellar_Monthly\HighestPrecision_Segments\V1_MAG48s_segment_2304_20161008T195028_20161009T025430.png,ok,
1,2305,2016-10-09 09:02:30,2016-10-09 10:19:18,1.28016,94,47.5209997558594,192.672000244141,7200,240,Z:\SPART-WORK\Data\Voyager\voyager1\mag\48s\reviewed_vim\2016\voyager1_48s_mag-vim_20160101_v01.cdf,C:\Users\Administrator\Documents\FWD_matlab\Voyager_fu\Voyager_Interstellar_Monthly\HighestPrecision_Segments\V1_MAG48s_segment_2305_20161009T090230_20161009T101918.png,ok,
1,2306,2016-10-10 00:59:17,2016-10-10 05:04:05,4.08024,303,47.5209997558594,141.696000244141,7200,240,Z:\SPART-WORK\Data\Voyager\voyager1\mag\48s\reviewed_vim\2016\voyager1_48s_mag-vim_20160101_v01.cdf,C:\Users\Administrator\Documents\FWD_matlab\Voyager_fu\Voyager_Interstellar_Monthly\HighestPrecision_Segments\V1_MAG48s_segment_2306_20161010T005917_20161010T050405.png,ok,
1,2307,2016-10-10 15:47:17,2016-10-10 20:00:53,4.22664,318,47.5209997558594,50.113,7200,240,Z:\SPART-WORK\Data\Voyager\voyager1\mag\48s\reviewed_vim\2016\voyager1_48s_mag-vim_20160101_v01.cdf,C:\Users\Administrator\Documents\FWD_matlab\Voyager_fu\Voyager_Interstellar_Monthly\HighestPrecision_Segments\V1_MAG48s_segment_2307_20161010T154717_20161010T200053.png,ok,
1,2308,2016-10-11 03:23:17,2016-10-11 03:53:41,0.506879999932183,32,47.521,239.328,7200,240,Z:\SPART-WORK\Data\Voyager\voyager1\mag\48s\reviewed_vim\2016\voyager1_48s_mag-vim_20160101_v01.cdf,C:\Users\Administrator\Documents\FWD_matlab\Voyager_fu\Voyager_Interstellar_Monthly\HighestPrecision_Segments\V1_MAG48s_segment_2308_20161011T032317_20161011T035341.png,ok,
1,2309,2016-10-11 06:38:29,2016-10-11 07:26:29,0.799920277777778,61,47.5209997558594,50.113,7200,240,Z:\SPART-WORK\Data\Voyager\voyager1\mag\48s\reviewed_vim\2016\voyager1_48s_mag-vim_20160101_v01.cdf,C:\Users\Administrator\Documents\FWD_matlab\Voyager_fu\Voyager_Interstellar_Monthly\HighestPrecision_Segments\V1_MAG48s_segment_2309_20161011T063829_20161011T072629.png,ok,
1,2310,2016-10-12 02:49:43,2016-10-12 10:04:07,7.24008,542,47.5209997558594,142.560999755859,7200,240,Z:\SPART-WORK\Data\Voyager\voyager1\mag\48s\reviewed_vim\2016\voyager1_48s_mag-vim_20160101_v01.cdf,C:\Users\Administrator\Documents\FWD_matlab\Voyager_fu\Voyager_Interstellar_Monthly\HighestPrecision_Segments\V1_MAG48s_segment_2310_20161012T024943_20161012T100407.png,ok,
1,2311,2016-10-13 00:51:16,2016-10-13 04:48:06,3.94703972229004,294,47.5209997558594,145.151,7200,240,Z:\SPART-WORK\Data\Voyager\voyager1\mag\48s\reviewed_vim\2016\voyager1_48s_mag-vim_20160101_v01.cdf,C:\Users\Administrator\Documents\FWD_matlab\Voyager_fu\Voyager_Interstellar_Monthly\HighestPrecision_Segments\V1_MAG48s_segment_2311_20161013T005116_20161013T044806.png,ok,
1,2312,2016-10-13 15:10:29,2016-10-13 19:13:41,4.05335972222222,302,47.5209997558594,192.672,7200,240,Z:\SPART-WORK\Data\Voyager\voyager1\mag\48s\reviewed_vim\2016\voyager1_48s_mag-vim_20160101_v01.cdf,C:\Users\Administrator\Documents\FWD_matlab\Voyager_fu\Voyager_Interstellar_Monthly\HighestPrecision_Segments\V1_MAG48s_segment_2312_20161013T151029_20161013T191341.png,ok,
1,2313,2016-10-14 17:50:30,2016-10-14 23:28:05,5.62632027770996,422,47.5209997558594,95.0399997558594,7200,240,Z:\SPART-WORK\Data\Voyager\voyager1\mag\48s\reviewed_vim\2016\voyager1_48s_mag-vim_20160101_v01.cdf,C:\Users\Administrator\Documents\FWD_matlab\Voyager_fu\Voyager_Interstellar_Monthly\HighestPrecision_Segments\V1_MAG48s_segment_2313_20161014T175030_20161014T232805.png,ok,
1,2314,2016-10-16 00:44:54,2016-10-16 04:46:28,4.026,301,47.5209997558594,142.559,7200,240,Z:\SPART-WORK\Data\Voyager\voyager1\mag\48s\reviewed_vim\2016\voyager1_48s_mag-vim_20160101_v01.cdf,C:\Users\Administrator\Documents\FWD_matlab\Voyager_fu\Voyager_Interstellar_Monthly\HighestPrecision_Segments\V1_MAG48s_segment_2314_20161016T004454_20161016T044628.png,ok,
1,2315,2016-10-16 10:32:06,2016-10-16 14:27:17,3.91991972222222,294,47.5209997558594,95.04,7200,240,Z:\SPART-WORK\Data\Voyager\voyager1\mag\48s\reviewed_vim\2016\voyager1_48s_mag-vim_20160101_v01.cdf,C:\Users\Administrator\Documents\FWD_matlab\Voyager_fu\Voyager_Interstellar_Monthly\HighestPrecision_Segments\V1_MAG48s_segment_2315_20161016T103206_20161016T142717.png,ok,
1,2316,2016-10-17 00:35:17,2016-10-17 02:18:30,1.72031972222222,128,47.5209997558594,145.151,7200,240,Z:\SPART-WORK\Data\Voyager\voyager1\mag\48s\reviewed_vim\2016\voyager1_48s_mag-vim_20160101_v01.cdf,C:\Users\Administrator\Documents\FWD_matlab\Voyager_fu\Voyager_Interstellar_Monthly\HighestPrecision_Segments\V1_MAG48s_segment_2316_20161017T003517_20161017T021830.png,ok,
1,2317,2016-10-17 19:26:29,2016-10-18 02:18:30,6.86711972222222,515,47.5209997558594,97.632,7200,240,Z:\SPART-WORK\Data\Voyager\voyager1\mag\48s\reviewed_vim\2016\voyager1_48s_mag-vim_20160101_v01.cdf,C:\Users\Administrator\Documents\FWD_matlab\Voyager_fu\Voyager_Interstellar_Monthly\HighestPrecision_Segments\V1_MAG48s_segment_2317_20161017T192629_20161018T021830.png,ok,
1,2318,2016-10-18 05:48:52,2016-10-18 07:56:53,2.13360027770996,155,47.5209997558594,240.193,7200,240,Z:\SPART-WORK\Data\Voyager\voyager1\mag\48s\reviewed_vim\2016\voyager1_48s_mag-vim_20160101_v01.cdf,C:\Users\Administrator\Documents\FWD_matlab\Voyager_fu\Voyager_Interstellar_Monthly\HighestPrecision_Segments\V1_MAG48s_segment_2318_20161018T054852_20161018T075653.png,ok,
1,2319,2016-10-19 05:08:53,2016-10-19 09:27:17,4.30656,323,47.5209997558594,97.632,7200,240,Z:\SPART-WORK\Data\Voyager\voyager1\mag\48s\reviewed_vim\2016\voyager1_48s_mag-vim_20160101_v01.cdf,C:\Users\Administrator\Documents\FWD_matlab\Voyager_fu\Voyager_Interstellar_Monthly\HighestPrecision_Segments\V1_MAG48s_segment_2319_20161019T050853_20161019T092717.png,ok,
1,2320,2016-10-20 01:32:53,2016-10-20 05:23:18,3.84024,289,47.5209997558594,50.113,7200,240,Z:\SPART-WORK\Data\Voyager\voyager1\mag\48s\reviewed_vim\2016\voyager1_48s_mag-vim_20160101_v01.cdf,C:\Users\Administrator\Documents\FWD_matlab\Voyager_fu\Voyager_Interstellar_Monthly\HighestPrecision_Segments\V1_MAG48s_segment_2320_20161020T013253_20161020T052318.png,ok,
1,2321,2016-10-20 19:18:28,2016-10-21 02:01:40,6.71999972222222,505,47.5209997558594,50.113,7200,240,Z:\SPART-WORK\Data\Voyager\voyager1\mag\48s\reviewed_vim\2016\voyager1_48s_mag-vim_20160101_v01.cdf,C:\Users\Administrator\Documents\FWD_matlab\Voyager_fu\Voyager_Interstellar_Monthly\HighestPrecision_Segments\V1_MAG48s_segment_2321_20161020T191828_20161021T020140.png,ok,
1,2322,2016-10-21 19:10:29,2016-10-22 01:57:41,6.78672,509,47.5209997558594,97.632,7200,240,Z:\SPART-WORK\Data\Voyager\voyager1\mag\48s\reviewed_vim\2016\voyager1_48s_mag-vim_20160101_v01.cdf,C:\Users\Administrator\Documents\FWD_matlab\Voyager_fu\Voyager_Interstellar_Monthly\HighestPrecision_Segments\V1_MAG48s_segment_2322_20161021T191029_20161022T015741.png,ok,
1,2323,2016-10-22 22:08:06,2016-10-23 03:08:05,4.99968,374,47.5209997558594,142.561,7200,240,Z:\SPART-WORK\Data\Voyager\voyager1\mag\48s\reviewed_vim\2016\voyager1_48s_mag-vim_20160101_v01.cdf,C:\Users\Administrator\Documents\FWD_matlab\Voyager_fu\Voyager_Interstellar_Monthly\HighestPrecision_Segments\V1_MAG48s_segment_2323_20161022T220806_20161023T030805.png,ok,
1,2324,2016-10-23 14:24:06,2016-10-23 18:44:54,4.34687972222222,325,47.5209997558594,144.287999755859,7200,240,Z:\SPART-WORK\Data\Voyager\voyager1\mag\48s\reviewed_vim\2016\voyager1_48s_mag-vim_20160101_v01.cdf,C:\Users\Administrator\Documents\FWD_matlab\Voyager_fu\Voyager_Interstellar_Monthly\HighestPrecision_Segments\V1_MAG48s_segment_2324_20161023T142406_20161023T184454.png,ok,
1,2325,2016-10-24 08:56:04,2016-10-24 12:52:04,3.93311999993218,295,47.5209997558594,97.632,7200,240,Z:\SPART-WORK\Data\Voyager\voyager1\mag\48s\reviewed_vim\2016\voyager1_48s_mag-vim_20160101_v01.cdf,C:\Users\Administrator\Documents\FWD_matlab\Voyager_fu\Voyager_Interstellar_Monthly\HighestPrecision_Segments\V1_MAG48s_segment_2325_20161024T085604_20161024T125204.png,ok,
1,2326,2016-10-25 04:22:28,2016-10-25 09:12:52,4.83983999993218,353,47.5209997558594,479.519,7200,240,Z:\SPART-WORK\Data\Voyager\voyager1\mag\48s\reviewed_vim\2016\voyager1_48s_mag-vim_20160101_v01.cdf,C:\Users\Administrator\Documents\FWD_matlab\Voyager_fu\Voyager_Interstellar_Monthly\HighestPrecision_Segments\V1_MAG48s_segment_2326_20161025T042228_20161025T091252.png,ok,
1,2327,2016-10-25 22:33:41,2016-10-26 00:12:04,1.63992,117,47.5209997558594,286.849,7200,240,Z:\SPART-WORK\Data\Voyager\voyager1\mag\48s\reviewed_vim\2016\voyager1_48s_mag-vim_20160101_v01.cdf,C:\Users\Administrator\Documents\FWD_matlab\Voyager_fu\Voyager_Interstellar_Monthly\HighestPrecision_Segments\V1_MAG48s_segment_2327_20161025T223341_20161026T001204.png,ok,
1,2328,2016-10-26 20:25:41,2016-10-27 01:44:06,5.30711972222222,399,47.5209997558594,50.113,7200,240,Z:\SPART-WORK\Data\Voyager\voyager1\mag\48s\reviewed_vim\2016\voyager1_48s_mag-vim_20160101_v01.cdf,C:\Users\Administrator\Documents\FWD_matlab\Voyager_fu\Voyager_Interstellar_Monthly\HighestPrecision_Segments\V1_MAG48s_segment_2328_20161026T202541_20161027T014406.png,ok,
1,2329,2016-10-27 18:46:29,2016-10-28 01:36:53,6.84000027777778,514,47.5209997558594,50.113,7200,240,Z:\SPART-WORK\Data\Voyager\voyager1\mag\48s\reviewed_vim\2016\voyager1_48s_mag-vim_20160101_v01.cdf,C:\Users\Administrator\Documents\FWD_matlab\Voyager_fu\Voyager_Interstellar_Monthly\HighestPrecision_Segments\V1_MAG48s_segment_2329_20161027T184629_20161028T013653.png,ok,
1,2330,2016-10-28 14:00:05,2016-10-28 20:01:40,6.0264,450,47.5209997558594,192.672,7200,240,Z:\SPART-WORK\Data\Voyager\voyager1\mag\48s\reviewed_vim\2016\voyager1_48s_mag-vim_20160101_v01.cdf,C:\Users\Administrator\Documents\FWD_matlab\Voyager_fu\Voyager_Interstellar_Monthly\HighestPrecision_Segments\V1_MAG48s_segment_2330_20161028T140005_20161028T200140.png,ok,
1,2331,2016-10-29 06:56:04,2016-10-29 08:55:17,1.98696,150,47.5209997558594,50.113,7200,240,Z:\SPART-WORK\Data\Voyager\voyager1\mag\48s\reviewed_vim\2016\voyager1_48s_mag-vim_20160101_v01.cdf,C:\Users\Administrator\Documents\FWD_matlab\Voyager_fu\Voyager_Interstellar_Monthly\HighestPrecision_Segments\V1_MAG48s_segment_2331_20161029T065604_20161029T085517.png,ok,
1,2332,2016-10-30 00:03:17,2016-10-30 04:16:04,4.21295972229004,316,47.5209997558594,95.04,7200,240,Z:\SPART-WORK\Data\Voyager\voyager1\mag\48s\reviewed_vim\2016\voyager1_48s_mag-vim_20160101_v01.cdf,C:\Users\Administrator\Documents\FWD_matlab\Voyager_fu\Voyager_Interstellar_Monthly\HighestPrecision_Segments\V1_MAG48s_segment_2332_20161030T000317_20161030T041604.png,ok,
1,2333,2016-10-30 06:27:17,2016-10-30 11:16:05,4.81344,360,47.5209997558594,145.153,7200,240,Z:\SPART-WORK\Data\Voyager\voyager1\mag\48s\reviewed_vim\2016\voyager1_48s_mag-vim_20160101_v01.cdf,C:\Users\Administrator\Documents\FWD_matlab\Voyager_fu\Voyager_Interstellar_Monthly\HighestPrecision_Segments\V1_MAG48s_segment_2333_20161030T062717_20161030T111605.png,ok,
1,2334,2016-10-30 23:55:17,2016-10-31 01:20:06,1.4136,106,47.5209997558594,95.04,7200,240,Z:\SPART-WORK\Data\Voyager\voyager1\mag\48s\reviewed_vim\2016\voyager1_48s_mag-vim_20160101_v01.cdf,C:\Users\Administrator\Documents\FWD_matlab\Voyager_fu\Voyager_Interstellar_Monthly\HighestPrecision_Segments\V1_MAG48s_segment_2334_20161030T235517_20161031T012006.png,ok,
1,2335,2016-10-31 20:28:52,2016-11-01 02:08:53,5.66688027777778,326,47.5209997558594,4703.61600024414,7200,240,Z:\SPART-WORK\Data\Voyager\voyager1\mag\48s\reviewed_vim\2016\voyager1_48s_mag-vim_20160101_v01.cdf,C:\Users\Administrator\Documents\FWD_matlab\Voyager_fu\Voyager_Interstellar_Monthly\HighestPrecision_Segments\V1_MAG48s_segment_2335_20161031T202852_20161101T020853.png,ok,
1,2336,2016-11-01 21:15:17,2016-11-01 21:41:42,0.440159722290039,31,47.5209997558594,192.672,7200,240,Z:\SPART-WORK\Data\Voyager\voyager1\mag\48s\reviewed_vim\2016\voyager1_48s_mag-vim_20160101_v01.cdf,C:\Users\Administrator\Documents\FWD_matlab\Voyager_fu\Voyager_Interstellar_Monthly\HighestPrecision_Segments\V1_MAG48s_segment_2336_20161101T211517_20161101T214142.png,ok,
1,2337,2016-11-02 00:31:17,2016-11-02 01:15:16,0.733200000067817,56,47.5209997558594,50.113,7200,240,Z:\SPART-WORK\Data\Voyager\voyager1\mag\48s\reviewed_vim\2016\voyager1_48s_mag-vim_20160101_v01.cdf,C:\Users\Administrator\Documents\FWD_matlab\Voyager_fu\Voyager_Interstellar_Monthly\HighestPrecision_Segments\V1_MAG48s_segment_2337_20161102T003117_20161102T011516.png,ok,
1,2338,2016-11-03 00:22:30,2016-11-03 00:48:04,0.42624,31,47.5209997558594,145.152999755859,7200,240,Z:\SPART-WORK\Data\Voyager\voyager1\mag\48s\reviewed_vim\2016\voyager1_48s_mag-vim_20160101_v01.cdf,C:\Users\Administrator\Documents\FWD_matlab\Voyager_fu\Voyager_Interstellar_Monthly\HighestPrecision_Segments\V1_MAG48s_segment_2338_20161103T002230_20161103T004804.png,ok,
1,2339,2016-11-03 03:36:04,2016-11-03 04:30:29,0.906959722222222,69,47.5209997558594,50.113,7200,240,Z:\SPART-WORK\Data\Voyager\voyager1\mag\48s\reviewed_vim\2016\voyager1_48s_mag-vim_20160101_v01.cdf,C:\Users\Administrator\Documents\FWD_matlab\Voyager_fu\Voyager_Interstellar_Monthly\HighestPrecision_Segments\V1_MAG48s_segment_2339_20161103T033604_20161103T043029.png,ok,
1,2340,2016-11-03 23:00:53,2016-11-04 00:36:04,1.5864,119,47.5209997558594,95.04,7200,240,Z:\SPART-WORK\Data\Voyager\voyager1\mag\48s\reviewed_vim\2016\voyager1_48s_mag-vim_20160101_v01.cdf,C:\Users\Administrator\Documents\FWD_matlab\Voyager_fu\Voyager_Interstellar_Monthly\HighestPrecision_Segments\V1_MAG48s_segment_2340_20161103T230053_20161104T003604.png,ok,
1,2341,2016-11-04 06:11:17,2016-11-04 07:19:16,1.13304,82,47.5209997558594,145.153,7200,240,Z:\SPART-WORK\Data\Voyager\voyager1\mag\48s\reviewed_vim\2016\voyager1_48s_mag-vim_20160101_v01.cdf,C:\Users\Administrator\Documents\FWD_matlab\Voyager_fu\Voyager_Interstellar_Monthly\HighestPrecision_Segments\V1_MAG48s_segment_2341_20161104T061117_20161104T071916.png,ok,
1,2342,2016-11-05 03:07:18,2016-11-05 07:09:41,4.03992027770996,303,47.5209997558594,94.1769997558594,7200,240,Z:\SPART-WORK\Data\Voyager\voyager1\mag\48s\reviewed_vim\2016\voyager1_48s_mag-vim_20160101_v01.cdf,C:\Users\Administrator\Documents\FWD_matlab\Voyager_fu\Voyager_Interstellar_Monthly\HighestPrecision_Segments\V1_MAG48s_segment_2342_20161105T030718_20161105T070941.png,ok,
1,2343,2016-11-06 00:33:42,2016-11-06 08:24:53,7.85303972229004,587,47.5209997558594,191.807,7200,240,Z:\SPART-WORK\Data\Voyager\voyager1\mag\48s\reviewed_vim\2016\voyager1_48s_mag-vim_20160101_v01.cdf,C:\Users\Administrator\Documents\FWD_matlab\Voyager_fu\Voyager_Interstellar_Monthly\HighestPrecision_Segments\V1_MAG48s_segment_2343_20161106T003342_20161106T082453.png,ok,
1,2344,2016-11-06 13:44:06,2016-11-06 17:45:40,4.026,300,47.5209997558594,192.672,7200,240,Z:\SPART-WORK\Data\Voyager\voyager1\mag\48s\reviewed_vim\2016\voyager1_48s_mag-vim_20160101_v01.cdf,C:\Users\Administrator\Documents\FWD_matlab\Voyager_fu\Voyager_Interstellar_Monthly\HighestPrecision_Segments\V1_MAG48s_segment_2344_20161106T134406_20161106T174540.png,ok,
1,2345,2016-11-07 13:18:28,2016-11-07 18:39:16,5.34672,262,47.5209997558594,6575.903,7200,240,Z:\SPART-WORK\Data\Voyager\voyager1\mag\48s\reviewed_vim\2016\voyager1_48s_mag-vim_20160101_v01.cdf,C:\Users\Administrator\Documents\FWD_matlab\Voyager_fu\Voyager_Interstellar_Monthly\HighestPrecision_Segments\V1_MAG48s_segment_2345_20161107T131828_20161107T183916.png,ok,
1,2346,2016-11-08 13:18:28,2016-11-08 16:00:54,2.7072,201,47.5209997558594,190.08,7200,240,Z:\SPART-WORK\Data\Voyager\voyager1\mag\48s\reviewed_vim\2016\voyager1_48s_mag-vim_20160101_v01.cdf,C:\Users\Administrator\Documents\FWD_matlab\Voyager_fu\Voyager_Interstellar_Monthly\HighestPrecision_Segments\V1_MAG48s_segment_2346_20161108T131828_20161108T160054.png,ok,
1,2347,2016-11-08 20:59:17,2016-11-08 23:05:40,2.10648027777778,152,47.5209997558594,239.327999755859,7200,240,Z:\SPART-WORK\Data\Voyager\voyager1\mag\48s\reviewed_vim\2016\voyager1_48s_mag-vim_20160101_v01.cdf,C:\Users\Administrator\Documents\FWD_matlab\Voyager_fu\Voyager_Interstellar_Monthly\HighestPrecision_Segments\V1_MAG48s_segment_2347_20161108T205917_20161108T230540.png,ok,
1,2348,2016-11-09 01:50:28,2016-11-09 07:28:54,5.64047972222222,424,47.5209997558594,50.113,7200,240,Z:\SPART-WORK\Data\Voyager\voyager1\mag\48s\reviewed_vim\2016\voyager1_48s_mag-vim_20160101_v01.cdf,C:\Users\Administrator\Documents\FWD_matlab\Voyager_fu\Voyager_Interstellar_Monthly\HighestPrecision_Segments\V1_MAG48s_segment_2348_20161109T015028_20161109T072854.png,ok,
1,2349,2016-11-09 22:17:42,2016-11-09 23:00:53,0.71976,53,47.5209997558594,145.151,7200,240,Z:\SPART-WORK\Data\Voyager\voyager1\mag\48s\reviewed_vim\2016\voyager1_48s_mag-vim_20160101_v01.cdf,C:\Users\Administrator\Documents\FWD_matlab\Voyager_fu\Voyager_Interstellar_Monthly\HighestPrecision_Segments\V1_MAG48s_segment_2349_20161109T221742_20161109T230053.png,ok,
1,2350,2016-11-10 04:06:29,2016-11-10 06:34:30,2.46695972229004,186,47.5209997558594,50.113,7200,240,Z:\SPART-WORK\Data\Voyager\voyager1\mag\48s\reviewed_vim\2016\voyager1_48s_mag-vim_20160101_v01.cdf,C:\Users\Administrator\Documents\FWD_matlab\Voyager_fu\Voyager_Interstellar_Monthly\HighestPrecision_Segments\V1_MAG48s_segment_2350_20161110T040629_20161110T063430.png,ok,
1,2351,2016-11-10 19:26:29,2016-11-11 00:39:16,5.21328,389,47.5209997558594,190.08,7200,240,Z:\SPART-WORK\Data\Voyager\voyager1\mag\48s\reviewed_vim\2016\voyager1_48s_mag-vim_20160101_v01.cdf,C:\Users\Administrator\Documents\FWD_matlab\Voyager_fu\Voyager_Interstellar_Monthly\HighestPrecision_Segments\V1_MAG48s_segment_2351_20161110T192629_20161111T003916.png,ok,
1,2352,2016-11-11 04:19:16,2016-11-11 06:28:52,2.16000027777778,161,47.5209997558594,142.559000244141,7200,240,Z:\SPART-WORK\Data\Voyager\voyager1\mag\48s\reviewed_vim\2016\voyager1_48s_mag-vim_20160101_v01.cdf,C:\Users\Administrator\Documents\FWD_matlab\Voyager_fu\Voyager_Interstellar_Monthly\HighestPrecision_Segments\V1_MAG48s_segment_2352_20161111T041916_20161111T062852.png,ok,
1,2353,2016-11-11 21:16:52,2016-11-12 04:10:29,6.89351972222222,518,47.5209997558594,50.113,7200,240,Z:\SPART-WORK\Data\Voyager\voyager1\mag\48s\reviewed_vim\2016\voyager1_48s_mag-vim_20160101_v01.cdf,C:\Users\Administrator\Documents\FWD_matlab\Voyager_fu\Voyager_Interstellar_Monthly\HighestPrecision_Segments\V1_MAG48s_segment_2353_20161111T211652_20161112T041029.png,ok,
1,2354,2016-11-12 19:02:29,2016-11-13 07:53:41,12.8532,896,47.5209997558594,3119.041,7200,240,Z:\SPART-WORK\Data\Voyager\voyager1\mag\48s\reviewed_vim\2016\voyager1_48s_mag-vim_20160101_v01.cdf,C:\Users\Administrator\Documents\FWD_matlab\Voyager_fu\Voyager_Interstellar_Monthly\HighestPrecision_Segments\V1_MAG48s_segment_2354_20161112T190229_20161113T075341.png,ok,
1,2355,2016-11-13 13:04:03,2016-11-13 17:09:41,4.09367999993218,306,47.5209997558594,142.559,7200,240,Z:\SPART-WORK\Data\Voyager\voyager1\mag\48s\reviewed_vim\2016\voyager1_48s_mag-vim_20160101_v01.cdf,C:\Users\Administrator\Documents\FWD_matlab\Voyager_fu\Voyager_Interstellar_Monthly\HighestPrecision_Segments\V1_MAG48s_segment_2355_20161113T130403_20161113T170941.png,ok,
1,2356,2016-11-13 20:35:18,2016-11-13 22:51:16,2.26608,169,47.5209997558594,145.151,7200,240,Z:\SPART-WORK\Data\Voyager\voyager1\mag\48s\reviewed_vim\2016\voyager1_48s_mag-vim_20160101_v01.cdf,C:\Users\Administrator\Documents\FWD_matlab\Voyager_fu\Voyager_Interstellar_Monthly\HighestPrecision_Segments\V1_MAG48s_segment_2356_20161113T203518_20161113T225116.png,ok,
1,2357,2016-11-14 21:56:51,2016-11-15 02:14:28,4.29336,322,47.5209997558594,97.6310002441406,7200,240,Z:\SPART-WORK\Data\Voyager\voyager1\mag\48s\reviewed_vim\2016\voyager1_48s_mag-vim_20160101_v01.cdf,C:\Users\Administrator\Documents\FWD_matlab\Voyager_fu\Voyager_Interstellar_Monthly\HighestPrecision_Segments\V1_MAG48s_segment_2357_20161114T215651_20161115T021428.png,ok,
1,2358,2016-11-15 12:57:42,2016-11-15 17:09:41,4.19975972222222,314,47.5209997558594,145.152999755859,7200,240,Z:\SPART-WORK\Data\Voyager\voyager1\mag\48s\reviewed_vim\2016\voyager1_48s_mag-vim_20160101_v01.cdf,C:\Users\Administrator\Documents\FWD_matlab\Voyager_fu\Voyager_Interstellar_Monthly\HighestPrecision_Segments\V1_MAG48s_segment_2358_20161115T125742_20161115T170941.png,ok,
1,2359,2016-11-16 03:48:52,2016-11-16 07:40:54,3.86712000006782,290,47.5209997558594,96.768,7200,240,Z:\SPART-WORK\Data\Voyager\voyager1\mag\48s\reviewed_vim\2016\voyager1_48s_mag-vim_20160101_v01.cdf,C:\Users\Administrator\Documents\FWD_matlab\Voyager_fu\Voyager_Interstellar_Monthly\HighestPrecision_Segments\V1_MAG48s_segment_2359_20161116T034852_20161116T074054.png,ok,
1,2360,2016-11-17 02:59:17,2016-11-17 07:38:28,4.65312027777778,350,47.5209997558594,50.113,7200,240,Z:\SPART-WORK\Data\Voyager\voyager1\mag\48s\reviewed_vim\2016\voyager1_48s_mag-vim_20160101_v01.cdf,C:\Users\Administrator\Documents\FWD_matlab\Voyager_fu\Voyager_Interstellar_Monthly\HighestPrecision_Segments\V1_MAG48s_segment_2360_20161117T025917_20161117T073828.png,ok,
1,2361,2016-11-17 17:58:30,2016-11-17 18:52:04,0.892799722222222,66,47.5209997558594,142.561,7200,240,Z:\SPART-WORK\Data\Voyager\voyager1\mag\48s\reviewed_vim\2016\voyager1_48s_mag-vim_20160101_v01.cdf,C:\Users\Administrator\Documents\FWD_matlab\Voyager_fu\Voyager_Interstellar_Monthly\HighestPrecision_Segments\V1_MAG48s_segment_2361_20161117T175830_20161117T185204.png,ok,
1,2362,2016-11-17 20:54:30,2016-11-17 23:53:40,2.98607972222222,223,47.5209997558594,142.559000244141,7200,240,Z:\SPART-WORK\Data\Voyager\voyager1\mag\48s\reviewed_vim\2016\voyager1_48s_mag-vim_20160101_v01.cdf,C:\Users\Administrator\Documents\FWD_matlab\Voyager_fu\Voyager_Interstellar_Monthly\HighestPrecision_Segments\V1_MAG48s_segment_2362_20161117T205430_20161117T235340.png,ok,
1,2363,2016-11-18 21:53:41,2016-11-19 01:54:28,4.01304,299,47.5209997558594,192.672000244141,7200,240,Z:\SPART-WORK\Data\Voyager\voyager1\mag\48s\reviewed_vim\2016\voyager1_48s_mag-vim_20160101_v01.cdf,C:\Users\Administrator\Documents\FWD_matlab\Voyager_fu\Voyager_Interstellar_Monthly\HighestPrecision_Segments\V1_MAG48s_segment_2363_20161118T215341_20161119T015428.png,ok,
1,2364,2016-11-19 17:47:17,2016-11-20 00:04:52,6.29304027777778,470,47.5209997558594,192.671999755859,7200,240,Z:\SPART-WORK\Data\Voyager\voyager1\mag\48s\reviewed_vim\2016\voyager1_48s_mag-vim_20160101_v01.cdf,C:\Users\Administrator\Documents\FWD_matlab\Voyager_fu\Voyager_Interstellar_Monthly\HighestPrecision_Segments\V1_MAG48s_segment_2364_20161119T174717_20161120T000452.png,ok,
1,2365,2016-11-20 21:50:29,2016-11-21 01:48:53,3.97344027777778,296,47.5209997558594,192.672,7200,240,Z:\SPART-WORK\Data\Voyager\voyager1\mag\48s\reviewed_vim\2016\voyager1_48s_mag-vim_20160101_v01.cdf,C:\Users\Administrator\Documents\FWD_matlab\Voyager_fu\Voyager_Interstellar_Monthly\HighestPrecision_Segments\V1_MAG48s_segment_2365_20161120T215029_20161121T014853.png,ok,
1,2366,2016-11-22 03:21:40,2016-11-22 07:17:42,3.93384027777778,287,47.5209997558594,334.368,7200,240,Z:\SPART-WORK\Data\Voyager\voyager1\mag\48s\reviewed_vim\2016\voyager1_48s_mag-vim_20160101_v01.cdf,C:\Users\Administrator\Documents\FWD_matlab\Voyager_fu\Voyager_Interstellar_Monthly\HighestPrecision_Segments\V1_MAG48s_segment_2366_20161122T032140_20161122T071742.png,ok,
1,2367,2016-11-23 03:07:18,2016-11-23 07:18:28,4.18632027770996,295,47.5209997558594,864.865,7200,240,Z:\SPART-WORK\Data\Voyager\voyager1\mag\48s\reviewed_vim\2016\voyager1_48s_mag-vim_20160101_v01.cdf,C:\Users\Administrator\Documents\FWD_matlab\Voyager_fu\Voyager_Interstellar_Monthly\HighestPrecision_Segments\V1_MAG48s_segment_2367_20161123T030718_20161123T071828.png,ok,
1,2368,2016-11-23 19:55:16,2016-11-24 07:19:16,11.3999997222222,853,47.5209997558594,191.807,7200,240,Z:\SPART-WORK\Data\Voyager\voyager1\mag\48s\reviewed_vim\2016\voyager1_48s_mag-vim_20160101_v01.cdf,C:\Users\Administrator\Documents\FWD_matlab\Voyager_fu\Voyager_Interstellar_Monthly\HighestPrecision_Segments\V1_MAG48s_segment_2368_20161123T195516_20161124T071916.png,ok,
1,2369,2016-11-24 22:09:41,2016-11-24 23:57:40,1.79951972229004,133,47.5209997558594,192.672,7200,240,Z:\SPART-WORK\Data\Voyager\voyager1\mag\48s\reviewed_vim\2016\voyager1_48s_mag-vim_20160101_v01.cdf,C:\Users\Administrator\Documents\FWD_matlab\Voyager_fu\Voyager_Interstellar_Monthly\HighestPrecision_Segments\V1_MAG48s_segment_2369_20161124T220941_20161124T235740.png,ok,
1,2370,2016-11-25 02:49:40,2016-11-25 07:07:16,4.29335972222222,321,47.5209997558594,145.152,7200,240,Z:\SPART-WORK\Data\Voyager\voyager1\mag\48s\reviewed_vim\2016\voyager1_48s_mag-vim_20160101_v01.cdf,C:\Users\Administrator\Documents\FWD_matlab\Voyager_fu\Voyager_Interstellar_Monthly\HighestPrecision_Segments\V1_MAG48s_segment_2370_20161125T024940_20161125T070716.png,ok,
1,2371,2016-11-25 21:31:17,2016-11-26 02:03:15,4.53288,338,47.5209997558594,191.808999755859,7200,240,Z:\SPART-WORK\Data\Voyager\voyager1\mag\48s\reviewed_vim\2016\voyager1_48s_mag-vim_20160101_v01.cdf,C:\Users\Administrator\Documents\FWD_matlab\Voyager_fu\Voyager_Interstellar_Monthly\HighestPrecision_Segments\V1_MAG48s_segment_2371_20161125T213117_20161126T020315.png,ok,
1,2372,2016-11-26 17:20:05,2016-11-26 23:32:05,6.19992000006782,456,47.5209997558594,382.752,7200,240,Z:\SPART-WORK\Data\Voyager\voyager1\mag\48s\reviewed_vim\2016\voyager1_48s_mag-vim_20160101_v01.cdf,C:\Users\Administrator\Documents\FWD_matlab\Voyager_fu\Voyager_Interstellar_Monthly\HighestPrecision_Segments\V1_MAG48s_segment_2372_20161126T172005_20161126T233205.png,ok,
1,2373,2016-11-27 19:47:15,2016-11-27 23:39:18,3.86736,188,47.5209997558594,4848.767,7200,240,Z:\SPART-WORK\Data\Voyager\voyager1\mag\48s\reviewed_vim\2016\voyager1_48s_mag-vim_20160101_v01.cdf,C:\Users\Administrator\Documents\FWD_matlab\Voyager_fu\Voyager_Interstellar_Monthly\HighestPrecision_Segments\V1_MAG48s_segment_2373_20161127T194715_20161127T233918.png,ok,
1,2374,2016-11-28 17:10:28,2016-11-28 22:19:16,5.14655972222222,387,47.52,50.113,7200,240,Z:\SPART-WORK\Data\Voyager\voyager1\mag\48s\reviewed_vim\2016\voyager1_48s_mag-vim_20160101_v01.cdf,C:\Users\Administrator\Documents\FWD_matlab\Voyager_fu\Voyager_Interstellar_Monthly\HighestPrecision_Segments\V1_MAG48s_segment_2374_20161128T171028_20161128T221916.png,ok,
1,2375,2016-11-29 19:39:16,2016-11-30 00:58:29,5.32032000006782,397,47.52,190.080999755859,7200,240,Z:\SPART-WORK\Data\Voyager\voyager1\mag\48s\reviewed_vim\2016\voyager1_48s_mag-vim_20160101_v01.cdf,C:\Users\Administrator\Documents\FWD_matlab\Voyager_fu\Voyager_Interstellar_Monthly\HighestPrecision_Segments\V1_MAG48s_segment_2375_20161129T193916_20161130T005829.png,ok,
1,2376,2016-11-30 16:08:04,2016-11-30 21:17:40,5.16,385,47.52,190.079,7200,240,Z:\SPART-WORK\Data\Voyager\voyager1\mag\48s\reviewed_vim\2016\voyager1_48s_mag-vim_20160101_v01.cdf,C:\Users\Administrator\Documents\FWD_matlab\Voyager_fu\Voyager_Interstellar_Monthly\HighestPrecision_Segments\V1_MAG48s_segment_2376_20161130T160804_20161130T211740.png,ok,
1,2377,2016-12-01 22:35:16,2016-12-02 02:37:40,4.04016,301,47.52,190.079000244141,7200,240,Z:\SPART-WORK\Data\Voyager\voyager1\mag\48s\reviewed_vim\2016\voyager1_48s_mag-vim_20160101_v01.cdf,C:\Users\Administrator\Documents\FWD_matlab\Voyager_fu\Voyager_Interstellar_Monthly\HighestPrecision_Segments\V1_MAG48s_segment_2377_20161201T223516_20161202T023740.png,ok,
1,2378,2016-12-03 01:24:51,2016-12-03 06:27:17,5.04048027777778,378,47.52,97.633,7200,240,Z:\SPART-WORK\Data\Voyager\voyager1\mag\48s\reviewed_vim\2016\voyager1_48s_mag-vim_20160101_v01.cdf,C:\Users\Administrator\Documents\FWD_matlab\Voyager_fu\Voyager_Interstellar_Monthly\HighestPrecision_Segments\V1_MAG48s_segment_2378_20161203T012451_20161203T062717.png,ok,
1,2379,2016-12-03 20:54:27,2016-12-04 02:00:03,5.09328,383,47.52,50.112,7200,240,Z:\SPART-WORK\Data\Voyager\voyager1\mag\48s\reviewed_vim\2016\voyager1_48s_mag-vim_20160101_v01.cdf,C:\Users\Administrator\Documents\FWD_matlab\Voyager_fu\Voyager_Interstellar_Monthly\HighestPrecision_Segments\V1_MAG48s_segment_2379_20161203T205427_20161204T020003.png,ok,
1,2380,2016-12-04 20:08:03,2016-12-05 01:08:04,5.00016,373,47.52,192.672,7200,240,Z:\SPART-WORK\Data\Voyager\voyager1\mag\48s\reviewed_vim\2016\voyager1_48s_mag-vim_20160101_v01.cdf,C:\Users\Administrator\Documents\FWD_matlab\Voyager_fu\Voyager_Interstellar_Monthly\HighestPrecision_Segments\V1_MAG48s_segment_2380_20161204T200803_20161205T010804.png,ok,
1,2381,2016-12-05 22:56:03,2016-12-06 03:24:52,4.48007972222222,335,47.52,141.696,7200,240,Z:\SPART-WORK\Data\Voyager\voyager1\mag\48s\reviewed_vim\2016\voyager1_48s_mag-vim_20160101_v01.cdf,C:\Users\Administrator\Documents\FWD_matlab\Voyager_fu\Voyager_Interstellar_Monthly\HighestPrecision_Segments\V1_MAG48s_segment_2381_20161205T225603_20161206T032452.png,ok,
1,2382,2016-12-06 19:05:41,2016-12-06 21:29:39,2.39952027770996,175,47.52,240.192999755859,7200,240,Z:\SPART-WORK\Data\Voyager\voyager1\mag\48s\reviewed_vim\2016\voyager1_48s_mag-vim_20160101_v01.cdf,C:\Users\Administrator\Documents\FWD_matlab\Voyager_fu\Voyager_Interstellar_Monthly\HighestPrecision_Segments\V1_MAG48s_segment_2382_20161206T190541_20161206T212939.png,ok,
1,2383,2016-12-07 00:14:27,2016-12-07 01:02:29,0.80064,61,47.52,50.112,7200,240,Z:\SPART-WORK\Data\Voyager\voyager1\mag\48s\reviewed_vim\2016\voyager1_48s_mag-vim_20160101_v01.cdf,C:\Users\Administrator\Documents\FWD_matlab\Voyager_fu\Voyager_Interstellar_Monthly\HighestPrecision_Segments\V1_MAG48s_segment_2383_20161207T001427_20161207T010229.png,ok,
1,2384,2016-12-07 11:34:28,2016-12-07 17:37:40,6.05352,373,47.52,3936.38400024414,7200,240,Z:\SPART-WORK\Data\Voyager\voyager1\mag\48s\reviewed_vim\2016\voyager1_48s_mag-vim_20160101_v01.cdf,C:\Users\Administrator\Documents\FWD_matlab\Voyager_fu\Voyager_Interstellar_Monthly\HighestPrecision_Segments\V1_MAG48s_segment_2384_20161207T113428_20161207T173740.png,ok,
1,2385,2016-12-08 11:31:15,2016-12-08 14:01:40,2.50703999993218,179,47.52,337.824000244141,7200,240,Z:\SPART-WORK\Data\Voyager\voyager1\mag\48s\reviewed_vim\2016\voyager1_48s_mag-vim_20160101_v01.cdf,C:\Users\Administrator\Documents\FWD_matlab\Voyager_fu\Voyager_Interstellar_Monthly\HighestPrecision_Segments\V1_MAG48s_segment_2385_20161208T113115_20161208T140140.png,ok,
1,2386,2016-12-08 18:54:29,2016-12-08 22:56:53,4.04016,303,47.52,95.04,7200,240,Z:\SPART-WORK\Data\Voyager\voyager1\mag\48s\reviewed_vim\2016\voyager1_48s_mag-vim_20160101_v01.cdf,C:\Users\Administrator\Documents\FWD_matlab\Voyager_fu\Voyager_Interstellar_Monthly\HighestPrecision_Segments\V1_MAG48s_segment_2386_20161208T185429_20161208T225653.png,ok,
1,2387,2016-12-09 11:24:53,2016-12-09 15:21:40,3.94631999993218,297,47.52,50.112,7200,240,Z:\SPART-WORK\Data\Voyager\voyager1\mag\48s\reviewed_vim\2016\voyager1_48s_mag-vim_20160101_v01.cdf,C:\Users\Administrator\Documents\FWD_matlab\Voyager_fu\Voyager_Interstellar_Monthly\HighestPrecision_Segments\V1_MAG48s_segment_2387_20161209T112453_20161209T152140.png,ok,
1,2388,2016-12-09 18:49:39,2016-12-09 21:12:04,2.37384027777778,177,47.52,142.561,7200,240,Z:\SPART-WORK\Data\Voyager\voyager1\mag\48s\reviewed_vim\2016\voyager1_48s_mag-vim_20160101_v01.cdf,C:\Users\Administrator\Documents\FWD_matlab\Voyager_fu\Voyager_Interstellar_Monthly\HighestPrecision_Segments\V1_MAG48s_segment_2388_20161209T184939_20161209T211204.png,ok,
1,2389,2016-12-10 11:26:28,2016-12-10 16:27:16,5.01335972222222,369,47.52,335.233,7200,240,Z:\SPART-WORK\Data\Voyager\voyager1\mag\48s\reviewed_vim\2016\voyager1_48s_mag-vim_20160101_v01.cdf,C:\Users\Administrator\Documents\FWD_matlab\Voyager_fu\Voyager_Interstellar_Monthly\HighestPrecision_Segments\V1_MAG48s_segment_2389_20161210T112628_20161210T162716.png,ok,
1,2390,2016-12-11 11:20:03,2016-12-11 16:01:39,4.69344,350,47.52,192.672000244141,7200,240,Z:\SPART-WORK\Data\Voyager\voyager1\mag\48s\reviewed_vim\2016\voyager1_48s_mag-vim_20160101_v01.cdf,C:\Users\Administrator\Documents\FWD_matlab\Voyager_fu\Voyager_Interstellar_Monthly\HighestPrecision_Segments\V1_MAG48s_segment_2390_20161211T112003_20161211T160139.png,ok,
1,2391,2016-12-12 19:31:16,2016-12-12 20:29:40,0.9732,74,47.52,50.112,7200,240,Z:\SPART-WORK\Data\Voyager\voyager1\mag\48s\reviewed_vim\2016\voyager1_48s_mag-vim_20160101_v01.cdf,C:\Users\Administrator\Documents\FWD_matlab\Voyager_fu\Voyager_Interstellar_Monthly\HighestPrecision_Segments\V1_MAG48s_segment_2391_20161212T193116_20161212T202940.png,ok,
1,2392,2016-12-12 23:20:03,2016-12-13 00:51:16,1.5204,114,47.52,97.631,7200,240,Z:\SPART-WORK\Data\Voyager\voyager1\mag\48s\reviewed_vim\2016\voyager1_48s_mag-vim_20160101_v01.cdf,C:\Users\Administrator\Documents\FWD_matlab\Voyager_fu\Voyager_Interstellar_Monthly\HighestPrecision_Segments\V1_MAG48s_segment_2392_20161212T232003_20161213T005116.png,ok,
1,2393,2016-12-13 10:59:15,2016-12-13 15:37:39,4.63991972222222,327,47.52,1105.056,7200,240,Z:\SPART-WORK\Data\Voyager\voyager1\mag\48s\reviewed_vim\2016\voyager1_48s_mag-vim_20160101_v01.cdf,C:\Users\Administrator\Documents\FWD_matlab\Voyager_fu\Voyager_Interstellar_Monthly\HighestPrecision_Segments\V1_MAG48s_segment_2393_20161213T105915_20161213T153739.png,ok,
1,2394,2016-12-13 18:49:39,2016-12-13 19:21:41,0.534000277777778,39,47.5204998779297,142.561,7200,240,Z:\SPART-WORK\Data\Voyager\voyager1\mag\48s\reviewed_vim\2016\voyager1_48s_mag-vim_20160101_v01.cdf,C:\Users\Administrator\Documents\FWD_matlab\Voyager_fu\Voyager_Interstellar_Monthly\HighestPrecision_Segments\V1_MAG48s_segment_2394_20161213T184939_20161213T192141.png,ok,
1,2395,2016-12-14 02:11:16,2016-12-14 04:51:16,2.66663972222222,199,47.52,144.289,7200,240,Z:\SPART-WORK\Data\Voyager\voyager1\mag\48s\reviewed_vim\2016\voyager1_48s_mag-vim_20160101_v01.cdf,C:\Users\Administrator\Documents\FWD_matlab\Voyager_fu\Voyager_Interstellar_Monthly\HighestPrecision_Segments\V1_MAG48s_segment_2395_20161214T021116_20161214T045116.png,ok,
1,2396,2016-12-14 10:51:16,2016-12-14 12:36:04,1.74672027777778,129,47.52,190.081,7200,240,Z:\SPART-WORK\Data\Voyager\voyager1\mag\48s\reviewed_vim\2016\voyager1_48s_mag-vim_20160101_v01.cdf,C:\Users\Administrator\Documents\FWD_matlab\Voyager_fu\Voyager_Interstellar_Monthly\HighestPrecision_Segments\V1_MAG48s_segment_2396_20161214T105116_20161214T123604.png,ok,
1,2397,2016-12-14 20:14:28,2016-12-15 00:16:52,4.04016,301,47.52,192.672,7200,240,Z:\SPART-WORK\Data\Voyager\voyager1\mag\48s\reviewed_vim\2016\voyager1_48s_mag-vim_20160101_v01.cdf,C:\Users\Administrator\Documents\FWD_matlab\Voyager_fu\Voyager_Interstellar_Monthly\HighestPrecision_Segments\V1_MAG48s_segment_2397_20161214T201428_20161215T001652.png,ok,
1,2398,2016-12-15 11:04:03,2016-12-15 13:24:04,2.33352000006782,164,47.52,574.561,7200,240,Z:\SPART-WORK\Data\Voyager\voyager1\mag\48s\reviewed_vim\2016\voyager1_48s_mag-vim_20160101_v01.cdf,C:\Users\Administrator\Documents\FWD_matlab\Voyager_fu\Voyager_Interstellar_Monthly\HighestPrecision_Segments\V1_MAG48s_segment_2398_20161215T110403_20161215T132404.png,ok,
1,2399,2016-12-15 21:29:39,2016-12-16 01:13:41,3.73391972222222,242,47.52,1679.61600024414,7200,240,Z:\SPART-WORK\Data\Voyager\voyager1\mag\48s\reviewed_vim\2016\voyager1_48s_mag-vim_20160101_v01.cdf,C:\Users\Administrator\Documents\FWD_matlab\Voyager_fu\Voyager_Interstellar_Monthly\HighestPrecision_Segments\V1_MAG48s_segment_2399_20161215T212939_20161216T011341.png,ok,
1,2400,2016-12-16 17:50:28,2016-12-16 22:17:42,4.45392,332,47.52,189.216,7200,240,Z:\SPART-WORK\Data\Voyager\voyager1\mag\48s\reviewed_vim\2016\voyager1_48s_mag-vim_20160101_v01.cdf,C:\Users\Administrator\Documents\FWD_matlab\Voyager_fu\Voyager_Interstellar_Monthly\HighestPrecision_Segments\V1_MAG48s_segment_2400_20161216T175028_20161216T221742.png,ok,
1,2401,2016-12-17 10:38:28,2016-12-17 15:46:29,5.13359972222222,381,47.52,192.672999755859,7200,240,Z:\SPART-WORK\Data\Voyager\voyager1\mag\48s\reviewed_vim\2016\voyager1_48s_mag-vim_20160101_v01.cdf,C:\Users\Administrator\Documents\FWD_matlab\Voyager_fu\Voyager_Interstellar_Monthly\HighestPrecision_Segments\V1_MAG48s_segment_2401_20161217T103828_20161217T154629.png,ok,
1,2402,2016-12-17 23:31:15,2016-12-18 05:35:15,6.06672027770996,454,47.52,142.560999755859,7200,240,Z:\SPART-WORK\Data\Voyager\voyager1\mag\48s\reviewed_vim\2016\voyager1_48s_mag-vim_20160101_v01.cdf,C:\Users\Administrator\Documents\FWD_matlab\Voyager_fu\Voyager_Interstellar_Monthly\HighestPrecision_Segments\V1_MAG48s_segment_2402_20161217T233115_20161218T053515.png,ok,
1,2403,2016-12-18 10:38:28,2016-12-18 13:00:52,2.37311972222222,176,47.52,192.672999755859,7200,240,Z:\SPART-WORK\Data\Voyager\voyager1\mag\48s\reviewed_vim\2016\voyager1_48s_mag-vim_20160101_v01.cdf,C:\Users\Administrator\Documents\FWD_matlab\Voyager_fu\Voyager_Interstellar_Monthly\HighestPrecision_Segments\V1_MAG48s_segment_2403_20161218T103828_20161218T130052.png,ok,
1,2404,2016-12-18 19:55:16,2016-12-18 23:56:52,4.02672,302,47.52,97.632,7200,240,Z:\SPART-WORK\Data\Voyager\voyager1\mag\48s\reviewed_vim\2016\voyager1_48s_mag-vim_20160101_v01.cdf,C:\Users\Administrator\Documents\FWD_matlab\Voyager_fu\Voyager_Interstellar_Monthly\HighestPrecision_Segments\V1_MAG48s_segment_2404_20161218T195516_20161218T235652.png,ok,
1,2405,2016-12-19 10:36:51,2016-12-19 16:10:29,5.56056,418,47.52,50.1120002441406,7200,240,Z:\SPART-WORK\Data\Voyager\voyager1\mag\48s\reviewed_vim\2016\voyager1_48s_mag-vim_20160101_v01.cdf,C:\Users\Administrator\Documents\FWD_matlab\Voyager_fu\Voyager_Interstellar_Monthly\HighestPrecision_Segments\V1_MAG48s_segment_2405_20161219T103651_20161219T161029.png,ok,
1,2406,2016-12-19 20:06:28,2016-12-20 00:26:27,4.33296027770996,326,47.52,50.1120002441406,7200,240,Z:\SPART-WORK\Data\Voyager\voyager1\mag\48s\reviewed_vim\2016\voyager1_48s_mag-vim_20160101_v01.cdf,C:\Users\Administrator\Documents\FWD_matlab\Voyager_fu\Voyager_Interstellar_Monthly\HighestPrecision_Segments\V1_MAG48s_segment_2406_20161219T200628_20161220T002627.png,ok,
1,2407,2016-12-20 10:30:29,2016-12-20 12:36:04,2.09304027777778,156,47.52,144.288,7200,240,Z:\SPART-WORK\Data\Voyager\voyager1\mag\48s\reviewed_vim\2016\voyager1_48s_mag-vim_20160101_v01.cdf,C:\Users\Administrator\Documents\FWD_matlab\Voyager_fu\Voyager_Interstellar_Monthly\HighestPrecision_Segments\V1_MAG48s_segment_2407_20161220T103029_20161220T123604.png,ok,
1,2408,2016-12-20 17:58:27,2016-12-20 22:14:29,4.26720027777778,321,47.52,50.1120002441406,7200,240,Z:\SPART-WORK\Data\Voyager\voyager1\mag\48s\reviewed_vim\2016\voyager1_48s_mag-vim_20160101_v01.cdf,C:\Users\Administrator\Documents\FWD_matlab\Voyager_fu\Voyager_Interstellar_Monthly\HighestPrecision_Segments\V1_MAG48s_segment_2408_20161220T175827_20161220T221429.png,ok,
1,2409,2016-12-21 10:20:51,2016-12-21 15:12:52,4.86695972222222,366,47.52,50.1120002441406,7200,240,Z:\SPART-WORK\Data\Voyager\voyager1\mag\48s\reviewed_vim\2016\voyager1_48s_mag-vim_20160101_v01.cdf,C:\Users\Administrator\Documents\FWD_matlab\Voyager_fu\Voyager_Interstellar_Monthly\HighestPrecision_Segments\V1_MAG48s_segment_2409_20161221T102051_20161221T151252.png,ok,
1,2410,2016-12-21 19:47:15,2016-12-22 00:36:04,4.81344,362,47.52,50.1120002441406,7200,240,Z:\SPART-WORK\Data\Voyager\voyager1\mag\48s\reviewed_vim\2016\voyager1_48s_mag-vim_20160101_v01.cdf,C:\Users\Administrator\Documents\FWD_matlab\Voyager_fu\Voyager_Interstellar_Monthly\HighestPrecision_Segments\V1_MAG48s_segment_2410_20161221T194715_20161222T003604.png,ok,
1,2411,2016-12-22 10:32:03,2016-12-22 13:05:38,2.55984,190,47.52,190.079,7200,240,Z:\SPART-WORK\Data\Voyager\voyager1\mag\48s\reviewed_vim\2016\voyager1_48s_mag-vim_20160101_v01.cdf,C:\Users\Administrator\Documents\FWD_matlab\Voyager_fu\Voyager_Interstellar_Monthly\HighestPrecision_Segments\V1_MAG48s_segment_2411_20161222T103203_20161222T130538.png,ok,
1,2412,2016-12-22 18:00:05,2016-12-22 22:02:29,4.04016,301,47.52,192.672,7200,240,Z:\SPART-WORK\Data\Voyager\voyager1\mag\48s\reviewed_vim\2016\voyager1_48s_mag-vim_20160101_v01.cdf,C:\Users\Administrator\Documents\FWD_matlab\Voyager_fu\Voyager_Interstellar_Monthly\HighestPrecision_Segments\V1_MAG48s_segment_2412_20161222T180005_20161222T220229.png,ok,
1,2413,2016-12-23 05:07:16,2016-12-23 14:37:40,9.50688027770996,588,47.52,5856.19100024414,7200,240,Z:\SPART-WORK\Data\Voyager\voyager1\mag\48s\reviewed_vim\2016\voyager1_48s_mag-vim_20160101_v01.cdf,C:\Users\Administrator\Documents\FWD_matlab\Voyager_fu\Voyager_Interstellar_Monthly\HighestPrecision_Segments\V1_MAG48s_segment_2413_20161223T050716_20161223T143740.png,ok,
1,2414,2016-12-23 20:48:05,2016-12-23 22:00:52,1.21295972222222,90,47.52,142.559999755859,7200,240,Z:\SPART-WORK\Data\Voyager\voyager1\mag\48s\reviewed_vim\2016\voyager1_48s_mag-vim_20160101_v01.cdf,C:\Users\Administrator\Documents\FWD_matlab\Voyager_fu\Voyager_Interstellar_Monthly\HighestPrecision_Segments\V1_MAG48s_segment_2414_20161223T204805_20161223T220052.png,ok,
1,2415,2016-12-24 10:22:28,2016-12-24 13:23:16,3.01320027770996,224,47.52,192.671999755859,7200,240,Z:\SPART-WORK\Data\Voyager\voyager1\mag\48s\reviewed_vim\2016\voyager1_48s_mag-vim_20160101_v01.cdf,C:\Users\Administrator\Documents\FWD_matlab\Voyager_fu\Voyager_Interstellar_Monthly\HighestPrecision_Segments\V1_MAG48s_segment_2415_20161224T102228_20161224T132316.png,ok,
1,2416,2016-12-24 21:18:27,2016-12-25 05:11:16,7.88016027777778,591,47.52,97.633,7200,240,Z:\SPART-WORK\Data\Voyager\voyager1\mag\48s\reviewed_vim\2016\voyager1_48s_mag-vim_20160101_v01.cdf,C:\Users\Administrator\Documents\FWD_matlab\Voyager_fu\Voyager_Interstellar_Monthly\HighestPrecision_Segments\V1_MAG48s_segment_2416_20161224T211827_20161225T051116.png,ok,
1,2417,2016-12-25 10:09:39,2016-12-25 16:43:16,6.56040027777778,492,47.52,97.633,7200,240,Z:\SPART-WORK\Data\Voyager\voyager1\mag\48s\reviewed_vim\2016\voyager1_48s_mag-vim_20160101_v01.cdf,C:\Users\Administrator\Documents\FWD_matlab\Voyager_fu\Voyager_Interstellar_Monthly\HighestPrecision_Segments\V1_MAG48s_segment_2417_20161225T100939_20161225T164316.png,ok,
1,2418,2016-12-25 19:26:29,2016-12-25 22:56:03,3.49296,262,47.52,95.039,7200,240,Z:\SPART-WORK\Data\Voyager\voyager1\mag\48s\reviewed_vim\2016\voyager1_48s_mag-vim_20160101_v01.cdf,C:\Users\Administrator\Documents\FWD_matlab\Voyager_fu\Voyager_Interstellar_Monthly\HighestPrecision_Segments\V1_MAG48s_segment_2418_20161225T192629_20161225T225603.png,ok,
1,2419,2016-12-26 19:29:39,2016-12-27 02:07:16,6.62688000006782,495,47.52,191.807,7200,240,Z:\SPART-WORK\Data\Voyager\voyager1\mag\48s\reviewed_vim\2016\voyager1_48s_mag-vim_20160101_v01.cdf,C:\Users\Administrator\Documents\FWD_matlab\Voyager_fu\Voyager_Interstellar_Monthly\HighestPrecision_Segments\V1_MAG48s_segment_2419_20161226T192939_20161227T020716.png,ok,
1,2420,2016-12-27 10:16:04,2016-12-27 14:20:53,4.08024027770996,306,47.52,94.1769997558594,7200,240,Z:\SPART-WORK\Data\Voyager\voyager1\mag\48s\reviewed_vim\2016\voyager1_48s_mag-vim_20160101_v01.cdf,C:\Users\Administrator\Documents\FWD_matlab\Voyager_fu\Voyager_Interstellar_Monthly\HighestPrecision_Segments\V1_MAG48s_segment_2420_20161227T101604_20161227T142053.png,ok,
1,2421,2016-12-27 17:42:27,2016-12-27 20:00:03,2.29320027777778,171,47.52,145.152,7200,240,Z:\SPART-WORK\Data\Voyager\voyager1\mag\48s\reviewed_vim\2016\voyager1_48s_mag-vim_20160101_v01.cdf,C:\Users\Administrator\Documents\FWD_matlab\Voyager_fu\Voyager_Interstellar_Monthly\HighestPrecision_Segments\V1_MAG48s_segment_2421_20161227T174227_20161227T200003.png,ok,
1,2422,2016-12-28 10:03:17,2016-12-28 13:35:16,3.53304027777778,265,47.52,94.1760002441406,7200,240,Z:\SPART-WORK\Data\Voyager\voyager1\mag\48s\reviewed_vim\2016\voyager1_48s_mag-vim_20160101_v01.cdf,C:\Users\Administrator\Documents\FWD_matlab\Voyager_fu\Voyager_Interstellar_Monthly\HighestPrecision_Segments\V1_MAG48s_segment_2422_20161228T100317_20161228T133516.png,ok,
1,2423,2016-12-28 17:37:40,2016-12-29 00:01:40,6.39984,478,47.52,191.808,7200,240,Z:\SPART-WORK\Data\Voyager\voyager1\mag\48s\reviewed_vim\2016\voyager1_48s_mag-vim_20160101_v01.cdf,C:\Users\Administrator\Documents\FWD_matlab\Voyager_fu\Voyager_Interstellar_Monthly\HighestPrecision_Segments\V1_MAG48s_segment_2423_20161228T173740_20161229T000140.png,ok,
1,2424,2016-12-29 10:03:17,2016-12-29 13:34:28,3.51984,263,47.52,97.631,7200,240,Z:\SPART-WORK\Data\Voyager\voyager1\mag\48s\reviewed_vim\2016\voyager1_48s_mag-vim_20160101_v01.cdf,C:\Users\Administrator\Documents\FWD_matlab\Voyager_fu\Voyager_Interstellar_Monthly\HighestPrecision_Segments\V1_MAG48s_segment_2424_20161229T100317_20161229T133428.png,ok,
1,2425,2016-12-30 03:00:52,2016-12-30 07:19:16,4.30656,150,47.5209997558594,1391.904,7200,240,Z:\SPART-WORK\Data\Voyager\voyager1\mag\48s\reviewed_vim\2016\voyager1_48s_mag-vim_20160101_v01.cdf,C:\Users\Administrator\Documents\FWD_matlab\Voyager_fu\Voyager_Interstellar_Monthly\HighestPrecision_Segments\V1_MAG48s_segment_2425_20161230T030052_20161230T071916.png,ok,
1,2426,2016-12-30 09:56:51,2016-12-30 15:15:14,5.30639972229004,398,47.52,95.04,7200,240,Z:\SPART-WORK\Data\Voyager\voyager1\mag\48s\reviewed_vim\2016\voyager1_48s_mag-vim_20160101_v01.cdf,C:\Users\Administrator\Documents\FWD_matlab\Voyager_fu\Voyager_Interstellar_Monthly\HighestPrecision_Segments\V1_MAG48s_segment_2426_20161230T095651_20161230T151514.png,ok,
1,2427,2016-12-30 17:28:02,2016-12-30 23:59:15,6.52008027777778,489,47.52,97.633,7200,240,Z:\SPART-WORK\Data\Voyager\voyager1\mag\48s\reviewed_vim\2016\voyager1_48s_mag-vim_20160101_v01.cdf,C:\Users\Administrator\Documents\FWD_matlab\Voyager_fu\Voyager_Interstellar_Monthly\HighestPrecision_Segments\V1_MAG48s_segment_2427_20161230T172802_20161230T235915.png,ok,
1,2428,2017-01-01 00:44:52,2017-01-01 03:00:04,2.25336,170,48.383,48.385,7200,240,Z:\SPART-WORK\Data\Voyager\voyager1\mag\48s\reviewed_vim\2017\voyager1_48s_mag-vim_20170101_v01.cdf,C:\Users\Administrator\Documents\FWD_matlab\Voyager_fu\Voyager_Interstellar_Monthly\HighestPrecision_Segments\V1_MAG48s_segment_2428_20170101T004452_20170101T030004.png,ok,
