Spacecraft,Segment,StartUTC,EndUTC,DurationHours,Records,MedianCadenceSeconds,MaximumRecordedGapSeconds,SegmentSplitThresholdSeconds,LineBreakThresholdSeconds,SourceCDFs,FigureFile,Status,Notes
1,1,2017-01-01 09:52:04,2017-01-01 21:15:16,11.3868,853,48.383,143.424,7200,240,Z:\SPART-WORK\Data\Voyager\voyager1\mag\48s\reviewed_vim\2017\voyager1_48s_mag-vim_20170101_v01.cdf,C:\Users\Administrator\Documents\FWD_matlab\Voyager_fu\Voyager_Interstellar_Monthly\HighestPrecision_Segments\V1_MAG48s_segment_0001_20170101T095204_20170101T211516.png,ok,
1,2,2017-01-02 16:43:16,2017-01-02 20:55:16,4.19999972222222,313,48.383,191.808,7200,240,Z:\SPART-WORK\Data\Voyager\voyager1\mag\48s\reviewed_vim\2017\voyager1_48s_mag-vim_20170101_v01.cdf,C:\Users\Administrator\Documents\FWD_matlab\Voyager_fu\Voyager_Interstellar_Monthly\HighestPrecision_Segments\V1_MAG48s_segment_0002_20170102T164316_20170102T205516.png,ok,
1,3,2017-01-03 09:31:16,2017-01-03 13:44:52,4.22664,315,48.383,191.807999755859,7200,240,Z:\SPART-WORK\Data\Voyager\voyager1\mag\48s\reviewed_vim\2017\voyager1_48s_mag-vim_20170101_v01.cdf,C:\Users\Administrator\Documents\FWD_matlab\Voyager_fu\Voyager_Interstellar_Monthly\HighestPrecision_Segments\V1_MAG48s_segment_0003_20170103T093116_20170103T134452.png,ok,
1,4,2017-01-03 18:49:40,2017-01-03 19:47:16,0.96,73,48.383,48.385,7200,240,Z:\SPART-WORK\Data\Voyager\voyager1\mag\48s\reviewed_vim\2017\voyager1_48s_mag-vim_20170101_v01.cdf,C:\Users\Administrator\Documents\FWD_matlab\Voyager_fu\Voyager_Interstellar_Monthly\HighestPrecision_Segments\V1_MAG48s_segment_0004_20170103T184940_20170103T194716.png,ok,
1,5,2017-01-03 22:38:28,2017-01-04 00:56:04,2.29344027770996,165,48.383,336.096,7200,240,Z:\SPART-WORK\Data\Voyager\voyager1\mag\48s\reviewed_vim\2017\voyager1_48s_mag-vim_20170101_v01.cdf,C:\Users\Administrator\Documents\FWD_matlab\Voyager_fu\Voyager_Interstellar_Monthly\HighestPrecision_Segments\V1_MAG48s_segment_0005_20170103T223828_20170104T005604.png,ok,
1,6,2017-01-04 09:26:28,2017-01-04 12:34:28,3.13343999993218,234,48.383,144.288,7200,240,Z:\SPART-WORK\Data\Voyager\voyager1\mag\48s\reviewed_vim\2017\voyager1_48s_mag-vim_20170101_v01.cdf,C:\Users\Administrator\Documents\FWD_matlab\Voyager_fu\Voyager_Interstellar_Monthly\HighestPrecision_Segments\V1_MAG48s_segment_0006_20170104T092628_20170104T123428.png,ok,
1,7,2017-01-04 20:16:03,2017-01-05 00:26:28,4.17335972229004,311,48.383,144.289,7200,240,Z:\SPART-WORK\Data\Voyager\voyager1\mag\48s\reviewed_vim\2017\voyager1_48s_mag-vim_20170101_v01.cdf,C:\Users\Administrator\Documents\FWD_matlab\Voyager_fu\Voyager_Interstellar_Monthly\HighestPrecision_Segments\V1_MAG48s_segment_0007_20170104T201603_20170105T002628.png,ok,
1,8,2017-01-05 09:21:40,2017-01-05 15:39:16,6.29328,334,48.383,6192.288,7200,240,Z:\SPART-WORK\Data\Voyager\voyager1\mag\48s\reviewed_vim\2017\voyager1_48s_mag-vim_20170101_v01.cdf,C:\Users\Administrator\Documents\FWD_matlab\Voyager_fu\Voyager_Interstellar_Monthly\HighestPrecision_Segments\V1_MAG48s_segment_0008_20170105T092140_20170105T153916.png,ok,
1,9,2017-01-05 18:43:16,2017-01-05 21:12:52,2.49336,186,48.3830002441406,143.423,7200,240,Z:\SPART-WORK\Data\Voyager\voyager1\mag\48s\reviewed_vim\2017\voyager1_48s_mag-vim_20170101_v01.cdf,C:\Users\Administrator\Documents\FWD_matlab\Voyager_fu\Voyager_Interstellar_Monthly\HighestPrecision_Segments\V1_MAG48s_segment_0009_20170105T184316_20170105T211252.png,ok,
1,10,2017-01-06 09:15:16,2017-01-06 15:20:04,6.07992,454,48.383,191.807,7200,240,Z:\SPART-WORK\Data\Voyager\voyager1\mag\48s\reviewed_vim\2017\voyager1_48s_mag-vim_20170101_v01.cdf,C:\Users\Administrator\Documents\FWD_matlab\Voyager_fu\Voyager_Interstellar_Monthly\HighestPrecision_Segments\V1_MAG48s_segment_0010_20170106T091516_20170106T152004.png,ok,
1,11,2017-01-07 09:13:39,2017-01-07 13:30:28,4.28015972229004,315,48.383,336.095,7200,240,Z:\SPART-WORK\Data\Voyager\voyager1\mag\48s\reviewed_vim\2017\voyager1_48s_mag-vim_20170101_v01.cdf,C:\Users\Administrator\Documents\FWD_matlab\Voyager_fu\Voyager_Interstellar_Monthly\HighestPrecision_Segments\V1_MAG48s_segment_0011_20170107T091339_20170107T133028.png,ok,
1,12,2017-01-07 19:42:28,2017-01-08 00:12:52,4.50672027777778,338,48.3830002441406,95.904,7200,240,Z:\SPART-WORK\Data\Voyager\voyager1\mag\48s\reviewed_vim\2017\voyager1_48s_mag-vim_20170101_v01.cdf,C:\Users\Administrator\Documents\FWD_matlab\Voyager_fu\Voyager_Interstellar_Monthly\HighestPrecision_Segments\V1_MAG48s_segment_0012_20170107T194228_20170108T001252.png,ok,
1,13,2017-01-08 09:10:28,2017-01-08 14:06:28,4.93344,371,48.3839997558594,48.385,7200,240,Z:\SPART-WORK\Data\Voyager\voyager1\mag\48s\reviewed_vim\2017\voyager1_48s_mag-vim_20170101_v01.cdf,C:\Users\Administrator\Documents\FWD_matlab\Voyager_fu\Voyager_Interstellar_Monthly\HighestPrecision_Segments\V1_MAG48s_segment_0013_20170108T091028_20170108T140628.png,ok,
1,14,2017-01-08 16:51:16,2017-01-08 19:15:16,2.4,156,48.3839997558594,1055.80700024414,7200,240,Z:\SPART-WORK\Data\Voyager\voyager1\mag\48s\reviewed_vim\2017\voyager1_48s_mag-vim_20170101_v01.cdf,C:\Users\Administrator\Documents\FWD_matlab\Voyager_fu\Voyager_Interstellar_Monthly\HighestPrecision_Segments\V1_MAG48s_segment_0014_20170108T165116_20170108T191516.png,ok,
1,15,2017-01-09 18:24:04,2017-01-09 20:35:16,2.18664000006782,165,48.3835,48.385,7200,240,Z:\SPART-WORK\Data\Voyager\voyager1\mag\48s\reviewed_vim\2017\voyager1_48s_mag-vim_20170101_v01.cdf,C:\Users\Administrator\Documents\FWD_matlab\Voyager_fu\Voyager_Interstellar_Monthly\HighestPrecision_Segments\V1_MAG48s_segment_0015_20170109T182404_20170109T203516.png,ok,
1,16,2017-01-10 00:14:28,2017-01-10 04:15:16,4.01328027777778,292,48.3839997558594,240.193,7200,240,Z:\SPART-WORK\Data\Voyager\voyager1\mag\48s\reviewed_vim\2017\voyager1_48s_mag-vim_20170101_v01.cdf,C:\Users\Administrator\Documents\FWD_matlab\Voyager_fu\Voyager_Interstellar_Monthly\HighestPrecision_Segments\V1_MAG48s_segment_0016_20170110T001428_20170110T041516.png,ok,
1,17,2017-01-10 09:08:52,2017-01-10 13:15:16,4.10664027777778,306,48.3839997558594,191.807000244141,7200,240,Z:\SPART-WORK\Data\Voyager\voyager1\mag\48s\reviewed_vim\2017\voyager1_48s_mag-vim_20170101_v01.cdf,C:\Users\Administrator\Documents\FWD_matlab\Voyager_fu\Voyager_Interstellar_Monthly\HighestPrecision_Segments\V1_MAG48s_segment_0017_20170110T090852_20170110T131516.png,ok,
1,18,2017-01-10 18:24:04,2017-01-10 20:24:51,2.01312027777778,151,48.3839997558594,95.905,7200,240,Z:\SPART-WORK\Data\Voyager\voyager1\mag\48s\reviewed_vim\2017\voyager1_48s_mag-vim_20170101_v01.cdf,C:\Users\Administrator\Documents\FWD_matlab\Voyager_fu\Voyager_Interstellar_Monthly\HighestPrecision_Segments\V1_MAG48s_segment_0018_20170110T182404_20170110T202451.png,ok,
1,19,2017-01-11 16:41:39,2017-01-11 23:59:15,7.29335972229004,424,48.3839997558594,5856.191,7200,240,Z:\SPART-WORK\Data\Voyager\voyager1\mag\48s\reviewed_vim\2017\voyager1_48s_mag-vim_20170101_v01.cdf,C:\Users\Administrator\Documents\FWD_matlab\Voyager_fu\Voyager_Interstellar_Monthly\HighestPrecision_Segments\V1_MAG48s_segment_0019_20170111T164139_20170111T235915.png,ok,
1,20,2017-01-12 09:13:39,2017-01-12 13:51:16,4.62672027770996,345,48.3839997558594,192.671,7200,240,Z:\SPART-WORK\Data\Voyager\voyager1\mag\48s\reviewed_vim\2017\voyager1_48s_mag-vim_20170101_v01.cdf,C:\Users\Administrator\Documents\FWD_matlab\Voyager_fu\Voyager_Interstellar_Monthly\HighestPrecision_Segments\V1_MAG48s_segment_0020_20170112T091339_20170112T135116.png,ok,
1,21,2017-01-12 16:36:52,2017-01-12 19:35:16,2.97336,221,48.3839997558594,191.808999755859,7200,240,Z:\SPART-WORK\Data\Voyager\voyager1\mag\48s\reviewed_vim\2017\voyager1_48s_mag-vim_20170101_v01.cdf,C:\Users\Administrator\Documents\FWD_matlab\Voyager_fu\Voyager_Interstellar_Monthly\HighestPrecision_Segments\V1_MAG48s_segment_0021_20170112T163652_20170112T193516.png,ok,
1,22,2017-01-13 09:08:52,2017-01-13 14:36:51,5.46648027777778,408,48.3839997558594,191.807000244141,7200,240,Z:\SPART-WORK\Data\Voyager\voyager1\mag\48s\reviewed_vim\2017\voyager1_48s_mag-vim_20170101_v01.cdf,C:\Users\Administrator\Documents\FWD_matlab\Voyager_fu\Voyager_Interstellar_Monthly\HighestPrecision_Segments\V1_MAG48s_segment_0022_20170113T090852_20170113T143651.png,ok,
1,23,2017-01-13 18:12:51,2017-01-13 23:05:40,4.88016027777778,366,48.3839997558594,96.768,7200,240,Z:\SPART-WORK\Data\Voyager\voyager1\mag\48s\reviewed_vim\2017\voyager1_48s_mag-vim_20170101_v01.cdf,C:\Users\Administrator\Documents\FWD_matlab\Voyager_fu\Voyager_Interstellar_Monthly\HighestPrecision_Segments\V1_MAG48s_segment_0023_20170113T181251_20170113T230540.png,ok,
1,24,2017-01-14 08:59:15,2017-01-15 00:04:52,15.09336,982,48.3839997558594,6767.712,7200,240,Z:\SPART-WORK\Data\Voyager\voyager1\mag\48s\reviewed_vim\2017\voyager1_48s_mag-vim_20170101_v01.cdf,C:\Users\Administrator\Documents\FWD_matlab\Voyager_fu\Voyager_Interstellar_Monthly\HighestPrecision_Segments\V1_MAG48s_segment_0024_20170114T085915_20170115T000452.png,ok,
1,25,2017-01-15 08:59:15,2017-01-15 13:12:03,4.2132,293,48.3839997558594,1055.80700024414,7200,240,Z:\SPART-WORK\Data\Voyager\voyager1\mag\48s\reviewed_vim\2017\voyager1_48s_mag-vim_20170101_v01.cdf,C:\Users\Administrator\Documents\FWD_matlab\Voyager_fu\Voyager_Interstellar_Monthly\HighestPrecision_Segments\V1_MAG48s_segment_0025_20170115T085915_20170115T131203.png,ok,
1,26,2017-01-15 17:56:51,2017-01-15 20:39:15,2.70671972222222,201,48.3839997558594,191.809,7200,240,Z:\SPART-WORK\Data\Voyager\voyager1\mag\48s\reviewed_vim\2017\voyager1_48s_mag-vim_20170101_v01.cdf,C:\Users\Administrator\Documents\FWD_matlab\Voyager_fu\Voyager_Interstellar_Monthly\HighestPrecision_Segments\V1_MAG48s_segment_0026_20170115T175651_20170115T203915.png,ok,
1,27,2017-01-16 18:00:03,2017-01-16 22:00:51,4.01327999993218,301,48.3839997558594,95.9039997558594,7200,240,Z:\SPART-WORK\Data\Voyager\voyager1\mag\48s\reviewed_vim\2017\voyager1_48s_mag-vim_20170101_v01.cdf,C:\Users\Administrator\Documents\FWD_matlab\Voyager_fu\Voyager_Interstellar_Monthly\HighestPrecision_Segments\V1_MAG48s_segment_0027_20170116T180003_20170116T220051.png,ok,
1,28,2017-01-17 08:40:04,2017-01-17 11:29:40,2.82672,212,48.3839997558594,95.903,7200,240,Z:\SPART-WORK\Data\Voyager\voyager1\mag\48s\reviewed_vim\2017\voyager1_48s_mag-vim_20170101_v01.cdf,C:\Users\Administrator\Documents\FWD_matlab\Voyager_fu\Voyager_Interstellar_Monthly\HighestPrecision_Segments\V1_MAG48s_segment_0028_20170117T084004_20170117T112940.png,ok,
1,29,2017-01-17 16:19:16,2017-01-17 20:39:15,4.3332,326,48.3839997558594,48.385,7200,240,Z:\SPART-WORK\Data\Voyager\voyager1\mag\48s\reviewed_vim\2017\voyager1_48s_mag-vim_20170101_v01.cdf,C:\Users\Administrator\Documents\FWD_matlab\Voyager_fu\Voyager_Interstellar_Monthly\HighestPrecision_Segments\V1_MAG48s_segment_0029_20170117T161916_20170117T203915.png,ok,
1,30,2017-01-18 08:41:40,2017-01-18 12:44:03,4.03992,304,48.3839997558594,48.385,7200,240,Z:\SPART-WORK\Data\Voyager\voyager1\mag\48s\reviewed_vim\2017\voyager1_48s_mag-vim_20170101_v01.cdf,C:\Users\Administrator\Documents\FWD_matlab\Voyager_fu\Voyager_Interstellar_Monthly\HighestPrecision_Segments\V1_MAG48s_segment_0030_20170118T084140_20170118T124403.png,ok,
1,31,2017-01-18 17:58:27,2017-01-18 19:34:27,1.60007972222222,95,48.384,527.904,7200,240,Z:\SPART-WORK\Data\Voyager\voyager1\mag\48s\reviewed_vim\2017\voyager1_48s_mag-vim_20170101_v01.cdf,C:\Users\Administrator\Documents\FWD_matlab\Voyager_fu\Voyager_Interstellar_Monthly\HighestPrecision_Segments\V1_MAG48s_segment_0031_20170118T175827_20170118T193427.png,ok,
1,32,2017-01-19 08:36:51,2017-01-19 12:46:28,4.16016,303,48.3839997558594,240.192999755859,7200,240,Z:\SPART-WORK\Data\Voyager\voyager1\mag\48s\reviewed_vim\2017\voyager1_48s_mag-vim_20170101_v01.cdf,C:\Users\Administrator\Documents\FWD_matlab\Voyager_fu\Voyager_Interstellar_Monthly\HighestPrecision_Segments\V1_MAG48s_segment_0032_20170119T083651_20170119T124628.png,ok,
1,33,2017-01-19 16:12:51,2017-01-19 20:39:15,4.44000027777778,332,48.3839997558594,143.425,7200,240,Z:\SPART-WORK\Data\Voyager\voyager1\mag\48s\reviewed_vim\2017\voyager1_48s_mag-vim_20170101_v01.cdf,C:\Users\Administrator\Documents\FWD_matlab\Voyager_fu\Voyager_Interstellar_Monthly\HighestPrecision_Segments\V1_MAG48s_segment_0033_20170119T161251_20170119T203915.png,ok,
1,34,2017-01-20 08:46:27,2017-01-20 21:59:16,13.21344,988,48.3839997558594,191.807,7200,240,Z:\SPART-WORK\Data\Voyager\voyager1\mag\48s\reviewed_vim\2017\voyager1_48s_mag-vim_20170101_v01.cdf,C:\Users\Administrator\Documents\FWD_matlab\Voyager_fu\Voyager_Interstellar_Monthly\HighestPrecision_Segments\V1_MAG48s_segment_0034_20170120T084627_20170120T215916.png,ok,
1,35,2017-01-21 08:32:03,2017-01-21 13:40:03,5.13336000006782,376,48.3839997558594,432.864999755859,7200,240,Z:\SPART-WORK\Data\Voyager\voyager1\mag\48s\reviewed_vim\2017\voyager1_48s_mag-vim_20170101_v01.cdf,C:\Users\Administrator\Documents\FWD_matlab\Voyager_fu\Voyager_Interstellar_Monthly\HighestPrecision_Segments\V1_MAG48s_segment_0035_20170121T083203_20170121T134003.png,ok,
1,36,2017-01-21 16:00:03,2017-01-21 21:39:16,5.65344027777778,340,48.3839997558594,1680.48,7200,240,Z:\SPART-WORK\Data\Voyager\voyager1\mag\48s\reviewed_vim\2017\voyager1_48s_mag-vim_20170101_v01.cdf,C:\Users\Administrator\Documents\FWD_matlab\Voyager_fu\Voyager_Interstellar_Monthly\HighestPrecision_Segments\V1_MAG48s_segment_0036_20170121T160003_20170121T213916.png,ok,
1,37,2017-01-22 08:14:28,2017-01-22 12:30:28,4.26671999993218,318,48.3839997558594,191.808,7200,240,Z:\SPART-WORK\Data\Voyager\voyager1\mag\48s\reviewed_vim\2017\voyager1_48s_mag-vim_20170101_v01.cdf,C:\Users\Administrator\Documents\FWD_matlab\Voyager_fu\Voyager_Interstellar_Monthly\HighestPrecision_Segments\V1_MAG48s_segment_0037_20170122T081428_20170122T123028.png,ok,
1,38,2017-01-22 15:58:27,2017-01-22 17:19:15,1.34664,101,48.3839997558594,95.903,7200,240,Z:\SPART-WORK\Data\Voyager\voyager1\mag\48s\reviewed_vim\2017\voyager1_48s_mag-vim_20170101_v01.cdf,C:\Users\Administrator\Documents\FWD_matlab\Voyager_fu\Voyager_Interstellar_Monthly\HighestPrecision_Segments\V1_MAG48s_segment_0038_20170122T155827_20170122T171915.png,ok,
1,39,2017-01-23 16:28:51,2017-01-23 19:24:51,2.93328,221,48.3839997558594,48.385,7200,240,Z:\SPART-WORK\Data\Voyager\voyager1\mag\48s\reviewed_vim\2017\voyager1_48s_mag-vim_20170101_v01.cdf,C:\Users\Administrator\Documents\FWD_matlab\Voyager_fu\Voyager_Interstellar_Monthly\HighestPrecision_Segments\V1_MAG48s_segment_0039_20170123T162851_20170123T192451.png,ok,
1,40,2017-01-23 22:51:16,2017-01-24 01:00:03,2.14656,161,48.3839997558594,95.9040002441406,7200,240,Z:\SPART-WORK\Data\Voyager\voyager1\mag\48s\reviewed_vim\2017\voyager1_48s_mag-vim_20170101_v01.cdf,C:\Users\Administrator\Documents\FWD_matlab\Voyager_fu\Voyager_Interstellar_Monthly\HighestPrecision_Segments\V1_MAG48s_segment_0040_20170123T225116_20170124T010003.png,ok,
1,41,2017-01-24 08:08:03,2017-01-24 13:00:52,4.88015972222222,364,48.3839997558594,192.671999755859,7200,240,Z:\SPART-WORK\Data\Voyager\voyager1\mag\48s\reviewed_vim\2017\voyager1_48s_mag-vim_20170101_v01.cdf,C:\Users\Administrator\Documents\FWD_matlab\Voyager_fu\Voyager_Interstellar_Monthly\HighestPrecision_Segments\V1_MAG48s_segment_0041_20170124T080803_20170124T130052.png,ok,
1,42,2017-01-24 17:31:15,2017-01-24 19:35:15,2.06664027770996,155,48.3839997558594,96.7679997558594,7200,240,Z:\SPART-WORK\Data\Voyager\voyager1\mag\48s\reviewed_vim\2017\voyager1_48s_mag-vim_20170101_v01.cdf,C:\Users\Administrator\Documents\FWD_matlab\Voyager_fu\Voyager_Interstellar_Monthly\HighestPrecision_Segments\V1_MAG48s_segment_0042_20170124T173115_20170124T193515.png,ok,
1,43,2017-01-25 08:04:51,2017-01-25 13:15:16,5.17344,386,48.3839997558594,191.807000244141,7200,240,Z:\SPART-WORK\Data\Voyager\voyager1\mag\48s\reviewed_vim\2017\voyager1_48s_mag-vim_20170101_v01.cdf,C:\Users\Administrator\Documents\FWD_matlab\Voyager_fu\Voyager_Interstellar_Monthly\HighestPrecision_Segments\V1_MAG48s_segment_0043_20170125T080451_20170125T131516.png,ok,
1,44,2017-01-25 15:44:03,2017-01-25 21:56:03,6.19992027777778,459,48.3839997558594,192.672,7200,240,Z:\SPART-WORK\Data\Voyager\voyager1\mag\48s\reviewed_vim\2017\voyager1_48s_mag-vim_20170101_v01.cdf,C:\Users\Administrator\Documents\FWD_matlab\Voyager_fu\Voyager_Interstellar_Monthly\HighestPrecision_Segments\V1_MAG48s_segment_0044_20170125T154403_20170125T215603.png,ok,
1,45,2017-01-26 02:36:51,2017-01-26 05:36:51,3,224,48.3839997558594,143.423,7200,240,Z:\SPART-WORK\Data\Voyager\voyager1\mag\48s\reviewed_vim\2017\voyager1_48s_mag-vim_20170101_v01.cdf,C:\Users\Administrator\Documents\FWD_matlab\Voyager_fu\Voyager_Interstellar_Monthly\HighestPrecision_Segments\V1_MAG48s_segment_0045_20170126T023651_20170126T053651.png,ok,
1,46,2017-01-26 15:40:52,2017-01-26 21:17:40,5.61336027770996,421,48.3839997558594,95.904,7200,240,Z:\SPART-WORK\Data\Voyager\voyager1\mag\48s\reviewed_vim\2017\voyager1_48s_mag-vim_20170101_v01.cdf,C:\Users\Administrator\Documents\FWD_matlab\Voyager_fu\Voyager_Interstellar_Monthly\HighestPrecision_Segments\V1_MAG48s_segment_0046_20170126T154052_20170126T211740.png,ok,
1,47,2017-01-27 08:04:51,2017-01-27 22:04:03,13.98671972229,1047,48.3839997558594,144.288,7200,240,Z:\SPART-WORK\Data\Voyager\voyager1\mag\48s\reviewed_vim\2017\voyager1_48s_mag-vim_20170101_v01.cdf,C:\Users\Administrator\Documents\FWD_matlab\Voyager_fu\Voyager_Interstellar_Monthly\HighestPrecision_Segments\V1_MAG48s_segment_0047_20170127T080451_20170127T220403.png,ok,
1,48,2017-01-28 08:28:52,2017-01-28 13:00:51,4.53311972222222,322,48.3839997558594,768.095,7200,240,Z:\SPART-WORK\Data\Voyager\voyager1\mag\48s\reviewed_vim\2017\voyager1_48s_mag-vim_20170101_v01.cdf,C:\Users\Administrator\Documents\FWD_matlab\Voyager_fu\Voyager_Interstellar_Monthly\HighestPrecision_Segments\V1_MAG48s_segment_0048_20170128T082852_20170128T130051.png,ok,
1,49,2017-01-28 15:34:27,2017-01-28 20:25:39,4.85328,363,48.3839997558594,143.424,7200,240,Z:\SPART-WORK\Data\Voyager\voyager1\mag\48s\reviewed_vim\2017\voyager1_48s_mag-vim_20170101_v01.cdf,C:\Users\Administrator\Documents\FWD_matlab\Voyager_fu\Voyager_Interstellar_Monthly\HighestPrecision_Segments\V1_MAG48s_segment_0049_20170128T153427_20170128T202539.png,ok,
1,50,2017-01-29 07:47:15,2017-01-29 12:35:15,4.8,359,48.3839997558594,144.287,7200,240,Z:\SPART-WORK\Data\Voyager\voyager1\mag\48s\reviewed_vim\2017\voyager1_48s_mag-vim_20170101_v01.cdf,C:\Users\Administrator\Documents\FWD_matlab\Voyager_fu\Voyager_Interstellar_Monthly\HighestPrecision_Segments\V1_MAG48s_segment_0050_20170129T074715_20170129T123515.png,ok,
1,51,2017-01-29 16:56:03,2017-01-29 20:35:15,3.65328,274,48.3839997558594,95.904,7200,240,Z:\SPART-WORK\Data\Voyager\voyager1\mag\48s\reviewed_vim\2017\voyager1_48s_mag-vim_20170101_v01.cdf,C:\Users\Administrator\Documents\FWD_matlab\Voyager_fu\Voyager_Interstellar_Monthly\HighestPrecision_Segments\V1_MAG48s_segment_0051_20170129T165603_20170129T203515.png,ok,
1,52,2017-01-30 09:45:39,2017-01-30 11:14:28,1.48007972229004,110,48.3839997558594,144.288,7200,240,Z:\SPART-WORK\Data\Voyager\voyager1\mag\48s\reviewed_vim\2017\voyager1_48s_mag-vim_20170101_v01.cdf,C:\Users\Administrator\Documents\FWD_matlab\Voyager_fu\Voyager_Interstellar_Monthly\HighestPrecision_Segments\V1_MAG48s_segment_0052_20170130T094539_20170130T111428.png,ok,
1,53,2017-01-30 17:44:03,2017-01-30 21:46:27,4.03992027777778,301,48.3839997558594,191.808,7200,240,Z:\SPART-WORK\Data\Voyager\voyager1\mag\48s\reviewed_vim\2017\voyager1_48s_mag-vim_20170101_v01.cdf,C:\Users\Administrator\Documents\FWD_matlab\Voyager_fu\Voyager_Interstellar_Monthly\HighestPrecision_Segments\V1_MAG48s_segment_0053_20170130T174403_20170130T214627.png,ok,
1,54,2017-01-31 09:40:52,2017-01-31 11:34:27,1.89312027770996,142,48.3839997558594,95.904,7200,240,Z:\SPART-WORK\Data\Voyager\voyager1\mag\48s\reviewed_vim\2017\voyager1_48s_mag-vim_20170101_v01.cdf,C:\Users\Administrator\Documents\FWD_matlab\Voyager_fu\Voyager_Interstellar_Monthly\HighestPrecision_Segments\V1_MAG48s_segment_0054_20170131T094052_20170131T113427.png,ok,
1,55,2017-01-31 16:59:15,2017-01-31 18:11:15,1.19999972222222,88,48.3839997558594,191.808,7200,240,Z:\SPART-WORK\Data\Voyager\voyager1\mag\48s\reviewed_vim\2017\voyager1_48s_mag-vim_20170101_v01.cdf,C:\Users\Administrator\Documents\FWD_matlab\Voyager_fu\Voyager_Interstellar_Monthly\HighestPrecision_Segments\V1_MAG48s_segment_0055_20170131T165915_20170131T181115.png,ok,
1,56,2017-01-31 21:02:27,2017-01-31 21:07:15,0.0799202777777778,7,47.952,48.385,7200,240,Z:\SPART-WORK\Data\Voyager\voyager1\mag\48s\reviewed_vim\2017\voyager1_48s_mag-vim_20170101_v01.cdf,C:\Users\Administrator\Documents\FWD_matlab\Voyager_fu\Voyager_Interstellar_Monthly\HighestPrecision_Segments\V1_MAG48s_segment_0056_20170131T210227_20170131T210715.png,ok,
1,57,2017-02-02 17:32:51,2017-02-02 21:23:15,3.84000027777778,282,48.3839997558594,336.096999755859,7200,240,Z:\SPART-WORK\Data\Voyager\voyager1\mag\48s\reviewed_vim\2017\voyager1_48s_mag-vim_20170101_v01.cdf,C:\Users\Administrator\Documents\FWD_matlab\Voyager_fu\Voyager_Interstellar_Monthly\HighestPrecision_Segments\V1_MAG48s_segment_0057_20170202T173251_20170202T212315.png,ok,
1,58,2017-02-03 16:24:03,2017-02-03 20:30:27,4.10664027777778,304,48.384,191.807999755859,7200,240,Z:\SPART-WORK\Data\Voyager\voyager1\mag\48s\reviewed_vim\2017\voyager1_48s_mag-vim_20170101_v01.cdf,C:\Users\Administrator\Documents\FWD_matlab\Voyager_fu\Voyager_Interstellar_Monthly\HighestPrecision_Segments\V1_MAG48s_segment_0058_20170203T162403_20170203T203027.png,ok,
1,59,2017-02-04 10:12:50,2017-02-04 14:30:27,4.29336027770996,306,48.384,335.232,7200,240,Z:\SPART-WORK\Data\Voyager\voyager1\mag\48s\reviewed_vim\2017\voyager1_48s_mag-vim_20170101_v01.cdf,C:\Users\Administrator\Documents\FWD_matlab\Voyager_fu\Voyager_Interstellar_Monthly\HighestPrecision_Segments\V1_MAG48s_segment_0059_20170204T101250_20170204T143027.png,ok,
1,60,2017-02-04 16:48:03,2017-02-04 21:30:27,4.70663972222222,354,48.3839997558594,48.385,7200,240,Z:\SPART-WORK\Data\Voyager\voyager1\mag\48s\reviewed_vim\2017\voyager1_48s_mag-vim_20170101_v01.cdf,C:\Users\Administrator\Documents\FWD_matlab\Voyager_fu\Voyager_Interstellar_Monthly\HighestPrecision_Segments\V1_MAG48s_segment_0060_20170204T164803_20170204T213027.png,ok,
1,61,2017-02-05 09:24:02,2017-02-05 11:20:03,1.93343972222222,146,48.3839997558594,48.385,7200,240,Z:\SPART-WORK\Data\Voyager\voyager1\mag\48s\reviewed_vim\2017\voyager1_48s_mag-vim_20170101_v01.cdf,C:\Users\Administrator\Documents\FWD_matlab\Voyager_fu\Voyager_Interstellar_Monthly\HighestPrecision_Segments\V1_MAG48s_segment_0061_20170205T092402_20170205T112003.png,ok,
1,62,2017-02-05 15:04:03,2017-02-05 19:04:51,4.01328027777778,301,48.3839997558594,95.904,7200,240,Z:\SPART-WORK\Data\Voyager\voyager1\mag\48s\reviewed_vim\2017\voyager1_48s_mag-vim_20170101_v01.cdf,C:\Users\Administrator\Documents\FWD_matlab\Voyager_fu\Voyager_Interstellar_Monthly\HighestPrecision_Segments\V1_MAG48s_segment_0062_20170205T150403_20170205T190451.png,ok,
1,63,2017-02-06 09:16:51,2017-02-06 11:20:03,2.05319972222222,155,48.3839998779297,48.385,7200,240,Z:\SPART-WORK\Data\Voyager\voyager1\mag\48s\reviewed_vim\2017\voyager1_48s_mag-vim_20170101_v01.cdf,C:\Users\Administrator\Documents\FWD_matlab\Voyager_fu\Voyager_Interstellar_Monthly\HighestPrecision_Segments\V1_MAG48s_segment_0063_20170206T091651_20170206T112003.png,ok,
1,64,2017-02-06 16:40:03,2017-02-06 21:52:03,5.20008,390,48.3839997558594,95.905,7200,240,Z:\SPART-WORK\Data\Voyager\voyager1\mag\48s\reviewed_vim\2017\voyager1_48s_mag-vim_20170101_v01.cdf,C:\Users\Administrator\Documents\FWD_matlab\Voyager_fu\Voyager_Interstellar_Monthly\HighestPrecision_Segments\V1_MAG48s_segment_0064_20170206T164003_20170206T215203.png,ok,
1,65,2017-02-07 16:41:38,2017-02-07 22:35:15,5.89344,385,48.3839997558594,2783.808,7200,240,Z:\SPART-WORK\Data\Voyager\voyager1\mag\48s\reviewed_vim\2017\voyager1_48s_mag-vim_20170101_v01.cdf,C:\Users\Administrator\Documents\FWD_matlab\Voyager_fu\Voyager_Interstellar_Monthly\HighestPrecision_Segments\V1_MAG48s_segment_0065_20170207T164138_20170207T223515.png,ok,
1,66,2017-02-08 09:12:03,2017-02-08 10:22:27,1.17336,88,48.3839997558594,95.905,7200,240,Z:\SPART-WORK\Data\Voyager\voyager1\mag\48s\reviewed_vim\2017\voyager1_48s_mag-vim_20170101_v01.cdf,C:\Users\Administrator\Documents\FWD_matlab\Voyager_fu\Voyager_Interstellar_Monthly\HighestPrecision_Segments\V1_MAG48s_segment_0066_20170208T091203_20170208T102227.png,ok,
1,67,2017-02-08 14:52:51,2017-02-08 16:46:27,1.89335972222222,141,48.3839997558594,144.287,7200,240,Z:\SPART-WORK\Data\Voyager\voyager1\mag\48s\reviewed_vim\2017\voyager1_48s_mag-vim_20170101_v01.cdf,C:\Users\Administrator\Documents\FWD_matlab\Voyager_fu\Voyager_Interstellar_Monthly\HighestPrecision_Segments\V1_MAG48s_segment_0067_20170208T145251_20170208T164627.png,ok,
1,68,2017-02-08 23:08:51,2017-02-09 01:31:15,2.37335972222222,179,48.3839997558594,48.385,7200,240,Z:\SPART-WORK\Data\Voyager\voyager1\mag\48s\reviewed_vim\2017\voyager1_48s_mag-vim_20170101_v01.cdf,C:\Users\Administrator\Documents\FWD_matlab\Voyager_fu\Voyager_Interstellar_Monthly\HighestPrecision_Segments\V1_MAG48s_segment_0068_20170208T230851_20170209T013115.png,ok,
1,69,2017-02-09 07:07:15,2017-02-09 10:40:51,3.55992000006782,186,48.3839997558594,3839.617,7200,240,Z:\SPART-WORK\Data\Voyager\voyager1\mag\48s\reviewed_vim\2017\voyager1_48s_mag-vim_20170101_v01.cdf,C:\Users\Administrator\Documents\FWD_matlab\Voyager_fu\Voyager_Interstellar_Monthly\HighestPrecision_Segments\V1_MAG48s_segment_0069_20170209T070715_20170209T104051.png,ok,
1,70,2017-02-09 16:28:51,2017-02-09 21:27:15,4.97328,374,48.384,48.385,7200,240,Z:\SPART-WORK\Data\Voyager\voyager1\mag\48s\reviewed_vim\2017\voyager1_48s_mag-vim_20170101_v01.cdf,C:\Users\Administrator\Documents\FWD_matlab\Voyager_fu\Voyager_Interstellar_Monthly\HighestPrecision_Segments\V1_MAG48s_segment_0070_20170209T162851_20170209T212715.png,ok,
1,71,2017-02-10 03:13:39,2017-02-10 03:23:15,0.16008,2,576.288,576.288,7200,240,Z:\SPART-WORK\Data\Voyager\voyager1\mag\48s\reviewed_vim\2017\voyager1_48s_mag-vim_20170101_v01.cdf,C:\Users\Administrator\Documents\FWD_matlab\Voyager_fu\Voyager_Interstellar_Monthly\HighestPrecision_Segments\V1_MAG48s_segment_0071_20170210T031339_20170210T032315.png,ok,
1,72,2017-02-10 07:00:51,2017-02-10 09:55:15,2.90664027777778,143,48.384,2783.809,7200,240,Z:\SPART-WORK\Data\Voyager\voyager1\mag\48s\reviewed_vim\2017\voyager1_48s_mag-vim_20170101_v01.cdf,C:\Users\Administrator\Documents\FWD_matlab\Voyager_fu\Voyager_Interstellar_Monthly\HighestPrecision_Segments\V1_MAG48s_segment_0072_20170210T070051_20170210T095515.png,ok,
1,73,2017-02-10 14:41:39,2017-02-10 21:01:39,6.33336027777778,473,48.3839997558594,191.807000244141,7200,240,Z:\SPART-WORK\Data\Voyager\voyager1\mag\48s\reviewed_vim\2017\voyager1_48s_mag-vim_20170101_v01.cdf,C:\Users\Administrator\Documents\FWD_matlab\Voyager_fu\Voyager_Interstellar_Monthly\HighestPrecision_Segments\V1_MAG48s_segment_0073_20170210T144139_20170210T210139.png,ok,
1,74,2017-02-11 06:52:51,2017-02-11 21:09:39,14.28,1007,48.384,672.191,7200,240,Z:\SPART-WORK\Data\Voyager\voyager1\mag\48s\reviewed_vim\2017\voyager1_48s_mag-vim_20170101_v01.cdf,C:\Users\Administrator\Documents\FWD_matlab\Voyager_fu\Voyager_Interstellar_Monthly\HighestPrecision_Segments\V1_MAG48s_segment_0074_20170211T065251_20170211T210939.png,ok,
1,75,2017-02-12 06:51:14,2017-02-12 09:52:51,3.02687999993218,184,48.384,1200.09699975586,7200,240,Z:\SPART-WORK\Data\Voyager\voyager1\mag\48s\reviewed_vim\2017\voyager1_48s_mag-vim_20170101_v01.cdf,C:\Users\Administrator\Documents\FWD_matlab\Voyager_fu\Voyager_Interstellar_Monthly\HighestPrecision_Segments\V1_MAG48s_segment_0075_20170212T065114_20170212T095251.png,ok,
1,76,2017-02-12 16:14:26,2017-02-12 20:36:03,4.36008027777778,325,48.3839998779297,192.671000244141,7200,240,Z:\SPART-WORK\Data\Voyager\voyager1\mag\48s\reviewed_vim\2017\voyager1_48s_mag-vim_20170101_v01.cdf,C:\Users\Administrator\Documents\FWD_matlab\Voyager_fu\Voyager_Interstellar_Monthly\HighestPrecision_Segments\V1_MAG48s_segment_0076_20170212T161426_20170212T203603.png,ok,
1,77,2017-02-13 08:57:39,2017-02-13 12:34:27,3.61344,267,48.384,191.808,7200,240,Z:\SPART-WORK\Data\Voyager\voyager1\mag\48s\reviewed_vim\2017\voyager1_48s_mag-vim_20170101_v01.cdf,C:\Users\Administrator\Documents\FWD_matlab\Voyager_fu\Voyager_Interstellar_Monthly\HighestPrecision_Segments\V1_MAG48s_segment_0077_20170213T085739_20170213T123427.png,ok,
1,78,2017-02-13 18:27:14,2017-02-13 22:30:27,4.0536,303,48.3839998779297,144.287,7200,240,Z:\SPART-WORK\Data\Voyager\voyager1\mag\48s\reviewed_vim\2017\voyager1_48s_mag-vim_20170101_v01.cdf,C:\Users\Administrator\Documents\FWD_matlab\Voyager_fu\Voyager_Interstellar_Monthly\HighestPrecision_Segments\V1_MAG48s_segment_0078_20170213T182714_20170213T223027.png,ok,
1,79,2017-02-14 06:56:03,2017-02-14 12:37:39,5.69328,428,48.3839997558594,48.385,7200,240,Z:\SPART-WORK\Data\Voyager\voyager1\mag\48s\reviewed_vim\2017\voyager1_48s_mag-vim_20170101_v01.cdf,C:\Users\Administrator\Documents\FWD_matlab\Voyager_fu\Voyager_Interstellar_Monthly\HighestPrecision_Segments\V1_MAG48s_segment_0079_20170214T065603_20170214T123739.png,ok,
1,80,2017-02-14 16:09:39,2017-02-14 20:36:03,4.44000027777778,332,48.384,143.424000244141,7200,240,Z:\SPART-WORK\Data\Voyager\voyager1\mag\48s\reviewed_vim\2017\voyager1_48s_mag-vim_20170101_v01.cdf,C:\Users\Administrator\Documents\FWD_matlab\Voyager_fu\Voyager_Interstellar_Monthly\HighestPrecision_Segments\V1_MAG48s_segment_0080_20170214T160939_20170214T203603.png,ok,
1,81,2017-02-15 06:52:51,2017-02-15 12:36:03,5.71992000006782,430,48.3839997558594,48.385,7200,240,Z:\SPART-WORK\Data\Voyager\voyager1\mag\48s\reviewed_vim\2017\voyager1_48s_mag-vim_20170101_v01.cdf,C:\Users\Administrator\Documents\FWD_matlab\Voyager_fu\Voyager_Interstellar_Monthly\HighestPrecision_Segments\V1_MAG48s_segment_0081_20170215T065251_20170215T123603.png,ok,
1,82,2017-02-15 16:09:39,2017-02-15 20:33:38,4.39992,331,48.3839997558594,48.385,7200,240,Z:\SPART-WORK\Data\Voyager\voyager1\mag\48s\reviewed_vim\2017\voyager1_48s_mag-vim_20170101_v01.cdf,C:\Users\Administrator\Documents\FWD_matlab\Voyager_fu\Voyager_Interstellar_Monthly\HighestPrecision_Segments\V1_MAG48s_segment_0082_20170215T160939_20170215T203338.png,ok,
1,83,2017-02-16 06:54:27,2017-02-16 10:49:39,3.91991972222222,283,48.3839998779297,383.616,7200,240,Z:\SPART-WORK\Data\Voyager\voyager1\mag\48s\reviewed_vim\2017\voyager1_48s_mag-vim_20170101_v01.cdf,C:\Users\Administrator\Documents\FWD_matlab\Voyager_fu\Voyager_Interstellar_Monthly\HighestPrecision_Segments\V1_MAG48s_segment_0083_20170216T065427_20170216T104939.png,ok,
1,84,2017-02-16 16:00:02,2017-02-16 20:51:15,4.85352,365,48.3839998779297,48.385,7200,240,Z:\SPART-WORK\Data\Voyager\voyager1\mag\48s\reviewed_vim\2017\voyager1_48s_mag-vim_20170101_v01.cdf,C:\Users\Administrator\Documents\FWD_matlab\Voyager_fu\Voyager_Interstellar_Monthly\HighestPrecision_Segments\V1_MAG48s_segment_0084_20170216T160002_20170216T205115.png,ok,
1,85,2017-02-17 06:51:14,2017-02-17 09:31:14,2.66664027770996,200,48.384,95.9049997558594,7200,240,Z:\SPART-WORK\Data\Voyager\voyager1\mag\48s\reviewed_vim\2017\voyager1_48s_mag-vim_20170101_v01.cdf,C:\Users\Administrator\Documents\FWD_matlab\Voyager_fu\Voyager_Interstellar_Monthly\HighestPrecision_Segments\V1_MAG48s_segment_0085_20170217T065114_20170217T093114.png,ok,
1,86,2017-02-17 15:55:15,2017-02-17 20:55:14,4.99991972222222,373,48.3839998779297,191.808,7200,240,Z:\SPART-WORK\Data\Voyager\voyager1\mag\48s\reviewed_vim\2017\voyager1_48s_mag-vim_20170101_v01.cdf,C:\Users\Administrator\Documents\FWD_matlab\Voyager_fu\Voyager_Interstellar_Monthly\HighestPrecision_Segments\V1_MAG48s_segment_0086_20170217T155515_20170217T205514.png,ok,
1,87,2017-02-18 06:51:14,2017-02-18 11:51:14,4.99992027770996,371,48.3839998779297,240.192,7200,240,Z:\SPART-WORK\Data\Voyager\voyager1\mag\48s\reviewed_vim\2017\voyager1_48s_mag-vim_20170101_v01.cdf,C:\Users\Administrator\Documents\FWD_matlab\Voyager_fu\Voyager_Interstellar_Monthly\HighestPrecision_Segments\V1_MAG48s_segment_0087_20170218T065114_20170218T115114.png,ok,
1,88,2017-02-18 15:48:50,2017-02-18 21:50:26,6.02663972222222,450,48.3839997558594,192.673,7200,240,Z:\SPART-WORK\Data\Voyager\voyager1\mag\48s\reviewed_vim\2017\voyager1_48s_mag-vim_20170101_v01.cdf,C:\Users\Administrator\Documents\FWD_matlab\Voyager_fu\Voyager_Interstellar_Monthly\HighestPrecision_Segments\V1_MAG48s_segment_0088_20170218T154850_20170218T215026.png,ok,
1,89,2017-02-19 06:44:51,2017-02-19 09:21:39,2.61336000006782,194,48.3839997558594,191.808,7200,240,Z:\SPART-WORK\Data\Voyager\voyager1\mag\48s\reviewed_vim\2017\voyager1_48s_mag-vim_20170101_v01.cdf,C:\Users\Administrator\Documents\FWD_matlab\Voyager_fu\Voyager_Interstellar_Monthly\HighestPrecision_Segments\V1_MAG48s_segment_0089_20170219T064451_20170219T092139.png,ok,
1,90,2017-02-19 15:55:15,2017-02-19 19:57:38,4.03991972222222,301,48.3839997558594,191.808,7200,240,Z:\SPART-WORK\Data\Voyager\voyager1\mag\48s\reviewed_vim\2017\voyager1_48s_mag-vim_20170101_v01.cdf,C:\Users\Administrator\Documents\FWD_matlab\Voyager_fu\Voyager_Interstellar_Monthly\HighestPrecision_Segments\V1_MAG48s_segment_0090_20170219T155515_20170219T195738.png,ok,
1,91,2017-02-20 08:20:50,2017-02-20 13:35:15,5.24016,393,48.3839997558594,95.903,7200,240,Z:\SPART-WORK\Data\Voyager\voyager1\mag\48s\reviewed_vim\2017\voyager1_48s_mag-vim_20170101_v01.cdf,C:\Users\Administrator\Documents\FWD_matlab\Voyager_fu\Voyager_Interstellar_Monthly\HighestPrecision_Segments\V1_MAG48s_segment_0091_20170220T082050_20170220T133515.png,ok,
1,92,2017-02-21 06:28:50,2017-02-21 11:20:03,4.85352,316,48.384,2303.424,7200,240,Z:\SPART-WORK\Data\Voyager\voyager1\mag\48s\reviewed_vim\2017\voyager1_48s_mag-vim_20170101_v01.cdf,C:\Users\Administrator\Documents\FWD_matlab\Voyager_fu\Voyager_Interstellar_Monthly\HighestPrecision_Segments\V1_MAG48s_segment_0092_20170221T062850_20170221T112003.png,ok,
1,93,2017-02-21 14:08:02,2017-02-21 18:35:15,4.45343972222222,335,48.3839997558594,48.385,7200,240,Z:\SPART-WORK\Data\Voyager\voyager1\mag\48s\reviewed_vim\2017\voyager1_48s_mag-vim_20170101_v01.cdf,C:\Users\Administrator\Documents\FWD_matlab\Voyager_fu\Voyager_Interstellar_Monthly\HighestPrecision_Segments\V1_MAG48s_segment_0093_20170221T140802_20170221T183515.png,ok,
1,94,2017-02-22 06:22:26,2017-02-22 10:40:03,4.29335972222222,322,48.3839997558594,95.904,7200,240,Z:\SPART-WORK\Data\Voyager\voyager1\mag\48s\reviewed_vim\2017\voyager1_48s_mag-vim_20170101_v01.cdf,C:\Users\Administrator\Documents\FWD_matlab\Voyager_fu\Voyager_Interstellar_Monthly\HighestPrecision_Segments\V1_MAG48s_segment_0094_20170222T062226_20170222T104003.png,ok,
1,95,2017-02-22 16:08:03,2017-02-22 18:12:50,2.07984,154,48.3839997558594,191.808000244141,7200,240,Z:\SPART-WORK\Data\Voyager\voyager1\mag\48s\reviewed_vim\2017\voyager1_48s_mag-vim_20170101_v01.cdf,C:\Users\Administrator\Documents\FWD_matlab\Voyager_fu\Voyager_Interstellar_Monthly\HighestPrecision_Segments\V1_MAG48s_segment_0095_20170222T160803_20170222T181250.png,ok,
1,96,2017-02-23 08:06:26,2017-02-23 12:05:39,3.98688,300,48.3839997558594,48.385,7200,240,Z:\SPART-WORK\Data\Voyager\voyager1\mag\48s\reviewed_vim\2017\voyager1_48s_mag-vim_20170101_v01.cdf,C:\Users\Administrator\Documents\FWD_matlab\Voyager_fu\Voyager_Interstellar_Monthly\HighestPrecision_Segments\V1_MAG48s_segment_0096_20170223T080626_20170223T120539.png,ok,
1,97,2017-02-23 15:28:03,2017-02-23 18:20:51,2.87999972222222,217,48.3839997558594,48.385,7200,240,Z:\SPART-WORK\Data\Voyager\voyager1\mag\48s\reviewed_vim\2017\voyager1_48s_mag-vim_20170101_v01.cdf,C:\Users\Administrator\Documents\FWD_matlab\Voyager_fu\Voyager_Interstellar_Monthly\HighestPrecision_Segments\V1_MAG48s_segment_0097_20170223T152803_20170223T182051.png,ok,
1,98,2017-02-24 06:08:02,2017-02-24 09:05:38,2.95992027770996,221,48.3839997558594,143.424,7200,240,Z:\SPART-WORK\Data\Voyager\voyager1\mag\48s\reviewed_vim\2017\voyager1_48s_mag-vim_20170101_v01.cdf,C:\Users\Administrator\Documents\FWD_matlab\Voyager_fu\Voyager_Interstellar_Monthly\HighestPrecision_Segments\V1_MAG48s_segment_0098_20170224T060802_20170224T090538.png,ok,
1,99,2017-02-24 15:28:03,2017-02-25 01:06:27,9.64007972222222,683,48.3839997558594,1968.191,7200,240,Z:\SPART-WORK\Data\Voyager\voyager1\mag\48s\reviewed_vim\2017\voyager1_48s_mag-vim_20170101_v01.cdf,C:\Users\Administrator\Documents\FWD_matlab\Voyager_fu\Voyager_Interstellar_Monthly\HighestPrecision_Segments\V1_MAG48s_segment_0099_20170224T152803_20170225T010627.png,ok,
1,100,2017-02-25 06:01:38,2017-02-25 09:01:38,3,226,48.3839997558594,48.385,7200,240,Z:\SPART-WORK\Data\Voyager\voyager1\mag\48s\reviewed_vim\2017\voyager1_48s_mag-vim_20170101_v01.cdf,C:\Users\Administrator\Documents\FWD_matlab\Voyager_fu\Voyager_Interstellar_Monthly\HighestPrecision_Segments\V1_MAG48s_segment_0100_20170225T060138_20170225T090138.png,ok,
1,101,2017-02-25 15:24:51,2017-02-25 20:36:03,5.18664,390,48.3839997558594,48.385,7200,240,Z:\SPART-WORK\Data\Voyager\voyager1\mag\48s\reviewed_vim\2017\voyager1_48s_mag-vim_20170101_v01.cdf,C:\Users\Administrator\Documents\FWD_matlab\Voyager_fu\Voyager_Interstellar_Monthly\HighestPrecision_Segments\V1_MAG48s_segment_0101_20170225T152451_20170225T203603.png,ok,
1,102,2017-02-26 08:12:50,2017-02-26 12:36:02,4.38672027770996,327,48.3839997558594,144.287,7200,240,Z:\SPART-WORK\Data\Voyager\voyager1\mag\48s\reviewed_vim\2017\voyager1_48s_mag-vim_20170101_v01.cdf,C:\Users\Administrator\Documents\FWD_matlab\Voyager_fu\Voyager_Interstellar_Monthly\HighestPrecision_Segments\V1_MAG48s_segment_0102_20170226T081250_20170226T123602.png,ok,
1,103,2017-02-26 15:18:26,2017-02-26 19:27:14,4.14671972229004,312,48.3839997558594,48.385,7200,240,Z:\SPART-WORK\Data\Voyager\voyager1\mag\48s\reviewed_vim\2017\voyager1_48s_mag-vim_20170101_v01.cdf,C:\Users\Administrator\Documents\FWD_matlab\Voyager_fu\Voyager_Interstellar_Monthly\HighestPrecision_Segments\V1_MAG48s_segment_0103_20170226T151826_20170226T192714.png,ok,
1,104,2017-02-27 06:01:38,2017-02-27 08:50:27,2.81351999993218,210,48.3839997558594,144.288,7200,240,Z:\SPART-WORK\Data\Voyager\voyager1\mag\48s\reviewed_vim\2017\voyager1_48s_mag-vim_20170101_v01.cdf,C:\Users\Administrator\Documents\FWD_matlab\Voyager_fu\Voyager_Interstellar_Monthly\HighestPrecision_Segments\V1_MAG48s_segment_0104_20170227T060138_20170227T085027.png,ok,
1,105,2017-02-27 15:08:51,2017-02-27 21:36:50,6.46656027777778,483,48.3839997558594,191.807,7200,240,Z:\SPART-WORK\Data\Voyager\voyager1\mag\48s\reviewed_vim\2017\voyager1_48s_mag-vim_20170101_v01.cdf,C:\Users\Administrator\Documents\FWD_matlab\Voyager_fu\Voyager_Interstellar_Monthly\HighestPrecision_Segments\V1_MAG48s_segment_0105_20170227T150851_20170227T213650.png,ok,
1,106,2017-02-28 05:45:38,2017-02-28 12:44:50,6.98664027777778,505,48.3839997558594,335.233,7200,240,Z:\SPART-WORK\Data\Voyager\voyager1\mag\48s\reviewed_vim\2017\voyager1_48s_mag-vim_20170101_v01.cdf,C:\Users\Administrator\Documents\FWD_matlab\Voyager_fu\Voyager_Interstellar_Monthly\HighestPrecision_Segments\V1_MAG48s_segment_0106_20170228T054538_20170228T124450.png,ok,
1,107,2017-02-28 15:15:14,2017-02-28 16:41:38,1.44,103,48.384,240.191999755859,7200,240,Z:\SPART-WORK\Data\Voyager\voyager1\mag\48s\reviewed_vim\2017\voyager1_48s_mag-vim_20170101_v01.cdf,C:\Users\Administrator\Documents\FWD_matlab\Voyager_fu\Voyager_Interstellar_Monthly\HighestPrecision_Segments\V1_MAG48s_segment_0107_20170228T151514_20170228T164138.png,ok,
1,108,2017-02-28 19:26:26,2017-02-28 20:04:02,0.626640277777778,48,48.3839997558594,48.3840002441406,7200,240,Z:\SPART-WORK\Data\Voyager\voyager1\mag\48s\reviewed_vim\2017\voyager1_48s_mag-vim_20170101_v01.cdf,C:\Users\Administrator\Documents\FWD_matlab\Voyager_fu\Voyager_Interstellar_Monthly\HighestPrecision_Segments\V1_MAG48s_segment_0108_20170228T192626_20170228T200402.png,ok,
1,109,2017-03-01 15:16:50,2017-03-02 08:46:26,17.4933600000678,1186,48.3839997558594,3983.904,7200,240,Z:\SPART-WORK\Data\Voyager\voyager1\mag\48s\reviewed_vim\2017\voyager1_48s_mag-vim_20170101_v01.cdf,C:\Users\Administrator\Documents\FWD_matlab\Voyager_fu\Voyager_Interstellar_Monthly\HighestPrecision_Segments\V1_MAG48s_segment_0109_20170301T151650_20170302T084626.png,ok,
1,110,2017-03-02 15:04:02,2017-03-02 20:20:50,5.28000027777778,394,48.3839997558594,192.671,7200,240,Z:\SPART-WORK\Data\Voyager\voyager1\mag\48s\reviewed_vim\2017\voyager1_48s_mag-vim_20170101_v01.cdf,C:\Users\Administrator\Documents\FWD_matlab\Voyager_fu\Voyager_Interstellar_Monthly\HighestPrecision_Segments\V1_MAG48s_segment_0110_20170302T150402_20170302T202050.png,ok,
1,111,2017-03-03 07:34:26,2017-03-03 09:51:14,2.27999972229004,170,48.3839997558594,144.288999755859,7200,240,Z:\SPART-WORK\Data\Voyager\voyager1\mag\48s\reviewed_vim\2017\voyager1_48s_mag-vim_20170101_v01.cdf,C:\Users\Administrator\Documents\FWD_matlab\Voyager_fu\Voyager_Interstellar_Monthly\HighestPrecision_Segments\V1_MAG48s_segment_0111_20170303T073426_20170303T095114.png,ok,
1,112,2017-03-03 15:00:50,2017-03-03 20:35:14,5.57328,416,48.3839997558594,191.809,7200,240,Z:\SPART-WORK\Data\Voyager\voyager1\mag\48s\reviewed_vim\2017\voyager1_48s_mag-vim_20170101_v01.cdf,C:\Users\Administrator\Documents\FWD_matlab\Voyager_fu\Voyager_Interstellar_Monthly\HighestPrecision_Segments\V1_MAG48s_segment_0112_20170303T150050_20170303T203514.png,ok,
1,113,2017-03-04 05:47:14,2017-03-04 12:06:26,6.31991972222222,467,48.3839997558594,287.711,7200,240,Z:\SPART-WORK\Data\Voyager\voyager1\mag\48s\reviewed_vim\2017\voyager1_48s_mag-vim_20170101_v01.cdf,C:\Users\Administrator\Documents\FWD_matlab\Voyager_fu\Voyager_Interstellar_Monthly\HighestPrecision_Segments\V1_MAG48s_segment_0113_20170304T054714_20170304T120626.png,ok,
1,114,2017-03-04 14:51:14,2017-03-04 17:45:38,2.90663972222222,216,48.3839997558594,191.809,7200,240,Z:\SPART-WORK\Data\Voyager\voyager1\mag\48s\reviewed_vim\2017\voyager1_48s_mag-vim_20170101_v01.cdf,C:\Users\Administrator\Documents\FWD_matlab\Voyager_fu\Voyager_Interstellar_Monthly\HighestPrecision_Segments\V1_MAG48s_segment_0114_20170304T145114_20170304T174538.png,ok,
1,115,2017-03-05 05:37:38,2017-03-05 08:26:26,2.81351972222222,211,48.383,96.768,7200,240,Z:\SPART-WORK\Data\Voyager\voyager1\mag\48s\reviewed_vim\2017\voyager1_48s_mag-vim_20170101_v01.cdf,C:\Users\Administrator\Documents\FWD_matlab\Voyager_fu\Voyager_Interstellar_Monthly\HighestPrecision_Segments\V1_MAG48s_segment_0115_20170305T053738_20170305T082626.png,ok,
1,116,2017-03-05 14:54:26,2017-03-05 18:56:50,4.03991999993218,303,48.383,95.904,7200,240,Z:\SPART-WORK\Data\Voyager\voyager1\mag\48s\reviewed_vim\2017\voyager1_48s_mag-vim_20170101_v01.cdf,C:\Users\Administrator\Documents\FWD_matlab\Voyager_fu\Voyager_Interstellar_Monthly\HighestPrecision_Segments\V1_MAG48s_segment_0116_20170305T145426_20170305T185650.png,ok,
1,117,2017-03-06 07:31:14,2017-03-06 12:36:50,5.09328,381,48.383,143.424,7200,240,Z:\SPART-WORK\Data\Voyager\voyager1\mag\48s\reviewed_vim\2017\voyager1_48s_mag-vim_20170101_v01.cdf,C:\Users\Administrator\Documents\FWD_matlab\Voyager_fu\Voyager_Interstellar_Monthly\HighestPrecision_Segments\V1_MAG48s_segment_0117_20170306T073114_20170306T123650.png,ok,
1,118,2017-03-06 14:56:02,2017-03-06 16:36:50,1.68000027770996,127,48.383,48.385,7200,240,Z:\SPART-WORK\Data\Voyager\voyager1\mag\48s\reviewed_vim\2017\voyager1_48s_mag-vim_20170101_v01.cdf,C:\Users\Administrator\Documents\FWD_matlab\Voyager_fu\Voyager_Interstellar_Monthly\HighestPrecision_Segments\V1_MAG48s_segment_0118_20170306T145602_20170306T163650.png,ok,
1,119,2017-03-07 10:41:38,2017-03-07 23:25:38,12.73320027771,887,48.383,3312.577,7200,240,Z:\SPART-WORK\Data\Voyager\voyager1\mag\48s\reviewed_vim\2017\voyager1_48s_mag-vim_20170101_v01.cdf,C:\Users\Administrator\Documents\FWD_matlab\Voyager_fu\Voyager_Interstellar_Monthly\HighestPrecision_Segments\V1_MAG48s_segment_0119_20170307T104138_20170307T232538.png,ok,
1,120,2017-03-08 05:39:14,2017-03-08 09:16:50,3.62664,273,48.383,48.385,7200,240,Z:\SPART-WORK\Data\Voyager\voyager1\mag\48s\reviewed_vim\2017\voyager1_48s_mag-vim_20170101_v01.cdf,C:\Users\Administrator\Documents\FWD_matlab\Voyager_fu\Voyager_Interstellar_Monthly\HighestPrecision_Segments\V1_MAG48s_segment_0120_20170308T053914_20170308T091650.png,ok,
1,121,2017-03-08 14:38:26,2017-03-08 20:08:02,5.49336027777778,410,48.383,192.672,7200,240,Z:\SPART-WORK\Data\Voyager\voyager1\mag\48s\reviewed_vim\2017\voyager1_48s_mag-vim_20170101_v01.cdf,C:\Users\Administrator\Documents\FWD_matlab\Voyager_fu\Voyager_Interstellar_Monthly\HighestPrecision_Segments\V1_MAG48s_segment_0121_20170308T143826_20170308T200802.png,ok,
1,122,2017-03-09 06:16:02,2017-03-09 20:02:26,13.77336027771,887,48.383,7056.288,7200,240,Z:\SPART-WORK\Data\Voyager\voyager1\mag\48s\reviewed_vim\2017\voyager1_48s_mag-vim_20170101_v01.cdf,C:\Users\Administrator\Documents\FWD_matlab\Voyager_fu\Voyager_Interstellar_Monthly\HighestPrecision_Segments\V1_MAG48s_segment_0122_20170309T061602_20170309T200226.png,ok,
1,123,2017-03-10 07:12:02,2017-03-10 11:47:14,4.58664,345,48.383,48.385,7200,240,Z:\SPART-WORK\Data\Voyager\voyager1\mag\48s\reviewed_vim\2017\voyager1_48s_mag-vim_20170101_v01.cdf,C:\Users\Administrator\Documents\FWD_matlab\Voyager_fu\Voyager_Interstellar_Monthly\HighestPrecision_Segments\V1_MAG48s_segment_0123_20170310T071202_20170310T114714.png,ok,
1,124,2017-03-10 14:32:02,2017-03-10 22:05:38,7.56024,567,48.383,96.768,7200,240,Z:\SPART-WORK\Data\Voyager\voyager1\mag\48s\reviewed_vim\2017\voyager1_48s_mag-vim_20170101_v01.cdf,C:\Users\Administrator\Documents\FWD_matlab\Voyager_fu\Voyager_Interstellar_Monthly\HighestPrecision_Segments\V1_MAG48s_segment_0124_20170310T143202_20170310T220538.png,ok,
1,125,2017-03-11 05:13:37,2017-03-11 11:16:02,6.04008027770996,444,48.383,240.192,7200,240,Z:\SPART-WORK\Data\Voyager\voyager1\mag\48s\reviewed_vim\2017\voyager1_48s_mag-vim_20170101_v01.cdf,C:\Users\Administrator\Documents\FWD_matlab\Voyager_fu\Voyager_Interstellar_Monthly\HighestPrecision_Segments\V1_MAG48s_segment_0125_20170311T051337_20170311T111602.png,ok,
1,126,2017-03-11 14:27:14,2017-03-11 20:25:38,5.97336027770996,449,48.383,48.385,7200,240,Z:\SPART-WORK\Data\Voyager\voyager1\mag\48s\reviewed_vim\2017\voyager1_48s_mag-vim_20170101_v01.cdf,C:\Users\Administrator\Documents\FWD_matlab\Voyager_fu\Voyager_Interstellar_Monthly\HighestPrecision_Segments\V1_MAG48s_segment_0126_20170311T142714_20170311T202538.png,ok,
1,127,2017-03-12 05:08:50,2017-03-12 21:08:50,16.00008,1068,48.383,4224.096,7200,240,Z:\SPART-WORK\Data\Voyager\voyager1\mag\48s\reviewed_vim\2017\voyager1_48s_mag-vim_20170101_v01.cdf,C:\Users\Administrator\Documents\FWD_matlab\Voyager_fu\Voyager_Interstellar_Monthly\HighestPrecision_Segments\V1_MAG48s_segment_0127_20170312T050850_20170312T210850.png,ok,
1,128,2017-03-13 06:57:37,2017-03-13 10:56:02,3.97344,298,48.383,96.7680002441406,7200,240,Z:\SPART-WORK\Data\Voyager\voyager1\mag\48s\reviewed_vim\2017\voyager1_48s_mag-vim_20170101_v01.cdf,C:\Users\Administrator\Documents\FWD_matlab\Voyager_fu\Voyager_Interstellar_Monthly\HighestPrecision_Segments\V1_MAG48s_segment_0128_20170313T065737_20170313T105602.png,ok,
1,129,2017-03-14 05:02:26,2017-03-14 12:01:38,6.98664,524,48.383,95.904,7200,240,Z:\SPART-WORK\Data\Voyager\voyager1\mag\48s\reviewed_vim\2017\voyager1_48s_mag-vim_20170101_v01.cdf,C:\Users\Administrator\Documents\FWD_matlab\Voyager_fu\Voyager_Interstellar_Monthly\HighestPrecision_Segments\V1_MAG48s_segment_0129_20170314T050226_20170314T120138.png,ok,
1,130,2017-03-14 17:28:02,2017-03-14 19:51:14,2.38656,179,48.383,95.039,7200,240,Z:\SPART-WORK\Data\Voyager\voyager1\mag\48s\reviewed_vim\2017\voyager1_48s_mag-vim_20170101_v01.cdf,C:\Users\Administrator\Documents\FWD_matlab\Voyager_fu\Voyager_Interstellar_Monthly\HighestPrecision_Segments\V1_MAG48s_segment_0130_20170314T172802_20170314T195114.png,ok,
1,131,2017-03-15 05:08:50,2017-03-15 10:06:25,4.95984,347,48.383,912.383,7200,240,Z:\SPART-WORK\Data\Voyager\voyager1\mag\48s\reviewed_vim\2017\voyager1_48s_mag-vim_20170101_v01.cdf,C:\Users\Administrator\Documents\FWD_matlab\Voyager_fu\Voyager_Interstellar_Monthly\HighestPrecision_Segments\V1_MAG48s_segment_0131_20170315T050850_20170315T100625.png,ok,
1,132,2017-03-15 12:30:26,2017-03-15 20:00:02,7.49327972222222,562,48.383,95.9030002441406,7200,240,Z:\SPART-WORK\Data\Voyager\voyager1\mag\48s\reviewed_vim\2017\voyager1_48s_mag-vim_20170101_v01.cdf,C:\Users\Administrator\Documents\FWD_matlab\Voyager_fu\Voyager_Interstellar_Monthly\HighestPrecision_Segments\V1_MAG48s_segment_0132_20170315T123026_20170315T200002.png,ok,
1,133,2017-03-16 06:49:38,2017-03-16 22:37:37,15.7999202777778,1078,48.383,5087.231,7200,240,Z:\SPART-WORK\Data\Voyager\voyager1\mag\48s\reviewed_vim\2017\voyager1_48s_mag-vim_20170101_v01.cdf,C:\Users\Administrator\Documents\FWD_matlab\Voyager_fu\Voyager_Interstellar_Monthly\HighestPrecision_Segments\V1_MAG48s_segment_0133_20170316T064938_20170316T223737.png,ok,
1,134,2017-03-17 04:41:38,2017-03-17 19:30:26,14.8135197222222,987,48.383,5951.23299975586,7200,240,Z:\SPART-WORK\Data\Voyager\voyager1\mag\48s\reviewed_vim\2017\voyager1_48s_mag-vim_20170101_v01.cdf,C:\Users\Administrator\Documents\FWD_matlab\Voyager_fu\Voyager_Interstellar_Monthly\HighestPrecision_Segments\V1_MAG48s_segment_0134_20170317T044138_20170317T193026.png,ok,
1,135,2017-03-18 06:40:01,2017-03-18 20:01:38,13.3600799999322,879,48.383,4128.191,7200,240,Z:\SPART-WORK\Data\Voyager\voyager1\mag\48s\reviewed_vim\2017\voyager1_48s_mag-vim_20170101_v01.cdf,C:\Users\Administrator\Documents\FWD_matlab\Voyager_fu\Voyager_Interstellar_Monthly\HighestPrecision_Segments\V1_MAG48s_segment_0135_20170318T064001_20170318T200138.png,ok,
1,136,2017-03-19 07:12:02,2017-03-19 11:51:13,4.65311972222222,350,48.383,48.385,7200,240,Z:\SPART-WORK\Data\Voyager\voyager1\mag\48s\reviewed_vim\2017\voyager1_48s_mag-vim_20170101_v01.cdf,C:\Users\Administrator\Documents\FWD_matlab\Voyager_fu\Voyager_Interstellar_Monthly\HighestPrecision_Segments\V1_MAG48s_segment_0136_20170319T071202_20170319T115113.png,ok,
1,137,2017-03-19 14:00:02,2017-03-19 23:40:02,9.66672027777778,723,48.383,191.809,7200,240,Z:\SPART-WORK\Data\Voyager\voyager1\mag\48s\reviewed_vim\2017\voyager1_48s_mag-vim_20170101_v01.cdf,C:\Users\Administrator\Documents\FWD_matlab\Voyager_fu\Voyager_Interstellar_Monthly\HighestPrecision_Segments\V1_MAG48s_segment_0137_20170319T140002_20170319T234002.png,ok,
1,138,2017-03-20 06:36:50,2017-03-20 09:16:50,2.66688,198,48.383,143.424,7200,240,Z:\SPART-WORK\Data\Voyager\voyager1\mag\48s\reviewed_vim\2017\voyager1_48s_mag-vim_20170101_v01.cdf,C:\Users\Administrator\Documents\FWD_matlab\Voyager_fu\Voyager_Interstellar_Monthly\HighestPrecision_Segments\V1_MAG48s_segment_0138_20170320T063650_20170320T091650.png,ok,
1,139,2017-03-20 13:56:50,2017-03-20 19:37:37,5.67984,426,48.383,95.039,7200,240,Z:\SPART-WORK\Data\Voyager\voyager1\mag\48s\reviewed_vim\2017\voyager1_48s_mag-vim_20170101_v01.cdf,C:\Users\Administrator\Documents\FWD_matlab\Voyager_fu\Voyager_Interstellar_Monthly\HighestPrecision_Segments\V1_MAG48s_segment_0139_20170320T135650_20170320T193737.png,ok,
1,140,2017-03-21 08:38:25,2017-03-21 21:06:26,12.4667997222222,777,48.383,5088.095,7200,240,Z:\SPART-WORK\Data\Voyager\voyager1\mag\48s\reviewed_vim\2017\voyager1_48s_mag-vim_20170101_v01.cdf,C:\Users\Administrator\Documents\FWD_matlab\Voyager_fu\Voyager_Interstellar_Monthly\HighestPrecision_Segments\V1_MAG48s_segment_0140_20170321T083825_20170321T210626.png,ok,
1,141,2017-03-22 04:43:14,2017-03-22 19:44:49,15.02664,1124,48.383,192.671,7200,240,Z:\SPART-WORK\Data\Voyager\voyager1\mag\48s\reviewed_vim\2017\voyager1_48s_mag-vim_20170101_v01.cdf,C:\Users\Administrator\Documents\FWD_matlab\Voyager_fu\Voyager_Interstellar_Monthly\HighestPrecision_Segments\V1_MAG48s_segment_0141_20170322T044314_20170322T194449.png,ok,
1,142,2017-03-23 04:30:26,2017-03-23 08:37:38,4.11984027777778,306,48.383,191.807,7200,240,Z:\SPART-WORK\Data\Voyager\voyager1\mag\48s\reviewed_vim\2017\voyager1_48s_mag-vim_20170101_v01.cdf,C:\Users\Administrator\Documents\FWD_matlab\Voyager_fu\Voyager_Interstellar_Monthly\HighestPrecision_Segments\V1_MAG48s_segment_0142_20170323T043026_20170323T083738.png,ok,
1,143,2017-03-23 13:42:26,2017-03-23 19:37:37,5.91984027770996,443,48.383,144.287,7200,240,Z:\SPART-WORK\Data\Voyager\voyager1\mag\48s\reviewed_vim\2017\voyager1_48s_mag-vim_20170101_v01.cdf,C:\Users\Administrator\Documents\FWD_matlab\Voyager_fu\Voyager_Interstellar_Monthly\HighestPrecision_Segments\V1_MAG48s_segment_0143_20170323T134226_20170323T193737.png,ok,
1,144,2017-03-24 06:11:13,2017-03-24 19:08:50,12.9602397222222,970,48.383,145.152999755859,7200,240,Z:\SPART-WORK\Data\Voyager\voyager1\mag\48s\reviewed_vim\2017\voyager1_48s_mag-vim_20170101_v01.cdf,C:\Users\Administrator\Documents\FWD_matlab\Voyager_fu\Voyager_Interstellar_Monthly\HighestPrecision_Segments\V1_MAG48s_segment_0144_20170324T061113_20170324T190850.png,ok,
1,145,2017-03-25 12:00:01,2017-03-25 23:16:49,11.28,847,48.383,48.385,7200,240,Z:\SPART-WORK\Data\Voyager\voyager1\mag\48s\reviewed_vim\2017\voyager1_48s_mag-vim_20170101_v01.cdf,C:\Users\Administrator\Documents\FWD_matlab\Voyager_fu\Voyager_Interstellar_Monthly\HighestPrecision_Segments\V1_MAG48s_segment_0145_20170325T120001_20170325T231649.png,ok,
1,146,2017-03-26 04:27:14,2017-03-26 05:13:37,0.773279722290039,54,48.383,239.329,7200,240,Z:\SPART-WORK\Data\Voyager\voyager1\mag\48s\reviewed_vim\2017\voyager1_48s_mag-vim_20170101_v01.cdf,C:\Users\Administrator\Documents\FWD_matlab\Voyager_fu\Voyager_Interstellar_Monthly\HighestPrecision_Segments\V1_MAG48s_segment_0146_20170326T042714_20170326T051337.png,ok,
1,147,2017-03-26 07:58:25,2017-03-26 10:38:26,2.66688,201,48.383,48.385,7200,240,Z:\SPART-WORK\Data\Voyager\voyager1\mag\48s\reviewed_vim\2017\voyager1_48s_mag-vim_20170101_v01.cdf,C:\Users\Administrator\Documents\FWD_matlab\Voyager_fu\Voyager_Interstellar_Monthly\HighestPrecision_Segments\V1_MAG48s_segment_0147_20170326T075825_20170326T103826.png,ok,
1,148,2017-03-26 13:29:38,2017-03-26 18:36:01,5.10647972222222,384,48.383,48.385,7200,240,Z:\SPART-WORK\Data\Voyager\voyager1\mag\48s\reviewed_vim\2017\voyager1_48s_mag-vim_20170101_v01.cdf,C:\Users\Administrator\Documents\FWD_matlab\Voyager_fu\Voyager_Interstellar_Monthly\HighestPrecision_Segments\V1_MAG48s_segment_0148_20170326T132938_20170326T183601.png,ok,
1,149,2017-03-27 13:24:49,2017-03-27 19:07:14,5.70672,426,48.383,192.673,7200,240,Z:\SPART-WORK\Data\Voyager\voyager1\mag\48s\reviewed_vim\2017\voyager1_48s_mag-vim_20170101_v01.cdf,C:\Users\Administrator\Documents\FWD_matlab\Voyager_fu\Voyager_Interstellar_Monthly\HighestPrecision_Segments\V1_MAG48s_segment_0149_20170327T132449_20170327T190714.png,ok,
1,150,2017-03-28 05:55:14,2017-03-28 15:05:37,9.17328,550,48.383,6528.384,7200,240,Z:\SPART-WORK\Data\Voyager\voyager1\mag\48s\reviewed_vim\2017\voyager1_48s_mag-vim_20170101_v01.cdf,C:\Users\Administrator\Documents\FWD_matlab\Voyager_fu\Voyager_Interstellar_Monthly\HighestPrecision_Segments\V1_MAG48s_segment_0150_20170328T055514_20170328T150537.png,ok,
1,151,2017-03-29 05:56:49,2017-03-29 16:44:49,10.80000027771,675,48.383,6431.615,7200,240,Z:\SPART-WORK\Data\Voyager\voyager1\mag\48s\reviewed_vim\2017\voyager1_48s_mag-vim_20170101_v01.cdf,C:\Users\Administrator\Documents\FWD_matlab\Voyager_fu\Voyager_Interstellar_Monthly\HighestPrecision_Segments\V1_MAG48s_segment_0151_20170329T055649_20170329T164449.png,ok,
1,152,2017-03-30 05:53:37,2017-03-30 17:52:02,11.9736,774,48.383,5856.192,7200,240,Z:\SPART-WORK\Data\Voyager\voyager1\mag\48s\reviewed_vim\2017\voyager1_48s_mag-vim_20170101_v01.cdf,C:\Users\Administrator\Documents\FWD_matlab\Voyager_fu\Voyager_Interstellar_Monthly\HighestPrecision_Segments\V1_MAG48s_segment_0152_20170330T055337_20170330T175202.png,ok,
1,153,2017-03-31 06:59:13,2017-03-31 19:32:01,12.5467202777778,907,48.383,1488.67299975586,7200,240,Z:\SPART-WORK\Data\Voyager\voyager1\mag\48s\reviewed_vim\2017\voyager1_48s_mag-vim_20170101_v01.cdf,C:\Users\Administrator\Documents\FWD_matlab\Voyager_fu\Voyager_Interstellar_Monthly\HighestPrecision_Segments\V1_MAG48s_segment_0153_20170331T065913_20170331T193201.png,ok,
1,154,2017-04-01 03:58:26,2017-04-01 06:43:13,2.74655972222222,206,48.383,95.904,7200,240,Z:\SPART-WORK\Data\Voyager\voyager1\mag\48s\reviewed_vim\2017\voyager1_48s_mag-vim_20170101_v01.cdf,C:\Users\Administrator\Documents\FWD_matlab\Voyager_fu\Voyager_Interstellar_Monthly\HighestPrecision_Segments\V1_MAG48s_segment_0154_20170401T035826_20170401T064313.png,ok,
1,155,2017-04-01 13:10:25,2017-04-01 15:52:01,2.69328,203,48.383,48.385,7200,240,Z:\SPART-WORK\Data\Voyager\voyager1\mag\48s\reviewed_vim\2017\voyager1_48s_mag-vim_20170101_v01.cdf,C:\Users\Administrator\Documents\FWD_matlab\Voyager_fu\Voyager_Interstellar_Monthly\HighestPrecision_Segments\V1_MAG48s_segment_0155_20170401T131025_20170401T155201.png,ok,
1,156,2017-04-01 21:31:14,2017-04-02 02:01:38,4.50671972222222,336,48.383,191.807,7200,240,Z:\SPART-WORK\Data\Voyager\voyager1\mag\48s\reviewed_vim\2017\voyager1_48s_mag-vim_20170101_v01.cdf,C:\Users\Administrator\Documents\FWD_matlab\Voyager_fu\Voyager_Interstellar_Monthly\HighestPrecision_Segments\V1_MAG48s_segment_0156_20170401T213114_20170402T020138.png,ok,
1,157,2017-04-02 05:42:25,2017-04-02 07:36:50,1.90680027770996,142,48.383,143.424,7200,240,Z:\SPART-WORK\Data\Voyager\voyager1\mag\48s\reviewed_vim\2017\voyager1_48s_mag-vim_20170101_v01.cdf,C:\Users\Administrator\Documents\FWD_matlab\Voyager_fu\Voyager_Interstellar_Monthly\HighestPrecision_Segments\V1_MAG48s_segment_0157_20170402T054225_20170402T073650.png,ok,
1,158,2017-04-02 13:05:38,2017-04-02 17:07:14,4.02671972222222,300,48.383,191.809,7200,240,Z:\SPART-WORK\Data\Voyager\voyager1\mag\48s\reviewed_vim\2017\voyager1_48s_mag-vim_20170101_v01.cdf,C:\Users\Administrator\Documents\FWD_matlab\Voyager_fu\Voyager_Interstellar_Monthly\HighestPrecision_Segments\V1_MAG48s_segment_0158_20170402T130538_20170402T170714.png,ok,
1,159,2017-04-03 03:44:02,2017-04-03 17:23:13,13.65311972229,909,48.383,5424.192,7200,240,Z:\SPART-WORK\Data\Voyager\voyager1\mag\48s\reviewed_vim\2017\voyager1_48s_mag-vim_20170101_v01.cdf,C:\Users\Administrator\Documents\FWD_matlab\Voyager_fu\Voyager_Interstellar_Monthly\HighestPrecision_Segments\V1_MAG48s_segment_0159_20170403T034402_20170403T172313.png,ok,
1,160,2017-04-04 05:36:01,2017-04-04 11:36:49,6.01343972222222,452,48.383,48.385,7200,240,Z:\SPART-WORK\Data\Voyager\voyager1\mag\48s\reviewed_vim\2017\voyager1_48s_mag-vim_20170101_v01.cdf,C:\Users\Administrator\Documents\FWD_matlab\Voyager_fu\Voyager_Interstellar_Monthly\HighestPrecision_Segments\V1_MAG48s_segment_0160_20170404T053601_20170404T113649.png,ok,
1,161,2017-04-04 21:47:13,2017-04-05 01:42:25,3.91991999993218,215,48.383,3839.615,7200,240,Z:\SPART-WORK\Data\Voyager\voyager1\mag\48s\reviewed_vim\2017\voyager1_48s_mag-vim_20170101_v01.cdf,C:\Users\Administrator\Documents\FWD_matlab\Voyager_fu\Voyager_Interstellar_Monthly\HighestPrecision_Segments\V1_MAG48s_segment_0161_20170404T214713_20170405T014225.png,ok,
1,162,2017-04-05 05:31:13,2017-04-05 07:08:01,1.61328027777778,119,48.383,191.809,7200,240,Z:\SPART-WORK\Data\Voyager\voyager1\mag\48s\reviewed_vim\2017\voyager1_48s_mag-vim_20170101_v01.cdf,C:\Users\Administrator\Documents\FWD_matlab\Voyager_fu\Voyager_Interstellar_Monthly\HighestPrecision_Segments\V1_MAG48s_segment_0162_20170405T053113_20170405T070801.png,ok,
1,163,2017-04-05 12:56:01,2017-04-05 17:20:01,4.39991972222222,328,48.383,191.809,7200,240,Z:\SPART-WORK\Data\Voyager\voyager1\mag\48s\reviewed_vim\2017\voyager1_48s_mag-vim_20170101_v01.cdf,C:\Users\Administrator\Documents\FWD_matlab\Voyager_fu\Voyager_Interstellar_Monthly\HighestPrecision_Segments\V1_MAG48s_segment_0163_20170405T125601_20170405T172001.png,ok,
1,164,2017-04-06 03:45:37,2017-04-06 07:08:01,3.37344027777778,242,48.383,384.480999755859,7200,240,Z:\SPART-WORK\Data\Voyager\voyager1\mag\48s\reviewed_vim\2017\voyager1_48s_mag-vim_20170101_v01.cdf,C:\Users\Administrator\Documents\FWD_matlab\Voyager_fu\Voyager_Interstellar_Monthly\HighestPrecision_Segments\V1_MAG48s_segment_0164_20170406T034537_20170406T070801.png,ok,
1,165,2017-04-06 09:44:02,2017-04-06 18:07:13,8.38656,566,48.383,2928.096,7200,240,Z:\SPART-WORK\Data\Voyager\voyager1\mag\48s\reviewed_vim\2017\voyager1_48s_mag-vim_20170101_v01.cdf,C:\Users\Administrator\Documents\FWD_matlab\Voyager_fu\Voyager_Interstellar_Monthly\HighestPrecision_Segments\V1_MAG48s_segment_0165_20170406T094402_20170406T180713.png,ok,
1,166,2017-04-07 04:41:38,2017-04-07 13:46:25,9.07991972222222,682,48.383,48.385,7200,240,Z:\SPART-WORK\Data\Voyager\voyager1\mag\48s\reviewed_vim\2017\voyager1_48s_mag-vim_20170101_v01.cdf,C:\Users\Administrator\Documents\FWD_matlab\Voyager_fu\Voyager_Interstellar_Monthly\HighestPrecision_Segments\V1_MAG48s_segment_0166_20170407T044138_20170407T134625.png,ok,
1,167,2017-04-07 20:36:49,2017-04-08 16:58:25,20.35992,1362,48.383,6527.52,7200,240,Z:\SPART-WORK\Data\Voyager\voyager1\mag\48s\reviewed_vim\2017\voyager1_48s_mag-vim_20170101_v01.cdf,C:\Users\Administrator\Documents\FWD_matlab\Voyager_fu\Voyager_Interstellar_Monthly\HighestPrecision_Segments\V1_MAG48s_segment_0167_20170407T203649_20170408T165825.png,ok,
1,168,2017-04-09 05:15:13,2017-04-09 18:58:25,13.7198402777778,966,48.383,2976.479,7200,240,Z:\SPART-WORK\Data\Voyager\voyager1\mag\48s\reviewed_vim\2017\voyager1_48s_mag-vim_20170101_v01.cdf,C:\Users\Administrator\Documents\FWD_matlab\Voyager_fu\Voyager_Interstellar_Monthly\HighestPrecision_Segments\V1_MAG48s_segment_0168_20170409T051513_20170409T185825.png,ok,
1,169,2017-04-10 03:26:26,2017-04-10 19:38:25,16.19975972229,1189,48.383,336.096,7200,240,Z:\SPART-WORK\Data\Voyager\voyager1\mag\48s\reviewed_vim\2017\voyager1_48s_mag-vim_20170101_v01.cdf,C:\Users\Administrator\Documents\FWD_matlab\Voyager_fu\Voyager_Interstellar_Monthly\HighestPrecision_Segments\V1_MAG48s_segment_0169_20170410T032626_20170410T193825.png,ok,
1,170,2017-04-11 05:07:14,2017-04-11 07:25:37,2.30640027777778,172,48.383,144.289,7200,240,Z:\SPART-WORK\Data\Voyager\voyager1\mag\48s\reviewed_vim\2017\voyager1_48s_mag-vim_20170101_v01.cdf,C:\Users\Administrator\Documents\FWD_matlab\Voyager_fu\Voyager_Interstellar_Monthly\HighestPrecision_Segments\V1_MAG48s_segment_0170_20170411T050714_20170411T072537.png,ok,
1,171,2017-04-11 12:27:13,2017-04-11 22:06:25,9.65328,716,48.383,240.191,7200,240,Z:\SPART-WORK\Data\Voyager\voyager1\mag\48s\reviewed_vim\2017\voyager1_48s_mag-vim_20170101_v01.cdf,C:\Users\Administrator\Documents\FWD_matlab\Voyager_fu\Voyager_Interstellar_Monthly\HighestPrecision_Segments\V1_MAG48s_segment_0171_20170411T122713_20170411T220625.png,ok,
1,172,2017-04-12 05:00:49,2017-04-12 19:36:49,14.5999197222222,1086,48.383,336.095999755859,7200,240,Z:\SPART-WORK\Data\Voyager\voyager1\mag\48s\reviewed_vim\2017\voyager1_48s_mag-vim_20170101_v01.cdf,C:\Users\Administrator\Documents\FWD_matlab\Voyager_fu\Voyager_Interstellar_Monthly\HighestPrecision_Segments\V1_MAG48s_segment_0172_20170412T050049_20170412T193649.png,ok,
1,173,2017-04-13 05:02:25,2017-04-13 15:07:13,10.08,756,48.383,95.903,7200,240,Z:\SPART-WORK\Data\Voyager\voyager1\mag\48s\reviewed_vim\2017\voyager1_48s_mag-vim_20170101_v01.cdf,C:\Users\Administrator\Documents\FWD_matlab\Voyager_fu\Voyager_Interstellar_Monthly\HighestPrecision_Segments\V1_MAG48s_segment_0173_20170413T050225_20170413T150713.png,ok,
1,174,2017-04-14 03:13:37,2017-04-14 16:56:49,13.72008,958,48.383,2928.096,7200,240,Z:\SPART-WORK\Data\Voyager\voyager1\mag\48s\reviewed_vim\2017\voyager1_48s_mag-vim_20170101_v01.cdf,C:\Users\Administrator\Documents\FWD_matlab\Voyager_fu\Voyager_Interstellar_Monthly\HighestPrecision_Segments\V1_MAG48s_segment_0174_20170414T031337_20170414T165649.png,ok,
1,175,2017-04-15 02:57:37,2017-04-15 19:03:13,16.0934397222222,1133,48.383,3263.327,7200,240,Z:\SPART-WORK\Data\Voyager\voyager1\mag\48s\reviewed_vim\2017\voyager1_48s_mag-vim_20170101_v01.cdf,C:\Users\Administrator\Documents\FWD_matlab\Voyager_fu\Voyager_Interstellar_Monthly\HighestPrecision_Segments\V1_MAG48s_segment_0175_20170415T025737_20170415T190313.png,ok,
1,176,2017-04-16 02:56:01,2017-04-16 19:02:25,16.10664,1146,48.383,2928.096,7200,240,Z:\SPART-WORK\Data\Voyager\voyager1\mag\48s\reviewed_vim\2017\voyager1_48s_mag-vim_20170101_v01.cdf,C:\Users\Administrator\Documents\FWD_matlab\Voyager_fu\Voyager_Interstellar_Monthly\HighestPrecision_Segments\V1_MAG48s_segment_0176_20170416T025601_20170416T190225.png,ok,
1,177,2017-04-17 04:43:14,2017-04-17 19:03:13,14.3332797222222,1072,48.383,192.672,7200,240,Z:\SPART-WORK\Data\Voyager\voyager1\mag\48s\reviewed_vim\2017\voyager1_48s_mag-vim_20170101_v01.cdf,C:\Users\Administrator\Documents\FWD_matlab\Voyager_fu\Voyager_Interstellar_Monthly\HighestPrecision_Segments\V1_MAG48s_segment_0177_20170417T044314_20170417T190313.png,ok,
1,178,2017-04-18 02:49:37,2017-04-18 15:21:36,12.53304,859,48.383,1871.425,7200,240,Z:\SPART-WORK\Data\Voyager\voyager1\mag\48s\reviewed_vim\2017\voyager1_48s_mag-vim_20170101_v01.cdf,C:\Users\Administrator\Documents\FWD_matlab\Voyager_fu\Voyager_Interstellar_Monthly\HighestPrecision_Segments\V1_MAG48s_segment_0178_20170418T024937_20170418T152136.png,ok,
1,179,2017-04-19 05:50:25,2017-04-19 07:05:37,1.25327972222222,94,48.383,95.904,7200,240,Z:\SPART-WORK\Data\Voyager\voyager1\mag\48s\reviewed_vim\2017\voyager1_48s_mag-vim_20170101_v01.cdf,C:\Users\Administrator\Documents\FWD_matlab\Voyager_fu\Voyager_Interstellar_Monthly\HighestPrecision_Segments\V1_MAG48s_segment_0179_20170419T055025_20170419T070537.png,ok,
1,180,2017-04-19 12:00:49,2017-04-19 15:16:49,3.26664,246,48.383,48.385,7200,240,Z:\SPART-WORK\Data\Voyager\voyager1\mag\48s\reviewed_vim\2017\voyager1_48s_mag-vim_20170101_v01.cdf,C:\Users\Administrator\Documents\FWD_matlab\Voyager_fu\Voyager_Interstellar_Monthly\HighestPrecision_Segments\V1_MAG48s_segment_0180_20170419T120049_20170419T151649.png,ok,
1,181,2017-04-20 04:35:13,2017-04-21 00:37:37,20.0399997222222,1425,48.383,3024,7200,240,Z:\SPART-WORK\Data\Voyager\voyager1\mag\48s\reviewed_vim\2017\voyager1_48s_mag-vim_20170101_v01.cdf,C:\Users\Administrator\Documents\FWD_matlab\Voyager_fu\Voyager_Interstellar_Monthly\HighestPrecision_Segments\V1_MAG48s_segment_0181_20170420T043513_20170421T003737.png,ok,
1,182,2017-04-21 06:20:49,2017-04-22 18:57:37,36.6134399999322,2533,48.383,6816.096,7200,240,Z:\SPART-WORK\Data\Voyager\voyager1\mag\48s\reviewed_vim\2017\voyager1_48s_mag-vim_20170101_v01.cdf,C:\Users\Administrator\Documents\FWD_matlab\Voyager_fu\Voyager_Interstellar_Monthly\HighestPrecision_Segments\V1_MAG48s_segment_0182_20170421T062049_20170422T185737.png,ok,
1,183,2017-04-23 02:17:37,2017-04-23 12:39:13,10.3600802777778,739,48.383,1919.80899975586,7200,240,Z:\SPART-WORK\Data\Voyager\voyager1\mag\48s\reviewed_vim\2017\voyager1_48s_mag-vim_20170101_v01.cdf,C:\Users\Administrator\Documents\FWD_matlab\Voyager_fu\Voyager_Interstellar_Monthly\HighestPrecision_Segments\V1_MAG48s_segment_0183_20170423T021737_20170423T123913.png,ok,
1,184,2017-04-23 19:21:37,2017-04-23 19:37:37,0.26664,19,48.383,144.288,7200,240,Z:\SPART-WORK\Data\Voyager\voyager1\mag\48s\reviewed_vim\2017\voyager1_48s_mag-vim_20170101_v01.cdf,C:\Users\Administrator\Documents\FWD_matlab\Voyager_fu\Voyager_Interstellar_Monthly\HighestPrecision_Segments\V1_MAG48s_segment_0184_20170423T192137_20170423T193737.png,ok,
1,185,2017-04-24 04:22:25,2017-04-24 19:07:13,14.74656,1104,48.383,191.808999755859,7200,240,Z:\SPART-WORK\Data\Voyager\voyager1\mag\48s\reviewed_vim\2017\voyager1_48s_mag-vim_20170101_v01.cdf,C:\Users\Administrator\Documents\FWD_matlab\Voyager_fu\Voyager_Interstellar_Monthly\HighestPrecision_Segments\V1_MAG48s_segment_0185_20170424T042225_20170424T190713.png,ok,
1,186,2017-04-25 04:17:36,2017-04-25 13:29:37,9.20016027777778,677,48.383,288.575000244141,7200,240,Z:\SPART-WORK\Data\Voyager\voyager1\mag\48s\reviewed_vim\2017\voyager1_48s_mag-vim_20170101_v01.cdf,C:\Users\Administrator\Documents\FWD_matlab\Voyager_fu\Voyager_Interstellar_Monthly\HighestPrecision_Segments\V1_MAG48s_segment_0186_20170425T041736_20170425T132937.png,ok,
1,187,2017-04-25 16:14:25,2017-04-25 19:37:37,3.38664,255,48.383,48.385,7200,240,Z:\SPART-WORK\Data\Voyager\voyager1\mag\48s\reviewed_vim\2017\voyager1_48s_mag-vim_20170101_v01.cdf,C:\Users\Administrator\Documents\FWD_matlab\Voyager_fu\Voyager_Interstellar_Monthly\HighestPrecision_Segments\V1_MAG48s_segment_0187_20170425T161425_20170425T193737.png,ok,
1,188,2017-04-25 22:03:13,2017-04-26 18:34:24,20.51976,1387,48.383,3936.385,7200,240,Z:\SPART-WORK\Data\Voyager\voyager1\mag\48s\reviewed_vim\2017\voyager1_48s_mag-vim_20170101_v01.cdf,C:\Users\Administrator\Documents\FWD_matlab\Voyager_fu\Voyager_Interstellar_Monthly\HighestPrecision_Segments\V1_MAG48s_segment_0188_20170425T220313_20170426T183424.png,ok,
1,189,2017-04-27 02:22:24,2017-04-27 19:03:13,16.6802397222222,1242,48.383,384.481,7200,240,Z:\SPART-WORK\Data\Voyager\voyager1\mag\48s\reviewed_vim\2017\voyager1_48s_mag-vim_20170101_v01.cdf,C:\Users\Administrator\Documents\FWD_matlab\Voyager_fu\Voyager_Interstellar_Monthly\HighestPrecision_Segments\V1_MAG48s_segment_0189_20170427T022224_20170427T190313.png,ok,
1,190,2017-04-28 03:36:01,2017-04-28 19:30:25,15.9064802777778,1185,48.383,240.192000244141,7200,240,Z:\SPART-WORK\Data\Voyager\voyager1\mag\48s\reviewed_vim\2017\voyager1_48s_mag-vim_20170101_v01.cdf,C:\Users\Administrator\Documents\FWD_matlab\Voyager_fu\Voyager_Interstellar_Monthly\HighestPrecision_Segments\V1_MAG48s_segment_0190_20170428T033601_20170428T193025.png,ok,
1,191,2017-04-29 04:00:01,2017-04-29 22:51:12,18.8532002777778,1370,48.383,1632.09600024414,7200,240,Z:\SPART-WORK\Data\Voyager\voyager1\mag\48s\reviewed_vim\2017\voyager1_48s_mag-vim_20170101_v01.cdf,C:\Users\Administrator\Documents\FWD_matlab\Voyager_fu\Voyager_Interstellar_Monthly\HighestPrecision_Segments\V1_MAG48s_segment_0191_20170429T040001_20170429T225112.png,ok,
1,192,2017-04-30 02:12:49,2017-04-30 17:39:13,15.4399197222222,1138,48.383,719.712,7200,240,Z:\SPART-WORK\Data\Voyager\voyager1\mag\48s\reviewed_vim\2017\voyager1_48s_mag-vim_20170101_v01.cdf,C:\Users\Administrator\Documents\FWD_matlab\Voyager_fu\Voyager_Interstellar_Monthly\HighestPrecision_Segments\V1_MAG48s_segment_0192_20170430T021249_20170430T173913.png,ok,
1,193,2017-05-01 02:36:48,2017-05-01 22:21:37,19.74672,1206,48.383,6816.096,7200,240,Z:\SPART-WORK\Data\Voyager\voyager1\mag\48s\reviewed_vim\2017\voyager1_48s_mag-vim_20170101_v01.cdf,C:\Users\Administrator\Documents\FWD_matlab\Voyager_fu\Voyager_Interstellar_Monthly\HighestPrecision_Segments\V1_MAG48s_segment_0193_20170501T023648_20170501T222137.png,ok,
1,194,2017-05-02 01:44:01,2017-05-02 15:22:25,13.63992,1021,48.383,191.807,7200,240,Z:\SPART-WORK\Data\Voyager\voyager1\mag\48s\reviewed_vim\2017\voyager1_48s_mag-vim_20170101_v01.cdf,C:\Users\Administrator\Documents\FWD_matlab\Voyager_fu\Voyager_Interstellar_Monthly\HighestPrecision_Segments\V1_MAG48s_segment_0194_20170502T014401_20170502T152225.png,ok,
1,195,2017-05-02 17:40:49,2017-05-02 19:42:24,2.02655972222222,152,48.383,95.904,7200,240,Z:\SPART-WORK\Data\Voyager\voyager1\mag\48s\reviewed_vim\2017\voyager1_48s_mag-vim_20170101_v01.cdf,C:\Users\Administrator\Documents\FWD_matlab\Voyager_fu\Voyager_Interstellar_Monthly\HighestPrecision_Segments\V1_MAG48s_segment_0195_20170502T174049_20170502T194224.png,ok,
1,196,2017-05-03 01:48:49,2017-05-03 20:54:24,19.0932002777778,1312,48.383,4703.616,7200,240,Z:\SPART-WORK\Data\Voyager\voyager1\mag\48s\reviewed_vim\2017\voyager1_48s_mag-vim_20170101_v01.cdf,C:\Users\Administrator\Documents\FWD_matlab\Voyager_fu\Voyager_Interstellar_Monthly\HighestPrecision_Segments\V1_MAG48s_segment_0196_20170503T014849_20170503T205424.png,ok,
1,197,2017-05-04 03:16:49,2017-05-04 18:32:00,15.2532,924,48.383,6143.904,7200,240,Z:\SPART-WORK\Data\Voyager\voyager1\mag\48s\reviewed_vim\2017\voyager1_48s_mag-vim_20170101_v01.cdf,C:\Users\Administrator\Documents\FWD_matlab\Voyager_fu\Voyager_Interstellar_Monthly\HighestPrecision_Segments\V1_MAG48s_segment_0197_20170504T031649_20170504T183200.png,ok,
1,198,2017-05-05 03:44:48,2017-05-05 18:52:49,15.13344,1114,48.383,863.999,7200,240,Z:\SPART-WORK\Data\Voyager\voyager1\mag\48s\reviewed_vim\2017\voyager1_48s_mag-vim_20170101_v01.cdf,C:\Users\Administrator\Documents\FWD_matlab\Voyager_fu\Voyager_Interstellar_Monthly\HighestPrecision_Segments\V1_MAG48s_segment_0198_20170505T034448_20170505T185249.png,ok,
1,199,2017-05-06 01:48:49,2017-05-06 18:32:00,16.71984,1251,48.383,144.287999755859,7200,240,Z:\SPART-WORK\Data\Voyager\voyager1\mag\48s\reviewed_vim\2017\voyager1_48s_mag-vim_20170101_v01.cdf,C:\Users\Administrator\Documents\FWD_matlab\Voyager_fu\Voyager_Interstellar_Monthly\HighestPrecision_Segments\V1_MAG48s_segment_0199_20170506T014849_20170506T183200.png,ok,
1,200,2017-05-07 01:32:48,2017-05-07 18:34:24,17.0268,1276,48.383,144.288,7200,240,Z:\SPART-WORK\Data\Voyager\voyager1\mag\48s\reviewed_vim\2017\voyager1_48s_mag-vim_20170101_v01.cdf,C:\Users\Administrator\Documents\FWD_matlab\Voyager_fu\Voyager_Interstellar_Monthly\HighestPrecision_Segments\V1_MAG48s_segment_0200_20170507T013248_20170507T183424.png,ok,
1,201,2017-05-08 08:14:24,2017-05-08 16:07:13,7.88016,591,47.52,95.903,7200,240,Z:\SPART-WORK\Data\Voyager\voyager1\mag\48s\reviewed_vim\2017\voyager1_48s_mag-vim_20170101_v01.cdf,C:\Users\Administrator\Documents\FWD_matlab\Voyager_fu\Voyager_Interstellar_Monthly\HighestPrecision_Segments\V1_MAG48s_segment_0201_20170508T081424_20170508T160713.png,ok,
1,202,2017-05-09 09:08:48,2017-05-09 11:36:00,2.45327972222222,182,47.52,191.808,7200,240,Z:\SPART-WORK\Data\Voyager\voyager1\mag\48s\reviewed_vim\2017\voyager1_48s_mag-vim_20170101_v01.cdf,C:\Users\Administrator\Documents\FWD_matlab\Voyager_fu\Voyager_Interstellar_Monthly\HighestPrecision_Segments\V1_MAG48s_segment_0202_20170509T090848_20170509T113600.png,ok,
1,203,2017-05-09 18:00:29,2017-05-09 18:58:24,0.965280000067817,70,47.52,163.296,7200,240,Z:\SPART-WORK\Data\Voyager\voyager1\mag\48s\reviewed_vim\2017\voyager1_48s_mag-vim_20170101_v01.cdf,C:\Users\Administrator\Documents\FWD_matlab\Voyager_fu\Voyager_Interstellar_Monthly\HighestPrecision_Segments\V1_MAG48s_segment_0203_20170509T180029_20170509T185824.png,ok,
1,204,2017-05-10 03:12:01,2017-05-10 16:36:48,13.4131197222222,1003,47.52,143.423000244141,7200,240,Z:\SPART-WORK\Data\Voyager\voyager1\mag\48s\reviewed_vim\2017\voyager1_48s_mag-vim_20170101_v01.cdf,C:\Users\Administrator\Documents\FWD_matlab\Voyager_fu\Voyager_Interstellar_Monthly\HighestPrecision_Segments\V1_MAG48s_segment_0204_20170510T031201_20170510T163648.png,ok,
1,205,2017-05-11 07:18:23,2017-05-11 11:36:48,4.30704027777778,324,47.52,49.249,7200,240,Z:\SPART-WORK\Data\Voyager\voyager1\mag\48s\reviewed_vim\2017\voyager1_48s_mag-vim_20170101_v01.cdf,C:\Users\Administrator\Documents\FWD_matlab\Voyager_fu\Voyager_Interstellar_Monthly\HighestPrecision_Segments\V1_MAG48s_segment_0205_20170511T071823_20170511T113648.png,ok,
1,206,2017-05-11 15:15:12,2017-05-11 18:27:12,3.19991999993218,241,47.52,49.249,7200,240,Z:\SPART-WORK\Data\Voyager\voyager1\mag\48s\reviewed_vim\2017\voyager1_48s_mag-vim_20170101_v01.cdf,C:\Users\Administrator\Documents\FWD_matlab\Voyager_fu\Voyager_Interstellar_Monthly\HighestPrecision_Segments\V1_MAG48s_segment_0206_20170511T151512_20170511T182712.png,ok,
1,207,2017-05-12 02:51:12,2017-05-12 05:16:00,2.4132,173,47.52,192.672,7200,240,Z:\SPART-WORK\Data\Voyager\voyager1\mag\48s\reviewed_vim\2017\voyager1_48s_mag-vim_20170101_v01.cdf,C:\Users\Administrator\Documents\FWD_matlab\Voyager_fu\Voyager_Interstellar_Monthly\HighestPrecision_Segments\V1_MAG48s_segment_0207_20170512T025112_20170512T051600.png,ok,
1,208,2017-05-12 11:15:12,2017-05-12 18:31:12,7.26672027777778,546,47.52,49.249,7200,240,Z:\SPART-WORK\Data\Voyager\voyager1\mag\48s\reviewed_vim\2017\voyager1_48s_mag-vim_20170101_v01.cdf,C:\Users\Administrator\Documents\FWD_matlab\Voyager_fu\Voyager_Interstellar_Monthly\HighestPrecision_Segments\V1_MAG48s_segment_0208_20170512T111512_20170512T183112.png,ok,
1,209,2017-05-13 01:04:00,2017-05-13 18:21:35,17.2931997222222,1167,47.52,6048.864,7200,240,Z:\SPART-WORK\Data\Voyager\voyager1\mag\48s\reviewed_vim\2017\voyager1_48s_mag-vim_20170101_v01.cdf,C:\Users\Administrator\Documents\FWD_matlab\Voyager_fu\Voyager_Interstellar_Monthly\HighestPrecision_Segments\V1_MAG48s_segment_0209_20170513T010400_20170513T182135.png,ok,
1,210,2017-05-14 01:02:23,2017-05-14 06:14:24,5.20032000006782,284,47.5200002441406,1727.136,7200,240,Z:\SPART-WORK\Data\Voyager\voyager1\mag\48s\reviewed_vim\2017\voyager1_48s_mag-vim_20170101_v01.cdf,C:\Users\Administrator\Documents\FWD_matlab\Voyager_fu\Voyager_Interstellar_Monthly\HighestPrecision_Segments\V1_MAG48s_segment_0210_20170514T010223_20170514T061424.png,ok,
1,211,2017-05-14 08:24:00,2017-05-14 15:16:48,6.87984027770996,390,47.5200002441406,6047.13599975586,7200,240,Z:\SPART-WORK\Data\Voyager\voyager1\mag\48s\reviewed_vim\2017\voyager1_48s_mag-vim_20170101_v01.cdf,C:\Users\Administrator\Documents\FWD_matlab\Voyager_fu\Voyager_Interstellar_Monthly\HighestPrecision_Segments\V1_MAG48s_segment_0211_20170514T082400_20170514T151648.png,ok,
1,212,2017-05-15 13:34:25,2017-05-15 18:18:25,4.73327972222222,353,47.5205,191.808999755859,7200,240,Z:\SPART-WORK\Data\Voyager\voyager1\mag\48s\reviewed_vim\2017\voyager1_48s_mag-vim_20170101_v01.cdf,C:\Users\Administrator\Documents\FWD_matlab\Voyager_fu\Voyager_Interstellar_Monthly\HighestPrecision_Segments\V1_MAG48s_segment_0212_20170515T133425_20170515T181825.png,ok,
1,213,2017-05-16 02:51:12,2017-05-16 13:01:37,10.17336,761,47.5209997558594,190.943000244141,7200,240,Z:\SPART-WORK\Data\Voyager\voyager1\mag\48s\reviewed_vim\2017\voyager1_48s_mag-vim_20170101_v01.cdf,C:\Users\Administrator\Documents\FWD_matlab\Voyager_fu\Voyager_Interstellar_Monthly\HighestPrecision_Segments\V1_MAG48s_segment_0213_20170516T025112_20170516T130137.png,ok,
1,214,2017-05-16 15:29:35,2017-05-16 18:11:12,2.69352,200,47.5209997558594,192.671,7200,240,Z:\SPART-WORK\Data\Voyager\voyager1\mag\48s\reviewed_vim\2017\voyager1_48s_mag-vim_20170101_v01.cdf,C:\Users\Administrator\Documents\FWD_matlab\Voyager_fu\Voyager_Interstellar_Monthly\HighestPrecision_Segments\V1_MAG48s_segment_0214_20170516T152935_20170516T181112.png,ok,
1,215,2017-05-17 02:46:23,2017-05-17 18:09:36,15.38688,1084,47.5209997558594,2208.383,7200,240,Z:\SPART-WORK\Data\Voyager\voyager1\mag\48s\reviewed_vim\2017\voyager1_48s_mag-vim_20170101_v01.cdf,C:\Users\Administrator\Documents\FWD_matlab\Voyager_fu\Voyager_Interstellar_Monthly\HighestPrecision_Segments\V1_MAG48s_segment_0215_20170517T024623_20170517T180936.png,ok,
1,216,2017-05-18 03:42:24,2017-05-18 17:02:24,13.3334402777778,1000,47.5209997558594,95.905,7200,240,Z:\SPART-WORK\Data\Voyager\voyager1\mag\48s\reviewed_vim\2017\voyager1_48s_mag-vim_20170101_v01.cdf,C:\Users\Administrator\Documents\FWD_matlab\Voyager_fu\Voyager_Interstellar_Monthly\HighestPrecision_Segments\V1_MAG48s_segment_0216_20170518T034224_20170518T170224.png,ok,
1,217,2017-05-19 03:52:00,2017-05-19 08:31:12,4.65335972229004,349,47.5209997558594,95.903,7200,240,Z:\SPART-WORK\Data\Voyager\voyager1\mag\48s\reviewed_vim\2017\voyager1_48s_mag-vim_20170101_v01.cdf,C:\Users\Administrator\Documents\FWD_matlab\Voyager_fu\Voyager_Interstellar_Monthly\HighestPrecision_Segments\V1_MAG48s_segment_0217_20170519T035200_20170519T083112.png,ok,
1,218,2017-05-19 11:07:11,2017-05-19 18:01:35,6.90672,516,47.521,191.808000244141,7200,240,Z:\SPART-WORK\Data\Voyager\voyager1\mag\48s\reviewed_vim\2017\voyager1_48s_mag-vim_20170101_v01.cdf,C:\Users\Administrator\Documents\FWD_matlab\Voyager_fu\Voyager_Interstellar_Monthly\HighestPrecision_Segments\V1_MAG48s_segment_0218_20170519T110711_20170519T180135.png,ok,
1,219,2017-05-20 02:30:24,2017-05-20 18:38:24,16.13327972229,1199,47.521,336.096999755859,7200,240,Z:\SPART-WORK\Data\Voyager\voyager1\mag\48s\reviewed_vim\2017\voyager1_48s_mag-vim_20170101_v01.cdf,C:\Users\Administrator\Documents\FWD_matlab\Voyager_fu\Voyager_Interstellar_Monthly\HighestPrecision_Segments\V1_MAG48s_segment_0219_20170520T023024_20170520T183824.png,ok,
1,220,2017-05-21 11:56:49,2017-05-21 16:22:23,4.42632,331,47.521,143.424,7200,240,Z:\SPART-WORK\Data\Voyager\voyager1\mag\48s\reviewed_vim\2017\voyager1_48s_mag-vim_20170101_v01.cdf,C:\Users\Administrator\Documents\FWD_matlab\Voyager_fu\Voyager_Interstellar_Monthly\HighestPrecision_Segments\V1_MAG48s_segment_0220_20170521T115649_20170521T162223.png,ok,
1,221,2017-05-22 02:22:24,2017-05-22 10:12:00,7.82664,587,47.521,96.7670002441406,7200,240,Z:\SPART-WORK\Data\Voyager\voyager1\mag\48s\reviewed_vim\2017\voyager1_48s_mag-vim_20170101_v01.cdf,C:\Users\Administrator\Documents\FWD_matlab\Voyager_fu\Voyager_Interstellar_Monthly\HighestPrecision_Segments\V1_MAG48s_segment_0221_20170522T022224_20170522T101200.png,ok,
1,222,2017-05-22 13:47:12,2017-05-22 17:50:23,4.05311972222222,304,47.521,95.9030002441406,7200,240,Z:\SPART-WORK\Data\Voyager\voyager1\mag\48s\reviewed_vim\2017\voyager1_48s_mag-vim_20170101_v01.cdf,C:\Users\Administrator\Documents\FWD_matlab\Voyager_fu\Voyager_Interstellar_Monthly\HighestPrecision_Segments\V1_MAG48s_segment_0222_20170522T134712_20170522T175023.png,ok,
1,223,2017-05-23 09:26:24,2017-05-23 11:53:36,2.45328027777778,181,47.521,240.192,7200,240,Z:\SPART-WORK\Data\Voyager\voyager1\mag\48s\reviewed_vim\2017\voyager1_48s_mag-vim_20170101_v01.cdf,C:\Users\Administrator\Documents\FWD_matlab\Voyager_fu\Voyager_Interstellar_Monthly\HighestPrecision_Segments\V1_MAG48s_segment_0223_20170523T092624_20170523T115336.png,ok,
1,224,2017-05-23 14:38:24,2017-05-23 19:23:59,4.75992,358,47.521,49.249,7200,240,Z:\SPART-WORK\Data\Voyager\voyager1\mag\48s\reviewed_vim\2017\voyager1_48s_mag-vim_20170101_v01.cdf,C:\Users\Administrator\Documents\FWD_matlab\Voyager_fu\Voyager_Interstellar_Monthly\HighestPrecision_Segments\V1_MAG48s_segment_0224_20170523T143824_20170523T192359.png,ok,
1,225,2017-05-24 09:39:11,2017-05-24 18:18:25,8.65367999993218,594,47.521,2736.288,7200,240,Z:\SPART-WORK\Data\Voyager\voyager1\mag\48s\reviewed_vim\2017\voyager1_48s_mag-vim_20170101_v01.cdf,C:\Users\Administrator\Documents\FWD_matlab\Voyager_fu\Voyager_Interstellar_Monthly\HighestPrecision_Segments\V1_MAG48s_segment_0225_20170524T093911_20170524T181825.png,ok,
1,226,2017-05-25 04:44:48,2017-05-25 16:46:24,12.0268802777778,903,47.521,49.249,7200,240,Z:\SPART-WORK\Data\Voyager\voyager1\mag\48s\reviewed_vim\2017\voyager1_48s_mag-vim_20170101_v01.cdf,C:\Users\Administrator\Documents\FWD_matlab\Voyager_fu\Voyager_Interstellar_Monthly\HighestPrecision_Segments\V1_MAG48s_segment_0226_20170525T044448_20170525T164624.png,ok,
1,227,2017-05-26 02:11:11,2017-05-26 16:36:48,14.42688,945,47.521,6480.001,7200,240,Z:\SPART-WORK\Data\Voyager\voyager1\mag\48s\reviewed_vim\2017\voyager1_48s_mag-vim_20170101_v01.cdf,C:\Users\Administrator\Documents\FWD_matlab\Voyager_fu\Voyager_Interstellar_Monthly\HighestPrecision_Segments\V1_MAG48s_segment_0227_20170526T021111_20170526T163648.png,ok,
1,228,2017-05-27 02:04:48,2017-05-27 17:31:11,15.4399199999322,1037,47.521,5567.616,7200,240,Z:\SPART-WORK\Data\Voyager\voyager1\mag\48s\reviewed_vim\2017\voyager1_48s_mag-vim_20170101_v01.cdf,C:\Users\Administrator\Documents\FWD_matlab\Voyager_fu\Voyager_Interstellar_Monthly\HighestPrecision_Segments\V1_MAG48s_segment_0228_20170527T020448_20170527T173111.png,ok,
1,229,2017-05-28 03:55:11,2017-05-28 05:32:47,1.62672,120,47.521,192.672,7200,240,Z:\SPART-WORK\Data\Voyager\voyager1\mag\48s\reviewed_vim\2017\voyager1_48s_mag-vim_20170101_v01.cdf,C:\Users\Administrator\Documents\FWD_matlab\Voyager_fu\Voyager_Interstellar_Monthly\HighestPrecision_Segments\V1_MAG48s_segment_0229_20170528T035511_20170528T053247.png,ok,
1,230,2017-05-28 09:08:48,2017-05-28 16:31:12,7.37328,542,47.521,336.096,7200,240,Z:\SPART-WORK\Data\Voyager\voyager1\mag\48s\reviewed_vim\2017\voyager1_48s_mag-vim_20170101_v01.cdf,C:\Users\Administrator\Documents\FWD_matlab\Voyager_fu\Voyager_Interstellar_Monthly\HighestPrecision_Segments\V1_MAG48s_segment_0230_20170528T090848_20170528T163112.png,ok,
1,231,2017-05-29 03:02:23,2017-05-29 17:22:24,14.3335202777778,1053,47.521,1152.576,7200,240,Z:\SPART-WORK\Data\Voyager\voyager1\mag\48s\reviewed_vim\2017\voyager1_48s_mag-vim_20170101_v01.cdf,C:\Users\Administrator\Documents\FWD_matlab\Voyager_fu\Voyager_Interstellar_Monthly\HighestPrecision_Segments\V1_MAG48s_segment_0231_20170529T030223_20170529T172224.png,ok,
1,232,2017-05-30 01:37:36,2017-05-30 18:56:00,17.3066402777778,1274,47.521,1105.055,7200,240,Z:\SPART-WORK\Data\Voyager\voyager1\mag\48s\reviewed_vim\2017\voyager1_48s_mag-vim_20170101_v01.cdf,C:\Users\Administrator\Documents\FWD_matlab\Voyager_fu\Voyager_Interstellar_Monthly\HighestPrecision_Segments\V1_MAG48s_segment_0232_20170530T013736_20170530T185600.png,ok,
1,233,2017-05-31 00:38:24,2017-05-31 17:12:47,16.5732,1235,47.521,239.328,7200,240,Z:\SPART-WORK\Data\Voyager\voyager1\mag\48s\reviewed_vim\2017\voyager1_48s_mag-vim_20170101_v01.cdf,C:\Users\Administrator\Documents\FWD_matlab\Voyager_fu\Voyager_Interstellar_Monthly\HighestPrecision_Segments\V1_MAG48s_segment_0233_20170531T003824_20170531T171247.png,ok,
1,234,2017-06-01 03:10:23,2017-06-01 11:21:35,8.18664027770996,612,47.521,192.671000244141,7200,240,Z:\SPART-WORK\Data\Voyager\voyager1\mag\48s\reviewed_vim\2017\voyager1_48s_mag-vim_20170101_v01.cdf,C:\Users\Administrator\Documents\FWD_matlab\Voyager_fu\Voyager_Interstellar_Monthly\HighestPrecision_Segments\V1_MAG48s_segment_0234_20170601T031023_20170601T112135.png,ok,
1,235,2017-06-01 14:33:36,2017-06-01 18:45:35,4.19975972222222,295,47.521,959.904,7200,240,Z:\SPART-WORK\Data\Voyager\voyager1\mag\48s\reviewed_vim\2017\voyager1_48s_mag-vim_20170101_v01.cdf,C:\Users\Administrator\Documents\FWD_matlab\Voyager_fu\Voyager_Interstellar_Monthly\HighestPrecision_Segments\V1_MAG48s_segment_0235_20170601T143336_20170601T184535.png,ok,
1,236,2017-06-02 09:04:00,2017-06-02 18:40:48,9.61343972222222,722,47.521,49.249,7200,240,Z:\SPART-WORK\Data\Voyager\voyager1\mag\48s\reviewed_vim\2017\voyager1_48s_mag-vim_20170101_v01.cdf,C:\Users\Administrator\Documents\FWD_matlab\Voyager_fu\Voyager_Interstellar_Monthly\HighestPrecision_Segments\V1_MAG48s_segment_0236_20170602T090400_20170602T184048.png,ok,
1,237,2017-06-03 02:03:12,2017-06-03 13:16:00,11.21328027771,834,47.521,240.192,7200,240,Z:\SPART-WORK\Data\Voyager\voyager1\mag\48s\reviewed_vim\2017\voyager1_48s_mag-vim_20170101_v01.cdf,C:\Users\Administrator\Documents\FWD_matlab\Voyager_fu\Voyager_Interstellar_Monthly\HighestPrecision_Segments\V1_MAG48s_segment_0237_20170603T020312_20170603T131600.png,ok,
1,238,2017-06-04 03:53:35,2017-06-04 16:35:12,12.69360027771,953,47.521,49.249,7200,240,Z:\SPART-WORK\Data\Voyager\voyager1\mag\48s\reviewed_vim\2017\voyager1_48s_mag-vim_20170101_v01.cdf,C:\Users\Administrator\Documents\FWD_matlab\Voyager_fu\Voyager_Interstellar_Monthly\HighestPrecision_Segments\V1_MAG48s_segment_0238_20170604T035335_20170604T163512.png,ok,
1,239,2017-06-05 08:36:48,2017-06-05 17:55:11,9.30647972222222,696,47.521,192.672,7200,240,Z:\SPART-WORK\Data\Voyager\voyager1\mag\48s\reviewed_vim\2017\voyager1_48s_mag-vim_20170101_v01.cdf,C:\Users\Administrator\Documents\FWD_matlab\Voyager_fu\Voyager_Interstellar_Monthly\HighestPrecision_Segments\V1_MAG48s_segment_0239_20170605T083648_20170605T175511.png,ok,
1,240,2017-06-06 00:49:35,2017-06-06 18:23:11,17.56008,1280,47.521,1679.615,7200,240,Z:\SPART-WORK\Data\Voyager\voyager1\mag\48s\reviewed_vim\2017\voyager1_48s_mag-vim_20170101_v01.cdf,C:\Users\Administrator\Documents\FWD_matlab\Voyager_fu\Voyager_Interstellar_Monthly\HighestPrecision_Segments\V1_MAG48s_segment_0240_20170606T004935_20170606T182311.png,ok,
1,241,2017-06-07 09:23:11,2017-06-07 22:55:12,13.5333602777778,1016,47.521,49.249,7200,240,Z:\SPART-WORK\Data\Voyager\voyager1\mag\48s\reviewed_vim\2017\voyager1_48s_mag-vim_20170101_v01.cdf,C:\Users\Administrator\Documents\FWD_matlab\Voyager_fu\Voyager_Interstellar_Monthly\HighestPrecision_Segments\V1_MAG48s_segment_0241_20170607T092311_20170607T225512.png,ok,
1,242,2017-06-08 03:37:35,2017-06-08 16:35:12,12.9602402777778,971,47.521,145.152,7200,240,Z:\SPART-WORK\Data\Voyager\voyager1\mag\48s\reviewed_vim\2017\voyager1_48s_mag-vim_20170101_v01.cdf,C:\Users\Administrator\Documents\FWD_matlab\Voyager_fu\Voyager_Interstellar_Monthly\HighestPrecision_Segments\V1_MAG48s_segment_0242_20170608T033735_20170608T163512.png,ok,
1,243,2017-06-09 05:18:24,2017-06-09 16:35:11,11.27952,773,47.521,3311.712,7200,240,Z:\SPART-WORK\Data\Voyager\voyager1\mag\48s\reviewed_vim\2017\voyager1_48s_mag-vim_20170101_v01.cdf,C:\Users\Administrator\Documents\FWD_matlab\Voyager_fu\Voyager_Interstellar_Monthly\HighestPrecision_Segments\V1_MAG48s_segment_0243_20170609T051824_20170609T163511.png,ok,
1,244,2017-06-10 12:06:23,2017-06-10 16:35:11,4.47984027777778,337,47.521,49.249,7200,240,Z:\SPART-WORK\Data\Voyager\voyager1\mag\48s\reviewed_vim\2017\voyager1_48s_mag-vim_20170101_v01.cdf,C:\Users\Administrator\Documents\FWD_matlab\Voyager_fu\Voyager_Interstellar_Monthly\HighestPrecision_Segments\V1_MAG48s_segment_0244_20170610T120623_20170610T163511.png,ok,
1,245,2017-06-11 01:08:48,2017-06-11 16:30:23,15.3597602777778,1150,47.521,190.943,7200,240,Z:\SPART-WORK\Data\Voyager\voyager1\mag\48s\reviewed_vim\2017\voyager1_48s_mag-vim_20170101_v01.cdf,C:\Users\Administrator\Documents\FWD_matlab\Voyager_fu\Voyager_Interstellar_Monthly\HighestPrecision_Segments\V1_MAG48s_segment_0245_20170611T010848_20170611T163023.png,ok,
1,246,2017-06-12 01:20:00,2017-06-12 16:24:47,15.0796797222222,1132,47.521,49.249,7200,240,Z:\SPART-WORK\Data\Voyager\voyager1\mag\48s\reviewed_vim\2017\voyager1_48s_mag-vim_20170101_v01.cdf,C:\Users\Administrator\Documents\FWD_matlab\Voyager_fu\Voyager_Interstellar_Monthly\HighestPrecision_Segments\V1_MAG48s_segment_0246_20170612T012000_20170612T162447.png,ok,
1,247,2017-06-13 03:35:59,2017-06-13 18:22:23,14.7734397222222,847,47.521,6336.576,7200,240,Z:\SPART-WORK\Data\Voyager\voyager1\mag\48s\reviewed_vim\2017\voyager1_48s_mag-vim_20170101_v01.cdf,C:\Users\Administrator\Documents\FWD_matlab\Voyager_fu\Voyager_Interstellar_Monthly\HighestPrecision_Segments\V1_MAG48s_segment_0247_20170613T033559_20170613T182223.png,ok,
1,248,2017-06-14 08:38:24,2017-06-14 14:39:59,6.02663972222222,453,47.5209997558594,49.249,7200,240,Z:\SPART-WORK\Data\Voyager\voyager1\mag\48s\reviewed_vim\2017\voyager1_48s_mag-vim_20170101_v01.cdf,C:\Users\Administrator\Documents\FWD_matlab\Voyager_fu\Voyager_Interstellar_Monthly\HighestPrecision_Segments\V1_MAG48s_segment_0248_20170614T083824_20170614T143959.png,ok,
1,249,2017-06-15 01:20:00,2017-06-15 15:24:46,14.0796,1050,47.5209997558594,336.097,7200,240,Z:\SPART-WORK\Data\Voyager\voyager1\mag\48s\reviewed_vim\2017\voyager1_48s_mag-vim_20170101_v01.cdf,C:\Users\Administrator\Documents\FWD_matlab\Voyager_fu\Voyager_Interstellar_Monthly\HighestPrecision_Segments\V1_MAG48s_segment_0249_20170615T012000_20170615T152446.png,ok,
1,250,2017-06-16 02:49:35,2017-06-16 16:09:34,13.3331997222222,1001,47.5209997558594,49.249,7200,240,Z:\SPART-WORK\Data\Voyager\voyager1\mag\48s\reviewed_vim\2017\voyager1_48s_mag-vim_20170101_v01.cdf,C:\Users\Administrator\Documents\FWD_matlab\Voyager_fu\Voyager_Interstellar_Monthly\HighestPrecision_Segments\V1_MAG48s_segment_0250_20170616T024935_20170616T160934.png,ok,
1,251,2017-06-17 00:38:23,2017-06-17 18:33:35,17.92008,1301,47.5209997558594,1487.80700024414,7200,240,Z:\SPART-WORK\Data\Voyager\voyager1\mag\48s\reviewed_vim\2017\voyager1_48s_mag-vim_20170101_v01.cdf,C:\Users\Administrator\Documents\FWD_matlab\Voyager_fu\Voyager_Interstellar_Monthly\HighestPrecision_Segments\V1_MAG48s_segment_0251_20170617T003823_20170617T183335.png,ok,
1,252,2017-06-18 00:57:35,2017-06-18 13:03:58,12.1065602777778,892,47.5200002441406,767.232,7200,240,Z:\SPART-WORK\Data\Voyager\voyager1\mag\48s\reviewed_vim\2017\voyager1_48s_mag-vim_20170101_v01.cdf,C:\Users\Administrator\Documents\FWD_matlab\Voyager_fu\Voyager_Interstellar_Monthly\HighestPrecision_Segments\V1_MAG48s_segment_0252_20170618T005735_20170618T130358.png,ok,
1,253,2017-06-19 03:27:59,2017-06-19 09:58:22,6.50639972222222,455,47.5200001220703,1632.096,7200,240,Z:\SPART-WORK\Data\Voyager\voyager1\mag\48s\reviewed_vim\2017\voyager1_48s_mag-vim_20170101_v01.cdf,C:\Users\Administrator\Documents\FWD_matlab\Voyager_fu\Voyager_Interstellar_Monthly\HighestPrecision_Segments\V1_MAG48s_segment_0253_20170619T032759_20170619T095822.png,ok,
1,254,2017-06-19 13:47:10,2017-06-19 21:33:35,7.77359972222222,572,47.52,336.097,7200,240,Z:\SPART-WORK\Data\Voyager\voyager1\mag\48s\reviewed_vim\2017\voyager1_48s_mag-vim_20170101_v01.cdf,C:\Users\Administrator\Documents\FWD_matlab\Voyager_fu\Voyager_Interstellar_Monthly\HighestPrecision_Segments\V1_MAG48s_segment_0254_20170619T134710_20170619T213335.png,ok,
1,255,2017-06-20 08:01:35,2017-06-20 10:17:35,2.26655972222222,164,47.52,240.192,7200,240,Z:\SPART-WORK\Data\Voyager\voyager1\mag\48s\reviewed_vim\2017\voyager1_48s_mag-vim_20170101_v01.cdf,C:\Users\Administrator\Documents\FWD_matlab\Voyager_fu\Voyager_Interstellar_Monthly\HighestPrecision_Segments\V1_MAG48s_segment_0255_20170620T080135_20170620T101735.png,ok,
1,256,2017-06-20 13:02:23,2017-06-20 17:34:23,4.53336027777778,341,47.52,49.249,7200,240,Z:\SPART-WORK\Data\Voyager\voyager1\mag\48s\reviewed_vim\2017\voyager1_48s_mag-vim_20170101_v01.cdf,C:\Users\Administrator\Documents\FWD_matlab\Voyager_fu\Voyager_Interstellar_Monthly\HighestPrecision_Segments\V1_MAG48s_segment_0256_20170620T130223_20170620T173423.png,ok,
1,257,2017-06-21 00:52:48,2017-06-21 15:49:35,14.9464799999322,1121,47.52,95.04,7200,240,Z:\SPART-WORK\Data\Voyager\voyager1\mag\48s\reviewed_vim\2017\voyager1_48s_mag-vim_20170101_v01.cdf,C:\Users\Administrator\Documents\FWD_matlab\Voyager_fu\Voyager_Interstellar_Monthly\HighestPrecision_Segments\V1_MAG48s_segment_0257_20170621T005248_20170621T154935.png,ok,
1,258,2017-06-22 04:20:47,2017-06-22 15:43:59,11.3865602777778,854,47.52,95.905,7200,240,Z:\SPART-WORK\Data\Voyager\voyager1\mag\48s\reviewed_vim\2017\voyager1_48s_mag-vim_20170101_v01.cdf,C:\Users\Administrator\Documents\FWD_matlab\Voyager_fu\Voyager_Interstellar_Monthly\HighestPrecision_Segments\V1_MAG48s_segment_0258_20170622T042047_20170622T154359.png,ok,
1,259,2017-06-23 07:16:47,2017-06-23 15:27:59,8.18664027777778,612,47.52,191.808,7200,240,Z:\SPART-WORK\Data\Voyager\voyager1\mag\48s\reviewed_vim\2017\voyager1_48s_mag-vim_20170101_v01.cdf,C:\Users\Administrator\Documents\FWD_matlab\Voyager_fu\Voyager_Interstellar_Monthly\HighestPrecision_Segments\V1_MAG48s_segment_0259_20170623T071647_20170623T152759.png,ok,
1,260,2017-06-24 00:35:11,2017-06-24 15:38:23,15.05328,1122,47.52,239.328,7200,240,Z:\SPART-WORK\Data\Voyager\voyager1\mag\48s\reviewed_vim\2017\voyager1_48s_mag-vim_20170101_v01.cdf,C:\Users\Administrator\Documents\FWD_matlab\Voyager_fu\Voyager_Interstellar_Monthly\HighestPrecision_Segments\V1_MAG48s_segment_0260_20170624T003511_20170624T153823.png,ok,
1,261,2017-06-25 01:23:11,2017-06-25 14:43:59,13.3466397222222,837,47.52,5232.383,7200,240,Z:\SPART-WORK\Data\Voyager\voyager1\mag\48s\reviewed_vim\2017\voyager1_48s_mag-vim_20170101_v01.cdf,C:\Users\Administrator\Documents\FWD_matlab\Voyager_fu\Voyager_Interstellar_Monthly\HighestPrecision_Segments\V1_MAG48s_segment_0261_20170625T012311_20170625T144359.png,ok,
1,262,2017-06-26 04:07:58,2017-06-26 04:19:58,0.19992,15,47.5205,95.903,7200,240,Z:\SPART-WORK\Data\Voyager\voyager1\mag\48s\reviewed_vim\2017\voyager1_48s_mag-vim_20170101_v01.cdf,C:\Users\Administrator\Documents\FWD_matlab\Voyager_fu\Voyager_Interstellar_Monthly\HighestPrecision_Segments\V1_MAG48s_segment_0262_20170626T040758_20170626T041958.png,ok,
1,263,2017-06-26 07:26:24,2017-06-26 15:27:59,8.02656,581,47.52,623.809,7200,240,Z:\SPART-WORK\Data\Voyager\voyager1\mag\48s\reviewed_vim\2017\voyager1_48s_mag-vim_20170101_v01.cdf,C:\Users\Administrator\Documents\FWD_matlab\Voyager_fu\Voyager_Interstellar_Monthly\HighestPrecision_Segments\V1_MAG48s_segment_0263_20170626T072624_20170626T152759.png,ok,
1,264,2017-06-27 04:59:10,2017-06-27 15:23:11,10.4001597222222,773,47.52,239.328,7200,240,Z:\SPART-WORK\Data\Voyager\voyager1\mag\48s\reviewed_vim\2017\voyager1_48s_mag-vim_20170101_v01.cdf,C:\Users\Administrator\Documents\FWD_matlab\Voyager_fu\Voyager_Interstellar_Monthly\HighestPrecision_Segments\V1_MAG48s_segment_0264_20170627T045910_20170627T152311.png,ok,
1,265,2017-06-28 00:59:11,2017-06-28 07:47:59,6.81335972222222,509,47.52,190.944999755859,7200,240,Z:\SPART-WORK\Data\Voyager\voyager1\mag\48s\reviewed_vim\2017\voyager1_48s_mag-vim_20170101_v01.cdf,C:\Users\Administrator\Documents\FWD_matlab\Voyager_fu\Voyager_Interstellar_Monthly\HighestPrecision_Segments\V1_MAG48s_segment_0265_20170628T005911_20170628T074759.png,ok,
1,266,2017-06-28 10:01:35,2017-06-28 15:12:47,5.18664027770996,390,47.52,49.249,7200,240,Z:\SPART-WORK\Data\Voyager\voyager1\mag\48s\reviewed_vim\2017\voyager1_48s_mag-vim_20170101_v01.cdf,C:\Users\Administrator\Documents\FWD_matlab\Voyager_fu\Voyager_Interstellar_Monthly\HighestPrecision_Segments\V1_MAG48s_segment_0266_20170628T100135_20170628T151247.png,ok,
1,267,2017-06-29 00:38:23,2017-06-29 18:37:35,17.9868,1350,47.52,49.249,7200,240,Z:\SPART-WORK\Data\Voyager\voyager1\mag\48s\reviewed_vim\2017\voyager1_48s_mag-vim_20170101_v01.cdf,C:\Users\Administrator\Documents\FWD_matlab\Voyager_fu\Voyager_Interstellar_Monthly\HighestPrecision_Segments\V1_MAG48s_segment_0267_20170629T003823_20170629T183735.png,ok,
1,268,2017-06-30 02:36:48,2017-06-30 15:14:23,12.6263997222222,948,47.52,49.249,7200,240,Z:\SPART-WORK\Data\Voyager\voyager1\mag\48s\reviewed_vim\2017\voyager1_48s_mag-vim_20170101_v01.cdf,C:\Users\Administrator\Documents\FWD_matlab\Voyager_fu\Voyager_Interstellar_Monthly\HighestPrecision_Segments\V1_MAG48s_segment_0268_20170630T023648_20170630T151423.png,ok,
1,269,2017-06-30 22:27:11,2017-07-01 07:57:36,9.50688,703,47.52,431.135,7200,240,Z:\SPART-WORK\Data\Voyager\voyager1\mag\48s\reviewed_vim\2017\voyager1_48s_mag-vim_20170101_v01.cdf,C:\Users\Administrator\Documents\FWD_matlab\Voyager_fu\Voyager_Interstellar_Monthly\HighestPrecision_Segments\V1_MAG48s_segment_0269_20170630T222711_20170701T075736.png,ok,
1,270,2017-07-02 03:15:10,2017-07-02 16:07:58,12.8800802777778,965,47.52,143.423000244141,7200,240,Z:\SPART-WORK\Data\Voyager\voyager1\mag\48s\reviewed_vim\2017\voyager1_48s_mag-vim_20170101_v01.cdf,C:\Users\Administrator\Documents\FWD_matlab\Voyager_fu\Voyager_Interstellar_Monthly\HighestPrecision_Segments\V1_MAG48s_segment_0270_20170702T031510_20170702T160758.png,ok,
1,271,2017-07-03 07:02:22,2017-07-03 14:58:24,7.93368,594,47.52,144.287,7200,240,Z:\SPART-WORK\Data\Voyager\voyager1\mag\48s\reviewed_vim\2017\voyager1_48s_mag-vim_20170101_v01.cdf,C:\Users\Administrator\Documents\FWD_matlab\Voyager_fu\Voyager_Interstellar_Monthly\HighestPrecision_Segments\V1_MAG48s_segment_0271_20170703T070222_20170703T145824.png,ok,
1,272,2017-07-04 07:50:23,2017-07-04 14:57:34,7.11984,535,47.52,49.249,7200,240,Z:\SPART-WORK\Data\Voyager\voyager1\mag\48s\reviewed_vim\2017\voyager1_48s_mag-vim_20170101_v01.cdf,C:\Users\Administrator\Documents\FWD_matlab\Voyager_fu\Voyager_Interstellar_Monthly\HighestPrecision_Segments\V1_MAG48s_segment_0272_20170704T075023_20170704T145734.png,ok,
1,273,2017-07-05 00:38:23,2017-07-05 17:12:46,16.5732,1103,47.52,6768.576,7200,240,Z:\SPART-WORK\Data\Voyager\voyager1\mag\48s\reviewed_vim\2017\voyager1_48s_mag-vim_20170101_v01.cdf,C:\Users\Administrator\Documents\FWD_matlab\Voyager_fu\Voyager_Interstellar_Monthly\HighestPrecision_Segments\V1_MAG48s_segment_0273_20170705T003823_20170705T171246.png,ok,
1,274,2017-07-06 08:52:48,2017-07-06 19:27:59,10.5864,699,47.52,3792.961,7200,240,Z:\SPART-WORK\Data\Voyager\voyager1\mag\48s\reviewed_vim\2017\voyager1_48s_mag-vim_20170101_v01.cdf,C:\Users\Administrator\Documents\FWD_matlab\Voyager_fu\Voyager_Interstellar_Monthly\HighestPrecision_Segments\V1_MAG48s_segment_0274_20170706T085248_20170706T192759.png,ok,
1,275,2017-07-07 02:06:23,2017-07-07 14:41:34,12.58656,942,47.52,190.945,7200,240,Z:\SPART-WORK\Data\Voyager\voyager1\mag\48s\reviewed_vim\2017\voyager1_48s_mag-vim_20170101_v01.cdf,C:\Users\Administrator\Documents\FWD_matlab\Voyager_fu\Voyager_Interstellar_Monthly\HighestPrecision_Segments\V1_MAG48s_segment_0275_20170707T020623_20170707T144134.png,ok,
1,276,2017-07-08 04:17:35,2017-07-08 14:36:46,10.31976,675,47.52,4703.616,7200,240,Z:\SPART-WORK\Data\Voyager\voyager1\mag\48s\reviewed_vim\2017\voyager1_48s_mag-vim_20170101_v01.cdf,C:\Users\Administrator\Documents\FWD_matlab\Voyager_fu\Voyager_Interstellar_Monthly\HighestPrecision_Segments\V1_MAG48s_segment_0276_20170708T041735_20170708T143646.png,ok,
1,277,2017-07-09 02:36:46,2017-07-09 14:36:46,12,821,47.52,3504.38399975586,7200,240,Z:\SPART-WORK\Data\Voyager\voyager1\mag\48s\reviewed_vim\2017\voyager1_48s_mag-vim_20170101_v01.cdf,C:\Users\Administrator\Documents\FWD_matlab\Voyager_fu\Voyager_Interstellar_Monthly\HighestPrecision_Segments\V1_MAG48s_segment_0277_20170709T023646_20170709T143646.png,ok,
1,278,2017-07-10 00:11:11,2017-07-10 07:46:23,7.58664027770996,567,47.52,190.943,7200,240,Z:\SPART-WORK\Data\Voyager\voyager1\mag\48s\reviewed_vim\2017\voyager1_48s_mag-vim_20170101_v01.cdf,C:\Users\Administrator\Documents\FWD_matlab\Voyager_fu\Voyager_Interstellar_Monthly\HighestPrecision_Segments\V1_MAG48s_segment_0278_20170710T001111_20170710T074623.png,ok,
1,279,2017-07-10 12:41:35,2017-07-10 16:44:47,4.05336000006782,299,47.52,240.192,7200,240,Z:\SPART-WORK\Data\Voyager\voyager1\mag\48s\reviewed_vim\2017\voyager1_48s_mag-vim_20170101_v01.cdf,C:\Users\Administrator\Documents\FWD_matlab\Voyager_fu\Voyager_Interstellar_Monthly\HighestPrecision_Segments\V1_MAG48s_segment_0279_20170710T124135_20170710T164447.png,ok,
1,280,2017-07-11 06:38:23,2017-07-11 20:33:35,13.9200002777778,1002,47.52,768.961,7200,240,Z:\SPART-WORK\Data\Voyager\voyager1\mag\48s\reviewed_vim\2017\voyager1_48s_mag-vim_20170101_v01.cdf,C:\Users\Administrator\Documents\FWD_matlab\Voyager_fu\Voyager_Interstellar_Monthly\HighestPrecision_Segments\V1_MAG48s_segment_0280_20170711T063823_20170711T203335.png,ok,
1,281,2017-07-12 04:15:58,2017-07-12 14:18:23,10.04016,633,47.52,5376.672,7200,240,Z:\SPART-WORK\Data\Voyager\voyager1\mag\48s\reviewed_vim\2017\voyager1_48s_mag-vim_20170101_v01.cdf,C:\Users\Administrator\Documents\FWD_matlab\Voyager_fu\Voyager_Interstellar_Monthly\HighestPrecision_Segments\V1_MAG48s_segment_0281_20170712T041558_20170712T141823.png,ok,
1,282,2017-07-13 03:58:22,2017-07-13 14:15:59,10.2936,652,47.52,5616,7200,240,Z:\SPART-WORK\Data\Voyager\voyager1\mag\48s\reviewed_vim\2017\voyager1_48s_mag-vim_20170101_v01.cdf,C:\Users\Administrator\Documents\FWD_matlab\Voyager_fu\Voyager_Interstellar_Monthly\HighestPrecision_Segments\V1_MAG48s_segment_0282_20170713T035822_20170713T141559.png,ok,
1,283,2017-07-14 03:02:22,2017-07-14 14:15:10,11.21328,772,47.52,3167.425,7200,240,Z:\SPART-WORK\Data\Voyager\voyager1\mag\48s\reviewed_vim\2017\voyager1_48s_mag-vim_20170101_v01.cdf,C:\Users\Administrator\Documents\FWD_matlab\Voyager_fu\Voyager_Interstellar_Monthly\HighestPrecision_Segments\V1_MAG48s_segment_0283_20170714T030222_20170714T141510.png,ok,
1,284,2017-07-15 00:25:34,2017-07-15 13:51:10,13.4268,998,47.52,288.575,7200,240,Z:\SPART-WORK\Data\Voyager\voyager1\mag\48s\reviewed_vim\2017\voyager1_48s_mag-vim_20170101_v01.cdf,C:\Users\Administrator\Documents\FWD_matlab\Voyager_fu\Voyager_Interstellar_Monthly\HighestPrecision_Segments\V1_MAG48s_segment_0284_20170715T002534_20170715T135110.png,ok,
1,285,2017-07-16 00:29:34,2017-07-16 14:05:34,13.5998397222222,1014,47.52,240.192999755859,7200,240,Z:\SPART-WORK\Data\Voyager\voyager1\mag\48s\reviewed_vim\2017\voyager1_48s_mag-vim_20170101_v01.cdf,C:\Users\Administrator\Documents\FWD_matlab\Voyager_fu\Voyager_Interstellar_Monthly\HighestPrecision_Segments\V1_MAG48s_segment_0285_20170716T002934_20170716T140534.png,ok,
1,286,2017-07-17 03:08:46,2017-07-17 17:55:11,14.7736797222222,969,47.52,6528.384,7200,240,Z:\SPART-WORK\Data\Voyager\voyager1\mag\48s\reviewed_vim\2017\voyager1_48s_mag-vim_20170101_v01.cdf,C:\Users\Administrator\Documents\FWD_matlab\Voyager_fu\Voyager_Interstellar_Monthly\HighestPrecision_Segments\V1_MAG48s_segment_0286_20170717T030846_20170717T175511.png,ok,
1,287,2017-07-18 03:32:47,2017-07-18 08:41:34,5.14656,380,47.52,239.328,7200,240,Z:\SPART-WORK\Data\Voyager\voyager1\mag\48s\reviewed_vim\2017\voyager1_48s_mag-vim_20170101_v01.cdf,C:\Users\Administrator\Documents\FWD_matlab\Voyager_fu\Voyager_Interstellar_Monthly\HighestPrecision_Segments\V1_MAG48s_segment_0287_20170718T033247_20170718T084134.png,ok,
1,288,2017-07-18 11:26:22,2017-07-18 14:00:47,2.57351972222222,194,47.52,49.249,7200,240,Z:\SPART-WORK\Data\Voyager\voyager1\mag\48s\reviewed_vim\2017\voyager1_48s_mag-vim_20170101_v01.cdf,C:\Users\Administrator\Documents\FWD_matlab\Voyager_fu\Voyager_Interstellar_Monthly\HighestPrecision_Segments\V1_MAG48s_segment_0288_20170718T112622_20170718T140047.png,ok,
1,289,2017-07-19 03:37:34,2017-07-19 13:53:34,10.2667197222222,758,47.52,336.097,7200,240,Z:\SPART-WORK\Data\Voyager\voyager1\mag\48s\reviewed_vim\2017\voyager1_48s_mag-vim_20170101_v01.cdf,C:\Users\Administrator\Documents\FWD_matlab\Voyager_fu\Voyager_Interstellar_Monthly\HighestPrecision_Segments\V1_MAG48s_segment_0289_20170719T033734_20170719T135334.png,ok,
1,290,2017-07-20 03:23:11,2017-07-20 04:59:57,1.61304027777778,121,47.52,95.905,7200,240,Z:\SPART-WORK\Data\Voyager\voyager1\mag\48s\reviewed_vim\2017\voyager1_48s_mag-vim_20170101_v01.cdf,C:\Users\Administrator\Documents\FWD_matlab\Voyager_fu\Voyager_Interstellar_Monthly\HighestPrecision_Segments\V1_MAG48s_segment_0290_20170720T032311_20170720T045957.png,ok,
1,291,2017-07-20 07:45:34,2017-07-20 14:50:22,7.08000027777778,531,47.52,95.905,7200,240,Z:\SPART-WORK\Data\Voyager\voyager1\mag\48s\reviewed_vim\2017\voyager1_48s_mag-vim_20170101_v01.cdf,C:\Users\Administrator\Documents\FWD_matlab\Voyager_fu\Voyager_Interstellar_Monthly\HighestPrecision_Segments\V1_MAG48s_segment_0291_20170720T074534_20170720T145022.png,ok,
1,292,2017-07-21 01:27:59,2017-07-21 13:44:45,12.2796,919,47.52,190.945,7200,240,Z:\SPART-WORK\Data\Voyager\voyager1\mag\48s\reviewed_vim\2017\voyager1_48s_mag-vim_20170101_v01.cdf,C:\Users\Administrator\Documents\FWD_matlab\Voyager_fu\Voyager_Interstellar_Monthly\HighestPrecision_Segments\V1_MAG48s_segment_0292_20170721T012759_20170721T134445.png,ok,
1,293,2017-07-21 16:11:09,2017-07-21 18:24:46,2.22696027777778,165,47.5200002441406,191.808,7200,240,Z:\SPART-WORK\Data\Voyager\voyager1\mag\48s\reviewed_vim\2017\voyager1_48s_mag-vim_20170101_v01.cdf,C:\Users\Administrator\Documents\FWD_matlab\Voyager_fu\Voyager_Interstellar_Monthly\HighestPrecision_Segments\V1_MAG48s_segment_0293_20170721T161109_20170721T182446.png,ok,
1,294,2017-07-22 01:56:47,2017-07-22 13:39:11,11.7067202777778,878,47.52,95.041,7200,240,Z:\SPART-WORK\Data\Voyager\voyager1\mag\48s\reviewed_vim\2017\voyager1_48s_mag-vim_20170101_v01.cdf,C:\Users\Administrator\Documents\FWD_matlab\Voyager_fu\Voyager_Interstellar_Monthly\HighestPrecision_Segments\V1_MAG48s_segment_0294_20170722T015647_20170722T133911.png,ok,
1,295,2017-07-23 00:41:34,2017-07-23 13:39:58,12.97344,974,47.52,49.249,7200,240,Z:\SPART-WORK\Data\Voyager\voyager1\mag\48s\reviewed_vim\2017\voyager1_48s_mag-vim_20170101_v01.cdf,C:\Users\Administrator\Documents\FWD_matlab\Voyager_fu\Voyager_Interstellar_Monthly\HighestPrecision_Segments\V1_MAG48s_segment_0295_20170723T004134_20170723T133958.png,ok,
1,296,2017-07-24 03:39:10,2017-07-24 13:35:58,9.94656027777778,739,47.5200002441406,192.672,7200,240,Z:\SPART-WORK\Data\Voyager\voyager1\mag\48s\reviewed_vim\2017\voyager1_48s_mag-vim_20170101_v01.cdf,C:\Users\Administrator\Documents\FWD_matlab\Voyager_fu\Voyager_Interstellar_Monthly\HighestPrecision_Segments\V1_MAG48s_segment_0296_20170724T033910_20170724T133558.png,ok,
1,297,2017-07-25 00:14:22,2017-07-25 13:29:34,13.2535197222222,961,47.5200002441406,1392.76800024414,7200,240,Z:\SPART-WORK\Data\Voyager\voyager1\mag\48s\reviewed_vim\2017\voyager1_48s_mag-vim_20170101_v01.cdf,C:\Users\Administrator\Documents\FWD_matlab\Voyager_fu\Voyager_Interstellar_Monthly\HighestPrecision_Segments\V1_MAG48s_segment_0297_20170725T001422_20170725T132934.png,ok,
1,298,2017-07-25 20:11:10,2017-07-26 05:53:34,9.7068,593,47.5209997558594,6289.056,7200,240,Z:\SPART-WORK\Data\Voyager\voyager1\mag\48s\reviewed_vim\2017\voyager1_48s_mag-vim_20170101_v01.cdf,C:\Users\Administrator\Documents\FWD_matlab\Voyager_fu\Voyager_Interstellar_Monthly\HighestPrecision_Segments\V1_MAG48s_segment_0298_20170725T201110_20170726T055334.png,ok,
1,299,2017-07-26 09:53:34,2017-07-26 19:35:58,9.7068,726,47.5209997558594,192.672,7200,240,Z:\SPART-WORK\Data\Voyager\voyager1\mag\48s\reviewed_vim\2017\voyager1_48s_mag-vim_20170101_v01.cdf,C:\Users\Administrator\Documents\FWD_matlab\Voyager_fu\Voyager_Interstellar_Monthly\HighestPrecision_Segments\V1_MAG48s_segment_0299_20170726T095334_20170726T193558.png,ok,
1,300,2017-07-26 23:48:46,2017-07-27 05:48:46,6,448,47.5209997558594,190.944,7200,240,Z:\SPART-WORK\Data\Voyager\voyager1\mag\48s\reviewed_vim\2017\voyager1_48s_mag-vim_20170101_v01.cdf,C:\Users\Administrator\Documents\FWD_matlab\Voyager_fu\Voyager_Interstellar_Monthly\HighestPrecision_Segments\V1_MAG48s_segment_0300_20170726T234846_20170727T054846.png,ok,
1,301,2017-07-27 07:55:11,2017-07-27 13:18:22,5.38655972229004,402,47.5209997558594,191.809,7200,240,Z:\SPART-WORK\Data\Voyager\voyager1\mag\48s\reviewed_vim\2017\voyager1_48s_mag-vim_20170101_v01.cdf,C:\Users\Administrator\Documents\FWD_matlab\Voyager_fu\Voyager_Interstellar_Monthly\HighestPrecision_Segments\V1_MAG48s_segment_0301_20170727T075511_20170727T131822.png,ok,
1,302,2017-07-28 01:13:34,2017-07-28 13:12:46,11.9868002777778,900,47.521,49.249,7200,240,Z:\SPART-WORK\Data\Voyager\voyager1\mag\48s\reviewed_vim\2017\voyager1_48s_mag-vim_20170101_v01.cdf,C:\Users\Administrator\Documents\FWD_matlab\Voyager_fu\Voyager_Interstellar_Monthly\HighestPrecision_Segments\V1_MAG48s_segment_0302_20170728T011334_20170728T131246.png,ok,
1,303,2017-07-28 22:35:10,2017-07-29 13:12:46,14.6268,1095,47.521,144.287,7200,240,Z:\SPART-WORK\Data\Voyager\voyager1\mag\48s\reviewed_vim\2017\voyager1_48s_mag-vim_20170101_v01.cdf,C:\Users\Administrator\Documents\FWD_matlab\Voyager_fu\Voyager_Interstellar_Monthly\HighestPrecision_Segments\V1_MAG48s_segment_0303_20170728T223510_20170729T131246.png,ok,
1,304,2017-07-29 20:54:22,2017-07-30 16:08:46,19.24008,1442,47.521,144.288,7200,240,Z:\SPART-WORK\Data\Voyager\voyager1\mag\48s\reviewed_vim\2017\voyager1_48s_mag-vim_20170101_v01.cdf,C:\Users\Administrator\Documents\FWD_matlab\Voyager_fu\Voyager_Interstellar_Monthly\HighestPrecision_Segments\V1_MAG48s_segment_0304_20170729T205422_20170730T160846.png,ok,
1,305,2017-07-31 00:15:58,2017-07-31 05:59:58,5.73336000006782,422,47.521,286.848,7200,240,Z:\SPART-WORK\Data\Voyager\voyager1\mag\48s\reviewed_vim\2017\voyager1_48s_mag-vim_20170101_v01.cdf,C:\Users\Administrator\Documents\FWD_matlab\Voyager_fu\Voyager_Interstellar_Monthly\HighestPrecision_Segments\V1_MAG48s_segment_0305_20170731T001558_20170731T055958.png,ok,
1,306,2017-07-31 13:32:45,2017-07-31 17:27:57,3.91991972222222,286,47.521,334.369,7200,240,Z:\SPART-WORK\Data\Voyager\voyager1\mag\48s\reviewed_vim\2017\voyager1_48s_mag-vim_20170101_v01.cdf,C:\Users\Administrator\Documents\FWD_matlab\Voyager_fu\Voyager_Interstellar_Monthly\HighestPrecision_Segments\V1_MAG48s_segment_0306_20170731T133245_20170731T172757.png,ok,
1,307,2017-08-01 00:39:58,2017-08-01 19:12:46,18.54672,1238,47.521,2304.289,7200,240,Z:\SPART-WORK\Data\Voyager\voyager1\mag\48s\reviewed_vim\2017\voyager1_48s_mag-vim_20170101_v01.cdf,C:\Users\Administrator\Documents\FWD_matlab\Voyager_fu\Voyager_Interstellar_Monthly\HighestPrecision_Segments\V1_MAG48s_segment_0307_20170801T003958_20170801T191246.png,ok,
1,308,2017-08-02 02:43:09,2017-08-02 11:56:46,9.22679972222222,628,47.521,1152.576,7200,240,Z:\SPART-WORK\Data\Voyager\voyager1\mag\48s\reviewed_vim\2017\voyager1_48s_mag-vim_20170101_v01.cdf,C:\Users\Administrator\Documents\FWD_matlab\Voyager_fu\Voyager_Interstellar_Monthly\HighestPrecision_Segments\V1_MAG48s_segment_0308_20170802T024309_20170802T115646.png,ok,
1,309,2017-08-03 02:27:10,2017-08-03 14:27:57,12.0131997222222,887,47.521,574.561,7200,240,Z:\SPART-WORK\Data\Voyager\voyager1\mag\48s\reviewed_vim\2017\voyager1_48s_mag-vim_20170101_v01.cdf,C:\Users\Administrator\Documents\FWD_matlab\Voyager_fu\Voyager_Interstellar_Monthly\HighestPrecision_Segments\V1_MAG48s_segment_0309_20170803T022710_20170803T142757.png,ok,
1,310,2017-08-04 00:55:09,2017-08-04 14:22:21,13.4532002777778,905,47.521,4128.19100024414,7200,240,Z:\SPART-WORK\Data\Voyager\voyager1\mag\48s\reviewed_vim\2017\voyager1_48s_mag-vim_20170101_v01.cdf,C:\Users\Administrator\Documents\FWD_matlab\Voyager_fu\Voyager_Interstellar_Monthly\HighestPrecision_Segments\V1_MAG48s_segment_0310_20170804T005509_20170804T142221.png,ok,
1,311,2017-08-04 23:24:46,2017-08-05 17:27:57,18.05304,1337,47.521,336.961,7200,240,Z:\SPART-WORK\Data\Voyager\voyager1\mag\48s\reviewed_vim\2017\voyager1_48s_mag-vim_20170101_v01.cdf,C:\Users\Administrator\Documents\FWD_matlab\Voyager_fu\Voyager_Interstellar_Monthly\HighestPrecision_Segments\V1_MAG48s_segment_0311_20170804T232446_20170805T172757.png,ok,
1,312,2017-08-06 01:50:21,2017-08-06 18:30:22,16.6667999999322,1190,47.521,2831.329,7200,240,Z:\SPART-WORK\Data\Voyager\voyager1\mag\48s\reviewed_vim\2017\voyager1_48s_mag-vim_20170101_v01.cdf,C:\Users\Administrator\Documents\FWD_matlab\Voyager_fu\Voyager_Interstellar_Monthly\HighestPrecision_Segments\V1_MAG48s_segment_0312_20170806T015021_20170806T183022.png,ok,
1,313,2017-08-07 04:12:46,2017-08-07 14:12:45,9.99959972229004,719,47.521,1486.945,7200,240,Z:\SPART-WORK\Data\Voyager\voyager1\mag\48s\reviewed_vim\2017\voyager1_48s_mag-vim_20170101_v01.cdf,C:\Users\Administrator\Documents\FWD_matlab\Voyager_fu\Voyager_Interstellar_Monthly\HighestPrecision_Segments\V1_MAG48s_segment_0313_20170807T041246_20170807T141245.png,ok,
1,314,2017-08-08 07:39:09,2017-08-08 19:07:10,11.4669597222222,821,47.521,1728.00099975586,7200,240,Z:\SPART-WORK\Data\Voyager\voyager1\mag\48s\reviewed_vim\2017\voyager1_48s_mag-vim_20170101_v01.cdf,C:\Users\Administrator\Documents\FWD_matlab\Voyager_fu\Voyager_Interstellar_Monthly\HighestPrecision_Segments\V1_MAG48s_segment_0314_20170808T073909_20170808T190710.png,ok,
1,315,2017-08-09 00:44:45,2017-08-09 04:23:09,3.64007972222222,263,47.521,479.52,7200,240,Z:\SPART-WORK\Data\Voyager\voyager1\mag\48s\reviewed_vim\2017\voyager1_48s_mag-vim_20170101_v01.cdf,C:\Users\Administrator\Documents\FWD_matlab\Voyager_fu\Voyager_Interstellar_Monthly\HighestPrecision_Segments\V1_MAG48s_segment_0315_20170809T004445_20170809T042309.png,ok,
1,316,2017-08-09 10:55:58,2017-08-09 13:15:57,2.33304,174,47.521,143.425,7200,240,Z:\SPART-WORK\Data\Voyager\voyager1\mag\48s\reviewed_vim\2017\voyager1_48s_mag-vim_20170101_v01.cdf,C:\Users\Administrator\Documents\FWD_matlab\Voyager_fu\Voyager_Interstellar_Monthly\HighestPrecision_Segments\V1_MAG48s_segment_0316_20170809T105558_20170809T131557.png,ok,
1,317,2017-08-10 02:51:10,2017-08-10 12:21:33,9.50640027777778,704,47.521,239.327999755859,7200,240,Z:\SPART-WORK\Data\Voyager\voyager1\mag\48s\reviewed_vim\2017\voyager1_48s_mag-vim_20170101_v01.cdf,C:\Users\Administrator\Documents\FWD_matlab\Voyager_fu\Voyager_Interstellar_Monthly\HighestPrecision_Segments\V1_MAG48s_segment_0317_20170810T025110_20170810T122133.png,ok,
1,318,2017-08-11 00:35:09,2017-08-11 13:55:58,13.3471202777778,860,47.521,6720.191,7200,240,Z:\SPART-WORK\Data\Voyager\voyager1\mag\48s\reviewed_vim\2017\voyager1_48s_mag-vim_20170101_v01.cdf,C:\Users\Administrator\Documents\FWD_matlab\Voyager_fu\Voyager_Interstellar_Monthly\HighestPrecision_Segments\V1_MAG48s_segment_0318_20170811T003509_20170811T135558.png,ok,
1,319,2017-08-11 20:52:46,2017-08-12 08:15:57,11.38656027771,854,47.521,95.9049997558594,7200,240,Z:\SPART-WORK\Data\Voyager\voyager1\mag\48s\reviewed_vim\2017\voyager1_48s_mag-vim_20170101_v01.cdf,C:\Users\Administrator\Documents\FWD_matlab\Voyager_fu\Voyager_Interstellar_Monthly\HighestPrecision_Segments\V1_MAG48s_segment_0319_20170811T205246_20170812T081557.png,ok,
1,320,2017-08-12 13:27:57,2017-08-12 16:55:09,3.45336,259,47.521,95.9030002441406,7200,240,Z:\SPART-WORK\Data\Voyager\voyager1\mag\48s\reviewed_vim\2017\voyager1_48s_mag-vim_20170101_v01.cdf,C:\Users\Administrator\Documents\FWD_matlab\Voyager_fu\Voyager_Interstellar_Monthly\HighestPrecision_Segments\V1_MAG48s_segment_0320_20170812T132757_20170812T165509.png,ok,
1,321,2017-08-13 00:27:09,2017-08-13 16:10:21,15.72,1107,47.521,3455.135,7200,240,Z:\SPART-WORK\Data\Voyager\voyager1\mag\48s\reviewed_vim\2017\voyager1_48s_mag-vim_20170101_v01.cdf,C:\Users\Administrator\Documents\FWD_matlab\Voyager_fu\Voyager_Interstellar_Monthly\HighestPrecision_Segments\V1_MAG48s_segment_0321_20170813T002709_20170813T161021.png,ok,
1,322,2017-08-13 22:30:22,2017-08-14 03:55:57,5.4264,406,47.521,143.423,7200,240,Z:\SPART-WORK\Data\Voyager\voyager1\mag\48s\reviewed_vim\2017\voyager1_48s_mag-vim_20170101_v01.cdf,C:\Users\Administrator\Documents\FWD_matlab\Voyager_fu\Voyager_Interstellar_Monthly\HighestPrecision_Segments\V1_MAG48s_segment_0322_20170813T223022_20170814T035557.png,ok,
1,323,2017-08-14 09:39:09,2017-08-14 13:10:21,3.52007999993218,265,47.521,49.249,7200,240,Z:\SPART-WORK\Data\Voyager\voyager1\mag\48s\reviewed_vim\2017\voyager1_48s_mag-vim_20170101_v01.cdf,C:\Users\Administrator\Documents\FWD_matlab\Voyager_fu\Voyager_Interstellar_Monthly\HighestPrecision_Segments\V1_MAG48s_segment_0323_20170814T093909_20170814T131021.png,ok,
1,324,2017-08-15 01:39:09,2017-08-15 07:05:33,5.44008,382,47.521,959.904,7200,240,Z:\SPART-WORK\Data\Voyager\voyager1\mag\48s\reviewed_vim\2017\voyager1_48s_mag-vim_20170101_v01.cdf,C:\Users\Administrator\Documents\FWD_matlab\Voyager_fu\Voyager_Interstellar_Monthly\HighestPrecision_Segments\V1_MAG48s_segment_0324_20170815T013909_20170815T070533.png,ok,
1,325,2017-08-15 09:50:21,2017-08-15 15:20:45,5.50680027777778,306,47.521,4993.056,7200,240,Z:\SPART-WORK\Data\Voyager\voyager1\mag\48s\reviewed_vim\2017\voyager1_48s_mag-vim_20170101_v01.cdf,C:\Users\Administrator\Documents\FWD_matlab\Voyager_fu\Voyager_Interstellar_Monthly\HighestPrecision_Segments\V1_MAG48s_segment_0325_20170815T095021_20170815T152045.png,ok,
1,326,2017-08-16 01:39:09,2017-08-16 13:31:57,11.88,832,47.521,2735.423,7200,240,Z:\SPART-WORK\Data\Voyager\voyager1\mag\48s\reviewed_vim\2017\voyager1_48s_mag-vim_20170101_v01.cdf,C:\Users\Administrator\Documents\FWD_matlab\Voyager_fu\Voyager_Interstellar_Monthly\HighestPrecision_Segments\V1_MAG48s_segment_0326_20170816T013909_20170816T133157.png,ok,
1,327,2017-08-17 00:38:21,2017-08-17 13:29:33,12.8532,897,47.521,3168.289,7200,240,Z:\SPART-WORK\Data\Voyager\voyager1\mag\48s\reviewed_vim\2017\voyager1_48s_mag-vim_20170101_v01.cdf,C:\Users\Administrator\Documents\FWD_matlab\Voyager_fu\Voyager_Interstellar_Monthly\HighestPrecision_Segments\V1_MAG48s_segment_0327_20170817T003821_20170817T132933.png,ok,
1,328,2017-08-17 23:29:34,2017-08-18 04:14:21,4.74647972229004,354,47.521,190.944,7200,240,Z:\SPART-WORK\Data\Voyager\voyager1\mag\48s\reviewed_vim\2017\voyager1_48s_mag-vim_20170101_v01.cdf,C:\Users\Administrator\Documents\FWD_matlab\Voyager_fu\Voyager_Interstellar_Monthly\HighestPrecision_Segments\V1_MAG48s_segment_0328_20170817T232934_20170818T041421.png,ok,
1,329,2017-08-18 07:13:34,2017-08-18 11:50:21,4.61304027777778,344,47.521,190.944,7200,240,Z:\SPART-WORK\Data\Voyager\voyager1\mag\48s\reviewed_vim\2017\voyager1_48s_mag-vim_20170101_v01.cdf,C:\Users\Administrator\Documents\FWD_matlab\Voyager_fu\Voyager_Interstellar_Monthly\HighestPrecision_Segments\V1_MAG48s_segment_0329_20170818T071334_20170818T115021.png,ok,
1,330,2017-08-19 01:26:21,2017-08-19 04:15:10,2.81352,212,47.521,49.249,7200,240,Z:\SPART-WORK\Data\Voyager\voyager1\mag\48s\reviewed_vim\2017\voyager1_48s_mag-vim_20170101_v01.cdf,C:\Users\Administrator\Documents\FWD_matlab\Voyager_fu\Voyager_Interstellar_Monthly\HighestPrecision_Segments\V1_MAG48s_segment_0330_20170819T012621_20170819T041510.png,ok,
1,331,2017-08-19 09:48:45,2017-08-19 17:10:21,7.36008,551,47.521,144.288,7200,240,Z:\SPART-WORK\Data\Voyager\voyager1\mag\48s\reviewed_vim\2017\voyager1_48s_mag-vim_20170101_v01.cdf,C:\Users\Administrator\Documents\FWD_matlab\Voyager_fu\Voyager_Interstellar_Monthly\HighestPrecision_Segments\V1_MAG48s_segment_0331_20170819T094845_20170819T171021.png,ok,
1,332,2017-08-20 00:09:33,2017-08-20 11:40:44,11.5197597222222,779,47.521,4033.152,7200,240,Z:\SPART-WORK\Data\Voyager\voyager1\mag\48s\reviewed_vim\2017\voyager1_48s_mag-vim_20170101_v01.cdf,C:\Users\Administrator\Documents\FWD_matlab\Voyager_fu\Voyager_Interstellar_Monthly\HighestPrecision_Segments\V1_MAG48s_segment_0332_20170820T000933_20170820T114044.png,ok,
1,333,2017-08-21 01:40:46,2017-08-21 12:39:09,10.97304,717,47.5209997558594,4896.28799975586,7200,240,Z:\SPART-WORK\Data\Voyager\voyager1\mag\48s\reviewed_vim\2017\voyager1_48s_mag-vim_20170101_v01.cdf,C:\Users\Administrator\Documents\FWD_matlab\Voyager_fu\Voyager_Interstellar_Monthly\HighestPrecision_Segments\V1_MAG48s_segment_0333_20170821T014046_20170821T123909.png,ok,
1,334,2017-08-22 01:35:57,2017-08-22 13:15:57,11.66664,791,47.5209997558594,3983.904,7200,240,Z:\SPART-WORK\Data\Voyager\voyager1\mag\48s\reviewed_vim\2017\voyager1_48s_mag-vim_20170101_v01.cdf,C:\Users\Administrator\Documents\FWD_matlab\Voyager_fu\Voyager_Interstellar_Monthly\HighestPrecision_Segments\V1_MAG48s_segment_0334_20170822T013557_20170822T131557.png,ok,
1,335,2017-08-23 06:28:45,2017-08-23 12:28:45,6,442,47.5209997558594,384.48,7200,240,Z:\SPART-WORK\Data\Voyager\voyager1\mag\48s\reviewed_vim\2017\voyager1_48s_mag-vim_20170101_v01.cdf,C:\Users\Administrator\Documents\FWD_matlab\Voyager_fu\Voyager_Interstellar_Monthly\HighestPrecision_Segments\V1_MAG48s_segment_0335_20170823T062845_20170823T122845.png,ok,
1,336,2017-08-23 23:53:33,2017-08-24 03:54:21,4.01327972222222,300,47.5209997558594,145.151,7200,240,Z:\SPART-WORK\Data\Voyager\voyager1\mag\48s\reviewed_vim\2017\voyager1_48s_mag-vim_20170101_v01.cdf,C:\Users\Administrator\Documents\FWD_matlab\Voyager_fu\Voyager_Interstellar_Monthly\HighestPrecision_Segments\V1_MAG48s_segment_0336_20170823T235333_20170824T035421.png,ok,
1,337,2017-08-24 07:15:10,2017-08-24 12:28:45,5.22648027777778,391,47.5205,143.423,7200,240,Z:\SPART-WORK\Data\Voyager\voyager1\mag\48s\reviewed_vim\2017\voyager1_48s_mag-vim_20170101_v01.cdf,C:\Users\Administrator\Documents\FWD_matlab\Voyager_fu\Voyager_Interstellar_Monthly\HighestPrecision_Segments\V1_MAG48s_segment_0337_20170824T071510_20170824T122845.png,ok,
1,338,2017-08-25 00:59:09,2017-08-25 03:48:45,2.82672027777778,212,47.5200002441406,95.905,7200,240,Z:\SPART-WORK\Data\Voyager\voyager1\mag\48s\reviewed_vim\2017\voyager1_48s_mag-vim_20170101_v01.cdf,C:\Users\Administrator\Documents\FWD_matlab\Voyager_fu\Voyager_Interstellar_Monthly\HighestPrecision_Segments\V1_MAG48s_segment_0338_20170825T005909_20170825T034845.png,ok,
1,339,2017-08-25 07:48:45,2017-08-25 15:33:33,7.74648027770996,574,47.52,192.672999755859,7200,240,Z:\SPART-WORK\Data\Voyager\voyager1\mag\48s\reviewed_vim\2017\voyager1_48s_mag-vim_20170101_v01.cdf,C:\Users\Administrator\Documents\FWD_matlab\Voyager_fu\Voyager_Interstellar_Monthly\HighestPrecision_Segments\V1_MAG48s_segment_0339_20170825T074845_20170825T153333.png,ok,
1,340,2017-08-25 18:55:57,2017-08-26 11:18:21,16.3732802777778,1219,47.52,287.712,7200,240,Z:\SPART-WORK\Data\Voyager\voyager1\mag\48s\reviewed_vim\2017\voyager1_48s_mag-vim_20170101_v01.cdf,C:\Users\Administrator\Documents\FWD_matlab\Voyager_fu\Voyager_Interstellar_Monthly\HighestPrecision_Segments\V1_MAG48s_segment_0340_20170825T185557_20170826T111821.png,ok,
1,341,2017-08-27 04:31:57,2017-08-27 11:14:21,6.7068,496,47.52,383.617,7200,240,Z:\SPART-WORK\Data\Voyager\voyager1\mag\48s\reviewed_vim\2017\voyager1_48s_mag-vim_20170101_v01.cdf,C:\Users\Administrator\Documents\FWD_matlab\Voyager_fu\Voyager_Interstellar_Monthly\HighestPrecision_Segments\V1_MAG48s_segment_0341_20170827T043157_20170827T111421.png,ok,
1,342,2017-08-28 01:08:44,2017-08-28 11:07:09,9.97344,621,47.52,5471.712,7200,240,Z:\SPART-WORK\Data\Voyager\voyager1\mag\48s\reviewed_vim\2017\voyager1_48s_mag-vim_20170101_v01.cdf,C:\Users\Administrator\Documents\FWD_matlab\Voyager_fu\Voyager_Interstellar_Monthly\HighestPrecision_Segments\V1_MAG48s_segment_0342_20170828T010844_20170828T110709.png,ok,
1,343,2017-08-28 20:09:33,2017-08-29 00:12:46,4.05360027777778,305,47.52,49.249,7200,240,Z:\SPART-WORK\Data\Voyager\voyager1\mag\48s\reviewed_vim\2017\voyager1_48s_mag-vim_20170101_v01.cdf,C:\Users\Administrator\Documents\FWD_matlab\Voyager_fu\Voyager_Interstellar_Monthly\HighestPrecision_Segments\V1_MAG48s_segment_0343_20170828T200933_20170829T001246.png,ok,
1,344,2017-08-29 06:43:09,2017-08-29 10:47:09,4.06680027777778,306,47.52,49.249,7200,240,Z:\SPART-WORK\Data\Voyager\voyager1\mag\48s\reviewed_vim\2017\voyager1_48s_mag-vim_20170101_v01.cdf,C:\Users\Administrator\Documents\FWD_matlab\Voyager_fu\Voyager_Interstellar_Monthly\HighestPrecision_Segments\V1_MAG48s_segment_0344_20170829T064309_20170829T104709.png,ok,
1,345,2017-08-29 23:51:57,2017-08-30 05:06:21,5.23992,391,47.52,190.943000244141,7200,240,Z:\SPART-WORK\Data\Voyager\voyager1\mag\48s\reviewed_vim\2017\voyager1_48s_mag-vim_20170101_v01.cdf,C:\Users\Administrator\Documents\FWD_matlab\Voyager_fu\Voyager_Interstellar_Monthly\HighestPrecision_Segments\V1_MAG48s_segment_0345_20170829T235157_20170830T050621.png,ok,
1,346,2017-08-30 22:23:57,2017-08-31 05:07:09,6.72,503,47.52,145.152,7200,240,Z:\SPART-WORK\Data\Voyager\voyager1\mag\48s\reviewed_vim\2017\voyager1_48s_mag-vim_20170101_v01.cdf,C:\Users\Administrator\Documents\FWD_matlab\Voyager_fu\Voyager_Interstellar_Monthly\HighestPrecision_Segments\V1_MAG48s_segment_0346_20170830T222357_20170831T050709.png,ok,
1,347,2017-08-31 13:10:21,2017-08-31 15:37:33,2.45328027777778,184,47.52,95.041,7200,240,Z:\SPART-WORK\Data\Voyager\voyager1\mag\48s\reviewed_vim\2017\voyager1_48s_mag-vim_20170101_v01.cdf,C:\Users\Administrator\Documents\FWD_matlab\Voyager_fu\Voyager_Interstellar_Monthly\HighestPrecision_Segments\V1_MAG48s_segment_0347_20170831T131021_20170831T153733.png,ok,
1,348,2017-08-31 22:30:20,2017-09-01 05:02:22,6.53376027770996,489,47.52,143.423,7200,240,Z:\SPART-WORK\Data\Voyager\voyager1\mag\48s\reviewed_vim\2017\voyager1_48s_mag-vim_20170101_v01.cdf,C:\Users\Administrator\Documents\FWD_matlab\Voyager_fu\Voyager_Interstellar_Monthly\HighestPrecision_Segments\V1_MAG48s_segment_0348_20170831T223020_20170901T050222.png,ok,
1,349,2017-09-01 19:34:20,2017-09-02 10:47:09,15.2136002777778,1007,47.52,6144.76700024414,7200,240,Z:\SPART-WORK\Data\Voyager\voyager1\mag\48s\reviewed_vim\2017\voyager1_48s_mag-vim_20170101_v01.cdf,C:\Users\Administrator\Documents\FWD_matlab\Voyager_fu\Voyager_Interstellar_Monthly\HighestPrecision_Segments\V1_MAG48s_segment_0349_20170901T193420_20170902T104709.png,ok,
1,350,2017-09-02 22:15:57,2017-09-03 14:36:45,16.3466397222222,1067,47.52,5856.19199975586,7200,240,Z:\SPART-WORK\Data\Voyager\voyager1\mag\48s\reviewed_vim\2017\voyager1_48s_mag-vim_20170101_v01.cdf,C:\Users\Administrator\Documents\FWD_matlab\Voyager_fu\Voyager_Interstellar_Monthly\HighestPrecision_Segments\V1_MAG48s_segment_0350_20170902T221557_20170903T143645.png,ok,
1,351,2017-09-04 00:14:20,2017-09-04 04:47:57,4.56024,342,47.52,96.767,7200,240,Z:\SPART-WORK\Data\Voyager\voyager1\mag\48s\reviewed_vim\2017\voyager1_48s_mag-vim_20170101_v01.cdf,C:\Users\Administrator\Documents\FWD_matlab\Voyager_fu\Voyager_Interstellar_Monthly\HighestPrecision_Segments\V1_MAG48s_segment_0351_20170904T001420_20170904T044757.png,ok,
1,352,2017-09-04 07:59:57,2017-09-04 12:11:09,4.18679972222222,313,47.52,144.289,7200,240,Z:\SPART-WORK\Data\Voyager\voyager1\mag\48s\reviewed_vim\2017\voyager1_48s_mag-vim_20170101_v01.cdf,C:\Users\Administrator\Documents\FWD_matlab\Voyager_fu\Voyager_Interstellar_Monthly\HighestPrecision_Segments\V1_MAG48s_segment_0352_20170904T075957_20170904T121109.png,ok,
1,353,2017-09-04 19:15:09,2017-09-05 02:15:57,7.01328027770996,525,47.52,143.423,7200,240,Z:\SPART-WORK\Data\Voyager\voyager1\mag\48s\reviewed_vim\2017\voyager1_48s_mag-vim_20170101_v01.cdf,C:\Users\Administrator\Documents\FWD_matlab\Voyager_fu\Voyager_Interstellar_Monthly\HighestPrecision_Segments\V1_MAG48s_segment_0353_20170904T191509_20170905T021557.png,ok,
1,354,2017-09-05 08:03:09,2017-09-05 12:11:09,4.13327972222222,311,47.52,49.249,7200,240,Z:\SPART-WORK\Data\Voyager\voyager1\mag\48s\reviewed_vim\2017\voyager1_48s_mag-vim_20170101_v01.cdf,C:\Users\Administrator\Documents\FWD_matlab\Voyager_fu\Voyager_Interstellar_Monthly\HighestPrecision_Segments\V1_MAG48s_segment_0354_20170905T080309_20170905T121109.png,ok,
1,355,2017-09-05 20:51:08,2017-09-06 03:21:33,6.50688,466,47.52,1055.80700024414,7200,240,Z:\SPART-WORK\Data\Voyager\voyager1\mag\48s\reviewed_vim\2017\voyager1_48s_mag-vim_20170101_v01.cdf,C:\Users\Administrator\Documents\FWD_matlab\Voyager_fu\Voyager_Interstellar_Monthly\HighestPrecision_Segments\V1_MAG48s_segment_0355_20170905T205108_20170906T032133.png,ok,
1,356,2017-09-06 08:15:57,2017-09-06 15:05:33,6.8268,511,47.52,143.425,7200,240,Z:\SPART-WORK\Data\Voyager\voyager1\mag\48s\reviewed_vim\2017\voyager1_48s_mag-vim_20170101_v01.cdf,C:\Users\Administrator\Documents\FWD_matlab\Voyager_fu\Voyager_Interstellar_Monthly\HighestPrecision_Segments\V1_MAG48s_segment_0356_20170906T081557_20170906T150533.png,ok,
1,357,2017-09-06 23:48:45,2017-09-07 04:40:44,4.86648027770996,365,47.52,95.9049997558594,7200,240,Z:\SPART-WORK\Data\Voyager\voyager1\mag\48s\reviewed_vim\2017\voyager1_48s_mag-vim_20170101_v01.cdf,C:\Users\Administrator\Documents\FWD_matlab\Voyager_fu\Voyager_Interstellar_Monthly\HighestPrecision_Segments\V1_MAG48s_segment_0357_20170906T234845_20170907T044044.png,ok,
1,358,2017-09-07 07:31:08,2017-09-07 10:25:33,2.90712,217,47.52,143.423,7200,240,Z:\SPART-WORK\Data\Voyager\voyager1\mag\48s\reviewed_vim\2017\voyager1_48s_mag-vim_20170101_v01.cdf,C:\Users\Administrator\Documents\FWD_matlab\Voyager_fu\Voyager_Interstellar_Monthly\HighestPrecision_Segments\V1_MAG48s_segment_0358_20170907T073108_20170907T102533.png,ok,
1,359,2017-09-07 23:02:20,2017-09-08 12:59:56,13.96008,962,47.52,4128.19100024414,7200,240,Z:\SPART-WORK\Data\Voyager\voyager1\mag\48s\reviewed_vim\2017\voyager1_48s_mag-vim_20170101_v01.cdf,C:\Users\Administrator\Documents\FWD_matlab\Voyager_fu\Voyager_Interstellar_Monthly\HighestPrecision_Segments\V1_MAG48s_segment_0359_20170907T230220_20170908T125956.png,ok,
1,360,2017-09-09 06:35:09,2017-09-09 14:59:57,8.41344,629,47.52,96.769,7200,240,Z:\SPART-WORK\Data\Voyager\voyager1\mag\48s\reviewed_vim\2017\voyager1_48s_mag-vim_20170101_v01.cdf,C:\Users\Administrator\Documents\FWD_matlab\Voyager_fu\Voyager_Interstellar_Monthly\HighestPrecision_Segments\V1_MAG48s_segment_0360_20170909T063509_20170909T145957.png,ok,
1,361,2017-09-09 23:39:08,2017-09-10 04:25:33,4.77359972222222,356,47.52,192.672,7200,240,Z:\SPART-WORK\Data\Voyager\voyager1\mag\48s\reviewed_vim\2017\voyager1_48s_mag-vim_20170101_v01.cdf,C:\Users\Administrator\Documents\FWD_matlab\Voyager_fu\Voyager_Interstellar_Monthly\HighestPrecision_Segments\V1_MAG48s_segment_0361_20170909T233908_20170910T042533.png,ok,
1,362,2017-09-10 07:27:57,2017-09-10 11:24:44,3.94655972222222,297,47.52,49.249,7200,240,Z:\SPART-WORK\Data\Voyager\voyager1\mag\48s\reviewed_vim\2017\voyager1_48s_mag-vim_20170101_v01.cdf,C:\Users\Administrator\Documents\FWD_matlab\Voyager_fu\Voyager_Interstellar_Monthly\HighestPrecision_Segments\V1_MAG48s_segment_0362_20170910T072757_20170910T112444.png,ok,
1,363,2017-09-11 03:07:08,2017-09-11 10:10:21,7.05359972222222,389,47.52,6575.904,7200,240,Z:\SPART-WORK\Data\Voyager\voyager1\mag\48s\reviewed_vim\2017\voyager1_48s_mag-vim_20170101_v01.cdf,C:\Users\Administrator\Documents\FWD_matlab\Voyager_fu\Voyager_Interstellar_Monthly\HighestPrecision_Segments\V1_MAG48s_segment_0363_20170911T030708_20170911T101021.png,ok,
1,364,2017-09-11 22:30:20,2017-09-12 05:23:09,6.88008027770996,470,47.52,2303.423,7200,240,Z:\SPART-WORK\Data\Voyager\voyager1\mag\48s\reviewed_vim\2017\voyager1_48s_mag-vim_20170101_v01.cdf,C:\Users\Administrator\Documents\FWD_matlab\Voyager_fu\Voyager_Interstellar_Monthly\HighestPrecision_Segments\V1_MAG48s_segment_0364_20170911T223020_20170912T052309.png,ok,
1,365,2017-09-12 08:14:20,2017-09-12 08:54:21,0.666960277777778,51,47.52,49.249,7200,240,Z:\SPART-WORK\Data\Voyager\voyager1\mag\48s\reviewed_vim\2017\voyager1_48s_mag-vim_20170101_v01.cdf,C:\Users\Administrator\Documents\FWD_matlab\Voyager_fu\Voyager_Interstellar_Monthly\HighestPrecision_Segments\V1_MAG48s_segment_0365_20170912T081420_20170912T085421.png,ok,
1,366,2017-09-13 01:19:56,2017-09-13 04:08:43,2.81328,205,47.52,192.672,7200,240,Z:\SPART-WORK\Data\Voyager\voyager1\mag\48s\reviewed_vim\2017\voyager1_48s_mag-vim_20170101_v01.cdf,C:\Users\Administrator\Documents\FWD_matlab\Voyager_fu\Voyager_Interstellar_Monthly\HighestPrecision_Segments\V1_MAG48s_segment_0366_20170913T011956_20170913T040843.png,ok,
1,367,2017-09-13 06:15:57,2017-09-13 14:19:07,8.05296,549,47.52,2544.48,7200,240,Z:\SPART-WORK\Data\Voyager\voyager1\mag\48s\reviewed_vim\2017\voyager1_48s_mag-vim_20170101_v01.cdf,C:\Users\Administrator\Documents\FWD_matlab\Voyager_fu\Voyager_Interstellar_Monthly\HighestPrecision_Segments\V1_MAG48s_segment_0367_20170913T061557_20170913T141907.png,ok,
1,368,2017-09-13 23:48:45,2017-09-14 04:11:56,4.38647999993218,329,47.52,95.0409997558594,7200,240,Z:\SPART-WORK\Data\Voyager\voyager1\mag\48s\reviewed_vim\2017\voyager1_48s_mag-vim_20170101_v01.cdf,C:\Users\Administrator\Documents\FWD_matlab\Voyager_fu\Voyager_Interstellar_Monthly\HighestPrecision_Segments\V1_MAG48s_segment_0368_20170913T234845_20170914T041156.png,ok,
1,369,2017-09-14 08:54:19,2017-09-14 11:34:20,2.66688027770996,199,47.52,145.151999755859,7200,240,Z:\SPART-WORK\Data\Voyager\voyager1\mag\48s\reviewed_vim\2017\voyager1_48s_mag-vim_20170101_v01.cdf,C:\Users\Administrator\Documents\FWD_matlab\Voyager_fu\Voyager_Interstellar_Monthly\HighestPrecision_Segments\V1_MAG48s_segment_0369_20170914T085419_20170914T113420.png,ok,
1,370,2017-09-14 22:49:33,2017-09-15 02:19:55,3.50616027777778,264,47.52,50.112,7200,240,Z:\SPART-WORK\Data\Voyager\voyager1\mag\48s\reviewed_vim\2017\voyager1_48s_mag-vim_20170101_v01.cdf,C:\Users\Administrator\Documents\FWD_matlab\Voyager_fu\Voyager_Interstellar_Monthly\HighestPrecision_Segments\V1_MAG48s_segment_0370_20170914T224933_20170915T021955.png,ok,
1,371,2017-09-15 07:05:31,2017-09-15 10:59:07,3.89352,291,47.52,142.56,7200,240,Z:\SPART-WORK\Data\Voyager\voyager1\mag\48s\reviewed_vim\2017\voyager1_48s_mag-vim_20170101_v01.cdf,C:\Users\Administrator\Documents\FWD_matlab\Voyager_fu\Voyager_Interstellar_Monthly\HighestPrecision_Segments\V1_MAG48s_segment_0371_20170915T070531_20170915T105907.png,ok,
1,372,2017-09-16 00:01:32,2017-09-16 04:09:31,4.13303972222222,308,47.52,191.809,7200,240,Z:\SPART-WORK\Data\Voyager\voyager1\mag\48s\reviewed_vim\2017\voyager1_48s_mag-vim_20170101_v01.cdf,C:\Users\Administrator\Documents\FWD_matlab\Voyager_fu\Voyager_Interstellar_Monthly\HighestPrecision_Segments\V1_MAG48s_segment_0372_20170916T000132_20170916T040931.png,ok,
1,373,2017-09-16 23:23:08,2017-09-17 11:25:32,12.0400797222222,781,47.52,5713.633,7200,240,Z:\SPART-WORK\Data\Voyager\voyager1\mag\48s\reviewed_vim\2017\voyager1_48s_mag-vim_20170101_v01.cdf,C:\Users\Administrator\Documents\FWD_matlab\Voyager_fu\Voyager_Interstellar_Monthly\HighestPrecision_Segments\V1_MAG48s_segment_0373_20170916T232308_20170917T112532.png,ok,
1,374,2017-09-17 23:08:43,2017-09-18 08:18:20,9.16032,686,47.52,141.697,7200,240,Z:\SPART-WORK\Data\Voyager\voyager1\mag\48s\reviewed_vim\2017\voyager1_48s_mag-vim_20170101_v01.cdf,C:\Users\Administrator\Documents\FWD_matlab\Voyager_fu\Voyager_Interstellar_Monthly\HighestPrecision_Segments\V1_MAG48s_segment_0374_20170917T230843_20170918T081820.png,ok,
1,375,2017-09-18 10:46:20,2017-09-18 14:17:32,3.52008027770996,265,47.52,50.112,7200,240,Z:\SPART-WORK\Data\Voyager\voyager1\mag\48s\reviewed_vim\2017\voyager1_48s_mag-vim_20170101_v01.cdf,C:\Users\Administrator\Documents\FWD_matlab\Voyager_fu\Voyager_Interstellar_Monthly\HighestPrecision_Segments\V1_MAG48s_segment_0375_20170918T104620_20170918T141732.png,ok,
1,376,2017-09-19 00:07:56,2017-09-19 03:51:08,3.72000027777778,277,47.52,192.672000244141,7200,240,Z:\SPART-WORK\Data\Voyager\voyager1\mag\48s\reviewed_vim\2017\voyager1_48s_mag-vim_20170101_v01.cdf,C:\Users\Administrator\Documents\FWD_matlab\Voyager_fu\Voyager_Interstellar_Monthly\HighestPrecision_Segments\V1_MAG48s_segment_0376_20170919T000756_20170919T035108.png,ok,
1,377,2017-09-19 07:02:18,2017-09-19 10:59:07,3.94704,289,47.52,384.48,7200,240,Z:\SPART-WORK\Data\Voyager\voyager1\mag\48s\reviewed_vim\2017\voyager1_48s_mag-vim_20170101_v01.cdf,C:\Users\Administrator\Documents\FWD_matlab\Voyager_fu\Voyager_Interstellar_Monthly\HighestPrecision_Segments\V1_MAG48s_segment_0377_20170919T070218_20170919T105907.png,ok,
1,378,2017-09-19 23:43:54,2017-09-20 03:43:09,3.98735972222222,298,47.52,142.56,7200,240,Z:\SPART-WORK\Data\Voyager\voyager1\mag\48s\reviewed_vim\2017\voyager1_48s_mag-vim_20170101_v01.cdf,C:\Users\Administrator\Documents\FWD_matlab\Voyager_fu\Voyager_Interstellar_Monthly\HighestPrecision_Segments\V1_MAG48s_segment_0378_20170919T234354_20170920T034309.png,ok,
1,379,2017-09-20 07:23:08,2017-09-20 11:13:32,3.83999972229004,286,47.52,192.672,7200,240,Z:\SPART-WORK\Data\Voyager\voyager1\mag\48s\reviewed_vim\2017\voyager1_48s_mag-vim_20170101_v01.cdf,C:\Users\Administrator\Documents\FWD_matlab\Voyager_fu\Voyager_Interstellar_Monthly\HighestPrecision_Segments\V1_MAG48s_segment_0379_20170920T072308_20170920T111332.png,ok,
1,380,2017-09-20 21:37:31,2017-09-21 03:47:09,6.16056027770996,460,47.52,190.079,7200,240,Z:\SPART-WORK\Data\Voyager\voyager1\mag\48s\reviewed_vim\2017\voyager1_48s_mag-vim_20170101_v01.cdf,C:\Users\Administrator\Documents\FWD_matlab\Voyager_fu\Voyager_Interstellar_Monthly\HighestPrecision_Segments\V1_MAG48s_segment_0380_20170920T213731_20170921T034709.png,ok,
1,381,2017-09-21 06:44:44,2017-09-21 11:03:55,4.31976000006782,324,47.52,95.041,7200,240,Z:\SPART-WORK\Data\Voyager\voyager1\mag\48s\reviewed_vim\2017\voyager1_48s_mag-vim_20170101_v01.cdf,C:\Users\Administrator\Documents\FWD_matlab\Voyager_fu\Voyager_Interstellar_Monthly\HighestPrecision_Segments\V1_MAG48s_segment_0381_20170921T064444_20170921T110355.png,ok,
1,382,2017-09-21 22:33:30,2017-09-22 03:33:31,5.00016,376,47.52,50.1120002441406,7200,240,Z:\SPART-WORK\Data\Voyager\voyager1\mag\48s\reviewed_vim\2017\voyager1_48s_mag-vim_20170101_v01.cdf,C:\Users\Administrator\Documents\FWD_matlab\Voyager_fu\Voyager_Interstellar_Monthly\HighestPrecision_Segments\V1_MAG48s_segment_0382_20170921T223330_20170922T033331.png,ok,
1,383,2017-09-22 07:13:31,2017-09-22 11:03:55,3.83999972229004,284,47.52,191.808999755859,7200,240,Z:\SPART-WORK\Data\Voyager\voyager1\mag\48s\reviewed_vim\2017\voyager1_48s_mag-vim_20170101_v01.cdf,C:\Users\Administrator\Documents\FWD_matlab\Voyager_fu\Voyager_Interstellar_Monthly\HighestPrecision_Segments\V1_MAG48s_segment_0383_20170922T071331_20170922T110355.png,ok,
1,384,2017-09-22 23:37:33,2017-09-23 10:59:55,11.37288,852,47.52,145.151,7200,240,Z:\SPART-WORK\Data\Voyager\voyager1\mag\48s\reviewed_vim\2017\voyager1_48s_mag-vim_20170101_v01.cdf,C:\Users\Administrator\Documents\FWD_matlab\Voyager_fu\Voyager_Interstellar_Monthly\HighestPrecision_Segments\V1_MAG48s_segment_0384_20170922T233733_20170923T105955.png,ok,
1,385,2017-09-23 20:51:07,2017-09-24 03:27:06,6.59976,496,47.52,50.1120002441406,7200,240,Z:\SPART-WORK\Data\Voyager\voyager1\mag\48s\reviewed_vim\2017\voyager1_48s_mag-vim_20170101_v01.cdf,C:\Users\Administrator\Documents\FWD_matlab\Voyager_fu\Voyager_Interstellar_Monthly\HighestPrecision_Segments\V1_MAG48s_segment_0385_20170923T205107_20170924T032706.png,ok,
1,386,2017-09-24 22:30:20,2017-09-25 03:35:06,5.07936,382,47.52,50.1120002441406,7200,240,Z:\SPART-WORK\Data\Voyager\voyager1\mag\48s\reviewed_vim\2017\voyager1_48s_mag-vim_20170101_v01.cdf,C:\Users\Administrator\Documents\FWD_matlab\Voyager_fu\Voyager_Interstellar_Monthly\HighestPrecision_Segments\V1_MAG48s_segment_0386_20170924T223020_20170925T033506.png,ok,
1,387,2017-09-25 07:10:18,2017-09-25 10:57:32,3.7872,284,47.52,97.631,7200,240,Z:\SPART-WORK\Data\Voyager\voyager1\mag\48s\reviewed_vim\2017\voyager1_48s_mag-vim_20170101_v01.cdf,C:\Users\Administrator\Documents\FWD_matlab\Voyager_fu\Voyager_Interstellar_Monthly\HighestPrecision_Segments\V1_MAG48s_segment_0387_20170925T071018_20170925T105732.png,ok,
1,388,2017-09-25 23:15:07,2017-09-26 03:19:07,4.06656,304,47.52,145.152,7200,240,Z:\SPART-WORK\Data\Voyager\voyager1\mag\48s\reviewed_vim\2017\voyager1_48s_mag-vim_20170101_v01.cdf,C:\Users\Administrator\Documents\FWD_matlab\Voyager_fu\Voyager_Interstellar_Monthly\HighestPrecision_Segments\V1_MAG48s_segment_0388_20170925T231507_20170926T031907.png,ok,
1,389,2017-09-26 18:52:43,2017-09-27 03:12:44,8.33351972229004,626,47.52,50.1120002441406,7200,240,Z:\SPART-WORK\Data\Voyager\voyager1\mag\48s\reviewed_vim\2017\voyager1_48s_mag-vim_20170101_v01.cdf,C:\Users\Administrator\Documents\FWD_matlab\Voyager_fu\Voyager_Interstellar_Monthly\HighestPrecision_Segments\V1_MAG48s_segment_0389_20170926T185243_20170927T031244.png,ok,
1,390,2017-09-27 23:15:07,2017-09-28 03:12:44,3.96023972229004,298,47.52,50.1120002441406,7200,240,Z:\SPART-WORK\Data\Voyager\voyager1\mag\48s\reviewed_vim\2017\voyager1_48s_mag-vim_20170101_v01.cdf,C:\Users\Administrator\Documents\FWD_matlab\Voyager_fu\Voyager_Interstellar_Monthly\HighestPrecision_Segments\V1_MAG48s_segment_0390_20170927T231507_20170928T031244.png,ok,
1,391,2017-09-28 21:42:19,2017-09-29 03:07:06,5.4132,407,47.52,50.1120002441406,7200,240,Z:\SPART-WORK\Data\Voyager\voyager1\mag\48s\reviewed_vim\2017\voyager1_48s_mag-vim_20170101_v01.cdf,C:\Users\Administrator\Documents\FWD_matlab\Voyager_fu\Voyager_Interstellar_Monthly\HighestPrecision_Segments\V1_MAG48s_segment_0391_20170928T214219_20170929T030706.png,ok,
1,392,2017-09-29 17:51:54,2017-09-30 03:02:19,9.17376027777778,689,47.52,50.1120002441406,7200,240,Z:\SPART-WORK\Data\Voyager\voyager1\mag\48s\reviewed_vim\2017\voyager1_48s_mag-vim_20170101_v01.cdf,C:\Users\Administrator\Documents\FWD_matlab\Voyager_fu\Voyager_Interstellar_Monthly\HighestPrecision_Segments\V1_MAG48s_segment_0392_20170929T175154_20170930T030219.png,ok,
1,393,2017-09-30 23:07:08,2017-10-01 03:02:19,3.91992027777778,294,47.52,95.04,7200,240,Z:\SPART-WORK\Data\Voyager\voyager1\mag\48s\reviewed_vim\2017\voyager1_48s_mag-vim_20170101_v01.cdf,C:\Users\Administrator\Documents\FWD_matlab\Voyager_fu\Voyager_Interstellar_Monthly\HighestPrecision_Segments\V1_MAG48s_segment_0393_20170930T230708_20171001T030219.png,ok,
1,394,2017-10-01 06:14:19,2017-10-01 10:26:18,4.19975972222222,314,47.52,145.153,7200,240,Z:\SPART-WORK\Data\Voyager\voyager1\mag\48s\reviewed_vim\2017\voyager1_48s_mag-vim_20170101_v01.cdf,C:\Users\Administrator\Documents\FWD_matlab\Voyager_fu\Voyager_Interstellar_Monthly\HighestPrecision_Segments\V1_MAG48s_segment_0394_20171001T061419_20171001T102618.png,ok,
1,395,2017-10-01 17:23:08,2017-10-01 22:02:18,4.65288,350,47.52,50.1120002441406,7200,240,Z:\SPART-WORK\Data\Voyager\voyager1\mag\48s\reviewed_vim\2017\voyager1_48s_mag-vim_20170101_v01.cdf,C:\Users\Administrator\Documents\FWD_matlab\Voyager_fu\Voyager_Interstellar_Monthly\HighestPrecision_Segments\V1_MAG48s_segment_0395_20171001T172308_20171001T220218.png,ok,
1,396,2017-10-02 04:44:43,2017-10-02 10:15:55,5.52023972222222,413,47.52,145.153,7200,240,Z:\SPART-WORK\Data\Voyager\voyager1\mag\48s\reviewed_vim\2017\voyager1_48s_mag-vim_20170101_v01.cdf,C:\Users\Administrator\Documents\FWD_matlab\Voyager_fu\Voyager_Interstellar_Monthly\HighestPrecision_Segments\V1_MAG48s_segment_0396_20171002T044443_20171002T101555.png,ok,
1,397,2017-10-03 08:49:32,2017-10-03 09:51:56,1.03991972222222,76,47.52,191.808000244141,7200,240,Z:\SPART-WORK\Data\Voyager\voyager1\mag\48s\reviewed_vim\2017\voyager1_48s_mag-vim_20170101_v01.cdf,C:\Users\Administrator\Documents\FWD_matlab\Voyager_fu\Voyager_Interstellar_Monthly\HighestPrecision_Segments\V1_MAG48s_segment_0397_20171003T084932_20171003T095156.png,ok,
1,398,2017-10-03 11:58:19,2017-10-03 13:07:08,1.14696,84,47.52,192.672,7200,240,Z:\SPART-WORK\Data\Voyager\voyager1\mag\48s\reviewed_vim\2017\voyager1_48s_mag-vim_20170101_v01.cdf,C:\Users\Administrator\Documents\FWD_matlab\Voyager_fu\Voyager_Interstellar_Monthly\HighestPrecision_Segments\V1_MAG48s_segment_0398_20171003T115819_20171003T130708.png,ok,
1,399,2017-10-04 00:44:44,2017-10-04 02:59:07,2.23968027777778,167,47.52,144.289,7200,240,Z:\SPART-WORK\Data\Voyager\voyager1\mag\48s\reviewed_vim\2017\voyager1_48s_mag-vim_20170101_v01.cdf,C:\Users\Administrator\Documents\FWD_matlab\Voyager_fu\Voyager_Interstellar_Monthly\HighestPrecision_Segments\V1_MAG48s_segment_0399_20171004T004444_20171004T025907.png,ok,
1,400,2017-10-04 21:59:56,2017-10-05 02:41:32,4.69320027777778,349,47.52,192.672000244141,7200,240,Z:\SPART-WORK\Data\Voyager\voyager1\mag\48s\reviewed_vim\2017\voyager1_48s_mag-vim_20170101_v01.cdf,C:\Users\Administrator\Documents\FWD_matlab\Voyager_fu\Voyager_Interstellar_Monthly\HighestPrecision_Segments\V1_MAG48s_segment_0400_20171004T215956_20171005T024132.png,ok,
1,401,2017-10-05 06:27:06,2017-10-05 08:31:55,2.08008027777778,150,47.52,286.847,7200,240,Z:\SPART-WORK\Data\Voyager\voyager1\mag\48s\reviewed_vim\2017\voyager1_48s_mag-vim_20170101_v01.cdf,C:\Users\Administrator\Documents\FWD_matlab\Voyager_fu\Voyager_Interstellar_Monthly\HighestPrecision_Segments\V1_MAG48s_segment_0401_20171005T062706_20171005T083155.png,ok,
1,402,2017-10-05 15:13:32,2017-10-05 19:19:56,4.10664,308,47.52,95.039,7200,240,Z:\SPART-WORK\Data\Voyager\voyager1\mag\48s\reviewed_vim\2017\voyager1_48s_mag-vim_20170101_v01.cdf,C:\Users\Administrator\Documents\FWD_matlab\Voyager_fu\Voyager_Interstellar_Monthly\HighestPrecision_Segments\V1_MAG48s_segment_0402_20171005T151332_20171005T191956.png,ok,
1,403,2017-10-06 15:18:19,2017-10-06 19:19:08,4.01352,302,47.52,50.1120002441406,7200,240,Z:\SPART-WORK\Data\Voyager\voyager1\mag\48s\reviewed_vim\2017\voyager1_48s_mag-vim_20170101_v01.cdf,C:\Users\Administrator\Documents\FWD_matlab\Voyager_fu\Voyager_Interstellar_Monthly\HighestPrecision_Segments\V1_MAG48s_segment_0403_20171006T151819_20171006T191908.png,ok,
1,404,2017-10-07 16:43:07,2017-10-07 20:55:54,4.21296027777778,307,47.52,287.712,7200,240,Z:\SPART-WORK\Data\Voyager\voyager1\mag\48s\reviewed_vim\2017\voyager1_48s_mag-vim_20170101_v01.cdf,C:\Users\Administrator\Documents\FWD_matlab\Voyager_fu\Voyager_Interstellar_Monthly\HighestPrecision_Segments\V1_MAG48s_segment_0404_20171007T164307_20171007T205554.png,ok,
1,405,2017-10-08 08:51:07,2017-10-08 12:48:43,3.96,254,47.5200002441406,381.888,7200,240,Z:\SPART-WORK\Data\Voyager\voyager1\mag\48s\reviewed_vim\2017\voyager1_48s_mag-vim_20170101_v01.cdf,C:\Users\Administrator\Documents\FWD_matlab\Voyager_fu\Voyager_Interstellar_Monthly\HighestPrecision_Segments\V1_MAG48s_segment_0405_20171008T085107_20171008T124843.png,ok,
1,406,2017-10-09 14:54:19,2017-10-09 21:14:19,6.33336027770996,473,47.52,192.672,7200,240,Z:\SPART-WORK\Data\Voyager\voyager1\mag\48s\reviewed_vim\2017\voyager1_48s_mag-vim_20170101_v01.cdf,C:\Users\Administrator\Documents\FWD_matlab\Voyager_fu\Voyager_Interstellar_Monthly\HighestPrecision_Segments\V1_MAG48s_segment_0406_20171009T145419_20171009T211419.png,ok,
1,407,2017-10-10 02:35:07,2017-10-10 09:47:56,7.21344,446,47.52,4078.944,7200,240,Z:\SPART-WORK\Data\Voyager\voyager1\mag\48s\reviewed_vim\2017\voyager1_48s_mag-vim_20170101_v01.cdf,C:\Users\Administrator\Documents\FWD_matlab\Voyager_fu\Voyager_Interstellar_Monthly\HighestPrecision_Segments\V1_MAG48s_segment_0407_20171010T023507_20171010T094756.png,ok,
1,408,2017-10-10 15:13:32,2017-10-10 17:33:32,2.33351972222222,173,47.52,192.672,7200,240,Z:\SPART-WORK\Data\Voyager\voyager1\mag\48s\reviewed_vim\2017\voyager1_48s_mag-vim_20170101_v01.cdf,C:\Users\Administrator\Documents\FWD_matlab\Voyager_fu\Voyager_Interstellar_Monthly\HighestPrecision_Segments\V1_MAG48s_segment_0408_20171010T151332_20171010T173332.png,ok,
1,409,2017-10-11 08:33:32,2017-10-11 12:27:54,3.90600027777778,291,47.52,191.808,7200,240,Z:\SPART-WORK\Data\Voyager\voyager1\mag\48s\reviewed_vim\2017\voyager1_48s_mag-vim_20170101_v01.cdf,C:\Users\Administrator\Documents\FWD_matlab\Voyager_fu\Voyager_Interstellar_Monthly\HighestPrecision_Segments\V1_MAG48s_segment_0409_20171011T083332_20171011T122754.png,ok,
1,410,2017-10-12 04:38:18,2017-10-12 09:34:18,4.93344,371,47.52,50.1120002441406,7200,240,Z:\SPART-WORK\Data\Voyager\voyager1\mag\48s\reviewed_vim\2017\voyager1_48s_mag-vim_20170101_v01.cdf,C:\Users\Administrator\Documents\FWD_matlab\Voyager_fu\Voyager_Interstellar_Monthly\HighestPrecision_Segments\V1_MAG48s_segment_0410_20171012T043818_20171012T093418.png,ok,
1,411,2017-10-13 07:19:56,2017-10-13 09:33:31,2.22647972222222,167,47.52,95.0390002441406,7200,240,Z:\SPART-WORK\Data\Voyager\voyager1\mag\48s\reviewed_vim\2017\voyager1_48s_mag-vim_20170101_v01.cdf,C:\Users\Administrator\Documents\FWD_matlab\Voyager_fu\Voyager_Interstellar_Monthly\HighestPrecision_Segments\V1_MAG48s_segment_0411_20171013T071956_20171013T093331.png,ok,
1,412,2017-10-13 14:36:42,2017-10-13 18:48:43,4.20023972222222,314,47.52,141.695,7200,240,Z:\SPART-WORK\Data\Voyager\voyager1\mag\48s\reviewed_vim\2017\voyager1_48s_mag-vim_20170101_v01.cdf,C:\Users\Administrator\Documents\FWD_matlab\Voyager_fu\Voyager_Interstellar_Monthly\HighestPrecision_Segments\V1_MAG48s_segment_0412_20171013T143642_20171013T184843.png,ok,
1,413,2017-10-14 14:47:55,2017-10-14 18:44:44,3.94703999993218,292,47.52,189.216,7200,240,Z:\SPART-WORK\Data\Voyager\voyager1\mag\48s\reviewed_vim\2017\voyager1_48s_mag-vim_20170101_v01.cdf,C:\Users\Administrator\Documents\FWD_matlab\Voyager_fu\Voyager_Interstellar_Monthly\HighestPrecision_Segments\V1_MAG48s_segment_0413_20171014T144755_20171014T184444.png,ok,
1,414,2017-10-15 02:46:20,2017-10-15 09:23:54,6.62616,489,47.52,430.271999755859,7200,240,Z:\SPART-WORK\Data\Voyager\voyager1\mag\48s\reviewed_vim\2017\voyager1_48s_mag-vim_20170101_v01.cdf,C:\Users\Administrator\Documents\FWD_matlab\Voyager_fu\Voyager_Interstellar_Monthly\HighestPrecision_Segments\V1_MAG48s_segment_0414_20171015T024620_20171015T092354.png,ok,
1,415,2017-10-16 04:49:30,2017-10-16 09:28:44,4.65384,349,47.52,97.631,7200,240,Z:\SPART-WORK\Data\Voyager\voyager1\mag\48s\reviewed_vim\2017\voyager1_48s_mag-vim_20170101_v01.cdf,C:\Users\Administrator\Documents\FWD_matlab\Voyager_fu\Voyager_Interstellar_Monthly\HighestPrecision_Segments\V1_MAG48s_segment_0415_20171016T044930_20171016T092844.png,ok,
1,416,2017-10-17 04:35:08,2017-10-17 09:24:44,4.82663972222222,347,47.52,624.672,7200,240,Z:\SPART-WORK\Data\Voyager\voyager1\mag\48s\reviewed_vim\2017\voyager1_48s_mag-vim_20170101_v01.cdf,C:\Users\Administrator\Documents\FWD_matlab\Voyager_fu\Voyager_Interstellar_Monthly\HighestPrecision_Segments\V1_MAG48s_segment_0416_20171017T043508_20171017T092444.png,ok,
1,417,2017-10-17 21:18:19,2017-10-18 01:43:07,4.41336,329,47.52,192.672,7200,240,Z:\SPART-WORK\Data\Voyager\voyager1\mag\48s\reviewed_vim\2017\voyager1_48s_mag-vim_20170101_v01.cdf,C:\Users\Administrator\Documents\FWD_matlab\Voyager_fu\Voyager_Interstellar_Monthly\HighestPrecision_Segments\V1_MAG48s_segment_0417_20171017T211819_20171018T014307.png,ok,
1,418,2017-10-18 20:54:19,2017-10-19 01:35:08,4.68024,352,47.52,50.113,7200,240,Z:\SPART-WORK\Data\Voyager\voyager1\mag\48s\reviewed_vim\2017\voyager1_48s_mag-vim_20170101_v01.cdf,C:\Users\Administrator\Documents\FWD_matlab\Voyager_fu\Voyager_Interstellar_Monthly\HighestPrecision_Segments\V1_MAG48s_segment_0418_20171018T205419_20171019T013508.png,ok,
1,419,2017-10-19 21:24:44,2017-10-20 01:42:17,4.29264,320,47.52,192.672,7200,240,Z:\SPART-WORK\Data\Voyager\voyager1\mag\48s\reviewed_vim\2017\voyager1_48s_mag-vim_20170101_v01.cdf,C:\Users\Administrator\Documents\FWD_matlab\Voyager_fu\Voyager_Interstellar_Monthly\HighestPrecision_Segments\V1_MAG48s_segment_0419_20171019T212444_20171020T014217.png,ok,
1,420,2017-10-20 14:19:07,2017-10-20 18:23:54,4.07952,306,47.52,95.04,7200,240,Z:\SPART-WORK\Data\Voyager\voyager1\mag\48s\reviewed_vim\2017\voyager1_48s_mag-vim_20170101_v01.cdf,C:\Users\Administrator\Documents\FWD_matlab\Voyager_fu\Voyager_Interstellar_Monthly\HighestPrecision_Segments\V1_MAG48s_segment_0420_20171020T141907_20171020T182354.png,ok,
1,421,2017-10-21 07:51:55,2017-10-21 09:07:54,1.26624027777778,95,47.5205,95.04,7200,240,Z:\SPART-WORK\Data\Voyager\voyager1\mag\48s\reviewed_vim\2017\voyager1_48s_mag-vim_20170101_v01.cdf,C:\Users\Administrator\Documents\FWD_matlab\Voyager_fu\Voyager_Interstellar_Monthly\HighestPrecision_Segments\V1_MAG48s_segment_0421_20171021T075155_20171021T090754.png,ok,
1,422,2017-10-21 21:45:31,2017-10-22 01:49:30,4.06632027777778,304,47.5209997558594,144.287,7200,240,Z:\SPART-WORK\Data\Voyager\voyager1\mag\48s\reviewed_vim\2017\voyager1_48s_mag-vim_20170101_v01.cdf,C:\Users\Administrator\Documents\FWD_matlab\Voyager_fu\Voyager_Interstellar_Monthly\HighestPrecision_Segments\V1_MAG48s_segment_0422_20171021T214531_20171022T014930.png,ok,
1,423,2017-10-22 13:59:55,2017-10-22 18:12:42,4.21296,316,47.5209997558594,95.04,7200,240,Z:\SPART-WORK\Data\Voyager\voyager1\mag\48s\reviewed_vim\2017\voyager1_48s_mag-vim_20170101_v01.cdf,C:\Users\Administrator\Documents\FWD_matlab\Voyager_fu\Voyager_Interstellar_Monthly\HighestPrecision_Segments\V1_MAG48s_segment_0423_20171022T135955_20171022T181242.png,ok,
1,424,2017-10-23 17:13:30,2017-10-23 20:47:55,3.57359972229004,258,47.5209997558594,530.497,7200,240,Z:\SPART-WORK\Data\Voyager\voyager1\mag\48s\reviewed_vim\2017\voyager1_48s_mag-vim_20170101_v01.cdf,C:\Users\Administrator\Documents\FWD_matlab\Voyager_fu\Voyager_Interstellar_Monthly\HighestPrecision_Segments\V1_MAG48s_segment_0424_20171023T171330_20171023T204755.png,ok,
1,425,2017-10-24 04:01:31,2017-10-24 07:51:55,3.84024,278,47.5209997558594,287.712,7200,240,Z:\SPART-WORK\Data\Voyager\voyager1\mag\48s\reviewed_vim\2017\voyager1_48s_mag-vim_20170101_v01.cdf,C:\Users\Administrator\Documents\FWD_matlab\Voyager_fu\Voyager_Interstellar_Monthly\HighestPrecision_Segments\V1_MAG48s_segment_0425_20171024T040131_20171024T075155.png,ok,
1,426,2017-10-24 23:05:30,2017-10-24 23:47:07,0.693600277709961,53,47.5209997558594,50.113,7200,240,Z:\SPART-WORK\Data\Voyager\voyager1\mag\48s\reviewed_vim\2017\voyager1_48s_mag-vim_20170101_v01.cdf,C:\Users\Administrator\Documents\FWD_matlab\Voyager_fu\Voyager_Interstellar_Monthly\HighestPrecision_Segments\V1_MAG48s_segment_0426_20171024T230530_20171024T234707.png,ok,
1,427,2017-10-25 06:28:41,2017-10-25 07:29:30,1.01352027777778,74,47.5209997558594,191.807999755859,7200,240,Z:\SPART-WORK\Data\Voyager\voyager1\mag\48s\reviewed_vim\2017\voyager1_48s_mag-vim_20170101_v01.cdf,C:\Users\Administrator\Documents\FWD_matlab\Voyager_fu\Voyager_Interstellar_Monthly\HighestPrecision_Segments\V1_MAG48s_segment_0427_20171025T062841_20171025T072930.png,ok,
1,428,2017-10-26 13:43:55,2017-10-26 17:51:07,4.12007972222222,307,47.5209997558594,192.672,7200,240,Z:\SPART-WORK\Data\Voyager\voyager1\mag\48s\reviewed_vim\2017\voyager1_48s_mag-vim_20170101_v01.cdf,C:\Users\Administrator\Documents\FWD_matlab\Voyager_fu\Voyager_Interstellar_Monthly\HighestPrecision_Segments\V1_MAG48s_segment_0428_20171026T134355_20171026T175107.png,ok,
1,429,2017-10-26 23:26:17,2017-10-27 01:13:31,1.78728027777778,132,47.5209997558594,192.672000244141,7200,240,Z:\SPART-WORK\Data\Voyager\voyager1\mag\48s\reviewed_vim\2017\voyager1_48s_mag-vim_20170101_v01.cdf,C:\Users\Administrator\Documents\FWD_matlab\Voyager_fu\Voyager_Interstellar_Monthly\HighestPrecision_Segments\V1_MAG48s_segment_0429_20171026T232617_20171027T011331.png,ok,
1,430,2017-10-27 13:55:08,2017-10-27 18:07:54,4.21272,317,47.5209997558594,50.113,7200,240,Z:\SPART-WORK\Data\Voyager\voyager1\mag\48s\reviewed_vim\2017\voyager1_48s_mag-vim_20170101_v01.cdf,C:\Users\Administrator\Documents\FWD_matlab\Voyager_fu\Voyager_Interstellar_Monthly\HighestPrecision_Segments\V1_MAG48s_segment_0430_20171027T135508_20171027T180754.png,ok,
1,431,2017-10-28 13:42:17,2017-10-28 17:46:20,4.06728,304,47.5209997558594,142.561,7200,240,Z:\SPART-WORK\Data\Voyager\voyager1\mag\48s\reviewed_vim\2017\voyager1_48s_mag-vim_20170101_v01.cdf,C:\Users\Administrator\Documents\FWD_matlab\Voyager_fu\Voyager_Interstellar_Monthly\HighestPrecision_Segments\V1_MAG48s_segment_0431_20171028T134217_20171028T174620.png,ok,
1,432,2017-10-29 21:02:19,2017-10-29 23:11:07,2.14656,161,47.5209997558594,95.04,7200,240,Z:\SPART-WORK\Data\Voyager\voyager1\mag\48s\reviewed_vim\2017\voyager1_48s_mag-vim_20170101_v01.cdf,C:\Users\Administrator\Documents\FWD_matlab\Voyager_fu\Voyager_Interstellar_Monthly\HighestPrecision_Segments\V1_MAG48s_segment_0432_20171029T210219_20171029T231107.png,ok,
1,433,2017-10-30 04:09:31,2017-10-30 08:15:55,4.10664,307,47.5209997558594,145.151,7200,240,Z:\SPART-WORK\Data\Voyager\voyager1\mag\48s\reviewed_vim\2017\voyager1_48s_mag-vim_20170101_v01.cdf,C:\Users\Administrator\Documents\FWD_matlab\Voyager_fu\Voyager_Interstellar_Monthly\HighestPrecision_Segments\V1_MAG48s_segment_0433_20171030T040931_20171030T081555.png,ok,
1,434,2017-10-30 20:33:30,2017-10-31 00:54:19,4.34687972222222,308,47.5209997558594,817.344,7200,240,Z:\SPART-WORK\Data\Voyager\voyager1\mag\48s\reviewed_vim\2017\voyager1_48s_mag-vim_20170101_v01.cdf,C:\Users\Administrator\Documents\FWD_matlab\Voyager_fu\Voyager_Interstellar_Monthly\HighestPrecision_Segments\V1_MAG48s_segment_0434_20171030T203330_20171031T005419.png,ok,
1,435,2017-10-31 20:51:07,2017-11-01 00:47:06,3.93288027777778,294,47.5209997558594,145.153,7200,240,Z:\SPART-WORK\Data\Voyager\voyager1\mag\48s\reviewed_vim\2017\voyager1_48s_mag-vim_20170101_v01.cdf,C:\Users\Administrator\Documents\FWD_matlab\Voyager_fu\Voyager_Interstellar_Monthly\HighestPrecision_Segments\V1_MAG48s_segment_0435_20171031T205107_20171101T004706.png,ok,
1,436,2017-11-01 20:28:42,2017-11-02 00:45:31,4.28039972222222,322,47.5209997558594,50.113,7200,240,Z:\SPART-WORK\Data\Voyager\voyager1\mag\48s\reviewed_vim\2017\voyager1_48s_mag-vim_20170101_v01.cdf,C:\Users\Administrator\Documents\FWD_matlab\Voyager_fu\Voyager_Interstellar_Monthly\HighestPrecision_Segments\V1_MAG48s_segment_0436_20171101T202842_20171102T004531.png,ok,
1,437,2017-11-02 04:47:55,2017-11-02 08:10:17,3.37272,252,47.5209997558594,142.561,7200,240,Z:\SPART-WORK\Data\Voyager\voyager1\mag\48s\reviewed_vim\2017\voyager1_48s_mag-vim_20170101_v01.cdf,C:\Users\Administrator\Documents\FWD_matlab\Voyager_fu\Voyager_Interstellar_Monthly\HighestPrecision_Segments\V1_MAG48s_segment_0437_20171102T044755_20171102T081017.png,ok,
1,438,2017-11-02 19:31:05,2017-11-03 00:51:06,5.33351972222222,401,47.5209997558594,50.113,7200,240,Z:\SPART-WORK\Data\Voyager\voyager1\mag\48s\reviewed_vim\2017\voyager1_48s_mag-vim_20170101_v01.cdf,C:\Users\Administrator\Documents\FWD_matlab\Voyager_fu\Voyager_Interstellar_Monthly\HighestPrecision_Segments\V1_MAG48s_segment_0438_20171102T193105_20171103T005106.png,ok,
1,439,2017-11-03 04:52:43,2017-11-03 08:12:42,3.33311972229004,243,47.5209997558594,192.672000244141,7200,240,Z:\SPART-WORK\Data\Voyager\voyager1\mag\48s\reviewed_vim\2017\voyager1_48s_mag-vim_20170101_v01.cdf,C:\Users\Administrator\Documents\FWD_matlab\Voyager_fu\Voyager_Interstellar_Monthly\HighestPrecision_Segments\V1_MAG48s_segment_0439_20171103T045243_20171103T081242.png,ok,
1,440,2017-11-03 13:24:43,2017-11-03 17:19:55,3.91992027777778,292,47.5209997558594,191.809,7200,240,Z:\SPART-WORK\Data\Voyager\voyager1\mag\48s\reviewed_vim\2017\voyager1_48s_mag-vim_20170101_v01.cdf,C:\Users\Administrator\Documents\FWD_matlab\Voyager_fu\Voyager_Interstellar_Monthly\HighestPrecision_Segments\V1_MAG48s_segment_0440_20171103T132443_20171103T171955.png,ok,
1,441,2017-11-04 00:06:19,2017-11-04 03:15:54,3.15984,151,47.5209998779297,4081.536,7200,240,Z:\SPART-WORK\Data\Voyager\voyager1\mag\48s\reviewed_vim\2017\voyager1_48s_mag-vim_20170101_v01.cdf,C:\Users\Administrator\Documents\FWD_matlab\Voyager_fu\Voyager_Interstellar_Monthly\HighestPrecision_Segments\V1_MAG48s_segment_0441_20171104T000619_20171104T031554.png,ok,
1,442,2017-11-04 20:35:07,2017-11-05 00:32:42,3.95952,296,47.5209997558594,141.696000244141,7200,240,Z:\SPART-WORK\Data\Voyager\voyager1\mag\48s\reviewed_vim\2017\voyager1_48s_mag-vim_20170101_v01.cdf,C:\Users\Administrator\Documents\FWD_matlab\Voyager_fu\Voyager_Interstellar_Monthly\HighestPrecision_Segments\V1_MAG48s_segment_0442_20171104T203507_20171105T003242.png,ok,
1,443,2017-11-06 04:39:53,2017-11-06 08:00:42,3.34703999993218,251,47.5209997558594,97.6319997558594,7200,240,Z:\SPART-WORK\Data\Voyager\voyager1\mag\48s\reviewed_vim\2017\voyager1_48s_mag-vim_20170101_v01.cdf,C:\Users\Administrator\Documents\FWD_matlab\Voyager_fu\Voyager_Interstellar_Monthly\HighestPrecision_Segments\V1_MAG48s_segment_0443_20171106T043953_20171106T080042.png,ok,
1,444,2017-11-07 04:12:44,2017-11-07 07:59:05,3.77256,281,47.5209997558594,190.08,7200,240,Z:\SPART-WORK\Data\Voyager\voyager1\mag\48s\reviewed_vim\2017\voyager1_48s_mag-vim_20170101_v01.cdf,C:\Users\Administrator\Documents\FWD_matlab\Voyager_fu\Voyager_Interstellar_Monthly\HighestPrecision_Segments\V1_MAG48s_segment_0444_20171107T041244_20171107T075905.png,ok,
1,445,2017-11-07 13:56:42,2017-11-07 15:35:06,1.63992,121,47.5209997558594,192.672,7200,240,Z:\SPART-WORK\Data\Voyager\voyager1\mag\48s\reviewed_vim\2017\voyager1_48s_mag-vim_20170101_v01.cdf,C:\Users\Administrator\Documents\FWD_matlab\Voyager_fu\Voyager_Interstellar_Monthly\HighestPrecision_Segments\V1_MAG48s_segment_0445_20171107T135642_20171107T153506.png,ok,
1,446,2017-11-07 21:21:29,2017-11-07 22:17:30,0.93384,66,47.521,239.328,7200,240,Z:\SPART-WORK\Data\Voyager\voyager1\mag\48s\reviewed_vim\2017\voyager1_48s_mag-vim_20170101_v01.cdf,C:\Users\Administrator\Documents\FWD_matlab\Voyager_fu\Voyager_Interstellar_Monthly\HighestPrecision_Segments\V1_MAG48s_segment_0446_20171107T212129_20171107T221730.png,ok,
1,447,2017-11-08 01:02:18,2017-11-08 01:44:43,0.7068,54,47.5209997558594,50.113,7200,240,Z:\SPART-WORK\Data\Voyager\voyager1\mag\48s\reviewed_vim\2017\voyager1_48s_mag-vim_20170101_v01.cdf,C:\Users\Administrator\Documents\FWD_matlab\Voyager_fu\Voyager_Interstellar_Monthly\HighestPrecision_Segments\V1_MAG48s_segment_0447_20171108T010218_20171108T014443.png,ok,
1,448,2017-11-08 21:40:41,2017-11-08 23:59:54,2.32032,172,47.5209997558594,192.672,7200,240,Z:\SPART-WORK\Data\Voyager\voyager1\mag\48s\reviewed_vim\2017\voyager1_48s_mag-vim_20170101_v01.cdf,C:\Users\Administrator\Documents\FWD_matlab\Voyager_fu\Voyager_Interstellar_Monthly\HighestPrecision_Segments\V1_MAG48s_segment_0448_20171108T214041_20171108T235954.png,ok,
1,449,2017-11-09 05:11:55,2017-11-09 07:40:43,2.48016,186,47.5209997558594,95.04,7200,240,Z:\SPART-WORK\Data\Voyager\voyager1\mag\48s\reviewed_vim\2017\voyager1_48s_mag-vim_20170101_v01.cdf,C:\Users\Administrator\Documents\FWD_matlab\Voyager_fu\Voyager_Interstellar_Monthly\HighestPrecision_Segments\V1_MAG48s_segment_0449_20171109T051155_20171109T074043.png,ok,
1,450,2017-11-09 18:25:29,2017-11-10 00:22:19,5.9472,446,47.5209997558594,97.632,7200,240,Z:\SPART-WORK\Data\Voyager\voyager1\mag\48s\reviewed_vim\2017\voyager1_48s_mag-vim_20170101_v01.cdf,C:\Users\Administrator\Documents\FWD_matlab\Voyager_fu\Voyager_Interstellar_Monthly\HighestPrecision_Segments\V1_MAG48s_segment_0450_20171109T182529_20171110T002219.png,ok,
1,451,2017-11-10 18:15:54,2017-11-11 00:09:29,5.89296,437,47.5209997558594,192.672000244141,7200,240,Z:\SPART-WORK\Data\Voyager\voyager1\mag\48s\reviewed_vim\2017\voyager1_48s_mag-vim_20170101_v01.cdf,C:\Users\Administrator\Documents\FWD_matlab\Voyager_fu\Voyager_Interstellar_Monthly\HighestPrecision_Segments\V1_MAG48s_segment_0451_20171110T181554_20171111T000929.png,ok,
1,452,2017-11-11 15:59:54,2017-11-11 20:30:17,4.50648,337,47.5209997558594,145.151000244141,7200,240,Z:\SPART-WORK\Data\Voyager\voyager1\mag\48s\reviewed_vim\2017\voyager1_48s_mag-vim_20170101_v01.cdf,C:\Users\Administrator\Documents\FWD_matlab\Voyager_fu\Voyager_Interstellar_Monthly\HighestPrecision_Segments\V1_MAG48s_segment_0452_20171111T155954_20171111T203017.png,ok,
1,453,2017-11-12 04:46:18,2017-11-12 07:31:53,2.75975972222222,205,47.5209997558594,192.672,7200,240,Z:\SPART-WORK\Data\Voyager\voyager1\mag\48s\reviewed_vim\2017\voyager1_48s_mag-vim_20170101_v01.cdf,C:\Users\Administrator\Documents\FWD_matlab\Voyager_fu\Voyager_Interstellar_Monthly\HighestPrecision_Segments\V1_MAG48s_segment_0453_20171112T044618_20171112T073153.png,ok,
1,454,2017-11-12 15:29:29,2017-11-12 19:35:53,4.10664,308,47.5209997558594,97.632,7200,240,Z:\SPART-WORK\Data\Voyager\voyager1\mag\48s\reviewed_vim\2017\voyager1_48s_mag-vim_20170101_v01.cdf,C:\Users\Administrator\Documents\FWD_matlab\Voyager_fu\Voyager_Interstellar_Monthly\HighestPrecision_Segments\V1_MAG48s_segment_0454_20171112T152929_20171112T193553.png,ok,
1,455,2017-11-13 15:45:29,2017-11-13 19:49:30,4.06704027777778,305,47.5209997558594,96.769,7200,240,Z:\SPART-WORK\Data\Voyager\voyager1\mag\48s\reviewed_vim\2017\voyager1_48s_mag-vim_20170101_v01.cdf,C:\Users\Administrator\Documents\FWD_matlab\Voyager_fu\Voyager_Interstellar_Monthly\HighestPrecision_Segments\V1_MAG48s_segment_0455_20171113T154529_20171113T194930.png,ok,
1,456,2017-11-14 12:38:19,2017-11-14 16:35:53,3.95952,296,47.5209997558594,142.560999755859,7200,240,Z:\SPART-WORK\Data\Voyager\voyager1\mag\48s\reviewed_vim\2017\voyager1_48s_mag-vim_20170101_v01.cdf,C:\Users\Administrator\Documents\FWD_matlab\Voyager_fu\Voyager_Interstellar_Monthly\HighestPrecision_Segments\V1_MAG48s_segment_0456_20171114T123819_20171114T163553.png,ok,
1,457,2017-11-15 19:55:05,2017-11-15 23:48:42,3.89352027777778,290,47.5209997558594,190.08,7200,240,Z:\SPART-WORK\Data\Voyager\voyager1\mag\48s\reviewed_vim\2017\voyager1_48s_mag-vim_20170101_v01.cdf,C:\Users\Administrator\Documents\FWD_matlab\Voyager_fu\Voyager_Interstellar_Monthly\HighestPrecision_Segments\V1_MAG48s_segment_0457_20171115T195505_20171115T234842.png,ok,
1,458,2017-11-16 03:55:06,2017-11-16 10:03:06,6.13319972229004,379,47.5209997558594,1727.136,7200,240,Z:\SPART-WORK\Data\Voyager\voyager1\mag\48s\reviewed_vim\2017\voyager1_48s_mag-vim_20170101_v01.cdf,C:\Users\Administrator\Documents\FWD_matlab\Voyager_fu\Voyager_Interstellar_Monthly\HighestPrecision_Segments\V1_MAG48s_segment_0458_20171116T035506_20171116T100306.png,ok,
1,459,2017-11-16 22:43:05,2017-11-16 23:59:07,1.2672,94,47.5209997558594,145.153,7200,240,Z:\SPART-WORK\Data\Voyager\voyager1\mag\48s\reviewed_vim\2017\voyager1_48s_mag-vim_20170101_v01.cdf,C:\Users\Administrator\Documents\FWD_matlab\Voyager_fu\Voyager_Interstellar_Monthly\HighestPrecision_Segments\V1_MAG48s_segment_0459_20171116T224305_20171116T235907.png,ok,
1,460,2017-11-17 17:48:42,2017-11-17 23:51:07,6.04031972222222,452,47.5209997558594,144.287999755859,7200,240,Z:\SPART-WORK\Data\Voyager\voyager1\mag\48s\reviewed_vim\2017\voyager1_48s_mag-vim_20170101_v01.cdf,C:\Users\Administrator\Documents\FWD_matlab\Voyager_fu\Voyager_Interstellar_Monthly\HighestPrecision_Segments\V1_MAG48s_segment_0460_20171117T174842_20171117T235107.png,ok,
1,461,2017-11-18 12:09:29,2017-11-18 16:28:40,4.31975972229004,306,47.5209997558594,862.271,7200,240,Z:\SPART-WORK\Data\Voyager\voyager1\mag\48s\reviewed_vim\2017\voyager1_48s_mag-vim_20170101_v01.cdf,C:\Users\Administrator\Documents\FWD_matlab\Voyager_fu\Voyager_Interstellar_Monthly\HighestPrecision_Segments\V1_MAG48s_segment_0461_20171118T120929_20171118T162840.png,ok,
1,462,2017-11-19 19:43:52,2017-11-20 00:23:06,4.65384027777778,350,47.5209997558594,50.113,7200,240,Z:\SPART-WORK\Data\Voyager\voyager1\mag\48s\reviewed_vim\2017\voyager1_48s_mag-vim_20170101_v01.cdf,C:\Users\Administrator\Documents\FWD_matlab\Voyager_fu\Voyager_Interstellar_Monthly\HighestPrecision_Segments\V1_MAG48s_segment_0462_20171119T194352_20171120T002306.png,ok,
1,463,2017-11-20 14:12:42,2017-11-20 18:15:07,4.04015999993218,301,47.5209997558594,192.672,7200,240,Z:\SPART-WORK\Data\Voyager\voyager1\mag\48s\reviewed_vim\2017\voyager1_48s_mag-vim_20170101_v01.cdf,C:\Users\Administrator\Documents\FWD_matlab\Voyager_fu\Voyager_Interstellar_Monthly\HighestPrecision_Segments\V1_MAG48s_segment_0463_20171120T141242_20171120T181507.png,ok,
1,464,2017-11-21 12:06:16,2017-11-21 16:19:53,4.22687972222222,295,47.5209997558594,1009.15299975586,7200,240,Z:\SPART-WORK\Data\Voyager\voyager1\mag\48s\reviewed_vim\2017\voyager1_48s_mag-vim_20170101_v01.cdf,C:\Users\Administrator\Documents\FWD_matlab\Voyager_fu\Voyager_Interstellar_Monthly\HighestPrecision_Segments\V1_MAG48s_segment_0464_20171121T120616_20171121T161953.png,ok,
1,465,2017-11-22 19:56:42,2017-11-23 00:10:16,4.22615972222222,318,47.5209997558594,50.113,7200,240,Z:\SPART-WORK\Data\Voyager\voyager1\mag\48s\reviewed_vim\2017\voyager1_48s_mag-vim_20170101_v01.cdf,C:\Users\Administrator\Documents\FWD_matlab\Voyager_fu\Voyager_Interstellar_Monthly\HighestPrecision_Segments\V1_MAG48s_segment_0465_20171122T195642_20171123T001016.png,ok,
1,466,2017-11-23 05:00:42,2017-11-23 06:43:06,1.70664027777778,129,47.5209997558594,50.113,7200,240,Z:\SPART-WORK\Data\Voyager\voyager1\mag\48s\reviewed_vim\2017\voyager1_48s_mag-vim_20170101_v01.cdf,C:\Users\Administrator\Documents\FWD_matlab\Voyager_fu\Voyager_Interstellar_Monthly\HighestPrecision_Segments\V1_MAG48s_segment_0466_20171123T050042_20171123T064306.png,ok,
1,467,2017-11-23 12:47:53,2017-11-23 16:41:31,3.89376,291,47.5209997558594,145.151,7200,240,Z:\SPART-WORK\Data\Voyager\voyager1\mag\48s\reviewed_vim\2017\voyager1_48s_mag-vim_20170101_v01.cdf,C:\Users\Administrator\Documents\FWD_matlab\Voyager_fu\Voyager_Interstellar_Monthly\HighestPrecision_Segments\V1_MAG48s_segment_0467_20171123T124753_20171123T164131.png,ok,
1,468,2017-11-24 04:59:05,2017-11-24 06:43:06,1.73376027777778,128,47.5209997558594,190.080000244141,7200,240,Z:\SPART-WORK\Data\Voyager\voyager1\mag\48s\reviewed_vim\2017\voyager1_48s_mag-vim_20170101_v01.cdf,C:\Users\Administrator\Documents\FWD_matlab\Voyager_fu\Voyager_Interstellar_Monthly\HighestPrecision_Segments\V1_MAG48s_segment_0468_20171124T045905_20171124T064306.png,ok,
1,469,2017-11-24 12:03:07,2017-11-24 15:58:19,3.91992027777778,293,47.5209997558594,141.696,7200,240,Z:\SPART-WORK\Data\Voyager\voyager1\mag\48s\reviewed_vim\2017\voyager1_48s_mag-vim_20170101_v01.cdf,C:\Users\Administrator\Documents\FWD_matlab\Voyager_fu\Voyager_Interstellar_Monthly\HighestPrecision_Segments\V1_MAG48s_segment_0469_20171124T120307_20171124T155819.png,ok,
1,470,2017-11-25 11:58:17,2017-11-25 15:52:41,3.90672,281,47.5209997558594,527.903000244141,7200,240,Z:\SPART-WORK\Data\Voyager\voyager1\mag\48s\reviewed_vim\2017\voyager1_48s_mag-vim_20170101_v01.cdf,C:\Users\Administrator\Documents\FWD_matlab\Voyager_fu\Voyager_Interstellar_Monthly\HighestPrecision_Segments\V1_MAG48s_segment_0470_20171125T115817_20171125T155241.png,ok,
1,471,2017-11-26 04:23:53,2017-11-26 06:33:28,2.15976,160,47.5209997558594,189.215000244141,7200,240,Z:\SPART-WORK\Data\Voyager\voyager1\mag\48s\reviewed_vim\2017\voyager1_48s_mag-vim_20170101_v01.cdf,C:\Users\Administrator\Documents\FWD_matlab\Voyager_fu\Voyager_Interstellar_Monthly\HighestPrecision_Segments\V1_MAG48s_segment_0471_20171126T042353_20171126T063328.png,ok,
1,472,2017-11-26 18:57:29,2017-11-26 23:07:53,4.17336027770996,311,47.5209997558594,191.809,7200,240,Z:\SPART-WORK\Data\Voyager\voyager1\mag\48s\reviewed_vim\2017\voyager1_48s_mag-vim_20170101_v01.cdf,C:\Users\Administrator\Documents\FWD_matlab\Voyager_fu\Voyager_Interstellar_Monthly\HighestPrecision_Segments\V1_MAG48s_segment_0472_20171126T185729_20171126T230753.png,ok,
1,473,2017-11-27 19:18:18,2017-11-28 00:07:04,4.81272,362,47.5209997558594,50.113,7200,240,Z:\SPART-WORK\Data\Voyager\voyager1\mag\48s\reviewed_vim\2017\voyager1_48s_mag-vim_20170101_v01.cdf,C:\Users\Administrator\Documents\FWD_matlab\Voyager_fu\Voyager_Interstellar_Monthly\HighestPrecision_Segments\V1_MAG48s_segment_0473_20171127T191818_20171128T000704.png,ok,
1,474,2017-11-28 21:05:29,2017-11-29 04:36:40,7.51992,564,47.5209997558594,95.04,7200,240,Z:\SPART-WORK\Data\Voyager\voyager1\mag\48s\reviewed_vim\2017\voyager1_48s_mag-vim_20170101_v01.cdf,C:\Users\Administrator\Documents\FWD_matlab\Voyager_fu\Voyager_Interstellar_Monthly\HighestPrecision_Segments\V1_MAG48s_segment_0474_20171128T210529_20171129T043640.png,ok,
1,475,2017-11-29 11:40:42,2017-11-29 15:35:53,3.91991972222222,295,47.5209997558594,50.113,7200,240,Z:\SPART-WORK\Data\Voyager\voyager1\mag\48s\reviewed_vim\2017\voyager1_48s_mag-vim_20170101_v01.cdf,C:\Users\Administrator\Documents\FWD_matlab\Voyager_fu\Voyager_Interstellar_Monthly\HighestPrecision_Segments\V1_MAG48s_segment_0475_20171129T114042_20171129T153553.png,ok,
1,476,2017-11-30 19:18:18,2017-11-30 23:27:04,4.14624027777778,310,47.5209997558594,142.559000244141,7200,240,Z:\SPART-WORK\Data\Voyager\voyager1\mag\48s\reviewed_vim\2017\voyager1_48s_mag-vim_20170101_v01.cdf,C:\Users\Administrator\Documents\FWD_matlab\Voyager_fu\Voyager_Interstellar_Monthly\HighestPrecision_Segments\V1_MAG48s_segment_0476_20171130T191818_20171130T232704.png,ok,
1,477,2017-12-01 11:24:42,2017-12-01 15:27:06,4.04016,302,47.5209997558594,142.559,7200,240,Z:\SPART-WORK\Data\Voyager\voyager1\mag\48s\reviewed_vim\2017\voyager1_48s_mag-vim_20170101_v01.cdf,C:\Users\Administrator\Documents\FWD_matlab\Voyager_fu\Voyager_Interstellar_Monthly\HighestPrecision_Segments\V1_MAG48s_segment_0477_20171201T112442_20171201T152706.png,ok,
1,478,2017-12-02 11:32:42,2017-12-02 16:40:41,5.13288027777778,376,47.5209997558594,335.231000244141,7200,240,Z:\SPART-WORK\Data\Voyager\voyager1\mag\48s\reviewed_vim\2017\voyager1_48s_mag-vim_20170101_v01.cdf,C:\Users\Administrator\Documents\FWD_matlab\Voyager_fu\Voyager_Interstellar_Monthly\HighestPrecision_Segments\V1_MAG48s_segment_0478_20171202T113242_20171202T164041.png,ok,
1,479,2017-12-03 05:07:05,2017-12-03 06:14:17,1.11984027777778,83,47.5209997558594,144.288,7200,240,Z:\SPART-WORK\Data\Voyager\voyager1\mag\48s\reviewed_vim\2017\voyager1_48s_mag-vim_20170101_v01.cdf,C:\Users\Administrator\Documents\FWD_matlab\Voyager_fu\Voyager_Interstellar_Monthly\HighestPrecision_Segments\V1_MAG48s_segment_0479_20171203T050705_20171203T061417.png,ok,
1,480,2017-12-03 19:15:05,2017-12-03 23:27:04,4.19976027777778,316,47.5209997558594,50.113,7200,240,Z:\SPART-WORK\Data\Voyager\voyager1\mag\48s\reviewed_vim\2017\voyager1_48s_mag-vim_20170101_v01.cdf,C:\Users\Administrator\Documents\FWD_matlab\Voyager_fu\Voyager_Interstellar_Monthly\HighestPrecision_Segments\V1_MAG48s_segment_0480_20171203T191505_20171203T232704.png,ok,
1,481,2017-12-04 05:15:05,2017-12-04 06:11:04,0.93312,61,47.5209997558594,479.519,7200,240,Z:\SPART-WORK\Data\Voyager\voyager1\mag\48s\reviewed_vim\2017\voyager1_48s_mag-vim_20170101_v01.cdf,C:\Users\Administrator\Documents\FWD_matlab\Voyager_fu\Voyager_Interstellar_Monthly\HighestPrecision_Segments\V1_MAG48s_segment_0481_20171204T051505_20171204T061104.png,ok,
1,482,2017-12-05 02:09:30,2017-12-05 06:03:04,3.89279972222222,287,47.5209997558594,192.672,7200,240,Z:\SPART-WORK\Data\Voyager\voyager1\mag\48s\reviewed_vim\2017\voyager1_48s_mag-vim_20170101_v01.cdf,C:\Users\Administrator\Documents\FWD_matlab\Voyager_fu\Voyager_Interstellar_Monthly\HighestPrecision_Segments\V1_MAG48s_segment_0482_20171205T020930_20171205T060304.png,ok,
1,483,2017-12-05 19:53:30,2017-12-05 20:41:29,0.79968,55,47.5209997558594,239.328,7200,240,Z:\SPART-WORK\Data\Voyager\voyager1\mag\48s\reviewed_vim\2017\voyager1_48s_mag-vim_20170101_v01.cdf,C:\Users\Administrator\Documents\FWD_matlab\Voyager_fu\Voyager_Interstellar_Monthly\HighestPrecision_Segments\V1_MAG48s_segment_0483_20171205T195330_20171205T204129.png,ok,
1,484,2017-12-05 23:26:17,2017-12-06 00:02:17,0.600000277777778,46,47.5209997558594,50.113,7200,240,Z:\SPART-WORK\Data\Voyager\voyager1\mag\48s\reviewed_vim\2017\voyager1_48s_mag-vim_20170101_v01.cdf,C:\Users\Administrator\Documents\FWD_matlab\Voyager_fu\Voyager_Interstellar_Monthly\HighestPrecision_Segments\V1_MAG48s_segment_0484_20171205T232617_20171206T000217.png,ok,
1,485,2017-12-06 18:44:41,2017-12-06 22:42:17,3.95999972222222,295,47.5209997558594,191.807,7200,240,Z:\SPART-WORK\Data\Voyager\voyager1\mag\48s\reviewed_vim\2017\voyager1_48s_mag-vim_20170101_v01.cdf,C:\Users\Administrator\Documents\FWD_matlab\Voyager_fu\Voyager_Interstellar_Monthly\HighestPrecision_Segments\V1_MAG48s_segment_0485_20171206T184441_20171206T224217.png,ok,
1,486,2017-12-07 11:07:05,2017-12-07 16:46:18,5.65344027777778,424,47.5209997558594,95.04,7200,240,Z:\SPART-WORK\Data\Voyager\voyager1\mag\48s\reviewed_vim\2017\voyager1_48s_mag-vim_20170101_v01.cdf,C:\Users\Administrator\Documents\FWD_matlab\Voyager_fu\Voyager_Interstellar_Monthly\HighestPrecision_Segments\V1_MAG48s_segment_0486_20171207T110705_20171207T164618.png,ok,
1,487,2017-12-08 14:35:05,2017-12-08 18:35:53,4.01351972222222,301,47.5209997558594,97.632,7200,240,Z:\SPART-WORK\Data\Voyager\voyager1\mag\48s\reviewed_vim\2017\voyager1_48s_mag-vim_20170101_v01.cdf,C:\Users\Administrator\Documents\FWD_matlab\Voyager_fu\Voyager_Interstellar_Monthly\HighestPrecision_Segments\V1_MAG48s_segment_0487_20171208T143505_20171208T183553.png,ok,
1,488,2017-12-09 11:00:40,2017-12-09 14:57:29,3.94704027777778,288,47.5209997558594,192.672000244141,7200,240,Z:\SPART-WORK\Data\Voyager\voyager1\mag\48s\reviewed_vim\2017\voyager1_48s_mag-vim_20170101_v01.cdf,C:\Users\Administrator\Documents\FWD_matlab\Voyager_fu\Voyager_Interstellar_Monthly\HighestPrecision_Segments\V1_MAG48s_segment_0488_20171209T110040_20171209T145729.png,ok,
1,489,2017-12-10 10:44:40,2017-12-10 15:21:29,4.61352,346,47.5209997558594,97.632,7200,240,Z:\SPART-WORK\Data\Voyager\voyager1\mag\48s\reviewed_vim\2017\voyager1_48s_mag-vim_20170101_v01.cdf,C:\Users\Administrator\Documents\FWD_matlab\Voyager_fu\Voyager_Interstellar_Monthly\HighestPrecision_Segments\V1_MAG48s_segment_0489_20171210T104440_20171210T152129.png,ok,
1,490,2017-12-10 18:30:16,2017-12-10 20:58:17,2.46671999993218,186,47.5209997558594,50.113,7200,240,Z:\SPART-WORK\Data\Voyager\voyager1\mag\48s\reviewed_vim\2017\voyager1_48s_mag-vim_20170101_v01.cdf,C:\Users\Administrator\Documents\FWD_matlab\Voyager_fu\Voyager_Interstellar_Monthly\HighestPrecision_Segments\V1_MAG48s_segment_0490_20171210T183016_20171210T205817.png,ok,
1,491,2017-12-11 10:44:40,2017-12-11 14:46:17,4.02695972222222,302,47.5209997558594,97.632,7200,240,Z:\SPART-WORK\Data\Voyager\voyager1\mag\48s\reviewed_vim\2017\voyager1_48s_mag-vim_20170101_v01.cdf,C:\Users\Administrator\Documents\FWD_matlab\Voyager_fu\Voyager_Interstellar_Monthly\HighestPrecision_Segments\V1_MAG48s_segment_0491_20171211T104440_20171211T144617.png,ok,
1,492,2017-12-12 17:08:40,2017-12-12 21:05:29,3.9468,292,47.5209997558594,240.193,7200,240,Z:\SPART-WORK\Data\Voyager\voyager1\mag\48s\reviewed_vim\2017\voyager1_48s_mag-vim_20170101_v01.cdf,C:\Users\Administrator\Documents\FWD_matlab\Voyager_fu\Voyager_Interstellar_Monthly\HighestPrecision_Segments\V1_MAG48s_segment_0492_20171212T170840_20171212T210529.png,ok,
1,493,2017-12-13 18:36:41,2017-12-13 23:54:16,5.2932,396,47.5209997558594,145.152999755859,7200,240,Z:\SPART-WORK\Data\Voyager\voyager1\mag\48s\reviewed_vim\2017\voyager1_48s_mag-vim_20170101_v01.cdf,C:\Users\Administrator\Documents\FWD_matlab\Voyager_fu\Voyager_Interstellar_Monthly\HighestPrecision_Segments\V1_MAG48s_segment_0493_20171213T183641_20171213T235416.png,ok,
1,494,2017-12-14 19:21:28,2017-12-14 20:22:18,1.01376,74,47.521,142.559,7200,240,Z:\SPART-WORK\Data\Voyager\voyager1\mag\48s\reviewed_vim\2017\voyager1_48s_mag-vim_20170101_v01.cdf,C:\Users\Administrator\Documents\FWD_matlab\Voyager_fu\Voyager_Interstellar_Monthly\HighestPrecision_Segments\V1_MAG48s_segment_0494_20171214T192128_20171214T202218.png,ok,
1,495,2017-12-15 03:10:16,2017-12-15 03:51:53,0.693600277777778,50,47.521,190.08,7200,240,Z:\SPART-WORK\Data\Voyager\voyager1\mag\48s\reviewed_vim\2017\voyager1_48s_mag-vim_20170101_v01.cdf,C:\Users\Administrator\Documents\FWD_matlab\Voyager_fu\Voyager_Interstellar_Monthly\HighestPrecision_Segments\V1_MAG48s_segment_0495_20171215T031016_20171215T035153.png,ok,
1,496,2017-12-15 10:20:40,2017-12-15 14:33:30,4.21368,317,47.5209997558594,50.113,7200,240,Z:\SPART-WORK\Data\Voyager\voyager1\mag\48s\reviewed_vim\2017\voyager1_48s_mag-vim_20170101_v01.cdf,C:\Users\Administrator\Documents\FWD_matlab\Voyager_fu\Voyager_Interstellar_Monthly\HighestPrecision_Segments\V1_MAG48s_segment_0496_20171215T102040_20171215T143330.png,ok,
1,497,2017-12-16 17:59:52,2017-12-16 22:00:40,4.01352027777778,299,47.5209997558594,192.672,7200,240,Z:\SPART-WORK\Data\Voyager\voyager1\mag\48s\reviewed_vim\2017\voyager1_48s_mag-vim_20170101_v01.cdf,C:\Users\Administrator\Documents\FWD_matlab\Voyager_fu\Voyager_Interstellar_Monthly\HighestPrecision_Segments\V1_MAG48s_segment_0497_20171216T175952_20171216T220040.png,ok,
1,498,2017-12-17 10:33:28,2017-12-17 13:06:16,2.54664,190,47.5209997558594,142.559,7200,240,Z:\SPART-WORK\Data\Voyager\voyager1\mag\48s\reviewed_vim\2017\voyager1_48s_mag-vim_20170101_v01.cdf,C:\Users\Administrator\Documents\FWD_matlab\Voyager_fu\Voyager_Interstellar_Monthly\HighestPrecision_Segments\V1_MAG48s_segment_0498_20171217T103328_20171217T130616.png,ok,
1,499,2017-12-17 17:55:04,2017-12-17 21:59:54,4.08048027770996,307,47.5209997558594,50.113,7200,240,Z:\SPART-WORK\Data\Voyager\voyager1\mag\48s\reviewed_vim\2017\voyager1_48s_mag-vim_20170101_v01.cdf,C:\Users\Administrator\Documents\FWD_matlab\Voyager_fu\Voyager_Interstellar_Monthly\HighestPrecision_Segments\V1_MAG48s_segment_0499_20171217T175504_20171217T215954.png,ok,
1,500,2017-12-18 13:56:40,2017-12-18 17:58:17,4.02695972222222,302,47.5209997558594,97.632,7200,240,Z:\SPART-WORK\Data\Voyager\voyager1\mag\48s\reviewed_vim\2017\voyager1_48s_mag-vim_20170101_v01.cdf,C:\Users\Administrator\Documents\FWD_matlab\Voyager_fu\Voyager_Interstellar_Monthly\HighestPrecision_Segments\V1_MAG48s_segment_0500_20171218T135640_20171218T175817.png,ok,
1,501,2017-12-19 20:12:40,2017-12-20 01:20:40,5.13360027770996,386,47.5209997558594,50.113,7200,240,Z:\SPART-WORK\Data\Voyager\voyager1\mag\48s\reviewed_vim\2017\voyager1_48s_mag-vim_20170101_v01.cdf,C:\Users\Administrator\Documents\FWD_matlab\Voyager_fu\Voyager_Interstellar_Monthly\HighestPrecision_Segments\V1_MAG48s_segment_0501_20171219T201240_20171220T012040.png,ok,
1,502,2017-12-20 18:06:16,2017-12-20 21:47:53,3.69359972222222,277,47.5209997558594,95.04,7200,240,Z:\SPART-WORK\Data\Voyager\voyager1\mag\48s\reviewed_vim\2017\voyager1_48s_mag-vim_20170101_v01.cdf,C:\Users\Administrator\Documents\FWD_matlab\Voyager_fu\Voyager_Interstellar_Monthly\HighestPrecision_Segments\V1_MAG48s_segment_0502_20171220T180616_20171220T214753.png,ok,
1,503,2017-12-21 01:19:53,2017-12-21 03:07:04,1.78632,133,47.5209997558594,145.151000244141,7200,240,Z:\SPART-WORK\Data\Voyager\voyager1\mag\48s\reviewed_vim\2017\voyager1_48s_mag-vim_20170101_v01.cdf,C:\Users\Administrator\Documents\FWD_matlab\Voyager_fu\Voyager_Interstellar_Monthly\HighestPrecision_Segments\V1_MAG48s_segment_0503_20171221T011953_20171221T030704.png,ok,
1,504,2017-12-21 10:09:28,2017-12-21 14:35:05,4.42680027777778,326,47.5209997558594,240.193,7200,240,Z:\SPART-WORK\Data\Voyager\voyager1\mag\48s\reviewed_vim\2017\voyager1_48s_mag-vim_20170101_v01.cdf,C:\Users\Administrator\Documents\FWD_matlab\Voyager_fu\Voyager_Interstellar_Monthly\HighestPrecision_Segments\V1_MAG48s_segment_0504_20171221T100928_20171221T143505.png,ok,
1,505,2017-12-22 10:01:28,2017-12-22 17:05:30,7.06728000006782,531,47.5209997558594,50.113,7200,240,Z:\SPART-WORK\Data\Voyager\voyager1\mag\48s\reviewed_vim\2017\voyager1_48s_mag-vim_20170101_v01.cdf,C:\Users\Administrator\Documents\FWD_matlab\Voyager_fu\Voyager_Interstellar_Monthly\HighestPrecision_Segments\V1_MAG48s_segment_0505_20171222T100128_20171222T170530.png,ok,
1,506,2017-12-23 09:50:16,2017-12-23 17:39:04,7.81344,576,47.5209997558594,287.712,7200,240,Z:\SPART-WORK\Data\Voyager\voyager1\mag\48s\reviewed_vim\2017\voyager1_48s_mag-vim_20170101_v01.cdf,C:\Users\Administrator\Documents\FWD_matlab\Voyager_fu\Voyager_Interstellar_Monthly\HighestPrecision_Segments\V1_MAG48s_segment_0506_20171223T095016_20171223T173904.png,ok,
1,507,2017-12-23 20:15:52,2017-12-24 00:20:41,4.08024000006782,305,47.5209997558594,145.151,7200,240,Z:\SPART-WORK\Data\Voyager\voyager1\mag\48s\reviewed_vim\2017\voyager1_48s_mag-vim_20170101_v01.cdf,C:\Users\Administrator\Documents\FWD_matlab\Voyager_fu\Voyager_Interstellar_Monthly\HighestPrecision_Segments\V1_MAG48s_segment_0507_20171223T201552_20171224T002041.png,ok,
1,508,2017-12-24 15:50:16,2017-12-24 21:12:42,5.37384,402,47.5209997558594,145.152,7200,240,Z:\SPART-WORK\Data\Voyager\voyager1\mag\48s\reviewed_vim\2017\voyager1_48s_mag-vim_20170101_v01.cdf,C:\Users\Administrator\Documents\FWD_matlab\Voyager_fu\Voyager_Interstellar_Monthly\HighestPrecision_Segments\V1_MAG48s_segment_0508_20171224T155016_20171224T211242.png,ok,
1,509,2017-12-25 11:37:30,2017-12-25 22:02:15,10.4126402777778,758,47.5209997558594,1105.056,7200,240,Z:\SPART-WORK\Data\Voyager\voyager1\mag\48s\reviewed_vim\2017\voyager1_48s_mag-vim_20170101_v01.cdf,C:\Users\Administrator\Documents\FWD_matlab\Voyager_fu\Voyager_Interstellar_Monthly\HighestPrecision_Segments\V1_MAG48s_segment_0509_20171225T113730_20171225T220215.png,ok,
1,510,2017-12-26 14:54:16,2017-12-26 18:50:16,3.93312,293,47.5209997558594,192.672,7200,240,Z:\SPART-WORK\Data\Voyager\voyager1\mag\48s\reviewed_vim\2017\voyager1_48s_mag-vim_20170101_v01.cdf,C:\Users\Administrator\Documents\FWD_matlab\Voyager_fu\Voyager_Interstellar_Monthly\HighestPrecision_Segments\V1_MAG48s_segment_0510_20171226T145416_20171226T185016.png,ok,
1,511,2017-12-27 09:43:54,2017-12-27 13:11:06,3.45336,259,47.5209997558594,95.04,7200,240,Z:\SPART-WORK\Data\Voyager\voyager1\mag\48s\reviewed_vim\2017\voyager1_48s_mag-vim_20170101_v01.cdf,C:\Users\Administrator\Documents\FWD_matlab\Voyager_fu\Voyager_Interstellar_Monthly\HighestPrecision_Segments\V1_MAG48s_segment_0511_20171227T094354_20171227T131106.png,ok,
1,512,2017-12-28 09:31:04,2017-12-28 13:44:40,4.22664027770996,308,47.5209997558594,287.712,7200,240,Z:\SPART-WORK\Data\Voyager\voyager1\mag\48s\reviewed_vim\2017\voyager1_48s_mag-vim_20170101_v01.cdf,C:\Users\Administrator\Documents\FWD_matlab\Voyager_fu\Voyager_Interstellar_Monthly\HighestPrecision_Segments\V1_MAG48s_segment_0512_20171228T093104_20171228T134440.png,ok,
1,513,2017-12-28 17:16:40,2017-12-28 19:20:40,2.06688,154,47.5209997558594,145.152,7200,240,Z:\SPART-WORK\Data\Voyager\voyager1\mag\48s\reviewed_vim\2017\voyager1_48s_mag-vim_20170101_v01.cdf,C:\Users\Administrator\Documents\FWD_matlab\Voyager_fu\Voyager_Interstellar_Monthly\HighestPrecision_Segments\V1_MAG48s_segment_0513_20171228T171640_20171228T192040.png,ok,
1,514,2017-12-29 12:28:41,2017-12-29 17:20:40,4.86624027777778,366,47.5209997558594,50.113,7200,240,Z:\SPART-WORK\Data\Voyager\voyager1\mag\48s\reviewed_vim\2017\voyager1_48s_mag-vim_20170101_v01.cdf,C:\Users\Administrator\Documents\FWD_matlab\Voyager_fu\Voyager_Interstellar_Monthly\HighestPrecision_Segments\V1_MAG48s_segment_0514_20171229T122841_20171229T172040.png,ok,
1,515,2017-12-29 22:01:28,2017-12-30 00:20:41,2.32032000006782,175,47.5204998779297,50.113,7200,240,Z:\SPART-WORK\Data\Voyager\voyager1\mag\48s\reviewed_vim\2017\voyager1_48s_mag-vim_20170101_v01.cdf,C:\Users\Administrator\Documents\FWD_matlab\Voyager_fu\Voyager_Interstellar_Monthly\HighestPrecision_Segments\V1_MAG48s_segment_0515_20171229T220128_20171230T002041.png,ok,
1,516,2017-12-30 09:45:29,2017-12-30 17:11:04,7.42656000006782,546,47.5209997558594,432,7200,240,Z:\SPART-WORK\Data\Voyager\voyager1\mag\48s\reviewed_vim\2017\voyager1_48s_mag-vim_20170101_v01.cdf,C:\Users\Administrator\Documents\FWD_matlab\Voyager_fu\Voyager_Interstellar_Monthly\HighestPrecision_Segments\V1_MAG48s_segment_0516_20171230T094529_20171230T171104.png,ok,
1,517,2018-01-01 09:19:54,2018-01-01 12:19:54,3,226,48.383,48.385,7200,240,Z:\SPART-WORK\Data\Voyager\voyager1\mag\48s\reviewed_vim\2018\voyager1_48s_mag-vim_20180101_v01.cdf,C:\Users\Administrator\Documents\FWD_matlab\Voyager_fu\Voyager_Interstellar_Monthly\HighestPrecision_Segments\V1_MAG48s_segment_0517_20180101T091954_20180101T121954.png,ok,
1,518,2018-01-01 17:03:53,2018-01-01 22:10:18,5.10672027777778,384,48.383,48.385,7200,240,Z:\SPART-WORK\Data\Voyager\voyager1\mag\48s\reviewed_vim\2018\voyager1_48s_mag-vim_20180101_v01.cdf,C:\Users\Administrator\Documents\FWD_matlab\Voyager_fu\Voyager_Interstellar_Monthly\HighestPrecision_Segments\V1_MAG48s_segment_0518_20180101T170353_20180101T221018.png,ok,
1,519,2018-01-02 09:16:42,2018-01-02 12:05:30,2.81328,212,48.383,48.385,7200,240,Z:\SPART-WORK\Data\Voyager\voyager1\mag\48s\reviewed_vim\2018\voyager1_48s_mag-vim_20180101_v01.cdf,C:\Users\Administrator\Documents\FWD_matlab\Voyager_fu\Voyager_Interstellar_Monthly\HighestPrecision_Segments\V1_MAG48s_segment_0519_20180102T091642_20180102T120530.png,ok,
1,520,2018-01-02 18:46:17,2018-01-02 19:05:30,0.32016,19,48.3830001220703,240.192,7200,240,Z:\SPART-WORK\Data\Voyager\voyager1\mag\48s\reviewed_vim\2018\voyager1_48s_mag-vim_20180101_v01.cdf,C:\Users\Administrator\Documents\FWD_matlab\Voyager_fu\Voyager_Interstellar_Monthly\HighestPrecision_Segments\V1_MAG48s_segment_0520_20180102T184617_20180102T190530.png,ok,
1,521,2018-01-02 21:50:17,2018-01-02 22:41:30,0.85344,65,48.383,48.385,7200,240,Z:\SPART-WORK\Data\Voyager\voyager1\mag\48s\reviewed_vim\2018\voyager1_48s_mag-vim_20180101_v01.cdf,C:\Users\Administrator\Documents\FWD_matlab\Voyager_fu\Voyager_Interstellar_Monthly\HighestPrecision_Segments\V1_MAG48s_segment_0521_20180102T215017_20180102T224130.png,ok,
1,522,2018-01-03 09:18:18,2018-01-03 13:35:54,4.29336,322,48.383,95.9030002441406,7200,240,Z:\SPART-WORK\Data\Voyager\voyager1\mag\48s\reviewed_vim\2018\voyager1_48s_mag-vim_20180101_v01.cdf,C:\Users\Administrator\Documents\FWD_matlab\Voyager_fu\Voyager_Interstellar_Monthly\HighestPrecision_Segments\V1_MAG48s_segment_0522_20180103T091818_20180103T133554.png,ok,
1,523,2018-01-04 09:10:17,2018-01-04 13:15:05,4.08,218,48.3830002441406,3888,7200,240,Z:\SPART-WORK\Data\Voyager\voyager1\mag\48s\reviewed_vim\2018\voyager1_48s_mag-vim_20180101_v01.cdf,C:\Users\Administrator\Documents\FWD_matlab\Voyager_fu\Voyager_Interstellar_Monthly\HighestPrecision_Segments\V1_MAG48s_segment_0523_20180104T091017_20180104T131505.png,ok,
1,524,2018-01-05 09:11:53,2018-01-06 01:02:17,15.8400002777778,1155,48.3830002441406,1343.52,7200,240,Z:\SPART-WORK\Data\Voyager\voyager1\mag\48s\reviewed_vim\2018\voyager1_48s_mag-vim_20180101_v01.cdf,C:\Users\Administrator\Documents\FWD_matlab\Voyager_fu\Voyager_Interstellar_Monthly\HighestPrecision_Segments\V1_MAG48s_segment_0524_20180105T091153_20180106T010217.png,ok,
1,525,2018-01-06 08:52:41,2018-01-06 16:49:29,7.94663972222222,534,48.3830002441406,2831.328,7200,240,Z:\SPART-WORK\Data\Voyager\voyager1\mag\48s\reviewed_vim\2018\voyager1_48s_mag-vim_20180101_v01.cdf,C:\Users\Administrator\Documents\FWD_matlab\Voyager_fu\Voyager_Interstellar_Monthly\HighestPrecision_Segments\V1_MAG48s_segment_0525_20180106T085241_20180106T164929.png,ok,
1,526,2018-01-07 09:02:18,2018-01-07 13:39:53,4.62648027777778,345,48.3830002441406,191.807,7200,240,Z:\SPART-WORK\Data\Voyager\voyager1\mag\48s\reviewed_vim\2018\voyager1_48s_mag-vim_20180101_v01.cdf,C:\Users\Administrator\Documents\FWD_matlab\Voyager_fu\Voyager_Interstellar_Monthly\HighestPrecision_Segments\V1_MAG48s_segment_0526_20180107T090218_20180107T133953.png,ok,
1,527,2018-01-08 09:03:54,2018-01-08 13:11:05,4.11983972229004,310,48.3839997558594,48.385,7200,240,Z:\SPART-WORK\Data\Voyager\voyager1\mag\48s\reviewed_vim\2018\voyager1_48s_mag-vim_20180101_v01.cdf,C:\Users\Administrator\Documents\FWD_matlab\Voyager_fu\Voyager_Interstellar_Monthly\HighestPrecision_Segments\V1_MAG48s_segment_0527_20180108T090354_20180108T131105.png,ok,
1,528,2018-01-09 23:26:17,2018-01-10 03:37:29,4.18680027777778,314,48.3839997558594,96.769,7200,240,Z:\SPART-WORK\Data\Voyager\voyager1\mag\48s\reviewed_vim\2018\voyager1_48s_mag-vim_20180101_v01.cdf,C:\Users\Administrator\Documents\FWD_matlab\Voyager_fu\Voyager_Interstellar_Monthly\HighestPrecision_Segments\V1_MAG48s_segment_0528_20180109T232617_20180110T033729.png,ok,
1,529,2018-01-10 08:49:30,2018-01-10 12:51:05,4.02647972222222,300,48.3839997558594,191.808999755859,7200,240,Z:\SPART-WORK\Data\Voyager\voyager1\mag\48s\reviewed_vim\2018\voyager1_48s_mag-vim_20180101_v01.cdf,C:\Users\Administrator\Documents\FWD_matlab\Voyager_fu\Voyager_Interstellar_Monthly\HighestPrecision_Segments\V1_MAG48s_segment_0529_20180110T084930_20180110T125105.png,ok,
1,530,2018-01-11 16:23:53,2018-01-11 23:47:05,7.38672,552,48.3839997558594,191.808999755859,7200,240,Z:\SPART-WORK\Data\Voyager\voyager1\mag\48s\reviewed_vim\2018\voyager1_48s_mag-vim_20180101_v01.cdf,C:\Users\Administrator\Documents\FWD_matlab\Voyager_fu\Voyager_Interstellar_Monthly\HighestPrecision_Segments\V1_MAG48s_segment_0530_20180111T162353_20180111T234705.png,ok,
1,531,2018-01-12 16:12:41,2018-01-12 20:55:53,4.72007972222222,353,48.3839997558594,144.287000244141,7200,240,Z:\SPART-WORK\Data\Voyager\voyager1\mag\48s\reviewed_vim\2018\voyager1_48s_mag-vim_20180101_v01.cdf,C:\Users\Administrator\Documents\FWD_matlab\Voyager_fu\Voyager_Interstellar_Monthly\HighestPrecision_Segments\V1_MAG48s_segment_0531_20180112T161241_20180112T205553.png,ok,
1,532,2018-01-13 08:44:41,2018-01-13 17:29:30,8.74680027770996,646,48.3839997558594,480.384,7200,240,Z:\SPART-WORK\Data\Voyager\voyager1\mag\48s\reviewed_vim\2018\voyager1_48s_mag-vim_20180101_v01.cdf,C:\Users\Administrator\Documents\FWD_matlab\Voyager_fu\Voyager_Interstellar_Monthly\HighestPrecision_Segments\V1_MAG48s_segment_0532_20180113T084441_20180113T172930.png,ok,
1,533,2018-01-14 08:33:29,2018-01-14 16:39:06,8.09352,607,48.3839997558594,96.768,7200,240,Z:\SPART-WORK\Data\Voyager\voyager1\mag\48s\reviewed_vim\2018\voyager1_48s_mag-vim_20180101_v01.cdf,C:\Users\Administrator\Documents\FWD_matlab\Voyager_fu\Voyager_Interstellar_Monthly\HighestPrecision_Segments\V1_MAG48s_segment_0533_20180114T083329_20180114T163906.png,ok,
1,534,2018-01-15 08:31:53,2018-01-15 12:30:17,3.97343972222222,297,48.3839997558594,143.423,7200,240,Z:\SPART-WORK\Data\Voyager\voyager1\mag\48s\reviewed_vim\2018\voyager1_48s_mag-vim_20180101_v01.cdf,C:\Users\Administrator\Documents\FWD_matlab\Voyager_fu\Voyager_Interstellar_Monthly\HighestPrecision_Segments\V1_MAG48s_segment_0534_20180115T083153_20180115T123017.png,ok,
1,535,2018-01-16 16:06:17,2018-01-16 20:41:29,4.58663972222222,345,48.3839997558594,48.385,7200,240,Z:\SPART-WORK\Data\Voyager\voyager1\mag\48s\reviewed_vim\2018\voyager1_48s_mag-vim_20180101_v01.cdf,C:\Users\Administrator\Documents\FWD_matlab\Voyager_fu\Voyager_Interstellar_Monthly\HighestPrecision_Segments\V1_MAG48s_segment_0535_20180116T160617_20180116T204129.png,ok,
1,536,2018-01-17 08:22:17,2018-01-17 13:06:17,4.73352,354,48.3839997558594,144.288,7200,240,Z:\SPART-WORK\Data\Voyager\voyager1\mag\48s\reviewed_vim\2018\voyager1_48s_mag-vim_20180101_v01.cdf,C:\Users\Administrator\Documents\FWD_matlab\Voyager_fu\Voyager_Interstellar_Monthly\HighestPrecision_Segments\V1_MAG48s_segment_0536_20180117T082217_20180117T130617.png,ok,
1,537,2018-01-18 08:27:05,2018-01-18 17:42:17,9.2532,548,48.3839997558594,6816.09600024414,7200,240,Z:\SPART-WORK\Data\Voyager\voyager1\mag\48s\reviewed_vim\2018\voyager1_48s_mag-vim_20180101_v01.cdf,C:\Users\Administrator\Documents\FWD_matlab\Voyager_fu\Voyager_Interstellar_Monthly\HighestPrecision_Segments\V1_MAG48s_segment_0537_20180118T082705_20180118T174217.png,ok,
1,538,2018-01-19 08:20:41,2018-01-19 12:24:41,4.06680027777778,303,48.3839997558594,192.672,7200,240,Z:\SPART-WORK\Data\Voyager\voyager1\mag\48s\reviewed_vim\2018\voyager1_48s_mag-vim_20180101_v01.cdf,C:\Users\Administrator\Documents\FWD_matlab\Voyager_fu\Voyager_Interstellar_Monthly\HighestPrecision_Segments\V1_MAG48s_segment_0538_20180119T082041_20180119T122441.png,ok,
1,539,2018-01-19 20:43:05,2018-01-20 02:00:41,5.29319972222222,397,48.3839997558594,95.904,7200,240,Z:\SPART-WORK\Data\Voyager\voyager1\mag\48s\reviewed_vim\2018\voyager1_48s_mag-vim_20180101_v01.cdf,C:\Users\Administrator\Documents\FWD_matlab\Voyager_fu\Voyager_Interstellar_Monthly\HighestPrecision_Segments\V1_MAG48s_segment_0539_20180119T204305_20180120T020041.png,ok,
1,540,2018-01-20 12:54:17,2018-01-20 19:25:29,6.52008,490,48.3839997558594,48.385,7200,240,Z:\SPART-WORK\Data\Voyager\voyager1\mag\48s\reviewed_vim\2018\voyager1_48s_mag-vim_20180101_v01.cdf,C:\Users\Administrator\Documents\FWD_matlab\Voyager_fu\Voyager_Interstellar_Monthly\HighestPrecision_Segments\V1_MAG48s_segment_0540_20180120T125417_20180120T192529.png,ok,
1,541,2018-01-21 08:01:29,2018-01-21 15:29:29,7.46663999993218,560,48.3839997558594,95.9049997558594,7200,240,Z:\SPART-WORK\Data\Voyager\voyager1\mag\48s\reviewed_vim\2018\voyager1_48s_mag-vim_20180101_v01.cdf,C:\Users\Administrator\Documents\FWD_matlab\Voyager_fu\Voyager_Interstellar_Monthly\HighestPrecision_Segments\V1_MAG48s_segment_0541_20180121T080129_20180121T152929.png,ok,
1,542,2018-01-21 18:49:29,2018-01-22 00:54:17,6.07992027770996,457,48.3839997558594,48.385,7200,240,Z:\SPART-WORK\Data\Voyager\voyager1\mag\48s\reviewed_vim\2018\voyager1_48s_mag-vim_20180101_v01.cdf,C:\Users\Administrator\Documents\FWD_matlab\Voyager_fu\Voyager_Interstellar_Monthly\HighestPrecision_Segments\V1_MAG48s_segment_0542_20180121T184929_20180122T005417.png,ok,
1,543,2018-01-22 18:47:53,2018-01-22 22:39:53,3.86664000006782,290,48.3839997558594,95.9040002441406,7200,240,Z:\SPART-WORK\Data\Voyager\voyager1\mag\48s\reviewed_vim\2018\voyager1_48s_mag-vim_20180101_v01.cdf,C:\Users\Administrator\Documents\FWD_matlab\Voyager_fu\Voyager_Interstellar_Monthly\HighestPrecision_Segments\V1_MAG48s_segment_0543_20180122T184753_20180122T223953.png,ok,
1,544,2018-01-23 08:03:05,2018-01-23 12:04:41,4.02672,303,48.3839997558594,48.385,7200,240,Z:\SPART-WORK\Data\Voyager\voyager1\mag\48s\reviewed_vim\2018\voyager1_48s_mag-vim_20180101_v01.cdf,C:\Users\Administrator\Documents\FWD_matlab\Voyager_fu\Voyager_Interstellar_Monthly\HighestPrecision_Segments\V1_MAG48s_segment_0544_20180123T080305_20180123T120441.png,ok,
1,545,2018-01-24 07:50:17,2018-01-24 13:02:17,5.20008027777778,389,48.3839997558594,144.288,7200,240,Z:\SPART-WORK\Data\Voyager\voyager1\mag\48s\reviewed_vim\2018\voyager1_48s_mag-vim_20180101_v01.cdf,C:\Users\Administrator\Documents\FWD_matlab\Voyager_fu\Voyager_Interstellar_Monthly\HighestPrecision_Segments\V1_MAG48s_segment_0545_20180124T075017_20180124T130217.png,ok,
1,546,2018-01-25 13:55:05,2018-01-25 19:05:29,5.17344,387,48.3839997558594,143.423,7200,240,Z:\SPART-WORK\Data\Voyager\voyager1\mag\48s\reviewed_vim\2018\voyager1_48s_mag-vim_20180101_v01.cdf,C:\Users\Administrator\Documents\FWD_matlab\Voyager_fu\Voyager_Interstellar_Monthly\HighestPrecision_Segments\V1_MAG48s_segment_0546_20180125T135505_20180125T190529.png,ok,
1,547,2018-01-25 23:51:53,2018-01-26 02:15:53,2.4,178,48.3839997558594,191.807,7200,240,Z:\SPART-WORK\Data\Voyager\voyager1\mag\48s\reviewed_vim\2018\voyager1_48s_mag-vim_20180101_v01.cdf,C:\Users\Administrator\Documents\FWD_matlab\Voyager_fu\Voyager_Interstellar_Monthly\HighestPrecision_Segments\V1_MAG48s_segment_0547_20180125T235153_20180126T021553.png,ok,
1,548,2018-01-26 13:55:05,2018-01-27 02:30:17,12.58679972229,804,48.3839997558594,6719.328,7200,240,Z:\SPART-WORK\Data\Voyager\voyager1\mag\48s\reviewed_vim\2018\voyager1_48s_mag-vim_20180101_v01.cdf,C:\Users\Administrator\Documents\FWD_matlab\Voyager_fu\Voyager_Interstellar_Monthly\HighestPrecision_Segments\V1_MAG48s_segment_0548_20180126T135505_20180127T023017.png,ok,
1,549,2018-01-27 19:43:52,2018-01-28 01:01:29,5.29343972222222,396,48.3839997558594,144.287000244141,7200,240,Z:\SPART-WORK\Data\Voyager\voyager1\mag\48s\reviewed_vim\2018\voyager1_48s_mag-vim_20180101_v01.cdf,C:\Users\Administrator\Documents\FWD_matlab\Voyager_fu\Voyager_Interstellar_Monthly\HighestPrecision_Segments\V1_MAG48s_segment_0549_20180127T194352_20180128T010129.png,ok,
1,550,2018-01-28 07:34:17,2018-01-28 12:13:29,4.65336,350,48.3839997558594,48.385,7200,240,Z:\SPART-WORK\Data\Voyager\voyager1\mag\48s\reviewed_vim\2018\voyager1_48s_mag-vim_20180101_v01.cdf,C:\Users\Administrator\Documents\FWD_matlab\Voyager_fu\Voyager_Interstellar_Monthly\HighestPrecision_Segments\V1_MAG48s_segment_0550_20180128T073417_20180128T121329.png,ok,
1,551,2018-01-28 23:37:29,2018-01-29 02:27:04,2.82647999993218,211,48.3839997558594,144.287999755859,7200,240,Z:\SPART-WORK\Data\Voyager\voyager1\mag\48s\reviewed_vim\2018\voyager1_48s_mag-vim_20180101_v01.cdf,C:\Users\Administrator\Documents\FWD_matlab\Voyager_fu\Voyager_Interstellar_Monthly\HighestPrecision_Segments\V1_MAG48s_segment_0551_20180128T233729_20180129T022704.png,ok,
1,552,2018-01-29 07:26:17,2018-01-29 12:04:40,4.63992,348,48.3839997558594,95.9030002441406,7200,240,Z:\SPART-WORK\Data\Voyager\voyager1\mag\48s\reviewed_vim\2018\voyager1_48s_mag-vim_20180101_v01.cdf,C:\Users\Administrator\Documents\FWD_matlab\Voyager_fu\Voyager_Interstellar_Monthly\HighestPrecision_Segments\V1_MAG48s_segment_0552_20180129T072617_20180129T120440.png,ok,
1,553,2018-01-29 15:08:40,2018-01-29 21:04:40,5.93328027770996,446,48.3839997558594,48.385,7200,240,Z:\SPART-WORK\Data\Voyager\voyager1\mag\48s\reviewed_vim\2018\voyager1_48s_mag-vim_20180101_v01.cdf,C:\Users\Administrator\Documents\FWD_matlab\Voyager_fu\Voyager_Interstellar_Monthly\HighestPrecision_Segments\V1_MAG48s_segment_0553_20180129T150840_20180129T210440.png,ok,
1,554,2018-01-30 15:37:28,2018-01-30 17:29:29,1.86671999993218,135,48.3839997558594,239.327,7200,240,Z:\SPART-WORK\Data\Voyager\voyager1\mag\48s\reviewed_vim\2018\voyager1_48s_mag-vim_20180101_v01.cdf,C:\Users\Administrator\Documents\FWD_matlab\Voyager_fu\Voyager_Interstellar_Monthly\HighestPrecision_Segments\V1_MAG48s_segment_0554_20180130T153728_20180130T172929.png,ok,
1,555,2018-01-30 20:14:16,2018-01-30 22:15:04,2.01336,152,48.3839997558594,48.385,7200,240,Z:\SPART-WORK\Data\Voyager\voyager1\mag\48s\reviewed_vim\2018\voyager1_48s_mag-vim_20180101_v01.cdf,C:\Users\Administrator\Documents\FWD_matlab\Voyager_fu\Voyager_Interstellar_Monthly\HighestPrecision_Segments\V1_MAG48s_segment_0555_20180130T201416_20180130T221504.png,ok,
1,556,2018-01-31 07:26:17,2018-01-31 12:03:04,4.61328,344,48.3839997558594,191.808999755859,7200,240,Z:\SPART-WORK\Data\Voyager\voyager1\mag\48s\reviewed_vim\2018\voyager1_48s_mag-vim_20180101_v01.cdf,C:\Users\Administrator\Documents\FWD_matlab\Voyager_fu\Voyager_Interstellar_Monthly\HighestPrecision_Segments\V1_MAG48s_segment_0556_20180131T072617_20180131T120304.png,ok,
1,557,2018-02-01 07:21:29,2018-02-01 12:44:40,5.38656027777778,401,48.3839997558594,144.289,7200,240,Z:\SPART-WORK\Data\Voyager\voyager1\mag\48s\reviewed_vim\2018\voyager1_48s_mag-vim_20180101_v01.cdf,C:\Users\Administrator\Documents\FWD_matlab\Voyager_fu\Voyager_Interstellar_Monthly\HighestPrecision_Segments\V1_MAG48s_segment_0557_20180201T072129_20180201T124440.png,ok,
1,558,2018-02-01 17:47:04,2018-02-01 23:14:16,5.45327972222222,323,48.3839997558594,4032.288,7200,240,Z:\SPART-WORK\Data\Voyager\voyager1\mag\48s\reviewed_vim\2018\voyager1_48s_mag-vim_20180101_v01.cdf,C:\Users\Administrator\Documents\FWD_matlab\Voyager_fu\Voyager_Interstellar_Monthly\HighestPrecision_Segments\V1_MAG48s_segment_0558_20180201T174704_20180201T231416.png,ok,
1,559,2018-02-02 07:08:41,2018-02-02 17:06:17,9.96,738,48.3839997558594,384.48,7200,240,Z:\SPART-WORK\Data\Voyager\voyager1\mag\48s\reviewed_vim\2018\voyager1_48s_mag-vim_20180101_v01.cdf,C:\Users\Administrator\Documents\FWD_matlab\Voyager_fu\Voyager_Interstellar_Monthly\HighestPrecision_Segments\V1_MAG48s_segment_0559_20180202T070841_20180202T170617.png,ok,
1,560,2018-02-02 21:24:40,2018-02-03 01:59:52,4.58664,342,48.3839997558594,191.808,7200,240,Z:\SPART-WORK\Data\Voyager\voyager1\mag\48s\reviewed_vim\2018\voyager1_48s_mag-vim_20180101_v01.cdf,C:\Users\Administrator\Documents\FWD_matlab\Voyager_fu\Voyager_Interstellar_Monthly\HighestPrecision_Segments\V1_MAG48s_segment_0560_20180202T212440_20180203T015952.png,ok,
1,561,2018-02-03 07:27:52,2018-02-03 09:41:29,2.22672,166,48.3839997558594,144.287999755859,7200,240,Z:\SPART-WORK\Data\Voyager\voyager1\mag\48s\reviewed_vim\2018\voyager1_48s_mag-vim_20180101_v01.cdf,C:\Users\Administrator\Documents\FWD_matlab\Voyager_fu\Voyager_Interstellar_Monthly\HighestPrecision_Segments\V1_MAG48s_segment_0561_20180203T072752_20180203T094129.png,ok,
1,562,2018-02-03 20:01:28,2018-02-04 01:10:17,5.14680027777778,384,48.3839997558594,192.671,7200,240,Z:\SPART-WORK\Data\Voyager\voyager1\mag\48s\reviewed_vim\2018\voyager1_48s_mag-vim_20180101_v01.cdf,C:\Users\Administrator\Documents\FWD_matlab\Voyager_fu\Voyager_Interstellar_Monthly\HighestPrecision_Segments\V1_MAG48s_segment_0562_20180203T200128_20180204T011017.png,ok,
1,563,2018-02-04 14:41:28,2018-02-04 18:50:17,4.14672000006782,311,48.3839997558594,95.905,7200,240,Z:\SPART-WORK\Data\Voyager\voyager1\mag\48s\reviewed_vim\2018\voyager1_48s_mag-vim_20180101_v01.cdf,C:\Users\Administrator\Documents\FWD_matlab\Voyager_fu\Voyager_Interstellar_Monthly\HighestPrecision_Segments\V1_MAG48s_segment_0563_20180204T144128_20180204T185017.png,ok,
1,564,2018-02-05 17:56:41,2018-02-05 22:04:41,4.13327972229004,310,48.3839997558594,95.903,7200,240,Z:\SPART-WORK\Data\Voyager\voyager1\mag\48s\reviewed_vim\2018\voyager1_48s_mag-vim_20180101_v01.cdf,C:\Users\Administrator\Documents\FWD_matlab\Voyager_fu\Voyager_Interstellar_Monthly\HighestPrecision_Segments\V1_MAG48s_segment_0564_20180205T175641_20180205T220441.png,ok,
1,565,2018-02-06 14:11:04,2018-02-06 18:20:40,4.15992,311,48.3839997558594,144.287,7200,240,Z:\SPART-WORK\Data\Voyager\voyager1\mag\48s\reviewed_vim\2018\voyager1_48s_mag-vim_20180101_v01.cdf,C:\Users\Administrator\Documents\FWD_matlab\Voyager_fu\Voyager_Interstellar_Monthly\HighestPrecision_Segments\V1_MAG48s_segment_0565_20180206T141104_20180206T182040.png,ok,
1,566,2018-02-07 15:31:04,2018-02-07 16:47:53,1.28015972229004,90,48.384,288.575,7200,240,Z:\SPART-WORK\Data\Voyager\voyager1\mag\48s\reviewed_vim\2018\voyager1_48s_mag-vim_20180101_v01.cdf,C:\Users\Administrator\Documents\FWD_matlab\Voyager_fu\Voyager_Interstellar_Monthly\HighestPrecision_Segments\V1_MAG48s_segment_0566_20180207T153104_20180207T164753.png,ok,
1,567,2018-02-07 23:10:16,2018-02-08 00:50:17,1.66679972229004,123,48.3839997558594,192.671,7200,240,Z:\SPART-WORK\Data\Voyager\voyager1\mag\48s\reviewed_vim\2018\voyager1_48s_mag-vim_20180101_v01.cdf,C:\Users\Administrator\Documents\FWD_matlab\Voyager_fu\Voyager_Interstellar_Monthly\HighestPrecision_Segments\V1_MAG48s_segment_0567_20180207T231016_20180208T005017.png,ok,
1,568,2018-02-08 14:43:04,2018-02-08 20:07:04,5.4,404,48.3839997558594,143.424,7200,240,Z:\SPART-WORK\Data\Voyager\voyager1\mag\48s\reviewed_vim\2018\voyager1_48s_mag-vim_20180101_v01.cdf,C:\Users\Administrator\Documents\FWD_matlab\Voyager_fu\Voyager_Interstellar_Monthly\HighestPrecision_Segments\V1_MAG48s_segment_0568_20180208T144304_20180208T200704.png,ok,
1,569,2018-02-09 06:51:04,2018-02-09 12:39:52,5.81328,434,48.3839997558594,192.671,7200,240,Z:\SPART-WORK\Data\Voyager\voyager1\mag\48s\reviewed_vim\2018\voyager1_48s_mag-vim_20180101_v01.cdf,C:\Users\Administrator\Documents\FWD_matlab\Voyager_fu\Voyager_Interstellar_Monthly\HighestPrecision_Segments\V1_MAG48s_segment_0569_20180209T065104_20180209T123952.png,ok,
1,570,2018-02-10 06:52:40,2018-02-10 12:55:53,6.05351972222222,453,48.3839998779297,144.287,7200,240,Z:\SPART-WORK\Data\Voyager\voyager1\mag\48s\reviewed_vim\2018\voyager1_48s_mag-vim_20180101_v01.cdf,C:\Users\Administrator\Documents\FWD_matlab\Voyager_fu\Voyager_Interstellar_Monthly\HighestPrecision_Segments\V1_MAG48s_segment_0570_20180210T065240_20180210T125553.png,ok,
1,571,2018-02-11 19:48:40,2018-02-11 23:37:28,3.81336,286,48.384,95.9030002441406,7200,240,Z:\SPART-WORK\Data\Voyager\voyager1\mag\48s\reviewed_vim\2018\voyager1_48s_mag-vim_20180101_v01.cdf,C:\Users\Administrator\Documents\FWD_matlab\Voyager_fu\Voyager_Interstellar_Monthly\HighestPrecision_Segments\V1_MAG48s_segment_0571_20180211T194840_20180211T233728.png,ok,
1,572,2018-02-12 14:20:40,2018-02-12 18:28:41,4.13351972229004,309,48.3839997558594,144.287000244141,7200,240,Z:\SPART-WORK\Data\Voyager\voyager1\mag\48s\reviewed_vim\2018\voyager1_48s_mag-vim_20180101_v01.cdf,C:\Users\Administrator\Documents\FWD_matlab\Voyager_fu\Voyager_Interstellar_Monthly\HighestPrecision_Segments\V1_MAG48s_segment_0572_20180212T142040_20180212T182841.png,ok,
1,573,2018-02-13 06:36:40,2018-02-13 11:04:40,4.46664000006782,336,48.3839997558594,48.385,7200,240,Z:\SPART-WORK\Data\Voyager\voyager1\mag\48s\reviewed_vim\2018\voyager1_48s_mag-vim_20180101_v01.cdf,C:\Users\Administrator\Documents\FWD_matlab\Voyager_fu\Voyager_Interstellar_Monthly\HighestPrecision_Segments\V1_MAG48s_segment_0573_20180213T063640_20180213T110440.png,ok,
1,574,2018-02-14 06:23:52,2018-02-14 11:35:04,5.18663999993218,390,48.3839997558594,48.385,7200,240,Z:\SPART-WORK\Data\Voyager\voyager1\mag\48s\reviewed_vim\2018\voyager1_48s_mag-vim_20180101_v01.cdf,C:\Users\Administrator\Documents\FWD_matlab\Voyager_fu\Voyager_Interstellar_Monthly\HighestPrecision_Segments\V1_MAG48s_segment_0574_20180214T062352_20180214T113504.png,ok,
1,575,2018-02-15 06:27:05,2018-02-15 10:31:52,4.07976,304,48.3839997558594,191.808,7200,240,Z:\SPART-WORK\Data\Voyager\voyager1\mag\48s\reviewed_vim\2018\voyager1_48s_mag-vim_20180101_v01.cdf,C:\Users\Administrator\Documents\FWD_matlab\Voyager_fu\Voyager_Interstellar_Monthly\HighestPrecision_Segments\V1_MAG48s_segment_0575_20180215T062705_20180215T103152.png,ok,
1,576,2018-02-16 06:22:16,2018-02-16 21:24:40,15.0400797222222,1126,48.3839997558594,191.807999755859,7200,240,Z:\SPART-WORK\Data\Voyager\voyager1\mag\48s\reviewed_vim\2018\voyager1_48s_mag-vim_20180101_v01.cdf,C:\Users\Administrator\Documents\FWD_matlab\Voyager_fu\Voyager_Interstellar_Monthly\HighestPrecision_Segments\V1_MAG48s_segment_0576_20180216T062216_20180216T212440.png,ok,
1,577,2018-02-17 20:44:40,2018-02-18 00:56:40,4.20000027777778,316,48.3839997558594,48.385,7200,240,Z:\SPART-WORK\Data\Voyager\voyager1\mag\48s\reviewed_vim\2018\voyager1_48s_mag-vim_20180101_v01.cdf,C:\Users\Administrator\Documents\FWD_matlab\Voyager_fu\Voyager_Interstellar_Monthly\HighestPrecision_Segments\V1_MAG48s_segment_0577_20180217T204440_20180218T005640.png,ok,
1,578,2018-02-18 06:23:52,2018-02-18 11:00:41,4.61351999993218,347,48.3839997558594,48.385,7200,240,Z:\SPART-WORK\Data\Voyager\voyager1\mag\48s\reviewed_vim\2018\voyager1_48s_mag-vim_20180101_v01.cdf,C:\Users\Administrator\Documents\FWD_matlab\Voyager_fu\Voyager_Interstellar_Monthly\HighestPrecision_Segments\V1_MAG48s_segment_0578_20180218T062352_20180218T110041.png,ok,
1,579,2018-02-18 13:56:40,2018-02-18 17:40:40,3.73343972229004,280,48.3839997558594,96.768,7200,240,Z:\SPART-WORK\Data\Voyager\voyager1\mag\48s\reviewed_vim\2018\voyager1_48s_mag-vim_20180101_v01.cdf,C:\Users\Administrator\Documents\FWD_matlab\Voyager_fu\Voyager_Interstellar_Monthly\HighestPrecision_Segments\V1_MAG48s_segment_0579_20180218T135640_20180218T174040.png,ok,
1,580,2018-02-19 06:06:16,2018-02-19 11:59:53,5.89344027777778,442,48.3839997558594,95.905,7200,240,Z:\SPART-WORK\Data\Voyager\voyager1\mag\48s\reviewed_vim\2018\voyager1_48s_mag-vim_20180101_v01.cdf,C:\Users\Administrator\Documents\FWD_matlab\Voyager_fu\Voyager_Interstellar_Monthly\HighestPrecision_Segments\V1_MAG48s_segment_0580_20180219T060616_20180219T115953.png,ok,
1,581,2018-02-20 06:09:28,2018-02-20 12:11:04,6.02663999993218,452,48.3839997558594,95.9039997558594,7200,240,Z:\SPART-WORK\Data\Voyager\voyager1\mag\48s\reviewed_vim\2018\voyager1_48s_mag-vim_20180101_v01.cdf,C:\Users\Administrator\Documents\FWD_matlab\Voyager_fu\Voyager_Interstellar_Monthly\HighestPrecision_Segments\V1_MAG48s_segment_0581_20180220T060928_20180220T121104.png,ok,
1,582,2018-02-21 22:17:28,2018-02-22 02:51:04,4.56,334,48.3839997558594,288.576,7200,240,Z:\SPART-WORK\Data\Voyager\voyager1\mag\48s\reviewed_vim\2018\voyager1_48s_mag-vim_20180101_v01.cdf,C:\Users\Administrator\Documents\FWD_matlab\Voyager_fu\Voyager_Interstellar_Monthly\HighestPrecision_Segments\V1_MAG48s_segment_0582_20180221T221728_20180222T025104.png,ok,
1,583,2018-02-22 09:24:40,2018-02-22 16:27:04,7.03992027777778,528,48.3839997558594,95.905,7200,240,Z:\SPART-WORK\Data\Voyager\voyager1\mag\48s\reviewed_vim\2018\voyager1_48s_mag-vim_20180101_v01.cdf,C:\Users\Administrator\Documents\FWD_matlab\Voyager_fu\Voyager_Interstellar_Monthly\HighestPrecision_Segments\V1_MAG48s_segment_0583_20180222T092440_20180222T162704.png,ok,
1,584,2018-02-23 13:42:16,2018-02-24 00:40:40,10.9732797222222,822,48.3839997558594,144.288999755859,7200,240,Z:\SPART-WORK\Data\Voyager\voyager1\mag\48s\reviewed_vim\2018\voyager1_48s_mag-vim_20180101_v01.cdf,C:\Users\Administrator\Documents\FWD_matlab\Voyager_fu\Voyager_Interstellar_Monthly\HighestPrecision_Segments\V1_MAG48s_segment_0584_20180223T134216_20180224T004040.png,ok,
1,585,2018-02-24 05:53:28,2018-02-24 11:36:40,5.71992027777778,411,48.3839997558594,768.096,7200,240,Z:\SPART-WORK\Data\Voyager\voyager1\mag\48s\reviewed_vim\2018\voyager1_48s_mag-vim_20180101_v01.cdf,C:\Users\Administrator\Documents\FWD_matlab\Voyager_fu\Voyager_Interstellar_Monthly\HighestPrecision_Segments\V1_MAG48s_segment_0585_20180224T055328_20180224T113640.png,ok,
1,586,2018-02-24 15:16:40,2018-02-24 19:11:04,3.90672,293,48.3839997558594,95.903,7200,240,Z:\SPART-WORK\Data\Voyager\voyager1\mag\48s\reviewed_vim\2018\voyager1_48s_mag-vim_20180101_v01.cdf,C:\Users\Administrator\Documents\FWD_matlab\Voyager_fu\Voyager_Interstellar_Monthly\HighestPrecision_Segments\V1_MAG48s_segment_0586_20180224T151640_20180224T191104.png,ok,
1,587,2018-02-25 05:53:28,2018-02-25 10:12:40,4.32,322,48.3839997558594,191.808,7200,240,Z:\SPART-WORK\Data\Voyager\voyager1\mag\48s\reviewed_vim\2018\voyager1_48s_mag-vim_20180101_v01.cdf,C:\Users\Administrator\Documents\FWD_matlab\Voyager_fu\Voyager_Interstellar_Monthly\HighestPrecision_Segments\V1_MAG48s_segment_0587_20180225T055328_20180225T101240.png,ok,
1,588,2018-02-25 23:58:16,2018-02-26 02:08:40,2.17343972222222,163,48.3839997558594,95.903,7200,240,Z:\SPART-WORK\Data\Voyager\voyager1\mag\48s\reviewed_vim\2018\voyager1_48s_mag-vim_20180101_v01.cdf,C:\Users\Administrator\Documents\FWD_matlab\Voyager_fu\Voyager_Interstellar_Monthly\HighestPrecision_Segments\V1_MAG48s_segment_0588_20180225T235816_20180226T020840.png,ok,
1,589,2018-02-26 13:24:40,2018-02-26 17:21:28,3.94680027777778,294,48.3839997558594,191.808,7200,240,Z:\SPART-WORK\Data\Voyager\voyager1\mag\48s\reviewed_vim\2018\voyager1_48s_mag-vim_20180101_v01.cdf,C:\Users\Administrator\Documents\FWD_matlab\Voyager_fu\Voyager_Interstellar_Monthly\HighestPrecision_Segments\V1_MAG48s_segment_0589_20180226T132440_20180226T172128.png,ok,
1,590,2018-02-27 13:19:52,2018-02-27 15:53:28,2.56008027777778,189,48.3839997558594,240.191,7200,240,Z:\SPART-WORK\Data\Voyager\voyager1\mag\48s\reviewed_vim\2018\voyager1_48s_mag-vim_20180101_v01.cdf,C:\Users\Administrator\Documents\FWD_matlab\Voyager_fu\Voyager_Interstellar_Monthly\HighestPrecision_Segments\V1_MAG48s_segment_0590_20180227T131952_20180227T155328.png,ok,
1,591,2018-02-27 18:38:16,2018-02-27 19:20:40,0.706559722222222,54,48.3839997558594,48.3849997558594,7200,240,Z:\SPART-WORK\Data\Voyager\voyager1\mag\48s\reviewed_vim\2018\voyager1_48s_mag-vim_20180101_v01.cdf,C:\Users\Administrator\Documents\FWD_matlab\Voyager_fu\Voyager_Interstellar_Monthly\HighestPrecision_Segments\V1_MAG48s_segment_0591_20180227T183816_20180227T192040.png,ok,
1,592,2018-02-28 13:08:40,2018-02-28 17:35:52,4.45343972222222,334,48.3839997558594,95.903,7200,240,Z:\SPART-WORK\Data\Voyager\voyager1\mag\48s\reviewed_vim\2018\voyager1_48s_mag-vim_20180101_v01.cdf,C:\Users\Administrator\Documents\FWD_matlab\Voyager_fu\Voyager_Interstellar_Monthly\HighestPrecision_Segments\V1_MAG48s_segment_0592_20180228T130840_20180228T173552.png,ok,
1,593,2018-03-01 13:02:15,2018-03-01 21:45:28,8.72016,654,48.3839997558594,96.7679997558594,7200,240,Z:\SPART-WORK\Data\Voyager\voyager1\mag\48s\reviewed_vim\2018\voyager1_48s_mag-vim_20180101_v01.cdf,C:\Users\Administrator\Documents\FWD_matlab\Voyager_fu\Voyager_Interstellar_Monthly\HighestPrecision_Segments\V1_MAG48s_segment_0593_20180301T130215_20180301T214528.png,ok,
1,594,2018-03-02 14:01:27,2018-03-02 19:35:52,5.57352,417,48.3839997558594,144.287000244141,7200,240,Z:\SPART-WORK\Data\Voyager\voyager1\mag\48s\reviewed_vim\2018\voyager1_48s_mag-vim_20180101_v01.cdf,C:\Users\Administrator\Documents\FWD_matlab\Voyager_fu\Voyager_Interstellar_Monthly\HighestPrecision_Segments\V1_MAG48s_segment_0594_20180302T140127_20180302T193552.png,ok,
1,595,2018-03-03 09:29:28,2018-03-03 11:35:52,2.10671972222222,140,48.3839997558594,672.191,7200,240,Z:\SPART-WORK\Data\Voyager\voyager1\mag\48s\reviewed_vim\2018\voyager1_48s_mag-vim_20180101_v01.cdf,C:\Users\Administrator\Documents\FWD_matlab\Voyager_fu\Voyager_Interstellar_Monthly\HighestPrecision_Segments\V1_MAG48s_segment_0595_20180303T092928_20180303T113552.png,ok,
1,596,2018-03-04 13:00:40,2018-03-04 16:56:40,3.93336,294,48.3839997558594,143.424,7200,240,Z:\SPART-WORK\Data\Voyager\voyager1\mag\48s\reviewed_vim\2018\voyager1_48s_mag-vim_20180101_v01.cdf,C:\Users\Administrator\Documents\FWD_matlab\Voyager_fu\Voyager_Interstellar_Monthly\HighestPrecision_Segments\V1_MAG48s_segment_0596_20180304T130040_20180304T165640.png,ok,
1,597,2018-03-05 18:04:39,2018-03-05 22:05:27,4.01328,302,48.383,48.385,7200,240,Z:\SPART-WORK\Data\Voyager\voyager1\mag\48s\reviewed_vim\2018\voyager1_48s_mag-vim_20180101_v01.cdf,C:\Users\Administrator\Documents\FWD_matlab\Voyager_fu\Voyager_Interstellar_Monthly\HighestPrecision_Segments\V1_MAG48s_segment_0597_20180305T180439_20180305T220527.png,ok,
1,598,2018-03-06 12:36:40,2018-03-06 18:19:03,5.70648000006782,426,48.383,192.672,7200,240,Z:\SPART-WORK\Data\Voyager\voyager1\mag\48s\reviewed_vim\2018\voyager1_48s_mag-vim_20180101_v01.cdf,C:\Users\Administrator\Documents\FWD_matlab\Voyager_fu\Voyager_Interstellar_Monthly\HighestPrecision_Segments\V1_MAG48s_segment_0598_20180306T123640_20180306T181903.png,ok,
1,599,2018-03-07 12:39:52,2018-03-07 17:03:52,4.39992,330,48.383,95.04,7200,240,Z:\SPART-WORK\Data\Voyager\voyager1\mag\48s\reviewed_vim\2018\voyager1_48s_mag-vim_20180101_v01.cdf,C:\Users\Administrator\Documents\FWD_matlab\Voyager_fu\Voyager_Interstellar_Monthly\HighestPrecision_Segments\V1_MAG48s_segment_0599_20180307T123952_20180307T170352.png,ok,
1,600,2018-03-08 12:39:52,2018-03-08 17:31:51,4.86647972222222,365,48.383,95.04,7200,240,Z:\SPART-WORK\Data\Voyager\voyager1\mag\48s\reviewed_vim\2018\voyager1_48s_mag-vim_20180101_v01.cdf,C:\Users\Administrator\Documents\FWD_matlab\Voyager_fu\Voyager_Interstellar_Monthly\HighestPrecision_Segments\V1_MAG48s_segment_0600_20180308T123952_20180308T173151.png,ok,
1,601,2018-03-09 19:19:52,2018-03-09 23:46:15,4.43976,333,48.383,95.04,7200,240,Z:\SPART-WORK\Data\Voyager\voyager1\mag\48s\reviewed_vim\2018\voyager1_48s_mag-vim_20180101_v01.cdf,C:\Users\Administrator\Documents\FWD_matlab\Voyager_fu\Voyager_Interstellar_Monthly\HighestPrecision_Segments\V1_MAG48s_segment_0601_20180309T191952_20180309T234615.png,ok,
1,602,2018-03-10 12:28:40,2018-03-10 21:42:15,9.22656,691,48.383,144.289,7200,240,Z:\SPART-WORK\Data\Voyager\voyager1\mag\48s\reviewed_vim\2018\voyager1_48s_mag-vim_20180101_v01.cdf,C:\Users\Administrator\Documents\FWD_matlab\Voyager_fu\Voyager_Interstellar_Monthly\HighestPrecision_Segments\V1_MAG48s_segment_0602_20180310T122840_20180310T214215.png,ok,
1,603,2018-03-11 12:43:04,2018-03-11 18:58:16,6.25343972222222,467,48.383,191.809,7200,240,Z:\SPART-WORK\Data\Voyager\voyager1\mag\48s\reviewed_vim\2018\voyager1_48s_mag-vim_20180101_v01.cdf,C:\Users\Administrator\Documents\FWD_matlab\Voyager_fu\Voyager_Interstellar_Monthly\HighestPrecision_Segments\V1_MAG48s_segment_0603_20180311T124304_20180311T185816.png,ok,
1,604,2018-03-12 12:31:52,2018-03-12 17:11:52,4.66679972229004,349,48.383,144.288,7200,240,Z:\SPART-WORK\Data\Voyager\voyager1\mag\48s\reviewed_vim\2018\voyager1_48s_mag-vim_20180101_v01.cdf,C:\Users\Administrator\Documents\FWD_matlab\Voyager_fu\Voyager_Interstellar_Monthly\HighestPrecision_Segments\V1_MAG48s_segment_0604_20180312T123152_20180312T171152.png,ok,
1,605,2018-03-13 12:11:03,2018-03-13 16:52:39,4.69344000006782,352,48.383,96.768,7200,240,Z:\SPART-WORK\Data\Voyager\voyager1\mag\48s\reviewed_vim\2018\voyager1_48s_mag-vim_20180101_v01.cdf,C:\Users\Administrator\Documents\FWD_matlab\Voyager_fu\Voyager_Interstellar_Monthly\HighestPrecision_Segments\V1_MAG48s_segment_0605_20180313T121103_20180313T165239.png,ok,
1,606,2018-03-14 12:11:03,2018-03-14 16:35:51,4.41336,302,48.383,768.096,7200,240,Z:\SPART-WORK\Data\Voyager\voyager1\mag\48s\reviewed_vim\2018\voyager1_48s_mag-vim_20180101_v01.cdf,C:\Users\Administrator\Documents\FWD_matlab\Voyager_fu\Voyager_Interstellar_Monthly\HighestPrecision_Segments\V1_MAG48s_segment_0606_20180314T121103_20180314T163551.png,ok,
1,607,2018-03-15 11:56:39,2018-03-15 18:03:04,6.10679972229004,459,48.383,48.385,7200,240,Z:\SPART-WORK\Data\Voyager\voyager1\mag\48s\reviewed_vim\2018\voyager1_48s_mag-vim_20180101_v01.cdf,C:\Users\Administrator\Documents\FWD_matlab\Voyager_fu\Voyager_Interstellar_Monthly\HighestPrecision_Segments\V1_MAG48s_segment_0607_20180315T115639_20180315T180304.png,ok,
1,608,2018-03-16 13:53:28,2018-03-16 21:15:52,7.37328,551,48.383,192.673,7200,240,Z:\SPART-WORK\Data\Voyager\voyager1\mag\48s\reviewed_vim\2018\voyager1_48s_mag-vim_20180101_v01.cdf,C:\Users\Administrator\Documents\FWD_matlab\Voyager_fu\Voyager_Interstellar_Monthly\HighestPrecision_Segments\V1_MAG48s_segment_0608_20180316T135328_20180316T211552.png,ok,
1,609,2018-03-17 12:11:03,2018-03-17 18:06:15,5.92008027777778,442,48.383,191.809,7200,240,Z:\SPART-WORK\Data\Voyager\voyager1\mag\48s\reviewed_vim\2018\voyager1_48s_mag-vim_20180101_v01.cdf,C:\Users\Administrator\Documents\FWD_matlab\Voyager_fu\Voyager_Interstellar_Monthly\HighestPrecision_Segments\V1_MAG48s_segment_0609_20180317T121103_20180317T180615.png,ok,
1,610,2018-03-18 11:58:15,2018-03-18 16:01:28,4.05359999993218,302,48.383,191.808000244141,7200,240,Z:\SPART-WORK\Data\Voyager\voyager1\mag\48s\reviewed_vim\2018\voyager1_48s_mag-vim_20180101_v01.cdf,C:\Users\Administrator\Documents\FWD_matlab\Voyager_fu\Voyager_Interstellar_Monthly\HighestPrecision_Segments\V1_MAG48s_segment_0610_20180318T115815_20180318T160128.png,ok,
1,611,2018-03-19 11:59:52,2018-03-19 19:41:27,7.6932,578,48.383,48.385,7200,240,Z:\SPART-WORK\Data\Voyager\voyager1\mag\48s\reviewed_vim\2018\voyager1_48s_mag-vim_20180101_v01.cdf,C:\Users\Administrator\Documents\FWD_matlab\Voyager_fu\Voyager_Interstellar_Monthly\HighestPrecision_Segments\V1_MAG48s_segment_0611_20180319T115952_20180319T194127.png,ok,
1,612,2018-03-20 12:07:51,2018-03-20 21:06:15,8.97336027777778,673,48.383,95.904,7200,240,Z:\SPART-WORK\Data\Voyager\voyager1\mag\48s\reviewed_vim\2018\voyager1_48s_mag-vim_20180101_v01.cdf,C:\Users\Administrator\Documents\FWD_matlab\Voyager_fu\Voyager_Interstellar_Monthly\HighestPrecision_Segments\V1_MAG48s_segment_0612_20180320T120751_20180320T210615.png,ok,
1,613,2018-03-21 11:56:39,2018-03-21 19:04:39,7.13327972222222,534,48.383,143.423999755859,7200,240,Z:\SPART-WORK\Data\Voyager\voyager1\mag\48s\reviewed_vim\2018\voyager1_48s_mag-vim_20180101_v01.cdf,C:\Users\Administrator\Documents\FWD_matlab\Voyager_fu\Voyager_Interstellar_Monthly\HighestPrecision_Segments\V1_MAG48s_segment_0613_20180321T115639_20180321T190439.png,ok,
1,614,2018-03-22 19:37:27,2018-03-23 00:12:39,4.58664027777778,345,48.383,48.385,7200,240,Z:\SPART-WORK\Data\Voyager\voyager1\mag\48s\reviewed_vim\2018\voyager1_48s_mag-vim_20180101_v01.cdf,C:\Users\Administrator\Documents\FWD_matlab\Voyager_fu\Voyager_Interstellar_Monthly\HighestPrecision_Segments\V1_MAG48s_segment_0614_20180322T193727_20180323T001239.png,ok,
1,615,2018-03-23 22:25:27,2018-03-24 03:03:03,4.62648027777778,345,48.383,191.808,7200,240,Z:\SPART-WORK\Data\Voyager\voyager1\mag\48s\reviewed_vim\2018\voyager1_48s_mag-vim_20180101_v01.cdf,C:\Users\Administrator\Documents\FWD_matlab\Voyager_fu\Voyager_Interstellar_Monthly\HighestPrecision_Segments\V1_MAG48s_segment_0615_20180323T222527_20180324T030303.png,ok,
1,616,2018-03-24 11:40:38,2018-03-24 15:37:28,3.94704027777778,297,48.383,48.385,7200,240,Z:\SPART-WORK\Data\Voyager\voyager1\mag\48s\reviewed_vim\2018\voyager1_48s_mag-vim_20180101_v01.cdf,C:\Users\Administrator\Documents\FWD_matlab\Voyager_fu\Voyager_Interstellar_Monthly\HighestPrecision_Segments\V1_MAG48s_segment_0616_20180324T114038_20180324T153728.png,ok,
1,617,2018-03-25 11:40:38,2018-03-25 15:46:15,4.09344027777778,302,48.383,336.095999755859,7200,240,Z:\SPART-WORK\Data\Voyager\voyager1\mag\48s\reviewed_vim\2018\voyager1_48s_mag-vim_20180101_v01.cdf,C:\Users\Administrator\Documents\FWD_matlab\Voyager_fu\Voyager_Interstellar_Monthly\HighestPrecision_Segments\V1_MAG48s_segment_0617_20180325T114038_20180325T154615.png,ok,
1,618,2018-03-26 11:29:27,2018-03-26 16:33:27,5.06663972222222,378,48.383,191.807,7200,240,Z:\SPART-WORK\Data\Voyager\voyager1\mag\48s\reviewed_vim\2018\voyager1_48s_mag-vim_20180101_v01.cdf,C:\Users\Administrator\Documents\FWD_matlab\Voyager_fu\Voyager_Interstellar_Monthly\HighestPrecision_Segments\V1_MAG48s_segment_0618_20180326T112927_20180326T163327.png,ok,
1,619,2018-03-27 12:01:27,2018-03-27 14:17:27,2.26680027777778,164,48.383,240.192000244141,7200,240,Z:\SPART-WORK\Data\Voyager\voyager1\mag\48s\reviewed_vim\2018\voyager1_48s_mag-vim_20180101_v01.cdf,C:\Users\Administrator\Documents\FWD_matlab\Voyager_fu\Voyager_Interstellar_Monthly\HighestPrecision_Segments\V1_MAG48s_segment_0619_20180327T120127_20180327T141727.png,ok,
1,620,2018-03-27 17:02:15,2018-03-27 17:43:51,0.693359722290039,53,48.383,48.385,7200,240,Z:\SPART-WORK\Data\Voyager\voyager1\mag\48s\reviewed_vim\2018\voyager1_48s_mag-vim_20180101_v01.cdf,C:\Users\Administrator\Documents\FWD_matlab\Voyager_fu\Voyager_Interstellar_Monthly\HighestPrecision_Segments\V1_MAG48s_segment_0620_20180327T170215_20180327T174351.png,ok,
1,621,2018-03-28 23:31:03,2018-03-29 03:12:39,3.69336,278,48.383,48.385,7200,240,Z:\SPART-WORK\Data\Voyager\voyager1\mag\48s\reviewed_vim\2018\voyager1_48s_mag-vim_20180101_v01.cdf,C:\Users\Administrator\Documents\FWD_matlab\Voyager_fu\Voyager_Interstellar_Monthly\HighestPrecision_Segments\V1_MAG48s_segment_0621_20180328T233103_20180329T031239.png,ok,
1,622,2018-03-29 11:23:02,2018-03-29 17:21:27,5.97360027770996,446,48.383,191.809,7200,240,Z:\SPART-WORK\Data\Voyager\voyager1\mag\48s\reviewed_vim\2018\voyager1_48s_mag-vim_20180101_v01.cdf,C:\Users\Administrator\Documents\FWD_matlab\Voyager_fu\Voyager_Interstellar_Monthly\HighestPrecision_Segments\V1_MAG48s_segment_0622_20180329T112302_20180329T172127.png,ok,
1,623,2018-03-30 11:23:02,2018-03-30 14:31:50,3.14664027770996,236,48.383,96.7679997558594,7200,240,Z:\SPART-WORK\Data\Voyager\voyager1\mag\48s\reviewed_vim\2018\voyager1_48s_mag-vim_20180101_v01.cdf,C:\Users\Administrator\Documents\FWD_matlab\Voyager_fu\Voyager_Interstellar_Monthly\HighestPrecision_Segments\V1_MAG48s_segment_0623_20180330T112302_20180330T143150.png,ok,
1,624,2018-03-30 18:38:15,2018-03-30 22:16:39,3.63983972222222,273,48.383,95.904,7200,240,Z:\SPART-WORK\Data\Voyager\voyager1\mag\48s\reviewed_vim\2018\voyager1_48s_mag-vim_20180101_v01.cdf,C:\Users\Administrator\Documents\FWD_matlab\Voyager_fu\Voyager_Interstellar_Monthly\HighestPrecision_Segments\V1_MAG48s_segment_0624_20180330T183815_20180330T221639.png,ok,
1,625,2018-03-31 12:55:51,2018-03-31 17:06:15,4.17336,311,48.383,191.807,7200,240,Z:\SPART-WORK\Data\Voyager\voyager1\mag\48s\reviewed_vim\2018\voyager1_48s_mag-vim_20180101_v01.cdf,C:\Users\Administrator\Documents\FWD_matlab\Voyager_fu\Voyager_Interstellar_Monthly\HighestPrecision_Segments\V1_MAG48s_segment_0625_20180331T125551_20180331T170615.png,ok,
1,626,2018-04-01 16:25:26,2018-04-01 20:22:15,3.94679972229004,297,48.383,48.385,7200,240,Z:\SPART-WORK\Data\Voyager\voyager1\mag\48s\reviewed_vim\2018\voyager1_48s_mag-vim_20180101_v01.cdf,C:\Users\Administrator\Documents\FWD_matlab\Voyager_fu\Voyager_Interstellar_Monthly\HighestPrecision_Segments\V1_MAG48s_segment_0626_20180401T162526_20180401T202215.png,ok,
1,627,2018-04-02 16:15:50,2018-04-02 20:16:39,4.01351972222222,302,48.383,48.385,7200,240,Z:\SPART-WORK\Data\Voyager\voyager1\mag\48s\reviewed_vim\2018\voyager1_48s_mag-vim_20180101_v01.cdf,C:\Users\Administrator\Documents\FWD_matlab\Voyager_fu\Voyager_Interstellar_Monthly\HighestPrecision_Segments\V1_MAG48s_segment_0627_20180402T161550_20180402T201639.png,ok,
1,628,2018-04-03 21:32:38,2018-04-04 02:47:50,5.25336,393,48.383,143.424000244141,7200,240,Z:\SPART-WORK\Data\Voyager\voyager1\mag\48s\reviewed_vim\2018\voyager1_48s_mag-vim_20180101_v01.cdf,C:\Users\Administrator\Documents\FWD_matlab\Voyager_fu\Voyager_Interstellar_Monthly\HighestPrecision_Segments\V1_MAG48s_segment_0628_20180403T213238_20180404T024750.png,ok,
1,629,2018-04-04 18:06:14,2018-04-04 22:02:15,3.93335999993218,293,48.383,191.808,7200,240,Z:\SPART-WORK\Data\Voyager\voyager1\mag\48s\reviewed_vim\2018\voyager1_48s_mag-vim_20180101_v01.cdf,C:\Users\Administrator\Documents\FWD_matlab\Voyager_fu\Voyager_Interstellar_Monthly\HighestPrecision_Segments\V1_MAG48s_segment_0629_20180404T180614_20180404T220215.png,ok,
1,630,2018-04-05 13:21:26,2018-04-05 17:16:38,3.91992,209,48.383,3983.905,7200,240,Z:\SPART-WORK\Data\Voyager\voyager1\mag\48s\reviewed_vim\2018\voyager1_48s_mag-vim_20180101_v01.cdf,C:\Users\Administrator\Documents\FWD_matlab\Voyager_fu\Voyager_Interstellar_Monthly\HighestPrecision_Segments\V1_MAG48s_segment_0630_20180405T132126_20180405T171638.png,ok,
1,631,2018-04-06 10:52:39,2018-04-06 18:27:02,7.5732,567,48.383,143.423999755859,7200,240,Z:\SPART-WORK\Data\Voyager\voyager1\mag\48s\reviewed_vim\2018\voyager1_48s_mag-vim_20180101_v01.cdf,C:\Users\Administrator\Documents\FWD_matlab\Voyager_fu\Voyager_Interstellar_Monthly\HighestPrecision_Segments\V1_MAG48s_segment_0631_20180406T105239_20180406T182702.png,ok,
1,632,2018-04-07 20:04:38,2018-04-08 01:12:38,5.13335972222222,385,48.383,96.768,7200,240,Z:\SPART-WORK\Data\Voyager\voyager1\mag\48s\reviewed_vim\2018\voyager1_48s_mag-vim_20180101_v01.cdf,C:\Users\Administrator\Documents\FWD_matlab\Voyager_fu\Voyager_Interstellar_Monthly\HighestPrecision_Segments\V1_MAG48s_segment_0632_20180407T200438_20180408T011238.png,ok,
1,633,2018-04-08 10:35:03,2018-04-08 15:33:27,4.97327972222222,373,48.383,95.904,7200,240,Z:\SPART-WORK\Data\Voyager\voyager1\mag\48s\reviewed_vim\2018\voyager1_48s_mag-vim_20180101_v01.cdf,C:\Users\Administrator\Documents\FWD_matlab\Voyager_fu\Voyager_Interstellar_Monthly\HighestPrecision_Segments\V1_MAG48s_segment_0633_20180408T103503_20180408T153327.png,ok,
1,634,2018-04-09 10:28:38,2018-04-09 15:22:14,4.89336,367,48.383,96.768,7200,240,Z:\SPART-WORK\Data\Voyager\voyager1\mag\48s\reviewed_vim\2018\voyager1_48s_mag-vim_20180101_v01.cdf,C:\Users\Administrator\Documents\FWD_matlab\Voyager_fu\Voyager_Interstellar_Monthly\HighestPrecision_Segments\V1_MAG48s_segment_0634_20180409T102838_20180409T152214.png,ok,
1,635,2018-04-09 21:19:51,2018-04-10 02:32:39,5.21327972222222,387,48.383,191.807,7200,240,Z:\SPART-WORK\Data\Voyager\voyager1\mag\48s\reviewed_vim\2018\voyager1_48s_mag-vim_20180101_v01.cdf,C:\Users\Administrator\Documents\FWD_matlab\Voyager_fu\Voyager_Interstellar_Monthly\HighestPrecision_Segments\V1_MAG48s_segment_0635_20180409T211951_20180410T023239.png,ok,
1,636,2018-04-10 15:03:50,2018-04-10 19:56:39,4.88016027777778,366,48.383,95.905,7200,240,Z:\SPART-WORK\Data\Voyager\voyager1\mag\48s\reviewed_vim\2018\voyager1_48s_mag-vim_20180101_v01.cdf,C:\Users\Administrator\Documents\FWD_matlab\Voyager_fu\Voyager_Interstellar_Monthly\HighestPrecision_Segments\V1_MAG48s_segment_0636_20180410T150350_20180410T195639.png,ok,
1,637,2018-04-11 10:25:26,2018-04-11 20:07:50,9.70655972222222,726,48.383,191.808,7200,240,Z:\SPART-WORK\Data\Voyager\voyager1\mag\48s\reviewed_vim\2018\voyager1_48s_mag-vim_20180101_v01.cdf,C:\Users\Administrator\Documents\FWD_matlab\Voyager_fu\Voyager_Interstellar_Monthly\HighestPrecision_Segments\V1_MAG48s_segment_0637_20180411T102526_20180411T200750.png,ok,
1,638,2018-04-12 10:33:27,2018-04-12 19:56:39,9.38664027777778,703,48.383,144.289,7200,240,Z:\SPART-WORK\Data\Voyager\voyager1\mag\48s\reviewed_vim\2018\voyager1_48s_mag-vim_20180101_v01.cdf,C:\Users\Administrator\Documents\FWD_matlab\Voyager_fu\Voyager_Interstellar_Monthly\HighestPrecision_Segments\V1_MAG48s_segment_0638_20180412T103327_20180412T195639.png,ok,
1,639,2018-04-13 15:19:51,2018-04-13 21:28:39,6.14664,459,48.383,192.672999755859,7200,240,Z:\SPART-WORK\Data\Voyager\voyager1\mag\48s\reviewed_vim\2018\voyager1_48s_mag-vim_20180101_v01.cdf,C:\Users\Administrator\Documents\FWD_matlab\Voyager_fu\Voyager_Interstellar_Monthly\HighestPrecision_Segments\V1_MAG48s_segment_0639_20180413T151951_20180413T212839.png,ok,
1,640,2018-04-14 10:12:38,2018-04-14 17:56:38,7.73328,580,48.383,95.904,7200,240,Z:\SPART-WORK\Data\Voyager\voyager1\mag\48s\reviewed_vim\2018\voyager1_48s_mag-vim_20180101_v01.cdf,C:\Users\Administrator\Documents\FWD_matlab\Voyager_fu\Voyager_Interstellar_Monthly\HighestPrecision_Segments\V1_MAG48s_segment_0640_20180414T101238_20180414T175638.png,ok,
1,641,2018-04-15 10:04:38,2018-04-15 14:11:50,4.12008027770996,310,48.383,48.385,7200,240,Z:\SPART-WORK\Data\Voyager\voyager1\mag\48s\reviewed_vim\2018\voyager1_48s_mag-vim_20180101_v01.cdf,C:\Users\Administrator\Documents\FWD_matlab\Voyager_fu\Voyager_Interstellar_Monthly\HighestPrecision_Segments\V1_MAG48s_segment_0641_20180415T100438_20180415T141150.png,ok,
1,642,2018-04-16 10:03:03,2018-04-16 14:39:51,4.61327972222222,241,48.383,4943.808,7200,240,Z:\SPART-WORK\Data\Voyager\voyager1\mag\48s\reviewed_vim\2018\voyager1_48s_mag-vim_20180101_v01.cdf,C:\Users\Administrator\Documents\FWD_matlab\Voyager_fu\Voyager_Interstellar_Monthly\HighestPrecision_Segments\V1_MAG48s_segment_0642_20180416T100303_20180416T143951.png,ok,
1,643,2018-04-17 09:55:03,2018-04-17 15:01:27,5.10672,384,48.383,48.385,7200,240,Z:\SPART-WORK\Data\Voyager\voyager1\mag\48s\reviewed_vim\2018\voyager1_48s_mag-vim_20180101_v01.cdf,C:\Users\Administrator\Documents\FWD_matlab\Voyager_fu\Voyager_Interstellar_Monthly\HighestPrecision_Segments\V1_MAG48s_segment_0643_20180417T095503_20180417T150127.png,ok,
1,644,2018-04-18 13:27:50,2018-04-18 19:06:15,5.64023972222222,423,48.383,96.767,7200,240,Z:\SPART-WORK\Data\Voyager\voyager1\mag\48s\reviewed_vim\2018\voyager1_48s_mag-vim_20180101_v01.cdf,C:\Users\Administrator\Documents\FWD_matlab\Voyager_fu\Voyager_Interstellar_Monthly\HighestPrecision_Segments\V1_MAG48s_segment_0644_20180418T132750_20180418T190615.png,ok,
1,645,2018-04-19 20:38:14,2018-04-20 01:47:02,5.14680027770996,387,48.383,48.385,7200,240,Z:\SPART-WORK\Data\Voyager\voyager1\mag\48s\reviewed_vim\2018\voyager1_48s_mag-vim_20180101_v01.cdf,C:\Users\Administrator\Documents\FWD_matlab\Voyager_fu\Voyager_Interstellar_Monthly\HighestPrecision_Segments\V1_MAG48s_segment_0645_20180419T203814_20180420T014702.png,ok,
1,646,2018-04-20 09:43:50,2018-04-20 14:51:50,5.13335972229004,383,48.383,191.808,7200,240,Z:\SPART-WORK\Data\Voyager\voyager1\mag\48s\reviewed_vim\2018\voyager1_48s_mag-vim_20180101_v01.cdf,C:\Users\Administrator\Documents\FWD_matlab\Voyager_fu\Voyager_Interstellar_Monthly\HighestPrecision_Segments\V1_MAG48s_segment_0646_20180420T094350_20180420T145150.png,ok,
1,647,2018-04-21 09:59:50,2018-04-21 20:07:50,10.1332797222222,760,48.383,95.904,7200,240,Z:\SPART-WORK\Data\Voyager\voyager1\mag\48s\reviewed_vim\2018\voyager1_48s_mag-vim_20180101_v01.cdf,C:\Users\Administrator\Documents\FWD_matlab\Voyager_fu\Voyager_Interstellar_Monthly\HighestPrecision_Segments\V1_MAG48s_segment_0647_20180421T095950_20180421T200750.png,ok,
1,648,2018-04-22 09:34:14,2018-04-22 15:31:51,5.96016,447,48.383,95.9030002441406,7200,240,Z:\SPART-WORK\Data\Voyager\voyager1\mag\48s\reviewed_vim\2018\voyager1_48s_mag-vim_20180101_v01.cdf,C:\Users\Administrator\Documents\FWD_matlab\Voyager_fu\Voyager_Interstellar_Monthly\HighestPrecision_Segments\V1_MAG48s_segment_0648_20180422T093414_20180422T153151.png,ok,
1,649,2018-04-23 14:03:02,2018-04-23 19:03:02,4.99992,368,48.383,239.327999755859,7200,240,Z:\SPART-WORK\Data\Voyager\voyager1\mag\48s\reviewed_vim\2018\voyager1_48s_mag-vim_20180101_v01.cdf,C:\Users\Administrator\Documents\FWD_matlab\Voyager_fu\Voyager_Interstellar_Monthly\HighestPrecision_Segments\V1_MAG48s_segment_0649_20180423T140302_20180423T190302.png,ok,
1,650,2018-04-24 09:32:38,2018-04-24 12:41:26,3.14663972222222,231,48.383,239.327999755859,7200,240,Z:\SPART-WORK\Data\Voyager\voyager1\mag\48s\reviewed_vim\2018\voyager1_48s_mag-vim_20180101_v01.cdf,C:\Users\Administrator\Documents\FWD_matlab\Voyager_fu\Voyager_Interstellar_Monthly\HighestPrecision_Segments\V1_MAG48s_segment_0650_20180424T093238_20180424T124126.png,ok,
1,651,2018-04-24 15:26:15,2018-04-24 16:12:38,0.773279722222222,59,48.383,48.385,7200,240,Z:\SPART-WORK\Data\Voyager\voyager1\mag\48s\reviewed_vim\2018\voyager1_48s_mag-vim_20180101_v01.cdf,C:\Users\Administrator\Documents\FWD_matlab\Voyager_fu\Voyager_Interstellar_Monthly\HighestPrecision_Segments\V1_MAG48s_segment_0651_20180424T152615_20180424T161238.png,ok,
1,652,2018-04-25 10:20:38,2018-04-25 11:24:38,1.06679999993218,79,48.383,144.287,7200,240,Z:\SPART-WORK\Data\Voyager\voyager1\mag\48s\reviewed_vim\2018\voyager1_48s_mag-vim_20180101_v01.cdf,C:\Users\Administrator\Documents\FWD_matlab\Voyager_fu\Voyager_Interstellar_Monthly\HighestPrecision_Segments\V1_MAG48s_segment_0652_20180425T102038_20180425T112438.png,ok,
1,653,2018-04-25 18:03:02,2018-04-25 19:07:50,1.08,79,48.383,191.807,7200,240,Z:\SPART-WORK\Data\Voyager\voyager1\mag\48s\reviewed_vim\2018\voyager1_48s_mag-vim_20180101_v01.cdf,C:\Users\Administrator\Documents\FWD_matlab\Voyager_fu\Voyager_Interstellar_Monthly\HighestPrecision_Segments\V1_MAG48s_segment_0653_20180425T180302_20180425T190750.png,ok,
1,654,2018-04-26 09:56:38,2018-04-26 13:52:38,3.93312027770996,293,48.383,192.672,7200,240,Z:\SPART-WORK\Data\Voyager\voyager1\mag\48s\reviewed_vim\2018\voyager1_48s_mag-vim_20180101_v01.cdf,C:\Users\Administrator\Documents\FWD_matlab\Voyager_fu\Voyager_Interstellar_Monthly\HighestPrecision_Segments\V1_MAG48s_segment_0654_20180426T095638_20180426T135238.png,ok,
1,655,2018-04-26 17:53:26,2018-04-26 20:38:14,2.74655972229004,204,48.383,191.807,7200,240,Z:\SPART-WORK\Data\Voyager\voyager1\mag\48s\reviewed_vim\2018\voyager1_48s_mag-vim_20180101_v01.cdf,C:\Users\Administrator\Documents\FWD_matlab\Voyager_fu\Voyager_Interstellar_Monthly\HighestPrecision_Segments\V1_MAG48s_segment_0655_20180426T175326_20180426T203814.png,ok,
1,656,2018-04-27 17:21:26,2018-04-27 21:26:15,4.08024027777778,306,48.383,95.904,7200,240,Z:\SPART-WORK\Data\Voyager\voyager1\mag\48s\reviewed_vim\2018\voyager1_48s_mag-vim_20180101_v01.cdf,C:\Users\Administrator\Documents\FWD_matlab\Voyager_fu\Voyager_Interstellar_Monthly\HighestPrecision_Segments\V1_MAG48s_segment_0656_20180427T172126_20180427T212615.png,ok,
1,657,2018-04-28 09:19:50,2018-04-28 14:08:38,4.81320027777778,360,48.383,143.424,7200,240,Z:\SPART-WORK\Data\Voyager\voyager1\mag\48s\reviewed_vim\2018\voyager1_48s_mag-vim_20180101_v01.cdf,C:\Users\Administrator\Documents\FWD_matlab\Voyager_fu\Voyager_Interstellar_Monthly\HighestPrecision_Segments\V1_MAG48s_segment_0657_20180428T091950_20180428T140838.png,ok,
1,658,2018-04-28 18:28:38,2018-04-28 20:27:50,1.98672,149,48.383,95.904,7200,240,Z:\SPART-WORK\Data\Voyager\voyager1\mag\48s\reviewed_vim\2018\voyager1_48s_mag-vim_20180101_v01.cdf,C:\Users\Administrator\Documents\FWD_matlab\Voyager_fu\Voyager_Interstellar_Monthly\HighestPrecision_Segments\V1_MAG48s_segment_0658_20180428T182838_20180428T202750.png,ok,
1,659,2018-04-29 09:10:14,2018-04-29 13:19:50,4.15992027777778,311,48.383,144.287000244141,7200,240,Z:\SPART-WORK\Data\Voyager\voyager1\mag\48s\reviewed_vim\2018\voyager1_48s_mag-vim_20180101_v01.cdf,C:\Users\Administrator\Documents\FWD_matlab\Voyager_fu\Voyager_Interstellar_Monthly\HighestPrecision_Segments\V1_MAG48s_segment_0659_20180429T091014_20180429T131950.png,ok,
1,660,2018-04-30 11:48:38,2018-04-30 15:07:02,3.30672027777778,107,48.383,6721.05699975586,7200,240,Z:\SPART-WORK\Data\Voyager\voyager1\mag\48s\reviewed_vim\2018\voyager1_48s_mag-vim_20180101_v01.cdf,C:\Users\Administrator\Documents\FWD_matlab\Voyager_fu\Voyager_Interstellar_Monthly\HighestPrecision_Segments\V1_MAG48s_segment_0660_20180430T114838_20180430T150702.png,ok,
1,661,2018-04-30 17:10:14,2018-04-30 21:07:02,3.94656,288,48.383,335.233,7200,240,Z:\SPART-WORK\Data\Voyager\voyager1\mag\48s\reviewed_vim\2018\voyager1_48s_mag-vim_20180101_v01.cdf,C:\Users\Administrator\Documents\FWD_matlab\Voyager_fu\Voyager_Interstellar_Monthly\HighestPrecision_Segments\V1_MAG48s_segment_0661_20180430T171014_20180430T210702.png,ok,
1,662,2018-05-01 09:05:26,2018-05-01 12:37:26,3.53327972229004,263,48.383,191.807,7200,240,Z:\SPART-WORK\Data\Voyager\voyager1\mag\48s\reviewed_vim\2018\voyager1_48s_mag-vim_20180101_v01.cdf,C:\Users\Administrator\Documents\FWD_matlab\Voyager_fu\Voyager_Interstellar_Monthly\HighestPrecision_Segments\V1_MAG48s_segment_0662_20180501T090526_20180501T123726.png,ok,
1,663,2018-05-02 08:59:02,2018-05-02 13:40:38,4.6932,350,48.383,192.672,7200,240,Z:\SPART-WORK\Data\Voyager\voyager1\mag\48s\reviewed_vim\2018\voyager1_48s_mag-vim_20180101_v01.cdf,C:\Users\Administrator\Documents\FWD_matlab\Voyager_fu\Voyager_Interstellar_Monthly\HighestPrecision_Segments\V1_MAG48s_segment_0663_20180502T085902_20180502T134038.png,ok,
1,664,2018-05-03 11:18:14,2018-05-03 15:22:14,4.06655972222222,211,48.383,4271.615,7200,240,Z:\SPART-WORK\Data\Voyager\voyager1\mag\48s\reviewed_vim\2018\voyager1_48s_mag-vim_20180101_v01.cdf,C:\Users\Administrator\Documents\FWD_matlab\Voyager_fu\Voyager_Interstellar_Monthly\HighestPrecision_Segments\V1_MAG48s_segment_0664_20180503T111814_20180503T152214.png,ok,
1,665,2018-05-04 08:59:02,2018-05-04 11:52:38,2.89319972229004,217,48.383,95.039,7200,240,Z:\SPART-WORK\Data\Voyager\voyager1\mag\48s\reviewed_vim\2018\voyager1_48s_mag-vim_20180101_v01.cdf,C:\Users\Administrator\Documents\FWD_matlab\Voyager_fu\Voyager_Interstellar_Monthly\HighestPrecision_Segments\V1_MAG48s_segment_0665_20180504T085902_20180504T115238.png,ok,
1,666,2018-05-05 08:49:26,2018-05-05 12:58:14,4.14648,303,48.383,240.192000244141,7200,240,Z:\SPART-WORK\Data\Voyager\voyager1\mag\48s\reviewed_vim\2018\voyager1_48s_mag-vim_20180101_v01.cdf,C:\Users\Administrator\Documents\FWD_matlab\Voyager_fu\Voyager_Interstellar_Monthly\HighestPrecision_Segments\V1_MAG48s_segment_0666_20180505T084926_20180505T125814.png,ok,
1,667,2018-05-06 08:43:02,2018-05-06 13:52:38,5.16000027777778,385,48.383,191.809,7200,240,Z:\SPART-WORK\Data\Voyager\voyager1\mag\48s\reviewed_vim\2018\voyager1_48s_mag-vim_20180101_v01.cdf,C:\Users\Administrator\Documents\FWD_matlab\Voyager_fu\Voyager_Interstellar_Monthly\HighestPrecision_Segments\V1_MAG48s_segment_0667_20180506T084302_20180506T135238.png,ok,
1,668,2018-05-07 08:52:38,2018-05-07 12:51:50,3.98664027770996,299,48.383,95.904,7200,240,Z:\SPART-WORK\Data\Voyager\voyager1\mag\48s\reviewed_vim\2018\voyager1_48s_mag-vim_20180101_v01.cdf,C:\Users\Administrator\Documents\FWD_matlab\Voyager_fu\Voyager_Interstellar_Monthly\HighestPrecision_Segments\V1_MAG48s_segment_0668_20180507T085238_20180507T125150.png,ok,
1,669,2018-05-08 03:07:01,2018-05-08 07:22:13,4.25327972229004,317,47.521,191.807,7200,240,Z:\SPART-WORK\Data\Voyager\voyager1\mag\48s\reviewed_vim\2018\voyager1_48s_mag-vim_20180101_v01.cdf,C:\Users\Administrator\Documents\FWD_matlab\Voyager_fu\Voyager_Interstellar_Monthly\HighestPrecision_Segments\V1_MAG48s_segment_0669_20180508T030701_20180508T072213.png,ok,
1,670,2018-05-08 10:33:25,2018-05-08 11:58:14,1.41360027777778,105,47.521,144.289,7200,240,Z:\SPART-WORK\Data\Voyager\voyager1\mag\48s\reviewed_vim\2018\voyager1_48s_mag-vim_20180101_v01.cdf,C:\Users\Administrator\Documents\FWD_matlab\Voyager_fu\Voyager_Interstellar_Monthly\HighestPrecision_Segments\V1_MAG48s_segment_0670_20180508T103325_20180508T115814.png,ok,
1,671,2018-05-09 10:07:49,2018-05-09 10:44:37,0.61344,42,47.521,192.672,7200,240,Z:\SPART-WORK\Data\Voyager\voyager1\mag\48s\reviewed_vim\2018\voyager1_48s_mag-vim_20180101_v01.cdf,C:\Users\Administrator\Documents\FWD_matlab\Voyager_fu\Voyager_Interstellar_Monthly\HighestPrecision_Segments\V1_MAG48s_segment_0671_20180509T100749_20180509T104437.png,ok,
1,672,2018-05-09 17:10:14,2018-05-09 19:10:13,1.99991972222222,149,47.521,145.151,7200,240,Z:\SPART-WORK\Data\Voyager\voyager1\mag\48s\reviewed_vim\2018\voyager1_48s_mag-vim_20180101_v01.cdf,C:\Users\Administrator\Documents\FWD_matlab\Voyager_fu\Voyager_Interstellar_Monthly\HighestPrecision_Segments\V1_MAG48s_segment_0672_20180509T171014_20180509T191013.png,ok,
1,673,2018-05-10 08:30:13,2018-05-10 12:31:50,4.02695972222222,302,47.521,96.767,7200,240,Z:\SPART-WORK\Data\Voyager\voyager1\mag\48s\reviewed_vim\2018\voyager1_48s_mag-vim_20180101_v01.cdf,C:\Users\Administrator\Documents\FWD_matlab\Voyager_fu\Voyager_Interstellar_Monthly\HighestPrecision_Segments\V1_MAG48s_segment_0673_20180510T083013_20180510T123150.png,ok,
1,674,2018-05-11 08:23:49,2018-05-11 12:58:14,4.57343972222222,343,47.521,96.7670002441406,7200,240,Z:\SPART-WORK\Data\Voyager\voyager1\mag\48s\reviewed_vim\2018\voyager1_48s_mag-vim_20180101_v01.cdf,C:\Users\Administrator\Documents\FWD_matlab\Voyager_fu\Voyager_Interstellar_Monthly\HighestPrecision_Segments\V1_MAG48s_segment_0674_20180511T082349_20180511T125814.png,ok,
1,675,2018-05-12 11:27:49,2018-05-12 17:41:26,6.22680027777778,466,47.521,145.152999755859,7200,240,Z:\SPART-WORK\Data\Voyager\voyager1\mag\48s\reviewed_vim\2018\voyager1_48s_mag-vim_20180101_v01.cdf,C:\Users\Administrator\Documents\FWD_matlab\Voyager_fu\Voyager_Interstellar_Monthly\HighestPrecision_Segments\V1_MAG48s_segment_0675_20180512T112749_20180512T174126.png,ok,
1,676,2018-05-13 11:13:26,2018-05-13 15:17:25,4.06632027777778,303,47.521,191.808,7200,240,Z:\SPART-WORK\Data\Voyager\voyager1\mag\48s\reviewed_vim\2018\voyager1_48s_mag-vim_20180101_v01.cdf,C:\Users\Administrator\Documents\FWD_matlab\Voyager_fu\Voyager_Interstellar_Monthly\HighestPrecision_Segments\V1_MAG48s_segment_0676_20180513T111326_20180513T151725.png,ok,
1,677,2018-05-14 08:22:13,2018-05-14 14:01:25,5.65319972222222,423,47.521,145.151000244141,7200,240,Z:\SPART-WORK\Data\Voyager\voyager1\mag\48s\reviewed_vim\2018\voyager1_48s_mag-vim_20180101_v01.cdf,C:\Users\Administrator\Documents\FWD_matlab\Voyager_fu\Voyager_Interstellar_Monthly\HighestPrecision_Segments\V1_MAG48s_segment_0677_20180514T082213_20180514T140125.png,ok,
1,678,2018-05-15 08:09:24,2018-05-15 12:14:14,4.08048027777778,307,47.521,49.249,7200,240,Z:\SPART-WORK\Data\Voyager\voyager1\mag\48s\reviewed_vim\2018\voyager1_48s_mag-vim_20180101_v01.cdf,C:\Users\Administrator\Documents\FWD_matlab\Voyager_fu\Voyager_Interstellar_Monthly\HighestPrecision_Segments\V1_MAG48s_segment_0678_20180515T080924_20180515T121414.png,ok,
1,679,2018-05-16 07:48:38,2018-05-16 12:25:24,4.61304027777778,346,47.521,95.9040002441406,7200,240,Z:\SPART-WORK\Data\Voyager\voyager1\mag\48s\reviewed_vim\2018\voyager1_48s_mag-vim_20180101_v01.cdf,C:\Users\Administrator\Documents\FWD_matlab\Voyager_fu\Voyager_Interstellar_Monthly\HighestPrecision_Segments\V1_MAG48s_segment_0679_20180516T074838_20180516T122524.png,ok,
1,680,2018-05-17 08:49:25,2018-05-17 11:16:37,2.45327972222222,184,47.5209997558594,95.904,7200,240,Z:\SPART-WORK\Data\Voyager\voyager1\mag\48s\reviewed_vim\2018\voyager1_48s_mag-vim_20180101_v01.cdf,C:\Users\Administrator\Documents\FWD_matlab\Voyager_fu\Voyager_Interstellar_Monthly\HighestPrecision_Segments\V1_MAG48s_segment_0680_20180517T084925_20180517T111637.png,ok,
1,681,2018-05-18 02:39:49,2018-05-18 04:51:01,2.18664027777778,163,47.5209997558594,145.153,7200,240,Z:\SPART-WORK\Data\Voyager\voyager1\mag\48s\reviewed_vim\2018\voyager1_48s_mag-vim_20180101_v01.cdf,C:\Users\Administrator\Documents\FWD_matlab\Voyager_fu\Voyager_Interstellar_Monthly\HighestPrecision_Segments\V1_MAG48s_segment_0681_20180518T023949_20180518T045101.png,ok,
1,682,2018-05-18 11:11:49,2018-05-18 15:16:37,4.07999972229004,305,47.5209997558594,144.288999755859,7200,240,Z:\SPART-WORK\Data\Voyager\voyager1\mag\48s\reviewed_vim\2018\voyager1_48s_mag-vim_20180101_v01.cdf,C:\Users\Administrator\Documents\FWD_matlab\Voyager_fu\Voyager_Interstellar_Monthly\HighestPrecision_Segments\V1_MAG48s_segment_0682_20180518T111149_20180518T151637.png,ok,
1,683,2018-05-19 07:51:48,2018-05-19 13:56:37,6.08016,454,47.5209997558594,191.809,7200,240,Z:\SPART-WORK\Data\Voyager\voyager1\mag\48s\reviewed_vim\2018\voyager1_48s_mag-vim_20180101_v01.cdf,C:\Users\Administrator\Documents\FWD_matlab\Voyager_fu\Voyager_Interstellar_Monthly\HighestPrecision_Segments\V1_MAG48s_segment_0683_20180519T075148_20180519T135637.png,ok,
1,684,2018-05-20 09:53:26,2018-05-20 13:58:14,4.08,304,47.5209997558594,192.671999755859,7200,240,Z:\SPART-WORK\Data\Voyager\voyager1\mag\48s\reviewed_vim\2018\voyager1_48s_mag-vim_20180101_v01.cdf,C:\Users\Administrator\Documents\FWD_matlab\Voyager_fu\Voyager_Interstellar_Monthly\HighestPrecision_Segments\V1_MAG48s_segment_0684_20180520T095326_20180520T135814.png,ok,
1,685,2018-05-21 12:52:37,2018-05-21 18:56:37,6.06672,455,47.5200002441406,96.767,7200,240,Z:\SPART-WORK\Data\Voyager\voyager1\mag\48s\reviewed_vim\2018\voyager1_48s_mag-vim_20180101_v01.cdf,C:\Users\Administrator\Documents\FWD_matlab\Voyager_fu\Voyager_Interstellar_Monthly\HighestPrecision_Segments\V1_MAG48s_segment_0685_20180521T125237_20180521T185637.png,ok,
1,686,2018-05-22 10:39:49,2018-05-22 11:05:25,0.426719722290039,29,47.5204998779297,239.328,7200,240,Z:\SPART-WORK\Data\Voyager\voyager1\mag\48s\reviewed_vim\2018\voyager1_48s_mag-vim_20180101_v01.cdf,C:\Users\Administrator\Documents\FWD_matlab\Voyager_fu\Voyager_Interstellar_Monthly\HighestPrecision_Segments\V1_MAG48s_segment_0686_20180522T103949_20180522T110525.png,ok,
1,687,2018-05-22 13:50:13,2018-05-22 15:04:38,1.24007999993218,94,47.5200002441406,49.249,7200,240,Z:\SPART-WORK\Data\Voyager\voyager1\mag\48s\reviewed_vim\2018\voyager1_48s_mag-vim_20180101_v01.cdf,C:\Users\Administrator\Documents\FWD_matlab\Voyager_fu\Voyager_Interstellar_Monthly\HighestPrecision_Segments\V1_MAG48s_segment_0687_20180522T135013_20180522T150438.png,ok,
1,688,2018-05-23 01:59:49,2018-05-23 06:02:13,4.03992,301,47.52,192.672000244141,7200,240,Z:\SPART-WORK\Data\Voyager\voyager1\mag\48s\reviewed_vim\2018\voyager1_48s_mag-vim_20180101_v01.cdf,C:\Users\Administrator\Documents\FWD_matlab\Voyager_fu\Voyager_Interstellar_Monthly\HighestPrecision_Segments\V1_MAG48s_segment_0688_20180523T015949_20180523T060213.png,ok,
1,689,2018-05-25 08:59:02,2018-05-25 13:31:02,4.53336027777778,340,47.52,95.04,7200,240,Z:\SPART-WORK\Data\Voyager\voyager1\mag\48s\reviewed_vim\2018\voyager1_48s_mag-vim_20180101_v01.cdf,C:\Users\Administrator\Documents\FWD_matlab\Voyager_fu\Voyager_Interstellar_Monthly\HighestPrecision_Segments\V1_MAG48s_segment_0689_20180525T085902_20180525T133102.png,ok,
1,690,2018-05-26 07:27:49,2018-05-26 13:42:12,6.23975972222222,469,47.52,49.249,7200,240,Z:\SPART-WORK\Data\Voyager\voyager1\mag\48s\reviewed_vim\2018\voyager1_48s_mag-vim_20180101_v01.cdf,C:\Users\Administrator\Documents\FWD_matlab\Voyager_fu\Voyager_Interstellar_Monthly\HighestPrecision_Segments\V1_MAG48s_segment_0690_20180526T072749_20180526T134212.png,ok,
1,691,2018-05-27 07:18:13,2018-05-27 11:26:13,4.13352027777778,311,47.52,49.249,7200,240,Z:\SPART-WORK\Data\Voyager\voyager1\mag\48s\reviewed_vim\2018\voyager1_48s_mag-vim_20180101_v01.cdf,C:\Users\Administrator\Documents\FWD_matlab\Voyager_fu\Voyager_Interstellar_Monthly\HighestPrecision_Segments\V1_MAG48s_segment_0691_20180527T071813_20180527T112613.png,ok,
1,692,2018-05-28 08:04:37,2018-05-28 13:00:37,4.93320027770996,370,47.52,95.9039997558594,7200,240,Z:\SPART-WORK\Data\Voyager\voyager1\mag\48s\reviewed_vim\2018\voyager1_48s_mag-vim_20180101_v01.cdf,C:\Users\Administrator\Documents\FWD_matlab\Voyager_fu\Voyager_Interstellar_Monthly\HighestPrecision_Segments\V1_MAG48s_segment_0692_20180528T080437_20180528T130037.png,ok,
1,693,2018-05-29 08:25:24,2018-05-29 14:15:01,5.82696027777778,438,47.52,49.249,7200,240,Z:\SPART-WORK\Data\Voyager\voyager1\mag\48s\reviewed_vim\2018\voyager1_48s_mag-vim_20180101_v01.cdf,C:\Users\Administrator\Documents\FWD_matlab\Voyager_fu\Voyager_Interstellar_Monthly\HighestPrecision_Segments\V1_MAG48s_segment_0693_20180529T082524_20180529T141501.png,ok,
1,694,2018-05-30 12:09:25,2018-05-30 18:03:02,5.89343972222222,443,47.52,49.249,7200,240,Z:\SPART-WORK\Data\Voyager\voyager1\mag\48s\reviewed_vim\2018\voyager1_48s_mag-vim_20180101_v01.cdf,C:\Users\Administrator\Documents\FWD_matlab\Voyager_fu\Voyager_Interstellar_Monthly\HighestPrecision_Segments\V1_MAG48s_segment_0694_20180530T120925_20180530T180302.png,ok,
1,695,2018-05-31 07:10:13,2018-05-31 11:32:37,4.37328,326,47.52,190.943,7200,240,Z:\SPART-WORK\Data\Voyager\voyager1\mag\48s\reviewed_vim\2018\voyager1_48s_mag-vim_20180101_v01.cdf,C:\Users\Administrator\Documents\FWD_matlab\Voyager_fu\Voyager_Interstellar_Monthly\HighestPrecision_Segments\V1_MAG48s_segment_0695_20180531T071013_20180531T113237.png,ok,
1,696,2018-06-01 07:42:12,2018-06-01 08:19:01,0.613440277777778,46,47.52,96.769,7200,240,Z:\SPART-WORK\Data\Voyager\voyager1\mag\48s\reviewed_vim\2018\voyager1_48s_mag-vim_20180101_v01.cdf,C:\Users\Administrator\Documents\FWD_matlab\Voyager_fu\Voyager_Interstellar_Monthly\HighestPrecision_Segments\V1_MAG48s_segment_0696_20180601T074212_20180601T081901.png,ok,
1,697,2018-06-01 11:11:49,2018-06-01 11:22:13,0.17352,4,48.3849997558594,527.904,7200,240,Z:\SPART-WORK\Data\Voyager\voyager1\mag\48s\reviewed_vim\2018\voyager1_48s_mag-vim_20180101_v01.cdf,C:\Users\Administrator\Documents\FWD_matlab\Voyager_fu\Voyager_Interstellar_Monthly\HighestPrecision_Segments\V1_MAG48s_segment_0697_20180601T111149_20180601T112213.png,ok,
1,698,2018-06-02 06:44:37,2018-06-02 11:47:00,5.03976,378,47.52,95.904,7200,240,Z:\SPART-WORK\Data\Voyager\voyager1\mag\48s\reviewed_vim\2018\voyager1_48s_mag-vim_20180101_v01.cdf,C:\Users\Administrator\Documents\FWD_matlab\Voyager_fu\Voyager_Interstellar_Monthly\HighestPrecision_Segments\V1_MAG48s_segment_0698_20180602T064437_20180602T114700.png,ok,
1,699,2018-06-03 08:17:25,2018-06-03 12:46:13,4.48008027777778,334,47.52,192.672,7200,240,Z:\SPART-WORK\Data\Voyager\voyager1\mag\48s\reviewed_vim\2018\voyager1_48s_mag-vim_20180101_v01.cdf,C:\Users\Administrator\Documents\FWD_matlab\Voyager_fu\Voyager_Interstellar_Monthly\HighestPrecision_Segments\V1_MAG48s_segment_0699_20180603T081725_20180603T124613.png,ok,
1,700,2018-06-04 06:41:24,2018-06-04 10:50:13,4.14671972222222,311,47.52,96.767,7200,240,Z:\SPART-WORK\Data\Voyager\voyager1\mag\48s\reviewed_vim\2018\voyager1_48s_mag-vim_20180101_v01.cdf,C:\Users\Administrator\Documents\FWD_matlab\Voyager_fu\Voyager_Interstellar_Monthly\HighestPrecision_Segments\V1_MAG48s_segment_0700_20180604T064124_20180604T105013.png,ok,
1,701,2018-06-05 08:51:00,2018-06-05 12:46:12,3.91992,293,47.52,144.289,7200,240,Z:\SPART-WORK\Data\Voyager\voyager1\mag\48s\reviewed_vim\2018\voyager1_48s_mag-vim_20180101_v01.cdf,C:\Users\Administrator\Documents\FWD_matlab\Voyager_fu\Voyager_Interstellar_Monthly\HighestPrecision_Segments\V1_MAG48s_segment_0701_20180605T085100_20180605T124612.png,ok,
1,702,2018-06-06 09:59:48,2018-06-06 11:08:37,1.14696,86,47.52,96.769,7200,240,Z:\SPART-WORK\Data\Voyager\voyager1\mag\48s\reviewed_vim\2018\voyager1_48s_mag-vim_20180101_v01.cdf,C:\Users\Administrator\Documents\FWD_matlab\Voyager_fu\Voyager_Interstellar_Monthly\HighestPrecision_Segments\V1_MAG48s_segment_0702_20180606T095948_20180606T110837.png,ok,
1,703,2018-06-07 13:24:36,2018-06-07 17:50:13,4.4268,330,47.52,191.808000244141,7200,240,Z:\SPART-WORK\Data\Voyager\voyager1\mag\48s\reviewed_vim\2018\voyager1_48s_mag-vim_20180101_v01.cdf,C:\Users\Administrator\Documents\FWD_matlab\Voyager_fu\Voyager_Interstellar_Monthly\HighestPrecision_Segments\V1_MAG48s_segment_0703_20180607T132436_20180607T175013.png,ok,
1,704,2018-06-08 08:01:25,2018-06-08 10:41:25,2.66664,200,47.52,95.905,7200,240,Z:\SPART-WORK\Data\Voyager\voyager1\mag\48s\reviewed_vim\2018\voyager1_48s_mag-vim_20180101_v01.cdf,C:\Users\Administrator\Documents\FWD_matlab\Voyager_fu\Voyager_Interstellar_Monthly\HighestPrecision_Segments\V1_MAG48s_segment_0704_20180608T080125_20180608T104125.png,ok,
1,705,2018-06-09 00:38:13,2018-06-09 09:15:00,8.61312,513,47.52,5903.712,7200,240,Z:\SPART-WORK\Data\Voyager\voyager1\mag\48s\reviewed_vim\2018\voyager1_48s_mag-vim_20180101_v01.cdf,C:\Users\Administrator\Documents\FWD_matlab\Voyager_fu\Voyager_Interstellar_Monthly\HighestPrecision_Segments\V1_MAG48s_segment_0705_20180609T003813_20180609T091500.png,ok,
1,706,2018-06-10 06:22:13,2018-06-10 10:30:12,4.13327972222222,310,47.52,95.903,7200,240,Z:\SPART-WORK\Data\Voyager\voyager1\mag\48s\reviewed_vim\2018\voyager1_48s_mag-vim_20180101_v01.cdf,C:\Users\Administrator\Documents\FWD_matlab\Voyager_fu\Voyager_Interstellar_Monthly\HighestPrecision_Segments\V1_MAG48s_segment_0706_20180610T062213_20180610T103012.png,ok,
1,707,2018-06-11 06:36:36,2018-06-11 10:41:25,4.08023999993218,307,47.52,49.249,7200,240,Z:\SPART-WORK\Data\Voyager\voyager1\mag\48s\reviewed_vim\2018\voyager1_48s_mag-vim_20180101_v01.cdf,C:\Users\Administrator\Documents\FWD_matlab\Voyager_fu\Voyager_Interstellar_Monthly\HighestPrecision_Segments\V1_MAG48s_segment_0707_20180611T063636_20180611T104125.png,ok,
1,708,2018-06-12 06:35:01,2018-06-12 11:02:12,4.4532,332,47.52,192.671999755859,7200,240,Z:\SPART-WORK\Data\Voyager\voyager1\mag\48s\reviewed_vim\2018\voyager1_48s_mag-vim_20180101_v01.cdf,C:\Users\Administrator\Documents\FWD_matlab\Voyager_fu\Voyager_Interstellar_Monthly\HighestPrecision_Segments\V1_MAG48s_segment_0708_20180612T063501_20180612T110212.png,ok,
1,709,2018-06-13 15:24:36,2018-06-13 19:19:48,3.91992000006782,293,47.52,144.287,7200,240,Z:\SPART-WORK\Data\Voyager\voyager1\mag\48s\reviewed_vim\2018\voyager1_48s_mag-vim_20180101_v01.cdf,C:\Users\Administrator\Documents\FWD_matlab\Voyager_fu\Voyager_Interstellar_Monthly\HighestPrecision_Segments\V1_MAG48s_segment_0709_20180613T152436_20180613T191948.png,ok,
1,710,2018-06-14 06:07:49,2018-06-14 10:35:00,4.4532,333,47.52,143.425,7200,240,Z:\SPART-WORK\Data\Voyager\voyager1\mag\48s\reviewed_vim\2018\voyager1_48s_mag-vim_20180101_v01.cdf,C:\Users\Administrator\Documents\FWD_matlab\Voyager_fu\Voyager_Interstellar_Monthly\HighestPrecision_Segments\V1_MAG48s_segment_0710_20180614T060749_20180614T103500.png,ok,
1,711,2018-06-15 06:44:36,2018-06-15 10:49:25,4.08024,306,47.52,95.905,7200,240,Z:\SPART-WORK\Data\Voyager\voyager1\mag\48s\reviewed_vim\2018\voyager1_48s_mag-vim_20180101_v01.cdf,C:\Users\Administrator\Documents\FWD_matlab\Voyager_fu\Voyager_Interstellar_Monthly\HighestPrecision_Segments\V1_MAG48s_segment_0711_20180615T064436_20180615T104925.png,ok,
1,712,2018-06-16 14:09:24,2018-06-16 18:04:36,3.91992,292,47.52,190.943,7200,240,Z:\SPART-WORK\Data\Voyager\voyager1\mag\48s\reviewed_vim\2018\voyager1_48s_mag-vim_20180101_v01.cdf,C:\Users\Administrator\Documents\FWD_matlab\Voyager_fu\Voyager_Interstellar_Monthly\HighestPrecision_Segments\V1_MAG48s_segment_0712_20180616T140924_20180616T180436.png,ok,
1,713,2018-06-17 05:58:12,2018-06-17 10:00:37,4.04016,302,47.52,144.287,7200,240,Z:\SPART-WORK\Data\Voyager\voyager1\mag\48s\reviewed_vim\2018\voyager1_48s_mag-vim_20180101_v01.cdf,C:\Users\Administrator\Documents\FWD_matlab\Voyager_fu\Voyager_Interstellar_Monthly\HighestPrecision_Segments\V1_MAG48s_segment_0713_20180617T055812_20180617T100037.png,ok,
1,714,2018-06-18 06:47:48,2018-06-18 11:00:36,4.21344027777778,316,47.52,96.769,7200,240,Z:\SPART-WORK\Data\Voyager\voyager1\mag\48s\reviewed_vim\2018\voyager1_48s_mag-vim_20180101_v01.cdf,C:\Users\Administrator\Documents\FWD_matlab\Voyager_fu\Voyager_Interstellar_Monthly\HighestPrecision_Segments\V1_MAG48s_segment_0714_20180618T064748_20180618T110036.png,ok,
1,715,2018-06-19 06:42:59,2018-06-19 09:29:25,2.77368,205,47.52,239.328,7200,240,Z:\SPART-WORK\Data\Voyager\voyager1\mag\48s\reviewed_vim\2018\voyager1_48s_mag-vim_20180101_v01.cdf,C:\Users\Administrator\Documents\FWD_matlab\Voyager_fu\Voyager_Interstellar_Monthly\HighestPrecision_Segments\V1_MAG48s_segment_0715_20180619T064259_20180619T092925.png,ok,
1,716,2018-06-19 12:14:12,2018-06-19 12:59:48,0.759839722222222,58,47.52,49.249,7200,240,Z:\SPART-WORK\Data\Voyager\voyager1\mag\48s\reviewed_vim\2018\voyager1_48s_mag-vim_20180101_v01.cdf,C:\Users\Administrator\Documents\FWD_matlab\Voyager_fu\Voyager_Interstellar_Monthly\HighestPrecision_Segments\V1_MAG48s_segment_0716_20180619T121412_20180619T125948.png,ok,
1,717,2018-06-20 17:19:48,2018-06-20 21:26:12,4.10664,309,47.52,49.249,7200,240,Z:\SPART-WORK\Data\Voyager\voyager1\mag\48s\reviewed_vim\2018\voyager1_48s_mag-vim_20180101_v01.cdf,C:\Users\Administrator\Documents\FWD_matlab\Voyager_fu\Voyager_Interstellar_Monthly\HighestPrecision_Segments\V1_MAG48s_segment_0717_20180620T171948_20180620T212612.png,ok,
1,718,2018-06-21 16:12:37,2018-06-21 20:19:48,4.11984,308,47.52,143.423,7200,240,Z:\SPART-WORK\Data\Voyager\voyager1\mag\48s\reviewed_vim\2018\voyager1_48s_mag-vim_20180101_v01.cdf,C:\Users\Administrator\Documents\FWD_matlab\Voyager_fu\Voyager_Interstellar_Monthly\HighestPrecision_Segments\V1_MAG48s_segment_0718_20180621T161237_20180621T201948.png,ok,
1,719,2018-06-22 12:33:23,2018-06-22 16:48:36,4.25352027777778,317,47.52,192.672,7200,240,Z:\SPART-WORK\Data\Voyager\voyager1\mag\48s\reviewed_vim\2018\voyager1_48s_mag-vim_20180101_v01.cdf,C:\Users\Administrator\Documents\FWD_matlab\Voyager_fu\Voyager_Interstellar_Monthly\HighestPrecision_Segments\V1_MAG48s_segment_0719_20180622T123323_20180622T164836.png,ok,
1,720,2018-06-23 13:07:01,2018-06-23 17:07:00,3.99984027777778,301,47.52,49.249,7200,240,Z:\SPART-WORK\Data\Voyager\voyager1\mag\48s\reviewed_vim\2018\voyager1_48s_mag-vim_20180101_v01.cdf,C:\Users\Administrator\Documents\FWD_matlab\Voyager_fu\Voyager_Interstellar_Monthly\HighestPrecision_Segments\V1_MAG48s_segment_0720_20180623T130701_20180623T170700.png,ok,
1,721,2018-06-24 05:32:35,2018-06-24 09:43:49,4.18703972222222,315,47.5200002441406,49.249,7200,240,Z:\SPART-WORK\Data\Voyager\voyager1\mag\48s\reviewed_vim\2018\voyager1_48s_mag-vim_20180101_v01.cdf,C:\Users\Administrator\Documents\FWD_matlab\Voyager_fu\Voyager_Interstellar_Monthly\HighestPrecision_Segments\V1_MAG48s_segment_0721_20180624T053235_20180624T094349.png,ok,
1,722,2018-06-25 05:19:48,2018-06-25 07:53:24,2.55984,191,47.5200002441406,143.423,7200,240,Z:\SPART-WORK\Data\Voyager\voyager1\mag\48s\reviewed_vim\2018\voyager1_48s_mag-vim_20180101_v01.cdf,C:\Users\Administrator\Documents\FWD_matlab\Voyager_fu\Voyager_Interstellar_Monthly\HighestPrecision_Segments\V1_MAG48s_segment_0722_20180625T051948_20180625T075324.png,ok,
1,723,2018-06-25 13:32:37,2018-06-25 17:50:11,4.29287972222222,318,47.5200002441406,287.713,7200,240,Z:\SPART-WORK\Data\Voyager\voyager1\mag\48s\reviewed_vim\2018\voyager1_48s_mag-vim_20180101_v01.cdf,C:\Users\Administrator\Documents\FWD_matlab\Voyager_fu\Voyager_Interstellar_Monthly\HighestPrecision_Segments\V1_MAG48s_segment_0723_20180625T133237_20180625T175011.png,ok,
1,724,2018-06-26 05:30:59,2018-06-26 07:54:13,2.38703972222222,177,47.5209997558594,192.672,7200,240,Z:\SPART-WORK\Data\Voyager\voyager1\mag\48s\reviewed_vim\2018\voyager1_48s_mag-vim_20180101_v01.cdf,C:\Users\Administrator\Documents\FWD_matlab\Voyager_fu\Voyager_Interstellar_Monthly\HighestPrecision_Segments\V1_MAG48s_segment_0724_20180626T053059_20180626T075413.png,ok,
1,725,2018-06-27 05:10:12,2018-06-27 07:53:24,2.71992027770996,203,47.5209997558594,144.287999755859,7200,240,Z:\SPART-WORK\Data\Voyager\voyager1\mag\48s\reviewed_vim\2018\voyager1_48s_mag-vim_20180101_v01.cdf,C:\Users\Administrator\Documents\FWD_matlab\Voyager_fu\Voyager_Interstellar_Monthly\HighestPrecision_Segments\V1_MAG48s_segment_0725_20180627T051012_20180627T075324.png,ok,
1,726,2018-06-27 13:07:01,2018-06-27 14:26:12,1.31976,100,47.5209997558594,49.249,7200,240,Z:\SPART-WORK\Data\Voyager\voyager1\mag\48s\reviewed_vim\2018\voyager1_48s_mag-vim_20180101_v01.cdf,C:\Users\Administrator\Documents\FWD_matlab\Voyager_fu\Voyager_Interstellar_Monthly\HighestPrecision_Segments\V1_MAG48s_segment_0726_20180627T130701_20180627T142612.png,ok,
1,727,2018-06-28 13:15:00,2018-06-28 17:33:25,4.3068,321,47.5209998779297,192.671000244141,7200,240,Z:\SPART-WORK\Data\Voyager\voyager1\mag\48s\reviewed_vim\2018\voyager1_48s_mag-vim_20180101_v01.cdf,C:\Users\Administrator\Documents\FWD_matlab\Voyager_fu\Voyager_Interstellar_Monthly\HighestPrecision_Segments\V1_MAG48s_segment_0727_20180628T131500_20180628T173325.png,ok,
1,728,2018-06-29 05:11:49,2018-06-29 10:14:12,5.03976,378,47.521,95.039,7200,240,Z:\SPART-WORK\Data\Voyager\voyager1\mag\48s\reviewed_vim\2018\voyager1_48s_mag-vim_20180101_v01.cdf,C:\Users\Administrator\Documents\FWD_matlab\Voyager_fu\Voyager_Interstellar_Monthly\HighestPrecision_Segments\V1_MAG48s_segment_0728_20180629T051149_20180629T101412.png,ok,
1,729,2018-06-30 05:10:12,2018-06-30 09:23:00,4.21344027770996,317,47.521,49.249,7200,240,Z:\SPART-WORK\Data\Voyager\voyager1\mag\48s\reviewed_vim\2018\voyager1_48s_mag-vim_20180101_v01.cdf,C:\Users\Administrator\Documents\FWD_matlab\Voyager_fu\Voyager_Interstellar_Monthly\HighestPrecision_Segments\V1_MAG48s_segment_0729_20180630T051012_20180630T092300.png,ok,
1,730,2018-07-01 06:28:36,2018-07-01 09:03:00,2.57328027777778,193,47.521,95.905,7200,240,Z:\SPART-WORK\Data\Voyager\voyager1\mag\48s\reviewed_vim\2018\voyager1_48s_mag-vim_20180101_v01.cdf,C:\Users\Administrator\Documents\FWD_matlab\Voyager_fu\Voyager_Interstellar_Monthly\HighestPrecision_Segments\V1_MAG48s_segment_0730_20180701T062836_20180701T090300.png,ok,
1,731,2018-07-01 14:01:23,2018-07-01 18:58:12,4.94688,372,47.521,49.249,7200,240,Z:\SPART-WORK\Data\Voyager\voyager1\mag\48s\reviewed_vim\2018\voyager1_48s_mag-vim_20180101_v01.cdf,C:\Users\Administrator\Documents\FWD_matlab\Voyager_fu\Voyager_Interstellar_Monthly\HighestPrecision_Segments\V1_MAG48s_segment_0731_20180701T140123_20180701T185812.png,ok,
1,732,2018-07-02 06:11:00,2018-07-02 10:15:00,4.06679972222222,304,47.521,144.288,7200,240,Z:\SPART-WORK\Data\Voyager\voyager1\mag\48s\reviewed_vim\2018\voyager1_48s_mag-vim_20180101_v01.cdf,C:\Users\Administrator\Documents\FWD_matlab\Voyager_fu\Voyager_Interstellar_Monthly\HighestPrecision_Segments\V1_MAG48s_segment_0732_20180702T061100_20180702T101500.png,ok,
1,733,2018-07-03 06:07:48,2018-07-03 11:15:00,5.11992027770996,264,47.521,5663.52,7200,240,Z:\SPART-WORK\Data\Voyager\voyager1\mag\48s\reviewed_vim\2018\voyager1_48s_mag-vim_20180101_v01.cdf,C:\Users\Administrator\Documents\FWD_matlab\Voyager_fu\Voyager_Interstellar_Monthly\HighestPrecision_Segments\V1_MAG48s_segment_0733_20180703T060748_20180703T111500.png,ok,
1,734,2018-07-04 04:44:36,2018-07-04 09:33:23,4.81295972222222,362,47.521,49.249,7200,240,Z:\SPART-WORK\Data\Voyager\voyager1\mag\48s\reviewed_vim\2018\voyager1_48s_mag-vim_20180101_v01.cdf,C:\Users\Administrator\Documents\FWD_matlab\Voyager_fu\Voyager_Interstellar_Monthly\HighestPrecision_Segments\V1_MAG48s_segment_0734_20180704T044436_20180704T093323.png,ok,
1,735,2018-07-05 10:09:24,2018-07-05 14:39:48,4.50672,338,47.521,95.039,7200,240,Z:\SPART-WORK\Data\Voyager\voyager1\mag\48s\reviewed_vim\2018\voyager1_48s_mag-vim_20180101_v01.cdf,C:\Users\Administrator\Documents\FWD_matlab\Voyager_fu\Voyager_Interstellar_Monthly\HighestPrecision_Segments\V1_MAG48s_segment_0735_20180705T100924_20180705T143948.png,ok,
1,736,2018-07-06 09:23:00,2018-07-06 14:23:48,5.01336,377,47.521,49.249,7200,240,Z:\SPART-WORK\Data\Voyager\voyager1\mag\48s\reviewed_vim\2018\voyager1_48s_mag-vim_20180101_v01.cdf,C:\Users\Administrator\Documents\FWD_matlab\Voyager_fu\Voyager_Interstellar_Monthly\HighestPrecision_Segments\V1_MAG48s_segment_0736_20180706T092300_20180706T142348.png,ok,
1,737,2018-07-07 04:57:24,2018-07-07 09:02:12,4.08000027777778,305,47.521,145.153,7200,240,Z:\SPART-WORK\Data\Voyager\voyager1\mag\48s\reviewed_vim\2018\voyager1_48s_mag-vim_20180101_v01.cdf,C:\Users\Administrator\Documents\FWD_matlab\Voyager_fu\Voyager_Interstellar_Monthly\HighestPrecision_Segments\V1_MAG48s_segment_0737_20180707T045724_20180707T090212.png,ok,
1,738,2018-07-08 04:38:11,2018-07-08 06:58:59,2.34672000006782,177,47.521,49.249,7200,240,Z:\SPART-WORK\Data\Voyager\voyager1\mag\48s\reviewed_vim\2018\voyager1_48s_mag-vim_20180101_v01.cdf,C:\Users\Administrator\Documents\FWD_matlab\Voyager_fu\Voyager_Interstellar_Monthly\HighestPrecision_Segments\V1_MAG48s_segment_0738_20180708T043811_20180708T065859.png,ok,
1,739,2018-07-08 12:58:59,2018-07-08 18:19:47,5.34671999993218,399,47.521,192.672000244141,7200,240,Z:\SPART-WORK\Data\Voyager\voyager1\mag\48s\reviewed_vim\2018\voyager1_48s_mag-vim_20180101_v01.cdf,C:\Users\Administrator\Documents\FWD_matlab\Voyager_fu\Voyager_Interstellar_Monthly\HighestPrecision_Segments\V1_MAG48s_segment_0739_20180708T125859_20180708T181947.png,ok,
1,740,2018-07-09 04:35:00,2018-07-09 09:31:47,4.9464,372,47.521,49.249,7200,240,Z:\SPART-WORK\Data\Voyager\voyager1\mag\48s\reviewed_vim\2018\voyager1_48s_mag-vim_20180101_v01.cdf,C:\Users\Administrator\Documents\FWD_matlab\Voyager_fu\Voyager_Interstellar_Monthly\HighestPrecision_Segments\V1_MAG48s_segment_0740_20180709T043500_20180709T093147.png,ok,
1,741,2018-07-10 04:31:47,2018-07-10 08:42:12,4.17336,312,47.521,145.151,7200,240,Z:\SPART-WORK\Data\Voyager\voyager1\mag\48s\reviewed_vim\2018\voyager1_48s_mag-vim_20180101_v01.cdf,C:\Users\Administrator\Documents\FWD_matlab\Voyager_fu\Voyager_Interstellar_Monthly\HighestPrecision_Segments\V1_MAG48s_segment_0741_20180710T043147_20180710T084212.png,ok,
1,742,2018-07-12 13:35:48,2018-07-12 17:46:59,4.18656,313,47.521,145.151000244141,7200,240,Z:\SPART-WORK\Data\Voyager\voyager1\mag\48s\reviewed_vim\2018\voyager1_48s_mag-vim_20180101_v01.cdf,C:\Users\Administrator\Documents\FWD_matlab\Voyager_fu\Voyager_Interstellar_Monthly\HighestPrecision_Segments\V1_MAG48s_segment_0742_20180712T133548_20180712T174659.png,ok,
1,743,2018-07-13 04:07:48,2018-07-13 08:15:00,4.11984027777778,309,47.521,95.041,7200,240,Z:\SPART-WORK\Data\Voyager\voyager1\mag\48s\reviewed_vim\2018\voyager1_48s_mag-vim_20180101_v01.cdf,C:\Users\Administrator\Documents\FWD_matlab\Voyager_fu\Voyager_Interstellar_Monthly\HighestPrecision_Segments\V1_MAG48s_segment_0743_20180713T040748_20180713T081500.png,ok,
1,744,2018-07-14 06:01:24,2018-07-14 10:51:48,4.83984027777778,362,47.521,143.423,7200,240,Z:\SPART-WORK\Data\Voyager\voyager1\mag\48s\reviewed_vim\2018\voyager1_48s_mag-vim_20180101_v01.cdf,C:\Users\Administrator\Documents\FWD_matlab\Voyager_fu\Voyager_Interstellar_Monthly\HighestPrecision_Segments\V1_MAG48s_segment_0744_20180714T060124_20180714T105148.png,ok,
1,745,2018-07-15 07:08:36,2018-07-15 11:13:24,4.07999972222222,305,47.521,145.151,7200,240,Z:\SPART-WORK\Data\Voyager\voyager1\mag\48s\reviewed_vim\2018\voyager1_48s_mag-vim_20180101_v01.cdf,C:\Users\Administrator\Documents\FWD_matlab\Voyager_fu\Voyager_Interstellar_Monthly\HighestPrecision_Segments\V1_MAG48s_segment_0745_20180715T070836_20180715T111324.png,ok,
1,746,2018-07-16 16:23:48,2018-07-16 20:10:59,3.78648000006782,284,47.521,95.905,7200,240,Z:\SPART-WORK\Data\Voyager\voyager1\mag\48s\reviewed_vim\2018\voyager1_48s_mag-vim_20180101_v01.cdf,C:\Users\Administrator\Documents\FWD_matlab\Voyager_fu\Voyager_Interstellar_Monthly\HighestPrecision_Segments\V1_MAG48s_segment_0746_20180716T162348_20180716T201059.png,ok,
1,747,2018-07-17 05:37:23,2018-07-17 07:53:24,2.26680027777778,164,47.521,240.191999755859,7200,240,Z:\SPART-WORK\Data\Voyager\voyager1\mag\48s\reviewed_vim\2018\voyager1_48s_mag-vim_20180101_v01.cdf,C:\Users\Administrator\Documents\FWD_matlab\Voyager_fu\Voyager_Interstellar_Monthly\HighestPrecision_Segments\V1_MAG48s_segment_0747_20180717T053723_20180717T075324.png,ok,
1,748,2018-07-17 10:38:11,2018-07-17 11:16:35,0.640080277777778,49,47.5209998779297,49.249,7200,240,Z:\SPART-WORK\Data\Voyager\voyager1\mag\48s\reviewed_vim\2018\voyager1_48s_mag-vim_20180101_v01.cdf,C:\Users\Administrator\Documents\FWD_matlab\Voyager_fu\Voyager_Interstellar_Monthly\HighestPrecision_Segments\V1_MAG48s_segment_0748_20180717T103811_20180717T111635.png,ok,
1,749,2018-07-17 13:45:24,2018-07-17 16:01:23,2.26632,169,47.521,143.425,7200,240,Z:\SPART-WORK\Data\Voyager\voyager1\mag\48s\reviewed_vim\2018\voyager1_48s_mag-vim_20180101_v01.cdf,C:\Users\Administrator\Documents\FWD_matlab\Voyager_fu\Voyager_Interstellar_Monthly\HighestPrecision_Segments\V1_MAG48s_segment_0749_20180717T134524_20180717T160123.png,ok,
1,750,2018-07-18 05:27:47,2018-07-18 09:31:00,4.0536,302,47.521,192.673,7200,240,Z:\SPART-WORK\Data\Voyager\voyager1\mag\48s\reviewed_vim\2018\voyager1_48s_mag-vim_20180101_v01.cdf,C:\Users\Administrator\Documents\FWD_matlab\Voyager_fu\Voyager_Interstellar_Monthly\HighestPrecision_Segments\V1_MAG48s_segment_0750_20180718T052747_20180718T093100.png,ok,
1,751,2018-07-19 10:01:23,2018-07-19 15:00:35,4.98671972222222,375,47.521,49.249,7200,240,Z:\SPART-WORK\Data\Voyager\voyager1\mag\48s\reviewed_vim\2018\voyager1_48s_mag-vim_20180101_v01.cdf,C:\Users\Administrator\Documents\FWD_matlab\Voyager_fu\Voyager_Interstellar_Monthly\HighestPrecision_Segments\V1_MAG48s_segment_0751_20180719T100123_20180719T150035.png,ok,
1,752,2018-07-20 11:10:11,2018-07-20 15:14:59,4.08000027777778,306,47.521,95.905,7200,240,Z:\SPART-WORK\Data\Voyager\voyager1\mag\48s\reviewed_vim\2018\voyager1_48s_mag-vim_20180101_v01.cdf,C:\Users\Administrator\Documents\FWD_matlab\Voyager_fu\Voyager_Interstellar_Monthly\HighestPrecision_Segments\V1_MAG48s_segment_0752_20180720T111011_20180720T151459.png,ok,
1,753,2018-07-21 05:51:48,2018-07-21 09:55:47,4.06631972222222,306,47.5209997558594,49.249,7200,240,Z:\SPART-WORK\Data\Voyager\voyager1\mag\48s\reviewed_vim\2018\voyager1_48s_mag-vim_20180101_v01.cdf,C:\Users\Administrator\Documents\FWD_matlab\Voyager_fu\Voyager_Interstellar_Monthly\HighestPrecision_Segments\V1_MAG48s_segment_0753_20180721T055148_20180721T095547.png,ok,
1,754,2018-07-22 03:27:47,2018-07-22 09:14:59,5.78664027777778,433,47.5209997558594,145.153,7200,240,Z:\SPART-WORK\Data\Voyager\voyager1\mag\48s\reviewed_vim\2018\voyager1_48s_mag-vim_20180101_v01.cdf,C:\Users\Administrator\Documents\FWD_matlab\Voyager_fu\Voyager_Interstellar_Monthly\HighestPrecision_Segments\V1_MAG48s_segment_0754_20180722T032747_20180722T091459.png,ok,
1,755,2018-07-23 11:00:35,2018-07-23 15:49:23,4.81344,353,47.5209997558594,432,7200,240,Z:\SPART-WORK\Data\Voyager\voyager1\mag\48s\reviewed_vim\2018\voyager1_48s_mag-vim_20180101_v01.cdf,C:\Users\Administrator\Documents\FWD_matlab\Voyager_fu\Voyager_Interstellar_Monthly\HighestPrecision_Segments\V1_MAG48s_segment_0755_20180723T110035_20180723T154923.png,ok,
1,756,2018-07-24 03:37:23,2018-07-24 07:44:35,4.11984,305,47.5209997558594,192.672,7200,240,Z:\SPART-WORK\Data\Voyager\voyager1\mag\48s\reviewed_vim\2018\voyager1_48s_mag-vim_20180101_v01.cdf,C:\Users\Administrator\Documents\FWD_matlab\Voyager_fu\Voyager_Interstellar_Monthly\HighestPrecision_Segments\V1_MAG48s_segment_0756_20180724T033723_20180724T074435.png,ok,
1,757,2018-07-25 04:25:23,2018-07-25 08:29:23,4.06655972222222,306,47.52,49.249,7200,240,Z:\SPART-WORK\Data\Voyager\voyager1\mag\48s\reviewed_vim\2018\voyager1_48s_mag-vim_20180101_v01.cdf,C:\Users\Administrator\Documents\FWD_matlab\Voyager_fu\Voyager_Interstellar_Monthly\HighestPrecision_Segments\V1_MAG48s_segment_0757_20180725T042523_20180725T082923.png,ok,
1,758,2018-07-26 08:23:47,2018-07-26 12:26:59,4.05336,304,47.52,96.7670002441406,7200,240,Z:\SPART-WORK\Data\Voyager\voyager1\mag\48s\reviewed_vim\2018\voyager1_48s_mag-vim_20180101_v01.cdf,C:\Users\Administrator\Documents\FWD_matlab\Voyager_fu\Voyager_Interstellar_Monthly\HighestPrecision_Segments\V1_MAG48s_segment_0758_20180726T082347_20180726T122659.png,ok,
1,759,2018-07-27 03:24:34,2018-07-27 07:29:22,4.08000027777778,307,47.52,49.249,7200,240,Z:\SPART-WORK\Data\Voyager\voyager1\mag\48s\reviewed_vim\2018\voyager1_48s_mag-vim_20180101_v01.cdf,C:\Users\Administrator\Documents\FWD_matlab\Voyager_fu\Voyager_Interstellar_Monthly\HighestPrecision_Segments\V1_MAG48s_segment_0759_20180727T032434_20180727T072922.png,ok,
1,760,2018-07-28 05:46:59,2018-07-28 11:19:00,5.53344,415,47.52,95.903,7200,240,Z:\SPART-WORK\Data\Voyager\voyager1\mag\48s\reviewed_vim\2018\voyager1_48s_mag-vim_20180101_v01.cdf,C:\Users\Administrator\Documents\FWD_matlab\Voyager_fu\Voyager_Interstellar_Monthly\HighestPrecision_Segments\V1_MAG48s_segment_0760_20180728T054659_20180728T111900.png,ok,
1,761,2018-07-29 03:06:59,2018-07-29 07:11:47,4.07999972222222,306,47.52,96.7670002441406,7200,240,Z:\SPART-WORK\Data\Voyager\voyager1\mag\48s\reviewed_vim\2018\voyager1_48s_mag-vim_20180101_v01.cdf,C:\Users\Administrator\Documents\FWD_matlab\Voyager_fu\Voyager_Interstellar_Monthly\HighestPrecision_Segments\V1_MAG48s_segment_0761_20180729T030659_20180729T071147.png,ok,
1,762,2018-07-30 03:47:00,2018-07-30 06:02:59,2.26656027777778,171,47.52,49.249,7200,240,Z:\SPART-WORK\Data\Voyager\voyager1\mag\48s\reviewed_vim\2018\voyager1_48s_mag-vim_20180101_v01.cdf,C:\Users\Administrator\Documents\FWD_matlab\Voyager_fu\Voyager_Interstellar_Monthly\HighestPrecision_Segments\V1_MAG48s_segment_0762_20180730T034700_20180730T060259.png,ok,
1,763,2018-07-30 10:31:47,2018-07-30 13:17:23,2.76000027777778,201,47.52,240.192,7200,240,Z:\SPART-WORK\Data\Voyager\voyager1\mag\48s\reviewed_vim\2018\voyager1_48s_mag-vim_20180101_v01.cdf,C:\Users\Administrator\Documents\FWD_matlab\Voyager_fu\Voyager_Interstellar_Monthly\HighestPrecision_Segments\V1_MAG48s_segment_0763_20180730T103147_20180730T131723.png,ok,
1,764,2018-07-31 10:25:23,2018-07-31 14:30:10,4.07975972222222,304,47.52,192.672,7200,240,Z:\SPART-WORK\Data\Voyager\voyager1\mag\48s\reviewed_vim\2018\voyager1_48s_mag-vim_20180101_v01.cdf,C:\Users\Administrator\Documents\FWD_matlab\Voyager_fu\Voyager_Interstellar_Monthly\HighestPrecision_Segments\V1_MAG48s_segment_0764_20180731T102523_20180731T143010.png,ok,
1,765,2018-08-01 03:26:11,2018-08-01 07:27:46,4.02647972222222,299,47.52,190.945,7200,240,Z:\SPART-WORK\Data\Voyager\voyager1\mag\48s\reviewed_vim\2018\voyager1_48s_mag-vim_20180101_v01.cdf,C:\Users\Administrator\Documents\FWD_matlab\Voyager_fu\Voyager_Interstellar_Monthly\HighestPrecision_Segments\V1_MAG48s_segment_0765_20180801T032611_20180801T072746.png,ok,
1,766,2018-08-02 06:07:46,2018-08-02 10:12:36,4.08048,305,47.52,143.424999755859,7200,240,Z:\SPART-WORK\Data\Voyager\voyager1\mag\48s\reviewed_vim\2018\voyager1_48s_mag-vim_20180101_v01.cdf,C:\Users\Administrator\Documents\FWD_matlab\Voyager_fu\Voyager_Interstellar_Monthly\HighestPrecision_Segments\V1_MAG48s_segment_0766_20180802T060746_20180802T101236.png,ok,
1,767,2018-08-03 03:02:12,2018-08-03 09:42:59,6.67968,417,47.52,4079.809,7200,240,Z:\SPART-WORK\Data\Voyager\voyager1\mag\48s\reviewed_vim\2018\voyager1_48s_mag-vim_20180101_v01.cdf,C:\Users\Administrator\Documents\FWD_matlab\Voyager_fu\Voyager_Interstellar_Monthly\HighestPrecision_Segments\V1_MAG48s_segment_0767_20180803T030212_20180803T094259.png,ok,
1,768,2018-08-04 01:40:35,2018-08-04 02:02:58,0.373199722222222,26,47.52,190.944999755859,7200,240,Z:\SPART-WORK\Data\Voyager\voyager1\mag\48s\reviewed_vim\2018\voyager1_48s_mag-vim_20180101_v01.cdf,C:\Users\Administrator\Documents\FWD_matlab\Voyager_fu\Voyager_Interstellar_Monthly\HighestPrecision_Segments\V1_MAG48s_segment_0768_20180804T014035_20180804T020258.png,ok,
1,769,2018-08-04 07:40:35,2018-08-04 11:29:23,3.81335972222222,285,47.52,144.287,7200,240,Z:\SPART-WORK\Data\Voyager\voyager1\mag\48s\reviewed_vim\2018\voyager1_48s_mag-vim_20180101_v01.cdf,C:\Users\Administrator\Documents\FWD_matlab\Voyager_fu\Voyager_Interstellar_Monthly\HighestPrecision_Segments\V1_MAG48s_segment_0769_20180804T074035_20180804T112923.png,ok,
1,770,2018-08-05 13:45:22,2018-08-05 18:02:12,4.2804,322,47.52,49.249,7200,240,Z:\SPART-WORK\Data\Voyager\voyager1\mag\48s\reviewed_vim\2018\voyager1_48s_mag-vim_20180101_v01.cdf,C:\Users\Administrator\Documents\FWD_matlab\Voyager_fu\Voyager_Interstellar_Monthly\HighestPrecision_Segments\V1_MAG48s_segment_0770_20180805T134522_20180805T180212.png,ok,
1,771,2018-08-06 02:26:59,2018-08-06 02:50:10,0.386399722290039,28,47.52,143.423,7200,240,Z:\SPART-WORK\Data\Voyager\voyager1\mag\48s\reviewed_vim\2018\voyager1_48s_mag-vim_20180101_v01.cdf,C:\Users\Administrator\Documents\FWD_matlab\Voyager_fu\Voyager_Interstellar_Monthly\HighestPrecision_Segments\V1_MAG48s_segment_0771_20180806T022659_20180806T025010.png,ok,
1,772,2018-08-06 05:43:47,2018-08-06 06:36:35,0.880079722222222,66,47.52,95.903,7200,240,Z:\SPART-WORK\Data\Voyager\voyager1\mag\48s\reviewed_vim\2018\voyager1_48s_mag-vim_20180101_v01.cdf,C:\Users\Administrator\Documents\FWD_matlab\Voyager_fu\Voyager_Interstellar_Monthly\HighestPrecision_Segments\V1_MAG48s_segment_0772_20180806T054347_20180806T063635.png,ok,
1,773,2018-08-07 10:39:46,2018-08-07 15:11:46,4.53336027777778,339,47.52,144.287000244141,7200,240,Z:\SPART-WORK\Data\Voyager\voyager1\mag\48s\reviewed_vim\2018\voyager1_48s_mag-vim_20180101_v01.cdf,C:\Users\Administrator\Documents\FWD_matlab\Voyager_fu\Voyager_Interstellar_Monthly\HighestPrecision_Segments\V1_MAG48s_segment_0773_20180807T103946_20180807T151146.png,ok,
1,774,2018-08-08 03:24:34,2018-08-08 04:34:10,1.15992027777778,88,47.52,49.249,7200,240,Z:\SPART-WORK\Data\Voyager\voyager1\mag\48s\reviewed_vim\2018\voyager1_48s_mag-vim_20180101_v01.cdf,C:\Users\Administrator\Documents\FWD_matlab\Voyager_fu\Voyager_Interstellar_Monthly\HighestPrecision_Segments\V1_MAG48s_segment_0774_20180808T032434_20180808T043410.png,ok,
1,775,2018-08-08 11:00:35,2018-08-08 13:36:35,2.60016,193,47.52,191.809,7200,240,Z:\SPART-WORK\Data\Voyager\voyager1\mag\48s\reviewed_vim\2018\voyager1_48s_mag-vim_20180101_v01.cdf,C:\Users\Administrator\Documents\FWD_matlab\Voyager_fu\Voyager_Interstellar_Monthly\HighestPrecision_Segments\V1_MAG48s_segment_0775_20180808T110035_20180808T133635.png,ok,
1,776,2018-08-09 09:24:34,2018-08-09 13:31:47,4.12008,307,47.52,190.943,7200,240,Z:\SPART-WORK\Data\Voyager\voyager1\mag\48s\reviewed_vim\2018\voyager1_48s_mag-vim_20180101_v01.cdf,C:\Users\Administrator\Documents\FWD_matlab\Voyager_fu\Voyager_Interstellar_Monthly\HighestPrecision_Segments\V1_MAG48s_segment_0776_20180809T092434_20180809T133147.png,ok,
1,777,2018-08-10 05:32:34,2018-08-10 09:21:23,3.81335972222222,287,47.52,49.249,7200,240,Z:\SPART-WORK\Data\Voyager\voyager1\mag\48s\reviewed_vim\2018\voyager1_48s_mag-vim_20180101_v01.cdf,C:\Users\Administrator\Documents\FWD_matlab\Voyager_fu\Voyager_Interstellar_Monthly\HighestPrecision_Segments\V1_MAG48s_segment_0777_20180810T053234_20180810T092123.png,ok,
1,778,2018-08-11 08:07:48,2018-08-11 13:22:10,5.23968,391,47.52,192.672,7200,240,Z:\SPART-WORK\Data\Voyager\voyager1\mag\48s\reviewed_vim\2018\voyager1_48s_mag-vim_20180101_v01.cdf,C:\Users\Administrator\Documents\FWD_matlab\Voyager_fu\Voyager_Interstellar_Monthly\HighestPrecision_Segments\V1_MAG48s_segment_0778_20180811T080748_20180811T132210.png,ok,
1,779,2018-08-12 03:14:59,2018-08-12 07:40:35,4.42656,331,47.52,144.288,7200,240,Z:\SPART-WORK\Data\Voyager\voyager1\mag\48s\reviewed_vim\2018\voyager1_48s_mag-vim_20180101_v01.cdf,C:\Users\Administrator\Documents\FWD_matlab\Voyager_fu\Voyager_Interstellar_Monthly\HighestPrecision_Segments\V1_MAG48s_segment_0779_20180812T031459_20180812T074035.png,ok,
1,780,2018-08-13 10:20:34,2018-08-13 15:04:35,4.73376,345,47.52,432.863999755859,7200,240,Z:\SPART-WORK\Data\Voyager\voyager1\mag\48s\reviewed_vim\2018\voyager1_48s_mag-vim_20180101_v01.cdf,C:\Users\Administrator\Documents\FWD_matlab\Voyager_fu\Voyager_Interstellar_Monthly\HighestPrecision_Segments\V1_MAG48s_segment_0780_20180813T102034_20180813T150435.png,ok,
1,781,2018-08-14 05:30:58,2018-08-14 05:52:34,0.360000277777778,25,47.52,191.808,7200,240,Z:\SPART-WORK\Data\Voyager\voyager1\mag\48s\reviewed_vim\2018\voyager1_48s_mag-vim_20180101_v01.cdf,C:\Users\Administrator\Documents\FWD_matlab\Voyager_fu\Voyager_Interstellar_Monthly\HighestPrecision_Segments\V1_MAG48s_segment_0781_20180814T053058_20180814T055234.png,ok,
1,782,2018-08-14 09:02:10,2018-08-14 09:50:58,0.813360277777778,62,47.52,49.249,7200,240,Z:\SPART-WORK\Data\Voyager\voyager1\mag\48s\reviewed_vim\2018\voyager1_48s_mag-vim_20180101_v01.cdf,C:\Users\Administrator\Documents\FWD_matlab\Voyager_fu\Voyager_Interstellar_Monthly\HighestPrecision_Segments\V1_MAG48s_segment_0782_20180814T090210_20180814T095058.png,ok,
1,783,2018-08-15 09:10:09,2018-08-15 13:03:47,3.89376,291,47.52,143.423,7200,240,Z:\SPART-WORK\Data\Voyager\voyager1\mag\48s\reviewed_vim\2018\voyager1_48s_mag-vim_20180101_v01.cdf,C:\Users\Administrator\Documents\FWD_matlab\Voyager_fu\Voyager_Interstellar_Monthly\HighestPrecision_Segments\V1_MAG48s_segment_0783_20180815T091009_20180815T130347.png,ok,
1,784,2018-08-16 12:38:11,2018-08-16 16:39:46,4.02647972222222,301,47.52,143.423000244141,7200,240,Z:\SPART-WORK\Data\Voyager\voyager1\mag\48s\reviewed_vim\2018\voyager1_48s_mag-vim_20180101_v01.cdf,C:\Users\Administrator\Documents\FWD_matlab\Voyager_fu\Voyager_Interstellar_Monthly\HighestPrecision_Segments\V1_MAG48s_segment_0784_20180816T123811_20180816T163946.png,ok,
1,785,2018-08-17 09:03:46,2018-08-17 13:00:34,3.94679972222222,297,47.52,49.249,7200,240,Z:\SPART-WORK\Data\Voyager\voyager1\mag\48s\reviewed_vim\2018\voyager1_48s_mag-vim_20180101_v01.cdf,C:\Users\Administrator\Documents\FWD_matlab\Voyager_fu\Voyager_Interstellar_Monthly\HighestPrecision_Segments\V1_MAG48s_segment_0785_20180817T090346_20180817T130034.png,ok,
1,786,2018-08-18 10:22:10,2018-08-18 14:09:22,3.78648,284,47.52,95.9030002441406,7200,240,Z:\SPART-WORK\Data\Voyager\voyager1\mag\48s\reviewed_vim\2018\voyager1_48s_mag-vim_20180101_v01.cdf,C:\Users\Administrator\Documents\FWD_matlab\Voyager_fu\Voyager_Interstellar_Monthly\HighestPrecision_Segments\V1_MAG48s_segment_0786_20180818T102210_20180818T140922.png,ok,
1,787,2018-08-19 01:56:34,2018-08-19 09:49:22,7.87991972222222,507,47.52,3887.13699975586,7200,240,Z:\SPART-WORK\Data\Voyager\voyager1\mag\48s\reviewed_vim\2018\voyager1_48s_mag-vim_20180101_v01.cdf,C:\Users\Administrator\Documents\FWD_matlab\Voyager_fu\Voyager_Interstellar_Monthly\HighestPrecision_Segments\V1_MAG48s_segment_0787_20180819T015634_20180819T094922.png,ok,
1,788,2018-08-20 01:34:10,2018-08-20 03:55:47,2.36015972222222,177,47.52,95.903,7200,240,Z:\SPART-WORK\Data\Voyager\voyager1\mag\48s\reviewed_vim\2018\voyager1_48s_mag-vim_20180101_v01.cdf,C:\Users\Administrator\Documents\FWD_matlab\Voyager_fu\Voyager_Interstellar_Monthly\HighestPrecision_Segments\V1_MAG48s_segment_0788_20180820T013410_20180820T035547.png,ok,
1,789,2018-08-20 09:37:22,2018-08-20 11:01:22,1.39992027777778,105,47.52,95.905,7200,240,Z:\SPART-WORK\Data\Voyager\voyager1\mag\48s\reviewed_vim\2018\voyager1_48s_mag-vim_20180101_v01.cdf,C:\Users\Administrator\Documents\FWD_matlab\Voyager_fu\Voyager_Interstellar_Monthly\HighestPrecision_Segments\V1_MAG48s_segment_0789_20180820T093722_20180820T110122.png,ok,
1,790,2018-08-21 04:07:46,2018-08-21 08:09:22,4.02648027777778,302,47.52,96.769,7200,240,Z:\SPART-WORK\Data\Voyager\voyager1\mag\48s\reviewed_vim\2018\voyager1_48s_mag-vim_20180101_v01.cdf,C:\Users\Administrator\Documents\FWD_matlab\Voyager_fu\Voyager_Interstellar_Monthly\HighestPrecision_Segments\V1_MAG48s_segment_0790_20180821T040746_20180821T080922.png,ok,
1,791,2018-08-22 07:32:34,2018-08-22 12:12:34,4.66656027777778,350,47.52,95.905,7200,240,Z:\SPART-WORK\Data\Voyager\voyager1\mag\48s\reviewed_vim\2018\voyager1_48s_mag-vim_20180101_v01.cdf,C:\Users\Administrator\Documents\FWD_matlab\Voyager_fu\Voyager_Interstellar_Monthly\HighestPrecision_Segments\V1_MAG48s_segment_0791_20180822T073234_20180822T121234.png,ok,
1,792,2018-08-23 04:25:23,2018-08-23 15:58:11,11.54664,588,47.52,6768.57599975586,7200,240,Z:\SPART-WORK\Data\Voyager\voyager1\mag\48s\reviewed_vim\2018\voyager1_48s_mag-vim_20180101_v01.cdf,C:\Users\Administrator\Documents\FWD_matlab\Voyager_fu\Voyager_Interstellar_Monthly\HighestPrecision_Segments\V1_MAG48s_segment_0792_20180823T042523_20180823T155811.png,ok,
1,793,2018-08-24 08:07:46,2018-08-24 12:29:22,4.36007999993218,325,47.52,192.672,7200,240,Z:\SPART-WORK\Data\Voyager\voyager1\mag\48s\reviewed_vim\2018\voyager1_48s_mag-vim_20180101_v01.cdf,C:\Users\Administrator\Documents\FWD_matlab\Voyager_fu\Voyager_Interstellar_Monthly\HighestPrecision_Segments\V1_MAG48s_segment_0793_20180824T080746_20180824T122922.png,ok,
1,794,2018-08-25 01:24:34,2018-08-25 03:46:58,2.37336027770996,178,47.52,95.9049997558594,7200,240,Z:\SPART-WORK\Data\Voyager\voyager1\mag\48s\reviewed_vim\2018\voyager1_48s_mag-vim_20180101_v01.cdf,C:\Users\Administrator\Documents\FWD_matlab\Voyager_fu\Voyager_Interstellar_Monthly\HighestPrecision_Segments\V1_MAG48s_segment_0794_20180825T012434_20180825T034658.png,ok,
1,795,2018-08-25 09:51:46,2018-08-25 14:10:58,4.32023972222222,325,47.52,49.249,7200,240,Z:\SPART-WORK\Data\Voyager\voyager1\mag\48s\reviewed_vim\2018\voyager1_48s_mag-vim_20180101_v01.cdf,C:\Users\Administrator\Documents\FWD_matlab\Voyager_fu\Voyager_Interstellar_Monthly\HighestPrecision_Segments\V1_MAG48s_segment_0795_20180825T095146_20180825T141058.png,ok,
1,796,2018-08-26 01:58:09,2018-08-26 06:18:58,4.34688,325,47.52,143.425,7200,240,Z:\SPART-WORK\Data\Voyager\voyager1\mag\48s\reviewed_vim\2018\voyager1_48s_mag-vim_20180101_v01.cdf,C:\Users\Administrator\Documents\FWD_matlab\Voyager_fu\Voyager_Interstellar_Monthly\HighestPrecision_Segments\V1_MAG48s_segment_0796_20180826T015809_20180826T061858.png,ok,
1,797,2018-08-27 10:34:58,2018-08-27 14:38:11,4.0536,300,47.52,192.672,7200,240,Z:\SPART-WORK\Data\Voyager\voyager1\mag\48s\reviewed_vim\2018\voyager1_48s_mag-vim_20180101_v01.cdf,C:\Users\Administrator\Documents\FWD_matlab\Voyager_fu\Voyager_Interstellar_Monthly\HighestPrecision_Segments\V1_MAG48s_segment_0797_20180827T103458_20180827T143811.png,ok,
1,798,2018-08-28 03:08:34,2018-08-28 08:08:34,5.00016,376,47.52,49.249,7200,240,Z:\SPART-WORK\Data\Voyager\voyager1\mag\48s\reviewed_vim\2018\voyager1_48s_mag-vim_20180101_v01.cdf,C:\Users\Administrator\Documents\FWD_matlab\Voyager_fu\Voyager_Interstellar_Monthly\HighestPrecision_Segments\V1_MAG48s_segment_0798_20180828T030834_20180828T080834.png,ok,
1,799,2018-08-29 07:42:10,2018-08-29 12:19:46,4.62672,344,47.5200002441406,192.672,7200,240,Z:\SPART-WORK\Data\Voyager\voyager1\mag\48s\reviewed_vim\2018\voyager1_48s_mag-vim_20180101_v01.cdf,C:\Users\Administrator\Documents\FWD_matlab\Voyager_fu\Voyager_Interstellar_Monthly\HighestPrecision_Segments\V1_MAG48s_segment_0799_20180829T074210_20180829T121946.png,ok,
1,800,2018-08-30 07:51:46,2018-08-30 12:02:57,4.18656027777778,312,47.5200002441406,190.944,7200,240,Z:\SPART-WORK\Data\Voyager\voyager1\mag\48s\reviewed_vim\2018\voyager1_48s_mag-vim_20180101_v01.cdf,C:\Users\Administrator\Documents\FWD_matlab\Voyager_fu\Voyager_Interstellar_Monthly\HighestPrecision_Segments\V1_MAG48s_segment_0800_20180830T075146_20180830T120257.png,ok,
1,801,2018-08-31 07:22:58,2018-08-31 12:02:57,4.66656027777778,350,47.5200002441406,95.9040002441406,7200,240,Z:\SPART-WORK\Data\Voyager\voyager1\mag\48s\reviewed_vim\2018\voyager1_48s_mag-vim_20180101_v01.cdf,C:\Users\Administrator\Documents\FWD_matlab\Voyager_fu\Voyager_Interstellar_Monthly\HighestPrecision_Segments\V1_MAG48s_segment_0801_20180831T072258_20180831T120257.png,ok,
1,802,2018-09-01 00:50:58,2018-09-01 04:58:59,4.13351972222222,311,47.5205,49.249,7200,240,Z:\SPART-WORK\Data\Voyager\voyager1\mag\48s\reviewed_vim\2018\voyager1_48s_mag-vim_20180101_v01.cdf,C:\Users\Administrator\Documents\FWD_matlab\Voyager_fu\Voyager_Interstellar_Monthly\HighestPrecision_Segments\V1_MAG48s_segment_0802_20180901T005058_20180901T045859.png,ok,
1,803,2018-09-02 07:13:22,2018-09-02 11:51:46,4.64016,348,47.5209997558594,95.904,7200,240,Z:\SPART-WORK\Data\Voyager\voyager1\mag\48s\reviewed_vim\2018\voyager1_48s_mag-vim_20180101_v01.cdf,C:\Users\Administrator\Documents\FWD_matlab\Voyager_fu\Voyager_Interstellar_Monthly\HighestPrecision_Segments\V1_MAG48s_segment_0803_20180902T071322_20180902T115146.png,ok,
1,804,2018-09-03 06:54:09,2018-09-03 11:46:58,4.88015972222222,364,47.5209997558594,191.808999755859,7200,240,Z:\SPART-WORK\Data\Voyager\voyager1\mag\48s\reviewed_vim\2018\voyager1_48s_mag-vim_20180101_v01.cdf,C:\Users\Administrator\Documents\FWD_matlab\Voyager_fu\Voyager_Interstellar_Monthly\HighestPrecision_Segments\V1_MAG48s_segment_0804_20180903T065409_20180903T114658.png,ok,
1,805,2018-09-04 06:54:09,2018-09-04 11:46:10,4.86695972222222,363,47.521,191.808999755859,7200,240,Z:\SPART-WORK\Data\Voyager\voyager1\mag\48s\reviewed_vim\2018\voyager1_48s_mag-vim_20180101_v01.cdf,C:\Users\Administrator\Documents\FWD_matlab\Voyager_fu\Voyager_Interstellar_Monthly\HighestPrecision_Segments\V1_MAG48s_segment_0805_20180904T065409_20180904T114610.png,ok,
1,806,2018-09-05 05:51:46,2018-09-05 09:53:21,4.02647972222222,303,47.521,49.249,7200,240,Z:\SPART-WORK\Data\Voyager\voyager1\mag\48s\reviewed_vim\2018\voyager1_48s_mag-vim_20180101_v01.cdf,C:\Users\Administrator\Documents\FWD_matlab\Voyager_fu\Voyager_Interstellar_Monthly\HighestPrecision_Segments\V1_MAG48s_segment_0806_20180905T055146_20180905T095321.png,ok,
1,807,2018-09-06 07:24:34,2018-09-06 11:36:34,4.20000027770996,314,47.521,145.151,7200,240,Z:\SPART-WORK\Data\Voyager\voyager1\mag\48s\reviewed_vim\2018\voyager1_48s_mag-vim_20180101_v01.cdf,C:\Users\Administrator\Documents\FWD_matlab\Voyager_fu\Voyager_Interstellar_Monthly\HighestPrecision_Segments\V1_MAG48s_segment_0807_20180906T072434_20180906T113634.png,ok,
1,808,2018-09-07 12:09:21,2018-09-07 16:06:09,3.94656027777778,297,47.521,49.249,7200,240,Z:\SPART-WORK\Data\Voyager\voyager1\mag\48s\reviewed_vim\2018\voyager1_48s_mag-vim_20180101_v01.cdf,C:\Users\Administrator\Documents\FWD_matlab\Voyager_fu\Voyager_Interstellar_Monthly\HighestPrecision_Segments\V1_MAG48s_segment_0808_20180907T120921_20180907T160609.png,ok,
1,809,2018-09-08 07:43:46,2018-09-08 11:42:11,3.97344,297,47.521,143.423000244141,7200,240,Z:\SPART-WORK\Data\Voyager\voyager1\mag\48s\reviewed_vim\2018\voyager1_48s_mag-vim_20180101_v01.cdf,C:\Users\Administrator\Documents\FWD_matlab\Voyager_fu\Voyager_Interstellar_Monthly\HighestPrecision_Segments\V1_MAG48s_segment_0809_20180908T074346_20180908T114211.png,ok,
1,810,2018-09-09 12:30:10,2018-09-09 16:26:10,3.93336027777778,293,47.521,191.808,7200,240,Z:\SPART-WORK\Data\Voyager\voyager1\mag\48s\reviewed_vim\2018\voyager1_48s_mag-vim_20180101_v01.cdf,C:\Users\Administrator\Documents\FWD_matlab\Voyager_fu\Voyager_Interstellar_Monthly\HighestPrecision_Segments\V1_MAG48s_segment_0810_20180909T123010_20180909T162610.png,ok,
1,811,2018-09-11 04:06:09,2018-09-11 04:41:21,0.5868,39,47.521,240.192000244141,7200,240,Z:\SPART-WORK\Data\Voyager\voyager1\mag\48s\reviewed_vim\2018\voyager1_48s_mag-vim_20180101_v01.cdf,C:\Users\Administrator\Documents\FWD_matlab\Voyager_fu\Voyager_Interstellar_Monthly\HighestPrecision_Segments\V1_MAG48s_segment_0811_20180911T040609_20180911T044121.png,ok,
1,812,2018-09-11 07:26:10,2018-09-11 09:20:33,1.90656,127,47.521,719.712,7200,240,Z:\SPART-WORK\Data\Voyager\voyager1\mag\48s\reviewed_vim\2018\voyager1_48s_mag-vim_20180101_v01.cdf,C:\Users\Administrator\Documents\FWD_matlab\Voyager_fu\Voyager_Interstellar_Monthly\HighestPrecision_Segments\V1_MAG48s_segment_0812_20180911T072610_20180911T092033.png,ok,
1,813,2018-09-13 05:24:31,2018-09-13 11:06:10,5.69400027777778,425,47.5209997558594,192.672000244141,7200,240,Z:\SPART-WORK\Data\Voyager\voyager1\mag\48s\reviewed_vim\2018\voyager1_48s_mag-vim_20180101_v01.cdf,C:\Users\Administrator\Documents\FWD_matlab\Voyager_fu\Voyager_Interstellar_Monthly\HighestPrecision_Segments\V1_MAG48s_segment_0813_20180913T052431_20180913T110610.png,ok,
1,814,2018-09-14 06:50:58,2018-09-14 11:04:32,4.22616027777778,317,47.5209997558594,95.04,7200,240,Z:\SPART-WORK\Data\Voyager\voyager1\mag\48s\reviewed_vim\2018\voyager1_48s_mag-vim_20180101_v01.cdf,C:\Users\Administrator\Documents\FWD_matlab\Voyager_fu\Voyager_Interstellar_Monthly\HighestPrecision_Segments\V1_MAG48s_segment_0814_20180914T065058_20180914T110432.png,ok,
1,815,2018-09-15 05:54:56,2018-09-15 11:50:56,5.93328027770996,446,47.5209997558594,50.113,7200,240,Z:\SPART-WORK\Data\Voyager\voyager1\mag\48s\reviewed_vim\2018\voyager1_48s_mag-vim_20180101_v01.cdf,C:\Users\Administrator\Documents\FWD_matlab\Voyager_fu\Voyager_Interstellar_Monthly\HighestPrecision_Segments\V1_MAG48s_segment_0815_20180915T055456_20180915T115056.png,ok,
1,816,2018-09-16 03:29:21,2018-09-16 07:49:20,4.33296,323,47.5209997558594,192.672,7200,240,Z:\SPART-WORK\Data\Voyager\voyager1\mag\48s\reviewed_vim\2018\voyager1_48s_mag-vim_20180101_v01.cdf,C:\Users\Administrator\Documents\FWD_matlab\Voyager_fu\Voyager_Interstellar_Monthly\HighestPrecision_Segments\V1_MAG48s_segment_0816_20180916T032921_20180916T074920.png,ok,
1,817,2018-09-17 00:54:08,2018-09-17 02:34:56,1.68,127,47.5209997558594,50.113,7200,240,Z:\SPART-WORK\Data\Voyager\voyager1\mag\48s\reviewed_vim\2018\voyager1_48s_mag-vim_20180101_v01.cdf,C:\Users\Administrator\Documents\FWD_matlab\Voyager_fu\Voyager_Interstellar_Monthly\HighestPrecision_Segments\V1_MAG48s_segment_0817_20180917T005408_20180917T023456.png,ok,
1,818,2018-09-17 08:15:44,2018-09-17 12:19:46,4.06704027777778,306,47.5209997558594,50.113,7200,240,Z:\SPART-WORK\Data\Voyager\voyager1\mag\48s\reviewed_vim\2018\voyager1_48s_mag-vim_20180101_v01.cdf,C:\Users\Administrator\Documents\FWD_matlab\Voyager_fu\Voyager_Interstellar_Monthly\HighestPrecision_Segments\V1_MAG48s_segment_0818_20180917T081544_20180917T121946.png,ok,
1,819,2018-09-18 02:50:56,2018-09-18 06:49:20,3.97343972222222,296,47.5209997558594,190.08,7200,240,Z:\SPART-WORK\Data\Voyager\voyager1\mag\48s\reviewed_vim\2018\voyager1_48s_mag-vim_20180101_v01.cdf,C:\Users\Administrator\Documents\FWD_matlab\Voyager_fu\Voyager_Interstellar_Monthly\HighestPrecision_Segments\V1_MAG48s_segment_0819_20180918T025056_20180918T064920.png,ok,
1,820,2018-09-19 01:06:58,2018-09-19 03:08:34,2.02655972222222,153,47.5209997558594,50.113,7200,240,Z:\SPART-WORK\Data\Voyager\voyager1\mag\48s\reviewed_vim\2018\voyager1_48s_mag-vim_20180101_v01.cdf,C:\Users\Administrator\Documents\FWD_matlab\Voyager_fu\Voyager_Interstellar_Monthly\HighestPrecision_Segments\V1_MAG48s_segment_0820_20180919T010658_20180919T030834.png,ok,
1,821,2018-09-19 05:45:22,2018-09-19 10:01:20,4.26623972229004,321,47.5209997558594,50.113,7200,240,Z:\SPART-WORK\Data\Voyager\voyager1\mag\48s\reviewed_vim\2018\voyager1_48s_mag-vim_20180101_v01.cdf,C:\Users\Administrator\Documents\FWD_matlab\Voyager_fu\Voyager_Interstellar_Monthly\HighestPrecision_Segments\V1_MAG48s_segment_0821_20180919T054522_20180919T100120.png,ok,
1,822,2018-09-20 06:38:08,2018-09-20 10:43:45,4.09343972222222,305,47.5209997558594,190.079,7200,240,Z:\SPART-WORK\Data\Voyager\voyager1\mag\48s\reviewed_vim\2018\voyager1_48s_mag-vim_20180101_v01.cdf,C:\Users\Administrator\Documents\FWD_matlab\Voyager_fu\Voyager_Interstellar_Monthly\HighestPrecision_Segments\V1_MAG48s_segment_0822_20180920T063808_20180920T104345.png,ok,
1,823,2018-09-20 16:25:20,2018-09-20 20:37:21,4.20024,316,47.5209997558594,50.113,7200,240,Z:\SPART-WORK\Data\Voyager\voyager1\mag\48s\reviewed_vim\2018\voyager1_48s_mag-vim_20180101_v01.cdf,C:\Users\Administrator\Documents\FWD_matlab\Voyager_fu\Voyager_Interstellar_Monthly\HighestPrecision_Segments\V1_MAG48s_segment_0823_20180920T162520_20180920T203721.png,ok,
1,824,2018-09-20 23:30:57,2018-09-21 02:50:09,3.31992,248,47.5209997558594,145.151,7200,240,Z:\SPART-WORK\Data\Voyager\voyager1\mag\48s\reviewed_vim\2018\voyager1_48s_mag-vim_20180101_v01.cdf,C:\Users\Administrator\Documents\FWD_matlab\Voyager_fu\Voyager_Interstellar_Monthly\HighestPrecision_Segments\V1_MAG48s_segment_0824_20180920T233057_20180921T025009.png,ok,
1,825,2018-09-21 22:34:58,2018-09-22 02:30:57,3.93312,293,47.5209997558594,191.809,7200,240,Z:\SPART-WORK\Data\Voyager\voyager1\mag\48s\reviewed_vim\2018\voyager1_48s_mag-vim_20180101_v01.cdf,C:\Users\Administrator\Documents\FWD_matlab\Voyager_fu\Voyager_Interstellar_Monthly\HighestPrecision_Segments\V1_MAG48s_segment_0825_20180921T223458_20180922T023057.png,ok,
1,826,2018-09-22 08:15:44,2018-09-22 12:18:56,4.05312000006782,303,47.5209997558594,145.151,7200,240,Z:\SPART-WORK\Data\Voyager\voyager1\mag\48s\reviewed_vim\2018\voyager1_48s_mag-vim_20180101_v01.cdf,C:\Users\Administrator\Documents\FWD_matlab\Voyager_fu\Voyager_Interstellar_Monthly\HighestPrecision_Segments\V1_MAG48s_segment_0826_20180922T081544_20180922T121856.png,ok,
1,827,2018-09-23 04:15:45,2018-09-23 08:18:10,4.04016,304,47.5209997558594,50.113,7200,240,Z:\SPART-WORK\Data\Voyager\voyager1\mag\48s\reviewed_vim\2018\voyager1_48s_mag-vim_20180101_v01.cdf,C:\Users\Administrator\Documents\FWD_matlab\Voyager_fu\Voyager_Interstellar_Monthly\HighestPrecision_Segments\V1_MAG48s_segment_0827_20180923T041545_20180923T081810.png,ok,
1,828,2018-09-24 03:10:09,2018-09-24 07:22:58,4.21368,314,47.5209997558594,192.671,7200,240,Z:\SPART-WORK\Data\Voyager\voyager1\mag\48s\reviewed_vim\2018\voyager1_48s_mag-vim_20180101_v01.cdf,C:\Users\Administrator\Documents\FWD_matlab\Voyager_fu\Voyager_Interstellar_Monthly\HighestPrecision_Segments\V1_MAG48s_segment_0828_20180924T031009_20180924T072258.png,ok,
1,829,2018-09-25 01:35:45,2018-09-25 05:32:32,3.94632,295,47.5209997558594,145.153,7200,240,Z:\SPART-WORK\Data\Voyager\voyager1\mag\48s\reviewed_vim\2018\voyager1_48s_mag-vim_20180101_v01.cdf,C:\Users\Administrator\Documents\FWD_matlab\Voyager_fu\Voyager_Interstellar_Monthly\HighestPrecision_Segments\V1_MAG48s_segment_0829_20180925T013545_20180925T053232.png,ok,
1,830,2018-09-26 06:44:33,2018-09-26 10:27:45,3.72000027770996,277,47.5209997558594,192.672,7200,240,Z:\SPART-WORK\Data\Voyager\voyager1\mag\48s\reviewed_vim\2018\voyager1_48s_mag-vim_20180101_v01.cdf,C:\Users\Administrator\Documents\FWD_matlab\Voyager_fu\Voyager_Interstellar_Monthly\HighestPrecision_Segments\V1_MAG48s_segment_0830_20180926T064433_20180926T102745.png,ok,
1,831,2018-09-27 21:37:21,2018-09-28 02:48:31,5.18615999993218,389,47.5209997558594,95.0399997558594,7200,240,Z:\SPART-WORK\Data\Voyager\voyager1\mag\48s\reviewed_vim\2018\voyager1_48s_mag-vim_20180101_v01.cdf,C:\Users\Administrator\Documents\FWD_matlab\Voyager_fu\Voyager_Interstellar_Monthly\HighestPrecision_Segments\V1_MAG48s_segment_0831_20180927T213721_20180928T024831.png,ok,
1,832,2018-09-28 22:34:58,2018-09-29 02:46:57,4.19976027777778,315,47.5205,95.04,7200,240,Z:\SPART-WORK\Data\Voyager\voyager1\mag\48s\reviewed_vim\2018\voyager1_48s_mag-vim_20180101_v01.cdf,C:\Users\Administrator\Documents\FWD_matlab\Voyager_fu\Voyager_Interstellar_Monthly\HighestPrecision_Segments\V1_MAG48s_segment_0832_20180928T223458_20180929T024657.png,ok,
1,833,2018-09-29 14:58:56,2018-09-29 19:45:20,4.77311972229004,349,47.5200001220703,385.343999755859,7200,240,Z:\SPART-WORK\Data\Voyager\voyager1\mag\48s\reviewed_vim\2018\voyager1_48s_mag-vim_20180101_v01.cdf,C:\Users\Administrator\Documents\FWD_matlab\Voyager_fu\Voyager_Interstellar_Monthly\HighestPrecision_Segments\V1_MAG48s_segment_0833_20180929T145856_20180929T194520.png,ok,
1,834,2018-09-30 14:49:21,2018-09-30 21:36:33,6.78672,508,47.52,142.560000244141,7200,240,Z:\SPART-WORK\Data\Voyager\voyager1\mag\48s\reviewed_vim\2018\voyager1_48s_mag-vim_20180101_v01.cdf,C:\Users\Administrator\Documents\FWD_matlab\Voyager_fu\Voyager_Interstellar_Monthly\HighestPrecision_Segments\V1_MAG48s_segment_0834_20180930T144921_20180930T213633.png,ok,
1,835,2018-10-02 03:50:08,2018-10-02 09:10:56,5.34672,399,47.52,189.216,7200,240,Z:\SPART-WORK\Data\Voyager\voyager1\mag\48s\reviewed_vim\2018\voyager1_48s_mag-vim_20180101_v01.cdf,C:\Users\Administrator\Documents\FWD_matlab\Voyager_fu\Voyager_Interstellar_Monthly\HighestPrecision_Segments\V1_MAG48s_segment_0835_20181002T035008_20181002T091056.png,ok,
1,836,2018-10-03 00:47:43,2018-10-03 04:55:44,4.13375972222222,288,47.5200002441406,959.903000244141,7200,240,Z:\SPART-WORK\Data\Voyager\voyager1\mag\48s\reviewed_vim\2018\voyager1_48s_mag-vim_20180101_v01.cdf,C:\Users\Administrator\Documents\FWD_matlab\Voyager_fu\Voyager_Interstellar_Monthly\HighestPrecision_Segments\V1_MAG48s_segment_0836_20181003T004743_20181003T045544.png,ok,
1,837,2018-10-03 23:40:31,2018-10-04 02:18:10,2.62728027777778,196,47.52,142.561,7200,240,Z:\SPART-WORK\Data\Voyager\voyager1\mag\48s\reviewed_vim\2018\voyager1_48s_mag-vim_20180101_v01.cdf,C:\Users\Administrator\Documents\FWD_matlab\Voyager_fu\Voyager_Interstellar_Monthly\HighestPrecision_Segments\V1_MAG48s_segment_0837_20181003T234031_20181004T021810.png,ok,
1,838,2018-10-04 19:43:45,2018-10-04 23:53:21,4.16016000006782,313,47.52,50.113,7200,240,Z:\SPART-WORK\Data\Voyager\voyager1\mag\48s\reviewed_vim\2018\voyager1_48s_mag-vim_20180101_v01.cdf,C:\Users\Administrator\Documents\FWD_matlab\Voyager_fu\Voyager_Interstellar_Monthly\HighestPrecision_Segments\V1_MAG48s_segment_0838_20181004T194345_20181004T235321.png,ok,
1,839,2018-10-05 14:47:44,2018-10-05 19:06:55,4.31975999993218,237,47.52,4078.944,7200,240,Z:\SPART-WORK\Data\Voyager\voyager1\mag\48s\reviewed_vim\2018\voyager1_48s_mag-vim_20180101_v01.cdf,C:\Users\Administrator\Documents\FWD_matlab\Voyager_fu\Voyager_Interstellar_Monthly\HighestPrecision_Segments\V1_MAG48s_segment_0839_20181005T144744_20181005T190655.png,ok,
1,840,2018-10-06 15:40:33,2018-10-06 20:55:44,5.25288027777778,365,47.52,1246.75199975586,7200,240,Z:\SPART-WORK\Data\Voyager\voyager1\mag\48s\reviewed_vim\2018\voyager1_48s_mag-vim_20180101_v01.cdf,C:\Users\Administrator\Documents\FWD_matlab\Voyager_fu\Voyager_Interstellar_Monthly\HighestPrecision_Segments\V1_MAG48s_segment_0840_20181006T154033_20181006T205544.png,ok,
1,841,2018-10-07 14:41:19,2018-10-07 18:34:56,3.89352,292,47.52,97.631,7200,240,Z:\SPART-WORK\Data\Voyager\voyager1\mag\48s\reviewed_vim\2018\voyager1_48s_mag-vim_20180101_v01.cdf,C:\Users\Administrator\Documents\FWD_matlab\Voyager_fu\Voyager_Interstellar_Monthly\HighestPrecision_Segments\V1_MAG48s_segment_0841_20181007T144119_20181007T183456.png,ok,
1,842,2018-10-08 05:34:09,2018-10-08 09:30:55,3.94608,294,47.52,192.672,7200,240,Z:\SPART-WORK\Data\Voyager\voyager1\mag\48s\reviewed_vim\2018\voyager1_48s_mag-vim_20180101_v01.cdf,C:\Users\Administrator\Documents\FWD_matlab\Voyager_fu\Voyager_Interstellar_Monthly\HighestPrecision_Segments\V1_MAG48s_segment_0842_20181008T053409_20181008T093055.png,ok,
1,843,2018-10-09 02:44:32,2018-10-09 03:05:21,0.347039722222222,20,47.5209997558594,239.328,7200,240,Z:\SPART-WORK\Data\Voyager\voyager1\mag\48s\reviewed_vim\2018\voyager1_48s_mag-vim_20180101_v01.cdf,C:\Users\Administrator\Documents\FWD_matlab\Voyager_fu\Voyager_Interstellar_Monthly\HighestPrecision_Segments\V1_MAG48s_segment_0843_20181009T024432_20181009T030521.png,ok,
1,844,2018-10-09 05:50:09,2018-10-09 06:30:09,0.666720000067817,51,47.5200001220703,50.112,7200,240,Z:\SPART-WORK\Data\Voyager\voyager1\mag\48s\reviewed_vim\2018\voyager1_48s_mag-vim_20180101_v01.cdf,C:\Users\Administrator\Documents\FWD_matlab\Voyager_fu\Voyager_Interstellar_Monthly\HighestPrecision_Segments\V1_MAG48s_segment_0844_20181009T055009_20181009T063009.png,ok,
1,845,2018-10-10 19:42:07,2018-10-10 21:52:33,2.17391972222222,156,47.52,335.232,7200,240,Z:\SPART-WORK\Data\Voyager\voyager1\mag\48s\reviewed_vim\2018\voyager1_48s_mag-vim_20180101_v01.cdf,C:\Users\Administrator\Documents\FWD_matlab\Voyager_fu\Voyager_Interstellar_Monthly\HighestPrecision_Segments\V1_MAG48s_segment_0845_20181010T194207_20181010T215233.png,ok,
1,846,2018-10-11 14:12:32,2018-10-11 16:19:45,2.12040000006782,157,47.52,192.672,7200,240,Z:\SPART-WORK\Data\Voyager\voyager1\mag\48s\reviewed_vim\2018\voyager1_48s_mag-vim_20180101_v01.cdf,C:\Users\Administrator\Documents\FWD_matlab\Voyager_fu\Voyager_Interstellar_Monthly\HighestPrecision_Segments\V1_MAG48s_segment_0846_20181011T141232_20181011T161945.png,ok,
1,847,2018-10-12 03:30:55,2018-10-12 07:58:57,4.46712,336,47.52,50.112,7200,240,Z:\SPART-WORK\Data\Voyager\voyager1\mag\48s\reviewed_vim\2018\voyager1_48s_mag-vim_20180101_v01.cdf,C:\Users\Administrator\Documents\FWD_matlab\Voyager_fu\Voyager_Interstellar_Monthly\HighestPrecision_Segments\V1_MAG48s_segment_0847_20181012T033055_20181012T075857.png,ok,
1,848,2018-10-12 18:38:08,2018-10-13 00:10:56,5.54664,416,47.52,95.039,7200,240,Z:\SPART-WORK\Data\Voyager\voyager1\mag\48s\reviewed_vim\2018\voyager1_48s_mag-vim_20180101_v01.cdf,C:\Users\Administrator\Documents\FWD_matlab\Voyager_fu\Voyager_Interstellar_Monthly\HighestPrecision_Segments\V1_MAG48s_segment_0848_20181012T183808_20181013T001056.png,ok,
1,849,2018-10-13 21:54:56,2018-10-14 01:43:45,3.81359999993218,287,47.52,50.112,7200,240,Z:\SPART-WORK\Data\Voyager\voyager1\mag\48s\reviewed_vim\2018\voyager1_48s_mag-vim_20180101_v01.cdf,C:\Users\Administrator\Documents\FWD_matlab\Voyager_fu\Voyager_Interstellar_Monthly\HighestPrecision_Segments\V1_MAG48s_segment_0849_20181013T215456_20181014T014345.png,ok,
1,850,2018-10-14 14:07:44,2018-10-14 18:04:31,3.94632,295,47.52,145.152,7200,240,Z:\SPART-WORK\Data\Voyager\voyager1\mag\48s\reviewed_vim\2018\voyager1_48s_mag-vim_20180101_v01.cdf,C:\Users\Administrator\Documents\FWD_matlab\Voyager_fu\Voyager_Interstellar_Monthly\HighestPrecision_Segments\V1_MAG48s_segment_0850_20181014T140744_20181014T180431.png,ok,
1,851,2018-10-15 13:48:32,2018-10-15 18:04:31,4.26624,195,47.52,5903.713,7200,240,Z:\SPART-WORK\Data\Voyager\voyager1\mag\48s\reviewed_vim\2018\voyager1_48s_mag-vim_20180101_v01.cdf,C:\Users\Administrator\Documents\FWD_matlab\Voyager_fu\Voyager_Interstellar_Monthly\HighestPrecision_Segments\V1_MAG48s_segment_0851_20181015T134832_20181015T180431.png,ok,
1,852,2018-10-16 13:54:57,2018-10-16 18:58:55,5.06616,381,47.52,50.112,7200,240,Z:\SPART-WORK\Data\Voyager\voyager1\mag\48s\reviewed_vim\2018\voyager1_48s_mag-vim_20180101_v01.cdf,C:\Users\Administrator\Documents\FWD_matlab\Voyager_fu\Voyager_Interstellar_Monthly\HighestPrecision_Segments\V1_MAG48s_segment_0852_20181016T135457_20181016T185855.png,ok,
1,853,2018-10-17 05:06:57,2018-10-17 09:38:56,4.53288,331,47.52,335.232,7200,240,Z:\SPART-WORK\Data\Voyager\voyager1\mag\48s\reviewed_vim\2018\voyager1_48s_mag-vim_20180101_v01.cdf,C:\Users\Administrator\Documents\FWD_matlab\Voyager_fu\Voyager_Interstellar_Monthly\HighestPrecision_Segments\V1_MAG48s_segment_0853_20181017T050657_20181017T093856.png,ok,
1,854,2018-10-18 13:51:45,2018-10-18 18:22:08,4.50648,339,47.52,50.112,7200,240,Z:\SPART-WORK\Data\Voyager\voyager1\mag\48s\reviewed_vim\2018\voyager1_48s_mag-vim_20180101_v01.cdf,C:\Users\Administrator\Documents\FWD_matlab\Voyager_fu\Voyager_Interstellar_Monthly\HighestPrecision_Segments\V1_MAG48s_segment_0854_20181018T135145_20181018T182208.png,ok,
1,855,2018-10-19 13:45:20,2018-10-19 16:47:45,3.04032027770996,227,47.52,145.151999755859,7200,240,Z:\SPART-WORK\Data\Voyager\voyager1\mag\48s\reviewed_vim\2018\voyager1_48s_mag-vim_20180101_v01.cdf,C:\Users\Administrator\Documents\FWD_matlab\Voyager_fu\Voyager_Interstellar_Monthly\HighestPrecision_Segments\V1_MAG48s_segment_0855_20181019T134520_20181019T164745.png,ok,
1,856,2018-10-19 21:10:09,2018-10-20 01:18:08,4.13304,309,47.52,145.151000244141,7200,240,Z:\SPART-WORK\Data\Voyager\voyager1\mag\48s\reviewed_vim\2018\voyager1_48s_mag-vim_20180101_v01.cdf,C:\Users\Administrator\Documents\FWD_matlab\Voyager_fu\Voyager_Interstellar_Monthly\HighestPrecision_Segments\V1_MAG48s_segment_0856_20181019T211009_20181020T011808.png,ok,
1,857,2018-10-20 13:48:32,2018-10-20 17:43:44,3.91992027777778,285,47.52,290.305,7200,240,Z:\SPART-WORK\Data\Voyager\voyager1\mag\48s\reviewed_vim\2018\voyager1_48s_mag-vim_20180101_v01.cdf,C:\Users\Administrator\Documents\FWD_matlab\Voyager_fu\Voyager_Interstellar_Monthly\HighestPrecision_Segments\V1_MAG48s_segment_0857_20181020T134832_20181020T174344.png,ok,
1,858,2018-10-20 21:06:56,2018-10-20 23:32:32,2.42664027777778,183,47.52,50.112,7200,240,Z:\SPART-WORK\Data\Voyager\voyager1\mag\48s\reviewed_vim\2018\voyager1_48s_mag-vim_20180101_v01.cdf,C:\Users\Administrator\Documents\FWD_matlab\Voyager_fu\Voyager_Interstellar_Monthly\HighestPrecision_Segments\V1_MAG48s_segment_0858_20181020T210656_20181020T233232.png,ok,
1,859,2018-10-21 20:58:56,2018-10-22 00:51:43,3.87959972222222,291,47.52,95.039,7200,240,Z:\SPART-WORK\Data\Voyager\voyager1\mag\48s\reviewed_vim\2018\voyager1_48s_mag-vim_20180101_v01.cdf,C:\Users\Administrator\Documents\FWD_matlab\Voyager_fu\Voyager_Interstellar_Monthly\HighestPrecision_Segments\V1_MAG48s_segment_0859_20181021T205856_20181022T005143.png,ok,
1,860,2018-10-22 22:44:32,2018-10-23 08:42:06,9.95951972222222,738,47.52,334.369,7200,240,Z:\SPART-WORK\Data\Voyager\voyager1\mag\48s\reviewed_vim\2018\voyager1_48s_mag-vim_20180101_v01.cdf,C:\Users\Administrator\Documents\FWD_matlab\Voyager_fu\Voyager_Interstellar_Monthly\HighestPrecision_Segments\V1_MAG48s_segment_0860_20181022T224432_20181023T084206.png,ok,
1,861,2018-10-24 02:44:32,2018-10-24 08:22:56,5.64023972222222,421,47.52,191.807,7200,240,Z:\SPART-WORK\Data\Voyager\voyager1\mag\48s\reviewed_vim\2018\voyager1_48s_mag-vim_20180101_v01.cdf,C:\Users\Administrator\Documents\FWD_matlab\Voyager_fu\Voyager_Interstellar_Monthly\HighestPrecision_Segments\V1_MAG48s_segment_0861_20181024T024432_20181024T082256.png,ok,
1,862,2018-10-25 03:18:08,2018-10-25 08:42:57,5.41343972222222,405,47.52,142.559999755859,7200,240,Z:\SPART-WORK\Data\Voyager\voyager1\mag\48s\reviewed_vim\2018\voyager1_48s_mag-vim_20180101_v01.cdf,C:\Users\Administrator\Documents\FWD_matlab\Voyager_fu\Voyager_Interstellar_Monthly\HighestPrecision_Segments\V1_MAG48s_segment_0862_20181025T031808_20181025T084257.png,ok,
1,863,2018-10-25 22:22:08,2018-10-26 00:54:56,2.54664000006782,191,47.52,95.04,7200,240,Z:\SPART-WORK\Data\Voyager\voyager1\mag\48s\reviewed_vim\2018\voyager1_48s_mag-vim_20180101_v01.cdf,C:\Users\Administrator\Documents\FWD_matlab\Voyager_fu\Voyager_Interstellar_Monthly\HighestPrecision_Segments\V1_MAG48s_segment_0863_20181025T222208_20181026T005456.png,ok,
1,864,2018-10-26 22:36:33,2018-10-26 23:18:55,0.706080277777778,54,47.52,50.112,7200,240,Z:\SPART-WORK\Data\Voyager\voyager1\mag\48s\reviewed_vim\2018\voyager1_48s_mag-vim_20180101_v01.cdf,C:\Users\Administrator\Documents\FWD_matlab\Voyager_fu\Voyager_Interstellar_Monthly\HighestPrecision_Segments\V1_MAG48s_segment_0864_20181026T223633_20181026T231855.png,ok,
1,865,2018-10-27 06:17:18,2018-10-27 06:58:55,0.6936,53,47.52,50.112,7200,240,Z:\SPART-WORK\Data\Voyager\voyager1\mag\48s\reviewed_vim\2018\voyager1_48s_mag-vim_20180101_v01.cdf,C:\Users\Administrator\Documents\FWD_matlab\Voyager_fu\Voyager_Interstellar_Monthly\HighestPrecision_Segments\V1_MAG48s_segment_0865_20181027T061718_20181027T065855.png,ok,
1,866,2018-10-27 20:30:07,2018-10-28 01:06:55,4.61352,346,47.52,97.633,7200,240,Z:\SPART-WORK\Data\Voyager\voyager1\mag\48s\reviewed_vim\2018\voyager1_48s_mag-vim_20180101_v01.cdf,C:\Users\Administrator\Documents\FWD_matlab\Voyager_fu\Voyager_Interstellar_Monthly\HighestPrecision_Segments\V1_MAG48s_segment_0866_20181027T203007_20181028T010655.png,ok,
1,867,2018-10-28 13:08:30,2018-10-28 17:12:32,4.06704,303,47.52,191.807,7200,240,Z:\SPART-WORK\Data\Voyager\voyager1\mag\48s\reviewed_vim\2018\voyager1_48s_mag-vim_20180101_v01.cdf,C:\Users\Administrator\Documents\FWD_matlab\Voyager_fu\Voyager_Interstellar_Monthly\HighestPrecision_Segments\V1_MAG48s_segment_0867_20181028T130830_20181028T171232.png,ok,
1,868,2018-10-29 13:06:55,2018-10-29 14:08:32,1.02672027777778,76,47.52,145.152,7200,240,Z:\SPART-WORK\Data\Voyager\voyager1\mag\48s\reviewed_vim\2018\voyager1_48s_mag-vim_20180101_v01.cdf,C:\Users\Administrator\Documents\FWD_matlab\Voyager_fu\Voyager_Interstellar_Monthly\HighestPrecision_Segments\V1_MAG48s_segment_0868_20181029T130655_20181029T140832.png,ok,
1,869,2018-10-30 00:09:19,2018-10-30 04:16:30,4.11984027777778,308,47.52,145.151000244141,7200,240,Z:\SPART-WORK\Data\Voyager\voyager1\mag\48s\reviewed_vim\2018\voyager1_48s_mag-vim_20180101_v01.cdf,C:\Users\Administrator\Documents\FWD_matlab\Voyager_fu\Voyager_Interstellar_Monthly\HighestPrecision_Segments\V1_MAG48s_segment_0869_20181030T000919_20181030T041630.png,ok,
1,870,2018-10-30 13:13:20,2018-10-30 17:42:06,4.4796,337,47.52,50.1120002441406,7200,240,Z:\SPART-WORK\Data\Voyager\voyager1\mag\48s\reviewed_vim\2018\voyager1_48s_mag-vim_20180101_v01.cdf,C:\Users\Administrator\Documents\FWD_matlab\Voyager_fu\Voyager_Interstellar_Monthly\HighestPrecision_Segments\V1_MAG48s_segment_0870_20181030T131320_20181030T174206.png,ok,
1,871,2018-10-31 12:52:31,2018-10-31 16:53:19,4.01352,299,47.52,192.671999755859,7200,240,Z:\SPART-WORK\Data\Voyager\voyager1\mag\48s\reviewed_vim\2018\voyager1_48s_mag-vim_20180101_v01.cdf,C:\Users\Administrator\Documents\FWD_matlab\Voyager_fu\Voyager_Interstellar_Monthly\HighestPrecision_Segments\V1_MAG48s_segment_0871_20181031T125231_20181031T165319.png,ok,
1,872,2018-11-01 05:19:45,2018-11-01 07:56:32,2.61312,197,47.52,50.1120002441406,7200,240,Z:\SPART-WORK\Data\Voyager\voyager1\mag\48s\reviewed_vim\2018\voyager1_48s_mag-vim_20180101_v01.cdf,C:\Users\Administrator\Documents\FWD_matlab\Voyager_fu\Voyager_Interstellar_Monthly\HighestPrecision_Segments\V1_MAG48s_segment_0872_20181101T051945_20181101T075632.png,ok,
1,873,2018-11-02 00:49:18,2018-11-02 04:55:42,4.10664,214,47.52,4129.056,7200,240,Z:\SPART-WORK\Data\Voyager\voyager1\mag\48s\reviewed_vim\2018\voyager1_48s_mag-vim_20180101_v01.cdf,C:\Users\Administrator\Documents\FWD_matlab\Voyager_fu\Voyager_Interstellar_Monthly\HighestPrecision_Segments\V1_MAG48s_segment_0873_20181102T004918_20181102T045542.png,ok,
1,874,2018-11-02 12:42:56,2018-11-02 17:15:44,4.5468,341,47.52,94.177,7200,240,Z:\SPART-WORK\Data\Voyager\voyager1\mag\48s\reviewed_vim\2018\voyager1_48s_mag-vim_20180101_v01.cdf,C:\Users\Administrator\Documents\FWD_matlab\Voyager_fu\Voyager_Interstellar_Monthly\HighestPrecision_Segments\V1_MAG48s_segment_0874_20181102T124256_20181102T171544.png,ok,
1,875,2018-11-03 12:50:55,2018-11-03 17:26:54,4.59959972222222,329,47.52,624.671,7200,240,Z:\SPART-WORK\Data\Voyager\voyager1\mag\48s\reviewed_vim\2018\voyager1_48s_mag-vim_20180101_v01.cdf,C:\Users\Administrator\Documents\FWD_matlab\Voyager_fu\Voyager_Interstellar_Monthly\HighestPrecision_Segments\V1_MAG48s_segment_0875_20181103T125055_20181103T172654.png,ok,
1,876,2018-11-05 01:48:32,2018-11-05 05:50:06,4.02600027777778,301,47.52,142.56,7200,240,Z:\SPART-WORK\Data\Voyager\voyager1\mag\48s\reviewed_vim\2018\voyager1_48s_mag-vim_20180101_v01.cdf,C:\Users\Administrator\Documents\FWD_matlab\Voyager_fu\Voyager_Interstellar_Monthly\HighestPrecision_Segments\V1_MAG48s_segment_0876_20181105T014832_20181105T055006.png,ok,
1,877,2018-11-05 12:39:43,2018-11-05 17:06:07,4.44,331,47.52,191.809,7200,240,Z:\SPART-WORK\Data\Voyager\voyager1\mag\48s\reviewed_vim\2018\voyager1_48s_mag-vim_20180101_v01.cdf,C:\Users\Administrator\Documents\FWD_matlab\Voyager_fu\Voyager_Interstellar_Monthly\HighestPrecision_Segments\V1_MAG48s_segment_0877_20181105T123943_20181105T170607.png,ok,
1,878,2018-11-06 21:42:08,2018-11-06 22:17:20,0.586560277777778,40,47.5209997558594,239.328,7200,240,Z:\SPART-WORK\Data\Voyager\voyager1\mag\48s\reviewed_vim\2018\voyager1_48s_mag-vim_20180101_v01.cdf,C:\Users\Administrator\Documents\FWD_matlab\Voyager_fu\Voyager_Interstellar_Monthly\HighestPrecision_Segments\V1_MAG48s_segment_0878_20181106T214208_20181106T221720.png,ok,
1,879,2018-11-07 01:02:08,2018-11-07 01:45:20,0.719999722290039,55,47.52,50.112,7200,240,Z:\SPART-WORK\Data\Voyager\voyager1\mag\48s\reviewed_vim\2018\voyager1_48s_mag-vim_20180101_v01.cdf,C:\Users\Administrator\Documents\FWD_matlab\Voyager_fu\Voyager_Interstellar_Monthly\HighestPrecision_Segments\V1_MAG48s_segment_0879_20181107T010208_20181107T014520.png,ok,
1,880,2018-11-07 19:46:55,2018-11-07 20:55:44,1.14696,77,47.52,529.632999755859,7200,240,Z:\SPART-WORK\Data\Voyager\voyager1\mag\48s\reviewed_vim\2018\voyager1_48s_mag-vim_20180101_v01.cdf,C:\Users\Administrator\Documents\FWD_matlab\Voyager_fu\Voyager_Interstellar_Monthly\HighestPrecision_Segments\V1_MAG48s_segment_0880_20181107T194655_20181107T205544.png,ok,
1,881,2018-11-08 12:23:43,2018-11-08 17:24:31,5.01335972222222,376,47.52,95.04,7200,240,Z:\SPART-WORK\Data\Voyager\voyager1\mag\48s\reviewed_vim\2018\voyager1_48s_mag-vim_20180101_v01.cdf,C:\Users\Administrator\Documents\FWD_matlab\Voyager_fu\Voyager_Interstellar_Monthly\HighestPrecision_Segments\V1_MAG48s_segment_0881_20181108T122343_20181108T172431.png,ok,
1,882,2018-11-09 21:00:31,2018-11-09 22:57:19,1.94664,147,47.52,50.1120002441406,7200,240,Z:\SPART-WORK\Data\Voyager\voyager1\mag\48s\reviewed_vim\2018\voyager1_48s_mag-vim_20180101_v01.cdf,C:\Users\Administrator\Documents\FWD_matlab\Voyager_fu\Voyager_Interstellar_Monthly\HighestPrecision_Segments\V1_MAG48s_segment_0882_20181109T210031_20181109T225719.png,ok,
1,883,2018-11-10 04:12:51,2018-11-10 05:22:54,1.16736027777778,85,47.52,221.183000244141,7200,240,Z:\SPART-WORK\Data\Voyager\voyager1\mag\48s\reviewed_vim\2018\voyager1_48s_mag-vim_20180101_v01.cdf,C:\Users\Administrator\Documents\FWD_matlab\Voyager_fu\Voyager_Interstellar_Monthly\HighestPrecision_Segments\V1_MAG48s_segment_0883_20181110T041251_20181110T052254.png,ok,
1,884,2018-11-10 12:12:31,2018-11-10 17:30:07,5.29319999993218,396,47.52,145.151,7200,240,Z:\SPART-WORK\Data\Voyager\voyager1\mag\48s\reviewed_vim\2018\voyager1_48s_mag-vim_20180101_v01.cdf,C:\Users\Administrator\Documents\FWD_matlab\Voyager_fu\Voyager_Interstellar_Monthly\HighestPrecision_Segments\V1_MAG48s_segment_0884_20181110T121231_20181110T173007.png,ok,
1,885,2018-11-11 19:30:55,2018-11-11 23:56:31,4.42680027777778,331,47.52,145.151,7200,240,Z:\SPART-WORK\Data\Voyager\voyager1\mag\48s\reviewed_vim\2018\voyager1_48s_mag-vim_20180101_v01.cdf,C:\Users\Administrator\Documents\FWD_matlab\Voyager_fu\Voyager_Interstellar_Monthly\HighestPrecision_Segments\V1_MAG48s_segment_0885_20181111T193055_20181111T235631.png,ok,
1,886,2018-11-12 11:56:31,2018-11-12 15:41:18,3.74639972222222,282,47.52,50.113,7200,240,Z:\SPART-WORK\Data\Voyager\voyager1\mag\48s\reviewed_vim\2018\voyager1_48s_mag-vim_20180101_v01.cdf,C:\Users\Administrator\Documents\FWD_matlab\Voyager_fu\Voyager_Interstellar_Monthly\HighestPrecision_Segments\V1_MAG48s_segment_0886_20181112T115631_20181112T154118.png,ok,
1,887,2018-11-13 19:42:07,2018-11-13 23:39:44,3.96023972222222,297,47.52,95.04,7200,240,Z:\SPART-WORK\Data\Voyager\voyager1\mag\48s\reviewed_vim\2018\voyager1_48s_mag-vim_20180101_v01.cdf,C:\Users\Administrator\Documents\FWD_matlab\Voyager_fu\Voyager_Interstellar_Monthly\HighestPrecision_Segments\V1_MAG48s_segment_0887_20181113T194207_20181113T233944.png,ok,
1,888,2018-11-14 18:22:06,2018-11-14 21:57:17,3.58655972222222,267,47.52,192.671,7200,240,Z:\SPART-WORK\Data\Voyager\voyager1\mag\48s\reviewed_vim\2018\voyager1_48s_mag-vim_20180101_v01.cdf,C:\Users\Administrator\Documents\FWD_matlab\Voyager_fu\Voyager_Interstellar_Monthly\HighestPrecision_Segments\V1_MAG48s_segment_0888_20181114T182206_20181114T215717.png,ok,
1,889,2018-11-15 11:59:44,2018-11-15 15:58:55,3.98640027777778,169,47.5209997558594,6143.903,7200,240,Z:\SPART-WORK\Data\Voyager\voyager1\mag\48s\reviewed_vim\2018\voyager1_48s_mag-vim_20180101_v01.cdf,C:\Users\Administrator\Documents\FWD_matlab\Voyager_fu\Voyager_Interstellar_Monthly\HighestPrecision_Segments\V1_MAG48s_segment_0889_20181115T115944_20181115T155855.png,ok,
1,890,2018-11-15 19:27:42,2018-11-15 21:19:43,1.86696,139,47.5205,145.151,7200,240,Z:\SPART-WORK\Data\Voyager\voyager1\mag\48s\reviewed_vim\2018\voyager1_48s_mag-vim_20180101_v01.cdf,C:\Users\Administrator\Documents\FWD_matlab\Voyager_fu\Voyager_Interstellar_Monthly\HighestPrecision_Segments\V1_MAG48s_segment_0890_20181115T192742_20181115T211943.png,ok,
1,891,2018-11-16 11:46:54,2018-11-16 17:08:32,5.36040027770996,403,47.5209997558594,50.113,7200,240,Z:\SPART-WORK\Data\Voyager\voyager1\mag\48s\reviewed_vim\2018\voyager1_48s_mag-vim_20180101_v01.cdf,C:\Users\Administrator\Documents\FWD_matlab\Voyager_fu\Voyager_Interstellar_Monthly\HighestPrecision_Segments\V1_MAG48s_segment_0891_20181116T114654_20181116T170832.png,ok,
1,892,2018-11-17 11:46:54,2018-11-17 15:22:56,3.60048027770996,247,47.5209997558594,723.168,7200,240,Z:\SPART-WORK\Data\Voyager\voyager1\mag\48s\reviewed_vim\2018\voyager1_48s_mag-vim_20180101_v01.cdf,C:\Users\Administrator\Documents\FWD_matlab\Voyager_fu\Voyager_Interstellar_Monthly\HighestPrecision_Segments\V1_MAG48s_segment_0892_20181117T114654_20181117T152256.png,ok,
1,893,2018-11-17 19:22:55,2018-11-17 21:45:18,2.37287972229004,176,47.5209997558594,191.807000244141,7200,240,Z:\SPART-WORK\Data\Voyager\voyager1\mag\48s\reviewed_vim\2018\voyager1_48s_mag-vim_20180101_v01.cdf,C:\Users\Administrator\Documents\FWD_matlab\Voyager_fu\Voyager_Interstellar_Monthly\HighestPrecision_Segments\V1_MAG48s_segment_0893_20181117T192255_20181117T214518.png,ok,
1,894,2018-11-18 11:46:54,2018-11-18 14:18:55,2.53344027770996,191,47.5209997558594,50.113,7200,240,Z:\SPART-WORK\Data\Voyager\voyager1\mag\48s\reviewed_vim\2018\voyager1_48s_mag-vim_20180101_v01.cdf,C:\Users\Administrator\Documents\FWD_matlab\Voyager_fu\Voyager_Interstellar_Monthly\HighestPrecision_Segments\V1_MAG48s_segment_0894_20181118T114654_20181118T141855.png,ok,
1,895,2018-11-18 19:11:42,2018-11-18 20:18:55,1.12008,85,47.5209997558594,50.113,7200,240,Z:\SPART-WORK\Data\Voyager\voyager1\mag\48s\reviewed_vim\2018\voyager1_48s_mag-vim_20180101_v01.cdf,C:\Users\Administrator\Documents\FWD_matlab\Voyager_fu\Voyager_Interstellar_Monthly\HighestPrecision_Segments\V1_MAG48s_segment_0895_20181118T191142_20181118T201855.png,ok,
1,896,2018-11-19 11:30:54,2018-11-19 15:38:56,4.13375972222222,299,47.5209997558594,480.384,7200,240,Z:\SPART-WORK\Data\Voyager\voyager1\mag\48s\reviewed_vim\2018\voyager1_48s_mag-vim_20180101_v01.cdf,C:\Users\Administrator\Documents\FWD_matlab\Voyager_fu\Voyager_Interstellar_Monthly\HighestPrecision_Segments\V1_MAG48s_segment_0896_20181119T113054_20181119T153856.png,ok,
1,897,2018-11-20 11:43:41,2018-11-20 15:48:30,4.08024,245,47.5209997558594,2926.368,7200,240,Z:\SPART-WORK\Data\Voyager\voyager1\mag\48s\reviewed_vim\2018\voyager1_48s_mag-vim_20180101_v01.cdf,C:\Users\Administrator\Documents\FWD_matlab\Voyager_fu\Voyager_Interstellar_Monthly\HighestPrecision_Segments\V1_MAG48s_segment_0897_20181120T114341_20181120T154830.png,ok,
1,898,2018-11-20 19:06:55,2018-11-20 21:54:56,2.80008000006782,210,47.5209997558594,95.04,7200,240,Z:\SPART-WORK\Data\Voyager\voyager1\mag\48s\reviewed_vim\2018\voyager1_48s_mag-vim_20180101_v01.cdf,C:\Users\Administrator\Documents\FWD_matlab\Voyager_fu\Voyager_Interstellar_Monthly\HighestPrecision_Segments\V1_MAG48s_segment_0898_20181120T190655_20181120T215456.png,ok,
1,899,2018-11-21 19:02:05,2018-11-21 22:53:19,3.85392027770996,288,47.5209997558594,142.559,7200,240,Z:\SPART-WORK\Data\Voyager\voyager1\mag\48s\reviewed_vim\2018\voyager1_48s_mag-vim_20180101_v01.cdf,C:\Users\Administrator\Documents\FWD_matlab\Voyager_fu\Voyager_Interstellar_Monthly\HighestPrecision_Segments\V1_MAG48s_segment_0899_20181121T190205_20181121T225319.png,ok,
1,900,2018-11-22 11:32:32,2018-11-22 14:13:19,2.67983972222222,199,47.5209997558594,191.807,7200,240,Z:\SPART-WORK\Data\Voyager\voyager1\mag\48s\reviewed_vim\2018\voyager1_48s_mag-vim_20180101_v01.cdf,C:\Users\Administrator\Documents\FWD_matlab\Voyager_fu\Voyager_Interstellar_Monthly\HighestPrecision_Segments\V1_MAG48s_segment_0900_20181122T113232_20181122T141319.png,ok,
1,901,2018-11-22 19:00:30,2018-11-22 21:23:43,2.38704027777778,177,47.5209997558594,192.671999755859,7200,240,Z:\SPART-WORK\Data\Voyager\voyager1\mag\48s\reviewed_vim\2018\voyager1_48s_mag-vim_20180101_v01.cdf,C:\Users\Administrator\Documents\FWD_matlab\Voyager_fu\Voyager_Interstellar_Monthly\HighestPrecision_Segments\V1_MAG48s_segment_0901_20181122T190030_20181122T212343.png,ok,
1,902,2018-11-23 11:29:19,2018-11-23 16:22:55,4.89336,361,47.5209997558594,335.231,7200,240,Z:\SPART-WORK\Data\Voyager\voyager1\mag\48s\reviewed_vim\2018\voyager1_48s_mag-vim_20180101_v01.cdf,C:\Users\Administrator\Documents\FWD_matlab\Voyager_fu\Voyager_Interstellar_Monthly\HighestPrecision_Segments\V1_MAG48s_segment_0902_20181123T112919_20181123T162255.png,ok,
1,903,2018-11-24 11:29:19,2018-11-24 13:58:07,2.47991972222222,186,47.5209997558594,95.04,7200,240,Z:\SPART-WORK\Data\Voyager\voyager1\mag\48s\reviewed_vim\2018\voyager1_48s_mag-vim_20180101_v01.cdf,C:\Users\Administrator\Documents\FWD_matlab\Voyager_fu\Voyager_Interstellar_Monthly\HighestPrecision_Segments\V1_MAG48s_segment_0903_20181124T112919_20181124T135807.png,ok,
1,904,2018-11-24 18:52:31,2018-11-24 21:08:31,2.2668,171,47.5209997558594,50.113,7200,240,Z:\SPART-WORK\Data\Voyager\voyager1\mag\48s\reviewed_vim\2018\voyager1_48s_mag-vim_20180101_v01.cdf,C:\Users\Administrator\Documents\FWD_matlab\Voyager_fu\Voyager_Interstellar_Monthly\HighestPrecision_Segments\V1_MAG48s_segment_0904_20181124T185231_20181124T210831.png,ok,
1,905,2018-11-25 11:10:07,2018-11-25 12:53:18,1.71983999993218,129,47.5209997558594,95.04,7200,240,Z:\SPART-WORK\Data\Voyager\voyager1\mag\48s\reviewed_vim\2018\voyager1_48s_mag-vim_20180101_v01.cdf,C:\Users\Administrator\Documents\FWD_matlab\Voyager_fu\Voyager_Interstellar_Monthly\HighestPrecision_Segments\V1_MAG48s_segment_0905_20181125T111007_20181125T125318.png,ok,
1,906,2018-11-26 11:18:07,2018-11-26 15:42:53,4.41288,330,47.5209997558594,144.288,7200,240,Z:\SPART-WORK\Data\Voyager\voyager1\mag\48s\reviewed_vim\2018\voyager1_48s_mag-vim_20180101_v01.cdf,C:\Users\Administrator\Documents\FWD_matlab\Voyager_fu\Voyager_Interstellar_Monthly\HighestPrecision_Segments\V1_MAG48s_segment_0906_20181126T111807_20181126T154253.png,ok,
1,907,2018-11-27 11:11:42,2018-11-27 15:38:53,4.45320027770996,332,47.5209997558594,192.672000244141,7200,240,Z:\SPART-WORK\Data\Voyager\voyager1\mag\48s\reviewed_vim\2018\voyager1_48s_mag-vim_20180101_v01.cdf,C:\Users\Administrator\Documents\FWD_matlab\Voyager_fu\Voyager_Interstellar_Monthly\HighestPrecision_Segments\V1_MAG48s_segment_0907_20181127T111142_20181127T153853.png,ok,
1,908,2018-11-27 18:41:18,2018-11-27 21:03:41,2.37288027777778,178,47.5209997558594,95.04,7200,240,Z:\SPART-WORK\Data\Voyager\voyager1\mag\48s\reviewed_vim\2018\voyager1_48s_mag-vim_20180101_v01.cdf,C:\Users\Administrator\Documents\FWD_matlab\Voyager_fu\Voyager_Interstellar_Monthly\HighestPrecision_Segments\V1_MAG48s_segment_0908_20181127T184118_20181127T210341.png,ok,
1,909,2018-11-28 13:56:29,2018-11-28 18:20:31,4.40040027777778,328,47.5209997558594,190.08,7200,240,Z:\SPART-WORK\Data\Voyager\voyager1\mag\48s\reviewed_vim\2018\voyager1_48s_mag-vim_20180101_v01.cdf,C:\Users\Administrator\Documents\FWD_matlab\Voyager_fu\Voyager_Interstellar_Monthly\HighestPrecision_Segments\V1_MAG48s_segment_0909_20181128T135629_20181128T182031.png,ok,
1,910,2018-11-29 10:58:54,2018-11-29 15:06:06,4.11983972222222,310,47.5209997558594,50.113,7200,240,Z:\SPART-WORK\Data\Voyager\voyager1\mag\48s\reviewed_vim\2018\voyager1_48s_mag-vim_20180101_v01.cdf,C:\Users\Administrator\Documents\FWD_matlab\Voyager_fu\Voyager_Interstellar_Monthly\HighestPrecision_Segments\V1_MAG48s_segment_0910_20181129T105854_20181129T150606.png,ok,
1,911,2018-11-30 11:03:42,2018-11-30 14:58:54,3.91991972222222,294,47.5209997558594,95.04,7200,240,Z:\SPART-WORK\Data\Voyager\voyager1\mag\48s\reviewed_vim\2018\voyager1_48s_mag-vim_20180101_v01.cdf,C:\Users\Administrator\Documents\FWD_matlab\Voyager_fu\Voyager_Interstellar_Monthly\HighestPrecision_Segments\V1_MAG48s_segment_0911_20181130T110342_20181130T145854.png,ok,
1,912,2018-12-01 10:50:55,2018-12-01 16:14:05,5.38608,383,47.5209997558594,817.344,7200,240,Z:\SPART-WORK\Data\Voyager\voyager1\mag\48s\reviewed_vim\2018\voyager1_48s_mag-vim_20180101_v01.cdf,C:\Users\Administrator\Documents\FWD_matlab\Voyager_fu\Voyager_Interstellar_Monthly\HighestPrecision_Segments\V1_MAG48s_segment_0912_20181201T105055_20181201T161405.png,ok,
1,913,2018-12-01 18:17:18,2018-12-02 00:54:06,6.6132,495,47.5209997558594,145.152999755859,7200,240,Z:\SPART-WORK\Data\Voyager\voyager1\mag\48s\reviewed_vim\2018\voyager1_48s_mag-vim_20180101_v01.cdf,C:\Users\Administrator\Documents\FWD_matlab\Voyager_fu\Voyager_Interstellar_Monthly\HighestPrecision_Segments\V1_MAG48s_segment_0913_20181201T181718_20181202T005406.png,ok,
1,914,2018-12-02 10:52:30,2018-12-02 13:38:08,2.76048027777778,206,47.5209997558594,145.152999755859,7200,240,Z:\SPART-WORK\Data\Voyager\voyager1\mag\48s\reviewed_vim\2018\voyager1_48s_mag-vim_20180101_v01.cdf,C:\Users\Administrator\Documents\FWD_matlab\Voyager_fu\Voyager_Interstellar_Monthly\HighestPrecision_Segments\V1_MAG48s_segment_0914_20181202T105230_20181202T133808.png,ok,
1,915,2018-12-02 18:18:53,2018-12-02 20:38:54,2.33351972222222,175,47.5209997558594,97.632,7200,240,Z:\SPART-WORK\Data\Voyager\voyager1\mag\48s\reviewed_vim\2018\voyager1_48s_mag-vim_20180101_v01.cdf,C:\Users\Administrator\Documents\FWD_matlab\Voyager_fu\Voyager_Interstellar_Monthly\HighestPrecision_Segments\V1_MAG48s_segment_0915_20181202T181853_20181202T203854.png,ok,
1,916,2018-12-03 10:47:42,2018-12-03 13:56:29,3.1464,236,47.5209997558594,95.04,7200,240,Z:\SPART-WORK\Data\Voyager\voyager1\mag\48s\reviewed_vim\2018\voyager1_48s_mag-vim_20180101_v01.cdf,C:\Users\Administrator\Documents\FWD_matlab\Voyager_fu\Voyager_Interstellar_Monthly\HighestPrecision_Segments\V1_MAG48s_segment_0916_20181203T104742_20181203T135629.png,ok,
1,917,2018-12-04 19:24:30,2018-12-04 20:41:19,1.28016,91,47.521,240.191,7200,240,Z:\SPART-WORK\Data\Voyager\voyager1\mag\48s\reviewed_vim\2018\voyager1_48s_mag-vim_20180101_v01.cdf,C:\Users\Administrator\Documents\FWD_matlab\Voyager_fu\Voyager_Interstellar_Monthly\HighestPrecision_Segments\V1_MAG48s_segment_0917_20181204T192430_20181204T204119.png,ok,
1,918,2018-12-04 23:26:07,2018-12-05 00:08:31,0.7068,54,47.521,50.113,7200,240,Z:\SPART-WORK\Data\Voyager\voyager1\mag\48s\reviewed_vim\2018\voyager1_48s_mag-vim_20180101_v01.cdf,C:\Users\Administrator\Documents\FWD_matlab\Voyager_fu\Voyager_Interstellar_Monthly\HighestPrecision_Segments\V1_MAG48s_segment_0918_20181204T232607_20181205T000831.png,ok,
1,919,2018-12-05 11:48:28,2018-12-05 15:34:05,3.76032,273,47.5209997558594,337.823000244141,7200,240,Z:\SPART-WORK\Data\Voyager\voyager1\mag\48s\reviewed_vim\2018\voyager1_48s_mag-vim_20180101_v01.cdf,C:\Users\Administrator\Documents\FWD_matlab\Voyager_fu\Voyager_Interstellar_Monthly\HighestPrecision_Segments\V1_MAG48s_segment_0919_20181205T114828_20181205T153405.png,ok,
1,920,2018-12-06 10:33:17,2018-12-06 14:32:29,3.98664,300,47.5209997558594,50.113,7200,240,Z:\SPART-WORK\Data\Voyager\voyager1\mag\48s\reviewed_vim\2018\voyager1_48s_mag-vim_20180101_v01.cdf,C:\Users\Administrator\Documents\FWD_matlab\Voyager_fu\Voyager_Interstellar_Monthly\HighestPrecision_Segments\V1_MAG48s_segment_0920_20181206T103317_20181206T143229.png,ok,
1,921,2018-12-07 10:30:05,2018-12-07 14:28:29,3.97343972229004,292,47.5209997558594,240.193,7200,240,Z:\SPART-WORK\Data\Voyager\voyager1\mag\48s\reviewed_vim\2018\voyager1_48s_mag-vim_20180101_v01.cdf,C:\Users\Administrator\Documents\FWD_matlab\Voyager_fu\Voyager_Interstellar_Monthly\HighestPrecision_Segments\V1_MAG48s_segment_0921_20181207T103005_20181207T142829.png,ok,
1,922,2018-12-07 17:21:16,2018-12-07 20:51:41,3.50688,206,47.5209997558594,2689.631,7200,240,Z:\SPART-WORK\Data\Voyager\voyager1\mag\48s\reviewed_vim\2018\voyager1_48s_mag-vim_20180101_v01.cdf,C:\Users\Administrator\Documents\FWD_matlab\Voyager_fu\Voyager_Interstellar_Monthly\HighestPrecision_Segments\V1_MAG48s_segment_0922_20181207T172116_20181207T205141.png,ok,
1,923,2018-12-08 10:30:05,2018-12-08 13:12:30,2.70695972222222,204,47.5209997558594,50.113,7200,240,Z:\SPART-WORK\Data\Voyager\voyager1\mag\48s\reviewed_vim\2018\voyager1_48s_mag-vim_20180101_v01.cdf,C:\Users\Administrator\Documents\FWD_matlab\Voyager_fu\Voyager_Interstellar_Monthly\HighestPrecision_Segments\V1_MAG48s_segment_0923_20181208T103005_20181208T131230.png,ok,
1,924,2018-12-08 17:58:06,2018-12-08 21:58:05,3.9996,299,47.5209997558594,145.153,7200,240,Z:\SPART-WORK\Data\Voyager\voyager1\mag\48s\reviewed_vim\2018\voyager1_48s_mag-vim_20180101_v01.cdf,C:\Users\Administrator\Documents\FWD_matlab\Voyager_fu\Voyager_Interstellar_Monthly\HighestPrecision_Segments\V1_MAG48s_segment_0924_20181208T175806_20181208T215805.png,ok,
1,925,2018-12-09 10:18:55,2018-12-09 20:13:17,9.90599999993218,676,47.5209997558594,3169.15200024414,7200,240,Z:\SPART-WORK\Data\Voyager\voyager1\mag\48s\reviewed_vim\2018\voyager1_48s_mag-vim_20180101_v01.cdf,C:\Users\Administrator\Documents\FWD_matlab\Voyager_fu\Voyager_Interstellar_Monthly\HighestPrecision_Segments\V1_MAG48s_segment_0925_20181209T101855_20181209T201317.png,ok,
1,926,2018-12-10 15:34:05,2018-12-10 20:57:19,5.38703972222222,405,47.5209997558594,50.113,7200,240,Z:\SPART-WORK\Data\Voyager\voyager1\mag\48s\reviewed_vim\2018\voyager1_48s_mag-vim_20180101_v01.cdf,C:\Users\Administrator\Documents\FWD_matlab\Voyager_fu\Voyager_Interstellar_Monthly\HighestPrecision_Segments\V1_MAG48s_segment_0926_20181210T153405_20181210T205719.png,ok,
1,927,2018-12-11 10:15:42,2018-12-11 14:02:55,3.78672000006782,284,47.5209997558594,95.04,7200,240,Z:\SPART-WORK\Data\Voyager\voyager1\mag\48s\reviewed_vim\2018\voyager1_48s_mag-vim_20180101_v01.cdf,C:\Users\Administrator\Documents\FWD_matlab\Voyager_fu\Voyager_Interstellar_Monthly\HighestPrecision_Segments\V1_MAG48s_segment_0927_20181211T101542_20181211T140255.png,ok,
1,928,2018-12-11 17:46:54,2018-12-12 04:42:04,10.91952027771,681,47.5209997558594,6480.865,7200,240,Z:\SPART-WORK\Data\Voyager\voyager1\mag\48s\reviewed_vim\2018\voyager1_48s_mag-vim_20180101_v01.cdf,C:\Users\Administrator\Documents\FWD_matlab\Voyager_fu\Voyager_Interstellar_Monthly\HighestPrecision_Segments\V1_MAG48s_segment_0928_20181211T174654_20181212T044204.png,ok,
1,929,2018-12-12 09:58:05,2018-12-12 11:06:07,1.13399972222222,71,47.521,527.039999755859,7200,240,Z:\SPART-WORK\Data\Voyager\voyager1\mag\48s\reviewed_vim\2018\voyager1_48s_mag-vim_20180101_v01.cdf,C:\Users\Administrator\Documents\FWD_matlab\Voyager_fu\Voyager_Interstellar_Monthly\HighestPrecision_Segments\V1_MAG48s_segment_0929_20181212T095805_20181212T110607.png,ok,
1,930,2018-12-12 17:45:19,2018-12-12 21:34:53,3.82607999993218,288,47.5209997558594,50.113,7200,240,Z:\SPART-WORK\Data\Voyager\voyager1\mag\48s\reviewed_vim\2018\voyager1_48s_mag-vim_20180101_v01.cdf,C:\Users\Administrator\Documents\FWD_matlab\Voyager_fu\Voyager_Interstellar_Monthly\HighestPrecision_Segments\V1_MAG48s_segment_0930_20181212T174519_20181212T213453.png,ok,
1,931,2018-12-13 12:18:53,2018-12-13 15:06:06,2.78687972222222,208,47.5209997558594,145.152999755859,7200,240,Z:\SPART-WORK\Data\Voyager\voyager1\mag\48s\reviewed_vim\2018\voyager1_48s_mag-vim_20180101_v01.cdf,C:\Users\Administrator\Documents\FWD_matlab\Voyager_fu\Voyager_Interstellar_Monthly\HighestPrecision_Segments\V1_MAG48s_segment_0931_20181213T121853_20181213T150606.png,ok,
1,932,2018-12-14 17:45:19,2018-12-14 21:33:18,3.79967999993218,286,47.5209997558594,50.113,7200,240,Z:\SPART-WORK\Data\Voyager\voyager1\mag\48s\reviewed_vim\2018\voyager1_48s_mag-vim_20180101_v01.cdf,C:\Users\Administrator\Documents\FWD_matlab\Voyager_fu\Voyager_Interstellar_Monthly\HighestPrecision_Segments\V1_MAG48s_segment_0932_20181214T174519_20181214T213318.png,ok,
1,933,2018-12-15 10:01:18,2018-12-15 13:55:42,3.90672,285,47.5209997558594,240.191,7200,240,Z:\SPART-WORK\Data\Voyager\voyager1\mag\48s\reviewed_vim\2018\voyager1_48s_mag-vim_20180101_v01.cdf,C:\Users\Administrator\Documents\FWD_matlab\Voyager_fu\Voyager_Interstellar_Monthly\HighestPrecision_Segments\V1_MAG48s_segment_0933_20181215T100118_20181215T135542.png,ok,
1,934,2018-12-15 17:37:16,2018-12-15 19:51:42,2.24064027777778,168,47.5209997558594,97.632,7200,240,Z:\SPART-WORK\Data\Voyager\voyager1\mag\48s\reviewed_vim\2018\voyager1_48s_mag-vim_20180101_v01.cdf,C:\Users\Administrator\Documents\FWD_matlab\Voyager_fu\Voyager_Interstellar_Monthly\HighestPrecision_Segments\V1_MAG48s_segment_0934_20181215T173716_20181215T195142.png,ok,
1,935,2018-12-16 09:53:18,2018-12-16 14:45:16,4.86624000006782,363,47.5209997558594,191.808999755859,7200,240,Z:\SPART-WORK\Data\Voyager\voyager1\mag\48s\reviewed_vim\2018\voyager1_48s_mag-vim_20180101_v01.cdf,C:\Users\Administrator\Documents\FWD_matlab\Voyager_fu\Voyager_Interstellar_Monthly\HighestPrecision_Segments\V1_MAG48s_segment_0935_20181216T095318_20181216T144516.png,ok,
1,936,2018-12-17 09:42:06,2018-12-17 13:46:05,4.06631972229004,304,47.5209997558594,95.0399997558594,7200,240,Z:\SPART-WORK\Data\Voyager\voyager1\mag\48s\reviewed_vim\2018\voyager1_48s_mag-vim_20180101_v01.cdf,C:\Users\Administrator\Documents\FWD_matlab\Voyager_fu\Voyager_Interstellar_Monthly\HighestPrecision_Segments\V1_MAG48s_segment_0936_20181217T094206_20181217T134605.png,ok,
1,937,2018-12-18 09:41:18,2018-12-18 12:25:18,2.73336027777778,203,47.5209997558594,191.807000244141,7200,240,Z:\SPART-WORK\Data\Voyager\voyager1\mag\48s\reviewed_vim\2018\voyager1_48s_mag-vim_20180101_v01.cdf,C:\Users\Administrator\Documents\FWD_matlab\Voyager_fu\Voyager_Interstellar_Monthly\HighestPrecision_Segments\V1_MAG48s_segment_0937_20181218T094118_20181218T122518.png,ok,
1,938,2018-12-18 17:06:54,2018-12-18 20:37:16,3.50616,262,47.5209997558594,142.559000244141,7200,240,Z:\SPART-WORK\Data\Voyager\voyager1\mag\48s\reviewed_vim\2018\voyager1_48s_mag-vim_20180101_v01.cdf,C:\Users\Administrator\Documents\FWD_matlab\Voyager_fu\Voyager_Interstellar_Monthly\HighestPrecision_Segments\V1_MAG48s_segment_0938_20181218T170654_20181218T203716.png,ok,
1,939,2018-12-19 09:43:40,2018-12-19 11:06:04,1.37328027770996,103,47.5209997558594,97.632,7200,240,Z:\SPART-WORK\Data\Voyager\voyager1\mag\48s\reviewed_vim\2018\voyager1_48s_mag-vim_20180101_v01.cdf,C:\Users\Administrator\Documents\FWD_matlab\Voyager_fu\Voyager_Interstellar_Monthly\HighestPrecision_Segments\V1_MAG48s_segment_0939_20181219T094340_20181219T110604.png,ok,
1,940,2018-12-19 19:18:05,2018-12-19 20:22:06,1.06703972222222,81,47.5209997558594,50.113,7200,240,Z:\SPART-WORK\Data\Voyager\voyager1\mag\48s\reviewed_vim\2018\voyager1_48s_mag-vim_20180101_v01.cdf,C:\Users\Administrator\Documents\FWD_matlab\Voyager_fu\Voyager_Interstellar_Monthly\HighestPrecision_Segments\V1_MAG48s_segment_0940_20181219T191805_20181219T202206.png,ok,
1,941,2018-12-20 09:32:28,2018-12-20 10:42:52,1.17335972222222,81,47.521,336.960000244141,7200,240,Z:\SPART-WORK\Data\Voyager\voyager1\mag\48s\reviewed_vim\2018\voyager1_48s_mag-vim_20180101_v01.cdf,C:\Users\Administrator\Documents\FWD_matlab\Voyager_fu\Voyager_Interstellar_Monthly\HighestPrecision_Segments\V1_MAG48s_segment_0941_20181220T093228_20181220T104252.png,ok,
1,942,2018-12-21 09:27:41,2018-12-21 14:02:04,4.57320027777778,226,47.521,5424.193,7200,240,Z:\SPART-WORK\Data\Voyager\voyager1\mag\48s\reviewed_vim\2018\voyager1_48s_mag-vim_20180101_v01.cdf,C:\Users\Administrator\Documents\FWD_matlab\Voyager_fu\Voyager_Interstellar_Monthly\HighestPrecision_Segments\V1_MAG48s_segment_0942_20181221T092741_20181221T140204.png,ok,
1,943,2018-12-22 00:15:40,2018-12-22 04:42:04,4.44,332,47.5209997558594,145.153,7200,240,Z:\SPART-WORK\Data\Voyager\voyager1\mag\48s\reviewed_vim\2018\voyager1_48s_mag-vim_20180101_v01.cdf,C:\Users\Administrator\Documents\FWD_matlab\Voyager_fu\Voyager_Interstellar_Monthly\HighestPrecision_Segments\V1_MAG48s_segment_0943_20181222T001540_20181222T044204.png,ok,
1,944,2018-12-22 09:27:41,2018-12-22 12:50:53,3.38664027777778,244,47.5209997558594,384.481,7200,240,Z:\SPART-WORK\Data\Voyager\voyager1\mag\48s\reviewed_vim\2018\voyager1_48s_mag-vim_20180101_v01.cdf,C:\Users\Administrator\Documents\FWD_matlab\Voyager_fu\Voyager_Interstellar_Monthly\HighestPrecision_Segments\V1_MAG48s_segment_0944_20181222T092741_20181222T125053.png,ok,
1,945,2018-12-22 17:19:42,2018-12-22 20:02:55,2.72016000006782,205,47.5209997558594,50.113,7200,240,Z:\SPART-WORK\Data\Voyager\voyager1\mag\48s\reviewed_vim\2018\voyager1_48s_mag-vim_20180101_v01.cdf,C:\Users\Administrator\Documents\FWD_matlab\Voyager_fu\Voyager_Interstellar_Monthly\HighestPrecision_Segments\V1_MAG48s_segment_0945_20181222T171942_20181222T200255.png,ok,
1,946,2018-12-23 09:16:28,2018-12-23 12:10:54,2.90712000006782,217,47.5209997558594,142.560999755859,7200,240,Z:\SPART-WORK\Data\Voyager\voyager1\mag\48s\reviewed_vim\2018\voyager1_48s_mag-vim_20180101_v01.cdf,C:\Users\Administrator\Documents\FWD_matlab\Voyager_fu\Voyager_Interstellar_Monthly\HighestPrecision_Segments\V1_MAG48s_segment_0946_20181223T091628_20181223T121054.png,ok,
1,947,2018-12-23 17:05:17,2018-12-23 21:04:28,3.98639972222222,297,47.5209997558594,190.080000244141,7200,240,Z:\SPART-WORK\Data\Voyager\voyager1\mag\48s\reviewed_vim\2018\voyager1_48s_mag-vim_20180101_v01.cdf,C:\Users\Administrator\Documents\FWD_matlab\Voyager_fu\Voyager_Interstellar_Monthly\HighestPrecision_Segments\V1_MAG48s_segment_0947_20181223T170517_20181223T210428.png,ok,
1,948,2018-12-24 09:14:06,2018-12-24 13:40:29,4.43976027777778,332,47.5209997558594,141.696,7200,240,Z:\SPART-WORK\Data\Voyager\voyager1\mag\48s\reviewed_vim\2018\voyager1_48s_mag-vim_20180101_v01.cdf,C:\Users\Administrator\Documents\FWD_matlab\Voyager_fu\Voyager_Interstellar_Monthly\HighestPrecision_Segments\V1_MAG48s_segment_0948_20181224T091406_20181224T134029.png,ok,
1,949,2018-12-24 16:54:04,2018-12-24 19:22:53,2.48016,178,47.5209997558594,382.752,7200,240,Z:\SPART-WORK\Data\Voyager\voyager1\mag\48s\reviewed_vim\2018\voyager1_48s_mag-vim_20180101_v01.cdf,C:\Users\Administrator\Documents\FWD_matlab\Voyager_fu\Voyager_Interstellar_Monthly\HighestPrecision_Segments\V1_MAG48s_segment_0949_20181224T165404_20181224T192253.png,ok,
1,950,2018-12-25 09:19:41,2018-12-25 11:54:54,2.58696027770996,193,47.5209997558594,145.151,7200,240,Z:\SPART-WORK\Data\Voyager\voyager1\mag\48s\reviewed_vim\2018\voyager1_48s_mag-vim_20180101_v01.cdf,C:\Users\Administrator\Documents\FWD_matlab\Voyager_fu\Voyager_Interstellar_Monthly\HighestPrecision_Segments\V1_MAG48s_segment_0950_20181225T091941_20181225T115454.png,ok,
1,951,2018-12-25 16:54:04,2018-12-25 20:00:29,3.10704,234,47.5209997558594,50.113,7200,240,Z:\SPART-WORK\Data\Voyager\voyager1\mag\48s\reviewed_vim\2018\voyager1_48s_mag-vim_20180101_v01.cdf,C:\Users\Administrator\Documents\FWD_matlab\Voyager_fu\Voyager_Interstellar_Monthly\HighestPrecision_Segments\V1_MAG48s_segment_0951_20181225T165404_20181225T200029.png,ok,
1,952,2018-12-26 09:09:16,2018-12-26 11:57:16,2.80008,208,47.5209997558594,190.08,7200,240,Z:\SPART-WORK\Data\Voyager\voyager1\mag\48s\reviewed_vim\2018\voyager1_48s_mag-vim_20180101_v01.cdf,C:\Users\Administrator\Documents\FWD_matlab\Voyager_fu\Voyager_Interstellar_Monthly\HighestPrecision_Segments\V1_MAG48s_segment_0952_20181226T090916_20181226T115716.png,ok,
1,953,2018-12-26 16:46:05,2018-12-26 19:33:17,2.78688027770996,209,47.5209997558594,97.6319997558594,7200,240,Z:\SPART-WORK\Data\Voyager\voyager1\mag\48s\reviewed_vim\2018\voyager1_48s_mag-vim_20180101_v01.cdf,C:\Users\Administrator\Documents\FWD_matlab\Voyager_fu\Voyager_Interstellar_Monthly\HighestPrecision_Segments\V1_MAG48s_segment_0953_20181226T164605_20181226T193317.png,ok,
1,954,2018-12-27 09:06:06,2018-12-27 11:55:41,2.82648,206,47.5209997558594,240.191000244141,7200,240,Z:\SPART-WORK\Data\Voyager\voyager1\mag\48s\reviewed_vim\2018\voyager1_48s_mag-vim_20180101_v01.cdf,C:\Users\Administrator\Documents\FWD_matlab\Voyager_fu\Voyager_Interstellar_Monthly\HighestPrecision_Segments\V1_MAG48s_segment_0954_20181227T090606_20181227T115541.png,ok,
1,955,2018-12-27 16:34:52,2018-12-27 21:01:16,4.44,332,47.5209997558594,142.561,7200,240,Z:\SPART-WORK\Data\Voyager\voyager1\mag\48s\reviewed_vim\2018\voyager1_48s_mag-vim_20180101_v01.cdf,C:\Users\Administrator\Documents\FWD_matlab\Voyager_fu\Voyager_Interstellar_Monthly\HighestPrecision_Segments\V1_MAG48s_segment_0955_20181227T163452_20181227T210116.png,ok,
1,956,2018-12-28 09:00:29,2018-12-28 11:50:53,2.84016,212,47.5209997558594,144.288,7200,240,Z:\SPART-WORK\Data\Voyager\voyager1\mag\48s\reviewed_vim\2018\voyager1_48s_mag-vim_20180101_v01.cdf,C:\Users\Administrator\Documents\FWD_matlab\Voyager_fu\Voyager_Interstellar_Monthly\HighestPrecision_Segments\V1_MAG48s_segment_0956_20181228T090029_20181228T115053.png,ok,
1,957,2018-12-28 16:42:52,2018-12-28 20:40:29,3.96024,297,47.5209997558594,97.6320002441406,7200,240,Z:\SPART-WORK\Data\Voyager\voyager1\mag\48s\reviewed_vim\2018\voyager1_48s_mag-vim_20180101_v01.cdf,C:\Users\Administrator\Documents\FWD_matlab\Voyager_fu\Voyager_Interstellar_Monthly\HighestPrecision_Segments\V1_MAG48s_segment_0957_20181228T164252_20181228T204029.png,ok,
1,958,2018-12-29 08:50:53,2018-12-29 11:50:53,3,226,47.5209997558594,50.113,7200,240,Z:\SPART-WORK\Data\Voyager\voyager1\mag\48s\reviewed_vim\2018\voyager1_48s_mag-vim_20180101_v01.cdf,C:\Users\Administrator\Documents\FWD_matlab\Voyager_fu\Voyager_Interstellar_Monthly\HighestPrecision_Segments\V1_MAG48s_segment_0958_20181229T085053_20181229T115053.png,ok,
1,959,2018-12-29 18:46:05,2018-12-29 22:50:05,4.06656,303,47.5209997558594,145.153,7200,240,Z:\SPART-WORK\Data\Voyager\voyager1\mag\48s\reviewed_vim\2018\voyager1_48s_mag-vim_20180101_v01.cdf,C:\Users\Administrator\Documents\FWD_matlab\Voyager_fu\Voyager_Interstellar_Monthly\HighestPrecision_Segments\V1_MAG48s_segment_0959_20181229T184605_20181229T225005.png,ok,
1,960,2018-12-30 08:54:06,2018-12-30 13:30:52,4.61279999993218,345,47.5209997558594,142.559,7200,240,Z:\SPART-WORK\Data\Voyager\voyager1\mag\48s\reviewed_vim\2018\voyager1_48s_mag-vim_20180101_v01.cdf,C:\Users\Administrator\Documents\FWD_matlab\Voyager_fu\Voyager_Interstellar_Monthly\HighestPrecision_Segments\V1_MAG48s_segment_0960_20181230T085406_20181230T133052.png,ok,
1,961,2018-12-30 16:41:17,2018-12-30 19:31:40,2.83968027777778,214,47.5209997558594,50.113,7200,240,Z:\SPART-WORK\Data\Voyager\voyager1\mag\48s\reviewed_vim\2018\voyager1_48s_mag-vim_20180101_v01.cdf,C:\Users\Administrator\Documents\FWD_matlab\Voyager_fu\Voyager_Interstellar_Monthly\HighestPrecision_Segments\V1_MAG48s_segment_0961_20181230T164117_20181230T193140.png,ok,
1,962,2018-12-31 08:52:28,2018-12-31 13:30:52,4.63991999993218,346,47.5209997558594,190.079999755859,7200,240,Z:\SPART-WORK\Data\Voyager\voyager1\mag\48s\reviewed_vim\2018\voyager1_48s_mag-vim_20180101_v01.cdf,C:\Users\Administrator\Documents\FWD_matlab\Voyager_fu\Voyager_Interstellar_Monthly\HighestPrecision_Segments\V1_MAG48s_segment_0962_20181231T085228_20181231T133052.png,ok,
1,963,2018-12-31 16:23:40,2018-12-31 20:45:16,4.36008000006782,325,47.5209997558594,192.672,7200,240,Z:\SPART-WORK\Data\Voyager\voyager1\mag\48s\reviewed_vim\2018\voyager1_48s_mag-vim_20180101_v01.cdf,C:\Users\Administrator\Documents\FWD_matlab\Voyager_fu\Voyager_Interstellar_Monthly\HighestPrecision_Segments\V1_MAG48s_segment_0963_20181231T162340_20181231T204516.png,ok,
1,964,2019-01-01 08:46:07,2019-01-01 12:50:55,4.08000027770996,303,48.383,191.807,7200,240,Z:\SPART-WORK\Data\Voyager\voyager1\mag\48s\reviewed_vim\2019\voyager1_48s_mag-vim_20190101_v01.cdf,C:\Users\Administrator\Documents\FWD_matlab\Voyager_fu\Voyager_Interstellar_Monthly\HighestPrecision_Segments\V1_MAG48s_segment_0964_20190101T084607_20190101T125055.png,ok,
1,965,2019-01-01 16:25:18,2019-01-01 19:05:18,2.66664,195,48.383,240.192,7200,240,Z:\SPART-WORK\Data\Voyager\voyager1\mag\48s\reviewed_vim\2019\voyager1_48s_mag-vim_20190101_v01.cdf,C:\Users\Administrator\Documents\FWD_matlab\Voyager_fu\Voyager_Interstellar_Monthly\HighestPrecision_Segments\V1_MAG48s_segment_0965_20190101T162518_20190101T190518.png,ok,
1,966,2019-01-02 08:26:54,2019-01-02 12:35:42,4.14671972222222,281,48.383,1440.287,7200,240,Z:\SPART-WORK\Data\Voyager\voyager1\mag\48s\reviewed_vim\2019\voyager1_48s_mag-vim_20190101_v01.cdf,C:\Users\Administrator\Documents\FWD_matlab\Voyager_fu\Voyager_Interstellar_Monthly\HighestPrecision_Segments\V1_MAG48s_segment_0966_20190102T082654_20190102T123542.png,ok,
1,967,2019-01-02 18:25:18,2019-01-02 20:05:18,1.66655972222222,125,48.383,95.903,7200,240,Z:\SPART-WORK\Data\Voyager\voyager1\mag\48s\reviewed_vim\2019\voyager1_48s_mag-vim_20190101_v01.cdf,C:\Users\Administrator\Documents\FWD_matlab\Voyager_fu\Voyager_Interstellar_Monthly\HighestPrecision_Segments\V1_MAG48s_segment_0967_20190102T182518_20190102T200518.png,ok,
1,968,2019-01-03 08:36:30,2019-01-03 12:40:30,4.06656,296,48.383,240.192,7200,240,Z:\SPART-WORK\Data\Voyager\voyager1\mag\48s\reviewed_vim\2019\voyager1_48s_mag-vim_20190101_v01.cdf,C:\Users\Administrator\Documents\FWD_matlab\Voyager_fu\Voyager_Interstellar_Monthly\HighestPrecision_Segments\V1_MAG48s_segment_0968_20190103T083630_20190103T124030.png,ok,
1,969,2019-01-03 16:18:54,2019-01-03 18:36:30,2.2932,173,48.383,48.385,7200,240,Z:\SPART-WORK\Data\Voyager\voyager1\mag\48s\reviewed_vim\2019\voyager1_48s_mag-vim_20190101_v01.cdf,C:\Users\Administrator\Documents\FWD_matlab\Voyager_fu\Voyager_Interstellar_Monthly\HighestPrecision_Segments\V1_MAG48s_segment_0969_20190103T161854_20190103T183630.png,ok,
1,970,2019-01-04 08:31:42,2019-01-04 15:17:18,6.76008,508,48.383,48.385,7200,240,Z:\SPART-WORK\Data\Voyager\voyager1\mag\48s\reviewed_vim\2019\voyager1_48s_mag-vim_20190101_v01.cdf,C:\Users\Administrator\Documents\FWD_matlab\Voyager_fu\Voyager_Interstellar_Monthly\HighestPrecision_Segments\V1_MAG48s_segment_0970_20190104T083142_20190104T151718.png,ok,
1,971,2019-01-04 23:30:54,2019-01-05 03:36:30,4.0932,179,48.3830001220703,6240.67299975586,7200,240,Z:\SPART-WORK\Data\Voyager\voyager1\mag\48s\reviewed_vim\2019\voyager1_48s_mag-vim_20190101_v01.cdf,C:\Users\Administrator\Documents\FWD_matlab\Voyager_fu\Voyager_Interstellar_Monthly\HighestPrecision_Segments\V1_MAG48s_segment_0971_20190104T233054_20190105T033630.png,ok,
1,972,2019-01-05 08:34:54,2019-01-05 14:44:30,6.15984,446,48.3830002441406,719.712,7200,240,Z:\SPART-WORK\Data\Voyager\voyager1\mag\48s\reviewed_vim\2019\voyager1_48s_mag-vim_20190101_v01.cdf,C:\Users\Administrator\Documents\FWD_matlab\Voyager_fu\Voyager_Interstellar_Monthly\HighestPrecision_Segments\V1_MAG48s_segment_0972_20190105T083454_20190105T144430.png,ok,
1,973,2019-01-05 18:14:06,2019-01-05 21:29:18,3.25319972222222,243,48.383,144.288,7200,240,Z:\SPART-WORK\Data\Voyager\voyager1\mag\48s\reviewed_vim\2019\voyager1_48s_mag-vim_20190101_v01.cdf,C:\Users\Administrator\Documents\FWD_matlab\Voyager_fu\Voyager_Interstellar_Monthly\HighestPrecision_Segments\V1_MAG48s_segment_0973_20190105T181406_20190105T212918.png,ok,
1,974,2019-01-05 23:30:54,2019-01-06 04:39:42,5.14655972222222,387,48.383,48.385,7200,240,Z:\SPART-WORK\Data\Voyager\voyager1\mag\48s\reviewed_vim\2019\voyager1_48s_mag-vim_20190101_v01.cdf,C:\Users\Administrator\Documents\FWD_matlab\Voyager_fu\Voyager_Interstellar_Monthly\HighestPrecision_Segments\V1_MAG48s_segment_0974_20190105T233054_20190106T043942.png,ok,
1,975,2019-01-06 08:50:54,2019-01-06 13:38:06,4.78656027777778,360,48.383,48.385,7200,240,Z:\SPART-WORK\Data\Voyager\voyager1\mag\48s\reviewed_vim\2019\voyager1_48s_mag-vim_20190101_v01.cdf,C:\Users\Administrator\Documents\FWD_matlab\Voyager_fu\Voyager_Interstellar_Monthly\HighestPrecision_Segments\V1_MAG48s_segment_0975_20190106T085054_20190106T133806.png,ok,
1,976,2019-01-06 16:12:30,2019-01-06 19:35:42,3.38664027777778,253,48.3830001220703,143.424,7200,240,Z:\SPART-WORK\Data\Voyager\voyager1\mag\48s\reviewed_vim\2019\voyager1_48s_mag-vim_20190101_v01.cdf,C:\Users\Administrator\Documents\FWD_matlab\Voyager_fu\Voyager_Interstellar_Monthly\HighestPrecision_Segments\V1_MAG48s_segment_0976_20190106T161230_20190106T193542.png,ok,
1,977,2019-01-07 08:23:42,2019-01-07 13:30:06,5.10648,383,48.383,95.9030002441406,7200,240,Z:\SPART-WORK\Data\Voyager\voyager1\mag\48s\reviewed_vim\2019\voyager1_48s_mag-vim_20190101_v01.cdf,C:\Users\Administrator\Documents\FWD_matlab\Voyager_fu\Voyager_Interstellar_Monthly\HighestPrecision_Segments\V1_MAG48s_segment_0977_20190107T082342_20190107T133006.png,ok,
1,978,2019-01-07 15:58:06,2019-01-07 18:30:54,2.54664,189,48.383,192.671999755859,7200,240,Z:\SPART-WORK\Data\Voyager\voyager1\mag\48s\reviewed_vim\2019\voyager1_48s_mag-vim_20190101_v01.cdf,C:\Users\Administrator\Documents\FWD_matlab\Voyager_fu\Voyager_Interstellar_Monthly\HighestPrecision_Segments\V1_MAG48s_segment_0978_20190107T155806_20190107T183054.png,ok,
1,979,2019-01-08 08:28:30,2019-01-08 11:07:42,2.65343972222222,198,48.3839997558594,143.423,7200,240,Z:\SPART-WORK\Data\Voyager\voyager1\mag\48s\reviewed_vim\2019\voyager1_48s_mag-vim_20190101_v01.cdf,C:\Users\Administrator\Documents\FWD_matlab\Voyager_fu\Voyager_Interstellar_Monthly\HighestPrecision_Segments\V1_MAG48s_segment_0979_20190108T082830_20190108T110742.png,ok,
1,980,2019-01-08 15:53:18,2019-01-08 19:37:18,3.73319972229004,279,48.3839997558594,144.287,7200,240,Z:\SPART-WORK\Data\Voyager\voyager1\mag\48s\reviewed_vim\2019\voyager1_48s_mag-vim_20190101_v01.cdf,C:\Users\Administrator\Documents\FWD_matlab\Voyager_fu\Voyager_Interstellar_Monthly\HighestPrecision_Segments\V1_MAG48s_segment_0980_20190108T155318_20190108T193718.png,ok,
1,981,2019-01-09 08:18:54,2019-01-09 10:37:18,2.30663972229004,144,48.3839997558594,480.383,7200,240,Z:\SPART-WORK\Data\Voyager\voyager1\mag\48s\reviewed_vim\2019\voyager1_48s_mag-vim_20190101_v01.cdf,C:\Users\Administrator\Documents\FWD_matlab\Voyager_fu\Voyager_Interstellar_Monthly\HighestPrecision_Segments\V1_MAG48s_segment_0981_20190109T081854_20190109T103718.png,ok,
1,982,2019-01-09 16:04:30,2019-01-09 20:08:30,4.06656,303,48.3839997558594,191.808999755859,7200,240,Z:\SPART-WORK\Data\Voyager\voyager1\mag\48s\reviewed_vim\2019\voyager1_48s_mag-vim_20190101_v01.cdf,C:\Users\Administrator\Documents\FWD_matlab\Voyager_fu\Voyager_Interstellar_Monthly\HighestPrecision_Segments\V1_MAG48s_segment_0982_20190109T160430_20190109T200830.png,ok,
1,983,2019-01-10 08:13:18,2019-01-10 11:17:18,3.06671972222222,218,48.3839997558594,527.903,7200,240,Z:\SPART-WORK\Data\Voyager\voyager1\mag\48s\reviewed_vim\2019\voyager1_48s_mag-vim_20190101_v01.cdf,C:\Users\Administrator\Documents\FWD_matlab\Voyager_fu\Voyager_Interstellar_Monthly\HighestPrecision_Segments\V1_MAG48s_segment_0983_20190110T081318_20190110T111718.png,ok,
1,984,2019-01-11 08:15:42,2019-01-11 12:10:54,3.91992000006782,293,48.3839997558594,143.425,7200,240,Z:\SPART-WORK\Data\Voyager\voyager1\mag\48s\reviewed_vim\2019\voyager1_48s_mag-vim_20190101_v01.cdf,C:\Users\Administrator\Documents\FWD_matlab\Voyager_fu\Voyager_Interstellar_Monthly\HighestPrecision_Segments\V1_MAG48s_segment_0984_20190111T081542_20190111T121054.png,ok,
1,985,2019-01-11 15:50:05,2019-01-11 18:09:18,2.32008027777778,173,48.3839997558594,144.289,7200,240,Z:\SPART-WORK\Data\Voyager\voyager1\mag\48s\reviewed_vim\2019\voyager1_48s_mag-vim_20190101_v01.cdf,C:\Users\Administrator\Documents\FWD_matlab\Voyager_fu\Voyager_Interstellar_Monthly\HighestPrecision_Segments\V1_MAG48s_segment_0985_20190111T155005_20190111T180918.png,ok,
1,986,2019-01-12 00:10:54,2019-01-12 03:05:17,2.90663999993218,108,48.3839997558594,2928.095,7200,240,Z:\SPART-WORK\Data\Voyager\voyager1\mag\48s\reviewed_vim\2019\voyager1_48s_mag-vim_20190101_v01.cdf,C:\Users\Administrator\Documents\FWD_matlab\Voyager_fu\Voyager_Interstellar_Monthly\HighestPrecision_Segments\V1_MAG48s_segment_0986_20190112T001054_20190112T030517.png,ok,
1,987,2019-01-12 08:07:41,2019-01-12 12:05:17,3.95999972222222,294,48.3839997558594,191.807,7200,240,Z:\SPART-WORK\Data\Voyager\voyager1\mag\48s\reviewed_vim\2019\voyager1_48s_mag-vim_20190101_v01.cdf,C:\Users\Administrator\Documents\FWD_matlab\Voyager_fu\Voyager_Interstellar_Monthly\HighestPrecision_Segments\V1_MAG48s_segment_0987_20190112T080741_20190112T120517.png,ok,
1,988,2019-01-12 15:42:06,2019-01-12 18:05:17,2.38656,179,48.3839997558594,95.905,7200,240,Z:\SPART-WORK\Data\Voyager\voyager1\mag\48s\reviewed_vim\2019\voyager1_48s_mag-vim_20190101_v01.cdf,C:\Users\Administrator\Documents\FWD_matlab\Voyager_fu\Voyager_Interstellar_Monthly\HighestPrecision_Segments\V1_MAG48s_segment_0988_20190112T154206_20190112T180517.png,ok,
1,989,2019-01-13 08:04:30,2019-01-13 12:29:18,4.41336,329,48.3839997558594,191.808999755859,7200,240,Z:\SPART-WORK\Data\Voyager\voyager1\mag\48s\reviewed_vim\2019\voyager1_48s_mag-vim_20190101_v01.cdf,C:\Users\Administrator\Documents\FWD_matlab\Voyager_fu\Voyager_Interstellar_Monthly\HighestPrecision_Segments\V1_MAG48s_segment_0989_20190113T080430_20190113T122918.png,ok,
1,990,2019-01-13 15:27:42,2019-01-13 18:02:54,2.58672,193,48.3839997558594,144.287000244141,7200,240,Z:\SPART-WORK\Data\Voyager\voyager1\mag\48s\reviewed_vim\2019\voyager1_48s_mag-vim_20190101_v01.cdf,C:\Users\Administrator\Documents\FWD_matlab\Voyager_fu\Voyager_Interstellar_Monthly\HighestPrecision_Segments\V1_MAG48s_segment_0990_20190113T152742_20190113T180254.png,ok,
1,991,2019-01-14 07:50:06,2019-01-14 09:50:05,1.99991972222222,149,48.3839997558594,143.424,7200,240,Z:\SPART-WORK\Data\Voyager\voyager1\mag\48s\reviewed_vim\2019\voyager1_48s_mag-vim_20190101_v01.cdf,C:\Users\Administrator\Documents\FWD_matlab\Voyager_fu\Voyager_Interstellar_Monthly\HighestPrecision_Segments\V1_MAG48s_segment_0991_20190114T075006_20190114T095005.png,ok,
1,992,2019-01-14 15:34:05,2019-01-14 18:30:05,2.93327972222222,221,48.3839997558594,48.385,7200,240,Z:\SPART-WORK\Data\Voyager\voyager1\mag\48s\reviewed_vim\2019\voyager1_48s_mag-vim_20190101_v01.cdf,C:\Users\Administrator\Documents\FWD_matlab\Voyager_fu\Voyager_Interstellar_Monthly\HighestPrecision_Segments\V1_MAG48s_segment_0992_20190114T153405_20190114T183005.png,ok,
1,993,2019-01-15 16:47:41,2019-01-15 17:49:18,1.02672,76,48.3839997558594,143.423,7200,240,Z:\SPART-WORK\Data\Voyager\voyager1\mag\48s\reviewed_vim\2019\voyager1_48s_mag-vim_20190101_v01.cdf,C:\Users\Administrator\Documents\FWD_matlab\Voyager_fu\Voyager_Interstellar_Monthly\HighestPrecision_Segments\V1_MAG48s_segment_0993_20190115T164741_20190115T174918.png,ok,
1,994,2019-01-16 02:38:05,2019-01-16 11:06:54,8.48015972222222,555,48.3839997558594,3792.09699975586,7200,240,Z:\SPART-WORK\Data\Voyager\voyager1\mag\48s\reviewed_vim\2019\voyager1_48s_mag-vim_20190101_v01.cdf,C:\Users\Administrator\Documents\FWD_matlab\Voyager_fu\Voyager_Interstellar_Monthly\HighestPrecision_Segments\V1_MAG48s_segment_0994_20190116T023805_20190116T110654.png,ok,
1,995,2019-01-16 15:37:17,2019-01-16 17:51:42,2.24016,166,48.3839997558594,192.672,7200,240,Z:\SPART-WORK\Data\Voyager\voyager1\mag\48s\reviewed_vim\2019\voyager1_48s_mag-vim_20190101_v01.cdf,C:\Users\Administrator\Documents\FWD_matlab\Voyager_fu\Voyager_Interstellar_Monthly\HighestPrecision_Segments\V1_MAG48s_segment_0995_20190116T153717_20190116T175142.png,ok,
1,996,2019-01-17 07:51:42,2019-01-17 13:05:18,5.22671972222222,387,48.3839998779297,287.712999755859,7200,240,Z:\SPART-WORK\Data\Voyager\voyager1\mag\48s\reviewed_vim\2019\voyager1_48s_mag-vim_20190101_v01.cdf,C:\Users\Administrator\Documents\FWD_matlab\Voyager_fu\Voyager_Interstellar_Monthly\HighestPrecision_Segments\V1_MAG48s_segment_0996_20190117T075142_20190117T130518.png,ok,
1,997,2019-01-18 07:34:53,2019-01-18 11:46:06,4.1868,314,48.3839997558594,95.904,7200,240,Z:\SPART-WORK\Data\Voyager\voyager1\mag\48s\reviewed_vim\2019\voyager1_48s_mag-vim_20190101_v01.cdf,C:\Users\Administrator\Documents\FWD_matlab\Voyager_fu\Voyager_Interstellar_Monthly\HighestPrecision_Segments\V1_MAG48s_segment_0997_20190118T073453_20190118T114606.png,ok,
1,998,2019-01-18 16:06:05,2019-01-18 18:14:54,2.1468,162,48.3839997558594,48.385,7200,240,Z:\SPART-WORK\Data\Voyager\voyager1\mag\48s\reviewed_vim\2019\voyager1_48s_mag-vim_20190101_v01.cdf,C:\Users\Administrator\Documents\FWD_matlab\Voyager_fu\Voyager_Interstellar_Monthly\HighestPrecision_Segments\V1_MAG48s_segment_0998_20190118T160605_20190118T181454.png,ok,
1,999,2019-01-19 07:38:53,2019-01-19 11:39:41,4.01328,297,48.3839997558594,240.192999755859,7200,240,Z:\SPART-WORK\Data\Voyager\voyager1\mag\48s\reviewed_vim\2019\voyager1_48s_mag-vim_20190101_v01.cdf,C:\Users\Administrator\Documents\FWD_matlab\Voyager_fu\Voyager_Interstellar_Monthly\HighestPrecision_Segments\V1_MAG48s_segment_0999_20190119T073853_20190119T113941.png,ok,
1,1000,2019-01-19 15:16:30,2019-01-19 17:35:41,2.31984,174,48.3839997558594,95.9049997558594,7200,240,Z:\SPART-WORK\Data\Voyager\voyager1\mag\48s\reviewed_vim\2019\voyager1_48s_mag-vim_20190101_v01.cdf,C:\Users\Administrator\Documents\FWD_matlab\Voyager_fu\Voyager_Interstellar_Monthly\HighestPrecision_Segments\V1_MAG48s_segment_1000_20190119T151630_20190119T173541.png,ok,
1,1001,2019-01-20 07:24:29,2019-01-20 10:34:53,3.17328,237,48.3839997558594,144.289,7200,240,Z:\SPART-WORK\Data\Voyager\voyager1\mag\48s\reviewed_vim\2019\voyager1_48s_mag-vim_20190101_v01.cdf,C:\Users\Administrator\Documents\FWD_matlab\Voyager_fu\Voyager_Interstellar_Monthly\HighestPrecision_Segments\V1_MAG48s_segment_1001_20190120T072429_20190120T103453.png,ok,
1,1002,2019-01-20 15:30:05,2019-01-20 19:11:41,3.69336,275,48.3839997558594,191.807,7200,240,Z:\SPART-WORK\Data\Voyager\voyager1\mag\48s\reviewed_vim\2019\voyager1_48s_mag-vim_20190101_v01.cdf,C:\Users\Administrator\Documents\FWD_matlab\Voyager_fu\Voyager_Interstellar_Monthly\HighestPrecision_Segments\V1_MAG48s_segment_1002_20190120T153005_20190120T191141.png,ok,
1,1003,2019-01-21 07:30:53,2019-01-21 11:45:17,4.24007972222222,319,48.3839997558594,48.385,7200,240,Z:\SPART-WORK\Data\Voyager\voyager1\mag\48s\reviewed_vim\2019\voyager1_48s_mag-vim_20190101_v01.cdf,C:\Users\Administrator\Documents\FWD_matlab\Voyager_fu\Voyager_Interstellar_Monthly\HighestPrecision_Segments\V1_MAG48s_segment_1003_20190121T073053_20190121T114517.png,ok,
1,1004,2019-01-22 07:26:05,2019-01-22 07:39:41,0.226560277777778,12,48.384,191.808,7200,240,Z:\SPART-WORK\Data\Voyager\voyager1\mag\48s\reviewed_vim\2019\voyager1_48s_mag-vim_20190101_v01.cdf,C:\Users\Administrator\Documents\FWD_matlab\Voyager_fu\Voyager_Interstellar_Monthly\HighestPrecision_Segments\V1_MAG48s_segment_1004_20190122T072605_20190122T073941.png,ok,
1,1005,2019-01-22 10:04:29,2019-01-22 12:18:53,2.23992027777778,167,48.3839997558594,143.425,7200,240,Z:\SPART-WORK\Data\Voyager\voyager1\mag\48s\reviewed_vim\2019\voyager1_48s_mag-vim_20190101_v01.cdf,C:\Users\Administrator\Documents\FWD_matlab\Voyager_fu\Voyager_Interstellar_Monthly\HighestPrecision_Segments\V1_MAG48s_segment_1005_20190122T100429_20190122T121853.png,ok,
1,1006,2019-01-22 15:22:53,2019-01-22 18:00:30,2.62680027777778,194,48.3839997558594,191.809,7200,240,Z:\SPART-WORK\Data\Voyager\voyager1\mag\48s\reviewed_vim\2019\voyager1_48s_mag-vim_20190101_v01.cdf,C:\Users\Administrator\Documents\FWD_matlab\Voyager_fu\Voyager_Interstellar_Monthly\HighestPrecision_Segments\V1_MAG48s_segment_1006_20190122T152253_20190122T180030.png,ok,
1,1007,2019-01-23 07:26:05,2019-01-23 12:10:54,4.74672027777778,353,48.3839997558594,95.905,7200,240,Z:\SPART-WORK\Data\Voyager\voyager1\mag\48s\reviewed_vim\2019\voyager1_48s_mag-vim_20190101_v01.cdf,C:\Users\Administrator\Documents\FWD_matlab\Voyager_fu\Voyager_Interstellar_Monthly\HighestPrecision_Segments\V1_MAG48s_segment_1007_20190123T072605_20190123T121054.png,ok,
1,1008,2019-01-23 15:14:53,2019-01-23 19:32:29,4.29336,320,48.3839997558594,192.673,7200,240,Z:\SPART-WORK\Data\Voyager\voyager1\mag\48s\reviewed_vim\2019\voyager1_48s_mag-vim_20190101_v01.cdf,C:\Users\Administrator\Documents\FWD_matlab\Voyager_fu\Voyager_Interstellar_Monthly\HighestPrecision_Segments\V1_MAG48s_segment_1008_20190123T151453_20190123T193229.png,ok,
1,1009,2019-01-24 07:22:54,2019-01-24 11:26:53,4.06655999993218,298,48.3839997558594,287.711,7200,240,Z:\SPART-WORK\Data\Voyager\voyager1\mag\48s\reviewed_vim\2019\voyager1_48s_mag-vim_20190101_v01.cdf,C:\Users\Administrator\Documents\FWD_matlab\Voyager_fu\Voyager_Interstellar_Monthly\HighestPrecision_Segments\V1_MAG48s_segment_1009_20190124T072254_20190124T112653.png,ok,
1,1010,2019-01-24 16:38:05,2019-01-24 17:40:30,1.04016,79,48.3839997558594,48.385,7200,240,Z:\SPART-WORK\Data\Voyager\voyager1\mag\48s\reviewed_vim\2019\voyager1_48s_mag-vim_20190101_v01.cdf,C:\Users\Administrator\Documents\FWD_matlab\Voyager_fu\Voyager_Interstellar_Monthly\HighestPrecision_Segments\V1_MAG48s_segment_1010_20190124T163805_20190124T174030.png,ok,
1,1011,2019-01-25 07:05:17,2019-01-25 11:40:29,4.58664027777778,221,48.3839997558594,5760.289,7200,240,Z:\SPART-WORK\Data\Voyager\voyager1\mag\48s\reviewed_vim\2019\voyager1_48s_mag-vim_20190101_v01.cdf,C:\Users\Administrator\Documents\FWD_matlab\Voyager_fu\Voyager_Interstellar_Monthly\HighestPrecision_Segments\V1_MAG48s_segment_1011_20190125T070517_20190125T114029.png,ok,
1,1012,2019-01-25 14:46:05,2019-01-25 18:50:53,4.08000027777778,307,48.3839997558594,48.385,7200,240,Z:\SPART-WORK\Data\Voyager\voyager1\mag\48s\reviewed_vim\2019\voyager1_48s_mag-vim_20190101_v01.cdf,C:\Users\Administrator\Documents\FWD_matlab\Voyager_fu\Voyager_Interstellar_Monthly\HighestPrecision_Segments\V1_MAG48s_segment_1012_20190125T144605_20190125T185053.png,ok,
1,1013,2019-01-26 07:14:53,2019-01-26 10:14:05,2.98656,223,48.3839997558594,144.289,7200,240,Z:\SPART-WORK\Data\Voyager\voyager1\mag\48s\reviewed_vim\2019\voyager1_48s_mag-vim_20190101_v01.cdf,C:\Users\Administrator\Documents\FWD_matlab\Voyager_fu\Voyager_Interstellar_Monthly\HighestPrecision_Segments\V1_MAG48s_segment_1013_20190126T071453_20190126T101405.png,ok,
1,1014,2019-01-26 14:46:05,2019-01-26 18:49:17,4.05336027777778,303,48.3839997558594,144.289,7200,240,Z:\SPART-WORK\Data\Voyager\voyager1\mag\48s\reviewed_vim\2019\voyager1_48s_mag-vim_20190101_v01.cdf,C:\Users\Administrator\Documents\FWD_matlab\Voyager_fu\Voyager_Interstellar_Monthly\HighestPrecision_Segments\V1_MAG48s_segment_1014_20190126T144605_20190126T184917.png,ok,
1,1015,2019-01-27 07:05:17,2019-01-27 09:55:41,2.84016,212,48.3839997558594,144.289,7200,240,Z:\SPART-WORK\Data\Voyager\voyager1\mag\48s\reviewed_vim\2019\voyager1_48s_mag-vim_20190101_v01.cdf,C:\Users\Administrator\Documents\FWD_matlab\Voyager_fu\Voyager_Interstellar_Monthly\HighestPrecision_Segments\V1_MAG48s_segment_1015_20190127T070517_20190127T095541.png,ok,
1,1016,2019-01-27 14:58:53,2019-01-27 18:39:42,3.68016,277,48.3839997558594,48.385,7200,240,Z:\SPART-WORK\Data\Voyager\voyager1\mag\48s\reviewed_vim\2019\voyager1_48s_mag-vim_20190101_v01.cdf,C:\Users\Administrator\Documents\FWD_matlab\Voyager_fu\Voyager_Interstellar_Monthly\HighestPrecision_Segments\V1_MAG48s_segment_1016_20190127T145853_20190127T183942.png,ok,
1,1017,2019-01-28 07:06:53,2019-01-28 08:35:41,1.48007972229004,109,48.3839997558594,191.808,7200,240,Z:\SPART-WORK\Data\Voyager\voyager1\mag\48s\reviewed_vim\2019\voyager1_48s_mag-vim_20190101_v01.cdf,C:\Users\Administrator\Documents\FWD_matlab\Voyager_fu\Voyager_Interstellar_Monthly\HighestPrecision_Segments\V1_MAG48s_segment_1017_20190128T070653_20190128T083541.png,ok,
1,1018,2019-01-28 14:38:05,2019-01-28 19:34:53,4.94663972222222,371,48.3839997558594,95.904,7200,240,Z:\SPART-WORK\Data\Voyager\voyager1\mag\48s\reviewed_vim\2019\voyager1_48s_mag-vim_20190101_v01.cdf,C:\Users\Administrator\Documents\FWD_matlab\Voyager_fu\Voyager_Interstellar_Monthly\HighestPrecision_Segments\V1_MAG48s_segment_1018_20190128T143805_20190128T193453.png,ok,
1,1019,2019-01-29 07:02:05,2019-01-29 07:38:05,0.600000277709961,46,48.3839997558594,48.3840002441406,7200,240,Z:\SPART-WORK\Data\Voyager\voyager1\mag\48s\reviewed_vim\2019\voyager1_48s_mag-vim_20190101_v01.cdf,C:\Users\Administrator\Documents\FWD_matlab\Voyager_fu\Voyager_Interstellar_Monthly\HighestPrecision_Segments\V1_MAG48s_segment_1019_20190129T070205_20190129T073805.png,ok,
1,1020,2019-01-29 10:10:53,2019-01-29 11:00:29,0.8268,61,48.3839998779297,143.423,7200,240,Z:\SPART-WORK\Data\Voyager\voyager1\mag\48s\reviewed_vim\2019\voyager1_48s_mag-vim_20190101_v01.cdf,C:\Users\Administrator\Documents\FWD_matlab\Voyager_fu\Voyager_Interstellar_Monthly\HighestPrecision_Segments\V1_MAG48s_segment_1020_20190129T101053_20190129T110029.png,ok,
1,1021,2019-01-29 17:03:41,2019-01-29 17:29:17,0.426720277777778,29,48.3839998779297,240.192,7200,240,Z:\SPART-WORK\Data\Voyager\voyager1\mag\48s\reviewed_vim\2019\voyager1_48s_mag-vim_20190101_v01.cdf,C:\Users\Administrator\Documents\FWD_matlab\Voyager_fu\Voyager_Interstellar_Monthly\HighestPrecision_Segments\V1_MAG48s_segment_1021_20190129T170341_20190129T172917.png,ok,
1,1022,2019-01-29 20:14:05,2019-01-29 21:00:29,0.773280277709961,59,48.3839997558594,48.385,7200,240,Z:\SPART-WORK\Data\Voyager\voyager1\mag\48s\reviewed_vim\2019\voyager1_48s_mag-vim_20190101_v01.cdf,C:\Users\Administrator\Documents\FWD_matlab\Voyager_fu\Voyager_Interstellar_Monthly\HighestPrecision_Segments\V1_MAG48s_segment_1022_20190129T201405_20190129T210029.png,ok,
1,1023,2019-01-30 14:28:29,2019-01-30 18:45:17,4.27991972222222,318,48.3839997558594,191.809,7200,240,Z:\SPART-WORK\Data\Voyager\voyager1\mag\48s\reviewed_vim\2019\voyager1_48s_mag-vim_20190101_v01.cdf,C:\Users\Administrator\Documents\FWD_matlab\Voyager_fu\Voyager_Interstellar_Monthly\HighestPrecision_Segments\V1_MAG48s_segment_1023_20190130T142829_20190130T184517.png,ok,
1,1024,2019-01-31 06:50:54,2019-01-31 09:25:18,2.57327972229004,179,48.384,527.903999755859,7200,240,Z:\SPART-WORK\Data\Voyager\voyager1\mag\48s\reviewed_vim\2019\voyager1_48s_mag-vim_20190101_v01.cdf,C:\Users\Administrator\Documents\FWD_matlab\Voyager_fu\Voyager_Interstellar_Monthly\HighestPrecision_Segments\V1_MAG48s_segment_1024_20190131T065054_20190131T092518.png,ok,
1,1025,2019-01-31 16:10:54,2019-01-31 21:06:06,4.91999972222222,325,48.3839997558594,2112.479,7200,240,Z:\SPART-WORK\Data\Voyager\voyager1\mag\48s\reviewed_vim\2019\voyager1_48s_mag-vim_20190101_v01.cdf,C:\Users\Administrator\Documents\FWD_matlab\Voyager_fu\Voyager_Interstellar_Monthly\HighestPrecision_Segments\V1_MAG48s_segment_1025_20190131T161054_20190131T210606.png,ok,
1,1026,2019-02-01 06:49:17,2019-02-01 11:15:41,4.44,317,48.384,240.193,7200,240,Z:\SPART-WORK\Data\Voyager\voyager1\mag\48s\reviewed_vim\2019\voyager1_48s_mag-vim_20190101_v01.cdf,C:\Users\Administrator\Documents\FWD_matlab\Voyager_fu\Voyager_Interstellar_Monthly\HighestPrecision_Segments\V1_MAG48s_segment_1026_20190201T064917_20190201T111541.png,ok,
1,1027,2019-02-02 06:58:53,2019-02-02 09:30:05,2.51999972222222,190,48.3839997558594,48.385,7200,240,Z:\SPART-WORK\Data\Voyager\voyager1\mag\48s\reviewed_vim\2019\voyager1_48s_mag-vim_20190101_v01.cdf,C:\Users\Administrator\Documents\FWD_matlab\Voyager_fu\Voyager_Interstellar_Monthly\HighestPrecision_Segments\V1_MAG48s_segment_1027_20190202T065853_20190202T093005.png,ok,
1,1028,2019-02-02 14:22:05,2019-02-02 18:34:53,4.2132,312,48.3839997558594,191.808,7200,240,Z:\SPART-WORK\Data\Voyager\voyager1\mag\48s\reviewed_vim\2019\voyager1_48s_mag-vim_20190101_v01.cdf,C:\Users\Administrator\Documents\FWD_matlab\Voyager_fu\Voyager_Interstellar_Monthly\HighestPrecision_Segments\V1_MAG48s_segment_1028_20190202T142205_20190202T183453.png,ok,
1,1029,2019-02-03 06:36:29,2019-02-03 09:30:05,2.89344,218,48.3839997558594,48.385,7200,240,Z:\SPART-WORK\Data\Voyager\voyager1\mag\48s\reviewed_vim\2019\voyager1_48s_mag-vim_20190101_v01.cdf,C:\Users\Administrator\Documents\FWD_matlab\Voyager_fu\Voyager_Interstellar_Monthly\HighestPrecision_Segments\V1_MAG48s_segment_1029_20190203T063629_20190203T093005.png,ok,
1,1030,2019-02-03 14:10:53,2019-02-03 18:07:41,3.94656,295,48.3839997558594,144.287000244141,7200,240,Z:\SPART-WORK\Data\Voyager\voyager1\mag\48s\reviewed_vim\2019\voyager1_48s_mag-vim_20190101_v01.cdf,C:\Users\Administrator\Documents\FWD_matlab\Voyager_fu\Voyager_Interstellar_Monthly\HighestPrecision_Segments\V1_MAG48s_segment_1030_20190203T141053_20190203T180741.png,ok,
1,1031,2019-02-04 06:34:53,2019-02-04 11:20:29,4.75992,357,48.3839997558594,95.903,7200,240,Z:\SPART-WORK\Data\Voyager\voyager1\mag\48s\reviewed_vim\2019\voyager1_48s_mag-vim_20190101_v01.cdf,C:\Users\Administrator\Documents\FWD_matlab\Voyager_fu\Voyager_Interstellar_Monthly\HighestPrecision_Segments\V1_MAG48s_segment_1031_20190204T063453_20190204T112029.png,ok,
1,1032,2019-02-04 14:01:17,2019-02-04 18:06:05,4.08,304,48.3839997558594,192.673,7200,240,Z:\SPART-WORK\Data\Voyager\voyager1\mag\48s\reviewed_vim\2019\voyager1_48s_mag-vim_20190101_v01.cdf,C:\Users\Administrator\Documents\FWD_matlab\Voyager_fu\Voyager_Interstellar_Monthly\HighestPrecision_Segments\V1_MAG48s_segment_1032_20190204T140117_20190204T180605.png,ok,
1,1033,2019-02-05 06:28:29,2019-02-05 11:05:17,4.61327972222222,346,48.384,95.903,7200,240,Z:\SPART-WORK\Data\Voyager\voyager1\mag\48s\reviewed_vim\2019\voyager1_48s_mag-vim_20190101_v01.cdf,C:\Users\Administrator\Documents\FWD_matlab\Voyager_fu\Voyager_Interstellar_Monthly\HighestPrecision_Segments\V1_MAG48s_segment_1033_20190205T062829_20190205T110517.png,ok,
1,1034,2019-02-05 14:06:06,2019-02-05 18:04:29,3.97320027770996,296,48.3839997558594,191.808,7200,240,Z:\SPART-WORK\Data\Voyager\voyager1\mag\48s\reviewed_vim\2019\voyager1_48s_mag-vim_20190101_v01.cdf,C:\Users\Administrator\Documents\FWD_matlab\Voyager_fu\Voyager_Interstellar_Monthly\HighestPrecision_Segments\V1_MAG48s_segment_1034_20190205T140606_20190205T180429.png,ok,
1,1035,2019-02-06 07:03:41,2019-02-06 11:05:17,4.02672,302,48.384,95.905,7200,240,Z:\SPART-WORK\Data\Voyager\voyager1\mag\48s\reviewed_vim\2019\voyager1_48s_mag-vim_20190101_v01.cdf,C:\Users\Administrator\Documents\FWD_matlab\Voyager_fu\Voyager_Interstellar_Monthly\HighestPrecision_Segments\V1_MAG48s_segment_1035_20190206T070341_20190206T110517.png,ok,
1,1036,2019-02-06 13:54:53,2019-02-06 17:54:53,3.99984,301,48.3839997558594,48.385,7200,240,Z:\SPART-WORK\Data\Voyager\voyager1\mag\48s\reviewed_vim\2019\voyager1_48s_mag-vim_20190101_v01.cdf,C:\Users\Administrator\Documents\FWD_matlab\Voyager_fu\Voyager_Interstellar_Monthly\HighestPrecision_Segments\V1_MAG48s_segment_1036_20190206T135453_20190206T175453.png,ok,
1,1037,2019-02-07 06:20:29,2019-02-07 09:15:41,2.92008,219,48.3839997558594,96.768,7200,240,Z:\SPART-WORK\Data\Voyager\voyager1\mag\48s\reviewed_vim\2019\voyager1_48s_mag-vim_20190101_v01.cdf,C:\Users\Administrator\Documents\FWD_matlab\Voyager_fu\Voyager_Interstellar_Monthly\HighestPrecision_Segments\V1_MAG48s_segment_1037_20190207T062029_20190207T091541.png,ok,
1,1038,2019-02-07 13:59:41,2019-02-07 18:35:41,4.60008,343,48.3839997558594,191.808,7200,240,Z:\SPART-WORK\Data\Voyager\voyager1\mag\48s\reviewed_vim\2019\voyager1_48s_mag-vim_20190101_v01.cdf,C:\Users\Administrator\Documents\FWD_matlab\Voyager_fu\Voyager_Interstellar_Monthly\HighestPrecision_Segments\V1_MAG48s_segment_1038_20190207T135941_20190207T183541.png,ok,
1,1039,2019-02-08 06:18:53,2019-02-08 10:20:29,4.02672,302,48.3839997558594,95.903,7200,240,Z:\SPART-WORK\Data\Voyager\voyager1\mag\48s\reviewed_vim\2019\voyager1_48s_mag-vim_20190101_v01.cdf,C:\Users\Administrator\Documents\FWD_matlab\Voyager_fu\Voyager_Interstellar_Monthly\HighestPrecision_Segments\V1_MAG48s_segment_1039_20190208T061853_20190208T102029.png,ok,
1,1040,2019-02-08 13:56:29,2019-02-08 16:20:29,2.40000027777778,178,48.3839997558594,143.424,7200,240,Z:\SPART-WORK\Data\Voyager\voyager1\mag\48s\reviewed_vim\2019\voyager1_48s_mag-vim_20190101_v01.cdf,C:\Users\Administrator\Documents\FWD_matlab\Voyager_fu\Voyager_Interstellar_Monthly\HighestPrecision_Segments\V1_MAG48s_segment_1040_20190208T135629_20190208T162029.png,ok,
1,1041,2019-02-09 06:58:53,2019-02-09 09:07:41,2.14655972222222,162,48.3839997558594,48.3849997558594,7200,240,Z:\SPART-WORK\Data\Voyager\voyager1\mag\48s\reviewed_vim\2019\voyager1_48s_mag-vim_20190101_v01.cdf,C:\Users\Administrator\Documents\FWD_matlab\Voyager_fu\Voyager_Interstellar_Monthly\HighestPrecision_Segments\V1_MAG48s_segment_1041_20190209T065853_20190209T090741.png,ok,
1,1042,2019-02-09 13:50:05,2019-02-09 15:46:53,1.94663972222222,144,48.3839997558594,191.808000244141,7200,240,Z:\SPART-WORK\Data\Voyager\voyager1\mag\48s\reviewed_vim\2019\voyager1_48s_mag-vim_20190101_v01.cdf,C:\Users\Administrator\Documents\FWD_matlab\Voyager_fu\Voyager_Interstellar_Monthly\HighestPrecision_Segments\V1_MAG48s_segment_1042_20190209T135005_20190209T154653.png,ok,
1,1043,2019-02-09 22:10:53,2019-02-09 23:43:41,1.54655972229004,115,48.3839998779297,143.424,7200,240,Z:\SPART-WORK\Data\Voyager\voyager1\mag\48s\reviewed_vim\2019\voyager1_48s_mag-vim_20190101_v01.cdf,C:\Users\Administrator\Documents\FWD_matlab\Voyager_fu\Voyager_Interstellar_Monthly\HighestPrecision_Segments\V1_MAG48s_segment_1043_20190209T221053_20190209T234341.png,ok,
1,1044,2019-02-10 06:18:53,2019-02-10 09:01:17,2.70672,203,48.3839997558594,95.903,7200,240,Z:\SPART-WORK\Data\Voyager\voyager1\mag\48s\reviewed_vim\2019\voyager1_48s_mag-vim_20190101_v01.cdf,C:\Users\Administrator\Documents\FWD_matlab\Voyager_fu\Voyager_Interstellar_Monthly\HighestPrecision_Segments\V1_MAG48s_segment_1044_20190210T061853_20190210T090117.png,ok,
1,1045,2019-02-10 13:50:05,2019-02-10 17:45:16,3.91992,292,48.3839997558594,191.808000244141,7200,240,Z:\SPART-WORK\Data\Voyager\voyager1\mag\48s\reviewed_vim\2019\voyager1_48s_mag-vim_20190101_v01.cdf,C:\Users\Administrator\Documents\FWD_matlab\Voyager_fu\Voyager_Interstellar_Monthly\HighestPrecision_Segments\V1_MAG48s_segment_1045_20190210T135005_20190210T174516.png,ok,
1,1046,2019-02-11 06:06:05,2019-02-11 10:10:05,4.0668,305,48.3839997558594,95.904,7200,240,Z:\SPART-WORK\Data\Voyager\voyager1\mag\48s\reviewed_vim\2019\voyager1_48s_mag-vim_20190101_v01.cdf,C:\Users\Administrator\Documents\FWD_matlab\Voyager_fu\Voyager_Interstellar_Monthly\HighestPrecision_Segments\V1_MAG48s_segment_1046_20190211T060605_20190211T101005.png,ok,
1,1047,2019-02-12 06:01:17,2019-02-12 11:05:17,5.06663972222222,381,48.3839997558594,48.3849997558594,7200,240,Z:\SPART-WORK\Data\Voyager\voyager1\mag\48s\reviewed_vim\2019\voyager1_48s_mag-vim_20190101_v01.cdf,C:\Users\Administrator\Documents\FWD_matlab\Voyager_fu\Voyager_Interstellar_Monthly\HighestPrecision_Segments\V1_MAG48s_segment_1047_20190212T060117_20190212T110517.png,ok,
1,1048,2019-02-13 05:52:29,2019-02-13 10:00:29,4.13327972222222,311,48.3839997558594,48.3849997558594,7200,240,Z:\SPART-WORK\Data\Voyager\voyager1\mag\48s\reviewed_vim\2019\voyager1_48s_mag-vim_20190101_v01.cdf,C:\Users\Administrator\Documents\FWD_matlab\Voyager_fu\Voyager_Interstellar_Monthly\HighestPrecision_Segments\V1_MAG48s_segment_1048_20190213T055229_20190213T100029.png,ok,
1,1049,2019-02-13 15:40:29,2019-02-13 17:03:41,1.38672,52,48.384,1583.712,7200,240,Z:\SPART-WORK\Data\Voyager\voyager1\mag\48s\reviewed_vim\2019\voyager1_48s_mag-vim_20190101_v01.cdf,C:\Users\Administrator\Documents\FWD_matlab\Voyager_fu\Voyager_Interstellar_Monthly\HighestPrecision_Segments\V1_MAG48s_segment_1049_20190213T154029_20190213T170341.png,ok,
1,1050,2019-02-14 13:27:40,2019-02-14 17:42:05,4.24008,316,48.3839997558594,191.808,7200,240,Z:\SPART-WORK\Data\Voyager\voyager1\mag\48s\reviewed_vim\2019\voyager1_48s_mag-vim_20190101_v01.cdf,C:\Users\Administrator\Documents\FWD_matlab\Voyager_fu\Voyager_Interstellar_Monthly\HighestPrecision_Segments\V1_MAG48s_segment_1050_20190214T132740_20190214T174205.png,ok,
1,1051,2019-02-15 05:59:40,2019-02-15 09:55:41,3.93336,293,48.3839997558594,191.808,7200,240,Z:\SPART-WORK\Data\Voyager\voyager1\mag\48s\reviewed_vim\2019\voyager1_48s_mag-vim_20190101_v01.cdf,C:\Users\Administrator\Documents\FWD_matlab\Voyager_fu\Voyager_Interstellar_Monthly\HighestPrecision_Segments\V1_MAG48s_segment_1051_20190215T055940_20190215T095541.png,ok,
1,1052,2019-02-15 13:24:29,2019-02-15 15:54:53,2.5068,188,48.3839997558594,95.9049997558594,7200,240,Z:\SPART-WORK\Data\Voyager\voyager1\mag\48s\reviewed_vim\2019\voyager1_48s_mag-vim_20190101_v01.cdf,C:\Users\Administrator\Documents\FWD_matlab\Voyager_fu\Voyager_Interstellar_Monthly\HighestPrecision_Segments\V1_MAG48s_segment_1052_20190215T132429_20190215T155453.png,ok,
1,1053,2019-02-16 05:38:53,2019-02-16 09:51:41,4.21343972222222,306,48.3839997558594,479.519000244141,7200,240,Z:\SPART-WORK\Data\Voyager\voyager1\mag\48s\reviewed_vim\2019\voyager1_48s_mag-vim_20190101_v01.cdf,C:\Users\Administrator\Documents\FWD_matlab\Voyager_fu\Voyager_Interstellar_Monthly\HighestPrecision_Segments\V1_MAG48s_segment_1053_20190216T053853_20190216T095141.png,ok,
1,1054,2019-02-16 13:13:17,2019-02-16 15:50:04,2.61312000006782,195,48.3839997558594,144.287000244141,7200,240,Z:\SPART-WORK\Data\Voyager\voyager1\mag\48s\reviewed_vim\2019\voyager1_48s_mag-vim_20190101_v01.cdf,C:\Users\Administrator\Documents\FWD_matlab\Voyager_fu\Voyager_Interstellar_Monthly\HighestPrecision_Segments\V1_MAG48s_segment_1054_20190216T131317_20190216T155004.png,ok,
1,1055,2019-02-17 05:42:05,2019-02-17 08:36:29,2.90663972229004,219,48.3839997558594,48.3849997558594,7200,240,Z:\SPART-WORK\Data\Voyager\voyager1\mag\48s\reviewed_vim\2019\voyager1_48s_mag-vim_20190101_v01.cdf,C:\Users\Administrator\Documents\FWD_matlab\Voyager_fu\Voyager_Interstellar_Monthly\HighestPrecision_Segments\V1_MAG48s_segment_1055_20190217T054205_20190217T083629.png,ok,
1,1056,2019-02-17 13:26:04,2019-02-17 17:20:29,3.90672,292,48.3839997558594,143.424,7200,240,Z:\SPART-WORK\Data\Voyager\voyager1\mag\48s\reviewed_vim\2019\voyager1_48s_mag-vim_20190101_v01.cdf,C:\Users\Administrator\Documents\FWD_matlab\Voyager_fu\Voyager_Interstellar_Monthly\HighestPrecision_Segments\V1_MAG48s_segment_1056_20190217T132604_20190217T172029.png,ok,
1,1057,2019-02-18 05:46:52,2019-02-18 09:46:05,3.98687972222222,299,48.3839997558594,95.903,7200,240,Z:\SPART-WORK\Data\Voyager\voyager1\mag\48s\reviewed_vim\2019\voyager1_48s_mag-vim_20190101_v01.cdf,C:\Users\Administrator\Documents\FWD_matlab\Voyager_fu\Voyager_Interstellar_Monthly\HighestPrecision_Segments\V1_MAG48s_segment_1057_20190218T054652_20190218T094605.png,ok,
1,1058,2019-02-18 13:29:16,2019-02-18 15:41:17,2.20008000006782,166,48.3839997558594,48.3849997558594,7200,240,Z:\SPART-WORK\Data\Voyager\voyager1\mag\48s\reviewed_vim\2019\voyager1_48s_mag-vim_20190101_v01.cdf,C:\Users\Administrator\Documents\FWD_matlab\Voyager_fu\Voyager_Interstellar_Monthly\HighestPrecision_Segments\V1_MAG48s_segment_1058_20190218T132916_20190218T154117.png,ok,
1,1059,2019-02-19 05:30:52,2019-02-19 11:06:53,5.60016027770996,420,48.3839997558594,95.9049997558594,7200,240,Z:\SPART-WORK\Data\Voyager\voyager1\mag\48s\reviewed_vim\2019\voyager1_48s_mag-vim_20190101_v01.cdf,C:\Users\Administrator\Documents\FWD_matlab\Voyager_fu\Voyager_Interstellar_Monthly\HighestPrecision_Segments\V1_MAG48s_segment_1059_20190219T053052_20190219T110653.png,ok,
1,1060,2019-02-19 14:44:29,2019-02-19 15:43:41,0.986640277777778,72,48.3839997558594,191.807,7200,240,Z:\SPART-WORK\Data\Voyager\voyager1\mag\48s\reviewed_vim\2019\voyager1_48s_mag-vim_20190101_v01.cdf,C:\Users\Administrator\Documents\FWD_matlab\Voyager_fu\Voyager_Interstellar_Monthly\HighestPrecision_Segments\V1_MAG48s_segment_1060_20190219T144429_20190219T154341.png,ok,
1,1061,2019-02-20 05:48:28,2019-02-20 11:05:17,5.28024,397,48.3839997558594,48.3849997558594,7200,240,Z:\SPART-WORK\Data\Voyager\voyager1\mag\48s\reviewed_vim\2019\voyager1_48s_mag-vim_20190101_v01.cdf,C:\Users\Administrator\Documents\FWD_matlab\Voyager_fu\Voyager_Interstellar_Monthly\HighestPrecision_Segments\V1_MAG48s_segment_1061_20190220T054828_20190220T110517.png,ok,
1,1062,2019-02-20 13:11:40,2019-02-20 17:26:05,4.24007999993218,318,48.3839997558594,95.9049997558594,7200,240,Z:\SPART-WORK\Data\Voyager\voyager1\mag\48s\reviewed_vim\2019\voyager1_48s_mag-vim_20190101_v01.cdf,C:\Users\Administrator\Documents\FWD_matlab\Voyager_fu\Voyager_Interstellar_Monthly\HighestPrecision_Segments\V1_MAG48s_segment_1062_20190220T131140_20190220T172605.png,ok,
1,1063,2019-02-21 05:21:16,2019-02-21 09:38:05,4.28016,316,48.3839997558594,192.671,7200,240,Z:\SPART-WORK\Data\Voyager\voyager1\mag\48s\reviewed_vim\2019\voyager1_48s_mag-vim_20190101_v01.cdf,C:\Users\Administrator\Documents\FWD_matlab\Voyager_fu\Voyager_Interstellar_Monthly\HighestPrecision_Segments\V1_MAG48s_segment_1063_20190221T052116_20190221T093805.png,ok,
1,1064,2019-02-21 13:05:17,2019-02-21 15:30:53,2.42664,180,48.3839997558594,191.808,7200,240,Z:\SPART-WORK\Data\Voyager\voyager1\mag\48s\reviewed_vim\2019\voyager1_48s_mag-vim_20190101_v01.cdf,C:\Users\Administrator\Documents\FWD_matlab\Voyager_fu\Voyager_Interstellar_Monthly\HighestPrecision_Segments\V1_MAG48s_segment_1064_20190221T130517_20190221T153053.png,ok,
1,1065,2019-02-22 07:43:40,2019-02-22 09:33:16,1.82664,136,48.3839997558594,144.288,7200,240,Z:\SPART-WORK\Data\Voyager\voyager1\mag\48s\reviewed_vim\2019\voyager1_48s_mag-vim_20190101_v01.cdf,C:\Users\Administrator\Documents\FWD_matlab\Voyager_fu\Voyager_Interstellar_Monthly\HighestPrecision_Segments\V1_MAG48s_segment_1065_20190222T074340_20190222T093316.png,ok,
1,1066,2019-02-22 13:10:52,2019-02-22 17:05:16,3.90672027777778,294,48.3839997558594,48.385,7200,240,Z:\SPART-WORK\Data\Voyager\voyager1\mag\48s\reviewed_vim\2019\voyager1_48s_mag-vim_20190101_v01.cdf,C:\Users\Administrator\Documents\FWD_matlab\Voyager_fu\Voyager_Interstellar_Monthly\HighestPrecision_Segments\V1_MAG48s_segment_1066_20190222T131052_20190222T170516.png,ok,
1,1067,2019-02-23 05:18:04,2019-02-23 08:12:28,2.90664,216,48.3839997558594,191.808,7200,240,Z:\SPART-WORK\Data\Voyager\voyager1\mag\48s\reviewed_vim\2019\voyager1_48s_mag-vim_20190101_v01.cdf,C:\Users\Administrator\Documents\FWD_matlab\Voyager_fu\Voyager_Interstellar_Monthly\HighestPrecision_Segments\V1_MAG48s_segment_1067_20190223T051804_20190223T081228.png,ok,
1,1068,2019-02-23 13:02:04,2019-02-23 16:56:28,3.90672,293,48.3839997558594,95.905,7200,240,Z:\SPART-WORK\Data\Voyager\voyager1\mag\48s\reviewed_vim\2019\voyager1_48s_mag-vim_20190101_v01.cdf,C:\Users\Administrator\Documents\FWD_matlab\Voyager_fu\Voyager_Interstellar_Monthly\HighestPrecision_Segments\V1_MAG48s_segment_1068_20190223T130204_20190223T165628.png,ok,
1,1069,2019-02-24 05:22:52,2019-02-24 10:35:41,5.21352,390,48.3839997558594,144.287,7200,240,Z:\SPART-WORK\Data\Voyager\voyager1\mag\48s\reviewed_vim\2019\voyager1_48s_mag-vim_20190101_v01.cdf,C:\Users\Administrator\Documents\FWD_matlab\Voyager_fu\Voyager_Interstellar_Monthly\HighestPrecision_Segments\V1_MAG48s_segment_1069_20190224T052252_20190224T103541.png,ok,
1,1070,2019-02-24 12:55:41,2019-02-24 15:26:53,2.52,187,48.3839997558594,191.808,7200,240,Z:\SPART-WORK\Data\Voyager\voyager1\mag\48s\reviewed_vim\2019\voyager1_48s_mag-vim_20190101_v01.cdf,C:\Users\Administrator\Documents\FWD_matlab\Voyager_fu\Voyager_Interstellar_Monthly\HighestPrecision_Segments\V1_MAG48s_segment_1070_20190224T125541_20190224T152653.png,ok,
1,1071,2019-02-25 05:19:40,2019-02-25 08:06:05,2.77344,209,48.3839997558594,48.385,7200,240,Z:\SPART-WORK\Data\Voyager\voyager1\mag\48s\reviewed_vim\2019\voyager1_48s_mag-vim_20190101_v01.cdf,C:\Users\Administrator\Documents\FWD_matlab\Voyager_fu\Voyager_Interstellar_Monthly\HighestPrecision_Segments\V1_MAG48s_segment_1071_20190225T051940_20190225T080605.png,ok,
1,1072,2019-02-25 12:50:53,2019-02-25 18:51:40,6.01320027777778,450,48.3839997558594,144.287,7200,240,Z:\SPART-WORK\Data\Voyager\voyager1\mag\48s\reviewed_vim\2019\voyager1_48s_mag-vim_20190101_v01.cdf,C:\Users\Administrator\Documents\FWD_matlab\Voyager_fu\Voyager_Interstellar_Monthly\HighestPrecision_Segments\V1_MAG48s_segment_1072_20190225T125053_20190225T185140.png,ok,
1,1073,2019-02-26 12:44:28,2019-02-26 15:53:16,3.14664,233,48.3839997558594,240.192,7200,240,Z:\SPART-WORK\Data\Voyager\voyager1\mag\48s\reviewed_vim\2019\voyager1_48s_mag-vim_20190101_v01.cdf,C:\Users\Administrator\Documents\FWD_matlab\Voyager_fu\Voyager_Interstellar_Monthly\HighestPrecision_Segments\V1_MAG48s_segment_1073_20190226T124428_20190226T155316.png,ok,
1,1074,2019-02-26 18:38:05,2019-02-26 19:37:17,0.986640277777778,75,48.384,48.3849997558594,7200,240,Z:\SPART-WORK\Data\Voyager\voyager1\mag\48s\reviewed_vim\2019\voyager1_48s_mag-vim_20190101_v01.cdf,C:\Users\Administrator\Documents\FWD_matlab\Voyager_fu\Voyager_Interstellar_Monthly\HighestPrecision_Segments\V1_MAG48s_segment_1074_20190226T183805_20190226T193717.png,ok,
1,1075,2019-02-27 04:57:17,2019-02-27 10:33:16,5.59992000006782,419,48.3839997558594,144.287000244141,7200,240,Z:\SPART-WORK\Data\Voyager\voyager1\mag\48s\reviewed_vim\2019\voyager1_48s_mag-vim_20190101_v01.cdf,C:\Users\Administrator\Documents\FWD_matlab\Voyager_fu\Voyager_Interstellar_Monthly\HighestPrecision_Segments\V1_MAG48s_segment_1075_20190227T045717_20190227T103316.png,ok,
1,1076,2019-02-28 04:52:28,2019-02-28 07:50:52,2.97335972222222,210,48.3839997558594,432.001,7200,240,Z:\SPART-WORK\Data\Voyager\voyager1\mag\48s\reviewed_vim\2019\voyager1_48s_mag-vim_20190101_v01.cdf,C:\Users\Administrator\Documents\FWD_matlab\Voyager_fu\Voyager_Interstellar_Monthly\HighestPrecision_Segments\V1_MAG48s_segment_1076_20190228T045228_20190228T075052.png,ok,
1,1077,2019-02-28 12:41:17,2019-02-28 19:32:28,6.85319999993218,513,48.3839997558594,144.287,7200,240,Z:\SPART-WORK\Data\Voyager\voyager1\mag\48s\reviewed_vim\2019\voyager1_48s_mag-vim_20190101_v01.cdf,C:\Users\Administrator\Documents\FWD_matlab\Voyager_fu\Voyager_Interstellar_Monthly\HighestPrecision_Segments\V1_MAG48s_segment_1077_20190228T124117_20190228T193228.png,ok,
1,1078,2019-03-01 04:52:28,2019-03-01 09:02:52,4.17336,311,48.3839997558594,191.809,7200,240,Z:\SPART-WORK\Data\Voyager\voyager1\mag\48s\reviewed_vim\2019\voyager1_48s_mag-vim_20190101_v01.cdf,C:\Users\Administrator\Documents\FWD_matlab\Voyager_fu\Voyager_Interstellar_Monthly\HighestPrecision_Segments\V1_MAG48s_segment_1078_20190301T045228_20190301T090252.png,ok,
1,1079,2019-03-01 12:34:52,2019-03-01 15:02:52,2.46672027777778,186,48.3839997558594,48.3849997558594,7200,240,Z:\SPART-WORK\Data\Voyager\voyager1\mag\48s\reviewed_vim\2019\voyager1_48s_mag-vim_20190101_v01.cdf,C:\Users\Administrator\Documents\FWD_matlab\Voyager_fu\Voyager_Interstellar_Monthly\HighestPrecision_Segments\V1_MAG48s_segment_1079_20190301T123452_20190301T150252.png,ok,
1,1080,2019-03-02 12:26:53,2019-03-02 20:01:16,7.5732,566,48.3839997558594,191.807999755859,7200,240,Z:\SPART-WORK\Data\Voyager\voyager1\mag\48s\reviewed_vim\2019\voyager1_48s_mag-vim_20190101_v01.cdf,C:\Users\Administrator\Documents\FWD_matlab\Voyager_fu\Voyager_Interstellar_Monthly\HighestPrecision_Segments\V1_MAG48s_segment_1080_20190302T122653_20190302T200116.png,ok,
1,1081,2019-03-03 04:44:29,2019-03-03 18:21:16,13.61328,935,48.3839997558594,4032.289,7200,240,Z:\SPART-WORK\Data\Voyager\voyager1\mag\48s\reviewed_vim\2019\voyager1_48s_mag-vim_20190101_v01.cdf,C:\Users\Administrator\Documents\FWD_matlab\Voyager_fu\Voyager_Interstellar_Monthly\HighestPrecision_Segments\V1_MAG48s_segment_1081_20190303T044429_20190303T182116.png,ok,
1,1082,2019-03-04 07:35:40,2019-03-04 18:41:17,11.09351972229,804,48.3839997558594,1247.616,7200,240,Z:\SPART-WORK\Data\Voyager\voyager1\mag\48s\reviewed_vim\2019\voyager1_48s_mag-vim_20190101_v01.cdf,C:\Users\Administrator\Documents\FWD_matlab\Voyager_fu\Voyager_Interstellar_Monthly\HighestPrecision_Segments\V1_MAG48s_segment_1082_20190304T073540_20190304T184117.png,ok,
1,1083,2019-03-05 04:39:40,2019-03-05 08:51:40,4.19999972222222,310,48.383,336.095999755859,7200,240,Z:\SPART-WORK\Data\Voyager\voyager1\mag\48s\reviewed_vim\2019\voyager1_48s_mag-vim_20190101_v01.cdf,C:\Users\Administrator\Documents\FWD_matlab\Voyager_fu\Voyager_Interstellar_Monthly\HighestPrecision_Segments\V1_MAG48s_segment_1083_20190305T043940_20190305T085140.png,ok,
1,1084,2019-03-05 12:10:52,2019-03-05 14:46:04,2.58672027777778,194,48.383,96.7680002441406,7200,240,Z:\SPART-WORK\Data\Voyager\voyager1\mag\48s\reviewed_vim\2019\voyager1_48s_mag-vim_20190101_v01.cdf,C:\Users\Administrator\Documents\FWD_matlab\Voyager_fu\Voyager_Interstellar_Monthly\HighestPrecision_Segments\V1_MAG48s_segment_1084_20190305T121052_20190305T144604.png,ok,
1,1085,2019-03-06 04:44:29,2019-03-06 14:22:52,9.63984027777778,661,48.383,3023.999,7200,240,Z:\SPART-WORK\Data\Voyager\voyager1\mag\48s\reviewed_vim\2019\voyager1_48s_mag-vim_20190101_v01.cdf,C:\Users\Administrator\Documents\FWD_matlab\Voyager_fu\Voyager_Interstellar_Monthly\HighestPrecision_Segments\V1_MAG48s_segment_1085_20190306T044429_20190306T142252.png,ok,
1,1086,2019-03-07 12:06:04,2019-03-07 19:26:04,7.33344,546,48.383,143.423999755859,7200,240,Z:\SPART-WORK\Data\Voyager\voyager1\mag\48s\reviewed_vim\2019\voyager1_48s_mag-vim_20190101_v01.cdf,C:\Users\Administrator\Documents\FWD_matlab\Voyager_fu\Voyager_Interstellar_Monthly\HighestPrecision_Segments\V1_MAG48s_segment_1086_20190307T120604_20190307T192604.png,ok,
1,1087,2019-03-08 12:04:28,2019-03-08 16:10:52,4.10664,308,48.383,95.904,7200,240,Z:\SPART-WORK\Data\Voyager\voyager1\mag\48s\reviewed_vim\2019\voyager1_48s_mag-vim_20190101_v01.cdf,C:\Users\Administrator\Documents\FWD_matlab\Voyager_fu\Voyager_Interstellar_Monthly\HighestPrecision_Segments\V1_MAG48s_segment_1087_20190308T120428_20190308T161052.png,ok,
1,1088,2019-03-09 04:22:04,2019-03-09 07:18:03,2.93303972222222,221,48.383,48.385,7200,240,Z:\SPART-WORK\Data\Voyager\voyager1\mag\48s\reviewed_vim\2019\voyager1_48s_mag-vim_20190101_v01.cdf,C:\Users\Administrator\Documents\FWD_matlab\Voyager_fu\Voyager_Interstellar_Monthly\HighestPrecision_Segments\V1_MAG48s_segment_1088_20190309T042204_20190309T071803.png,ok,
1,1089,2019-03-09 12:22:04,2019-03-09 19:43:40,7.36008,551,48.383,144.287999755859,7200,240,Z:\SPART-WORK\Data\Voyager\voyager1\mag\48s\reviewed_vim\2019\voyager1_48s_mag-vim_20190101_v01.cdf,C:\Users\Administrator\Documents\FWD_matlab\Voyager_fu\Voyager_Interstellar_Monthly\HighestPrecision_Segments\V1_MAG48s_segment_1089_20190309T122204_20190309T194340.png,ok,
1,1090,2019-03-10 04:18:52,2019-03-10 12:14:04,7.92,595,48.383,48.385,7200,240,Z:\SPART-WORK\Data\Voyager\voyager1\mag\48s\reviewed_vim\2019\voyager1_48s_mag-vim_20190101_v01.cdf,C:\Users\Administrator\Documents\FWD_matlab\Voyager_fu\Voyager_Interstellar_Monthly\HighestPrecision_Segments\V1_MAG48s_segment_1090_20190310T041852_20190310T121404.png,ok,
1,1091,2019-03-10 15:58:04,2019-03-10 19:27:40,3.4932,260,48.383,191.809,7200,240,Z:\SPART-WORK\Data\Voyager\voyager1\mag\48s\reviewed_vim\2019\voyager1_48s_mag-vim_20190101_v01.cdf,C:\Users\Administrator\Documents\FWD_matlab\Voyager_fu\Voyager_Interstellar_Monthly\HighestPrecision_Segments\V1_MAG48s_segment_1091_20190310T155804_20190310T192740.png,ok,
1,1092,2019-03-11 04:12:28,2019-03-11 14:09:16,9.9468,653,48.383,2784.672,7200,240,Z:\SPART-WORK\Data\Voyager\voyager1\mag\48s\reviewed_vim\2019\voyager1_48s_mag-vim_20190101_v01.cdf,C:\Users\Administrator\Documents\FWD_matlab\Voyager_fu\Voyager_Interstellar_Monthly\HighestPrecision_Segments\V1_MAG48s_segment_1092_20190311T041228_20190311T140916.png,ok,
1,1093,2019-03-12 11:50:03,2019-03-12 18:37:16,6.78696027777778,510,48.383,48.385,7200,240,Z:\SPART-WORK\Data\Voyager\voyager1\mag\48s\reviewed_vim\2019\voyager1_48s_mag-vim_20190101_v01.cdf,C:\Users\Administrator\Documents\FWD_matlab\Voyager_fu\Voyager_Interstellar_Monthly\HighestPrecision_Segments\V1_MAG48s_segment_1093_20190312T115003_20190312T183716.png,ok,
1,1094,2019-03-13 04:06:04,2019-03-13 12:10:04,8.06688027770996,604,48.383,143.424,7200,240,Z:\SPART-WORK\Data\Voyager\voyager1\mag\48s\reviewed_vim\2019\voyager1_48s_mag-vim_20190101_v01.cdf,C:\Users\Administrator\Documents\FWD_matlab\Voyager_fu\Voyager_Interstellar_Monthly\HighestPrecision_Segments\V1_MAG48s_segment_1094_20190313T040604_20190313T121004.png,ok,
1,1095,2019-03-14 06:34:52,2019-03-14 19:26:52,12.8666400000678,840,48.383,6047.136,7200,240,Z:\SPART-WORK\Data\Voyager\voyager1\mag\48s\reviewed_vim\2019\voyager1_48s_mag-vim_20190101_v01.cdf,C:\Users\Administrator\Documents\FWD_matlab\Voyager_fu\Voyager_Interstellar_Monthly\HighestPrecision_Segments\V1_MAG48s_segment_1095_20190314T063452_20190314T192652.png,ok,
1,1096,2019-03-15 11:59:40,2019-03-15 18:02:51,6.05328027777778,455,48.383,48.385,7200,240,Z:\SPART-WORK\Data\Voyager\voyager1\mag\48s\reviewed_vim\2019\voyager1_48s_mag-vim_20190101_v01.cdf,C:\Users\Administrator\Documents\FWD_matlab\Voyager_fu\Voyager_Interstellar_Monthly\HighestPrecision_Segments\V1_MAG48s_segment_1096_20190315T115940_20190315T180251.png,ok,
1,1097,2019-03-16 03:58:04,2019-03-16 17:33:16,13.58664027771,1004,48.383,336.096,7200,240,Z:\SPART-WORK\Data\Voyager\voyager1\mag\48s\reviewed_vim\2019\voyager1_48s_mag-vim_20190101_v01.cdf,C:\Users\Administrator\Documents\FWD_matlab\Voyager_fu\Voyager_Interstellar_Monthly\HighestPrecision_Segments\V1_MAG48s_segment_1097_20190316T035804_20190316T173316.png,ok,
1,1098,2019-03-17 03:54:51,2019-03-17 21:30:04,17.58672,1319,48.383,96.768,7200,240,Z:\SPART-WORK\Data\Voyager\voyager1\mag\48s\reviewed_vim\2019\voyager1_48s_mag-vim_20190101_v01.cdf,C:\Users\Administrator\Documents\FWD_matlab\Voyager_fu\Voyager_Interstellar_Monthly\HighestPrecision_Segments\V1_MAG48s_segment_1098_20190317T035451_20190317T213004.png,ok,
1,1099,2019-03-18 03:45:15,2019-03-18 06:26:52,2.69351972222222,200,48.383,191.807,7200,240,Z:\SPART-WORK\Data\Voyager\voyager1\mag\48s\reviewed_vim\2019\voyager1_48s_mag-vim_20190101_v01.cdf,C:\Users\Administrator\Documents\FWD_matlab\Voyager_fu\Voyager_Interstellar_Monthly\HighestPrecision_Segments\V1_MAG48s_segment_1099_20190318T034515_20190318T062652.png,ok,
1,1100,2019-03-18 11:30:52,2019-03-18 19:26:52,7.93343972229004,596,48.383,48.385,7200,240,Z:\SPART-WORK\Data\Voyager\voyager1\mag\48s\reviewed_vim\2019\voyager1_48s_mag-vim_20190101_v01.cdf,C:\Users\Administrator\Documents\FWD_matlab\Voyager_fu\Voyager_Interstellar_Monthly\HighestPrecision_Segments\V1_MAG48s_segment_1100_20190318T113052_20190318T192652.png,ok,
1,1101,2019-03-19 06:52:28,2019-03-19 14:21:16,7.48008027777778,512,48.383,2304.288,7200,240,Z:\SPART-WORK\Data\Voyager\voyager1\mag\48s\reviewed_vim\2019\voyager1_48s_mag-vim_20190101_v01.cdf,C:\Users\Administrator\Documents\FWD_matlab\Voyager_fu\Voyager_Interstellar_Monthly\HighestPrecision_Segments\V1_MAG48s_segment_1101_20190319T065228_20190319T142116.png,ok,
1,1102,2019-03-20 03:32:27,2019-03-20 13:46:51,10.2400797222222,736,48.383,959.904,7200,240,Z:\SPART-WORK\Data\Voyager\voyager1\mag\48s\reviewed_vim\2019\voyager1_48s_mag-vim_20190101_v01.cdf,C:\Users\Administrator\Documents\FWD_matlab\Voyager_fu\Voyager_Interstellar_Monthly\HighestPrecision_Segments\V1_MAG48s_segment_1102_20190320T033227_20190320T134651.png,ok,
1,1103,2019-03-21 03:37:16,2019-03-21 13:42:04,10.08,745,48.383,192.671,7200,240,Z:\SPART-WORK\Data\Voyager\voyager1\mag\48s\reviewed_vim\2019\voyager1_48s_mag-vim_20190101_v01.cdf,C:\Users\Administrator\Documents\FWD_matlab\Voyager_fu\Voyager_Interstellar_Monthly\HighestPrecision_Segments\V1_MAG48s_segment_1103_20190321T033716_20190321T134204.png,ok,
1,1104,2019-03-22 03:27:39,2019-03-22 06:26:51,2.98655972222222,211,48.383,672.191000244141,7200,240,Z:\SPART-WORK\Data\Voyager\voyager1\mag\48s\reviewed_vim\2019\voyager1_48s_mag-vim_20190101_v01.cdf,C:\Users\Administrator\Documents\FWD_matlab\Voyager_fu\Voyager_Interstellar_Monthly\HighestPrecision_Segments\V1_MAG48s_segment_1104_20190322T032739_20190322T062651.png,ok,
1,1105,2019-03-22 11:10:03,2019-03-22 15:11:39,4.02671972222222,302,48.383,96.768,7200,240,Z:\SPART-WORK\Data\Voyager\voyager1\mag\48s\reviewed_vim\2019\voyager1_48s_mag-vim_20190101_v01.cdf,C:\Users\Administrator\Documents\FWD_matlab\Voyager_fu\Voyager_Interstellar_Monthly\HighestPrecision_Segments\V1_MAG48s_segment_1105_20190322T111003_20190322T151139.png,ok,
1,1106,2019-03-23 03:27:39,2019-03-23 07:28:27,4.01328,302,48.383,48.385,7200,240,Z:\SPART-WORK\Data\Voyager\voyager1\mag\48s\reviewed_vim\2019\voyager1_48s_mag-vim_20190101_v01.cdf,C:\Users\Administrator\Documents\FWD_matlab\Voyager_fu\Voyager_Interstellar_Monthly\HighestPrecision_Segments\V1_MAG48s_segment_1106_20190323T032739_20190323T072827.png,ok,
1,1107,2019-03-23 11:11:39,2019-03-23 13:36:27,2.41344,180,48.383,144.287999755859,7200,240,Z:\SPART-WORK\Data\Voyager\voyager1\mag\48s\reviewed_vim\2019\voyager1_48s_mag-vim_20190101_v01.cdf,C:\Users\Administrator\Documents\FWD_matlab\Voyager_fu\Voyager_Interstellar_Monthly\HighestPrecision_Segments\V1_MAG48s_segment_1107_20190323T111139_20190323T133627.png,ok,
1,1108,2019-03-24 03:35:40,2019-03-24 06:22:03,2.7732,208,48.383,95.904,7200,240,Z:\SPART-WORK\Data\Voyager\voyager1\mag\48s\reviewed_vim\2019\voyager1_48s_mag-vim_20190101_v01.cdf,C:\Users\Administrator\Documents\FWD_matlab\Voyager_fu\Voyager_Interstellar_Monthly\HighestPrecision_Segments\V1_MAG48s_segment_1108_20190324T033540_20190324T062203.png,ok,
1,1109,2019-03-24 11:06:51,2019-03-24 15:02:03,3.91992,292,48.383,191.809,7200,240,Z:\SPART-WORK\Data\Voyager\voyager1\mag\48s\reviewed_vim\2019\voyager1_48s_mag-vim_20190101_v01.cdf,C:\Users\Administrator\Documents\FWD_matlab\Voyager_fu\Voyager_Interstellar_Monthly\HighestPrecision_Segments\V1_MAG48s_segment_1109_20190324T110651_20190324T150203.png,ok,
1,1110,2019-03-25 11:02:04,2019-03-25 14:56:27,3.90648,292,48.383,144.289,7200,240,Z:\SPART-WORK\Data\Voyager\voyager1\mag\48s\reviewed_vim\2019\voyager1_48s_mag-vim_20190101_v01.cdf,C:\Users\Administrator\Documents\FWD_matlab\Voyager_fu\Voyager_Interstellar_Monthly\HighestPrecision_Segments\V1_MAG48s_segment_1110_20190325T110204_20190325T145627.png,ok,
1,1111,2019-03-26 04:34:52,2019-03-26 07:28:27,2.8932,216,48.383,143.424,7200,240,Z:\SPART-WORK\Data\Voyager\voyager1\mag\48s\reviewed_vim\2019\voyager1_48s_mag-vim_20190101_v01.cdf,C:\Users\Administrator\Documents\FWD_matlab\Voyager_fu\Voyager_Interstellar_Monthly\HighestPrecision_Segments\V1_MAG48s_segment_1111_20190326T043452_20190326T072827.png,ok,
1,1112,2019-03-26 10:39:39,2019-03-26 14:17:15,3.62664027777778,266,48.383,240.191999755859,7200,240,Z:\SPART-WORK\Data\Voyager\voyager1\mag\48s\reviewed_vim\2019\voyager1_48s_mag-vim_20190101_v01.cdf,C:\Users\Administrator\Documents\FWD_matlab\Voyager_fu\Voyager_Interstellar_Monthly\HighestPrecision_Segments\V1_MAG48s_segment_1112_20190326T103939_20190326T141715.png,ok,
1,1113,2019-03-26 17:02:04,2019-03-26 18:33:15,1.51991972222222,115,48.383,48.385,7200,240,Z:\SPART-WORK\Data\Voyager\voyager1\mag\48s\reviewed_vim\2019\voyager1_48s_mag-vim_20190101_v01.cdf,C:\Users\Administrator\Documents\FWD_matlab\Voyager_fu\Voyager_Interstellar_Monthly\HighestPrecision_Segments\V1_MAG48s_segment_1113_20190326T170204_20190326T183315.png,ok,
1,1114,2019-03-27 03:16:28,2019-03-27 06:10:03,2.89320027777778,217,48.383,95.041,7200,240,Z:\SPART-WORK\Data\Voyager\voyager1\mag\48s\reviewed_vim\2019\voyager1_48s_mag-vim_20190101_v01.cdf,C:\Users\Administrator\Documents\FWD_matlab\Voyager_fu\Voyager_Interstellar_Monthly\HighestPrecision_Segments\V1_MAG48s_segment_1114_20190327T031628_20190327T061003.png,ok,
1,1115,2019-03-27 10:55:39,2019-03-27 19:22:03,8.44007972229004,634,48.383,48.385,7200,240,Z:\SPART-WORK\Data\Voyager\voyager1\mag\48s\reviewed_vim\2019\voyager1_48s_mag-vim_20190101_v01.cdf,C:\Users\Administrator\Documents\FWD_matlab\Voyager_fu\Voyager_Interstellar_Monthly\HighestPrecision_Segments\V1_MAG48s_segment_1115_20190327T105539_20190327T192203.png,ok,
1,1116,2019-03-28 10:01:15,2019-03-28 11:19:39,1.30656,97,48.383,144.288,7200,240,Z:\SPART-WORK\Data\Voyager\voyager1\mag\48s\reviewed_vim\2019\voyager1_48s_mag-vim_20190101_v01.cdf,C:\Users\Administrator\Documents\FWD_matlab\Voyager_fu\Voyager_Interstellar_Monthly\HighestPrecision_Segments\V1_MAG48s_segment_1116_20190328T100115_20190328T111939.png,ok,
1,1117,2019-03-28 18:39:39,2019-03-28 20:38:03,1.97327972222222,147,48.383,143.424,7200,240,Z:\SPART-WORK\Data\Voyager\voyager1\mag\48s\reviewed_vim\2019\voyager1_48s_mag-vim_20190101_v01.cdf,C:\Users\Administrator\Documents\FWD_matlab\Voyager_fu\Voyager_Interstellar_Monthly\HighestPrecision_Segments\V1_MAG48s_segment_1117_20190328T183939_20190328T203803.png,ok,
1,1118,2019-03-29 03:06:52,2019-03-29 07:07:39,4.01328000006782,299,48.383,192.671,7200,240,Z:\SPART-WORK\Data\Voyager\voyager1\mag\48s\reviewed_vim\2019\voyager1_48s_mag-vim_20190101_v01.cdf,C:\Users\Administrator\Documents\FWD_matlab\Voyager_fu\Voyager_Interstellar_Monthly\HighestPrecision_Segments\V1_MAG48s_segment_1118_20190329T030652_20190329T070739.png,ok,
1,1119,2019-03-29 10:41:15,2019-03-29 11:42:03,1.01328000006782,76,48.383,95.905,7200,240,Z:\SPART-WORK\Data\Voyager\voyager1\mag\48s\reviewed_vim\2019\voyager1_48s_mag-vim_20190101_v01.cdf,C:\Users\Administrator\Documents\FWD_matlab\Voyager_fu\Voyager_Interstellar_Monthly\HighestPrecision_Segments\V1_MAG48s_segment_1119_20190329T104115_20190329T114203.png,ok,
1,1120,2019-03-30 05:18:04,2019-03-30 06:37:16,1.32000027770996,97,48.383,192.671,7200,240,Z:\SPART-WORK\Data\Voyager\voyager1\mag\48s\reviewed_vim\2019\voyager1_48s_mag-vim_20190101_v01.cdf,C:\Users\Administrator\Documents\FWD_matlab\Voyager_fu\Voyager_Interstellar_Monthly\HighestPrecision_Segments\V1_MAG48s_segment_1120_20190330T051804_20190330T063716.png,ok,
1,1121,2019-03-30 12:20:27,2019-03-30 18:02:03,5.69327972222222,427,48.383,95.904,7200,240,Z:\SPART-WORK\Data\Voyager\voyager1\mag\48s\reviewed_vim\2019\voyager1_48s_mag-vim_20190101_v01.cdf,C:\Users\Administrator\Documents\FWD_matlab\Voyager_fu\Voyager_Interstellar_Monthly\HighestPrecision_Segments\V1_MAG48s_segment_1121_20190330T122027_20190330T180203.png,ok,
1,1122,2019-03-31 03:02:03,2019-03-31 07:02:03,4.00008,299,48.383,144.287,7200,240,Z:\SPART-WORK\Data\Voyager\voyager1\mag\48s\reviewed_vim\2019\voyager1_48s_mag-vim_20190101_v01.cdf,C:\Users\Administrator\Documents\FWD_matlab\Voyager_fu\Voyager_Interstellar_Monthly\HighestPrecision_Segments\V1_MAG48s_segment_1122_20190331T030203_20190331T070203.png,ok,
1,1123,2019-03-31 10:41:15,2019-03-31 14:38:03,3.94656,294,48.383,191.808,7200,240,Z:\SPART-WORK\Data\Voyager\voyager1\mag\48s\reviewed_vim\2019\voyager1_48s_mag-vim_20190101_v01.cdf,C:\Users\Administrator\Documents\FWD_matlab\Voyager_fu\Voyager_Interstellar_Monthly\HighestPrecision_Segments\V1_MAG48s_segment_1123_20190331T104115_20190331T143803.png,ok,
1,1124,2019-04-01 02:50:51,2019-04-01 06:58:52,4.13352,308,48.383,191.807000244141,7200,240,Z:\SPART-WORK\Data\Voyager\voyager1\mag\48s\reviewed_vim\2019\voyager1_48s_mag-vim_20190101_v01.cdf,C:\Users\Administrator\Documents\FWD_matlab\Voyager_fu\Voyager_Interstellar_Monthly\HighestPrecision_Segments\V1_MAG48s_segment_1124_20190401T025051_20190401T065852.png,ok,
1,1125,2019-04-01 10:25:15,2019-04-01 13:04:27,2.6532,199,48.383,95.905,7200,240,Z:\SPART-WORK\Data\Voyager\voyager1\mag\48s\reviewed_vim\2019\voyager1_48s_mag-vim_20190101_v01.cdf,C:\Users\Administrator\Documents\FWD_matlab\Voyager_fu\Voyager_Interstellar_Monthly\HighestPrecision_Segments\V1_MAG48s_segment_1125_20190401T102515_20190401T130427.png,ok,
1,1126,2019-04-02 02:47:39,2019-04-02 07:42:51,4.92000027777778,243,48.383,5952.96,7200,240,Z:\SPART-WORK\Data\Voyager\voyager1\mag\48s\reviewed_vim\2019\voyager1_48s_mag-vim_20190101_v01.cdf,C:\Users\Administrator\Documents\FWD_matlab\Voyager_fu\Voyager_Interstellar_Monthly\HighestPrecision_Segments\V1_MAG48s_segment_1126_20190402T024739_20190402T074251.png,ok,
1,1127,2019-04-02 10:25:15,2019-04-02 11:34:51,1.15992027777778,85,48.383,191.807000244141,7200,240,Z:\SPART-WORK\Data\Voyager\voyager1\mag\48s\reviewed_vim\2019\voyager1_48s_mag-vim_20190101_v01.cdf,C:\Users\Administrator\Documents\FWD_matlab\Voyager_fu\Voyager_Interstellar_Monthly\HighestPrecision_Segments\V1_MAG48s_segment_1127_20190402T102515_20190402T113451.png,ok,
1,1128,2019-04-03 02:50:51,2019-04-03 07:42:04,4.85352,362,48.383,191.807000244141,7200,240,Z:\SPART-WORK\Data\Voyager\voyager1\mag\48s\reviewed_vim\2019\voyager1_48s_mag-vim_20190101_v01.cdf,C:\Users\Administrator\Documents\FWD_matlab\Voyager_fu\Voyager_Interstellar_Monthly\HighestPrecision_Segments\V1_MAG48s_segment_1128_20190403T025051_20190403T074204.png,ok,
1,1129,2019-04-03 10:28:27,2019-04-03 11:31:39,1.05336,79,48.383,95.9030002441406,7200,240,Z:\SPART-WORK\Data\Voyager\voyager1\mag\48s\reviewed_vim\2019\voyager1_48s_mag-vim_20190101_v01.cdf,C:\Users\Administrator\Documents\FWD_matlab\Voyager_fu\Voyager_Interstellar_Monthly\HighestPrecision_Segments\V1_MAG48s_segment_1129_20190403T102827_20190403T113139.png,ok,
1,1130,2019-04-04 10:09:15,2019-04-04 15:29:15,5.33327972222222,398,48.383,191.807,7200,240,Z:\SPART-WORK\Data\Voyager\voyager1\mag\48s\reviewed_vim\2019\voyager1_48s_mag-vim_20190101_v01.cdf,C:\Users\Administrator\Documents\FWD_matlab\Voyager_fu\Voyager_Interstellar_Monthly\HighestPrecision_Segments\V1_MAG48s_segment_1130_20190404T100915_20190404T152915.png,ok,
1,1131,2019-04-05 02:33:15,2019-04-05 06:42:51,4.15991972222222,313,48.383,48.385,7200,240,Z:\SPART-WORK\Data\Voyager\voyager1\mag\48s\reviewed_vim\2019\voyager1_48s_mag-vim_20190101_v01.cdf,C:\Users\Administrator\Documents\FWD_matlab\Voyager_fu\Voyager_Interstellar_Monthly\HighestPrecision_Segments\V1_MAG48s_segment_1131_20190405T023315_20190405T064251.png,ok,
1,1132,2019-04-05 10:22:03,2019-04-05 11:12:27,0.840240000067817,61,48.383,191.809,7200,240,Z:\SPART-WORK\Data\Voyager\voyager1\mag\48s\reviewed_vim\2019\voyager1_48s_mag-vim_20190101_v01.cdf,C:\Users\Administrator\Documents\FWD_matlab\Voyager_fu\Voyager_Interstellar_Monthly\HighestPrecision_Segments\V1_MAG48s_segment_1132_20190405T102203_20190405T111227.png,ok,
1,1133,2019-04-06 02:26:51,2019-04-06 06:40:27,4.22688,318,48.383,48.385,7200,240,Z:\SPART-WORK\Data\Voyager\voyager1\mag\48s\reviewed_vim\2019\voyager1_48s_mag-vim_20190101_v01.cdf,C:\Users\Administrator\Documents\FWD_matlab\Voyager_fu\Voyager_Interstellar_Monthly\HighestPrecision_Segments\V1_MAG48s_segment_1133_20190406T022651_20190406T064027.png,ok,
1,1134,2019-04-06 09:59:39,2019-04-06 12:42:03,2.70672,201,48.383,191.807,7200,240,Z:\SPART-WORK\Data\Voyager\voyager1\mag\48s\reviewed_vim\2019\voyager1_48s_mag-vim_20190101_v01.cdf,C:\Users\Administrator\Documents\FWD_matlab\Voyager_fu\Voyager_Interstellar_Monthly\HighestPrecision_Segments\V1_MAG48s_segment_1134_20190406T095939_20190406T124203.png,ok,
1,1135,2019-04-07 02:42:51,2019-04-07 05:26:51,2.73311972222222,204,48.383,144.287,7200,240,Z:\SPART-WORK\Data\Voyager\voyager1\mag\48s\reviewed_vim\2019\voyager1_48s_mag-vim_20190101_v01.cdf,C:\Users\Administrator\Documents\FWD_matlab\Voyager_fu\Voyager_Interstellar_Monthly\HighestPrecision_Segments\V1_MAG48s_segment_1135_20190407T024251_20190407T052651.png,ok,
1,1136,2019-04-07 10:09:15,2019-04-07 14:21:15,4.2,315,48.383,95.904,7200,240,Z:\SPART-WORK\Data\Voyager\voyager1\mag\48s\reviewed_vim\2019\voyager1_48s_mag-vim_20190101_v01.cdf,C:\Users\Administrator\Documents\FWD_matlab\Voyager_fu\Voyager_Interstellar_Monthly\HighestPrecision_Segments\V1_MAG48s_segment_1136_20190407T100915_20190407T142115.png,ok,
1,1137,2019-04-08 09:56:27,2019-04-08 13:58:51,4.03992000006782,303,48.383,95.041,7200,240,Z:\SPART-WORK\Data\Voyager\voyager1\mag\48s\reviewed_vim\2019\voyager1_48s_mag-vim_20190101_v01.cdf,C:\Users\Administrator\Documents\FWD_matlab\Voyager_fu\Voyager_Interstellar_Monthly\HighestPrecision_Segments\V1_MAG48s_segment_1137_20190408T095627_20190408T135851.png,ok,
1,1138,2019-04-09 02:31:39,2019-04-09 06:28:27,3.94656,294,48.383,191.807,7200,240,Z:\SPART-WORK\Data\Voyager\voyager1\mag\48s\reviewed_vim\2019\voyager1_48s_mag-vim_20190101_v01.cdf,C:\Users\Administrator\Documents\FWD_matlab\Voyager_fu\Voyager_Interstellar_Monthly\HighestPrecision_Segments\V1_MAG48s_segment_1138_20190409T023139_20190409T062827.png,ok,
1,1139,2019-04-10 03:26:03,2019-04-10 07:27:39,4.02647972222222,302,48.383,95.039,7200,240,Z:\SPART-WORK\Data\Voyager\voyager1\mag\48s\reviewed_vim\2019\voyager1_48s_mag-vim_20190101_v01.cdf,C:\Users\Administrator\Documents\FWD_matlab\Voyager_fu\Voyager_Interstellar_Monthly\HighestPrecision_Segments\V1_MAG48s_segment_1139_20190410T032603_20190410T072739.png,ok,
1,1140,2019-04-10 10:06:04,2019-04-10 13:23:39,3.29327999993218,247,48.383,95.0409997558594,7200,240,Z:\SPART-WORK\Data\Voyager\voyager1\mag\48s\reviewed_vim\2019\voyager1_48s_mag-vim_20190101_v01.cdf,C:\Users\Administrator\Documents\FWD_matlab\Voyager_fu\Voyager_Interstellar_Monthly\HighestPrecision_Segments\V1_MAG48s_segment_1140_20190410T100604_20190410T132339.png,ok,
1,1141,2019-04-11 04:34:51,2019-04-11 11:12:27,6.62664,496,48.383,143.424000244141,7200,240,Z:\SPART-WORK\Data\Voyager\voyager1\mag\48s\reviewed_vim\2019\voyager1_48s_mag-vim_20190101_v01.cdf,C:\Users\Administrator\Documents\FWD_matlab\Voyager_fu\Voyager_Interstellar_Monthly\HighestPrecision_Segments\V1_MAG48s_segment_1141_20190411T043451_20190411T111227.png,ok,
1,1142,2019-04-11 13:21:15,2019-04-11 15:17:15,1.93343972229004,145,48.383,95.904,7200,240,Z:\SPART-WORK\Data\Voyager\voyager1\mag\48s\reviewed_vim\2019\voyager1_48s_mag-vim_20190101_v01.cdf,C:\Users\Administrator\Documents\FWD_matlab\Voyager_fu\Voyager_Interstellar_Monthly\HighestPrecision_Segments\V1_MAG48s_segment_1142_20190411T132115_20190411T151715.png,ok,
1,1143,2019-04-12 05:46:51,2019-04-12 09:55:39,4.14672,280,48.383,1537.05500024414,7200,240,Z:\SPART-WORK\Data\Voyager\voyager1\mag\48s\reviewed_vim\2019\voyager1_48s_mag-vim_20190101_v01.cdf,C:\Users\Administrator\Documents\FWD_matlab\Voyager_fu\Voyager_Interstellar_Monthly\HighestPrecision_Segments\V1_MAG48s_segment_1143_20190412T054651_20190412T095539.png,ok,
1,1144,2019-04-13 09:56:27,2019-04-13 14:42:02,4.75968027777778,357,48.383,95.041,7200,240,Z:\SPART-WORK\Data\Voyager\voyager1\mag\48s\reviewed_vim\2019\voyager1_48s_mag-vim_20190101_v01.cdf,C:\Users\Administrator\Documents\FWD_matlab\Voyager_fu\Voyager_Interstellar_Monthly\HighestPrecision_Segments\V1_MAG48s_segment_1144_20190413T095627_20190413T144202.png,ok,
1,1145,2019-04-14 09:42:03,2019-04-14 13:42:51,4.01328,302,48.383,48.385,7200,240,Z:\SPART-WORK\Data\Voyager\voyager1\mag\48s\reviewed_vim\2019\voyager1_48s_mag-vim_20190101_v01.cdf,C:\Users\Administrator\Documents\FWD_matlab\Voyager_fu\Voyager_Interstellar_Monthly\HighestPrecision_Segments\V1_MAG48s_segment_1145_20190414T094203_20190414T134251.png,ok,
1,1146,2019-04-15 01:53:15,2019-04-15 05:18:03,3.41328027777778,245,48.383,432.864,7200,240,Z:\SPART-WORK\Data\Voyager\voyager1\mag\48s\reviewed_vim\2019\voyager1_48s_mag-vim_20190101_v01.cdf,C:\Users\Administrator\Documents\FWD_matlab\Voyager_fu\Voyager_Interstellar_Monthly\HighestPrecision_Segments\V1_MAG48s_segment_1146_20190415T015315_20190415T051803.png,ok,
1,1147,2019-04-15 11:40:27,2019-04-15 15:45:15,4.08000027777778,305,48.383,144.288,7200,240,Z:\SPART-WORK\Data\Voyager\voyager1\mag\48s\reviewed_vim\2019\voyager1_48s_mag-vim_20190101_v01.cdf,C:\Users\Administrator\Documents\FWD_matlab\Voyager_fu\Voyager_Interstellar_Monthly\HighestPrecision_Segments\V1_MAG48s_segment_1147_20190415T114027_20190415T154515.png,ok,
1,1148,2019-04-16 02:02:50,2019-04-16 04:53:14,2.83991972229004,206,48.383,240.192,7200,240,Z:\SPART-WORK\Data\Voyager\voyager1\mag\48s\reviewed_vim\2019\voyager1_48s_mag-vim_20190101_v01.cdf,C:\Users\Administrator\Documents\FWD_matlab\Voyager_fu\Voyager_Interstellar_Monthly\HighestPrecision_Segments\V1_MAG48s_segment_1148_20190416T020250_20190416T045314.png,ok,
1,1149,2019-04-16 11:35:38,2019-04-16 15:34:02,3.9732,298,48.383,95.904,7200,240,Z:\SPART-WORK\Data\Voyager\voyager1\mag\48s\reviewed_vim\2019\voyager1_48s_mag-vim_20190101_v01.cdf,C:\Users\Administrator\Documents\FWD_matlab\Voyager_fu\Voyager_Interstellar_Monthly\HighestPrecision_Segments\V1_MAG48s_segment_1149_20190416T113538_20190416T153402.png,ok,
1,1150,2019-04-17 02:09:15,2019-04-17 04:48:27,2.65344027777778,198,48.383,95.904,7200,240,Z:\SPART-WORK\Data\Voyager\voyager1\mag\48s\reviewed_vim\2019\voyager1_48s_mag-vim_20190101_v01.cdf,C:\Users\Administrator\Documents\FWD_matlab\Voyager_fu\Voyager_Interstellar_Monthly\HighestPrecision_Segments\V1_MAG48s_segment_1150_20190417T020915_20190417T044827.png,ok,
1,1151,2019-04-17 11:42:02,2019-04-17 15:41:15,3.98687972222222,297,48.383,191.808,7200,240,Z:\SPART-WORK\Data\Voyager\voyager1\mag\48s\reviewed_vim\2019\voyager1_48s_mag-vim_20190101_v01.cdf,C:\Users\Administrator\Documents\FWD_matlab\Voyager_fu\Voyager_Interstellar_Monthly\HighestPrecision_Segments\V1_MAG48s_segment_1151_20190417T114202_20190417T154115.png,ok,
1,1152,2019-04-18 02:04:27,2019-04-18 04:44:26,2.66640027777778,184,48.383,383.616,7200,240,Z:\SPART-WORK\Data\Voyager\voyager1\mag\48s\reviewed_vim\2019\voyager1_48s_mag-vim_20190101_v01.cdf,C:\Users\Administrator\Documents\FWD_matlab\Voyager_fu\Voyager_Interstellar_Monthly\HighestPrecision_Segments\V1_MAG48s_segment_1152_20190418T020427_20190418T044426.png,ok,
1,1153,2019-04-18 11:38:50,2019-04-18 15:32:27,3.89352027777778,292,48.383,96.768,7200,240,Z:\SPART-WORK\Data\Voyager\voyager1\mag\48s\reviewed_vim\2019\voyager1_48s_mag-vim_20190101_v01.cdf,C:\Users\Administrator\Documents\FWD_matlab\Voyager_fu\Voyager_Interstellar_Monthly\HighestPrecision_Segments\V1_MAG48s_segment_1153_20190418T113850_20190418T153227.png,ok,
1,1154,2019-04-19 09:43:38,2019-04-19 17:02:50,7.32,547,48.383,191.807,7200,240,Z:\SPART-WORK\Data\Voyager\voyager1\mag\48s\reviewed_vim\2019\voyager1_48s_mag-vim_20190101_v01.cdf,C:\Users\Administrator\Documents\FWD_matlab\Voyager_fu\Voyager_Interstellar_Monthly\HighestPrecision_Segments\V1_MAG48s_segment_1154_20190419T094338_20190419T170250.png,ok,
1,1155,2019-04-20 01:40:27,2019-04-20 04:32:26,2.86655972222222,215,48.383,95.903,7200,240,Z:\SPART-WORK\Data\Voyager\voyager1\mag\48s\reviewed_vim\2019\voyager1_48s_mag-vim_20190101_v01.cdf,C:\Users\Administrator\Documents\FWD_matlab\Voyager_fu\Voyager_Interstellar_Monthly\HighestPrecision_Segments\V1_MAG48s_segment_1155_20190420T014027_20190420T043226.png,ok,
1,1156,2019-04-20 09:16:26,2019-04-20 13:17:14,4.01328,302,48.383,48.385,7200,240,Z:\SPART-WORK\Data\Voyager\voyager1\mag\48s\reviewed_vim\2019\voyager1_48s_mag-vim_20190101_v01.cdf,C:\Users\Administrator\Documents\FWD_matlab\Voyager_fu\Voyager_Interstellar_Monthly\HighestPrecision_Segments\V1_MAG48s_segment_1156_20190420T091626_20190420T131714.png,ok,
1,1157,2019-04-20 20:30:02,2019-04-20 22:52:26,2.37336,176,48.383,192.672,7200,240,Z:\SPART-WORK\Data\Voyager\voyager1\mag\48s\reviewed_vim\2019\voyager1_48s_mag-vim_20190101_v01.cdf,C:\Users\Administrator\Documents\FWD_matlab\Voyager_fu\Voyager_Interstellar_Monthly\HighestPrecision_Segments\V1_MAG48s_segment_1157_20190420T203002_20190420T225226.png,ok,
1,1158,2019-04-21 01:51:39,2019-04-21 04:32:26,2.67983999993218,200,48.383,144.287,7200,240,Z:\SPART-WORK\Data\Voyager\voyager1\mag\48s\reviewed_vim\2019\voyager1_48s_mag-vim_20190101_v01.cdf,C:\Users\Administrator\Documents\FWD_matlab\Voyager_fu\Voyager_Interstellar_Monthly\HighestPrecision_Segments\V1_MAG48s_segment_1158_20190421T015139_20190421T043226.png,ok,
1,1159,2019-04-21 09:32:27,2019-04-21 13:47:38,4.25303972229004,320,48.383,48.385,7200,240,Z:\SPART-WORK\Data\Voyager\voyager1\mag\48s\reviewed_vim\2019\voyager1_48s_mag-vim_20190101_v01.cdf,C:\Users\Administrator\Documents\FWD_matlab\Voyager_fu\Voyager_Interstellar_Monthly\HighestPrecision_Segments\V1_MAG48s_segment_1159_20190421T093227_20190421T134738.png,ok,
1,1160,2019-04-22 09:10:03,2019-04-22 13:07:39,3.96000027777778,296,48.383,144.288,7200,240,Z:\SPART-WORK\Data\Voyager\voyager1\mag\48s\reviewed_vim\2019\voyager1_48s_mag-vim_20190101_v01.cdf,C:\Users\Administrator\Documents\FWD_matlab\Voyager_fu\Voyager_Interstellar_Monthly\HighestPrecision_Segments\V1_MAG48s_segment_1160_20190422T091003_20190422T130739.png,ok,
1,1161,2019-04-23 09:08:27,2019-04-23 14:55:39,5.78663972222222,346,48.383,4079.808,7200,240,Z:\SPART-WORK\Data\Voyager\voyager1\mag\48s\reviewed_vim\2019\voyager1_48s_mag-vim_20190101_v01.cdf,C:\Users\Administrator\Documents\FWD_matlab\Voyager_fu\Voyager_Interstellar_Monthly\HighestPrecision_Segments\V1_MAG48s_segment_1161_20190423T090827_20190423T145539.png,ok,
1,1162,2019-04-24 09:54:50,2019-04-24 10:59:38,1.08,82,48.383,48.385,7200,240,Z:\SPART-WORK\Data\Voyager\voyager1\mag\48s\reviewed_vim\2019\voyager1_48s_mag-vim_20190101_v01.cdf,C:\Users\Administrator\Documents\FWD_matlab\Voyager_fu\Voyager_Interstellar_Monthly\HighestPrecision_Segments\V1_MAG48s_segment_1162_20190424T095450_20190424T105938.png,ok,
1,1163,2019-04-24 17:40:26,2019-04-24 18:34:50,0.90672,68,48.383,95.905,7200,240,Z:\SPART-WORK\Data\Voyager\voyager1\mag\48s\reviewed_vim\2019\voyager1_48s_mag-vim_20190101_v01.cdf,C:\Users\Administrator\Documents\FWD_matlab\Voyager_fu\Voyager_Interstellar_Monthly\HighestPrecision_Segments\V1_MAG48s_segment_1163_20190424T174026_20190424T183450.png,ok,
1,1164,2019-04-25 04:18:51,2019-04-25 07:08:26,2.82647972222222,211,48.383,144.287,7200,240,Z:\SPART-WORK\Data\Voyager\voyager1\mag\48s\reviewed_vim\2019\voyager1_48s_mag-vim_20190101_v01.cdf,C:\Users\Administrator\Documents\FWD_matlab\Voyager_fu\Voyager_Interstellar_Monthly\HighestPrecision_Segments\V1_MAG48s_segment_1164_20190425T041851_20190425T070826.png,ok,
1,1165,2019-04-25 09:16:26,2019-04-25 13:08:26,3.86663972222222,291,48.383,48.385,7200,240,Z:\SPART-WORK\Data\Voyager\voyager1\mag\48s\reviewed_vim\2019\voyager1_48s_mag-vim_20190101_v01.cdf,C:\Users\Administrator\Documents\FWD_matlab\Voyager_fu\Voyager_Interstellar_Monthly\HighestPrecision_Segments\V1_MAG48s_segment_1165_20190425T091626_20190425T130826.png,ok,
1,1166,2019-04-26 04:54:02,2019-04-26 06:37:14,1.71983972222222,130,48.383,48.385,7200,240,Z:\SPART-WORK\Data\Voyager\voyager1\mag\48s\reviewed_vim\2019\voyager1_48s_mag-vim_20190101_v01.cdf,C:\Users\Administrator\Documents\FWD_matlab\Voyager_fu\Voyager_Interstellar_Monthly\HighestPrecision_Segments\V1_MAG48s_segment_1166_20190426T045402_20190426T063714.png,ok,
1,1167,2019-04-26 09:32:26,2019-04-26 14:35:38,5.05344,378,48.383,144.288999755859,7200,240,Z:\SPART-WORK\Data\Voyager\voyager1\mag\48s\reviewed_vim\2019\voyager1_48s_mag-vim_20190101_v01.cdf,C:\Users\Administrator\Documents\FWD_matlab\Voyager_fu\Voyager_Interstellar_Monthly\HighestPrecision_Segments\V1_MAG48s_segment_1167_20190426T093226_20190426T143538.png,ok,
1,1168,2019-04-27 04:55:38,2019-04-27 06:38:51,1.72008,122,48.383,336.095999755859,7200,240,Z:\SPART-WORK\Data\Voyager\voyager1\mag\48s\reviewed_vim\2019\voyager1_48s_mag-vim_20190101_v01.cdf,C:\Users\Administrator\Documents\FWD_matlab\Voyager_fu\Voyager_Interstellar_Monthly\HighestPrecision_Segments\V1_MAG48s_segment_1168_20190427T045538_20190427T063851.png,ok,
1,1169,2019-04-27 09:22:51,2019-04-27 13:42:02,4.31975972222222,322,48.383,144.289,7200,240,Z:\SPART-WORK\Data\Voyager\voyager1\mag\48s\reviewed_vim\2019\voyager1_48s_mag-vim_20190101_v01.cdf,C:\Users\Administrator\Documents\FWD_matlab\Voyager_fu\Voyager_Interstellar_Monthly\HighestPrecision_Segments\V1_MAG48s_segment_1169_20190427T092251_20190427T134202.png,ok,
1,1170,2019-04-28 03:26:02,2019-04-28 05:42:02,2.26656,170,48.383,95.903,7200,240,Z:\SPART-WORK\Data\Voyager\voyager1\mag\48s\reviewed_vim\2019\voyager1_48s_mag-vim_20190101_v01.cdf,C:\Users\Administrator\Documents\FWD_matlab\Voyager_fu\Voyager_Interstellar_Monthly\HighestPrecision_Segments\V1_MAG48s_segment_1170_20190428T032602_20190428T054202.png,ok,
1,1171,2019-04-28 09:37:14,2019-04-28 14:49:14,5.20008027777778,388,48.383,191.809,7200,240,Z:\SPART-WORK\Data\Voyager\voyager1\mag\48s\reviewed_vim\2019\voyager1_48s_mag-vim_20190101_v01.cdf,C:\Users\Administrator\Documents\FWD_matlab\Voyager_fu\Voyager_Interstellar_Monthly\HighestPrecision_Segments\V1_MAG48s_segment_1171_20190428T093714_20190428T144914.png,ok,
1,1172,2019-04-29 04:23:38,2019-04-29 06:37:14,2.22647972222222,167,48.383,95.904,7200,240,Z:\SPART-WORK\Data\Voyager\voyager1\mag\48s\reviewed_vim\2019\voyager1_48s_mag-vim_20190101_v01.cdf,C:\Users\Administrator\Documents\FWD_matlab\Voyager_fu\Voyager_Interstellar_Monthly\HighestPrecision_Segments\V1_MAG48s_segment_1172_20190429T042338_20190429T063714.png,ok,
1,1173,2019-04-29 09:18:02,2019-04-29 14:27:38,5.16000027777778,302,48.383,3983.904,7200,240,Z:\SPART-WORK\Data\Voyager\voyager1\mag\48s\reviewed_vim\2019\voyager1_48s_mag-vim_20190101_v01.cdf,C:\Users\Administrator\Documents\FWD_matlab\Voyager_fu\Voyager_Interstellar_Monthly\HighestPrecision_Segments\V1_MAG48s_segment_1173_20190429T091802_20190429T142738.png,ok,
1,1174,2019-04-30 03:27:38,2019-04-30 11:09:14,7.69320000006782,475,48.383,4032.289,7200,240,Z:\SPART-WORK\Data\Voyager\voyager1\mag\48s\reviewed_vim\2019\voyager1_48s_mag-vim_20190101_v01.cdf,C:\Users\Administrator\Documents\FWD_matlab\Voyager_fu\Voyager_Interstellar_Monthly\HighestPrecision_Segments\V1_MAG48s_segment_1174_20190430T032738_20190430T110914.png,ok,
1,1175,2019-05-01 03:14:50,2019-05-01 11:02:02,7.78655972229004,454,48.383,6096.384,7200,240,Z:\SPART-WORK\Data\Voyager\voyager1\mag\48s\reviewed_vim\2019\voyager1_48s_mag-vim_20190101_v01.cdf,C:\Users\Administrator\Documents\FWD_matlab\Voyager_fu\Voyager_Interstellar_Monthly\HighestPrecision_Segments\V1_MAG48s_segment_1175_20190501T031450_20190501T110202.png,ok,
1,1176,2019-05-02 03:18:02,2019-05-02 06:37:14,3.31992,247,48.383,145.151,7200,240,Z:\SPART-WORK\Data\Voyager\voyager1\mag\48s\reviewed_vim\2019\voyager1_48s_mag-vim_20190101_v01.cdf,C:\Users\Administrator\Documents\FWD_matlab\Voyager_fu\Voyager_Interstellar_Monthly\HighestPrecision_Segments\V1_MAG48s_segment_1176_20190502T031802_20190502T063714.png,ok,
1,1177,2019-05-02 09:24:27,2019-05-02 17:11:38,7.78655972222222,541,48.383,2064.097,7200,240,Z:\SPART-WORK\Data\Voyager\voyager1\mag\48s\reviewed_vim\2019\voyager1_48s_mag-vim_20190101_v01.cdf,C:\Users\Administrator\Documents\FWD_matlab\Voyager_fu\Voyager_Interstellar_Monthly\HighestPrecision_Segments\V1_MAG48s_segment_1177_20190502T092427_20190502T171138.png,ok,
1,1178,2019-05-03 03:05:14,2019-05-03 05:57:14,2.8668,214,48.383,143.424,7200,240,Z:\SPART-WORK\Data\Voyager\voyager1\mag\48s\reviewed_vim\2019\voyager1_48s_mag-vim_20190101_v01.cdf,C:\Users\Administrator\Documents\FWD_matlab\Voyager_fu\Voyager_Interstellar_Monthly\HighestPrecision_Segments\V1_MAG48s_segment_1178_20190503T030514_20190503T055714.png,ok,
1,1179,2019-05-03 10:30:02,2019-05-03 14:52:26,4.37328000006782,327,48.383,143.424,7200,240,Z:\SPART-WORK\Data\Voyager\voyager1\mag\48s\reviewed_vim\2019\voyager1_48s_mag-vim_20190101_v01.cdf,C:\Users\Administrator\Documents\FWD_matlab\Voyager_fu\Voyager_Interstellar_Monthly\HighestPrecision_Segments\V1_MAG48s_segment_1179_20190503T103002_20190503T145226.png,ok,
1,1180,2019-05-04 03:00:26,2019-05-04 07:08:26,4.13328,300,48.383,288.577,7200,240,Z:\SPART-WORK\Data\Voyager\voyager1\mag\48s\reviewed_vim\2019\voyager1_48s_mag-vim_20190101_v01.cdf,C:\Users\Administrator\Documents\FWD_matlab\Voyager_fu\Voyager_Interstellar_Monthly\HighestPrecision_Segments\V1_MAG48s_segment_1180_20190504T030026_20190504T070826.png,ok,
1,1181,2019-05-04 09:10:02,2019-05-04 10:46:50,1.61352027777778,122,48.383,48.385,7200,240,Z:\SPART-WORK\Data\Voyager\voyager1\mag\48s\reviewed_vim\2019\voyager1_48s_mag-vim_20190101_v01.cdf,C:\Users\Administrator\Documents\FWD_matlab\Voyager_fu\Voyager_Interstellar_Monthly\HighestPrecision_Segments\V1_MAG48s_segment_1181_20190504T091002_20190504T104650.png,ok,
1,1182,2019-05-05 08:04:26,2019-05-05 12:17:14,4.2132,314,48.383,191.807000244141,7200,240,Z:\SPART-WORK\Data\Voyager\voyager1\mag\48s\reviewed_vim\2019\voyager1_48s_mag-vim_20190101_v01.cdf,C:\Users\Administrator\Documents\FWD_matlab\Voyager_fu\Voyager_Interstellar_Monthly\HighestPrecision_Segments\V1_MAG48s_segment_1182_20190505T080426_20190505T121714.png,ok,
1,1183,2019-05-06 02:50:50,2019-05-06 06:32:26,3.69336027770996,275,48.383,96.768,7200,240,Z:\SPART-WORK\Data\Voyager\voyager1\mag\48s\reviewed_vim\2019\voyager1_48s_mag-vim_20190101_v01.cdf,C:\Users\Administrator\Documents\FWD_matlab\Voyager_fu\Voyager_Interstellar_Monthly\HighestPrecision_Segments\V1_MAG48s_segment_1183_20190506T025050_20190506T063226.png,ok,
1,1184,2019-05-06 09:18:02,2019-05-06 10:42:02,1.39992,103,48.383,191.808999755859,7200,240,Z:\SPART-WORK\Data\Voyager\voyager1\mag\48s\reviewed_vim\2019\voyager1_48s_mag-vim_20190101_v01.cdf,C:\Users\Administrator\Documents\FWD_matlab\Voyager_fu\Voyager_Interstellar_Monthly\HighestPrecision_Segments\V1_MAG48s_segment_1184_20190506T091802_20190506T104202.png,ok,
1,1185,2019-05-07 09:19:38,2019-05-07 10:46:02,1.44,107,48.383,143.424,7200,240,Z:\SPART-WORK\Data\Voyager\voyager1\mag\48s\reviewed_vim\2019\voyager1_48s_mag-vim_20190101_v01.cdf,C:\Users\Administrator\Documents\FWD_matlab\Voyager_fu\Voyager_Interstellar_Monthly\HighestPrecision_Segments\V1_MAG48s_segment_1185_20190507T091938_20190507T104602.png,ok,
1,1186,2019-05-07 17:10:02,2019-05-07 17:31:38,0.36,28,48.383,48.385,7200,240,Z:\SPART-WORK\Data\Voyager\voyager1\mag\48s\reviewed_vim\2019\voyager1_48s_mag-vim_20190101_v01.cdf,C:\Users\Administrator\Documents\FWD_matlab\Voyager_fu\Voyager_Interstellar_Monthly\HighestPrecision_Segments\V1_MAG48s_segment_1186_20190507T171002_20190507T173138.png,ok,
1,1187,2019-05-08 10:06:01,2019-05-08 17:37:14,7.52016,562,47.521,191.809,7200,240,Z:\SPART-WORK\Data\Voyager\voyager1\mag\48s\reviewed_vim\2019\voyager1_48s_mag-vim_20190101_v01.cdf,C:\Users\Administrator\Documents\FWD_matlab\Voyager_fu\Voyager_Interstellar_Monthly\HighestPrecision_Segments\V1_MAG48s_segment_1187_20190508T100601_20190508T173714.png,ok,
1,1188,2019-05-09 04:54:02,2019-05-09 12:23:38,7.49352,486,47.521,3502.656,7200,240,Z:\SPART-WORK\Data\Voyager\voyager1\mag\48s\reviewed_vim\2019\voyager1_48s_mag-vim_20190101_v01.cdf,C:\Users\Administrator\Documents\FWD_matlab\Voyager_fu\Voyager_Interstellar_Monthly\HighestPrecision_Segments\V1_MAG48s_segment_1188_20190509T045402_20190509T122338.png,ok,
1,1189,2019-05-10 02:36:25,2019-05-10 10:46:50,8.17343972222222,489,47.521,4128.19299975586,7200,240,Z:\SPART-WORK\Data\Voyager\voyager1\mag\48s\reviewed_vim\2019\voyager1_48s_mag-vim_20190101_v01.cdf,C:\Users\Administrator\Documents\FWD_matlab\Voyager_fu\Voyager_Interstellar_Monthly\HighestPrecision_Segments\V1_MAG48s_segment_1189_20190510T023625_20190510T104650.png,ok,
1,1190,2019-05-10 16:30:01,2019-05-10 21:37:14,5.12015972222222,253,47.521,6144.768,7200,240,Z:\SPART-WORK\Data\Voyager\voyager1\mag\48s\reviewed_vim\2019\voyager1_48s_mag-vim_20190101_v01.cdf,C:\Users\Administrator\Documents\FWD_matlab\Voyager_fu\Voyager_Interstellar_Monthly\HighestPrecision_Segments\V1_MAG48s_segment_1190_20190510T163001_20190510T213714.png,ok,
1,1191,2019-05-11 03:40:26,2019-05-11 15:17:13,11.6131200000678,770,47.521,2591.999,7200,240,Z:\SPART-WORK\Data\Voyager\voyager1\mag\48s\reviewed_vim\2019\voyager1_48s_mag-vim_20190101_v01.cdf,C:\Users\Administrator\Documents\FWD_matlab\Voyager_fu\Voyager_Interstellar_Monthly\HighestPrecision_Segments\V1_MAG48s_segment_1191_20190511T034026_20190511T151713.png,ok,
1,1192,2019-05-12 02:20:25,2019-05-12 04:48:25,2.46671972229004,184,47.521,144.288,7200,240,Z:\SPART-WORK\Data\Voyager\voyager1\mag\48s\reviewed_vim\2019\voyager1_48s_mag-vim_20190101_v01.cdf,C:\Users\Administrator\Documents\FWD_matlab\Voyager_fu\Voyager_Interstellar_Monthly\HighestPrecision_Segments\V1_MAG48s_segment_1192_20190512T022025_20190512T044825.png,ok,
1,1193,2019-05-12 07:56:26,2019-05-12 11:49:13,3.87984,290,47.521,144.287,7200,240,Z:\SPART-WORK\Data\Voyager\voyager1\mag\48s\reviewed_vim\2019\voyager1_48s_mag-vim_20190101_v01.cdf,C:\Users\Administrator\Documents\FWD_matlab\Voyager_fu\Voyager_Interstellar_Monthly\HighestPrecision_Segments\V1_MAG48s_segment_1193_20190512T075626_20190512T114913.png,ok,
1,1194,2019-05-13 15:27:38,2019-05-13 19:22:01,3.90624,284,47.521,288.576,7200,240,Z:\SPART-WORK\Data\Voyager\voyager1\mag\48s\reviewed_vim\2019\voyager1_48s_mag-vim_20190101_v01.cdf,C:\Users\Administrator\Documents\FWD_matlab\Voyager_fu\Voyager_Interstellar_Monthly\HighestPrecision_Segments\V1_MAG48s_segment_1194_20190513T152738_20190513T192201.png,ok,
1,1195,2019-05-14 02:31:37,2019-05-14 06:32:25,4.01327999993218,289,47.521,240.191999755859,7200,240,Z:\SPART-WORK\Data\Voyager\voyager1\mag\48s\reviewed_vim\2019\voyager1_48s_mag-vim_20190101_v01.cdf,C:\Users\Administrator\Documents\FWD_matlab\Voyager_fu\Voyager_Interstellar_Monthly\HighestPrecision_Segments\V1_MAG48s_segment_1195_20190514T023137_20190514T063225.png,ok,
1,1196,2019-05-14 08:33:13,2019-05-14 10:13:14,1.6668,123,47.521,190.944,7200,240,Z:\SPART-WORK\Data\Voyager\voyager1\mag\48s\reviewed_vim\2019\voyager1_48s_mag-vim_20190101_v01.cdf,C:\Users\Administrator\Documents\FWD_matlab\Voyager_fu\Voyager_Interstellar_Monthly\HighestPrecision_Segments\V1_MAG48s_segment_1196_20190514T083313_20190514T101314.png,ok,
1,1197,2019-05-14 15:58:01,2019-05-14 20:08:26,4.17336,313,47.521,95.904,7200,240,Z:\SPART-WORK\Data\Voyager\voyager1\mag\48s\reviewed_vim\2019\voyager1_48s_mag-vim_20190101_v01.cdf,C:\Users\Administrator\Documents\FWD_matlab\Voyager_fu\Voyager_Interstellar_Monthly\HighestPrecision_Segments\V1_MAG48s_segment_1197_20190514T155801_20190514T200826.png,ok,
1,1198,2019-05-15 02:18:49,2019-05-15 10:06:50,7.80024027777778,459,47.521,4224.09599975586,7200,240,Z:\SPART-WORK\Data\Voyager\voyager1\mag\48s\reviewed_vim\2019\voyager1_48s_mag-vim_20190101_v01.cdf,C:\Users\Administrator\Documents\FWD_matlab\Voyager_fu\Voyager_Interstellar_Monthly\HighestPrecision_Segments\V1_MAG48s_segment_1198_20190515T021849_20190515T100650.png,ok,
1,1199,2019-05-16 02:31:37,2019-05-16 13:02:02,10.50672027771,615,47.5209997558594,3984.768,7200,240,Z:\SPART-WORK\Data\Voyager\voyager1\mag\48s\reviewed_vim\2019\voyager1_48s_mag-vim_20190101_v01.cdf,C:\Users\Administrator\Documents\FWD_matlab\Voyager_fu\Voyager_Interstellar_Monthly\HighestPrecision_Segments\V1_MAG48s_segment_1199_20190516T023137_20190516T130202.png,ok,
1,1200,2019-05-17 02:18:49,2019-05-17 11:32:25,9.22656027777778,579,47.5200002441406,3551.904,7200,240,Z:\SPART-WORK\Data\Voyager\voyager1\mag\48s\reviewed_vim\2019\voyager1_48s_mag-vim_20190101_v01.cdf,C:\Users\Administrator\Documents\FWD_matlab\Voyager_fu\Voyager_Interstellar_Monthly\HighestPrecision_Segments\V1_MAG48s_segment_1200_20190517T021849_20190517T113225.png,ok,
1,1201,2019-05-18 04:46:00,2019-05-18 12:02:00,7.26671972222222,475,47.52,2446.849,7200,240,Z:\SPART-WORK\Data\Voyager\voyager1\mag\48s\reviewed_vim\2019\voyager1_48s_mag-vim_20190101_v01.cdf,C:\Users\Administrator\Documents\FWD_matlab\Voyager_fu\Voyager_Interstellar_Monthly\HighestPrecision_Segments\V1_MAG48s_segment_1201_20190518T044600_20190518T120200.png,ok,
1,1202,2019-05-18 15:03:37,2019-05-18 20:55:37,5.86656,303,47.52,6528.384,7200,240,Z:\SPART-WORK\Data\Voyager\voyager1\mag\48s\reviewed_vim\2019\voyager1_48s_mag-vim_20190101_v01.cdf,C:\Users\Administrator\Documents\FWD_matlab\Voyager_fu\Voyager_Interstellar_Monthly\HighestPrecision_Segments\V1_MAG48s_segment_1202_20190518T150337_20190518T205537.png,ok,
1,1203,2019-05-19 02:26:49,2019-05-19 12:16:24,9.82656027770996,591,47.52,2063.232,7200,240,Z:\SPART-WORK\Data\Voyager\voyager1\mag\48s\reviewed_vim\2019\voyager1_48s_mag-vim_20190101_v01.cdf,C:\Users\Administrator\Documents\FWD_matlab\Voyager_fu\Voyager_Interstellar_Monthly\HighestPrecision_Segments\V1_MAG48s_segment_1203_20190519T022649_20190519T121624.png,ok,
1,1204,2019-05-20 02:22:01,2019-05-20 08:26:49,6.07991972229004,310,47.5200002441406,1679.616,7200,240,Z:\SPART-WORK\Data\Voyager\voyager1\mag\48s\reviewed_vim\2019\voyager1_48s_mag-vim_20190101_v01.cdf,C:\Users\Administrator\Documents\FWD_matlab\Voyager_fu\Voyager_Interstellar_Monthly\HighestPrecision_Segments\V1_MAG48s_segment_1204_20190520T022201_20190520T082649.png,ok,
1,1205,2019-05-20 14:07:36,2019-05-20 18:38:49,4.52016027777778,324,47.52,768.096,7200,240,Z:\SPART-WORK\Data\Voyager\voyager1\mag\48s\reviewed_vim\2019\voyager1_48s_mag-vim_20190101_v01.cdf,C:\Users\Administrator\Documents\FWD_matlab\Voyager_fu\Voyager_Interstellar_Monthly\HighestPrecision_Segments\V1_MAG48s_segment_1205_20190520T140736_20190520T183849.png,ok,
1,1206,2019-05-21 03:11:37,2019-05-21 06:19:37,3.13344,171,47.52,1632.096,7200,240,Z:\SPART-WORK\Data\Voyager\voyager1\mag\48s\reviewed_vim\2019\voyager1_48s_mag-vim_20190101_v01.cdf,C:\Users\Administrator\Documents\FWD_matlab\Voyager_fu\Voyager_Interstellar_Monthly\HighestPrecision_Segments\V1_MAG48s_segment_1206_20190521T031137_20190521T061937.png,ok,
1,1207,2019-05-21 09:19:37,2019-05-21 11:05:13,1.75992,95,47.52,1248.479,7200,240,Z:\SPART-WORK\Data\Voyager\voyager1\mag\48s\reviewed_vim\2019\voyager1_48s_mag-vim_20190101_v01.cdf,C:\Users\Administrator\Documents\FWD_matlab\Voyager_fu\Voyager_Interstellar_Monthly\HighestPrecision_Segments\V1_MAG48s_segment_1207_20190521T091937_20190521T110513.png,ok,
1,1208,2019-05-21 13:50:00,2019-05-21 14:30:49,0.680159722222222,24,47.521,1247.616,7200,240,Z:\SPART-WORK\Data\Voyager\voyager1\mag\48s\reviewed_vim\2019\voyager1_48s_mag-vim_20190101_v01.cdf,C:\Users\Administrator\Documents\FWD_matlab\Voyager_fu\Voyager_Interstellar_Monthly\HighestPrecision_Segments\V1_MAG48s_segment_1208_20190521T135000_20190521T143049.png,ok,
1,1209,2019-05-22 03:16:24,2019-05-22 04:36:25,1.33343972229004,89,47.52,336.096999755859,7200,240,Z:\SPART-WORK\Data\Voyager\voyager1\mag\48s\reviewed_vim\2019\voyager1_48s_mag-vim_20190101_v01.cdf,C:\Users\Administrator\Documents\FWD_matlab\Voyager_fu\Voyager_Interstellar_Monthly\HighestPrecision_Segments\V1_MAG48s_segment_1209_20190522T031624_20190522T043625.png,ok,
1,1210,2019-05-22 07:59:37,2019-05-22 20:02:49,12.0535200000678,819,47.52,4032.289,7200,240,Z:\SPART-WORK\Data\Voyager\voyager1\mag\48s\reviewed_vim\2019\voyager1_48s_mag-vim_20190101_v01.cdf,C:\Users\Administrator\Documents\FWD_matlab\Voyager_fu\Voyager_Interstellar_Monthly\HighestPrecision_Segments\V1_MAG48s_segment_1210_20190522T075937_20190522T200249.png,ok,
1,1211,2019-05-23 02:44:25,2019-05-23 06:22:49,3.64008,235,47.52,624.671,7200,240,Z:\SPART-WORK\Data\Voyager\voyager1\mag\48s\reviewed_vim\2019\voyager1_48s_mag-vim_20190101_v01.cdf,C:\Users\Administrator\Documents\FWD_matlab\Voyager_fu\Voyager_Interstellar_Monthly\HighestPrecision_Segments\V1_MAG48s_segment_1211_20190523T024425_20190523T062249.png,ok,
1,1212,2019-05-23 09:11:37,2019-05-23 14:31:37,5.33327972222222,315,47.52,1390.175,7200,240,Z:\SPART-WORK\Data\Voyager\voyager1\mag\48s\reviewed_vim\2019\voyager1_48s_mag-vim_20190101_v01.cdf,C:\Users\Administrator\Documents\FWD_matlab\Voyager_fu\Voyager_Interstellar_Monthly\HighestPrecision_Segments\V1_MAG48s_segment_1212_20190523T091137_20190523T143137.png,ok,
1,1213,2019-05-24 01:43:37,2019-05-24 04:42:49,2.98679999993218,189,47.52,1535.329,7200,240,Z:\SPART-WORK\Data\Voyager\voyager1\mag\48s\reviewed_vim\2019\voyager1_48s_mag-vim_20190101_v01.cdf,C:\Users\Administrator\Documents\FWD_matlab\Voyager_fu\Voyager_Interstellar_Monthly\HighestPrecision_Segments\V1_MAG48s_segment_1213_20190524T014337_20190524T044249.png,ok,
1,1214,2019-05-24 16:31:37,2019-05-24 22:56:24,6.41304,462,47.52,767.232,7200,240,Z:\SPART-WORK\Data\Voyager\voyager1\mag\48s\reviewed_vim\2019\voyager1_48s_mag-vim_20190101_v01.cdf,C:\Users\Administrator\Documents\FWD_matlab\Voyager_fu\Voyager_Interstellar_Monthly\HighestPrecision_Segments\V1_MAG48s_segment_1214_20190524T163137_20190524T225624.png,ok,
1,1215,2019-05-25 17:50:01,2019-05-25 21:36:25,3.77352000006782,283,47.52,96.769,7200,240,Z:\SPART-WORK\Data\Voyager\voyager1\mag\48s\reviewed_vim\2019\voyager1_48s_mag-vim_20190101_v01.cdf,C:\Users\Administrator\Documents\FWD_matlab\Voyager_fu\Voyager_Interstellar_Monthly\HighestPrecision_Segments\V1_MAG48s_segment_1215_20190525T175001_20190525T213625.png,ok,
1,1216,2019-05-26 17:05:13,2019-05-26 18:06:48,1.02647972222222,77,47.52,95.903,7200,240,Z:\SPART-WORK\Data\Voyager\voyager1\mag\48s\reviewed_vim\2019\voyager1_48s_mag-vim_20190101_v01.cdf,C:\Users\Administrator\Documents\FWD_matlab\Voyager_fu\Voyager_Interstellar_Monthly\HighestPrecision_Segments\V1_MAG48s_segment_1216_20190526T170513_20190526T180648.png,ok,
1,1217,2019-05-27 00:55:36,2019-05-27 12:31:37,11.60016,623,47.52,5616,7200,240,Z:\SPART-WORK\Data\Voyager\voyager1\mag\48s\reviewed_vim\2019\voyager1_48s_mag-vim_20190101_v01.cdf,C:\Users\Administrator\Documents\FWD_matlab\Voyager_fu\Voyager_Interstellar_Monthly\HighestPrecision_Segments\V1_MAG48s_segment_1217_20190527T005536_20190527T123137.png,ok,
1,1218,2019-05-28 09:13:14,2019-05-28 13:38:01,4.41312027777778,225,47.52,1343.521,7200,240,Z:\SPART-WORK\Data\Voyager\voyager1\mag\48s\reviewed_vim\2019\voyager1_48s_mag-vim_20190101_v01.cdf,C:\Users\Administrator\Documents\FWD_matlab\Voyager_fu\Voyager_Interstellar_Monthly\HighestPrecision_Segments\V1_MAG48s_segment_1218_20190528T091314_20190528T133801.png,ok,
1,1219,2019-05-29 02:18:49,2019-05-29 05:27:36,3.14640000006782,190,47.52,1152.576,7200,240,Z:\SPART-WORK\Data\Voyager\voyager1\mag\48s\reviewed_vim\2019\voyager1_48s_mag-vim_20190101_v01.cdf,C:\Users\Administrator\Documents\FWD_matlab\Voyager_fu\Voyager_Interstellar_Monthly\HighestPrecision_Segments\V1_MAG48s_segment_1219_20190529T021849_20190529T052736.png,ok,
1,1220,2019-05-29 14:50:48,2019-05-29 18:46:00,3.91992,292,47.52,191.808,7200,240,Z:\SPART-WORK\Data\Voyager\voyager1\mag\48s\reviewed_vim\2019\voyager1_48s_mag-vim_20190101_v01.cdf,C:\Users\Administrator\Documents\FWD_matlab\Voyager_fu\Voyager_Interstellar_Monthly\HighestPrecision_Segments\V1_MAG48s_segment_1220_20190529T145048_20190529T184600.png,ok,
1,1221,2019-05-30 02:01:13,2019-05-30 09:22:01,7.34663972222222,348,47.52,4752.865,7200,240,Z:\SPART-WORK\Data\Voyager\voyager1\mag\48s\reviewed_vim\2019\voyager1_48s_mag-vim_20190101_v01.cdf,C:\Users\Administrator\Documents\FWD_matlab\Voyager_fu\Voyager_Interstellar_Monthly\HighestPrecision_Segments\V1_MAG48s_segment_1221_20190530T020113_20190530T092201.png,ok,
1,1222,2019-05-30 17:02:00,2019-05-30 18:01:12,0.98664,74,47.52,96.7670002441406,7200,240,Z:\SPART-WORK\Data\Voyager\voyager1\mag\48s\reviewed_vim\2019\voyager1_48s_mag-vim_20190101_v01.cdf,C:\Users\Administrator\Documents\FWD_matlab\Voyager_fu\Voyager_Interstellar_Monthly\HighestPrecision_Segments\V1_MAG48s_segment_1222_20190530T170200_20190530T180112.png,ok,
1,1223,2019-05-31 02:42:49,2019-05-31 06:26:01,3.72,220,47.52,863.135,7200,240,Z:\SPART-WORK\Data\Voyager\voyager1\mag\48s\reviewed_vim\2019\voyager1_48s_mag-vim_20190101_v01.cdf,C:\Users\Administrator\Documents\FWD_matlab\Voyager_fu\Voyager_Interstellar_Monthly\HighestPrecision_Segments\V1_MAG48s_segment_1223_20190531T024249_20190531T062601.png,ok,
1,1224,2019-06-01 02:10:49,2019-06-01 06:47:37,4.61328027770996,189,47.52,1681.343,7200,240,Z:\SPART-WORK\Data\Voyager\voyager1\mag\48s\reviewed_vim\2019\voyager1_48s_mag-vim_20190101_v01.cdf,C:\Users\Administrator\Documents\FWD_matlab\Voyager_fu\Voyager_Interstellar_Monthly\HighestPrecision_Segments\V1_MAG48s_segment_1224_20190601T021049_20190601T064737.png,ok,
1,1225,2019-06-01 17:40:24,2019-06-01 19:36:25,1.93343972229004,115,47.52,1007.424,7200,240,Z:\SPART-WORK\Data\Voyager\voyager1\mag\48s\reviewed_vim\2019\voyager1_48s_mag-vim_20190101_v01.cdf,C:\Users\Administrator\Documents\FWD_matlab\Voyager_fu\Voyager_Interstellar_Monthly\HighestPrecision_Segments\V1_MAG48s_segment_1225_20190601T174024_20190601T193625.png,ok,
1,1226,2019-06-02 02:15:37,2019-06-02 11:50:01,9.57336,413,47.52,6143.90400024414,7200,240,Z:\SPART-WORK\Data\Voyager\voyager1\mag\48s\reviewed_vim\2019\voyager1_48s_mag-vim_20190101_v01.cdf,C:\Users\Administrator\Documents\FWD_matlab\Voyager_fu\Voyager_Interstellar_Monthly\HighestPrecision_Segments\V1_MAG48s_segment_1226_20190602T021537_20190602T115001.png,ok,
1,1227,2019-06-03 03:24:24,2019-06-03 12:00:25,8.60016,452,47.52,6719.329,7200,240,Z:\SPART-WORK\Data\Voyager\voyager1\mag\48s\reviewed_vim\2019\voyager1_48s_mag-vim_20190101_v01.cdf,C:\Users\Administrator\Documents\FWD_matlab\Voyager_fu\Voyager_Interstellar_Monthly\HighestPrecision_Segments\V1_MAG48s_segment_1227_20190603T032424_20190603T120025.png,ok,
1,1228,2019-06-04 00:55:36,2019-06-04 02:20:23,1.41311972222222,43,47.9515001220703,2400.192,7200,240,Z:\SPART-WORK\Data\Voyager\voyager1\mag\48s\reviewed_vim\2019\voyager1_48s_mag-vim_20190101_v01.cdf,C:\Users\Administrator\Documents\FWD_matlab\Voyager_fu\Voyager_Interstellar_Monthly\HighestPrecision_Segments\V1_MAG48s_segment_1228_20190604T005536_20190604T022023.png,ok,
1,1229,2019-06-04 07:19:36,2019-06-04 11:20:23,4.01327972222222,299,47.52,191.808,7200,240,Z:\SPART-WORK\Data\Voyager\voyager1\mag\48s\reviewed_vim\2019\voyager1_48s_mag-vim_20190101_v01.cdf,C:\Users\Administrator\Documents\FWD_matlab\Voyager_fu\Voyager_Interstellar_Monthly\HighestPrecision_Segments\V1_MAG48s_segment_1229_20190604T071936_20190604T112023.png,ok,
1,1230,2019-06-05 07:13:12,2019-06-05 13:11:36,5.97336027777778,448,47.52,96.769,7200,240,Z:\SPART-WORK\Data\Voyager\voyager1\mag\48s\reviewed_vim\2019\voyager1_48s_mag-vim_20190101_v01.cdf,C:\Users\Administrator\Documents\FWD_matlab\Voyager_fu\Voyager_Interstellar_Monthly\HighestPrecision_Segments\V1_MAG48s_segment_1230_20190605T071312_20190605T131136.png,ok,
1,1231,2019-06-06 03:51:36,2019-06-06 08:42:49,4.85351972222222,193,47.52,4704.48,7200,240,Z:\SPART-WORK\Data\Voyager\voyager1\mag\48s\reviewed_vim\2019\voyager1_48s_mag-vim_20190101_v01.cdf,C:\Users\Administrator\Documents\FWD_matlab\Voyager_fu\Voyager_Interstellar_Monthly\HighestPrecision_Segments\V1_MAG48s_segment_1231_20190606T035136_20190606T084249.png,ok,
1,1232,2019-06-07 01:59:37,2019-06-07 06:04:25,4.08000027777778,89,48.3830001220703,3312.57500024414,7200,240,Z:\SPART-WORK\Data\Voyager\voyager1\mag\48s\reviewed_vim\2019\voyager1_48s_mag-vim_20190101_v01.cdf,C:\Users\Administrator\Documents\FWD_matlab\Voyager_fu\Voyager_Interstellar_Monthly\HighestPrecision_Segments\V1_MAG48s_segment_1232_20190607T015937_20190607T060425.png,ok,
1,1233,2019-06-08 02:39:36,2019-06-08 10:05:13,7.4268,330,47.52,6095.52,7200,240,Z:\SPART-WORK\Data\Voyager\voyager1\mag\48s\reviewed_vim\2019\voyager1_48s_mag-vim_20190101_v01.cdf,C:\Users\Administrator\Documents\FWD_matlab\Voyager_fu\Voyager_Interstellar_Monthly\HighestPrecision_Segments\V1_MAG48s_segment_1233_20190608T023936_20190608T100513.png,ok,
1,1234,2019-06-09 02:55:36,2019-06-09 06:28:24,3.54672027777778,72,48.383,3119.04,7200,240,Z:\SPART-WORK\Data\Voyager\voyager1\mag\48s\reviewed_vim\2019\voyager1_48s_mag-vim_20190101_v01.cdf,C:\Users\Administrator\Documents\FWD_matlab\Voyager_fu\Voyager_Interstellar_Monthly\HighestPrecision_Segments\V1_MAG48s_segment_1234_20190609T025536_20190609T062824.png,ok,
1,1235,2019-06-09 08:31:37,2019-06-09 09:55:36,1.39992027777778,106,47.52,49.249,7200,240,Z:\SPART-WORK\Data\Voyager\voyager1\mag\48s\reviewed_vim\2019\voyager1_48s_mag-vim_20190101_v01.cdf,C:\Users\Administrator\Documents\FWD_matlab\Voyager_fu\Voyager_Interstellar_Monthly\HighestPrecision_Segments\V1_MAG48s_segment_1235_20190609T083137_20190609T095536.png,ok,
1,1236,2019-06-10 03:35:36,2019-06-10 12:50:00,9.23999972222222,377,47.52,6671.807,7200,240,Z:\SPART-WORK\Data\Voyager\voyager1\mag\48s\reviewed_vim\2019\voyager1_48s_mag-vim_20190101_v01.cdf,C:\Users\Administrator\Documents\FWD_matlab\Voyager_fu\Voyager_Interstellar_Monthly\HighestPrecision_Segments\V1_MAG48s_segment_1236_20190610T033536_20190610T125000.png,ok,
1,1237,2019-06-11 01:50:00,2019-06-11 05:34:48,3.74663972229004,65,48.3830001220703,6526.657,7200,240,Z:\SPART-WORK\Data\Voyager\voyager1\mag\48s\reviewed_vim\2019\voyager1_48s_mag-vim_20190101_v01.cdf,C:\Users\Administrator\Documents\FWD_matlab\Voyager_fu\Voyager_Interstellar_Monthly\HighestPrecision_Segments\V1_MAG48s_segment_1237_20190611T015000_20190611T053448.png,ok,
1,1238,2019-06-12 01:56:24,2019-06-12 04:26:49,2.50680027777778,32,47.521,5711.905,7200,240,Z:\SPART-WORK\Data\Voyager\voyager1\mag\48s\reviewed_vim\2019\voyager1_48s_mag-vim_20190101_v01.cdf,C:\Users\Administrator\Documents\FWD_matlab\Voyager_fu\Voyager_Interstellar_Monthly\HighestPrecision_Segments\V1_MAG48s_segment_1238_20190612T015624_20190612T042649.png,ok,
1,1239,2019-06-13 06:04:25,2019-06-13 09:44:24,3.66648,275,47.52,95.039,7200,240,Z:\SPART-WORK\Data\Voyager\voyager1\mag\48s\reviewed_vim\2019\voyager1_48s_mag-vim_20190101_v01.cdf,C:\Users\Administrator\Documents\FWD_matlab\Voyager_fu\Voyager_Interstellar_Monthly\HighestPrecision_Segments\V1_MAG48s_segment_1239_20190613T060425_20190613T094424.png,ok,
1,1240,2019-06-13 13:45:12,2019-06-13 14:22:00,0.613440277709961,43,47.521,144.287,7200,240,Z:\SPART-WORK\Data\Voyager\voyager1\mag\48s\reviewed_vim\2019\voyager1_48s_mag-vim_20190101_v01.cdf,C:\Users\Administrator\Documents\FWD_matlab\Voyager_fu\Voyager_Interstellar_Monthly\HighestPrecision_Segments\V1_MAG48s_segment_1240_20190613T134512_20190613T142200.png,ok,
1,1241,2019-06-14 02:04:24,2019-06-14 04:27:36,2.38656027777778,48,47.5209997558594,2928.095,7200,240,Z:\SPART-WORK\Data\Voyager\voyager1\mag\48s\reviewed_vim\2019\voyager1_48s_mag-vim_20190101_v01.cdf,C:\Users\Administrator\Documents\FWD_matlab\Voyager_fu\Voyager_Interstellar_Monthly\HighestPrecision_Segments\V1_MAG48s_segment_1241_20190614T020424_20190614T042736.png,ok,
1,1242,2019-06-15 03:21:11,2019-06-15 08:00:24,4.65359972222222,189,47.521,4512.67200024414,7200,240,Z:\SPART-WORK\Data\Voyager\voyager1\mag\48s\reviewed_vim\2019\voyager1_48s_mag-vim_20190101_v01.cdf,C:\Users\Administrator\Documents\FWD_matlab\Voyager_fu\Voyager_Interstellar_Monthly\HighestPrecision_Segments\V1_MAG48s_segment_1242_20190615T032111_20190615T080024.png,ok,
1,1243,2019-06-15 13:35:36,2019-06-15 15:46:47,2.18663972222222,98,47.5200002441406,2975.61699975586,7200,240,Z:\SPART-WORK\Data\Voyager\voyager1\mag\48s\reviewed_vim\2019\voyager1_48s_mag-vim_20190101_v01.cdf,C:\Users\Administrator\Documents\FWD_matlab\Voyager_fu\Voyager_Interstellar_Monthly\HighestPrecision_Segments\V1_MAG48s_segment_1243_20190615T133536_20190615T154647.png,ok,
1,1244,2019-06-16 03:31:35,2019-06-16 04:19:36,0.80016,7,72.576,2544.479,7200,240,Z:\SPART-WORK\Data\Voyager\voyager1\mag\48s\reviewed_vim\2019\voyager1_48s_mag-vim_20190101_v01.cdf,C:\Users\Administrator\Documents\FWD_matlab\Voyager_fu\Voyager_Interstellar_Monthly\HighestPrecision_Segments\V1_MAG48s_segment_1244_20190616T033135_20190616T041936.png,ok,
1,1245,2019-06-16 09:14:48,2019-06-16 12:54:48,3.66672027777778,267,47.5209997558594,383.616999755859,7200,240,Z:\SPART-WORK\Data\Voyager\voyager1\mag\48s\reviewed_vim\2019\voyager1_48s_mag-vim_20190101_v01.cdf,C:\Users\Administrator\Documents\FWD_matlab\Voyager_fu\Voyager_Interstellar_Monthly\HighestPrecision_Segments\V1_MAG48s_segment_1245_20190616T091448_20190616T125448.png,ok,
1,1246,2019-06-17 08:53:59,2019-06-17 13:24:23,4.50671972222222,337,47.5209997558594,143.425,7200,240,Z:\SPART-WORK\Data\Voyager\voyager1\mag\48s\reviewed_vim\2019\voyager1_48s_mag-vim_20190101_v01.cdf,C:\Users\Administrator\Documents\FWD_matlab\Voyager_fu\Voyager_Interstellar_Monthly\HighestPrecision_Segments\V1_MAG48s_segment_1246_20190617T085359_20190617T132423.png,ok,
1,1247,2019-06-18 08:26:47,2019-06-18 13:04:23,4.62672,244,47.521,4079.807,7200,240,Z:\SPART-WORK\Data\Voyager\voyager1\mag\48s\reviewed_vim\2019\voyager1_48s_mag-vim_20190101_v01.cdf,C:\Users\Administrator\Documents\FWD_matlab\Voyager_fu\Voyager_Interstellar_Monthly\HighestPrecision_Segments\V1_MAG48s_segment_1247_20190618T082647_20190618T130423.png,ok,
1,1248,2019-06-19 12:18:48,2019-06-19 13:17:12,0.973439999932183,62,47.521,431.999000244141,7200,240,Z:\SPART-WORK\Data\Voyager\voyager1\mag\48s\reviewed_vim\2019\voyager1_48s_mag-vim_20190101_v01.cdf,C:\Users\Administrator\Documents\FWD_matlab\Voyager_fu\Voyager_Interstellar_Monthly\HighestPrecision_Segments\V1_MAG48s_segment_1248_20190619T121848_20190619T131712.png,ok,
1,1249,2019-06-20 02:25:11,2019-06-20 07:09:59,4.74671972222222,83,47.521,6671.808,7200,240,Z:\SPART-WORK\Data\Voyager\voyager1\mag\48s\reviewed_vim\2019\voyager1_48s_mag-vim_20190101_v01.cdf,C:\Users\Administrator\Documents\FWD_matlab\Voyager_fu\Voyager_Interstellar_Monthly\HighestPrecision_Segments\V1_MAG48s_segment_1249_20190620T022511_20190620T070959.png,ok,
1,1250,2019-06-22 02:23:36,2019-06-22 02:24:24,0.0132,2,47.52,47.52,7200,240,Z:\SPART-WORK\Data\Voyager\voyager1\mag\48s\reviewed_vim\2019\voyager1_48s_mag-vim_20190101_v01.cdf,C:\Users\Administrator\Documents\FWD_matlab\Voyager_fu\Voyager_Interstellar_Monthly\HighestPrecision_Segments\V1_MAG48s_segment_1250_20190622T022336_20190622T022424.png,ok,
1,1251,2019-06-23 03:17:59,2019-06-23 03:57:11,0.653280000067817,5,47.952,2208.385,7200,240,Z:\SPART-WORK\Data\Voyager\voyager1\mag\48s\reviewed_vim\2019\voyager1_48s_mag-vim_20190101_v01.cdf,C:\Users\Administrator\Documents\FWD_matlab\Voyager_fu\Voyager_Interstellar_Monthly\HighestPrecision_Segments\V1_MAG48s_segment_1251_20190623T031759_20190623T035711.png,ok,
1,1252,2019-06-24 07:03:36,2019-06-24 10:18:47,3.2532,203,47.521,768.096,7200,240,Z:\SPART-WORK\Data\Voyager\voyager1\mag\48s\reviewed_vim\2019\voyager1_48s_mag-vim_20190101_v01.cdf,C:\Users\Administrator\Documents\FWD_matlab\Voyager_fu\Voyager_Interstellar_Monthly\HighestPrecision_Segments\V1_MAG48s_segment_1252_20190624T070336_20190624T101847.png,ok,
1,1253,2019-06-24 13:18:00,2019-06-24 17:00:24,3.70679999993218,253,47.521,480.384,7200,240,Z:\SPART-WORK\Data\Voyager\voyager1\mag\48s\reviewed_vim\2019\voyager1_48s_mag-vim_20190101_v01.cdf,C:\Users\Administrator\Documents\FWD_matlab\Voyager_fu\Voyager_Interstellar_Monthly\HighestPrecision_Segments\V1_MAG48s_segment_1253_20190624T131800_20190624T170024.png,ok,
1,1254,2019-06-25 06:06:00,2019-06-25 08:53:59,2.79984027770996,161,47.521,1104.193,7200,240,Z:\SPART-WORK\Data\Voyager\voyager1\mag\48s\reviewed_vim\2019\voyager1_48s_mag-vim_20190101_v01.cdf,C:\Users\Administrator\Documents\FWD_matlab\Voyager_fu\Voyager_Interstellar_Monthly\HighestPrecision_Segments\V1_MAG48s_segment_1254_20190625T060600_20190625T085359.png,ok,
1,1255,2019-06-25 15:37:11,2019-06-25 19:43:36,4.10687972222222,301,47.521,145.153,7200,240,Z:\SPART-WORK\Data\Voyager\voyager1\mag\48s\reviewed_vim\2019\voyager1_48s_mag-vim_20190101_v01.cdf,C:\Users\Administrator\Documents\FWD_matlab\Voyager_fu\Voyager_Interstellar_Monthly\HighestPrecision_Segments\V1_MAG48s_segment_1255_20190625T153711_20190625T194336.png,ok,
1,1256,2019-06-26 09:09:59,2019-06-26 13:06:00,3.9336,214,47.521,2831.328,7200,240,Z:\SPART-WORK\Data\Voyager\voyager1\mag\48s\reviewed_vim\2019\voyager1_48s_mag-vim_20190101_v01.cdf,C:\Users\Administrator\Documents\FWD_matlab\Voyager_fu\Voyager_Interstellar_Monthly\HighestPrecision_Segments\V1_MAG48s_segment_1256_20190626T090959_20190626T130600.png,ok,
1,1257,2019-06-27 07:21:12,2019-06-27 17:36:23,10.25304,495,47.521,6959.519,7200,240,Z:\SPART-WORK\Data\Voyager\voyager1\mag\48s\reviewed_vim\2019\voyager1_48s_mag-vim_20190101_v01.cdf,C:\Users\Administrator\Documents\FWD_matlab\Voyager_fu\Voyager_Interstellar_Monthly\HighestPrecision_Segments\V1_MAG48s_segment_1257_20190627T072112_20190627T173623.png,ok,
1,1258,2019-06-30 07:13:11,2019-06-30 09:23:36,2.17344027777778,140,47.521,1151.711,7200,240,Z:\SPART-WORK\Data\Voyager\voyager1\mag\48s\reviewed_vim\2019\voyager1_48s_mag-vim_20190101_v01.cdf,C:\Users\Administrator\Documents\FWD_matlab\Voyager_fu\Voyager_Interstellar_Monthly\HighestPrecision_Segments\V1_MAG48s_segment_1258_20190630T071311_20190630T092336.png,ok,
1,1259,2019-07-01 08:57:11,2019-07-01 13:02:47,4.09344,227,47.521,1105.055,7200,240,Z:\SPART-WORK\Data\Voyager\voyager1\mag\48s\reviewed_vim\2019\voyager1_48s_mag-vim_20190101_v01.cdf,C:\Users\Administrator\Documents\FWD_matlab\Voyager_fu\Voyager_Interstellar_Monthly\HighestPrecision_Segments\V1_MAG48s_segment_1259_20190701T085711_20190701T130247.png,ok,
1,1260,2019-07-02 05:09:59,2019-07-02 11:52:23,6.7068,264,47.521,4607.71299975586,7200,240,Z:\SPART-WORK\Data\Voyager\voyager1\mag\48s\reviewed_vim\2019\voyager1_48s_mag-vim_20190101_v01.cdf,C:\Users\Administrator\Documents\FWD_matlab\Voyager_fu\Voyager_Interstellar_Monthly\HighestPrecision_Segments\V1_MAG48s_segment_1260_20190702T050959_20190702T115223.png,ok,
1,1261,2019-07-03 06:02:47,2019-07-03 09:44:24,3.69360027777778,139,47.521,3600.287,7200,240,Z:\SPART-WORK\Data\Voyager\voyager1\mag\48s\reviewed_vim\2019\voyager1_48s_mag-vim_20190101_v01.cdf,C:\Users\Administrator\Documents\FWD_matlab\Voyager_fu\Voyager_Interstellar_Monthly\HighestPrecision_Segments\V1_MAG48s_segment_1261_20190703T060247_20190703T094424.png,ok,
1,1262,2019-07-04 15:06:46,2019-07-04 16:49:12,1.70712,128,47.521,96.769,7200,240,Z:\SPART-WORK\Data\Voyager\voyager1\mag\48s\reviewed_vim\2019\voyager1_48s_mag-vim_20190101_v01.cdf,C:\Users\Administrator\Documents\FWD_matlab\Voyager_fu\Voyager_Interstellar_Monthly\HighestPrecision_Segments\V1_MAG48s_segment_1262_20190704T150646_20190704T164912.png,ok,
1,1263,2019-07-05 12:53:59,2019-07-05 14:33:58,1.66656027777778,95,47.521,1055.809,7200,240,Z:\SPART-WORK\Data\Voyager\voyager1\mag\48s\reviewed_vim\2019\voyager1_48s_mag-vim_20190101_v01.cdf,C:\Users\Administrator\Documents\FWD_matlab\Voyager_fu\Voyager_Interstellar_Monthly\HighestPrecision_Segments\V1_MAG48s_segment_1263_20190705T125359_20190705T143358.png,ok,
1,1264,2019-07-06 14:46:00,2019-07-06 17:09:59,2.39976,176,47.5209997558594,192.673,7200,240,Z:\SPART-WORK\Data\Voyager\voyager1\mag\48s\reviewed_vim\2019\voyager1_48s_mag-vim_20190101_v01.cdf,C:\Users\Administrator\Documents\FWD_matlab\Voyager_fu\Voyager_Interstellar_Monthly\HighestPrecision_Segments\V1_MAG48s_segment_1264_20190706T144600_20190706T170959.png,ok,
1,1265,2019-07-07 01:11:34,2019-07-07 03:21:59,2.17343972229004,161,47.5209997558594,191.809,7200,240,Z:\SPART-WORK\Data\Voyager\voyager1\mag\48s\reviewed_vim\2019\voyager1_48s_mag-vim_20190101_v01.cdf,C:\Users\Administrator\Documents\FWD_matlab\Voyager_fu\Voyager_Interstellar_Monthly\HighestPrecision_Segments\V1_MAG48s_segment_1265_20190707T011134_20190707T032159.png,ok,
1,1266,2019-07-07 05:48:23,2019-07-07 07:56:23,2.13336,161,47.5209997558594,49.249,7200,240,Z:\SPART-WORK\Data\Voyager\voyager1\mag\48s\reviewed_vim\2019\voyager1_48s_mag-vim_20190101_v01.cdf,C:\Users\Administrator\Documents\FWD_matlab\Voyager_fu\Voyager_Interstellar_Monthly\HighestPrecision_Segments\V1_MAG48s_segment_1266_20190707T054823_20190707T075623.png,ok,
1,1267,2019-07-08 13:21:11,2019-07-08 18:47:35,5.44008027777778,397,47.5209997558594,431.135000244141,7200,240,Z:\SPART-WORK\Data\Voyager\voyager1\mag\48s\reviewed_vim\2019\voyager1_48s_mag-vim_20190101_v01.cdf,C:\Users\Administrator\Documents\FWD_matlab\Voyager_fu\Voyager_Interstellar_Monthly\HighestPrecision_Segments\V1_MAG48s_segment_1267_20190708T132111_20190708T184735.png,ok,
1,1268,2019-07-09 09:16:23,2019-07-09 13:32:23,4.26671972222222,321,47.52,49.249,7200,240,Z:\SPART-WORK\Data\Voyager\voyager1\mag\48s\reviewed_vim\2019\voyager1_48s_mag-vim_20190101_v01.cdf,C:\Users\Administrator\Documents\FWD_matlab\Voyager_fu\Voyager_Interstellar_Monthly\HighestPrecision_Segments\V1_MAG48s_segment_1268_20190709T091623_20190709T133223.png,ok,
1,1269,2019-07-10 04:33:10,2019-07-10 08:52:23,4.32024027777778,324,47.52,96.769,7200,240,Z:\SPART-WORK\Data\Voyager\voyager1\mag\48s\reviewed_vim\2019\voyager1_48s_mag-vim_20190101_v01.cdf,C:\Users\Administrator\Documents\FWD_matlab\Voyager_fu\Voyager_Interstellar_Monthly\HighestPrecision_Segments\V1_MAG48s_segment_1269_20190710T043310_20190710T085223.png,ok,
1,1270,2019-07-11 01:09:59,2019-07-11 05:17:12,4.12032027777778,308,47.52,144.287,7200,240,Z:\SPART-WORK\Data\Voyager\voyager1\mag\48s\reviewed_vim\2019\voyager1_48s_mag-vim_20190101_v01.cdf,C:\Users\Administrator\Documents\FWD_matlab\Voyager_fu\Voyager_Interstellar_Monthly\HighestPrecision_Segments\V1_MAG48s_segment_1270_20190711T010959_20190711T051712.png,ok,
1,1271,2019-07-12 01:00:22,2019-07-12 08:41:11,7.68024,569,47.52,288.575,7200,240,Z:\SPART-WORK\Data\Voyager\voyager1\mag\48s\reviewed_vim\2019\voyager1_48s_mag-vim_20190101_v01.cdf,C:\Users\Administrator\Documents\FWD_matlab\Voyager_fu\Voyager_Interstellar_Monthly\HighestPrecision_Segments\V1_MAG48s_segment_1271_20190712T010022_20190712T084111.png,ok,
1,1272,2019-07-12 23:46:47,2019-07-13 03:41:59,3.91992,266,47.52,383.615000244141,7200,240,Z:\SPART-WORK\Data\Voyager\voyager1\mag\48s\reviewed_vim\2019\voyager1_48s_mag-vim_20190101_v01.cdf,C:\Users\Administrator\Documents\FWD_matlab\Voyager_fu\Voyager_Interstellar_Monthly\HighestPrecision_Segments\V1_MAG48s_segment_1272_20190712T234647_20190713T034159.png,ok,
1,1273,2019-07-13 11:11:35,2019-07-13 15:07:34,3.93312,294,47.52,144.288999755859,7200,240,Z:\SPART-WORK\Data\Voyager\voyager1\mag\48s\reviewed_vim\2019\voyager1_48s_mag-vim_20190101_v01.cdf,C:\Users\Administrator\Documents\FWD_matlab\Voyager_fu\Voyager_Interstellar_Monthly\HighestPrecision_Segments\V1_MAG48s_segment_1273_20190713T111135_20190713T150734.png,ok,
1,1274,2019-07-14 05:37:11,2019-07-14 09:41:59,4.07999972222222,304,47.52,190.945,7200,240,Z:\SPART-WORK\Data\Voyager\voyager1\mag\48s\reviewed_vim\2019\voyager1_48s_mag-vim_20190101_v01.cdf,C:\Users\Administrator\Documents\FWD_matlab\Voyager_fu\Voyager_Interstellar_Monthly\HighestPrecision_Segments\V1_MAG48s_segment_1274_20190714T053711_20190714T094159.png,ok,
1,1275,2019-07-15 07:50:00,2019-07-15 11:52:23,4.03992,302,47.52,144.287,7200,240,Z:\SPART-WORK\Data\Voyager\voyager1\mag\48s\reviewed_vim\2019\voyager1_48s_mag-vim_20190101_v01.cdf,C:\Users\Administrator\Documents\FWD_matlab\Voyager_fu\Voyager_Interstellar_Monthly\HighestPrecision_Segments\V1_MAG48s_segment_1275_20190715T075000_20190715T115223.png,ok,
1,1276,2019-07-16 07:21:11,2019-07-16 07:53:11,0.53328,35,47.52,239.328,7200,240,Z:\SPART-WORK\Data\Voyager\voyager1\mag\48s\reviewed_vim\2019\voyager1_48s_mag-vim_20190101_v01.cdf,C:\Users\Administrator\Documents\FWD_matlab\Voyager_fu\Voyager_Interstellar_Monthly\HighestPrecision_Segments\V1_MAG48s_segment_1276_20190716T072111_20190716T075311.png,ok,
1,1277,2019-07-16 10:38:47,2019-07-16 12:41:59,2.05343972222222,155,47.52,49.249,7200,240,Z:\SPART-WORK\Data\Voyager\voyager1\mag\48s\reviewed_vim\2019\voyager1_48s_mag-vim_20190101_v01.cdf,C:\Users\Administrator\Documents\FWD_matlab\Voyager_fu\Voyager_Interstellar_Monthly\HighestPrecision_Segments\V1_MAG48s_segment_1277_20190716T103847_20190716T124159.png,ok,
1,1278,2019-07-17 11:49:58,2019-07-17 15:51:35,4.02696,301,47.52,143.425,7200,240,Z:\SPART-WORK\Data\Voyager\voyager1\mag\48s\reviewed_vim\2019\voyager1_48s_mag-vim_20190101_v01.cdf,C:\Users\Administrator\Documents\FWD_matlab\Voyager_fu\Voyager_Interstellar_Monthly\HighestPrecision_Segments\V1_MAG48s_segment_1278_20190717T114958_20190717T155135.png,ok,
1,1279,2019-07-18 07:24:23,2019-07-18 10:58:47,3.57312027777778,269,47.52,49.249,7200,240,Z:\SPART-WORK\Data\Voyager\voyager1\mag\48s\reviewed_vim\2019\voyager1_48s_mag-vim_20190101_v01.cdf,C:\Users\Administrator\Documents\FWD_matlab\Voyager_fu\Voyager_Interstellar_Monthly\HighestPrecision_Segments\V1_MAG48s_segment_1279_20190718T072423_20190718T105847.png,ok,
1,1280,2019-07-19 01:19:35,2019-07-19 04:54:46,3.58656,267,47.52,145.151999755859,7200,240,Z:\SPART-WORK\Data\Voyager\voyager1\mag\48s\reviewed_vim\2019\voyager1_48s_mag-vim_20190101_v01.cdf,C:\Users\Administrator\Documents\FWD_matlab\Voyager_fu\Voyager_Interstellar_Monthly\HighestPrecision_Segments\V1_MAG48s_segment_1280_20190719T011935_20190719T045446.png,ok,
1,1281,2019-07-19 13:43:34,2019-07-19 15:07:34,1.39991972222222,105,47.52,95.903,7200,240,Z:\SPART-WORK\Data\Voyager\voyager1\mag\48s\reviewed_vim\2019\voyager1_48s_mag-vim_20190101_v01.cdf,C:\Users\Administrator\Documents\FWD_matlab\Voyager_fu\Voyager_Interstellar_Monthly\HighestPrecision_Segments\V1_MAG48s_segment_1281_20190719T134334_20190719T150734.png,ok,
1,1282,2019-07-20 13:24:22,2019-07-20 16:51:34,3.45336,259,47.52,96.767,7200,240,Z:\SPART-WORK\Data\Voyager\voyager1\mag\48s\reviewed_vim\2019\voyager1_48s_mag-vim_20190101_v01.cdf,C:\Users\Administrator\Documents\FWD_matlab\Voyager_fu\Voyager_Interstellar_Monthly\HighestPrecision_Segments\V1_MAG48s_segment_1282_20190720T132422_20190720T165134.png,ok,
1,1283,2019-07-21 03:08:23,2019-07-21 07:05:11,3.94655972229004,294,47.52,143.423,7200,240,Z:\SPART-WORK\Data\Voyager\voyager1\mag\48s\reviewed_vim\2019\voyager1_48s_mag-vim_20190101_v01.cdf,C:\Users\Administrator\Documents\FWD_matlab\Voyager_fu\Voyager_Interstellar_Monthly\HighestPrecision_Segments\V1_MAG48s_segment_1283_20190721T030823_20190721T070511.png,ok,
1,1284,2019-07-22 13:56:23,2019-07-22 17:36:23,3.66648,272,47.52,143.425,7200,240,Z:\SPART-WORK\Data\Voyager\voyager1\mag\48s\reviewed_vim\2019\voyager1_48s_mag-vim_20190101_v01.cdf,C:\Users\Administrator\Documents\FWD_matlab\Voyager_fu\Voyager_Interstellar_Monthly\HighestPrecision_Segments\V1_MAG48s_segment_1284_20190722T135623_20190722T173623.png,ok,
1,1285,2019-07-23 08:26:46,2019-07-23 13:41:11,5.24015972229004,393,47.52,95.903,7200,240,Z:\SPART-WORK\Data\Voyager\voyager1\mag\48s\reviewed_vim\2019\voyager1_48s_mag-vim_20190101_v01.cdf,C:\Users\Administrator\Documents\FWD_matlab\Voyager_fu\Voyager_Interstellar_Monthly\HighestPrecision_Segments\V1_MAG48s_segment_1285_20190723T082646_20190723T134111.png,ok,
1,1286,2019-07-24 03:46:47,2019-07-24 07:56:23,4.16016,237,47.52,3695.327,7200,240,Z:\SPART-WORK\Data\Voyager\voyager1\mag\48s\reviewed_vim\2019\voyager1_48s_mag-vim_20190101_v01.cdf,C:\Users\Administrator\Documents\FWD_matlab\Voyager_fu\Voyager_Interstellar_Monthly\HighestPrecision_Segments\V1_MAG48s_segment_1286_20190724T034647_20190724T075623.png,ok,
1,1287,2019-07-25 09:22:46,2019-07-25 14:18:46,4.93320027777778,369,47.52,145.152,7200,240,Z:\SPART-WORK\Data\Voyager\voyager1\mag\48s\reviewed_vim\2019\voyager1_48s_mag-vim_20190101_v01.cdf,C:\Users\Administrator\Documents\FWD_matlab\Voyager_fu\Voyager_Interstellar_Monthly\HighestPrecision_Segments\V1_MAG48s_segment_1287_20190725T092246_20190725T141846.png,ok,
1,1288,2019-07-26 05:27:35,2019-07-26 09:30:47,4.05336,302,47.52,192.672,7200,240,Z:\SPART-WORK\Data\Voyager\voyager1\mag\48s\reviewed_vim\2019\voyager1_48s_mag-vim_20190101_v01.cdf,C:\Users\Administrator\Documents\FWD_matlab\Voyager_fu\Voyager_Interstellar_Monthly\HighestPrecision_Segments\V1_MAG48s_segment_1288_20190726T052735_20190726T093047.png,ok,
1,1289,2019-07-27 02:10:46,2019-07-27 04:19:35,2.1468,161,47.52,95.903,7200,240,Z:\SPART-WORK\Data\Voyager\voyager1\mag\48s\reviewed_vim\2019\voyager1_48s_mag-vim_20190101_v01.cdf,C:\Users\Administrator\Documents\FWD_matlab\Voyager_fu\Voyager_Interstellar_Monthly\HighestPrecision_Segments\V1_MAG48s_segment_1289_20190727T021046_20190727T041935.png,ok,
1,1290,2019-07-27 09:49:58,2019-07-27 14:03:34,4.22664027777778,315,47.52,190.943,7200,240,Z:\SPART-WORK\Data\Voyager\voyager1\mag\48s\reviewed_vim\2019\voyager1_48s_mag-vim_20190101_v01.cdf,C:\Users\Administrator\Documents\FWD_matlab\Voyager_fu\Voyager_Interstellar_Monthly\HighestPrecision_Segments\V1_MAG48s_segment_1290_20190727T094958_20190727T140334.png,ok,
1,1291,2019-07-28 05:25:59,2019-07-28 09:31:34,4.09319972229004,300,47.52,287.712000244141,7200,240,Z:\SPART-WORK\Data\Voyager\voyager1\mag\48s\reviewed_vim\2019\voyager1_48s_mag-vim_20190101_v01.cdf,C:\Users\Administrator\Documents\FWD_matlab\Voyager_fu\Voyager_Interstellar_Monthly\HighestPrecision_Segments\V1_MAG48s_segment_1291_20190728T052559_20190728T093134.png,ok,
1,1292,2019-07-29 07:45:10,2019-07-29 11:49:11,4.06680027777778,305,47.52,96.769,7200,240,Z:\SPART-WORK\Data\Voyager\voyager1\mag\48s\reviewed_vim\2019\voyager1_48s_mag-vim_20190101_v01.cdf,C:\Users\Administrator\Documents\FWD_matlab\Voyager_fu\Voyager_Interstellar_Monthly\HighestPrecision_Segments\V1_MAG48s_segment_1292_20190729T074510_20190729T114911.png,ok,
1,1293,2019-07-30 10:28:22,2019-07-30 14:19:33,3.8532,287,47.52,192.671999755859,7200,240,Z:\SPART-WORK\Data\Voyager\voyager1\mag\48s\reviewed_vim\2019\voyager1_48s_mag-vim_20190101_v01.cdf,C:\Users\Administrator\Documents\FWD_matlab\Voyager_fu\Voyager_Interstellar_Monthly\HighestPrecision_Segments\V1_MAG48s_segment_1293_20190730T102822_20190730T141933.png,ok,
1,1294,2019-07-31 06:15:34,2019-07-31 10:44:22,4.47984027777778,336,47.52,95.905,7200,240,Z:\SPART-WORK\Data\Voyager\voyager1\mag\48s\reviewed_vim\2019\voyager1_48s_mag-vim_20190101_v01.cdf,C:\Users\Administrator\Documents\FWD_matlab\Voyager_fu\Voyager_Interstellar_Monthly\HighestPrecision_Segments\V1_MAG48s_segment_1294_20190731T061534_20190731T104422.png,ok,
1,1295,2019-08-01 01:17:58,2019-08-01 04:03:35,2.76024027777778,188,47.52,335.232,7200,240,Z:\SPART-WORK\Data\Voyager\voyager1\mag\48s\reviewed_vim\2019\voyager1_48s_mag-vim_20190101_v01.cdf,C:\Users\Administrator\Documents\FWD_matlab\Voyager_fu\Voyager_Interstellar_Monthly\HighestPrecision_Segments\V1_MAG48s_segment_1295_20190801T011758_20190801T040335.png,ok,
1,1296,2019-08-01 23:59:34,2019-08-02 09:07:34,9.1332,606,47.52,2160.863,7200,240,Z:\SPART-WORK\Data\Voyager\voyager1\mag\48s\reviewed_vim\2019\voyager1_48s_mag-vim_20190101_v01.cdf,C:\Users\Administrator\Documents\FWD_matlab\Voyager_fu\Voyager_Interstellar_Monthly\HighestPrecision_Segments\V1_MAG48s_segment_1296_20190801T235934_20190802T090734.png,ok,
1,1297,2019-08-03 07:51:34,2019-08-03 13:12:22,5.34672,399,47.52,190.945,7200,240,Z:\SPART-WORK\Data\Voyager\voyager1\mag\48s\reviewed_vim\2019\voyager1_48s_mag-vim_20190101_v01.cdf,C:\Users\Administrator\Documents\FWD_matlab\Voyager_fu\Voyager_Interstellar_Monthly\HighestPrecision_Segments\V1_MAG48s_segment_1297_20190803T075134_20190803T131222.png,ok,
1,1298,2019-08-04 08:23:34,2019-08-04 13:33:10,5.16023972222222,385,47.52,192.672,7200,240,Z:\SPART-WORK\Data\Voyager\voyager1\mag\48s\reviewed_vim\2019\voyager1_48s_mag-vim_20190101_v01.cdf,C:\Users\Administrator\Documents\FWD_matlab\Voyager_fu\Voyager_Interstellar_Monthly\HighestPrecision_Segments\V1_MAG48s_segment_1298_20190804T082334_20190804T133310.png,ok,
1,1299,2019-08-05 13:03:33,2019-08-05 17:10:46,4.12032027770996,292,47.52,672.191999755859,7200,240,Z:\SPART-WORK\Data\Voyager\voyager1\mag\48s\reviewed_vim\2019\voyager1_48s_mag-vim_20190101_v01.cdf,C:\Users\Administrator\Documents\FWD_matlab\Voyager_fu\Voyager_Interstellar_Monthly\HighestPrecision_Segments\V1_MAG48s_segment_1299_20190805T130333_20190805T171046.png,ok,
1,1300,2019-08-06 14:33:10,2019-08-06 18:29:10,3.93336027777778,294,47.52,144.287,7200,240,Z:\SPART-WORK\Data\Voyager\voyager1\mag\48s\reviewed_vim\2019\voyager1_48s_mag-vim_20190101_v01.cdf,C:\Users\Administrator\Documents\FWD_matlab\Voyager_fu\Voyager_Interstellar_Monthly\HighestPrecision_Segments\V1_MAG48s_segment_1300_20190806T143310_20190806T182910.png,ok,
1,1301,2019-08-07 02:50:46,2019-08-07 03:36:21,0.759839722222222,55,47.52,191.808000244141,7200,240,Z:\SPART-WORK\Data\Voyager\voyager1\mag\48s\reviewed_vim\2019\voyager1_48s_mag-vim_20190101_v01.cdf,C:\Users\Administrator\Documents\FWD_matlab\Voyager_fu\Voyager_Interstellar_Monthly\HighestPrecision_Segments\V1_MAG48s_segment_1301_20190807T025046_20190807T033621.png,ok,
1,1302,2019-08-07 10:01:10,2019-08-07 11:27:34,1.44,107,47.5200002441406,143.425,7200,240,Z:\SPART-WORK\Data\Voyager\voyager1\mag\48s\reviewed_vim\2019\voyager1_48s_mag-vim_20190101_v01.cdf,C:\Users\Administrator\Documents\FWD_matlab\Voyager_fu\Voyager_Interstellar_Monthly\HighestPrecision_Segments\V1_MAG48s_segment_1302_20190807T100110_20190807T112734.png,ok,
1,1303,2019-08-08 07:51:34,2019-08-08 13:20:22,5.48016,409,47.5200002441406,190.945,7200,240,Z:\SPART-WORK\Data\Voyager\voyager1\mag\48s\reviewed_vim\2019\voyager1_48s_mag-vim_20190101_v01.cdf,C:\Users\Administrator\Documents\FWD_matlab\Voyager_fu\Voyager_Interstellar_Monthly\HighestPrecision_Segments\V1_MAG48s_segment_1303_20190808T075134_20190808T132022.png,ok,
1,1304,2019-08-09 08:13:57,2019-08-09 12:49:58,4.60007999993218,290,47.521,1200.09599975586,7200,240,Z:\SPART-WORK\Data\Voyager\voyager1\mag\48s\reviewed_vim\2019\voyager1_48s_mag-vim_20190101_v01.cdf,C:\Users\Administrator\Documents\FWD_matlab\Voyager_fu\Voyager_Interstellar_Monthly\HighestPrecision_Segments\V1_MAG48s_segment_1304_20190809T081357_20190809T124958.png,ok,
1,1305,2019-08-10 11:25:57,2019-08-10 15:21:58,3.93360027777778,293,47.5209997558594,192.672,7200,240,Z:\SPART-WORK\Data\Voyager\voyager1\mag\48s\reviewed_vim\2019\voyager1_48s_mag-vim_20190101_v01.cdf,C:\Users\Administrator\Documents\FWD_matlab\Voyager_fu\Voyager_Interstellar_Monthly\HighestPrecision_Segments\V1_MAG48s_segment_1305_20190810T112557_20190810T152158.png,ok,
1,1306,2019-08-11 07:59:34,2019-08-11 12:31:34,4.53335972229004,335,47.521,190.944,7200,240,Z:\SPART-WORK\Data\Voyager\voyager1\mag\48s\reviewed_vim\2019\voyager1_48s_mag-vim_20190101_v01.cdf,C:\Users\Administrator\Documents\FWD_matlab\Voyager_fu\Voyager_Interstellar_Monthly\HighestPrecision_Segments\V1_MAG48s_segment_1306_20190811T075934_20190811T123134.png,ok,
1,1307,2019-08-12 08:07:34,2019-08-12 09:29:10,1.36008,98,47.521,240.192,7200,240,Z:\SPART-WORK\Data\Voyager\voyager1\mag\48s\reviewed_vim\2019\voyager1_48s_mag-vim_20190101_v01.cdf,C:\Users\Administrator\Documents\FWD_matlab\Voyager_fu\Voyager_Interstellar_Monthly\HighestPrecision_Segments\V1_MAG48s_segment_1307_20190812T080734_20190812T092910.png,ok,
1,1308,2019-08-12 12:13:58,2019-08-12 12:49:58,0.599999722222222,34,47.521,288.576000244141,7200,240,Z:\SPART-WORK\Data\Voyager\voyager1\mag\48s\reviewed_vim\2019\voyager1_48s_mag-vim_20190101_v01.cdf,C:\Users\Administrator\Documents\FWD_matlab\Voyager_fu\Voyager_Interstellar_Monthly\HighestPrecision_Segments\V1_MAG48s_segment_1308_20190812T121358_20190812T124958.png,ok,
1,1309,2019-08-13 04:41:09,2019-08-13 06:17:09,1.60008027777778,115,47.521,239.328999755859,7200,240,Z:\SPART-WORK\Data\Voyager\voyager1\mag\48s\reviewed_vim\2019\voyager1_48s_mag-vim_20190101_v01.cdf,C:\Users\Administrator\Documents\FWD_matlab\Voyager_fu\Voyager_Interstellar_Monthly\HighestPrecision_Segments\V1_MAG48s_segment_1309_20190813T044109_20190813T061709.png,ok,
1,1310,2019-08-13 09:01:58,2019-08-13 12:51:33,3.82655972222222,288,47.521,49.249,7200,240,Z:\SPART-WORK\Data\Voyager\voyager1\mag\48s\reviewed_vim\2019\voyager1_48s_mag-vim_20190101_v01.cdf,C:\Users\Administrator\Documents\FWD_matlab\Voyager_fu\Voyager_Interstellar_Monthly\HighestPrecision_Segments\V1_MAG48s_segment_1310_20190813T090158_20190813T125133.png,ok,
1,1311,2019-08-14 03:37:10,2019-08-14 07:45:58,4.14647972222222,310,47.521,143.425,7200,240,Z:\SPART-WORK\Data\Voyager\voyager1\mag\48s\reviewed_vim\2019\voyager1_48s_mag-vim_20190101_v01.cdf,C:\Users\Administrator\Documents\FWD_matlab\Voyager_fu\Voyager_Interstellar_Monthly\HighestPrecision_Segments\V1_MAG48s_segment_1311_20190814T033710_20190814T074558.png,ok,
1,1312,2019-08-15 11:09:58,2019-08-15 15:05:58,3.93336,293,47.521,192.672,7200,240,Z:\SPART-WORK\Data\Voyager\voyager1\mag\48s\reviewed_vim\2019\voyager1_48s_mag-vim_20190101_v01.cdf,C:\Users\Administrator\Documents\FWD_matlab\Voyager_fu\Voyager_Interstellar_Monthly\HighestPrecision_Segments\V1_MAG48s_segment_1312_20190815T110958_20190815T150558.png,ok,
1,1313,2019-08-16 04:33:10,2019-08-16 08:41:09,4.13328,310,47.521,95.904,7200,240,Z:\SPART-WORK\Data\Voyager\voyager1\mag\48s\reviewed_vim\2019\voyager1_48s_mag-vim_20190101_v01.cdf,C:\Users\Administrator\Documents\FWD_matlab\Voyager_fu\Voyager_Interstellar_Monthly\HighestPrecision_Segments\V1_MAG48s_segment_1313_20190816T043310_20190816T084109.png,ok,
1,1314,2019-08-17 04:39:33,2019-08-17 08:49:57,4.17336,311,47.521,192.673,7200,240,Z:\SPART-WORK\Data\Voyager\voyager1\mag\48s\reviewed_vim\2019\voyager1_48s_mag-vim_20190101_v01.cdf,C:\Users\Administrator\Documents\FWD_matlab\Voyager_fu\Voyager_Interstellar_Monthly\HighestPrecision_Segments\V1_MAG48s_segment_1314_20190817T043933_20190817T084957.png,ok,
1,1315,2019-08-18 04:33:10,2019-08-18 08:45:10,4.2,315,47.521,95.904,7200,240,Z:\SPART-WORK\Data\Voyager\voyager1\mag\48s\reviewed_vim\2019\voyager1_48s_mag-vim_20190101_v01.cdf,C:\Users\Administrator\Documents\FWD_matlab\Voyager_fu\Voyager_Interstellar_Monthly\HighestPrecision_Segments\V1_MAG48s_segment_1315_20190818T043310_20190818T084510.png,ok,
1,1316,2019-08-19 06:05:58,2019-08-19 12:19:35,6.22679972222222,462,47.521,287.711000244141,7200,240,Z:\SPART-WORK\Data\Voyager\voyager1\mag\48s\reviewed_vim\2019\voyager1_48s_mag-vim_20190101_v01.cdf,C:\Users\Administrator\Documents\FWD_matlab\Voyager_fu\Voyager_Interstellar_Monthly\HighestPrecision_Segments\V1_MAG48s_segment_1316_20190819T060558_20190819T121935.png,ok,
1,1317,2019-08-20 07:43:33,2019-08-20 12:25:09,4.69344,334,47.521,719.712,7200,240,Z:\SPART-WORK\Data\Voyager\voyager1\mag\48s\reviewed_vim\2019\voyager1_48s_mag-vim_20190101_v01.cdf,C:\Users\Administrator\Documents\FWD_matlab\Voyager_fu\Voyager_Interstellar_Monthly\HighestPrecision_Segments\V1_MAG48s_segment_1317_20190820T074333_20190820T122509.png,ok,
1,1318,2019-08-21 07:13:09,2019-08-21 11:16:22,4.05335972222222,303,47.521,96.7670002441406,7200,240,Z:\SPART-WORK\Data\Voyager\voyager1\mag\48s\reviewed_vim\2019\voyager1_48s_mag-vim_20190101_v01.cdf,C:\Users\Administrator\Documents\FWD_matlab\Voyager_fu\Voyager_Interstellar_Monthly\HighestPrecision_Segments\V1_MAG48s_segment_1318_20190821T071309_20190821T111622.png,ok,
1,1319,2019-08-23 07:49:58,2019-08-23 12:06:46,4.27992027777778,281,47.521,1199.232,7200,240,Z:\SPART-WORK\Data\Voyager\voyager1\mag\48s\reviewed_vim\2019\voyager1_48s_mag-vim_20190101_v01.cdf,C:\Users\Administrator\Documents\FWD_matlab\Voyager_fu\Voyager_Interstellar_Monthly\HighestPrecision_Segments\V1_MAG48s_segment_1319_20190823T074958_20190823T120646.png,ok,
1,1320,2019-08-24 09:14:45,2019-08-24 12:58:45,3.73319972222222,280,47.521,96.767,7200,240,Z:\SPART-WORK\Data\Voyager\voyager1\mag\48s\reviewed_vim\2019\voyager1_48s_mag-vim_20190101_v01.cdf,C:\Users\Administrator\Documents\FWD_matlab\Voyager_fu\Voyager_Interstellar_Monthly\HighestPrecision_Segments\V1_MAG48s_segment_1320_20190824T091445_20190824T125845.png,ok,
1,1321,2019-08-25 10:28:22,2019-08-25 14:09:09,3.67967972229004,274,47.521,192.672,7200,240,Z:\SPART-WORK\Data\Voyager\voyager1\mag\48s\reviewed_vim\2019\voyager1_48s_mag-vim_20190101_v01.cdf,C:\Users\Administrator\Documents\FWD_matlab\Voyager_fu\Voyager_Interstellar_Monthly\HighestPrecision_Segments\V1_MAG48s_segment_1321_20190825T102822_20190825T140909.png,ok,
1,1322,2019-08-26 12:17:09,2019-08-26 13:18:46,1.02671972222222,71,47.521,240.192,7200,240,Z:\SPART-WORK\Data\Voyager\voyager1\mag\48s\reviewed_vim\2019\voyager1_48s_mag-vim_20190101_v01.cdf,C:\Users\Administrator\Documents\FWD_matlab\Voyager_fu\Voyager_Interstellar_Monthly\HighestPrecision_Segments\V1_MAG48s_segment_1322_20190826T121709_20190826T131846.png,ok,
1,1323,2019-08-27 06:13:57,2019-08-27 11:08:21,4.90679972229004,367,47.521,144.288,7200,240,Z:\SPART-WORK\Data\Voyager\voyager1\mag\48s\reviewed_vim\2019\voyager1_48s_mag-vim_20190101_v01.cdf,C:\Users\Administrator\Documents\FWD_matlab\Voyager_fu\Voyager_Interstellar_Monthly\HighestPrecision_Segments\V1_MAG48s_segment_1323_20190827T061357_20190827T110821.png,ok,
1,1324,2019-08-27 22:40:22,2019-08-27 23:19:33,0.65328,39,47.9520001220703,192.672999755859,7200,240,Z:\SPART-WORK\Data\Voyager\voyager1\mag\48s\reviewed_vim\2019\voyager1_48s_mag-vim_20190101_v01.cdf,C:\Users\Administrator\Documents\FWD_matlab\Voyager_fu\Voyager_Interstellar_Monthly\HighestPrecision_Segments\V1_MAG48s_segment_1324_20190827T224022_20190827T231933.png,ok,
1,1325,2019-08-29 06:04:20,2019-08-29 09:53:58,3.82704000006782,214,47.521,2686.177,7200,240,Z:\SPART-WORK\Data\Voyager\voyager1\mag\48s\reviewed_vim\2019\voyager1_48s_mag-vim_20190101_v01.cdf,C:\Users\Administrator\Documents\FWD_matlab\Voyager_fu\Voyager_Interstellar_Monthly\HighestPrecision_Segments\V1_MAG48s_segment_1325_20190829T060420_20190829T095358.png,ok,
1,1326,2019-08-29 21:16:22,2019-08-30 03:59:34,6.72000027777778,503,47.5209997558594,96.769,7200,240,Z:\SPART-WORK\Data\Voyager\voyager1\mag\48s\reviewed_vim\2019\voyager1_48s_mag-vim_20190101_v01.cdf,C:\Users\Administrator\Documents\FWD_matlab\Voyager_fu\Voyager_Interstellar_Monthly\HighestPrecision_Segments\V1_MAG48s_segment_1326_20190829T211622_20190830T035934.png,ok,
1,1327,2019-08-31 01:38:46,2019-08-31 04:13:09,2.57328,192,47.5209997558594,143.425,7200,240,Z:\SPART-WORK\Data\Voyager\voyager1\mag\48s\reviewed_vim\2019\voyager1_48s_mag-vim_20190101_v01.cdf,C:\Users\Administrator\Documents\FWD_matlab\Voyager_fu\Voyager_Interstellar_Monthly\HighestPrecision_Segments\V1_MAG48s_segment_1327_20190831T013846_20190831T041309.png,ok,
1,1328,2019-09-01 00:01:09,2019-09-01 03:48:21,3.78648,257,47.5209997558594,480.384000244141,7200,240,Z:\SPART-WORK\Data\Voyager\voyager1\mag\48s\reviewed_vim\2019\voyager1_48s_mag-vim_20190101_v01.cdf,C:\Users\Administrator\Documents\FWD_matlab\Voyager_fu\Voyager_Interstellar_Monthly\HighestPrecision_Segments\V1_MAG48s_segment_1328_20190901T000109_20190901T034821.png,ok,
1,1329,2019-09-01 07:01:57,2019-09-01 10:52:21,3.84000027770996,252,47.5209997558594,479.52,7200,240,Z:\SPART-WORK\Data\Voyager\voyager1\mag\48s\reviewed_vim\2019\voyager1_48s_mag-vim_20190101_v01.cdf,C:\Users\Administrator\Documents\FWD_matlab\Voyager_fu\Voyager_Interstellar_Monthly\HighestPrecision_Segments\V1_MAG48s_segment_1329_20190901T070157_20190901T105221.png,ok,
1,1330,2019-09-02 04:41:09,2019-09-02 11:16:22,6.5868,495,47.52,49.249,7200,240,Z:\SPART-WORK\Data\Voyager\voyager1\mag\48s\reviewed_vim\2019\voyager1_48s_mag-vim_20190101_v01.cdf,C:\Users\Administrator\Documents\FWD_matlab\Voyager_fu\Voyager_Interstellar_Monthly\HighestPrecision_Segments\V1_MAG48s_segment_1330_20190902T044109_20190902T111622.png,ok,
1,1331,2019-09-03 02:12:21,2019-09-03 04:04:21,1.86648027777778,140,47.5200002441406,95.9040002441406,7200,240,Z:\SPART-WORK\Data\Voyager\voyager1\mag\48s\reviewed_vim\2019\voyager1_48s_mag-vim_20190101_v01.cdf,C:\Users\Administrator\Documents\FWD_matlab\Voyager_fu\Voyager_Interstellar_Monthly\HighestPrecision_Segments\V1_MAG48s_segment_1331_20190903T021221_20190903T040421.png,ok,
1,1332,2019-09-03 21:00:20,2019-09-04 03:41:57,6.69360027770996,503,47.52,49.249,7200,240,Z:\SPART-WORK\Data\Voyager\voyager1\mag\48s\reviewed_vim\2019\voyager1_48s_mag-vim_20190101_v01.cdf,C:\Users\Administrator\Documents\FWD_matlab\Voyager_fu\Voyager_Interstellar_Monthly\HighestPrecision_Segments\V1_MAG48s_segment_1332_20190903T210020_20190904T034157.png,ok,
1,1333,2019-09-04 07:45:09,2019-09-04 11:22:45,3.62664027770996,272,47.52,95.904,7200,240,Z:\SPART-WORK\Data\Voyager\voyager1\mag\48s\reviewed_vim\2019\voyager1_48s_mag-vim_20190101_v01.cdf,C:\Users\Administrator\Documents\FWD_matlab\Voyager_fu\Voyager_Interstellar_Monthly\HighestPrecision_Segments\V1_MAG48s_segment_1333_20190904T074509_20190904T112245.png,ok,
1,1334,2019-09-04 18:33:09,2019-09-04 22:33:57,4.01327972222222,298,47.52,239.328,7200,240,Z:\SPART-WORK\Data\Voyager\voyager1\mag\48s\reviewed_vim\2019\voyager1_48s_mag-vim_20190101_v01.cdf,C:\Users\Administrator\Documents\FWD_matlab\Voyager_fu\Voyager_Interstellar_Monthly\HighestPrecision_Segments\V1_MAG48s_segment_1334_20190904T183309_20190904T223357.png,ok,
1,1335,2019-09-05 23:22:45,2019-09-06 03:51:33,4.47983972222222,334,47.52,190.945,7200,240,Z:\SPART-WORK\Data\Voyager\voyager1\mag\48s\reviewed_vim\2019\voyager1_48s_mag-vim_20190101_v01.cdf,C:\Users\Administrator\Documents\FWD_matlab\Voyager_fu\Voyager_Interstellar_Monthly\HighestPrecision_Segments\V1_MAG48s_segment_1335_20190905T232245_20190906T035133.png,ok,
1,1336,2019-09-06 17:53:09,2019-09-06 23:07:33,5.23992027777778,388,47.52,192.672,7200,240,Z:\SPART-WORK\Data\Voyager\voyager1\mag\48s\reviewed_vim\2019\voyager1_48s_mag-vim_20190101_v01.cdf,C:\Users\Administrator\Documents\FWD_matlab\Voyager_fu\Voyager_Interstellar_Monthly\HighestPrecision_Segments\V1_MAG48s_segment_1336_20190906T175309_20190906T230733.png,ok,
1,1337,2019-09-07 17:56:21,2019-09-07 21:56:50,4.008,223,47.52,3695.329,7200,240,Z:\SPART-WORK\Data\Voyager\voyager1\mag\48s\reviewed_vim\2019\voyager1_48s_mag-vim_20190101_v01.cdf,C:\Users\Administrator\Documents\FWD_matlab\Voyager_fu\Voyager_Interstellar_Monthly\HighestPrecision_Segments\V1_MAG48s_segment_1337_20190907T175621_20190907T215650.png,ok,
1,1338,2019-09-08 23:27:32,2019-09-09 03:36:21,4.14695972222222,312,47.52,49.249,7200,240,Z:\SPART-WORK\Data\Voyager\voyager1\mag\48s\reviewed_vim\2019\voyager1_48s_mag-vim_20190101_v01.cdf,C:\Users\Administrator\Documents\FWD_matlab\Voyager_fu\Voyager_Interstellar_Monthly\HighestPrecision_Segments\V1_MAG48s_segment_1338_20190908T232732_20190909T033621.png,ok,
1,1339,2019-09-09 10:01:09,2019-09-09 11:11:32,1.17312,87,47.52,143.424999755859,7200,240,Z:\SPART-WORK\Data\Voyager\voyager1\mag\48s\reviewed_vim\2019\voyager1_48s_mag-vim_20190101_v01.cdf,C:\Users\Administrator\Documents\FWD_matlab\Voyager_fu\Voyager_Interstellar_Monthly\HighestPrecision_Segments\V1_MAG48s_segment_1339_20190909T100109_20190909T111132.png,ok,
1,1340,2019-09-10 04:07:33,2019-09-10 04:41:09,0.56016,36,47.52,239.328,7200,240,Z:\SPART-WORK\Data\Voyager\voyager1\mag\48s\reviewed_vim\2019\voyager1_48s_mag-vim_20190101_v01.cdf,C:\Users\Administrator\Documents\FWD_matlab\Voyager_fu\Voyager_Interstellar_Monthly\HighestPrecision_Segments\V1_MAG48s_segment_1340_20190910T040733_20190910T044109.png,ok,
1,1341,2019-09-10 07:25:57,2019-09-10 08:11:32,0.759840277709961,58,47.52,49.249,7200,240,Z:\SPART-WORK\Data\Voyager\voyager1\mag\48s\reviewed_vim\2019\voyager1_48s_mag-vim_20190101_v01.cdf,C:\Users\Administrator\Documents\FWD_matlab\Voyager_fu\Voyager_Interstellar_Monthly\HighestPrecision_Segments\V1_MAG48s_segment_1341_20190910T072557_20190910T081132.png,ok,
1,1342,2019-09-10 23:08:21,2019-09-11 03:33:09,4.41336027770996,332,47.52,49.249,7200,240,Z:\SPART-WORK\Data\Voyager\voyager1\mag\48s\reviewed_vim\2019\voyager1_48s_mag-vim_20190101_v01.cdf,C:\Users\Administrator\Documents\FWD_matlab\Voyager_fu\Voyager_Interstellar_Monthly\HighestPrecision_Segments\V1_MAG48s_segment_1342_20190910T230821_20190911T033309.png,ok,
1,1343,2019-09-11 09:05:10,2019-09-11 10:55:33,1.83984,138,47.52,94.176,7200,240,Z:\SPART-WORK\Data\Voyager\voyager1\mag\48s\reviewed_vim\2019\voyager1_48s_mag-vim_20190101_v01.cdf,C:\Users\Administrator\Documents\FWD_matlab\Voyager_fu\Voyager_Interstellar_Monthly\HighestPrecision_Segments\V1_MAG48s_segment_1343_20190911T090510_20190911T105533.png,ok,
1,1344,2019-09-12 06:55:32,2019-09-12 10:49:56,3.90672000006782,292,47.52,143.423,7200,240,Z:\SPART-WORK\Data\Voyager\voyager1\mag\48s\reviewed_vim\2019\voyager1_48s_mag-vim_20190101_v01.cdf,C:\Users\Administrator\Documents\FWD_matlab\Voyager_fu\Voyager_Interstellar_Monthly\HighestPrecision_Segments\V1_MAG48s_segment_1344_20190912T065532_20190912T104956.png,ok,
1,1345,2019-09-13 01:59:32,2019-09-13 06:13:07,4.22663972222222,315,47.52,189.215999755859,7200,240,Z:\SPART-WORK\Data\Voyager\voyager1\mag\48s\reviewed_vim\2019\voyager1_48s_mag-vim_20190101_v01.cdf,C:\Users\Administrator\Documents\FWD_matlab\Voyager_fu\Voyager_Interstellar_Monthly\HighestPrecision_Segments\V1_MAG48s_segment_1345_20190913T015932_20190913T061307.png,ok,
1,1346,2019-09-13 23:13:09,2019-09-14 03:14:43,4.02600027777778,302,47.52,95.04,7200,240,Z:\SPART-WORK\Data\Voyager\voyager1\mag\48s\reviewed_vim\2019\voyager1_48s_mag-vim_20190101_v01.cdf,C:\Users\Administrator\Documents\FWD_matlab\Voyager_fu\Voyager_Interstellar_Monthly\HighestPrecision_Segments\V1_MAG48s_segment_1346_20190913T231309_20190914T031443.png,ok,
1,1347,2019-09-14 23:09:56,2019-09-15 03:14:43,4.07952027770996,303,47.52,192.671,7200,240,Z:\SPART-WORK\Data\Voyager\voyager1\mag\48s\reviewed_vim\2019\voyager1_48s_mag-vim_20190101_v01.cdf,C:\Users\Administrator\Documents\FWD_matlab\Voyager_fu\Voyager_Interstellar_Monthly\HighestPrecision_Segments\V1_MAG48s_segment_1347_20190914T230956_20190915T031443.png,ok,
1,1348,2019-09-16 06:39:33,2019-09-16 10:36:19,3.94608027777778,295,47.52,144.288,7200,240,Z:\SPART-WORK\Data\Voyager\voyager1\mag\48s\reviewed_vim\2019\voyager1_48s_mag-vim_20190101_v01.cdf,C:\Users\Administrator\Documents\FWD_matlab\Voyager_fu\Voyager_Interstellar_Monthly\HighestPrecision_Segments\V1_MAG48s_segment_1348_20190916T063933_20190916T103619.png,ok,
1,1349,2019-09-16 22:55:31,2019-09-17 10:31:32,11.6001602777778,834,47.52,1679.616,7200,240,Z:\SPART-WORK\Data\Voyager\voyager1\mag\48s\reviewed_vim\2019\voyager1_48s_mag-vim_20190101_v01.cdf,C:\Users\Administrator\Documents\FWD_matlab\Voyager_fu\Voyager_Interstellar_Monthly\HighestPrecision_Segments\V1_MAG48s_segment_1349_20190916T225531_20190917T103132.png,ok,
1,1350,2019-09-17 23:24:19,2019-09-18 03:00:20,3.60048027777778,269,47.52,142.560000244141,7200,240,Z:\SPART-WORK\Data\Voyager\voyager1\mag\48s\reviewed_vim\2019\voyager1_48s_mag-vim_20190101_v01.cdf,C:\Users\Administrator\Documents\FWD_matlab\Voyager_fu\Voyager_Interstellar_Monthly\HighestPrecision_Segments\V1_MAG48s_segment_1350_20190917T232419_20190918T030020.png,ok,
1,1351,2019-09-19 01:11:32,2019-09-19 02:53:56,1.70663972222222,128,47.52,95.039,7200,240,Z:\SPART-WORK\Data\Voyager\voyager1\mag\48s\reviewed_vim\2019\voyager1_48s_mag-vim_20190101_v01.cdf,C:\Users\Administrator\Documents\FWD_matlab\Voyager_fu\Voyager_Interstellar_Monthly\HighestPrecision_Segments\V1_MAG48s_segment_1351_20190919T011132_20190919T025356.png,ok,
1,1352,2019-09-19 07:19:32,2019-09-19 10:18:45,2.98679972229004,224,47.52,95.039,7200,240,Z:\SPART-WORK\Data\Voyager\voyager1\mag\48s\reviewed_vim\2019\voyager1_48s_mag-vim_20190101_v01.cdf,C:\Users\Administrator\Documents\FWD_matlab\Voyager_fu\Voyager_Interstellar_Monthly\HighestPrecision_Segments\V1_MAG48s_segment_1352_20190919T071932_20190919T101845.png,ok,
1,1353,2019-09-19 22:53:56,2019-09-20 02:54:43,4.01303972222222,299,47.52,192.673,7200,240,Z:\SPART-WORK\Data\Voyager\voyager1\mag\48s\reviewed_vim\2019\voyager1_48s_mag-vim_20190101_v01.cdf,C:\Users\Administrator\Documents\FWD_matlab\Voyager_fu\Voyager_Interstellar_Monthly\HighestPrecision_Segments\V1_MAG48s_segment_1353_20190919T225356_20190920T025443.png,ok,
1,1354,2019-09-20 21:14:43,2019-09-21 02:48:21,5.56056,415,47.52,192.671999755859,7200,240,Z:\SPART-WORK\Data\Voyager\voyager1\mag\48s\reviewed_vim\2019\voyager1_48s_mag-vim_20190101_v01.cdf,C:\Users\Administrator\Documents\FWD_matlab\Voyager_fu\Voyager_Interstellar_Monthly\HighestPrecision_Segments\V1_MAG48s_segment_1354_20190920T211443_20190921T024821.png,ok,
1,1355,2019-09-21 20:12:19,2019-09-21 23:48:21,3.60048027777778,271,47.52,50.112,7200,240,Z:\SPART-WORK\Data\Voyager\voyager1\mag\48s\reviewed_vim\2019\voyager1_48s_mag-vim_20190101_v01.cdf,C:\Users\Administrator\Documents\FWD_matlab\Voyager_fu\Voyager_Interstellar_Monthly\HighestPrecision_Segments\V1_MAG48s_segment_1355_20190921T201219_20190921T234821.png,ok,
1,1356,2019-09-22 05:09:56,2019-09-22 10:09:07,4.98624027770996,371,47.52,240.193,7200,240,Z:\SPART-WORK\Data\Voyager\voyager1\mag\48s\reviewed_vim\2019\voyager1_48s_mag-vim_20190101_v01.cdf,C:\Users\Administrator\Documents\FWD_matlab\Voyager_fu\Voyager_Interstellar_Monthly\HighestPrecision_Segments\V1_MAG48s_segment_1356_20190922T050956_20190922T100907.png,ok,
1,1357,2019-09-23 06:44:20,2019-09-23 10:03:32,3.32015972222222,249,47.52,95.039,7200,240,Z:\SPART-WORK\Data\Voyager\voyager1\mag\48s\reviewed_vim\2019\voyager1_48s_mag-vim_20190101_v01.cdf,C:\Users\Administrator\Documents\FWD_matlab\Voyager_fu\Voyager_Interstellar_Monthly\HighestPrecision_Segments\V1_MAG48s_segment_1357_20190923T064420_20190923T100332.png,ok,
1,1358,2019-09-23 21:37:08,2019-09-24 02:33:56,4.94664000006782,371,47.52,95.04,7200,240,Z:\SPART-WORK\Data\Voyager\voyager1\mag\48s\reviewed_vim\2019\voyager1_48s_mag-vim_20190101_v01.cdf,C:\Users\Administrator\Documents\FWD_matlab\Voyager_fu\Voyager_Interstellar_Monthly\HighestPrecision_Segments\V1_MAG48s_segment_1358_20190923T213708_20190924T023356.png,ok,
1,1359,2019-09-24 23:06:44,2019-09-25 02:32:18,3.42624027777778,257,47.52,95.041,7200,240,Z:\SPART-WORK\Data\Voyager\voyager1\mag\48s\reviewed_vim\2019\voyager1_48s_mag-vim_20190101_v01.cdf,C:\Users\Administrator\Documents\FWD_matlab\Voyager_fu\Voyager_Interstellar_Monthly\HighestPrecision_Segments\V1_MAG48s_segment_1359_20190924T230644_20190925T023218.png,ok,
1,1360,2019-09-25 05:01:57,2019-09-25 09:57:55,4.93271972222222,370,47.52,94.175,7200,240,Z:\SPART-WORK\Data\Voyager\voyager1\mag\48s\reviewed_vim\2019\voyager1_48s_mag-vim_20190101_v01.cdf,C:\Users\Administrator\Documents\FWD_matlab\Voyager_fu\Voyager_Interstellar_Monthly\HighestPrecision_Segments\V1_MAG48s_segment_1360_20190925T050157_20190925T095755.png,ok,
1,1361,2019-09-25 18:49:07,2019-09-25 21:18:43,2.49312,188,47.52,50.1120002441406,7200,240,Z:\SPART-WORK\Data\Voyager\voyager1\mag\48s\reviewed_vim\2019\voyager1_48s_mag-vim_20190101_v01.cdf,C:\Users\Administrator\Documents\FWD_matlab\Voyager_fu\Voyager_Interstellar_Monthly\HighestPrecision_Segments\V1_MAG48s_segment_1361_20190925T184907_20190925T211843.png,ok,
1,1362,2019-09-26 04:28:19,2019-09-26 08:21:08,3.88032027777778,290,47.52,145.152,7200,240,Z:\SPART-WORK\Data\Voyager\voyager1\mag\48s\reviewed_vim\2019\voyager1_48s_mag-vim_20190101_v01.cdf,C:\Users\Administrator\Documents\FWD_matlab\Voyager_fu\Voyager_Interstellar_Monthly\HighestPrecision_Segments\V1_MAG48s_segment_1362_20190926T042819_20190926T082108.png,ok,
1,1363,2019-09-26 23:25:56,2019-09-27 02:22:43,2.94648,221,47.52,95.0390002441406,7200,240,Z:\SPART-WORK\Data\Voyager\voyager1\mag\48s\reviewed_vim\2019\voyager1_48s_mag-vim_20190101_v01.cdf,C:\Users\Administrator\Documents\FWD_matlab\Voyager_fu\Voyager_Interstellar_Monthly\HighestPrecision_Segments\V1_MAG48s_segment_1363_20190926T232556_20190927T022243.png,ok,
1,1364,2019-09-27 21:13:07,2019-09-28 02:18:43,5.09328,383,47.52,50.1120002441406,7200,240,Z:\SPART-WORK\Data\Voyager\voyager1\mag\48s\reviewed_vim\2019\voyager1_48s_mag-vim_20190101_v01.cdf,C:\Users\Administrator\Documents\FWD_matlab\Voyager_fu\Voyager_Interstellar_Monthly\HighestPrecision_Segments\V1_MAG48s_segment_1364_20190927T211307_20190928T021843.png,ok,
1,1365,2019-09-28 18:29:55,2019-09-28 22:31:40,4.02912,301,47.52,145.152,7200,240,Z:\SPART-WORK\Data\Voyager\voyager1\mag\48s\reviewed_vim\2019\voyager1_48s_mag-vim_20190101_v01.cdf,C:\Users\Administrator\Documents\FWD_matlab\Voyager_fu\Voyager_Interstellar_Monthly\HighestPrecision_Segments\V1_MAG48s_segment_1365_20190928T182955_20190928T223140.png,ok,
1,1366,2019-09-29 22:44:19,2019-09-30 02:13:06,3.47976,261,47.52,97.631,7200,240,Z:\SPART-WORK\Data\Voyager\voyager1\mag\48s\reviewed_vim\2019\voyager1_48s_mag-vim_20190101_v01.cdf,C:\Users\Administrator\Documents\FWD_matlab\Voyager_fu\Voyager_Interstellar_Monthly\HighestPrecision_Segments\V1_MAG48s_segment_1366_20190929T224419_20190930T021306.png,ok,
1,1367,2019-09-30 08:23:31,2019-09-30 09:37:55,1.24008,91,47.52,190.081,7200,240,Z:\SPART-WORK\Data\Voyager\voyager1\mag\48s\reviewed_vim\2019\voyager1_48s_mag-vim_20190101_v01.cdf,C:\Users\Administrator\Documents\FWD_matlab\Voyager_fu\Voyager_Interstellar_Monthly\HighestPrecision_Segments\V1_MAG48s_segment_1367_20190930T082331_20190930T093755.png,ok,
1,1368,2019-10-01 00:29:55,2019-10-01 02:09:06,1.65311972229004,124,47.52,95.04,7200,240,Z:\SPART-WORK\Data\Voyager\voyager1\mag\48s\reviewed_vim\2019\voyager1_48s_mag-vim_20190101_v01.cdf,C:\Users\Administrator\Documents\FWD_matlab\Voyager_fu\Voyager_Interstellar_Monthly\HighestPrecision_Segments\V1_MAG48s_segment_1368_20191001T002955_20191001T020906.png,ok,
1,1369,2019-10-01 06:41:07,2019-10-01 09:31:30,2.83968,206,47.52,335.232,7200,240,Z:\SPART-WORK\Data\Voyager\voyager1\mag\48s\reviewed_vim\2019\voyager1_48s_mag-vim_20190101_v01.cdf,C:\Users\Administrator\Documents\FWD_matlab\Voyager_fu\Voyager_Interstellar_Monthly\HighestPrecision_Segments\V1_MAG48s_segment_1369_20191001T064107_20191001T093130.png,ok,
1,1370,2019-10-02 00:25:08,2019-10-02 02:03:31,1.63967972222222,122,47.52,144.287,7200,240,Z:\SPART-WORK\Data\Voyager\voyager1\mag\48s\reviewed_vim\2019\voyager1_48s_mag-vim_20190101_v01.cdf,C:\Users\Administrator\Documents\FWD_matlab\Voyager_fu\Voyager_Interstellar_Monthly\HighestPrecision_Segments\V1_MAG48s_segment_1370_20191002T002508_20191002T020331.png,ok,
1,1371,2019-10-02 05:09:56,2019-10-02 09:28:20,4.30655999993218,322,47.52,142.56,7200,240,Z:\SPART-WORK\Data\Voyager\voyager1\mag\48s\reviewed_vim\2019\voyager1_48s_mag-vim_20190101_v01.cdf,C:\Users\Administrator\Documents\FWD_matlab\Voyager_fu\Voyager_Interstellar_Monthly\HighestPrecision_Segments\V1_MAG48s_segment_1371_20191002T050956_20191002T092820.png,ok,
1,1372,2019-10-03 05:22:43,2019-10-03 09:25:56,4.05336,305,47.52,50.1120002441406,7200,240,Z:\SPART-WORK\Data\Voyager\voyager1\mag\48s\reviewed_vim\2019\voyager1_48s_mag-vim_20190101_v01.cdf,C:\Users\Administrator\Documents\FWD_matlab\Voyager_fu\Voyager_Interstellar_Monthly\HighestPrecision_Segments\V1_MAG48s_segment_1372_20191003T052243_20191003T092556.png,ok,
1,1373,2019-10-03 21:43:32,2019-10-04 01:56:19,4.21296027770996,189,47.52,6096.38399975586,7200,240,Z:\SPART-WORK\Data\Voyager\voyager1\mag\48s\reviewed_vim\2019\voyager1_48s_mag-vim_20190101_v01.cdf,C:\Users\Administrator\Documents\FWD_matlab\Voyager_fu\Voyager_Interstellar_Monthly\HighestPrecision_Segments\V1_MAG48s_segment_1373_20191003T214332_20191004T015619.png,ok,
1,1374,2019-10-05 05:06:44,2019-10-05 09:16:20,4.16016000006782,311,47.52,145.152,7200,240,Z:\SPART-WORK\Data\Voyager\voyager1\mag\48s\reviewed_vim\2019\voyager1_48s_mag-vim_20190101_v01.cdf,C:\Users\Administrator\Documents\FWD_matlab\Voyager_fu\Voyager_Interstellar_Monthly\HighestPrecision_Segments\V1_MAG48s_segment_1374_20191005T050644_20191005T091620.png,ok,
1,1375,2019-10-05 14:13:56,2019-10-05 18:47:32,4.56,333,47.52,382.753,7200,240,Z:\SPART-WORK\Data\Voyager\voyager1\mag\48s\reviewed_vim\2019\voyager1_48s_mag-vim_20190101_v01.cdf,C:\Users\Administrator\Documents\FWD_matlab\Voyager_fu\Voyager_Interstellar_Monthly\HighestPrecision_Segments\V1_MAG48s_segment_1375_20191005T141356_20191005T184732.png,ok,
1,1376,2019-10-06 14:29:56,2019-10-06 19:40:19,5.17296,389,47.52,50.1120002441406,7200,240,Z:\SPART-WORK\Data\Voyager\voyager1\mag\48s\reviewed_vim\2019\voyager1_48s_mag-vim_20190101_v01.cdf,C:\Users\Administrator\Documents\FWD_matlab\Voyager_fu\Voyager_Interstellar_Monthly\HighestPrecision_Segments\V1_MAG48s_segment_1376_20191006T142956_20191006T194019.png,ok,
1,1377,2019-10-07 07:59:32,2019-10-07 09:05:08,1.09344,81,47.52,145.152,7200,240,Z:\SPART-WORK\Data\Voyager\voyager1\mag\48s\reviewed_vim\2019\voyager1_48s_mag-vim_20190101_v01.cdf,C:\Users\Administrator\Documents\FWD_matlab\Voyager_fu\Voyager_Interstellar_Monthly\HighestPrecision_Segments\V1_MAG48s_segment_1377_20191007T075932_20191007T090508.png,ok,
1,1378,2019-10-08 00:04:18,2019-10-08 01:34:45,1.50744,111,47.52,192.671000244141,7200,240,Z:\SPART-WORK\Data\Voyager\voyager1\mag\48s\reviewed_vim\2019\voyager1_48s_mag-vim_20190101_v01.cdf,C:\Users\Administrator\Documents\FWD_matlab\Voyager_fu\Voyager_Interstellar_Monthly\HighestPrecision_Segments\V1_MAG48s_segment_1378_20191008T000418_20191008T013445.png,ok,
1,1379,2019-10-08 07:48:19,2019-10-08 09:05:08,1.28016027777778,94,47.52,192.672,7200,240,Z:\SPART-WORK\Data\Voyager\voyager1\mag\48s\reviewed_vim\2019\voyager1_48s_mag-vim_20190101_v01.cdf,C:\Users\Administrator\Documents\FWD_matlab\Voyager_fu\Voyager_Interstellar_Monthly\HighestPrecision_Segments\V1_MAG48s_segment_1379_20191008T074819_20191008T090508.png,ok,
1,1380,2019-10-09 00:12:17,2019-10-09 01:30:44,1.30752,99,47.52,50.112,7200,240,Z:\SPART-WORK\Data\Voyager\voyager1\mag\48s\reviewed_vim\2019\voyager1_48s_mag-vim_20190101_v01.cdf,C:\Users\Administrator\Documents\FWD_matlab\Voyager_fu\Voyager_Interstellar_Monthly\HighestPrecision_Segments\V1_MAG48s_segment_1380_20191009T001217_20191009T013044.png,ok,
1,1381,2019-10-09 19:59:32,2019-10-10 01:30:42,5.51952,413,47.52,145.152,7200,240,Z:\SPART-WORK\Data\Voyager\voyager1\mag\48s\reviewed_vim\2019\voyager1_48s_mag-vim_20190101_v01.cdf,C:\Users\Administrator\Documents\FWD_matlab\Voyager_fu\Voyager_Interstellar_Monthly\HighestPrecision_Segments\V1_MAG48s_segment_1381_20191009T195932_20191010T013042.png,ok,
1,1382,2019-10-10 14:18:43,2019-10-10 16:46:44,2.46696027777778,185,47.52,95.041,7200,240,Z:\SPART-WORK\Data\Voyager\voyager1\mag\48s\reviewed_vim\2019\voyager1_48s_mag-vim_20190101_v01.cdf,C:\Users\Administrator\Documents\FWD_matlab\Voyager_fu\Voyager_Interstellar_Monthly\HighestPrecision_Segments\V1_MAG48s_segment_1382_20191010T141843_20191010T164644.png,ok,
1,1383,2019-10-11 22:29:54,2019-10-12 01:19:32,2.82720027777778,211,47.52,145.151,7200,240,Z:\SPART-WORK\Data\Voyager\voyager1\mag\48s\reviewed_vim\2019\voyager1_48s_mag-vim_20190101_v01.cdf,C:\Users\Administrator\Documents\FWD_matlab\Voyager_fu\Voyager_Interstellar_Monthly\HighestPrecision_Segments\V1_MAG48s_segment_1383_20191011T222954_20191012T011932.png,ok,
1,1384,2019-10-13 03:51:30,2019-10-13 08:39:31,4.80023972222222,358,47.52,191.808,7200,240,Z:\SPART-WORK\Data\Voyager\voyager1\mag\48s\reviewed_vim\2019\voyager1_48s_mag-vim_20190101_v01.cdf,C:\Users\Administrator\Documents\FWD_matlab\Voyager_fu\Voyager_Interstellar_Monthly\HighestPrecision_Segments\V1_MAG48s_segment_1384_20191013T035130_20191013T083931.png,ok,
1,1385,2019-10-14 03:46:42,2019-10-14 08:39:31,4.88015972222222,283,47.52,3983.904,7200,240,Z:\SPART-WORK\Data\Voyager\voyager1\mag\48s\reviewed_vim\2019\voyager1_48s_mag-vim_20190101_v01.cdf,C:\Users\Administrator\Documents\FWD_matlab\Voyager_fu\Voyager_Interstellar_Monthly\HighestPrecision_Segments\V1_MAG48s_segment_1385_20191014T034642_20191014T083931.png,ok,
1,1386,2019-10-14 23:38:43,2019-10-15 00:49:07,1.17335972222222,86,47.52,192.672,7200,240,Z:\SPART-WORK\Data\Voyager\voyager1\mag\48s\reviewed_vim\2019\voyager1_48s_mag-vim_20190101_v01.cdf,C:\Users\Administrator\Documents\FWD_matlab\Voyager_fu\Voyager_Interstellar_Monthly\HighestPrecision_Segments\V1_MAG48s_segment_1386_20191014T233843_20191015T004907.png,ok,
1,1387,2019-10-15 23:35:31,2019-10-16 01:03:30,1.4664,108,47.52,192.672,7200,240,Z:\SPART-WORK\Data\Voyager\voyager1\mag\48s\reviewed_vim\2019\voyager1_48s_mag-vim_20190101_v01.cdf,C:\Users\Administrator\Documents\FWD_matlab\Voyager_fu\Voyager_Interstellar_Monthly\HighestPrecision_Segments\V1_MAG48s_segment_1387_20191015T233531_20191016T010330.png,ok,
1,1388,2019-10-16 04:31:32,2019-10-16 08:26:44,3.91992,287,47.52,192.672,7200,240,Z:\SPART-WORK\Data\Voyager\voyager1\mag\48s\reviewed_vim\2019\voyager1_48s_mag-vim_20190101_v01.cdf,C:\Users\Administrator\Documents\FWD_matlab\Voyager_fu\Voyager_Interstellar_Monthly\HighestPrecision_Segments\V1_MAG48s_segment_1388_20191016T043132_20191016T082644.png,ok,
1,1389,2019-10-17 06:36:18,2019-10-17 08:28:19,1.86696,141,47.5200001220703,50.113,7200,240,Z:\SPART-WORK\Data\Voyager\voyager1\mag\48s\reviewed_vim\2019\voyager1_48s_mag-vim_20190101_v01.cdf,C:\Users\Administrator\Documents\FWD_matlab\Voyager_fu\Voyager_Interstellar_Monthly\HighestPrecision_Segments\V1_MAG48s_segment_1389_20191017T063618_20191017T082819.png,ok,
1,1390,2019-10-17 14:57:06,2019-10-17 19:18:42,4.36008,325,47.5209997558594,192.672999755859,7200,240,Z:\SPART-WORK\Data\Voyager\voyager1\mag\48s\reviewed_vim\2019\voyager1_48s_mag-vim_20190101_v01.cdf,C:\Users\Administrator\Documents\FWD_matlab\Voyager_fu\Voyager_Interstellar_Monthly\HighestPrecision_Segments\V1_MAG48s_segment_1390_20191017T145706_20191017T191842.png,ok,
1,1391,2019-10-18 04:49:07,2019-10-18 09:33:55,4.74671972229004,356,47.5209997558594,94.1750002441406,7200,240,Z:\SPART-WORK\Data\Voyager\voyager1\mag\48s\reviewed_vim\2019\voyager1_48s_mag-vim_20190101_v01.cdf,C:\Users\Administrator\Documents\FWD_matlab\Voyager_fu\Voyager_Interstellar_Monthly\HighestPrecision_Segments\V1_MAG48s_segment_1391_20191018T044907_20191018T093355.png,ok,
1,1392,2019-10-18 20:55:31,2019-10-18 23:53:56,2.97359972222222,223,47.5209997558594,95.04,7200,240,Z:\SPART-WORK\Data\Voyager\voyager1\mag\48s\reviewed_vim\2019\voyager1_48s_mag-vim_20190101_v01.cdf,C:\Users\Administrator\Documents\FWD_matlab\Voyager_fu\Voyager_Interstellar_Monthly\HighestPrecision_Segments\V1_MAG48s_segment_1392_20191018T205531_20191018T235356.png,ok,
1,1393,2019-10-19 07:35:32,2019-10-19 11:48:18,4.21271999993218,314,47.5209997558594,192.672,7200,240,Z:\SPART-WORK\Data\Voyager\voyager1\mag\48s\reviewed_vim\2019\voyager1_48s_mag-vim_20190101_v01.cdf,C:\Users\Administrator\Documents\FWD_matlab\Voyager_fu\Voyager_Interstellar_Monthly\HighestPrecision_Segments\V1_MAG48s_segment_1393_20191019T073532_20191019T114818.png,ok,
1,1394,2019-10-20 04:09:07,2019-10-20 08:13:54,4.07975972222222,307,47.5209997558594,50.113,7200,240,Z:\SPART-WORK\Data\Voyager\voyager1\mag\48s\reviewed_vim\2019\voyager1_48s_mag-vim_20190101_v01.cdf,C:\Users\Administrator\Documents\FWD_matlab\Voyager_fu\Voyager_Interstellar_Monthly\HighestPrecision_Segments\V1_MAG48s_segment_1394_20191020T040907_20191020T081354.png,ok,
1,1395,2019-10-20 13:17:55,2019-10-20 17:13:06,3.91992027770996,290,47.5209997558594,191.808999755859,7200,240,Z:\SPART-WORK\Data\Voyager\voyager1\mag\48s\reviewed_vim\2019\voyager1_48s_mag-vim_20190101_v01.cdf,C:\Users\Administrator\Documents\FWD_matlab\Voyager_fu\Voyager_Interstellar_Monthly\HighestPrecision_Segments\V1_MAG48s_segment_1395_20191020T131755_20191020T171306.png,ok,
1,1396,2019-10-21 23:14:44,2019-10-22 00:37:55,1.38648027777778,103,47.5209997558594,141.696,7200,240,Z:\SPART-WORK\Data\Voyager\voyager1\mag\48s\reviewed_vim\2019\voyager1_48s_mag-vim_20190101_v01.cdf,C:\Users\Administrator\Documents\FWD_matlab\Voyager_fu\Voyager_Interstellar_Monthly\HighestPrecision_Segments\V1_MAG48s_segment_1396_20191021T231444_20191022T003755.png,ok,
1,1397,2019-10-22 04:05:55,2019-10-22 08:07:31,4.02672000006782,300,47.5209997558594,144.288,7200,240,Z:\SPART-WORK\Data\Voyager\voyager1\mag\48s\reviewed_vim\2019\voyager1_48s_mag-vim_20190101_v01.cdf,C:\Users\Administrator\Documents\FWD_matlab\Voyager_fu\Voyager_Interstellar_Monthly\HighestPrecision_Segments\V1_MAG48s_segment_1397_20191022T040555_20191022T080731.png,ok,
1,1398,2019-10-23 02:31:31,2019-10-23 08:05:53,5.57304,394,47.5209997558594,1152.57500024414,7200,240,Z:\SPART-WORK\Data\Voyager\voyager1\mag\48s\reviewed_vim\2019\voyager1_48s_mag-vim_20190101_v01.cdf,C:\Users\Administrator\Documents\FWD_matlab\Voyager_fu\Voyager_Interstellar_Monthly\HighestPrecision_Segments\V1_MAG48s_segment_1398_20191023T023131_20191023T080553.png,ok,
1,1399,2019-10-23 21:05:05,2019-10-24 00:33:08,3.46728,260,47.5209997558594,97.632,7200,240,Z:\SPART-WORK\Data\Voyager\voyager1\mag\48s\reviewed_vim\2019\voyager1_48s_mag-vim_20190101_v01.cdf,C:\Users\Administrator\Documents\FWD_matlab\Voyager_fu\Voyager_Interstellar_Monthly\HighestPrecision_Segments\V1_MAG48s_segment_1399_20191023T210505_20191024T003308.png,ok,
1,1400,2019-10-24 20:39:31,2019-10-25 00:27:30,3.79968,283,47.5209997558594,192.672000244141,7200,240,Z:\SPART-WORK\Data\Voyager\voyager1\mag\48s\reviewed_vim\2019\voyager1_48s_mag-vim_20190101_v01.cdf,C:\Users\Administrator\Documents\FWD_matlab\Voyager_fu\Voyager_Interstellar_Monthly\HighestPrecision_Segments\V1_MAG48s_segment_1400_20191024T203931_20191025T002730.png,ok,
1,1401,2019-10-25 20:13:54,2019-10-26 00:22:43,4.14696027777778,311,47.5209997558594,97.632,7200,240,Z:\SPART-WORK\Data\Voyager\voyager1\mag\48s\reviewed_vim\2019\voyager1_48s_mag-vim_20190101_v01.cdf,C:\Users\Administrator\Documents\FWD_matlab\Voyager_fu\Voyager_Interstellar_Monthly\HighestPrecision_Segments\V1_MAG48s_segment_1401_20191025T201354_20191026T002243.png,ok,
1,1402,2019-10-26 20:17:06,2019-10-27 00:17:05,3.99983972229004,300,47.5209997558594,95.04,7200,240,Z:\SPART-WORK\Data\Voyager\voyager1\mag\48s\reviewed_vim\2019\voyager1_48s_mag-vim_20190101_v01.cdf,C:\Users\Administrator\Documents\FWD_matlab\Voyager_fu\Voyager_Interstellar_Monthly\HighestPrecision_Segments\V1_MAG48s_segment_1402_20191026T201706_20191027T001705.png,ok,
1,1403,2019-10-27 20:05:53,2019-10-28 00:16:18,4.17336027777778,314,47.5209997558594,50.113,7200,240,Z:\SPART-WORK\Data\Voyager\voyager1\mag\48s\reviewed_vim\2019\voyager1_48s_mag-vim_20190101_v01.cdf,C:\Users\Administrator\Documents\FWD_matlab\Voyager_fu\Voyager_Interstellar_Monthly\HighestPrecision_Segments\V1_MAG48s_segment_1403_20191027T200553_20191028T001618.png,ok,
1,1404,2019-10-28 20:09:06,2019-10-29 00:12:17,4.05311999993218,305,47.5209997558594,50.113,7200,240,Z:\SPART-WORK\Data\Voyager\voyager1\mag\48s\reviewed_vim\2019\voyager1_48s_mag-vim_20190101_v01.cdf,C:\Users\Administrator\Documents\FWD_matlab\Voyager_fu\Voyager_Interstellar_Monthly\HighestPrecision_Segments\V1_MAG48s_segment_1404_20191028T200906_20191029T001217.png,ok,
1,1405,2019-10-29 20:09:06,2019-10-30 00:06:43,3.96023999993218,296,47.5209997558594,145.151,7200,240,Z:\SPART-WORK\Data\Voyager\voyager1\mag\48s\reviewed_vim\2019\voyager1_48s_mag-vim_20190101_v01.cdf,C:\Users\Administrator\Documents\FWD_matlab\Voyager_fu\Voyager_Interstellar_Monthly\HighestPrecision_Segments\V1_MAG48s_segment_1405_20191029T200906_20191030T000643.png,ok,
1,1406,2019-10-30 19:35:29,2019-10-30 23:59:30,4.40040027777778,328,47.5209997558594,192.672,7200,240,Z:\SPART-WORK\Data\Voyager\voyager1\mag\48s\reviewed_vim\2019\voyager1_48s_mag-vim_20190101_v01.cdf,C:\Users\Administrator\Documents\FWD_matlab\Voyager_fu\Voyager_Interstellar_Monthly\HighestPrecision_Segments\V1_MAG48s_segment_1406_20191030T193529_20191030T235930.png,ok,
1,1407,2019-10-31 19:56:19,2019-10-31 23:49:53,3.89279972222222,291,47.5209997558594,142.561,7200,240,Z:\SPART-WORK\Data\Voyager\voyager1\mag\48s\reviewed_vim\2019\voyager1_48s_mag-vim_20190101_v01.cdf,C:\Users\Administrator\Documents\FWD_matlab\Voyager_fu\Voyager_Interstellar_Monthly\HighestPrecision_Segments\V1_MAG48s_segment_1407_20191031T195619_20191031T234953.png,ok,
1,1408,2019-11-01 23:11:31,2019-11-02 03:25:56,4.24008,317,47.5209997558594,142.561,7200,240,Z:\SPART-WORK\Data\Voyager\voyager1\mag\48s\reviewed_vim\2019\voyager1_48s_mag-vim_20190101_v01.cdf,C:\Users\Administrator\Documents\FWD_matlab\Voyager_fu\Voyager_Interstellar_Monthly\HighestPrecision_Segments\V1_MAG48s_segment_1408_20191101T231131_20191102T032556.png,ok,
1,1409,2019-11-02 19:27:29,2019-11-02 23:25:54,3.97343972229004,299,47.5209997558594,50.113,7200,240,Z:\SPART-WORK\Data\Voyager\voyager1\mag\48s\reviewed_vim\2019\voyager1_48s_mag-vim_20190101_v01.cdf,C:\Users\Administrator\Documents\FWD_matlab\Voyager_fu\Voyager_Interstellar_Monthly\HighestPrecision_Segments\V1_MAG48s_segment_1409_20191102T192729_20191102T232554.png,ok,
1,1410,2019-11-03 23:32:18,2019-11-04 03:25:56,3.89376,243,47.5209997558594,2064.961,7200,240,Z:\SPART-WORK\Data\Voyager\voyager1\mag\48s\reviewed_vim\2019\voyager1_48s_mag-vim_20190101_v01.cdf,C:\Users\Administrator\Documents\FWD_matlab\Voyager_fu\Voyager_Interstellar_Monthly\HighestPrecision_Segments\V1_MAG48s_segment_1410_20191103T233218_20191104T032556.png,ok,
1,1411,2019-11-05 03:16:18,2019-11-05 07:10:42,3.90672,282,47.5209997558594,432,7200,240,Z:\SPART-WORK\Data\Voyager\voyager1\mag\48s\reviewed_vim\2019\voyager1_48s_mag-vim_20190101_v01.cdf,C:\Users\Administrator\Documents\FWD_matlab\Voyager_fu\Voyager_Interstellar_Monthly\HighestPrecision_Segments\V1_MAG48s_segment_1411_20191105T031618_20191105T071042.png,ok,
1,1412,2019-11-05 12:17:05,2019-11-05 15:10:43,2.89392027770996,205,47.5209998779297,479.521,7200,240,Z:\SPART-WORK\Data\Voyager\voyager1\mag\48s\reviewed_vim\2019\voyager1_48s_mag-vim_20190101_v01.cdf,C:\Users\Administrator\Documents\FWD_matlab\Voyager_fu\Voyager_Interstellar_Monthly\HighestPrecision_Segments\V1_MAG48s_segment_1412_20191105T121705_20191105T151043.png,ok,
1,1413,2019-11-06 05:57:53,2019-11-06 07:05:55,1.13376,84,47.5209997558594,142.560999755859,7200,240,Z:\SPART-WORK\Data\Voyager\voyager1\mag\48s\reviewed_vim\2019\voyager1_48s_mag-vim_20190101_v01.cdf,C:\Users\Administrator\Documents\FWD_matlab\Voyager_fu\Voyager_Interstellar_Monthly\HighestPrecision_Segments\V1_MAG48s_segment_1413_20191106T055753_20191106T070555.png,ok,
1,1414,2019-11-06 20:39:31,2019-11-06 20:47:30,0.133200277777778,10,47.521,95.04,7200,240,Z:\SPART-WORK\Data\Voyager\voyager1\mag\48s\reviewed_vim\2019\voyager1_48s_mag-vim_20190101_v01.cdf,C:\Users\Administrator\Documents\FWD_matlab\Voyager_fu\Voyager_Interstellar_Monthly\HighestPrecision_Segments\V1_MAG48s_segment_1414_20191106T203931_20191106T204730.png,ok,
1,1415,2019-11-07 12:02:43,2019-11-07 16:10:42,4.13304,308,47.5209997558594,190.08,7200,240,Z:\SPART-WORK\Data\Voyager\voyager1\mag\48s\reviewed_vim\2019\voyager1_48s_mag-vim_20190101_v01.cdf,C:\Users\Administrator\Documents\FWD_matlab\Voyager_fu\Voyager_Interstellar_Monthly\HighestPrecision_Segments\V1_MAG48s_segment_1415_20191107T120243_20191107T161042.png,ok,
1,1416,2019-11-08 05:38:41,2019-11-08 06:55:29,1.28016,97,47.5209997558594,50.113,7200,240,Z:\SPART-WORK\Data\Voyager\voyager1\mag\48s\reviewed_vim\2019\voyager1_48s_mag-vim_20190101_v01.cdf,C:\Users\Administrator\Documents\FWD_matlab\Voyager_fu\Voyager_Interstellar_Monthly\HighestPrecision_Segments\V1_MAG48s_segment_1416_20191108T053841_20191108T065529.png,ok,
1,1417,2019-11-08 23:14:41,2019-11-08 23:22:41,0.133199722222222,6,97.632,144.288,7200,240,Z:\SPART-WORK\Data\Voyager\voyager1\mag\48s\reviewed_vim\2019\voyager1_48s_mag-vim_20190101_v01.cdf,C:\Users\Administrator\Documents\FWD_matlab\Voyager_fu\Voyager_Interstellar_Monthly\HighestPrecision_Segments\V1_MAG48s_segment_1417_20191108T231441_20191108T232241.png,ok,
1,1418,2019-11-09 02:52:18,2019-11-09 06:56:17,4.06631972222222,231,47.5209997558594,3551.904,7200,240,Z:\SPART-WORK\Data\Voyager\voyager1\mag\48s\reviewed_vim\2019\voyager1_48s_mag-vim_20190101_v01.cdf,C:\Users\Administrator\Documents\FWD_matlab\Voyager_fu\Voyager_Interstellar_Monthly\HighestPrecision_Segments\V1_MAG48s_segment_1418_20191109T025218_20191109T065617.png,ok,
1,1419,2019-11-09 20:36:18,2019-11-09 22:59:29,2.38632027777778,177,47.5209997558594,192.672,7200,240,Z:\SPART-WORK\Data\Voyager\voyager1\mag\48s\reviewed_vim\2019\voyager1_48s_mag-vim_20190101_v01.cdf,C:\Users\Administrator\Documents\FWD_matlab\Voyager_fu\Voyager_Interstellar_Monthly\HighestPrecision_Segments\V1_MAG48s_segment_1419_20191109T203618_20191109T225929.png,ok,
1,1420,2019-11-10 04:05:55,2019-11-10 05:05:06,0.986400277777778,75,47.5209998779297,50.113,7200,240,Z:\SPART-WORK\Data\Voyager\voyager1\mag\48s\reviewed_vim\2019\voyager1_48s_mag-vim_20190101_v01.cdf,C:\Users\Administrator\Documents\FWD_matlab\Voyager_fu\Voyager_Interstellar_Monthly\HighestPrecision_Segments\V1_MAG48s_segment_1420_20191110T040555_20191110T050506.png,ok,
1,1421,2019-11-10 14:10:41,2019-11-10 18:04:18,3.89352027777778,206,47.5209997558594,4032.28799975586,7200,240,Z:\SPART-WORK\Data\Voyager\voyager1\mag\48s\reviewed_vim\2019\voyager1_48s_mag-vim_20190101_v01.cdf,C:\Users\Administrator\Documents\FWD_matlab\Voyager_fu\Voyager_Interstellar_Monthly\HighestPrecision_Segments\V1_MAG48s_segment_1421_20191110T141041_20191110T180418.png,ok,
1,1422,2019-11-11 12:02:40,2019-11-11 15:27:19,3.41087972222222,253,47.5209997558594,228.96,7200,240,Z:\SPART-WORK\Data\Voyager\voyager1\mag\48s\reviewed_vim\2019\voyager1_48s_mag-vim_20190101_v01.cdf,C:\Users\Administrator\Documents\FWD_matlab\Voyager_fu\Voyager_Interstellar_Monthly\HighestPrecision_Segments\V1_MAG48s_segment_1422_20191111T120240_20191111T152719.png,ok,
1,1423,2019-11-12 18:55:29,2019-11-12 23:10:41,4.25327972222222,320,47.5209997558594,50.113,7200,240,Z:\SPART-WORK\Data\Voyager\voyager1\mag\48s\reviewed_vim\2019\voyager1_48s_mag-vim_20190101_v01.cdf,C:\Users\Administrator\Documents\FWD_matlab\Voyager_fu\Voyager_Interstellar_Monthly\HighestPrecision_Segments\V1_MAG48s_segment_1423_20191112T185529_20191112T231041.png,ok,
1,1424,2019-11-13 22:13:54,2019-11-13 23:05:06,0.8532,63,47.5209997558594,142.561,7200,240,Z:\SPART-WORK\Data\Voyager\voyager1\mag\48s\reviewed_vim\2019\voyager1_48s_mag-vim_20190101_v01.cdf,C:\Users\Administrator\Documents\FWD_matlab\Voyager_fu\Voyager_Interstellar_Monthly\HighestPrecision_Segments\V1_MAG48s_segment_1424_20191113T221354_20191113T230506.png,ok,
1,1425,2019-11-14 05:51:31,2019-11-14 06:29:52,0.639360277709961,47,47.5209997558594,142.559,7200,240,Z:\SPART-WORK\Data\Voyager\voyager1\mag\48s\reviewed_vim\2019\voyager1_48s_mag-vim_20190101_v01.cdf,C:\Users\Administrator\Documents\FWD_matlab\Voyager_fu\Voyager_Interstellar_Monthly\HighestPrecision_Segments\V1_MAG48s_segment_1425_20191114T055131_20191114T062952.png,ok,
1,1426,2019-11-15 02:21:53,2019-11-15 06:29:05,4.11983972222222,307,47.5209997558594,192.672,7200,240,Z:\SPART-WORK\Data\Voyager\voyager1\mag\48s\reviewed_vim\2019\voyager1_48s_mag-vim_20190101_v01.cdf,C:\Users\Administrator\Documents\FWD_matlab\Voyager_fu\Voyager_Interstellar_Monthly\HighestPrecision_Segments\V1_MAG48s_segment_1426_20191115T022153_20191115T062905.png,ok,
1,1427,2019-11-16 02:37:53,2019-11-16 06:24:18,3.77352027777778,283,47.5209997558594,97.632,7200,240,Z:\SPART-WORK\Data\Voyager\voyager1\mag\48s\reviewed_vim\2019\voyager1_48s_mag-vim_20190101_v01.cdf,C:\Users\Administrator\Documents\FWD_matlab\Voyager_fu\Voyager_Interstellar_Monthly\HighestPrecision_Segments\V1_MAG48s_segment_1427_20191116T023753_20191116T062418.png,ok,
1,1428,2019-11-16 18:41:04,2019-11-16 22:54:02,4.21583999993218,263,47.521,625.535,7200,240,Z:\SPART-WORK\Data\Voyager\voyager1\mag\48s\reviewed_vim\2019\voyager1_48s_mag-vim_20190101_v01.cdf,C:\Users\Administrator\Documents\FWD_matlab\Voyager_fu\Voyager_Interstellar_Monthly\HighestPrecision_Segments\V1_MAG48s_segment_1428_20191116T184104_20191116T225402.png,ok,
1,1429,2019-11-17 22:39:29,2019-11-18 01:13:54,2.57376,194,47.5209997558594,50.113,7200,240,Z:\SPART-WORK\Data\Voyager\voyager1\mag\48s\reviewed_vim\2019\voyager1_48s_mag-vim_20190101_v01.cdf,C:\Users\Administrator\Documents\FWD_matlab\Voyager_fu\Voyager_Interstellar_Monthly\HighestPrecision_Segments\V1_MAG48s_segment_1429_20191117T223929_20191118T011354.png,ok,
1,1430,2019-11-19 02:09:06,2019-11-19 06:17:05,4.13304,291,47.5209997558594,814.752,7200,240,Z:\SPART-WORK\Data\Voyager\voyager1\mag\48s\reviewed_vim\2019\voyager1_48s_mag-vim_20190101_v01.cdf,C:\Users\Administrator\Documents\FWD_matlab\Voyager_fu\Voyager_Interstellar_Monthly\HighestPrecision_Segments\V1_MAG48s_segment_1430_20191119T020906_20191119T061705.png,ok,
1,1431,2019-11-19 19:17:55,2019-11-19 23:38:41,4.34616027770996,325,47.5209997558594,141.696,7200,240,Z:\SPART-WORK\Data\Voyager\voyager1\mag\48s\reviewed_vim\2019\voyager1_48s_mag-vim_20190101_v01.cdf,C:\Users\Administrator\Documents\FWD_matlab\Voyager_fu\Voyager_Interstellar_Monthly\HighestPrecision_Segments\V1_MAG48s_segment_1431_20191119T191755_20191119T233841.png,ok,
1,1432,2019-11-20 11:38:41,2019-11-20 15:33:05,3.90672,291,47.5209997558594,190.08,7200,240,Z:\SPART-WORK\Data\Voyager\voyager1\mag\48s\reviewed_vim\2019\voyager1_48s_mag-vim_20190101_v01.cdf,C:\Users\Administrator\Documents\FWD_matlab\Voyager_fu\Voyager_Interstellar_Monthly\HighestPrecision_Segments\V1_MAG48s_segment_1432_20191120T113841_20191120T153305.png,ok,
1,1433,2019-11-21 11:56:18,2019-11-21 15:58:42,4.03992027777778,174,47.521,6143.903,7200,240,Z:\SPART-WORK\Data\Voyager\voyager1\mag\48s\reviewed_vim\2019\voyager1_48s_mag-vim_20190101_v01.cdf,C:\Users\Administrator\Documents\FWD_matlab\Voyager_fu\Voyager_Interstellar_Monthly\HighestPrecision_Segments\V1_MAG48s_segment_1433_20191121T115618_20191121T155842.png,ok,
1,1434,2019-11-21 21:27:30,2019-11-21 22:33:55,1.10688027777778,81,47.5209997558594,192.672,7200,240,Z:\SPART-WORK\Data\Voyager\voyager1\mag\48s\reviewed_vim\2019\voyager1_48s_mag-vim_20190101_v01.cdf,C:\Users\Administrator\Documents\FWD_matlab\Voyager_fu\Voyager_Interstellar_Monthly\HighestPrecision_Segments\V1_MAG48s_segment_1434_20191121T212730_20191121T223355.png,ok,
1,1435,2019-11-22 18:33:05,2019-11-22 22:34:42,4.02695972222222,303,47.5209997558594,50.113,7200,240,Z:\SPART-WORK\Data\Voyager\voyager1\mag\48s\reviewed_vim\2019\voyager1_48s_mag-vim_20190101_v01.cdf,C:\Users\Administrator\Documents\FWD_matlab\Voyager_fu\Voyager_Interstellar_Monthly\HighestPrecision_Segments\V1_MAG48s_segment_1435_20191122T183305_20191122T223442.png,ok,
1,1436,2019-11-23 18:04:18,2019-11-23 22:29:54,4.42679972222222,333,47.5209997558594,50.113,7200,240,Z:\SPART-WORK\Data\Voyager\voyager1\mag\48s\reviewed_vim\2019\voyager1_48s_mag-vim_20190101_v01.cdf,C:\Users\Administrator\Documents\FWD_matlab\Voyager_fu\Voyager_Interstellar_Monthly\HighestPrecision_Segments\V1_MAG48s_segment_1436_20191123T180418_20191123T222954.png,ok,
1,1437,2019-11-24 12:12:17,2019-11-24 16:09:04,3.94632027777778,297,47.5209997558594,50.113,7200,240,Z:\SPART-WORK\Data\Voyager\voyager1\mag\48s\reviewed_vim\2019\voyager1_48s_mag-vim_20190101_v01.cdf,C:\Users\Administrator\Documents\FWD_matlab\Voyager_fu\Voyager_Interstellar_Monthly\HighestPrecision_Segments\V1_MAG48s_segment_1437_20191124T121217_20191124T160904.png,ok,
1,1438,2019-11-25 17:35:28,2019-11-25 22:17:55,4.70735972229004,348,47.5209997558594,145.151,7200,240,Z:\SPART-WORK\Data\Voyager\voyager1\mag\48s\reviewed_vim\2019\voyager1_48s_mag-vim_20190101_v01.cdf,C:\Users\Administrator\Documents\FWD_matlab\Voyager_fu\Voyager_Interstellar_Monthly\HighestPrecision_Segments\V1_MAG48s_segment_1438_20191125T173528_20191125T221755.png,ok,
1,1439,2019-11-26 19:29:04,2019-11-26 22:13:04,2.73335972222222,205,47.5209997558594,97.632,7200,240,Z:\SPART-WORK\Data\Voyager\voyager1\mag\48s\reviewed_vim\2019\voyager1_48s_mag-vim_20190101_v01.cdf,C:\Users\Administrator\Documents\FWD_matlab\Voyager_fu\Voyager_Interstellar_Monthly\HighestPrecision_Segments\V1_MAG48s_segment_1439_20191126T192904_20191126T221304.png,ok,
1,1440,2019-11-27 20:29:54,2019-11-27 22:09:04,1.65288,122,47.5209997558594,192.672000244141,7200,240,Z:\SPART-WORK\Data\Voyager\voyager1\mag\48s\reviewed_vim\2019\voyager1_48s_mag-vim_20190101_v01.cdf,C:\Users\Administrator\Documents\FWD_matlab\Voyager_fu\Voyager_Interstellar_Monthly\HighestPrecision_Segments\V1_MAG48s_segment_1440_20191127T202954_20191127T220904.png,ok,
1,1441,2019-11-28 01:32:17,2019-11-28 05:37:53,4.09343972222222,291,47.5209997558594,480.384,7200,240,Z:\SPART-WORK\Data\Voyager\voyager1\mag\48s\reviewed_vim\2019\voyager1_48s_mag-vim_20190101_v01.cdf,C:\Users\Administrator\Documents\FWD_matlab\Voyager_fu\Voyager_Interstellar_Monthly\HighestPrecision_Segments\V1_MAG48s_segment_1441_20191128T013217_20191128T053753.png,ok,
1,1442,2019-11-28 19:33:55,2019-11-29 00:52:18,5.30639972229004,399,47.5209997558594,50.113,7200,240,Z:\SPART-WORK\Data\Voyager\voyager1\mag\48s\reviewed_vim\2019\voyager1_48s_mag-vim_20190101_v01.cdf,C:\Users\Administrator\Documents\FWD_matlab\Voyager_fu\Voyager_Interstellar_Monthly\HighestPrecision_Segments\V1_MAG48s_segment_1442_20191128T193355_20191129T005218.png,ok,
1,1443,2019-11-30 01:24:16,2019-11-30 05:27:29,4.05335972229004,302,47.5209997558594,192.672,7200,240,Z:\SPART-WORK\Data\Voyager\voyager1\mag\48s\reviewed_vim\2019\voyager1_48s_mag-vim_20190101_v01.cdf,C:\Users\Administrator\Documents\FWD_matlab\Voyager_fu\Voyager_Interstellar_Monthly\HighestPrecision_Segments\V1_MAG48s_segment_1443_20191130T012416_20191130T052729.png,ok,
1,1444,2019-11-30 14:20:16,2019-11-30 18:27:30,4.12055972222222,308,47.5209997558594,142.561,7200,240,Z:\SPART-WORK\Data\Voyager\voyager1\mag\48s\reviewed_vim\2019\voyager1_48s_mag-vim_20190101_v01.cdf,C:\Users\Administrator\Documents\FWD_matlab\Voyager_fu\Voyager_Interstellar_Monthly\HighestPrecision_Segments\V1_MAG48s_segment_1444_20191130T142016_20191130T182730.png,ok,
1,1445,2019-12-01 21:16:18,2019-12-02 01:17:04,4.01304,302,47.5209997558594,50.113,7200,240,Z:\SPART-WORK\Data\Voyager\voyager1\mag\48s\reviewed_vim\2019\voyager1_48s_mag-vim_20190101_v01.cdf,C:\Users\Administrator\Documents\FWD_matlab\Voyager_fu\Voyager_Interstellar_Monthly\HighestPrecision_Segments\V1_MAG48s_segment_1445_20191201T211618_20191202T011704.png,ok,
1,1446,2019-12-02 13:51:29,2019-12-02 17:52:18,4.01376,302,47.5209997558594,50.113,7200,240,Z:\SPART-WORK\Data\Voyager\voyager1\mag\48s\reviewed_vim\2019\voyager1_48s_mag-vim_20190101_v01.cdf,C:\Users\Administrator\Documents\FWD_matlab\Voyager_fu\Voyager_Interstellar_Monthly\HighestPrecision_Segments\V1_MAG48s_segment_1446_20191202T135129_20191202T175218.png,ok,
1,1447,2019-12-03 19:21:04,2019-12-03 19:51:29,0.50688,29,47.5209997558594,432.863,7200,240,Z:\SPART-WORK\Data\Voyager\voyager1\mag\48s\reviewed_vim\2019\voyager1_48s_mag-vim_20190101_v01.cdf,C:\Users\Administrator\Documents\FWD_matlab\Voyager_fu\Voyager_Interstellar_Monthly\HighestPrecision_Segments\V1_MAG48s_segment_1447_20191203T192104_20191203T195129.png,ok,
1,1448,2019-12-03 22:37:54,2019-12-03 23:22:41,0.746399722222222,18,47.521,1486.944,7200,240,Z:\SPART-WORK\Data\Voyager\voyager1\mag\48s\reviewed_vim\2019\voyager1_48s_mag-vim_20190101_v01.cdf,C:\Users\Administrator\Documents\FWD_matlab\Voyager_fu\Voyager_Interstellar_Monthly\HighestPrecision_Segments\V1_MAG48s_segment_1448_20191203T223754_20191203T232241.png,ok,
1,1449,2019-12-04 19:38:41,2019-12-04 21:41:52,2.05296027777778,152,47.5209997558594,192.672000244141,7200,240,Z:\SPART-WORK\Data\Voyager\voyager1\mag\48s\reviewed_vim\2019\voyager1_48s_mag-vim_20190101_v01.cdf,C:\Users\Administrator\Documents\FWD_matlab\Voyager_fu\Voyager_Interstellar_Monthly\HighestPrecision_Segments\V1_MAG48s_segment_1449_20191204T193841_20191204T214152.png,ok,
1,1450,2019-12-06 19:09:52,2019-12-06 19:48:17,0.64032,46,47.5209997558594,192.672,7200,240,Z:\SPART-WORK\Data\Voyager\voyager1\mag\48s\reviewed_vim\2019\voyager1_48s_mag-vim_20190101_v01.cdf,C:\Users\Administrator\Documents\FWD_matlab\Voyager_fu\Voyager_Interstellar_Monthly\HighestPrecision_Segments\V1_MAG48s_segment_1450_20191206T190952_20191206T194817.png,ok,
1,1451,2019-12-07 02:29:54,2019-12-07 02:53:06,0.386639722290039,28,47.5209997558594,145.151000244141,7200,240,Z:\SPART-WORK\Data\Voyager\voyager1\mag\48s\reviewed_vim\2019\voyager1_48s_mag-vim_20190101_v01.cdf,C:\Users\Administrator\Documents\FWD_matlab\Voyager_fu\Voyager_Interstellar_Monthly\HighestPrecision_Segments\V1_MAG48s_segment_1451_20191207T022954_20191207T025306.png,ok,
1,1452,2019-12-07 14:33:06,2019-12-07 18:37:05,4.06655999993218,304,47.5209997558594,142.559,7200,240,Z:\SPART-WORK\Data\Voyager\voyager1\mag\48s\reviewed_vim\2019\voyager1_48s_mag-vim_20190101_v01.cdf,C:\Users\Administrator\Documents\FWD_matlab\Voyager_fu\Voyager_Interstellar_Monthly\HighestPrecision_Segments\V1_MAG48s_segment_1452_20191207T143306_20191207T183705.png,ok,
1,1453,2019-12-08 09:46:40,2019-12-08 13:15:29,3.48048,259,47.5209997558594,192.672,7200,240,Z:\SPART-WORK\Data\Voyager\voyager1\mag\48s\reviewed_vim\2019\voyager1_48s_mag-vim_20190101_v01.cdf,C:\Users\Administrator\Documents\FWD_matlab\Voyager_fu\Voyager_Interstellar_Monthly\HighestPrecision_Segments\V1_MAG48s_segment_1453_20191208T094640_20191208T131529.png,ok,
1,1454,2019-12-08 17:24:16,2019-12-08 22:03:30,4.65384027777778,347,47.5209997558594,192.671999755859,7200,240,Z:\SPART-WORK\Data\Voyager\voyager1\mag\48s\reviewed_vim\2019\voyager1_48s_mag-vim_20190101_v01.cdf,C:\Users\Administrator\Documents\FWD_matlab\Voyager_fu\Voyager_Interstellar_Monthly\HighestPrecision_Segments\V1_MAG48s_segment_1454_20191208T172416_20191208T220330.png,ok,
1,1455,2019-12-09 17:13:04,2019-12-09 21:19:28,4.10664027777778,302,47.5209997558594,240.192,7200,240,Z:\SPART-WORK\Data\Voyager\voyager1\mag\48s\reviewed_vim\2019\voyager1_48s_mag-vim_20190101_v01.cdf,C:\Users\Administrator\Documents\FWD_matlab\Voyager_fu\Voyager_Interstellar_Monthly\HighestPrecision_Segments\V1_MAG48s_segment_1455_20191209T171304_20191209T211928.png,ok,
1,1456,2019-12-10 17:21:03,2019-12-10 19:07:30,1.77407972222222,133,47.5209997558594,97.631,7200,240,Z:\SPART-WORK\Data\Voyager\voyager1\mag\48s\reviewed_vim\2019\voyager1_48s_mag-vim_20190101_v01.cdf,C:\Users\Administrator\Documents\FWD_matlab\Voyager_fu\Voyager_Interstellar_Monthly\HighestPrecision_Segments\V1_MAG48s_segment_1456_20191210T172103_20191210T190730.png,ok,
1,1457,2019-12-12 01:22:41,2019-12-12 04:13:52,2.85288,212,47.5209997558594,189.215,7200,240,Z:\SPART-WORK\Data\Voyager\voyager1\mag\48s\reviewed_vim\2019\voyager1_48s_mag-vim_20190101_v01.cdf,C:\Users\Administrator\Documents\FWD_matlab\Voyager_fu\Voyager_Interstellar_Monthly\HighestPrecision_Segments\V1_MAG48s_segment_1457_20191212T012241_20191212T041352.png,ok,
1,1458,2019-12-12 17:17:53,2019-12-12 21:12:17,3.90672,293,47.5209997558594,95.04,7200,240,Z:\SPART-WORK\Data\Voyager\voyager1\mag\48s\reviewed_vim\2019\voyager1_48s_mag-vim_20190101_v01.cdf,C:\Users\Administrator\Documents\FWD_matlab\Voyager_fu\Voyager_Interstellar_Monthly\HighestPrecision_Segments\V1_MAG48s_segment_1458_20191212T171753_20191212T211217.png,ok,
1,1459,2019-12-13 17:17:53,2019-12-13 21:46:40,4.47960027777778,336,47.5209997558594,95.04,7200,240,Z:\SPART-WORK\Data\Voyager\voyager1\mag\48s\reviewed_vim\2019\voyager1_48s_mag-vim_20190101_v01.cdf,C:\Users\Administrator\Documents\FWD_matlab\Voyager_fu\Voyager_Interstellar_Monthly\HighestPrecision_Segments\V1_MAG48s_segment_1459_20191213T171753_20191213T214640.png,ok,
1,1460,2019-12-14 19:33:52,2019-12-14 20:21:53,0.800400277777778,59,47.5209997558594,141.696,7200,240,Z:\SPART-WORK\Data\Voyager\voyager1\mag\48s\reviewed_vim\2019\voyager1_48s_mag-vim_20190101_v01.cdf,C:\Users\Administrator\Documents\FWD_matlab\Voyager_fu\Voyager_Interstellar_Monthly\HighestPrecision_Segments\V1_MAG48s_segment_1460_20191214T193352_20191214T202153.png,ok,
1,1461,2019-12-15 03:08:15,2019-12-15 03:47:27,0.65328,50,47.52,50.113,7200,240,Z:\SPART-WORK\Data\Voyager\voyager1\mag\48s\reviewed_vim\2019\voyager1_48s_mag-vim_20190101_v01.cdf,C:\Users\Administrator\Documents\FWD_matlab\Voyager_fu\Voyager_Interstellar_Monthly\HighestPrecision_Segments\V1_MAG48s_segment_1461_20191215T030815_20191215T034727.png,ok,
1,1462,2019-12-15 09:27:27,2019-12-15 13:31:29,4.06728,305,47.52,97.632,7200,240,Z:\SPART-WORK\Data\Voyager\voyager1\mag\48s\reviewed_vim\2019\voyager1_48s_mag-vim_20190101_v01.cdf,C:\Users\Administrator\Documents\FWD_matlab\Voyager_fu\Voyager_Interstellar_Monthly\HighestPrecision_Segments\V1_MAG48s_segment_1462_20191215T092727_20191215T133129.png,ok,
1,1463,2019-12-16 17:00:16,2019-12-16 20:57:06,3.94704027770996,297,47.52,50.113,7200,240,Z:\SPART-WORK\Data\Voyager\voyager1\mag\48s\reviewed_vim\2019\voyager1_48s_mag-vim_20190101_v01.cdf,C:\Users\Administrator\Documents\FWD_matlab\Voyager_fu\Voyager_Interstellar_Monthly\HighestPrecision_Segments\V1_MAG48s_segment_1463_20191216T170016_20191216T205706.png,ok,
1,1464,2019-12-17 09:21:05,2019-12-17 10:39:29,1.30656,98,47.52,95.04,7200,240,Z:\SPART-WORK\Data\Voyager\voyager1\mag\48s\reviewed_vim\2019\voyager1_48s_mag-vim_20190101_v01.cdf,C:\Users\Administrator\Documents\FWD_matlab\Voyager_fu\Voyager_Interstellar_Monthly\HighestPrecision_Segments\V1_MAG48s_segment_1464_20191217T092105_20191217T103929.png,ok,
1,1465,2019-12-17 16:47:29,2019-12-17 20:52:16,4.07951972229004,307,47.52,50.113,7200,240,Z:\SPART-WORK\Data\Voyager\voyager1\mag\48s\reviewed_vim\2019\voyager1_48s_mag-vim_20190101_v01.cdf,C:\Users\Administrator\Documents\FWD_matlab\Voyager_fu\Voyager_Interstellar_Monthly\HighestPrecision_Segments\V1_MAG48s_segment_1465_20191217T164729_20191217T205216.png,ok,
1,1466,2019-12-18 19:19:30,2019-12-18 20:01:04,0.69288,35,47.52,385.345,7200,240,Z:\SPART-WORK\Data\Voyager\voyager1\mag\48s\reviewed_vim\2019\voyager1_48s_mag-vim_20190101_v01.cdf,C:\Users\Administrator\Documents\FWD_matlab\Voyager_fu\Voyager_Interstellar_Monthly\HighestPrecision_Segments\V1_MAG48s_segment_1466_20191218T191930_20191218T200104.png,ok,
1,1467,2019-12-19 02:23:28,2019-12-19 06:36:18,4.21368,313,47.52,239.327,7200,240,Z:\SPART-WORK\Data\Voyager\voyager1\mag\48s\reviewed_vim\2019\voyager1_48s_mag-vim_20190101_v01.cdf,C:\Users\Administrator\Documents\FWD_matlab\Voyager_fu\Voyager_Interstellar_Monthly\HighestPrecision_Segments\V1_MAG48s_segment_1467_20191219T022328_20191219T063618.png,ok,
1,1468,2019-12-19 16:52:16,2019-12-19 22:46:42,5.90712,443,47.52,95.041,7200,240,Z:\SPART-WORK\Data\Voyager\voyager1\mag\48s\reviewed_vim\2019\voyager1_48s_mag-vim_20190101_v01.cdf,C:\Users\Administrator\Documents\FWD_matlab\Voyager_fu\Voyager_Interstellar_Monthly\HighestPrecision_Segments\V1_MAG48s_segment_1468_20191219T165216_20191219T224642.png,ok,
1,1469,2019-12-20 15:16:15,2019-12-20 19:32:17,4.26720027770996,317,47.52,192.672,7200,240,Z:\SPART-WORK\Data\Voyager\voyager1\mag\48s\reviewed_vim\2019\voyager1_48s_mag-vim_20190101_v01.cdf,C:\Users\Administrator\Documents\FWD_matlab\Voyager_fu\Voyager_Interstellar_Monthly\HighestPrecision_Segments\V1_MAG48s_segment_1469_20191220T151615_20191220T193217.png,ok,
1,1470,2019-12-21 09:24:15,2019-12-21 16:29:04,7.08024027777778,521,47.52,287.712999755859,7200,240,Z:\SPART-WORK\Data\Voyager\voyager1\mag\48s\reviewed_vim\2019\voyager1_48s_mag-vim_20190101_v01.cdf,C:\Users\Administrator\Documents\FWD_matlab\Voyager_fu\Voyager_Interstellar_Monthly\HighestPrecision_Segments\V1_MAG48s_segment_1470_20191221T092415_20191221T162904.png,ok,
1,1471,2019-12-22 08:57:03,2019-12-22 13:01:52,4.08024027777778,304,47.52,191.809,7200,240,Z:\SPART-WORK\Data\Voyager\voyager1\mag\48s\reviewed_vim\2019\voyager1_48s_mag-vim_20190101_v01.cdf,C:\Users\Administrator\Documents\FWD_matlab\Voyager_fu\Voyager_Interstellar_Monthly\HighestPrecision_Segments\V1_MAG48s_segment_1471_20191222T085703_20191222T130152.png,ok,
1,1472,2019-12-23 08:55:28,2019-12-23 12:57:04,4.02672,302,47.52,95.039,7200,240,Z:\SPART-WORK\Data\Voyager\voyager1\mag\48s\reviewed_vim\2019\voyager1_48s_mag-vim_20190101_v01.cdf,C:\Users\Administrator\Documents\FWD_matlab\Voyager_fu\Voyager_Interstellar_Monthly\HighestPrecision_Segments\V1_MAG48s_segment_1472_20191223T085528_20191223T125704.png,ok,
1,1473,2019-12-24 16:39:29,2019-12-25 01:06:40,8.45303972222222,634,47.52,95.04,7200,240,Z:\SPART-WORK\Data\Voyager\voyager1\mag\48s\reviewed_vim\2019\voyager1_48s_mag-vim_20190101_v01.cdf,C:\Users\Administrator\Documents\FWD_matlab\Voyager_fu\Voyager_Interstellar_Monthly\HighestPrecision_Segments\V1_MAG48s_segment_1473_20191224T163929_20191225T010640.png,ok,
1,1474,2019-12-25 08:55:28,2019-12-25 10:35:29,1.66679972222222,125,47.52,95.039,7200,240,Z:\SPART-WORK\Data\Voyager\voyager1\mag\48s\reviewed_vim\2019\voyager1_48s_mag-vim_20190101_v01.cdf,C:\Users\Administrator\Documents\FWD_matlab\Voyager_fu\Voyager_Interstellar_Monthly\HighestPrecision_Segments\V1_MAG48s_segment_1474_20191225T085528_20191225T103529.png,ok,
1,1475,2019-12-26 00:57:04,2019-12-26 06:50:40,5.8932,443,47.52,50.1120002441406,7200,240,Z:\SPART-WORK\Data\Voyager\voyager1\mag\48s\reviewed_vim\2019\voyager1_48s_mag-vim_20190101_v01.cdf,C:\Users\Administrator\Documents\FWD_matlab\Voyager_fu\Voyager_Interstellar_Monthly\HighestPrecision_Segments\V1_MAG48s_segment_1475_20191226T005704_20191226T065040.png,ok,
1,1476,2019-12-26 14:52:16,2019-12-26 19:54:39,5.03975999993218,379,47.52,50.1120002441406,7200,240,Z:\SPART-WORK\Data\Voyager\voyager1\mag\48s\reviewed_vim\2019\voyager1_48s_mag-vim_20190101_v01.cdf,C:\Users\Administrator\Documents\FWD_matlab\Voyager_fu\Voyager_Interstellar_Monthly\HighestPrecision_Segments\V1_MAG48s_segment_1476_20191226T145216_20191226T195439.png,ok,
1,1477,2019-12-27 22:44:17,2019-12-28 02:46:40,4.03991972222222,303,47.52,95.039,7200,240,Z:\SPART-WORK\Data\Voyager\voyager1\mag\48s\reviewed_vim\2019\voyager1_48s_mag-vim_20190101_v01.cdf,C:\Users\Administrator\Documents\FWD_matlab\Voyager_fu\Voyager_Interstellar_Monthly\HighestPrecision_Segments\V1_MAG48s_segment_1477_20191227T224417_20191228T024640.png,ok,
1,1478,2019-12-28 15:01:53,2019-12-28 19:10:39,4.14624,310,47.52,142.56,7200,240,Z:\SPART-WORK\Data\Voyager\voyager1\mag\48s\reviewed_vim\2019\voyager1_48s_mag-vim_20190101_v01.cdf,C:\Users\Administrator\Documents\FWD_matlab\Voyager_fu\Voyager_Interstellar_Monthly\HighestPrecision_Segments\V1_MAG48s_segment_1478_20191228T150153_20191228T191039.png,ok,
1,1479,2019-12-29 16:02:40,2019-12-29 20:06:38,4.06631972222222,306,47.52,50.1120002441406,7200,240,Z:\SPART-WORK\Data\Voyager\voyager1\mag\48s\reviewed_vim\2019\voyager1_48s_mag-vim_20190101_v01.cdf,C:\Users\Administrator\Documents\FWD_matlab\Voyager_fu\Voyager_Interstellar_Monthly\HighestPrecision_Segments\V1_MAG48s_segment_1479_20191229T160240_20191229T200638.png,ok,
1,1480,2019-12-30 14:49:03,2019-12-30 19:33:52,4.74696,279,47.52,1151.71200024414,7200,240,Z:\SPART-WORK\Data\Voyager\voyager1\mag\48s\reviewed_vim\2019\voyager1_48s_mag-vim_20190101_v01.cdf,C:\Users\Administrator\Documents\FWD_matlab\Voyager_fu\Voyager_Interstellar_Monthly\HighestPrecision_Segments\V1_MAG48s_segment_1480_20191230T144903_20191230T193352.png,ok,
1,1481,2019-12-31 15:54:39,2019-12-31 18:17:02,2.37312027777778,174,47.52,239.328,7200,240,Z:\SPART-WORK\Data\Voyager\voyager1\mag\48s\reviewed_vim\2019\voyager1_48s_mag-vim_20190101_v01.cdf,C:\Users\Administrator\Documents\FWD_matlab\Voyager_fu\Voyager_Interstellar_Monthly\HighestPrecision_Segments\V1_MAG48s_segment_1481_20191231T155439_20191231T181702.png,ok,
1,1482,2019-12-31 21:01:53,2019-12-31 21:36:15,0.57288,44,47.52,50.112,7200,240,Z:\SPART-WORK\Data\Voyager\voyager1\mag\48s\reviewed_vim\2019\voyager1_48s_mag-vim_20190101_v01.cdf,C:\Users\Administrator\Documents\FWD_matlab\Voyager_fu\Voyager_Interstellar_Monthly\HighestPrecision_Segments\V1_MAG48s_segment_1482_20191231T210153_20191231T213615.png,ok,
1,1483,2020-01-01 08:18:41,2020-01-01 10:35:29,2.28000027777778,170,48.383,144.288,7200,240,Z:\SPART-WORK\Data\Voyager\voyager1\mag\48s\reviewed_vim\2020\voyager1_48s_mag-vim_20200101_v01.cdf,C:\Users\Administrator\Documents\FWD_matlab\Voyager_fu\Voyager_Interstellar_Monthly\HighestPrecision_Segments\V1_MAG48s_segment_1483_20200101T081841_20200101T103529.png,ok,
1,1484,2020-01-02 01:54:41,2020-01-02 07:36:17,5.69328,428,48.383,48.385,7200,240,Z:\SPART-WORK\Data\Voyager\voyager1\mag\48s\reviewed_vim\2020\voyager1_48s_mag-vim_20200101_v01.cdf,C:\Users\Administrator\Documents\FWD_matlab\Voyager_fu\Voyager_Interstellar_Monthly\HighestPrecision_Segments\V1_MAG48s_segment_1484_20200102T015441_20200102T073617.png,ok,
1,1485,2020-01-02 15:54:41,2020-01-02 18:06:41,2.20007972222222,165,48.383,95.903,7200,240,Z:\SPART-WORK\Data\Voyager\voyager1\mag\48s\reviewed_vim\2020\voyager1_48s_mag-vim_20200101_v01.cdf,C:\Users\Administrator\Documents\FWD_matlab\Voyager_fu\Voyager_Interstellar_Monthly\HighestPrecision_Segments\V1_MAG48s_segment_1485_20200102T155441_20200102T180641.png,ok,
1,1486,2020-01-03 15:45:05,2020-01-03 19:46:41,4.02672027777778,302,48.383,95.905,7200,240,Z:\SPART-WORK\Data\Voyager\voyager1\mag\48s\reviewed_vim\2020\voyager1_48s_mag-vim_20200101_v01.cdf,C:\Users\Administrator\Documents\FWD_matlab\Voyager_fu\Voyager_Interstellar_Monthly\HighestPrecision_Segments\V1_MAG48s_segment_1486_20200103T154505_20200103T194641.png,ok,
1,1487,2020-01-04 15:41:53,2020-01-04 19:35:29,3.89327972222222,292,48.383,95.903,7200,240,Z:\SPART-WORK\Data\Voyager\voyager1\mag\48s\reviewed_vim\2020\voyager1_48s_mag-vim_20200101_v01.cdf,C:\Users\Administrator\Documents\FWD_matlab\Voyager_fu\Voyager_Interstellar_Monthly\HighestPrecision_Segments\V1_MAG48s_segment_1487_20200104T154153_20200104T193529.png,ok,
1,1488,2020-01-05 08:02:41,2020-01-05 12:05:04,4.03991972229004,177,48.3830001220703,6048,7200,240,Z:\SPART-WORK\Data\Voyager\voyager1\mag\48s\reviewed_vim\2020\voyager1_48s_mag-vim_20200101_v01.cdf,C:\Users\Administrator\Documents\FWD_matlab\Voyager_fu\Voyager_Interstellar_Monthly\HighestPrecision_Segments\V1_MAG48s_segment_1488_20200105T080241_20200105T120504.png,ok,
1,1489,2020-01-06 07:57:53,2020-01-06 12:01:05,4.05335972222222,302,48.383,191.808,7200,240,Z:\SPART-WORK\Data\Voyager\voyager1\mag\48s\reviewed_vim\2020\voyager1_48s_mag-vim_20200101_v01.cdf,C:\Users\Administrator\Documents\FWD_matlab\Voyager_fu\Voyager_Interstellar_Monthly\HighestPrecision_Segments\V1_MAG48s_segment_1489_20200106T075753_20200106T120105.png,ok,
1,1490,2020-01-07 07:53:04,2020-01-07 10:58:41,3.09336,231,48.383,144.288,7200,240,Z:\SPART-WORK\Data\Voyager\voyager1\mag\48s\reviewed_vim\2020\voyager1_48s_mag-vim_20200101_v01.cdf,C:\Users\Administrator\Documents\FWD_matlab\Voyager_fu\Voyager_Interstellar_Monthly\HighestPrecision_Segments\V1_MAG48s_segment_1490_20200107T075304_20200107T105841.png,ok,
1,1491,2020-01-07 15:14:41,2020-01-07 19:25:52,4.18656,315,48.383,48.385,7200,240,Z:\SPART-WORK\Data\Voyager\voyager1\mag\48s\reviewed_vim\2020\voyager1_48s_mag-vim_20200101_v01.cdf,C:\Users\Administrator\Documents\FWD_matlab\Voyager_fu\Voyager_Interstellar_Monthly\HighestPrecision_Segments\V1_MAG48s_segment_1491_20200107T151441_20200107T192552.png,ok,
1,1492,2020-01-08 07:53:04,2020-01-08 10:35:29,2.70671972222222,202,48.3839997558594,144.287,7200,240,Z:\SPART-WORK\Data\Voyager\voyager1\mag\48s\reviewed_vim\2020\voyager1_48s_mag-vim_20200101_v01.cdf,C:\Users\Administrator\Documents\FWD_matlab\Voyager_fu\Voyager_Interstellar_Monthly\HighestPrecision_Segments\V1_MAG48s_segment_1492_20200108T075304_20200108T103529.png,ok,
1,1493,2020-01-09 07:51:29,2020-01-09 11:50:40,3.98663972229004,289,48.3839997558594,240.192,7200,240,Z:\SPART-WORK\Data\Voyager\voyager1\mag\48s\reviewed_vim\2020\voyager1_48s_mag-vim_20200101_v01.cdf,C:\Users\Administrator\Documents\FWD_matlab\Voyager_fu\Voyager_Interstellar_Monthly\HighestPrecision_Segments\V1_MAG48s_segment_1493_20200109T075129_20200109T115040.png,ok,
1,1494,2020-01-10 07:35:29,2020-01-10 12:08:16,4.54656027777778,339,48.3839997558594,191.807,7200,240,Z:\SPART-WORK\Data\Voyager\voyager1\mag\48s\reviewed_vim\2020\voyager1_48s_mag-vim_20200101_v01.cdf,C:\Users\Administrator\Documents\FWD_matlab\Voyager_fu\Voyager_Interstellar_Monthly\HighestPrecision_Segments\V1_MAG48s_segment_1494_20200110T073529_20200110T120816.png,ok,
1,1495,2020-01-11 14:33:05,2020-01-11 19:10:41,4.62671972222222,346,48.3839997558594,144.289,7200,240,Z:\SPART-WORK\Data\Voyager\voyager1\mag\48s\reviewed_vim\2020\voyager1_48s_mag-vim_20200101_v01.cdf,C:\Users\Administrator\Documents\FWD_matlab\Voyager_fu\Voyager_Interstellar_Monthly\HighestPrecision_Segments\V1_MAG48s_segment_1495_20200111T143305_20200111T191041.png,ok,
1,1496,2020-01-12 22:34:40,2020-01-13 00:05:04,1.50672000006782,111,48.3839997558594,192.671,7200,240,Z:\SPART-WORK\Data\Voyager\voyager1\mag\48s\reviewed_vim\2020\voyager1_48s_mag-vim_20200101_v01.cdf,C:\Users\Administrator\Documents\FWD_matlab\Voyager_fu\Voyager_Interstellar_Monthly\HighestPrecision_Segments\V1_MAG48s_segment_1496_20200112T223440_20200113T000504.png,ok,
1,1497,2020-01-13 07:32:17,2020-01-13 11:35:29,4.05335972222222,304,48.3839997558594,95.904,7200,240,Z:\SPART-WORK\Data\Voyager\voyager1\mag\48s\reviewed_vim\2020\voyager1_48s_mag-vim_20200101_v01.cdf,C:\Users\Administrator\Documents\FWD_matlab\Voyager_fu\Voyager_Interstellar_Monthly\HighestPrecision_Segments\V1_MAG48s_segment_1497_20200113T073217_20200113T113529.png,ok,
1,1498,2020-01-14 08:01:05,2020-01-14 10:16:16,2.25312027777778,169,48.3839997558594,95.905,7200,240,Z:\SPART-WORK\Data\Voyager\voyager1\mag\48s\reviewed_vim\2020\voyager1_48s_mag-vim_20200101_v01.cdf,C:\Users\Administrator\Documents\FWD_matlab\Voyager_fu\Voyager_Interstellar_Monthly\HighestPrecision_Segments\V1_MAG48s_segment_1498_20200114T080105_20200114T101616.png,ok,
1,1499,2020-01-14 22:31:28,2020-01-15 04:51:29,6.33336,475,48.3839997558594,95.904,7200,240,Z:\SPART-WORK\Data\Voyager\voyager1\mag\48s\reviewed_vim\2020\voyager1_48s_mag-vim_20200101_v01.cdf,C:\Users\Administrator\Documents\FWD_matlab\Voyager_fu\Voyager_Interstellar_Monthly\HighestPrecision_Segments\V1_MAG48s_segment_1499_20200114T223128_20200115T045129.png,ok,
1,1500,2020-01-15 22:23:28,2020-01-16 00:16:17,1.88016027777778,140,48.384,144.288999755859,7200,240,Z:\SPART-WORK\Data\Voyager\voyager1\mag\48s\reviewed_vim\2020\voyager1_48s_mag-vim_20200101_v01.cdf,C:\Users\Administrator\Documents\FWD_matlab\Voyager_fu\Voyager_Interstellar_Monthly\HighestPrecision_Segments\V1_MAG48s_segment_1500_20200115T222328_20200116T001617.png,ok,
1,1501,2020-01-16 07:21:05,2020-01-16 10:10:40,2.82648027777778,205,48.3839997558594,287.713,7200,240,Z:\SPART-WORK\Data\Voyager\voyager1\mag\48s\reviewed_vim\2020\voyager1_48s_mag-vim_20200101_v01.cdf,C:\Users\Administrator\Documents\FWD_matlab\Voyager_fu\Voyager_Interstellar_Monthly\HighestPrecision_Segments\V1_MAG48s_segment_1501_20200116T072105_20200116T101040.png,ok,
1,1502,2020-01-16 22:26:41,2020-01-17 02:31:29,4.08,307,48.3839997558594,48.385,7200,240,Z:\SPART-WORK\Data\Voyager\voyager1\mag\48s\reviewed_vim\2020\voyager1_48s_mag-vim_20200101_v01.cdf,C:\Users\Administrator\Documents\FWD_matlab\Voyager_fu\Voyager_Interstellar_Monthly\HighestPrecision_Segments\V1_MAG48s_segment_1502_20200116T222641_20200117T023129.png,ok,
1,1503,2020-01-17 14:47:28,2020-01-17 18:56:16,4.14672000006782,309,48.3839997558594,191.808999755859,7200,240,Z:\SPART-WORK\Data\Voyager\voyager1\mag\48s\reviewed_vim\2020\voyager1_48s_mag-vim_20200101_v01.cdf,C:\Users\Administrator\Documents\FWD_matlab\Voyager_fu\Voyager_Interstellar_Monthly\HighestPrecision_Segments\V1_MAG48s_segment_1503_20200117T144728_20200117T185616.png,ok,
1,1504,2020-01-18 15:06:40,2020-01-18 22:30:40,7.39992027777778,555,48.3839997558594,95.904,7200,240,Z:\SPART-WORK\Data\Voyager\voyager1\mag\48s\reviewed_vim\2020\voyager1_48s_mag-vim_20200101_v01.cdf,C:\Users\Administrator\Documents\FWD_matlab\Voyager_fu\Voyager_Interstellar_Monthly\HighestPrecision_Segments\V1_MAG48s_segment_1504_20200118T150640_20200118T223040.png,ok,
1,1505,2020-01-19 07:06:40,2020-01-19 10:05:52,2.98680027777778,224,48.3839997558594,95.904,7200,240,Z:\SPART-WORK\Data\Voyager\voyager1\mag\48s\reviewed_vim\2020\voyager1_48s_mag-vim_20200101_v01.cdf,C:\Users\Administrator\Documents\FWD_matlab\Voyager_fu\Voyager_Interstellar_Monthly\HighestPrecision_Segments\V1_MAG48s_segment_1505_20200119T070640_20200119T100552.png,ok,
1,1506,2020-01-19 14:36:16,2020-01-19 17:10:40,2.57327999993218,194,48.3839997558594,48.385,7200,240,Z:\SPART-WORK\Data\Voyager\voyager1\mag\48s\reviewed_vim\2020\voyager1_48s_mag-vim_20200101_v01.cdf,C:\Users\Administrator\Documents\FWD_matlab\Voyager_fu\Voyager_Interstellar_Monthly\HighestPrecision_Segments\V1_MAG48s_segment_1506_20200119T143616_20200119T171040.png,ok,
1,1507,2020-01-20 14:37:52,2020-01-20 15:09:04,0.51984,37,48.3839998779297,191.809,7200,240,Z:\SPART-WORK\Data\Voyager\voyager1\mag\48s\reviewed_vim\2020\voyager1_48s_mag-vim_20200101_v01.cdf,C:\Users\Administrator\Documents\FWD_matlab\Voyager_fu\Voyager_Interstellar_Monthly\HighestPrecision_Segments\V1_MAG48s_segment_1507_20200120T143752_20200120T150904.png,ok,
1,1508,2020-01-20 18:02:40,2020-01-20 19:07:19,1.07735972222222,77,48.384,191.807,7200,240,Z:\SPART-WORK\Data\Voyager\voyager1\mag\48s\reviewed_vim\2020\voyager1_48s_mag-vim_20200101_v01.cdf,C:\Users\Administrator\Documents\FWD_matlab\Voyager_fu\Voyager_Interstellar_Monthly\HighestPrecision_Segments\V1_MAG48s_segment_1508_20200120T180240_20200120T190719.png,ok,
1,1509,2020-01-22 02:52:16,2020-01-22 06:52:16,3.99984,297,48.3839997558594,144.288,7200,240,Z:\SPART-WORK\Data\Voyager\voyager1\mag\48s\reviewed_vim\2020\voyager1_48s_mag-vim_20200101_v01.cdf,C:\Users\Administrator\Documents\FWD_matlab\Voyager_fu\Voyager_Interstellar_Monthly\HighestPrecision_Segments\V1_MAG48s_segment_1509_20200122T025216_20200122T065216.png,ok,
1,1510,2020-01-23 14:21:52,2020-01-23 18:35:28,4.22688,315,48.3839997558594,191.807,7200,240,Z:\SPART-WORK\Data\Voyager\voyager1\mag\48s\reviewed_vim\2020\voyager1_48s_mag-vim_20200101_v01.cdf,C:\Users\Administrator\Documents\FWD_matlab\Voyager_fu\Voyager_Interstellar_Monthly\HighestPrecision_Segments\V1_MAG48s_segment_1510_20200123T142152_20200123T183528.png,ok,
1,1511,2020-01-24 14:23:28,2020-01-24 17:06:40,2.71991972222222,203,48.3839997558594,144.287,7200,240,Z:\SPART-WORK\Data\Voyager\voyager1\mag\48s\reviewed_vim\2020\voyager1_48s_mag-vim_20200101_v01.cdf,C:\Users\Administrator\Documents\FWD_matlab\Voyager_fu\Voyager_Interstellar_Monthly\HighestPrecision_Segments\V1_MAG48s_segment_1511_20200124T142328_20200124T170640.png,ok,
1,1512,2020-01-25 14:18:40,2020-01-25 18:21:04,4.04016027777778,303,48.3839997558594,95.905,7200,240,Z:\SPART-WORK\Data\Voyager\voyager1\mag\48s\reviewed_vim\2020\voyager1_48s_mag-vim_20200101_v01.cdf,C:\Users\Administrator\Documents\FWD_matlab\Voyager_fu\Voyager_Interstellar_Monthly\HighestPrecision_Segments\V1_MAG48s_segment_1512_20200125T141840_20200125T182104.png,ok,
1,1513,2020-01-26 14:15:28,2020-01-26 18:21:04,4.09344,307,48.3839997558594,95.903,7200,240,Z:\SPART-WORK\Data\Voyager\voyager1\mag\48s\reviewed_vim\2020\voyager1_48s_mag-vim_20200101_v01.cdf,C:\Users\Administrator\Documents\FWD_matlab\Voyager_fu\Voyager_Interstellar_Monthly\HighestPrecision_Segments\V1_MAG48s_segment_1513_20200126T141528_20200126T182104.png,ok,
1,1514,2020-01-27 14:10:40,2020-01-27 18:26:40,4.26648,319,48.3839997558594,144.288,7200,240,Z:\SPART-WORK\Data\Voyager\voyager1\mag\48s\reviewed_vim\2020\voyager1_48s_mag-vim_20200101_v01.cdf,C:\Users\Administrator\Documents\FWD_matlab\Voyager_fu\Voyager_Interstellar_Monthly\HighestPrecision_Segments\V1_MAG48s_segment_1514_20200127T141040_20200127T182640.png,ok,
1,1515,2020-01-28 14:15:28,2020-01-28 16:05:51,1.83983972229004,136,48.3839997558594,191.809,7200,240,Z:\SPART-WORK\Data\Voyager\voyager1\mag\48s\reviewed_vim\2020\voyager1_48s_mag-vim_20200101_v01.cdf,C:\Users\Administrator\Documents\FWD_matlab\Voyager_fu\Voyager_Interstellar_Monthly\HighestPrecision_Segments\V1_MAG48s_segment_1515_20200128T141528_20200128T160551.png,ok,
1,1516,2020-01-28 19:26:40,2020-01-28 22:23:28,2.94672027777778,219,48.3839997558594,191.807000244141,7200,240,Z:\SPART-WORK\Data\Voyager\voyager1\mag\48s\reviewed_vim\2020\voyager1_48s_mag-vim_20200101_v01.cdf,C:\Users\Administrator\Documents\FWD_matlab\Voyager_fu\Voyager_Interstellar_Monthly\HighestPrecision_Segments\V1_MAG48s_segment_1516_20200128T192640_20200128T222328.png,ok,
1,1517,2020-01-29 21:05:04,2020-01-29 21:11:28,0.1068,3,192.24,192.672999755859,7200,240,Z:\SPART-WORK\Data\Voyager\voyager1\mag\48s\reviewed_vim\2020\voyager1_48s_mag-vim_20200101_v01.cdf,C:\Users\Administrator\Documents\FWD_matlab\Voyager_fu\Voyager_Interstellar_Monthly\HighestPrecision_Segments\V1_MAG48s_segment_1517_20200129T210504_20200129T211128.png,ok,
1,1518,2020-01-30 06:33:04,2020-01-30 09:15:27,2.70647972229004,198,48.3839997558594,240.191,7200,240,Z:\SPART-WORK\Data\Voyager\voyager1\mag\48s\reviewed_vim\2020\voyager1_48s_mag-vim_20200101_v01.cdf,C:\Users\Administrator\Documents\FWD_matlab\Voyager_fu\Voyager_Interstellar_Monthly\HighestPrecision_Segments\V1_MAG48s_segment_1518_20200130T063304_20200130T091527.png,ok,
1,1519,2020-01-30 13:58:40,2020-01-30 23:01:04,9.04008027777778,633,48.3839997558594,2016.57699975586,7200,240,Z:\SPART-WORK\Data\Voyager\voyager1\mag\48s\reviewed_vim\2020\voyager1_48s_mag-vim_20200101_v01.cdf,C:\Users\Administrator\Documents\FWD_matlab\Voyager_fu\Voyager_Interstellar_Monthly\HighestPrecision_Segments\V1_MAG48s_segment_1519_20200130T135840_20200130T230104.png,ok,
1,1520,2020-01-31 06:21:52,2020-01-31 10:25:52,4.06655972229004,303,48.3839997558594,191.807,7200,240,Z:\SPART-WORK\Data\Voyager\voyager1\mag\48s\reviewed_vim\2020\voyager1_48s_mag-vim_20200101_v01.cdf,C:\Users\Administrator\Documents\FWD_matlab\Voyager_fu\Voyager_Interstellar_Monthly\HighestPrecision_Segments\V1_MAG48s_segment_1520_20200131T062152_20200131T102552.png,ok,
1,1521,2020-02-01 12:53:52,2020-02-01 16:40:16,3.77327972229004,282,48.3839997558594,144.289,7200,240,Z:\SPART-WORK\Data\Voyager\voyager1\mag\48s\reviewed_vim\2020\voyager1_48s_mag-vim_20200101_v01.cdf,C:\Users\Administrator\Documents\FWD_matlab\Voyager_fu\Voyager_Interstellar_Monthly\HighestPrecision_Segments\V1_MAG48s_segment_1521_20200201T125352_20200201T164016.png,ok,
1,1522,2020-02-02 06:09:04,2020-02-02 10:16:15,4.11983972222222,307,48.3839997558594,191.808,7200,240,Z:\SPART-WORK\Data\Voyager\voyager1\mag\48s\reviewed_vim\2020\voyager1_48s_mag-vim_20200101_v01.cdf,C:\Users\Administrator\Documents\FWD_matlab\Voyager_fu\Voyager_Interstellar_Monthly\HighestPrecision_Segments\V1_MAG48s_segment_1522_20200202T060904_20200202T101615.png,ok,
1,1523,2020-02-02 13:56:15,2020-02-02 16:16:15,2.33327999993218,175,48.3839997558594,95.9049997558594,7200,240,Z:\SPART-WORK\Data\Voyager\voyager1\mag\48s\reviewed_vim\2020\voyager1_48s_mag-vim_20200101_v01.cdf,C:\Users\Administrator\Documents\FWD_matlab\Voyager_fu\Voyager_Interstellar_Monthly\HighestPrecision_Segments\V1_MAG48s_segment_1523_20200202T135615_20200202T161615.png,ok,
1,1524,2020-02-03 06:09:04,2020-02-03 09:14:40,3.09336,230,48.3839997558594,191.808,7200,240,Z:\SPART-WORK\Data\Voyager\voyager1\mag\48s\reviewed_vim\2020\voyager1_48s_mag-vim_20200101_v01.cdf,C:\Users\Administrator\Documents\FWD_matlab\Voyager_fu\Voyager_Interstellar_Monthly\HighestPrecision_Segments\V1_MAG48s_segment_1524_20200203T060904_20200203T091440.png,ok,
1,1525,2020-02-03 13:41:51,2020-02-03 14:34:40,0.88008,30,48.384,1296,7200,240,Z:\SPART-WORK\Data\Voyager\voyager1\mag\48s\reviewed_vim\2020\voyager1_48s_mag-vim_20200101_v01.cdf,C:\Users\Administrator\Documents\FWD_matlab\Voyager_fu\Voyager_Interstellar_Monthly\HighestPrecision_Segments\V1_MAG48s_segment_1525_20200203T134151_20200203T143440.png,ok,
1,1526,2020-02-04 06:12:16,2020-02-04 10:12:16,4.00008027777778,300,48.3839997558594,95.905,7200,240,Z:\SPART-WORK\Data\Voyager\voyager1\mag\48s\reviewed_vim\2020\voyager1_48s_mag-vim_20200101_v01.cdf,C:\Users\Administrator\Documents\FWD_matlab\Voyager_fu\Voyager_Interstellar_Monthly\HighestPrecision_Segments\V1_MAG48s_segment_1526_20200204T061216_20200204T101216.png,ok,
1,1527,2020-02-04 13:46:39,2020-02-04 15:26:40,1.66680027777778,125,48.3839997558594,95.905,7200,240,Z:\SPART-WORK\Data\Voyager\voyager1\mag\48s\reviewed_vim\2020\voyager1_48s_mag-vim_20200101_v01.cdf,C:\Users\Administrator\Documents\FWD_matlab\Voyager_fu\Voyager_Interstellar_Monthly\HighestPrecision_Segments\V1_MAG48s_segment_1527_20200204T134639_20200204T152640.png,ok,
1,1528,2020-02-05 06:11:27,2020-02-05 10:36:15,4.41336027777778,330,48.3839997558594,144.289,7200,240,Z:\SPART-WORK\Data\Voyager\voyager1\mag\48s\reviewed_vim\2020\voyager1_48s_mag-vim_20200101_v01.cdf,C:\Users\Administrator\Documents\FWD_matlab\Voyager_fu\Voyager_Interstellar_Monthly\HighestPrecision_Segments\V1_MAG48s_segment_1528_20200205T061127_20200205T103615.png,ok,
1,1529,2020-02-06 07:54:40,2020-02-06 08:07:28,0.21336,5,72.1435,576.288,7200,240,Z:\SPART-WORK\Data\Voyager\voyager1\mag\48s\reviewed_vim\2020\voyager1_48s_mag-vim_20200101_v01.cdf,C:\Users\Administrator\Documents\FWD_matlab\Voyager_fu\Voyager_Interstellar_Monthly\HighestPrecision_Segments\V1_MAG48s_segment_1529_20200206T075440_20200206T080728.png,ok,
1,1530,2020-02-06 13:24:16,2020-02-06 17:41:03,4.27991972222222,314,48.3839997558594,240.192000244141,7200,240,Z:\SPART-WORK\Data\Voyager\voyager1\mag\48s\reviewed_vim\2020\voyager1_48s_mag-vim_20200101_v01.cdf,C:\Users\Administrator\Documents\FWD_matlab\Voyager_fu\Voyager_Interstellar_Monthly\HighestPrecision_Segments\V1_MAG48s_segment_1530_20200206T132416_20200206T174103.png,ok,
1,1531,2020-02-07 05:56:16,2020-02-07 08:45:04,2.81327972229004,211,48.3839997558594,95.903,7200,240,Z:\SPART-WORK\Data\Voyager\voyager1\mag\48s\reviewed_vim\2020\voyager1_48s_mag-vim_20200101_v01.cdf,C:\Users\Administrator\Documents\FWD_matlab\Voyager_fu\Voyager_Interstellar_Monthly\HighestPrecision_Segments\V1_MAG48s_segment_1531_20200207T055616_20200207T084504.png,ok,
1,1532,2020-02-07 13:37:04,2020-02-07 14:47:27,1.17311972229004,88,48.3839997558594,95.903,7200,240,Z:\SPART-WORK\Data\Voyager\voyager1\mag\48s\reviewed_vim\2020\voyager1_48s_mag-vim_20200101_v01.cdf,C:\Users\Administrator\Documents\FWD_matlab\Voyager_fu\Voyager_Interstellar_Monthly\HighestPrecision_Segments\V1_MAG48s_segment_1532_20200207T133704_20200207T144727.png,ok,
1,1533,2020-02-07 22:13:52,2020-02-07 22:21:51,0.1332,11,47.9524998779297,48.384,7200,240,Z:\SPART-WORK\Data\Voyager\voyager1\mag\48s\reviewed_vim\2020\voyager1_48s_mag-vim_20200101_v01.cdf,C:\Users\Administrator\Documents\FWD_matlab\Voyager_fu\Voyager_Interstellar_Monthly\HighestPrecision_Segments\V1_MAG48s_segment_1533_20200207T221352_20200207T222151.png,ok,
1,1534,2020-02-08 05:41:51,2020-02-08 09:50:39,4.14671972222222,310,48.3839997558594,144.287000244141,7200,240,Z:\SPART-WORK\Data\Voyager\voyager1\mag\48s\reviewed_vim\2020\voyager1_48s_mag-vim_20200101_v01.cdf,C:\Users\Administrator\Documents\FWD_matlab\Voyager_fu\Voyager_Interstellar_Monthly\HighestPrecision_Segments\V1_MAG48s_segment_1534_20200208T054151_20200208T095039.png,ok,
1,1535,2020-02-09 06:02:39,2020-02-09 08:36:16,2.56008,190,48.384,191.808,7200,240,Z:\SPART-WORK\Data\Voyager\voyager1\mag\48s\reviewed_vim\2020\voyager1_48s_mag-vim_20200101_v01.cdf,C:\Users\Administrator\Documents\FWD_matlab\Voyager_fu\Voyager_Interstellar_Monthly\HighestPrecision_Segments\V1_MAG48s_segment_1535_20200209T060239_20200209T083616.png,ok,
1,1536,2020-02-09 13:17:51,2020-02-09 19:06:40,5.81352,434,48.3839997558594,191.808,7200,240,Z:\SPART-WORK\Data\Voyager\voyager1\mag\48s\reviewed_vim\2020\voyager1_48s_mag-vim_20200101_v01.cdf,C:\Users\Administrator\Documents\FWD_matlab\Voyager_fu\Voyager_Interstellar_Monthly\HighestPrecision_Segments\V1_MAG48s_segment_1536_20200209T131751_20200209T190640.png,ok,
1,1537,2020-02-10 05:48:15,2020-02-10 10:36:15,4.80000027777778,359,48.3839997558594,144.288,7200,240,Z:\SPART-WORK\Data\Voyager\voyager1\mag\48s\reviewed_vim\2020\voyager1_48s_mag-vim_20200101_v01.cdf,C:\Users\Administrator\Documents\FWD_matlab\Voyager_fu\Voyager_Interstellar_Monthly\HighestPrecision_Segments\V1_MAG48s_segment_1537_20200210T054815_20200210T103615.png,ok,
1,1538,2020-02-11 05:40:15,2020-02-11 10:35:27,4.92000027770996,369,48.3839997558594,95.9049997558594,7200,240,Z:\SPART-WORK\Data\Voyager\voyager1\mag\48s\reviewed_vim\2020\voyager1_48s_mag-vim_20200101_v01.cdf,C:\Users\Administrator\Documents\FWD_matlab\Voyager_fu\Voyager_Interstellar_Monthly\HighestPrecision_Segments\V1_MAG48s_segment_1538_20200211T054015_20200211T103527.png,ok,
1,1539,2020-02-11 13:16:15,2020-02-11 15:41:51,2.42664,181,48.3839998779297,143.425,7200,240,Z:\SPART-WORK\Data\Voyager\voyager1\mag\48s\reviewed_vim\2020\voyager1_48s_mag-vim_20200101_v01.cdf,C:\Users\Administrator\Documents\FWD_matlab\Voyager_fu\Voyager_Interstellar_Monthly\HighestPrecision_Segments\V1_MAG48s_segment_1539_20200211T131615_20200211T154151.png,ok,
1,1540,2020-02-12 05:33:51,2020-02-12 11:05:51,5.5332,415,48.3839997558594,95.903,7200,240,Z:\SPART-WORK\Data\Voyager\voyager1\mag\48s\reviewed_vim\2020\voyager1_48s_mag-vim_20200101_v01.cdf,C:\Users\Administrator\Documents\FWD_matlab\Voyager_fu\Voyager_Interstellar_Monthly\HighestPrecision_Segments\V1_MAG48s_segment_1540_20200212T053351_20200212T110551.png,ok,
1,1541,2020-02-13 05:30:40,2020-02-13 09:31:27,4.01328,298,48.3839997558594,191.808,7200,240,Z:\SPART-WORK\Data\Voyager\voyager1\mag\48s\reviewed_vim\2020\voyager1_48s_mag-vim_20200101_v01.cdf,C:\Users\Administrator\Documents\FWD_matlab\Voyager_fu\Voyager_Interstellar_Monthly\HighestPrecision_Segments\V1_MAG48s_segment_1541_20200213T053040_20200213T093127.png,ok,
1,1542,2020-02-14 05:37:03,2020-02-14 09:30:39,3.89328,292,48.3839997558594,95.903,7200,240,Z:\SPART-WORK\Data\Voyager\voyager1\mag\48s\reviewed_vim\2020\voyager1_48s_mag-vim_20200101_v01.cdf,C:\Users\Administrator\Documents\FWD_matlab\Voyager_fu\Voyager_Interstellar_Monthly\HighestPrecision_Segments\V1_MAG48s_segment_1542_20200214T053703_20200214T093039.png,ok,
1,1543,2020-02-14 13:00:15,2020-02-14 15:37:03,2.61336000006782,195,48.3839997558594,144.287,7200,240,Z:\SPART-WORK\Data\Voyager\voyager1\mag\48s\reviewed_vim\2020\voyager1_48s_mag-vim_20200101_v01.cdf,C:\Users\Administrator\Documents\FWD_matlab\Voyager_fu\Voyager_Interstellar_Monthly\HighestPrecision_Segments\V1_MAG48s_segment_1543_20200214T130015_20200214T153703.png,ok,
1,1544,2020-02-15 05:37:03,2020-02-15 08:20:15,2.71992,204,48.3839997558594,95.903,7200,240,Z:\SPART-WORK\Data\Voyager\voyager1\mag\48s\reviewed_vim\2020\voyager1_48s_mag-vim_20200101_v01.cdf,C:\Users\Administrator\Documents\FWD_matlab\Voyager_fu\Voyager_Interstellar_Monthly\HighestPrecision_Segments\V1_MAG48s_segment_1544_20200215T053703_20200215T082015.png,ok,
1,1545,2020-02-15 13:06:39,2020-02-15 15:57:51,2.85335999993218,215,48.3839997558594,48.385,7200,240,Z:\SPART-WORK\Data\Voyager\voyager1\mag\48s\reviewed_vim\2020\voyager1_48s_mag-vim_20200101_v01.cdf,C:\Users\Administrator\Documents\FWD_matlab\Voyager_fu\Voyager_Interstellar_Monthly\HighestPrecision_Segments\V1_MAG48s_segment_1545_20200215T130639_20200215T155751.png,ok,
1,1546,2020-02-16 05:17:51,2020-02-16 09:45:51,4.46687972222222,333,48.3839997558594,191.807,7200,240,Z:\SPART-WORK\Data\Voyager\voyager1\mag\48s\reviewed_vim\2020\voyager1_48s_mag-vim_20200101_v01.cdf,C:\Users\Administrator\Documents\FWD_matlab\Voyager_fu\Voyager_Interstellar_Monthly\HighestPrecision_Segments\V1_MAG48s_segment_1546_20200216T051751_20200216T094551.png,ok,
1,1547,2020-02-16 12:52:15,2020-02-16 14:17:03,1.41335972222222,104,48.3839997558594,191.808,7200,240,Z:\SPART-WORK\Data\Voyager\voyager1\mag\48s\reviewed_vim\2020\voyager1_48s_mag-vim_20200101_v01.cdf,C:\Users\Administrator\Documents\FWD_matlab\Voyager_fu\Voyager_Interstellar_Monthly\HighestPrecision_Segments\V1_MAG48s_segment_1547_20200216T125215_20200216T141703.png,ok,
1,1548,2020-02-17 05:14:39,2020-02-17 07:10:39,1.93344,145,48.384,95.903,7200,240,Z:\SPART-WORK\Data\Voyager\voyager1\mag\48s\reviewed_vim\2020\voyager1_48s_mag-vim_20200101_v01.cdf,C:\Users\Administrator\Documents\FWD_matlab\Voyager_fu\Voyager_Interstellar_Monthly\HighestPrecision_Segments\V1_MAG48s_segment_1548_20200217T051439_20200217T071039.png,ok,
1,1549,2020-02-17 12:58:39,2020-02-17 15:35:27,2.61335972222222,196,48.3839997558594,96.767,7200,240,Z:\SPART-WORK\Data\Voyager\voyager1\mag\48s\reviewed_vim\2020\voyager1_48s_mag-vim_20200101_v01.cdf,C:\Users\Administrator\Documents\FWD_matlab\Voyager_fu\Voyager_Interstellar_Monthly\HighestPrecision_Segments\V1_MAG48s_segment_1549_20200217T125839_20200217T153527.png,ok,
1,1550,2020-02-18 05:19:26,2020-02-18 08:10:39,2.85336,215,48.3839997558594,48.385,7200,240,Z:\SPART-WORK\Data\Voyager\voyager1\mag\48s\reviewed_vim\2020\voyager1_48s_mag-vim_20200101_v01.cdf,C:\Users\Administrator\Documents\FWD_matlab\Voyager_fu\Voyager_Interstellar_Monthly\HighestPrecision_Segments\V1_MAG48s_segment_1550_20200218T051926_20200218T081039.png,ok,
1,1551,2020-02-18 12:42:39,2020-02-18 16:59:27,4.28015972222222,321,48.3839997558594,96.768,7200,240,Z:\SPART-WORK\Data\Voyager\voyager1\mag\48s\reviewed_vim\2020\voyager1_48s_mag-vim_20200101_v01.cdf,C:\Users\Administrator\Documents\FWD_matlab\Voyager_fu\Voyager_Interstellar_Monthly\HighestPrecision_Segments\V1_MAG48s_segment_1551_20200218T124239_20200218T165927.png,ok,
1,1552,2020-02-19 05:16:15,2020-02-19 09:16:15,4.00008027777778,299,48.384,143.425,7200,240,Z:\SPART-WORK\Data\Voyager\voyager1\mag\48s\reviewed_vim\2020\voyager1_48s_mag-vim_20200101_v01.cdf,C:\Users\Administrator\Documents\FWD_matlab\Voyager_fu\Voyager_Interstellar_Monthly\HighestPrecision_Segments\V1_MAG48s_segment_1552_20200219T051615_20200219T091615.png,ok,
1,1553,2020-02-19 12:31:27,2020-02-19 15:53:51,3.37319972222222,252,48.3839997558594,144.289,7200,240,Z:\SPART-WORK\Data\Voyager\voyager1\mag\48s\reviewed_vim\2020\voyager1_48s_mag-vim_20200101_v01.cdf,C:\Users\Administrator\Documents\FWD_matlab\Voyager_fu\Voyager_Interstellar_Monthly\HighestPrecision_Segments\V1_MAG48s_segment_1553_20200219T123127_20200219T155351.png,ok,
1,1554,2020-02-20 05:09:51,2020-02-20 07:57:03,2.78664027777778,201,48.384,432,7200,240,Z:\SPART-WORK\Data\Voyager\voyager1\mag\48s\reviewed_vim\2020\voyager1_48s_mag-vim_20200101_v01.cdf,C:\Users\Administrator\Documents\FWD_matlab\Voyager_fu\Voyager_Interstellar_Monthly\HighestPrecision_Segments\V1_MAG48s_segment_1554_20200220T050951_20200220T075703.png,ok,
1,1555,2020-02-20 12:44:15,2020-02-20 15:22:39,2.63975972222222,199,48.3839997558594,48.385,7200,240,Z:\SPART-WORK\Data\Voyager\voyager1\mag\48s\reviewed_vim\2020\voyager1_48s_mag-vim_20200101_v01.cdf,C:\Users\Administrator\Documents\FWD_matlab\Voyager_fu\Voyager_Interstellar_Monthly\HighestPrecision_Segments\V1_MAG48s_segment_1555_20200220T124415_20200220T152239.png,ok,
1,1556,2020-02-21 05:00:15,2020-02-21 09:02:38,4.03992027777778,302,48.384,143.424,7200,240,Z:\SPART-WORK\Data\Voyager\voyager1\mag\48s\reviewed_vim\2020\voyager1_48s_mag-vim_20200101_v01.cdf,C:\Users\Administrator\Documents\FWD_matlab\Voyager_fu\Voyager_Interstellar_Monthly\HighestPrecision_Segments\V1_MAG48s_segment_1556_20200221T050015_20200221T090238.png,ok,
1,1557,2020-02-21 12:36:15,2020-02-21 15:01:51,2.42664000006782,180,48.384,191.807,7200,240,Z:\SPART-WORK\Data\Voyager\voyager1\mag\48s\reviewed_vim\2020\voyager1_48s_mag-vim_20200101_v01.cdf,C:\Users\Administrator\Documents\FWD_matlab\Voyager_fu\Voyager_Interstellar_Monthly\HighestPrecision_Segments\V1_MAG48s_segment_1557_20200221T123615_20200221T150151.png,ok,
1,1558,2020-02-22 04:58:39,2020-02-22 07:52:14,2.89320027777778,215,48.3839998779297,191.808,7200,240,Z:\SPART-WORK\Data\Voyager\voyager1\mag\48s\reviewed_vim\2020\voyager1_48s_mag-vim_20200101_v01.cdf,C:\Users\Administrator\Documents\FWD_matlab\Voyager_fu\Voyager_Interstellar_Monthly\HighestPrecision_Segments\V1_MAG48s_segment_1558_20200222T045839_20200222T075214.png,ok,
1,1559,2020-02-22 12:34:39,2020-02-22 15:13:51,2.65319972222222,200,48.3839997558594,48.385,7200,240,Z:\SPART-WORK\Data\Voyager\voyager1\mag\48s\reviewed_vim\2020\voyager1_48s_mag-vim_20200101_v01.cdf,C:\Users\Administrator\Documents\FWD_matlab\Voyager_fu\Voyager_Interstellar_Monthly\HighestPrecision_Segments\V1_MAG48s_segment_1559_20200222T123439_20200222T151351.png,ok,
1,1560,2020-02-23 04:53:51,2020-02-23 08:57:51,4.06656,304,48.3839997558594,144.289,7200,240,Z:\SPART-WORK\Data\Voyager\voyager1\mag\48s\reviewed_vim\2020\voyager1_48s_mag-vim_20200101_v01.cdf,C:\Users\Administrator\Documents\FWD_matlab\Voyager_fu\Voyager_Interstellar_Monthly\HighestPrecision_Segments\V1_MAG48s_segment_1560_20200223T045351_20200223T085751.png,ok,
1,1561,2020-02-23 12:31:26,2020-02-23 15:07:27,2.60016027770996,194,48.384,144.289,7200,240,Z:\SPART-WORK\Data\Voyager\voyager1\mag\48s\reviewed_vim\2020\voyager1_48s_mag-vim_20200101_v01.cdf,C:\Users\Administrator\Documents\FWD_matlab\Voyager_fu\Voyager_Interstellar_Monthly\HighestPrecision_Segments\V1_MAG48s_segment_1561_20200223T123126_20200223T150727.png,ok,
1,1562,2020-02-24 04:39:27,2020-02-24 08:51:26,4.19975972222222,313,48.3839998779297,191.808,7200,240,Z:\SPART-WORK\Data\Voyager\voyager1\mag\48s\reviewed_vim\2020\voyager1_48s_mag-vim_20200101_v01.cdf,C:\Users\Administrator\Documents\FWD_matlab\Voyager_fu\Voyager_Interstellar_Monthly\HighestPrecision_Segments\V1_MAG48s_segment_1562_20200224T043927_20200224T085126.png,ok,
1,1563,2020-02-24 13:51:27,2020-02-24 15:07:27,1.26672027777778,94,48.384,144.287,7200,240,Z:\SPART-WORK\Data\Voyager\voyager1\mag\48s\reviewed_vim\2020\voyager1_48s_mag-vim_20200101_v01.cdf,C:\Users\Administrator\Documents\FWD_matlab\Voyager_fu\Voyager_Interstellar_Monthly\HighestPrecision_Segments\V1_MAG48s_segment_1563_20200224T135127_20200224T150727.png,ok,
1,1564,2020-02-25 04:44:15,2020-02-25 07:37:51,2.89343972222222,215,48.3839998779297,144.289,7200,240,Z:\SPART-WORK\Data\Voyager\voyager1\mag\48s\reviewed_vim\2020\voyager1_48s_mag-vim_20200101_v01.cdf,C:\Users\Administrator\Documents\FWD_matlab\Voyager_fu\Voyager_Interstellar_Monthly\HighestPrecision_Segments\V1_MAG48s_segment_1564_20200225T044415_20200225T073751.png,ok,
1,1565,2020-02-25 12:18:38,2020-02-25 15:05:03,2.77344,203,48.384,239.328,7200,240,Z:\SPART-WORK\Data\Voyager\voyager1\mag\48s\reviewed_vim\2020\voyager1_48s_mag-vim_20200101_v01.cdf,C:\Users\Administrator\Documents\FWD_matlab\Voyager_fu\Voyager_Interstellar_Monthly\HighestPrecision_Segments\V1_MAG48s_segment_1565_20200225T121838_20200225T150503.png,ok,
1,1566,2020-02-25 17:49:50,2020-02-25 18:31:26,0.693359722290039,53,48.3839998779297,48.3840002441406,7200,240,Z:\SPART-WORK\Data\Voyager\voyager1\mag\48s\reviewed_vim\2020\voyager1_48s_mag-vim_20200101_v01.cdf,C:\Users\Administrator\Documents\FWD_matlab\Voyager_fu\Voyager_Interstellar_Monthly\HighestPrecision_Segments\V1_MAG48s_segment_1566_20200225T174950_20200225T183126.png,ok,
1,1567,2020-02-26 04:33:03,2020-02-26 07:33:03,3,225,48.3839998779297,95.905,7200,240,Z:\SPART-WORK\Data\Voyager\voyager1\mag\48s\reviewed_vim\2020\voyager1_48s_mag-vim_20200101_v01.cdf,C:\Users\Administrator\Documents\FWD_matlab\Voyager_fu\Voyager_Interstellar_Monthly\HighestPrecision_Segments\V1_MAG48s_segment_1567_20200226T043303_20200226T073303.png,ok,
1,1568,2020-02-26 12:20:14,2020-02-26 17:22:38,5.04,376,48.3839997558594,192.673,7200,240,Z:\SPART-WORK\Data\Voyager\voyager1\mag\48s\reviewed_vim\2020\voyager1_48s_mag-vim_20200101_v01.cdf,C:\Users\Administrator\Documents\FWD_matlab\Voyager_fu\Voyager_Interstellar_Monthly\HighestPrecision_Segments\V1_MAG48s_segment_1568_20200226T122014_20200226T172238.png,ok,
1,1569,2020-02-27 04:39:27,2020-02-27 07:27:27,2.79983972222222,198,48.384,479.52,7200,240,Z:\SPART-WORK\Data\Voyager\voyager1\mag\48s\reviewed_vim\2020\voyager1_48s_mag-vim_20200101_v01.cdf,C:\Users\Administrator\Documents\FWD_matlab\Voyager_fu\Voyager_Interstellar_Monthly\HighestPrecision_Segments\V1_MAG48s_segment_1569_20200227T043927_20200227T072727.png,ok,
1,1570,2020-02-27 12:09:03,2020-02-27 17:11:27,5.04000027770996,379,48.3839997558594,48.385,7200,240,Z:\SPART-WORK\Data\Voyager\voyager1\mag\48s\reviewed_vim\2020\voyager1_48s_mag-vim_20200101_v01.cdf,C:\Users\Administrator\Documents\FWD_matlab\Voyager_fu\Voyager_Interstellar_Monthly\HighestPrecision_Segments\V1_MAG48s_segment_1570_20200227T120903_20200227T171127.png,ok,
1,1571,2020-02-28 04:26:38,2020-02-28 07:27:27,3.01344,224,48.384,191.808999755859,7200,240,Z:\SPART-WORK\Data\Voyager\voyager1\mag\48s\reviewed_vim\2020\voyager1_48s_mag-vim_20200101_v01.cdf,C:\Users\Administrator\Documents\FWD_matlab\Voyager_fu\Voyager_Interstellar_Monthly\HighestPrecision_Segments\V1_MAG48s_segment_1571_20200228T042638_20200228T072727.png,ok,
1,1572,2020-02-28 12:05:50,2020-02-28 15:26:39,3.34679972222222,250,48.3839997558594,144.287000244141,7200,240,Z:\SPART-WORK\Data\Voyager\voyager1\mag\48s\reviewed_vim\2020\voyager1_48s_mag-vim_20200101_v01.cdf,C:\Users\Administrator\Documents\FWD_matlab\Voyager_fu\Voyager_Interstellar_Monthly\HighestPrecision_Segments\V1_MAG48s_segment_1572_20200228T120550_20200228T152639.png,ok,
1,1573,2020-02-29 04:23:26,2020-02-29 14:35:26,10.2000002777778,757,48.3839997558594,288.577,7200,240,Z:\SPART-WORK\Data\Voyager\voyager1\mag\48s\reviewed_vim\2020\voyager1_48s_mag-vim_20200101_v01.cdf,C:\Users\Administrator\Documents\FWD_matlab\Voyager_fu\Voyager_Interstellar_Monthly\HighestPrecision_Segments\V1_MAG48s_segment_1573_20200229T042326_20200229T143526.png,ok,
1,1574,2020-03-01 05:04:14,2020-03-01 09:12:15,4.13352,294,48.384,383.617,7200,240,Z:\SPART-WORK\Data\Voyager\voyager1\mag\48s\reviewed_vim\2020\voyager1_48s_mag-vim_20200101_v01.cdf,C:\Users\Administrator\Documents\FWD_matlab\Voyager_fu\Voyager_Interstellar_Monthly\HighestPrecision_Segments\V1_MAG48s_segment_1574_20200301T050414_20200301T091215.png,ok,
1,1575,2020-03-01 12:07:26,2020-03-01 14:46:39,2.65344,199,48.3839997558594,95.904,7200,240,Z:\SPART-WORK\Data\Voyager\voyager1\mag\48s\reviewed_vim\2020\voyager1_48s_mag-vim_20200101_v01.cdf,C:\Users\Administrator\Documents\FWD_matlab\Voyager_fu\Voyager_Interstellar_Monthly\HighestPrecision_Segments\V1_MAG48s_segment_1575_20200301T120726_20200301T144639.png,ok,
1,1576,2020-03-02 04:20:15,2020-03-02 08:52:15,4.53336,340,48.3839997558594,95.905,7200,240,Z:\SPART-WORK\Data\Voyager\voyager1\mag\48s\reviewed_vim\2020\voyager1_48s_mag-vim_20200101_v01.cdf,C:\Users\Administrator\Documents\FWD_matlab\Voyager_fu\Voyager_Interstellar_Monthly\HighestPrecision_Segments\V1_MAG48s_segment_1576_20200302T042015_20200302T085215.png,ok,
1,1577,2020-03-02 11:54:38,2020-03-02 14:21:51,2.45352,184,48.3839997558594,95.905,7200,240,Z:\SPART-WORK\Data\Voyager\voyager1\mag\48s\reviewed_vim\2020\voyager1_48s_mag-vim_20200101_v01.cdf,C:\Users\Administrator\Documents\FWD_matlab\Voyager_fu\Voyager_Interstellar_Monthly\HighestPrecision_Segments\V1_MAG48s_segment_1577_20200302T115438_20200302T142151.png,ok,
1,1578,2020-03-03 04:12:14,2020-03-03 07:06:38,2.90664,219,48.3839997558594,48.385,7200,240,Z:\SPART-WORK\Data\Voyager\voyager1\mag\48s\reviewed_vim\2020\voyager1_48s_mag-vim_20200101_v01.cdf,C:\Users\Administrator\Documents\FWD_matlab\Voyager_fu\Voyager_Interstellar_Monthly\HighestPrecision_Segments\V1_MAG48s_segment_1578_20200303T041214_20200303T070638.png,ok,
1,1579,2020-03-03 11:45:03,2020-03-03 15:07:26,3.37319972222222,251,48.3839997558594,191.809,7200,240,Z:\SPART-WORK\Data\Voyager\voyager1\mag\48s\reviewed_vim\2020\voyager1_48s_mag-vim_20200101_v01.cdf,C:\Users\Administrator\Documents\FWD_matlab\Voyager_fu\Voyager_Interstellar_Monthly\HighestPrecision_Segments\V1_MAG48s_segment_1579_20200303T114503_20200303T150726.png,ok,
1,1580,2020-03-04 04:12:14,2020-03-04 07:06:38,2.90664,217,48.383,143.424,7200,240,Z:\SPART-WORK\Data\Voyager\voyager1\mag\48s\reviewed_vim\2020\voyager1_48s_mag-vim_20200101_v01.cdf,C:\Users\Administrator\Documents\FWD_matlab\Voyager_fu\Voyager_Interstellar_Monthly\HighestPrecision_Segments\V1_MAG48s_segment_1580_20200304T041214_20200304T070638.png,ok,
1,1581,2020-03-04 11:38:38,2020-03-04 15:06:39,3.46680027777778,260,48.383,95.904,7200,240,Z:\SPART-WORK\Data\Voyager\voyager1\mag\48s\reviewed_vim\2020\voyager1_48s_mag-vim_20200101_v01.cdf,C:\Users\Administrator\Documents\FWD_matlab\Voyager_fu\Voyager_Interstellar_Monthly\HighestPrecision_Segments\V1_MAG48s_segment_1581_20200304T113838_20200304T150639.png,ok,
1,1582,2020-03-05 04:12:14,2020-03-05 07:01:50,2.82672027777778,200,48.383,432.000999755859,7200,240,Z:\SPART-WORK\Data\Voyager\voyager1\mag\48s\reviewed_vim\2020\voyager1_48s_mag-vim_20200101_v01.cdf,C:\Users\Administrator\Documents\FWD_matlab\Voyager_fu\Voyager_Interstellar_Monthly\HighestPrecision_Segments\V1_MAG48s_segment_1582_20200305T041214_20200305T070150.png,ok,
1,1583,2020-03-05 11:49:50,2020-03-05 15:47:26,3.95976,298,48.383,48.385,7200,240,Z:\SPART-WORK\Data\Voyager\voyager1\mag\48s\reviewed_vim\2020\voyager1_48s_mag-vim_20200101_v01.cdf,C:\Users\Administrator\Documents\FWD_matlab\Voyager_fu\Voyager_Interstellar_Monthly\HighestPrecision_Segments\V1_MAG48s_segment_1583_20200305T114950_20200305T154726.png,ok,
1,1584,2020-03-06 03:56:13,2020-03-06 07:09:02,3.2136,242,48.383,48.385,7200,240,Z:\SPART-WORK\Data\Voyager\voyager1\mag\48s\reviewed_vim\2020\voyager1_48s_mag-vim_20200101_v01.cdf,C:\Users\Administrator\Documents\FWD_matlab\Voyager_fu\Voyager_Interstellar_Monthly\HighestPrecision_Segments\V1_MAG48s_segment_1584_20200306T035613_20200306T070902.png,ok,
1,1585,2020-03-06 11:38:38,2020-03-06 15:42:39,4.0668,303,48.383,191.809,7200,240,Z:\SPART-WORK\Data\Voyager\voyager1\mag\48s\reviewed_vim\2020\voyager1_48s_mag-vim_20200101_v01.cdf,C:\Users\Administrator\Documents\FWD_matlab\Voyager_fu\Voyager_Interstellar_Monthly\HighestPrecision_Segments\V1_MAG48s_segment_1585_20200306T113838_20200306T154239.png,ok,
1,1586,2020-03-07 04:01:02,2020-03-07 09:01:50,5.01335999993218,369,48.383,288.576999755859,7200,240,Z:\SPART-WORK\Data\Voyager\voyager1\mag\48s\reviewed_vim\2020\voyager1_48s_mag-vim_20200101_v01.cdf,C:\Users\Administrator\Documents\FWD_matlab\Voyager_fu\Voyager_Interstellar_Monthly\HighestPrecision_Segments\V1_MAG48s_segment_1586_20200307T040102_20200307T090150.png,ok,
1,1587,2020-03-07 11:37:01,2020-03-07 14:45:50,3.14688027770996,235,48.383,144.287,7200,240,Z:\SPART-WORK\Data\Voyager\voyager1\mag\48s\reviewed_vim\2020\voyager1_48s_mag-vim_20200101_v01.cdf,C:\Users\Administrator\Documents\FWD_matlab\Voyager_fu\Voyager_Interstellar_Monthly\HighestPrecision_Segments\V1_MAG48s_segment_1587_20200307T113701_20200307T144550.png,ok,
1,1588,2020-03-08 04:07:26,2020-03-08 09:17:02,5.15976,387,48.383,95.039,7200,240,Z:\SPART-WORK\Data\Voyager\voyager1\mag\48s\reviewed_vim\2020\voyager1_48s_mag-vim_20200101_v01.cdf,C:\Users\Administrator\Documents\FWD_matlab\Voyager_fu\Voyager_Interstellar_Monthly\HighestPrecision_Segments\V1_MAG48s_segment_1588_20200308T040726_20200308T091702.png,ok,
1,1589,2020-03-08 11:30:38,2020-03-08 14:08:14,2.62680027777778,198,48.383,48.385,7200,240,Z:\SPART-WORK\Data\Voyager\voyager1\mag\48s\reviewed_vim\2020\voyager1_48s_mag-vim_20200101_v01.cdf,C:\Users\Administrator\Documents\FWD_matlab\Voyager_fu\Voyager_Interstellar_Monthly\HighestPrecision_Segments\V1_MAG48s_segment_1589_20200308T113038_20200308T140814.png,ok,
1,1590,2020-03-09 04:01:02,2020-03-09 08:27:26,4.44,331,48.383,191.808999755859,7200,240,Z:\SPART-WORK\Data\Voyager\voyager1\mag\48s\reviewed_vim\2020\voyager1_48s_mag-vim_20200101_v01.cdf,C:\Users\Administrator\Documents\FWD_matlab\Voyager_fu\Voyager_Interstellar_Monthly\HighestPrecision_Segments\V1_MAG48s_segment_1590_20200309T040102_20200309T082726.png,ok,
1,1591,2020-03-09 11:22:38,2020-03-09 13:57:50,2.58648,192,48.383,191.807000244141,7200,240,Z:\SPART-WORK\Data\Voyager\voyager1\mag\48s\reviewed_vim\2020\voyager1_48s_mag-vim_20200101_v01.cdf,C:\Users\Administrator\Documents\FWD_matlab\Voyager_fu\Voyager_Interstellar_Monthly\HighestPrecision_Segments\V1_MAG48s_segment_1591_20200309T112238_20200309T135750.png,ok,
1,1592,2020-03-10 03:49:50,2020-03-10 08:38:38,4.81343972222222,360,48.383,144.287,7200,240,Z:\SPART-WORK\Data\Voyager\voyager1\mag\48s\reviewed_vim\2020\voyager1_48s_mag-vim_20200101_v01.cdf,C:\Users\Administrator\Documents\FWD_matlab\Voyager_fu\Voyager_Interstellar_Monthly\HighestPrecision_Segments\V1_MAG48s_segment_1592_20200310T034950_20200310T083838.png,ok,
1,1593,2020-03-10 11:30:38,2020-03-10 14:17:51,2.78688027777778,208,48.383,144.289,7200,240,Z:\SPART-WORK\Data\Voyager\voyager1\mag\48s\reviewed_vim\2020\voyager1_48s_mag-vim_20200101_v01.cdf,C:\Users\Administrator\Documents\FWD_matlab\Voyager_fu\Voyager_Interstellar_Monthly\HighestPrecision_Segments\V1_MAG48s_segment_1593_20200310T113038_20200310T141751.png,ok,
1,1594,2020-03-11 04:20:15,2020-03-11 07:37:50,3.29328,247,48.383,95.041,7200,240,Z:\SPART-WORK\Data\Voyager\voyager1\mag\48s\reviewed_vim\2020\voyager1_48s_mag-vim_20200101_v01.cdf,C:\Users\Administrator\Documents\FWD_matlab\Voyager_fu\Voyager_Interstellar_Monthly\HighestPrecision_Segments\V1_MAG48s_segment_1594_20200311T042015_20200311T073750.png,ok,
1,1595,2020-03-11 11:29:02,2020-03-11 18:07:26,6.64008027770996,496,48.383,191.809,7200,240,Z:\SPART-WORK\Data\Voyager\voyager1\mag\48s\reviewed_vim\2020\voyager1_48s_mag-vim_20200101_v01.cdf,C:\Users\Administrator\Documents\FWD_matlab\Voyager_fu\Voyager_Interstellar_Monthly\HighestPrecision_Segments\V1_MAG48s_segment_1595_20200311T112902_20200311T180726.png,ok,
1,1596,2020-03-12 03:46:38,2020-03-12 07:43:26,3.94656,282,48.383,719.712,7200,240,Z:\SPART-WORK\Data\Voyager\voyager1\mag\48s\reviewed_vim\2020\voyager1_48s_mag-vim_20200101_v01.cdf,C:\Users\Administrator\Documents\FWD_matlab\Voyager_fu\Voyager_Interstellar_Monthly\HighestPrecision_Segments\V1_MAG48s_segment_1596_20200312T034638_20200312T074326.png,ok,
1,1597,2020-03-12 11:14:38,2020-03-12 14:09:49,2.91983972222222,198,48.383,863.999,7200,240,Z:\SPART-WORK\Data\Voyager\voyager1\mag\48s\reviewed_vim\2020\voyager1_48s_mag-vim_20200101_v01.cdf,C:\Users\Administrator\Documents\FWD_matlab\Voyager_fu\Voyager_Interstellar_Monthly\HighestPrecision_Segments\V1_MAG48s_segment_1597_20200312T111438_20200312T140949.png,ok,
1,1598,2020-03-13 03:48:14,2020-03-13 07:45:02,3.94656,296,48.383,95.904,7200,240,Z:\SPART-WORK\Data\Voyager\voyager1\mag\48s\reviewed_vim\2020\voyager1_48s_mag-vim_20200101_v01.cdf,C:\Users\Administrator\Documents\FWD_matlab\Voyager_fu\Voyager_Interstellar_Monthly\HighestPrecision_Segments\V1_MAG48s_segment_1598_20200313T034814_20200313T074502.png,ok,
1,1599,2020-03-13 11:09:49,2020-03-13 13:52:14,2.70672,203,48.383,96.768,7200,240,Z:\SPART-WORK\Data\Voyager\voyager1\mag\48s\reviewed_vim\2020\voyager1_48s_mag-vim_20200101_v01.cdf,C:\Users\Administrator\Documents\FWD_matlab\Voyager_fu\Voyager_Interstellar_Monthly\HighestPrecision_Segments\V1_MAG48s_segment_1599_20200313T110949_20200313T135214.png,ok,
1,1600,2020-03-14 03:29:01,2020-03-14 07:52:14,4.38671972222222,320,48.383,383.616,7200,240,Z:\SPART-WORK\Data\Voyager\voyager1\mag\48s\reviewed_vim\2020\voyager1_48s_mag-vim_20200101_v01.cdf,C:\Users\Administrator\Documents\FWD_matlab\Voyager_fu\Voyager_Interstellar_Monthly\HighestPrecision_Segments\V1_MAG48s_segment_1600_20200314T032901_20200314T075214.png,ok,
1,1601,2020-03-14 11:13:01,2020-03-14 13:47:26,2.57352,191,48.383,96.768,7200,240,Z:\SPART-WORK\Data\Voyager\voyager1\mag\48s\reviewed_vim\2020\voyager1_48s_mag-vim_20200101_v01.cdf,C:\Users\Administrator\Documents\FWD_matlab\Voyager_fu\Voyager_Interstellar_Monthly\HighestPrecision_Segments\V1_MAG48s_segment_1601_20200314T111301_20200314T134726.png,ok,
1,1602,2020-03-15 03:29:01,2020-03-15 05:07:26,1.64015972229004,121,48.383,191.807000244141,7200,240,Z:\SPART-WORK\Data\Voyager\voyager1\mag\48s\reviewed_vim\2020\voyager1_48s_mag-vim_20200101_v01.cdf,C:\Users\Administrator\Documents\FWD_matlab\Voyager_fu\Voyager_Interstellar_Monthly\HighestPrecision_Segments\V1_MAG48s_segment_1602_20200315T032901_20200315T050726.png,ok,
1,1603,2020-03-15 11:13:01,2020-03-15 15:08:14,3.92015972222222,294,48.383,96.768,7200,240,Z:\SPART-WORK\Data\Voyager\voyager1\mag\48s\reviewed_vim\2020\voyager1_48s_mag-vim_20200101_v01.cdf,C:\Users\Administrator\Documents\FWD_matlab\Voyager_fu\Voyager_Interstellar_Monthly\HighestPrecision_Segments\V1_MAG48s_segment_1603_20200315T111301_20200315T150814.png,ok,
1,1604,2020-03-16 03:25:50,2020-03-16 07:27:26,4.02672027777778,302,48.383,95.9040002441406,7200,240,Z:\SPART-WORK\Data\Voyager\voyager1\mag\48s\reviewed_vim\2020\voyager1_48s_mag-vim_20200101_v01.cdf,C:\Users\Administrator\Documents\FWD_matlab\Voyager_fu\Voyager_Interstellar_Monthly\HighestPrecision_Segments\V1_MAG48s_segment_1604_20200316T032550_20200316T072726.png,ok,
1,1605,2020-03-16 11:06:38,2020-03-16 13:58:38,2.8668,213,48.383,192.671,7200,240,Z:\SPART-WORK\Data\Voyager\voyager1\mag\48s\reviewed_vim\2020\voyager1_48s_mag-vim_20200101_v01.cdf,C:\Users\Administrator\Documents\FWD_matlab\Voyager_fu\Voyager_Interstellar_Monthly\HighestPrecision_Segments\V1_MAG48s_segment_1605_20200316T110638_20200316T135838.png,ok,
1,1606,2020-03-17 03:19:26,2020-03-17 06:17:50,2.97336,221,48.383,191.807,7200,240,Z:\SPART-WORK\Data\Voyager\voyager1\mag\48s\reviewed_vim\2020\voyager1_48s_mag-vim_20200101_v01.cdf,C:\Users\Administrator\Documents\FWD_matlab\Voyager_fu\Voyager_Interstellar_Monthly\HighestPrecision_Segments\V1_MAG48s_segment_1606_20200317T031926_20200317T061750.png,ok,
1,1607,2020-03-17 11:01:50,2020-03-17 15:10:38,4.14672027777778,310,48.383,143.424,7200,240,Z:\SPART-WORK\Data\Voyager\voyager1\mag\48s\reviewed_vim\2020\voyager1_48s_mag-vim_20200101_v01.cdf,C:\Users\Administrator\Documents\FWD_matlab\Voyager_fu\Voyager_Interstellar_Monthly\HighestPrecision_Segments\V1_MAG48s_segment_1607_20200317T110150_20200317T151038.png,ok,
1,1608,2020-03-18 10:55:25,2020-03-18 15:01:49,4.10664,309,48.383,48.385,7200,240,Z:\SPART-WORK\Data\Voyager\voyager1\mag\48s\reviewed_vim\2020\voyager1_48s_mag-vim_20200101_v01.cdf,C:\Users\Administrator\Documents\FWD_matlab\Voyager_fu\Voyager_Interstellar_Monthly\HighestPrecision_Segments\V1_MAG48s_segment_1608_20200318T105525_20200318T150149.png,ok,
1,1609,2020-03-19 03:25:59,2020-03-19 06:09:50,2.73071972222222,193,48.383,383.615000244141,7200,240,Z:\SPART-WORK\Data\Voyager\voyager1\mag\48s\reviewed_vim\2020\voyager1_48s_mag-vim_20200101_v01.cdf,C:\Users\Administrator\Documents\FWD_matlab\Voyager_fu\Voyager_Interstellar_Monthly\HighestPrecision_Segments\V1_MAG48s_segment_1609_20200319T032559_20200319T060950.png,ok,
1,1610,2020-03-19 10:55:25,2020-03-19 14:53:01,3.95999972222222,298,48.383,48.385,7200,240,Z:\SPART-WORK\Data\Voyager\voyager1\mag\48s\reviewed_vim\2020\voyager1_48s_mag-vim_20200101_v01.cdf,C:\Users\Administrator\Documents\FWD_matlab\Voyager_fu\Voyager_Interstellar_Monthly\HighestPrecision_Segments\V1_MAG48s_segment_1610_20200319T105525_20200319T145301.png,ok,
1,1611,2020-03-20 03:08:14,2020-03-20 07:12:13,4.06656027777778,306,48.383,48.385,7200,240,Z:\SPART-WORK\Data\Voyager\voyager1\mag\48s\reviewed_vim\2020\voyager1_48s_mag-vim_20200101_v01.cdf,C:\Users\Administrator\Documents\FWD_matlab\Voyager_fu\Voyager_Interstellar_Monthly\HighestPrecision_Segments\V1_MAG48s_segment_1611_20200320T030814_20200320T071213.png,ok,
1,1612,2020-03-20 10:47:26,2020-03-20 13:58:37,3.18648,239,48.383,95.904,7200,240,Z:\SPART-WORK\Data\Voyager\voyager1\mag\48s\reviewed_vim\2020\voyager1_48s_mag-vim_20200101_v01.cdf,C:\Users\Administrator\Documents\FWD_matlab\Voyager_fu\Voyager_Interstellar_Monthly\HighestPrecision_Segments\V1_MAG48s_segment_1612_20200320T104726_20200320T135837.png,ok,
1,1613,2020-03-21 03:22:38,2020-03-21 07:07:26,3.74663972222222,272,48.383,288.575000244141,7200,240,Z:\SPART-WORK\Data\Voyager\voyager1\mag\48s\reviewed_vim\2020\voyager1_48s_mag-vim_20200101_v01.cdf,C:\Users\Administrator\Documents\FWD_matlab\Voyager_fu\Voyager_Interstellar_Monthly\HighestPrecision_Segments\V1_MAG48s_segment_1613_20200321T032238_20200321T070726.png,ok,
1,1614,2020-03-21 10:42:37,2020-03-21 13:57:50,3.25344,245,48.383,48.385,7200,240,Z:\SPART-WORK\Data\Voyager\voyager1\mag\48s\reviewed_vim\2020\voyager1_48s_mag-vim_20200101_v01.cdf,C:\Users\Administrator\Documents\FWD_matlab\Voyager_fu\Voyager_Interstellar_Monthly\HighestPrecision_Segments\V1_MAG48s_segment_1614_20200321T104237_20200321T135750.png,ok,
1,1615,2020-03-22 03:03:26,2020-03-22 07:02:38,3.98663972229004,297,48.383,144.288,7200,240,Z:\SPART-WORK\Data\Voyager\voyager1\mag\48s\reviewed_vim\2020\voyager1_48s_mag-vim_20200101_v01.cdf,C:\Users\Administrator\Documents\FWD_matlab\Voyager_fu\Voyager_Interstellar_Monthly\HighestPrecision_Segments\V1_MAG48s_segment_1615_20200322T030326_20200322T070238.png,ok,
1,1616,2020-03-22 10:42:37,2020-03-22 13:38:38,2.93352027777778,170,48.383,2064.097,7200,240,Z:\SPART-WORK\Data\Voyager\voyager1\mag\48s\reviewed_vim\2020\voyager1_48s_mag-vim_20200101_v01.cdf,C:\Users\Administrator\Documents\FWD_matlab\Voyager_fu\Voyager_Interstellar_Monthly\HighestPrecision_Segments\V1_MAG48s_segment_1616_20200322T104237_20200322T133838.png,ok,
1,1617,2020-03-23 03:06:38,2020-03-23 07:13:02,4.10664,306,48.383,192.672999755859,7200,240,Z:\SPART-WORK\Data\Voyager\voyager1\mag\48s\reviewed_vim\2020\voyager1_48s_mag-vim_20200101_v01.cdf,C:\Users\Administrator\Documents\FWD_matlab\Voyager_fu\Voyager_Interstellar_Monthly\HighestPrecision_Segments\V1_MAG48s_segment_1617_20200323T030638_20200323T071302.png,ok,
1,1618,2020-03-23 10:44:13,2020-03-23 13:02:38,2.30688000006782,171,48.383,191.808,7200,240,Z:\SPART-WORK\Data\Voyager\voyager1\mag\48s\reviewed_vim\2020\voyager1_48s_mag-vim_20200101_v01.cdf,C:\Users\Administrator\Documents\FWD_matlab\Voyager_fu\Voyager_Interstellar_Monthly\HighestPrecision_Segments\V1_MAG48s_segment_1618_20200323T104413_20200323T130238.png,ok,
1,1619,2020-03-24 12:55:26,2020-03-24 18:07:25,5.19984027770996,390,48.383,95.04,7200,240,Z:\SPART-WORK\Data\Voyager\voyager1\mag\48s\reviewed_vim\2020\voyager1_48s_mag-vim_20200101_v01.cdf,C:\Users\Administrator\Documents\FWD_matlab\Voyager_fu\Voyager_Interstellar_Monthly\HighestPrecision_Segments\V1_MAG48s_segment_1619_20200324T125526_20200324T180725.png,ok,
1,1620,2020-03-25 02:42:38,2020-03-25 04:26:37,1.73328,131,48.383,48.385,7200,240,Z:\SPART-WORK\Data\Voyager\voyager1\mag\48s\reviewed_vim\2020\voyager1_48s_mag-vim_20200101_v01.cdf,C:\Users\Administrator\Documents\FWD_matlab\Voyager_fu\Voyager_Interstellar_Monthly\HighestPrecision_Segments\V1_MAG48s_segment_1620_20200325T024238_20200325T042637.png,ok,
1,1621,2020-03-25 06:37:49,2020-03-25 06:53:02,0.25344,19,48.383,95.904,7200,240,Z:\SPART-WORK\Data\Voyager\voyager1\mag\48s\reviewed_vim\2020\voyager1_48s_mag-vim_20200101_v01.cdf,C:\Users\Administrator\Documents\FWD_matlab\Voyager_fu\Voyager_Interstellar_Monthly\HighestPrecision_Segments\V1_MAG48s_segment_1621_20200325T063749_20200325T065302.png,ok,
1,1622,2020-03-25 10:31:25,2020-03-25 13:28:13,2.94671972222222,219,48.383,191.807,7200,240,Z:\SPART-WORK\Data\Voyager\voyager1\mag\48s\reviewed_vim\2020\voyager1_48s_mag-vim_20200101_v01.cdf,C:\Users\Administrator\Documents\FWD_matlab\Voyager_fu\Voyager_Interstellar_Monthly\HighestPrecision_Segments\V1_MAG48s_segment_1622_20200325T103125_20200325T132813.png,ok,
1,1623,2020-03-26 02:57:02,2020-03-26 06:53:02,3.93336,291,48.383,191.808999755859,7200,240,Z:\SPART-WORK\Data\Voyager\voyager1\mag\48s\reviewed_vim\2020\voyager1_48s_mag-vim_20200101_v01.cdf,C:\Users\Administrator\Documents\FWD_matlab\Voyager_fu\Voyager_Interstellar_Monthly\HighestPrecision_Segments\V1_MAG48s_segment_1623_20200326T025702_20200326T065302.png,ok,
1,1624,2020-03-26 10:26:37,2020-03-26 13:23:26,2.94672027777778,222,48.383,48.385,7200,240,Z:\SPART-WORK\Data\Voyager\voyager1\mag\48s\reviewed_vim\2020\voyager1_48s_mag-vim_20200101_v01.cdf,C:\Users\Administrator\Documents\FWD_matlab\Voyager_fu\Voyager_Interstellar_Monthly\HighestPrecision_Segments\V1_MAG48s_segment_1624_20200326T102637_20200326T132326.png,ok,
1,1625,2020-03-27 02:53:49,2020-03-27 05:37:49,2.73336,205,48.383,96.768,7200,240,Z:\SPART-WORK\Data\Voyager\voyager1\mag\48s\reviewed_vim\2020\voyager1_48s_mag-vim_20200101_v01.cdf,C:\Users\Administrator\Documents\FWD_matlab\Voyager_fu\Voyager_Interstellar_Monthly\HighestPrecision_Segments\V1_MAG48s_segment_1625_20200327T025349_20200327T053749.png,ok,
1,1626,2020-03-27 10:21:49,2020-03-27 14:21:02,3.98687972222222,297,48.383,191.807,7200,240,Z:\SPART-WORK\Data\Voyager\voyager1\mag\48s\reviewed_vim\2020\voyager1_48s_mag-vim_20200101_v01.cdf,C:\Users\Administrator\Documents\FWD_matlab\Voyager_fu\Voyager_Interstellar_Monthly\HighestPrecision_Segments\V1_MAG48s_segment_1626_20200327T102149_20200327T142102.png,ok,
1,1627,2020-03-28 02:39:26,2020-03-28 06:46:37,4.11984,310,48.383,48.385,7200,240,Z:\SPART-WORK\Data\Voyager\voyager1\mag\48s\reviewed_vim\2020\voyager1_48s_mag-vim_20200101_v01.cdf,C:\Users\Administrator\Documents\FWD_matlab\Voyager_fu\Voyager_Interstellar_Monthly\HighestPrecision_Segments\V1_MAG48s_segment_1627_20200328T023926_20200328T064637.png,ok,
1,1628,2020-03-28 10:18:37,2020-03-28 12:44:14,2.42688027770996,182,48.383,96.7679997558594,7200,240,Z:\SPART-WORK\Data\Voyager\voyager1\mag\48s\reviewed_vim\2020\voyager1_48s_mag-vim_20200101_v01.cdf,C:\Users\Administrator\Documents\FWD_matlab\Voyager_fu\Voyager_Interstellar_Monthly\HighestPrecision_Segments\V1_MAG48s_segment_1628_20200328T101837_20200328T124414.png,ok,
1,1629,2020-03-29 02:39:26,2020-03-29 06:37:49,3.97319972222222,297,48.383,144.287,7200,240,Z:\SPART-WORK\Data\Voyager\voyager1\mag\48s\reviewed_vim\2020\voyager1_48s_mag-vim_20200101_v01.cdf,C:\Users\Administrator\Documents\FWD_matlab\Voyager_fu\Voyager_Interstellar_Monthly\HighestPrecision_Segments\V1_MAG48s_segment_1629_20200329T023926_20200329T063749.png,ok,
1,1630,2020-03-29 10:02:38,2020-03-29 13:13:49,3.18648027770996,237,48.383,192.671,7200,240,Z:\SPART-WORK\Data\Voyager\voyager1\mag\48s\reviewed_vim\2020\voyager1_48s_mag-vim_20200101_v01.cdf,C:\Users\Administrator\Documents\FWD_matlab\Voyager_fu\Voyager_Interstellar_Monthly\HighestPrecision_Segments\V1_MAG48s_segment_1630_20200329T100238_20200329T131349.png,ok,
1,1631,2020-03-30 09:57:49,2020-03-30 12:37:49,2.66663972222222,201,48.383,48.385,7200,240,Z:\SPART-WORK\Data\Voyager\voyager1\mag\48s\reviewed_vim\2020\voyager1_48s_mag-vim_20200101_v01.cdf,C:\Users\Administrator\Documents\FWD_matlab\Voyager_fu\Voyager_Interstellar_Monthly\HighestPrecision_Segments\V1_MAG48s_segment_1631_20200330T095749_20200330T123749.png,ok,
1,1632,2020-03-31 03:56:13,2020-03-31 08:08:13,4.2,169,48.383,6672.672,7200,240,Z:\SPART-WORK\Data\Voyager\voyager1\mag\48s\reviewed_vim\2020\voyager1_48s_mag-vim_20200101_v01.cdf,C:\Users\Administrator\Documents\FWD_matlab\Voyager_fu\Voyager_Interstellar_Monthly\HighestPrecision_Segments\V1_MAG48s_segment_1632_20200331T035613_20200331T080813.png,ok,
1,1633,2020-03-31 11:56:13,2020-03-31 16:55:24,4.98648,375,48.383,48.385,7200,240,Z:\SPART-WORK\Data\Voyager\voyager1\mag\48s\reviewed_vim\2020\voyager1_48s_mag-vim_20200101_v01.cdf,C:\Users\Administrator\Documents\FWD_matlab\Voyager_fu\Voyager_Interstellar_Monthly\HighestPrecision_Segments\V1_MAG48s_segment_1633_20200331T115613_20200331T165524.png,ok,
1,1634,2020-04-01 02:20:13,2020-04-01 06:29:01,4.14672,310,48.383,143.424000244141,7200,240,Z:\SPART-WORK\Data\Voyager\voyager1\mag\48s\reviewed_vim\2020\voyager1_48s_mag-vim_20200101_v01.cdf,C:\Users\Administrator\Documents\FWD_matlab\Voyager_fu\Voyager_Interstellar_Monthly\HighestPrecision_Segments\V1_MAG48s_segment_1634_20200401T022013_20200401T062901.png,ok,
1,1635,2020-04-01 10:01:01,2020-04-01 12:28:13,2.45328000006782,185,48.383,48.385,7200,240,Z:\SPART-WORK\Data\Voyager\voyager1\mag\48s\reviewed_vim\2020\voyager1_48s_mag-vim_20200101_v01.cdf,C:\Users\Administrator\Documents\FWD_matlab\Voyager_fu\Voyager_Interstellar_Monthly\HighestPrecision_Segments\V1_MAG48s_segment_1635_20200401T100101_20200401T122813.png,ok,
1,1636,2020-04-02 02:21:49,2020-04-02 05:13:49,2.86656,213,48.383,143.424,7200,240,Z:\SPART-WORK\Data\Voyager\voyager1\mag\48s\reviewed_vim\2020\voyager1_48s_mag-vim_20200101_v01.cdf,C:\Users\Administrator\Documents\FWD_matlab\Voyager_fu\Voyager_Interstellar_Monthly\HighestPrecision_Segments\V1_MAG48s_segment_1636_20200402T022149_20200402T051349.png,ok,
1,1637,2020-04-02 09:56:13,2020-04-02 13:59:25,4.05312,302,48.383,192.672,7200,240,Z:\SPART-WORK\Data\Voyager\voyager1\mag\48s\reviewed_vim\2020\voyager1_48s_mag-vim_20200101_v01.cdf,C:\Users\Administrator\Documents\FWD_matlab\Voyager_fu\Voyager_Interstellar_Monthly\HighestPrecision_Segments\V1_MAG48s_segment_1637_20200402T095613_20200402T135925.png,ok,
1,1638,2020-04-03 02:13:49,2020-04-03 05:13:01,2.98680027777778,203,48.383,673.056,7200,240,Z:\SPART-WORK\Data\Voyager\voyager1\mag\48s\reviewed_vim\2020\voyager1_48s_mag-vim_20200101_v01.cdf,C:\Users\Administrator\Documents\FWD_matlab\Voyager_fu\Voyager_Interstellar_Monthly\HighestPrecision_Segments\V1_MAG48s_segment_1638_20200403T021349_20200403T051301.png,ok,
1,1639,2020-04-03 09:57:48,2020-04-03 13:57:50,4.00032,299,48.383,144.287,7200,240,Z:\SPART-WORK\Data\Voyager\voyager1\mag\48s\reviewed_vim\2020\voyager1_48s_mag-vim_20200101_v01.cdf,C:\Users\Administrator\Documents\FWD_matlab\Voyager_fu\Voyager_Interstellar_Monthly\HighestPrecision_Segments\V1_MAG48s_segment_1639_20200403T095748_20200403T135750.png,ok,
1,1640,2020-04-04 02:02:37,2020-04-04 06:18:37,4.26647972222222,318,48.383,191.808,7200,240,Z:\SPART-WORK\Data\Voyager\voyager1\mag\48s\reviewed_vim\2020\voyager1_48s_mag-vim_20200101_v01.cdf,C:\Users\Administrator\Documents\FWD_matlab\Voyager_fu\Voyager_Interstellar_Monthly\HighestPrecision_Segments\V1_MAG48s_segment_1640_20200404T020237_20200404T061837.png,ok,
1,1641,2020-04-04 09:51:25,2020-04-04 12:53:49,3.04007999993218,229,48.383,48.385,7200,240,Z:\SPART-WORK\Data\Voyager\voyager1\mag\48s\reviewed_vim\2020\voyager1_48s_mag-vim_20200101_v01.cdf,C:\Users\Administrator\Documents\FWD_matlab\Voyager_fu\Voyager_Interstellar_Monthly\HighestPrecision_Segments\V1_MAG48s_segment_1641_20200404T095125_20200404T125349.png,ok,
1,1642,2020-04-05 02:11:25,2020-04-05 06:08:13,3.94656000006782,285,48.383,288.575,7200,240,Z:\SPART-WORK\Data\Voyager\voyager1\mag\48s\reviewed_vim\2020\voyager1_48s_mag-vim_20200101_v01.cdf,C:\Users\Administrator\Documents\FWD_matlab\Voyager_fu\Voyager_Interstellar_Monthly\HighestPrecision_Segments\V1_MAG48s_segment_1642_20200405T021125_20200405T060813.png,ok,
1,1643,2020-04-05 09:33:49,2020-04-05 12:20:13,2.77344000006782,206,48.383,191.808,7200,240,Z:\SPART-WORK\Data\Voyager\voyager1\mag\48s\reviewed_vim\2020\voyager1_48s_mag-vim_20200101_v01.cdf,C:\Users\Administrator\Documents\FWD_matlab\Voyager_fu\Voyager_Interstellar_Monthly\HighestPrecision_Segments\V1_MAG48s_segment_1643_20200405T093349_20200405T122013.png,ok,
1,1644,2020-04-06 02:12:13,2020-04-06 05:33:49,3.36,250,48.383,191.809,7200,240,Z:\SPART-WORK\Data\Voyager\voyager1\mag\48s\reviewed_vim\2020\voyager1_48s_mag-vim_20200101_v01.cdf,C:\Users\Administrator\Documents\FWD_matlab\Voyager_fu\Voyager_Interstellar_Monthly\HighestPrecision_Segments\V1_MAG48s_segment_1644_20200406T021213_20200406T053349.png,ok,
1,1645,2020-04-06 09:56:13,2020-04-06 12:52:12,2.93303972229004,106,48.383,2783.80800024414,7200,240,Z:\SPART-WORK\Data\Voyager\voyager1\mag\48s\reviewed_vim\2020\voyager1_48s_mag-vim_20200101_v01.cdf,C:\Users\Administrator\Documents\FWD_matlab\Voyager_fu\Voyager_Interstellar_Monthly\HighestPrecision_Segments\V1_MAG48s_segment_1645_20200406T095613_20200406T125212.png,ok,
1,1646,2020-04-07 01:59:25,2020-04-07 06:03:25,4.0668,305,48.383,96.768,7200,240,Z:\SPART-WORK\Data\Voyager\voyager1\mag\48s\reviewed_vim\2020\voyager1_48s_mag-vim_20200101_v01.cdf,C:\Users\Administrator\Documents\FWD_matlab\Voyager_fu\Voyager_Interstellar_Monthly\HighestPrecision_Segments\V1_MAG48s_segment_1646_20200407T015925_20200407T060325.png,ok,
1,1647,2020-04-07 09:29:49,2020-04-07 11:37:49,2.13336027770996,88,48.383,2064.09500024414,7200,240,Z:\SPART-WORK\Data\Voyager\voyager1\mag\48s\reviewed_vim\2020\voyager1_48s_mag-vim_20200101_v01.cdf,C:\Users\Administrator\Documents\FWD_matlab\Voyager_fu\Voyager_Interstellar_Monthly\HighestPrecision_Segments\V1_MAG48s_segment_1647_20200407T092949_20200407T113749.png,ok,
1,1648,2020-04-08 03:24:13,2020-04-08 04:48:13,1.40016,106,48.383,48.385,7200,240,Z:\SPART-WORK\Data\Voyager\voyager1\mag\48s\reviewed_vim\2020\voyager1_48s_mag-vim_20200101_v01.cdf,C:\Users\Administrator\Documents\FWD_matlab\Voyager_fu\Voyager_Interstellar_Monthly\HighestPrecision_Segments\V1_MAG48s_segment_1648_20200408T032413_20200408T044813.png,ok,
1,1649,2020-04-08 09:30:36,2020-04-08 13:33:01,4.04016,301,48.383,191.809,7200,240,Z:\SPART-WORK\Data\Voyager\voyager1\mag\48s\reviewed_vim\2020\voyager1_48s_mag-vim_20200101_v01.cdf,C:\Users\Administrator\Documents\FWD_matlab\Voyager_fu\Voyager_Interstellar_Monthly\HighestPrecision_Segments\V1_MAG48s_segment_1649_20200408T093036_20200408T133301.png,ok,
1,1650,2020-04-09 02:13:49,2020-04-09 05:57:49,3.73344027777778,279,48.383,143.424,7200,240,Z:\SPART-WORK\Data\Voyager\voyager1\mag\48s\reviewed_vim\2020\voyager1_48s_mag-vim_20200101_v01.cdf,C:\Users\Administrator\Documents\FWD_matlab\Voyager_fu\Voyager_Interstellar_Monthly\HighestPrecision_Segments\V1_MAG48s_segment_1650_20200409T021349_20200409T055749.png,ok,
1,1651,2020-04-09 11:05:01,2020-04-09 12:33:48,1.47984,112,48.383,48.385,7200,240,Z:\SPART-WORK\Data\Voyager\voyager1\mag\48s\reviewed_vim\2020\voyager1_48s_mag-vim_20200101_v01.cdf,C:\Users\Administrator\Documents\FWD_matlab\Voyager_fu\Voyager_Interstellar_Monthly\HighestPrecision_Segments\V1_MAG48s_segment_1651_20200409T110501_20200409T123348.png,ok,
1,1652,2020-04-10 02:04:13,2020-04-10 05:49:49,3.75984027777778,283,48.383,48.385,7200,240,Z:\SPART-WORK\Data\Voyager\voyager1\mag\48s\reviewed_vim\2020\voyager1_48s_mag-vim_20200101_v01.cdf,C:\Users\Administrator\Documents\FWD_matlab\Voyager_fu\Voyager_Interstellar_Monthly\HighestPrecision_Segments\V1_MAG48s_segment_1652_20200410T020413_20200410T054949.png,ok,
1,1653,2020-04-10 09:35:25,2020-04-10 13:25:01,3.82655972222222,286,48.383,144.289,7200,240,Z:\SPART-WORK\Data\Voyager\voyager1\mag\48s\reviewed_vim\2020\voyager1_48s_mag-vim_20200101_v01.cdf,C:\Users\Administrator\Documents\FWD_matlab\Voyager_fu\Voyager_Interstellar_Monthly\HighestPrecision_Segments\V1_MAG48s_segment_1653_20200410T093525_20200410T132501.png,ok,
1,1654,2020-04-11 01:45:01,2020-04-11 05:48:13,4.05336027777778,290,48.383,527.904999755859,7200,240,Z:\SPART-WORK\Data\Voyager\voyager1\mag\48s\reviewed_vim\2020\voyager1_48s_mag-vim_20200101_v01.cdf,C:\Users\Administrator\Documents\FWD_matlab\Voyager_fu\Voyager_Interstellar_Monthly\HighestPrecision_Segments\V1_MAG48s_segment_1654_20200411T014501_20200411T054813.png,ok,
1,1655,2020-04-11 09:14:36,2020-04-11 12:29:00,3.24000027777778,241,48.383,191.808999755859,7200,240,Z:\SPART-WORK\Data\Voyager\voyager1\mag\48s\reviewed_vim\2020\voyager1_48s_mag-vim_20200101_v01.cdf,C:\Users\Administrator\Documents\FWD_matlab\Voyager_fu\Voyager_Interstellar_Monthly\HighestPrecision_Segments\V1_MAG48s_segment_1655_20200411T091436_20200411T122900.png,ok,
1,1656,2020-04-12 01:35:24,2020-04-12 05:43:25,4.13351999993218,311,48.383,48.385,7200,240,Z:\SPART-WORK\Data\Voyager\voyager1\mag\48s\reviewed_vim\2020\voyager1_48s_mag-vim_20200101_v01.cdf,C:\Users\Administrator\Documents\FWD_matlab\Voyager_fu\Voyager_Interstellar_Monthly\HighestPrecision_Segments\V1_MAG48s_segment_1656_20200412T013524_20200412T054325.png,ok,
1,1657,2020-04-12 09:11:25,2020-04-12 12:09:49,2.97336,223,48.383,95.903,7200,240,Z:\SPART-WORK\Data\Voyager\voyager1\mag\48s\reviewed_vim\2020\voyager1_48s_mag-vim_20200101_v01.cdf,C:\Users\Administrator\Documents\FWD_matlab\Voyager_fu\Voyager_Interstellar_Monthly\HighestPrecision_Segments\V1_MAG48s_segment_1657_20200412T091125_20200412T120949.png,ok,
1,1658,2020-04-13 01:32:13,2020-04-13 05:09:00,3.6132,270,48.383,143.424,7200,240,Z:\SPART-WORK\Data\Voyager\voyager1\mag\48s\reviewed_vim\2020\voyager1_48s_mag-vim_20200101_v01.cdf,C:\Users\Administrator\Documents\FWD_matlab\Voyager_fu\Voyager_Interstellar_Monthly\HighestPrecision_Segments\V1_MAG48s_segment_1658_20200413T013213_20200413T050900.png,ok,
1,1659,2020-04-13 09:05:01,2020-04-13 12:04:13,2.98656027777778,224,48.383,95.04,7200,240,Z:\SPART-WORK\Data\Voyager\voyager1\mag\48s\reviewed_vim\2020\voyager1_48s_mag-vim_20200101_v01.cdf,C:\Users\Administrator\Documents\FWD_matlab\Voyager_fu\Voyager_Interstellar_Monthly\HighestPrecision_Segments\V1_MAG48s_segment_1659_20200413T090501_20200413T120413.png,ok,
1,1660,2020-04-14 01:27:25,2020-04-14 09:00:12,7.54656,543,48.383,480.385,7200,240,Z:\SPART-WORK\Data\Voyager\voyager1\mag\48s\reviewed_vim\2020\voyager1_48s_mag-vim_20200101_v01.cdf,C:\Users\Administrator\Documents\FWD_matlab\Voyager_fu\Voyager_Interstellar_Monthly\HighestPrecision_Segments\V1_MAG48s_segment_1660_20200414T012725_20200414T090012.png,ok,
1,1661,2020-04-15 01:30:37,2020-04-15 06:18:36,4.79976000006782,360,48.383,95.905,7200,240,Z:\SPART-WORK\Data\Voyager\voyager1\mag\48s\reviewed_vim\2020\voyager1_48s_mag-vim_20200101_v01.cdf,C:\Users\Administrator\Documents\FWD_matlab\Voyager_fu\Voyager_Interstellar_Monthly\HighestPrecision_Segments\V1_MAG48s_segment_1661_20200415T013037_20200415T061836.png,ok,
1,1662,2020-04-15 09:06:36,2020-04-15 12:13:48,3.12000027777778,235,48.383,48.385,7200,240,Z:\SPART-WORK\Data\Voyager\voyager1\mag\48s\reviewed_vim\2020\voyager1_48s_mag-vim_20200101_v01.cdf,C:\Users\Administrator\Documents\FWD_matlab\Voyager_fu\Voyager_Interstellar_Monthly\HighestPrecision_Segments\V1_MAG48s_segment_1662_20200415T090636_20200415T121348.png,ok,
1,1663,2020-04-16 01:23:25,2020-04-16 05:28:13,4.08000027777778,303,48.383,144.289,7200,240,Z:\SPART-WORK\Data\Voyager\voyager1\mag\48s\reviewed_vim\2020\voyager1_48s_mag-vim_20200101_v01.cdf,C:\Users\Administrator\Documents\FWD_matlab\Voyager_fu\Voyager_Interstellar_Monthly\HighestPrecision_Segments\V1_MAG48s_segment_1663_20200416T012325_20200416T052813.png,ok,
1,1664,2020-04-16 09:09:48,2020-04-16 12:13:48,3.06672,229,48.383,144.288,7200,240,Z:\SPART-WORK\Data\Voyager\voyager1\mag\48s\reviewed_vim\2020\voyager1_48s_mag-vim_20200101_v01.cdf,C:\Users\Administrator\Documents\FWD_matlab\Voyager_fu\Voyager_Interstellar_Monthly\HighestPrecision_Segments\V1_MAG48s_segment_1664_20200416T090948_20200416T121348.png,ok,
1,1665,2020-04-17 01:21:00,2020-04-17 05:23:24,4.03992027770996,177,48.383,5999.616,7200,240,Z:\SPART-WORK\Data\Voyager\voyager1\mag\48s\reviewed_vim\2020\voyager1_48s_mag-vim_20200101_v01.cdf,C:\Users\Administrator\Documents\FWD_matlab\Voyager_fu\Voyager_Interstellar_Monthly\HighestPrecision_Segments\V1_MAG48s_segment_1665_20200417T012100_20200417T052324.png,ok,
1,1666,2020-04-17 08:57:00,2020-04-17 11:37:49,2.68032027770996,200,48.383,143.424,7200,240,Z:\SPART-WORK\Data\Voyager\voyager1\mag\48s\reviewed_vim\2020\voyager1_48s_mag-vim_20200101_v01.cdf,C:\Users\Administrator\Documents\FWD_matlab\Voyager_fu\Voyager_Interstellar_Monthly\HighestPrecision_Segments\V1_MAG48s_segment_1666_20200417T085700_20200417T113749.png,ok,
1,1667,2020-04-18 01:08:12,2020-04-18 05:18:36,4.17336,313,48.383,95.903,7200,240,Z:\SPART-WORK\Data\Voyager\voyager1\mag\48s\reviewed_vim\2020\voyager1_48s_mag-vim_20200101_v01.cdf,C:\Users\Administrator\Documents\FWD_matlab\Voyager_fu\Voyager_Interstellar_Monthly\HighestPrecision_Segments\V1_MAG48s_segment_1667_20200418T010812_20200418T051836.png,ok,
1,1668,2020-04-18 08:50:36,2020-04-18 11:24:12,2.56007972222222,191,48.383,144.288,7200,240,Z:\SPART-WORK\Data\Voyager\voyager1\mag\48s\reviewed_vim\2020\voyager1_48s_mag-vim_20200101_v01.cdf,C:\Users\Administrator\Documents\FWD_matlab\Voyager_fu\Voyager_Interstellar_Monthly\HighestPrecision_Segments\V1_MAG48s_segment_1668_20200418T085036_20200418T112412.png,ok,
1,1669,2020-04-19 09:06:36,2020-04-19 12:00:12,2.89320027777778,216,48.383,143.424,7200,240,Z:\SPART-WORK\Data\Voyager\voyager1\mag\48s\reviewed_vim\2020\voyager1_48s_mag-vim_20200101_v01.cdf,C:\Users\Administrator\Documents\FWD_matlab\Voyager_fu\Voyager_Interstellar_Monthly\HighestPrecision_Segments\V1_MAG48s_segment_1669_20200419T090636_20200419T120012.png,ok,
1,1670,2020-04-20 01:05:00,2020-04-20 04:03:25,2.97335972222222,221,48.383,191.807,7200,240,Z:\SPART-WORK\Data\Voyager\voyager1\mag\48s\reviewed_vim\2020\voyager1_48s_mag-vim_20200101_v01.cdf,C:\Users\Administrator\Documents\FWD_matlab\Voyager_fu\Voyager_Interstellar_Monthly\HighestPrecision_Segments\V1_MAG48s_segment_1670_20200420T010500_20200420T040325.png,ok,
1,1671,2020-04-20 13:11:24,2020-04-20 17:10:37,3.98688027777778,272,48.383,527.903,7200,240,Z:\SPART-WORK\Data\Voyager\voyager1\mag\48s\reviewed_vim\2020\voyager1_48s_mag-vim_20200101_v01.cdf,C:\Users\Administrator\Documents\FWD_matlab\Voyager_fu\Voyager_Interstellar_Monthly\HighestPrecision_Segments\V1_MAG48s_segment_1671_20200420T131124_20200420T171037.png,ok,
1,1672,2020-04-21 01:21:00,2020-04-21 05:29:00,4.13328027770996,310,48.383,95.9049997558594,7200,240,Z:\SPART-WORK\Data\Voyager\voyager1\mag\48s\reviewed_vim\2020\voyager1_48s_mag-vim_20200101_v01.cdf,C:\Users\Administrator\Documents\FWD_matlab\Voyager_fu\Voyager_Interstellar_Monthly\HighestPrecision_Segments\V1_MAG48s_segment_1672_20200421T012100_20200421T052900.png,ok,
1,1673,2020-04-21 08:58:37,2020-04-21 12:38:36,3.66648000006782,275,48.383,95.041,7200,240,Z:\SPART-WORK\Data\Voyager\voyager1\mag\48s\reviewed_vim\2020\voyager1_48s_mag-vim_20200101_v01.cdf,C:\Users\Administrator\Documents\FWD_matlab\Voyager_fu\Voyager_Interstellar_Monthly\HighestPrecision_Segments\V1_MAG48s_segment_1673_20200421T085837_20200421T123836.png,ok,
1,1674,2020-04-22 01:24:12,2020-04-22 05:37:48,4.22663972222222,315,48.383,191.807000244141,7200,240,Z:\SPART-WORK\Data\Voyager\voyager1\mag\48s\reviewed_vim\2020\voyager1_48s_mag-vim_20200101_v01.cdf,C:\Users\Administrator\Documents\FWD_matlab\Voyager_fu\Voyager_Interstellar_Monthly\HighestPrecision_Segments\V1_MAG48s_segment_1674_20200422T012412_20200422T053748.png,ok,
1,1675,2020-04-22 09:06:36,2020-04-22 13:03:25,3.9468,297,48.383,48.385,7200,240,Z:\SPART-WORK\Data\Voyager\voyager1\mag\48s\reviewed_vim\2020\voyager1_48s_mag-vim_20200101_v01.cdf,C:\Users\Administrator\Documents\FWD_matlab\Voyager_fu\Voyager_Interstellar_Monthly\HighestPrecision_Segments\V1_MAG48s_segment_1675_20200422T090636_20200422T130325.png,ok,
1,1676,2020-04-23 01:14:36,2020-04-23 05:25:00,4.17336,309,48.383,191.807,7200,240,Z:\SPART-WORK\Data\Voyager\voyager1\mag\48s\reviewed_vim\2020\voyager1_48s_mag-vim_20200101_v01.cdf,C:\Users\Administrator\Documents\FWD_matlab\Voyager_fu\Voyager_Interstellar_Monthly\HighestPrecision_Segments\V1_MAG48s_segment_1676_20200423T011436_20200423T052500.png,ok,
1,1677,2020-04-23 08:36:12,2020-04-23 11:03:24,2.45328,182,48.383,191.809,7200,240,Z:\SPART-WORK\Data\Voyager\voyager1\mag\48s\reviewed_vim\2020\voyager1_48s_mag-vim_20200101_v01.cdf,C:\Users\Administrator\Documents\FWD_matlab\Voyager_fu\Voyager_Interstellar_Monthly\HighestPrecision_Segments\V1_MAG48s_segment_1677_20200423T083612_20200423T110324.png,ok,
1,1678,2020-04-24 09:59:24,2020-04-24 10:43:25,0.733440277709961,55,48.383,95.9049997558594,7200,240,Z:\SPART-WORK\Data\Voyager\voyager1\mag\48s\reviewed_vim\2020\voyager1_48s_mag-vim_20200101_v01.cdf,C:\Users\Administrator\Documents\FWD_matlab\Voyager_fu\Voyager_Interstellar_Monthly\HighestPrecision_Segments\V1_MAG48s_segment_1678_20200424T095924_20200424T104325.png,ok,
1,1679,2020-04-24 17:22:37,2020-04-24 17:54:36,0.53304,41,48.383,48.385,7200,240,Z:\SPART-WORK\Data\Voyager\voyager1\mag\48s\reviewed_vim\2020\voyager1_48s_mag-vim_20200101_v01.cdf,C:\Users\Administrator\Documents\FWD_matlab\Voyager_fu\Voyager_Interstellar_Monthly\HighestPrecision_Segments\V1_MAG48s_segment_1679_20200424T172237_20200424T175436.png,ok,
1,1680,2020-04-25 00:50:36,2020-04-25 05:18:35,4.46639972222222,334,48.383,144.287,7200,240,Z:\SPART-WORK\Data\Voyager\voyager1\mag\48s\reviewed_vim\2020\voyager1_48s_mag-vim_20200101_v01.cdf,C:\Users\Administrator\Documents\FWD_matlab\Voyager_fu\Voyager_Interstellar_Monthly\HighestPrecision_Segments\V1_MAG48s_segment_1680_20200425T005036_20200425T051835.png,ok,
1,1681,2020-04-25 08:18:35,2020-04-25 12:24:59,4.10664,308,48.383,96.768,7200,240,Z:\SPART-WORK\Data\Voyager\voyager1\mag\48s\reviewed_vim\2020\voyager1_48s_mag-vim_20200101_v01.cdf,C:\Users\Administrator\Documents\FWD_matlab\Voyager_fu\Voyager_Interstellar_Monthly\HighestPrecision_Segments\V1_MAG48s_segment_1681_20200425T081835_20200425T122459.png,ok,
1,1682,2020-04-26 01:13:00,2020-04-26 05:18:35,4.09319972222222,308,48.383,48.385,7200,240,Z:\SPART-WORK\Data\Voyager\voyager1\mag\48s\reviewed_vim\2020\voyager1_48s_mag-vim_20200101_v01.cdf,C:\Users\Administrator\Documents\FWD_matlab\Voyager_fu\Voyager_Interstellar_Monthly\HighestPrecision_Segments\V1_MAG48s_segment_1682_20200426T011300_20200426T051835.png,ok,
1,1683,2020-04-26 08:17:00,2020-04-26 12:28:12,4.18655972222222,314,48.383,95.039,7200,240,Z:\SPART-WORK\Data\Voyager\voyager1\mag\48s\reviewed_vim\2020\voyager1_48s_mag-vim_20200101_v01.cdf,C:\Users\Administrator\Documents\FWD_matlab\Voyager_fu\Voyager_Interstellar_Monthly\HighestPrecision_Segments\V1_MAG48s_segment_1683_20200426T081700_20200426T122812.png,ok,
1,1684,2020-04-27 09:37:00,2020-04-27 14:44:13,5.12016,295,48.383,4175.713,7200,240,Z:\SPART-WORK\Data\Voyager\voyager1\mag\48s\reviewed_vim\2020\voyager1_48s_mag-vim_20200101_v01.cdf,C:\Users\Administrator\Documents\FWD_matlab\Voyager_fu\Voyager_Interstellar_Monthly\HighestPrecision_Segments\V1_MAG48s_segment_1684_20200427T093700_20200427T144413.png,ok,
1,1685,2020-04-27 18:58:36,2020-04-27 19:43:24,0.746639722290039,48,48.383,336.096,7200,240,Z:\SPART-WORK\Data\Voyager\voyager1\mag\48s\reviewed_vim\2020\voyager1_48s_mag-vim_20200101_v01.cdf,C:\Users\Administrator\Documents\FWD_matlab\Voyager_fu\Voyager_Interstellar_Monthly\HighestPrecision_Segments\V1_MAG48s_segment_1685_20200427T185836_20200427T194324.png,ok,
1,1686,2020-04-28 01:19:24,2020-04-28 03:36:12,2.28,170,48.383,144.288,7200,240,Z:\SPART-WORK\Data\Voyager\voyager1\mag\48s\reviewed_vim\2020\voyager1_48s_mag-vim_20200101_v01.cdf,C:\Users\Administrator\Documents\FWD_matlab\Voyager_fu\Voyager_Interstellar_Monthly\HighestPrecision_Segments\V1_MAG48s_segment_1686_20200428T011924_20200428T033612.png,ok,
1,1687,2020-04-28 09:29:00,2020-04-28 14:08:59,4.66656,351,48.383,48.385,7200,240,Z:\SPART-WORK\Data\Voyager\voyager1\mag\48s\reviewed_vim\2020\voyager1_48s_mag-vim_20200101_v01.cdf,C:\Users\Administrator\Documents\FWD_matlab\Voyager_fu\Voyager_Interstellar_Monthly\HighestPrecision_Segments\V1_MAG48s_segment_1687_20200428T092900_20200428T140859.png,ok,
1,1688,2020-04-29 01:00:12,2020-04-29 05:03:24,4.05336027770996,303,48.383,143.424,7200,240,Z:\SPART-WORK\Data\Voyager\voyager1\mag\48s\reviewed_vim\2020\voyager1_48s_mag-vim_20200101_v01.cdf,C:\Users\Administrator\Documents\FWD_matlab\Voyager_fu\Voyager_Interstellar_Monthly\HighestPrecision_Segments\V1_MAG48s_segment_1688_20200429T010012_20200429T050324.png,ok,
1,1689,2020-04-29 08:13:48,2020-04-29 11:25:48,3.20015972229004,240,48.383,95.904,7200,240,Z:\SPART-WORK\Data\Voyager\voyager1\mag\48s\reviewed_vim\2020\voyager1_48s_mag-vim_20200101_v01.cdf,C:\Users\Administrator\Documents\FWD_matlab\Voyager_fu\Voyager_Interstellar_Monthly\HighestPrecision_Segments\V1_MAG48s_segment_1689_20200429T081348_20200429T112548.png,ok,
1,1690,2020-04-30 00:20:12,2020-04-30 03:44:12,3.40007972222222,251,48.383,191.807,7200,240,Z:\SPART-WORK\Data\Voyager\voyager1\mag\48s\reviewed_vim\2020\voyager1_48s_mag-vim_20200101_v01.cdf,C:\Users\Administrator\Documents\FWD_matlab\Voyager_fu\Voyager_Interstellar_Monthly\HighestPrecision_Segments\V1_MAG48s_segment_1690_20200430T002012_20200430T034412.png,ok,
1,1691,2020-04-30 09:01:47,2020-04-30 15:43:24,6.69336027777778,454,48.383,2015.712,7200,240,Z:\SPART-WORK\Data\Voyager\voyager1\mag\48s\reviewed_vim\2020\voyager1_48s_mag-vim_20200101_v01.cdf,C:\Users\Administrator\Documents\FWD_matlab\Voyager_fu\Voyager_Interstellar_Monthly\HighestPrecision_Segments\V1_MAG48s_segment_1691_20200430T090147_20200430T154324.png,ok,
1,1692,2020-05-01 03:33:48,2020-05-01 04:28:12,0.90672,57,48.383,383.616000244141,7200,240,Z:\SPART-WORK\Data\Voyager\voyager1\mag\48s\reviewed_vim\2020\voyager1_48s_mag-vim_20200101_v01.cdf,C:\Users\Administrator\Documents\FWD_matlab\Voyager_fu\Voyager_Interstellar_Monthly\HighestPrecision_Segments\V1_MAG48s_segment_1692_20200501T033348_20200501T042812.png,ok,
1,1693,2020-05-01 07:53:00,2020-05-01 11:13:48,3.34656027777778,249,48.383,144.287,7200,240,Z:\SPART-WORK\Data\Voyager\voyager1\mag\48s\reviewed_vim\2020\voyager1_48s_mag-vim_20200101_v01.cdf,C:\Users\Administrator\Documents\FWD_matlab\Voyager_fu\Voyager_Interstellar_Monthly\HighestPrecision_Segments\V1_MAG48s_segment_1693_20200501T075300_20200501T111348.png,ok,
1,1694,2020-05-02 00:28:11,2020-05-02 05:03:24,4.58688,334,48.383,191.809,7200,240,Z:\SPART-WORK\Data\Voyager\voyager1\mag\48s\reviewed_vim\2020\voyager1_48s_mag-vim_20200101_v01.cdf,C:\Users\Administrator\Documents\FWD_matlab\Voyager_fu\Voyager_Interstellar_Monthly\HighestPrecision_Segments\V1_MAG48s_segment_1694_20200502T002811_20200502T050324.png,ok,
1,1695,2020-05-02 07:54:36,2020-05-02 12:18:36,4.39992000006782,328,48.383,191.809,7200,240,Z:\SPART-WORK\Data\Voyager\voyager1\mag\48s\reviewed_vim\2020\voyager1_48s_mag-vim_20200101_v01.cdf,C:\Users\Administrator\Documents\FWD_matlab\Voyager_fu\Voyager_Interstellar_Monthly\HighestPrecision_Segments\V1_MAG48s_segment_1695_20200502T075436_20200502T121836.png,ok,
1,1696,2020-05-03 00:32:11,2020-05-03 05:03:23,4.51991972222222,336,48.383,144.287,7200,240,Z:\SPART-WORK\Data\Voyager\voyager1\mag\48s\reviewed_vim\2020\voyager1_48s_mag-vim_20200101_v01.cdf,C:\Users\Administrator\Documents\FWD_matlab\Voyager_fu\Voyager_Interstellar_Monthly\HighestPrecision_Segments\V1_MAG48s_segment_1696_20200503T003211_20200503T050323.png,ok,
1,1697,2020-05-03 07:56:12,2020-05-03 11:03:23,3.11976,235,48.383,48.385,7200,240,Z:\SPART-WORK\Data\Voyager\voyager1\mag\48s\reviewed_vim\2020\voyager1_48s_mag-vim_20200101_v01.cdf,C:\Users\Administrator\Documents\FWD_matlab\Voyager_fu\Voyager_Interstellar_Monthly\HighestPrecision_Segments\V1_MAG48s_segment_1697_20200503T075612_20200503T110323.png,ok,
1,1698,2020-05-04 01:57:48,2020-05-04 03:52:59,1.91975972222222,143,48.383,143.424,7200,240,Z:\SPART-WORK\Data\Voyager\voyager1\mag\48s\reviewed_vim\2020\voyager1_48s_mag-vim_20200101_v01.cdf,C:\Users\Administrator\Documents\FWD_matlab\Voyager_fu\Voyager_Interstellar_Monthly\HighestPrecision_Segments\V1_MAG48s_segment_1698_20200504T015748_20200504T035259.png,ok,
1,1699,2020-05-04 08:15:24,2020-05-04 12:20:12,4.08,305,48.383,144.288,7200,240,Z:\SPART-WORK\Data\Voyager\voyager1\mag\48s\reviewed_vim\2020\voyager1_48s_mag-vim_20200101_v01.cdf,C:\Users\Administrator\Documents\FWD_matlab\Voyager_fu\Voyager_Interstellar_Monthly\HighestPrecision_Segments\V1_MAG48s_segment_1699_20200504T081524_20200504T122012.png,ok,
1,1700,2020-05-05 09:49:47,2020-05-05 12:13:47,2.39999972222222,178,48.383,191.807000244141,7200,240,Z:\SPART-WORK\Data\Voyager\voyager1\mag\48s\reviewed_vim\2020\voyager1_48s_mag-vim_20200101_v01.cdf,C:\Users\Administrator\Documents\FWD_matlab\Voyager_fu\Voyager_Interstellar_Monthly\HighestPrecision_Segments\V1_MAG48s_segment_1700_20200505T094947_20200505T121347.png,ok,
1,1701,2020-05-06 00:39:23,2020-05-06 04:53:00,4.22687972222222,294,48.383,432,7200,240,Z:\SPART-WORK\Data\Voyager\voyager1\mag\48s\reviewed_vim\2020\voyager1_48s_mag-vim_20200101_v01.cdf,C:\Users\Administrator\Documents\FWD_matlab\Voyager_fu\Voyager_Interstellar_Monthly\HighestPrecision_Segments\V1_MAG48s_segment_1701_20200506T003923_20200506T045300.png,ok,
1,1702,2020-05-06 07:51:23,2020-05-06 10:53:48,3.04008027777778,226,48.383,191.808,7200,240,Z:\SPART-WORK\Data\Voyager\voyager1\mag\48s\reviewed_vim\2020\voyager1_48s_mag-vim_20200101_v01.cdf,C:\Users\Administrator\Documents\FWD_matlab\Voyager_fu\Voyager_Interstellar_Monthly\HighestPrecision_Segments\V1_MAG48s_segment_1702_20200506T075123_20200506T105348.png,ok,
1,1703,2020-05-07 00:00:59,2020-05-07 04:46:35,4.75992000006782,353,47.521,192.672,7200,240,Z:\SPART-WORK\Data\Voyager\voyager1\mag\48s\reviewed_vim\2020\voyager1_48s_mag-vim_20200101_v01.cdf,C:\Users\Administrator\Documents\FWD_matlab\Voyager_fu\Voyager_Interstellar_Monthly\HighestPrecision_Segments\V1_MAG48s_segment_1703_20200507T000059_20200507T044635.png,ok,
1,1704,2020-05-07 07:41:47,2020-05-07 10:08:11,2.44007972222222,181,47.521,190.944,7200,240,Z:\SPART-WORK\Data\Voyager\voyager1\mag\48s\reviewed_vim\2020\voyager1_48s_mag-vim_20200101_v01.cdf,C:\Users\Administrator\Documents\FWD_matlab\Voyager_fu\Voyager_Interstellar_Monthly\HighestPrecision_Segments\V1_MAG48s_segment_1704_20200507T074147_20200507T100811.png,ok,
1,1705,2020-05-07 23:54:36,2020-05-08 04:48:11,4.89312,241,47.521,5903.712,7200,240,Z:\SPART-WORK\Data\Voyager\voyager1\mag\48s\reviewed_vim\2020\voyager1_48s_mag-vim_20200101_v01.cdf,C:\Users\Administrator\Documents\FWD_matlab\Voyager_fu\Voyager_Interstellar_Monthly\HighestPrecision_Segments\V1_MAG48s_segment_1705_20200507T235436_20200508T044811.png,ok,
1,1706,2020-05-08 07:22:35,2020-05-08 12:08:11,4.75992,357,47.5209998779297,95.9040002441406,7200,240,Z:\SPART-WORK\Data\Voyager\voyager1\mag\48s\reviewed_vim\2020\voyager1_48s_mag-vim_20200101_v01.cdf,C:\Users\Administrator\Documents\FWD_matlab\Voyager_fu\Voyager_Interstellar_Monthly\HighestPrecision_Segments\V1_MAG48s_segment_1706_20200508T072235_20200508T120811.png,ok,
1,1707,2020-05-09 00:13:47,2020-05-09 05:06:35,4.87992,351,47.5209997558594,575.424,7200,240,Z:\SPART-WORK\Data\Voyager\voyager1\mag\48s\reviewed_vim\2020\voyager1_48s_mag-vim_20200101_v01.cdf,C:\Users\Administrator\Documents\FWD_matlab\Voyager_fu\Voyager_Interstellar_Monthly\HighestPrecision_Segments\V1_MAG48s_segment_1707_20200509T001347_20200509T050635.png,ok,
1,1708,2020-05-09 23:49:46,2020-05-10 04:48:11,4.97352027777778,374,47.5209997558594,49.249,7200,240,Z:\SPART-WORK\Data\Voyager\voyager1\mag\48s\reviewed_vim\2020\voyager1_48s_mag-vim_20200101_v01.cdf,C:\Users\Administrator\Documents\FWD_matlab\Voyager_fu\Voyager_Interstellar_Monthly\HighestPrecision_Segments\V1_MAG48s_segment_1708_20200509T234946_20200510T044811.png,ok,
1,1709,2020-05-10 07:20:59,2020-05-10 12:03:23,4.70664,352,47.5209997558594,143.423000244141,7200,240,Z:\SPART-WORK\Data\Voyager\voyager1\mag\48s\reviewed_vim\2020\voyager1_48s_mag-vim_20200101_v01.cdf,C:\Users\Administrator\Documents\FWD_matlab\Voyager_fu\Voyager_Interstellar_Monthly\HighestPrecision_Segments\V1_MAG48s_segment_1709_20200510T072059_20200510T120323.png,ok,
1,1710,2020-05-11 07:20:59,2020-05-11 12:08:11,4.78679972222222,358,47.5200002441406,145.151000244141,7200,240,Z:\SPART-WORK\Data\Voyager\voyager1\mag\48s\reviewed_vim\2020\voyager1_48s_mag-vim_20200101_v01.cdf,C:\Users\Administrator\Documents\FWD_matlab\Voyager_fu\Voyager_Interstellar_Monthly\HighestPrecision_Segments\V1_MAG48s_segment_1710_20200511T072059_20200511T120811.png,ok,
1,1711,2020-05-12 00:36:11,2020-05-12 04:43:22,4.11984,309,47.52,96.769,7200,240,Z:\SPART-WORK\Data\Voyager\voyager1\mag\48s\reviewed_vim\2020\voyager1_48s_mag-vim_20200101_v01.cdf,C:\Users\Administrator\Documents\FWD_matlab\Voyager_fu\Voyager_Interstellar_Monthly\HighestPrecision_Segments\V1_MAG48s_segment_1711_20200512T003611_20200512T044322.png,ok,
1,1712,2020-05-12 07:17:47,2020-05-12 13:13:47,5.93328,446,47.52,49.249,7200,240,Z:\SPART-WORK\Data\Voyager\voyager1\mag\48s\reviewed_vim\2020\voyager1_48s_mag-vim_20200101_v01.cdf,C:\Users\Administrator\Documents\FWD_matlab\Voyager_fu\Voyager_Interstellar_Monthly\HighestPrecision_Segments\V1_MAG48s_segment_1712_20200512T071747_20200512T131347.png,ok,
1,1713,2020-05-12 23:40:11,2020-05-13 03:37:48,3.96024,288,47.52,383.617,7200,240,Z:\SPART-WORK\Data\Voyager\voyager1\mag\48s\reviewed_vim\2020\voyager1_48s_mag-vim_20200101_v01.cdf,C:\Users\Administrator\Documents\FWD_matlab\Voyager_fu\Voyager_Interstellar_Monthly\HighestPrecision_Segments\V1_MAG48s_segment_1713_20200512T234011_20200513T033748.png,ok,
1,1714,2020-05-13 07:08:11,2020-05-13 10:33:48,3.42696027777778,258,47.52,49.249,7200,240,Z:\SPART-WORK\Data\Voyager\voyager1\mag\48s\reviewed_vim\2020\voyager1_48s_mag-vim_20200101_v01.cdf,C:\Users\Administrator\Documents\FWD_matlab\Voyager_fu\Voyager_Interstellar_Monthly\HighestPrecision_Segments\V1_MAG48s_segment_1714_20200513T070811_20200513T103348.png,ok,
1,1715,2020-05-13 23:44:12,2020-05-14 02:28:11,2.73312,204,47.52,143.424,7200,240,Z:\SPART-WORK\Data\Voyager\voyager1\mag\48s\reviewed_vim\2020\voyager1_48s_mag-vim_20200101_v01.cdf,C:\Users\Administrator\Documents\FWD_matlab\Voyager_fu\Voyager_Interstellar_Monthly\HighestPrecision_Segments\V1_MAG48s_segment_1715_20200513T234412_20200514T022811.png,ok,
1,1716,2020-05-14 07:03:23,2020-05-14 11:57:46,4.90655999993218,368,47.52,96.7689997558594,7200,240,Z:\SPART-WORK\Data\Voyager\voyager1\mag\48s\reviewed_vim\2020\voyager1_48s_mag-vim_20200101_v01.cdf,C:\Users\Administrator\Documents\FWD_matlab\Voyager_fu\Voyager_Interstellar_Monthly\HighestPrecision_Segments\V1_MAG48s_segment_1716_20200514T070323_20200514T115746.png,ok,
1,1717,2020-05-14 23:30:35,2020-05-15 04:48:11,5.29320027777778,375,47.52,527.039,7200,240,Z:\SPART-WORK\Data\Voyager\voyager1\mag\48s\reviewed_vim\2020\voyager1_48s_mag-vim_20200101_v01.cdf,C:\Users\Administrator\Documents\FWD_matlab\Voyager_fu\Voyager_Interstellar_Monthly\HighestPrecision_Segments\V1_MAG48s_segment_1717_20200514T233035_20200515T044811.png,ok,
1,1718,2020-05-15 06:58:34,2020-05-15 13:08:11,6.16007972222222,463,47.52,49.249,7200,240,Z:\SPART-WORK\Data\Voyager\voyager1\mag\48s\reviewed_vim\2020\voyager1_48s_mag-vim_20200101_v01.cdf,C:\Users\Administrator\Documents\FWD_matlab\Voyager_fu\Voyager_Interstellar_Monthly\HighestPrecision_Segments\V1_MAG48s_segment_1718_20200515T065834_20200515T130811.png,ok,
1,1719,2020-05-15 23:35:23,2020-05-16 04:40:11,5.08008,377,47.52,192.672,7200,240,Z:\SPART-WORK\Data\Voyager\voyager1\mag\48s\reviewed_vim\2020\voyager1_48s_mag-vim_20200101_v01.cdf,C:\Users\Administrator\Documents\FWD_matlab\Voyager_fu\Voyager_Interstellar_Monthly\HighestPrecision_Segments\V1_MAG48s_segment_1719_20200515T233523_20200516T044011.png,ok,
1,1720,2020-05-16 07:00:10,2020-05-16 11:35:23,4.58688027777778,342,47.52,192.672,7200,240,Z:\SPART-WORK\Data\Voyager\voyager1\mag\48s\reviewed_vim\2020\voyager1_48s_mag-vim_20200101_v01.cdf,C:\Users\Administrator\Documents\FWD_matlab\Voyager_fu\Voyager_Interstellar_Monthly\HighestPrecision_Segments\V1_MAG48s_segment_1720_20200516T070010_20200516T113523.png,ok,
1,1721,2020-05-16 23:17:47,2020-05-17 03:12:59,3.91992000006782,281,47.52,432,7200,240,Z:\SPART-WORK\Data\Voyager\voyager1\mag\48s\reviewed_vim\2020\voyager1_48s_mag-vim_20200101_v01.cdf,C:\Users\Administrator\Documents\FWD_matlab\Voyager_fu\Voyager_Interstellar_Monthly\HighestPrecision_Segments\V1_MAG48s_segment_1721_20200516T231747_20200517T031259.png,ok,
1,1722,2020-05-17 06:56:59,2020-05-17 11:44:10,4.78632,356,47.52,192.672,7200,240,Z:\SPART-WORK\Data\Voyager\voyager1\mag\48s\reviewed_vim\2020\voyager1_48s_mag-vim_20200101_v01.cdf,C:\Users\Administrator\Documents\FWD_matlab\Voyager_fu\Voyager_Interstellar_Monthly\HighestPrecision_Segments\V1_MAG48s_segment_1722_20200517T065659_20200517T114410.png,ok,
1,1723,2020-05-17 23:09:47,2020-05-18 04:27:22,5.29320000006782,397,47.52,96.769,7200,240,Z:\SPART-WORK\Data\Voyager\voyager1\mag\48s\reviewed_vim\2020\voyager1_48s_mag-vim_20200101_v01.cdf,C:\Users\Administrator\Documents\FWD_matlab\Voyager_fu\Voyager_Interstellar_Monthly\HighestPrecision_Segments\V1_MAG48s_segment_1723_20200517T230947_20200518T042722.png,ok,
1,1724,2020-05-18 06:52:11,2020-05-18 09:22:35,2.50680027777778,189,47.52,49.249,7200,240,Z:\SPART-WORK\Data\Voyager\voyager1\mag\48s\reviewed_vim\2020\voyager1_48s_mag-vim_20200101_v01.cdf,C:\Users\Administrator\Documents\FWD_matlab\Voyager_fu\Voyager_Interstellar_Monthly\HighestPrecision_Segments\V1_MAG48s_segment_1724_20200518T065211_20200518T092235.png,ok,
1,1725,2020-05-19 06:40:58,2020-05-19 15:24:11,8.72016,654,47.52,95.905,7200,240,Z:\SPART-WORK\Data\Voyager\voyager1\mag\48s\reviewed_vim\2020\voyager1_48s_mag-vim_20200101_v01.cdf,C:\Users\Administrator\Documents\FWD_matlab\Voyager_fu\Voyager_Interstellar_Monthly\HighestPrecision_Segments\V1_MAG48s_segment_1725_20200519T064058_20200519T152411.png,ok,
1,1726,2020-05-20 06:31:22,2020-05-20 11:43:22,5.20008,388,47.52,192.672,7200,240,Z:\SPART-WORK\Data\Voyager\voyager1\mag\48s\reviewed_vim\2020\voyager1_48s_mag-vim_20200101_v01.cdf,C:\Users\Administrator\Documents\FWD_matlab\Voyager_fu\Voyager_Interstellar_Monthly\HighestPrecision_Segments\V1_MAG48s_segment_1726_20200520T063122_20200520T114322.png,ok,
1,1727,2020-05-22 06:56:58,2020-05-22 10:37:46,3.67992027777778,274,47.52,192.672,7200,240,Z:\SPART-WORK\Data\Voyager\voyager1\mag\48s\reviewed_vim\2020\voyager1_48s_mag-vim_20200101_v01.cdf,C:\Users\Administrator\Documents\FWD_matlab\Voyager_fu\Voyager_Interstellar_Monthly\HighestPrecision_Segments\V1_MAG48s_segment_1727_20200522T065658_20200522T103746.png,ok,
1,1728,2020-05-23 06:29:47,2020-05-23 09:48:10,3.30647972222222,247,47.52,143.423,7200,240,Z:\SPART-WORK\Data\Voyager\voyager1\mag\48s\reviewed_vim\2020\voyager1_48s_mag-vim_20200101_v01.cdf,C:\Users\Administrator\Documents\FWD_matlab\Voyager_fu\Voyager_Interstellar_Monthly\HighestPrecision_Segments\V1_MAG48s_segment_1728_20200523T062947_20200523T094810.png,ok,
1,1729,2020-05-24 07:14:34,2020-05-24 11:32:10,4.29336,321,47.52,144.289,7200,240,Z:\SPART-WORK\Data\Voyager\voyager1\mag\48s\reviewed_vim\2020\voyager1_48s_mag-vim_20200101_v01.cdf,C:\Users\Administrator\Documents\FWD_matlab\Voyager_fu\Voyager_Interstellar_Monthly\HighestPrecision_Segments\V1_MAG48s_segment_1729_20200524T071434_20200524T113210.png,ok,
1,1730,2020-05-25 06:20:11,2020-05-25 09:36:58,3.27984,247,47.52,49.249,7200,240,Z:\SPART-WORK\Data\Voyager\voyager1\mag\48s\reviewed_vim\2020\voyager1_48s_mag-vim_20200101_v01.cdf,C:\Users\Administrator\Documents\FWD_matlab\Voyager_fu\Voyager_Interstellar_Monthly\HighestPrecision_Segments\V1_MAG48s_segment_1730_20200525T062011_20200525T093658.png,ok,
1,1731,2020-05-26 06:20:11,2020-05-26 11:32:10,5.19984027770996,389,47.52,144.289,7200,240,Z:\SPART-WORK\Data\Voyager\voyager1\mag\48s\reviewed_vim\2020\voyager1_48s_mag-vim_20200101_v01.cdf,C:\Users\Administrator\Documents\FWD_matlab\Voyager_fu\Voyager_Interstellar_Monthly\HighestPrecision_Segments\V1_MAG48s_segment_1731_20200526T062011_20200526T113210.png,ok,
1,1732,2020-05-27 02:15:22,2020-05-27 04:18:34,2.05344027777778,154,47.52,95.905,7200,240,Z:\SPART-WORK\Data\Voyager\voyager1\mag\48s\reviewed_vim\2020\voyager1_48s_mag-vim_20200101_v01.cdf,C:\Users\Administrator\Documents\FWD_matlab\Voyager_fu\Voyager_Interstellar_Monthly\HighestPrecision_Segments\V1_MAG48s_segment_1732_20200527T021522_20200527T041834.png,ok,
1,1733,2020-05-27 06:20:11,2020-05-27 11:02:35,4.70663999993218,354,47.52,49.249,7200,240,Z:\SPART-WORK\Data\Voyager\voyager1\mag\48s\reviewed_vim\2020\voyager1_48s_mag-vim_20200101_v01.cdf,C:\Users\Administrator\Documents\FWD_matlab\Voyager_fu\Voyager_Interstellar_Monthly\HighestPrecision_Segments\V1_MAG48s_segment_1733_20200527T062011_20200527T110235.png,ok,
1,1734,2020-05-27 22:28:10,2020-05-28 05:01:45,6.55992027770996,487,47.52,192.672,7200,240,Z:\SPART-WORK\Data\Voyager\voyager1\mag\48s\reviewed_vim\2020\voyager1_48s_mag-vim_20200101_v01.cdf,C:\Users\Administrator\Documents\FWD_matlab\Voyager_fu\Voyager_Interstellar_Monthly\HighestPrecision_Segments\V1_MAG48s_segment_1734_20200527T222810_20200528T050145.png,ok,
1,1735,2020-05-28 07:09:46,2020-05-28 11:27:22,4.29311972222222,322,47.52,96.767,7200,240,Z:\SPART-WORK\Data\Voyager\voyager1\mag\48s\reviewed_vim\2020\voyager1_48s_mag-vim_20200101_v01.cdf,C:\Users\Administrator\Documents\FWD_matlab\Voyager_fu\Voyager_Interstellar_Monthly\HighestPrecision_Segments\V1_MAG48s_segment_1735_20200528T070946_20200528T112722.png,ok,
1,1736,2020-05-29 06:52:11,2020-05-29 11:23:21,4.51968,340,47.52,49.249,7200,240,Z:\SPART-WORK\Data\Voyager\voyager1\mag\48s\reviewed_vim\2020\voyager1_48s_mag-vim_20200101_v01.cdf,C:\Users\Administrator\Documents\FWD_matlab\Voyager_fu\Voyager_Interstellar_Monthly\HighestPrecision_Segments\V1_MAG48s_segment_1736_20200529T065211_20200529T112321.png,ok,
1,1737,2020-05-30 00:00:59,2020-05-30 02:07:22,2.10648,158,47.52,95.04,7200,240,Z:\SPART-WORK\Data\Voyager\voyager1\mag\48s\reviewed_vim\2020\voyager1_48s_mag-vim_20200101_v01.cdf,C:\Users\Administrator\Documents\FWD_matlab\Voyager_fu\Voyager_Interstellar_Monthly\HighestPrecision_Segments\V1_MAG48s_segment_1737_20200530T000059_20200530T020722.png,ok,
1,1738,2020-05-30 06:05:46,2020-05-30 10:08:58,4.05336,304,47.52,96.769,7200,240,Z:\SPART-WORK\Data\Voyager\voyager1\mag\48s\reviewed_vim\2020\voyager1_48s_mag-vim_20200101_v01.cdf,C:\Users\Administrator\Documents\FWD_matlab\Voyager_fu\Voyager_Interstellar_Monthly\HighestPrecision_Segments\V1_MAG48s_segment_1738_20200530T060546_20200530T100858.png,ok,
1,1739,2020-05-30 22:24:58,2020-05-31 02:07:22,3.70679972222222,255,47.52,1151.711,7200,240,Z:\SPART-WORK\Data\Voyager\voyager1\mag\48s\reviewed_vim\2020\voyager1_48s_mag-vim_20200101_v01.cdf,C:\Users\Administrator\Documents\FWD_matlab\Voyager_fu\Voyager_Interstellar_Monthly\HighestPrecision_Segments\V1_MAG48s_segment_1739_20200530T222458_20200531T020722.png,ok,
1,1740,2020-05-31 05:51:23,2020-05-31 12:18:33,6.45287972229004,485,47.52,49.249,7200,240,Z:\SPART-WORK\Data\Voyager\voyager1\mag\48s\reviewed_vim\2020\voyager1_48s_mag-vim_20200101_v01.cdf,C:\Users\Administrator\Documents\FWD_matlab\Voyager_fu\Voyager_Interstellar_Monthly\HighestPrecision_Segments\V1_MAG48s_segment_1740_20200531T055123_20200531T121833.png,ok,
1,1741,2020-05-31 22:13:47,2020-06-01 01:16:58,3.05303972222222,230,47.52,49.249,7200,240,Z:\SPART-WORK\Data\Voyager\voyager1\mag\48s\reviewed_vim\2020\voyager1_48s_mag-vim_20200101_v01.cdf,C:\Users\Administrator\Documents\FWD_matlab\Voyager_fu\Voyager_Interstellar_Monthly\HighestPrecision_Segments\V1_MAG48s_segment_1741_20200531T221347_20200601T011658.png,ok,
1,1742,2020-06-01 05:54:34,2020-06-01 09:08:10,3.22680027770996,241,47.52,143.423,7200,240,Z:\SPART-WORK\Data\Voyager\voyager1\mag\48s\reviewed_vim\2020\voyager1_48s_mag-vim_20200101_v01.cdf,C:\Users\Administrator\Documents\FWD_matlab\Voyager_fu\Voyager_Interstellar_Monthly\HighestPrecision_Segments\V1_MAG48s_segment_1742_20200601T055434_20200601T090810.png,ok,
1,1743,2020-06-02 05:56:10,2020-06-02 09:52:11,3.93359972222222,293,47.52,190.945,7200,240,Z:\SPART-WORK\Data\Voyager\voyager1\mag\48s\reviewed_vim\2020\voyager1_48s_mag-vim_20200101_v01.cdf,C:\Users\Administrator\Documents\FWD_matlab\Voyager_fu\Voyager_Interstellar_Monthly\HighestPrecision_Segments\V1_MAG48s_segment_1743_20200602T055610_20200602T095211.png,ok,
1,1744,2020-06-03 07:09:46,2020-06-03 09:02:25,1.87727972222222,139,47.52,134.783,7200,240,Z:\SPART-WORK\Data\Voyager\voyager1\mag\48s\reviewed_vim\2020\voyager1_48s_mag-vim_20200101_v01.cdf,C:\Users\Administrator\Documents\FWD_matlab\Voyager_fu\Voyager_Interstellar_Monthly\HighestPrecision_Segments\V1_MAG48s_segment_1744_20200603T070946_20200603T090225.png,ok,
1,1745,2020-06-05 05:41:47,2020-06-05 09:47:22,4.09320027777778,308,47.5200002441406,49.249,7200,240,Z:\SPART-WORK\Data\Voyager\voyager1\mag\48s\reviewed_vim\2020\voyager1_48s_mag-vim_20200101_v01.cdf,C:\Users\Administrator\Documents\FWD_matlab\Voyager_fu\Voyager_Interstellar_Monthly\HighestPrecision_Segments\V1_MAG48s_segment_1745_20200605T054147_20200605T094722.png,ok,
1,1746,2020-06-06 05:36:58,2020-06-06 09:36:10,3.98663972222222,297,47.5209997558594,191.808,7200,240,Z:\SPART-WORK\Data\Voyager\voyager1\mag\48s\reviewed_vim\2020\voyager1_48s_mag-vim_20200101_v01.cdf,C:\Users\Administrator\Documents\FWD_matlab\Voyager_fu\Voyager_Interstellar_Monthly\HighestPrecision_Segments\V1_MAG48s_segment_1746_20200606T053658_20200606T093610.png,ok,
1,1747,2020-06-06 22:04:10,2020-06-07 03:07:23,5.05344027777778,378,47.5209997558594,143.425,7200,240,Z:\SPART-WORK\Data\Voyager\voyager1\mag\48s\reviewed_vim\2020\voyager1_48s_mag-vim_20200101_v01.cdf,C:\Users\Administrator\Documents\FWD_matlab\Voyager_fu\Voyager_Interstellar_Monthly\HighestPrecision_Segments\V1_MAG48s_segment_1747_20200606T220410_20200607T030723.png,ok,
1,1748,2020-06-07 06:04:10,2020-06-07 08:40:58,2.61336,154,47.521,1872.288,7200,240,Z:\SPART-WORK\Data\Voyager\voyager1\mag\48s\reviewed_vim\2020\voyager1_48s_mag-vim_20200101_v01.cdf,C:\Users\Administrator\Documents\FWD_matlab\Voyager_fu\Voyager_Interstellar_Monthly\HighestPrecision_Segments\V1_MAG48s_segment_1748_20200607T060410_20200607T084058.png,ok,
1,1749,2020-06-07 21:57:46,2020-06-08 01:31:22,3.55991972222222,266,47.521,143.423,7200,240,Z:\SPART-WORK\Data\Voyager\voyager1\mag\48s\reviewed_vim\2020\voyager1_48s_mag-vim_20200101_v01.cdf,C:\Users\Administrator\Documents\FWD_matlab\Voyager_fu\Voyager_Interstellar_Monthly\HighestPrecision_Segments\V1_MAG48s_segment_1749_20200607T215746_20200608T013122.png,ok,
1,1750,2020-06-08 05:24:09,2020-06-08 07:58:34,2.57351972222222,193,47.521,96.7670002441406,7200,240,Z:\SPART-WORK\Data\Voyager\voyager1\mag\48s\reviewed_vim\2020\voyager1_48s_mag-vim_20200101_v01.cdf,C:\Users\Administrator\Documents\FWD_matlab\Voyager_fu\Voyager_Interstellar_Monthly\HighestPrecision_Segments\V1_MAG48s_segment_1750_20200608T052409_20200608T075834.png,ok,
1,1751,2020-06-08 21:48:10,2020-06-09 07:51:23,10.0536,621,47.521,6384.096,7200,240,Z:\SPART-WORK\Data\Voyager\voyager1\mag\48s\reviewed_vim\2020\voyager1_48s_mag-vim_20200101_v01.cdf,C:\Users\Administrator\Documents\FWD_matlab\Voyager_fu\Voyager_Interstellar_Monthly\HighestPrecision_Segments\V1_MAG48s_segment_1751_20200608T214810_20200609T075123.png,ok,
1,1752,2020-06-09 22:32:57,2020-06-10 10:56:09,12.3866397222222,794,47.521,6335.712,7200,240,Z:\SPART-WORK\Data\Voyager\voyager1\mag\48s\reviewed_vim\2020\voyager1_48s_mag-vim_20200101_v01.cdf,C:\Users\Administrator\Documents\FWD_matlab\Voyager_fu\Voyager_Interstellar_Monthly\HighestPrecision_Segments\V1_MAG48s_segment_1752_20200609T223257_20200610T105609.png,ok,
1,1753,2020-06-10 23:32:09,2020-06-11 11:35:21,12.05327972229,823,47.521,3791.23100024414,7200,240,Z:\SPART-WORK\Data\Voyager\voyager1\mag\48s\reviewed_vim\2020\voyager1_48s_mag-vim_20200101_v01.cdf,C:\Users\Administrator\Documents\FWD_matlab\Voyager_fu\Voyager_Interstellar_Monthly\HighestPrecision_Segments\V1_MAG48s_segment_1753_20200610T233209_20200611T113521.png,ok,
1,1754,2020-06-11 21:25:46,2020-06-12 00:32:57,3.11976000006782,222,47.521,432.001,7200,240,Z:\SPART-WORK\Data\Voyager\voyager1\mag\48s\reviewed_vim\2020\voyager1_48s_mag-vim_20200101_v01.cdf,C:\Users\Administrator\Documents\FWD_matlab\Voyager_fu\Voyager_Interstellar_Monthly\HighestPrecision_Segments\V1_MAG48s_segment_1754_20200611T212546_20200612T003257.png,ok,
1,1755,2020-06-12 05:16:09,2020-06-12 10:51:23,5.58695972222222,420,47.521,49.249,7200,240,Z:\SPART-WORK\Data\Voyager\voyager1\mag\48s\reviewed_vim\2020\voyager1_48s_mag-vim_20200101_v01.cdf,C:\Users\Administrator\Documents\FWD_matlab\Voyager_fu\Voyager_Interstellar_Monthly\HighestPrecision_Segments\V1_MAG48s_segment_1755_20200612T051609_20200612T105123.png,ok,
1,1756,2020-06-12 22:47:21,2020-06-13 03:25:46,4.6404,346,47.521,192.671,7200,240,Z:\SPART-WORK\Data\Voyager\voyager1\mag\48s\reviewed_vim\2020\voyager1_48s_mag-vim_20200101_v01.cdf,C:\Users\Administrator\Documents\FWD_matlab\Voyager_fu\Voyager_Interstellar_Monthly\HighestPrecision_Segments\V1_MAG48s_segment_1756_20200612T224721_20200613T032546.png,ok,
1,1757,2020-06-13 06:16:57,2020-06-13 10:50:33,4.56000027770996,343,47.521,49.249,7200,240,Z:\SPART-WORK\Data\Voyager\voyager1\mag\48s\reviewed_vim\2020\voyager1_48s_mag-vim_20200101_v01.cdf,C:\Users\Administrator\Documents\FWD_matlab\Voyager_fu\Voyager_Interstellar_Monthly\HighestPrecision_Segments\V1_MAG48s_segment_1757_20200613T061657_20200613T105033.png,ok,
1,1758,2020-06-13 21:33:46,2020-06-14 11:01:45,13.4666402777778,878,47.521,6335.71200024414,7200,240,Z:\SPART-WORK\Data\Voyager\voyager1\mag\48s\reviewed_vim\2020\voyager1_48s_mag-vim_20200101_v01.cdf,C:\Users\Administrator\Documents\FWD_matlab\Voyager_fu\Voyager_Interstellar_Monthly\HighestPrecision_Segments\V1_MAG48s_segment_1758_20200613T213346_20200614T110145.png,ok,
1,1759,2020-06-14 21:24:09,2020-06-15 07:30:34,10.10688,634,47.521,5856.192,7200,240,Z:\SPART-WORK\Data\Voyager\voyager1\mag\48s\reviewed_vim\2020\voyager1_48s_mag-vim_20200101_v01.cdf,C:\Users\Administrator\Documents\FWD_matlab\Voyager_fu\Voyager_Interstellar_Monthly\HighestPrecision_Segments\V1_MAG48s_segment_1759_20200614T212409_20200615T073034.png,ok,
1,1760,2020-06-15 21:28:57,2020-06-16 03:25:46,5.94696,447,47.521,49.249,7200,240,Z:\SPART-WORK\Data\Voyager\voyager1\mag\48s\reviewed_vim\2020\voyager1_48s_mag-vim_20200101_v01.cdf,C:\Users\Administrator\Documents\FWD_matlab\Voyager_fu\Voyager_Interstellar_Monthly\HighestPrecision_Segments\V1_MAG48s_segment_1760_20200615T212857_20200616T032546.png,ok,
1,1761,2020-06-16 08:16:58,2020-06-16 12:20:57,4.06655972222222,303,47.521,192.673,7200,240,Z:\SPART-WORK\Data\Voyager\voyager1\mag\48s\reviewed_vim\2020\voyager1_48s_mag-vim_20200101_v01.cdf,C:\Users\Administrator\Documents\FWD_matlab\Voyager_fu\Voyager_Interstellar_Monthly\HighestPrecision_Segments\V1_MAG48s_segment_1761_20200616T081658_20200616T122057.png,ok,
1,1762,2020-06-16 21:19:21,2020-06-17 00:20:10,3.01368,225,47.521,143.424,7200,240,Z:\SPART-WORK\Data\Voyager\voyager1\mag\48s\reviewed_vim\2020\voyager1_48s_mag-vim_20200101_v01.cdf,C:\Users\Administrator\Documents\FWD_matlab\Voyager_fu\Voyager_Interstellar_Monthly\HighestPrecision_Segments\V1_MAG48s_segment_1762_20200616T211921_20200617T002010.png,ok,
1,1763,2020-06-17 22:55:21,2020-06-18 10:35:21,11.66664,725,47.521,7151.32700024414,7200,240,Z:\SPART-WORK\Data\Voyager\voyager1\mag\48s\reviewed_vim\2020\voyager1_48s_mag-vim_20200101_v01.cdf,C:\Users\Administrator\Documents\FWD_matlab\Voyager_fu\Voyager_Interstellar_Monthly\HighestPrecision_Segments\V1_MAG48s_segment_1763_20200617T225521_20200618T103521.png,ok,
1,1764,2020-06-18 21:06:33,2020-06-19 00:00:10,2.89344027777778,209,47.521,385.343,7200,240,Z:\SPART-WORK\Data\Voyager\voyager1\mag\48s\reviewed_vim\2020\voyager1_48s_mag-vim_20200101_v01.cdf,C:\Users\Administrator\Documents\FWD_matlab\Voyager_fu\Voyager_Interstellar_Monthly\HighestPrecision_Segments\V1_MAG48s_segment_1764_20200618T210633_20200619T000010.png,ok,
1,1765,2020-06-19 04:42:34,2020-06-19 11:00:57,6.30648,473,47.521,95.903,7200,240,Z:\SPART-WORK\Data\Voyager\voyager1\mag\48s\reviewed_vim\2020\voyager1_48s_mag-vim_20200101_v01.cdf,C:\Users\Administrator\Documents\FWD_matlab\Voyager_fu\Voyager_Interstellar_Monthly\HighestPrecision_Segments\V1_MAG48s_segment_1765_20200619T044234_20200619T110057.png,ok,
1,1766,2020-06-19 21:59:22,2020-06-20 03:10:34,5.18663972222222,387,47.521,191.808,7200,240,Z:\SPART-WORK\Data\Voyager\voyager1\mag\48s\reviewed_vim\2020\voyager1_48s_mag-vim_20200101_v01.cdf,C:\Users\Administrator\Documents\FWD_matlab\Voyager_fu\Voyager_Interstellar_Monthly\HighestPrecision_Segments\V1_MAG48s_segment_1766_20200619T215922_20200620T031034.png,ok,
1,1767,2020-06-20 05:51:21,2020-06-20 10:45:45,4.90656027777778,369,47.521,49.249,7200,240,Z:\SPART-WORK\Data\Voyager\voyager1\mag\48s\reviewed_vim\2020\voyager1_48s_mag-vim_20200101_v01.cdf,C:\Users\Administrator\Documents\FWD_matlab\Voyager_fu\Voyager_Interstellar_Monthly\HighestPrecision_Segments\V1_MAG48s_segment_1767_20200620T055121_20200620T104545.png,ok,
1,1768,2020-06-20 21:03:21,2020-06-21 10:30:34,13.45368,901,47.521,5184,7200,240,Z:\SPART-WORK\Data\Voyager\voyager1\mag\48s\reviewed_vim\2020\voyager1_48s_mag-vim_20200101_v01.cdf,C:\Users\Administrator\Documents\FWD_matlab\Voyager_fu\Voyager_Interstellar_Monthly\HighestPrecision_Segments\V1_MAG48s_segment_1768_20200620T210321_20200621T103034.png,ok,
1,1769,2020-06-22 00:13:45,2020-06-22 03:04:58,2.8536,212,47.521,191.807000244141,7200,240,Z:\SPART-WORK\Data\Voyager\voyager1\mag\48s\reviewed_vim\2020\voyager1_48s_mag-vim_20200101_v01.cdf,C:\Users\Administrator\Documents\FWD_matlab\Voyager_fu\Voyager_Interstellar_Monthly\HighestPrecision_Segments\V1_MAG48s_segment_1769_20200622T001345_20200622T030458.png,ok,
1,1770,2020-06-22 06:34:33,2020-06-22 11:24:57,4.83984,363,47.521,96.767,7200,240,Z:\SPART-WORK\Data\Voyager\voyager1\mag\48s\reviewed_vim\2020\voyager1_48s_mag-vim_20200101_v01.cdf,C:\Users\Administrator\Documents\FWD_matlab\Voyager_fu\Voyager_Interstellar_Monthly\HighestPrecision_Segments\V1_MAG48s_segment_1770_20200622T063433_20200622T112457.png,ok,
1,1771,2020-06-23 04:50:33,2020-06-23 10:10:33,5.33328,401,47.521,49.249,7200,240,Z:\SPART-WORK\Data\Voyager\voyager1\mag\48s\reviewed_vim\2020\voyager1_48s_mag-vim_20200101_v01.cdf,C:\Users\Administrator\Documents\FWD_matlab\Voyager_fu\Voyager_Interstellar_Monthly\HighestPrecision_Segments\V1_MAG48s_segment_1771_20200623T045033_20200623T101033.png,ok,
1,1772,2020-06-24 01:08:09,2020-06-24 10:24:58,9.28032027777778,617,47.521,3744.576,7200,240,Z:\SPART-WORK\Data\Voyager\voyager1\mag\48s\reviewed_vim\2020\voyager1_48s_mag-vim_20200101_v01.cdf,C:\Users\Administrator\Documents\FWD_matlab\Voyager_fu\Voyager_Interstellar_Monthly\HighestPrecision_Segments\V1_MAG48s_segment_1772_20200624T010809_20200624T102458.png,ok,
1,1773,2020-06-24 23:22:33,2020-06-25 06:49:45,7.45344,514,47.5209997558594,1919.809,7200,240,Z:\SPART-WORK\Data\Voyager\voyager1\mag\48s\reviewed_vim\2020\voyager1_48s_mag-vim_20200101_v01.cdf,C:\Users\Administrator\Documents\FWD_matlab\Voyager_fu\Voyager_Interstellar_Monthly\HighestPrecision_Segments\V1_MAG48s_segment_1773_20200624T232233_20200625T064945.png,ok,
1,1774,2020-06-25 20:53:45,2020-06-26 08:15:20,11.3596800000678,853,47.5209997558594,49.249,7200,240,Z:\SPART-WORK\Data\Voyager\voyager1\mag\48s\reviewed_vim\2020\voyager1_48s_mag-vim_20200101_v01.cdf,C:\Users\Administrator\Documents\FWD_matlab\Voyager_fu\Voyager_Interstellar_Monthly\HighestPrecision_Segments\V1_MAG48s_segment_1774_20200625T205345_20200626T081520.png,ok,
1,1775,2020-06-26 21:44:57,2020-06-27 00:12:09,2.45328027777778,185,47.5205,49.249,7200,240,Z:\SPART-WORK\Data\Voyager\voyager1\mag\48s\reviewed_vim\2020\voyager1_48s_mag-vim_20200101_v01.cdf,C:\Users\Administrator\Documents\FWD_matlab\Voyager_fu\Voyager_Interstellar_Monthly\HighestPrecision_Segments\V1_MAG48s_segment_1775_20200626T214457_20200627T001209.png,ok,
1,1776,2020-06-27 04:07:21,2020-06-27 08:14:33,4.11983972229004,309,47.5209997558594,95.039,7200,240,Z:\SPART-WORK\Data\Voyager\voyager1\mag\48s\reviewed_vim\2020\voyager1_48s_mag-vim_20200101_v01.cdf,C:\Users\Administrator\Documents\FWD_matlab\Voyager_fu\Voyager_Interstellar_Monthly\HighestPrecision_Segments\V1_MAG48s_segment_1776_20200627T040721_20200627T081433.png,ok,
1,1777,2020-06-27 20:23:21,2020-06-28 08:31:20,12.1332000000678,812,47.5200002441406,4608.57699975586,7200,240,Z:\SPART-WORK\Data\Voyager\voyager1\mag\48s\reviewed_vim\2020\voyager1_48s_mag-vim_20200101_v01.cdf,C:\Users\Administrator\Documents\FWD_matlab\Voyager_fu\Voyager_Interstellar_Monthly\HighestPrecision_Segments\V1_MAG48s_segment_1777_20200627T202321_20200628T083120.png,ok,
1,1778,2020-06-28 20:28:09,2020-06-28 22:15:22,1.78679972222222,135,47.52,49.249,7200,240,Z:\SPART-WORK\Data\Voyager\voyager1\mag\48s\reviewed_vim\2020\voyager1_48s_mag-vim_20200101_v01.cdf,C:\Users\Administrator\Documents\FWD_matlab\Voyager_fu\Voyager_Interstellar_Monthly\HighestPrecision_Segments\V1_MAG48s_segment_1778_20200628T202809_20200628T221522.png,ok,
1,1779,2020-06-29 04:16:57,2020-06-29 10:08:09,5.85335999993218,437,47.52,192.672,7200,240,Z:\SPART-WORK\Data\Voyager\voyager1\mag\48s\reviewed_vim\2020\voyager1_48s_mag-vim_20200101_v01.cdf,C:\Users\Administrator\Documents\FWD_matlab\Voyager_fu\Voyager_Interstellar_Monthly\HighestPrecision_Segments\V1_MAG48s_segment_1779_20200629T041657_20200629T100809.png,ok,
1,1780,2020-06-29 20:29:45,2020-06-29 23:13:44,2.73312,203,47.52,192.671999755859,7200,240,Z:\SPART-WORK\Data\Voyager\voyager1\mag\48s\reviewed_vim\2020\voyager1_48s_mag-vim_20200101_v01.cdf,C:\Users\Administrator\Documents\FWD_matlab\Voyager_fu\Voyager_Interstellar_Monthly\HighestPrecision_Segments\V1_MAG48s_segment_1780_20200629T202945_20200629T231344.png,ok,
1,1781,2020-06-30 03:52:56,2020-06-30 08:00:09,4.12008000006782,308,47.52,143.423,7200,240,Z:\SPART-WORK\Data\Voyager\voyager1\mag\48s\reviewed_vim\2020\voyager1_48s_mag-vim_20200101_v01.cdf,C:\Users\Administrator\Documents\FWD_matlab\Voyager_fu\Voyager_Interstellar_Monthly\HighestPrecision_Segments\V1_MAG48s_segment_1781_20200630T035256_20200630T080009.png,ok,
1,1782,2020-06-30 20:20:10,2020-06-30 23:48:56,3.47952,260,47.52,96.769,7200,240,Z:\SPART-WORK\Data\Voyager\voyager1\mag\48s\reviewed_vim\2020\voyager1_48s_mag-vim_20200101_v01.cdf,C:\Users\Administrator\Documents\FWD_matlab\Voyager_fu\Voyager_Interstellar_Monthly\HighestPrecision_Segments\V1_MAG48s_segment_1782_20200630T202010_20200630T234856.png,ok,
1,1783,2020-07-01 03:57:46,2020-07-01 11:19:20,7.35959972222222,457,47.52,4510.944,7200,240,Z:\SPART-WORK\Data\Voyager\voyager1\mag\48s\reviewed_vim\2020\voyager1_48s_mag-vim_20200101_v01.cdf,C:\Users\Administrator\Documents\FWD_matlab\Voyager_fu\Voyager_Interstellar_Monthly\HighestPrecision_Segments\V1_MAG48s_segment_1783_20200701T035746_20200701T111920.png,ok,
1,1784,2020-07-02 03:48:10,2020-07-02 10:04:09,6.26664,470,47.52,95.04,7200,240,Z:\SPART-WORK\Data\Voyager\voyager1\mag\48s\reviewed_vim\2020\voyager1_48s_mag-vim_20200101_v01.cdf,C:\Users\Administrator\Documents\FWD_matlab\Voyager_fu\Voyager_Interstellar_Monthly\HighestPrecision_Segments\V1_MAG48s_segment_1784_20200702T034810_20200702T100409.png,ok,
1,1785,2020-07-02 20:20:10,2020-07-03 08:24:09,12.06648,786,47.52,5568.48,7200,240,Z:\SPART-WORK\Data\Voyager\voyager1\mag\48s\reviewed_vim\2020\voyager1_48s_mag-vim_20200101_v01.cdf,C:\Users\Administrator\Documents\FWD_matlab\Voyager_fu\Voyager_Interstellar_Monthly\HighestPrecision_Segments\V1_MAG48s_segment_1785_20200702T202010_20200703T082409.png,ok,
1,1786,2020-07-03 20:07:21,2020-07-04 00:08:58,4.02696,302,47.52,95.9049997558594,7200,240,Z:\SPART-WORK\Data\Voyager\voyager1\mag\48s\reviewed_vim\2020\voyager1_48s_mag-vim_20200101_v01.cdf,C:\Users\Administrator\Documents\FWD_matlab\Voyager_fu\Voyager_Interstellar_Monthly\HighestPrecision_Segments\V1_MAG48s_segment_1786_20200703T200721_20200704T000858.png,ok,
1,1787,2020-07-04 03:40:08,2020-07-04 06:33:45,2.89343972229004,216,47.52,144.288999755859,7200,240,Z:\SPART-WORK\Data\Voyager\voyager1\mag\48s\reviewed_vim\2020\voyager1_48s_mag-vim_20200101_v01.cdf,C:\Users\Administrator\Documents\FWD_matlab\Voyager_fu\Voyager_Interstellar_Monthly\HighestPrecision_Segments\V1_MAG48s_segment_1787_20200704T034008_20200704T063345.png,ok,
1,1788,2020-07-04 21:59:20,2020-07-05 02:32:57,4.56024,342,47.52,96.767,7200,240,Z:\SPART-WORK\Data\Voyager\voyager1\mag\48s\reviewed_vim\2020\voyager1_48s_mag-vim_20200101_v01.cdf,C:\Users\Administrator\Documents\FWD_matlab\Voyager_fu\Voyager_Interstellar_Monthly\HighestPrecision_Segments\V1_MAG48s_segment_1788_20200704T215920_20200705T023257.png,ok,
1,1789,2020-07-05 05:12:57,2020-07-05 09:53:44,4.67975972222222,352,47.52,49.249,7200,240,Z:\SPART-WORK\Data\Voyager\voyager1\mag\48s\reviewed_vim\2020\voyager1_48s_mag-vim_20200101_v01.cdf,C:\Users\Administrator\Documents\FWD_matlab\Voyager_fu\Voyager_Interstellar_Monthly\HighestPrecision_Segments\V1_MAG48s_segment_1789_20200705T051257_20200705T095344.png,ok,
1,1790,2020-07-05 20:04:08,2020-07-06 06:03:21,9.98688027777778,585,47.52,6959.51900024414,7200,240,Z:\SPART-WORK\Data\Voyager\voyager1\mag\48s\reviewed_vim\2020\voyager1_48s_mag-vim_20200101_v01.cdf,C:\Users\Administrator\Documents\FWD_matlab\Voyager_fu\Voyager_Interstellar_Monthly\HighestPrecision_Segments\V1_MAG48s_segment_1790_20200705T200408_20200706T060321.png,ok,
1,1791,2020-07-06 20:08:57,2020-07-07 11:43:20,15.5731197222222,1065,47.52,4896.288,7200,240,Z:\SPART-WORK\Data\Voyager\voyager1\mag\48s\reviewed_vim\2020\voyager1_48s_mag-vim_20200101_v01.cdf,C:\Users\Administrator\Documents\FWD_matlab\Voyager_fu\Voyager_Interstellar_Monthly\HighestPrecision_Segments\V1_MAG48s_segment_1791_20200706T200857_20200707T114320.png,ok,
1,1792,2020-07-07 20:04:08,2020-07-08 02:28:09,6.40032027777778,444,47.52,1151.712,7200,240,Z:\SPART-WORK\Data\Voyager\voyager1\mag\48s\reviewed_vim\2020\voyager1_48s_mag-vim_20200101_v01.cdf,C:\Users\Administrator\Documents\FWD_matlab\Voyager_fu\Voyager_Interstellar_Monthly\HighestPrecision_Segments\V1_MAG48s_segment_1792_20200707T200408_20200708T022809.png,ok,
1,1793,2020-07-08 21:24:08,2020-07-09 11:31:20,14.11991972229,867,47.52,6048,7200,240,Z:\SPART-WORK\Data\Voyager\voyager1\mag\48s\reviewed_vim\2020\voyager1_48s_mag-vim_20200101_v01.cdf,C:\Users\Administrator\Documents\FWD_matlab\Voyager_fu\Voyager_Interstellar_Monthly\HighestPrecision_Segments\V1_MAG48s_segment_1793_20200708T212408_20200709T113120.png,ok,
1,1794,2020-07-10 04:12:09,2020-07-10 06:15:21,2.05344027777778,153,47.52,143.425,7200,240,Z:\SPART-WORK\Data\Voyager\voyager1\mag\48s\reviewed_vim\2020\voyager1_48s_mag-vim_20200101_v01.cdf,C:\Users\Administrator\Documents\FWD_matlab\Voyager_fu\Voyager_Interstellar_Monthly\HighestPrecision_Segments\V1_MAG48s_segment_1794_20200710T041209_20200710T061521.png,ok,
1,1795,2020-07-10 19:41:45,2020-07-11 00:37:44,4.93319972222222,370,47.52,95.04,7200,240,Z:\SPART-WORK\Data\Voyager\voyager1\mag\48s\reviewed_vim\2020\voyager1_48s_mag-vim_20200101_v01.cdf,C:\Users\Administrator\Documents\FWD_matlab\Voyager_fu\Voyager_Interstellar_Monthly\HighestPrecision_Segments\V1_MAG48s_segment_1795_20200710T194145_20200711T003744.png,ok,
1,1796,2020-07-11 05:08:08,2020-07-11 09:38:32,4.50647999993218,338,47.52,95.9049997558594,7200,240,Z:\SPART-WORK\Data\Voyager\voyager1\mag\48s\reviewed_vim\2020\voyager1_48s_mag-vim_20200101_v01.cdf,C:\Users\Administrator\Documents\FWD_matlab\Voyager_fu\Voyager_Interstellar_Monthly\HighestPrecision_Segments\V1_MAG48s_segment_1796_20200711T050808_20200711T093832.png,ok,
1,1797,2020-07-12 00:00:57,2020-07-12 02:12:08,2.18663972222222,162,47.52,192.672,7200,240,Z:\SPART-WORK\Data\Voyager\voyager1\mag\48s\reviewed_vim\2020\voyager1_48s_mag-vim_20200101_v01.cdf,C:\Users\Administrator\Documents\FWD_matlab\Voyager_fu\Voyager_Interstellar_Monthly\HighestPrecision_Segments\V1_MAG48s_segment_1797_20200712T000057_20200712T021208.png,ok,
1,1798,2020-07-12 19:54:32,2020-07-13 02:07:21,6.21359972229004,466,47.52,96.767,7200,240,Z:\SPART-WORK\Data\Voyager\voyager1\mag\48s\reviewed_vim\2020\voyager1_48s_mag-vim_20200101_v01.cdf,C:\Users\Administrator\Documents\FWD_matlab\Voyager_fu\Voyager_Interstellar_Monthly\HighestPrecision_Segments\V1_MAG48s_segment_1798_20200712T195432_20200713T020721.png,ok,
1,1799,2020-07-13 22:08:56,2020-07-14 02:12:08,4.05336,302,47.52,190.943,7200,240,Z:\SPART-WORK\Data\Voyager\voyager1\mag\48s\reviewed_vim\2020\voyager1_48s_mag-vim_20200101_v01.cdf,C:\Users\Administrator\Documents\FWD_matlab\Voyager_fu\Voyager_Interstellar_Monthly\HighestPrecision_Segments\V1_MAG48s_segment_1799_20200713T220856_20200714T021208.png,ok,
1,1800,2020-07-14 05:00:09,2020-07-14 10:29:44,5.49311999993218,413,47.52,49.249,7200,240,Z:\SPART-WORK\Data\Voyager\voyager1\mag\48s\reviewed_vim\2020\voyager1_48s_mag-vim_20200101_v01.cdf,C:\Users\Administrator\Documents\FWD_matlab\Voyager_fu\Voyager_Interstellar_Monthly\HighestPrecision_Segments\V1_MAG48s_segment_1800_20200714T050009_20200714T102944.png,ok,
1,1801,2020-07-15 02:04:08,2020-07-15 09:32:08,7.46664027777778,540,47.52,912.384000244141,7200,240,Z:\SPART-WORK\Data\Voyager\voyager1\mag\48s\reviewed_vim\2020\voyager1_48s_mag-vim_20200101_v01.cdf,C:\Users\Administrator\Documents\FWD_matlab\Voyager_fu\Voyager_Interstellar_Monthly\HighestPrecision_Segments\V1_MAG48s_segment_1801_20200715T020408_20200715T093208.png,ok,
1,1802,2020-07-15 22:21:44,2020-07-16 05:53:44,7.53336027777778,547,47.52,816.480999755859,7200,240,Z:\SPART-WORK\Data\Voyager\voyager1\mag\48s\reviewed_vim\2020\voyager1_48s_mag-vim_20200101_v01.cdf,C:\Users\Administrator\Documents\FWD_matlab\Voyager_fu\Voyager_Interstellar_Monthly\HighestPrecision_Segments\V1_MAG48s_segment_1802_20200715T222144_20200716T055344.png,ok,
1,1803,2020-07-16 20:44:07,2020-07-16 22:19:20,1.58688027777778,118,47.52,143.423,7200,240,Z:\SPART-WORK\Data\Voyager\voyager1\mag\48s\reviewed_vim\2020\voyager1_48s_mag-vim_20200101_v01.cdf,C:\Users\Administrator\Documents\FWD_matlab\Voyager_fu\Voyager_Interstellar_Monthly\HighestPrecision_Segments\V1_MAG48s_segment_1803_20200716T204407_20200716T221920.png,ok,
1,1804,2020-07-17 03:00:09,2020-07-17 06:46:32,3.77303972222222,283,47.52,95.039,7200,240,Z:\SPART-WORK\Data\Voyager\voyager1\mag\48s\reviewed_vim\2020\voyager1_48s_mag-vim_20200101_v01.cdf,C:\Users\Administrator\Documents\FWD_matlab\Voyager_fu\Voyager_Interstellar_Monthly\HighestPrecision_Segments\V1_MAG48s_segment_1804_20200717T030009_20200717T064632.png,ok,
1,1805,2020-07-17 21:44:55,2020-07-18 01:56:09,4.18703972222222,313,47.52,143.425,7200,240,Z:\SPART-WORK\Data\Voyager\voyager1\mag\48s\reviewed_vim\2020\voyager1_48s_mag-vim_20200101_v01.cdf,C:\Users\Administrator\Documents\FWD_matlab\Voyager_fu\Voyager_Interstellar_Monthly\HighestPrecision_Segments\V1_MAG48s_segment_1805_20200717T214455_20200718T015609.png,ok,
1,1806,2020-07-18 04:34:33,2020-07-18 09:22:33,4.79999972222222,361,47.52,49.249,7200,240,Z:\SPART-WORK\Data\Voyager\voyager1\mag\48s\reviewed_vim\2020\voyager1_48s_mag-vim_20200101_v01.cdf,C:\Users\Administrator\Documents\FWD_matlab\Voyager_fu\Voyager_Interstellar_Monthly\HighestPrecision_Segments\V1_MAG48s_segment_1806_20200718T043433_20200718T092233.png,ok,
1,1807,2020-07-18 21:51:21,2020-07-19 09:22:33,11.5199997222222,812,47.52,2496.961,7200,240,Z:\SPART-WORK\Data\Voyager\voyager1\mag\48s\reviewed_vim\2020\voyager1_48s_mag-vim_20200101_v01.cdf,C:\Users\Administrator\Documents\FWD_matlab\Voyager_fu\Voyager_Interstellar_Monthly\HighestPrecision_Segments\V1_MAG48s_segment_1807_20200718T215121_20200719T092233.png,ok,
1,1808,2020-07-20 03:22:33,2020-07-20 07:31:20,4.14648027777778,311,47.5200002441406,95.905,7200,240,Z:\SPART-WORK\Data\Voyager\voyager1\mag\48s\reviewed_vim\2020\voyager1_48s_mag-vim_20200101_v01.cdf,C:\Users\Administrator\Documents\FWD_matlab\Voyager_fu\Voyager_Interstellar_Monthly\HighestPrecision_Segments\V1_MAG48s_segment_1808_20200720T032233_20200720T073120.png,ok,
1,1809,2020-07-21 04:36:08,2020-07-21 07:16:07,2.66664027777778,200,47.5209997558594,95.904,7200,240,Z:\SPART-WORK\Data\Voyager\voyager1\mag\48s\reviewed_vim\2020\voyager1_48s_mag-vim_20200101_v01.cdf,C:\Users\Administrator\Documents\FWD_matlab\Voyager_fu\Voyager_Interstellar_Monthly\HighestPrecision_Segments\V1_MAG48s_segment_1809_20200721T043608_20200721T071607.png,ok,
1,1810,2020-07-22 02:55:20,2020-07-22 05:20:55,2.42640027777778,181,47.5209997558594,145.152,7200,240,Z:\SPART-WORK\Data\Voyager\voyager1\mag\48s\reviewed_vim\2020\voyager1_48s_mag-vim_20200101_v01.cdf,C:\Users\Administrator\Documents\FWD_matlab\Voyager_fu\Voyager_Interstellar_Monthly\HighestPrecision_Segments\V1_MAG48s_segment_1810_20200722T025520_20200722T052055.png,ok,
1,1811,2020-07-22 22:50:32,2020-07-23 07:04:08,8.22648,614,47.5209997558594,192.672,7200,240,Z:\SPART-WORK\Data\Voyager\voyager1\mag\48s\reviewed_vim\2020\voyager1_48s_mag-vim_20200101_v01.cdf,C:\Users\Administrator\Documents\FWD_matlab\Voyager_fu\Voyager_Interstellar_Monthly\HighestPrecision_Segments\V1_MAG48s_segment_1811_20200722T225032_20200723T070408.png,ok,
1,1812,2020-07-23 18:45:44,2020-07-23 21:39:19,2.89296027777778,218,47.521,49.249,7200,240,Z:\SPART-WORK\Data\Voyager\voyager1\mag\48s\reviewed_vim\2020\voyager1_48s_mag-vim_20200101_v01.cdf,C:\Users\Administrator\Documents\FWD_matlab\Voyager_fu\Voyager_Interstellar_Monthly\HighestPrecision_Segments\V1_MAG48s_segment_1812_20200723T184544_20200723T213919.png,ok,
1,1813,2020-07-24 02:10:32,2020-07-24 05:15:19,3.07991972222222,232,47.521,49.249,7200,240,Z:\SPART-WORK\Data\Voyager\voyager1\mag\48s\reviewed_vim\2020\voyager1_48s_mag-vim_20200101_v01.cdf,C:\Users\Administrator\Documents\FWD_matlab\Voyager_fu\Voyager_Interstellar_Monthly\HighestPrecision_Segments\V1_MAG48s_segment_1813_20200724T021032_20200724T051519.png,ok,
1,1814,2020-07-24 18:32:55,2020-07-25 06:15:20,11.70671972229,838,47.521,1918.944,7200,240,Z:\SPART-WORK\Data\Voyager\voyager1\mag\48s\reviewed_vim\2020\voyager1_48s_mag-vim_20200101_v01.cdf,C:\Users\Administrator\Documents\FWD_matlab\Voyager_fu\Voyager_Interstellar_Monthly\HighestPrecision_Segments\V1_MAG48s_segment_1814_20200724T183255_20200725T061520.png,ok,
1,1815,2020-07-25 18:31:20,2020-07-25 22:40:07,4.14647972222222,309,47.521,192.672,7200,240,Z:\SPART-WORK\Data\Voyager\voyager1\mag\48s\reviewed_vim\2020\voyager1_48s_mag-vim_20200101_v01.cdf,C:\Users\Administrator\Documents\FWD_matlab\Voyager_fu\Voyager_Interstellar_Monthly\HighestPrecision_Segments\V1_MAG48s_segment_1815_20200725T183120_20200725T224007.png,ok,
1,1816,2020-07-26 19:25:44,2020-07-27 04:34:31,9.14640027777778,470,47.521,5614.272,7200,240,Z:\SPART-WORK\Data\Voyager\voyager1\mag\48s\reviewed_vim\2020\voyager1_48s_mag-vim_20200101_v01.cdf,C:\Users\Administrator\Documents\FWD_matlab\Voyager_fu\Voyager_Interstellar_Monthly\HighestPrecision_Segments\V1_MAG48s_segment_1816_20200726T192544_20200727T043431.png,ok,
1,1817,2020-07-27 18:23:19,2020-07-27 22:34:31,4.18656027770996,315,47.521,49.249,7200,240,Z:\SPART-WORK\Data\Voyager\voyager1\mag\48s\reviewed_vim\2020\voyager1_48s_mag-vim_20200101_v01.cdf,C:\Users\Administrator\Documents\FWD_matlab\Voyager_fu\Voyager_Interstellar_Monthly\HighestPrecision_Segments\V1_MAG48s_segment_1817_20200727T182319_20200727T223431.png,ok,
1,1818,2020-07-28 18:23:19,2020-07-29 05:59:20,11.6001599999322,743,47.521,5856.192,7200,240,Z:\SPART-WORK\Data\Voyager\voyager1\mag\48s\reviewed_vim\2020\voyager1_48s_mag-vim_20200101_v01.cdf,C:\Users\Administrator\Documents\FWD_matlab\Voyager_fu\Voyager_Interstellar_Monthly\HighestPrecision_Segments\V1_MAG48s_segment_1818_20200728T182319_20200729T055920.png,ok,
1,1819,2020-07-29 18:20:07,2020-07-29 19:49:43,1.49328,107,47.521,336.095,7200,240,Z:\SPART-WORK\Data\Voyager\voyager1\mag\48s\reviewed_vim\2020\voyager1_48s_mag-vim_20200101_v01.cdf,C:\Users\Administrator\Documents\FWD_matlab\Voyager_fu\Voyager_Interstellar_Monthly\HighestPrecision_Segments\V1_MAG48s_segment_1819_20200729T182007_20200729T194943.png,ok,
1,1820,2020-07-30 02:39:19,2020-07-30 08:14:32,5.58696027777778,373,47.521,2111.61599975586,7200,240,Z:\SPART-WORK\Data\Voyager\voyager1\mag\48s\reviewed_vim\2020\voyager1_48s_mag-vim_20200101_v01.cdf,C:\Users\Administrator\Documents\FWD_matlab\Voyager_fu\Voyager_Interstellar_Monthly\HighestPrecision_Segments\V1_MAG48s_segment_1820_20200730T023919_20200730T081432.png,ok,
1,1821,2020-07-30 18:16:56,2020-07-30 21:09:44,2.88,214,47.521,144.288,7200,240,Z:\SPART-WORK\Data\Voyager\voyager1\mag\48s\reviewed_vim\2020\voyager1_48s_mag-vim_20200101_v01.cdf,C:\Users\Administrator\Documents\FWD_matlab\Voyager_fu\Voyager_Interstellar_Monthly\HighestPrecision_Segments\V1_MAG48s_segment_1821_20200730T181656_20200730T210944.png,ok,
1,1822,2020-07-31 01:51:20,2020-07-31 07:05:44,5.23992000006782,394,47.521,49.249,7200,240,Z:\SPART-WORK\Data\Voyager\voyager1\mag\48s\reviewed_vim\2020\voyager1_48s_mag-vim_20200101_v01.cdf,C:\Users\Administrator\Documents\FWD_matlab\Voyager_fu\Voyager_Interstellar_Monthly\HighestPrecision_Segments\V1_MAG48s_segment_1822_20200731T015120_20200731T070544.png,ok,
1,1823,2020-07-31 18:06:31,2020-07-31 21:30:32,3.40032,253,47.521,190.944,7200,240,Z:\SPART-WORK\Data\Voyager\voyager1\mag\48s\reviewed_vim\2020\voyager1_48s_mag-vim_20200101_v01.cdf,C:\Users\Administrator\Documents\FWD_matlab\Voyager_fu\Voyager_Interstellar_Monthly\HighestPrecision_Segments\V1_MAG48s_segment_1823_20200731T180631_20200731T213032.png,ok,
1,1824,2020-08-01 02:04:07,2020-08-01 05:49:43,3.76008027770996,283,47.521,49.249,7200,240,Z:\SPART-WORK\Data\Voyager\voyager1\mag\48s\reviewed_vim\2020\voyager1_48s_mag-vim_20200101_v01.cdf,C:\Users\Administrator\Documents\FWD_matlab\Voyager_fu\Voyager_Interstellar_Monthly\HighestPrecision_Segments\V1_MAG48s_segment_1824_20200801T020407_20200801T054943.png,ok,
1,1825,2020-08-01 18:02:31,2020-08-01 20:59:20,2.94696,216,47.521,192.671000244141,7200,240,Z:\SPART-WORK\Data\Voyager\voyager1\mag\48s\reviewed_vim\2020\voyager1_48s_mag-vim_20200101_v01.cdf,C:\Users\Administrator\Documents\FWD_matlab\Voyager_fu\Voyager_Interstellar_Monthly\HighestPrecision_Segments\V1_MAG48s_segment_1825_20200801T180231_20200801T205920.png,ok,
1,1826,2020-08-02 01:43:20,2020-08-02 04:08:55,2.42663972222222,180,47.521,190.944,7200,240,Z:\SPART-WORK\Data\Voyager\voyager1\mag\48s\reviewed_vim\2020\voyager1_48s_mag-vim_20200101_v01.cdf,C:\Users\Administrator\Documents\FWD_matlab\Voyager_fu\Voyager_Interstellar_Monthly\HighestPrecision_Segments\V1_MAG48s_segment_1826_20200802T014320_20200802T040855.png,ok,
1,1827,2020-08-02 18:00:55,2020-08-03 05:44:55,11.73336,732,47.521,6816.09600024414,7200,240,Z:\SPART-WORK\Data\Voyager\voyager1\mag\48s\reviewed_vim\2020\voyager1_48s_mag-vim_20200101_v01.cdf,C:\Users\Administrator\Documents\FWD_matlab\Voyager_fu\Voyager_Interstellar_Monthly\HighestPrecision_Segments\V1_MAG48s_segment_1827_20200802T180055_20200803T054455.png,ok,
1,1828,2020-08-03 18:04:07,2020-08-04 05:34:32,11.5067997222222,862,47.521,145.151000244141,7200,240,Z:\SPART-WORK\Data\Voyager\voyager1\mag\48s\reviewed_vim\2020\voyager1_48s_mag-vim_20200101_v01.cdf,C:\Users\Administrator\Documents\FWD_matlab\Voyager_fu\Voyager_Interstellar_Monthly\HighestPrecision_Segments\V1_MAG48s_segment_1828_20200803T180407_20200804T053432.png,ok,
1,1829,2020-08-04 17:54:31,2020-08-04 22:09:43,4.25327999993218,318,47.521,145.153,7200,240,Z:\SPART-WORK\Data\Voyager\voyager1\mag\48s\reviewed_vim\2020\voyager1_48s_mag-vim_20200101_v01.cdf,C:\Users\Administrator\Documents\FWD_matlab\Voyager_fu\Voyager_Interstellar_Monthly\HighestPrecision_Segments\V1_MAG48s_segment_1829_20200804T175431_20200804T220943.png,ok,
1,1830,2020-08-05 02:53:44,2020-08-05 04:23:19,1.49304,112,47.5209997558594,95.039,7200,240,Z:\SPART-WORK\Data\Voyager\voyager1\mag\48s\reviewed_vim\2020\voyager1_48s_mag-vim_20200101_v01.cdf,C:\Users\Administrator\Documents\FWD_matlab\Voyager_fu\Voyager_Interstellar_Monthly\HighestPrecision_Segments\V1_MAG48s_segment_1830_20200805T025344_20200805T042319.png,ok,
1,1831,2020-08-05 18:07:20,2020-08-05 23:01:43,4.90632027770996,367,47.521,143.423000244141,7200,240,Z:\SPART-WORK\Data\Voyager\voyager1\mag\48s\reviewed_vim\2020\voyager1_48s_mag-vim_20200101_v01.cdf,C:\Users\Administrator\Documents\FWD_matlab\Voyager_fu\Voyager_Interstellar_Monthly\HighestPrecision_Segments\V1_MAG48s_segment_1831_20200805T180720_20200805T230143.png,ok,
1,1832,2020-08-06 07:19:18,2020-08-06 09:58:32,2.65367972229004,199,47.521,96.7670002441406,7200,240,Z:\SPART-WORK\Data\Voyager\voyager1\mag\48s\reviewed_vim\2020\voyager1_48s_mag-vim_20200101_v01.cdf,C:\Users\Administrator\Documents\FWD_matlab\Voyager_fu\Voyager_Interstellar_Monthly\HighestPrecision_Segments\V1_MAG48s_segment_1832_20200806T071918_20200806T095832.png,ok,
1,1833,2020-08-06 17:46:32,2020-08-06 20:37:43,2.85312027770996,214,47.5209997558594,95.9039997558594,7200,240,Z:\SPART-WORK\Data\Voyager\voyager1\mag\48s\reviewed_vim\2020\voyager1_48s_mag-vim_20200101_v01.cdf,C:\Users\Administrator\Documents\FWD_matlab\Voyager_fu\Voyager_Interstellar_Monthly\HighestPrecision_Segments\V1_MAG48s_segment_1833_20200806T174632_20200806T203743.png,ok,
1,1834,2020-08-07 01:16:07,2020-08-07 05:23:19,4.11983972222222,310,47.521,49.249,7200,240,Z:\SPART-WORK\Data\Voyager\voyager1\mag\48s\reviewed_vim\2020\voyager1_48s_mag-vim_20200101_v01.cdf,C:\Users\Administrator\Documents\FWD_matlab\Voyager_fu\Voyager_Interstellar_Monthly\HighestPrecision_Segments\V1_MAG48s_segment_1834_20200807T011607_20200807T052319.png,ok,
1,1835,2020-08-07 19:54:31,2020-08-07 23:02:30,3.1332,233,47.5209997558594,192.673,7200,240,Z:\SPART-WORK\Data\Voyager\voyager1\mag\48s\reviewed_vim\2020\voyager1_48s_mag-vim_20200101_v01.cdf,C:\Users\Administrator\Documents\FWD_matlab\Voyager_fu\Voyager_Interstellar_Monthly\HighestPrecision_Segments\V1_MAG48s_segment_1835_20200807T195431_20200807T230230.png,ok,
1,1836,2020-08-08 19:11:19,2020-08-08 23:13:43,4.03992,304,47.5200002441406,49.249,7200,240,Z:\SPART-WORK\Data\Voyager\voyager1\mag\48s\reviewed_vim\2020\voyager1_48s_mag-vim_20200101_v01.cdf,C:\Users\Administrator\Documents\FWD_matlab\Voyager_fu\Voyager_Interstellar_Monthly\HighestPrecision_Segments\V1_MAG48s_segment_1836_20200808T191119_20200808T231343.png,ok,
1,1837,2020-08-09 01:35:18,2020-08-09 03:42:31,2.12015972222222,158,47.5200002441406,143.425,7200,240,Z:\SPART-WORK\Data\Voyager\voyager1\mag\48s\reviewed_vim\2020\voyager1_48s_mag-vim_20200101_v01.cdf,C:\Users\Administrator\Documents\FWD_matlab\Voyager_fu\Voyager_Interstellar_Monthly\HighestPrecision_Segments\V1_MAG48s_segment_1837_20200809T013518_20200809T034231.png,ok,
1,1838,2020-08-09 17:38:31,2020-08-09 22:07:19,4.47984,337,47.5200001220703,49.249,7200,240,Z:\SPART-WORK\Data\Voyager\voyager1\mag\48s\reviewed_vim\2020\voyager1_48s_mag-vim_20200101_v01.cdf,C:\Users\Administrator\Documents\FWD_matlab\Voyager_fu\Voyager_Interstellar_Monthly\HighestPrecision_Segments\V1_MAG48s_segment_1838_20200809T173831_20200809T220719.png,ok,
1,1839,2020-08-10 01:14:32,2020-08-10 03:37:43,2.38655972229004,177,47.52,190.944,7200,240,Z:\SPART-WORK\Data\Voyager\voyager1\mag\48s\reviewed_vim\2020\voyager1_48s_mag-vim_20200101_v01.cdf,C:\Users\Administrator\Documents\FWD_matlab\Voyager_fu\Voyager_Interstellar_Monthly\HighestPrecision_Segments\V1_MAG48s_segment_1839_20200810T011432_20200810T033743.png,ok,
1,1840,2020-08-11 02:18:30,2020-08-11 05:28:55,3.17351972222222,232,47.52,240.192,7200,240,Z:\SPART-WORK\Data\Voyager\voyager1\mag\48s\reviewed_vim\2020\voyager1_48s_mag-vim_20200101_v01.cdf,C:\Users\Administrator\Documents\FWD_matlab\Voyager_fu\Voyager_Interstellar_Monthly\HighestPrecision_Segments\V1_MAG48s_segment_1840_20200811T021830_20200811T052855.png,ok,
1,1841,2020-08-11 08:13:43,2020-08-11 08:52:08,0.64032,49,47.5200001220703,49.249,7200,240,Z:\SPART-WORK\Data\Voyager\voyager1\mag\48s\reviewed_vim\2020\voyager1_48s_mag-vim_20200101_v01.cdf,C:\Users\Administrator\Documents\FWD_matlab\Voyager_fu\Voyager_Interstellar_Monthly\HighestPrecision_Segments\V1_MAG48s_segment_1841_20200811T081343_20200811T085208.png,ok,
1,1842,2020-08-11 17:22:31,2020-08-11 21:27:19,4.08023972222222,291,47.52,239.328000244141,7200,240,Z:\SPART-WORK\Data\Voyager\voyager1\mag\48s\reviewed_vim\2020\voyager1_48s_mag-vim_20200101_v01.cdf,C:\Users\Administrator\Documents\FWD_matlab\Voyager_fu\Voyager_Interstellar_Monthly\HighestPrecision_Segments\V1_MAG48s_segment_1842_20200811T172231_20200811T212719.png,ok,
1,1843,2020-08-12 00:58:30,2020-08-12 05:01:43,4.05360027777778,302,47.52,192.672,7200,240,Z:\SPART-WORK\Data\Voyager\voyager1\mag\48s\reviewed_vim\2020\voyager1_48s_mag-vim_20200101_v01.cdf,C:\Users\Administrator\Documents\FWD_matlab\Voyager_fu\Voyager_Interstellar_Monthly\HighestPrecision_Segments\V1_MAG48s_segment_1843_20200812T005830_20200812T050143.png,ok,
1,1844,2020-08-13 02:47:19,2020-08-13 06:41:43,3.90671999993218,293,47.52,95.9049997558594,7200,240,Z:\SPART-WORK\Data\Voyager\voyager1\mag\48s\reviewed_vim\2020\voyager1_48s_mag-vim_20200101_v01.cdf,C:\Users\Administrator\Documents\FWD_matlab\Voyager_fu\Voyager_Interstellar_Monthly\HighestPrecision_Segments\V1_MAG48s_segment_1844_20200813T024719_20200813T064143.png,ok,
1,1845,2020-08-13 18:28:07,2020-08-13 20:32:07,2.06663972222222,153,47.52,190.944999755859,7200,240,Z:\SPART-WORK\Data\Voyager\voyager1\mag\48s\reviewed_vim\2020\voyager1_48s_mag-vim_20200101_v01.cdf,C:\Users\Administrator\Documents\FWD_matlab\Voyager_fu\Voyager_Interstellar_Monthly\HighestPrecision_Segments\V1_MAG48s_segment_1845_20200813T182807_20200813T203207.png,ok,
1,1846,2020-08-14 01:12:55,2020-08-14 05:22:31,4.15992027777778,313,47.52,49.249,7200,240,Z:\SPART-WORK\Data\Voyager\voyager1\mag\48s\reviewed_vim\2020\voyager1_48s_mag-vim_20200101_v01.cdf,C:\Users\Administrator\Documents\FWD_matlab\Voyager_fu\Voyager_Interstellar_Monthly\HighestPrecision_Segments\V1_MAG48s_segment_1846_20200814T011255_20200814T052231.png,ok,
1,1847,2020-08-14 17:27:19,2020-08-14 22:17:43,4.83983999993218,363,47.52,95.9039997558594,7200,240,Z:\SPART-WORK\Data\Voyager\voyager1\mag\48s\reviewed_vim\2020\voyager1_48s_mag-vim_20200101_v01.cdf,C:\Users\Administrator\Documents\FWD_matlab\Voyager_fu\Voyager_Interstellar_Monthly\HighestPrecision_Segments\V1_MAG48s_segment_1847_20200814T172719_20200814T221743.png,ok,
1,1848,2020-08-15 17:00:07,2020-08-15 21:11:19,4.18656000006782,312,47.52,96.767,7200,240,Z:\SPART-WORK\Data\Voyager\voyager1\mag\48s\reviewed_vim\2020\voyager1_48s_mag-vim_20200101_v01.cdf,C:\Users\Administrator\Documents\FWD_matlab\Voyager_fu\Voyager_Interstellar_Monthly\HighestPrecision_Segments\V1_MAG48s_segment_1848_20200815T170007_20200815T211119.png,ok,
1,1849,2020-08-16 01:01:43,2020-08-16 04:46:31,3.74664027770996,279,47.52,190.943,7200,240,Z:\SPART-WORK\Data\Voyager\voyager1\mag\48s\reviewed_vim\2020\voyager1_48s_mag-vim_20200101_v01.cdf,C:\Users\Administrator\Documents\FWD_matlab\Voyager_fu\Voyager_Interstellar_Monthly\HighestPrecision_Segments\V1_MAG48s_segment_1849_20200816T010143_20200816T044631.png,ok,
1,1850,2020-08-16 17:03:18,2020-08-16 20:20:54,3.29327972222222,246,47.52,143.424999755859,7200,240,Z:\SPART-WORK\Data\Voyager\voyager1\mag\48s\reviewed_vim\2020\voyager1_48s_mag-vim_20200101_v01.cdf,C:\Users\Administrator\Documents\FWD_matlab\Voyager_fu\Voyager_Interstellar_Monthly\HighestPrecision_Segments\V1_MAG48s_segment_1850_20200816T170318_20200816T202054.png,ok,
1,1851,2020-08-17 02:00:55,2020-08-17 06:06:31,4.09344,306,47.52,144.287000244141,7200,240,Z:\SPART-WORK\Data\Voyager\voyager1\mag\48s\reviewed_vim\2020\voyager1_48s_mag-vim_20200101_v01.cdf,C:\Users\Administrator\Documents\FWD_matlab\Voyager_fu\Voyager_Interstellar_Monthly\HighestPrecision_Segments\V1_MAG48s_segment_1851_20200817T020055_20200817T060631.png,ok,
1,1852,2020-08-17 19:46:31,2020-08-18 02:27:19,6.68015972229004,502,47.52,49.249,7200,240,Z:\SPART-WORK\Data\Voyager\voyager1\mag\48s\reviewed_vim\2020\voyager1_48s_mag-vim_20200101_v01.cdf,C:\Users\Administrator\Documents\FWD_matlab\Voyager_fu\Voyager_Interstellar_Monthly\HighestPrecision_Segments\V1_MAG48s_segment_1852_20200817T194631_20200818T022719.png,ok,
1,1853,2020-08-18 17:04:55,2020-08-18 21:20:55,4.26672027777778,318,47.52,192.672,7200,240,Z:\SPART-WORK\Data\Voyager\voyager1\mag\48s\reviewed_vim\2020\voyager1_48s_mag-vim_20200101_v01.cdf,C:\Users\Administrator\Documents\FWD_matlab\Voyager_fu\Voyager_Interstellar_Monthly\HighestPrecision_Segments\V1_MAG48s_segment_1853_20200818T170455_20200818T212055.png,ok,
1,1854,2020-08-19 18:08:55,2020-08-19 23:16:07,5.11991972222222,384,47.52,95.9030002441406,7200,240,Z:\SPART-WORK\Data\Voyager\voyager1\mag\48s\reviewed_vim\2020\voyager1_48s_mag-vim_20200101_v01.cdf,C:\Users\Administrator\Documents\FWD_matlab\Voyager_fu\Voyager_Interstellar_Monthly\HighestPrecision_Segments\V1_MAG48s_segment_1854_20200819T180855_20200819T231607.png,ok,
1,1855,2020-08-20 16:56:54,2020-08-20 19:40:06,2.71992027777778,197,47.52,336.095,7200,240,Z:\SPART-WORK\Data\Voyager\voyager1\mag\48s\reviewed_vim\2020\voyager1_48s_mag-vim_20200101_v01.cdf,C:\Users\Administrator\Documents\FWD_matlab\Voyager_fu\Voyager_Interstellar_Monthly\HighestPrecision_Segments\V1_MAG48s_segment_1855_20200820T165654_20200820T194006.png,ok,
1,1856,2020-08-21 00:48:55,2020-08-21 10:15:19,9.44016,708,47.52,95.903,7200,240,Z:\SPART-WORK\Data\Voyager\voyager1\mag\48s\reviewed_vim\2020\voyager1_48s_mag-vim_20200101_v01.cdf,C:\Users\Administrator\Documents\FWD_matlab\Voyager_fu\Voyager_Interstellar_Monthly\HighestPrecision_Segments\V1_MAG48s_segment_1856_20200821T004855_20200821T101519.png,ok,
1,1857,2020-08-22 04:37:43,2020-08-22 07:56:07,3.30671999993218,249,47.52,49.249,7200,240,Z:\SPART-WORK\Data\Voyager\voyager1\mag\48s\reviewed_vim\2020\voyager1_48s_mag-vim_20200101_v01.cdf,C:\Users\Administrator\Documents\FWD_matlab\Voyager_fu\Voyager_Interstellar_Monthly\HighestPrecision_Segments\V1_MAG48s_segment_1857_20200822T043743_20200822T075607.png,ok,
1,1858,2020-08-22 17:59:19,2020-08-23 00:05:43,6.10656027777778,458,47.52,95.905,7200,240,Z:\SPART-WORK\Data\Voyager\voyager1\mag\48s\reviewed_vim\2020\voyager1_48s_mag-vim_20200101_v01.cdf,C:\Users\Administrator\Documents\FWD_matlab\Voyager_fu\Voyager_Interstellar_Monthly\HighestPrecision_Segments\V1_MAG48s_segment_1858_20200822T175919_20200823T000543.png,ok,
1,1859,2020-08-23 18:45:43,2020-08-23 19:51:18,1.09320027777778,83,47.52,49.249,7200,240,Z:\SPART-WORK\Data\Voyager\voyager1\mag\48s\reviewed_vim\2020\voyager1_48s_mag-vim_20200101_v01.cdf,C:\Users\Administrator\Documents\FWD_matlab\Voyager_fu\Voyager_Interstellar_Monthly\HighestPrecision_Segments\V1_MAG48s_segment_1859_20200823T184543_20200823T195118.png,ok,
1,1860,2020-08-24 00:08:55,2020-08-24 04:15:19,4.10664,309,47.52,49.249,7200,240,Z:\SPART-WORK\Data\Voyager\voyager1\mag\48s\reviewed_vim\2020\voyager1_48s_mag-vim_20200101_v01.cdf,C:\Users\Administrator\Documents\FWD_matlab\Voyager_fu\Voyager_Interstellar_Monthly\HighestPrecision_Segments\V1_MAG48s_segment_1860_20200824T000855_20200824T041519.png,ok,
1,1861,2020-08-25 00:07:18,2020-08-25 05:24:54,5.2932,397,47.52,96.769,7200,240,Z:\SPART-WORK\Data\Voyager\voyager1\mag\48s\reviewed_vim\2020\voyager1_48s_mag-vim_20200101_v01.cdf,C:\Users\Administrator\Documents\FWD_matlab\Voyager_fu\Voyager_Interstellar_Monthly\HighestPrecision_Segments\V1_MAG48s_segment_1861_20200825T000718_20200825T052454.png,ok,
1,1862,2020-08-25 18:05:43,2020-08-25 22:09:43,4.06679972222222,303,47.52,190.945,7200,240,Z:\SPART-WORK\Data\Voyager\voyager1\mag\48s\reviewed_vim\2020\voyager1_48s_mag-vim_20200101_v01.cdf,C:\Users\Administrator\Documents\FWD_matlab\Voyager_fu\Voyager_Interstellar_Monthly\HighestPrecision_Segments\V1_MAG48s_segment_1862_20200825T180543_20200825T220943.png,ok,
1,1863,2020-08-26 02:55:19,2020-08-26 04:09:43,1.24008,94,47.52,49.249,7200,240,Z:\SPART-WORK\Data\Voyager\voyager1\mag\48s\reviewed_vim\2020\voyager1_48s_mag-vim_20200101_v01.cdf,C:\Users\Administrator\Documents\FWD_matlab\Voyager_fu\Voyager_Interstellar_Monthly\HighestPrecision_Segments\V1_MAG48s_segment_1863_20200826T025519_20200826T040943.png,ok,
1,1864,2020-08-27 02:31:18,2020-08-27 07:39:19,5.1336,382,47.52,190.944999755859,7200,240,Z:\SPART-WORK\Data\Voyager\voyager1\mag\48s\reviewed_vim\2020\voyager1_48s_mag-vim_20200101_v01.cdf,C:\Users\Administrator\Documents\FWD_matlab\Voyager_fu\Voyager_Interstellar_Monthly\HighestPrecision_Segments\V1_MAG48s_segment_1864_20200827T023118_20200827T073919.png,ok,
1,1865,2020-08-27 23:49:43,2020-08-28 04:54:31,5.08008,382,47.52,49.249,7200,240,Z:\SPART-WORK\Data\Voyager\voyager1\mag\48s\reviewed_vim\2020\voyager1_48s_mag-vim_20200101_v01.cdf,C:\Users\Administrator\Documents\FWD_matlab\Voyager_fu\Voyager_Interstellar_Monthly\HighestPrecision_Segments\V1_MAG48s_segment_1865_20200827T234943_20200828T045431.png,ok,
1,1866,2020-08-28 18:00:54,2020-08-28 19:06:30,1.09343972222222,83,47.52,49.249,7200,240,Z:\SPART-WORK\Data\Voyager\voyager1\mag\48s\reviewed_vim\2020\voyager1_48s_mag-vim_20200101_v01.cdf,C:\Users\Administrator\Documents\FWD_matlab\Voyager_fu\Voyager_Interstellar_Monthly\HighestPrecision_Segments\V1_MAG48s_segment_1866_20200828T180054_20200828T190630.png,ok,
1,1867,2020-08-28 23:48:06,2020-08-29 04:53:42,5.09328000006782,382,47.52,96.769,7200,240,Z:\SPART-WORK\Data\Voyager\voyager1\mag\48s\reviewed_vim\2020\voyager1_48s_mag-vim_20200101_v01.cdf,C:\Users\Administrator\Documents\FWD_matlab\Voyager_fu\Voyager_Interstellar_Monthly\HighestPrecision_Segments\V1_MAG48s_segment_1867_20200828T234806_20200829T045342.png,ok,
1,1868,2020-08-29 16:08:54,2020-08-29 22:25:42,6.28007972222222,472,47.52,49.249,7200,240,Z:\SPART-WORK\Data\Voyager\voyager1\mag\48s\reviewed_vim\2020\voyager1_48s_mag-vim_20200101_v01.cdf,C:\Users\Administrator\Documents\FWD_matlab\Voyager_fu\Voyager_Interstellar_Monthly\HighestPrecision_Segments\V1_MAG48s_segment_1868_20200829T160854_20200829T222542.png,ok,
1,1869,2020-08-30 02:15:18,2020-08-30 03:48:55,1.56024,115,47.52,192.672000244141,7200,240,Z:\SPART-WORK\Data\Voyager\voyager1\mag\48s\reviewed_vim\2020\voyager1_48s_mag-vim_20200101_v01.cdf,C:\Users\Administrator\Documents\FWD_matlab\Voyager_fu\Voyager_Interstellar_Monthly\HighestPrecision_Segments\V1_MAG48s_segment_1869_20200830T021518_20200830T034855.png,ok,
1,1870,2020-08-30 23:27:17,2020-08-31 03:43:18,4.26695972222222,319,47.52,143.424999755859,7200,240,Z:\SPART-WORK\Data\Voyager\voyager1\mag\48s\reviewed_vim\2020\voyager1_48s_mag-vim_20200101_v01.cdf,C:\Users\Administrator\Documents\FWD_matlab\Voyager_fu\Voyager_Interstellar_Monthly\HighestPrecision_Segments\V1_MAG48s_segment_1870_20200830T232717_20200831T034318.png,ok,
1,1871,2020-08-31 16:13:42,2020-08-31 20:08:06,3.90648000006782,292,47.52,96.769,7200,240,Z:\SPART-WORK\Data\Voyager\voyager1\mag\48s\reviewed_vim\2020\voyager1_48s_mag-vim_20200101_v01.cdf,C:\Users\Administrator\Documents\FWD_matlab\Voyager_fu\Voyager_Interstellar_Monthly\HighestPrecision_Segments\V1_MAG48s_segment_1871_20200831T161342_20200831T200806.png,ok,
1,1872,2020-09-01 00:15:19,2020-09-01 03:38:31,3.38664,252,47.52,144.288,7200,240,Z:\SPART-WORK\Data\Voyager\voyager1\mag\48s\reviewed_vim\2020\voyager1_48s_mag-vim_20200101_v01.cdf,C:\Users\Administrator\Documents\FWD_matlab\Voyager_fu\Voyager_Interstellar_Monthly\HighestPrecision_Segments\V1_MAG48s_segment_1872_20200901T001519_20200901T033831.png,ok,
1,1873,2020-09-01 22:13:42,2020-09-02 02:52:54,4.65312000006782,350,47.52,49.249,7200,240,Z:\SPART-WORK\Data\Voyager\voyager1\mag\48s\reviewed_vim\2020\voyager1_48s_mag-vim_20200101_v01.cdf,C:\Users\Administrator\Documents\FWD_matlab\Voyager_fu\Voyager_Interstellar_Monthly\HighestPrecision_Segments\V1_MAG48s_segment_1873_20200901T221342_20200902T025254.png,ok,
1,1874,2020-09-02 16:04:07,2020-09-02 18:43:18,2.65319972222222,199,47.5200002441406,94.176,7200,240,Z:\SPART-WORK\Data\Voyager\voyager1\mag\48s\reviewed_vim\2020\voyager1_48s_mag-vim_20200101_v01.cdf,C:\Users\Administrator\Documents\FWD_matlab\Voyager_fu\Voyager_Interstellar_Monthly\HighestPrecision_Segments\V1_MAG48s_segment_1874_20200902T160407_20200902T184318.png,ok,
1,1875,2020-09-03 19:33:42,2020-09-04 06:27:19,10.89336,816,47.5209997558594,143.425,7200,240,Z:\SPART-WORK\Data\Voyager\voyager1\mag\48s\reviewed_vim\2020\voyager1_48s_mag-vim_20200101_v01.cdf,C:\Users\Administrator\Documents\FWD_matlab\Voyager_fu\Voyager_Interstellar_Monthly\HighestPrecision_Segments\V1_MAG48s_segment_1875_20200903T193342_20200904T062719.png,ok,
1,1876,2020-09-04 15:49:42,2020-09-04 18:37:41,2.79984027777778,209,47.5209997558594,143.425,7200,240,Z:\SPART-WORK\Data\Voyager\voyager1\mag\48s\reviewed_vim\2020\voyager1_48s_mag-vim_20200101_v01.cdf,C:\Users\Administrator\Documents\FWD_matlab\Voyager_fu\Voyager_Interstellar_Monthly\HighestPrecision_Segments\V1_MAG48s_segment_1876_20200904T154942_20200904T183741.png,ok,
1,1877,2020-09-05 16:58:29,2020-09-06 01:47:18,8.81352,659,47.5209997558594,192.672,7200,240,Z:\SPART-WORK\Data\Voyager\voyager1\mag\48s\reviewed_vim\2020\voyager1_48s_mag-vim_20200101_v01.cdf,C:\Users\Administrator\Documents\FWD_matlab\Voyager_fu\Voyager_Interstellar_Monthly\HighestPrecision_Segments\V1_MAG48s_segment_1877_20200905T165829_20200906T014718.png,ok,
1,1878,2020-09-06 15:38:29,2020-09-06 18:28:06,2.82696027777778,210,47.521,192.671,7200,240,Z:\SPART-WORK\Data\Voyager\voyager1\mag\48s\reviewed_vim\2020\voyager1_48s_mag-vim_20200101_v01.cdf,C:\Users\Administrator\Documents\FWD_matlab\Voyager_fu\Voyager_Interstellar_Monthly\HighestPrecision_Segments\V1_MAG48s_segment_1878_20200906T153829_20200906T182806.png,ok,
1,1879,2020-09-07 02:18:30,2020-09-07 04:44:06,2.42664,182,47.521,95.039,7200,240,Z:\SPART-WORK\Data\Voyager\voyager1\mag\48s\reviewed_vim\2020\voyager1_48s_mag-vim_20200101_v01.cdf,C:\Users\Administrator\Documents\FWD_matlab\Voyager_fu\Voyager_Interstellar_Monthly\HighestPrecision_Segments\V1_MAG48s_segment_1879_20200907T021830_20200907T044406.png,ok,
1,1880,2020-09-07 17:43:17,2020-09-07 22:16:54,4.56024,208,47.521,6432.479,7200,240,Z:\SPART-WORK\Data\Voyager\voyager1\mag\48s\reviewed_vim\2020\voyager1_48s_mag-vim_20200101_v01.cdf,C:\Users\Administrator\Documents\FWD_matlab\Voyager_fu\Voyager_Interstellar_Monthly\HighestPrecision_Segments\V1_MAG48s_segment_1880_20200907T174317_20200907T221654.png,ok,
1,1881,2020-09-08 03:16:05,2020-09-08 03:52:54,0.613440277777778,42,47.521,239.328,7200,240,Z:\SPART-WORK\Data\Voyager\voyager1\mag\48s\reviewed_vim\2020\voyager1_48s_mag-vim_20200101_v01.cdf,C:\Users\Administrator\Documents\FWD_matlab\Voyager_fu\Voyager_Interstellar_Monthly\HighestPrecision_Segments\V1_MAG48s_segment_1881_20200908T031605_20200908T035254.png,ok,
1,1882,2020-09-08 06:37:41,2020-09-08 07:26:30,0.813359722290039,62,47.521,49.249,7200,240,Z:\SPART-WORK\Data\Voyager\voyager1\mag\48s\reviewed_vim\2020\voyager1_48s_mag-vim_20200101_v01.cdf,C:\Users\Administrator\Documents\FWD_matlab\Voyager_fu\Voyager_Interstellar_Monthly\HighestPrecision_Segments\V1_MAG48s_segment_1882_20200908T063741_20200908T072630.png,ok,
1,1883,2020-09-08 18:07:18,2020-09-08 20:06:29,1.98648027770996,148,47.521,143.425,7200,240,Z:\SPART-WORK\Data\Voyager\voyager1\mag\48s\reviewed_vim\2020\voyager1_48s_mag-vim_20200101_v01.cdf,C:\Users\Administrator\Documents\FWD_matlab\Voyager_fu\Voyager_Interstellar_Monthly\HighestPrecision_Segments\V1_MAG48s_segment_1883_20200908T180718_20200908T200629.png,ok,
1,1884,2020-09-08 23:03:18,2020-09-09 01:37:43,2.57351972229004,191,47.521,192.672000244141,7200,240,Z:\SPART-WORK\Data\Voyager\voyager1\mag\48s\reviewed_vim\2020\voyager1_48s_mag-vim_20200101_v01.cdf,C:\Users\Administrator\Documents\FWD_matlab\Voyager_fu\Voyager_Interstellar_Monthly\HighestPrecision_Segments\V1_MAG48s_segment_1884_20200908T230318_20200909T013743.png,ok,
1,1885,2020-09-09 22:13:41,2020-09-10 02:48:06,4.57344,344,47.521,49.249,7200,240,Z:\SPART-WORK\Data\Voyager\voyager1\mag\48s\reviewed_vim\2020\voyager1_48s_mag-vim_20200101_v01.cdf,C:\Users\Administrator\Documents\FWD_matlab\Voyager_fu\Voyager_Interstellar_Monthly\HighestPrecision_Segments\V1_MAG48s_segment_1885_20200909T221341_20200910T024806.png,ok,
1,1886,2020-09-10 18:08:53,2020-09-10 19:32:06,1.38672,102,47.521,192.672,7200,240,Z:\SPART-WORK\Data\Voyager\voyager1\mag\48s\reviewed_vim\2020\voyager1_48s_mag-vim_20200101_v01.cdf,C:\Users\Administrator\Documents\FWD_matlab\Voyager_fu\Voyager_Interstellar_Monthly\HighestPrecision_Segments\V1_MAG48s_segment_1886_20200910T180853_20200910T193206.png,ok,
1,1887,2020-09-10 22:44:06,2020-09-11 04:02:30,5.30663972229004,396,47.521,190.944,7200,240,Z:\SPART-WORK\Data\Voyager\voyager1\mag\48s\reviewed_vim\2020\voyager1_48s_mag-vim_20200101_v01.cdf,C:\Users\Administrator\Documents\FWD_matlab\Voyager_fu\Voyager_Interstellar_Monthly\HighestPrecision_Segments\V1_MAG48s_segment_1887_20200910T224406_20200911T040230.png,ok,
1,1888,2020-09-11 22:52:06,2020-09-12 02:56:04,4.06631972229004,306,47.5209997558594,50.113,7200,240,Z:\SPART-WORK\Data\Voyager\voyager1\mag\48s\reviewed_vim\2020\voyager1_48s_mag-vim_20200101_v01.cdf,C:\Users\Administrator\Documents\FWD_matlab\Voyager_fu\Voyager_Interstellar_Monthly\HighestPrecision_Segments\V1_MAG48s_segment_1888_20200911T225206_20200912T025604.png,ok,
1,1889,2020-09-12 15:19:17,2020-09-12 19:45:40,4.43976027777778,333,47.5209997558594,95.04,7200,240,Z:\SPART-WORK\Data\Voyager\voyager1\mag\48s\reviewed_vim\2020\voyager1_48s_mag-vim_20200101_v01.cdf,C:\Users\Administrator\Documents\FWD_matlab\Voyager_fu\Voyager_Interstellar_Monthly\HighestPrecision_Segments\V1_MAG48s_segment_1889_20200912T151917_20200912T194540.png,ok,
1,1890,2020-09-13 15:19:17,2020-09-13 19:16:54,3.96024000006782,295,47.5209997558594,191.809,7200,240,Z:\SPART-WORK\Data\Voyager\voyager1\mag\48s\reviewed_vim\2020\voyager1_48s_mag-vim_20200101_v01.cdf,C:\Users\Administrator\Documents\FWD_matlab\Voyager_fu\Voyager_Interstellar_Monthly\HighestPrecision_Segments\V1_MAG48s_segment_1890_20200913T151917_20200913T191654.png,ok,
1,1891,2020-09-14 15:20:52,2020-09-14 19:11:16,3.84000027777778,286,47.5209997558594,141.696,7200,240,Z:\SPART-WORK\Data\Voyager\voyager1\mag\48s\reviewed_vim\2020\voyager1_48s_mag-vim_20200101_v01.cdf,C:\Users\Administrator\Documents\FWD_matlab\Voyager_fu\Voyager_Interstellar_Monthly\HighestPrecision_Segments\V1_MAG48s_segment_1891_20200914T152052_20200914T191116.png,ok,
1,1892,2020-09-15 15:09:39,2020-09-15 19:05:41,3.93384000006782,292,47.5209997558594,192.672000244141,7200,240,Z:\SPART-WORK\Data\Voyager\voyager1\mag\48s\reviewed_vim\2020\voyager1_48s_mag-vim_20200101_v01.cdf,C:\Users\Administrator\Documents\FWD_matlab\Voyager_fu\Voyager_Interstellar_Monthly\HighestPrecision_Segments\V1_MAG48s_segment_1892_20200915T150939_20200915T190541.png,ok,
1,1893,2020-09-16 18:07:18,2020-09-16 22:01:42,3.90671999993218,218,47.5209997558594,2016.577,7200,240,Z:\SPART-WORK\Data\Voyager\voyager1\mag\48s\reviewed_vim\2020\voyager1_48s_mag-vim_20200101_v01.cdf,C:\Users\Administrator\Documents\FWD_matlab\Voyager_fu\Voyager_Interstellar_Monthly\HighestPrecision_Segments\V1_MAG48s_segment_1893_20200916T180718_20200916T220142.png,ok,
1,1894,2020-09-17 02:24:53,2020-09-17 06:35:17,4.17336027770996,313,47.5209997558594,95.0409997558594,7200,240,Z:\SPART-WORK\Data\Voyager\voyager1\mag\48s\reviewed_vim\2020\voyager1_48s_mag-vim_20200101_v01.cdf,C:\Users\Administrator\Documents\FWD_matlab\Voyager_fu\Voyager_Interstellar_Monthly\HighestPrecision_Segments\V1_MAG48s_segment_1894_20200917T022453_20200917T063517.png,ok,
1,1895,2020-09-17 22:28:04,2020-09-18 02:32:05,4.06704000006782,303,47.5209997558594,191.807,7200,240,Z:\SPART-WORK\Data\Voyager\voyager1\mag\48s\reviewed_vim\2020\voyager1_48s_mag-vim_20200101_v01.cdf,C:\Users\Administrator\Documents\FWD_matlab\Voyager_fu\Voyager_Interstellar_Monthly\HighestPrecision_Segments\V1_MAG48s_segment_1895_20200917T222804_20200918T023205.png,ok,
1,1896,2020-09-18 22:16:54,2020-09-19 03:28:04,5.18615999993218,390,47.5209997558594,50.113,7200,240,Z:\SPART-WORK\Data\Voyager\voyager1\mag\48s\reviewed_vim\2020\voyager1_48s_mag-vim_20200101_v01.cdf,C:\Users\Administrator\Documents\FWD_matlab\Voyager_fu\Voyager_Interstellar_Monthly\HighestPrecision_Segments\V1_MAG48s_segment_1896_20200918T221654_20200919T032804.png,ok,
1,1897,2020-09-19 15:06:30,2020-09-19 19:49:41,4.71959972229004,354,47.5209997558594,95.04,7200,240,Z:\SPART-WORK\Data\Voyager\voyager1\mag\48s\reviewed_vim\2020\voyager1_48s_mag-vim_20200101_v01.cdf,C:\Users\Administrator\Documents\FWD_matlab\Voyager_fu\Voyager_Interstellar_Monthly\HighestPrecision_Segments\V1_MAG48s_segment_1897_20200919T150630_20200919T194941.png,ok,
1,1898,2020-09-20 23:27:17,2020-09-21 00:39:16,1.19976027777778,89,47.5209997558594,142.559000244141,7200,240,Z:\SPART-WORK\Data\Voyager\voyager1\mag\48s\reviewed_vim\2020\voyager1_48s_mag-vim_20200101_v01.cdf,C:\Users\Administrator\Documents\FWD_matlab\Voyager_fu\Voyager_Interstellar_Monthly\HighestPrecision_Segments\V1_MAG48s_segment_1898_20200920T232717_20200921T003916.png,ok,
1,1899,2020-09-21 05:25:41,2020-09-21 09:39:16,4.22664,316,47.5209997558594,144.287,7200,240,Z:\SPART-WORK\Data\Voyager\voyager1\mag\48s\reviewed_vim\2020\voyager1_48s_mag-vim_20200101_v01.cdf,C:\Users\Administrator\Documents\FWD_matlab\Voyager_fu\Voyager_Interstellar_Monthly\HighestPrecision_Segments\V1_MAG48s_segment_1899_20200921T052541_20200921T093916.png,ok,
1,1900,2020-09-21 22:10:29,2020-09-22 00:56:04,2.75976027777778,208,47.5209997558594,50.113,7200,240,Z:\SPART-WORK\Data\Voyager\voyager1\mag\48s\reviewed_vim\2020\voyager1_48s_mag-vim_20200101_v01.cdf,C:\Users\Administrator\Documents\FWD_matlab\Voyager_fu\Voyager_Interstellar_Monthly\HighestPrecision_Segments\V1_MAG48s_segment_1900_20200921T221029_20200922T005604.png,ok,
1,1901,2020-09-22 15:24:04,2020-09-22 17:50:28,2.43984,184,47.5209997558594,50.113,7200,240,Z:\SPART-WORK\Data\Voyager\voyager1\mag\48s\reviewed_vim\2020\voyager1_48s_mag-vim_20200101_v01.cdf,C:\Users\Administrator\Documents\FWD_matlab\Voyager_fu\Voyager_Interstellar_Monthly\HighestPrecision_Segments\V1_MAG48s_segment_1901_20200922T152404_20200922T175028.png,ok,
1,1902,2020-09-22 22:13:41,2020-09-23 05:04:53,6.8532,513,47.5209997558594,142.56,7200,240,Z:\SPART-WORK\Data\Voyager\voyager1\mag\48s\reviewed_vim\2020\voyager1_48s_mag-vim_20200101_v01.cdf,C:\Users\Administrator\Documents\FWD_matlab\Voyager_fu\Voyager_Interstellar_Monthly\HighestPrecision_Segments\V1_MAG48s_segment_1902_20200922T221341_20200923T050453.png,ok,
1,1903,2020-09-23 14:20:05,2020-09-23 18:40:04,4.33296000006782,325,47.5200001220703,95.04,7200,240,Z:\SPART-WORK\Data\Voyager\voyager1\mag\48s\reviewed_vim\2020\voyager1_48s_mag-vim_20200101_v01.cdf,C:\Users\Administrator\Documents\FWD_matlab\Voyager_fu\Voyager_Interstellar_Monthly\HighestPrecision_Segments\V1_MAG48s_segment_1903_20200923T142005_20200923T184004.png,ok,
1,1904,2020-09-23 23:11:16,2020-09-24 00:55:16,1.73351972222222,129,47.5204998779297,141.696,7200,240,Z:\SPART-WORK\Data\Voyager\voyager1\mag\48s\reviewed_vim\2020\voyager1_48s_mag-vim_20200101_v01.cdf,C:\Users\Administrator\Documents\FWD_matlab\Voyager_fu\Voyager_Interstellar_Monthly\HighestPrecision_Segments\V1_MAG48s_segment_1904_20200923T231116_20200924T005516.png,ok,
1,1905,2020-09-24 22:08:51,2020-09-25 02:29:40,4.34688,324,47.52,192.672,7200,240,Z:\SPART-WORK\Data\Voyager\voyager1\mag\48s\reviewed_vim\2020\voyager1_48s_mag-vim_20200101_v01.cdf,C:\Users\Administrator\Documents\FWD_matlab\Voyager_fu\Voyager_Interstellar_Monthly\HighestPrecision_Segments\V1_MAG48s_segment_1905_20200924T220851_20200925T022940.png,ok,
1,1906,2020-09-25 14:21:40,2020-09-25 18:24:52,4.05312,301,47.52,192.672,7200,240,Z:\SPART-WORK\Data\Voyager\voyager1\mag\48s\reviewed_vim\2020\voyager1_48s_mag-vim_20200101_v01.cdf,C:\Users\Administrator\Documents\FWD_matlab\Voyager_fu\Voyager_Interstellar_Monthly\HighestPrecision_Segments\V1_MAG48s_segment_1906_20200925T142140_20200925T182452.png,ok,
1,1907,2020-09-25 21:51:16,2020-09-26 01:58:28,4.12008,305,47.52,145.153,7200,240,Z:\SPART-WORK\Data\Voyager\voyager1\mag\48s\reviewed_vim\2020\voyager1_48s_mag-vim_20200101_v01.cdf,C:\Users\Administrator\Documents\FWD_matlab\Voyager_fu\Voyager_Interstellar_Monthly\HighestPrecision_Segments\V1_MAG48s_segment_1907_20200925T215116_20200926T015828.png,ok,
1,1908,2020-09-26 14:23:15,2020-09-26 18:19:17,3.93383972222222,294,47.52,142.56,7200,240,Z:\SPART-WORK\Data\Voyager\voyager1\mag\48s\reviewed_vim\2020\voyager1_48s_mag-vim_20200101_v01.cdf,C:\Users\Administrator\Documents\FWD_matlab\Voyager_fu\Voyager_Interstellar_Monthly\HighestPrecision_Segments\V1_MAG48s_segment_1908_20200926T142315_20200926T181917.png,ok,
1,1909,2020-09-26 21:52:51,2020-09-27 01:53:41,4.01376,299,47.52,192.672,7200,240,Z:\SPART-WORK\Data\Voyager\voyager1\mag\48s\reviewed_vim\2020\voyager1_48s_mag-vim_20200101_v01.cdf,C:\Users\Administrator\Documents\FWD_matlab\Voyager_fu\Voyager_Interstellar_Monthly\HighestPrecision_Segments\V1_MAG48s_segment_1909_20200926T215251_20200927T015341.png,ok,
1,1910,2020-09-27 20:31:15,2020-09-28 01:49:41,5.30712,397,47.52,142.560999755859,7200,240,Z:\SPART-WORK\Data\Voyager\voyager1\mag\48s\reviewed_vim\2020\voyager1_48s_mag-vim_20200101_v01.cdf,C:\Users\Administrator\Documents\FWD_matlab\Voyager_fu\Voyager_Interstellar_Monthly\HighestPrecision_Segments\V1_MAG48s_segment_1910_20200927T203115_20200928T014941.png,ok,
1,1911,2020-09-28 21:32:04,2020-09-29 01:44:04,4.19976,314,47.52,145.152999755859,7200,240,Z:\SPART-WORK\Data\Voyager\voyager1\mag\48s\reviewed_vim\2020\voyager1_48s_mag-vim_20200101_v01.cdf,C:\Users\Administrator\Documents\FWD_matlab\Voyager_fu\Voyager_Interstellar_Monthly\HighestPrecision_Segments\V1_MAG48s_segment_1911_20200928T213204_20200929T014404.png,ok,
1,1912,2020-09-29 07:59:15,2020-09-29 09:08:05,1.1472,85,47.52,145.152,7200,240,Z:\SPART-WORK\Data\Voyager\voyager1\mag\48s\reviewed_vim\2020\voyager1_48s_mag-vim_20200101_v01.cdf,C:\Users\Administrator\Documents\FWD_matlab\Voyager_fu\Voyager_Interstellar_Monthly\HighestPrecision_Segments\V1_MAG48s_segment_1912_20200929T075915_20200929T090805.png,ok,
1,1913,2020-09-30 00:16:52,2020-09-30 05:32:53,5.2668,395,47.52,95.039,7200,240,Z:\SPART-WORK\Data\Voyager\voyager1\mag\48s\reviewed_vim\2020\voyager1_48s_mag-vim_20200101_v01.cdf,C:\Users\Administrator\Documents\FWD_matlab\Voyager_fu\Voyager_Interstellar_Monthly\HighestPrecision_Segments\V1_MAG48s_segment_1913_20200930T001652_20200930T053253.png,ok,
1,1914,2020-09-30 13:59:15,2020-09-30 20:02:28,6.05352,316,47.52,5998.75200024414,7200,240,Z:\SPART-WORK\Data\Voyager\voyager1\mag\48s\reviewed_vim\2020\voyager1_48s_mag-vim_20200101_v01.cdf,C:\Users\Administrator\Documents\FWD_matlab\Voyager_fu\Voyager_Interstellar_Monthly\HighestPrecision_Segments\V1_MAG48s_segment_1914_20200930T135915_20200930T200228.png,ok,
1,1915,2020-10-01 13:59:15,2020-10-01 16:52:53,2.89391972222222,211,47.52,239.328,7200,240,Z:\SPART-WORK\Data\Voyager\voyager1\mag\48s\reviewed_vim\2020\voyager1_48s_mag-vim_20200101_v01.cdf,C:\Users\Administrator\Documents\FWD_matlab\Voyager_fu\Voyager_Interstellar_Monthly\HighestPrecision_Segments\V1_MAG48s_segment_1915_20201001T135915_20201001T165253.png,ok,
1,1916,2020-10-01 21:28:52,2020-10-02 01:33:41,4.08024,305,47.52,145.152,7200,240,Z:\SPART-WORK\Data\Voyager\voyager1\mag\48s\reviewed_vim\2020\voyager1_48s_mag-vim_20200101_v01.cdf,C:\Users\Administrator\Documents\FWD_matlab\Voyager_fu\Voyager_Interstellar_Monthly\HighestPrecision_Segments\V1_MAG48s_segment_1916_20201001T212852_20201002T013341.png,ok,
1,1917,2020-10-02 13:56:03,2020-10-02 19:56:53,6.01392,430,47.52,287.712000244141,7200,240,Z:\SPART-WORK\Data\Voyager\voyager1\mag\48s\reviewed_vim\2020\voyager1_48s_mag-vim_20200101_v01.cdf,C:\Users\Administrator\Documents\FWD_matlab\Voyager_fu\Voyager_Interstellar_Monthly\HighestPrecision_Segments\V1_MAG48s_segment_1917_20201002T135603_20201002T195653.png,ok,
1,1918,2020-10-03 13:49:41,2020-10-03 19:48:50,5.98608,449,47.52,95.0399997558594,7200,240,Z:\SPART-WORK\Data\Voyager\voyager1\mag\48s\reviewed_vim\2020\voyager1_48s_mag-vim_20200101_v01.cdf,C:\Users\Administrator\Documents\FWD_matlab\Voyager_fu\Voyager_Interstellar_Monthly\HighestPrecision_Segments\V1_MAG48s_segment_1918_20201003T134941_20201003T194850.png,ok,
1,1919,2020-10-04 13:52:53,2020-10-04 14:50:28,0.959520277777778,72,47.52,95.04,7200,240,Z:\SPART-WORK\Data\Voyager\voyager1\mag\48s\reviewed_vim\2020\voyager1_48s_mag-vim_20200101_v01.cdf,C:\Users\Administrator\Documents\FWD_matlab\Voyager_fu\Voyager_Interstellar_Monthly\HighestPrecision_Segments\V1_MAG48s_segment_1919_20201004T135253_20201004T145028.png,ok,
1,1920,2020-10-04 21:22:26,2020-10-05 01:23:16,4.01376027770996,302,47.52,50.1120002441406,7200,240,Z:\SPART-WORK\Data\Voyager\voyager1\mag\48s\reviewed_vim\2020\voyager1_48s_mag-vim_20200101_v01.cdf,C:\Users\Administrator\Documents\FWD_matlab\Voyager_fu\Voyager_Interstellar_Monthly\HighestPrecision_Segments\V1_MAG48s_segment_1920_20201004T212226_20201005T012316.png,ok,
1,1921,2020-10-05 13:44:50,2020-10-05 14:41:40,0.94704,72,47.52,50.112,7200,240,Z:\SPART-WORK\Data\Voyager\voyager1\mag\48s\reviewed_vim\2020\voyager1_48s_mag-vim_20200101_v01.cdf,C:\Users\Administrator\Documents\FWD_matlab\Voyager_fu\Voyager_Interstellar_Monthly\HighestPrecision_Segments\V1_MAG48s_segment_1921_20201005T134450_20201005T144140.png,ok,
1,1922,2020-10-06 01:36:51,2020-10-06 05:37:40,4.01376027777778,301,47.52,97.633,7200,240,Z:\SPART-WORK\Data\Voyager\voyager1\mag\48s\reviewed_vim\2020\voyager1_48s_mag-vim_20200101_v01.cdf,C:\Users\Administrator\Documents\FWD_matlab\Voyager_fu\Voyager_Interstellar_Monthly\HighestPrecision_Segments\V1_MAG48s_segment_1922_20201006T013651_20201006T053740.png,ok,
1,1923,2020-10-06 15:46:29,2020-10-06 22:12:04,6.42624,359,47.52,5856.193,7200,240,Z:\SPART-WORK\Data\Voyager\voyager1\mag\48s\reviewed_vim\2020\voyager1_48s_mag-vim_20200101_v01.cdf,C:\Users\Administrator\Documents\FWD_matlab\Voyager_fu\Voyager_Interstellar_Monthly\HighestPrecision_Segments\V1_MAG48s_segment_1923_20201006T154629_20201006T221204.png,ok,
1,1924,2020-10-07 13:40:03,2020-10-07 17:21:40,3.69359999993218,275,47.52,189.216,7200,240,Z:\SPART-WORK\Data\Voyager\voyager1\mag\48s\reviewed_vim\2020\voyager1_48s_mag-vim_20200101_v01.cdf,C:\Users\Administrator\Documents\FWD_matlab\Voyager_fu\Voyager_Interstellar_Monthly\HighestPrecision_Segments\V1_MAG48s_segment_1924_20201007T134003_20201007T172140.png,ok,
1,1925,2020-10-08 13:36:51,2020-10-08 16:16:04,2.65368000006782,199,47.52,97.633,7200,240,Z:\SPART-WORK\Data\Voyager\voyager1\mag\48s\reviewed_vim\2020\voyager1_48s_mag-vim_20200101_v01.cdf,C:\Users\Administrator\Documents\FWD_matlab\Voyager_fu\Voyager_Interstellar_Monthly\HighestPrecision_Segments\V1_MAG48s_segment_1925_20201008T133651_20201008T161604.png,ok,
1,1926,2020-10-08 21:08:05,2020-10-09 01:06:29,3.9732,296,47.52,192.672,7200,240,Z:\SPART-WORK\Data\Voyager\voyager1\mag\48s\reviewed_vim\2020\voyager1_48s_mag-vim_20200101_v01.cdf,C:\Users\Administrator\Documents\FWD_matlab\Voyager_fu\Voyager_Interstellar_Monthly\HighestPrecision_Segments\V1_MAG48s_segment_1926_20201008T210805_20201009T010629.png,ok,
1,1927,2020-10-09 13:22:28,2020-10-09 17:25:41,4.05336027770996,305,47.52,50.1120002441406,7200,240,Z:\SPART-WORK\Data\Voyager\voyager1\mag\48s\reviewed_vim\2020\voyager1_48s_mag-vim_20200101_v01.cdf,C:\Users\Administrator\Documents\FWD_matlab\Voyager_fu\Voyager_Interstellar_Monthly\HighestPrecision_Segments\V1_MAG48s_segment_1927_20201009T132228_20201009T172541.png,ok,
1,1928,2020-10-09 21:04:52,2020-10-09 22:00:52,0.933119722222222,68,47.52,191.807999755859,7200,240,Z:\SPART-WORK\Data\Voyager\voyager1\mag\48s\reviewed_vim\2020\voyager1_48s_mag-vim_20200101_v01.cdf,C:\Users\Administrator\Documents\FWD_matlab\Voyager_fu\Voyager_Interstellar_Monthly\HighestPrecision_Segments\V1_MAG48s_segment_1928_20201009T210452_20201009T220052.png,ok,
1,1929,2020-10-10 13:16:04,2020-10-10 17:20:53,4.08024027770996,307,47.52,50.1120002441406,7200,240,Z:\SPART-WORK\Data\Voyager\voyager1\mag\48s\reviewed_vim\2020\voyager1_48s_mag-vim_20200101_v01.cdf,C:\Users\Administrator\Documents\FWD_matlab\Voyager_fu\Voyager_Interstellar_Monthly\HighestPrecision_Segments\V1_MAG48s_segment_1929_20201010T131604_20201010T172053.png,ok,
1,1930,2020-10-10 20:52:05,2020-10-10 21:55:16,1.05312,77,47.52,191.809,7200,240,Z:\SPART-WORK\Data\Voyager\voyager1\mag\48s\reviewed_vim\2020\voyager1_48s_mag-vim_20200101_v01.cdf,C:\Users\Administrator\Documents\FWD_matlab\Voyager_fu\Voyager_Interstellar_Monthly\HighestPrecision_Segments\V1_MAG48s_segment_1930_20201010T205205_20201010T215516.png,ok,
1,1931,2020-10-11 13:28:51,2020-10-11 19:25:39,5.94648,447,47.52,50.1120002441406,7200,240,Z:\SPART-WORK\Data\Voyager\voyager1\mag\48s\reviewed_vim\2020\voyager1_48s_mag-vim_20200101_v01.cdf,C:\Users\Administrator\Documents\FWD_matlab\Voyager_fu\Voyager_Interstellar_Monthly\HighestPrecision_Segments\V1_MAG48s_segment_1931_20201011T132851_20201011T192539.png,ok,
1,1932,2020-10-12 13:14:29,2020-10-12 17:13:40,3.98639972229004,297,47.52,191.807999755859,7200,240,Z:\SPART-WORK\Data\Voyager\voyager1\mag\48s\reviewed_vim\2020\voyager1_48s_mag-vim_20200101_v01.cdf,C:\Users\Administrator\Documents\FWD_matlab\Voyager_fu\Voyager_Interstellar_Monthly\HighestPrecision_Segments\V1_MAG48s_segment_1932_20201012T131429_20201012T171340.png,ok,
1,1933,2020-10-12 20:44:02,2020-10-13 00:45:39,4.02695972222222,301,47.52,142.56,7200,240,Z:\SPART-WORK\Data\Voyager\voyager1\mag\48s\reviewed_vim\2020\voyager1_48s_mag-vim_20200101_v01.cdf,C:\Users\Administrator\Documents\FWD_matlab\Voyager_fu\Voyager_Interstellar_Monthly\HighestPrecision_Segments\V1_MAG48s_segment_1933_20201012T204402_20201013T004539.png,ok,
1,1934,2020-10-13 20:16:50,2020-10-14 00:40:52,4.4004,330,47.52,97.631,7200,240,Z:\SPART-WORK\Data\Voyager\voyager1\mag\48s\reviewed_vim\2020\voyager1_48s_mag-vim_20200101_v01.cdf,C:\Users\Administrator\Documents\FWD_matlab\Voyager_fu\Voyager_Interstellar_Monthly\HighestPrecision_Segments\V1_MAG48s_segment_1934_20201013T201650_20201014T004052.png,ok,
1,1935,2020-10-14 22:47:15,2020-10-15 00:24:52,1.62671972222222,120,47.52,192.671999755859,7200,240,Z:\SPART-WORK\Data\Voyager\voyager1\mag\48s\reviewed_vim\2020\voyager1_48s_mag-vim_20200101_v01.cdf,C:\Users\Administrator\Documents\FWD_matlab\Voyager_fu\Voyager_Interstellar_Monthly\HighestPrecision_Segments\V1_MAG48s_segment_1935_20201014T224715_20201015T002452.png,ok,
1,1936,2020-10-15 03:33:40,2020-10-15 08:05:40,4.53360027770996,339,47.52,144.287,7200,240,Z:\SPART-WORK\Data\Voyager\voyager1\mag\48s\reviewed_vim\2020\voyager1_48s_mag-vim_20200101_v01.cdf,C:\Users\Administrator\Documents\FWD_matlab\Voyager_fu\Voyager_Interstellar_Monthly\HighestPrecision_Segments\V1_MAG48s_segment_1936_20201015T033340_20201015T080540.png,ok,
1,1937,2020-10-15 21:19:15,2020-10-16 02:12:03,4.88015972222222,365,47.52,141.695000244141,7200,240,Z:\SPART-WORK\Data\Voyager\voyager1\mag\48s\reviewed_vim\2020\voyager1_48s_mag-vim_20200101_v01.cdf,C:\Users\Administrator\Documents\FWD_matlab\Voyager_fu\Voyager_Interstellar_Monthly\HighestPrecision_Segments\V1_MAG48s_segment_1937_20201015T211915_20201016T021203.png,ok,
1,1938,2020-10-16 21:51:16,2020-10-16 23:32:53,1.69344,126,47.52,142.56,7200,240,Z:\SPART-WORK\Data\Voyager\voyager1\mag\48s\reviewed_vim\2020\voyager1_48s_mag-vim_20200101_v01.cdf,C:\Users\Administrator\Documents\FWD_matlab\Voyager_fu\Voyager_Interstellar_Monthly\HighestPrecision_Segments\V1_MAG48s_segment_1938_20201016T215116_20201016T233253.png,ok,
1,1939,2020-10-17 14:28:02,2020-10-17 18:24:52,3.94704,294,47.52,192.672,7200,240,Z:\SPART-WORK\Data\Voyager\voyager1\mag\48s\reviewed_vim\2020\voyager1_48s_mag-vim_20200101_v01.cdf,C:\Users\Administrator\Documents\FWD_matlab\Voyager_fu\Voyager_Interstellar_Monthly\HighestPrecision_Segments\V1_MAG48s_segment_1939_20201017T142802_20201017T182452.png,ok,
1,1940,2020-10-18 20:13:40,2020-10-18 22:44:04,2.50656027770996,188,47.52,95.0409997558594,7200,240,Z:\SPART-WORK\Data\Voyager\voyager1\mag\48s\reviewed_vim\2020\voyager1_48s_mag-vim_20200101_v01.cdf,C:\Users\Administrator\Documents\FWD_matlab\Voyager_fu\Voyager_Interstellar_Monthly\HighestPrecision_Segments\V1_MAG48s_segment_1940_20201018T201340_20201018T224404.png,ok,
1,1941,2020-10-19 13:49:38,2020-10-19 15:10:27,1.34687972222222,90,47.52,577.152,7200,240,Z:\SPART-WORK\Data\Voyager\voyager1\mag\48s\reviewed_vim\2020\voyager1_48s_mag-vim_20200101_v01.cdf,C:\Users\Administrator\Documents\FWD_matlab\Voyager_fu\Voyager_Interstellar_Monthly\HighestPrecision_Segments\V1_MAG48s_segment_1941_20201019T134938_20201019T151027.png,ok,
1,1942,2020-10-20 04:47:15,2020-10-20 07:44:04,2.94672,213,47.52,239.327000244141,7200,240,Z:\SPART-WORK\Data\Voyager\voyager1\mag\48s\reviewed_vim\2020\voyager1_48s_mag-vim_20200101_v01.cdf,C:\Users\Administrator\Documents\FWD_matlab\Voyager_fu\Voyager_Interstellar_Monthly\HighestPrecision_Segments\V1_MAG48s_segment_1942_20201020T044715_20201020T074404.png,ok,
1,1943,2020-10-20 12:52:04,2020-10-20 15:25:39,2.55984,192,47.52,95.041,7200,240,Z:\SPART-WORK\Data\Voyager\voyager1\mag\48s\reviewed_vim\2020\voyager1_48s_mag-vim_20200101_v01.cdf,C:\Users\Administrator\Documents\FWD_matlab\Voyager_fu\Voyager_Interstellar_Monthly\HighestPrecision_Segments\V1_MAG48s_segment_1943_20201020T125204_20201020T152539.png,ok,
1,1944,2020-10-21 02:21:40,2020-10-21 05:06:28,2.74656000006782,206,47.52,95.041,7200,240,Z:\SPART-WORK\Data\Voyager\voyager1\mag\48s\reviewed_vim\2020\voyager1_48s_mag-vim_20200101_v01.cdf,C:\Users\Administrator\Documents\FWD_matlab\Voyager_fu\Voyager_Interstellar_Monthly\HighestPrecision_Segments\V1_MAG48s_segment_1944_20201021T022140_20201021T050628.png,ok,
1,1945,2020-10-22 02:20:03,2020-10-22 06:28:52,4.14696,312,47.52,50.1120002441406,7200,240,Z:\SPART-WORK\Data\Voyager\voyager1\mag\48s\reviewed_vim\2020\voyager1_48s_mag-vim_20200101_v01.cdf,C:\Users\Administrator\Documents\FWD_matlab\Voyager_fu\Voyager_Interstellar_Monthly\HighestPrecision_Segments\V1_MAG48s_segment_1945_20201022T022003_20201022T062852.png,ok,
1,1946,2020-10-22 20:00:50,2020-10-23 00:28:52,4.46712027777778,335,47.52,97.633,7200,240,Z:\SPART-WORK\Data\Voyager\voyager1\mag\48s\reviewed_vim\2020\voyager1_48s_mag-vim_20200101_v01.cdf,C:\Users\Administrator\Documents\FWD_matlab\Voyager_fu\Voyager_Interstellar_Monthly\HighestPrecision_Segments\V1_MAG48s_segment_1946_20201022T200050_20201023T002852.png,ok,
1,1947,2020-10-23 12:31:14,2020-10-23 15:20:02,2.81327972222222,212,47.52,50.1120002441406,7200,240,Z:\SPART-WORK\Data\Voyager\voyager1\mag\48s\reviewed_vim\2020\voyager1_48s_mag-vim_20200101_v01.cdf,C:\Users\Administrator\Documents\FWD_matlab\Voyager_fu\Voyager_Interstellar_Monthly\HighestPrecision_Segments\V1_MAG48s_segment_1947_20201023T123114_20201023T152002.png,ok,
1,1948,2020-10-23 20:10:28,2020-10-24 00:18:27,4.13303972222222,308,47.52,191.809,7200,240,Z:\SPART-WORK\Data\Voyager\voyager1\mag\48s\reviewed_vim\2020\voyager1_48s_mag-vim_20200101_v01.cdf,C:\Users\Administrator\Documents\FWD_matlab\Voyager_fu\Voyager_Interstellar_Monthly\HighestPrecision_Segments\V1_MAG48s_segment_1948_20201023T201028_20201024T001827.png,ok,
1,1949,2020-10-24 12:39:14,2020-10-24 22:44:04,10.08048027771,625,47.52,5616,7200,240,Z:\SPART-WORK\Data\Voyager\voyager1\mag\48s\reviewed_vim\2020\voyager1_48s_mag-vim_20200101_v01.cdf,C:\Users\Administrator\Documents\FWD_matlab\Voyager_fu\Voyager_Interstellar_Monthly\HighestPrecision_Segments\V1_MAG48s_segment_1949_20201024T123914_20201024T224404.png,ok,
1,1950,2020-10-25 19:56:03,2020-10-25 23:52:50,3.94631972222222,295,47.52,144.289,7200,240,Z:\SPART-WORK\Data\Voyager\voyager1\mag\48s\reviewed_vim\2020\voyager1_48s_mag-vim_20200101_v01.cdf,C:\Users\Administrator\Documents\FWD_matlab\Voyager_fu\Voyager_Interstellar_Monthly\HighestPrecision_Segments\V1_MAG48s_segment_1950_20201025T195603_20201025T235250.png,ok,
1,1951,2020-10-26 12:31:14,2020-10-26 14:32:50,2.02655972229004,153,47.52,50.1120002441406,7200,240,Z:\SPART-WORK\Data\Voyager\voyager1\mag\48s\reviewed_vim\2020\voyager1_48s_mag-vim_20200101_v01.cdf,C:\Users\Administrator\Documents\FWD_matlab\Voyager_fu\Voyager_Interstellar_Monthly\HighestPrecision_Segments\V1_MAG48s_segment_1951_20201026T123114_20201026T143250.png,ok,
1,1952,2020-10-26 19:43:16,2020-10-26 23:47:15,4.06632,304,47.52,141.696,7200,240,Z:\SPART-WORK\Data\Voyager\voyager1\mag\48s\reviewed_vim\2020\voyager1_48s_mag-vim_20200101_v01.cdf,C:\Users\Administrator\Documents\FWD_matlab\Voyager_fu\Voyager_Interstellar_Monthly\HighestPrecision_Segments\V1_MAG48s_segment_1952_20201026T194316_20201026T234715.png,ok,
1,1953,2020-10-27 12:12:02,2020-10-27 15:58:26,3.77352027777778,284,47.52,50.1120002441406,7200,240,Z:\SPART-WORK\Data\Voyager\voyager1\mag\48s\reviewed_vim\2020\voyager1_48s_mag-vim_20200101_v01.cdf,C:\Users\Administrator\Documents\FWD_matlab\Voyager_fu\Voyager_Interstellar_Monthly\HighestPrecision_Segments\V1_MAG48s_segment_1953_20201027T121202_20201027T155826.png,ok,
1,1954,2020-10-28 18:53:39,2020-10-28 19:57:38,1.06656,78,47.5200002441406,192.672,7200,240,Z:\SPART-WORK\Data\Voyager\voyager1\mag\48s\reviewed_vim\2020\voyager1_48s_mag-vim_20200101_v01.cdf,C:\Users\Administrator\Documents\FWD_matlab\Voyager_fu\Voyager_Interstellar_Monthly\HighestPrecision_Segments\V1_MAG48s_segment_1954_20201028T185339_20201028T195738.png,ok,
1,1955,2020-10-29 12:12:02,2020-10-29 14:41:40,2.49384027777778,186,47.52,142.560000244141,7200,240,Z:\SPART-WORK\Data\Voyager\voyager1\mag\48s\reviewed_vim\2020\voyager1_48s_mag-vim_20200101_v01.cdf,C:\Users\Administrator\Documents\FWD_matlab\Voyager_fu\Voyager_Interstellar_Monthly\HighestPrecision_Segments\V1_MAG48s_segment_1955_20201029T121202_20201029T144140.png,ok,
1,1956,2020-10-29 20:24:50,2020-10-30 00:07:15,3.7068,277,47.52,144.287999755859,7200,240,Z:\SPART-WORK\Data\Voyager\voyager1\mag\48s\reviewed_vim\2020\voyager1_48s_mag-vim_20200101_v01.cdf,C:\Users\Administrator\Documents\FWD_matlab\Voyager_fu\Voyager_Interstellar_Monthly\HighestPrecision_Segments\V1_MAG48s_segment_1956_20201029T202450_20201030T000715.png,ok,
1,1957,2020-10-30 11:59:15,2020-10-30 14:47:15,2.80008,209,47.52,145.153,7200,240,Z:\SPART-WORK\Data\Voyager\voyager1\mag\48s\reviewed_vim\2020\voyager1_48s_mag-vim_20200101_v01.cdf,C:\Users\Administrator\Documents\FWD_matlab\Voyager_fu\Voyager_Interstellar_Monthly\HighestPrecision_Segments\V1_MAG48s_segment_1957_20201030T115915_20201030T144715.png,ok,
1,1958,2020-10-30 19:28:51,2020-10-30 23:33:38,4.07952,304,47.52,191.807,7200,240,Z:\SPART-WORK\Data\Voyager\voyager1\mag\48s\reviewed_vim\2020\voyager1_48s_mag-vim_20200101_v01.cdf,C:\Users\Administrator\Documents\FWD_matlab\Voyager_fu\Voyager_Interstellar_Monthly\HighestPrecision_Segments\V1_MAG48s_segment_1958_20201030T192851_20201030T233338.png,ok,
1,1959,2020-10-31 12:53:39,2020-10-31 15:57:39,3.06671972229004,223,47.52,335.232,7200,240,Z:\SPART-WORK\Data\Voyager\voyager1\mag\48s\reviewed_vim\2020\voyager1_48s_mag-vim_20200101_v01.cdf,C:\Users\Administrator\Documents\FWD_matlab\Voyager_fu\Voyager_Interstellar_Monthly\HighestPrecision_Segments\V1_MAG48s_segment_1959_20201031T125339_20201031T155739.png,ok,
1,1960,2020-10-31 19:19:13,2020-10-31 21:32:52,2.22743972229004,165,47.52,192.671000244141,7200,240,Z:\SPART-WORK\Data\Voyager\voyager1\mag\48s\reviewed_vim\2020\voyager1_48s_mag-vim_20200101_v01.cdf,C:\Users\Administrator\Documents\FWD_matlab\Voyager_fu\Voyager_Interstellar_Monthly\HighestPrecision_Segments\V1_MAG48s_segment_1960_20201031T191913_20201031T213252.png,ok,
1,1961,2020-11-01 11:57:40,2020-11-01 14:40:03,2.70648027770996,203,47.52,95.0409997558594,7200,240,Z:\SPART-WORK\Data\Voyager\voyager1\mag\48s\reviewed_vim\2020\voyager1_48s_mag-vim_20200101_v01.cdf,C:\Users\Administrator\Documents\FWD_matlab\Voyager_fu\Voyager_Interstellar_Monthly\HighestPrecision_Segments\V1_MAG48s_segment_1961_20201101T115740_20201101T144003.png,ok,
1,1962,2020-11-02 11:44:50,2020-11-02 19:32:03,7.78704027777778,582,47.52,192.673,7200,240,Z:\SPART-WORK\Data\Voyager\voyager1\mag\48s\reviewed_vim\2020\voyager1_48s_mag-vim_20200101_v01.cdf,C:\Users\Administrator\Documents\FWD_matlab\Voyager_fu\Voyager_Interstellar_Monthly\HighestPrecision_Segments\V1_MAG48s_segment_1962_20201102T114450_20201102T193203.png,ok,
1,1963,2020-11-03 01:59:15,2020-11-03 05:43:15,3.73319972222222,272,47.52,287.712,7200,240,Z:\SPART-WORK\Data\Voyager\voyager1\mag\48s\reviewed_vim\2020\voyager1_48s_mag-vim_20200101_v01.cdf,C:\Users\Administrator\Documents\FWD_matlab\Voyager_fu\Voyager_Interstellar_Monthly\HighestPrecision_Segments\V1_MAG48s_segment_1963_20201103T015915_20201103T054315.png,ok,
1,1964,2020-11-03 15:30:27,2020-11-03 22:46:25,7.26624027777778,358,47.5209997558594,5470.849,7200,240,Z:\SPART-WORK\Data\Voyager\voyager1\mag\48s\reviewed_vim\2020\voyager1_48s_mag-vim_20200101_v01.cdf,C:\Users\Administrator\Documents\FWD_matlab\Voyager_fu\Voyager_Interstellar_Monthly\HighestPrecision_Segments\V1_MAG48s_segment_1964_20201103T153027_20201103T224625.png,ok,
1,1965,2020-11-04 19:54:26,2020-11-04 22:56:51,3.04031972222222,141,47.5209997558594,3264.192,7200,240,Z:\SPART-WORK\Data\Voyager\voyager1\mag\48s\reviewed_vim\2020\voyager1_48s_mag-vim_20200101_v01.cdf,C:\Users\Administrator\Documents\FWD_matlab\Voyager_fu\Voyager_Interstellar_Monthly\HighestPrecision_Segments\V1_MAG48s_segment_1965_20201104T195426_20201104T225651.png,ok,
1,1966,2020-11-05 12:16:50,2020-11-05 14:44:50,2.46672,185,47.5209997558594,97.632,7200,240,Z:\SPART-WORK\Data\Voyager\voyager1\mag\48s\reviewed_vim\2020\voyager1_48s_mag-vim_20200101_v01.cdf,C:\Users\Administrator\Documents\FWD_matlab\Voyager_fu\Voyager_Interstellar_Monthly\HighestPrecision_Segments\V1_MAG48s_segment_1966_20201105T121650_20201105T144450.png,ok,
1,1967,2020-11-05 19:08:04,2020-11-05 23:12:03,4.06655972222222,304,47.5209997558594,142.559,7200,240,Z:\SPART-WORK\Data\Voyager\voyager1\mag\48s\reviewed_vim\2020\voyager1_48s_mag-vim_20200101_v01.cdf,C:\Users\Administrator\Documents\FWD_matlab\Voyager_fu\Voyager_Interstellar_Monthly\HighestPrecision_Segments\V1_MAG48s_segment_1967_20201105T190804_20201105T231203.png,ok,
1,1968,2020-11-06 11:36:50,2020-11-06 14:54:27,3.29352,247,47.5209997558594,94.177,7200,240,Z:\SPART-WORK\Data\Voyager\voyager1\mag\48s\reviewed_vim\2020\voyager1_48s_mag-vim_20200101_v01.cdf,C:\Users\Administrator\Documents\FWD_matlab\Voyager_fu\Voyager_Interstellar_Monthly\HighestPrecision_Segments\V1_MAG48s_segment_1968_20201106T113650_20201106T145427.png,ok,
1,1969,2020-11-07 11:35:15,2020-11-07 15:33:40,3.97343972229004,289,47.5209997558594,240.193,7200,240,Z:\SPART-WORK\Data\Voyager\voyager1\mag\48s\reviewed_vim\2020\voyager1_48s_mag-vim_20200101_v01.cdf,C:\Users\Administrator\Documents\FWD_matlab\Voyager_fu\Voyager_Interstellar_Monthly\HighestPrecision_Segments\V1_MAG48s_segment_1969_20201107T113515_20201107T153340.png,ok,
1,1970,2020-11-07 19:00:02,2020-11-07 23:01:38,4.02672,302,47.5209997558594,97.632,7200,240,Z:\SPART-WORK\Data\Voyager\voyager1\mag\48s\reviewed_vim\2020\voyager1_48s_mag-vim_20200101_v01.cdf,C:\Users\Administrator\Documents\FWD_matlab\Voyager_fu\Voyager_Interstellar_Monthly\HighestPrecision_Segments\V1_MAG48s_segment_1970_20201107T190002_20201107T230138.png,ok,
1,1971,2020-11-08 11:30:27,2020-11-08 15:27:14,3.94631999993218,295,47.5209997558594,142.560999755859,7200,240,Z:\SPART-WORK\Data\Voyager\voyager1\mag\48s\reviewed_vim\2020\voyager1_48s_mag-vim_20200101_v01.cdf,C:\Users\Administrator\Documents\FWD_matlab\Voyager_fu\Voyager_Interstellar_Monthly\HighestPrecision_Segments\V1_MAG48s_segment_1971_20201108T113027_20201108T152714.png,ok,
1,1972,2020-11-09 11:17:38,2020-11-09 15:20:50,4.05336027777778,303,47.5209997558594,145.151,7200,240,Z:\SPART-WORK\Data\Voyager\voyager1\mag\48s\reviewed_vim\2020\voyager1_48s_mag-vim_20200101_v01.cdf,C:\Users\Administrator\Documents\FWD_matlab\Voyager_fu\Voyager_Interstellar_Monthly\HighestPrecision_Segments\V1_MAG48s_segment_1972_20201109T111738_20201109T152050.png,ok,
1,1973,2020-11-10 11:20:50,2020-11-10 15:16:02,3.91992027777778,293,47.5209997558594,145.151000244141,7200,240,Z:\SPART-WORK\Data\Voyager\voyager1\mag\48s\reviewed_vim\2020\voyager1_48s_mag-vim_20200101_v01.cdf,C:\Users\Administrator\Documents\FWD_matlab\Voyager_fu\Voyager_Interstellar_Monthly\HighestPrecision_Segments\V1_MAG48s_segment_1973_20201110T112050_20201110T151602.png,ok,
1,1974,2020-11-11 18:42:27,2020-11-11 22:48:50,4.10664000006782,307,47.5209997558594,145.151,7200,240,Z:\SPART-WORK\Data\Voyager\voyager1\mag\48s\reviewed_vim\2020\voyager1_48s_mag-vim_20200101_v01.cdf,C:\Users\Administrator\Documents\FWD_matlab\Voyager_fu\Voyager_Interstellar_Monthly\HighestPrecision_Segments\V1_MAG48s_segment_1974_20201111T184227_20201111T224850.png,ok,
1,1975,2020-11-12 11:16:03,2020-11-12 13:56:51,2.68008,201,47.5209997558594,95.04,7200,240,Z:\SPART-WORK\Data\Voyager\voyager1\mag\48s\reviewed_vim\2020\voyager1_48s_mag-vim_20200101_v01.cdf,C:\Users\Administrator\Documents\FWD_matlab\Voyager_fu\Voyager_Interstellar_Monthly\HighestPrecision_Segments\V1_MAG48s_segment_1975_20201112T111603_20201112T135651.png,ok,
1,1976,2020-11-12 19:24:01,2020-11-12 19:52:51,0.48048,31,47.521,240.191,7200,240,Z:\SPART-WORK\Data\Voyager\voyager1\mag\48s\reviewed_vim\2020\voyager1_48s_mag-vim_20200101_v01.cdf,C:\Users\Administrator\Documents\FWD_matlab\Voyager_fu\Voyager_Interstellar_Monthly\HighestPrecision_Segments\V1_MAG48s_segment_1976_20201112T192401_20201112T195251.png,ok,
1,1977,2020-11-12 22:37:38,2020-11-13 00:10:27,1.54679972222222,117,47.5209997558594,50.113,7200,240,Z:\SPART-WORK\Data\Voyager\voyager1\mag\48s\reviewed_vim\2020\voyager1_48s_mag-vim_20200101_v01.cdf,C:\Users\Administrator\Documents\FWD_matlab\Voyager_fu\Voyager_Interstellar_Monthly\HighestPrecision_Segments\V1_MAG48s_segment_1977_20201112T223738_20201113T001027.png,ok,
1,1978,2020-11-13 11:09:38,2020-11-13 15:05:37,3.93312,293,47.5209997558594,189.215000244141,7200,240,Z:\SPART-WORK\Data\Voyager\voyager1\mag\48s\reviewed_vim\2020\voyager1_48s_mag-vim_20200101_v01.cdf,C:\Users\Administrator\Documents\FWD_matlab\Voyager_fu\Voyager_Interstellar_Monthly\HighestPrecision_Segments\V1_MAG48s_segment_1978_20201113T110938_20201113T150537.png,ok,
1,1979,2020-11-13 18:28:02,2020-11-13 20:15:15,1.78704,132,47.5209997558594,190.08,7200,240,Z:\SPART-WORK\Data\Voyager\voyager1\mag\48s\reviewed_vim\2020\voyager1_48s_mag-vim_20200101_v01.cdf,C:\Users\Administrator\Documents\FWD_matlab\Voyager_fu\Voyager_Interstellar_Monthly\HighestPrecision_Segments\V1_MAG48s_segment_1979_20201113T182802_20201113T201515.png,ok,
1,1980,2020-11-14 11:06:25,2020-11-14 15:00:50,3.90672,288,47.5209997558594,289.44,7200,240,Z:\SPART-WORK\Data\Voyager\voyager1\mag\48s\reviewed_vim\2020\voyager1_48s_mag-vim_20200101_v01.cdf,C:\Users\Administrator\Documents\FWD_matlab\Voyager_fu\Voyager_Interstellar_Monthly\HighestPrecision_Segments\V1_MAG48s_segment_1980_20201114T110625_20201114T150050.png,ok,
1,1981,2020-11-14 18:29:39,2020-11-14 19:47:13,1.29263972229004,96,47.5209997558594,142.561,7200,240,Z:\SPART-WORK\Data\Voyager\voyager1\mag\48s\reviewed_vim\2020\voyager1_48s_mag-vim_20200101_v01.cdf,C:\Users\Administrator\Documents\FWD_matlab\Voyager_fu\Voyager_Interstellar_Monthly\HighestPrecision_Segments\V1_MAG48s_segment_1981_20201114T182939_20201114T194713.png,ok,
1,1982,2020-11-15 19:24:01,2020-11-15 19:25:39,0.02712,3,48.816,50.111,7200,240,Z:\SPART-WORK\Data\Voyager\voyager1\mag\48s\reviewed_vim\2020\voyager1_48s_mag-vim_20200101_v01.cdf,C:\Users\Administrator\Documents\FWD_matlab\Voyager_fu\Voyager_Interstellar_Monthly\HighestPrecision_Segments\V1_MAG48s_segment_1982_20201115T192401_20201115T192539.png,ok,
1,1983,2020-11-16 10:52:03,2020-11-16 13:24:51,2.54664,192,47.5209997558594,50.113,7200,240,Z:\SPART-WORK\Data\Voyager\voyager1\mag\48s\reviewed_vim\2020\voyager1_48s_mag-vim_20200101_v01.cdf,C:\Users\Administrator\Documents\FWD_matlab\Voyager_fu\Voyager_Interstellar_Monthly\HighestPrecision_Segments\V1_MAG48s_segment_1983_20201116T105203_20201116T132451.png,ok,
1,1984,2020-11-16 18:55:14,2020-11-16 20:49:37,1.90655972229004,142,47.5209997558594,145.153,7200,240,Z:\SPART-WORK\Data\Voyager\voyager1\mag\48s\reviewed_vim\2020\voyager1_48s_mag-vim_20200101_v01.cdf,C:\Users\Administrator\Documents\FWD_matlab\Voyager_fu\Voyager_Interstellar_Monthly\HighestPrecision_Segments\V1_MAG48s_segment_1984_20201116T185514_20201116T204937.png,ok,
1,1985,2020-11-17 10:53:38,2020-11-17 14:15:12,3.35952027777778,250,47.5209997558594,191.809,7200,240,Z:\SPART-WORK\Data\Voyager\voyager1\mag\48s\reviewed_vim\2020\voyager1_48s_mag-vim_20200101_v01.cdf,C:\Users\Administrator\Documents\FWD_matlab\Voyager_fu\Voyager_Interstellar_Monthly\HighestPrecision_Segments\V1_MAG48s_segment_1985_20201117T105338_20201117T141512.png,ok,
1,1986,2020-11-17 18:13:37,2020-11-17 20:04:50,1.85376027770996,138,47.5209997558594,142.559,7200,240,Z:\SPART-WORK\Data\Voyager\voyager1\mag\48s\reviewed_vim\2020\voyager1_48s_mag-vim_20200101_v01.cdf,C:\Users\Administrator\Documents\FWD_matlab\Voyager_fu\Voyager_Interstellar_Monthly\HighestPrecision_Segments\V1_MAG48s_segment_1986_20201117T181337_20201117T200450.png,ok,
1,1987,2020-11-18 19:14:26,2020-11-18 22:12:51,2.9736,221,47.5209998779297,144.288,7200,240,Z:\SPART-WORK\Data\Voyager\voyager1\mag\48s\reviewed_vim\2020\voyager1_48s_mag-vim_20200101_v01.cdf,C:\Users\Administrator\Documents\FWD_matlab\Voyager_fu\Voyager_Interstellar_Monthly\HighestPrecision_Segments\V1_MAG48s_segment_1987_20201118T191426_20201118T221251.png,ok,
1,1988,2020-11-19 10:44:01,2020-11-19 14:39:15,3.92063972222222,292,47.5209997558594,192.672000244141,7200,240,Z:\SPART-WORK\Data\Voyager\voyager1\mag\48s\reviewed_vim\2020\voyager1_48s_mag-vim_20200101_v01.cdf,C:\Users\Administrator\Documents\FWD_matlab\Voyager_fu\Voyager_Interstellar_Monthly\HighestPrecision_Segments\V1_MAG48s_segment_1988_20201119T104401_20201119T143915.png,ok,
1,1989,2020-11-19 18:18:27,2020-11-19 20:39:15,2.34672,174,47.5209997558594,191.809,7200,240,Z:\SPART-WORK\Data\Voyager\voyager1\mag\48s\reviewed_vim\2020\voyager1_48s_mag-vim_20200101_v01.cdf,C:\Users\Administrator\Documents\FWD_matlab\Voyager_fu\Voyager_Interstellar_Monthly\HighestPrecision_Segments\V1_MAG48s_segment_1989_20201119T181827_20201119T203915.png,ok,
1,1990,2020-11-20 10:39:13,2020-11-20 22:09:39,11.5070397222222,692,47.5209997558594,4078.944,7200,240,Z:\SPART-WORK\Data\Voyager\voyager1\mag\48s\reviewed_vim\2020\voyager1_48s_mag-vim_20200101_v01.cdf,C:\Users\Administrator\Documents\FWD_matlab\Voyager_fu\Voyager_Interstellar_Monthly\HighestPrecision_Segments\V1_MAG48s_segment_1990_20201120T103913_20201120T220939.png,ok,
1,1991,2020-11-21 10:39:13,2020-11-21 14:34:25,3.91991972222222,288,47.5209997558594,240.191,7200,240,Z:\SPART-WORK\Data\Voyager\voyager1\mag\48s\reviewed_vim\2020\voyager1_48s_mag-vim_20200101_v01.cdf,C:\Users\Administrator\Documents\FWD_matlab\Voyager_fu\Voyager_Interstellar_Monthly\HighestPrecision_Segments\V1_MAG48s_segment_1991_20201121T103913_20201121T143425.png,ok,
1,1992,2020-11-21 18:07:15,2020-11-21 22:04:01,3.94608,297,47.5209997558594,50.113,7200,240,Z:\SPART-WORK\Data\Voyager\voyager1\mag\48s\reviewed_vim\2020\voyager1_48s_mag-vim_20200101_v01.cdf,C:\Users\Administrator\Documents\FWD_matlab\Voyager_fu\Voyager_Interstellar_Monthly\HighestPrecision_Segments\V1_MAG48s_segment_1992_20201121T180715_20201121T220401.png,ok,
1,1993,2020-11-22 10:34:26,2020-11-22 14:39:15,4.08047972222222,306,47.5209997558594,95.04,7200,240,Z:\SPART-WORK\Data\Voyager\voyager1\mag\48s\reviewed_vim\2020\voyager1_48s_mag-vim_20200101_v01.cdf,C:\Users\Administrator\Documents\FWD_matlab\Voyager_fu\Voyager_Interstellar_Monthly\HighestPrecision_Segments\V1_MAG48s_segment_1993_20201122T103426_20201122T143915.png,ok,
1,1994,2020-11-22 19:35:13,2020-11-22 20:29:37,0.90672,68,47.5209997558594,97.632,7200,240,Z:\SPART-WORK\Data\Voyager\voyager1\mag\48s\reviewed_vim\2020\voyager1_48s_mag-vim_20200101_v01.cdf,C:\Users\Administrator\Documents\FWD_matlab\Voyager_fu\Voyager_Interstellar_Monthly\HighestPrecision_Segments\V1_MAG48s_segment_1994_20201122T193513_20201122T202937.png,ok,
1,1995,2020-11-23 10:28:01,2020-11-23 14:24:03,3.93384000006782,293,47.5209997558594,191.809,7200,240,Z:\SPART-WORK\Data\Voyager\voyager1\mag\48s\reviewed_vim\2020\voyager1_48s_mag-vim_20200101_v01.cdf,C:\Users\Administrator\Documents\FWD_matlab\Voyager_fu\Voyager_Interstellar_Monthly\HighestPrecision_Segments\V1_MAG48s_segment_1995_20201123T102801_20201123T142403.png,ok,
1,1996,2020-11-24 10:24:48,2020-11-24 16:39:13,6.24024027777778,468,47.5209997558594,97.632,7200,240,Z:\SPART-WORK\Data\Voyager\voyager1\mag\48s\reviewed_vim\2020\voyager1_48s_mag-vim_20200101_v01.cdf,C:\Users\Administrator\Documents\FWD_matlab\Voyager_fu\Voyager_Interstellar_Monthly\HighestPrecision_Segments\V1_MAG48s_segment_1996_20201124T102448_20201124T163913.png,ok,
1,1997,2020-11-25 18:07:15,2020-11-25 21:48:49,3.69287972222222,278,47.5209997558594,50.113,7200,240,Z:\SPART-WORK\Data\Voyager\voyager1\mag\48s\reviewed_vim\2020\voyager1_48s_mag-vim_20200101_v01.cdf,C:\Users\Administrator\Documents\FWD_matlab\Voyager_fu\Voyager_Interstellar_Monthly\HighestPrecision_Segments\V1_MAG48s_segment_1997_20201125T180715_20201125T214849.png,ok,
1,1998,2020-11-26 10:18:26,2020-11-26 12:59:14,2.68008000006782,199,47.5209997558594,192.672000244141,7200,240,Z:\SPART-WORK\Data\Voyager\voyager1\mag\48s\reviewed_vim\2020\voyager1_48s_mag-vim_20200101_v01.cdf,C:\Users\Administrator\Documents\FWD_matlab\Voyager_fu\Voyager_Interstellar_Monthly\HighestPrecision_Segments\V1_MAG48s_segment_1998_20201126T101826_20201126T125914.png,ok,
1,1999,2020-11-26 18:04:02,2020-11-26 20:08:51,2.08007972222222,155,47.5209997558594,145.153,7200,240,Z:\SPART-WORK\Data\Voyager\voyager1\mag\48s\reviewed_vim\2020\voyager1_48s_mag-vim_20200101_v01.cdf,C:\Users\Administrator\Documents\FWD_matlab\Voyager_fu\Voyager_Interstellar_Monthly\HighestPrecision_Segments\V1_MAG48s_segment_1999_20201126T180402_20201126T200851.png,ok,
1,2000,2020-11-27 10:13:39,2020-11-27 14:44:02,4.50648,337,47.5209997558594,141.696,7200,240,Z:\SPART-WORK\Data\Voyager\voyager1\mag\48s\reviewed_vim\2020\voyager1_48s_mag-vim_20200101_v01.cdf,C:\Users\Administrator\Documents\FWD_matlab\Voyager_fu\Voyager_Interstellar_Monthly\HighestPrecision_Segments\V1_MAG48s_segment_2000_20201127T101339_20201127T144402.png,ok,
1,2001,2020-11-27 17:32:02,2020-11-27 21:38:26,4.10664,309,47.5209997558594,50.113,7200,240,Z:\SPART-WORK\Data\Voyager\voyager1\mag\48s\reviewed_vim\2020\voyager1_48s_mag-vim_20200101_v01.cdf,C:\Users\Administrator\Documents\FWD_matlab\Voyager_fu\Voyager_Interstellar_Monthly\HighestPrecision_Segments\V1_MAG48s_segment_2001_20201127T173202_20201127T213826.png,ok,
1,2002,2020-11-28 10:07:14,2020-11-28 14:04:00,3.94631972222222,290,47.521,335.231,7200,240,Z:\SPART-WORK\Data\Voyager\voyager1\mag\48s\reviewed_vim\2020\voyager1_48s_mag-vim_20200101_v01.cdf,C:\Users\Administrator\Documents\FWD_matlab\Voyager_fu\Voyager_Interstellar_Monthly\HighestPrecision_Segments\V1_MAG48s_segment_2002_20201128T100714_20201128T140400.png,ok,
1,2003,2020-11-28 17:52:50,2020-11-28 20:03:13,2.17296027777778,163,47.5209998779297,94.177,7200,240,Z:\SPART-WORK\Data\Voyager\voyager1\mag\48s\reviewed_vim\2020\voyager1_48s_mag-vim_20200101_v01.cdf,C:\Users\Administrator\Documents\FWD_matlab\Voyager_fu\Voyager_Interstellar_Monthly\HighestPrecision_Segments\V1_MAG48s_segment_2003_20201128T175250_20201128T200313.png,ok,
1,2004,2020-11-29 17:38:25,2020-11-29 20:43:12,3.07967972222222,230,47.5209997558594,144.288,7200,240,Z:\SPART-WORK\Data\Voyager\voyager1\mag\48s\reviewed_vim\2020\voyager1_48s_mag-vim_20200101_v01.cdf,C:\Users\Administrator\Documents\FWD_matlab\Voyager_fu\Voyager_Interstellar_Monthly\HighestPrecision_Segments\V1_MAG48s_segment_2004_20201129T173825_20201129T204312.png,ok,
1,2005,2020-11-30 10:02:27,2020-11-30 15:18:25,5.26608,393,47.5209997558594,192.672,7200,240,Z:\SPART-WORK\Data\Voyager\voyager1\mag\48s\reviewed_vim\2020\voyager1_48s_mag-vim_20200101_v01.cdf,C:\Users\Administrator\Documents\FWD_matlab\Voyager_fu\Voyager_Interstellar_Monthly\HighestPrecision_Segments\V1_MAG48s_segment_2005_20201130T100227_20201130T151825.png,ok,
1,2006,2020-11-30 17:28:50,2020-11-30 19:53:38,2.41343972222222,180,47.5209997558594,145.153,7200,240,Z:\SPART-WORK\Data\Voyager\voyager1\mag\48s\reviewed_vim\2020\voyager1_48s_mag-vim_20200101_v01.cdf,C:\Users\Administrator\Documents\FWD_matlab\Voyager_fu\Voyager_Interstellar_Monthly\HighestPrecision_Segments\V1_MAG48s_segment_2006_20201130T172850_20201130T195338.png,ok,
1,2007,2020-12-01 17:27:12,2020-12-01 21:23:14,3.93384,286,47.5209997558594,240.191,7200,240,Z:\SPART-WORK\Data\Voyager\voyager1\mag\48s\reviewed_vim\2020\voyager1_48s_mag-vim_20200101_v01.cdf,C:\Users\Administrator\Documents\FWD_matlab\Voyager_fu\Voyager_Interstellar_Monthly\HighestPrecision_Segments\V1_MAG48s_segment_2007_20201201T172712_20201201T212314.png,ok,
1,2008,2020-12-02 09:51:14,2020-12-02 12:33:37,2.70648000006782,204,47.5209997558594,50.113,7200,240,Z:\SPART-WORK\Data\Voyager\voyager1\mag\48s\reviewed_vim\2020\voyager1_48s_mag-vim_20200101_v01.cdf,C:\Users\Administrator\Documents\FWD_matlab\Voyager_fu\Voyager_Interstellar_Monthly\HighestPrecision_Segments\V1_MAG48s_segment_2008_20201202T095114_20201202T123337.png,ok,
1,2009,2020-12-02 17:27:12,2020-12-02 18:38:24,1.18656,87,47.5209997558594,192.672,7200,240,Z:\SPART-WORK\Data\Voyager\voyager1\mag\48s\reviewed_vim\2020\voyager1_48s_mag-vim_20200101_v01.cdf,C:\Users\Administrator\Documents\FWD_matlab\Voyager_fu\Voyager_Interstellar_Monthly\HighestPrecision_Segments\V1_MAG48s_segment_2009_20201202T172712_20201202T183824.png,ok,
1,2010,2020-12-03 09:48:02,2020-12-03 13:43:14,3.91991972222222,293,47.5209997558594,144.288,7200,240,Z:\SPART-WORK\Data\Voyager\voyager1\mag\48s\reviewed_vim\2020\voyager1_48s_mag-vim_20200101_v01.cdf,C:\Users\Administrator\Documents\FWD_matlab\Voyager_fu\Voyager_Interstellar_Monthly\HighestPrecision_Segments\V1_MAG48s_segment_2010_20201203T094802_20201203T134314.png,ok,
1,2011,2020-12-03 17:20:50,2020-12-03 19:52:48,2.53272027777778,188,47.5209997558594,192.672000244141,7200,240,Z:\SPART-WORK\Data\Voyager\voyager1\mag\48s\reviewed_vim\2020\voyager1_48s_mag-vim_20200101_v01.cdf,C:\Users\Administrator\Documents\FWD_matlab\Voyager_fu\Voyager_Interstellar_Monthly\HighestPrecision_Segments\V1_MAG48s_segment_2011_20201203T172050_20201203T195248.png,ok,
1,2012,2020-12-04 09:43:14,2020-12-04 13:38:26,3.91991972222222,294,47.5209997558594,95.04,7200,240,Z:\SPART-WORK\Data\Voyager\voyager1\mag\48s\reviewed_vim\2020\voyager1_48s_mag-vim_20200101_v01.cdf,C:\Users\Administrator\Documents\FWD_matlab\Voyager_fu\Voyager_Interstellar_Monthly\HighestPrecision_Segments\V1_MAG48s_segment_2012_20201204T094314_20201204T133826.png,ok,
1,2013,2020-12-05 09:27:14,2020-12-05 12:21:36,2.90616027777778,212,47.5209997558594,240.191,7200,240,Z:\SPART-WORK\Data\Voyager\voyager1\mag\48s\reviewed_vim\2020\voyager1_48s_mag-vim_20200101_v01.cdf,C:\Users\Administrator\Documents\FWD_matlab\Voyager_fu\Voyager_Interstellar_Monthly\HighestPrecision_Segments\V1_MAG48s_segment_2013_20201205T092714_20201205T122136.png,ok,
1,2014,2020-12-05 17:12:50,2020-12-06 00:32:49,7.33320027770996,506,47.5209997558594,2013.983,7200,240,Z:\SPART-WORK\Data\Voyager\voyager1\mag\48s\reviewed_vim\2020\voyager1_48s_mag-vim_20200101_v01.cdf,C:\Users\Administrator\Documents\FWD_matlab\Voyager_fu\Voyager_Interstellar_Monthly\HighestPrecision_Segments\V1_MAG48s_segment_2014_20201205T171250_20201206T003249.png,ok,
1,2015,2020-12-06 09:36:49,2020-12-06 13:31:13,3.90672,291,47.5209997558594,192.672,7200,240,Z:\SPART-WORK\Data\Voyager\voyager1\mag\48s\reviewed_vim\2020\voyager1_48s_mag-vim_20200101_v01.cdf,C:\Users\Administrator\Documents\FWD_matlab\Voyager_fu\Voyager_Interstellar_Monthly\HighestPrecision_Segments\V1_MAG48s_segment_2015_20201206T093649_20201206T133113.png,ok,
1,2016,2020-12-06 17:03:13,2020-12-06 18:37:36,1.57319972222222,119,47.5209997558594,50.113,7200,240,Z:\SPART-WORK\Data\Voyager\voyager1\mag\48s\reviewed_vim\2020\voyager1_48s_mag-vim_20200101_v01.cdf,C:\Users\Administrator\Documents\FWD_matlab\Voyager_fu\Voyager_Interstellar_Monthly\HighestPrecision_Segments\V1_MAG48s_segment_2016_20201206T170313_20201206T183736.png,ok,
1,2017,2020-12-07 09:33:37,2020-12-07 13:23:13,3.8268,287,47.5209997558594,97.6319997558594,7200,240,Z:\SPART-WORK\Data\Voyager\voyager1\mag\48s\reviewed_vim\2020\voyager1_48s_mag-vim_20200101_v01.cdf,C:\Users\Administrator\Documents\FWD_matlab\Voyager_fu\Voyager_Interstellar_Monthly\HighestPrecision_Segments\V1_MAG48s_segment_2017_20201207T093337_20201207T132313.png,ok,
1,2018,2020-12-07 17:08:00,2020-12-07 19:28:01,2.33351972222222,175,47.5209997558594,97.632,7200,240,Z:\SPART-WORK\Data\Voyager\voyager1\mag\48s\reviewed_vim\2020\voyager1_48s_mag-vim_20200101_v01.cdf,C:\Users\Administrator\Documents\FWD_matlab\Voyager_fu\Voyager_Interstellar_Monthly\HighestPrecision_Segments\V1_MAG48s_segment_2018_20201207T170800_20201207T192801.png,ok,
1,2019,2020-12-08 18:12:02,2020-12-08 19:04:48,0.879600000067817,60,47.521,240.191,7200,240,Z:\SPART-WORK\Data\Voyager\voyager1\mag\48s\reviewed_vim\2020\voyager1_48s_mag-vim_20200101_v01.cdf,C:\Users\Administrator\Documents\FWD_matlab\Voyager_fu\Voyager_Interstellar_Monthly\HighestPrecision_Segments\V1_MAG48s_segment_2019_20201208T181202_20201208T190448.png,ok,
1,2020,2020-12-08 21:50:24,2020-12-08 22:08:01,0.293759722222222,23,47.5209997558594,50.113,7200,240,Z:\SPART-WORK\Data\Voyager\voyager1\mag\48s\reviewed_vim\2020\voyager1_48s_mag-vim_20200101_v01.cdf,C:\Users\Administrator\Documents\FWD_matlab\Voyager_fu\Voyager_Interstellar_Monthly\HighestPrecision_Segments\V1_MAG48s_segment_2020_20201208T215024_20201208T220801.png,ok,
1,2021,2020-12-09 09:19:12,2020-12-09 13:22:26,4.05384,300,47.5209997558594,145.153,7200,240,Z:\SPART-WORK\Data\Voyager\voyager1\mag\48s\reviewed_vim\2020\voyager1_48s_mag-vim_20200101_v01.cdf,C:\Users\Administrator\Documents\FWD_matlab\Voyager_fu\Voyager_Interstellar_Monthly\HighestPrecision_Segments\V1_MAG48s_segment_2021_20201209T091912_20201209T132226.png,ok,
1,2022,2020-12-10 09:22:24,2020-12-10 14:37:38,5.25383999993218,295,47.5209997558594,3649.536,7200,240,Z:\SPART-WORK\Data\Voyager\voyager1\mag\48s\reviewed_vim\2020\voyager1_48s_mag-vim_20200101_v01.cdf,C:\Users\Administrator\Documents\FWD_matlab\Voyager_fu\Voyager_Interstellar_Monthly\HighestPrecision_Segments\V1_MAG48s_segment_2022_20201210T092224_20201210T143738.png,ok,
1,2023,2020-12-11 09:16:02,2020-12-11 11:57:37,2.69304,203,47.5209997558594,50.113,7200,240,Z:\SPART-WORK\Data\Voyager\voyager1\mag\48s\reviewed_vim\2020\voyager1_48s_mag-vim_20200101_v01.cdf,C:\Users\Administrator\Documents\FWD_matlab\Voyager_fu\Voyager_Interstellar_Monthly\HighestPrecision_Segments\V1_MAG48s_segment_2023_20201211T091602_20201211T115737.png,ok,
1,2024,2020-12-11 16:52:01,2020-12-11 17:21:38,0.493680277777778,35,47.521,190.08,7200,240,Z:\SPART-WORK\Data\Voyager\voyager1\mag\48s\reviewed_vim\2020\voyager1_48s_mag-vim_20200101_v01.cdf,C:\Users\Administrator\Documents\FWD_matlab\Voyager_fu\Voyager_Interstellar_Monthly\HighestPrecision_Segments\V1_MAG48s_segment_2024_20201211T165201_20201211T172138.png,ok,
1,2025,2020-12-12 00:10:24,2020-12-12 02:42:25,2.53344027777778,190,47.5209997558594,97.632,7200,240,Z:\SPART-WORK\Data\Voyager\voyager1\mag\48s\reviewed_vim\2020\voyager1_48s_mag-vim_20200101_v01.cdf,C:\Users\Administrator\Documents\FWD_matlab\Voyager_fu\Voyager_Interstellar_Monthly\HighestPrecision_Segments\V1_MAG48s_segment_2025_20201212T001024_20201212T024225.png,ok,
1,2026,2020-12-12 09:12:49,2020-12-12 12:47:14,3.57359972222222,263,47.5209997558594,239.329,7200,240,Z:\SPART-WORK\Data\Voyager\voyager1\mag\48s\reviewed_vim\2020\voyager1_48s_mag-vim_20200101_v01.cdf,C:\Users\Administrator\Documents\FWD_matlab\Voyager_fu\Voyager_Interstellar_Monthly\HighestPrecision_Segments\V1_MAG48s_segment_2026_20201212T091249_20201212T124714.png,ok,
1,2027,2020-12-12 16:47:13,2020-12-12 22:27:14,5.66688027770996,424,47.5209997558594,145.151,7200,240,Z:\SPART-WORK\Data\Voyager\voyager1\mag\48s\reviewed_vim\2020\voyager1_48s_mag-vim_20200101_v01.cdf,C:\Users\Administrator\Documents\FWD_matlab\Voyager_fu\Voyager_Interstellar_Monthly\HighestPrecision_Segments\V1_MAG48s_segment_2027_20201212T164713_20201212T222714.png,ok,
1,2028,2020-12-13 10:20:01,2020-12-13 14:12:47,3.87960000006782,286,47.5209997558594,190.081,7200,240,Z:\SPART-WORK\Data\Voyager\voyager1\mag\48s\reviewed_vim\2020\voyager1_48s_mag-vim_20200101_v01.cdf,C:\Users\Administrator\Documents\FWD_matlab\Voyager_fu\Voyager_Interstellar_Monthly\HighestPrecision_Segments\V1_MAG48s_segment_2028_20201213T102001_20201213T141247.png,ok,
1,2029,2020-12-14 09:08:02,2020-12-14 11:37:38,2.49335972222222,179,47.5209997558594,335.233,7200,240,Z:\SPART-WORK\Data\Voyager\voyager1\mag\48s\reviewed_vim\2020\voyager1_48s_mag-vim_20200101_v01.cdf,C:\Users\Administrator\Documents\FWD_matlab\Voyager_fu\Voyager_Interstellar_Monthly\HighestPrecision_Segments\V1_MAG48s_segment_2029_20201214T090802_20201214T113738.png,ok,
1,2030,2020-12-14 16:44:01,2020-12-14 18:37:36,1.89311972222222,143,47.5209997558594,50.113,7200,240,Z:\SPART-WORK\Data\Voyager\voyager1\mag\48s\reviewed_vim\2020\voyager1_48s_mag-vim_20200101_v01.cdf,C:\Users\Administrator\Documents\FWD_matlab\Voyager_fu\Voyager_Interstellar_Monthly\HighestPrecision_Segments\V1_MAG48s_segment_2030_20201214T164401_20201214T183736.png,ok,
1,2031,2020-12-15 09:00:00,2020-12-15 10:47:13,1.78703972229004,135,47.5209997558594,50.113,7200,240,Z:\SPART-WORK\Data\Voyager\voyager1\mag\48s\reviewed_vim\2020\voyager1_48s_mag-vim_20200101_v01.cdf,C:\Users\Administrator\Documents\FWD_matlab\Voyager_fu\Voyager_Interstellar_Monthly\HighestPrecision_Segments\V1_MAG48s_segment_2031_20201215T090000_20201215T104713.png,ok,
1,2032,2020-12-15 16:32:48,2020-12-15 18:32:49,2.0004,150,47.5209997558594,97.632,7200,240,Z:\SPART-WORK\Data\Voyager\voyager1\mag\48s\reviewed_vim\2020\voyager1_48s_mag-vim_20200101_v01.cdf,C:\Users\Administrator\Documents\FWD_matlab\Voyager_fu\Voyager_Interstellar_Monthly\HighestPrecision_Segments\V1_MAG48s_segment_2032_20201215T163248_20201215T183249.png,ok,
1,2033,2020-12-16 16:32:48,2020-12-16 18:36:49,2.06688,155,47.5209997558594,97.632,7200,240,Z:\SPART-WORK\Data\Voyager\voyager1\mag\48s\reviewed_vim\2020\voyager1_48s_mag-vim_20200101_v01.cdf,C:\Users\Administrator\Documents\FWD_matlab\Voyager_fu\Voyager_Interstellar_Monthly\HighestPrecision_Segments\V1_MAG48s_segment_2033_20201216T163248_20201216T183649.png,ok,
1,2034,2020-12-17 08:50:25,2020-12-17 11:35:13,2.74656,207,47.5209997558594,50.113,7200,240,Z:\SPART-WORK\Data\Voyager\voyager1\mag\48s\reviewed_vim\2020\voyager1_48s_mag-vim_20200101_v01.cdf,C:\Users\Administrator\Documents\FWD_matlab\Voyager_fu\Voyager_Interstellar_Monthly\HighestPrecision_Segments\V1_MAG48s_segment_2034_20201217T085025_20201217T113513.png,ok,
1,2035,2020-12-17 16:26:26,2020-12-17 19:42:26,3.26664027777778,243,47.5209997558594,191.809,7200,240,Z:\SPART-WORK\Data\Voyager\voyager1\mag\48s\reviewed_vim\2020\voyager1_48s_mag-vim_20200101_v01.cdf,C:\Users\Administrator\Documents\FWD_matlab\Voyager_fu\Voyager_Interstellar_Monthly\HighestPrecision_Segments\V1_MAG48s_segment_2035_20201217T162626_20201217T194226.png,ok,
1,2036,2020-12-18 08:50:25,2020-12-18 12:47:12,3.94632,274,47.5209997558594,959.905,7200,240,Z:\SPART-WORK\Data\Voyager\voyager1\mag\48s\reviewed_vim\2020\voyager1_48s_mag-vim_20200101_v01.cdf,C:\Users\Administrator\Documents\FWD_matlab\Voyager_fu\Voyager_Interstellar_Monthly\HighestPrecision_Segments\V1_MAG48s_segment_2036_20201218T085025_20201218T124712.png,ok,
1,2037,2020-12-18 16:21:36,2020-12-18 18:42:24,2.34671999993218,175,47.5209997558594,145.151999755859,7200,240,Z:\SPART-WORK\Data\Voyager\voyager1\mag\48s\reviewed_vim\2020\voyager1_48s_mag-vim_20200101_v01.cdf,C:\Users\Administrator\Documents\FWD_matlab\Voyager_fu\Voyager_Interstellar_Monthly\HighestPrecision_Segments\V1_MAG48s_segment_2037_20201218T162136_20201218T184224.png,ok,
1,2038,2020-12-19 08:47:12,2020-12-19 11:27:12,2.66664,199,47.5209997558594,145.152999755859,7200,240,Z:\SPART-WORK\Data\Voyager\voyager1\mag\48s\reviewed_vim\2020\voyager1_48s_mag-vim_20200101_v01.cdf,C:\Users\Administrator\Documents\FWD_matlab\Voyager_fu\Voyager_Interstellar_Monthly\HighestPrecision_Segments\V1_MAG48s_segment_2038_20201219T084712_20201219T112712.png,ok,
1,2039,2020-12-19 16:15:14,2020-12-19 20:12:00,3.94608,297,47.5209997558594,50.113,7200,240,Z:\SPART-WORK\Data\Voyager\voyager1\mag\48s\reviewed_vim\2020\voyager1_48s_mag-vim_20200101_v01.cdf,C:\Users\Administrator\Documents\FWD_matlab\Voyager_fu\Voyager_Interstellar_Monthly\HighestPrecision_Segments\V1_MAG48s_segment_2039_20201219T161514_20201219T201200.png,ok,
1,2040,2020-12-20 17:27:12,2020-12-20 18:03:12,0.599999722222222,45,47.5209997558594,95.04,7200,240,Z:\SPART-WORK\Data\Voyager\voyager1\mag\48s\reviewed_vim\2020\voyager1_48s_mag-vim_20200101_v01.cdf,C:\Users\Administrator\Documents\FWD_matlab\Voyager_fu\Voyager_Interstellar_Monthly\HighestPrecision_Segments\V1_MAG48s_segment_2040_20201220T172712_20201220T180312.png,ok,
1,2041,2020-12-21 00:45:37,2020-12-21 01:26:24,0.679680277777778,50,47.5209997558594,95.041,7200,240,Z:\SPART-WORK\Data\Voyager\voyager1\mag\48s\reviewed_vim\2020\voyager1_48s_mag-vim_20200101_v01.cdf,C:\Users\Administrator\Documents\FWD_matlab\Voyager_fu\Voyager_Interstellar_Monthly\HighestPrecision_Segments\V1_MAG48s_segment_2041_20201221T004537_20201221T012624.png,ok,
1,2042,2020-12-21 08:36:00,2020-12-21 10:07:14,1.52040027777778,112,47.5209997558594,189.216,7200,240,Z:\SPART-WORK\Data\Voyager\voyager1\mag\48s\reviewed_vim\2020\voyager1_48s_mag-vim_20200101_v01.cdf,C:\Users\Administrator\Documents\FWD_matlab\Voyager_fu\Voyager_Interstellar_Monthly\HighestPrecision_Segments\V1_MAG48s_segment_2042_20201221T083600_20201221T100714.png,ok,
1,2043,2020-12-21 16:26:24,2020-12-21 20:07:13,3.68039972229004,274,47.5209997558594,191.809,7200,240,Z:\SPART-WORK\Data\Voyager\voyager1\mag\48s\reviewed_vim\2020\voyager1_48s_mag-vim_20200101_v01.cdf,C:\Users\Administrator\Documents\FWD_matlab\Voyager_fu\Voyager_Interstellar_Monthly\HighestPrecision_Segments\V1_MAG48s_segment_2043_20201221T162624_20201221T200713.png,ok,
1,2044,2020-12-22 08:32:47,2020-12-22 11:16:48,2.73336,205,47.5209997558594,97.631,7200,240,Z:\SPART-WORK\Data\Voyager\voyager1\mag\48s\reviewed_vim\2020\voyager1_48s_mag-vim_20200101_v01.cdf,C:\Users\Administrator\Documents\FWD_matlab\Voyager_fu\Voyager_Interstellar_Monthly\HighestPrecision_Segments\V1_MAG48s_segment_2044_20201222T083247_20201222T111648.png,ok,
1,2045,2020-12-22 16:05:36,2020-12-22 18:36:49,2.52024,190,47.5209997558594,50.113,7200,240,Z:\SPART-WORK\Data\Voyager\voyager1\mag\48s\reviewed_vim\2020\voyager1_48s_mag-vim_20200101_v01.cdf,C:\Users\Administrator\Documents\FWD_matlab\Voyager_fu\Voyager_Interstellar_Monthly\HighestPrecision_Segments\V1_MAG48s_segment_2045_20201222T160536_20201222T183649.png,ok,
1,2046,2020-12-23 08:32:47,2020-12-23 13:36:48,5.06687972222222,375,47.5209997558594,287.711,7200,240,Z:\SPART-WORK\Data\Voyager\voyager1\mag\48s\reviewed_vim\2020\voyager1_48s_mag-vim_20200101_v01.cdf,C:\Users\Administrator\Documents\FWD_matlab\Voyager_fu\Voyager_Interstellar_Monthly\HighestPrecision_Segments\V1_MAG48s_segment_2046_20201223T083247_20201223T133648.png,ok,
1,2047,2020-12-23 16:00:49,2020-12-23 19:56:48,3.93312,293,47.5200002441406,192.672,7200,240,Z:\SPART-WORK\Data\Voyager\voyager1\mag\48s\reviewed_vim\2020\voyager1_48s_mag-vim_20200101_v01.cdf,C:\Users\Administrator\Documents\FWD_matlab\Voyager_fu\Voyager_Interstellar_Monthly\HighestPrecision_Segments\V1_MAG48s_segment_2047_20201223T160049_20201223T195648.png,ok,
1,2048,2020-12-24 08:24:48,2020-12-24 21:01:37,12.6136799999322,840,47.5200002441406,5041.44,7200,240,Z:\SPART-WORK\Data\Voyager\voyager1\mag\48s\reviewed_vim\2020\voyager1_48s_mag-vim_20200101_v01.cdf,C:\Users\Administrator\Documents\FWD_matlab\Voyager_fu\Voyager_Interstellar_Monthly\HighestPrecision_Segments\V1_MAG48s_segment_2048_20201224T082448_20201224T210137.png,ok,
1,2049,2020-12-25 08:21:35,2020-12-25 13:36:48,5.2536,393,47.5200002441406,142.560000244141,7200,240,Z:\SPART-WORK\Data\Voyager\voyager1\mag\48s\reviewed_vim\2020\voyager1_48s_mag-vim_20200101_v01.cdf,C:\Users\Administrator\Documents\FWD_matlab\Voyager_fu\Voyager_Interstellar_Monthly\HighestPrecision_Segments\V1_MAG48s_segment_2049_20201225T082135_20201225T133648.png,ok,
1,2050,2020-12-25 15:57:36,2020-12-25 17:32:00,1.57320027770996,118,47.5200002441406,95.0409997558594,7200,240,Z:\SPART-WORK\Data\Voyager\voyager1\mag\48s\reviewed_vim\2020\voyager1_48s_mag-vim_20200101_v01.cdf,C:\Users\Administrator\Documents\FWD_matlab\Voyager_fu\Voyager_Interstellar_Monthly\HighestPrecision_Segments\V1_MAG48s_segment_2050_20201225T155736_20201225T173200.png,ok,
1,2051,2020-12-26 08:15:12,2020-12-26 12:11:59,3.94632,285,47.5200001220703,624.672000244141,7200,240,Z:\SPART-WORK\Data\Voyager\voyager1\mag\48s\reviewed_vim\2020\voyager1_48s_mag-vim_20200101_v01.cdf,C:\Users\Administrator\Documents\FWD_matlab\Voyager_fu\Voyager_Interstellar_Monthly\HighestPrecision_Segments\V1_MAG48s_segment_2051_20201226T081512_20201226T121159.png,ok,
1,2052,2020-12-26 15:51:11,2020-12-26 18:11:59,2.34672,174,47.52,192.672,7200,240,Z:\SPART-WORK\Data\Voyager\voyager1\mag\48s\reviewed_vim\2020\voyager1_48s_mag-vim_20200101_v01.cdf,C:\Users\Administrator\Documents\FWD_matlab\Voyager_fu\Voyager_Interstellar_Monthly\HighestPrecision_Segments\V1_MAG48s_segment_2052_20201226T155111_20201226T181159.png,ok,
1,2053,2020-12-27 08:16:48,2020-12-27 12:06:25,3.82703972229004,286,47.52,97.633,7200,240,Z:\SPART-WORK\Data\Voyager\voyager1\mag\48s\reviewed_vim\2020\voyager1_48s_mag-vim_20200101_v01.cdf,C:\Users\Administrator\Documents\FWD_matlab\Voyager_fu\Voyager_Interstellar_Monthly\HighestPrecision_Segments\V1_MAG48s_segment_2053_20201227T081648_20201227T120625.png,ok,
1,2054,2020-12-27 15:49:36,2020-12-27 19:41:36,3.86664027777778,288,47.52,192.672,7200,240,Z:\SPART-WORK\Data\Voyager\voyager1\mag\48s\reviewed_vim\2020\voyager1_48s_mag-vim_20200101_v01.cdf,C:\Users\Administrator\Documents\FWD_matlab\Voyager_fu\Voyager_Interstellar_Monthly\HighestPrecision_Segments\V1_MAG48s_segment_2054_20201227T154936_20201227T194136.png,ok,
1,2055,2020-12-28 08:10:26,2020-12-28 12:06:25,3.93312000006782,293,47.52,192.672,7200,240,Z:\SPART-WORK\Data\Voyager\voyager1\mag\48s\reviewed_vim\2020\voyager1_48s_mag-vim_20200101_v01.cdf,C:\Users\Administrator\Documents\FWD_matlab\Voyager_fu\Voyager_Interstellar_Monthly\HighestPrecision_Segments\V1_MAG48s_segment_2055_20201228T081026_20201228T120625.png,ok,
1,2056,2020-12-28 18:20:00,2020-12-29 00:06:25,5.77367972229004,434,47.52,50.1120002441406,7200,240,Z:\SPART-WORK\Data\Voyager\voyager1\mag\48s\reviewed_vim\2020\voyager1_48s_mag-vim_20200101_v01.cdf,C:\Users\Administrator\Documents\FWD_matlab\Voyager_fu\Voyager_Interstellar_Monthly\HighestPrecision_Segments\V1_MAG48s_segment_2056_20201228T182000_20201229T000625.png,ok,
1,2057,2020-12-29 07:57:36,2020-12-29 10:06:23,2.14655999993218,159,47.52,192.672,7200,240,Z:\SPART-WORK\Data\Voyager\voyager1\mag\48s\reviewed_vim\2020\voyager1_48s_mag-vim_20200101_v01.cdf,C:\Users\Administrator\Documents\FWD_matlab\Voyager_fu\Voyager_Interstellar_Monthly\HighestPrecision_Segments\V1_MAG48s_segment_2057_20201229T075736_20201229T100623.png,ok,
1,2058,2020-12-29 15:39:59,2020-12-29 19:06:23,3.44015999993218,259,47.52,50.1120002441406,7200,240,Z:\SPART-WORK\Data\Voyager\voyager1\mag\48s\reviewed_vim\2020\voyager1_48s_mag-vim_20200101_v01.cdf,C:\Users\Administrator\Documents\FWD_matlab\Voyager_fu\Voyager_Interstellar_Monthly\HighestPrecision_Segments\V1_MAG48s_segment_2058_20201229T153959_20201229T190623.png,ok,
1,2059,2020-12-30 08:00:48,2020-12-30 11:56:47,3.93312027777778,293,47.52,190.081,7200,240,Z:\SPART-WORK\Data\Voyager\voyager1\mag\48s\reviewed_vim\2020\voyager1_48s_mag-vim_20200101_v01.cdf,C:\Users\Administrator\Documents\FWD_matlab\Voyager_fu\Voyager_Interstellar_Monthly\HighestPrecision_Segments\V1_MAG48s_segment_2059_20201230T080048_20201230T115647.png,ok,
1,2060,2020-12-30 15:36:49,2020-12-30 19:06:23,3.49295972222222,261,47.52,142.560000244141,7200,240,Z:\SPART-WORK\Data\Voyager\voyager1\mag\48s\reviewed_vim\2020\voyager1_48s_mag-vim_20200101_v01.cdf,C:\Users\Administrator\Documents\FWD_matlab\Voyager_fu\Voyager_Interstellar_Monthly\HighestPrecision_Segments\V1_MAG48s_segment_2060_20201230T153649_20201230T190623.png,ok,
1,2061,2021-01-01 07:49:37,2021-01-01 10:36:49,2.78664,210,48.383,48.385,7200,240,Z:\SPART-WORK\Data\Voyager\voyager1\mag\48s\reviewed_vim\2021\voyager1_48s_mag-vim_20210101_v01.cdf,C:\Users\Administrator\Documents\FWD_matlab\Voyager_fu\Voyager_Interstellar_Monthly\HighestPrecision_Segments\V1_MAG48s_segment_2061_20210101T074937_20210101T103649.png,ok,
1,2062,2021-01-01 15:25:37,2021-01-01 19:21:38,3.93335972222222,293,48.383,191.808,7200,240,Z:\SPART-WORK\Data\Voyager\voyager1\mag\48s\reviewed_vim\2021\voyager1_48s_mag-vim_20210101_v01.cdf,C:\Users\Administrator\Documents\FWD_matlab\Voyager_fu\Voyager_Interstellar_Monthly\HighestPrecision_Segments\V1_MAG48s_segment_2062_20210101T152537_20210101T192138.png,ok,
1,2063,2021-01-02 07:51:13,2021-01-02 11:48:49,3.95999972222222,286,48.383,432.000999755859,7200,240,Z:\SPART-WORK\Data\Voyager\voyager1\mag\48s\reviewed_vim\2021\voyager1_48s_mag-vim_20210101_v01.cdf,C:\Users\Administrator\Documents\FWD_matlab\Voyager_fu\Voyager_Interstellar_Monthly\HighestPrecision_Segments\V1_MAG48s_segment_2063_20210102T075113_20210102T114849.png,ok,
1,2064,2021-01-03 07:46:25,2021-01-03 10:06:25,2.33327972222222,174,48.383,144.288,7200,240,Z:\SPART-WORK\Data\Voyager\voyager1\mag\48s\reviewed_vim\2021\voyager1_48s_mag-vim_20210101_v01.cdf,C:\Users\Administrator\Documents\FWD_matlab\Voyager_fu\Voyager_Interstellar_Monthly\HighestPrecision_Segments\V1_MAG48s_segment_2064_20210103T074625_20210103T100625.png,ok,
1,2065,2021-01-04 07:40:01,2021-01-04 12:06:25,4.43999972229004,334,48.383,48.385,7200,240,Z:\SPART-WORK\Data\Voyager\voyager1\mag\48s\reviewed_vim\2021\voyager1_48s_mag-vim_20210101_v01.cdf,C:\Users\Administrator\Documents\FWD_matlab\Voyager_fu\Voyager_Interstellar_Monthly\HighestPrecision_Segments\V1_MAG48s_segment_2065_20210104T074001_20210104T120625.png,ok,
1,2066,2021-01-05 07:41:37,2021-01-05 10:21:37,2.66664,200,48.383,95.903,7200,240,Z:\SPART-WORK\Data\Voyager\voyager1\mag\48s\reviewed_vim\2021\voyager1_48s_mag-vim_20210101_v01.cdf,C:\Users\Administrator\Documents\FWD_matlab\Voyager_fu\Voyager_Interstellar_Monthly\HighestPrecision_Segments\V1_MAG48s_segment_2066_20210105T074137_20210105T102137.png,ok,
1,2067,2021-01-06 07:24:01,2021-01-06 16:52:01,9.46656027770996,683,48.383,1391.904,7200,240,Z:\SPART-WORK\Data\Voyager\voyager1\mag\48s\reviewed_vim\2021\voyager1_48s_mag-vim_20210101_v01.cdf,C:\Users\Administrator\Documents\FWD_matlab\Voyager_fu\Voyager_Interstellar_Monthly\HighestPrecision_Segments\V1_MAG48s_segment_2067_20210106T072401_20210106T165201.png,ok,
1,2068,2021-01-07 07:24:01,2021-01-07 10:51:13,3.45335999993218,256,48.3830002441406,144.288,7200,240,Z:\SPART-WORK\Data\Voyager\voyager1\mag\48s\reviewed_vim\2021\voyager1_48s_mag-vim_20210101_v01.cdf,C:\Users\Administrator\Documents\FWD_matlab\Voyager_fu\Voyager_Interstellar_Monthly\HighestPrecision_Segments\V1_MAG48s_segment_2068_20210107T072401_20210107T105113.png,ok,
1,2069,2021-01-31 05:54:23,2021-01-31 08:44:48,2.84016,214,48.3839997558594,48.385,7200,240,Z:\SPART-WORK\Data\Voyager\voyager1\mag\48s\reviewed_vim\2021\voyager1_48s_mag-vim_20210101_v01.cdf,C:\Users\Administrator\Documents\FWD_matlab\Voyager_fu\Voyager_Interstellar_Monthly\HighestPrecision_Segments\V1_MAG48s_segment_2069_20210131T055423_20210131T084448.png,ok,
1,2070,2021-01-31 14:29:36,2021-01-31 15:51:12,1.36008027777778,103,48.3839997558594,48.385,7200,240,Z:\SPART-WORK\Data\Voyager\voyager1\mag\48s\reviewed_vim\2021\voyager1_48s_mag-vim_20210101_v01.cdf,C:\Users\Administrator\Documents\FWD_matlab\Voyager_fu\Voyager_Interstellar_Monthly\HighestPrecision_Segments\V1_MAG48s_segment_2070_20210131T142936_20210131T155112.png,ok,
1,2071,2021-02-01 07:03:12,2021-02-01 08:36:48,1.56000027777778,117,48.3839998779297,95.905,7200,240,Z:\SPART-WORK\Data\Voyager\voyager1\mag\48s\reviewed_vim\2021\voyager1_48s_mag-vim_20210101_v01.cdf,C:\Users\Administrator\Documents\FWD_matlab\Voyager_fu\Voyager_Interstellar_Monthly\HighestPrecision_Segments\V1_MAG48s_segment_2071_20210201T070312_20210201T083648.png,ok,
1,2072,2021-02-01 17:39:59,2021-02-01 21:01:35,3.36,157,48.384,4032.289,7200,240,Z:\SPART-WORK\Data\Voyager\voyager1\mag\48s\reviewed_vim\2021\voyager1_48s_mag-vim_20210101_v01.cdf,C:\Users\Administrator\Documents\FWD_matlab\Voyager_fu\Voyager_Interstellar_Monthly\HighestPrecision_Segments\V1_MAG48s_segment_2072_20210201T173959_20210201T210135.png,ok,
1,2073,2021-02-02 05:51:12,2021-02-02 11:54:23,6.05328,453,48.3839997558594,143.424,7200,240,Z:\SPART-WORK\Data\Voyager\voyager1\mag\48s\reviewed_vim\2021\voyager1_48s_mag-vim_20210101_v01.cdf,C:\Users\Administrator\Documents\FWD_matlab\Voyager_fu\Voyager_Interstellar_Monthly\HighestPrecision_Segments\V1_MAG48s_segment_2073_20210202T055112_20210202T115423.png,ok,
1,2074,2021-02-03 08:15:12,2021-02-03 10:06:23,1.85327972222222,140,48.3839997558594,48.385,7200,240,Z:\SPART-WORK\Data\Voyager\voyager1\mag\48s\reviewed_vim\2021\voyager1_48s_mag-vim_20210101_v01.cdf,C:\Users\Administrator\Documents\FWD_matlab\Voyager_fu\Voyager_Interstellar_Monthly\HighestPrecision_Segments\V1_MAG48s_segment_2074_20210203T081512_20210203T100623.png,ok,
1,2075,2021-02-03 13:19:11,2021-02-03 18:36:47,5.29320027777778,305,48.3839998779297,4079.809,7200,240,Z:\SPART-WORK\Data\Voyager\voyager1\mag\48s\reviewed_vim\2021\voyager1_48s_mag-vim_20210101_v01.cdf,C:\Users\Administrator\Documents\FWD_matlab\Voyager_fu\Voyager_Interstellar_Monthly\HighestPrecision_Segments\V1_MAG48s_segment_2075_20210203T131911_20210203T183647.png,ok,
1,2076,2021-02-04 05:44:47,2021-02-04 08:26:24,2.69351972229004,201,48.3839998779297,143.424,7200,240,Z:\SPART-WORK\Data\Voyager\voyager1\mag\48s\reviewed_vim\2021\voyager1_48s_mag-vim_20210101_v01.cdf,C:\Users\Administrator\Documents\FWD_matlab\Voyager_fu\Voyager_Interstellar_Monthly\HighestPrecision_Segments\V1_MAG48s_segment_2076_20210204T054447_20210204T082624.png,ok,
1,2077,2021-02-05 05:36:48,2021-02-05 08:21:35,2.74655972222222,182,48.3839997558594,1104.192,7200,240,Z:\SPART-WORK\Data\Voyager\voyager1\mag\48s\reviewed_vim\2021\voyager1_48s_mag-vim_20210101_v01.cdf,C:\Users\Administrator\Documents\FWD_matlab\Voyager_fu\Voyager_Interstellar_Monthly\HighestPrecision_Segments\V1_MAG48s_segment_2077_20210205T053648_20210205T082135.png,ok,
1,2078,2021-02-05 13:09:35,2021-02-05 17:06:24,3.9468,297,48.3839997558594,48.385,7200,240,Z:\SPART-WORK\Data\Voyager\voyager1\mag\48s\reviewed_vim\2021\voyager1_48s_mag-vim_20210101_v01.cdf,C:\Users\Administrator\Documents\FWD_matlab\Voyager_fu\Voyager_Interstellar_Monthly\HighestPrecision_Segments\V1_MAG48s_segment_2078_20210205T130935_20210205T170624.png,ok,
1,2079,2021-02-06 05:24:00,2021-02-06 09:21:36,3.96,290,48.3839997558594,336.097,7200,240,Z:\SPART-WORK\Data\Voyager\voyager1\mag\48s\reviewed_vim\2021\voyager1_48s_mag-vim_20210101_v01.cdf,C:\Users\Administrator\Documents\FWD_matlab\Voyager_fu\Voyager_Interstellar_Monthly\HighestPrecision_Segments\V1_MAG48s_segment_2079_20210206T052400_20210206T092136.png,ok,
1,2080,2021-02-06 14:15:12,2021-02-06 15:51:11,1.59984,87,48.384,959.903,7200,240,Z:\SPART-WORK\Data\Voyager\voyager1\mag\48s\reviewed_vim\2021\voyager1_48s_mag-vim_20210101_v01.cdf,C:\Users\Administrator\Documents\FWD_matlab\Voyager_fu\Voyager_Interstellar_Monthly\HighestPrecision_Segments\V1_MAG48s_segment_2080_20210206T141512_20210206T155111.png,ok,
1,2081,2021-02-07 05:30:23,2021-02-07 15:26:23,9.93336,616,48.384,5327.425,7200,240,Z:\SPART-WORK\Data\Voyager\voyager1\mag\48s\reviewed_vim\2021\voyager1_48s_mag-vim_20210101_v01.cdf,C:\Users\Administrator\Documents\FWD_matlab\Voyager_fu\Voyager_Interstellar_Monthly\HighestPrecision_Segments\V1_MAG48s_segment_2081_20210207T053023_20210207T152623.png,ok,
1,2082,2021-02-08 06:40:47,2021-02-08 08:11:11,1.50672027777778,110,48.384,192.671000244141,7200,240,Z:\SPART-WORK\Data\Voyager\voyager1\mag\48s\reviewed_vim\2021\voyager1_48s_mag-vim_20210101_v01.cdf,C:\Users\Administrator\Documents\FWD_matlab\Voyager_fu\Voyager_Interstellar_Monthly\HighestPrecision_Segments\V1_MAG48s_segment_2082_20210208T064047_20210208T081111.png,ok,
1,2083,2021-02-08 12:56:47,2021-02-08 15:21:36,2.41344027777778,180,48.384,143.425,7200,240,Z:\SPART-WORK\Data\Voyager\voyager1\mag\48s\reviewed_vim\2021\voyager1_48s_mag-vim_20210101_v01.cdf,C:\Users\Administrator\Documents\FWD_matlab\Voyager_fu\Voyager_Interstellar_Monthly\HighestPrecision_Segments\V1_MAG48s_segment_2083_20210208T125647_20210208T152136.png,ok,
1,2084,2021-02-09 06:59:59,2021-02-09 10:51:11,3.85343972229004,289,48.3839997558594,95.9030002441406,7200,240,Z:\SPART-WORK\Data\Voyager\voyager1\mag\48s\reviewed_vim\2021\voyager1_48s_mag-vim_20210101_v01.cdf,C:\Users\Administrator\Documents\FWD_matlab\Voyager_fu\Voyager_Interstellar_Monthly\HighestPrecision_Segments\V1_MAG48s_segment_2084_20210209T065959_20210209T105111.png,ok,
1,2085,2021-02-09 12:56:47,2021-02-09 18:01:35,5.08008,380,48.3839997558594,143.425,7200,240,Z:\SPART-WORK\Data\Voyager\voyager1\mag\48s\reviewed_vim\2021\voyager1_48s_mag-vim_20210101_v01.cdf,C:\Users\Administrator\Documents\FWD_matlab\Voyager_fu\Voyager_Interstellar_Monthly\HighestPrecision_Segments\V1_MAG48s_segment_2085_20210209T125647_20210209T180135.png,ok,
1,2086,2021-02-10 05:15:59,2021-02-10 10:06:23,4.84008,362,48.3839997558594,143.424,7200,240,Z:\SPART-WORK\Data\Voyager\voyager1\mag\48s\reviewed_vim\2021\voyager1_48s_mag-vim_20210101_v01.cdf,C:\Users\Administrator\Documents\FWD_matlab\Voyager_fu\Voyager_Interstellar_Monthly\HighestPrecision_Segments\V1_MAG48s_segment_2086_20210210T051559_20210210T100623.png,ok,
1,2087,2021-02-10 12:51:59,2021-02-10 18:36:47,5.74656,431,48.3839997558594,95.9030002441406,7200,240,Z:\SPART-WORK\Data\Voyager\voyager1\mag\48s\reviewed_vim\2021\voyager1_48s_mag-vim_20210101_v01.cdf,C:\Users\Administrator\Documents\FWD_matlab\Voyager_fu\Voyager_Interstellar_Monthly\HighestPrecision_Segments\V1_MAG48s_segment_2087_20210210T125159_20210210T183647.png,ok,
1,2088,2021-02-11 05:23:59,2021-02-11 07:56:47,2.54688027777778,191,48.384,96.768,7200,240,Z:\SPART-WORK\Data\Voyager\voyager1\mag\48s\reviewed_vim\2021\voyager1_48s_mag-vim_20210101_v01.cdf,C:\Users\Administrator\Documents\FWD_matlab\Voyager_fu\Voyager_Interstellar_Monthly\HighestPrecision_Segments\V1_MAG48s_segment_2088_20210211T052359_20210211T075647.png,ok,
1,2089,2021-02-11 12:45:35,2021-02-11 16:41:35,3.93335972222222,293,48.3839997558594,192.671999755859,7200,240,Z:\SPART-WORK\Data\Voyager\voyager1\mag\48s\reviewed_vim\2021\voyager1_48s_mag-vim_20210101_v01.cdf,C:\Users\Administrator\Documents\FWD_matlab\Voyager_fu\Voyager_Interstellar_Monthly\HighestPrecision_Segments\V1_MAG48s_segment_2089_20210211T124535_20210211T164135.png,ok,
1,2090,2021-02-12 06:55:11,2021-02-12 07:56:47,1.02672,78,48.384,48.3840002441406,7200,240,Z:\SPART-WORK\Data\Voyager\voyager1\mag\48s\reviewed_vim\2021\voyager1_48s_mag-vim_20210101_v01.cdf,C:\Users\Administrator\Documents\FWD_matlab\Voyager_fu\Voyager_Interstellar_Monthly\HighestPrecision_Segments\V1_MAG48s_segment_2090_20210212T065511_20210212T075647.png,ok,
1,2091,2021-02-12 12:42:23,2021-02-12 15:31:59,2.82671972229004,212,48.384,95.903,7200,240,Z:\SPART-WORK\Data\Voyager\voyager1\mag\48s\reviewed_vim\2021\voyager1_48s_mag-vim_20210101_v01.cdf,C:\Users\Administrator\Documents\FWD_matlab\Voyager_fu\Voyager_Interstellar_Monthly\HighestPrecision_Segments\V1_MAG48s_segment_2091_20210212T124223_20210212T153159.png,ok,
1,2092,2021-02-13 05:06:23,2021-02-13 07:51:59,2.76000027770996,206,48.3839997558594,144.289,7200,240,Z:\SPART-WORK\Data\Voyager\voyager1\mag\48s\reviewed_vim\2021\voyager1_48s_mag-vim_20210101_v01.cdf,C:\Users\Administrator\Documents\FWD_matlab\Voyager_fu\Voyager_Interstellar_Monthly\HighestPrecision_Segments\V1_MAG48s_segment_2092_20210213T050623_20210213T075159.png,ok,
1,2093,2021-02-13 12:45:35,2021-02-13 15:01:35,2.26679972222222,168,48.384,192.671999755859,7200,240,Z:\SPART-WORK\Data\Voyager\voyager1\mag\48s\reviewed_vim\2021\voyager1_48s_mag-vim_20210101_v01.cdf,C:\Users\Administrator\Documents\FWD_matlab\Voyager_fu\Voyager_Interstellar_Monthly\HighestPrecision_Segments\V1_MAG48s_segment_2093_20210213T124535_20210213T150135.png,ok,
1,2094,2021-02-14 04:59:59,2021-02-14 07:46:23,2.77320027777778,209,48.3839997558594,48.385,7200,240,Z:\SPART-WORK\Data\Voyager\voyager1\mag\48s\reviewed_vim\2021\voyager1_48s_mag-vim_20210101_v01.cdf,C:\Users\Administrator\Documents\FWD_matlab\Voyager_fu\Voyager_Interstellar_Monthly\HighestPrecision_Segments\V1_MAG48s_segment_2094_20210214T045959_20210214T074623.png,ok,
1,2095,2021-02-14 13:31:59,2021-02-14 18:06:23,4.57344027777778,342,48.3839997558594,143.424,7200,240,Z:\SPART-WORK\Data\Voyager\voyager1\mag\48s\reviewed_vim\2021\voyager1_48s_mag-vim_20210101_v01.cdf,C:\Users\Administrator\Documents\FWD_matlab\Voyager_fu\Voyager_Interstellar_Monthly\HighestPrecision_Segments\V1_MAG48s_segment_2095_20210214T133159_20210214T180623.png,ok,
1,2096,2021-02-15 04:56:47,2021-02-15 08:51:59,3.92016,293,48.3839997558594,144.288,7200,240,Z:\SPART-WORK\Data\Voyager\voyager1\mag\48s\reviewed_vim\2021\voyager1_48s_mag-vim_20210101_v01.cdf,C:\Users\Administrator\Documents\FWD_matlab\Voyager_fu\Voyager_Interstellar_Monthly\HighestPrecision_Segments\V1_MAG48s_segment_2096_20210215T045647_20210215T085159.png,ok,
1,2097,2021-02-15 12:31:11,2021-02-15 15:06:23,2.58672027777778,193,48.3839997558594,143.423999755859,7200,240,Z:\SPART-WORK\Data\Voyager\voyager1\mag\48s\reviewed_vim\2021\voyager1_48s_mag-vim_20210101_v01.cdf,C:\Users\Administrator\Documents\FWD_matlab\Voyager_fu\Voyager_Interstellar_Monthly\HighestPrecision_Segments\V1_MAG48s_segment_2097_20210215T123111_20210215T150623.png,ok,
1,2098,2021-02-16 04:56:47,2021-02-16 10:06:23,5.16000027777778,386,48.3839997558594,144.288,7200,240,Z:\SPART-WORK\Data\Voyager\voyager1\mag\48s\reviewed_vim\2021\voyager1_48s_mag-vim_20210101_v01.cdf,C:\Users\Administrator\Documents\FWD_matlab\Voyager_fu\Voyager_Interstellar_Monthly\HighestPrecision_Segments\V1_MAG48s_segment_2098_20210216T045647_20210216T100623.png,ok,
1,2099,2021-02-16 12:24:47,2021-02-16 14:51:59,2.45327972222222,185,48.3839997558594,48.385,7200,240,Z:\SPART-WORK\Data\Voyager\voyager1\mag\48s\reviewed_vim\2021\voyager1_48s_mag-vim_20210101_v01.cdf,C:\Users\Administrator\Documents\FWD_matlab\Voyager_fu\Voyager_Interstellar_Monthly\HighestPrecision_Segments\V1_MAG48s_segment_2099_20210216T122447_20210216T145159.png,ok,
1,2100,2021-02-17 04:51:59,2021-02-17 08:47:11,3.91992,294,48.3839997558594,95.903,7200,240,Z:\SPART-WORK\Data\Voyager\voyager1\mag\48s\reviewed_vim\2021\voyager1_48s_mag-vim_20210101_v01.cdf,C:\Users\Administrator\Documents\FWD_matlab\Voyager_fu\Voyager_Interstellar_Monthly\HighestPrecision_Segments\V1_MAG48s_segment_2100_20210217T045159_20210217T084711.png,ok,
1,2101,2021-02-17 12:21:35,2021-02-17 14:56:47,2.58672027777778,193,48.3839998779297,144.289,7200,240,Z:\SPART-WORK\Data\Voyager\voyager1\mag\48s\reviewed_vim\2021\voyager1_48s_mag-vim_20210101_v01.cdf,C:\Users\Administrator\Documents\FWD_matlab\Voyager_fu\Voyager_Interstellar_Monthly\HighestPrecision_Segments\V1_MAG48s_segment_2101_20210217T122135_20210217T145647.png,ok,
1,2102,2021-02-18 04:45:35,2021-02-18 07:31:59,2.7732,197,48.384,432,7200,240,Z:\SPART-WORK\Data\Voyager\voyager1\mag\48s\reviewed_vim\2021\voyager1_48s_mag-vim_20210101_v01.cdf,C:\Users\Administrator\Documents\FWD_matlab\Voyager_fu\Voyager_Interstellar_Monthly\HighestPrecision_Segments\V1_MAG48s_segment_2102_20210218T044535_20210218T073159.png,ok,
1,2103,2021-02-18 12:23:11,2021-02-18 16:16:47,3.89352,292,48.384,96.768,7200,240,Z:\SPART-WORK\Data\Voyager\voyager1\mag\48s\reviewed_vim\2021\voyager1_48s_mag-vim_20210101_v01.cdf,C:\Users\Administrator\Documents\FWD_matlab\Voyager_fu\Voyager_Interstellar_Monthly\HighestPrecision_Segments\V1_MAG48s_segment_2103_20210218T122311_20210218T161647.png,ok,
1,2104,2021-02-19 05:52:47,2021-02-19 07:27:11,1.57343972222222,118,48.384,95.903,7200,240,Z:\SPART-WORK\Data\Voyager\voyager1\mag\48s\reviewed_vim\2021\voyager1_48s_mag-vim_20210101_v01.cdf,C:\Users\Administrator\Documents\FWD_matlab\Voyager_fu\Voyager_Interstellar_Monthly\HighestPrecision_Segments\V1_MAG48s_segment_2104_20210219T055247_20210219T072711.png,ok,
1,2105,2021-02-19 12:15:11,2021-02-19 17:16:47,5.02656,378,48.3839997558594,48.385,7200,240,Z:\SPART-WORK\Data\Voyager\voyager1\mag\48s\reviewed_vim\2021\voyager1_48s_mag-vim_20210101_v01.cdf,C:\Users\Administrator\Documents\FWD_matlab\Voyager_fu\Voyager_Interstellar_Monthly\HighestPrecision_Segments\V1_MAG48s_segment_2105_20210219T121511_20210219T171647.png,ok,
1,2106,2021-02-20 04:35:59,2021-02-20 07:21:35,2.76000027777778,205,48.384,191.807,7200,240,Z:\SPART-WORK\Data\Voyager\voyager1\mag\48s\reviewed_vim\2021\voyager1_48s_mag-vim_20210101_v01.cdf,C:\Users\Administrator\Documents\FWD_matlab\Voyager_fu\Voyager_Interstellar_Monthly\HighestPrecision_Segments\V1_MAG48s_segment_2106_20210220T043559_20210220T072135.png,ok,
1,2107,2021-02-20 12:11:58,2021-02-20 16:16:47,4.08024027777778,305,48.384,144.289,7200,240,Z:\SPART-WORK\Data\Voyager\voyager1\mag\48s\reviewed_vim\2021\voyager1_48s_mag-vim_20210101_v01.cdf,C:\Users\Administrator\Documents\FWD_matlab\Voyager_fu\Voyager_Interstellar_Monthly\HighestPrecision_Segments\V1_MAG48s_segment_2107_20210220T121158_20210220T161647.png,ok,
1,2108,2021-02-21 04:37:35,2021-02-21 08:51:58,4.23984,292,48.384,1247.616,7200,240,Z:\SPART-WORK\Data\Voyager\voyager1\mag\48s\reviewed_vim\2021\voyager1_48s_mag-vim_20210101_v01.cdf,C:\Users\Administrator\Documents\FWD_matlab\Voyager_fu\Voyager_Interstellar_Monthly\HighestPrecision_Segments\V1_MAG48s_segment_2108_20210221T043735_20210221T085158.png,ok,
1,2109,2021-02-21 12:05:35,2021-02-21 16:11:59,4.10664,309,48.3839997558594,48.385,7200,240,Z:\SPART-WORK\Data\Voyager\voyager1\mag\48s\reviewed_vim\2021\voyager1_48s_mag-vim_20210101_v01.cdf,C:\Users\Administrator\Documents\FWD_matlab\Voyager_fu\Voyager_Interstellar_Monthly\HighestPrecision_Segments\V1_MAG48s_segment_2109_20210221T120535_20210221T161159.png,ok,
1,2110,2021-02-22 04:32:46,2021-02-22 08:51:58,4.32,324,48.384,96.768,7200,240,Z:\SPART-WORK\Data\Voyager\voyager1\mag\48s\reviewed_vim\2021\voyager1_48s_mag-vim_20210101_v01.cdf,C:\Users\Administrator\Documents\FWD_matlab\Voyager_fu\Voyager_Interstellar_Monthly\HighestPrecision_Segments\V1_MAG48s_segment_2110_20210222T043246_20210222T085158.png,ok,
1,2111,2021-02-22 12:00:47,2021-02-22 14:27:10,2.43984,181,48.3839997558594,191.808,7200,240,Z:\SPART-WORK\Data\Voyager\voyager1\mag\48s\reviewed_vim\2021\voyager1_48s_mag-vim_20210101_v01.cdf,C:\Users\Administrator\Documents\FWD_matlab\Voyager_fu\Voyager_Interstellar_Monthly\HighestPrecision_Segments\V1_MAG48s_segment_2111_20210222T120047_20210222T142710.png,ok,
1,2112,2021-02-23 04:24:47,2021-02-23 07:11:59,2.78664,210,48.3839997558594,48.385,7200,240,Z:\SPART-WORK\Data\Voyager\voyager1\mag\48s\reviewed_vim\2021\voyager1_48s_mag-vim_20210101_v01.cdf,C:\Users\Administrator\Documents\FWD_matlab\Voyager_fu\Voyager_Interstellar_Monthly\HighestPrecision_Segments\V1_MAG48s_segment_2112_20210223T042447_20210223T071159.png,ok,
1,2113,2021-02-23 12:00:47,2021-02-23 16:07:11,4.10664027777778,306,48.3839997558594,191.808,7200,240,Z:\SPART-WORK\Data\Voyager\voyager1\mag\48s\reviewed_vim\2021\voyager1_48s_mag-vim_20210101_v01.cdf,C:\Users\Administrator\Documents\FWD_matlab\Voyager_fu\Voyager_Interstellar_Monthly\HighestPrecision_Segments\V1_MAG48s_segment_2113_20210223T120047_20210223T160711.png,ok,
1,2114,2021-02-24 04:21:35,2021-02-24 14:31:59,10.17336,624,48.3839997558594,6623.423,7200,240,Z:\SPART-WORK\Data\Voyager\voyager1\mag\48s\reviewed_vim\2021\voyager1_48s_mag-vim_20210101_v01.cdf,C:\Users\Administrator\Documents\FWD_matlab\Voyager_fu\Voyager_Interstellar_Monthly\HighestPrecision_Segments\V1_MAG48s_segment_2114_20210224T042135_20210224T143159.png,ok,
1,2115,2021-02-25 05:25:35,2021-02-25 08:51:58,3.43992,259,48.3839997558594,48.385,7200,240,Z:\SPART-WORK\Data\Voyager\voyager1\mag\48s\reviewed_vim\2021\voyager1_48s_mag-vim_20210101_v01.cdf,C:\Users\Administrator\Documents\FWD_matlab\Voyager_fu\Voyager_Interstellar_Monthly\HighestPrecision_Segments\V1_MAG48s_segment_2115_20210225T052535_20210225T085158.png,ok,
1,2116,2021-02-25 11:51:11,2021-02-25 14:16:47,2.42664027777778,180,48.3839997558594,191.808,7200,240,Z:\SPART-WORK\Data\Voyager\voyager1\mag\48s\reviewed_vim\2021\voyager1_48s_mag-vim_20210101_v01.cdf,C:\Users\Administrator\Documents\FWD_matlab\Voyager_fu\Voyager_Interstellar_Monthly\HighestPrecision_Segments\V1_MAG48s_segment_2116_20210225T115111_20210225T141647.png,ok,
1,2117,2021-02-26 04:15:10,2021-02-26 07:02:22,2.78664,208,48.3839997558594,144.288,7200,240,Z:\SPART-WORK\Data\Voyager\voyager1\mag\48s\reviewed_vim\2021\voyager1_48s_mag-vim_20210101_v01.cdf,C:\Users\Administrator\Documents\FWD_matlab\Voyager_fu\Voyager_Interstellar_Monthly\HighestPrecision_Segments\V1_MAG48s_segment_2117_20210226T041510_20210226T070222.png,ok,
1,2118,2021-02-26 11:47:58,2021-02-26 14:22:23,2.57352027777778,193,48.3839997558594,96.769,7200,240,Z:\SPART-WORK\Data\Voyager\voyager1\mag\48s\reviewed_vim\2021\voyager1_48s_mag-vim_20210101_v01.cdf,C:\Users\Administrator\Documents\FWD_matlab\Voyager_fu\Voyager_Interstellar_Monthly\HighestPrecision_Segments\V1_MAG48s_segment_2118_20210226T114758_20210226T142223.png,ok,
1,2119,2021-02-27 04:11:59,2021-02-27 06:56:46,2.74656,205,48.3839997558594,144.289,7200,240,Z:\SPART-WORK\Data\Voyager\voyager1\mag\48s\reviewed_vim\2021\voyager1_48s_mag-vim_20210101_v01.cdf,C:\Users\Administrator\Documents\FWD_matlab\Voyager_fu\Voyager_Interstellar_Monthly\HighestPrecision_Segments\V1_MAG48s_segment_2119_20210227T041159_20210227T065646.png,ok,
1,2120,2021-02-27 11:41:34,2021-02-27 15:51:59,4.17336,311,48.3839997558594,191.808,7200,240,Z:\SPART-WORK\Data\Voyager\voyager1\mag\48s\reviewed_vim\2021\voyager1_48s_mag-vim_20210101_v01.cdf,C:\Users\Administrator\Documents\FWD_matlab\Voyager_fu\Voyager_Interstellar_Monthly\HighestPrecision_Segments\V1_MAG48s_segment_2120_20210227T114134_20210227T155159.png,ok,
1,2121,2021-02-28 05:17:34,2021-02-28 08:02:23,2.7468,206,48.3839997558594,95.904,7200,240,Z:\SPART-WORK\Data\Voyager\voyager1\mag\48s\reviewed_vim\2021\voyager1_48s_mag-vim_20210101_v01.cdf,C:\Users\Administrator\Documents\FWD_matlab\Voyager_fu\Voyager_Interstellar_Monthly\HighestPrecision_Segments\V1_MAG48s_segment_2121_20210228T051734_20210228T080223.png,ok,
1,2122,2021-02-28 12:50:23,2021-02-28 17:37:34,4.78656,267,48.3839998779297,4079.807,7200,240,Z:\SPART-WORK\Data\Voyager\voyager1\mag\48s\reviewed_vim\2021\voyager1_48s_mag-vim_20210101_v01.cdf,C:\Users\Administrator\Documents\FWD_matlab\Voyager_fu\Voyager_Interstellar_Monthly\HighestPrecision_Segments\V1_MAG48s_segment_2122_20210228T125023_20210228T173734.png,ok,
1,2123,2021-03-01 04:02:22,2021-03-01 06:47:10,2.74656,205,48.3839997558594,143.424,7200,240,Z:\SPART-WORK\Data\Voyager\voyager1\mag\48s\reviewed_vim\2021\voyager1_48s_mag-vim_20210101_v01.cdf,C:\Users\Administrator\Documents\FWD_matlab\Voyager_fu\Voyager_Interstellar_Monthly\HighestPrecision_Segments\V1_MAG48s_segment_2123_20210301T040222_20210301T064710.png,ok,
1,2124,2021-03-01 11:36:47,2021-03-01 15:57:35,4.34664027777778,325,48.3839997558594,144.288,7200,240,Z:\SPART-WORK\Data\Voyager\voyager1\mag\48s\reviewed_vim\2021\voyager1_48s_mag-vim_20210101_v01.cdf,C:\Users\Administrator\Documents\FWD_matlab\Voyager_fu\Voyager_Interstellar_Monthly\HighestPrecision_Segments\V1_MAG48s_segment_2124_20210301T113647_20210301T155735.png,ok,
1,2125,2021-03-02 07:52:46,2021-03-02 13:57:34,6.07992027777778,391,48.3839998779297,3072.38499975586,7200,240,Z:\SPART-WORK\Data\Voyager\voyager1\mag\48s\reviewed_vim\2021\voyager1_48s_mag-vim_20210101_v01.cdf,C:\Users\Administrator\Documents\FWD_matlab\Voyager_fu\Voyager_Interstellar_Monthly\HighestPrecision_Segments\V1_MAG48s_segment_2125_20210302T075246_20210302T135734.png,ok,
1,2126,2021-03-03 03:57:35,2021-03-03 15:37:35,11.6666397222222,734,48.3839997558594,6528.38499975586,7200,240,Z:\SPART-WORK\Data\Voyager\voyager1\mag\48s\reviewed_vim\2021\voyager1_48s_mag-vim_20210101_v01.cdf,C:\Users\Administrator\Documents\FWD_matlab\Voyager_fu\Voyager_Interstellar_Monthly\HighestPrecision_Segments\V1_MAG48s_segment_2126_20210303T035735_20210303T153735.png,ok,
1,2127,2021-03-04 03:51:10,2021-03-04 09:57:35,6.10680027777778,448,48.3839997558594,336.096,7200,240,Z:\SPART-WORK\Data\Voyager\voyager1\mag\48s\reviewed_vim\2021\voyager1_48s_mag-vim_20210101_v01.cdf,C:\Users\Administrator\Documents\FWD_matlab\Voyager_fu\Voyager_Interstellar_Monthly\HighestPrecision_Segments\V1_MAG48s_segment_2127_20210304T035110_20210304T095735.png,ok,
1,2128,2021-03-05 05:17:34,2021-03-05 09:12:46,3.91992027777778,294,48.383,95.904,7200,240,Z:\SPART-WORK\Data\Voyager\voyager1\mag\48s\reviewed_vim\2021\voyager1_48s_mag-vim_20210101_v01.cdf,C:\Users\Administrator\Documents\FWD_matlab\Voyager_fu\Voyager_Interstellar_Monthly\HighestPrecision_Segments\V1_MAG48s_segment_2128_20210305T051734_20210305T091246.png,ok,
1,2129,2021-03-05 13:17:34,2021-03-05 17:12:46,3.91992,294,48.383,96.768,7200,240,Z:\SPART-WORK\Data\Voyager\voyager1\mag\48s\reviewed_vim\2021\voyager1_48s_mag-vim_20210101_v01.cdf,C:\Users\Administrator\Documents\FWD_matlab\Voyager_fu\Voyager_Interstellar_Monthly\HighestPrecision_Segments\V1_MAG48s_segment_2129_20210305T131734_20210305T171246.png,ok,
1,2130,2021-03-06 05:17:34,2021-03-06 10:27:10,5.16000027777778,379,48.383,287.713,7200,240,Z:\SPART-WORK\Data\Voyager\voyager1\mag\48s\reviewed_vim\2021\voyager1_48s_mag-vim_20210101_v01.cdf,C:\Users\Administrator\Documents\FWD_matlab\Voyager_fu\Voyager_Interstellar_Monthly\HighestPrecision_Segments\V1_MAG48s_segment_2130_20210306T051734_20210306T102710.png,ok,
1,2131,2021-03-06 12:47:10,2021-03-06 15:52:46,3.09336,233,48.383,48.385,7200,240,Z:\SPART-WORK\Data\Voyager\voyager1\mag\48s\reviewed_vim\2021\voyager1_48s_mag-vim_20210101_v01.cdf,C:\Users\Administrator\Documents\FWD_matlab\Voyager_fu\Voyager_Interstellar_Monthly\HighestPrecision_Segments\V1_MAG48s_segment_2131_20210306T124710_20210306T155246.png,ok,
1,2132,2021-03-07 03:35:10,2021-03-07 07:37:34,4.03992027770996,301,48.383,191.808,7200,240,Z:\SPART-WORK\Data\Voyager\voyager1\mag\48s\reviewed_vim\2021\voyager1_48s_mag-vim_20210101_v01.cdf,C:\Users\Administrator\Documents\FWD_matlab\Voyager_fu\Voyager_Interstellar_Monthly\HighestPrecision_Segments\V1_MAG48s_segment_2132_20210307T033510_20210307T073734.png,ok,
1,2133,2021-03-07 11:28:46,2021-03-07 13:37:34,2.14656027777778,159,48.383,192.672,7200,240,Z:\SPART-WORK\Data\Voyager\voyager1\mag\48s\reviewed_vim\2021\voyager1_48s_mag-vim_20210101_v01.cdf,C:\Users\Administrator\Documents\FWD_matlab\Voyager_fu\Voyager_Interstellar_Monthly\HighestPrecision_Segments\V1_MAG48s_segment_2133_20210307T112846_20210307T133734.png,ok,
1,2134,2021-03-08 03:38:22,2021-03-08 07:32:45,3.90647972222222,293,48.383,95.904,7200,240,Z:\SPART-WORK\Data\Voyager\voyager1\mag\48s\reviewed_vim\2021\voyager1_48s_mag-vim_20210101_v01.cdf,C:\Users\Administrator\Documents\FWD_matlab\Voyager_fu\Voyager_Interstellar_Monthly\HighestPrecision_Segments\V1_MAG48s_segment_2134_20210308T033822_20210308T073245.png,ok,
1,2135,2021-03-08 12:13:33,2021-03-08 13:27:10,1.22688,92,48.383,96.768,7200,240,Z:\SPART-WORK\Data\Voyager\voyager1\mag\48s\reviewed_vim\2021\voyager1_48s_mag-vim_20210101_v01.cdf,C:\Users\Administrator\Documents\FWD_matlab\Voyager_fu\Voyager_Interstellar_Monthly\HighestPrecision_Segments\V1_MAG48s_segment_2135_20210308T121333_20210308T132710.png,ok,
1,2136,2021-03-08 18:56:45,2021-03-08 20:12:46,1.26672,93,48.383,192.672,7200,240,Z:\SPART-WORK\Data\Voyager\voyager1\mag\48s\reviewed_vim\2021\voyager1_48s_mag-vim_20210101_v01.cdf,C:\Users\Administrator\Documents\FWD_matlab\Voyager_fu\Voyager_Interstellar_Monthly\HighestPrecision_Segments\V1_MAG48s_segment_2136_20210308T185645_20210308T201246.png,ok,
1,2137,2021-03-09 03:31:58,2021-03-09 07:27:10,3.92016027777778,292,48.383,191.809,7200,240,Z:\SPART-WORK\Data\Voyager\voyager1\mag\48s\reviewed_vim\2021\voyager1_48s_mag-vim_20210101_v01.cdf,C:\Users\Administrator\Documents\FWD_matlab\Voyager_fu\Voyager_Interstellar_Monthly\HighestPrecision_Segments\V1_MAG48s_segment_2137_20210309T033158_20210309T072710.png,ok,
1,2138,2021-03-09 12:16:46,2021-03-09 13:42:22,1.42655972222222,105,48.383,191.807000244141,7200,240,Z:\SPART-WORK\Data\Voyager\voyager1\mag\48s\reviewed_vim\2021\voyager1_48s_mag-vim_20210101_v01.cdf,C:\Users\Administrator\Documents\FWD_matlab\Voyager_fu\Voyager_Interstellar_Monthly\HighestPrecision_Segments\V1_MAG48s_segment_2138_20210309T121646_20210309T134222.png,ok,
1,2139,2021-03-10 03:27:10,2021-03-10 14:22:22,10.92,671,48.383,7103.809,7200,240,Z:\SPART-WORK\Data\Voyager\voyager1\mag\48s\reviewed_vim\2021\voyager1_48s_mag-vim_20210101_v01.cdf,C:\Users\Administrator\Documents\FWD_matlab\Voyager_fu\Voyager_Interstellar_Monthly\HighestPrecision_Segments\V1_MAG48s_segment_2139_20210310T032710_20210310T142222.png,ok,
1,2140,2021-03-11 03:20:46,2021-03-11 06:12:46,2.86656,207,48.383,336.097,7200,240,Z:\SPART-WORK\Data\Voyager\voyager1\mag\48s\reviewed_vim\2021\voyager1_48s_mag-vim_20210101_v01.cdf,C:\Users\Administrator\Documents\FWD_matlab\Voyager_fu\Voyager_Interstellar_Monthly\HighestPrecision_Segments\V1_MAG48s_segment_2140_20210311T032046_20210311T061246.png,ok,
1,2141,2021-03-12 05:52:46,2021-03-12 10:27:58,4.58663999993218,338,48.383,191.809,7200,240,Z:\SPART-WORK\Data\Voyager\voyager1\mag\48s\reviewed_vim\2021\voyager1_48s_mag-vim_20210101_v01.cdf,C:\Users\Administrator\Documents\FWD_matlab\Voyager_fu\Voyager_Interstellar_Monthly\HighestPrecision_Segments\V1_MAG48s_segment_2141_20210312T055246_20210312T102758.png,ok,
1,2142,2021-03-13 03:19:09,2021-03-13 07:32:45,4.22663972222222,311,48.383,336.095,7200,240,Z:\SPART-WORK\Data\Voyager\voyager1\mag\48s\reviewed_vim\2021\voyager1_48s_mag-vim_20210101_v01.cdf,C:\Users\Administrator\Documents\FWD_matlab\Voyager_fu\Voyager_Interstellar_Monthly\HighestPrecision_Segments\V1_MAG48s_segment_2142_20210313T031909_20210313T073245.png,ok,
1,2143,2021-03-13 10:47:09,2021-03-13 13:12:45,2.42663972229004,180,48.383,192.671,7200,240,Z:\SPART-WORK\Data\Voyager\voyager1\mag\48s\reviewed_vim\2021\voyager1_48s_mag-vim_20210101_v01.cdf,C:\Users\Administrator\Documents\FWD_matlab\Voyager_fu\Voyager_Interstellar_Monthly\HighestPrecision_Segments\V1_MAG48s_segment_2143_20210313T104709_20210313T131245.png,ok,
1,2144,2021-03-14 03:11:09,2021-03-14 07:07:58,3.9468,297,48.383,48.385,7200,240,Z:\SPART-WORK\Data\Voyager\voyager1\mag\48s\reviewed_vim\2021\voyager1_48s_mag-vim_20210101_v01.cdf,C:\Users\Administrator\Documents\FWD_matlab\Voyager_fu\Voyager_Interstellar_Monthly\HighestPrecision_Segments\V1_MAG48s_segment_2144_20210314T031109_20210314T070758.png,ok,
1,2145,2021-03-14 10:37:34,2021-03-14 13:12:45,2.58647972229004,193,48.383,96.7679997558594,7200,240,Z:\SPART-WORK\Data\Voyager\voyager1\mag\48s\reviewed_vim\2021\voyager1_48s_mag-vim_20210101_v01.cdf,C:\Users\Administrator\Documents\FWD_matlab\Voyager_fu\Voyager_Interstellar_Monthly\HighestPrecision_Segments\V1_MAG48s_segment_2145_20210314T103734_20210314T131245.png,ok,
1,2146,2021-03-15 03:06:21,2021-03-15 05:57:33,2.85336027777778,212,48.383,191.808999755859,7200,240,Z:\SPART-WORK\Data\Voyager\voyager1\mag\48s\reviewed_vim\2021\voyager1_48s_mag-vim_20210101_v01.cdf,C:\Users\Administrator\Documents\FWD_matlab\Voyager_fu\Voyager_Interstellar_Monthly\HighestPrecision_Segments\V1_MAG48s_segment_2146_20210315T030621_20210315T055733.png,ok,
1,2147,2021-03-15 11:47:58,2021-03-15 15:42:21,3.90648,293,48.383,95.04,7200,240,Z:\SPART-WORK\Data\Voyager\voyager1\mag\48s\reviewed_vim\2021\voyager1_48s_mag-vim_20210101_v01.cdf,C:\Users\Administrator\Documents\FWD_matlab\Voyager_fu\Voyager_Interstellar_Monthly\HighestPrecision_Segments\V1_MAG48s_segment_2147_20210315T114758_20210315T154221.png,ok,
1,2148,2021-03-16 04:13:34,2021-03-16 05:43:09,1.49327972222222,112,48.383,95.903,7200,240,Z:\SPART-WORK\Data\Voyager\voyager1\mag\48s\reviewed_vim\2021\voyager1_48s_mag-vim_20210101_v01.cdf,C:\Users\Administrator\Documents\FWD_matlab\Voyager_fu\Voyager_Interstellar_Monthly\HighestPrecision_Segments\V1_MAG48s_segment_2148_20210316T041334_20210316T054309.png,ok,
1,2149,2021-03-16 11:43:09,2021-03-16 14:03:09,2.33328027777778,174,48.383,143.424,7200,240,Z:\SPART-WORK\Data\Voyager\voyager1\mag\48s\reviewed_vim\2021\voyager1_48s_mag-vim_20210101_v01.cdf,C:\Users\Administrator\Documents\FWD_matlab\Voyager_fu\Voyager_Interstellar_Monthly\HighestPrecision_Segments\V1_MAG48s_segment_2149_20210316T114309_20210316T140309.png,ok,
1,2150,2021-03-17 11:36:45,2021-03-17 15:32:45,3.93336,296,48.383,48.385,7200,240,Z:\SPART-WORK\Data\Voyager\voyager1\mag\48s\reviewed_vim\2021\voyager1_48s_mag-vim_20210101_v01.cdf,C:\Users\Administrator\Documents\FWD_matlab\Voyager_fu\Voyager_Interstellar_Monthly\HighestPrecision_Segments\V1_MAG48s_segment_2150_20210317T113645_20210317T153245.png,ok,
1,2151,2021-03-18 02:56:45,2021-03-18 09:07:57,6.18672000006782,455,48.383,287.713,7200,240,Z:\SPART-WORK\Data\Voyager\voyager1\mag\48s\reviewed_vim\2021\voyager1_48s_mag-vim_20210101_v01.cdf,C:\Users\Administrator\Documents\FWD_matlab\Voyager_fu\Voyager_Interstellar_Monthly\HighestPrecision_Segments\V1_MAG48s_segment_2151_20210318T025645_20210318T090757.png,ok,
1,2152,2021-03-19 03:06:21,2021-03-19 09:32:45,6.43992027777778,481,48.383,191.808999755859,7200,240,Z:\SPART-WORK\Data\Voyager\voyager1\mag\48s\reviewed_vim\2021\voyager1_48s_mag-vim_20210101_v01.cdf,C:\Users\Administrator\Documents\FWD_matlab\Voyager_fu\Voyager_Interstellar_Monthly\HighestPrecision_Segments\V1_MAG48s_segment_2152_20210319T030621_20210319T093245.png,ok,
1,2153,2021-03-20 02:53:33,2021-03-20 07:27:58,4.57343972222222,334,48.383,336.096000244141,7200,240,Z:\SPART-WORK\Data\Voyager\voyager1\mag\48s\reviewed_vim\2021\voyager1_48s_mag-vim_20210101_v01.cdf,C:\Users\Administrator\Documents\FWD_matlab\Voyager_fu\Voyager_Interstellar_Monthly\HighestPrecision_Segments\V1_MAG48s_segment_2153_20210320T025333_20210320T072758.png,ok,
1,2154,2021-03-20 22:18:21,2021-03-21 00:12:46,1.90680027777778,143,48.383,95.905,7200,240,Z:\SPART-WORK\Data\Voyager\voyager1\mag\48s\reviewed_vim\2021\voyager1_48s_mag-vim_20210101_v01.cdf,C:\Users\Administrator\Documents\FWD_matlab\Voyager_fu\Voyager_Interstellar_Monthly\HighestPrecision_Segments\V1_MAG48s_segment_2154_20210320T221821_20210321T001246.png,ok,
1,2155,2021-03-21 02:47:09,2021-03-21 06:43:10,3.93360000006782,293,48.383,191.809,7200,240,Z:\SPART-WORK\Data\Voyager\voyager1\mag\48s\reviewed_vim\2021\voyager1_48s_mag-vim_20210101_v01.cdf,C:\Users\Administrator\Documents\FWD_matlab\Voyager_fu\Voyager_Interstellar_Monthly\HighestPrecision_Segments\V1_MAG48s_segment_2155_20210321T024709_20210321T064310.png,ok,
1,2156,2021-03-21 11:22:21,2021-03-21 13:52:45,2.5068,185,48.383,191.807,7200,240,Z:\SPART-WORK\Data\Voyager\voyager1\mag\48s\reviewed_vim\2021\voyager1_48s_mag-vim_20210101_v01.cdf,C:\Users\Administrator\Documents\FWD_matlab\Voyager_fu\Voyager_Interstellar_Monthly\HighestPrecision_Segments\V1_MAG48s_segment_2156_20210321T112221_20210321T135245.png,ok,
1,2157,2021-03-22 02:42:21,2021-03-22 06:37:33,3.91991972222222,293,48.383,144.288,7200,240,Z:\SPART-WORK\Data\Voyager\voyager1\mag\48s\reviewed_vim\2021\voyager1_48s_mag-vim_20210101_v01.cdf,C:\Users\Administrator\Documents\FWD_matlab\Voyager_fu\Voyager_Interstellar_Monthly\HighestPrecision_Segments\V1_MAG48s_segment_2157_20210322T024221_20210322T063733.png,ok,
1,2158,2021-03-23 02:35:57,2021-03-23 06:32:45,3.94656,297,48.383,48.385,7200,240,Z:\SPART-WORK\Data\Voyager\voyager1\mag\48s\reviewed_vim\2021\voyager1_48s_mag-vim_20210101_v01.cdf,C:\Users\Administrator\Documents\FWD_matlab\Voyager_fu\Voyager_Interstellar_Monthly\HighestPrecision_Segments\V1_MAG48s_segment_2158_20210323T023557_20210323T063245.png,ok,
1,2159,2021-03-24 02:32:46,2021-03-24 06:27:57,3.91992,293,48.383,144.288999755859,7200,240,Z:\SPART-WORK\Data\Voyager\voyager1\mag\48s\reviewed_vim\2021\voyager1_48s_mag-vim_20210101_v01.cdf,C:\Users\Administrator\Documents\FWD_matlab\Voyager_fu\Voyager_Interstellar_Monthly\HighestPrecision_Segments\V1_MAG48s_segment_2159_20210324T023246_20210324T062757.png,ok,
1,2160,2021-03-25 02:26:21,2021-03-25 05:18:21,2.86656,206,48.383,432,7200,240,Z:\SPART-WORK\Data\Voyager\voyager1\mag\48s\reviewed_vim\2021\voyager1_48s_mag-vim_20210101_v01.cdf,C:\Users\Administrator\Documents\FWD_matlab\Voyager_fu\Voyager_Interstellar_Monthly\HighestPrecision_Segments\V1_MAG48s_segment_2160_20210325T022621_20210325T051821.png,ok,
1,2161,2021-03-25 20:18:21,2021-03-26 07:58:21,11.66663972229,761,48.383,5327.42300024414,7200,240,Z:\SPART-WORK\Data\Voyager\voyager1\mag\48s\reviewed_vim\2021\voyager1_48s_mag-vim_20210101_v01.cdf,C:\Users\Administrator\Documents\FWD_matlab\Voyager_fu\Voyager_Interstellar_Monthly\HighestPrecision_Segments\V1_MAG48s_segment_2161_20210325T201821_20210326T075821.png,ok,
1,2162,2021-03-27 02:23:09,2021-03-27 08:58:21,6.58679972222222,486,48.383,384.481,7200,240,Z:\SPART-WORK\Data\Voyager\voyager1\mag\48s\reviewed_vim\2021\voyager1_48s_mag-vim_20210101_v01.cdf,C:\Users\Administrator\Documents\FWD_matlab\Voyager_fu\Voyager_Interstellar_Monthly\HighestPrecision_Segments\V1_MAG48s_segment_2162_20210327T022309_20210327T085821.png,ok,
1,2163,2021-03-28 02:23:09,2021-03-28 10:52:45,8.49335972222222,636,48.383,144.289,7200,240,Z:\SPART-WORK\Data\Voyager\voyager1\mag\48s\reviewed_vim\2021\voyager1_48s_mag-vim_20210101_v01.cdf,C:\Users\Administrator\Documents\FWD_matlab\Voyager_fu\Voyager_Interstellar_Monthly\HighestPrecision_Segments\V1_MAG48s_segment_2163_20210328T022309_20210328T105245.png,ok,
1,2164,2021-03-29 10:51:56,2021-03-29 15:23:09,4.52016,340,48.383,48.385,7200,240,Z:\SPART-WORK\Data\Voyager\voyager1\mag\48s\reviewed_vim\2021\voyager1_48s_mag-vim_20210101_v01.cdf,C:\Users\Administrator\Documents\FWD_matlab\Voyager_fu\Voyager_Interstellar_Monthly\HighestPrecision_Segments\V1_MAG48s_segment_2164_20210329T105156_20210329T152309.png,ok,
1,2165,2021-03-30 03:01:33,2021-03-30 06:58:21,3.9468,297,48.383,48.385,7200,240,Z:\SPART-WORK\Data\Voyager\voyager1\mag\48s\reviewed_vim\2021\voyager1_48s_mag-vim_20210101_v01.cdf,C:\Users\Administrator\Documents\FWD_matlab\Voyager_fu\Voyager_Interstellar_Monthly\HighestPrecision_Segments\V1_MAG48s_segment_2165_20210330T030133_20210330T065821.png,ok,
1,2166,2021-03-30 11:52:44,2021-03-30 16:03:08,4.17336,219,48.383,4078.943,7200,240,Z:\SPART-WORK\Data\Voyager\voyager1\mag\48s\reviewed_vim\2021\voyager1_48s_mag-vim_20210101_v01.cdf,C:\Users\Administrator\Documents\FWD_matlab\Voyager_fu\Voyager_Interstellar_Monthly\HighestPrecision_Segments\V1_MAG48s_segment_2166_20210330T115244_20210330T160308.png,ok,
1,2167,2021-03-31 03:19:09,2021-03-31 04:53:33,1.57344,118,48.383,95.903,7200,240,Z:\SPART-WORK\Data\Voyager\voyager1\mag\48s\reviewed_vim\2021\voyager1_48s_mag-vim_20210101_v01.cdf,C:\Users\Administrator\Documents\FWD_matlab\Voyager_fu\Voyager_Interstellar_Monthly\HighestPrecision_Segments\V1_MAG48s_segment_2167_20210331T031909_20210331T045333.png,ok,
1,2168,2021-03-31 10:43:57,2021-03-31 14:07:57,3.40007972222222,255,48.383,95.904,7200,240,Z:\SPART-WORK\Data\Voyager\voyager1\mag\48s\reviewed_vim\2021\voyager1_48s_mag-vim_20210101_v01.cdf,C:\Users\Administrator\Documents\FWD_matlab\Voyager_fu\Voyager_Interstellar_Monthly\HighestPrecision_Segments\V1_MAG48s_segment_2168_20210331T104357_20210331T140757.png,ok,
1,2169,2021-04-01 02:02:21,2021-04-01 06:58:20,4.93320027777778,358,48.383,287.712,7200,240,Z:\SPART-WORK\Data\Voyager\voyager1\mag\48s\reviewed_vim\2021\voyager1_48s_mag-vim_20210101_v01.cdf,C:\Users\Administrator\Documents\FWD_matlab\Voyager_fu\Voyager_Interstellar_Monthly\HighestPrecision_Segments\V1_MAG48s_segment_2169_20210401T020221_20210401T065820.png,ok,
1,2170,2021-04-01 10:37:32,2021-04-01 14:23:09,3.76008,280,48.383,191.807,7200,240,Z:\SPART-WORK\Data\Voyager\voyager1\mag\48s\reviewed_vim\2021\voyager1_48s_mag-vim_20210101_v01.cdf,C:\Users\Administrator\Documents\FWD_matlab\Voyager_fu\Voyager_Interstellar_Monthly\HighestPrecision_Segments\V1_MAG48s_segment_2170_20210401T103732_20210401T142309.png,ok,
1,2171,2021-04-02 02:53:32,2021-04-02 06:27:57,3.57336,259,48.383,432,7200,240,Z:\SPART-WORK\Data\Voyager\voyager1\mag\48s\reviewed_vim\2021\voyager1_48s_mag-vim_20210101_v01.cdf,C:\Users\Administrator\Documents\FWD_matlab\Voyager_fu\Voyager_Interstellar_Monthly\HighestPrecision_Segments\V1_MAG48s_segment_2171_20210402T025332_20210402T062757.png,ok,
1,2172,2021-04-02 21:03:09,2021-04-03 05:53:32,8.83991999993218,525,48.383,5999.616,7200,240,Z:\SPART-WORK\Data\Voyager\voyager1\mag\48s\reviewed_vim\2021\voyager1_48s_mag-vim_20210101_v01.cdf,C:\Users\Administrator\Documents\FWD_matlab\Voyager_fu\Voyager_Interstellar_Monthly\HighestPrecision_Segments\V1_MAG48s_segment_2172_20210402T210309_20210403T055332.png,ok,
1,2173,2021-04-04 01:51:09,2021-04-04 05:47:56,3.94656,297,48.383,48.385,7200,240,Z:\SPART-WORK\Data\Voyager\voyager1\mag\48s\reviewed_vim\2021\voyager1_48s_mag-vim_20210101_v01.cdf,C:\Users\Administrator\Documents\FWD_matlab\Voyager_fu\Voyager_Interstellar_Monthly\HighestPrecision_Segments\V1_MAG48s_segment_2173_20210404T015109_20210404T054756.png,ok,
1,2174,2021-04-04 10:27:56,2021-04-04 13:53:33,3.42696,254,48.383,191.807,7200,240,Z:\SPART-WORK\Data\Voyager\voyager1\mag\48s\reviewed_vim\2021\voyager1_48s_mag-vim_20210101_v01.cdf,C:\Users\Administrator\Documents\FWD_matlab\Voyager_fu\Voyager_Interstellar_Monthly\HighestPrecision_Segments\V1_MAG48s_segment_2174_20210404T102756_20210404T135333.png,ok,
1,2175,2021-04-05 02:37:33,2021-04-05 04:33:32,1.9332,143,48.383,191.809,7200,240,Z:\SPART-WORK\Data\Voyager\voyager1\mag\48s\reviewed_vim\2021\voyager1_48s_mag-vim_20210101_v01.cdf,C:\Users\Administrator\Documents\FWD_matlab\Voyager_fu\Voyager_Interstellar_Monthly\HighestPrecision_Segments\V1_MAG48s_segment_2175_20210405T023733_20210405T043332.png,ok,
1,2176,2021-04-05 10:23:08,2021-04-05 15:23:09,5.00016027770996,374,48.383,144.288,7200,240,Z:\SPART-WORK\Data\Voyager\voyager1\mag\48s\reviewed_vim\2021\voyager1_48s_mag-vim_20210101_v01.cdf,C:\Users\Administrator\Documents\FWD_matlab\Voyager_fu\Voyager_Interstellar_Monthly\HighestPrecision_Segments\V1_MAG48s_segment_2176_20210405T102308_20210405T152309.png,ok,
1,2177,2021-04-06 01:41:32,2021-04-06 06:23:09,4.69344,353,48.383,48.385,7200,240,Z:\SPART-WORK\Data\Voyager\voyager1\mag\48s\reviewed_vim\2021\voyager1_48s_mag-vim_20210101_v01.cdf,C:\Users\Administrator\Documents\FWD_matlab\Voyager_fu\Voyager_Interstellar_Monthly\HighestPrecision_Segments\V1_MAG48s_segment_2177_20210406T014132_20210406T062309.png,ok,
1,2178,2021-04-07 01:55:56,2021-04-07 04:28:44,2.54663972222222,189,48.383,191.807000244141,7200,240,Z:\SPART-WORK\Data\Voyager\voyager1\mag\48s\reviewed_vim\2021\voyager1_48s_mag-vim_20210101_v01.cdf,C:\Users\Administrator\Documents\FWD_matlab\Voyager_fu\Voyager_Interstellar_Monthly\HighestPrecision_Segments\V1_MAG48s_segment_2178_20210407T015556_20210407T042844.png,ok,
1,2179,2021-04-07 10:13:33,2021-04-07 13:48:44,3.58656,268,48.383,144.287,7200,240,Z:\SPART-WORK\Data\Voyager\voyager1\mag\48s\reviewed_vim\2021\voyager1_48s_mag-vim_20210101_v01.cdf,C:\Users\Administrator\Documents\FWD_matlab\Voyager_fu\Voyager_Interstellar_Monthly\HighestPrecision_Segments\V1_MAG48s_segment_2179_20210407T101333_20210407T134844.png,ok,
1,2180,2021-04-07 19:57:32,2021-04-08 04:28:44,8.51999972222222,540,48.383,4127.32799975586,7200,240,Z:\SPART-WORK\Data\Voyager\voyager1\mag\48s\reviewed_vim\2021\voyager1_48s_mag-vim_20210101_v01.cdf,C:\Users\Administrator\Documents\FWD_matlab\Voyager_fu\Voyager_Interstellar_Monthly\HighestPrecision_Segments\V1_MAG48s_segment_2180_20210407T195732_20210408T042844.png,ok,
1,2181,2021-04-08 10:13:32,2021-04-08 14:08:45,3.92016027777778,293,48.383,144.287,7200,240,Z:\SPART-WORK\Data\Voyager\voyager1\mag\48s\reviewed_vim\2021\voyager1_48s_mag-vim_20210101_v01.cdf,C:\Users\Administrator\Documents\FWD_matlab\Voyager_fu\Voyager_Interstellar_Monthly\HighestPrecision_Segments\V1_MAG48s_segment_2181_20210408T101332_20210408T140845.png,ok,
1,2182,2021-04-09 01:33:32,2021-04-09 06:53:33,5.33352000006782,400,48.383,95.904,7200,240,Z:\SPART-WORK\Data\Voyager\voyager1\mag\48s\reviewed_vim\2021\voyager1_48s_mag-vim_20210101_v01.cdf,C:\Users\Administrator\Documents\FWD_matlab\Voyager_fu\Voyager_Interstellar_Monthly\HighestPrecision_Segments\V1_MAG48s_segment_2182_20210409T013332_20210409T065333.png,ok,
1,2183,2021-04-10 01:35:08,2021-04-10 06:13:33,4.64016027777778,342,48.383,240.191000244141,7200,240,Z:\SPART-WORK\Data\Voyager\voyager1\mag\48s\reviewed_vim\2021\voyager1_48s_mag-vim_20210101_v01.cdf,C:\Users\Administrator\Documents\FWD_matlab\Voyager_fu\Voyager_Interstellar_Monthly\HighestPrecision_Segments\V1_MAG48s_segment_2183_20210410T013508_20210410T061333.png,ok,
1,2184,2021-04-11 01:23:57,2021-04-11 05:18:20,3.90647972222222,293,48.383,95.903,7200,240,Z:\SPART-WORK\Data\Voyager\voyager1\mag\48s\reviewed_vim\2021\voyager1_48s_mag-vim_20210101_v01.cdf,C:\Users\Administrator\Documents\FWD_matlab\Voyager_fu\Voyager_Interstellar_Monthly\HighestPrecision_Segments\V1_MAG48s_segment_2184_20210411T012357_20210411T051820.png,ok,
1,2185,2021-04-11 10:08:44,2021-04-11 13:28:44,3.33335972222222,250,48.383,95.904,7200,240,Z:\SPART-WORK\Data\Voyager\voyager1\mag\48s\reviewed_vim\2021\voyager1_48s_mag-vim_20210101_v01.cdf,C:\Users\Administrator\Documents\FWD_matlab\Voyager_fu\Voyager_Interstellar_Monthly\HighestPrecision_Segments\V1_MAG48s_segment_2185_20210411T100844_20210411T132844.png,ok,
1,2186,2021-04-12 02:43:56,2021-04-12 04:23:08,1.65336,124,48.383,95.9039997558594,7200,240,Z:\SPART-WORK\Data\Voyager\voyager1\mag\48s\reviewed_vim\2021\voyager1_48s_mag-vim_20210101_v01.cdf,C:\Users\Administrator\Documents\FWD_matlab\Voyager_fu\Voyager_Interstellar_Monthly\HighestPrecision_Segments\V1_MAG48s_segment_2186_20210412T024356_20210412T042308.png,ok,
1,2187,2021-04-12 10:08:44,2021-04-12 14:03:08,3.90672,293,48.383,95.904,7200,240,Z:\SPART-WORK\Data\Voyager\voyager1\mag\48s\reviewed_vim\2021\voyager1_48s_mag-vim_20210101_v01.cdf,C:\Users\Administrator\Documents\FWD_matlab\Voyager_fu\Voyager_Interstellar_Monthly\HighestPrecision_Segments\V1_MAG48s_segment_2187_20210412T100844_20210412T140308.png,ok,
1,2188,2021-04-13 01:17:32,2021-04-13 05:13:32,3.93336027770996,293,48.383,191.809,7200,240,Z:\SPART-WORK\Data\Voyager\voyager1\mag\48s\reviewed_vim\2021\voyager1_48s_mag-vim_20210101_v01.cdf,C:\Users\Administrator\Documents\FWD_matlab\Voyager_fu\Voyager_Interstellar_Monthly\HighestPrecision_Segments\V1_MAG48s_segment_2188_20210413T011732_20210413T051332.png,ok,
1,2189,2021-04-13 10:23:08,2021-04-13 12:38:20,2.25335999993218,168,48.383,143.424,7200,240,Z:\SPART-WORK\Data\Voyager\voyager1\mag\48s\reviewed_vim\2021\voyager1_48s_mag-vim_20210101_v01.cdf,C:\Users\Administrator\Documents\FWD_matlab\Voyager_fu\Voyager_Interstellar_Monthly\HighestPrecision_Segments\V1_MAG48s_segment_2189_20210413T102308_20210413T123820.png,ok,
1,2190,2021-04-14 02:13:32,2021-04-14 09:08:44,6.91991972222222,518,48.383,144.289,7200,240,Z:\SPART-WORK\Data\Voyager\voyager1\mag\48s\reviewed_vim\2021\voyager1_48s_mag-vim_20210101_v01.cdf,C:\Users\Administrator\Documents\FWD_matlab\Voyager_fu\Voyager_Interstellar_Monthly\HighestPrecision_Segments\V1_MAG48s_segment_2190_20210414T021332_20210414T090844.png,ok,
1,2191,2021-04-15 01:31:56,2021-04-15 08:13:32,6.69336,485,48.383,336.096,7200,240,Z:\SPART-WORK\Data\Voyager\voyager1\mag\48s\reviewed_vim\2021\voyager1_48s_mag-vim_20210101_v01.cdf,C:\Users\Administrator\Documents\FWD_matlab\Voyager_fu\Voyager_Interstellar_Monthly\HighestPrecision_Segments\V1_MAG48s_segment_2191_20210415T013156_20210415T081332.png,ok,
1,2192,2021-04-15 20:18:20,2021-04-16 00:28:44,4.17336,312,48.383,143.424,7200,240,Z:\SPART-WORK\Data\Voyager\voyager1\mag\48s\reviewed_vim\2021\voyager1_48s_mag-vim_20210101_v01.cdf,C:\Users\Administrator\Documents\FWD_matlab\Voyager_fu\Voyager_Interstellar_Monthly\HighestPrecision_Segments\V1_MAG48s_segment_2192_20210415T201820_20210416T002844.png,ok,
1,2193,2021-04-17 10:16:44,2021-04-17 11:13:32,0.9468,72,48.383,48.385,7200,240,Z:\SPART-WORK\Data\Voyager\voyager1\mag\48s\reviewed_vim\2021\voyager1_48s_mag-vim_20210101_v01.cdf,C:\Users\Administrator\Documents\FWD_matlab\Voyager_fu\Voyager_Interstellar_Monthly\HighestPrecision_Segments\V1_MAG48s_segment_2193_20210417T101644_20210417T111332.png,ok,
1,2194,2021-04-18 10:03:56,2021-04-18 11:13:32,1.16016027770996,85,48.383,143.424,7200,240,Z:\SPART-WORK\Data\Voyager\voyager1\mag\48s\reviewed_vim\2021\voyager1_48s_mag-vim_20210101_v01.cdf,C:\Users\Administrator\Documents\FWD_matlab\Voyager_fu\Voyager_Interstellar_Monthly\HighestPrecision_Segments\V1_MAG48s_segment_2194_20210418T100356_20210418T111332.png,ok,
1,2195,2021-04-19 01:09:32,2021-04-19 04:48:44,3.65352,263,48.383,480.383999755859,7200,240,Z:\SPART-WORK\Data\Voyager\voyager1\mag\48s\reviewed_vim\2021\voyager1_48s_mag-vim_20210101_v01.cdf,C:\Users\Administrator\Documents\FWD_matlab\Voyager_fu\Voyager_Interstellar_Monthly\HighestPrecision_Segments\V1_MAG48s_segment_2195_20210419T010932_20210419T044844.png,ok,
1,2196,2021-04-19 15:59:08,2021-04-19 18:08:44,2.15999972222222,163,48.383,48.385,7200,240,Z:\SPART-WORK\Data\Voyager\voyager1\mag\48s\reviewed_vim\2021\voyager1_48s_mag-vim_20210101_v01.cdf,C:\Users\Administrator\Documents\FWD_matlab\Voyager_fu\Voyager_Interstellar_Monthly\HighestPrecision_Segments\V1_MAG48s_segment_2196_20210419T155908_20210419T180844.png,ok,
1,2197,2021-04-21 03:28:44,2021-04-21 04:23:56,0.91992,69,48.383,95.041,7200,240,Z:\SPART-WORK\Data\Voyager\voyager1\mag\48s\reviewed_vim\2021\voyager1_48s_mag-vim_20210101_v01.cdf,C:\Users\Administrator\Documents\FWD_matlab\Voyager_fu\Voyager_Interstellar_Monthly\HighestPrecision_Segments\V1_MAG48s_segment_2197_20210421T032844_20210421T042356.png,ok,
1,2198,2021-04-21 09:41:32,2021-04-21 13:38:20,3.94656,297,48.383,48.385,7200,240,Z:\SPART-WORK\Data\Voyager\voyager1\mag\48s\reviewed_vim\2021\voyager1_48s_mag-vim_20210101_v01.cdf,C:\Users\Administrator\Documents\FWD_matlab\Voyager_fu\Voyager_Interstellar_Monthly\HighestPrecision_Segments\V1_MAG48s_segment_2198_20210421T094132_20210421T133820.png,ok,
1,2199,2021-04-22 00:39:08,2021-04-22 04:33:32,3.90671972222222,288,48.383,191.809,7200,240,Z:\SPART-WORK\Data\Voyager\voyager1\mag\48s\reviewed_vim\2021\voyager1_48s_mag-vim_20210101_v01.cdf,C:\Users\Administrator\Documents\FWD_matlab\Voyager_fu\Voyager_Interstellar_Monthly\HighestPrecision_Segments\V1_MAG48s_segment_2199_20210422T003908_20210422T043332.png,ok,
1,2200,2021-04-22 09:41:32,2021-04-22 12:33:32,2.86656,216,48.383,48.385,7200,240,Z:\SPART-WORK\Data\Voyager\voyager1\mag\48s\reviewed_vim\2021\voyager1_48s_mag-vim_20210101_v01.cdf,C:\Users\Administrator\Documents\FWD_matlab\Voyager_fu\Voyager_Interstellar_Monthly\HighestPrecision_Segments\V1_MAG48s_segment_2200_20210422T094132_20210422T123332.png,ok,
1,2201,2021-04-23 00:32:44,2021-04-23 04:28:43,3.93312027770996,293,48.383,192.672,7200,240,Z:\SPART-WORK\Data\Voyager\voyager1\mag\48s\reviewed_vim\2021\voyager1_48s_mag-vim_20210101_v01.cdf,C:\Users\Administrator\Documents\FWD_matlab\Voyager_fu\Voyager_Interstellar_Monthly\HighestPrecision_Segments\V1_MAG48s_segment_2201_20210423T003244_20210423T042843.png,ok,
1,2202,2021-04-23 18:58:20,2021-04-24 04:28:43,9.50664027777778,629,48.383,3552.76700024414,7200,240,Z:\SPART-WORK\Data\Voyager\voyager1\mag\48s\reviewed_vim\2021\voyager1_48s_mag-vim_20210101_v01.cdf,C:\Users\Administrator\Documents\FWD_matlab\Voyager_fu\Voyager_Interstellar_Monthly\HighestPrecision_Segments\V1_MAG48s_segment_2202_20210423T185820_20210424T042843.png,ok,
1,2203,2021-04-25 00:27:56,2021-04-25 04:23:56,3.93335972222222,294,48.383,144.287999755859,7200,240,Z:\SPART-WORK\Data\Voyager\voyager1\mag\48s\reviewed_vim\2021\voyager1_48s_mag-vim_20210101_v01.cdf,C:\Users\Administrator\Documents\FWD_matlab\Voyager_fu\Voyager_Interstellar_Monthly\HighestPrecision_Segments\V1_MAG48s_segment_2203_20210425T002756_20210425T042356.png,ok,
1,2204,2021-04-25 09:52:43,2021-04-25 17:38:19,7.75992000006782,579,48.383,192.672,7200,240,Z:\SPART-WORK\Data\Voyager\voyager1\mag\48s\reviewed_vim\2021\voyager1_48s_mag-vim_20210101_v01.cdf,C:\Users\Administrator\Documents\FWD_matlab\Voyager_fu\Voyager_Interstellar_Monthly\HighestPrecision_Segments\V1_MAG48s_segment_2204_20210425T095243_20210425T173819.png,ok,
1,2205,2021-04-26 00:42:20,2021-04-26 03:13:32,2.52,187,48.383,191.808,7200,240,Z:\SPART-WORK\Data\Voyager\voyager1\mag\48s\reviewed_vim\2021\voyager1_48s_mag-vim_20210101_v01.cdf,C:\Users\Administrator\Documents\FWD_matlab\Voyager_fu\Voyager_Interstellar_Monthly\HighestPrecision_Segments\V1_MAG48s_segment_2205_20210426T004220_20210426T031332.png,ok,
1,2206,2021-04-26 15:33:31,2021-04-26 18:38:19,3.08016,230,48.383,144.287,7200,240,Z:\SPART-WORK\Data\Voyager\voyager1\mag\48s\reviewed_vim\2021\voyager1_48s_mag-vim_20210101_v01.cdf,C:\Users\Administrator\Documents\FWD_matlab\Voyager_fu\Voyager_Interstellar_Monthly\HighestPrecision_Segments\V1_MAG48s_segment_2206_20210426T153331_20210426T183819.png,ok,
1,2207,2021-04-27 07:54:20,2021-04-27 14:43:08,6.81336,417,48.383,4079.809,7200,240,Z:\SPART-WORK\Data\Voyager\voyager1\mag\48s\reviewed_vim\2021\voyager1_48s_mag-vim_20210101_v01.cdf,C:\Users\Administrator\Documents\FWD_matlab\Voyager_fu\Voyager_Interstellar_Monthly\HighestPrecision_Segments\V1_MAG48s_segment_2207_20210427T075420_20210427T144308.png,ok,
1,2208,2021-04-28 00:29:32,2021-04-28 03:23:07,2.89319972229004,217,48.383,95.903,7200,240,Z:\SPART-WORK\Data\Voyager\voyager1\mag\48s\reviewed_vim\2021\voyager1_48s_mag-vim_20210101_v01.cdf,C:\Users\Administrator\Documents\FWD_matlab\Voyager_fu\Voyager_Interstellar_Monthly\HighestPrecision_Segments\V1_MAG48s_segment_2208_20210428T002932_20210428T032307.png,ok,
1,2209,2021-04-28 08:11:55,2021-04-28 09:08:44,0.946799722222222,72,48.383,48.385,7200,240,Z:\SPART-WORK\Data\Voyager\voyager1\mag\48s\reviewed_vim\2021\voyager1_48s_mag-vim_20210101_v01.cdf,C:\Users\Administrator\Documents\FWD_matlab\Voyager_fu\Voyager_Interstellar_Monthly\HighestPrecision_Segments\V1_MAG48s_segment_2209_20210428T081155_20210428T090844.png,ok,
1,2210,2021-04-29 05:43:08,2021-04-29 11:38:19,5.91983972229004,425,48.383,239.328,7200,240,Z:\SPART-WORK\Data\Voyager\voyager1\mag\48s\reviewed_vim\2021\voyager1_48s_mag-vim_20210101_v01.cdf,C:\Users\Administrator\Documents\FWD_matlab\Voyager_fu\Voyager_Interstellar_Monthly\HighestPrecision_Segments\V1_MAG48s_segment_2210_20210429T054308_20210429T113819.png,ok,
1,2211,2021-04-30 00:42:20,2021-04-30 05:03:08,4.34663999993218,324,48.383,191.808,7200,240,Z:\SPART-WORK\Data\Voyager\voyager1\mag\48s\reviewed_vim\2021\voyager1_48s_mag-vim_20210101_v01.cdf,C:\Users\Administrator\Documents\FWD_matlab\Voyager_fu\Voyager_Interstellar_Monthly\HighestPrecision_Segments\V1_MAG48s_segment_2211_20210430T004220_20210430T050308.png,ok,
1,2212,2021-05-01 02:26:19,2021-05-01 06:43:07,4.27992000006782,310,48.383,383.616,7200,240,Z:\SPART-WORK\Data\Voyager\voyager1\mag\48s\reviewed_vim\2021\voyager1_48s_mag-vim_20210101_v01.cdf,C:\Users\Administrator\Documents\FWD_matlab\Voyager_fu\Voyager_Interstellar_Monthly\HighestPrecision_Segments\V1_MAG48s_segment_2212_20210501T022619_20210501T064307.png,ok,
1,2213,2021-05-01 18:58:19,2021-05-02 04:53:31,9.92016,658,48.383,3839.616,7200,240,Z:\SPART-WORK\Data\Voyager\voyager1\mag\48s\reviewed_vim\2021\voyager1_48s_mag-vim_20210101_v01.cdf,C:\Users\Administrator\Documents\FWD_matlab\Voyager_fu\Voyager_Interstellar_Monthly\HighestPrecision_Segments\V1_MAG48s_segment_2213_20210501T185819_20210502T045331.png,ok,
1,2214,2021-05-02 07:33:31,2021-05-02 09:58:19,2.41319999993218,179,48.383,143.424,7200,240,Z:\SPART-WORK\Data\Voyager\voyager1\mag\48s\reviewed_vim\2021\voyager1_48s_mag-vim_20210101_v01.cdf,C:\Users\Administrator\Documents\FWD_matlab\Voyager_fu\Voyager_Interstellar_Monthly\HighestPrecision_Segments\V1_MAG48s_segment_2214_20210502T073331_20210502T095819.png,ok,
1,2215,2021-05-02 23:57:31,2021-05-03 04:53:31,4.93344,367,48.383,191.808999755859,7200,240,Z:\SPART-WORK\Data\Voyager\voyager1\mag\48s\reviewed_vim\2021\voyager1_48s_mag-vim_20210101_v01.cdf,C:\Users\Administrator\Documents\FWD_matlab\Voyager_fu\Voyager_Interstellar_Monthly\HighestPrecision_Segments\V1_MAG48s_segment_2215_20210502T235731_20210503T045331.png,ok,
1,2216,2021-05-03 12:48:43,2021-05-03 14:43:07,1.90656027777778,58,48.383,4032.28899975586,7200,240,Z:\SPART-WORK\Data\Voyager\voyager1\mag\48s\reviewed_vim\2021\voyager1_48s_mag-vim_20210101_v01.cdf,C:\Users\Administrator\Documents\FWD_matlab\Voyager_fu\Voyager_Interstellar_Monthly\HighestPrecision_Segments\V1_MAG48s_segment_2216_20210503T124843_20210503T144307.png,ok,
1,2217,2021-05-04 01:27:07,2021-05-04 11:38:19,10.18679972229,668,48.383,4415.903,7200,240,Z:\SPART-WORK\Data\Voyager\voyager1\mag\48s\reviewed_vim\2021\voyager1_48s_mag-vim_20210101_v01.cdf,C:\Users\Administrator\Documents\FWD_matlab\Voyager_fu\Voyager_Interstellar_Monthly\HighestPrecision_Segments\V1_MAG48s_segment_2217_20210504T012707_20210504T113819.png,ok,
1,2218,2021-05-04 15:57:31,2021-05-04 16:53:30,0.933119722222222,68,48.383,191.807,7200,240,Z:\SPART-WORK\Data\Voyager\voyager1\mag\48s\reviewed_vim\2021\voyager1_48s_mag-vim_20210101_v01.cdf,C:\Users\Administrator\Documents\FWD_matlab\Voyager_fu\Voyager_Interstellar_Monthly\HighestPrecision_Segments\V1_MAG48s_segment_2218_20210504T155731_20210504T165330.png,ok,
1,2219,2021-05-05 07:22:19,2021-05-05 12:08:43,4.77336027777778,356,48.383,191.809,7200,240,Z:\SPART-WORK\Data\Voyager\voyager1\mag\48s\reviewed_vim\2021\voyager1_48s_mag-vim_20210101_v01.cdf,C:\Users\Administrator\Documents\FWD_matlab\Voyager_fu\Voyager_Interstellar_Monthly\HighestPrecision_Segments\V1_MAG48s_segment_2219_20210505T072219_20210505T120843.png,ok,
1,2220,2021-05-06 01:41:31,2021-05-06 05:53:32,4.20024,310,48.383,192.672,7200,240,Z:\SPART-WORK\Data\Voyager\voyager1\mag\48s\reviewed_vim\2021\voyager1_48s_mag-vim_20210101_v01.cdf,C:\Users\Administrator\Documents\FWD_matlab\Voyager_fu\Voyager_Interstellar_Monthly\HighestPrecision_Segments\V1_MAG48s_segment_2220_20210506T014131_20210506T055332.png,ok,
1,2221,2021-05-07 01:51:07,2021-05-07 12:08:43,10.2933602777778,754,48.383,815.616,7200,240,Z:\SPART-WORK\Data\Voyager\voyager1\mag\48s\reviewed_vim\2021\voyager1_48s_mag-vim_20210101_v01.cdf,C:\Users\Administrator\Documents\FWD_matlab\Voyager_fu\Voyager_Interstellar_Monthly\HighestPrecision_Segments\V1_MAG48s_segment_2221_20210507T015107_20210507T120843.png,ok,
1,2222,2021-05-08 01:52:43,2021-05-08 12:13:30,10.3463997222222,607,47.52,7151.32700024414,7200,240,Z:\SPART-WORK\Data\Voyager\voyager1\mag\48s\reviewed_vim\2021\voyager1_48s_mag-vim_20210101_v01.cdf,C:\Users\Administrator\Documents\FWD_matlab\Voyager_fu\Voyager_Interstellar_Monthly\HighestPrecision_Segments\V1_MAG48s_segment_2222_20210508T015243_20210508T121330.png,ok,
1,2223,2021-05-08 23:31:55,2021-05-09 14:13:31,14.6935197222222,1099,47.52,191.808999755859,7200,240,Z:\SPART-WORK\Data\Voyager\voyager1\mag\48s\reviewed_vim\2021\voyager1_48s_mag-vim_20210101_v01.cdf,C:\Users\Administrator\Documents\FWD_matlab\Voyager_fu\Voyager_Interstellar_Monthly\HighestPrecision_Segments\V1_MAG48s_segment_2223_20210508T233155_20210509T141331.png,ok,
1,2224,2021-05-10 02:00:42,2021-05-10 03:13:30,1.21319972222222,90,47.52,145.152,7200,240,Z:\SPART-WORK\Data\Voyager\voyager1\mag\48s\reviewed_vim\2021\voyager1_48s_mag-vim_20210101_v01.cdf,C:\Users\Administrator\Documents\FWD_matlab\Voyager_fu\Voyager_Interstellar_Monthly\HighestPrecision_Segments\V1_MAG48s_segment_2224_20210510T020042_20210510T031330.png,ok,
1,2225,2021-05-10 07:01:31,2021-05-10 11:47:55,4.77336,359,47.52,49.249,7200,240,Z:\SPART-WORK\Data\Voyager\voyager1\mag\48s\reviewed_vim\2021\voyager1_48s_mag-vim_20210101_v01.cdf,C:\Users\Administrator\Documents\FWD_matlab\Voyager_fu\Voyager_Interstellar_Monthly\HighestPrecision_Segments\V1_MAG48s_segment_2225_20210510T070131_20210510T114755.png,ok,
1,2226,2021-05-10 23:22:18,2021-05-11 02:13:30,2.85312027777778,209,47.52,191.807,7200,240,Z:\SPART-WORK\Data\Voyager\voyager1\mag\48s\reviewed_vim\2021\voyager1_48s_mag-vim_20210101_v01.cdf,C:\Users\Administrator\Documents\FWD_matlab\Voyager_fu\Voyager_Interstellar_Monthly\HighestPrecision_Segments\V1_MAG48s_segment_2226_20210510T232218_20210511T021330.png,ok,
1,2227,2021-05-11 06:58:19,2021-05-11 10:53:30,3.91992,293,47.52,144.288,7200,240,Z:\SPART-WORK\Data\Voyager\voyager1\mag\48s\reviewed_vim\2021\voyager1_48s_mag-vim_20210101_v01.cdf,C:\Users\Administrator\Documents\FWD_matlab\Voyager_fu\Voyager_Interstellar_Monthly\HighestPrecision_Segments\V1_MAG48s_segment_2227_20210511T065819_20210511T105330.png,ok,
1,2228,2021-05-12 00:47:06,2021-05-12 04:53:30,4.10688,309,47.52,49.249,7200,240,Z:\SPART-WORK\Data\Voyager\voyager1\mag\48s\reviewed_vim\2021\voyager1_48s_mag-vim_20210101_v01.cdf,C:\Users\Administrator\Documents\FWD_matlab\Voyager_fu\Voyager_Interstellar_Monthly\HighestPrecision_Segments\V1_MAG48s_segment_2228_20210512T004706_20210512T045330.png,ok,
1,2229,2021-05-12 19:46:18,2021-05-13 02:03:06,6.28007972222222,462,47.52,336.095000244141,7200,240,Z:\SPART-WORK\Data\Voyager\voyager1\mag\48s\reviewed_vim\2021\voyager1_48s_mag-vim_20210101_v01.cdf,C:\Users\Administrator\Documents\FWD_matlab\Voyager_fu\Voyager_Interstellar_Monthly\HighestPrecision_Segments\V1_MAG48s_segment_2229_20210512T194618_20210513T020306.png,ok,
1,2230,2021-05-13 06:34:18,2021-05-13 10:54:19,4.33343972222222,325,47.52,95.04,7200,240,Z:\SPART-WORK\Data\Voyager\voyager1\mag\48s\reviewed_vim\2021\voyager1_48s_mag-vim_20210101_v01.cdf,C:\Users\Administrator\Documents\FWD_matlab\Voyager_fu\Voyager_Interstellar_Monthly\HighestPrecision_Segments\V1_MAG48s_segment_2230_20210513T063418_20210513T105419.png,ok,
1,2231,2021-05-13 23:38:18,2021-05-14 02:43:06,3.07992,229,47.52,191.808,7200,240,Z:\SPART-WORK\Data\Voyager\voyager1\mag\48s\reviewed_vim\2021\voyager1_48s_mag-vim_20210101_v01.cdf,C:\Users\Administrator\Documents\FWD_matlab\Voyager_fu\Voyager_Interstellar_Monthly\HighestPrecision_Segments\V1_MAG48s_segment_2231_20210513T233818_20210514T024306.png,ok,
1,2232,2021-05-14 07:01:31,2021-05-14 10:58:19,3.94679972222222,297,47.52,49.249,7200,240,Z:\SPART-WORK\Data\Voyager\voyager1\mag\48s\reviewed_vim\2021\voyager1_48s_mag-vim_20210101_v01.cdf,C:\Users\Administrator\Documents\FWD_matlab\Voyager_fu\Voyager_Interstellar_Monthly\HighestPrecision_Segments\V1_MAG48s_segment_2232_20210514T070131_20210514T105819.png,ok,
1,2233,2021-05-14 23:01:30,2021-05-15 10:33:30,11.53344,855,47.52,383.615000244141,7200,240,Z:\SPART-WORK\Data\Voyager\voyager1\mag\48s\reviewed_vim\2021\voyager1_48s_mag-vim_20210101_v01.cdf,C:\Users\Administrator\Documents\FWD_matlab\Voyager_fu\Voyager_Interstellar_Monthly\HighestPrecision_Segments\V1_MAG48s_segment_2233_20210514T230130_20210515T103330.png,ok,
1,2234,2021-05-15 23:01:30,2021-05-16 04:03:06,5.02656,378,47.52,49.249,7200,240,Z:\SPART-WORK\Data\Voyager\voyager1\mag\48s\reviewed_vim\2021\voyager1_48s_mag-vim_20210101_v01.cdf,C:\Users\Administrator\Documents\FWD_matlab\Voyager_fu\Voyager_Interstellar_Monthly\HighestPrecision_Segments\V1_MAG48s_segment_2234_20210515T230130_20210516T040306.png,ok,
1,2235,2021-05-16 08:08:43,2021-05-16 10:27:54,2.31983972222222,175,47.52,49.249,7200,240,Z:\SPART-WORK\Data\Voyager\voyager1\mag\48s\reviewed_vim\2021\voyager1_48s_mag-vim_20210101_v01.cdf,C:\Users\Administrator\Documents\FWD_matlab\Voyager_fu\Voyager_Interstellar_Monthly\HighestPrecision_Segments\V1_MAG48s_segment_2235_20210516T080843_20210516T102754.png,ok,
1,2236,2021-05-16 22:56:42,2021-05-17 02:52:41,3.93312,293,47.52,192.672,7200,240,Z:\SPART-WORK\Data\Voyager\voyager1\mag\48s\reviewed_vim\2021\voyager1_48s_mag-vim_20210101_v01.cdf,C:\Users\Administrator\Documents\FWD_matlab\Voyager_fu\Voyager_Interstellar_Monthly\HighestPrecision_Segments\V1_MAG48s_segment_2236_20210516T225642_20210517T025241.png,ok,
1,2237,2021-05-17 06:32:43,2021-05-17 09:07:54,2.58648027777778,193,47.52,143.425,7200,240,Z:\SPART-WORK\Data\Voyager\voyager1\mag\48s\reviewed_vim\2021\voyager1_48s_mag-vim_20210101_v01.cdf,C:\Users\Administrator\Documents\FWD_matlab\Voyager_fu\Voyager_Interstellar_Monthly\HighestPrecision_Segments\V1_MAG48s_segment_2237_20210517T063243_20210517T090754.png,ok,
1,2238,2021-05-17 23:19:06,2021-05-18 03:12:42,3.89328000006782,292,47.52,96.769,7200,240,Z:\SPART-WORK\Data\Voyager\voyager1\mag\48s\reviewed_vim\2021\voyager1_48s_mag-vim_20210101_v01.cdf,C:\Users\Administrator\Documents\FWD_matlab\Voyager_fu\Voyager_Interstellar_Monthly\HighestPrecision_Segments\V1_MAG48s_segment_2238_20210517T231906_20210518T031242.png,ok,
1,2239,2021-05-18 06:26:17,2021-05-18 09:18:18,2.86680000006782,216,47.52,49.249,7200,240,Z:\SPART-WORK\Data\Voyager\voyager1\mag\48s\reviewed_vim\2021\voyager1_48s_mag-vim_20210101_v01.cdf,C:\Users\Administrator\Documents\FWD_matlab\Voyager_fu\Voyager_Interstellar_Monthly\HighestPrecision_Segments\V1_MAG48s_segment_2239_20210518T062617_20210518T091818.png,ok,
1,2240,2021-05-18 22:43:54,2021-05-19 02:47:55,4.06680027770996,305,47.52,95.9049997558594,7200,240,Z:\SPART-WORK\Data\Voyager\voyager1\mag\48s\reviewed_vim\2021\voyager1_48s_mag-vim_20210101_v01.cdf,C:\Users\Administrator\Documents\FWD_matlab\Voyager_fu\Voyager_Interstellar_Monthly\HighestPrecision_Segments\V1_MAG48s_segment_2240_20210518T224354_20210519T024755.png,ok,
1,2241,2021-05-19 06:53:30,2021-05-19 08:52:41,1.98648,149,47.52,95.904,7200,240,Z:\SPART-WORK\Data\Voyager\voyager1\mag\48s\reviewed_vim\2021\voyager1_48s_mag-vim_20210101_v01.cdf,C:\Users\Administrator\Documents\FWD_matlab\Voyager_fu\Voyager_Interstellar_Monthly\HighestPrecision_Segments\V1_MAG48s_segment_2241_20210519T065330_20210519T085241.png,ok,
1,2242,2021-05-19 22:47:07,2021-05-20 02:43:06,3.93312,285,47.52,287.712,7200,240,Z:\SPART-WORK\Data\Voyager\voyager1\mag\48s\reviewed_vim\2021\voyager1_48s_mag-vim_20210101_v01.cdf,C:\Users\Administrator\Documents\FWD_matlab\Voyager_fu\Voyager_Interstellar_Monthly\HighestPrecision_Segments\V1_MAG48s_segment_2242_20210519T224707_20210520T024306.png,ok,
1,2243,2021-05-20 06:08:41,2021-05-20 11:17:30,5.1468,386,47.52,96.7670002441406,7200,240,Z:\SPART-WORK\Data\Voyager\voyager1\mag\48s\reviewed_vim\2021\voyager1_48s_mag-vim_20210101_v01.cdf,C:\Users\Administrator\Documents\FWD_matlab\Voyager_fu\Voyager_Interstellar_Monthly\HighestPrecision_Segments\V1_MAG48s_segment_2243_20210520T060841_20210520T111730.png,ok,
1,2244,2021-05-20 23:11:06,2021-05-21 03:07:54,3.94656027777778,297,47.5200001220703,49.249,7200,240,Z:\SPART-WORK\Data\Voyager\voyager1\mag\48s\reviewed_vim\2021\voyager1_48s_mag-vim_20210101_v01.cdf,C:\Users\Administrator\Documents\FWD_matlab\Voyager_fu\Voyager_Interstellar_Monthly\HighestPrecision_Segments\V1_MAG48s_segment_2244_20210520T231106_20210521T030754.png,ok,
1,2245,2021-05-21 06:32:43,2021-05-21 12:43:06,6.17328027777778,462,47.5200002441406,143.425,7200,240,Z:\SPART-WORK\Data\Voyager\voyager1\mag\48s\reviewed_vim\2021\voyager1_48s_mag-vim_20210101_v01.cdf,C:\Users\Administrator\Documents\FWD_matlab\Voyager_fu\Voyager_Interstellar_Monthly\HighestPrecision_Segments\V1_MAG48s_segment_2245_20210521T063243_20210521T124306.png,ok,
1,2246,2021-05-21 22:43:54,2021-05-22 10:07:54,11.4,742,47.5209997558594,4752.864,7200,240,Z:\SPART-WORK\Data\Voyager\voyager1\mag\48s\reviewed_vim\2021\voyager1_48s_mag-vim_20210101_v01.cdf,C:\Users\Administrator\Documents\FWD_matlab\Voyager_fu\Voyager_Interstellar_Monthly\HighestPrecision_Segments\V1_MAG48s_segment_2246_20210521T224354_20210522T100754.png,ok,
1,2247,2021-05-22 22:35:54,2021-05-23 02:37:30,4.02672,303,47.5209997558594,49.249,7200,240,Z:\SPART-WORK\Data\Voyager\voyager1\mag\48s\reviewed_vim\2021\voyager1_48s_mag-vim_20210101_v01.cdf,C:\Users\Administrator\Documents\FWD_matlab\Voyager_fu\Voyager_Interstellar_Monthly\HighestPrecision_Segments\V1_MAG48s_segment_2247_20210522T223554_20210523T023730.png,ok,
1,2248,2021-05-23 06:07:05,2021-05-23 10:03:06,3.93336,294,47.5209997558594,144.287000244141,7200,240,Z:\SPART-WORK\Data\Voyager\voyager1\mag\48s\reviewed_vim\2021\voyager1_48s_mag-vim_20210101_v01.cdf,C:\Users\Administrator\Documents\FWD_matlab\Voyager_fu\Voyager_Interstellar_Monthly\HighestPrecision_Segments\V1_MAG48s_segment_2248_20210523T060705_20210523T100306.png,ok,
1,2249,2021-05-24 06:00:42,2021-05-24 09:57:29,3.94655972222222,297,47.521,49.249,7200,240,Z:\SPART-WORK\Data\Voyager\voyager1\mag\48s\reviewed_vim\2021\voyager1_48s_mag-vim_20210101_v01.cdf,C:\Users\Administrator\Documents\FWD_matlab\Voyager_fu\Voyager_Interstellar_Monthly\HighestPrecision_Segments\V1_MAG48s_segment_2249_20210524T060042_20210524T095729.png,ok,
1,2250,2021-05-24 13:33:30,2021-05-24 15:22:18,1.81319972222222,136,47.521,95.039,7200,240,Z:\SPART-WORK\Data\Voyager\voyager1\mag\48s\reviewed_vim\2021\voyager1_48s_mag-vim_20210101_v01.cdf,C:\Users\Administrator\Documents\FWD_matlab\Voyager_fu\Voyager_Interstellar_Monthly\HighestPrecision_Segments\V1_MAG48s_segment_2250_20210524T133330_20210524T152218.png,ok,
1,2251,2021-05-25 07:31:54,2021-05-25 16:12:42,8.67984,418,47.521,6575.90399975586,7200,240,Z:\SPART-WORK\Data\Voyager\voyager1\mag\48s\reviewed_vim\2021\voyager1_48s_mag-vim_20210101_v01.cdf,C:\Users\Administrator\Documents\FWD_matlab\Voyager_fu\Voyager_Interstellar_Monthly\HighestPrecision_Segments\V1_MAG48s_segment_2251_20210525T073154_20210525T161242.png,ok,
1,2252,2021-05-26 01:33:29,2021-05-26 03:07:54,1.57344,118,47.521,95.903,7200,240,Z:\SPART-WORK\Data\Voyager\voyager1\mag\48s\reviewed_vim\2021\voyager1_48s_mag-vim_20210101_v01.cdf,C:\Users\Administrator\Documents\FWD_matlab\Voyager_fu\Voyager_Interstellar_Monthly\HighestPrecision_Segments\V1_MAG48s_segment_2252_20210526T013329_20210526T030754.png,ok,
1,2253,2021-05-26 05:57:29,2021-05-26 08:57:29,3,224,47.521,143.425,7200,240,Z:\SPART-WORK\Data\Voyager\voyager1\mag\48s\reviewed_vim\2021\voyager1_48s_mag-vim_20210101_v01.cdf,C:\Users\Administrator\Documents\FWD_matlab\Voyager_fu\Voyager_Interstellar_Monthly\HighestPrecision_Segments\V1_MAG48s_segment_2253_20210526T055729_20210526T085729.png,ok,
1,2254,2021-05-27 01:12:42,2021-05-27 05:07:54,3.91992000006782,293,47.521,143.423,7200,240,Z:\SPART-WORK\Data\Voyager\voyager1\mag\48s\reviewed_vim\2021\voyager1_48s_mag-vim_20210101_v01.cdf,C:\Users\Administrator\Documents\FWD_matlab\Voyager_fu\Voyager_Interstellar_Monthly\HighestPrecision_Segments\V1_MAG48s_segment_2254_20210527T011242_20210527T050754.png,ok,
1,2255,2021-05-27 13:22:18,2021-05-27 17:52:41,4.50648,337,47.521,143.424999755859,7200,240,Z:\SPART-WORK\Data\Voyager\voyager1\mag\48s\reviewed_vim\2021\voyager1_48s_mag-vim_20210101_v01.cdf,C:\Users\Administrator\Documents\FWD_matlab\Voyager_fu\Voyager_Interstellar_Monthly\HighestPrecision_Segments\V1_MAG48s_segment_2255_20210527T132218_20210527T175241.png,ok,
1,2256,2021-05-28 01:31:54,2021-05-28 09:42:17,8.17296027777778,555,47.521,2640.383,7200,240,Z:\SPART-WORK\Data\Voyager\voyager1\mag\48s\reviewed_vim\2021\voyager1_48s_mag-vim_20210101_v01.cdf,C:\Users\Administrator\Documents\FWD_matlab\Voyager_fu\Voyager_Interstellar_Monthly\HighestPrecision_Segments\V1_MAG48s_segment_2256_20210528T013154_20210528T094217.png,ok,
1,2257,2021-05-28 13:15:53,2021-05-28 16:37:29,3.36000027777778,253,47.521,49.249,7200,240,Z:\SPART-WORK\Data\Voyager\voyager1\mag\48s\reviewed_vim\2021\voyager1_48s_mag-vim_20210101_v01.cdf,C:\Users\Administrator\Documents\FWD_matlab\Voyager_fu\Voyager_Interstellar_Monthly\HighestPrecision_Segments\V1_MAG48s_segment_2257_20210528T131553_20210528T163729.png,ok,
1,2258,2021-05-29 01:01:30,2021-05-29 12:02:18,11.0133599999322,692,47.521,5952.095,7200,240,Z:\SPART-WORK\Data\Voyager\voyager1\mag\48s\reviewed_vim\2021\voyager1_48s_mag-vim_20210101_v01.cdf,C:\Users\Administrator\Documents\FWD_matlab\Voyager_fu\Voyager_Interstellar_Monthly\HighestPrecision_Segments\V1_MAG48s_segment_2258_20210529T010130_20210529T120218.png,ok,
1,2259,2021-05-30 01:22:18,2021-05-30 08:07:05,6.74639972222222,404,47.521,4847.904,7200,240,Z:\SPART-WORK\Data\Voyager\voyager1\mag\48s\reviewed_vim\2021\voyager1_48s_mag-vim_20210101_v01.cdf,C:\Users\Administrator\Documents\FWD_matlab\Voyager_fu\Voyager_Interstellar_Monthly\HighestPrecision_Segments\V1_MAG48s_segment_2259_20210530T012218_20210530T080705.png,ok,
1,2260,2021-05-30 23:27:06,2021-05-31 01:22:18,1.92000027770996,113,47.521,1008.288,7200,240,Z:\SPART-WORK\Data\Voyager\voyager1\mag\48s\reviewed_vim\2021\voyager1_48s_mag-vim_20210101_v01.cdf,C:\Users\Administrator\Documents\FWD_matlab\Voyager_fu\Voyager_Interstellar_Monthly\HighestPrecision_Segments\V1_MAG48s_segment_2260_20210530T232706_20210531T012218.png,ok,
1,2261,2021-05-31 14:31:05,2021-05-31 18:27:05,3.93312027777778,254,47.521,527.039,7200,240,Z:\SPART-WORK\Data\Voyager\voyager1\mag\48s\reviewed_vim\2021\voyager1_48s_mag-vim_20210101_v01.cdf,C:\Users\Administrator\Documents\FWD_matlab\Voyager_fu\Voyager_Interstellar_Monthly\HighestPrecision_Segments\V1_MAG48s_segment_2261_20210531T143105_20210531T182705.png,ok,
1,2262,2021-06-01 06:10:18,2021-06-01 10:07:06,3.94656027770996,297,47.521,49.249,7200,240,Z:\SPART-WORK\Data\Voyager\voyager1\mag\48s\reviewed_vim\2021\voyager1_48s_mag-vim_20210101_v01.cdf,C:\Users\Administrator\Documents\FWD_matlab\Voyager_fu\Voyager_Interstellar_Monthly\HighestPrecision_Segments\V1_MAG48s_segment_2262_20210601T061018_20210601T100706.png,ok,
1,2263,2021-06-02 07:06:17,2021-06-02 11:57:29,4.85327972222222,362,47.521,192.673,7200,240,Z:\SPART-WORK\Data\Voyager\voyager1\mag\48s\reviewed_vim\2021\voyager1_48s_mag-vim_20210101_v01.cdf,C:\Users\Administrator\Documents\FWD_matlab\Voyager_fu\Voyager_Interstellar_Monthly\HighestPrecision_Segments\V1_MAG48s_segment_2263_20210602T070617_20210602T115729.png,ok,
1,2264,2021-06-03 01:31:53,2021-06-03 06:02:18,4.50696,337,47.521,143.424,7200,240,Z:\SPART-WORK\Data\Voyager\voyager1\mag\48s\reviewed_vim\2021\voyager1_48s_mag-vim_20210101_v01.cdf,C:\Users\Administrator\Documents\FWD_matlab\Voyager_fu\Voyager_Interstellar_Monthly\HighestPrecision_Segments\V1_MAG48s_segment_2264_20210603T013153_20210603T060218.png,ok,
1,2265,2021-06-03 12:50:17,2021-06-03 17:22:18,4.53335972229004,341,47.521,49.249,7200,240,Z:\SPART-WORK\Data\Voyager\voyager1\mag\48s\reviewed_vim\2021\voyager1_48s_mag-vim_20210101_v01.cdf,C:\Users\Administrator\Documents\FWD_matlab\Voyager_fu\Voyager_Interstellar_Monthly\HighestPrecision_Segments\V1_MAG48s_segment_2265_20210603T125017_20210603T172218.png,ok,
1,2266,2021-06-04 06:26:17,2021-06-04 13:07:06,6.68016027777778,495,47.521,190.944,7200,240,Z:\SPART-WORK\Data\Voyager\voyager1\mag\48s\reviewed_vim\2021\voyager1_48s_mag-vim_20210101_v01.cdf,C:\Users\Administrator\Documents\FWD_matlab\Voyager_fu\Voyager_Interstellar_Monthly\HighestPrecision_Segments\V1_MAG48s_segment_2266_20210604T062617_20210604T130706.png,ok,
1,2267,2021-06-05 05:17:30,2021-06-05 12:36:41,7.31975972222222,549,47.521,95.039,7200,240,Z:\SPART-WORK\Data\Voyager\voyager1\mag\48s\reviewed_vim\2021\voyager1_48s_mag-vim_20210101_v01.cdf,C:\Users\Administrator\Documents\FWD_matlab\Voyager_fu\Voyager_Interstellar_Monthly\HighestPrecision_Segments\V1_MAG48s_segment_2267_20210605T051730_20210605T123641.png,ok,
1,2268,2021-06-06 05:09:29,2021-06-06 10:07:06,4.96032,373,47.521,49.249,7200,240,Z:\SPART-WORK\Data\Voyager\voyager1\mag\48s\reviewed_vim\2021\voyager1_48s_mag-vim_20210101_v01.cdf,C:\Users\Administrator\Documents\FWD_matlab\Voyager_fu\Voyager_Interstellar_Monthly\HighestPrecision_Segments\V1_MAG48s_segment_2268_20210606T050929_20210606T100706.png,ok,
1,2269,2021-06-07 01:17:30,2021-06-07 02:11:54,0.906719722222222,68,47.521,95.904,7200,240,Z:\SPART-WORK\Data\Voyager\voyager1\mag\48s\reviewed_vim\2021\voyager1_48s_mag-vim_20210101_v01.cdf,C:\Users\Administrator\Documents\FWD_matlab\Voyager_fu\Voyager_Interstellar_Monthly\HighestPrecision_Segments\V1_MAG48s_segment_2269_20210607T011730_20210607T021154.png,ok,
1,2270,2021-06-07 06:07:05,2021-06-07 10:01:30,3.90671972229004,292,47.521,145.151000244141,7200,240,Z:\SPART-WORK\Data\Voyager\voyager1\mag\48s\reviewed_vim\2021\voyager1_48s_mag-vim_20210101_v01.cdf,C:\Users\Administrator\Documents\FWD_matlab\Voyager_fu\Voyager_Interstellar_Monthly\HighestPrecision_Segments\V1_MAG48s_segment_2270_20210607T060705_20210607T100130.png,ok,
1,2271,2021-06-08 01:25:29,2021-06-08 02:26:17,1.01327972222222,77,47.521,49.249,7200,240,Z:\SPART-WORK\Data\Voyager\voyager1\mag\48s\reviewed_vim\2021\voyager1_48s_mag-vim_20210101_v01.cdf,C:\Users\Administrator\Documents\FWD_matlab\Voyager_fu\Voyager_Interstellar_Monthly\HighestPrecision_Segments\V1_MAG48s_segment_2271_20210608T012529_20210608T022617.png,ok,
1,2272,2021-06-08 05:17:30,2021-06-08 08:06:18,2.81327972229004,211,47.5209997558594,95.039,7200,240,Z:\SPART-WORK\Data\Voyager\voyager1\mag\48s\reviewed_vim\2021\voyager1_48s_mag-vim_20210101_v01.cdf,C:\Users\Administrator\Documents\FWD_matlab\Voyager_fu\Voyager_Interstellar_Monthly\HighestPrecision_Segments\V1_MAG48s_segment_2272_20210608T051730_20210608T080618.png,ok,
1,2273,2021-06-09 01:09:29,2021-06-09 02:21:30,1.20024027777778,91,47.521,49.249,7200,240,Z:\SPART-WORK\Data\Voyager\voyager1\mag\48s\reviewed_vim\2021\voyager1_48s_mag-vim_20210101_v01.cdf,C:\Users\Administrator\Documents\FWD_matlab\Voyager_fu\Voyager_Interstellar_Monthly\HighestPrecision_Segments\V1_MAG48s_segment_2273_20210609T010929_20210609T022130.png,ok,
1,2274,2021-06-09 04:55:05,2021-06-09 09:54:17,4.98648027777778,371,47.5209997558594,190.943,7200,240,Z:\SPART-WORK\Data\Voyager\voyager1\mag\48s\reviewed_vim\2021\voyager1_48s_mag-vim_20210101_v01.cdf,C:\Users\Administrator\Documents\FWD_matlab\Voyager_fu\Voyager_Interstellar_Monthly\HighestPrecision_Segments\V1_MAG48s_segment_2274_20210609T045505_20210609T095417.png,ok,
1,2275,2021-06-10 05:30:17,2021-06-10 07:26:17,1.93320027770996,143,47.5200002441406,191.807,7200,240,Z:\SPART-WORK\Data\Voyager\voyager1\mag\48s\reviewed_vim\2021\voyager1_48s_mag-vim_20210101_v01.cdf,C:\Users\Administrator\Documents\FWD_matlab\Voyager_fu\Voyager_Interstellar_Monthly\HighestPrecision_Segments\V1_MAG48s_segment_2275_20210610T053017_20210610T072617.png,ok,
1,2276,2021-06-10 14:02:17,2021-06-10 18:06:16,4.06631972222222,305,47.5200002441406,95.0390002441406,7200,240,Z:\SPART-WORK\Data\Voyager\voyager1\mag\48s\reviewed_vim\2021\voyager1_48s_mag-vim_20210101_v01.cdf,C:\Users\Administrator\Documents\FWD_matlab\Voyager_fu\Voyager_Interstellar_Monthly\HighestPrecision_Segments\V1_MAG48s_segment_2276_20210610T140217_20210610T180616.png,ok,
1,2277,2021-06-10 22:40:41,2021-06-11 07:41:29,9.01320027777778,669,47.5200002441406,145.153,7200,240,Z:\SPART-WORK\Data\Voyager\voyager1\mag\48s\reviewed_vim\2021\voyager1_48s_mag-vim_20210101_v01.cdf,C:\Users\Administrator\Documents\FWD_matlab\Voyager_fu\Voyager_Interstellar_Monthly\HighestPrecision_Segments\V1_MAG48s_segment_2277_20210610T224041_20210611T074129.png,ok,
1,2278,2021-06-12 01:01:30,2021-06-12 07:36:41,6.58655999993218,487,47.52,239.328,7200,240,Z:\SPART-WORK\Data\Voyager\voyager1\mag\48s\reviewed_vim\2021\voyager1_48s_mag-vim_20210101_v01.cdf,C:\Users\Administrator\Documents\FWD_matlab\Voyager_fu\Voyager_Interstellar_Monthly\HighestPrecision_Segments\V1_MAG48s_segment_2278_20210612T010130_20210612T073641.png,ok,
1,2279,2021-06-13 00:55:04,2021-06-13 06:46:17,5.8536,437,47.52,192.671999755859,7200,240,Z:\SPART-WORK\Data\Voyager\voyager1\mag\48s\reviewed_vim\2021\voyager1_48s_mag-vim_20210101_v01.cdf,C:\Users\Administrator\Documents\FWD_matlab\Voyager_fu\Voyager_Interstellar_Monthly\HighestPrecision_Segments\V1_MAG48s_segment_2279_20210613T005504_20210613T064617.png,ok,
1,2280,2021-06-13 15:14:17,2021-06-13 17:26:17,2.20007999993218,166,47.52,49.249,7200,240,Z:\SPART-WORK\Data\Voyager\voyager1\mag\48s\reviewed_vim\2021\voyager1_48s_mag-vim_20210101_v01.cdf,C:\Users\Administrator\Documents\FWD_matlab\Voyager_fu\Voyager_Interstellar_Monthly\HighestPrecision_Segments\V1_MAG48s_segment_2280_20210613T151417_20210613T172617.png,ok,
1,2281,2021-06-14 00:59:54,2021-06-14 07:26:17,6.43968027777778,484,47.52,49.249,7200,240,Z:\SPART-WORK\Data\Voyager\voyager1\mag\48s\reviewed_vim\2021\voyager1_48s_mag-vim_20210101_v01.cdf,C:\Users\Administrator\Documents\FWD_matlab\Voyager_fu\Voyager_Interstellar_Monthly\HighestPrecision_Segments\V1_MAG48s_segment_2281_20210614T005954_20210614T072617.png,ok,
1,2282,2021-06-14 14:29:29,2021-06-14 15:26:16,0.946559722222222,72,47.52,49.249,7200,240,Z:\SPART-WORK\Data\Voyager\voyager1\mag\48s\reviewed_vim\2021\voyager1_48s_mag-vim_20210101_v01.cdf,C:\Users\Administrator\Documents\FWD_matlab\Voyager_fu\Voyager_Interstellar_Monthly\HighestPrecision_Segments\V1_MAG48s_segment_2282_20210614T142929_20210614T152616.png,ok,
1,2283,2021-06-15 00:55:04,2021-06-15 06:15:52,5.34672,399,47.52,192.671999755859,7200,240,Z:\SPART-WORK\Data\Voyager\voyager1\mag\48s\reviewed_vim\2021\voyager1_48s_mag-vim_20210101_v01.cdf,C:\Users\Administrator\Documents\FWD_matlab\Voyager_fu\Voyager_Interstellar_Monthly\HighestPrecision_Segments\V1_MAG48s_segment_2283_20210615T005504_20210615T061552.png,ok,
1,2284,2021-06-15 13:20:40,2021-06-15 15:55:54,2.58696,192,47.52,192.672,7200,240,Z:\SPART-WORK\Data\Voyager\voyager1\mag\48s\reviewed_vim\2021\voyager1_48s_mag-vim_20210101_v01.cdf,C:\Users\Administrator\Documents\FWD_matlab\Voyager_fu\Voyager_Interstellar_Monthly\HighestPrecision_Segments\V1_MAG48s_segment_2284_20210615T132040_20210615T155554.png,ok,
1,2285,2021-06-15 23:44:40,2021-06-16 06:11:06,6.4404,430,47.52,1775.521,7200,240,Z:\SPART-WORK\Data\Voyager\voyager1\mag\48s\reviewed_vim\2021\voyager1_48s_mag-vim_20210101_v01.cdf,C:\Users\Administrator\Documents\FWD_matlab\Voyager_fu\Voyager_Interstellar_Monthly\HighestPrecision_Segments\V1_MAG48s_segment_2285_20210615T234440_20210616T061106.png,ok,
1,2286,2021-06-17 01:11:04,2021-06-17 08:25:28,7.24008,509,47.52,1441.153,7200,240,Z:\SPART-WORK\Data\Voyager\voyager1\mag\48s\reviewed_vim\2021\voyager1_48s_mag-vim_20210101_v01.cdf,C:\Users\Administrator\Documents\FWD_matlab\Voyager_fu\Voyager_Interstellar_Monthly\HighestPrecision_Segments\V1_MAG48s_segment_2286_20210617T011104_20210617T082528.png,ok,
1,2287,2021-06-17 23:57:29,2021-06-18 06:51:05,6.89328027777778,458,47.52,2880.577,7200,240,Z:\SPART-WORK\Data\Voyager\voyager1\mag\48s\reviewed_vim\2021\voyager1_48s_mag-vim_20210101_v01.cdf,C:\Users\Administrator\Documents\FWD_matlab\Voyager_fu\Voyager_Interstellar_Monthly\HighestPrecision_Segments\V1_MAG48s_segment_2287_20210617T235729_20210618T065105.png,ok,
1,2288,2021-06-19 00:08:40,2021-06-19 06:00:40,5.86656,433,47.52,335.231999755859,7200,240,Z:\SPART-WORK\Data\Voyager\voyager1\mag\48s\reviewed_vim\2021\voyager1_48s_mag-vim_20210101_v01.cdf,C:\Users\Administrator\Documents\FWD_matlab\Voyager_fu\Voyager_Interstellar_Monthly\HighestPrecision_Segments\V1_MAG48s_segment_2288_20210619T000840_20210619T060040.png,ok,
1,2289,2021-06-19 23:09:29,2021-06-20 06:40:41,7.52015972222222,534,47.52,625.536000244141,7200,240,Z:\SPART-WORK\Data\Voyager\voyager1\mag\48s\reviewed_vim\2021\voyager1_48s_mag-vim_20210101_v01.cdf,C:\Users\Administrator\Documents\FWD_matlab\Voyager_fu\Voyager_Interstellar_Monthly\HighestPrecision_Segments\V1_MAG48s_segment_2289_20210619T230929_20210620T064041.png,ok,
1,2290,2021-06-21 00:45:29,2021-06-21 07:05:28,6.33312,471,47.52,192.672,7200,240,Z:\SPART-WORK\Data\Voyager\voyager1\mag\48s\reviewed_vim\2021\voyager1_48s_mag-vim_20210101_v01.cdf,C:\Users\Administrator\Documents\FWD_matlab\Voyager_fu\Voyager_Interstellar_Monthly\HighestPrecision_Segments\V1_MAG48s_segment_2290_20210621T004529_20210621T070528.png,ok,
1,2291,2021-06-22 00:43:52,2021-06-22 04:05:28,3.35999972222222,253,47.52,49.249,7200,240,Z:\SPART-WORK\Data\Voyager\voyager1\mag\48s\reviewed_vim\2021\voyager1_48s_mag-vim_20210101_v01.cdf,C:\Users\Administrator\Documents\FWD_matlab\Voyager_fu\Voyager_Interstellar_Monthly\HighestPrecision_Segments\V1_MAG48s_segment_2291_20210622T004352_20210622T040528.png,ok,
1,2292,2021-06-22 07:33:29,2021-06-22 12:05:29,4.53311972222222,248,47.52,4079.809,7200,240,Z:\SPART-WORK\Data\Voyager\voyager1\mag\48s\reviewed_vim\2021\voyager1_48s_mag-vim_20210101_v01.cdf,C:\Users\Administrator\Documents\FWD_matlab\Voyager_fu\Voyager_Interstellar_Monthly\HighestPrecision_Segments\V1_MAG48s_segment_2292_20210622T073329_20210622T120529.png,ok,
1,2293,2021-06-22 15:09:29,2021-06-22 16:35:04,1.42632027777778,105,47.52,192.672000244141,7200,240,Z:\SPART-WORK\Data\Voyager\voyager1\mag\48s\reviewed_vim\2021\voyager1_48s_mag-vim_20210101_v01.cdf,C:\Users\Administrator\Documents\FWD_matlab\Voyager_fu\Voyager_Interstellar_Monthly\HighestPrecision_Segments\V1_MAG48s_segment_2293_20210622T150929_20210622T163504.png,ok,
1,2294,2021-06-22 23:39:52,2021-06-23 06:19:53,6.66696027777778,499,47.52,143.423,7200,240,Z:\SPART-WORK\Data\Voyager\voyager1\mag\48s\reviewed_vim\2021\voyager1_48s_mag-vim_20210101_v01.cdf,C:\Users\Administrator\Documents\FWD_matlab\Voyager_fu\Voyager_Interstellar_Monthly\HighestPrecision_Segments\V1_MAG48s_segment_2294_20210622T233952_20210623T061953.png,ok,
1,2295,2021-06-23 11:33:28,2021-06-23 15:45:29,4.20023972222222,316,47.52,49.249,7200,240,Z:\SPART-WORK\Data\Voyager\voyager1\mag\48s\reviewed_vim\2021\voyager1_48s_mag-vim_20210101_v01.cdf,C:\Users\Administrator\Documents\FWD_matlab\Voyager_fu\Voyager_Interstellar_Monthly\HighestPrecision_Segments\V1_MAG48s_segment_2295_20210623T113328_20210623T154529.png,ok,
1,2296,2021-06-23 23:23:52,2021-06-24 06:24:40,7.01352027777778,523,47.52,190.943000244141,7200,240,Z:\SPART-WORK\Data\Voyager\voyager1\mag\48s\reviewed_vim\2021\voyager1_48s_mag-vim_20210101_v01.cdf,C:\Users\Administrator\Documents\FWD_matlab\Voyager_fu\Voyager_Interstellar_Monthly\HighestPrecision_Segments\V1_MAG48s_segment_2296_20210623T232352_20210624T062440.png,ok,
1,2297,2021-06-25 00:03:53,2021-06-25 10:15:04,10.18656,761,47.52,191.809,7200,240,Z:\SPART-WORK\Data\Voyager\voyager1\mag\48s\reviewed_vim\2021\voyager1_48s_mag-vim_20210101_v01.cdf,C:\Users\Administrator\Documents\FWD_matlab\Voyager_fu\Voyager_Interstellar_Monthly\HighestPrecision_Segments\V1_MAG48s_segment_2297_20210625T000353_20210625T101504.png,ok,
1,2298,2021-06-25 22:58:16,2021-06-26 01:24:41,2.44007972222222,163,47.52,670.463,7200,240,Z:\SPART-WORK\Data\Voyager\voyager1\mag\48s\reviewed_vim\2021\voyager1_48s_mag-vim_20210101_v01.cdf,C:\Users\Administrator\Documents\FWD_matlab\Voyager_fu\Voyager_Interstellar_Monthly\HighestPrecision_Segments\V1_MAG48s_segment_2298_20210625T225816_20210626T012441.png,ok,
1,2299,2021-06-26 11:19:05,2021-06-26 15:15:04,3.93312,293,47.52,190.943,7200,240,Z:\SPART-WORK\Data\Voyager\voyager1\mag\48s\reviewed_vim\2021\voyager1_48s_mag-vim_20210101_v01.cdf,C:\Users\Administrator\Documents\FWD_matlab\Voyager_fu\Voyager_Interstellar_Monthly\HighestPrecision_Segments\V1_MAG48s_segment_2299_20210626T111905_20210626T151504.png,ok,
1,2300,2021-06-27 01:38:16,2021-06-27 06:35:05,4.94688,369,47.52,190.945,7200,240,Z:\SPART-WORK\Data\Voyager\voyager1\mag\48s\reviewed_vim\2021\voyager1_48s_mag-vim_20210101_v01.cdf,C:\Users\Administrator\Documents\FWD_matlab\Voyager_fu\Voyager_Interstellar_Monthly\HighestPrecision_Segments\V1_MAG48s_segment_2300_20210627T013816_20210627T063505.png,ok,
1,2301,2021-06-28 03:44:40,2021-06-28 08:19:52,4.58687972222222,344,47.52,96.767,7200,240,Z:\SPART-WORK\Data\Voyager\voyager1\mag\48s\reviewed_vim\2021\voyager1_48s_mag-vim_20210101_v01.cdf,C:\Users\Administrator\Documents\FWD_matlab\Voyager_fu\Voyager_Interstellar_Monthly\HighestPrecision_Segments\V1_MAG48s_segment_2301_20210628T034440_20210628T081952.png,ok,
1,2302,2021-06-28 14:08:40,2021-06-28 16:49:28,2.68008027777778,196,47.52,192.672,7200,240,Z:\SPART-WORK\Data\Voyager\voyager1\mag\48s\reviewed_vim\2021\voyager1_48s_mag-vim_20210101_v01.cdf,C:\Users\Administrator\Documents\FWD_matlab\Voyager_fu\Voyager_Interstellar_Monthly\HighestPrecision_Segments\V1_MAG48s_segment_2302_20210628T140840_20210628T164928.png,ok,
1,2303,2021-06-29 01:57:29,2021-06-29 06:04:40,4.11984,310,47.52,49.249,7200,240,Z:\SPART-WORK\Data\Voyager\voyager1\mag\48s\reviewed_vim\2021\voyager1_48s_mag-vim_20210101_v01.cdf,C:\Users\Administrator\Documents\FWD_matlab\Voyager_fu\Voyager_Interstellar_Monthly\HighestPrecision_Segments\V1_MAG48s_segment_2303_20210629T015729_20210629T060440.png,ok,
1,2304,2021-06-29 15:35:03,2021-06-29 19:59:04,4.40016027777778,330,47.52,96.769,7200,240,Z:\SPART-WORK\Data\Voyager\voyager1\mag\48s\reviewed_vim\2021\voyager1_48s_mag-vim_20210101_v01.cdf,C:\Users\Administrator\Documents\FWD_matlab\Voyager_fu\Voyager_Interstellar_Monthly\HighestPrecision_Segments\V1_MAG48s_segment_2304_20210629T153503_20210629T195904.png,ok,
1,2305,2021-06-30 03:35:03,2021-06-30 08:34:16,4.98672027777778,374,47.52,96.769,7200,240,Z:\SPART-WORK\Data\Voyager\voyager1\mag\48s\reviewed_vim\2021\voyager1_48s_mag-vim_20210101_v01.cdf,C:\Users\Administrator\Documents\FWD_matlab\Voyager_fu\Voyager_Interstellar_Monthly\HighestPrecision_Segments\V1_MAG48s_segment_2305_20210630T033503_20210630T083416.png,ok,
1,2306,2021-06-30 11:03:03,2021-06-30 11:59:04,0.933599722222222,68,47.52,192.671999755859,7200,240,Z:\SPART-WORK\Data\Voyager\voyager1\mag\48s\reviewed_vim\2021\voyager1_48s_mag-vim_20210101_v01.cdf,C:\Users\Administrator\Documents\FWD_matlab\Voyager_fu\Voyager_Interstellar_Monthly\HighestPrecision_Segments\V1_MAG48s_segment_2306_20210630T110303_20210630T115904.png,ok,
