2026-01-19T12:00:09.000Z,-9.9990e+02,-9.9990e+02,-9.9990e+02,-9.9990e+02,-9.9990e+02,-9.9990e+02,2.2233e+03,1.1011e+03,2.1295e+06,5.2129e+05,1.8313e+05,4.2781e+04
2026-01-19T12:00:21.000Z,-9.9990e+02,-9.9990e+02,-9.9990e+02,-9.9990e+02,-9.9990e+02,-9.9990e+02,2.2222e+03,1.1351e+03,2.0881e+06,5.0586e+05,1.7778e+05,4.2480e+04
2026-01-19T12:00:33.000Z,-9.9990e+02,-9.9990e+02,-9.9990e+02,-9.9990e+02,-9.9990e+02,-9.9990e+02,2.2222e+03,1.1351e+03,2.0881e+06,5.0586e+05,1.7778e+05,4.2480e+04
2026-01-19T12:00:45.000Z,-9.9990e+02,-9.9990e+02,-9.9990e+02,-9.9990e+02,-9.9990e+02,-9.9990e+02,2.1624e+03,1.0829e+03,2.0281e+06,5.0000e+05,1.7252e+05,4.1418e+04
2026-01-19T12:00:57.000Z,-9.9990e+02,-9.9990e+02,-9.9990e+02,-9.9990e+02,-9.9990e+02,-9.9990e+02,2.1624e+03,1.0829e+03,2.0281e+06,5.0000e+05,1.7252e+05,4.1418e+04
2026-01-19T12:01:09.000Z,-9.9990e+02,-9.9990e+02,-9.9990e+02,-9.9990e+02,-9.9990e+02,-9.9990e+02,2.1621e+03,1.0829e+03,2.0476e+06,4.9086e+05,1.7143e+05,4.0327e+04
2026-01-19T12:01:21.000Z,-9.9990e+02,-9.9990e+02,-9.9990e+02,-9.9990e+02,-9.9990e+02,-9.9990e+02,2.1621e+03,1.0829e+03,2.0476e+06,4.9086e+05,1.7143e+05,4.0327e+04
2026-01-19T12:01:34.000Z,-9.9990e+02,-9.9990e+02,-9.9990e+02,-9.9990e+02,-9.9990e+02,-9.9990e+02,2.2222e+03,1.1003e+03,2.0676e+06,4.9686e+05,1.7460e+05,4.0597e+04
2026-01-19T12:01:46.000Z,-9.9990e+02,-9.9990e+02,-9.9990e+02,-9.9990e+02,-9.9990e+02,-9.9990e+02,2.2222e+03,1.1003e+03,2.0676e+06,4.9686e+05,1.7460e+05,4.0597e+04
2026-01-19T12:01:58.000Z,-9.9990e+02,-9.9990e+02,-9.9990e+02,-9.9990e+02,-9.9990e+02,-9.9990e+02,2.1042e+03,1.0837e+03,2.1890e+06,5.1814e+05,1.8204e+05,4.3041e+04
2026-01-19T12:02:10.000Z,-9.9990e+02,-9.9990e+02,-9.9990e+02,-9.9990e+02,-9.9990e+02,-9.9990e+02,2.1042e+03,1.0837e+03,2.1890e+06,5.1814e+05,1.8204e+05,4.3041e+04
2026-01-19T12:02:22.000Z,-9.9990e+02,-9.9990e+02,-9.9990e+02,-9.9990e+02,-9.9990e+02,-9.9990e+02,2.1022e+03,1.1003e+03,2.1681e+06,5.3300e+05,1.8403e+05,4.3015e+04
2026-01-19T12:02:34.000Z,-9.9990e+02,-9.9990e+02,-9.9990e+02,-9.9990e+02,-9.9990e+02,-9.9990e+02,2.1022e+03,1.1003e+03,2.1681e+06,5.3300e+05,1.8403e+05,4.3015e+04
2026-01-19T12:02:47.000Z,-9.9990e+02,-9.9990e+02,-9.9990e+02,-9.9990e+02,-9.9990e+02,-9.9990e+02,2.2222e+03,1.0829e+03,2.1681e+06,5.3600e+05,1.8194e+05,4.2480e+04
2026-01-19T12:02:59.000Z,-9.9990e+02,-9.9990e+02,-9.9990e+02,-9.9990e+02,-9.9990e+02,-9.9990e+02,2.2222e+03,1.0829e+03,2.1681e+06,5.3600e+05,1.8194e+05,4.2480e+04
2026-01-19T12:03:11.000Z,-9.9990e+02,-9.9990e+02,-9.9990e+02,-9.9990e+02,-9.9990e+02,-9.9990e+02,-9.9990e+02,-9.9990e+02,-9.9990e+02,-9.9990e+02,-9.9990e+02,-9.9990e+02
2026-01-19T12:03:23.000Z,-9.9990e+02,-9.9990e+02,-9.9990e+02,-9.9990e+02,-9.9990e+02,-9.9990e+02,2.2225e+03,1.1177e+03,2.1881e+06,5.3000e+05,1.8403e+05,4.3556e+04
2026-01-19T12:03:35.000Z,-9.9990e+02,-9.9990e+02,-9.9990e+02,-9.9990e+02,-9.9990e+02,-9.9990e+02,2.2225e+03,1.1177e+03,2.1881e+06,5.3000e+05,1.8403e+05,4.3556e+04
2026-01-19T12:03:47.000Z,-9.9990e+02,-9.9990e+02,-9.9990e+02,-9.9990e+02,-9.9990e+02,-9.9990e+02,2.2225e+03,1.1003e+03,2.1895e+06,5.3029e+05,1.8621e+05,4.4117e+04
2026-01-19T12:03:59.000Z,-9.9990e+02,-9.9990e+02,-9.9990e+02,-9.9990e+02,-9.9990e+02,-9.9990e+02,2.2225e+03,1.1003e+03,2.1895e+06,5.3029e+05,1.8621e+05,4.4117e+04
2026-01-19T12:04:12.000Z,-9.9990e+02,-9.9990e+02,-9.9990e+02,-9.9990e+02,-9.9990e+02,-9.9990e+02,2.1643e+03,1.1011e+03,2.1895e+06,5.2429e+05,1.8829e+05,4.4117e+04
2026-01-19T12:04:24.000Z,-9.9990e+02,-9.9990e+02,-9.9990e+02,-9.9990e+02,-9.9990e+02,-9.9990e+02,2.1643e+03,1.1011e+03,2.1895e+06,5.2429e+05,1.8829e+05,4.4117e+04
2026-01-19T12:04:36.000Z,-9.9990e+02,-9.9990e+02,-9.9990e+02,-9.9990e+02,-9.9990e+02,-9.9990e+02,2.1624e+03,1.0655e+03,2.2086e+06,5.2400e+05,1.8819e+05,4.4097e+04
2026-01-19T12:04:48.000Z,-9.9990e+02,-9.9990e+02,-9.9990e+02,-9.9990e+02,-9.9990e+02,-9.9990e+02,2.1624e+03,1.0655e+03,2.2086e+06,5.2400e+05,1.8819e+05,4.4097e+04
2026-01-19T12:05:00.000Z,-9.9990e+02,-9.9990e+02,-9.9990e+02,-9.9990e+02,-9.9990e+02,-9.9990e+02,2.1624e+03,1.0655e+03,2.1486e+06,5.2114e+05,1.8095e+05,4.2760e+04
2026-01-19T12:05:12.000Z,-9.9990e+02,-9.9990e+02,-9.9990e+02,-9.9990e+02,-9.9990e+02,-9.9990e+02,2.1624e+03,1.0655e+03,2.1486e+06,5.2114e+05,1.8095e+05,4.2760e+04
2026-01-19T12:05:24.000Z,-9.9990e+02,-9.9990e+02,-9.9990e+02,-9.9990e+02,-9.9990e+02,-9.9990e+02,2.2222e+03,1.1003e+03,2.0676e+06,5.0286e+05,1.7669e+05,4.1944e+04
2026-01-19T12:05:37.000Z,-9.9990e+02,-9.9990e+02,-9.9990e+02,-9.9990e+02,-9.9990e+02,-9.9990e+02,2.2222e+03,1.1003e+03,2.0676e+06,5.0286e+05,1.7669e+05,4.1944e+04
2026-01-19T12:05:49.000Z,-9.9990e+02,-9.9990e+02,-9.9990e+02,-9.9990e+02,-9.9990e+02,-9.9990e+02,2.1624e+03,1.1177e+03,2.1681e+06,5.3000e+05,1.8403e+05,4.3556e+04
2026-01-19T12:06:01.000Z,-9.9990e+02,-9.9990e+02,-9.9990e+02,-9.9990e+02,-9.9990e+02,-9.9990e+02,2.1624e+03,1.1177e+03,2.1681e+06,5.3000e+05,1.8403e+05,4.3556e+04
2026-01-19T12:06:13.000Z,-9.9990e+02,-9.9990e+02,-9.9990e+02,-9.9990e+02,-9.9990e+02,-9.9990e+02,2.2823e+03,1.1177e+03,2.1690e+06,5.3029e+05,1.8621e+05,4.4117e+04
2026-01-19T12:06:25.000Z,-9.9990e+02,-9.9990e+02,-9.9990e+02,-9.9990e+02,-9.9990e+02,-9.9990e+02,2.2823e+03,1.1177e+03,2.1690e+06,5.3029e+05,1.8621e+05,4.4117e+04
2026-01-19T12:06:37.000Z,-9.9990e+02,-9.9990e+02,-9.9990e+02,-9.9990e+02,-9.9990e+02,-9.9990e+02,2.2823e+03,1.1351e+03,2.2686e+06,5.4800e+05,1.9444e+05,4.4633e+04
2026-01-19T12:06:49.000Z,-9.9990e+02,-9.9990e+02,-9.9990e+02,-9.9990e+02,-9.9990e+02,-9.9990e+02,2.2823e+03,1.1351e+03,2.2686e+06,5.4800e+05,1.9444e+05,4.4633e+04
2026-01-19T12:07:02.000Z,-9.9990e+02,-9.9990e+02,-9.9990e+02,-9.9990e+02,-9.9990e+02,-9.9990e+02,2.2222e+03,1.0829e+03,2.3490e+06,5.7214e+05,2.0288e+05,4.6786e+04
2026-01-19T12:07:14.000Z,-9.9990e+02,-9.9990e+02,-9.9990e+02,-9.9990e+02,-9.9990e+02,-9.9990e+02,2.2222e+03,1.0829e+03,2.3490e+06,5.7214e+05,2.0288e+05,4.6786e+04
2026-01-19T12:07:26.000Z,-9.9990e+02,-9.9990e+02,-9.9990e+02,-9.9990e+02,-9.9990e+02,-9.9990e+02,-9.9990e+02,-9.9990e+02,-9.9990e+02,-9.9990e+02,-9.9990e+02,-9.9990e+02
2026-01-19T12:07:38.000Z,-9.9990e+02,-9.9990e+02,-9.9990e+02,-9.9990e+02,-9.9990e+02,-9.9990e+02,2.2222e+03,1.1003e+03,2.4095e+06,5.7829e+05,2.0704e+05,4.8944e+04
2026-01-19T12:07:50.000Z,-9.9990e+02,-9.9990e+02,-9.9990e+02,-9.9990e+02,-9.9990e+02,-9.9990e+02,2.2222e+03,1.1003e+03,2.4095e+06,5.7829e+05,2.0704e+05,4.8944e+04
2026-01-19T12:08:02.000Z,-9.9990e+02,-9.9990e+02,-9.9990e+02,-9.9990e+02,-9.9990e+02,-9.9990e+02,2.1621e+03,1.1177e+03,2.3690e+06,5.7214e+05,2.0496e+05,4.8393e+04
2026-01-19T12:08:14.000Z,-9.9990e+02,-9.9990e+02,-9.9990e+02,-9.9990e+02,-9.9990e+02,-9.9990e+02,2.1621e+03,1.1177e+03,2.3690e+06,5.7214e+05,2.0496e+05,4.8393e+04
2026-01-19T12:08:27.000Z,-9.9990e+02,-9.9990e+02,-9.9990e+02,-9.9990e+02,-9.9990e+02,-9.9990e+02,2.2267e+03,1.1376e+03,2.2705e+06,5.4857e+05,1.9256e+05,4.5750e+04
2026-01-19T12:08:39.000Z,-9.9990e+02,-9.9990e+02,-9.9990e+02,-9.9990e+02,-9.9990e+02,-9.9990e+02,2.2267e+03,1.1376e+03,2.2705e+06,5.4857e+05,1.9256e+05,4.5750e+04
2026-01-19T12:08:51.000Z,-9.9990e+02,-9.9990e+02,-9.9990e+02,-9.9990e+02,-9.9990e+02,-9.9990e+02,2.1621e+03,1.1351e+03,2.2686e+06,5.4800e+05,1.9028e+05,4.5168e+04
2026-01-19T12:09:03.000Z,-9.9990e+02,-9.9990e+02,-9.9990e+02,-9.9990e+02,-9.9990e+02,-9.9990e+02,2.1621e+03,1.1351e+03,2.2686e+06,5.4800e+05,1.9028e+05,4.5168e+04
2026-01-19T12:09:15.000Z,-9.9990e+02,-9.9990e+02,-9.9990e+02,-9.9990e+02,-9.9990e+02,-9.9990e+02,2.2222e+03,1.1003e+03,2.1881e+06,5.2400e+05,1.8819e+05,4.4633e+04
2026-01-19T12:09:27.000Z,-9.9990e+02,-9.9990e+02,-9.9990e+02,-9.9990e+02,-9.9990e+02,-9.9990e+02,2.2222e+03,1.1003e+03,2.1881e+06,5.2400e+05,1.8819e+05,4.4633e+04
2026-01-19T12:09:39.000Z,-9.9990e+02,-9.9990e+02,-9.9990e+02,-9.9990e+02,-9.9990e+02,-9.9990e+02,2.1624e+03,1.0655e+03,2.1886e+06,5.3014e+05,1.8829e+05,4.4107e+04
2026-01-19T12:09:52.000Z,-9.9990e+02,-9.9990e+02,-9.9990e+02,-9.9990e+02,-9.9990e+02,-9.9990e+02,2.1624e+03,1.0655e+03,2.1886e+06,5.3014e+05,1.8829e+05,4.4107e+04
2026-01-19T12:10:04.000Z,-9.9990e+02,-9.9990e+02,-9.9990e+02,-9.9990e+02,-9.9990e+02,-9.9990e+02,2.1624e+03,1.1003e+03,2.0881e+06,4.9686e+05,1.7778e+05,4.2480e+04
2026-01-19T12:10:16.000Z,-9.9990e+02,-9.9990e+02,-9.9990e+02,-9.9990e+02,-9.9990e+02,-9.9990e+02,2.1624e+03,1.1003e+03,2.0881e+06,4.9686e+05,1.7778e+05,4.2480e+04
2026-01-19T12:10:28.000Z,-9.9990e+02,-9.9990e+02,-9.9990e+02,-9.9990e+02,-9.9990e+02,-9.9990e+02,2.2823e+03,1.1177e+03,2.0086e+06,4.7900e+05,1.7470e+05,4.1694e+04
2026-01-19T12:10:40.000Z,-9.9990e+02,-9.9990e+02,-9.9990e+02,-9.9990e+02,-9.9990e+02,-9.9990e+02,2.2823e+03,1.1177e+03,2.0086e+06,4.7900e+05,1.7470e+05,4.1694e+04
2026-01-19T12:10:52.000Z,-9.9990e+02,-9.9990e+02,-9.9990e+02,-9.9990e+02,-9.9990e+02,-9.9990e+02,2.2222e+03,1.0829e+03,2.0676e+06,4.9986e+05,1.7778e+05,4.1944e+04
2026-01-19T12:11:04.000Z,-9.9990e+02,-9.9990e+02,-9.9990e+02,-9.9990e+02,-9.9990e+02,-9.9990e+02,2.2222e+03,1.0829e+03,2.0676e+06,4.9986e+05,1.7778e+05,4.1944e+04
2026-01-19T12:11:17.000Z,-9.9990e+02,-9.9990e+02,-9.9990e+02,-9.9990e+02,-9.9990e+02,-9.9990e+02,2.2222e+03,1.0829e+03,2.0881e+06,5.1200e+05,1.7986e+05,4.3020e+04
2026-01-19T12:11:29.000Z,-9.9990e+02,-9.9990e+02,-9.9990e+02,-9.9990e+02,-9.9990e+02,-9.9990e+02,2.2222e+03,1.0829e+03,2.0881e+06,5.1200e+05,1.7986e+05,4.3020e+04
2026-01-19T12:11:41.000Z,-9.9990e+02,-9.9990e+02,-9.9990e+02,-9.9990e+02,-9.9990e+02,-9.9990e+02,-9.9990e+02,-9.9990e+02,-9.9990e+02,-9.9990e+02,-9.9990e+02,-9.9990e+02
2026-01-19T12:11:53.000Z,-9.9990e+02,-9.9990e+02,-9.9990e+02,-9.9990e+02,-9.9990e+02,-9.9990e+02,2.2225e+03,1.0655e+03,2.1081e+06,4.9986e+05,1.7778e+05,4.1408e+04
2026-01-19T12:12:05.000Z,-9.9990e+02,-9.9990e+02,-9.9990e+02,-9.9990e+02,-9.9990e+02,-9.9990e+02,2.2225e+03,1.0655e+03,2.1081e+06,4.9986e+05,1.7778e+05,4.1408e+04
2026-01-19T12:12:17.000Z,-9.9990e+02,-9.9990e+02,-9.9990e+02,-9.9990e+02,-9.9990e+02,-9.9990e+02,2.2823e+03,1.1003e+03,2.0686e+06,5.0300e+05,1.7569e+05,4.3031e+04
2026-01-19T12:12:29.000Z,-9.9990e+02,-9.9990e+02,-9.9990e+02,-9.9990e+02,-9.9990e+02,-9.9990e+02,2.2823e+03,1.1003e+03,2.0686e+06,5.0300e+05,1.7569e+05,4.3031e+04
2026-01-19T12:12:42.000Z,-9.9990e+02,-9.9990e+02,-9.9990e+02,-9.9990e+02,-9.9990e+02,-9.9990e+02,2.2225e+03,1.0829e+03,2.0081e+06,4.9400e+05,1.6944e+05,4.1418e+04
2026-01-19T12:12:54.000Z,-9.9990e+02,-9.9990e+02,-9.9990e+02,-9.9990e+02,-9.9990e+02,-9.9990e+02,2.2225e+03,1.0829e+03,2.0081e+06,4.9400e+05,1.6944e+05,4.1418e+04
2026-01-19T12:13:06.000Z,-9.9990e+02,-9.9990e+02,-9.9990e+02,-9.9990e+02,-9.9990e+02,-9.9990e+02,2.2225e+03,1.1177e+03,2.1286e+06,5.1200e+05,1.8403e+05,4.3566e+04
2026-01-19T12:13:18.000Z,-9.9990e+02,-9.9990e+02,-9.9990e+02,-9.9990e+02,-9.9990e+02,-9.9990e+02,2.2225e+03,1.1177e+03,2.1286e+06,5.1200e+05,1.8403e+05,4.3566e+04
2026-01-19T12:13:30.000Z,-9.9990e+02,-9.9990e+02,-9.9990e+02,-9.9990e+02,-9.9990e+02,-9.9990e+02,2.2225e+03,1.0829e+03,2.0476e+06,5.0586e+05,1.7361e+05,4.1944e+04
2026-01-19T12:13:42.000Z,-9.9990e+02,-9.9990e+02,-9.9990e+02,-9.9990e+02,-9.9990e+02,-9.9990e+02,2.2225e+03,1.0829e+03,2.0476e+06,5.0586e+05,1.7361e+05,4.1944e+04
2026-01-19T12:13:54.000Z,-9.9990e+02,-9.9990e+02,-9.9990e+02,-9.9990e+02,-9.9990e+02,-9.9990e+02,2.2253e+03,1.0671e+03,2.1700e+06,5.2443e+05,1.8631e+05,4.3597e+04
2026-01-19T12:14:07.000Z,-9.9990e+02,-9.9990e+02,-9.9990e+02,-9.9990e+02,-9.9990e+02,-9.9990e+02,2.2253e+03,1.0671e+03,2.1700e+06,5.2443e+05,1.8631e+05,4.3597e+04
2026-01-19T12:14:19.000Z,-9.9990e+02,-9.9990e+02,-9.9990e+02,-9.9990e+02,-9.9990e+02,-9.9990e+02,2.1686e+03,1.0688e+03,2.1314e+06,5.2486e+05,1.8016e+05,4.3628e+04
2026-01-19T12:14:31.000Z,-9.9990e+02,-9.9990e+02,-9.9990e+02,-9.9990e+02,-9.9990e+02,-9.9990e+02,2.1686e+03,1.0688e+03,2.1314e+06,5.2486e+05,1.8016e+05,4.3628e+04
2026-01-19T12:14:43.000Z,-9.9990e+02,-9.9990e+02,-9.9990e+02,-9.9990e+02,-9.9990e+02,-9.9990e+02,2.1031e+03,1.0655e+03,2.0881e+06,5.0600e+05,1.7986e+05,4.1949e+04
2026-01-19T12:14:55.000Z,-9.9990e+02,-9.9990e+02,-9.9990e+02,-9.9990e+02,-9.9990e+02,-9.9990e+02,2.1031e+03,1.0655e+03,2.0881e+06,5.0600e+05,1.7986e+05,4.1949e+04
2026-01-19T12:15:07.000Z,-9.9990e+02,-9.9990e+02,-9.9990e+02,-9.9990e+02,-9.9990e+02,-9.9990e+02,2.1019e+03,1.0481e+03,2.0676e+06,4.9986e+05,1.7778e+05,4.2480e+04
2026-01-19T12:15:19.000Z,-9.9990e+02,-9.9990e+02,-9.9990e+02,-9.9990e+02,-9.9990e+02,-9.9990e+02,2.1019e+03,1.0481e+03,2.0676e+06,4.9986e+05,1.7778e+05,4.2480e+04
2026-01-19T12:15:32.000Z,-9.9990e+02,-9.9990e+02,-9.9990e+02,-9.9990e+02,-9.9990e+02,-9.9990e+02,2.2222e+03,1.0655e+03,2.0476e+06,4.8786e+05,1.7143e+05,4.1133e+04
2026-01-19T12:15:44.000Z,-9.9990e+02,-9.9990e+02,-9.9990e+02,-9.9990e+02,-9.9990e+02,-9.9990e+02,2.2222e+03,1.0655e+03,2.0476e+06,4.8786e+05,1.7143e+05,4.1133e+04
2026-01-19T12:15:56.000Z,-9.9990e+02,-9.9990e+02,-9.9990e+02,-9.9990e+02,-9.9990e+02,-9.9990e+02,-9.9990e+02,-9.9990e+02,-9.9990e+02,-9.9990e+02,-9.9990e+02,-9.9990e+02
2026-01-19T12:16:08.000Z,-9.9990e+02,-9.9990e+02,-9.9990e+02,-9.9990e+02,-9.9990e+02,-9.9990e+02,2.1621e+03,1.0829e+03,2.3095e+06,5.7243e+05,1.9871e+05,4.7342e+04
2026-01-19T12:16:20.000Z,-9.9990e+02,-9.9990e+02,-9.9990e+02,-9.9990e+02,-9.9990e+02,-9.9990e+02,2.1621e+03,1.0829e+03,2.3095e+06,5.7243e+05,1.9871e+05,4.7342e+04
2026-01-19T12:16:32.000Z,-9.9990e+02,-9.9990e+02,-9.9990e+02,-9.9990e+02,-9.9990e+02,-9.9990e+02,2.1632e+03,1.0655e+03,2.2690e+06,5.4214e+05,1.9454e+05,4.6255e+04
2026-01-19T12:16:45.000Z,-9.9990e+02,-9.9990e+02,-9.9990e+02,-9.9990e+02,-9.9990e+02,-9.9990e+02,2.1632e+03,1.0655e+03,2.2690e+06,5.4214e+05,1.9454e+05,4.6255e+04
2026-01-19T12:16:57.000Z,-9.9990e+02,-9.9990e+02,-9.9990e+02,-9.9990e+02,-9.9990e+02,-9.9990e+02,2.2233e+03,1.0655e+03,2.2086e+06,5.2414e+05,1.8403e+05,4.4102e+04
2026-01-19T12:17:09.000Z,-9.9990e+02,-9.9990e+02,-9.9990e+02,-9.9990e+02,-9.9990e+02,-9.9990e+02,2.2233e+03,1.0655e+03,2.2086e+06,5.2414e+05,1.8403e+05,4.4102e+04
2026-01-19T12:17:21.000Z,-9.9990e+02,-9.9990e+02,-9.9990e+02,-9.9990e+02,-9.9990e+02,-9.9990e+02,2.1643e+03,1.0663e+03,2.0900e+06,5.0343e+05,1.7897e+05,4.2520e+04
2026-01-19T12:17:33.000Z,-9.9990e+02,-9.9990e+02,-9.9990e+02,-9.9990e+02,-9.9990e+02,-9.9990e+02,2.1643e+03,1.0663e+03,2.0900e+06,5.0343e+05,1.7897e+05,4.2520e+04
2026-01-19T12:17:45.000Z,-9.9990e+02,-9.9990e+02,-9.9990e+02,-9.9990e+02,-9.9990e+02,-9.9990e+02,2.2222e+03,1.0655e+03,1.9876e+06,4.8486e+05,1.7044e+05,4.0867e+04
2026-01-19T12:17:57.000Z,-9.9990e+02,-9.9990e+02,-9.9990e+02,-9.9990e+02,-9.9990e+02,-9.9990e+02,2.2222e+03,1.0655e+03,1.9876e+06,4.8486e+05,1.7044e+05,4.0867e+04
2026-01-19T12:18:09.000Z,-9.9990e+02,-9.9990e+02,-9.9990e+02,-9.9990e+02,-9.9990e+02,-9.9990e+02,-9.9990e+02,-9.9990e+02,-9.9990e+02,-9.9990e+02,-9.9990e+02,-9.9990e+02
2026-01-19T12:18:22.000Z,-9.9990e+02,-9.9990e+02,-9.9990e+02,-9.9990e+02,-9.9990e+02,-9.9990e+02,2.2222e+03,1.1003e+03,1.9676e+06,4.7586e+05,1.6518e+05,4.1138e+04
2026-01-19T12:18:34.000Z,-9.9990e+02,-9.9990e+02,-9.9990e+02,-9.9990e+02,-9.9990e+02,-9.9990e+02,2.2222e+03,1.1003e+03,1.9676e+06,4.7586e+05,1.6518e+05,4.1138e+04
2026-01-19T12:18:46.000Z,-9.9990e+02,-9.9990e+02,-9.9990e+02,-9.9990e+02,-9.9990e+02,-9.9990e+02,2.1624e+03,1.0829e+03,2.0476e+06,4.9686e+05,1.7986e+05,4.3556e+04
2026-01-19T12:18:58.000Z,-9.9990e+02,-9.9990e+02,-9.9990e+02,-9.9990e+02,-9.9990e+02,-9.9990e+02,2.1624e+03,1.0829e+03,2.0476e+06,4.9686e+05,1.7986e+05,4.3556e+04
2026-01-19T12:19:10.000Z,-9.9990e+02,-9.9990e+02,-9.9990e+02,-9.9990e+02,-9.9990e+02,-9.9990e+02,2.2222e+03,1.1351e+03,2.1481e+06,5.3600e+05,1.9871e+05,4.7857e+04
2026-01-19T12:19:22.000Z,-9.9990e+02,-9.9990e+02,-9.9990e+02,-9.9990e+02,-9.9990e+02,-9.9990e+02,2.2222e+03,1.1351e+03,2.1481e+06,5.3600e+05,1.9871e+05,4.7857e+04
2026-01-19T12:19:35.000Z,-9.9990e+02,-9.9990e+02,-9.9990e+02,-9.9990e+02,-9.9990e+02,-9.9990e+02,2.2245e+03,1.1011e+03,2.1090e+06,5.2729e+05,1.8621e+05,4.4117e+04
2026-01-19T12:19:47.000Z,-9.9990e+02,-9.9990e+02,-9.9990e+02,-9.9990e+02,-9.9990e+02,-9.9990e+02,2.2245e+03,1.1011e+03,2.1090e+06,5.2729e+05,1.8621e+05,4.4117e+04
2026-01-19T12:19:59.000Z,-9.9990e+02,-9.9990e+02,-9.9990e+02,-9.9990e+02,-9.9990e+02,-9.9990e+02,2.1624e+03,1.1177e+03,2.0676e+06,4.9986e+05,1.8085e+05,4.2750e+04
2026-01-19T12:20:11.000Z,-9.9990e+02,-9.9990e+02,-9.9990e+02,-9.9990e+02,-9.9990e+02,-9.9990e+02,2.1624e+03,1.1177e+03,2.0676e+06,4.9986e+05,1.8085e+05,4.2750e+04
2026-01-19T12:20:23.000Z,-9.9990e+02,-9.9990e+02,-9.9990e+02,-9.9990e+02,-9.9990e+02,-9.9990e+02,2.1019e+03,1.0829e+03,1.9276e+06,4.7286e+05,1.6736e+05,4.0071e+04
2026-01-19T12:20:35.000Z,-9.9990e+02,-9.9990e+02,-9.9990e+02,-9.9990e+02,-9.9990e+02,-9.9990e+02,2.1019e+03,1.0829e+03,1.9276e+06,4.7286e+05,1.6736e+05,4.0071e+04
2026-01-19T12:20:47.000Z,-9.9990e+02,-9.9990e+02,-9.9990e+02,-9.9990e+02,-9.9990e+02,-9.9990e+02,2.1632e+03,1.0655e+03,1.9681e+06,4.7900e+05,1.7153e+05,4.0347e+04
2026-01-19T12:21:00.000Z,-9.9990e+02,-9.9990e+02,-9.9990e+02,-9.9990e+02,-9.9990e+02,-9.9990e+02,2.1632e+03,1.0655e+03,1.9681e+06,4.7900e+05,1.7153e+05,4.0347e+04
2026-01-19T12:21:12.000Z,-9.9990e+02,-9.9990e+02,-9.9990e+02,-9.9990e+02,-9.9990e+02,-9.9990e+02,2.1019e+03,1.0655e+03,2.0476e+06,5.0586e+05,1.7986e+05,4.1939e+04
2026-01-19T12:21:24.000Z,-9.9990e+02,-9.9990e+02,-9.9990e+02,-9.9990e+02,-9.9990e+02,-9.9990e+02,2.1019e+03,1.0655e+03,2.0476e+06,5.0586e+05,1.7986e+05,4.1939e+04
2026-01-19T12:21:36.000Z,-9.9990e+02,-9.9990e+02,-9.9990e+02,-9.9990e+02,-9.9990e+02,-9.9990e+02,2.1019e+03,1.0481e+03,2.0481e+06,5.0000e+05,1.7361e+05,4.1143e+04
2026-01-19T12:21:48.000Z,-9.9990e+02,-9.9990e+02,-9.9990e+02,-9.9990e+02,-9.9990e+02,-9.9990e+02,2.1019e+03,1.0481e+03,2.0481e+06,5.0000e+05,1.7361e+05,4.1143e+04
2026-01-19T12:22:00.000Z,-9.9990e+02,-9.9990e+02,-9.9990e+02,-9.9990e+02,-9.9990e+02,-9.9990e+02,2.1621e+03,1.0655e+03,2.0476e+06,5.0586e+05,1.7986e+05,4.1939e+04
2026-01-19T12:22:12.000Z,-9.9990e+02,-9.9990e+02,-9.9990e+02,-9.9990e+02,-9.9990e+02,-9.9990e+02,2.1621e+03,1.0655e+03,2.0476e+06,5.0586e+05,1.7986e+05,4.1939e+04
2026-01-19T12:22:24.000Z,-9.9990e+02,-9.9990e+02,-9.9990e+02,-9.9990e+02,-9.9990e+02,-9.9990e+02,-9.9990e+02,-9.9990e+02,-9.9990e+02,-9.9990e+02,-9.9990e+02,-9.9990e+02
2026-01-19T12:22:37.000Z,-9.9990e+02,-9.9990e+02,-9.9990e+02,-9.9990e+02,-9.9990e+02,-9.9990e+02,2.1624e+03,1.0655e+03,2.0676e+06,5.0586e+05,1.7778e+05,4.1944e+04
2026-01-19T12:22:49.000Z,-9.9990e+02,-9.9990e+02,-9.9990e+02,-9.9990e+02,-9.9990e+02,-9.9990e+02,2.1624e+03,1.0655e+03,2.0676e+06,5.0586e+05,1.7778e+05,4.1944e+04
2026-01-19T12:23:01.000Z,-9.9990e+02,-9.9990e+02,-9.9990e+02,-9.9990e+02,-9.9990e+02,-9.9990e+02,2.1022e+03,1.0655e+03,2.1081e+06,5.0886e+05,1.8085e+05,4.2214e+04
2026-01-19T12:23:13.000Z,-9.9990e+02,-9.9990e+02,-9.9990e+02,-9.9990e+02,-9.9990e+02,-9.9990e+02,2.1022e+03,1.0655e+03,2.1081e+06,5.0886e+05,1.8085e+05,4.2214e+04
2026-01-19T12:23:25.000Z,-9.9990e+02,-9.9990e+02,-9.9990e+02,-9.9990e+02,-9.9990e+02,-9.9990e+02,2.1624e+03,1.0829e+03,2.1081e+06,5.1200e+05,1.7569e+05,4.2480e+04
2026-01-19T12:23:37.000Z,-9.9990e+02,-9.9990e+02,-9.9990e+02,-9.9990e+02,-9.9990e+02,-9.9990e+02,2.1624e+03,1.0829e+03,2.1081e+06,5.1200e+05,1.7569e+05,4.2480e+04
2026-01-19T12:23:50.000Z,-9.9990e+02,-9.9990e+02,-9.9990e+02,-9.9990e+02,-9.9990e+02,-9.9990e+02,2.1022e+03,1.0655e+03,2.1081e+06,5.1200e+05,1.7778e+05,4.2480e+04
2026-01-19T12:24:02.000Z,-9.9990e+02,-9.9990e+02,-9.9990e+02,-9.9990e+02,-9.9990e+02,-9.9990e+02,2.1022e+03,1.0655e+03,2.1081e+06,5.1200e+05,1.7778e+05,4.2480e+04
2026-01-19T12:24:14.000Z,-9.9990e+02,-9.9990e+02,-9.9990e+02,-9.9990e+02,-9.9990e+02,-9.9990e+02,2.1624e+03,1.0829e+03,2.1481e+06,5.2400e+05,1.7986e+05,4.3556e+04
2026-01-19T12:24:26.000Z,-9.9990e+02,-9.9990e+02,-9.9990e+02,-9.9990e+02,-9.9990e+02,-9.9990e+02,2.1624e+03,1.0829e+03,2.1481e+06,5.2400e+05,1.7986e+05,4.3556e+04
2026-01-19T12:24:38.000Z,-9.9990e+02,-9.9990e+02,-9.9990e+02,-9.9990e+02,-9.9990e+02,-9.9990e+02,2.1624e+03,1.0829e+03,2.2095e+06,5.4829e+05,2.0298e+05,4.9495e+04
2026-01-19T12:24:50.000Z,-9.9990e+02,-9.9990e+02,-9.9990e+02,-9.9990e+02,-9.9990e+02,-9.9990e+02,2.1624e+03,1.0829e+03,2.2095e+06,5.4829e+05,2.0298e+05,4.9495e+04
2026-01-19T12:25:02.000Z,-9.9990e+02,-9.9990e+02,-9.9990e+02,-9.9990e+02,-9.9990e+02,-9.9990e+02,2.1022e+03,1.1003e+03,2.1686e+06,5.4214e+05,1.9871e+05,5.0020e+04
2026-01-19T12:25:15.000Z,-9.9990e+02,-9.9990e+02,-9.9990e+02,-9.9990e+02,-9.9990e+02,-9.9990e+02,2.1022e+03,1.1003e+03,2.1686e+06,5.4214e+05,1.9871e+05,5.0020e+04
2026-01-19T12:25:27.000Z,-9.9990e+02,-9.9990e+02,-9.9990e+02,-9.9990e+02,-9.9990e+02,-9.9990e+02,2.1022e+03,1.0829e+03,2.1486e+06,5.2414e+05,1.9246e+05,4.6796e+04
2026-01-19T12:25:39.000Z,-9.9990e+02,-9.9990e+02,-9.9990e+02,-9.9990e+02,-9.9990e+02,-9.9990e+02,2.1022e+03,1.0829e+03,2.1486e+06,5.2414e+05,1.9246e+05,4.6796e+04
2026-01-19T12:25:51.000Z,-9.9990e+02,-9.9990e+02,-9.9990e+02,-9.9990e+02,-9.9990e+02,-9.9990e+02,2.1022e+03,1.0829e+03,2.1281e+06,5.2400e+05,1.9444e+05,4.7321e+04
2026-01-19T12:26:03.000Z,-9.9990e+02,-9.9990e+02,-9.9990e+02,-9.9990e+02,-9.9990e+02,-9.9990e+02,2.1022e+03,1.0829e+03,2.1281e+06,5.2400e+05,1.9444e+05,4.7321e+04
2026-01-19T12:26:15.000Z,-9.9990e+02,-9.9990e+02,-9.9990e+02,-9.9990e+02,-9.9990e+02,-9.9990e+02,2.1022e+03,1.0829e+03,2.1481e+06,5.3000e+05,1.9028e+05,4.7857e+04
2026-01-19T12:26:27.000Z,-9.9990e+02,-9.9990e+02,-9.9990e+02,-9.9990e+02,-9.9990e+02,-9.9990e+02,2.1022e+03,1.0829e+03,2.1481e+06,5.3000e+05,1.9028e+05,4.7857e+04
2026-01-19T12:26:39.000Z,-9.9990e+02,-9.9990e+02,-9.9990e+02,-9.9990e+02,-9.9990e+02,-9.9990e+02,-9.9990e+02,-9.9990e+02,-9.9990e+02,-9.9990e+02,-9.9990e+02,-9.9990e+02
2026-01-19T12:26:52.000Z,-9.9990e+02,-9.9990e+02,-9.9990e+02,-9.9990e+02,-9.9990e+02,-9.9990e+02,2.1019e+03,1.0655e+03,2.1681e+06,5.4800e+05,2.0079e+05,4.9469e+04
2026-01-19T12:27:04.000Z,-9.9990e+02,-9.9990e+02,-9.9990e+02,-9.9990e+02,-9.9990e+02,-9.9990e+02,2.1019e+03,1.0655e+03,2.1681e+06,5.4800e+05,2.0079e+05,4.9469e+04
2026-01-19T12:27:16.000Z,-9.9990e+02,-9.9990e+02,-9.9990e+02,-9.9990e+02,-9.9990e+02,-9.9990e+02,2.1621e+03,1.0829e+03,2.1686e+06,5.3014e+05,1.9871e+05,4.8944e+04
2026-01-19T12:27:28.000Z,-9.9990e+02,-9.9990e+02,-9.9990e+02,-9.9990e+02,-9.9990e+02,-9.9990e+02,2.1621e+03,1.0829e+03,2.1686e+06,5.3014e+05,1.9871e+05,4.8944e+04
2026-01-19T12:27:40.000Z,-9.9990e+02,-9.9990e+02,-9.9990e+02,-9.9990e+02,-9.9990e+02,-9.9990e+02,2.1019e+03,1.1003e+03,2.2081e+06,5.5400e+05,2.0288e+05,5.1071e+04
2026-01-19T12:27:52.000Z,-9.9990e+02,-9.9990e+02,-9.9990e+02,-9.9990e+02,-9.9990e+02,-9.9990e+02,2.1019e+03,1.1003e+03,2.2081e+06,5.5400e+05,2.0288e+05,5.1071e+04
2026-01-19T12:28:05.000Z,-9.9990e+02,-9.9990e+02,-9.9990e+02,-9.9990e+02,-9.9990e+02,-9.9990e+02,2.1019e+03,1.0829e+03,2.1881e+06,5.4800e+05,2.0288e+05,4.8934e+04
2026-01-19T12:28:17.000Z,-9.9990e+02,-9.9990e+02,-9.9990e+02,-9.9990e+02,-9.9990e+02,-9.9990e+02,2.1019e+03,1.0829e+03,2.1881e+06,5.4800e+05,2.0288e+05,4.8934e+04
2026-01-19T12:28:29.000Z,-9.9990e+02,-9.9990e+02,-9.9990e+02,-9.9990e+02,-9.9990e+02,-9.9990e+02,2.1019e+03,1.0829e+03,2.1881e+06,5.4800e+05,1.9861e+05,4.9469e+04
2026-01-19T12:28:41.000Z,-9.9990e+02,-9.9990e+02,-9.9990e+02,-9.9990e+02,-9.9990e+02,-9.9990e+02,2.1019e+03,1.0829e+03,2.1881e+06,5.4800e+05,1.9861e+05,4.9469e+04
2026-01-19T12:28:53.000Z,-9.9990e+02,-9.9990e+02,-9.9990e+02,-9.9990e+02,-9.9990e+02,-9.9990e+02,2.0441e+03,1.0489e+03,2.1500e+06,5.4257e+05,1.9673e+05,4.7908e+04
2026-01-19T12:29:05.000Z,-9.9990e+02,-9.9990e+02,-9.9990e+02,-9.9990e+02,-9.9990e+02,-9.9990e+02,2.0441e+03,1.0489e+03,2.1500e+06,5.4257e+05,1.9673e+05,4.7908e+04
2026-01-19T12:29:17.000Z,-9.9990e+02,-9.9990e+02,-9.9990e+02,-9.9990e+02,-9.9990e+02,-9.9990e+02,2.0421e+03,1.0481e+03,2.1886e+06,5.3614e+05,1.9454e+05,4.6796e+04
2026-01-19T12:29:30.000Z,-9.9990e+02,-9.9990e+02,-9.9990e+02,-9.9990e+02,-9.9990e+02,-9.9990e+02,2.0421e+03,1.0481e+03,2.1886e+06,5.3614e+05,1.9454e+05,4.6796e+04
2026-01-19T12:29:42.000Z,-9.9990e+02,-9.9990e+02,-9.9990e+02,-9.9990e+02,-9.9990e+02,-9.9990e+02,2.0421e+03,1.0481e+03,2.1681e+06,5.4200e+05,1.9653e+05,4.7321e+04
2026-01-19T12:29:54.000Z,-9.9990e+02,-9.9990e+02,-9.9990e+02,-9.9990e+02,-9.9990e+02,-9.9990e+02,2.0421e+03,1.0481e+03,2.1681e+06,5.4200e+05,1.9653e+05,4.7321e+04
2026-01-19T12:30:06.000Z,-9.9990e+02,-9.9990e+02,-9.9990e+02,-9.9990e+02,-9.9990e+02,-9.9990e+02,1.9840e+03,1.0315e+03,2.1495e+06,5.4843e+05,2.0714e+05,5.2755e+04
2026-01-19T12:30:18.000Z,-9.9990e+02,-9.9990e+02,-9.9990e+02,-9.9990e+02,-9.9990e+02,-9.9990e+02,1.9840e+03,1.0315e+03,2.1495e+06,5.4843e+05,2.0714e+05,5.2755e+04
2026-01-19T12:30:30.000Z,-9.9990e+02,-9.9990e+02,-9.9990e+02,-9.9990e+02,-9.9990e+02,-9.9990e+02,1.9820e+03,1.0481e+03,2.1481e+06,5.3600e+05,2.0288e+05,5.1633e+04
2026-01-19T12:30:43.000Z,-9.9990e+02,-9.9990e+02,-9.9990e+02,-9.9990e+02,-9.9990e+02,-9.9990e+02,1.9820e+03,1.0481e+03,2.1481e+06,5.3600e+05,2.0288e+05,5.1633e+04
2026-01-19T12:30:55.000Z,-9.9990e+02,-9.9990e+02,-9.9990e+02,-9.9990e+02,-9.9990e+02,-9.9990e+02,-9.9990e+02,-9.9990e+02,-9.9990e+02,-9.9990e+02,-9.9990e+02,-9.9990e+02
2026-01-19T12:31:07.000Z,-9.9990e+02,-9.9990e+02,-9.9990e+02,-9.9990e+02,-9.9990e+02,-9.9990e+02,2.0430e+03,1.0837e+03,2.1686e+06,5.4214e+05,2.0079e+05,5.1633e+04
2026-01-19T12:31:19.000Z,-9.9990e+02,-9.9990e+02,-9.9990e+02,-9.9990e+02,-9.9990e+02,-9.9990e+02,2.0430e+03,1.0837e+03,2.1686e+06,5.4214e+05,2.0079e+05,5.1633e+04
2026-01-19T12:31:31.000Z,-9.9990e+02,-9.9990e+02,-9.9990e+02,-9.9990e+02,-9.9990e+02,-9.9990e+02,2.1031e+03,1.0837e+03,2.1290e+06,5.2429e+05,1.9038e+05,4.4653e+04
2026-01-19T12:31:43.000Z,-9.9990e+02,-9.9990e+02,-9.9990e+02,-9.9990e+02,-9.9990e+02,-9.9990e+02,2.1031e+03,1.0837e+03,2.1290e+06,5.2429e+05,1.9038e+05,4.4653e+04
2026-01-19T12:31:55.000Z,-9.9990e+02,-9.9990e+02,-9.9990e+02,-9.9990e+02,-9.9990e+02,-9.9990e+02,2.1624e+03,1.0829e+03,2.1681e+06,5.4200e+05,1.9871e+05,4.8934e+04
2026-01-19T12:32:08.000Z,-9.9990e+02,-9.9990e+02,-9.9990e+02,-9.9990e+02,-9.9990e+02,-9.9990e+02,2.1624e+03,1.0829e+03,2.1681e+06,5.4200e+05,1.9871e+05,4.8934e+04
2026-01-19T12:32:20.000Z,-9.9990e+02,-9.9990e+02,-9.9990e+02,-9.9990e+02,-9.9990e+02,-9.9990e+02,2.1022e+03,1.0829e+03,2.1886e+06,5.4814e+05,1.9038e+05,4.7332e+04
2026-01-19T12:32:32.000Z,-9.9990e+02,-9.9990e+02,-9.9990e+02,-9.9990e+02,-9.9990e+02,-9.9990e+02,2.1022e+03,1.0829e+03,2.1886e+06,5.4814e+05,1.9038e+05,4.7332e+04
2026-01-19T12:32:44.000Z,-9.9990e+02,-9.9990e+02,-9.9990e+02,-9.9990e+02,-9.9990e+02,-9.9990e+02,2.1643e+03,1.0489e+03,2.1895e+06,5.5443e+05,2.0298e+05,4.9495e+04
2026-01-19T12:32:56.000Z,-9.9990e+02,-9.9990e+02,-9.9990e+02,-9.9990e+02,-9.9990e+02,-9.9990e+02,2.1643e+03,1.0489e+03,2.1895e+06,5.5443e+05,2.0298e+05,4.9495e+04
2026-01-19T12:33:08.000Z,-9.9990e+02,-9.9990e+02,-9.9990e+02,-9.9990e+02,-9.9990e+02,-9.9990e+02,1.9820e+03,1.0133e+03,2.1481e+06,5.2400e+05,1.9028e+05,4.7321e+04
2026-01-19T12:33:20.000Z,-9.9990e+02,-9.9990e+02,-9.9990e+02,-9.9990e+02,-9.9990e+02,-9.9990e+02,1.9820e+03,1.0133e+03,2.1481e+06,5.2400e+05,1.9028e+05,4.7321e+04
2026-01-19T12:33:33.000Z,-9.9990e+02,-9.9990e+02,-9.9990e+02,-9.9990e+02,-9.9990e+02,-9.9990e+02,1.8920e+03,9.9589e+02,2.0076e+06,4.9086e+05,1.7460e+05,4.1673e+04
2026-01-19T12:33:45.000Z,-9.9990e+02,-9.9990e+02,-9.9990e+02,-9.9990e+02,-9.9990e+02,-9.9990e+02,1.8920e+03,9.9589e+02,2.0076e+06,4.9086e+05,1.7460e+05,4.1673e+04
2026-01-19T12:33:57.000Z,-9.9990e+02,-9.9990e+02,-9.9990e+02,-9.9990e+02,-9.9990e+02,-9.9990e+02,1.8330e+03,9.9589e+02,1.9686e+06,4.8814e+05,1.7679e+05,4.3311e+04
2026-01-19T12:34:09.000Z,-9.9990e+02,-9.9990e+02,-9.9990e+02,-9.9990e+02,-9.9990e+02,-9.9990e+02,1.8330e+03,9.9589e+02,1.9686e+06,4.8814e+05,1.7679e+05,4.3311e+04
2026-01-19T12:34:21.000Z,-9.9990e+02,-9.9990e+02,-9.9990e+02,-9.9990e+02,-9.9990e+02,-9.9990e+02,1.9521e+03,1.0307e+03,2.0881e+06,5.1200e+05,1.9444e+05,4.8934e+04
2026-01-19T12:34:33.000Z,-9.9990e+02,-9.9990e+02,-9.9990e+02,-9.9990e+02,-9.9990e+02,-9.9990e+02,1.9521e+03,1.0307e+03,2.0881e+06,5.1200e+05,1.9444e+05,4.8934e+04
2026-01-19T12:34:45.000Z,-9.9990e+02,-9.9990e+02,-9.9990e+02,-9.9990e+02,-9.9990e+02,-9.9990e+02,2.0421e+03,1.0655e+03,2.1281e+06,5.3000e+05,1.9444e+05,4.8934e+04
2026-01-19T12:34:58.000Z,-9.9990e+02,-9.9990e+02,-9.9990e+02,-9.9990e+02,-9.9990e+02,-9.9990e+02,2.0421e+03,1.0655e+03,2.1281e+06,5.3000e+05,1.9444e+05,4.8934e+04
2026-01-19T12:35:09.000Z,-9.9990e+02,-9.9990e+02,-9.9990e+02,-9.9990e+02,-9.9990e+02,-9.9990e+02,-9.9990e+02,-9.9990e+02,-9.9990e+02,-9.9990e+02,-9.9990e+02,-9.9990e+02
2026-01-19T12:35:22.000Z,-9.9990e+02,-9.9990e+02,-9.9990e+02,-9.9990e+02,-9.9990e+02,-9.9990e+02,2.1022e+03,1.0829e+03,2.1281e+06,5.2100e+05,1.8512e+05,4.4097e+04
2026-01-19T12:35:34.000Z,-9.9990e+02,-9.9990e+02,-9.9990e+02,-9.9990e+02,-9.9990e+02,-9.9990e+02,2.1022e+03,1.0829e+03,2.1281e+06,5.2100e+05,1.8512e+05,4.4097e+04
2026-01-19T12:35:46.000Z,-9.9990e+02,-9.9990e+02,-9.9990e+02,-9.9990e+02,-9.9990e+02,-9.9990e+02,2.2233e+03,1.0837e+03,1.9881e+06,4.9700e+05,1.7887e+05,4.5184e+04
2026-01-19T12:35:58.000Z,-9.9990e+02,-9.9990e+02,-9.9990e+02,-9.9990e+02,-9.9990e+02,-9.9990e+02,2.2233e+03,1.0837e+03,1.9881e+06,4.9700e+05,1.7887e+05,4.5184e+04
2026-01-19T12:36:10.000Z,-9.9990e+02,-9.9990e+02,-9.9990e+02,-9.9990e+02,-9.9990e+02,-9.9990e+02,2.2222e+03,1.1003e+03,1.9876e+06,4.7586e+05,1.6726e+05,4.0597e+04
2026-01-19T12:36:22.000Z,-9.9990e+02,-9.9990e+02,-9.9990e+02,-9.9990e+02,-9.9990e+02,-9.9990e+02,2.2222e+03,1.1003e+03,1.9876e+06,4.7586e+05,1.6726e+05,4.0597e+04
2026-01-19T12:36:35.000Z,-9.9990e+02,-9.9990e+02,-9.9990e+02,-9.9990e+02,-9.9990e+02,-9.9990e+02,2.2222e+03,1.1351e+03,2.0476e+06,4.9386e+05,1.7569e+05,4.2480e+04
2026-01-19T12:36:47.000Z,-9.9990e+02,-9.9990e+02,-9.9990e+02,-9.9990e+02,-9.9990e+02,-9.9990e+02,2.2222e+03,1.1351e+03,2.0476e+06,4.9386e+05,1.7569e+05,4.2480e+04
2026-01-19T12:36:59.000Z,-9.9990e+02,-9.9990e+02,-9.9990e+02,-9.9990e+02,-9.9990e+02,-9.9990e+02,2.2222e+03,1.1003e+03,2.0081e+06,4.8800e+05,1.7470e+05,4.2490e+04
2026-01-19T12:37:11.000Z,-9.9990e+02,-9.9990e+02,-9.9990e+02,-9.9990e+02,-9.9990e+02,-9.9990e+02,2.2222e+03,1.1003e+03,2.0081e+06,4.8800e+05,1.7470e+05,4.2490e+04
2026-01-19T12:37:23.000Z,-9.9990e+02,-9.9990e+02,-9.9990e+02,-9.9990e+02,-9.9990e+02,-9.9990e+02,2.2233e+03,1.1359e+03,2.0890e+06,5.2129e+05,1.8938e+05,4.6806e+04
2026-01-19T12:37:35.000Z,-9.9990e+02,-9.9990e+02,-9.9990e+02,-9.9990e+02,-9.9990e+02,-9.9990e+02,2.2233e+03,1.1359e+03,2.0890e+06,5.2129e+05,1.8938e+05,4.6806e+04
2026-01-19T12:37:48.000Z,-9.9990e+02,-9.9990e+02,-9.9990e+02,-9.9990e+02,-9.9990e+02,-9.9990e+02,2.2225e+03,1.1177e+03,2.0276e+06,4.8186e+05,1.7460e+05,4.1408e+04
2026-01-19T12:38:00.000Z,-9.9990e+02,-9.9990e+02,-9.9990e+02,-9.9990e+02,-9.9990e+02,-9.9990e+02,2.2225e+03,1.1177e+03,2.0276e+06,4.8186e+05,1.7460e+05,4.1408e+04
2026-01-19T12:38:12.000Z,-9.9990e+02,-9.9990e+02,-9.9990e+02,-9.9990e+02,-9.9990e+02,-9.9990e+02,2.1624e+03,1.1003e+03,2.1486e+06,5.1814e+05,1.8194e+05,4.4107e+04
2026-01-19T12:38:24.000Z,-9.9990e+02,-9.9990e+02,-9.9990e+02,-9.9990e+02,-9.9990e+02,-9.9990e+02,2.1624e+03,1.1003e+03,2.1486e+06,5.1814e+05,1.8194e+05,4.4107e+04
2026-01-19T12:38:36.000Z,-9.9990e+02,-9.9990e+02,-9.9990e+02,-9.9990e+02,-9.9990e+02,-9.9990e+02,2.2225e+03,1.1351e+03,2.1890e+06,5.2414e+05,1.8621e+05,4.4107e+04
2026-01-19T12:38:48.000Z,-9.9990e+02,-9.9990e+02,-9.9990e+02,-9.9990e+02,-9.9990e+02,-9.9990e+02,2.2225e+03,1.1351e+03,2.1890e+06,5.2414e+05,1.8621e+05,4.4107e+04
2026-01-19T12:39:00.000Z,-9.9990e+02,-9.9990e+02,-9.9990e+02,-9.9990e+02,-9.9990e+02,-9.9990e+02,2.2233e+03,1.1011e+03,2.1086e+06,5.1200e+05,1.8194e+05,4.3031e+04
2026-01-19T12:39:13.000Z,-9.9990e+02,-9.9990e+02,-9.9990e+02,-9.9990e+02,-9.9990e+02,-9.9990e+02,2.2233e+03,1.1011e+03,2.1086e+06,5.1200e+05,1.8194e+05,4.3031e+04
2026-01-19T12:39:25.000Z,-9.9990e+02,-9.9990e+02,-9.9990e+02,-9.9990e+02,-9.9990e+02,-9.9990e+02,-9.9990e+02,-9.9990e+02,-9.9990e+02,-9.9990e+02,-9.9990e+02,-9.9990e+02
2026-01-19T12:39:37.000Z,-9.9990e+02,-9.9990e+02,-9.9990e+02,-9.9990e+02,-9.9990e+02,-9.9990e+02,2.2823e+03,1.1003e+03,1.9876e+06,4.7886e+05,1.7044e+05,4.1673e+04
2026-01-19T12:39:49.000Z,-9.9990e+02,-9.9990e+02,-9.9990e+02,-9.9990e+02,-9.9990e+02,-9.9990e+02,2.2823e+03,1.1003e+03,1.9876e+06,4.7886e+05,1.7044e+05,4.1673e+04
2026-01-19T12:40:01.000Z,-9.9990e+02,-9.9990e+02,-9.9990e+02,-9.9990e+02,-9.9990e+02,-9.9990e+02,2.2823e+03,1.1351e+03,1.9686e+06,4.7600e+05,1.7054e+05,4.0888e+04
2026-01-19T12:40:13.000Z,-9.9990e+02,-9.9990e+02,-9.9990e+02,-9.9990e+02,-9.9990e+02,-9.9990e+02,2.2823e+03,1.1351e+03,1.9686e+06,4.7600e+05,1.7054e+05,4.0888e+04
2026-01-19T12:40:25.000Z,-9.9990e+02,-9.9990e+02,-9.9990e+02,-9.9990e+02,-9.9990e+02,-9.9990e+02,2.1624e+03,1.0829e+03,1.9676e+06,4.6971e+05,1.7044e+05,4.1408e+04
2026-01-19T12:40:38.000Z,-9.9990e+02,-9.9990e+02,-9.9990e+02,-9.9990e+02,-9.9990e+02,-9.9990e+02,2.1624e+03,1.0829e+03,1.9676e+06,4.6971e+05,1.7044e+05,4.1408e+04
2026-01-19T12:40:50.000Z,-9.9990e+02,-9.9990e+02,-9.9990e+02,-9.9990e+02,-9.9990e+02,-9.9990e+02,2.2222e+03,1.1351e+03,2.0076e+06,4.8486e+05,1.7044e+05,4.0867e+04
2026-01-19T12:41:02.000Z,-9.9990e+02,-9.9990e+02,-9.9990e+02,-9.9990e+02,-9.9990e+02,-9.9990e+02,2.2222e+03,1.1351e+03,2.0076e+06,4.8486e+05,1.7044e+05,4.0867e+04
2026-01-19T12:41:14.000Z,-9.9990e+02,-9.9990e+02,-9.9990e+02,-9.9990e+02,-9.9990e+02,-9.9990e+02,2.2823e+03,1.1525e+03,1.9876e+06,4.8186e+05,1.7252e+05,4.1944e+04
2026-01-19T12:41:26.000Z,-9.9990e+02,-9.9990e+02,-9.9990e+02,-9.9990e+02,-9.9990e+02,-9.9990e+02,2.2823e+03,1.1525e+03,1.9876e+06,4.8186e+05,1.7252e+05,4.1944e+04
2026-01-19T12:41:38.000Z,-9.9990e+02,-9.9990e+02,-9.9990e+02,-9.9990e+02,-9.9990e+02,-9.9990e+02,-9.9990e+02,-9.9990e+02,-9.9990e+02,-9.9990e+02,-9.9990e+02,-9.9990e+02
2026-01-19T12:41:50.000Z,-9.9990e+02,-9.9990e+02,-9.9990e+02,-9.9990e+02,-9.9990e+02,-9.9990e+02,2.2233e+03,1.1359e+03,2.0295e+06,4.8829e+05,1.7371e+05,4.2526e+04
2026-01-19T12:42:03.000Z,-9.9990e+02,-9.9990e+02,-9.9990e+02,-9.9990e+02,-9.9990e+02,-9.9990e+02,2.2233e+03,1.1359e+03,2.0295e+06,4.8829e+05,1.7371e+05,4.2526e+04
2026-01-19T12:42:15.000Z,-9.9990e+02,-9.9990e+02,-9.9990e+02,-9.9990e+02,-9.9990e+02,-9.9990e+02,2.2823e+03,1.1351e+03,2.0081e+06,4.9400e+05,1.7361e+05,4.2495e+04
2026-01-19T12:42:27.000Z,-9.9990e+02,-9.9990e+02,-9.9990e+02,-9.9990e+02,-9.9990e+02,-9.9990e+02,2.2823e+03,1.1351e+03,2.0081e+06,4.9400e+05,1.7361e+05,4.2495e+04
2026-01-19T12:42:39.000Z,-9.9990e+02,-9.9990e+02,-9.9990e+02,-9.9990e+02,-9.9990e+02,-9.9990e+02,2.2225e+03,1.1351e+03,2.0686e+06,4.9400e+05,1.7778e+05,4.1954e+04
2026-01-19T12:42:51.000Z,-9.9990e+02,-9.9990e+02,-9.9990e+02,-9.9990e+02,-9.9990e+02,-9.9990e+02,2.2225e+03,1.1351e+03,2.0686e+06,4.9400e+05,1.7778e+05,4.1954e+04
2026-01-19T12:43:03.000Z,-9.9990e+02,-9.9990e+02,-9.9990e+02,-9.9990e+02,-9.9990e+02,-9.9990e+02,2.2233e+03,1.1359e+03,2.0481e+06,4.9400e+05,1.7153e+05,4.0342e+04
2026-01-19T12:43:15.000Z,-9.9990e+02,-9.9990e+02,-9.9990e+02,-9.9990e+02,-9.9990e+02,-9.9990e+02,2.2233e+03,1.1359e+03,2.0481e+06,4.9400e+05,1.7153e+05,4.0342e+04
2026-01-19T12:43:28.000Z,-9.9990e+02,-9.9990e+02,-9.9990e+02,-9.9990e+02,-9.9990e+02,-9.9990e+02,2.2233e+03,1.1359e+03,2.0081e+06,4.8500e+05,1.7044e+05,4.0342e+04
2026-01-19T12:43:40.000Z,-9.9990e+02,-9.9990e+02,-9.9990e+02,-9.9990e+02,-9.9990e+02,-9.9990e+02,2.2233e+03,1.1359e+03,2.0081e+06,4.8500e+05,1.7044e+05,4.0342e+04
2026-01-19T12:43:52.000Z,-9.9990e+02,-9.9990e+02,-9.9990e+02,-9.9990e+02,-9.9990e+02,-9.9990e+02,2.2823e+03,1.1177e+03,1.9471e+06,4.6671e+05,1.6518e+05,4.0061e+04
2026-01-19T12:44:04.000Z,-9.9990e+02,-9.9990e+02,-9.9990e+02,-9.9990e+02,-9.9990e+02,-9.9990e+02,2.2823e+03,1.1177e+03,1.9471e+06,4.6671e+05,1.6518e+05,4.0061e+04
2026-01-19T12:44:16.000Z,-9.9990e+02,-9.9990e+02,-9.9990e+02,-9.9990e+02,-9.9990e+02,-9.9990e+02,2.2835e+03,1.1185e+03,1.9276e+06,4.7586e+05,1.6944e+05,4.0607e+04
2026-01-19T12:44:28.000Z,-9.9990e+02,-9.9990e+02,-9.9990e+02,-9.9990e+02,-9.9990e+02,-9.9990e+02,2.2835e+03,1.1185e+03,1.9276e+06,4.7586e+05,1.6944e+05,4.0607e+04
2026-01-19T12:44:40.000Z,-9.9990e+02,-9.9990e+02,-9.9990e+02,-9.9990e+02,-9.9990e+02,-9.9990e+02,2.2823e+03,1.1351e+03,1.9271e+06,4.6671e+05,1.6835e+05,4.0597e+04
2026-01-19T12:44:53.000Z,-9.9990e+02,-9.9990e+02,-9.9990e+02,-9.9990e+02,-9.9990e+02,-9.9990e+02,2.2823e+03,1.1351e+03,1.9271e+06,4.6671e+05,1.6835e+05,4.0597e+04
2026-01-19T12:45:05.000Z,-9.9990e+02,-9.9990e+02,-9.9990e+02,-9.9990e+02,-9.9990e+02,-9.9990e+02,2.2222e+03,1.1351e+03,1.8871e+06,4.6071e+05,1.6310e+05,4.0061e+04
2026-01-19T12:45:17.000Z,-9.9990e+02,-9.9990e+02,-9.9990e+02,-9.9990e+02,-9.9990e+02,-9.9990e+02,2.2222e+03,1.1351e+03,1.8871e+06,4.6071e+05,1.6310e+05,4.0061e+04
2026-01-19T12:45:29.000Z,-9.9990e+02,-9.9990e+02,-9.9990e+02,-9.9990e+02,-9.9990e+02,-9.9990e+02,2.2823e+03,1.1177e+03,1.8267e+06,4.4871e+05,1.5784e+05,3.8985e+04
2026-01-19T12:45:41.000Z,-9.9990e+02,-9.9990e+02,-9.9990e+02,-9.9990e+02,-9.9990e+02,-9.9990e+02,2.2823e+03,1.1177e+03,1.8267e+06,4.4871e+05,1.5784e+05,3.8985e+04
2026-01-19T12:45:53.000Z,-9.9990e+02,-9.9990e+02,-9.9990e+02,-9.9990e+02,-9.9990e+02,-9.9990e+02,-9.9990e+02,-9.9990e+02,-9.9990e+02,-9.9990e+02,-9.9990e+02,-9.9990e+02
2026-01-19T12:46:06.000Z,-9.9990e+02,-9.9990e+02,-9.9990e+02,-9.9990e+02,-9.9990e+02,-9.9990e+02,2.2823e+03,1.1003e+03,1.8886e+06,4.7014e+05,1.6637e+05,4.0362e+04
2026-01-19T12:46:18.000Z,-9.9990e+02,-9.9990e+02,-9.9990e+02,-9.9990e+02,-9.9990e+02,-9.9990e+02,2.2823e+03,1.1003e+03,1.8886e+06,4.7014e+05,1.6637e+05,4.0362e+04
2026-01-19T12:46:30.000Z,-9.9990e+02,-9.9990e+02,-9.9990e+02,-9.9990e+02,-9.9990e+02,-9.9990e+02,2.2233e+03,1.1359e+03,2.0086e+06,4.8814e+05,1.7996e+05,4.3577e+04
2026-01-19T12:46:42.000Z,-9.9990e+02,-9.9990e+02,-9.9990e+02,-9.9990e+02,-9.9990e+02,-9.9990e+02,2.2233e+03,1.1359e+03,2.0086e+06,4.8814e+05,1.7996e+05,4.3577e+04
2026-01-19T12:46:54.000Z,-9.9990e+02,-9.9990e+02,-9.9990e+02,-9.9990e+02,-9.9990e+02,-9.9990e+02,2.2233e+03,1.1359e+03,2.0281e+06,4.9400e+05,1.7778e+05,4.3031e+04
2026-01-19T12:47:06.000Z,-9.9990e+02,-9.9990e+02,-9.9990e+02,-9.9990e+02,-9.9990e+02,-9.9990e+02,2.2233e+03,1.1359e+03,2.0281e+06,4.9400e+05,1.7778e+05,4.3031e+04
2026-01-19T12:47:18.000Z,-9.9990e+02,-9.9990e+02,-9.9990e+02,-9.9990e+02,-9.9990e+02,-9.9990e+02,2.2835e+03,1.1533e+03,2.0281e+06,5.0000e+05,1.7778e+05,4.2490e+04
2026-01-19T12:47:31.000Z,-9.9990e+02,-9.9990e+02,-9.9990e+02,-9.9990e+02,-9.9990e+02,-9.9990e+02,2.2835e+03,1.1533e+03,2.0281e+06,5.0000e+05,1.7778e+05,4.2490e+04
2026-01-19T12:47:43.000Z,-9.9990e+02,-9.9990e+02,-9.9990e+02,-9.9990e+02,-9.9990e+02,-9.9990e+02,2.2823e+03,1.1351e+03,2.0276e+06,4.9386e+05,1.7569e+05,4.2480e+04
2026-01-19T12:47:55.000Z,-9.9990e+02,-9.9990e+02,-9.9990e+02,-9.9990e+02,-9.9990e+02,-9.9990e+02,2.2823e+03,1.1351e+03,2.0276e+06,4.9386e+05,1.7569e+05,4.2480e+04
2026-01-19T12:48:07.000Z,-9.9990e+02,-9.9990e+02,-9.9990e+02,-9.9990e+02,-9.9990e+02,-9.9990e+02,2.2835e+03,1.1533e+03,2.0090e+06,4.9429e+05,1.7579e+05,4.2515e+04
2026-01-19T12:48:19.000Z,-9.9990e+02,-9.9990e+02,-9.9990e+02,-9.9990e+02,-9.9990e+02,-9.9990e+02,2.2835e+03,1.1533e+03,2.0090e+06,4.9429e+05,1.7579e+05,4.2515e+04
2026-01-19T12:48:31.000Z,-9.9990e+02,-9.9990e+02,-9.9990e+02,-9.9990e+02,-9.9990e+02,-9.9990e+02,2.3447e+03,1.1889e+03,2.0086e+06,4.9414e+05,1.7788e+05,4.1964e+04
2026-01-19T12:48:43.000Z,-9.9990e+02,-9.9990e+02,-9.9990e+02,-9.9990e+02,-9.9990e+02,-9.9990e+02,2.3447e+03,1.1889e+03,2.0086e+06,4.9414e+05,1.7788e+05,4.1964e+04
2026-01-19T12:48:55.000Z,-9.9990e+02,-9.9990e+02,-9.9990e+02,-9.9990e+02,-9.9990e+02,-9.9990e+02,2.2835e+03,1.1533e+03,2.0486e+06,5.0014e+05,1.8204e+05,4.2505e+04
2026-01-19T12:49:08.000Z,-9.9990e+02,-9.9990e+02,-9.9990e+02,-9.9990e+02,-9.9990e+02,-9.9990e+02,2.2835e+03,1.1533e+03,2.0486e+06,5.0014e+05,1.8204e+05,4.2505e+04
2026-01-19T12:49:20.000Z,-9.9990e+02,-9.9990e+02,-9.9990e+02,-9.9990e+02,-9.9990e+02,-9.9990e+02,2.2225e+03,1.1351e+03,2.0076e+06,4.8786e+05,1.7778e+05,4.2485e+04
2026-01-19T12:49:32.000Z,-9.9990e+02,-9.9990e+02,-9.9990e+02,-9.9990e+02,-9.9990e+02,-9.9990e+02,2.2225e+03,1.1351e+03,2.0076e+06,4.8786e+05,1.7778e+05,4.2485e+04
2026-01-19T12:49:44.000Z,-9.9990e+02,-9.9990e+02,-9.9990e+02,-9.9990e+02,-9.9990e+02,-9.9990e+02,2.2225e+03,1.1351e+03,1.9876e+06,4.8186e+05,1.7569e+05,4.1944e+04
2026-01-19T12:49:56.000Z,-9.9990e+02,-9.9990e+02,-9.9990e+02,-9.9990e+02,-9.9990e+02,-9.9990e+02,2.2225e+03,1.1351e+03,1.9876e+06,4.8186e+05,1.7569e+05,4.1944e+04
2026-01-19T12:50:08.000Z,-9.9990e+02,-9.9990e+02,-9.9990e+02,-9.9990e+02,-9.9990e+02,-9.9990e+02,-9.9990e+02,-9.9990e+02,-9.9990e+02,-9.9990e+02,-9.9990e+02,-9.9990e+02
2026-01-19T12:50:21.000Z,-9.9990e+02,-9.9990e+02,-9.9990e+02,-9.9990e+02,-9.9990e+02,-9.9990e+02,2.2823e+03,1.1525e+03,1.9471e+06,4.7586e+05,1.7569e+05,4.1408e+04
2026-01-19T12:50:33.000Z,-9.9990e+02,-9.9990e+02,-9.9990e+02,-9.9990e+02,-9.9990e+02,-9.9990e+02,2.2823e+03,1.1525e+03,1.9471e+06,4.7586e+05,1.7569e+05,4.1408e+04
2026-01-19T12:50:45.000Z,-9.9990e+02,-9.9990e+02,-9.9990e+02,-9.9990e+02,-9.9990e+02,-9.9990e+02,2.2222e+03,1.1351e+03,1.8876e+06,4.6686e+05,1.7153e+05,4.1418e+04
2026-01-19T12:50:57.000Z,-9.9990e+02,-9.9990e+02,-9.9990e+02,-9.9990e+02,-9.9990e+02,-9.9990e+02,2.2222e+03,1.1351e+03,1.8876e+06,4.6686e+05,1.7153e+05,4.1418e+04
2026-01-19T12:51:09.000Z,-9.9990e+02,-9.9990e+02,-9.9990e+02,-9.9990e+02,-9.9990e+02,-9.9990e+02,2.1635e+03,1.1185e+03,1.8090e+06,4.5229e+05,1.6329e+05,3.9842e+04
2026-01-19T12:51:21.000Z,-9.9990e+02,-9.9990e+02,-9.9990e+02,-9.9990e+02,-9.9990e+02,-9.9990e+02,2.1635e+03,1.1185e+03,1.8090e+06,4.5229e+05,1.6329e+05,3.9842e+04
2026-01-19T12:51:33.000Z,-9.9990e+02,-9.9990e+02,-9.9990e+02,-9.9990e+02,-9.9990e+02,-9.9990e+02,2.2245e+03,1.1541e+03,1.8481e+06,4.5200e+05,1.6319e+05,3.9821e+04
2026-01-19T12:51:45.000Z,-9.9990e+02,-9.9990e+02,-9.9990e+02,-9.9990e+02,-9.9990e+02,-9.9990e+02,2.2245e+03,1.1541e+03,1.8481e+06,4.5200e+05,1.6319e+05,3.9821e+04
2026-01-19T12:51:58.000Z,-9.9990e+02,-9.9990e+02,-9.9990e+02,-9.9990e+02,-9.9990e+02,-9.9990e+02,2.2222e+03,1.1525e+03,1.8871e+06,4.6071e+05,1.6419e+05,3.9255e+04
2026-01-19T12:52:10.000Z,-9.9990e+02,-9.9990e+02,-9.9990e+02,-9.9990e+02,-9.9990e+02,-9.9990e+02,2.2222e+03,1.1525e+03,1.8871e+06,4.6071e+05,1.6419e+05,3.9255e+04
2026-01-19T12:52:22.000Z,-9.9990e+02,-9.9990e+02,-9.9990e+02,-9.9990e+02,-9.9990e+02,-9.9990e+02,2.2225e+03,1.1525e+03,1.8471e+06,4.4871e+05,1.6310e+05,3.8449e+04
2026-01-19T12:52:34.000Z,-9.9990e+02,-9.9990e+02,-9.9990e+02,-9.9990e+02,-9.9990e+02,-9.9990e+02,2.2225e+03,1.1525e+03,1.8471e+06,4.4871e+05,1.6310e+05,3.8449e+04
2026-01-19T12:52:46.000Z,-9.9990e+02,-9.9990e+02,-9.9990e+02,-9.9990e+02,-9.9990e+02,-9.9990e+02,2.2225e+03,1.1525e+03,1.8671e+06,4.5771e+05,1.6210e+05,3.9796e+04
2026-01-19T12:52:58.000Z,-9.9990e+02,-9.9990e+02,-9.9990e+02,-9.9990e+02,-9.9990e+02,-9.9990e+02,2.2225e+03,1.1525e+03,1.8671e+06,4.5771e+05,1.6210e+05,3.9796e+04
2026-01-19T12:53:11.000Z,-9.9990e+02,-9.9990e+02,-9.9990e+02,-9.9990e+02,-9.9990e+02,-9.9990e+02,2.2267e+03,1.1550e+03,1.8890e+06,4.5514e+05,1.6329e+05,4.0102e+04
2026-01-19T12:53:23.000Z,-9.9990e+02,-9.9990e+02,-9.9990e+02,-9.9990e+02,-9.9990e+02,-9.9990e+02,2.2267e+03,1.1550e+03,1.8890e+06,4.5514e+05,1.6329e+05,4.0102e+04
2026-01-19T12:53:35.000Z,-9.9990e+02,-9.9990e+02,-9.9990e+02,-9.9990e+02,-9.9990e+02,-9.9990e+02,2.2823e+03,1.1351e+03,1.9071e+06,4.5771e+05,1.6210e+05,4.0061e+04
2026-01-19T12:53:47.000Z,-9.9990e+02,-9.9990e+02,-9.9990e+02,-9.9990e+02,-9.9990e+02,-9.9990e+02,2.2823e+03,1.1351e+03,1.9071e+06,4.5771e+05,1.6210e+05,4.0061e+04
2026-01-19T12:53:59.000Z,-9.9990e+02,-9.9990e+02,-9.9990e+02,-9.9990e+02,-9.9990e+02,-9.9990e+02,2.2225e+03,1.1525e+03,1.9071e+06,4.6971e+05,1.6210e+05,4.0867e+04
2026-01-19T12:54:11.000Z,-9.9990e+02,-9.9990e+02,-9.9990e+02,-9.9990e+02,-9.9990e+02,-9.9990e+02,2.2225e+03,1.1525e+03,1.9071e+06,4.6971e+05,1.6210e+05,4.0867e+04
2026-01-19T12:54:23.000Z,-9.9990e+02,-9.9990e+02,-9.9990e+02,-9.9990e+02,-9.9990e+02,-9.9990e+02,-9.9990e+02,-9.9990e+02,-9.9990e+02,-9.9990e+02,-9.9990e+02,-9.9990e+02
2026-01-19T12:54:36.000Z,-9.9990e+02,-9.9990e+02,-9.9990e+02,-9.9990e+02,-9.9990e+02,-9.9990e+02,2.1678e+03,1.1384e+03,1.9095e+06,4.5829e+05,1.6329e+05,3.9571e+04
2026-01-19T12:54:48.000Z,-9.9990e+02,-9.9990e+02,-9.9990e+02,-9.9990e+02,-9.9990e+02,-9.9990e+02,2.1678e+03,1.1384e+03,1.9095e+06,4.5829e+05,1.6329e+05,3.9571e+04
2026-01-19T12:55:00.000Z,-9.9990e+02,-9.9990e+02,-9.9990e+02,-9.9990e+02,-9.9990e+02,-9.9990e+02,2.2233e+03,1.1185e+03,1.8681e+06,4.4886e+05,1.6319e+05,3.9005e+04
2026-01-19T12:55:12.000Z,-9.9990e+02,-9.9990e+02,-9.9990e+02,-9.9990e+02,-9.9990e+02,-9.9990e+02,2.2233e+03,1.1185e+03,1.8681e+06,4.4886e+05,1.6319e+05,3.9005e+04
2026-01-19T12:55:24.000Z,-9.9990e+02,-9.9990e+02,-9.9990e+02,-9.9990e+02,-9.9990e+02,-9.9990e+02,2.2823e+03,1.1351e+03,1.8676e+06,4.5486e+05,1.6111e+05,3.9536e+04
2026-01-19T12:55:36.000Z,-9.9990e+02,-9.9990e+02,-9.9990e+02,-9.9990e+02,-9.9990e+02,-9.9990e+02,2.2823e+03,1.1351e+03,1.8676e+06,4.5486e+05,1.6111e+05,3.9536e+04
2026-01-19T12:55:48.000Z,-9.9990e+02,-9.9990e+02,-9.9990e+02,-9.9990e+02,-9.9990e+02,-9.9990e+02,2.2222e+03,1.1177e+03,1.8676e+06,4.4886e+05,1.6210e+05,3.9536e+04
2026-01-19T12:56:01.000Z,-9.9990e+02,-9.9990e+02,-9.9990e+02,-9.9990e+02,-9.9990e+02,-9.9990e+02,2.2222e+03,1.1177e+03,1.8676e+06,4.4886e+05,1.6210e+05,3.9536e+04
2026-01-19T12:56:13.000Z,-9.9990e+02,-9.9990e+02,-9.9990e+02,-9.9990e+02,-9.9990e+02,-9.9990e+02,2.2823e+03,1.1351e+03,1.9071e+06,4.6071e+05,1.6419e+05,3.9791e+04
2026-01-19T12:56:25.000Z,-9.9990e+02,-9.9990e+02,-9.9990e+02,-9.9990e+02,-9.9990e+02,-9.9990e+02,2.2823e+03,1.1351e+03,1.9071e+06,4.6071e+05,1.6419e+05,3.9791e+04
2026-01-19T12:56:37.000Z,-9.9990e+02,-9.9990e+02,-9.9990e+02,-9.9990e+02,-9.9990e+02,-9.9990e+02,2.2225e+03,1.1003e+03,1.9676e+06,4.7586e+05,1.6935e+05,4.2214e+04
2026-01-19T12:56:49.000Z,-9.9990e+02,-9.9990e+02,-9.9990e+02,-9.9990e+02,-9.9990e+02,-9.9990e+02,2.2225e+03,1.1003e+03,1.9676e+06,4.7586e+05,1.6935e+05,4.2214e+04
2026-01-19T12:57:01.000Z,-9.9990e+02,-9.9990e+02,-9.9990e+02,-9.9990e+02,-9.9990e+02,-9.9990e+02,2.2225e+03,1.1003e+03,1.8771e+06,4.4271e+05,1.6101e+05,3.8719e+04
2026-01-19T12:57:13.000Z,-9.9990e+02,-9.9990e+02,-9.9990e+02,-9.9990e+02,-9.9990e+02,-9.9990e+02,2.2225e+03,1.1003e+03,1.8771e+06,4.4271e+05,1.6101e+05,3.8719e+04
2026-01-19T12:57:26.000Z,-9.9990e+02,-9.9990e+02,-9.9990e+02,-9.9990e+02,-9.9990e+02,-9.9990e+02,2.2823e+03,1.1351e+03,1.8876e+06,4.5786e+05,1.6528e+05,4.0878e+04
2026-01-19T12:57:38.000Z,-9.9990e+02,-9.9990e+02,-9.9990e+02,-9.9990e+02,-9.9990e+02,-9.9990e+02,2.2823e+03,1.1351e+03,1.8876e+06,4.5786e+05,1.6528e+05,4.0878e+04
2026-01-19T12:57:50.000Z,-9.9990e+02,-9.9990e+02,-9.9990e+02,-9.9990e+02,-9.9990e+02,-9.9990e+02,2.3424e+03,1.1525e+03,1.9676e+06,4.8186e+05,1.7361e+05,4.2485e+04
2026-01-19T12:58:02.000Z,-9.9990e+02,-9.9990e+02,-9.9990e+02,-9.9990e+02,-9.9990e+02,-9.9990e+02,2.3424e+03,1.1525e+03,1.9676e+06,4.8186e+05,1.7361e+05,4.2485e+04
2026-01-19T12:58:14.000Z,-9.9990e+02,-9.9990e+02,-9.9990e+02,-9.9990e+02,-9.9990e+02,-9.9990e+02,2.2823e+03,1.1525e+03,1.9676e+06,4.7586e+05,1.6935e+05,4.0332e+04
2026-01-19T12:58:26.000Z,-9.9990e+02,-9.9990e+02,-9.9990e+02,-9.9990e+02,-9.9990e+02,-9.9990e+02,2.2823e+03,1.1525e+03,1.9676e+06,4.7586e+05,1.6935e+05,4.0332e+04
2026-01-19T12:58:38.000Z,-9.9990e+02,-9.9990e+02,-9.9990e+02,-9.9990e+02,-9.9990e+02,-9.9990e+02,-9.9990e+02,-9.9990e+02,-9.9990e+02,-9.9990e+02,-9.9990e+02,-9.9990e+02
2026-01-19T12:58:51.000Z,-9.9990e+02,-9.9990e+02,-9.9990e+02,-9.9990e+02,-9.9990e+02,-9.9990e+02,2.2823e+03,1.1525e+03,1.9476e+06,4.6086e+05,1.6528e+05,4.0878e+04
2026-01-19T12:59:03.000Z,-9.9990e+02,-9.9990e+02,-9.9990e+02,-9.9990e+02,-9.9990e+02,-9.9990e+02,2.2823e+03,1.1525e+03,1.9476e+06,4.6086e+05,1.6528e+05,4.0878e+04
2026-01-19T12:59:15.000Z,-9.9990e+02,-9.9990e+02,-9.9990e+02,-9.9990e+02,-9.9990e+02,-9.9990e+02,2.3436e+03,1.1533e+03,1.9476e+06,4.6086e+05,1.6528e+05,4.0071e+04
2026-01-19T12:59:27.000Z,-9.9990e+02,-9.9990e+02,-9.9990e+02,-9.9990e+02,-9.9990e+02,-9.9990e+02,2.3436e+03,1.1533e+03,1.9476e+06,4.6086e+05,1.6528e+05,4.0071e+04
2026-01-19T12:59:39.000Z,-9.9990e+02,-9.9990e+02,-9.9990e+02,-9.9990e+02,-9.9990e+02,-9.9990e+02,2.3424e+03,1.1525e+03,1.9681e+06,4.6986e+05,1.6627e+05,3.9536e+04
2026-01-19T12:59:51.000Z,-9.9990e+02,-9.9990e+02,-9.9990e+02,-9.9990e+02,-9.9990e+02,-9.9990e+02,2.3424e+03,1.1525e+03,1.9681e+06,4.6986e+05,1.6627e+05,3.9536e+04
2026-01-19T13:00:04.000Z,-9.9990e+02,-9.9990e+02,-9.9990e+02,-9.9990e+02,-9.9990e+02,-9.9990e+02,2.2823e+03,1.1525e+03,2.0086e+06,4.8500e+05,1.7153e+05,4.1429e+04
2026-01-19T13:00:16.000Z,-9.9990e+02,-9.9990e+02,-9.9990e+02,-9.9990e+02,-9.9990e+02,-9.9990e+02,2.2823e+03,1.1525e+03,2.0086e+06,4.8500e+05,1.7153e+05,4.1429e+04
2026-01-19T13:00:28.000Z,-9.9990e+02,-9.9990e+02,-9.9990e+02,-9.9990e+02,-9.9990e+02,-9.9990e+02,2.2823e+03,1.1525e+03,1.9876e+06,4.7886e+05,1.6726e+05,3.9791e+04
2026-01-19T13:00:40.000Z,-9.9990e+02,-9.9990e+02,-9.9990e+02,-9.9990e+02,-9.9990e+02,-9.9990e+02,2.2823e+03,1.1525e+03,1.9876e+06,4.7886e+05,1.6726e+05,3.9791e+04
2026-01-19T13:00:52.000Z,-9.9990e+02,-9.9990e+02,-9.9990e+02,-9.9990e+02,-9.9990e+02,-9.9990e+02,2.2823e+03,1.1351e+03,1.9881e+06,4.7586e+05,1.6627e+05,4.0071e+04
2026-01-19T13:01:04.000Z,-9.9990e+02,-9.9990e+02,-9.9990e+02,-9.9990e+02,-9.9990e+02,-9.9990e+02,2.2823e+03,1.1351e+03,1.9881e+06,4.7586e+05,1.6627e+05,4.0071e+04
2026-01-19T13:01:16.000Z,-9.9990e+02,-9.9990e+02,-9.9990e+02,-9.9990e+02,-9.9990e+02,-9.9990e+02,2.2823e+03,1.1525e+03,1.9471e+06,4.7286e+05,1.6935e+05,4.0867e+04
2026-01-19T13:01:28.000Z,-9.9990e+02,-9.9990e+02,-9.9990e+02,-9.9990e+02,-9.9990e+02,-9.9990e+02,2.2823e+03,1.1525e+03,1.9471e+06,4.7286e+05,1.6935e+05,4.0867e+04
2026-01-19T13:01:41.000Z,-9.9990e+02,-9.9990e+02,-9.9990e+02,-9.9990e+02,-9.9990e+02,-9.9990e+02,2.2233e+03,1.1359e+03,1.8876e+06,4.5486e+05,1.6319e+05,3.9536e+04
2026-01-19T13:01:53.000Z,-9.9990e+02,-9.9990e+02,-9.9990e+02,-9.9990e+02,-9.9990e+02,-9.9990e+02,2.2233e+03,1.1359e+03,1.8876e+06,4.5486e+05,1.6319e+05,3.9536e+04
2026-01-19T13:02:05.000Z,-9.9990e+02,-9.9990e+02,-9.9990e+02,-9.9990e+02,-9.9990e+02,-9.9990e+02,2.2849e+03,1.1367e+03,1.8881e+06,4.5200e+05,1.6002e+05,3.8199e+04
2026-01-19T13:02:17.000Z,-9.9990e+02,-9.9990e+02,-9.9990e+02,-9.9990e+02,-9.9990e+02,-9.9990e+02,2.2849e+03,1.1367e+03,1.8881e+06,4.5200e+05,1.6002e+05,3.8199e+04
2026-01-19T13:02:29.000Z,-9.9990e+02,-9.9990e+02,-9.9990e+02,-9.9990e+02,-9.9990e+02,-9.9990e+02,2.2823e+03,1.1351e+03,1.8271e+06,4.4271e+05,1.5575e+05,3.7643e+04
2026-01-19T13:02:41.000Z,-9.9990e+02,-9.9990e+02,-9.9990e+02,-9.9990e+02,-9.9990e+02,-9.9990e+02,2.2823e+03,1.1351e+03,1.8271e+06,4.4271e+05,1.5575e+05,3.7643e+04
2026-01-19T13:02:53.000Z,-9.9990e+02,-9.9990e+02,-9.9990e+02,-9.9990e+02,-9.9990e+02,-9.9990e+02,-9.9990e+02,-9.9990e+02,-9.9990e+02,-9.9990e+02,-9.9990e+02,-9.9990e+02
2026-01-19T13:03:06.000Z,-9.9990e+02,-9.9990e+02,-9.9990e+02,-9.9990e+02,-9.9990e+02,-9.9990e+02,2.2222e+03,1.1351e+03,1.8071e+06,4.3371e+05,1.5060e+05,3.6306e+04
2026-01-19T13:03:18.000Z,-9.9990e+02,-9.9990e+02,-9.9990e+02,-9.9990e+02,-9.9990e+02,-9.9990e+02,2.2222e+03,1.1351e+03,1.8071e+06,4.3371e+05,1.5060e+05,3.6306e+04
2026-01-19T13:03:30.000Z,-9.9990e+02,-9.9990e+02,-9.9990e+02,-9.9990e+02,-9.9990e+02,-9.9990e+02,2.3424e+03,1.1351e+03,1.8476e+06,4.4271e+05,1.5585e+05,3.6842e+04
2026-01-19T13:03:42.000Z,-9.9990e+02,-9.9990e+02,-9.9990e+02,-9.9990e+02,-9.9990e+02,-9.9990e+02,2.3424e+03,1.1351e+03,1.8476e+06,4.4271e+05,1.5585e+05,3.6842e+04
2026-01-19T13:03:54.000Z,-9.9990e+02,-9.9990e+02,-9.9990e+02,-9.9990e+02,-9.9990e+02,-9.9990e+02,2.2222e+03,1.1525e+03,1.9076e+06,4.5486e+05,1.6002e+05,3.8724e+04
2026-01-19T13:04:06.000Z,-9.9990e+02,-9.9990e+02,-9.9990e+02,-9.9990e+02,-9.9990e+02,-9.9990e+02,2.2222e+03,1.1525e+03,1.9076e+06,4.5486e+05,1.6002e+05,3.8724e+04
2026-01-19T13:04:18.000Z,-9.9990e+02,-9.9990e+02,-9.9990e+02,-9.9990e+02,-9.9990e+02,-9.9990e+02,2.2835e+03,1.1533e+03,1.8881e+06,4.6100e+05,1.6637e+05,3.9276e+04
2026-01-19T13:04:31.000Z,-9.9990e+02,-9.9990e+02,-9.9990e+02,-9.9990e+02,-9.9990e+02,-9.9990e+02,2.2835e+03,1.1533e+03,1.8881e+06,4.6100e+05,1.6637e+05,3.9276e+04
2026-01-19T13:04:43.000Z,-9.9990e+02,-9.9990e+02,-9.9990e+02,-9.9990e+02,-9.9990e+02,-9.9990e+02,2.2823e+03,1.1525e+03,1.9076e+06,4.6386e+05,1.6419e+05,3.9265e+04
2026-01-19T13:04:55.000Z,-9.9990e+02,-9.9990e+02,-9.9990e+02,-9.9990e+02,-9.9990e+02,-9.9990e+02,2.2823e+03,1.1525e+03,1.9076e+06,4.6386e+05,1.6419e+05,3.9265e+04
2026-01-19T13:05:07.000Z,-9.9990e+02,-9.9990e+02,-9.9990e+02,-9.9990e+02,-9.9990e+02,-9.9990e+02,2.3436e+03,1.1533e+03,2.0086e+06,4.9414e+05,1.7361e+05,4.2500e+04
2026-01-19T13:05:19.000Z,-9.9990e+02,-9.9990e+02,-9.9990e+02,-9.9990e+02,-9.9990e+02,-9.9990e+02,2.3436e+03,1.1533e+03,2.0086e+06,4.9414e+05,1.7361e+05,4.2500e+04
2026-01-19T13:05:31.000Z,-9.9990e+02,-9.9990e+02,-9.9990e+02,-9.9990e+02,-9.9990e+02,-9.9990e+02,2.3424e+03,1.1351e+03,1.9881e+06,4.8200e+05,1.7153e+05,4.0342e+04
2026-01-19T13:05:43.000Z,-9.9990e+02,-9.9990e+02,-9.9990e+02,-9.9990e+02,-9.9990e+02,-9.9990e+02,2.3424e+03,1.1351e+03,1.9881e+06,4.8200e+05,1.7153e+05,4.0342e+04
2026-01-19T13:05:56.000Z,-9.9990e+02,-9.9990e+02,-9.9990e+02,-9.9990e+02,-9.9990e+02,-9.9990e+02,2.3424e+03,1.1525e+03,1.9676e+06,4.8186e+05,1.7361e+05,4.2480e+04
2026-01-19T13:06:08.000Z,-9.9990e+02,-9.9990e+02,-9.9990e+02,-9.9990e+02,-9.9990e+02,-9.9990e+02,2.3424e+03,1.1525e+03,1.9676e+06,4.8186e+05,1.7361e+05,4.2480e+04
2026-01-19T13:06:20.000Z,-9.9990e+02,-9.9990e+02,-9.9990e+02,-9.9990e+02,-9.9990e+02,-9.9990e+02,2.3424e+03,1.1525e+03,1.9076e+06,4.6086e+05,1.6835e+05,4.0607e+04
2026-01-19T13:06:32.000Z,-9.9990e+02,-9.9990e+02,-9.9990e+02,-9.9990e+02,-9.9990e+02,-9.9990e+02,2.3424e+03,1.1525e+03,1.9076e+06,4.6086e+05,1.6835e+05,4.0607e+04
2026-01-19T13:06:44.000Z,-9.9990e+02,-9.9990e+02,-9.9990e+02,-9.9990e+02,-9.9990e+02,-9.9990e+02,2.3424e+03,1.1525e+03,1.9071e+06,4.6671e+05,1.6310e+05,3.9255e+04
2026-01-19T13:06:56.000Z,-9.9990e+02,-9.9990e+02,-9.9990e+02,-9.9990e+02,-9.9990e+02,-9.9990e+02,2.3424e+03,1.1525e+03,1.9071e+06,4.6671e+05,1.6310e+05,3.9255e+04
2026-01-19T13:07:08.000Z,-9.9990e+02,-9.9990e+02,-9.9990e+02,-9.9990e+02,-9.9990e+02,-9.9990e+02,-9.9990e+02,-9.9990e+02,-9.9990e+02,-9.9990e+02,-9.9990e+02,-9.9990e+02
2026-01-19T13:07:21.000Z,-9.9990e+02,-9.9990e+02,-9.9990e+02,-9.9990e+02,-9.9990e+02,-9.9990e+02,2.3436e+03,1.1533e+03,1.9276e+06,4.6086e+05,1.6210e+05,3.9801e+04
2026-01-19T13:07:33.000Z,-9.9990e+02,-9.9990e+02,-9.9990e+02,-9.9990e+02,-9.9990e+02,-9.9990e+02,2.3436e+03,1.1533e+03,1.9276e+06,4.6086e+05,1.6210e+05,3.9801e+04
2026-01-19T13:07:45.000Z,-9.9990e+02,-9.9990e+02,-9.9990e+02,-9.9990e+02,-9.9990e+02,-9.9990e+02,2.3424e+03,1.1525e+03,1.8271e+06,4.3971e+05,1.5476e+05,3.7112e+04
2026-01-19T13:07:57.000Z,-9.9990e+02,-9.9990e+02,-9.9990e+02,-9.9990e+02,-9.9990e+02,-9.9990e+02,2.3424e+03,1.1525e+03,1.8271e+06,4.3971e+05,1.5476e+05,3.7112e+04
2026-01-19T13:08:09.000Z,-9.9990e+02,-9.9990e+02,-9.9990e+02,-9.9990e+02,-9.9990e+02,-9.9990e+02,2.4026e+03,1.1873e+03,2.0076e+06,4.7886e+05,1.6726e+05,4.0332e+04
2026-01-19T13:08:21.000Z,-9.9990e+02,-9.9990e+02,-9.9990e+02,-9.9990e+02,-9.9990e+02,-9.9990e+02,2.4026e+03,1.1873e+03,2.0076e+06,4.7886e+05,1.6726e+05,4.0332e+04
2026-01-19T13:08:34.000Z,-9.9990e+02,-9.9990e+02,-9.9990e+02,-9.9990e+02,-9.9990e+02,-9.9990e+02,2.3424e+03,1.1525e+03,1.9471e+06,4.6971e+05,1.6726e+05,3.9255e+04
2026-01-19T13:08:46.000Z,-9.9990e+02,-9.9990e+02,-9.9990e+02,-9.9990e+02,-9.9990e+02,-9.9990e+02,2.3424e+03,1.1525e+03,1.9471e+06,4.6971e+05,1.6726e+05,3.9255e+04
2026-01-19T13:08:58.000Z,-9.9990e+02,-9.9990e+02,-9.9990e+02,-9.9990e+02,-9.9990e+02,-9.9990e+02,2.2823e+03,1.1873e+03,1.8671e+06,4.5171e+05,1.5685e+05,3.8179e+04
2026-01-19T13:09:10.000Z,-9.9990e+02,-9.9990e+02,-9.9990e+02,-9.9990e+02,-9.9990e+02,-9.9990e+02,2.2823e+03,1.1873e+03,1.8671e+06,4.5171e+05,1.5685e+05,3.8179e+04
2026-01-19T13:09:22.000Z,-9.9990e+02,-9.9990e+02,-9.9990e+02,-9.9990e+02,-9.9990e+02,-9.9990e+02,-9.9990e+02,-9.9990e+02,-9.9990e+02,-9.9990e+02,-9.9990e+02,-9.9990e+02
2026-01-19T13:09:34.000Z,-9.9990e+02,-9.9990e+02,-9.9990e+02,-9.9990e+02,-9.9990e+02,-9.9990e+02,2.3424e+03,1.1873e+03,1.8871e+06,4.5471e+05,1.6101e+05,3.8719e+04
2026-01-19T13:09:46.000Z,-9.9990e+02,-9.9990e+02,-9.9990e+02,-9.9990e+02,-9.9990e+02,-9.9990e+02,2.3424e+03,1.1873e+03,1.8871e+06,4.5471e+05,1.6101e+05,3.8719e+04
2026-01-19T13:09:59.000Z,-9.9990e+02,-9.9990e+02,-9.9990e+02,-9.9990e+02,-9.9990e+02,-9.9990e+02,2.4026e+03,1.1873e+03,1.8671e+06,4.5471e+05,1.6210e+05,3.8719e+04
2026-01-19T13:10:11.000Z,-9.9990e+02,-9.9990e+02,-9.9990e+02,-9.9990e+02,-9.9990e+02,-9.9990e+02,2.4026e+03,1.1873e+03,1.8671e+06,4.5471e+05,1.6210e+05,3.8719e+04
2026-01-19T13:10:23.000Z,-9.9990e+02,-9.9990e+02,-9.9990e+02,-9.9990e+02,-9.9990e+02,-9.9990e+02,2.3424e+03,1.1873e+03,1.8871e+06,4.6671e+05,1.6101e+05,3.8985e+04
2026-01-19T13:10:35.000Z,-9.9990e+02,-9.9990e+02,-9.9990e+02,-9.9990e+02,-9.9990e+02,-9.9990e+02,2.3424e+03,1.1873e+03,1.8871e+06,4.6671e+05,1.6101e+05,3.8985e+04
2026-01-19T13:10:47.000Z,-9.9990e+02,-9.9990e+02,-9.9990e+02,-9.9990e+02,-9.9990e+02,-9.9990e+02,2.3424e+03,1.1873e+03,1.8676e+06,4.4886e+05,1.6111e+05,3.7653e+04
2026-01-19T13:10:59.000Z,-9.9990e+02,-9.9990e+02,-9.9990e+02,-9.9990e+02,-9.9990e+02,-9.9990e+02,2.3424e+03,1.1873e+03,1.8676e+06,4.4886e+05,1.6111e+05,3.7653e+04
2026-01-19T13:11:11.000Z,-9.9990e+02,-9.9990e+02,-9.9990e+02,-9.9990e+02,-9.9990e+02,-9.9990e+02,2.3424e+03,1.1873e+03,1.8481e+06,4.5800e+05,1.6002e+05,3.7929e+04
2026-01-19T13:11:24.000Z,-9.9990e+02,-9.9990e+02,-9.9990e+02,-9.9990e+02,-9.9990e+02,-9.9990e+02,2.3424e+03,1.1873e+03,1.8481e+06,4.5800e+05,1.6002e+05,3.7929e+04
2026-01-19T13:11:36.000Z,-9.9990e+02,-9.9990e+02,-9.9990e+02,-9.9990e+02,-9.9990e+02,-9.9990e+02,2.4026e+03,1.1873e+03,1.9271e+06,4.6071e+05,1.6310e+05,3.9255e+04
2026-01-19T13:11:48.000Z,-9.9990e+02,-9.9990e+02,-9.9990e+02,-9.9990e+02,-9.9990e+02,-9.9990e+02,2.4026e+03,1.1873e+03,1.9271e+06,4.6071e+05,1.6310e+05,3.9255e+04
2026-01-19T13:12:00.000Z,-9.9990e+02,-9.9990e+02,-9.9990e+02,-9.9990e+02,-9.9990e+02,-9.9990e+02,2.3424e+03,1.2229e+03,1.9676e+06,4.6671e+05,1.6935e+05,4.0332e+04
2026-01-19T13:12:12.000Z,-9.9990e+02,-9.9990e+02,-9.9990e+02,-9.9990e+02,-9.9990e+02,-9.9990e+02,2.3424e+03,1.2229e+03,1.9676e+06,4.6671e+05,1.6935e+05,4.0332e+04
2026-01-19T13:12:24.000Z,-9.9990e+02,-9.9990e+02,-9.9990e+02,-9.9990e+02,-9.9990e+02,-9.9990e+02,2.4026e+03,1.2229e+03,1.9471e+06,4.6971e+05,1.6726e+05,4.0332e+04
2026-01-19T13:12:36.000Z,-9.9990e+02,-9.9990e+02,-9.9990e+02,-9.9990e+02,-9.9990e+02,-9.9990e+02,2.4026e+03,1.2229e+03,1.9471e+06,4.6971e+05,1.6726e+05,4.0332e+04
2026-01-19T13:12:49.000Z,-9.9990e+02,-9.9990e+02,-9.9990e+02,-9.9990e+02,-9.9990e+02,-9.9990e+02,2.4037e+03,1.2229e+03,2.0490e+06,4.9429e+05,1.7788e+05,4.2510e+04
2026-01-19T13:13:01.000Z,-9.9990e+02,-9.9990e+02,-9.9990e+02,-9.9990e+02,-9.9990e+02,-9.9990e+02,2.4037e+03,1.2229e+03,2.0490e+06,4.9429e+05,1.7788e+05,4.2510e+04
2026-01-19T13:13:13.000Z,-9.9990e+02,-9.9990e+02,-9.9990e+02,-9.9990e+02,-9.9990e+02,-9.9990e+02,2.3424e+03,1.2229e+03,2.0286e+06,4.8814e+05,1.7153e+05,4.0888e+04
2026-01-19T13:13:25.000Z,-9.9990e+02,-9.9990e+02,-9.9990e+02,-9.9990e+02,-9.9990e+02,-9.9990e+02,2.3424e+03,1.2229e+03,2.0286e+06,4.8814e+05,1.7153e+05,4.0888e+04
2026-01-19T13:13:37.000Z,-9.9990e+02,-9.9990e+02,-9.9990e+02,-9.9990e+02,-9.9990e+02,-9.9990e+02,-9.9990e+02,-9.9990e+02,-9.9990e+02,-9.9990e+02,-9.9990e+02,-9.9990e+02
2026-01-19T13:13:49.000Z,-9.9990e+02,-9.9990e+02,-9.9990e+02,-9.9990e+02,-9.9990e+02,-9.9990e+02,2.3424e+03,1.2229e+03,2.0076e+06,4.8786e+05,1.7569e+05,4.0867e+04
2026-01-19T13:14:01.000Z,-9.9990e+02,-9.9990e+02,-9.9990e+02,-9.9990e+02,-9.9990e+02,-9.9990e+02,2.3424e+03,1.2229e+03,2.0076e+06,4.8786e+05,1.7569e+05,4.0867e+04
2026-01-19T13:14:14.000Z,-9.9990e+02,-9.9990e+02,-9.9990e+02,-9.9990e+02,-9.9990e+02,-9.9990e+02,2.3424e+03,1.1525e+03,1.9471e+06,4.7586e+05,1.6726e+05,4.0867e+04
2026-01-19T13:14:26.000Z,-9.9990e+02,-9.9990e+02,-9.9990e+02,-9.9990e+02,-9.9990e+02,-9.9990e+02,2.3424e+03,1.1525e+03,1.9471e+06,4.7586e+05,1.6726e+05,4.0867e+04
2026-01-19T13:14:38.000Z,-9.9990e+02,-9.9990e+02,-9.9990e+02,-9.9990e+02,-9.9990e+02,-9.9990e+02,2.2823e+03,1.1525e+03,1.9271e+06,4.6371e+05,1.6726e+05,3.9526e+04
2026-01-19T13:14:50.000Z,-9.9990e+02,-9.9990e+02,-9.9990e+02,-9.9990e+02,-9.9990e+02,-9.9990e+02,2.2823e+03,1.1525e+03,1.9271e+06,4.6371e+05,1.6726e+05,3.9526e+04
2026-01-19T13:15:02.000Z,-9.9990e+02,-9.9990e+02,-9.9990e+02,-9.9990e+02,-9.9990e+02,-9.9990e+02,2.2823e+03,1.1525e+03,1.7467e+06,4.2757e+05,1.5685e+05,3.7372e+04
2026-01-19T13:15:14.000Z,-9.9990e+02,-9.9990e+02,-9.9990e+02,-9.9990e+02,-9.9990e+02,-9.9990e+02,2.2823e+03,1.1525e+03,1.7467e+06,4.2757e+05,1.5685e+05,3.7372e+04
2026-01-19T13:15:26.000Z,-9.9990e+02,-9.9990e+02,-9.9990e+02,-9.9990e+02,-9.9990e+02,-9.9990e+02,2.2225e+03,1.1177e+03,1.8071e+06,4.3671e+05,1.5893e+05,3.6847e+04
2026-01-19T13:15:39.000Z,-9.9990e+02,-9.9990e+02,-9.9990e+02,-9.9990e+02,-9.9990e+02,-9.9990e+02,2.2225e+03,1.1177e+03,1.8071e+06,4.3671e+05,1.5893e+05,3.6847e+04
2026-01-19T13:15:51.000Z,-9.9990e+02,-9.9990e+02,-9.9990e+02,-9.9990e+02,-9.9990e+02,-9.9990e+02,2.2823e+03,1.1351e+03,1.7676e+06,4.3686e+05,1.5585e+05,3.7122e+04
2026-01-19T13:16:03.000Z,-9.9990e+02,-9.9990e+02,-9.9990e+02,-9.9990e+02,-9.9990e+02,-9.9990e+02,2.2823e+03,1.1351e+03,1.7676e+06,4.3686e+05,1.5585e+05,3.7122e+04
2026-01-19T13:16:15.000Z,-9.9990e+02,-9.9990e+02,-9.9990e+02,-9.9990e+02,-9.9990e+02,-9.9990e+02,2.2823e+03,1.1525e+03,1.8267e+06,4.5471e+05,1.6518e+05,3.9526e+04
2026-01-19T13:16:27.000Z,-9.9990e+02,-9.9990e+02,-9.9990e+02,-9.9990e+02,-9.9990e+02,-9.9990e+02,2.2823e+03,1.1525e+03,1.8267e+06,4.5471e+05,1.6518e+05,3.9526e+04
2026-01-19T13:16:39.000Z,-9.9990e+02,-9.9990e+02,-9.9990e+02,-9.9990e+02,-9.9990e+02,-9.9990e+02,2.3424e+03,1.1525e+03,1.8671e+06,4.5471e+05,1.6210e+05,3.9526e+04
2026-01-19T13:16:51.000Z,-9.9990e+02,-9.9990e+02,-9.9990e+02,-9.9990e+02,-9.9990e+02,-9.9990e+02,2.3424e+03,1.1525e+03,1.8671e+06,4.5471e+05,1.6210e+05,3.9526e+04
2026-01-19T13:17:04.000Z,-9.9990e+02,-9.9990e+02,-9.9990e+02,-9.9990e+02,-9.9990e+02,-9.9990e+02,2.3424e+03,1.1525e+03,1.8671e+06,4.5171e+05,1.6210e+05,3.9526e+04
2026-01-19T13:17:16.000Z,-9.9990e+02,-9.9990e+02,-9.9990e+02,-9.9990e+02,-9.9990e+02,-9.9990e+02,2.3424e+03,1.1525e+03,1.8671e+06,4.5171e+05,1.6210e+05,3.9526e+04
2026-01-19T13:17:28.000Z,-9.9990e+02,-9.9990e+02,-9.9990e+02,-9.9990e+02,-9.9990e+02,-9.9990e+02,2.2846e+03,1.1889e+03,1.8276e+06,4.3986e+05,1.5794e+05,3.8199e+04
2026-01-19T13:17:40.000Z,-9.9990e+02,-9.9990e+02,-9.9990e+02,-9.9990e+02,-9.9990e+02,-9.9990e+02,2.2846e+03,1.1889e+03,1.8276e+06,4.3986e+05,1.5794e+05,3.8199e+04
2026-01-19T13:17:52.000Z,-9.9990e+02,-9.9990e+02,-9.9990e+02,-9.9990e+02,-9.9990e+02,-9.9990e+02,-9.9990e+02,-9.9990e+02,-9.9990e+02,-9.9990e+02,-9.9990e+02,-9.9990e+02
2026-01-19T13:18:04.000Z,-9.9990e+02,-9.9990e+02,-9.9990e+02,-9.9990e+02,-9.9990e+02,-9.9990e+02,2.2823e+03,1.1873e+03,1.8471e+06,4.5471e+05,1.5893e+05,3.8719e+04
2026-01-19T13:18:16.000Z,-9.9990e+02,-9.9990e+02,-9.9990e+02,-9.9990e+02,-9.9990e+02,-9.9990e+02,2.2823e+03,1.1873e+03,1.8471e+06,4.5471e+05,1.5893e+05,3.8719e+04
2026-01-19T13:18:29.000Z,-9.9990e+02,-9.9990e+02,-9.9990e+02,-9.9990e+02,-9.9990e+02,-9.9990e+02,2.2245e+03,1.1541e+03,1.8481e+06,4.5200e+05,1.6111e+05,3.8474e+04
2026-01-19T13:18:41.000Z,-9.9990e+02,-9.9990e+02,-9.9990e+02,-9.9990e+02,-9.9990e+02,-9.9990e+02,2.2245e+03,1.1541e+03,1.8481e+06,4.5200e+05,1.6111e+05,3.8474e+04
2026-01-19T13:18:53.000Z,-9.9990e+02,-9.9990e+02,-9.9990e+02,-9.9990e+02,-9.9990e+02,-9.9990e+02,2.3447e+03,1.1541e+03,1.8481e+06,4.4286e+05,1.5903e+05,3.7929e+04
2026-01-19T13:19:05.000Z,-9.9990e+02,-9.9990e+02,-9.9990e+02,-9.9990e+02,-9.9990e+02,-9.9990e+02,2.3447e+03,1.1541e+03,1.8481e+06,4.4286e+05,1.5903e+05,3.7929e+04
2026-01-19T13:19:17.000Z,-9.9990e+02,-9.9990e+02,-9.9990e+02,-9.9990e+02,-9.9990e+02,-9.9990e+02,2.2823e+03,1.1351e+03,1.8267e+06,4.4271e+05,1.5685e+05,3.7102e+04
2026-01-19T13:19:29.000Z,-9.9990e+02,-9.9990e+02,-9.9990e+02,-9.9990e+02,-9.9990e+02,-9.9990e+02,2.2823e+03,1.1351e+03,1.8267e+06,4.4271e+05,1.5685e+05,3.7102e+04
2026-01-19T13:19:41.000Z,-9.9990e+02,-9.9990e+02,-9.9990e+02,-9.9990e+02,-9.9990e+02,-9.9990e+02,2.2835e+03,1.1533e+03,1.7871e+06,4.4271e+05,1.5893e+05,3.7383e+04
2026-01-19T13:19:54.000Z,-9.9990e+02,-9.9990e+02,-9.9990e+02,-9.9990e+02,-9.9990e+02,-9.9990e+02,2.2835e+03,1.1533e+03,1.7871e+06,4.4271e+05,1.5893e+05,3.7383e+04
2026-01-19T13:20:06.000Z,-9.9990e+02,-9.9990e+02,-9.9990e+02,-9.9990e+02,-9.9990e+02,-9.9990e+02,2.2823e+03,1.1873e+03,1.7867e+06,4.3671e+05,1.5367e+05,3.7102e+04
2026-01-19T13:20:18.000Z,-9.9990e+02,-9.9990e+02,-9.9990e+02,-9.9990e+02,-9.9990e+02,-9.9990e+02,2.2823e+03,1.1873e+03,1.7867e+06,4.3671e+05,1.5367e+05,3.7102e+04
2026-01-19T13:20:30.000Z,-9.9990e+02,-9.9990e+02,-9.9990e+02,-9.9990e+02,-9.9990e+02,-9.9990e+02,2.2823e+03,1.1351e+03,1.7667e+06,4.4271e+05,1.5685e+05,3.7913e+04
2026-01-19T13:20:42.000Z,-9.9990e+02,-9.9990e+02,-9.9990e+02,-9.9990e+02,-9.9990e+02,-9.9990e+02,2.2823e+03,1.1351e+03,1.7667e+06,4.4271e+05,1.5685e+05,3.7913e+04
2026-01-19T13:20:54.000Z,-9.9990e+02,-9.9990e+02,-9.9990e+02,-9.9990e+02,-9.9990e+02,-9.9990e+02,2.2857e+03,1.1541e+03,1.7681e+06,4.3100e+05,1.5486e+05,3.7668e+04
2026-01-19T13:21:07.000Z,-9.9990e+02,-9.9990e+02,-9.9990e+02,-9.9990e+02,-9.9990e+02,-9.9990e+02,2.2857e+03,1.1541e+03,1.7681e+06,4.3100e+05,1.5486e+05,3.7668e+04
2026-01-19T13:21:19.000Z,-9.9990e+02,-9.9990e+02,-9.9990e+02,-9.9990e+02,-9.9990e+02,-9.9990e+02,2.1624e+03,1.1351e+03,1.7471e+06,4.1871e+05,1.5476e+05,3.6577e+04
2026-01-19T13:21:31.000Z,-9.9990e+02,-9.9990e+02,-9.9990e+02,-9.9990e+02,-9.9990e+02,-9.9990e+02,2.1624e+03,1.1351e+03,1.7471e+06,4.1871e+05,1.5476e+05,3.6577e+04
2026-01-19T13:21:43.000Z,-9.9990e+02,-9.9990e+02,-9.9990e+02,-9.9990e+02,-9.9990e+02,-9.9990e+02,2.2222e+03,1.1699e+03,1.7271e+06,4.3086e+05,1.5377e+05,3.6587e+04
2026-01-19T13:21:55.000Z,-9.9990e+02,-9.9990e+02,-9.9990e+02,-9.9990e+02,-9.9990e+02,-9.9990e+02,2.2222e+03,1.1699e+03,1.7271e+06,4.3086e+05,1.5377e+05,3.6587e+04
2026-01-19T13:22:07.000Z,-9.9990e+02,-9.9990e+02,-9.9990e+02,-9.9990e+02,-9.9990e+02,-9.9990e+02,-9.9990e+02,-9.9990e+02,-9.9990e+02,-9.9990e+02,-9.9990e+02,-9.9990e+02
2026-01-19T13:22:19.000Z,-9.9990e+02,-9.9990e+02,-9.9990e+02,-9.9990e+02,-9.9990e+02,-9.9990e+02,2.2823e+03,1.1873e+03,1.8071e+06,4.4271e+05,1.6002e+05,3.7653e+04
2026-01-19T13:22:32.000Z,-9.9990e+02,-9.9990e+02,-9.9990e+02,-9.9990e+02,-9.9990e+02,-9.9990e+02,2.2823e+03,1.1873e+03,1.8071e+06,4.4271e+05,1.6002e+05,3.7653e+04
2026-01-19T13:22:44.000Z,-9.9990e+02,-9.9990e+02,-9.9990e+02,-9.9990e+02,-9.9990e+02,-9.9990e+02,2.3507e+03,1.1923e+03,1.8100e+06,4.4643e+05,1.6022e+05,3.8245e+04
2026-01-19T13:22:56.000Z,-9.9990e+02,-9.9990e+02,-9.9990e+02,-9.9990e+02,-9.9990e+02,-9.9990e+02,2.3507e+03,1.1923e+03,1.8100e+06,4.4643e+05,1.6022e+05,3.8245e+04
2026-01-19T13:23:08.000Z,-9.9990e+02,-9.9990e+02,-9.9990e+02,-9.9990e+02,-9.9990e+02,-9.9990e+02,2.4026e+03,1.2229e+03,1.7876e+06,4.3986e+05,1.5903e+05,3.8199e+04
2026-01-19T13:23:20.000Z,-9.9990e+02,-9.9990e+02,-9.9990e+02,-9.9990e+02,-9.9990e+02,-9.9990e+02,2.4026e+03,1.2229e+03,1.7876e+06,4.3986e+05,1.5903e+05,3.8199e+04
2026-01-19T13:23:32.000Z,-9.9990e+02,-9.9990e+02,-9.9990e+02,-9.9990e+02,-9.9990e+02,-9.9990e+02,2.3424e+03,1.1873e+03,1.8067e+06,4.4271e+05,1.6310e+05,3.8719e+04
2026-01-19T13:23:44.000Z,-9.9990e+02,-9.9990e+02,-9.9990e+02,-9.9990e+02,-9.9990e+02,-9.9990e+02,2.3424e+03,1.1873e+03,1.8067e+06,4.4271e+05,1.6310e+05,3.8719e+04
2026-01-19T13:23:57.000Z,-9.9990e+02,-9.9990e+02,-9.9990e+02,-9.9990e+02,-9.9990e+02,-9.9990e+02,2.3424e+03,1.1873e+03,1.8471e+06,4.5771e+05,1.6310e+05,4.0061e+04
2026-01-19T13:24:09.000Z,-9.9990e+02,-9.9990e+02,-9.9990e+02,-9.9990e+02,-9.9990e+02,-9.9990e+02,2.3424e+03,1.1873e+03,1.8471e+06,4.5771e+05,1.6310e+05,4.0061e+04
2026-01-19T13:24:21.000Z,-9.9990e+02,-9.9990e+02,-9.9990e+02,-9.9990e+02,-9.9990e+02,-9.9990e+02,2.3424e+03,1.1873e+03,1.7667e+06,4.3971e+05,1.6101e+05,3.8719e+04
2026-01-19T13:24:33.000Z,-9.9990e+02,-9.9990e+02,-9.9990e+02,-9.9990e+02,-9.9990e+02,-9.9990e+02,2.3424e+03,1.1873e+03,1.7667e+06,4.3971e+05,1.6101e+05,3.8719e+04
2026-01-19T13:24:45.000Z,-9.9990e+02,-9.9990e+02,-9.9990e+02,-9.9990e+02,-9.9990e+02,-9.9990e+02,2.4034e+03,1.1881e+03,1.9090e+06,4.7029e+05,1.7371e+05,4.1985e+04
2026-01-19T13:24:57.000Z,-9.9990e+02,-9.9990e+02,-9.9990e+02,-9.9990e+02,-9.9990e+02,-9.9990e+02,2.4034e+03,1.1881e+03,1.9090e+06,4.7029e+05,1.7371e+05,4.1985e+04
2026-01-19T13:25:09.000Z,-9.9990e+02,-9.9990e+02,-9.9990e+02,-9.9990e+02,-9.9990e+02,-9.9990e+02,2.4638e+03,1.2229e+03,1.8876e+06,4.6386e+05,1.6944e+05,4.0878e+04
2026-01-19T13:25:22.000Z,-9.9990e+02,-9.9990e+02,-9.9990e+02,-9.9990e+02,-9.9990e+02,-9.9990e+02,2.4638e+03,1.2229e+03,1.8876e+06,4.6386e+05,1.6944e+05,4.0878e+04
2026-01-19T13:25:34.000Z,-9.9990e+02,-9.9990e+02,-9.9990e+02,-9.9990e+02,-9.9990e+02,-9.9990e+02,2.6456e+03,1.2585e+03,1.8681e+06,4.7000e+05,1.7153e+05,4.0888e+04
2026-01-19T13:25:46.000Z,-9.9990e+02,-9.9990e+02,-9.9990e+02,-9.9990e+02,-9.9990e+02,-9.9990e+02,2.6456e+03,1.2585e+03,1.8681e+06,4.7000e+05,1.7153e+05,4.0888e+04
2026-01-19T13:25:58.000Z,-9.9990e+02,-9.9990e+02,-9.9990e+02,-9.9990e+02,-9.9990e+02,-9.9990e+02,2.7043e+03,1.2933e+03,1.8481e+06,4.5800e+05,1.6736e+05,4.0352e+04
2026-01-19T13:26:10.000Z,-9.9990e+02,-9.9990e+02,-9.9990e+02,-9.9990e+02,-9.9990e+02,-9.9990e+02,2.7043e+03,1.2933e+03,1.8481e+06,4.5800e+05,1.6736e+05,4.0352e+04
2026-01-19T13:26:22.000Z,-9.9990e+02,-9.9990e+02,-9.9990e+02,-9.9990e+02,-9.9990e+02,-9.9990e+02,-9.9990e+02,-9.9990e+02,-9.9990e+02,-9.9990e+02,-9.9990e+02,-9.9990e+02
2026-01-19T13:26:34.000Z,-9.9990e+02,-9.9990e+02,-9.9990e+02,-9.9990e+02,-9.9990e+02,-9.9990e+02,2.7630e+03,1.3621e+03,1.8476e+06,4.5186e+05,1.6528e+05,3.9265e+04
2026-01-19T13:26:47.000Z,-9.9990e+02,-9.9990e+02,-9.9990e+02,-9.9990e+02,-9.9990e+02,-9.9990e+02,2.7630e+03,1.3621e+03,1.8476e+06,4.5186e+05,1.6528e+05,3.9265e+04
2026-01-19T13:26:59.000Z,-9.9990e+02,-9.9990e+02,-9.9990e+02,-9.9990e+02,-9.9990e+02,-9.9990e+02,2.9434e+03,1.3969e+03,1.8067e+06,4.4571e+05,1.6310e+05,3.9791e+04
2026-01-19T13:27:11.000Z,-9.9990e+02,-9.9990e+02,-9.9990e+02,-9.9990e+02,-9.9990e+02,-9.9990e+02,2.9434e+03,1.3969e+03,1.8067e+06,4.4571e+05,1.6310e+05,3.9791e+04
2026-01-19T13:27:23.000Z,-9.9990e+02,-9.9990e+02,-9.9990e+02,-9.9990e+02,-9.9990e+02,-9.9990e+02,2.9434e+03,1.4325e+03,1.8471e+06,4.5171e+05,1.6310e+05,3.9791e+04
2026-01-19T13:27:35.000Z,-9.9990e+02,-9.9990e+02,-9.9990e+02,-9.9990e+02,-9.9990e+02,-9.9990e+02,2.9434e+03,1.4325e+03,1.8471e+06,4.5171e+05,1.6310e+05,3.9791e+04
2026-01-19T13:27:47.000Z,-9.9990e+02,-9.9990e+02,-9.9990e+02,-9.9990e+02,-9.9990e+02,-9.9990e+02,2.9434e+03,1.4325e+03,1.8071e+06,4.5186e+05,1.6528e+05,3.9801e+04
2026-01-19T13:27:59.000Z,-9.9990e+02,-9.9990e+02,-9.9990e+02,-9.9990e+02,-9.9990e+02,-9.9990e+02,2.9434e+03,1.4325e+03,1.8071e+06,4.5186e+05,1.6528e+05,3.9801e+04
2026-01-19T13:28:12.000Z,-9.9990e+02,-9.9990e+02,-9.9990e+02,-9.9990e+02,-9.9990e+02,-9.9990e+02,2.9434e+03,1.4673e+03,1.8067e+06,4.4271e+05,1.5685e+05,3.8719e+04
2026-01-19T13:28:24.000Z,-9.9990e+02,-9.9990e+02,-9.9990e+02,-9.9990e+02,-9.9990e+02,-9.9990e+02,2.9434e+03,1.4673e+03,1.8067e+06,4.4271e+05,1.5685e+05,3.8719e+04
2026-01-19T13:28:36.000Z,-9.9990e+02,-9.9990e+02,-9.9990e+02,-9.9990e+02,-9.9990e+02,-9.9990e+02,2.9434e+03,1.4673e+03,1.7876e+06,4.3986e+05,1.6111e+05,3.9811e+04
2026-01-19T13:28:48.000Z,-9.9990e+02,-9.9990e+02,-9.9990e+02,-9.9990e+02,-9.9990e+02,-9.9990e+02,2.9434e+03,1.4673e+03,1.7876e+06,4.3986e+05,1.6111e+05,3.9811e+04
2026-01-19T13:29:00.000Z,-9.9990e+02,-9.9990e+02,-9.9990e+02,-9.9990e+02,-9.9990e+02,-9.9990e+02,2.9434e+03,1.4325e+03,1.7867e+06,4.4571e+05,1.5893e+05,3.8719e+04
2026-01-19T13:29:12.000Z,-9.9990e+02,-9.9990e+02,-9.9990e+02,-9.9990e+02,-9.9990e+02,-9.9990e+02,2.9434e+03,1.4325e+03,1.7867e+06,4.4571e+05,1.5893e+05,3.8719e+04
2026-01-19T13:29:24.000Z,-9.9990e+02,-9.9990e+02,-9.9990e+02,-9.9990e+02,-9.9990e+02,-9.9990e+02,2.8835e+03,1.4325e+03,1.7671e+06,4.3671e+05,1.5893e+05,3.8724e+04
2026-01-19T13:29:37.000Z,-9.9990e+02,-9.9990e+02,-9.9990e+02,-9.9990e+02,-9.9990e+02,-9.9990e+02,2.8835e+03,1.4325e+03,1.7671e+06,4.3671e+05,1.5893e+05,3.8724e+04
2026-01-19T13:29:49.000Z,-9.9990e+02,-9.9990e+02,-9.9990e+02,-9.9990e+02,-9.9990e+02,-9.9990e+02,2.8243e+03,1.4325e+03,1.8071e+06,4.4886e+05,1.6319e+05,3.9265e+04
2026-01-19T13:30:01.000Z,-9.9990e+02,-9.9990e+02,-9.9990e+02,-9.9990e+02,-9.9990e+02,-9.9990e+02,2.8243e+03,1.4325e+03,1.8071e+06,4.4886e+05,1.6319e+05,3.9265e+04
2026-01-19T13:30:13.000Z,-9.9990e+02,-9.9990e+02,-9.9990e+02,-9.9990e+02,-9.9990e+02,-9.9990e+02,2.8243e+03,1.4325e+03,1.7671e+06,4.4586e+05,1.5893e+05,3.9265e+04
2026-01-19T13:30:25.000Z,-9.9990e+02,-9.9990e+02,-9.9990e+02,-9.9990e+02,-9.9990e+02,-9.9990e+02,2.8243e+03,1.4325e+03,1.7671e+06,4.4586e+05,1.5893e+05,3.9265e+04
2026-01-19T13:30:37.000Z,-9.9990e+02,-9.9990e+02,-9.9990e+02,-9.9990e+02,-9.9990e+02,-9.9990e+02,-9.9990e+02,-9.9990e+02,-9.9990e+02,-9.9990e+02,-9.9990e+02,-9.9990e+02
2026-01-19T13:30:49.000Z,-9.9990e+02,-9.9990e+02,-9.9990e+02,-9.9990e+02,-9.9990e+02,-9.9990e+02,2.8228e+03,1.4325e+03,1.7467e+06,4.3671e+05,1.5893e+05,3.9255e+04
2026-01-19T13:31:02.000Z,-9.9990e+02,-9.9990e+02,-9.9990e+02,-9.9990e+02,-9.9990e+02,-9.9990e+02,2.8228e+03,1.4325e+03,1.7467e+06,4.3671e+05,1.5893e+05,3.9255e+04
2026-01-19T13:31:14.000Z,-9.9990e+02,-9.9990e+02,-9.9990e+02,-9.9990e+02,-9.9990e+02,-9.9990e+02,2.7630e+03,1.3969e+03,1.8271e+06,4.4586e+05,1.6319e+05,3.9801e+04
2026-01-19T13:31:26.000Z,-9.9990e+02,-9.9990e+02,-9.9990e+02,-9.9990e+02,-9.9990e+02,-9.9990e+02,2.7630e+03,1.3969e+03,1.8271e+06,4.4586e+05,1.6319e+05,3.9801e+04
2026-01-19T13:31:38.000Z,-9.9990e+02,-9.9990e+02,-9.9990e+02,-9.9990e+02,-9.9990e+02,-9.9990e+02,2.8228e+03,1.4673e+03,1.7867e+06,4.4271e+05,1.6518e+05,3.8719e+04
2026-01-19T13:31:50.000Z,-9.9990e+02,-9.9990e+02,-9.9990e+02,-9.9990e+02,-9.9990e+02,-9.9990e+02,2.8228e+03,1.4673e+03,1.7867e+06,4.4271e+05,1.6518e+05,3.8719e+04
2026-01-19T13:32:02.000Z,-9.9990e+02,-9.9990e+02,-9.9990e+02,-9.9990e+02,-9.9990e+02,-9.9990e+02,2.7029e+03,1.4325e+03,1.8871e+06,4.5771e+05,1.6935e+05,4.0332e+04
2026-01-19T13:32:14.000Z,-9.9990e+02,-9.9990e+02,-9.9990e+02,-9.9990e+02,-9.9990e+02,-9.9990e+02,2.7029e+03,1.4325e+03,1.8871e+06,4.5771e+05,1.6935e+05,4.0332e+04
2026-01-19T13:32:27.000Z,-9.9990e+02,-9.9990e+02,-9.9990e+02,-9.9990e+02,-9.9990e+02,-9.9990e+02,2.7029e+03,1.4673e+03,1.8267e+06,4.5771e+05,1.6518e+05,3.9791e+04
2026-01-19T13:32:39.000Z,-9.9990e+02,-9.9990e+02,-9.9990e+02,-9.9990e+02,-9.9990e+02,-9.9990e+02,2.7029e+03,1.4673e+03,1.8267e+06,4.5771e+05,1.6518e+05,3.9791e+04
2026-01-19T13:32:51.000Z,-9.9990e+02,-9.9990e+02,-9.9990e+02,-9.9990e+02,-9.9990e+02,-9.9990e+02,2.6439e+03,1.3977e+03,1.8476e+06,4.6400e+05,1.6736e+05,4.0888e+04
2026-01-19T13:33:03.000Z,-9.9990e+02,-9.9990e+02,-9.9990e+02,-9.9990e+02,-9.9990e+02,-9.9990e+02,2.6439e+03,1.3977e+03,1.8476e+06,4.6400e+05,1.6736e+05,4.0888e+04
2026-01-19T13:33:15.000Z,-9.9990e+02,-9.9990e+02,-9.9990e+02,-9.9990e+02,-9.9990e+02,-9.9990e+02,2.6428e+03,1.3969e+03,1.8881e+06,4.5800e+05,1.7153e+05,4.1423e+04
2026-01-19T13:33:27.000Z,-9.9990e+02,-9.9990e+02,-9.9990e+02,-9.9990e+02,-9.9990e+02,-9.9990e+02,2.6428e+03,1.3969e+03,1.8881e+06,4.5800e+05,1.7153e+05,4.1423e+04
2026-01-19T13:33:39.000Z,-9.9990e+02,-9.9990e+02,-9.9990e+02,-9.9990e+02,-9.9990e+02,-9.9990e+02,2.7653e+03,1.4334e+03,1.9281e+06,4.8200e+05,1.7153e+05,4.2500e+04
2026-01-19T13:33:52.000Z,-9.9990e+02,-9.9990e+02,-9.9990e+02,-9.9990e+02,-9.9990e+02,-9.9990e+02,2.7653e+03,1.4334e+03,1.9281e+06,4.8200e+05,1.7153e+05,4.2500e+04
2026-01-19T13:34:04.000Z,-9.9990e+02,-9.9990e+02,-9.9990e+02,-9.9990e+02,-9.9990e+02,-9.9990e+02,2.8228e+03,1.3621e+03,1.9671e+06,4.8186e+05,1.7778e+05,4.3015e+04
2026-01-19T13:34:16.000Z,-9.9990e+02,-9.9990e+02,-9.9990e+02,-9.9990e+02,-9.9990e+02,-9.9990e+02,2.8228e+03,1.3621e+03,1.9671e+06,4.8186e+05,1.7778e+05,4.3015e+04
2026-01-19T13:34:28.000Z,-9.9990e+02,-9.9990e+02,-9.9990e+02,-9.9990e+02,-9.9990e+02,-9.9990e+02,2.7627e+03,1.3969e+03,1.9681e+06,4.8800e+05,1.7361e+05,4.3041e+04
2026-01-19T13:34:40.000Z,-9.9990e+02,-9.9990e+02,-9.9990e+02,-9.9990e+02,-9.9990e+02,-9.9990e+02,2.7627e+03,1.3969e+03,1.9681e+06,4.8800e+05,1.7361e+05,4.3041e+04
2026-01-19T13:34:52.000Z,-9.9990e+02,-9.9990e+02,-9.9990e+02,-9.9990e+02,-9.9990e+02,-9.9990e+02,-9.9990e+02,-9.9990e+02,-9.9990e+02,-9.9990e+02,-9.9990e+02,-9.9990e+02
2026-01-19T13:35:04.000Z,-9.9990e+02,-9.9990e+02,-9.9990e+02,-9.9990e+02,-9.9990e+02,-9.9990e+02,2.8835e+03,1.3969e+03,1.9471e+06,4.8186e+05,1.7778e+05,4.1944e+04
2026-01-19T13:35:17.000Z,-9.9990e+02,-9.9990e+02,-9.9990e+02,-9.9990e+02,-9.9990e+02,-9.9990e+02,2.8835e+03,1.3969e+03,1.9471e+06,4.8186e+05,1.7778e+05,4.1944e+04
2026-01-19T13:35:29.000Z,-9.9990e+02,-9.9990e+02,-9.9990e+02,-9.9990e+02,-9.9990e+02,-9.9990e+02,2.8228e+03,1.4325e+03,1.9271e+06,4.6971e+05,1.7153e+05,4.1944e+04
2026-01-19T13:35:41.000Z,-9.9990e+02,-9.9990e+02,-9.9990e+02,-9.9990e+02,-9.9990e+02,-9.9990e+02,2.8228e+03,1.4325e+03,1.9271e+06,4.6971e+05,1.7153e+05,4.1944e+04
2026-01-19T13:35:53.000Z,-9.9990e+02,-9.9990e+02,-9.9990e+02,-9.9990e+02,-9.9990e+02,-9.9990e+02,2.8228e+03,1.4673e+03,1.8481e+06,4.5800e+05,1.6944e+05,4.0352e+04
2026-01-19T13:36:05.000Z,-9.9990e+02,-9.9990e+02,-9.9990e+02,-9.9990e+02,-9.9990e+02,-9.9990e+02,2.8228e+03,1.4673e+03,1.8481e+06,4.5800e+05,1.6944e+05,4.0352e+04
2026-01-19T13:36:17.000Z,-9.9990e+02,-9.9990e+02,-9.9990e+02,-9.9990e+02,-9.9990e+02,-9.9990e+02,2.7029e+03,1.3969e+03,1.9471e+06,4.7586e+05,1.7361e+05,4.2480e+04
2026-01-19T13:36:30.000Z,-9.9990e+02,-9.9990e+02,-9.9990e+02,-9.9990e+02,-9.9990e+02,-9.9990e+02,2.7029e+03,1.3969e+03,1.9471e+06,4.7586e+05,1.7361e+05,4.2480e+04
2026-01-19T13:36:42.000Z,-9.9990e+02,-9.9990e+02,-9.9990e+02,-9.9990e+02,-9.9990e+02,-9.9990e+02,2.7630e+03,1.3969e+03,1.8871e+06,4.7586e+05,1.7153e+05,4.1944e+04
2026-01-19T13:36:54.000Z,-9.9990e+02,-9.9990e+02,-9.9990e+02,-9.9990e+02,-9.9990e+02,-9.9990e+02,2.7630e+03,1.3969e+03,1.8871e+06,4.7586e+05,1.7153e+05,4.1944e+04
2026-01-19T13:37:06.000Z,-9.9990e+02,-9.9990e+02,-9.9990e+02,-9.9990e+02,-9.9990e+02,-9.9990e+02,-9.9990e+02,-9.9990e+02,-9.9990e+02,-9.9990e+02,-9.9990e+02,-9.9990e+02
2026-01-19T13:37:18.000Z,-9.9990e+02,-9.9990e+02,-9.9990e+02,-9.9990e+02,-9.9990e+02,-9.9990e+02,2.7026e+03,1.3969e+03,1.9071e+06,4.7571e+05,1.6726e+05,4.1403e+04
2026-01-19T13:37:30.000Z,-9.9990e+02,-9.9990e+02,-9.9990e+02,-9.9990e+02,-9.9990e+02,-9.9990e+02,2.7026e+03,1.3969e+03,1.9071e+06,4.7571e+05,1.6726e+05,4.1403e+04
2026-01-19T13:37:42.000Z,-9.9990e+02,-9.9990e+02,-9.9990e+02,-9.9990e+02,-9.9990e+02,-9.9990e+02,2.7026e+03,1.3969e+03,2.1081e+06,5.2400e+05,1.9028e+05,4.5168e+04
2026-01-19T13:37:55.000Z,-9.9990e+02,-9.9990e+02,-9.9990e+02,-9.9990e+02,-9.9990e+02,-9.9990e+02,2.7026e+03,1.3969e+03,2.1081e+06,5.2400e+05,1.9028e+05,4.5168e+04
2026-01-19T13:38:07.000Z,-9.9990e+02,-9.9990e+02,-9.9990e+02,-9.9990e+02,-9.9990e+02,-9.9990e+02,2.8285e+03,1.4002e+03,2.1105e+06,5.1257e+05,1.8839e+05,4.4684e+04
2026-01-19T13:38:19.000Z,-9.9990e+02,-9.9990e+02,-9.9990e+02,-9.9990e+02,-9.9990e+02,-9.9990e+02,2.8285e+03,1.4002e+03,2.1105e+06,5.1257e+05,1.8839e+05,4.4684e+04
2026-01-19T13:38:31.000Z,-9.9990e+02,-9.9990e+02,-9.9990e+02,-9.9990e+02,-9.9990e+02,-9.9990e+02,2.8228e+03,1.4317e+03,2.0876e+06,5.1800e+05,1.9028e+05,4.6245e+04
2026-01-19T13:38:43.000Z,-9.9990e+02,-9.9990e+02,-9.9990e+02,-9.9990e+02,-9.9990e+02,-9.9990e+02,2.8228e+03,1.4317e+03,2.0876e+06,5.1800e+05,1.9028e+05,4.6245e+04
2026-01-19T13:38:55.000Z,-9.9990e+02,-9.9990e+02,-9.9990e+02,-9.9990e+02,-9.9990e+02,-9.9990e+02,2.7653e+03,1.4334e+03,2.0690e+06,5.0629e+05,1.8413e+05,4.5204e+04
2026-01-19T13:39:07.000Z,-9.9990e+02,-9.9990e+02,-9.9990e+02,-9.9990e+02,-9.9990e+02,-9.9990e+02,2.7653e+03,1.4334e+03,2.0690e+06,5.0629e+05,1.8413e+05,4.5204e+04
2026-01-19T13:39:20.000Z,-9.9990e+02,-9.9990e+02,-9.9990e+02,-9.9990e+02,-9.9990e+02,-9.9990e+02,2.5852e+03,1.3986e+03,2.0090e+06,5.0029e+05,1.7579e+05,4.3051e+04
2026-01-19T13:39:32.000Z,-9.9990e+02,-9.9990e+02,-9.9990e+02,-9.9990e+02,-9.9990e+02,-9.9990e+02,2.5852e+03,1.3986e+03,2.0090e+06,5.0029e+05,1.7579e+05,4.3051e+04
2026-01-19T13:39:44.000Z,-9.9990e+02,-9.9990e+02,-9.9990e+02,-9.9990e+02,-9.9990e+02,-9.9990e+02,2.5239e+03,1.3977e+03,2.0286e+06,4.9414e+05,1.8204e+05,4.3577e+04
2026-01-19T13:39:56.000Z,-9.9990e+02,-9.9990e+02,-9.9990e+02,-9.9990e+02,-9.9990e+02,-9.9990e+02,2.5239e+03,1.3977e+03,2.0286e+06,4.9414e+05,1.8204e+05,4.3577e+04
2026-01-19T13:40:08.000Z,-9.9990e+02,-9.9990e+02,-9.9990e+02,-9.9990e+02,-9.9990e+02,-9.9990e+02,2.4638e+03,1.3629e+03,2.0686e+06,5.1214e+05,1.8829e+05,4.4653e+04
2026-01-19T13:40:20.000Z,-9.9990e+02,-9.9990e+02,-9.9990e+02,-9.9990e+02,-9.9990e+02,-9.9990e+02,2.4638e+03,1.3629e+03,2.0686e+06,5.1214e+05,1.8829e+05,4.4653e+04
2026-01-19T13:40:32.000Z,-9.9990e+02,-9.9990e+02,-9.9990e+02,-9.9990e+02,-9.9990e+02,-9.9990e+02,2.4627e+03,1.3273e+03,1.9876e+06,4.9386e+05,1.7986e+05,4.3556e+04
2026-01-19T13:40:45.000Z,-9.9990e+02,-9.9990e+02,-9.9990e+02,-9.9990e+02,-9.9990e+02,-9.9990e+02,2.4627e+03,1.3273e+03,1.9876e+06,4.9386e+05,1.7986e+05,4.3556e+04
2026-01-19T13:40:57.000Z,-9.9990e+02,-9.9990e+02,-9.9990e+02,-9.9990e+02,-9.9990e+02,-9.9990e+02,2.4627e+03,1.3273e+03,1.9676e+06,4.8186e+05,1.7153e+05,4.3020e+04
2026-01-19T13:41:09.000Z,-9.9990e+02,-9.9990e+02,-9.9990e+02,-9.9990e+02,-9.9990e+02,-9.9990e+02,2.4627e+03,1.3273e+03,1.9676e+06,4.8186e+05,1.7153e+05,4.3020e+04
2026-01-19T13:41:21.000Z,-9.9990e+02,-9.9990e+02,-9.9990e+02,-9.9990e+02,-9.9990e+02,-9.9990e+02,-9.9990e+02,-9.9990e+02,-9.9990e+02,-9.9990e+02,-9.9990e+02,-9.9990e+02
2026-01-19T13:41:33.000Z,-9.9990e+02,-9.9990e+02,-9.9990e+02,-9.9990e+02,-9.9990e+02,-9.9990e+02,2.5236e+03,1.2933e+03,1.8086e+06,4.5214e+05,1.6329e+05,3.9291e+04
2026-01-19T13:41:45.000Z,-9.9990e+02,-9.9990e+02,-9.9990e+02,-9.9990e+02,-9.9990e+02,-9.9990e+02,2.5236e+03,1.2933e+03,1.8086e+06,4.5214e+05,1.6329e+05,3.9291e+04
2026-01-19T13:41:57.000Z,-9.9990e+02,-9.9990e+02,-9.9990e+02,-9.9990e+02,-9.9990e+02,-9.9990e+02,2.5826e+03,1.2925e+03,1.8276e+06,4.5186e+05,1.6319e+05,3.8199e+04
2026-01-19T13:42:10.000Z,-9.9990e+02,-9.9990e+02,-9.9990e+02,-9.9990e+02,-9.9990e+02,-9.9990e+02,2.5826e+03,1.2925e+03,1.8276e+06,4.5186e+05,1.6319e+05,3.8199e+04
2026-01-19T13:42:22.000Z,-9.9990e+02,-9.9990e+02,-9.9990e+02,-9.9990e+02,-9.9990e+02,-9.9990e+02,2.5826e+03,1.2925e+03,1.8067e+06,4.4571e+05,1.6310e+05,3.9791e+04
2026-01-19T13:42:34.000Z,-9.9990e+02,-9.9990e+02,-9.9990e+02,-9.9990e+02,-9.9990e+02,-9.9990e+02,2.5826e+03,1.2925e+03,1.8067e+06,4.4571e+05,1.6310e+05,3.9791e+04
2026-01-19T13:42:46.000Z,-9.9990e+02,-9.9990e+02,-9.9990e+02,-9.9990e+02,-9.9990e+02,-9.9990e+02,2.5849e+03,1.3281e+03,1.8276e+06,4.4886e+05,1.6111e+05,3.9811e+04
2026-01-19T13:42:58.000Z,-9.9990e+02,-9.9990e+02,-9.9990e+02,-9.9990e+02,-9.9990e+02,-9.9990e+02,2.5849e+03,1.3281e+03,1.8276e+06,4.4886e+05,1.6111e+05,3.9811e+04
2026-01-19T13:43:10.000Z,-9.9990e+02,-9.9990e+02,-9.9990e+02,-9.9990e+02,-9.9990e+02,-9.9990e+02,2.5826e+03,1.2925e+03,1.8267e+06,4.4571e+05,1.6002e+05,3.9791e+04
2026-01-19T13:43:23.000Z,-9.9990e+02,-9.9990e+02,-9.9990e+02,-9.9990e+02,-9.9990e+02,-9.9990e+02,2.5826e+03,1.2925e+03,1.8267e+06,4.4571e+05,1.6002e+05,3.9791e+04
2026-01-19T13:43:35.000Z,-9.9990e+02,-9.9990e+02,-9.9990e+02,-9.9990e+02,-9.9990e+02,-9.9990e+02,2.7040e+03,1.3977e+03,1.8471e+06,4.5171e+05,1.6310e+05,4.0878e+04
2026-01-19T13:43:47.000Z,-9.9990e+02,-9.9990e+02,-9.9990e+02,-9.9990e+02,-9.9990e+02,-9.9990e+02,2.7040e+03,1.3977e+03,1.8471e+06,4.5171e+05,1.6310e+05,4.0878e+04
2026-01-19T13:43:59.000Z,-9.9990e+02,-9.9990e+02,-9.9990e+02,-9.9990e+02,-9.9990e+02,-9.9990e+02,2.7026e+03,1.3969e+03,1.8471e+06,4.5171e+05,1.6528e+05,3.9801e+04
2026-01-19T13:44:11.000Z,-9.9990e+02,-9.9990e+02,-9.9990e+02,-9.9990e+02,-9.9990e+02,-9.9990e+02,2.7026e+03,1.3969e+03,1.8471e+06,4.5171e+05,1.6528e+05,3.9801e+04
2026-01-19T13:44:23.000Z,-9.9990e+02,-9.9990e+02,-9.9990e+02,-9.9990e+02,-9.9990e+02,-9.9990e+02,2.7026e+03,1.3969e+03,1.9271e+06,4.7571e+05,1.7351e+05,4.2480e+04
2026-01-19T13:44:35.000Z,-9.9990e+02,-9.9990e+02,-9.9990e+02,-9.9990e+02,-9.9990e+02,-9.9990e+02,2.7026e+03,1.3969e+03,1.9271e+06,4.7571e+05,1.7351e+05,4.2480e+04
2026-01-19T13:44:48.000Z,-9.9990e+02,-9.9990e+02,-9.9990e+02,-9.9990e+02,-9.9990e+02,-9.9990e+02,2.7026e+03,1.3969e+03,2.0286e+06,5.0614e+05,1.8413e+05,4.4653e+04
2026-01-19T13:45:00.000Z,-9.9990e+02,-9.9990e+02,-9.9990e+02,-9.9990e+02,-9.9990e+02,-9.9990e+02,2.7026e+03,1.3969e+03,2.0286e+06,5.0614e+05,1.8413e+05,4.4653e+04
2026-01-19T13:45:12.000Z,-9.9990e+02,-9.9990e+02,-9.9990e+02,-9.9990e+02,-9.9990e+02,-9.9990e+02,2.5826e+03,1.3969e+03,1.9671e+06,4.8786e+05,1.7778e+05,4.3015e+04
2026-01-19T13:45:24.000Z,-9.9990e+02,-9.9990e+02,-9.9990e+02,-9.9990e+02,-9.9990e+02,-9.9990e+02,2.5826e+03,1.3969e+03,1.9671e+06,4.8786e+05,1.7778e+05,4.3015e+04
2026-01-19T13:45:36.000Z,-9.9990e+02,-9.9990e+02,-9.9990e+02,-9.9990e+02,-9.9990e+02,-9.9990e+02,-9.9990e+02,-9.9990e+02,-9.9990e+02,-9.9990e+02,-9.9990e+02,-9.9990e+02
2026-01-19T13:45:48.000Z,-9.9990e+02,-9.9990e+02,-9.9990e+02,-9.9990e+02,-9.9990e+02,-9.9990e+02,2.5225e+03,1.3273e+03,2.0276e+06,4.9986e+05,1.8403e+05,4.4628e+04
2026-01-19T13:46:00.000Z,-9.9990e+02,-9.9990e+02,-9.9990e+02,-9.9990e+02,-9.9990e+02,-9.9990e+02,2.5225e+03,1.3273e+03,2.0276e+06,4.9986e+05,1.8403e+05,4.4628e+04
2026-01-19T13:46:12.000Z,-9.9990e+02,-9.9990e+02,-9.9990e+02,-9.9990e+02,-9.9990e+02,-9.9990e+02,2.4023e+03,1.2925e+03,2.0476e+06,5.1186e+05,1.8611e+05,4.5704e+04
2026-01-19T13:46:25.000Z,-9.9990e+02,-9.9990e+02,-9.9990e+02,-9.9990e+02,-9.9990e+02,-9.9990e+02,2.4023e+03,1.2925e+03,2.0476e+06,5.1186e+05,1.8611e+05,4.5704e+04
2026-01-19T13:46:37.000Z,-9.9990e+02,-9.9990e+02,-9.9990e+02,-9.9990e+02,-9.9990e+02,-9.9990e+02,2.4023e+03,1.2577e+03,2.0676e+06,5.1186e+05,1.8611e+05,4.5168e+04
2026-01-19T13:46:49.000Z,-9.9990e+02,-9.9990e+02,-9.9990e+02,-9.9990e+02,-9.9990e+02,-9.9990e+02,2.4023e+03,1.2577e+03,2.0676e+06,5.1186e+05,1.8611e+05,4.5168e+04
2026-01-19T13:47:01.000Z,-9.9990e+02,-9.9990e+02,-9.9990e+02,-9.9990e+02,-9.9990e+02,-9.9990e+02,2.3447e+03,1.2933e+03,2.0290e+06,4.8814e+05,1.8413e+05,4.3587e+04
2026-01-19T13:47:13.000Z,-9.9990e+02,-9.9990e+02,-9.9990e+02,-9.9990e+02,-9.9990e+02,-9.9990e+02,2.3447e+03,1.2933e+03,2.0290e+06,4.8814e+05,1.8413e+05,4.3587e+04
2026-01-19T13:47:25.000Z,-9.9990e+02,-9.9990e+02,-9.9990e+02,-9.9990e+02,-9.9990e+02,-9.9990e+02,2.3436e+03,1.2577e+03,1.9876e+06,4.7586e+05,1.7361e+05,4.2490e+04
2026-01-19T13:47:37.000Z,-9.9990e+02,-9.9990e+02,-9.9990e+02,-9.9990e+02,-9.9990e+02,-9.9990e+02,2.3436e+03,1.2577e+03,1.9876e+06,4.7586e+05,1.7361e+05,4.2490e+04
2026-01-19T13:47:50.000Z,-9.9990e+02,-9.9990e+02,-9.9990e+02,-9.9990e+02,-9.9990e+02,-9.9990e+02,2.4627e+03,1.2925e+03,1.9471e+06,4.7586e+05,1.7153e+05,4.1944e+04
2026-01-19T13:48:02.000Z,-9.9990e+02,-9.9990e+02,-9.9990e+02,-9.9990e+02,-9.9990e+02,-9.9990e+02,2.4627e+03,1.2925e+03,1.9471e+06,4.7586e+05,1.7153e+05,4.1944e+04
2026-01-19T13:48:14.000Z,-9.9990e+02,-9.9990e+02,-9.9990e+02,-9.9990e+02,-9.9990e+02,-9.9990e+02,2.4026e+03,1.2925e+03,1.9271e+06,4.6971e+05,1.7153e+05,4.1408e+04
2026-01-19T13:48:26.000Z,-9.9990e+02,-9.9990e+02,-9.9990e+02,-9.9990e+02,-9.9990e+02,-9.9990e+02,2.4026e+03,1.2925e+03,1.9271e+06,4.6971e+05,1.7153e+05,4.1408e+04
2026-01-19T13:48:38.000Z,-9.9990e+02,-9.9990e+02,-9.9990e+02,-9.9990e+02,-9.9990e+02,-9.9990e+02,2.4026e+03,1.2577e+03,1.9071e+06,4.6371e+05,1.6726e+05,4.0332e+04
2026-01-19T13:48:50.000Z,-9.9990e+02,-9.9990e+02,-9.9990e+02,-9.9990e+02,-9.9990e+02,-9.9990e+02,2.4026e+03,1.2577e+03,1.9071e+06,4.6371e+05,1.6726e+05,4.0332e+04
2026-01-19T13:49:02.000Z,-9.9990e+02,-9.9990e+02,-9.9990e+02,-9.9990e+02,-9.9990e+02,-9.9990e+02,2.3436e+03,1.2577e+03,1.9076e+06,4.6386e+05,1.6944e+05,4.0878e+04
2026-01-19T13:49:15.000Z,-9.9990e+02,-9.9990e+02,-9.9990e+02,-9.9990e+02,-9.9990e+02,-9.9990e+02,2.3436e+03,1.2577e+03,1.9076e+06,4.6386e+05,1.6944e+05,4.0878e+04
2026-01-19T13:49:27.000Z,-9.9990e+02,-9.9990e+02,-9.9990e+02,-9.9990e+02,-9.9990e+02,-9.9990e+02,2.4026e+03,1.2577e+03,1.9271e+06,4.6371e+05,1.6726e+05,4.1408e+04
2026-01-19T13:49:39.000Z,-9.9990e+02,-9.9990e+02,-9.9990e+02,-9.9990e+02,-9.9990e+02,-9.9990e+02,2.4026e+03,1.2577e+03,1.9271e+06,4.6371e+05,1.6726e+05,4.1408e+04
2026-01-19T13:49:51.000Z,-9.9990e+02,-9.9990e+02,-9.9990e+02,-9.9990e+02,-9.9990e+02,-9.9990e+02,-9.9990e+02,-9.9990e+02,-9.9990e+02,-9.9990e+02,-9.9990e+02,-9.9990e+02
2026-01-19T13:50:03.000Z,-9.9990e+02,-9.9990e+02,-9.9990e+02,-9.9990e+02,-9.9990e+02,-9.9990e+02,2.3436e+03,1.2577e+03,1.9681e+06,4.8800e+05,1.7569e+05,4.2230e+04
2026-01-19T13:50:15.000Z,-9.9990e+02,-9.9990e+02,-9.9990e+02,-9.9990e+02,-9.9990e+02,-9.9990e+02,2.3436e+03,1.2577e+03,1.9681e+06,4.8800e+05,1.7569e+05,4.2230e+04
2026-01-19T13:50:28.000Z,-9.9990e+02,-9.9990e+02,-9.9990e+02,-9.9990e+02,-9.9990e+02,-9.9990e+02,2.4624e+03,1.2925e+03,2.0481e+06,5.0600e+05,1.8403e+05,4.4102e+04
2026-01-19T13:50:40.000Z,-9.9990e+02,-9.9990e+02,-9.9990e+02,-9.9990e+02,-9.9990e+02,-9.9990e+02,2.4624e+03,1.2925e+03,2.0481e+06,5.0600e+05,1.8403e+05,4.4102e+04
2026-01-19T13:50:52.000Z,-9.9990e+02,-9.9990e+02,-9.9990e+02,-9.9990e+02,-9.9990e+02,-9.9990e+02,2.4624e+03,1.2925e+03,2.0676e+06,5.0586e+05,1.8611e+05,4.5168e+04
2026-01-19T13:51:04.000Z,-9.9990e+02,-9.9990e+02,-9.9990e+02,-9.9990e+02,-9.9990e+02,-9.9990e+02,2.4624e+03,1.2925e+03,2.0676e+06,5.0586e+05,1.8611e+05,4.5168e+04
2026-01-19T13:51:16.000Z,-9.9990e+02,-9.9990e+02,-9.9990e+02,-9.9990e+02,-9.9990e+02,-9.9990e+02,2.4037e+03,1.2933e+03,1.9676e+06,4.8800e+05,1.7986e+05,4.3026e+04
2026-01-19T13:51:28.000Z,-9.9990e+02,-9.9990e+02,-9.9990e+02,-9.9990e+02,-9.9990e+02,-9.9990e+02,2.4037e+03,1.2933e+03,1.9676e+06,4.8800e+05,1.7986e+05,4.3026e+04
2026-01-19T13:51:40.000Z,-9.9990e+02,-9.9990e+02,-9.9990e+02,-9.9990e+02,-9.9990e+02,-9.9990e+02,2.4023e+03,1.2577e+03,1.9671e+06,4.8786e+05,1.7778e+05,4.1944e+04
2026-01-19T13:51:53.000Z,-9.9990e+02,-9.9990e+02,-9.9990e+02,-9.9990e+02,-9.9990e+02,-9.9990e+02,2.4023e+03,1.2577e+03,1.9671e+06,4.8786e+05,1.7778e+05,4.1944e+04
2026-01-19T13:52:05.000Z,-9.9990e+02,-9.9990e+02,-9.9990e+02,-9.9990e+02,-9.9990e+02,-9.9990e+02,2.3424e+03,1.2577e+03,1.9876e+06,4.9986e+05,1.8194e+05,4.3556e+04
2026-01-19T13:52:17.000Z,-9.9990e+02,-9.9990e+02,-9.9990e+02,-9.9990e+02,-9.9990e+02,-9.9990e+02,2.3424e+03,1.2577e+03,1.9876e+06,4.9986e+05,1.8194e+05,4.3556e+04
2026-01-19T13:52:29.000Z,-9.9990e+02,-9.9990e+02,-9.9990e+02,-9.9990e+02,-9.9990e+02,-9.9990e+02,2.4026e+03,1.2925e+03,1.9271e+06,4.7586e+05,1.7361e+05,4.2480e+04
2026-01-19T13:52:41.000Z,-9.9990e+02,-9.9990e+02,-9.9990e+02,-9.9990e+02,-9.9990e+02,-9.9990e+02,2.4026e+03,1.2925e+03,1.9271e+06,4.7586e+05,1.7361e+05,4.2480e+04
2026-01-19T13:52:53.000Z,-9.9990e+02,-9.9990e+02,-9.9990e+02,-9.9990e+02,-9.9990e+02,-9.9990e+02,2.4026e+03,1.2925e+03,1.9471e+06,4.8186e+05,1.7361e+05,4.1944e+04
2026-01-19T13:53:05.000Z,-9.9990e+02,-9.9990e+02,-9.9990e+02,-9.9990e+02,-9.9990e+02,-9.9990e+02,2.4026e+03,1.2925e+03,1.9471e+06,4.8186e+05,1.7361e+05,4.1944e+04
2026-01-19T13:53:18.000Z,-9.9990e+02,-9.9990e+02,-9.9990e+02,-9.9990e+02,-9.9990e+02,-9.9990e+02,2.4627e+03,1.2925e+03,1.9271e+06,4.7586e+05,1.7361e+05,4.3020e+04
2026-01-19T13:53:30.000Z,-9.9990e+02,-9.9990e+02,-9.9990e+02,-9.9990e+02,-9.9990e+02,-9.9990e+02,2.4627e+03,1.2925e+03,1.9271e+06,4.7586e+05,1.7361e+05,4.3020e+04
2026-01-19T13:53:42.000Z,-9.9990e+02,-9.9990e+02,-9.9990e+02,-9.9990e+02,-9.9990e+02,-9.9990e+02,2.4627e+03,1.2925e+03,1.9271e+06,4.7586e+05,1.7361e+05,4.1944e+04
2026-01-19T13:53:54.000Z,-9.9990e+02,-9.9990e+02,-9.9990e+02,-9.9990e+02,-9.9990e+02,-9.9990e+02,2.4627e+03,1.2925e+03,1.9271e+06,4.7586e+05,1.7361e+05,4.1944e+04
2026-01-19T13:54:06.000Z,-9.9990e+02,-9.9990e+02,-9.9990e+02,-9.9990e+02,-9.9990e+02,-9.9990e+02,-9.9990e+02,-9.9990e+02,-9.9990e+02,-9.9990e+02,-9.9990e+02,-9.9990e+02
2026-01-19T13:54:18.000Z,-9.9990e+02,-9.9990e+02,-9.9990e+02,-9.9990e+02,-9.9990e+02,-9.9990e+02,2.4627e+03,1.2925e+03,2.0086e+06,5.0014e+05,1.7996e+05,4.3041e+04
2026-01-19T13:54:30.000Z,-9.9990e+02,-9.9990e+02,-9.9990e+02,-9.9990e+02,-9.9990e+02,-9.9990e+02,2.4627e+03,1.2925e+03,2.0086e+06,5.0014e+05,1.7996e+05,4.3041e+04
2026-01-19T13:54:43.000Z,-9.9990e+02,-9.9990e+02,-9.9990e+02,-9.9990e+02,-9.9990e+02,-9.9990e+02,2.4627e+03,1.2925e+03,1.9876e+06,4.9386e+05,1.8194e+05,4.3556e+04
2026-01-19T13:54:55.000Z,-9.9990e+02,-9.9990e+02,-9.9990e+02,-9.9990e+02,-9.9990e+02,-9.9990e+02,2.4627e+03,1.2925e+03,1.9876e+06,4.9386e+05,1.8194e+05,4.3556e+04
2026-01-19T13:55:07.000Z,-9.9990e+02,-9.9990e+02,-9.9990e+02,-9.9990e+02,-9.9990e+02,-9.9990e+02,2.4627e+03,1.2925e+03,1.9876e+06,4.8786e+05,1.7986e+05,4.3020e+04
2026-01-19T13:55:19.000Z,-9.9990e+02,-9.9990e+02,-9.9990e+02,-9.9990e+02,-9.9990e+02,-9.9990e+02,2.4627e+03,1.2925e+03,1.9876e+06,4.8786e+05,1.7986e+05,4.3020e+04
2026-01-19T13:55:31.000Z,-9.9990e+02,-9.9990e+02,-9.9990e+02,-9.9990e+02,-9.9990e+02,-9.9990e+02,2.3424e+03,1.2229e+03,1.9876e+06,4.8786e+05,1.7986e+05,4.2485e+04
2026-01-19T13:55:43.000Z,-9.9990e+02,-9.9990e+02,-9.9990e+02,-9.9990e+02,-9.9990e+02,-9.9990e+02,2.3424e+03,1.2229e+03,1.9876e+06,4.8786e+05,1.7986e+05,4.2485e+04
2026-01-19T13:55:55.000Z,-9.9990e+02,-9.9990e+02,-9.9990e+02,-9.9990e+02,-9.9990e+02,-9.9990e+02,2.4037e+03,1.2577e+03,1.8486e+06,4.7014e+05,1.6954e+05,4.0898e+04
2026-01-19T13:56:08.000Z,-9.9990e+02,-9.9990e+02,-9.9990e+02,-9.9990e+02,-9.9990e+02,-9.9990e+02,2.4037e+03,1.2577e+03,1.8486e+06,4.7014e+05,1.6954e+05,4.0898e+04
2026-01-19T13:56:20.000Z,-9.9990e+02,-9.9990e+02,-9.9990e+02,-9.9990e+02,-9.9990e+02,-9.9990e+02,2.4638e+03,1.2933e+03,1.8481e+06,4.6100e+05,1.6736e+05,4.0352e+04
2026-01-19T13:56:32.000Z,-9.9990e+02,-9.9990e+02,-9.9990e+02,-9.9990e+02,-9.9990e+02,-9.9990e+02,2.4638e+03,1.2933e+03,1.8481e+06,4.6100e+05,1.6736e+05,4.0352e+04
2026-01-19T13:56:44.000Z,-9.9990e+02,-9.9990e+02,-9.9990e+02,-9.9990e+02,-9.9990e+02,-9.9990e+02,2.5225e+03,1.2925e+03,1.9076e+06,4.7586e+05,1.7569e+05,4.2490e+04
2026-01-19T13:56:56.000Z,-9.9990e+02,-9.9990e+02,-9.9990e+02,-9.9990e+02,-9.9990e+02,-9.9990e+02,2.5225e+03,1.2925e+03,1.9076e+06,4.7586e+05,1.7569e+05,4.2490e+04
2026-01-19T13:57:08.000Z,-9.9990e+02,-9.9990e+02,-9.9990e+02,-9.9990e+02,-9.9990e+02,-9.9990e+02,2.5239e+03,1.2933e+03,1.8690e+06,4.7629e+05,1.7371e+05,4.1449e+04
2026-01-19T13:57:20.000Z,-9.9990e+02,-9.9990e+02,-9.9990e+02,-9.9990e+02,-9.9990e+02,-9.9990e+02,2.5239e+03,1.2933e+03,1.8690e+06,4.7629e+05,1.7371e+05,4.1449e+04
2026-01-19T13:57:33.000Z,-9.9990e+02,-9.9990e+02,-9.9990e+02,-9.9990e+02,-9.9990e+02,-9.9990e+02,2.4627e+03,1.2925e+03,1.9471e+06,4.7586e+05,1.7569e+05,4.1408e+04
2026-01-19T13:57:45.000Z,-9.9990e+02,-9.9990e+02,-9.9990e+02,-9.9990e+02,-9.9990e+02,-9.9990e+02,2.4627e+03,1.2925e+03,1.9471e+06,4.7586e+05,1.7569e+05,4.1408e+04
2026-01-19T13:57:57.000Z,-9.9990e+02,-9.9990e+02,-9.9990e+02,-9.9990e+02,-9.9990e+02,-9.9990e+02,2.4026e+03,1.2925e+03,1.9271e+06,4.7586e+05,1.7153e+05,4.2480e+04
2026-01-19T13:58:09.000Z,-9.9990e+02,-9.9990e+02,-9.9990e+02,-9.9990e+02,-9.9990e+02,-9.9990e+02,2.4026e+03,1.2925e+03,1.9271e+06,4.7586e+05,1.7153e+05,4.2480e+04
2026-01-19T13:58:21.000Z,-9.9990e+02,-9.9990e+02,-9.9990e+02,-9.9990e+02,-9.9990e+02,-9.9990e+02,-9.9990e+02,-9.9990e+02,-9.9990e+02,-9.9990e+02,-9.9990e+02,-9.9990e+02
2026-01-19T13:58:33.000Z,-9.9990e+02,-9.9990e+02,-9.9990e+02,-9.9990e+02,-9.9990e+02,-9.9990e+02,2.4650e+03,1.2933e+03,1.7886e+06,4.5514e+05,1.6746e+05,3.9832e+04
2026-01-19T13:58:45.000Z,-9.9990e+02,-9.9990e+02,-9.9990e+02,-9.9990e+02,-9.9990e+02,-9.9990e+02,2.4650e+03,1.2933e+03,1.7886e+06,4.5514e+05,1.6746e+05,3.9832e+04
2026-01-19T13:58:58.000Z,-9.9990e+02,-9.9990e+02,-9.9990e+02,-9.9990e+02,-9.9990e+02,-9.9990e+02,2.4624e+03,1.2925e+03,1.5657e+06,4.0043e+05,1.5159e+05,3.6566e+04
2026-01-19T13:59:10.000Z,-9.9990e+02,-9.9990e+02,-9.9990e+02,-9.9990e+02,-9.9990e+02,-9.9990e+02,2.4624e+03,1.2925e+03,1.5657e+06,4.0043e+05,1.5159e+05,3.6566e+04
2026-01-19T13:59:22.000Z,-9.9990e+02,-9.9990e+02,-9.9990e+02,-9.9990e+02,-9.9990e+02,-9.9990e+02,2.4638e+03,1.2933e+03,1.6867e+06,4.1871e+05,1.5476e+05,3.7648e+04
2026-01-19T13:59:34.000Z,-9.9990e+02,-9.9990e+02,-9.9990e+02,-9.9990e+02,-9.9990e+02,-9.9990e+02,2.4638e+03,1.2933e+03,1.6867e+06,4.1871e+05,1.5476e+05,3.7648e+04
2026-01-19T13:59:46.000Z,-9.9990e+02,-9.9990e+02,-9.9990e+02,-9.9990e+02,-9.9990e+02,-9.9990e+02,2.4647e+03,1.3290e+03,1.7471e+06,4.3686e+05,1.6319e+05,3.8464e+04
2026-01-19T13:59:58.000Z,-9.9990e+02,-9.9990e+02,-9.9990e+02,-9.9990e+02,-9.9990e+02,-9.9990e+02,2.4647e+03,1.3290e+03,1.7471e+06,4.3686e+05,1.6319e+05,3.8464e+04
2026-01-19T14:00:10.000Z,-9.9990e+02,-9.9990e+02,-9.9990e+02,-9.9990e+02,-9.9990e+02,-9.9990e+02,2.4023e+03,1.2925e+03,1.7267e+06,4.2757e+05,1.6101e+05,3.7908e+04
2026-01-19T14:00:23.000Z,-9.9990e+02,-9.9990e+02,-9.9990e+02,-9.9990e+02,-9.9990e+02,-9.9990e+02,2.4023e+03,1.2925e+03,1.7267e+06,4.2757e+05,1.6101e+05,3.7908e+04
2026-01-19T14:00:35.000Z,-9.9990e+02,-9.9990e+02,-9.9990e+02,-9.9990e+02,-9.9990e+02,-9.9990e+02,2.4026e+03,1.2925e+03,1.7067e+06,4.3071e+05,1.5585e+05,3.7653e+04
2026-01-19T14:00:47.000Z,-9.9990e+02,-9.9990e+02,-9.9990e+02,-9.9990e+02,-9.9990e+02,-9.9990e+02,2.4026e+03,1.2925e+03,1.7067e+06,4.3071e+05,1.5585e+05,3.7653e+04
2026-01-19T14:00:59.000Z,-9.9990e+02,-9.9990e+02,-9.9990e+02,-9.9990e+02,-9.9990e+02,-9.9990e+02,2.4638e+03,1.3281e+03,1.7067e+06,4.2471e+05,1.5685e+05,3.7383e+04
2026-01-19T14:01:11.000Z,-9.9990e+02,-9.9990e+02,-9.9990e+02,-9.9990e+02,-9.9990e+02,-9.9990e+02,2.4638e+03,1.3281e+03,1.7067e+06,4.2471e+05,1.5685e+05,3.7383e+04
2026-01-19T14:01:23.000Z,-9.9990e+02,-9.9990e+02,-9.9990e+02,-9.9990e+02,-9.9990e+02,-9.9990e+02,2.5225e+03,1.3273e+03,1.7867e+06,4.4571e+05,1.6210e+05,3.9791e+04
2026-01-19T14:01:35.000Z,-9.9990e+02,-9.9990e+02,-9.9990e+02,-9.9990e+02,-9.9990e+02,-9.9990e+02,2.5225e+03,1.3273e+03,1.7867e+06,4.4571e+05,1.6210e+05,3.9791e+04
2026-01-19T14:01:48.000Z,-9.9990e+02,-9.9990e+02,-9.9990e+02,-9.9990e+02,-9.9990e+02,-9.9990e+02,2.5225e+03,1.2925e+03,1.7871e+06,4.4586e+05,1.6319e+05,3.9536e+04
2026-01-19T14:02:00.000Z,-9.9990e+02,-9.9990e+02,-9.9990e+02,-9.9990e+02,-9.9990e+02,-9.9990e+02,2.5225e+03,1.2925e+03,1.7871e+06,4.4586e+05,1.6319e+05,3.9536e+04
2026-01-19T14:02:12.000Z,-9.9990e+02,-9.9990e+02,-9.9990e+02,-9.9990e+02,-9.9990e+02,-9.9990e+02,2.5841e+03,1.2933e+03,1.8071e+06,4.4271e+05,1.6419e+05,3.9801e+04
2026-01-19T14:02:24.000Z,-9.9990e+02,-9.9990e+02,-9.9990e+02,-9.9990e+02,-9.9990e+02,-9.9990e+02,2.5841e+03,1.2933e+03,1.8071e+06,4.4271e+05,1.6419e+05,3.9801e+04
2026-01-19T14:02:36.000Z,-9.9990e+02,-9.9990e+02,-9.9990e+02,-9.9990e+02,-9.9990e+02,-9.9990e+02,-9.9990e+02,-9.9990e+02,-9.9990e+02,-9.9990e+02,-9.9990e+02,-9.9990e+02
2026-01-19T14:02:48.000Z,-9.9990e+02,-9.9990e+02,-9.9990e+02,-9.9990e+02,-9.9990e+02,-9.9990e+02,2.5228e+03,1.2925e+03,1.8071e+06,4.4886e+05,1.6627e+05,4.0071e+04
2026-01-19T14:03:00.000Z,-9.9990e+02,-9.9990e+02,-9.9990e+02,-9.9990e+02,-9.9990e+02,-9.9990e+02,2.5228e+03,1.2925e+03,1.8071e+06,4.4886e+05,1.6627e+05,4.0071e+04
2026-01-19T14:03:13.000Z,-9.9990e+02,-9.9990e+02,-9.9990e+02,-9.9990e+02,-9.9990e+02,-9.9990e+02,2.4638e+03,1.2933e+03,1.8476e+06,4.6086e+05,1.6835e+05,4.1684e+04
2026-01-19T14:03:25.000Z,-9.9990e+02,-9.9990e+02,-9.9990e+02,-9.9990e+02,-9.9990e+02,-9.9990e+02,2.4638e+03,1.2933e+03,1.8476e+06,4.6086e+05,1.6835e+05,4.1684e+04
2026-01-19T14:03:37.000Z,-9.9990e+02,-9.9990e+02,-9.9990e+02,-9.9990e+02,-9.9990e+02,-9.9990e+02,2.5826e+03,1.3273e+03,1.7467e+06,4.3371e+05,1.6310e+05,3.9796e+04
2026-01-19T14:03:49.000Z,-9.9990e+02,-9.9990e+02,-9.9990e+02,-9.9990e+02,-9.9990e+02,-9.9990e+02,2.5826e+03,1.3273e+03,1.7467e+06,4.3371e+05,1.6310e+05,3.9796e+04
2026-01-19T14:04:01.000Z,-9.9990e+02,-9.9990e+02,-9.9990e+02,-9.9990e+02,-9.9990e+02,-9.9990e+02,2.5826e+03,1.3273e+03,1.6662e+06,4.1557e+05,1.5476e+05,3.8719e+04
2026-01-19T14:04:13.000Z,-9.9990e+02,-9.9990e+02,-9.9990e+02,-9.9990e+02,-9.9990e+02,-9.9990e+02,2.5826e+03,1.3273e+03,1.6662e+06,4.1557e+05,1.5476e+05,3.8719e+04
2026-01-19T14:04:25.000Z,-9.9990e+02,-9.9990e+02,-9.9990e+02,-9.9990e+02,-9.9990e+02,-9.9990e+02,2.6439e+03,1.3629e+03,1.7276e+06,4.3086e+05,1.5794e+05,3.7929e+04
2026-01-19T14:04:38.000Z,-9.9990e+02,-9.9990e+02,-9.9990e+02,-9.9990e+02,-9.9990e+02,-9.9990e+02,2.6439e+03,1.3629e+03,1.7276e+06,4.3086e+05,1.5794e+05,3.7929e+04
2026-01-19T14:04:50.000Z,-9.9990e+02,-9.9990e+02,-9.9990e+02,-9.9990e+02,-9.9990e+02,-9.9990e+02,-9.9990e+02,-9.9990e+02,-9.9990e+02,-9.9990e+02,-9.9990e+02,-9.9990e+02
2026-01-19T14:05:02.000Z,-9.9990e+02,-9.9990e+02,-9.9990e+02,-9.9990e+02,-9.9990e+02,-9.9990e+02,2.5826e+03,1.3969e+03,1.8267e+06,4.4571e+05,1.6310e+05,4.0597e+04
2026-01-19T14:05:14.000Z,-9.9990e+02,-9.9990e+02,-9.9990e+02,-9.9990e+02,-9.9990e+02,-9.9990e+02,2.5826e+03,1.3969e+03,1.8267e+06,4.4571e+05,1.6310e+05,4.0597e+04
2026-01-19T14:05:26.000Z,-9.9990e+02,-9.9990e+02,-9.9990e+02,-9.9990e+02,-9.9990e+02,-9.9990e+02,2.8228e+03,1.3969e+03,1.7867e+06,4.3671e+05,1.6518e+05,4.0332e+04
2026-01-19T14:05:38.000Z,-9.9990e+02,-9.9990e+02,-9.9990e+02,-9.9990e+02,-9.9990e+02,-9.9990e+02,2.8228e+03,1.3969e+03,1.7867e+06,4.3671e+05,1.6518e+05,4.0332e+04
2026-01-19T14:05:51.000Z,-9.9990e+02,-9.9990e+02,-9.9990e+02,-9.9990e+02,-9.9990e+02,-9.9990e+02,3.0032e+03,1.5369e+03,1.9071e+06,4.7271e+05,1.6935e+05,4.0867e+04
2026-01-19T14:06:03.000Z,-9.9990e+02,-9.9990e+02,-9.9990e+02,-9.9990e+02,-9.9990e+02,-9.9990e+02,3.0032e+03,1.5369e+03,1.9071e+06,4.7271e+05,1.6935e+05,4.0867e+04
2026-01-19T14:06:15.000Z,-9.9990e+02,-9.9990e+02,-9.9990e+02,-9.9990e+02,-9.9990e+02,-9.9990e+02,3.0630e+03,1.5021e+03,1.7867e+06,4.4271e+05,1.6518e+05,4.0332e+04
2026-01-19T14:06:27.000Z,-9.9990e+02,-9.9990e+02,-9.9990e+02,-9.9990e+02,-9.9990e+02,-9.9990e+02,3.0630e+03,1.5021e+03,1.7867e+06,4.4271e+05,1.6518e+05,4.0332e+04
2026-01-19T14:06:39.000Z,-9.9990e+02,-9.9990e+02,-9.9990e+02,-9.9990e+02,-9.9990e+02,-9.9990e+02,3.0630e+03,1.5369e+03,1.8476e+06,4.6686e+05,1.6944e+05,4.1418e+04
2026-01-19T14:06:51.000Z,-9.9990e+02,-9.9990e+02,-9.9990e+02,-9.9990e+02,-9.9990e+02,-9.9990e+02,3.0630e+03,1.5369e+03,1.8476e+06,4.6686e+05,1.6944e+05,4.1418e+04
2026-01-19T14:07:03.000Z,-9.9990e+02,-9.9990e+02,-9.9990e+02,-9.9990e+02,-9.9990e+02,-9.9990e+02,2.9434e+03,1.5021e+03,1.8267e+06,4.5171e+05,1.6726e+05,4.0332e+04
2026-01-19T14:07:16.000Z,-9.9990e+02,-9.9990e+02,-9.9990e+02,-9.9990e+02,-9.9990e+02,-9.9990e+02,2.9434e+03,1.5021e+03,1.8267e+06,4.5171e+05,1.6726e+05,4.0332e+04
2026-01-19T14:07:28.000Z,-9.9990e+02,-9.9990e+02,-9.9990e+02,-9.9990e+02,-9.9990e+02,-9.9990e+02,2.9434e+03,1.4673e+03,1.7071e+06,4.3686e+05,1.6111e+05,3.9811e+04
2026-01-19T14:07:40.000Z,-9.9990e+02,-9.9990e+02,-9.9990e+02,-9.9990e+02,-9.9990e+02,-9.9990e+02,2.9434e+03,1.4673e+03,1.7071e+06,4.3686e+05,1.6111e+05,3.9811e+04
2026-01-19T14:07:52.000Z,-9.9990e+02,-9.9990e+02,-9.9990e+02,-9.9990e+02,-9.9990e+02,-9.9990e+02,2.9434e+03,1.4682e+03,1.6871e+06,4.2786e+05,1.5694e+05,3.9276e+04
2026-01-19T14:08:04.000Z,-9.9990e+02,-9.9990e+02,-9.9990e+02,-9.9990e+02,-9.9990e+02,-9.9990e+02,2.9434e+03,1.4682e+03,1.6871e+06,4.2786e+05,1.5694e+05,3.9276e+04
2026-01-19T14:08:16.000Z,-9.9990e+02,-9.9990e+02,-9.9990e+02,-9.9990e+02,-9.9990e+02,-9.9990e+02,2.9434e+03,1.4673e+03,1.6867e+06,4.2471e+05,1.5685e+05,3.9265e+04
2026-01-19T14:08:28.000Z,-9.9990e+02,-9.9990e+02,-9.9990e+02,-9.9990e+02,-9.9990e+02,-9.9990e+02,2.9434e+03,1.4673e+03,1.6867e+06,4.2471e+05,1.5685e+05,3.9265e+04
2026-01-19T14:08:41.000Z,-9.9990e+02,-9.9990e+02,-9.9990e+02,-9.9990e+02,-9.9990e+02,-9.9990e+02,3.0659e+03,1.5386e+03,1.6476e+06,4.2186e+05,1.5903e+05,3.9821e+04
2026-01-19T14:08:53.000Z,-9.9990e+02,-9.9990e+02,-9.9990e+02,-9.9990e+02,-9.9990e+02,-9.9990e+02,3.0659e+03,1.5386e+03,1.6476e+06,4.2186e+05,1.5903e+05,3.9821e+04
2026-01-19T14:09:05.000Z,-9.9990e+02,-9.9990e+02,-9.9990e+02,-9.9990e+02,-9.9990e+02,-9.9990e+02,-9.9990e+02,-9.9990e+02,-9.9990e+02,-9.9990e+02,-9.9990e+02,-9.9990e+02
2026-01-19T14:09:17.000Z,-9.9990e+02,-9.9990e+02,-9.9990e+02,-9.9990e+02,-9.9990e+02,-9.9990e+02,3.1855e+03,1.5725e+03,1.5871e+06,4.0386e+05,1.5169e+05,3.7939e+04
2026-01-19T14:09:29.000Z,-9.9990e+02,-9.9990e+02,-9.9990e+02,-9.9990e+02,-9.9990e+02,-9.9990e+02,3.1855e+03,1.5725e+03,1.5871e+06,4.0386e+05,1.5169e+05,3.7939e+04
2026-01-19T14:09:41.000Z,-9.9990e+02,-9.9990e+02,-9.9990e+02,-9.9990e+02,-9.9990e+02,-9.9990e+02,3.1827e+03,1.6065e+03,1.5862e+06,4.1257e+05,1.5476e+05,3.8179e+04
2026-01-19T14:09:53.000Z,-9.9990e+02,-9.9990e+02,-9.9990e+02,-9.9990e+02,-9.9990e+02,-9.9990e+02,3.1827e+03,1.6065e+03,1.5862e+06,4.1257e+05,1.5476e+05,3.8179e+04
2026-01-19T14:10:06.000Z,-9.9990e+02,-9.9990e+02,-9.9990e+02,-9.9990e+02,-9.9990e+02,-9.9990e+02,3.2425e+03,1.6413e+03,1.6062e+06,4.1557e+05,1.5685e+05,3.7643e+04
2026-01-19T14:10:18.000Z,-9.9990e+02,-9.9990e+02,-9.9990e+02,-9.9990e+02,-9.9990e+02,-9.9990e+02,3.2425e+03,1.6413e+03,1.6062e+06,4.1557e+05,1.5685e+05,3.7643e+04
2026-01-19T14:10:30.000Z,-9.9990e+02,-9.9990e+02,-9.9990e+02,-9.9990e+02,-9.9990e+02,-9.9990e+02,3.3024e+03,1.6065e+03,1.6462e+06,4.1857e+05,1.5893e+05,3.9791e+04
2026-01-19T14:10:42.000Z,-9.9990e+02,-9.9990e+02,-9.9990e+02,-9.9990e+02,-9.9990e+02,-9.9990e+02,3.3024e+03,1.6065e+03,1.6462e+06,4.1857e+05,1.5893e+05,3.9791e+04
2026-01-19T14:10:54.000Z,-9.9990e+02,-9.9990e+02,-9.9990e+02,-9.9990e+02,-9.9990e+02,-9.9990e+02,3.3024e+03,1.6413e+03,1.6462e+06,4.1557e+05,1.5685e+05,3.8179e+04
2026-01-19T14:11:06.000Z,-9.9990e+02,-9.9990e+02,-9.9990e+02,-9.9990e+02,-9.9990e+02,-9.9990e+02,3.3024e+03,1.6413e+03,1.6462e+06,4.1557e+05,1.5685e+05,3.8179e+04
2026-01-19T14:11:18.000Z,-9.9990e+02,-9.9990e+02,-9.9990e+02,-9.9990e+02,-9.9990e+02,-9.9990e+02,3.3024e+03,1.6769e+03,1.5867e+06,4.0071e+05,1.5060e+05,3.7658e+04
2026-01-19T14:11:31.000Z,-9.9990e+02,-9.9990e+02,-9.9990e+02,-9.9990e+02,-9.9990e+02,-9.9990e+02,3.3024e+03,1.6769e+03,1.5867e+06,4.0071e+05,1.5060e+05,3.7658e+04
2026-01-19T14:11:43.000Z,-9.9990e+02,-9.9990e+02,-9.9990e+02,-9.9990e+02,-9.9990e+02,-9.9990e+02,3.2425e+03,1.6413e+03,1.5457e+06,3.9743e+05,1.5159e+05,3.8179e+04
2026-01-19T14:11:55.000Z,-9.9990e+02,-9.9990e+02,-9.9990e+02,-9.9990e+02,-9.9990e+02,-9.9990e+02,3.2425e+03,1.6413e+03,1.5457e+06,3.9743e+05,1.5159e+05,3.8179e+04
2026-01-19T14:12:07.000Z,-9.9990e+02,-9.9990e+02,-9.9990e+02,-9.9990e+02,-9.9990e+02,-9.9990e+02,3.3024e+03,1.6413e+03,1.5462e+06,3.9457e+05,1.4960e+05,3.8459e+04
2026-01-19T14:12:19.000Z,-9.9990e+02,-9.9990e+02,-9.9990e+02,-9.9990e+02,-9.9990e+02,-9.9990e+02,3.3024e+03,1.6413e+03,1.5462e+06,3.9457e+05,1.4960e+05,3.8459e+04
2026-01-19T14:12:31.000Z,-9.9990e+02,-9.9990e+02,-9.9990e+02,-9.9990e+02,-9.9990e+02,-9.9990e+02,3.3622e+03,1.7117e+03,1.5457e+06,3.9443e+05,1.5268e+05,3.7913e+04
2026-01-19T14:12:43.000Z,-9.9990e+02,-9.9990e+02,-9.9990e+02,-9.9990e+02,-9.9990e+02,-9.9990e+02,3.3622e+03,1.7117e+03,1.5457e+06,3.9443e+05,1.5268e+05,3.7913e+04
2026-01-19T14:12:56.000Z,-9.9990e+02,-9.9990e+02,-9.9990e+02,-9.9990e+02,-9.9990e+02,-9.9990e+02,3.3651e+03,1.7126e+03,1.5462e+06,3.8857e+05,1.4742e+05,3.7112e+04
2026-01-19T14:13:08.000Z,-9.9990e+02,-9.9990e+02,-9.9990e+02,-9.9990e+02,-9.9990e+02,-9.9990e+02,3.3651e+03,1.7126e+03,1.5462e+06,3.8857e+05,1.4742e+05,3.7112e+04
2026-01-19T14:13:20.000Z,-9.9990e+02,-9.9990e+02,-9.9990e+02,-9.9990e+02,-9.9990e+02,-9.9990e+02,-9.9990e+02,-9.9990e+02,-9.9990e+02,-9.9990e+02,-9.9990e+02,-9.9990e+02
2026-01-19T14:13:32.000Z,-9.9990e+02,-9.9990e+02,-9.9990e+02,-9.9990e+02,-9.9990e+02,-9.9990e+02,3.3651e+03,1.7126e+03,1.5267e+06,3.7957e+05,1.4643e+05,3.7122e+04
2026-01-19T14:13:44.000Z,-9.9990e+02,-9.9990e+02,-9.9990e+02,-9.9990e+02,-9.9990e+02,-9.9990e+02,3.3651e+03,1.7126e+03,1.5267e+06,3.7957e+05,1.4643e+05,3.7122e+04
2026-01-19T14:13:56.000Z,-9.9990e+02,-9.9990e+02,-9.9990e+02,-9.9990e+02,-9.9990e+02,-9.9990e+02,3.3052e+03,1.7134e+03,1.5467e+06,3.9471e+05,1.4861e+05,3.7398e+04
2026-01-19T14:14:08.000Z,-9.9990e+02,-9.9990e+02,-9.9990e+02,-9.9990e+02,-9.9990e+02,-9.9990e+02,3.3052e+03,1.7134e+03,1.5467e+06,3.9471e+05,1.4861e+05,3.7398e+04
2026-01-19T14:14:21.000Z,-9.9990e+02,-9.9990e+02,-9.9990e+02,-9.9990e+02,-9.9990e+02,-9.9990e+02,3.2425e+03,1.7117e+03,1.5257e+06,4.0043e+05,1.5060e+05,3.7643e+04
2026-01-19T14:14:33.000Z,-9.9990e+02,-9.9990e+02,-9.9990e+02,-9.9990e+02,-9.9990e+02,-9.9990e+02,3.2425e+03,1.7117e+03,1.5257e+06,4.0043e+05,1.5060e+05,3.7643e+04
2026-01-19T14:14:45.000Z,-9.9990e+02,-9.9990e+02,-9.9990e+02,-9.9990e+02,-9.9990e+02,-9.9990e+02,3.3024e+03,1.7117e+03,1.5657e+06,3.9443e+05,1.4950e+05,3.8179e+04
2026-01-19T14:14:57.000Z,-9.9990e+02,-9.9990e+02,-9.9990e+02,-9.9990e+02,-9.9990e+02,-9.9990e+02,3.3024e+03,1.7117e+03,1.5657e+06,3.9443e+05,1.4950e+05,3.8179e+04
2026-01-19T14:15:09.000Z,-9.9990e+02,-9.9990e+02,-9.9990e+02,-9.9990e+02,-9.9990e+02,-9.9990e+02,3.3024e+03,1.7117e+03,1.5857e+06,4.1257e+05,1.5476e+05,3.9255e+04
2026-01-19T14:15:21.000Z,-9.9990e+02,-9.9990e+02,-9.9990e+02,-9.9990e+02,-9.9990e+02,-9.9990e+02,3.3024e+03,1.7117e+03,1.5857e+06,4.1257e+05,1.5476e+05,3.9255e+04
2026-01-19T14:15:33.000Z,-9.9990e+02,-9.9990e+02,-9.9990e+02,-9.9990e+02,-9.9990e+02,-9.9990e+02,3.3024e+03,1.7117e+03,1.5667e+06,3.9771e+05,1.5169e+05,3.8194e+04
2026-01-19T14:15:46.000Z,-9.9990e+02,-9.9990e+02,-9.9990e+02,-9.9990e+02,-9.9990e+02,-9.9990e+02,3.3024e+03,1.7117e+03,1.5667e+06,3.9771e+05,1.5169e+05,3.8194e+04
2026-01-19T14:15:58.000Z,-9.9990e+02,-9.9990e+02,-9.9990e+02,-9.9990e+02,-9.9990e+02,-9.9990e+02,3.3081e+03,1.7142e+03,1.6071e+06,4.0986e+05,1.5486e+05,3.9281e+04
2026-01-19T14:16:10.000Z,-9.9990e+02,-9.9990e+02,-9.9990e+02,-9.9990e+02,-9.9990e+02,-9.9990e+02,3.3081e+03,1.7142e+03,1.6071e+06,4.0986e+05,1.5486e+05,3.9281e+04
2026-01-19T14:16:22.000Z,-9.9990e+02,-9.9990e+02,-9.9990e+02,-9.9990e+02,-9.9990e+02,-9.9990e+02,3.3651e+03,1.7474e+03,1.5862e+06,4.0357e+05,1.5268e+05,3.9260e+04
2026-01-19T14:16:34.000Z,-9.9990e+02,-9.9990e+02,-9.9990e+02,-9.9990e+02,-9.9990e+02,-9.9990e+02,3.3651e+03,1.7474e+03,1.5862e+06,4.0357e+05,1.5268e+05,3.9260e+04
2026-01-19T14:16:46.000Z,-9.9990e+02,-9.9990e+02,-9.9990e+02,-9.9990e+02,-9.9990e+02,-9.9990e+02,3.4277e+03,1.7482e+03,1.5667e+06,3.9171e+05,1.5268e+05,3.8194e+04
2026-01-19T14:16:58.000Z,-9.9990e+02,-9.9990e+02,-9.9990e+02,-9.9990e+02,-9.9990e+02,-9.9990e+02,3.4277e+03,1.7482e+03,1.5667e+06,3.9171e+05,1.5268e+05,3.8194e+04
2026-01-19T14:17:11.000Z,-9.9990e+02,-9.9990e+02,-9.9990e+02,-9.9990e+02,-9.9990e+02,-9.9990e+02,3.4249e+03,1.7126e+03,1.4657e+06,3.8257e+05,1.4643e+05,3.7112e+04
2026-01-19T14:17:23.000Z,-9.9990e+02,-9.9990e+02,-9.9990e+02,-9.9990e+02,-9.9990e+02,-9.9990e+02,3.4249e+03,1.7126e+03,1.4657e+06,3.8257e+05,1.4643e+05,3.7112e+04
2026-01-19T14:17:35.000Z,-9.9990e+02,-9.9990e+02,-9.9990e+02,-9.9990e+02,-9.9990e+02,-9.9990e+02,-9.9990e+02,-9.9990e+02,-9.9990e+02,-9.9990e+02,-9.9990e+02,-9.9990e+02
2026-01-19T14:17:47.000Z,-9.9990e+02,-9.9990e+02,-9.9990e+02,-9.9990e+02,-9.9990e+02,-9.9990e+02,3.3052e+03,1.6778e+03,1.4862e+06,3.8857e+05,1.4534e+05,3.7112e+04
2026-01-19T14:17:59.000Z,-9.9990e+02,-9.9990e+02,-9.9990e+02,-9.9990e+02,-9.9990e+02,-9.9990e+02,3.3052e+03,1.6778e+03,1.4862e+06,3.8857e+05,1.4534e+05,3.7112e+04
2026-01-19T14:18:11.000Z,-9.9990e+02,-9.9990e+02,-9.9990e+02,-9.9990e+02,-9.9990e+02,-9.9990e+02,3.3622e+03,1.6413e+03,1.5257e+06,3.8543e+05,1.5159e+05,3.7643e+04
2026-01-19T14:18:23.000Z,-9.9990e+02,-9.9990e+02,-9.9990e+02,-9.9990e+02,-9.9990e+02,-9.9990e+02,3.3622e+03,1.6413e+03,1.5257e+06,3.8543e+05,1.5159e+05,3.7643e+04
2026-01-19T14:18:36.000Z,-9.9990e+02,-9.9990e+02,-9.9990e+02,-9.9990e+02,-9.9990e+02,-9.9990e+02,3.3622e+03,1.6769e+03,1.5657e+06,4.0657e+05,1.5367e+05,3.8449e+04
2026-01-19T14:18:48.000Z,-9.9990e+02,-9.9990e+02,-9.9990e+02,-9.9990e+02,-9.9990e+02,-9.9990e+02,3.3622e+03,1.6769e+03,1.5657e+06,4.0657e+05,1.5367e+05,3.8449e+04
2026-01-19T14:19:00.000Z,-9.9990e+02,-9.9990e+02,-9.9990e+02,-9.9990e+02,-9.9990e+02,-9.9990e+02,3.3622e+03,1.6769e+03,1.5657e+06,3.9743e+05,1.5159e+05,3.8179e+04
2026-01-19T14:19:12.000Z,-9.9990e+02,-9.9990e+02,-9.9990e+02,-9.9990e+02,-9.9990e+02,-9.9990e+02,3.3622e+03,1.6769e+03,1.5657e+06,3.9743e+05,1.5159e+05,3.8179e+04
2026-01-19T14:19:24.000Z,-9.9990e+02,-9.9990e+02,-9.9990e+02,-9.9990e+02,-9.9990e+02,-9.9990e+02,3.3622e+03,1.7117e+03,1.5657e+06,4.0657e+05,1.5367e+05,3.8449e+04
2026-01-19T14:19:36.000Z,-9.9990e+02,-9.9990e+02,-9.9990e+02,-9.9990e+02,-9.9990e+02,-9.9990e+02,3.3622e+03,1.7117e+03,1.5657e+06,4.0657e+05,1.5367e+05,3.8449e+04
2026-01-19T14:19:49.000Z,-9.9990e+02,-9.9990e+02,-9.9990e+02,-9.9990e+02,-9.9990e+02,-9.9990e+02,3.3081e+03,1.7490e+03,1.6071e+06,4.1286e+05,1.5486e+05,3.8209e+04
2026-01-19T14:20:01.000Z,-9.9990e+02,-9.9990e+02,-9.9990e+02,-9.9990e+02,-9.9990e+02,-9.9990e+02,3.3081e+03,1.7490e+03,1.6071e+06,4.1286e+05,1.5486e+05,3.8209e+04
2026-01-19T14:20:13.000Z,-9.9990e+02,-9.9990e+02,-9.9990e+02,-9.9990e+02,-9.9990e+02,-9.9990e+02,3.3622e+03,1.7813e+03,1.6267e+06,4.2171e+05,1.5893e+05,3.9265e+04
2026-01-19T14:20:25.000Z,-9.9990e+02,-9.9990e+02,-9.9990e+02,-9.9990e+02,-9.9990e+02,-9.9990e+02,3.3622e+03,1.7813e+03,1.6267e+06,4.2171e+05,1.5893e+05,3.9265e+04
2026-01-19T14:20:37.000Z,-9.9990e+02,-9.9990e+02,-9.9990e+02,-9.9990e+02,-9.9990e+02,-9.9990e+02,3.3679e+03,1.7482e+03,1.6681e+06,4.2814e+05,1.6329e+05,4.0378e+04
2026-01-19T14:20:49.000Z,-9.9990e+02,-9.9990e+02,-9.9990e+02,-9.9990e+02,-9.9990e+02,-9.9990e+02,3.3679e+03,1.7482e+03,1.6681e+06,4.2814e+05,1.6329e+05,4.0378e+04
2026-01-19T14:21:01.000Z,-9.9990e+02,-9.9990e+02,-9.9990e+02,-9.9990e+02,-9.9990e+02,-9.9990e+02,3.4847e+03,1.7813e+03,1.6862e+06,4.2757e+05,1.5893e+05,3.9791e+04
2026-01-19T14:21:14.000Z,-9.9990e+02,-9.9990e+02,-9.9990e+02,-9.9990e+02,-9.9990e+02,-9.9990e+02,3.4847e+03,1.7813e+03,1.6862e+06,4.2757e+05,1.5893e+05,3.9791e+04
2026-01-19T14:21:26.000Z,-9.9990e+02,-9.9990e+02,-9.9990e+02,-9.9990e+02,-9.9990e+02,-9.9990e+02,3.4847e+03,1.7813e+03,1.7067e+06,4.3071e+05,1.6528e+05,4.0342e+04
2026-01-19T14:21:38.000Z,-9.9990e+02,-9.9990e+02,-9.9990e+02,-9.9990e+02,-9.9990e+02,-9.9990e+02,3.4847e+03,1.7813e+03,1.7067e+06,4.3071e+05,1.6528e+05,4.0342e+04
2026-01-19T14:21:50.000Z,-9.9990e+02,-9.9990e+02,-9.9990e+02,-9.9990e+02,-9.9990e+02,-9.9990e+02,-9.9990e+02,-9.9990e+02,-9.9990e+02,-9.9990e+02,-9.9990e+02,-9.9990e+02
2026-01-19T14:22:02.000Z,-9.9990e+02,-9.9990e+02,-9.9990e+02,-9.9990e+02,-9.9990e+02,-9.9990e+02,3.3024e+03,1.6769e+03,1.7262e+06,4.4571e+05,1.6518e+05,4.0867e+04
2026-01-19T14:22:14.000Z,-9.9990e+02,-9.9990e+02,-9.9990e+02,-9.9990e+02,-9.9990e+02,-9.9990e+02,3.3024e+03,1.6769e+03,1.7262e+06,4.4571e+05,1.6518e+05,4.0867e+04
2026-01-19T14:22:26.000Z,-9.9990e+02,-9.9990e+02,-9.9990e+02,-9.9990e+02,-9.9990e+02,-9.9990e+02,3.2425e+03,1.6065e+03,1.6662e+06,4.2157e+05,1.6101e+05,4.0327e+04
2026-01-19T14:22:39.000Z,-9.9990e+02,-9.9990e+02,-9.9990e+02,-9.9990e+02,-9.9990e+02,-9.9990e+02,3.2425e+03,1.6065e+03,1.6662e+06,4.2157e+05,1.6101e+05,4.0327e+04
2026-01-19T14:22:51.000Z,-9.9990e+02,-9.9990e+02,-9.9990e+02,-9.9990e+02,-9.9990e+02,-9.9990e+02,3.2511e+03,1.6446e+03,1.6076e+06,4.2200e+05,1.5913e+05,4.0367e+04
2026-01-19T14:23:03.000Z,-9.9990e+02,-9.9990e+02,-9.9990e+02,-9.9990e+02,-9.9990e+02,-9.9990e+02,3.2511e+03,1.6446e+03,1.6076e+06,4.2200e+05,1.5913e+05,4.0367e+04
2026-01-19T14:23:15.000Z,-9.9990e+02,-9.9990e+02,-9.9990e+02,-9.9990e+02,-9.9990e+02,-9.9990e+02,3.2425e+03,1.6769e+03,1.5657e+06,4.0657e+05,1.5685e+05,3.8714e+04
2026-01-19T14:23:27.000Z,-9.9990e+02,-9.9990e+02,-9.9990e+02,-9.9990e+02,-9.9990e+02,-9.9990e+02,3.2425e+03,1.6769e+03,1.5657e+06,4.0657e+05,1.5685e+05,3.8714e+04
2026-01-19T14:23:39.000Z,-9.9990e+02,-9.9990e+02,-9.9990e+02,-9.9990e+02,-9.9990e+02,-9.9990e+02,3.2425e+03,1.6769e+03,1.5257e+06,3.9443e+05,1.5060e+05,3.8179e+04
2026-01-19T14:23:51.000Z,-9.9990e+02,-9.9990e+02,-9.9990e+02,-9.9990e+02,-9.9990e+02,-9.9990e+02,3.2425e+03,1.6769e+03,1.5257e+06,3.9443e+05,1.5060e+05,3.8179e+04
2026-01-19T14:24:04.000Z,-9.9990e+02,-9.9990e+02,-9.9990e+02,-9.9990e+02,-9.9990e+02,-9.9990e+02,3.1827e+03,1.6769e+03,1.4957e+06,3.8843e+05,1.5159e+05,3.7643e+04
2026-01-19T14:24:16.000Z,-9.9990e+02,-9.9990e+02,-9.9990e+02,-9.9990e+02,-9.9990e+02,-9.9990e+02,3.1827e+03,1.6769e+03,1.4957e+06,3.8843e+05,1.5159e+05,3.7643e+04
2026-01-19T14:24:28.000Z,-9.9990e+02,-9.9990e+02,-9.9990e+02,-9.9990e+02,-9.9990e+02,-9.9990e+02,3.3024e+03,1.7465e+03,1.4757e+06,3.8257e+05,1.4851e+05,3.7653e+04
2026-01-19T14:24:40.000Z,-9.9990e+02,-9.9990e+02,-9.9990e+02,-9.9990e+02,-9.9990e+02,-9.9990e+02,3.3024e+03,1.7465e+03,1.4757e+06,3.8257e+05,1.4851e+05,3.7653e+04
2026-01-19T14:24:52.000Z,-9.9990e+02,-9.9990e+02,-9.9990e+02,-9.9990e+02,-9.9990e+02,-9.9990e+02,3.3622e+03,1.7813e+03,1.5567e+06,3.9771e+05,1.5060e+05,3.7658e+04
2026-01-19T14:25:04.000Z,-9.9990e+02,-9.9990e+02,-9.9990e+02,-9.9990e+02,-9.9990e+02,-9.9990e+02,3.3622e+03,1.7813e+03,1.5567e+06,3.9771e+05,1.5060e+05,3.7658e+04
2026-01-19T14:25:16.000Z,-9.9990e+02,-9.9990e+02,-9.9990e+02,-9.9990e+02,-9.9990e+02,-9.9990e+02,3.4249e+03,1.7465e+03,1.5862e+06,4.1257e+05,1.5476e+05,3.9791e+04
2026-01-19T14:25:29.000Z,-9.9990e+02,-9.9990e+02,-9.9990e+02,-9.9990e+02,-9.9990e+02,-9.9990e+02,3.4249e+03,1.7465e+03,1.5862e+06,4.1257e+05,1.5476e+05,3.9791e+04
2026-01-19T14:25:41.000Z,-9.9990e+02,-9.9990e+02,-9.9990e+02,-9.9990e+02,-9.9990e+02,-9.9990e+02,3.3651e+03,1.7474e+03,1.5862e+06,4.1571e+05,1.5476e+05,3.8724e+04
2026-01-19T14:25:53.000Z,-9.9990e+02,-9.9990e+02,-9.9990e+02,-9.9990e+02,-9.9990e+02,-9.9990e+02,3.3651e+03,1.7474e+03,1.5862e+06,4.1571e+05,1.5476e+05,3.8724e+04
2026-01-19T14:26:05.000Z,-9.9990e+02,-9.9990e+02,-9.9990e+02,-9.9990e+02,-9.9990e+02,-9.9990e+02,-9.9990e+02,-9.9990e+02,-9.9990e+02,-9.9990e+02,-9.9990e+02,-9.9990e+02
2026-01-19T14:26:17.000Z,-9.9990e+02,-9.9990e+02,-9.9990e+02,-9.9990e+02,-9.9990e+02,-9.9990e+02,3.3024e+03,1.7465e+03,1.6267e+06,4.1571e+05,1.5694e+05,3.8735e+04
2026-01-19T14:26:29.000Z,-9.9990e+02,-9.9990e+02,-9.9990e+02,-9.9990e+02,-9.9990e+02,-9.9990e+02,3.3024e+03,1.7465e+03,1.6267e+06,4.1571e+05,1.5694e+05,3.8735e+04
2026-01-19T14:26:41.000Z,-9.9990e+02,-9.9990e+02,-9.9990e+02,-9.9990e+02,-9.9990e+02,-9.9990e+02,3.3651e+03,1.7474e+03,1.6067e+06,4.0971e+05,1.5486e+05,3.8735e+04
2026-01-19T14:26:54.000Z,-9.9990e+02,-9.9990e+02,-9.9990e+02,-9.9990e+02,-9.9990e+02,-9.9990e+02,3.3651e+03,1.7474e+03,1.6067e+06,4.0971e+05,1.5486e+05,3.8735e+04
2026-01-19T14:27:06.000Z,-9.9990e+02,-9.9990e+02,-9.9990e+02,-9.9990e+02,-9.9990e+02,-9.9990e+02,3.4220e+03,1.7465e+03,1.5657e+06,4.0343e+05,1.5685e+05,3.9255e+04
2026-01-19T14:27:18.000Z,-9.9990e+02,-9.9990e+02,-9.9990e+02,-9.9990e+02,-9.9990e+02,-9.9990e+02,3.4220e+03,1.7465e+03,1.5657e+06,4.0343e+05,1.5685e+05,3.9255e+04
2026-01-19T14:27:30.000Z,-9.9990e+02,-9.9990e+02,-9.9990e+02,-9.9990e+02,-9.9990e+02,-9.9990e+02,3.1855e+03,1.6778e+03,1.4657e+06,3.8257e+05,1.4643e+05,3.7648e+04
2026-01-19T14:27:42.000Z,-9.9990e+02,-9.9990e+02,-9.9990e+02,-9.9990e+02,-9.9990e+02,-9.9990e+02,3.1855e+03,1.6778e+03,1.4657e+06,3.8257e+05,1.4643e+05,3.7648e+04
2026-01-19T14:27:54.000Z,-9.9990e+02,-9.9990e+02,-9.9990e+02,-9.9990e+02,-9.9990e+02,-9.9990e+02,3.3052e+03,1.7482e+03,1.4867e+06,3.8571e+05,1.4653e+05,3.7668e+04
2026-01-19T14:28:06.000Z,-9.9990e+02,-9.9990e+02,-9.9990e+02,-9.9990e+02,-9.9990e+02,-9.9990e+02,3.3052e+03,1.7482e+03,1.4867e+06,3.8571e+05,1.4653e+05,3.7668e+04
2026-01-19T14:28:19.000Z,-9.9990e+02,-9.9990e+02,-9.9990e+02,-9.9990e+02,-9.9990e+02,-9.9990e+02,3.2425e+03,1.7465e+03,1.5362e+06,4.0057e+05,1.5268e+05,3.8189e+04
2026-01-19T14:28:31.000Z,-9.9990e+02,-9.9990e+02,-9.9990e+02,-9.9990e+02,-9.9990e+02,-9.9990e+02,3.2425e+03,1.7465e+03,1.5362e+06,4.0057e+05,1.5268e+05,3.8189e+04
2026-01-19T14:28:43.000Z,-9.9990e+02,-9.9990e+02,-9.9990e+02,-9.9990e+02,-9.9990e+02,-9.9990e+02,3.4220e+03,1.7465e+03,1.5857e+06,4.0957e+05,1.5893e+05,3.9791e+04
2026-01-19T14:28:55.000Z,-9.9990e+02,-9.9990e+02,-9.9990e+02,-9.9990e+02,-9.9990e+02,-9.9990e+02,3.4220e+03,1.7465e+03,1.5857e+06,4.0957e+05,1.5893e+05,3.9791e+04
2026-01-19T14:29:07.000Z,-9.9990e+02,-9.9990e+02,-9.9990e+02,-9.9990e+02,-9.9990e+02,-9.9990e+02,3.3651e+03,1.7830e+03,1.5771e+06,4.0686e+05,1.5694e+05,3.9281e+04
2026-01-19T14:29:19.000Z,-9.9990e+02,-9.9990e+02,-9.9990e+02,-9.9990e+02,-9.9990e+02,-9.9990e+02,3.3651e+03,1.7830e+03,1.5771e+06,4.0686e+05,1.5694e+05,3.9281e+04
2026-01-19T14:29:31.000Z,-9.9990e+02,-9.9990e+02,-9.9990e+02,-9.9990e+02,-9.9990e+02,-9.9990e+02,3.3622e+03,1.8509e+03,1.5457e+06,4.0957e+05,1.5893e+05,3.9791e+04
2026-01-19T14:29:44.000Z,-9.9990e+02,-9.9990e+02,-9.9990e+02,-9.9990e+02,-9.9990e+02,-9.9990e+02,3.3622e+03,1.8509e+03,1.5457e+06,4.0957e+05,1.5893e+05,3.9791e+04
2026-01-19T14:29:56.000Z,-9.9990e+02,-9.9990e+02,-9.9990e+02,-9.9990e+02,-9.9990e+02,-9.9990e+02,3.6044e+03,1.8170e+03,1.5362e+06,4.0057e+05,1.5476e+05,3.9260e+04
2026-01-19T14:30:08.000Z,-9.9990e+02,-9.9990e+02,-9.9990e+02,-9.9990e+02,-9.9990e+02,-9.9990e+02,3.6044e+03,1.8170e+03,1.5362e+06,4.0057e+05,1.5476e+05,3.9260e+04
2026-01-19T14:30:20.000Z,-9.9990e+02,-9.9990e+02,-9.9990e+02,-9.9990e+02,-9.9990e+02,-9.9990e+02,-9.9990e+02,-9.9990e+02,-9.9990e+02,-9.9990e+02,-9.9990e+02,-9.9990e+02
2026-01-19T14:30:32.000Z,-9.9990e+02,-9.9990e+02,-9.9990e+02,-9.9990e+02,-9.9990e+02,-9.9990e+02,3.4847e+03,1.8161e+03,1.5157e+06,3.9143e+05,1.5060e+05,3.8714e+04
2026-01-19T14:30:44.000Z,-9.9990e+02,-9.9990e+02,-9.9990e+02,-9.9990e+02,-9.9990e+02,-9.9990e+02,3.4847e+03,1.8161e+03,1.5157e+06,3.9143e+05,1.5060e+05,3.8714e+04
2026-01-19T14:30:56.000Z,-9.9990e+02,-9.9990e+02,-9.9990e+02,-9.9990e+02,-9.9990e+02,-9.9990e+02,3.4847e+03,1.8161e+03,1.4657e+06,3.8257e+05,1.4950e+05,3.8189e+04
2026-01-19T14:31:09.000Z,-9.9990e+02,-9.9990e+02,-9.9990e+02,-9.9990e+02,-9.9990e+02,-9.9990e+02,3.4847e+03,1.8161e+03,1.4657e+06,3.8257e+05,1.4950e+05,3.8189e+04
2026-01-19T14:31:21.000Z,-9.9990e+02,-9.9990e+02,-9.9990e+02,-9.9990e+02,-9.9990e+02,-9.9990e+02,3.3622e+03,1.7813e+03,1.5357e+06,3.9443e+05,1.5268e+05,3.9255e+04
2026-01-19T14:31:33.000Z,-9.9990e+02,-9.9990e+02,-9.9990e+02,-9.9990e+02,-9.9990e+02,-9.9990e+02,3.3622e+03,1.7813e+03,1.5357e+06,3.9443e+05,1.5268e+05,3.9255e+04
2026-01-19T14:31:45.000Z,-9.9990e+02,-9.9990e+02,-9.9990e+02,-9.9990e+02,-9.9990e+02,-9.9990e+02,3.2425e+03,1.7117e+03,1.4752e+06,3.9143e+05,1.5476e+05,3.9255e+04
2026-01-19T14:31:57.000Z,-9.9990e+02,-9.9990e+02,-9.9990e+02,-9.9990e+02,-9.9990e+02,-9.9990e+02,3.2425e+03,1.7117e+03,1.4752e+06,3.9143e+05,1.5476e+05,3.9255e+04
2026-01-19T14:32:09.000Z,-9.9990e+02,-9.9990e+02,-9.9990e+02,-9.9990e+02,-9.9990e+02,-9.9990e+02,3.3052e+03,1.7474e+03,1.3752e+06,3.6443e+05,1.4534e+05,3.6571e+04
2026-01-19T14:32:21.000Z,-9.9990e+02,-9.9990e+02,-9.9990e+02,-9.9990e+02,-9.9990e+02,-9.9990e+02,3.3052e+03,1.7474e+03,1.3752e+06,3.6443e+05,1.4534e+05,3.6571e+04
2026-01-19T14:32:33.000Z,-9.9990e+02,-9.9990e+02,-9.9990e+02,-9.9990e+02,-9.9990e+02,-9.9990e+02,-9.9990e+02,-9.9990e+02,-9.9990e+02,-9.9990e+02,-9.9990e+02,-9.9990e+02
2026-01-19T14:32:46.000Z,-9.9990e+02,-9.9990e+02,-9.9990e+02,-9.9990e+02,-9.9990e+02,-9.9990e+02,3.4249e+03,1.7813e+03,1.4557e+06,3.8243e+05,1.4742e+05,3.8719e+04
2026-01-19T14:32:58.000Z,-9.9990e+02,-9.9990e+02,-9.9990e+02,-9.9990e+02,-9.9990e+02,-9.9990e+02,3.4249e+03,1.7813e+03,1.4557e+06,3.8243e+05,1.4742e+05,3.8719e+04
2026-01-19T14:33:10.000Z,-9.9990e+02,-9.9990e+02,-9.9990e+02,-9.9990e+02,-9.9990e+02,-9.9990e+02,3.4847e+03,1.7813e+03,1.5057e+06,4.0057e+05,1.5476e+05,3.9791e+04
2026-01-19T14:33:22.000Z,-9.9990e+02,-9.9990e+02,-9.9990e+02,-9.9990e+02,-9.9990e+02,-9.9990e+02,3.4847e+03,1.7813e+03,1.5057e+06,4.0057e+05,1.5476e+05,3.9791e+04
2026-01-19T14:33:34.000Z,-9.9990e+02,-9.9990e+02,-9.9990e+02,-9.9990e+02,-9.9990e+02,-9.9990e+02,3.4249e+03,1.8161e+03,1.5567e+06,4.0671e+05,1.6002e+05,3.9276e+04
2026-01-19T14:33:47.000Z,-9.9990e+02,-9.9990e+02,-9.9990e+02,-9.9990e+02,-9.9990e+02,-9.9990e+02,3.4249e+03,1.8161e+03,1.5567e+06,4.0671e+05,1.6002e+05,3.9276e+04
2026-01-19T14:33:59.000Z,-9.9990e+02,-9.9990e+02,-9.9990e+02,-9.9990e+02,-9.9990e+02,-9.9990e+02,3.3679e+03,1.7490e+03,1.7086e+06,4.2214e+05,1.6230e+05,4.0918e+04
2026-01-19T14:34:11.000Z,-9.9990e+02,-9.9990e+02,-9.9990e+02,-9.9990e+02,-9.9990e+02,-9.9990e+02,3.3679e+03,1.7490e+03,1.7086e+06,4.2214e+05,1.6230e+05,4.0918e+04
2026-01-19T14:34:23.000Z,-9.9990e+02,-9.9990e+02,-9.9990e+02,-9.9990e+02,-9.9990e+02,-9.9990e+02,3.4847e+03,1.7813e+03,1.6567e+06,4.2471e+05,1.6319e+05,3.9801e+04
2026-01-19T14:34:35.000Z,-9.9990e+02,-9.9990e+02,-9.9990e+02,-9.9990e+02,-9.9990e+02,-9.9990e+02,3.4847e+03,1.7813e+03,1.6567e+06,4.2471e+05,1.6319e+05,3.9801e+04
2026-01-19T14:34:47.000Z,-9.9990e+02,-9.9990e+02,-9.9990e+02,-9.9990e+02,-9.9990e+02,-9.9990e+02,3.3024e+03,1.7813e+03,1.5562e+06,3.9457e+05,1.5159e+05,3.8990e+04
2026-01-19T14:34:59.000Z,-9.9990e+02,-9.9990e+02,-9.9990e+02,-9.9990e+02,-9.9990e+02,-9.9990e+02,3.3024e+03,1.7813e+03,1.5562e+06,3.9457e+05,1.5159e+05,3.8990e+04
2026-01-19T14:35:12.000Z,-9.9990e+02,-9.9990e+02,-9.9990e+02,-9.9990e+02,-9.9990e+02,-9.9990e+02,3.3622e+03,1.7813e+03,1.6662e+06,4.3657e+05,1.6101e+05,4.0327e+04
2026-01-19T14:35:24.000Z,-9.9990e+02,-9.9990e+02,-9.9990e+02,-9.9990e+02,-9.9990e+02,-9.9990e+02,3.3622e+03,1.7813e+03,1.6662e+06,4.3657e+05,1.6101e+05,4.0327e+04
2026-01-19T14:35:36.000Z,-9.9990e+02,-9.9990e+02,-9.9990e+02,-9.9990e+02,-9.9990e+02,-9.9990e+02,3.4819e+03,1.7813e+03,1.7262e+06,4.3657e+05,1.6518e+05,4.1403e+04
2026-01-19T14:35:48.000Z,-9.9990e+02,-9.9990e+02,-9.9990e+02,-9.9990e+02,-9.9990e+02,-9.9990e+02,3.4819e+03,1.7813e+03,1.7262e+06,4.3657e+05,1.6518e+05,4.1403e+04
2026-01-19T14:36:00.000Z,-9.9990e+02,-9.9990e+02,-9.9990e+02,-9.9990e+02,-9.9990e+02,-9.9990e+02,3.4819e+03,1.7813e+03,1.8271e+06,4.5171e+05,1.6944e+05,4.1949e+04
2026-01-19T14:36:12.000Z,-9.9990e+02,-9.9990e+02,-9.9990e+02,-9.9990e+02,-9.9990e+02,-9.9990e+02,3.4819e+03,1.7813e+03,1.8271e+06,4.5171e+05,1.6944e+05,4.1949e+04
2026-01-19T14:36:24.000Z,-9.9990e+02,-9.9990e+02,-9.9990e+02,-9.9990e+02,-9.9990e+02,-9.9990e+02,3.4220e+03,1.7813e+03,1.7867e+06,4.5771e+05,1.7143e+05,4.1403e+04
2026-01-19T14:36:37.000Z,-9.9990e+02,-9.9990e+02,-9.9990e+02,-9.9990e+02,-9.9990e+02,-9.9990e+02,3.4220e+03,1.7813e+03,1.7867e+06,4.5771e+05,1.7143e+05,4.1403e+04
2026-01-19T14:36:49.000Z,-9.9990e+02,-9.9990e+02,-9.9990e+02,-9.9990e+02,-9.9990e+02,-9.9990e+02,-9.9990e+02,-9.9990e+02,-9.9990e+02,-9.9990e+02,-9.9990e+02,-9.9990e+02
2026-01-19T14:37:01.000Z,-9.9990e+02,-9.9990e+02,-9.9990e+02,-9.9990e+02,-9.9990e+02,-9.9990e+02,3.3651e+03,1.7474e+03,1.6476e+06,4.0686e+05,1.5278e+05,3.9015e+04
2026-01-19T14:37:13.000Z,-9.9990e+02,-9.9990e+02,-9.9990e+02,-9.9990e+02,-9.9990e+02,-9.9990e+02,3.3651e+03,1.7474e+03,1.6476e+06,4.0686e+05,1.5278e+05,3.9015e+04
2026-01-19T14:37:25.000Z,-9.9990e+02,-9.9990e+02,-9.9990e+02,-9.9990e+02,-9.9990e+02,-9.9990e+02,3.3708e+03,1.7499e+03,1.6281e+06,4.0400e+05,1.5079e+05,3.8224e+04
2026-01-19T14:37:37.000Z,-9.9990e+02,-9.9990e+02,-9.9990e+02,-9.9990e+02,-9.9990e+02,-9.9990e+02,3.3708e+03,1.7499e+03,1.6281e+06,4.0400e+05,1.5079e+05,3.8224e+04
2026-01-19T14:37:49.000Z,-9.9990e+02,-9.9990e+02,-9.9990e+02,-9.9990e+02,-9.9990e+02,-9.9990e+02,3.3024e+03,1.7117e+03,1.5962e+06,4.0357e+05,1.5268e+05,3.7918e+04
2026-01-19T14:38:02.000Z,-9.9990e+02,-9.9990e+02,-9.9990e+02,-9.9990e+02,-9.9990e+02,-9.9990e+02,3.3024e+03,1.7117e+03,1.5962e+06,4.0357e+05,1.5268e+05,3.7918e+04
2026-01-19T14:38:14.000Z,-9.9990e+02,-9.9990e+02,-9.9990e+02,-9.9990e+02,-9.9990e+02,-9.9990e+02,3.1314e+03,1.6811e+03,1.5576e+06,3.9500e+05,1.4861e+05,3.8224e+04
2026-01-19T14:38:26.000Z,-9.9990e+02,-9.9990e+02,-9.9990e+02,-9.9990e+02,-9.9990e+02,-9.9990e+02,3.1314e+03,1.6811e+03,1.5576e+06,3.9500e+05,1.4861e+05,3.8224e+04
2026-01-19T14:38:38.000Z,-9.9990e+02,-9.9990e+02,-9.9990e+02,-9.9990e+02,-9.9990e+02,-9.9990e+02,3.1827e+03,1.6769e+03,1.5762e+06,3.8857e+05,1.4643e+05,3.6842e+04
2026-01-19T14:38:50.000Z,-9.9990e+02,-9.9990e+02,-9.9990e+02,-9.9990e+02,-9.9990e+02,-9.9990e+02,3.1827e+03,1.6769e+03,1.5762e+06,3.8857e+05,1.4643e+05,3.6842e+04
2026-01-19T14:39:02.000Z,-9.9990e+02,-9.9990e+02,-9.9990e+02,-9.9990e+02,-9.9990e+02,-9.9990e+02,3.0630e+03,1.6413e+03,1.6862e+06,4.1857e+05,1.5476e+05,3.8714e+04
2026-01-19T14:39:14.000Z,-9.9990e+02,-9.9990e+02,-9.9990e+02,-9.9990e+02,-9.9990e+02,-9.9990e+02,3.0630e+03,1.6413e+03,1.6862e+06,4.1857e+05,1.5476e+05,3.8714e+04
2026-01-19T14:39:27.000Z,-9.9990e+02,-9.9990e+02,-9.9990e+02,-9.9990e+02,-9.9990e+02,-9.9990e+02,3.1229e+03,1.6761e+03,1.6862e+06,4.2757e+05,1.6310e+05,4.0862e+04
2026-01-19T14:39:39.000Z,-9.9990e+02,-9.9990e+02,-9.9990e+02,-9.9990e+02,-9.9990e+02,-9.9990e+02,3.1229e+03,1.6761e+03,1.6862e+06,4.2757e+05,1.6310e+05,4.0862e+04
2026-01-19T14:39:51.000Z,-9.9990e+02,-9.9990e+02,-9.9990e+02,-9.9990e+02,-9.9990e+02,-9.9990e+02,3.1229e+03,1.7117e+03,1.6762e+06,4.4557e+05,1.7669e+05,4.4092e+04
2026-01-19T14:40:03.000Z,-9.9990e+02,-9.9990e+02,-9.9990e+02,-9.9990e+02,-9.9990e+02,-9.9990e+02,3.1229e+03,1.7117e+03,1.6762e+06,4.4557e+05,1.7669e+05,4.4092e+04
2026-01-19T14:40:15.000Z,-9.9990e+02,-9.9990e+02,-9.9990e+02,-9.9990e+02,-9.9990e+02,-9.9990e+02,2.9434e+03,1.6413e+03,1.6162e+06,4.0657e+05,1.5893e+05,3.9531e+04
2026-01-19T14:40:27.000Z,-9.9990e+02,-9.9990e+02,-9.9990e+02,-9.9990e+02,-9.9990e+02,-9.9990e+02,2.9434e+03,1.6413e+03,1.6162e+06,4.0657e+05,1.5893e+05,3.9531e+04
2026-01-19T14:40:39.000Z,-9.9990e+02,-9.9990e+02,-9.9990e+02,-9.9990e+02,-9.9990e+02,-9.9990e+02,2.9434e+03,1.5369e+03,1.6662e+06,4.2757e+05,1.6310e+05,3.9791e+04
2026-01-19T14:40:52.000Z,-9.9990e+02,-9.9990e+02,-9.9990e+02,-9.9990e+02,-9.9990e+02,-9.9990e+02,2.9434e+03,1.5369e+03,1.6662e+06,4.2757e+05,1.6310e+05,3.9791e+04
2026-01-19T14:41:04.000Z,-9.9990e+02,-9.9990e+02,-9.9990e+02,-9.9990e+02,-9.9990e+02,-9.9990e+02,-9.9990e+02,-9.9990e+02,-9.9990e+02,-9.9990e+02,-9.9990e+02,-9.9990e+02
2026-01-19T14:41:16.000Z,-9.9990e+02,-9.9990e+02,-9.9990e+02,-9.9990e+02,-9.9990e+02,-9.9990e+02,2.7627e+03,1.4673e+03,1.6962e+06,4.3057e+05,1.5784e+05,3.9791e+04
2026-01-19T14:41:28.000Z,-9.9990e+02,-9.9990e+02,-9.9990e+02,-9.9990e+02,-9.9990e+02,-9.9990e+02,2.7627e+03,1.4673e+03,1.6962e+06,4.3057e+05,1.5784e+05,3.9791e+04
2026-01-19T14:41:40.000Z,-9.9990e+02,-9.9990e+02,-9.9990e+02,-9.9990e+02,-9.9990e+02,-9.9990e+02,2.7627e+03,1.4317e+03,1.7671e+06,4.4271e+05,1.6736e+05,4.0337e+04
2026-01-19T14:41:52.000Z,-9.9990e+02,-9.9990e+02,-9.9990e+02,-9.9990e+02,-9.9990e+02,-9.9990e+02,2.7627e+03,1.4317e+03,1.7671e+06,4.4271e+05,1.6736e+05,4.0337e+04
2026-01-19T14:42:04.000Z,-9.9990e+02,-9.9990e+02,-9.9990e+02,-9.9990e+02,-9.9990e+02,-9.9990e+02,2.6425e+03,1.3969e+03,1.7671e+06,4.5786e+05,1.7569e+05,4.5179e+04
2026-01-19T14:42:17.000Z,-9.9990e+02,-9.9990e+02,-9.9990e+02,-9.9990e+02,-9.9990e+02,-9.9990e+02,2.6425e+03,1.3969e+03,1.7671e+06,4.5786e+05,1.7569e+05,4.5179e+04
2026-01-19T14:42:29.000Z,-9.9990e+02,-9.9990e+02,-9.9990e+02,-9.9990e+02,-9.9990e+02,-9.9990e+02,2.6425e+03,1.3969e+03,1.7062e+06,4.5771e+05,1.8194e+05,4.5704e+04
2026-01-19T14:42:41.000Z,-9.9990e+02,-9.9990e+02,-9.9990e+02,-9.9990e+02,-9.9990e+02,-9.9990e+02,2.6425e+03,1.3969e+03,1.7062e+06,4.5771e+05,1.8194e+05,4.5704e+04
2026-01-19T14:42:53.000Z,-9.9990e+02,-9.9990e+02,-9.9990e+02,-9.9990e+02,-9.9990e+02,-9.9990e+02,2.5863e+03,1.3994e+03,1.7476e+06,4.4900e+05,1.7163e+05,4.3046e+04
2026-01-19T14:43:05.000Z,-9.9990e+02,-9.9990e+02,-9.9990e+02,-9.9990e+02,-9.9990e+02,-9.9990e+02,2.5863e+03,1.3994e+03,1.7476e+06,4.4900e+05,1.7163e+05,4.3046e+04
2026-01-19T14:43:17.000Z,-9.9990e+02,-9.9990e+02,-9.9990e+02,-9.9990e+02,-9.9990e+02,-9.9990e+02,2.5826e+03,1.3969e+03,1.7667e+06,4.5171e+05,1.6726e+05,4.1944e+04
2026-01-19T14:43:29.000Z,-9.9990e+02,-9.9990e+02,-9.9990e+02,-9.9990e+02,-9.9990e+02,-9.9990e+02,2.5826e+03,1.3969e+03,1.7667e+06,4.5171e+05,1.6726e+05,4.1944e+04
2026-01-19T14:43:42.000Z,-9.9990e+02,-9.9990e+02,-9.9990e+02,-9.9990e+02,-9.9990e+02,-9.9990e+02,2.6428e+03,1.3969e+03,1.7667e+06,4.5471e+05,1.6935e+05,4.0867e+04
2026-01-19T14:43:54.000Z,-9.9990e+02,-9.9990e+02,-9.9990e+02,-9.9990e+02,-9.9990e+02,-9.9990e+02,2.6428e+03,1.3969e+03,1.7667e+06,4.5471e+05,1.6935e+05,4.0867e+04
2026-01-19T14:44:06.000Z,-9.9990e+02,-9.9990e+02,-9.9990e+02,-9.9990e+02,-9.9990e+02,-9.9990e+02,2.6428e+03,1.4317e+03,1.8071e+06,4.7286e+05,1.9038e+05,4.8408e+04
2026-01-19T14:44:18.000Z,-9.9990e+02,-9.9990e+02,-9.9990e+02,-9.9990e+02,-9.9990e+02,-9.9990e+02,2.6428e+03,1.4317e+03,1.8071e+06,4.7286e+05,1.9038e+05,4.8408e+04
2026-01-19T14:44:30.000Z,-9.9990e+02,-9.9990e+02,-9.9990e+02,-9.9990e+02,-9.9990e+02,-9.9990e+02,2.6428e+03,1.4317e+03,1.7267e+06,4.6971e+05,1.9653e+05,5.0010e+04
2026-01-19T14:44:42.000Z,-9.9990e+02,-9.9990e+02,-9.9990e+02,-9.9990e+02,-9.9990e+02,-9.9990e+02,2.6428e+03,1.4317e+03,1.7267e+06,4.6971e+05,1.9653e+05,5.0010e+04
2026-01-19T14:44:54.000Z,-9.9990e+02,-9.9990e+02,-9.9990e+02,-9.9990e+02,-9.9990e+02,-9.9990e+02,2.5838e+03,1.4325e+03,1.7881e+06,4.7914e+05,1.9881e+05,5.0046e+04
2026-01-19T14:45:07.000Z,-9.9990e+02,-9.9990e+02,-9.9990e+02,-9.9990e+02,-9.9990e+02,-9.9990e+02,2.5838e+03,1.4325e+03,1.7881e+06,4.7914e+05,1.9881e+05,5.0046e+04
2026-01-19T14:45:19.000Z,-9.9990e+02,-9.9990e+02,-9.9990e+02,-9.9990e+02,-9.9990e+02,-9.9990e+02,-9.9990e+02,-9.9990e+02,-9.9990e+02,-9.9990e+02,-9.9990e+02,-9.9990e+02
2026-01-19T14:45:31.000Z,-9.9990e+02,-9.9990e+02,-9.9990e+02,-9.9990e+02,-9.9990e+02,-9.9990e+02,2.7040e+03,1.4673e+03,1.8071e+06,4.7586e+05,1.8611e+05,4.7867e+04
2026-01-19T14:45:43.000Z,-9.9990e+02,-9.9990e+02,-9.9990e+02,-9.9990e+02,-9.9990e+02,-9.9990e+02,2.7040e+03,1.4673e+03,1.8071e+06,4.7586e+05,1.8611e+05,4.7867e+04
2026-01-19T14:45:55.000Z,-9.9990e+02,-9.9990e+02,-9.9990e+02,-9.9990e+02,-9.9990e+02,-9.9990e+02,2.6425e+03,1.3969e+03,1.7867e+06,4.7871e+05,1.9236e+05,4.7316e+04
2026-01-19T14:46:07.000Z,-9.9990e+02,-9.9990e+02,-9.9990e+02,-9.9990e+02,-9.9990e+02,-9.9990e+02,2.6425e+03,1.3969e+03,1.7867e+06,4.7871e+05,1.9236e+05,4.7316e+04
2026-01-19T14:46:19.000Z,-9.9990e+02,-9.9990e+02,-9.9990e+02,-9.9990e+02,-9.9990e+02,-9.9990e+02,2.7638e+03,1.4673e+03,1.7471e+06,4.5186e+05,1.7996e+05,4.4653e+04
2026-01-19T14:46:32.000Z,-9.9990e+02,-9.9990e+02,-9.9990e+02,-9.9990e+02,-9.9990e+02,-9.9990e+02,2.7638e+03,1.4673e+03,1.7471e+06,4.5186e+05,1.7996e+05,4.4653e+04
2026-01-19T14:46:44.000Z,-9.9990e+02,-9.9990e+02,-9.9990e+02,-9.9990e+02,-9.9990e+02,-9.9990e+02,2.8835e+03,1.5369e+03,1.7062e+06,4.5771e+05,1.7986e+05,4.4628e+04
2026-01-19T14:46:56.000Z,-9.9990e+02,-9.9990e+02,-9.9990e+02,-9.9990e+02,-9.9990e+02,-9.9990e+02,2.8835e+03,1.5369e+03,1.7062e+06,4.5771e+05,1.7986e+05,4.4628e+04
2026-01-19T14:47:08.000Z,-9.9990e+02,-9.9990e+02,-9.9990e+02,-9.9990e+02,-9.9990e+02,-9.9990e+02,2.8228e+03,1.4673e+03,1.6762e+06,4.3657e+05,1.6726e+05,4.1403e+04
2026-01-19T14:47:20.000Z,-9.9990e+02,-9.9990e+02,-9.9990e+02,-9.9990e+02,-9.9990e+02,-9.9990e+02,2.8228e+03,1.4673e+03,1.6762e+06,4.3657e+05,1.6726e+05,4.1403e+04
2026-01-19T14:47:32.000Z,-9.9990e+02,-9.9990e+02,-9.9990e+02,-9.9990e+02,-9.9990e+02,-9.9990e+02,2.8245e+03,1.4682e+03,1.5862e+06,4.1871e+05,1.5893e+05,3.9801e+04
2026-01-19T14:47:44.000Z,-9.9990e+02,-9.9990e+02,-9.9990e+02,-9.9990e+02,-9.9990e+02,-9.9990e+02,2.8245e+03,1.4682e+03,1.5862e+06,4.1871e+05,1.5893e+05,3.9801e+04
2026-01-19T14:47:57.000Z,-9.9990e+02,-9.9990e+02,-9.9990e+02,-9.9990e+02,-9.9990e+02,-9.9990e+02,2.9434e+03,1.5377e+03,1.7276e+06,4.4300e+05,1.6746e+05,4.1974e+04
2026-01-19T14:48:09.000Z,-9.9990e+02,-9.9990e+02,-9.9990e+02,-9.9990e+02,-9.9990e+02,-9.9990e+02,2.9434e+03,1.5377e+03,1.7276e+06,4.4300e+05,1.6746e+05,4.1974e+04
2026-01-19T14:48:21.000Z,-9.9990e+02,-9.9990e+02,-9.9990e+02,-9.9990e+02,-9.9990e+02,-9.9990e+02,3.0032e+03,1.5377e+03,1.7071e+06,4.3986e+05,1.6736e+05,4.1964e+04
2026-01-19T14:48:33.000Z,-9.9990e+02,-9.9990e+02,-9.9990e+02,-9.9990e+02,-9.9990e+02,-9.9990e+02,3.0032e+03,1.5377e+03,1.7071e+06,4.3986e+05,1.6736e+05,4.1964e+04
2026-01-19T14:48:45.000Z,-9.9990e+02,-9.9990e+02,-9.9990e+02,-9.9990e+02,-9.9990e+02,-9.9990e+02,3.1286e+03,1.6098e+03,1.7481e+06,4.5514e+05,1.7163e+05,4.2526e+04
2026-01-19T14:48:57.000Z,-9.9990e+02,-9.9990e+02,-9.9990e+02,-9.9990e+02,-9.9990e+02,-9.9990e+02,3.1286e+03,1.6098e+03,1.7481e+06,4.5514e+05,1.7163e+05,4.2526e+04
2026-01-19T14:49:10.000Z,-9.9990e+02,-9.9990e+02,-9.9990e+02,-9.9990e+02,-9.9990e+02,-9.9990e+02,3.1257e+03,1.6073e+03,1.7067e+06,4.3671e+05,1.6736e+05,4.1418e+04
2026-01-19T14:49:22.000Z,-9.9990e+02,-9.9990e+02,-9.9990e+02,-9.9990e+02,-9.9990e+02,-9.9990e+02,3.1257e+03,1.6073e+03,1.7067e+06,4.3671e+05,1.6736e+05,4.1418e+04
2026-01-19T14:49:34.000Z,-9.9990e+02,-9.9990e+02,-9.9990e+02,-9.9990e+02,-9.9990e+02,-9.9990e+02,-9.9990e+02,-9.9990e+02,-9.9990e+02,-9.9990e+02,-9.9990e+02,-9.9990e+02
2026-01-19T14:49:46.000Z,-9.9990e+02,-9.9990e+02,-9.9990e+02,-9.9990e+02,-9.9990e+02,-9.9990e+02,3.0659e+03,1.6421e+03,1.6367e+06,4.2771e+05,1.6528e+05,4.0878e+04
2026-01-19T14:49:58.000Z,-9.9990e+02,-9.9990e+02,-9.9990e+02,-9.9990e+02,-9.9990e+02,-9.9990e+02,3.0659e+03,1.6421e+03,1.6367e+06,4.2771e+05,1.6528e+05,4.0878e+04
2026-01-19T14:50:10.000Z,-9.9990e+02,-9.9990e+02,-9.9990e+02,-9.9990e+02,-9.9990e+02,-9.9990e+02,3.1229e+03,1.6421e+03,1.4957e+06,4.0357e+05,1.6518e+05,4.3020e+04
2026-01-19T14:50:22.000Z,-9.9990e+02,-9.9990e+02,-9.9990e+02,-9.9990e+02,-9.9990e+02,-9.9990e+02,3.1229e+03,1.6421e+03,1.4957e+06,4.0357e+05,1.6518e+05,4.3020e+04
2026-01-19T14:50:35.000Z,-9.9990e+02,-9.9990e+02,-9.9990e+02,-9.9990e+02,-9.9990e+02,-9.9990e+02,3.1855e+03,1.6778e+03,1.6067e+06,4.3971e+05,1.7778e+05,4.6796e+04
2026-01-19T14:50:47.000Z,-9.9990e+02,-9.9990e+02,-9.9990e+02,-9.9990e+02,-9.9990e+02,-9.9990e+02,3.1855e+03,1.6778e+03,1.6067e+06,4.3971e+05,1.7778e+05,4.6796e+04
2026-01-19T14:50:59.000Z,-9.9990e+02,-9.9990e+02,-9.9990e+02,-9.9990e+02,-9.9990e+02,-9.9990e+02,3.1827e+03,1.6421e+03,1.6462e+06,4.3971e+05,1.7986e+05,4.4633e+04
2026-01-19T14:51:11.000Z,-9.9990e+02,-9.9990e+02,-9.9990e+02,-9.9990e+02,-9.9990e+02,-9.9990e+02,3.1827e+03,1.6421e+03,1.6462e+06,4.3971e+05,1.7986e+05,4.4633e+04
2026-01-19T14:51:23.000Z,-9.9990e+02,-9.9990e+02,-9.9990e+02,-9.9990e+02,-9.9990e+02,-9.9990e+02,3.1827e+03,1.6421e+03,1.6867e+06,4.3971e+05,1.7569e+05,4.4107e+04
2026-01-19T14:51:35.000Z,-9.9990e+02,-9.9990e+02,-9.9990e+02,-9.9990e+02,-9.9990e+02,-9.9990e+02,3.1827e+03,1.6421e+03,1.6867e+06,4.3971e+05,1.7569e+05,4.4107e+04
2026-01-19T14:51:47.000Z,-9.9990e+02,-9.9990e+02,-9.9990e+02,-9.9990e+02,-9.9990e+02,-9.9990e+02,3.1827e+03,1.6413e+03,1.6462e+06,4.3357e+05,1.7153e+05,4.3020e+04
2026-01-19T14:52:00.000Z,-9.9990e+02,-9.9990e+02,-9.9990e+02,-9.9990e+02,-9.9990e+02,-9.9990e+02,3.1827e+03,1.6413e+03,1.6462e+06,4.3357e+05,1.7153e+05,4.3020e+04
2026-01-19T14:52:12.000Z,-9.9990e+02,-9.9990e+02,-9.9990e+02,-9.9990e+02,-9.9990e+02,-9.9990e+02,3.1229e+03,1.6413e+03,1.6262e+06,4.3357e+05,1.7778e+05,4.5168e+04
2026-01-19T14:52:24.000Z,-9.9990e+02,-9.9990e+02,-9.9990e+02,-9.9990e+02,-9.9990e+02,-9.9990e+02,3.1229e+03,1.6413e+03,1.6262e+06,4.3357e+05,1.7778e+05,4.5168e+04
2026-01-19T14:52:36.000Z,-9.9990e+02,-9.9990e+02,-9.9990e+02,-9.9990e+02,-9.9990e+02,-9.9990e+02,3.1827e+03,1.6413e+03,1.6462e+06,4.4571e+05,1.7778e+05,4.4633e+04
2026-01-19T14:52:48.000Z,-9.9990e+02,-9.9990e+02,-9.9990e+02,-9.9990e+02,-9.9990e+02,-9.9990e+02,3.1827e+03,1.6413e+03,1.6462e+06,4.4571e+05,1.7778e+05,4.4633e+04
2026-01-19T14:53:00.000Z,-9.9990e+02,-9.9990e+02,-9.9990e+02,-9.9990e+02,-9.9990e+02,-9.9990e+02,3.1229e+03,1.6413e+03,1.6262e+06,4.3357e+05,1.7569e+05,4.4633e+04
2026-01-19T14:53:12.000Z,-9.9990e+02,-9.9990e+02,-9.9990e+02,-9.9990e+02,-9.9990e+02,-9.9990e+02,3.1229e+03,1.6413e+03,1.6262e+06,4.3357e+05,1.7569e+05,4.4633e+04
2026-01-19T14:53:25.000Z,-9.9990e+02,-9.9990e+02,-9.9990e+02,-9.9990e+02,-9.9990e+02,-9.9990e+02,3.2425e+03,1.6413e+03,1.4957e+06,4.1557e+05,1.6518e+05,4.3556e+04
2026-01-19T14:53:37.000Z,-9.9990e+02,-9.9990e+02,-9.9990e+02,-9.9990e+02,-9.9990e+02,-9.9990e+02,3.2425e+03,1.6413e+03,1.4957e+06,4.1557e+05,1.6518e+05,4.3556e+04
2026-01-19T14:53:49.000Z,-9.9990e+02,-9.9990e+02,-9.9990e+02,-9.9990e+02,-9.9990e+02,-9.9990e+02,-9.9990e+02,-9.9990e+02,-9.9990e+02,-9.9990e+02,-9.9990e+02,-9.9990e+02
2026-01-19T14:54:01.000Z,-9.9990e+02,-9.9990e+02,-9.9990e+02,-9.9990e+02,-9.9990e+02,-9.9990e+02,3.2425e+03,1.7813e+03,1.5062e+06,4.0971e+05,1.6528e+05,4.3031e+04
2026-01-19T14:54:13.000Z,-9.9990e+02,-9.9990e+02,-9.9990e+02,-9.9990e+02,-9.9990e+02,-9.9990e+02,3.2425e+03,1.7813e+03,1.5062e+06,4.0971e+05,1.6528e+05,4.3031e+04
2026-01-19T14:54:25.000Z,-9.9990e+02,-9.9990e+02,-9.9990e+02,-9.9990e+02,-9.9990e+02,-9.9990e+02,3.4249e+03,1.8866e+03,1.5867e+06,4.2186e+05,1.7361e+05,4.4653e+04
2026-01-19T14:54:37.000Z,-9.9990e+02,-9.9990e+02,-9.9990e+02,-9.9990e+02,-9.9990e+02,-9.9990e+02,3.4249e+03,1.8866e+03,1.5867e+06,4.2186e+05,1.7361e+05,4.4653e+04
2026-01-19T14:54:50.000Z,-9.9990e+02,-9.9990e+02,-9.9990e+02,-9.9990e+02,-9.9990e+02,-9.9990e+02,3.5446e+03,1.8874e+03,1.6571e+06,4.4586e+05,1.7788e+05,4.5730e+04
2026-01-19T14:55:02.000Z,-9.9990e+02,-9.9990e+02,-9.9990e+02,-9.9990e+02,-9.9990e+02,-9.9990e+02,3.5446e+03,1.8874e+03,1.6571e+06,4.4586e+05,1.7788e+05,4.5730e+04
2026-01-19T14:55:14.000Z,-9.9990e+02,-9.9990e+02,-9.9990e+02,-9.9990e+02,-9.9990e+02,-9.9990e+02,3.5446e+03,1.8509e+03,1.6167e+06,4.3971e+05,1.7569e+05,4.5184e+04
2026-01-19T14:55:26.000Z,-9.9990e+02,-9.9990e+02,-9.9990e+02,-9.9990e+02,-9.9990e+02,-9.9990e+02,3.5446e+03,1.8509e+03,1.6167e+06,4.3971e+05,1.7569e+05,4.5184e+04
2026-01-19T14:55:38.000Z,-9.9990e+02,-9.9990e+02,-9.9990e+02,-9.9990e+02,-9.9990e+02,-9.9990e+02,3.5446e+03,1.8866e+03,1.6262e+06,4.2757e+05,1.7361e+05,4.4097e+04
2026-01-19T14:55:50.000Z,-9.9990e+02,-9.9990e+02,-9.9990e+02,-9.9990e+02,-9.9990e+02,-9.9990e+02,3.5446e+03,1.8866e+03,1.6262e+06,4.2757e+05,1.7361e+05,4.4097e+04
2026-01-19T14:56:02.000Z,-9.9990e+02,-9.9990e+02,-9.9990e+02,-9.9990e+02,-9.9990e+02,-9.9990e+02,3.5446e+03,1.8509e+03,1.5871e+06,4.2186e+05,1.6954e+05,4.3051e+04
2026-01-19T14:56:15.000Z,-9.9990e+02,-9.9990e+02,-9.9990e+02,-9.9990e+02,-9.9990e+02,-9.9990e+02,3.5446e+03,1.8509e+03,1.5871e+06,4.2186e+05,1.6954e+05,4.3051e+04
2026-01-19T14:56:27.000Z,-9.9990e+02,-9.9990e+02,-9.9990e+02,-9.9990e+02,-9.9990e+02,-9.9990e+02,3.4249e+03,1.8161e+03,1.5357e+06,4.1557e+05,1.6726e+05,4.3556e+04
2026-01-19T14:56:39.000Z,-9.9990e+02,-9.9990e+02,-9.9990e+02,-9.9990e+02,-9.9990e+02,-9.9990e+02,3.4249e+03,1.8161e+03,1.5357e+06,4.1557e+05,1.6726e+05,4.3556e+04
2026-01-19T14:56:51.000Z,-9.9990e+02,-9.9990e+02,-9.9990e+02,-9.9990e+02,-9.9990e+02,-9.9990e+02,3.4249e+03,1.7465e+03,1.6262e+06,4.3357e+05,1.7153e+05,4.4097e+04
2026-01-19T14:57:03.000Z,-9.9990e+02,-9.9990e+02,-9.9990e+02,-9.9990e+02,-9.9990e+02,-9.9990e+02,3.4249e+03,1.7465e+03,1.6262e+06,4.3357e+05,1.7153e+05,4.4097e+04
2026-01-19T14:57:15.000Z,-9.9990e+02,-9.9990e+02,-9.9990e+02,-9.9990e+02,-9.9990e+02,-9.9990e+02,3.3024e+03,1.7465e+03,1.5257e+06,4.1557e+05,1.6935e+05,4.3020e+04
2026-01-19T14:57:27.000Z,-9.9990e+02,-9.9990e+02,-9.9990e+02,-9.9990e+02,-9.9990e+02,-9.9990e+02,3.3024e+03,1.7465e+03,1.5257e+06,4.1557e+05,1.6935e+05,4.3020e+04
2026-01-19T14:57:40.000Z,-9.9990e+02,-9.9990e+02,-9.9990e+02,-9.9990e+02,-9.9990e+02,-9.9990e+02,3.2425e+03,1.7465e+03,1.4452e+06,4.0357e+05,1.6518e+05,4.2480e+04
2026-01-19T14:57:52.000Z,-9.9990e+02,-9.9990e+02,-9.9990e+02,-9.9990e+02,-9.9990e+02,-9.9990e+02,3.2425e+03,1.7465e+03,1.4452e+06,4.0357e+05,1.6518e+05,4.2480e+04
2026-01-19T14:58:04.000Z,-9.9990e+02,-9.9990e+02,-9.9990e+02,-9.9990e+02,-9.9990e+02,-9.9990e+02,-9.9990e+02,-9.9990e+02,-9.9990e+02,-9.9990e+02,-9.9990e+02,-9.9990e+02
2026-01-19T14:58:16.000Z,-9.9990e+02,-9.9990e+02,-9.9990e+02,-9.9990e+02,-9.9990e+02,-9.9990e+02,3.2454e+03,1.7474e+03,1.4757e+06,4.0971e+05,1.6736e+05,4.4643e+04
2026-01-19T14:58:28.000Z,-9.9990e+02,-9.9990e+02,-9.9990e+02,-9.9990e+02,-9.9990e+02,-9.9990e+02,3.2454e+03,1.7474e+03,1.4757e+06,4.0971e+05,1.6736e+05,4.4643e+04
2026-01-19T14:58:40.000Z,-9.9990e+02,-9.9990e+02,-9.9990e+02,-9.9990e+02,-9.9990e+02,-9.9990e+02,3.2425e+03,1.7465e+03,1.3557e+06,3.8571e+05,1.6319e+05,4.5194e+04
2026-01-19T14:58:52.000Z,-9.9990e+02,-9.9990e+02,-9.9990e+02,-9.9990e+02,-9.9990e+02,-9.9990e+02,3.2425e+03,1.7465e+03,1.3557e+06,3.8571e+05,1.6319e+05,4.5194e+04
2026-01-19T14:59:05.000Z,-9.9990e+02,-9.9990e+02,-9.9990e+02,-9.9990e+02,-9.9990e+02,-9.9990e+02,3.3081e+03,1.7482e+03,1.3062e+06,3.8286e+05,1.6538e+05,4.5214e+04
2026-01-19T14:59:17.000Z,-9.9990e+02,-9.9990e+02,-9.9990e+02,-9.9990e+02,-9.9990e+02,-9.9990e+02,3.3081e+03,1.7482e+03,1.3062e+06,3.8286e+05,1.6538e+05,4.5214e+04
2026-01-19T14:59:29.000Z,-9.9990e+02,-9.9990e+02,-9.9990e+02,-9.9990e+02,-9.9990e+02,-9.9990e+02,3.3024e+03,1.7465e+03,1.2652e+06,3.7357e+05,1.6319e+05,4.5184e+04
2026-01-19T14:59:41.000Z,-9.9990e+02,-9.9990e+02,-9.9990e+02,-9.9990e+02,-9.9990e+02,-9.9990e+02,3.3024e+03,1.7465e+03,1.2652e+06,3.7357e+05,1.6319e+05,4.5184e+04
2026-01-19T14:59:53.000Z,-9.9990e+02,-9.9990e+02,-9.9990e+02,-9.9990e+02,-9.9990e+02,-9.9990e+02,3.3024e+03,1.7465e+03,1.2648e+06,3.7043e+05,1.5893e+05,4.3020e+04
2026-01-19T15:00:05.000Z,-9.9990e+02,-9.9990e+02,-9.9990e+02,-9.9990e+02,-9.9990e+02,-9.9990e+02,3.3024e+03,1.7465e+03,1.2648e+06,3.7043e+05,1.5893e+05,4.3020e+04
2026-01-19T15:00:17.000Z,-9.9990e+02,-9.9990e+02,-9.9990e+02,-9.9990e+02,-9.9990e+02,-9.9990e+02,-9.9990e+02,-9.9990e+02,-9.9990e+02,-9.9990e+02,-9.9990e+02,-9.9990e+02
2026-01-19T15:00:30.000Z,-9.9990e+02,-9.9990e+02,-9.9990e+02,-9.9990e+02,-9.9990e+02,-9.9990e+02,3.1827e+03,1.7117e+03,1.2248e+06,3.6743e+05,1.6319e+05,4.5719e+04
2026-01-19T15:00:42.000Z,-9.9990e+02,-9.9990e+02,-9.9990e+02,-9.9990e+02,-9.9990e+02,-9.9990e+02,3.1827e+03,1.7117e+03,1.2248e+06,3.6743e+05,1.6319e+05,4.5719e+04
2026-01-19T15:00:54.000Z,-9.9990e+02,-9.9990e+02,-9.9990e+02,-9.9990e+02,-9.9990e+02,-9.9990e+02,3.1229e+03,1.7117e+03,1.4252e+06,4.2457e+05,1.9653e+05,5.4847e+04
2026-01-19T15:01:06.000Z,-9.9990e+02,-9.9990e+02,-9.9990e+02,-9.9990e+02,-9.9990e+02,-9.9990e+02,3.1229e+03,1.7117e+03,1.4252e+06,4.2457e+05,1.9653e+05,5.4847e+04
2026-01-19T15:01:18.000Z,-9.9990e+02,-9.9990e+02,-9.9990e+02,-9.9990e+02,-9.9990e+02,-9.9990e+02,3.1229e+03,1.7117e+03,1.5862e+06,4.6971e+05,2.1538e+05,6.1327e+04
2026-01-19T15:01:30.000Z,-9.9990e+02,-9.9990e+02,-9.9990e+02,-9.9990e+02,-9.9990e+02,-9.9990e+02,3.1229e+03,1.7117e+03,1.5862e+06,4.6971e+05,2.1538e+05,6.1327e+04
2026-01-19T15:01:42.000Z,-9.9990e+02,-9.9990e+02,-9.9990e+02,-9.9990e+02,-9.9990e+02,-9.9990e+02,3.3024e+03,1.8161e+03,1.5457e+06,4.7586e+05,2.1746e+05,6.3469e+04
2026-01-19T15:01:55.000Z,-9.9990e+02,-9.9990e+02,-9.9990e+02,-9.9990e+02,-9.9990e+02,-9.9990e+02,3.3024e+03,1.8161e+03,1.5457e+06,4.7586e+05,2.1746e+05,6.3469e+04
2026-01-19T15:02:07.000Z,-9.9990e+02,-9.9990e+02,-9.9990e+02,-9.9990e+02,-9.9990e+02,-9.9990e+02,3.2425e+03,1.7813e+03,1.6067e+06,4.7586e+05,2.2173e+05,6.2398e+04
2026-01-19T15:02:19.000Z,-9.9990e+02,-9.9990e+02,-9.9990e+02,-9.9990e+02,-9.9990e+02,-9.9990e+02,3.2425e+03,1.7813e+03,1.6067e+06,4.7586e+05,2.2173e+05,6.2398e+04
2026-01-19T15:02:31.000Z,-9.9990e+02,-9.9990e+02,-9.9990e+02,-9.9990e+02,-9.9990e+02,-9.9990e+02,3.5446e+03,1.9570e+03,1.5471e+06,4.7629e+05,2.1984e+05,6.4592e+04
2026-01-19T15:02:43.000Z,-9.9990e+02,-9.9990e+02,-9.9990e+02,-9.9990e+02,-9.9990e+02,-9.9990e+02,3.5446e+03,1.9570e+03,1.5471e+06,4.7629e+05,2.1984e+05,6.4592e+04
2026-01-19T15:02:55.000Z,-9.9990e+02,-9.9990e+02,-9.9990e+02,-9.9990e+02,-9.9990e+02,-9.9990e+02,3.7241e+03,2.0962e+03,1.5862e+06,4.8800e+05,2.2798e+05,6.6173e+04
2026-01-19T15:03:08.000Z,-9.9990e+02,-9.9990e+02,-9.9990e+02,-9.9990e+02,-9.9990e+02,-9.9990e+02,3.7241e+03,2.0962e+03,1.5862e+06,4.8800e+05,2.2798e+05,6.6173e+04
2026-01-19T15:03:20.000Z,-9.9990e+02,-9.9990e+02,-9.9990e+02,-9.9990e+02,-9.9990e+02,-9.9990e+02,3.7896e+03,2.1335e+03,1.5676e+06,4.7629e+05,2.2192e+05,6.5663e+04
2026-01-19T15:03:32.000Z,-9.9990e+02,-9.9990e+02,-9.9990e+02,-9.9990e+02,-9.9990e+02,-9.9990e+02,3.7896e+03,2.1335e+03,1.5676e+06,4.7629e+05,2.2192e+05,6.5663e+04
2026-01-19T15:03:44.000Z,-9.9990e+02,-9.9990e+02,-9.9990e+02,-9.9990e+02,-9.9990e+02,-9.9990e+02,3.7839e+03,2.1658e+03,1.5057e+06,4.6971e+05,2.1746e+05,6.3980e+04
2026-01-19T15:03:56.000Z,-9.9990e+02,-9.9990e+02,-9.9990e+02,-9.9990e+02,-9.9990e+02,-9.9990e+02,3.7839e+03,2.1658e+03,1.5057e+06,4.6971e+05,2.1746e+05,6.3980e+04
2026-01-19T15:04:08.000Z,-9.9990e+02,-9.9990e+02,-9.9990e+02,-9.9990e+02,-9.9990e+02,-9.9990e+02,3.8437e+03,2.1658e+03,1.4857e+06,4.6371e+05,2.1746e+05,6.3469e+04
2026-01-19T15:04:20.000Z,-9.9990e+02,-9.9990e+02,-9.9990e+02,-9.9990e+02,-9.9990e+02,-9.9990e+02,3.8437e+03,2.1658e+03,1.4857e+06,4.6371e+05,2.1746e+05,6.3469e+04
2026-01-19T15:04:32.000Z,-9.9990e+02,-9.9990e+02,-9.9990e+02,-9.9990e+02,-9.9990e+02,-9.9990e+02,-9.9990e+02,-9.9990e+02,-9.9990e+02,-9.9990e+02,-9.9990e+02,-9.9990e+02
2026-01-19T15:04:45.000Z,-9.9990e+02,-9.9990e+02,-9.9990e+02,-9.9990e+02,-9.9990e+02,-9.9990e+02,3.8437e+03,2.2354e+03,1.4562e+06,4.5186e+05,2.0923e+05,6.1888e+04
2026-01-19T15:04:57.000Z,-9.9990e+02,-9.9990e+02,-9.9990e+02,-9.9990e+02,-9.9990e+02,-9.9990e+02,3.8437e+03,2.2354e+03,1.4562e+06,4.5186e+05,2.0923e+05,6.1888e+04
2026-01-19T15:05:09.000Z,-9.9990e+02,-9.9990e+02,-9.9990e+02,-9.9990e+02,-9.9990e+02,-9.9990e+02,3.8523e+03,2.2064e+03,1.4876e+06,4.5829e+05,2.1359e+05,6.3520e+04
2026-01-19T15:05:21.000Z,-9.9990e+02,-9.9990e+02,-9.9990e+02,-9.9990e+02,-9.9990e+02,-9.9990e+02,3.8523e+03,2.2064e+03,1.4876e+06,4.5829e+05,2.1359e+05,6.3520e+04
2026-01-19T15:05:33.000Z,-9.9990e+02,-9.9990e+02,-9.9990e+02,-9.9990e+02,-9.9990e+02,-9.9990e+02,3.7839e+03,2.2006e+03,1.4367e+06,4.3700e+05,2.1141e+05,6.1888e+04
2026-01-19T15:05:45.000Z,-9.9990e+02,-9.9990e+02,-9.9990e+02,-9.9990e+02,-9.9990e+02,-9.9990e+02,3.7839e+03,2.2006e+03,1.4367e+06,4.3700e+05,2.1141e+05,6.1888e+04
2026-01-19T15:05:58.000Z,-9.9990e+02,-9.9990e+02,-9.9990e+02,-9.9990e+02,-9.9990e+02,-9.9990e+02,3.8437e+03,2.2006e+03,1.3752e+06,4.2457e+05,2.0496e+05,6.1327e+04
2026-01-19T15:06:10.000Z,-9.9990e+02,-9.9990e+02,-9.9990e+02,-9.9990e+02,-9.9990e+02,-9.9990e+02,3.8437e+03,2.2006e+03,1.3752e+06,4.2457e+05,2.0496e+05,6.1327e+04
2026-01-19T15:06:22.000Z,-9.9990e+02,-9.9990e+02,-9.9990e+02,-9.9990e+02,-9.9990e+02,-9.9990e+02,3.8437e+03,2.2006e+03,1.3552e+06,4.1257e+05,1.9871e+05,5.9694e+04
2026-01-19T15:06:34.000Z,-9.9990e+02,-9.9990e+02,-9.9990e+02,-9.9990e+02,-9.9990e+02,-9.9990e+02,3.8437e+03,2.2006e+03,1.3552e+06,4.1257e+05,1.9871e+05,5.9694e+04
2026-01-19T15:06:46.000Z,-9.9990e+02,-9.9990e+02,-9.9990e+02,-9.9990e+02,-9.9990e+02,-9.9990e+02,3.8437e+03,2.2354e+03,1.3952e+06,4.2757e+05,2.0496e+05,6.0204e+04
2026-01-19T15:06:58.000Z,-9.9990e+02,-9.9990e+02,-9.9990e+02,-9.9990e+02,-9.9990e+02,-9.9990e+02,3.8437e+03,2.2354e+03,1.3952e+06,4.2757e+05,2.0496e+05,6.0204e+04
2026-01-19T15:07:10.000Z,-9.9990e+02,-9.9990e+02,-9.9990e+02,-9.9990e+02,-9.9990e+02,-9.9990e+02,3.8466e+03,2.2031e+03,1.3857e+06,4.3086e+05,2.0506e+05,6.0255e+04
2026-01-19T15:07:23.000Z,-9.9990e+02,-9.9990e+02,-9.9990e+02,-9.9990e+02,-9.9990e+02,-9.9990e+02,3.8466e+03,2.2031e+03,1.3857e+06,4.3086e+05,2.0506e+05,6.0255e+04
2026-01-19T15:07:35.000Z,-9.9990e+02,-9.9990e+02,-9.9990e+02,-9.9990e+02,-9.9990e+02,-9.9990e+02,3.9036e+03,2.2702e+03,1.4867e+06,4.5500e+05,2.1141e+05,6.3520e+04
2026-01-19T15:07:47.000Z,-9.9990e+02,-9.9990e+02,-9.9990e+02,-9.9990e+02,-9.9990e+02,-9.9990e+02,3.9036e+03,2.2702e+03,1.4867e+06,4.5500e+05,2.1141e+05,6.3520e+04
2026-01-19T15:07:59.000Z,-9.9990e+02,-9.9990e+02,-9.9990e+02,-9.9990e+02,-9.9990e+02,-9.9990e+02,3.8466e+03,2.2031e+03,1.4462e+06,4.4286e+05,2.0923e+05,6.2959e+04
2026-01-19T15:08:11.000Z,-9.9990e+02,-9.9990e+02,-9.9990e+02,-9.9990e+02,-9.9990e+02,-9.9990e+02,3.8466e+03,2.2031e+03,1.4462e+06,4.4286e+05,2.0923e+05,6.2959e+04
2026-01-19T15:08:23.000Z,-9.9990e+02,-9.9990e+02,-9.9990e+02,-9.9990e+02,-9.9990e+02,-9.9990e+02,3.7839e+03,2.2006e+03,1.4252e+06,4.3671e+05,2.0704e+05,6.0765e+04
2026-01-19T15:08:35.000Z,-9.9990e+02,-9.9990e+02,-9.9990e+02,-9.9990e+02,-9.9990e+02,-9.9990e+02,3.7839e+03,2.2006e+03,1.4252e+06,4.3671e+05,2.0704e+05,6.0765e+04
2026-01-19T15:08:47.000Z,-9.9990e+02,-9.9990e+02,-9.9990e+02,-9.9990e+02,-9.9990e+02,-9.9990e+02,-9.9990e+02,-9.9990e+02,-9.9990e+02,-9.9990e+02,-9.9990e+02,-9.9990e+02
2026-01-19T15:09:00.000Z,-9.9990e+02,-9.9990e+02,-9.9990e+02,-9.9990e+02,-9.9990e+02,-9.9990e+02,3.8437e+03,2.2006e+03,1.5057e+06,4.5771e+05,2.1329e+05,6.2398e+04
2026-01-19T15:09:12.000Z,-9.9990e+02,-9.9990e+02,-9.9990e+02,-9.9990e+02,-9.9990e+02,-9.9990e+02,3.8437e+03,2.2006e+03,1.5057e+06,4.5771e+05,2.1329e+05,6.2398e+04
2026-01-19T15:09:24.000Z,-9.9990e+02,-9.9990e+02,-9.9990e+02,-9.9990e+02,-9.9990e+02,-9.9990e+02,3.8437e+03,2.2006e+03,1.5462e+06,4.6986e+05,2.2173e+05,6.4031e+04
2026-01-19T15:09:36.000Z,-9.9990e+02,-9.9990e+02,-9.9990e+02,-9.9990e+02,-9.9990e+02,-9.9990e+02,3.8437e+03,2.2006e+03,1.5462e+06,4.6986e+05,2.2173e+05,6.4031e+04
2026-01-19T15:09:48.000Z,-9.9990e+02,-9.9990e+02,-9.9990e+02,-9.9990e+02,-9.9990e+02,-9.9990e+02,3.7839e+03,2.2006e+03,1.5657e+06,4.8786e+05,2.2589e+05,6.4541e+04
2026-01-19T15:10:00.000Z,-9.9990e+02,-9.9990e+02,-9.9990e+02,-9.9990e+02,-9.9990e+02,-9.9990e+02,3.7839e+03,2.2006e+03,1.5657e+06,4.8786e+05,2.2589e+05,6.4541e+04
2026-01-19T15:10:13.000Z,-9.9990e+02,-9.9990e+02,-9.9990e+02,-9.9990e+02,-9.9990e+02,-9.9990e+02,3.7839e+03,2.1310e+03,1.4857e+06,4.5771e+05,2.2163e+05,6.5051e+04
2026-01-19T15:10:25.000Z,-9.9990e+02,-9.9990e+02,-9.9990e+02,-9.9990e+02,-9.9990e+02,-9.9990e+02,3.7839e+03,2.1310e+03,1.4857e+06,4.5771e+05,2.2163e+05,6.5051e+04
2026-01-19T15:10:37.000Z,-9.9990e+02,-9.9990e+02,-9.9990e+02,-9.9990e+02,-9.9990e+02,-9.9990e+02,3.7839e+03,2.1658e+03,1.5057e+06,4.5771e+05,2.1538e+05,6.3469e+04
2026-01-19T15:10:49.000Z,-9.9990e+02,-9.9990e+02,-9.9990e+02,-9.9990e+02,-9.9990e+02,-9.9990e+02,3.7839e+03,2.1658e+03,1.5057e+06,4.5771e+05,2.1538e+05,6.3469e+04
2026-01-19T15:11:01.000Z,-9.9990e+02,-9.9990e+02,-9.9990e+02,-9.9990e+02,-9.9990e+02,-9.9990e+02,3.7839e+03,2.1310e+03,1.5462e+06,4.6986e+05,2.1964e+05,6.4031e+04
2026-01-19T15:11:13.000Z,-9.9990e+02,-9.9990e+02,-9.9990e+02,-9.9990e+02,-9.9990e+02,-9.9990e+02,3.7839e+03,2.1310e+03,1.5462e+06,4.6986e+05,2.1964e+05,6.4031e+04
2026-01-19T15:11:25.000Z,-9.9990e+02,-9.9990e+02,-9.9990e+02,-9.9990e+02,-9.9990e+02,-9.9990e+02,3.7269e+03,2.0622e+03,1.5062e+06,4.5186e+05,2.1964e+05,6.4031e+04
2026-01-19T15:11:38.000Z,-9.9990e+02,-9.9990e+02,-9.9990e+02,-9.9990e+02,-9.9990e+02,-9.9990e+02,3.7269e+03,2.0622e+03,1.5062e+06,4.5186e+05,2.1964e+05,6.4031e+04
2026-01-19T15:11:50.000Z,-9.9990e+02,-9.9990e+02,-9.9990e+02,-9.9990e+02,-9.9990e+02,-9.9990e+02,3.7241e+03,2.0605e+03,1.5262e+06,4.6386e+05,2.1964e+05,6.2398e+04
2026-01-19T15:12:02.000Z,-9.9990e+02,-9.9990e+02,-9.9990e+02,-9.9990e+02,-9.9990e+02,-9.9990e+02,3.7241e+03,2.0605e+03,1.5262e+06,4.6386e+05,2.1964e+05,6.2398e+04
2026-01-19T15:12:14.000Z,-9.9990e+02,-9.9990e+02,-9.9990e+02,-9.9990e+02,-9.9990e+02,-9.9990e+02,3.6642e+03,2.0605e+03,1.4857e+06,4.5171e+05,2.1538e+05,6.2398e+04
2026-01-19T15:12:26.000Z,-9.9990e+02,-9.9990e+02,-9.9990e+02,-9.9990e+02,-9.9990e+02,-9.9990e+02,3.6642e+03,2.0605e+03,1.4857e+06,4.5171e+05,2.1538e+05,6.2398e+04
2026-01-19T15:12:38.000Z,-9.9990e+02,-9.9990e+02,-9.9990e+02,-9.9990e+02,-9.9990e+02,-9.9990e+02,3.5446e+03,1.9910e+03,1.4957e+06,4.5771e+05,2.1121e+05,6.1837e+04
2026-01-19T15:12:50.000Z,-9.9990e+02,-9.9990e+02,-9.9990e+02,-9.9990e+02,-9.9990e+02,-9.9990e+02,3.5446e+03,1.9910e+03,1.4957e+06,4.5771e+05,2.1121e+05,6.1837e+04
2026-01-19T15:13:02.000Z,-9.9990e+02,-9.9990e+02,-9.9990e+02,-9.9990e+02,-9.9990e+02,-9.9990e+02,-9.9990e+02,-9.9990e+02,-9.9990e+02,-9.9990e+02,-9.9990e+02,-9.9990e+02
2026-01-19T15:13:15.000Z,-9.9990e+02,-9.9990e+02,-9.9990e+02,-9.9990e+02,-9.9990e+02,-9.9990e+02,3.6044e+03,2.0258e+03,1.5257e+06,4.6371e+05,2.1329e+05,6.2908e+04
2026-01-19T15:13:27.000Z,-9.9990e+02,-9.9990e+02,-9.9990e+02,-9.9990e+02,-9.9990e+02,-9.9990e+02,3.6044e+03,2.0258e+03,1.5257e+06,4.6371e+05,2.1329e+05,6.2908e+04
2026-01-19T15:13:39.000Z,-9.9990e+02,-9.9990e+02,-9.9990e+02,-9.9990e+02,-9.9990e+02,-9.9990e+02,3.6072e+03,2.0274e+03,1.4962e+06,4.4586e+05,2.0714e+05,6.0255e+04
2026-01-19T15:13:51.000Z,-9.9990e+02,-9.9990e+02,-9.9990e+02,-9.9990e+02,-9.9990e+02,-9.9990e+02,3.6072e+03,2.0274e+03,1.4962e+06,4.4586e+05,2.0714e+05,6.0255e+04
2026-01-19T15:14:03.000Z,-9.9990e+02,-9.9990e+02,-9.9990e+02,-9.9990e+02,-9.9990e+02,-9.9990e+02,3.6044e+03,2.0258e+03,1.4452e+06,4.3057e+05,1.9653e+05,5.6480e+04
2026-01-19T15:14:15.000Z,-9.9990e+02,-9.9990e+02,-9.9990e+02,-9.9990e+02,-9.9990e+02,-9.9990e+02,3.6044e+03,2.0258e+03,1.4452e+06,4.3057e+05,1.9653e+05,5.6480e+04
2026-01-19T15:14:28.000Z,-9.9990e+02,-9.9990e+02,-9.9990e+02,-9.9990e+02,-9.9990e+02,-9.9990e+02,3.7241e+03,2.0258e+03,1.4762e+06,4.4286e+05,1.9663e+05,5.7551e+04
2026-01-19T15:14:40.000Z,-9.9990e+02,-9.9990e+02,-9.9990e+02,-9.9990e+02,-9.9990e+02,-9.9990e+02,3.7241e+03,2.0258e+03,1.4762e+06,4.4286e+05,1.9663e+05,5.7551e+04
2026-01-19T15:14:52.000Z,-9.9990e+02,-9.9990e+02,-9.9990e+02,-9.9990e+02,-9.9990e+02,-9.9990e+02,3.6642e+03,2.0258e+03,1.5057e+06,4.4571e+05,2.0079e+05,5.8622e+04
2026-01-19T15:15:04.000Z,-9.9990e+02,-9.9990e+02,-9.9990e+02,-9.9990e+02,-9.9990e+02,-9.9990e+02,3.6642e+03,2.0258e+03,1.5057e+06,4.4571e+05,2.0079e+05,5.8622e+04
2026-01-19T15:15:16.000Z,-9.9990e+02,-9.9990e+02,-9.9990e+02,-9.9990e+02,-9.9990e+02,-9.9990e+02,3.6044e+03,2.0258e+03,1.5267e+06,4.5800e+05,2.0298e+05,5.8112e+04
2026-01-19T15:15:28.000Z,-9.9990e+02,-9.9990e+02,-9.9990e+02,-9.9990e+02,-9.9990e+02,-9.9990e+02,3.6044e+03,2.0258e+03,1.5267e+06,4.5800e+05,2.0298e+05,5.8112e+04
2026-01-19T15:15:40.000Z,-9.9990e+02,-9.9990e+02,-9.9990e+02,-9.9990e+02,-9.9990e+02,-9.9990e+02,3.4847e+03,1.9910e+03,1.5257e+06,4.6371e+05,2.0704e+05,5.9694e+04
2026-01-19T15:15:53.000Z,-9.9990e+02,-9.9990e+02,-9.9990e+02,-9.9990e+02,-9.9990e+02,-9.9990e+02,3.4847e+03,1.9910e+03,1.5257e+06,4.6371e+05,2.0704e+05,5.9694e+04
2026-01-19T15:16:05.000Z,-9.9990e+02,-9.9990e+02,-9.9990e+02,-9.9990e+02,-9.9990e+02,-9.9990e+02,3.5446e+03,2.0266e+03,1.5267e+06,4.6414e+05,2.1349e+05,6.0816e+04
2026-01-19T15:16:17.000Z,-9.9990e+02,-9.9990e+02,-9.9990e+02,-9.9990e+02,-9.9990e+02,-9.9990e+02,3.5446e+03,2.0266e+03,1.5267e+06,4.6414e+05,2.1349e+05,6.0816e+04
2026-01-19T15:16:29.000Z,-9.9990e+02,-9.9990e+02,-9.9990e+02,-9.9990e+02,-9.9990e+02,-9.9990e+02,3.6072e+03,2.0282e+03,1.5067e+06,4.5800e+05,2.0923e+05,6.1327e+04
2026-01-19T15:16:41.000Z,-9.9990e+02,-9.9990e+02,-9.9990e+02,-9.9990e+02,-9.9990e+02,-9.9990e+02,3.6072e+03,2.0282e+03,1.5067e+06,4.5800e+05,2.0923e+05,6.1327e+04
2026-01-19T15:16:53.000Z,-9.9990e+02,-9.9990e+02,-9.9990e+02,-9.9990e+02,-9.9990e+02,-9.9990e+02,3.6044e+03,2.0258e+03,1.5057e+06,4.6371e+05,2.0913e+05,6.0204e+04
2026-01-19T15:17:06.000Z,-9.9990e+02,-9.9990e+02,-9.9990e+02,-9.9990e+02,-9.9990e+02,-9.9990e+02,3.6044e+03,2.0258e+03,1.5057e+06,4.6371e+05,2.0913e+05,6.0204e+04
2026-01-19T15:17:18.000Z,-9.9990e+02,-9.9990e+02,-9.9990e+02,-9.9990e+02,-9.9990e+02,-9.9990e+02,-9.9990e+02,-9.9990e+02,-9.9990e+02,-9.9990e+02,-9.9990e+02,-9.9990e+02
2026-01-19T15:17:30.000Z,-9.9990e+02,-9.9990e+02,-9.9990e+02,-9.9990e+02,-9.9990e+02,-9.9990e+02,3.7241e+03,2.0605e+03,1.5862e+06,4.7586e+05,2.1548e+05,6.1837e+04
2026-01-19T15:17:42.000Z,-9.9990e+02,-9.9990e+02,-9.9990e+02,-9.9990e+02,-9.9990e+02,-9.9990e+02,3.7241e+03,2.0605e+03,1.5862e+06,4.7586e+05,2.1548e+05,6.1837e+04
2026-01-19T15:17:54.000Z,-9.9990e+02,-9.9990e+02,-9.9990e+02,-9.9990e+02,-9.9990e+02,-9.9990e+02,3.7241e+03,2.1318e+03,1.6267e+06,4.8800e+05,2.2381e+05,6.3469e+04
2026-01-19T15:18:06.000Z,-9.9990e+02,-9.9990e+02,-9.9990e+02,-9.9990e+02,-9.9990e+02,-9.9990e+02,3.7241e+03,2.1318e+03,1.6267e+06,4.8800e+05,2.2381e+05,6.3469e+04
2026-01-19T15:18:18.000Z,-9.9990e+02,-9.9990e+02,-9.9990e+02,-9.9990e+02,-9.9990e+02,-9.9990e+02,3.6642e+03,2.0605e+03,1.5457e+06,4.7571e+05,2.2163e+05,6.4541e+04
2026-01-19T15:18:31.000Z,-9.9990e+02,-9.9990e+02,-9.9990e+02,-9.9990e+02,-9.9990e+02,-9.9990e+02,3.6642e+03,2.0605e+03,1.5457e+06,4.7571e+05,2.2163e+05,6.4541e+04
2026-01-19T15:18:43.000Z,-9.9990e+02,-9.9990e+02,-9.9990e+02,-9.9990e+02,-9.9990e+02,-9.9990e+02,3.7269e+03,2.0978e+03,1.4662e+06,4.3986e+05,2.0298e+05,5.8112e+04
2026-01-19T15:18:55.000Z,-9.9990e+02,-9.9990e+02,-9.9990e+02,-9.9990e+02,-9.9990e+02,-9.9990e+02,3.7269e+03,2.0978e+03,1.4662e+06,4.3986e+05,2.0298e+05,5.8112e+04
2026-01-19T15:19:07.000Z,-9.9990e+02,-9.9990e+02,-9.9990e+02,-9.9990e+02,-9.9990e+02,-9.9990e+02,3.7241e+03,2.0970e+03,1.4662e+06,4.5786e+05,2.0923e+05,6.0255e+04
2026-01-19T15:19:19.000Z,-9.9990e+02,-9.9990e+02,-9.9990e+02,-9.9990e+02,-9.9990e+02,-9.9990e+02,3.7241e+03,2.0970e+03,1.4662e+06,4.5786e+05,2.0923e+05,6.0255e+04
2026-01-19T15:19:31.000Z,-9.9990e+02,-9.9990e+02,-9.9990e+02,-9.9990e+02,-9.9990e+02,-9.9990e+02,3.7839e+03,2.1658e+03,1.4657e+06,4.3371e+05,1.9871e+05,5.6480e+04
2026-01-19T15:19:43.000Z,-9.9990e+02,-9.9990e+02,-9.9990e+02,-9.9990e+02,-9.9990e+02,-9.9990e+02,3.7839e+03,2.1658e+03,1.4657e+06,4.3371e+05,1.9871e+05,5.6480e+04
2026-01-19T15:19:56.000Z,-9.9990e+02,-9.9990e+02,-9.9990e+02,-9.9990e+02,-9.9990e+02,-9.9990e+02,3.8437e+03,2.1310e+03,1.4857e+06,4.4571e+05,2.0079e+05,5.5918e+04
2026-01-19T15:20:08.000Z,-9.9990e+02,-9.9990e+02,-9.9990e+02,-9.9990e+02,-9.9990e+02,-9.9990e+02,3.8437e+03,2.1310e+03,1.4857e+06,4.4571e+05,2.0079e+05,5.5918e+04
2026-01-19T15:20:20.000Z,-9.9990e+02,-9.9990e+02,-9.9990e+02,-9.9990e+02,-9.9990e+02,-9.9990e+02,3.8437e+03,2.1658e+03,1.4457e+06,4.2771e+05,1.9454e+05,5.5408e+04
2026-01-19T15:20:32.000Z,-9.9990e+02,-9.9990e+02,-9.9990e+02,-9.9990e+02,-9.9990e+02,-9.9990e+02,3.8437e+03,2.1658e+03,1.4457e+06,4.2771e+05,1.9454e+05,5.5408e+04
2026-01-19T15:20:44.000Z,-9.9990e+02,-9.9990e+02,-9.9990e+02,-9.9990e+02,-9.9990e+02,-9.9990e+02,3.8466e+03,2.2014e+03,1.4862e+06,4.4586e+05,2.0298e+05,5.7041e+04
2026-01-19T15:20:56.000Z,-9.9990e+02,-9.9990e+02,-9.9990e+02,-9.9990e+02,-9.9990e+02,-9.9990e+02,3.8466e+03,2.2014e+03,1.4862e+06,4.4586e+05,2.0298e+05,5.7041e+04
2026-01-19T15:21:08.000Z,-9.9990e+02,-9.9990e+02,-9.9990e+02,-9.9990e+02,-9.9990e+02,-9.9990e+02,3.8466e+03,2.2014e+03,1.5062e+06,4.6386e+05,2.0913e+05,5.9184e+04
2026-01-19T15:21:21.000Z,-9.9990e+02,-9.9990e+02,-9.9990e+02,-9.9990e+02,-9.9990e+02,-9.9990e+02,3.8466e+03,2.2014e+03,1.5062e+06,4.6386e+05,2.0913e+05,5.9184e+04
2026-01-19T15:21:33.000Z,-9.9990e+02,-9.9990e+02,-9.9990e+02,-9.9990e+02,-9.9990e+02,-9.9990e+02,-9.9990e+02,-9.9990e+02,-9.9990e+02,-9.9990e+02,-9.9990e+02,-9.9990e+02
2026-01-19T15:21:45.000Z,-9.9990e+02,-9.9990e+02,-9.9990e+02,-9.9990e+02,-9.9990e+02,-9.9990e+02,3.8466e+03,2.2014e+03,1.5267e+06,4.5800e+05,2.0298e+05,5.8673e+04
2026-01-19T15:21:57.000Z,-9.9990e+02,-9.9990e+02,-9.9990e+02,-9.9990e+02,-9.9990e+02,-9.9990e+02,3.8466e+03,2.2014e+03,1.5267e+06,4.5800e+05,2.0298e+05,5.8673e+04
2026-01-19T15:22:09.000Z,-9.9990e+02,-9.9990e+02,-9.9990e+02,-9.9990e+02,-9.9990e+02,-9.9990e+02,3.8466e+03,2.1666e+03,1.5276e+06,4.5829e+05,2.0933e+05,5.8673e+04
2026-01-19T15:22:21.000Z,-9.9990e+02,-9.9990e+02,-9.9990e+02,-9.9990e+02,-9.9990e+02,-9.9990e+02,3.8466e+03,2.1666e+03,1.5276e+06,4.5829e+05,2.0933e+05,5.8673e+04
2026-01-19T15:22:33.000Z,-9.9990e+02,-9.9990e+02,-9.9990e+02,-9.9990e+02,-9.9990e+02,-9.9990e+02,3.8437e+03,2.1658e+03,1.5057e+06,4.5771e+05,2.0704e+05,6.0204e+04
2026-01-19T15:22:46.000Z,-9.9990e+02,-9.9990e+02,-9.9990e+02,-9.9990e+02,-9.9990e+02,-9.9990e+02,3.8437e+03,2.1658e+03,1.5057e+06,4.5771e+05,2.0704e+05,6.0204e+04
2026-01-19T15:22:58.000Z,-9.9990e+02,-9.9990e+02,-9.9990e+02,-9.9990e+02,-9.9990e+02,-9.9990e+02,3.8437e+03,2.2006e+03,1.4857e+06,4.4571e+05,2.0496e+05,5.8622e+04
2026-01-19T15:23:10.000Z,-9.9990e+02,-9.9990e+02,-9.9990e+02,-9.9990e+02,-9.9990e+02,-9.9990e+02,3.8437e+03,2.2006e+03,1.4857e+06,4.4571e+05,2.0496e+05,5.8622e+04
2026-01-19T15:23:22.000Z,-9.9990e+02,-9.9990e+02,-9.9990e+02,-9.9990e+02,-9.9990e+02,-9.9990e+02,3.8466e+03,2.2362e+03,1.5057e+06,4.5786e+05,2.0704e+05,5.9694e+04
2026-01-19T15:23:34.000Z,-9.9990e+02,-9.9990e+02,-9.9990e+02,-9.9990e+02,-9.9990e+02,-9.9990e+02,3.8466e+03,2.2362e+03,1.5057e+06,4.5786e+05,2.0704e+05,5.9694e+04
2026-01-19T15:23:46.000Z,-9.9990e+02,-9.9990e+02,-9.9990e+02,-9.9990e+02,-9.9990e+02,-9.9990e+02,-9.9990e+02,-9.9990e+02,-9.9990e+02,-9.9990e+02,-9.9990e+02,-9.9990e+02
2026-01-19T15:23:58.000Z,-9.9990e+02,-9.9990e+02,-9.9990e+02,-9.9990e+02,-9.9990e+02,-9.9990e+02,3.8466e+03,2.2014e+03,1.5462e+06,4.7586e+05,2.1964e+05,6.2398e+04
2026-01-19T15:24:11.000Z,-9.9990e+02,-9.9990e+02,-9.9990e+02,-9.9990e+02,-9.9990e+02,-9.9990e+02,3.8466e+03,2.2014e+03,1.5462e+06,4.7586e+05,2.1964e+05,6.2398e+04
2026-01-19T15:24:23.000Z,-9.9990e+02,-9.9990e+02,-9.9990e+02,-9.9990e+02,-9.9990e+02,-9.9990e+02,3.7839e+03,2.2354e+03,1.5462e+06,4.8186e+05,2.2173e+05,6.2908e+04
2026-01-19T15:24:35.000Z,-9.9990e+02,-9.9990e+02,-9.9990e+02,-9.9990e+02,-9.9990e+02,-9.9990e+02,3.7839e+03,2.2354e+03,1.5462e+06,4.8186e+05,2.2173e+05,6.2908e+04
2026-01-19T15:24:47.000Z,-9.9990e+02,-9.9990e+02,-9.9990e+02,-9.9990e+02,-9.9990e+02,-9.9990e+02,3.8437e+03,2.2354e+03,1.5662e+06,4.7586e+05,2.1964e+05,6.2908e+04
2026-01-19T15:24:59.000Z,-9.9990e+02,-9.9990e+02,-9.9990e+02,-9.9990e+02,-9.9990e+02,-9.9990e+02,3.8437e+03,2.2354e+03,1.5662e+06,4.7586e+05,2.1964e+05,6.2908e+04
2026-01-19T15:25:11.000Z,-9.9990e+02,-9.9990e+02,-9.9990e+02,-9.9990e+02,-9.9990e+02,-9.9990e+02,3.8437e+03,2.2006e+03,1.5457e+06,4.6971e+05,2.1329e+05,6.1837e+04
2026-01-19T15:25:23.000Z,-9.9990e+02,-9.9990e+02,-9.9990e+02,-9.9990e+02,-9.9990e+02,-9.9990e+02,3.8437e+03,2.2006e+03,1.5457e+06,4.6971e+05,2.1329e+05,6.1837e+04
2026-01-19T15:25:36.000Z,-9.9990e+02,-9.9990e+02,-9.9990e+02,-9.9990e+02,-9.9990e+02,-9.9990e+02,3.8466e+03,2.2362e+03,1.5467e+06,4.7014e+05,2.1131e+05,6.0255e+04
2026-01-19T15:25:48.000Z,-9.9990e+02,-9.9990e+02,-9.9990e+02,-9.9990e+02,-9.9990e+02,-9.9990e+02,3.8466e+03,2.2362e+03,1.5467e+06,4.7014e+05,2.1131e+05,6.0255e+04
2026-01-19T15:26:00.000Z,-9.9990e+02,-9.9990e+02,-9.9990e+02,-9.9990e+02,-9.9990e+02,-9.9990e+02,3.8437e+03,2.2006e+03,1.5057e+06,4.5771e+05,2.0704e+05,6.0204e+04
2026-01-19T15:26:12.000Z,-9.9990e+02,-9.9990e+02,-9.9990e+02,-9.9990e+02,-9.9990e+02,-9.9990e+02,3.8437e+03,2.2006e+03,1.5057e+06,4.5771e+05,2.0704e+05,6.0204e+04
2026-01-19T15:26:24.000Z,-9.9990e+02,-9.9990e+02,-9.9990e+02,-9.9990e+02,-9.9990e+02,-9.9990e+02,3.8437e+03,2.2354e+03,1.4452e+06,4.3971e+05,2.0496e+05,5.8061e+04
2026-01-19T15:26:36.000Z,-9.9990e+02,-9.9990e+02,-9.9990e+02,-9.9990e+02,-9.9990e+02,-9.9990e+02,3.8437e+03,2.2354e+03,1.4452e+06,4.3971e+05,2.0496e+05,5.8061e+04
2026-01-19T15:26:48.000Z,-9.9990e+02,-9.9990e+02,-9.9990e+02,-9.9990e+02,-9.9990e+02,-9.9990e+02,3.8437e+03,2.1658e+03,1.4052e+06,4.3971e+05,2.0079e+05,5.8061e+04
2026-01-19T15:27:01.000Z,-9.9990e+02,-9.9990e+02,-9.9990e+02,-9.9990e+02,-9.9990e+02,-9.9990e+02,3.8437e+03,2.1658e+03,1.4052e+06,4.3971e+05,2.0079e+05,5.8061e+04
2026-01-19T15:27:13.000Z,-9.9990e+02,-9.9990e+02,-9.9990e+02,-9.9990e+02,-9.9990e+02,-9.9990e+02,3.8437e+03,2.1658e+03,1.4352e+06,4.4571e+05,2.0496e+05,5.8061e+04
2026-01-19T15:27:25.000Z,-9.9990e+02,-9.9990e+02,-9.9990e+02,-9.9990e+02,-9.9990e+02,-9.9990e+02,3.8437e+03,2.1658e+03,1.4352e+06,4.4571e+05,2.0496e+05,5.8061e+04
2026-01-19T15:27:37.000Z,-9.9990e+02,-9.9990e+02,-9.9990e+02,-9.9990e+02,-9.9990e+02,-9.9990e+02,3.8466e+03,2.2031e+03,1.5267e+06,4.5800e+05,2.1339e+05,6.0816e+04
2026-01-19T15:27:49.000Z,-9.9990e+02,-9.9990e+02,-9.9990e+02,-9.9990e+02,-9.9990e+02,-9.9990e+02,3.8466e+03,2.2031e+03,1.5267e+06,4.5800e+05,2.1339e+05,6.0816e+04
2026-01-19T15:28:01.000Z,-9.9990e+02,-9.9990e+02,-9.9990e+02,-9.9990e+02,-9.9990e+02,-9.9990e+02,-9.9990e+02,-9.9990e+02,-9.9990e+02,-9.9990e+02,-9.9990e+02,-9.9990e+02
2026-01-19T15:28:13.000Z,-9.9990e+02,-9.9990e+02,-9.9990e+02,-9.9990e+02,-9.9990e+02,-9.9990e+02,3.8466e+03,2.1666e+03,1.5062e+06,4.6986e+05,2.1548e+05,6.2398e+04
2026-01-19T15:28:26.000Z,-9.9990e+02,-9.9990e+02,-9.9990e+02,-9.9990e+02,-9.9990e+02,-9.9990e+02,3.8466e+03,2.1666e+03,1.5062e+06,4.6986e+05,2.1548e+05,6.2398e+04
2026-01-19T15:28:38.000Z,-9.9990e+02,-9.9990e+02,-9.9990e+02,-9.9990e+02,-9.9990e+02,-9.9990e+02,3.7839e+03,2.1658e+03,1.5267e+06,4.7000e+05,2.1548e+05,6.1327e+04
2026-01-19T15:28:50.000Z,-9.9990e+02,-9.9990e+02,-9.9990e+02,-9.9990e+02,-9.9990e+02,-9.9990e+02,3.7839e+03,2.1658e+03,1.5267e+06,4.7000e+05,2.1548e+05,6.1327e+04
2026-01-19T15:29:02.000Z,-9.9990e+02,-9.9990e+02,-9.9990e+02,-9.9990e+02,-9.9990e+02,-9.9990e+02,3.8437e+03,2.1310e+03,1.5257e+06,4.7586e+05,2.1746e+05,6.1327e+04
2026-01-19T15:29:14.000Z,-9.9990e+02,-9.9990e+02,-9.9990e+02,-9.9990e+02,-9.9990e+02,-9.9990e+02,3.8437e+03,2.1310e+03,1.5257e+06,4.7586e+05,2.1746e+05,6.1327e+04
2026-01-19T15:29:26.000Z,-9.9990e+02,-9.9990e+02,-9.9990e+02,-9.9990e+02,-9.9990e+02,-9.9990e+02,3.8437e+03,2.1310e+03,1.5257e+06,4.6971e+05,2.1746e+05,6.1327e+04
2026-01-19T15:29:38.000Z,-9.9990e+02,-9.9990e+02,-9.9990e+02,-9.9990e+02,-9.9990e+02,-9.9990e+02,3.8437e+03,2.1310e+03,1.5257e+06,4.6971e+05,2.1746e+05,6.1327e+04
2026-01-19T15:29:51.000Z,-9.9990e+02,-9.9990e+02,-9.9990e+02,-9.9990e+02,-9.9990e+02,-9.9990e+02,3.8466e+03,2.1666e+03,1.5662e+06,4.7586e+05,2.1548e+05,6.2398e+04
2026-01-19T15:30:03.000Z,-9.9990e+02,-9.9990e+02,-9.9990e+02,-9.9990e+02,-9.9990e+02,-9.9990e+02,3.8466e+03,2.1666e+03,1.5662e+06,4.7586e+05,2.1548e+05,6.2398e+04
2026-01-19T15:30:15.000Z,-9.9990e+02,-9.9990e+02,-9.9990e+02,-9.9990e+02,-9.9990e+02,-9.9990e+02,3.7839e+03,2.1310e+03,1.5857e+06,4.8186e+05,2.1538e+05,6.1276e+04
2026-01-19T15:30:27.000Z,-9.9990e+02,-9.9990e+02,-9.9990e+02,-9.9990e+02,-9.9990e+02,-9.9990e+02,3.7839e+03,2.1310e+03,1.5857e+06,4.8186e+05,2.1538e+05,6.1276e+04
2026-01-19T15:30:39.000Z,-9.9990e+02,-9.9990e+02,-9.9990e+02,-9.9990e+02,-9.9990e+02,-9.9990e+02,3.8466e+03,2.1666e+03,1.5662e+06,4.7586e+05,2.1548e+05,6.1327e+04
2026-01-19T15:30:51.000Z,-9.9990e+02,-9.9990e+02,-9.9990e+02,-9.9990e+02,-9.9990e+02,-9.9990e+02,3.8466e+03,2.1666e+03,1.5662e+06,4.7586e+05,2.1548e+05,6.1327e+04
2026-01-19T15:31:03.000Z,-9.9990e+02,-9.9990e+02,-9.9990e+02,-9.9990e+02,-9.9990e+02,-9.9990e+02,3.8437e+03,2.1658e+03,1.5857e+06,4.8186e+05,2.1746e+05,6.1837e+04
2026-01-19T15:31:16.000Z,-9.9990e+02,-9.9990e+02,-9.9990e+02,-9.9990e+02,-9.9990e+02,-9.9990e+02,3.8437e+03,2.1658e+03,1.5857e+06,4.8186e+05,2.1746e+05,6.1837e+04
2026-01-19T15:31:28.000Z,-9.9990e+02,-9.9990e+02,-9.9990e+02,-9.9990e+02,-9.9990e+02,-9.9990e+02,3.8437e+03,2.2006e+03,1.5457e+06,4.8186e+05,2.1329e+05,6.0765e+04
2026-01-19T15:31:40.000Z,-9.9990e+02,-9.9990e+02,-9.9990e+02,-9.9990e+02,-9.9990e+02,-9.9990e+02,3.8437e+03,2.2006e+03,1.5457e+06,4.8186e+05,2.1329e+05,6.0765e+04
2026-01-19T15:31:52.000Z,-9.9990e+02,-9.9990e+02,-9.9990e+02,-9.9990e+02,-9.9990e+02,-9.9990e+02,3.8466e+03,2.2014e+03,1.5662e+06,4.8186e+05,2.1548e+05,6.1327e+04
2026-01-19T15:32:04.000Z,-9.9990e+02,-9.9990e+02,-9.9990e+02,-9.9990e+02,-9.9990e+02,-9.9990e+02,3.8466e+03,2.2014e+03,1.5662e+06,4.8186e+05,2.1548e+05,6.1327e+04
2026-01-19T15:32:16.000Z,-9.9990e+02,-9.9990e+02,-9.9990e+02,-9.9990e+02,-9.9990e+02,-9.9990e+02,-9.9990e+02,-9.9990e+02,-9.9990e+02,-9.9990e+02,-9.9990e+02,-9.9990e+02
2026-01-19T15:32:29.000Z,-9.9990e+02,-9.9990e+02,-9.9990e+02,-9.9990e+02,-9.9990e+02,-9.9990e+02,3.8466e+03,2.2379e+03,1.5062e+06,4.5800e+05,2.1339e+05,6.1888e+04
2026-01-19T15:32:41.000Z,-9.9990e+02,-9.9990e+02,-9.9990e+02,-9.9990e+02,-9.9990e+02,-9.9990e+02,3.8466e+03,2.2379e+03,1.5062e+06,4.5800e+05,2.1339e+05,6.1888e+04
2026-01-19T15:32:53.000Z,-9.9990e+02,-9.9990e+02,-9.9990e+02,-9.9990e+02,-9.9990e+02,-9.9990e+02,3.8466e+03,2.2362e+03,1.5062e+06,4.5786e+05,2.1548e+05,6.2908e+04
2026-01-19T15:33:05.000Z,-9.9990e+02,-9.9990e+02,-9.9990e+02,-9.9990e+02,-9.9990e+02,-9.9990e+02,3.8466e+03,2.2362e+03,1.5062e+06,4.5786e+05,2.1548e+05,6.2908e+04
2026-01-19T15:33:17.000Z,-9.9990e+02,-9.9990e+02,-9.9990e+02,-9.9990e+02,-9.9990e+02,-9.9990e+02,3.9634e+03,2.2354e+03,1.5262e+06,4.6386e+05,2.1339e+05,6.1327e+04
2026-01-19T15:33:29.000Z,-9.9990e+02,-9.9990e+02,-9.9990e+02,-9.9990e+02,-9.9990e+02,-9.9990e+02,3.9634e+03,2.2354e+03,1.5262e+06,4.6386e+05,2.1339e+05,6.1327e+04
2026-01-19T15:33:41.000Z,-9.9990e+02,-9.9990e+02,-9.9990e+02,-9.9990e+02,-9.9990e+02,-9.9990e+02,3.9634e+03,2.2354e+03,1.4557e+06,4.5171e+05,2.0496e+05,6.0765e+04
2026-01-19T15:33:54.000Z,-9.9990e+02,-9.9990e+02,-9.9990e+02,-9.9990e+02,-9.9990e+02,-9.9990e+02,3.9634e+03,2.2354e+03,1.4557e+06,4.5171e+05,2.0496e+05,6.0765e+04
2026-01-19T15:34:06.000Z,-9.9990e+02,-9.9990e+02,-9.9990e+02,-9.9990e+02,-9.9990e+02,-9.9990e+02,3.8466e+03,2.2362e+03,1.4457e+06,4.3371e+05,1.9871e+05,5.8622e+04
2026-01-19T15:34:18.000Z,-9.9990e+02,-9.9990e+02,-9.9990e+02,-9.9990e+02,-9.9990e+02,-9.9990e+02,3.8466e+03,2.2362e+03,1.4457e+06,4.3371e+05,1.9871e+05,5.8622e+04
2026-01-19T15:34:30.000Z,-9.9990e+02,-9.9990e+02,-9.9990e+02,-9.9990e+02,-9.9990e+02,-9.9990e+02,3.8437e+03,2.2354e+03,1.4167e+06,4.2800e+05,1.9464e+05,5.5969e+04
2026-01-19T15:34:42.000Z,-9.9990e+02,-9.9990e+02,-9.9990e+02,-9.9990e+02,-9.9990e+02,-9.9990e+02,3.8437e+03,2.2354e+03,1.4167e+06,4.2800e+05,1.9464e+05,5.5969e+04
2026-01-19T15:34:54.000Z,-9.9990e+02,-9.9990e+02,-9.9990e+02,-9.9990e+02,-9.9990e+02,-9.9990e+02,3.8437e+03,2.2006e+03,1.4252e+06,4.3657e+05,1.9653e+05,5.5408e+04
2026-01-19T15:35:06.000Z,-9.9990e+02,-9.9990e+02,-9.9990e+02,-9.9990e+02,-9.9990e+02,-9.9990e+02,3.8437e+03,2.2006e+03,1.4252e+06,4.3657e+05,1.9653e+05,5.5408e+04
2026-01-19T15:35:19.000Z,-9.9990e+02,-9.9990e+02,-9.9990e+02,-9.9990e+02,-9.9990e+02,-9.9990e+02,3.8437e+03,2.2006e+03,1.4252e+06,4.2457e+05,1.9236e+05,5.4286e+04
2026-01-19T15:35:31.000Z,-9.9990e+02,-9.9990e+02,-9.9990e+02,-9.9990e+02,-9.9990e+02,-9.9990e+02,3.8437e+03,2.2006e+03,1.4252e+06,4.2457e+05,1.9236e+05,5.4286e+04
2026-01-19T15:35:43.000Z,-9.9990e+02,-9.9990e+02,-9.9990e+02,-9.9990e+02,-9.9990e+02,-9.9990e+02,3.8437e+03,2.2006e+03,1.4252e+06,4.3057e+05,1.9653e+05,5.5408e+04
2026-01-19T15:35:55.000Z,-9.9990e+02,-9.9990e+02,-9.9990e+02,-9.9990e+02,-9.9990e+02,-9.9990e+02,3.8437e+03,2.2006e+03,1.4252e+06,4.3057e+05,1.9653e+05,5.5408e+04
2026-01-19T15:36:07.000Z,-9.9990e+02,-9.9990e+02,-9.9990e+02,-9.9990e+02,-9.9990e+02,-9.9990e+02,3.8437e+03,2.2354e+03,1.4857e+06,4.5171e+05,2.0704e+05,5.8061e+04
2026-01-19T15:36:19.000Z,-9.9990e+02,-9.9990e+02,-9.9990e+02,-9.9990e+02,-9.9990e+02,-9.9990e+02,3.8437e+03,2.2354e+03,1.4857e+06,4.5171e+05,2.0704e+05,5.8061e+04
2026-01-19T15:36:31.000Z,-9.9990e+02,-9.9990e+02,-9.9990e+02,-9.9990e+02,-9.9990e+02,-9.9990e+02,-9.9990e+02,-9.9990e+02,-9.9990e+02,-9.9990e+02,-9.9990e+02,-9.9990e+02
2026-01-19T15:36:44.000Z,-9.9990e+02,-9.9990e+02,-9.9990e+02,-9.9990e+02,-9.9990e+02,-9.9990e+02,3.9720e+03,2.2395e+03,1.5481e+06,4.7043e+05,2.1359e+05,6.0867e+04
2026-01-19T15:36:56.000Z,-9.9990e+02,-9.9990e+02,-9.9990e+02,-9.9990e+02,-9.9990e+02,-9.9990e+02,3.9720e+03,2.2395e+03,1.5481e+06,4.7043e+05,2.1359e+05,6.0867e+04
2026-01-19T15:37:08.000Z,-9.9990e+02,-9.9990e+02,-9.9990e+02,-9.9990e+02,-9.9990e+02,-9.9990e+02,4.0831e+03,2.3050e+03,1.5457e+06,4.7586e+05,2.2589e+05,6.4541e+04
2026-01-19T15:37:20.000Z,-9.9990e+02,-9.9990e+02,-9.9990e+02,-9.9990e+02,-9.9990e+02,-9.9990e+02,4.0831e+03,2.3050e+03,1.5457e+06,4.7586e+05,2.2589e+05,6.4541e+04
2026-01-19T15:37:32.000Z,-9.9990e+02,-9.9990e+02,-9.9990e+02,-9.9990e+02,-9.9990e+02,-9.9990e+02,3.9748e+03,2.3108e+03,1.4976e+06,4.6429e+05,2.1984e+05,6.2449e+04
2026-01-19T15:37:44.000Z,-9.9990e+02,-9.9990e+02,-9.9990e+02,-9.9990e+02,-9.9990e+02,-9.9990e+02,3.9748e+03,2.3108e+03,1.4976e+06,4.6429e+05,2.1984e+05,6.2449e+04
2026-01-19T15:37:56.000Z,-9.9990e+02,-9.9990e+02,-9.9990e+02,-9.9990e+02,-9.9990e+02,-9.9990e+02,4.0831e+03,2.3050e+03,1.4462e+06,4.3986e+05,2.0506e+05,5.7551e+04
2026-01-19T15:38:09.000Z,-9.9990e+02,-9.9990e+02,-9.9990e+02,-9.9990e+02,-9.9990e+02,-9.9990e+02,4.0831e+03,2.3050e+03,1.4462e+06,4.3986e+05,2.0506e+05,5.7551e+04
2026-01-19T15:38:21.000Z,-9.9990e+02,-9.9990e+02,-9.9990e+02,-9.9990e+02,-9.9990e+02,-9.9990e+02,4.0831e+03,2.3050e+03,1.4557e+06,4.4271e+05,2.0288e+05,5.7551e+04
2026-01-19T15:38:33.000Z,-9.9990e+02,-9.9990e+02,-9.9990e+02,-9.9990e+02,-9.9990e+02,-9.9990e+02,4.0831e+03,2.3050e+03,1.4557e+06,4.4271e+05,2.0288e+05,5.7551e+04
2026-01-19T15:38:45.000Z,-9.9990e+02,-9.9990e+02,-9.9990e+02,-9.9990e+02,-9.9990e+02,-9.9990e+02,4.0859e+03,2.4466e+03,1.4362e+06,4.3086e+05,1.9881e+05,5.7551e+04
2026-01-19T15:38:57.000Z,-9.9990e+02,-9.9990e+02,-9.9990e+02,-9.9990e+02,-9.9990e+02,-9.9990e+02,4.0859e+03,2.4466e+03,1.4362e+06,4.3086e+05,1.9881e+05,5.7551e+04
2026-01-19T15:39:09.000Z,-9.9990e+02,-9.9990e+02,-9.9990e+02,-9.9990e+02,-9.9990e+02,-9.9990e+02,4.2085e+03,2.3075e+03,1.4267e+06,4.2500e+05,1.9891e+05,5.7602e+04
2026-01-19T15:39:21.000Z,-9.9990e+02,-9.9990e+02,-9.9990e+02,-9.9990e+02,-9.9990e+02,-9.9990e+02,4.2085e+03,2.3075e+03,1.4267e+06,4.2500e+05,1.9891e+05,5.7602e+04
2026-01-19T15:39:34.000Z,-9.9990e+02,-9.9990e+02,-9.9990e+02,-9.9990e+02,-9.9990e+02,-9.9990e+02,4.0859e+03,2.3066e+03,1.4757e+06,4.4886e+05,2.0923e+05,6.0765e+04
2026-01-19T15:39:46.000Z,-9.9990e+02,-9.9990e+02,-9.9990e+02,-9.9990e+02,-9.9990e+02,-9.9990e+02,4.0859e+03,2.3066e+03,1.4757e+06,4.4886e+05,2.0923e+05,6.0765e+04
2026-01-19T15:39:58.000Z,-9.9990e+02,-9.9990e+02,-9.9990e+02,-9.9990e+02,-9.9990e+02,-9.9990e+02,4.0831e+03,2.2702e+03,1.4152e+06,4.1557e+05,1.9444e+05,5.5918e+04
2026-01-19T15:40:10.000Z,-9.9990e+02,-9.9990e+02,-9.9990e+02,-9.9990e+02,-9.9990e+02,-9.9990e+02,4.0831e+03,2.2702e+03,1.4152e+06,4.1557e+05,1.9444e+05,5.5918e+04
2026-01-19T15:40:22.000Z,-9.9990e+02,-9.9990e+02,-9.9990e+02,-9.9990e+02,-9.9990e+02,-9.9990e+02,4.0831e+03,2.2702e+03,1.2048e+06,3.7043e+05,1.7778e+05,5.3776e+04
2026-01-19T15:40:34.000Z,-9.9990e+02,-9.9990e+02,-9.9990e+02,-9.9990e+02,-9.9990e+02,-9.9990e+02,4.0831e+03,2.2702e+03,1.2048e+06,3.7043e+05,1.7778e+05,5.3776e+04
2026-01-19T15:40:46.000Z,-9.9990e+02,-9.9990e+02,-9.9990e+02,-9.9990e+02,-9.9990e+02,-9.9990e+02,-9.9990e+02,-9.9990e+02,-9.9990e+02,-9.9990e+02,-9.9990e+02,-9.9990e+02
2026-01-19T15:40:59.000Z,-9.9990e+02,-9.9990e+02,-9.9990e+02,-9.9990e+02,-9.9990e+02,-9.9990e+02,4.0831e+03,2.3050e+03,1.3057e+06,4.0971e+05,1.9038e+05,5.8112e+04
2026-01-19T15:41:11.000Z,-9.9990e+02,-9.9990e+02,-9.9990e+02,-9.9990e+02,-9.9990e+02,-9.9990e+02,4.0831e+03,2.3050e+03,1.3057e+06,4.0971e+05,1.9038e+05,5.8112e+04
2026-01-19T15:41:23.000Z,-9.9990e+02,-9.9990e+02,-9.9990e+02,-9.9990e+02,-9.9990e+02,-9.9990e+02,4.0859e+03,2.3762e+03,1.2957e+06,4.0971e+05,2.0298e+05,6.1327e+04
2026-01-19T15:41:35.000Z,-9.9990e+02,-9.9990e+02,-9.9990e+02,-9.9990e+02,-9.9990e+02,-9.9990e+02,4.0859e+03,2.3762e+03,1.2957e+06,4.0971e+05,2.0298e+05,6.1327e+04
2026-01-19T15:41:47.000Z,-9.9990e+02,-9.9990e+02,-9.9990e+02,-9.9990e+02,-9.9990e+02,-9.9990e+02,4.2056e+03,2.3066e+03,1.2248e+06,3.9157e+05,1.9663e+05,5.8112e+04
2026-01-19T15:41:59.000Z,-9.9990e+02,-9.9990e+02,-9.9990e+02,-9.9990e+02,-9.9990e+02,-9.9990e+02,4.2056e+03,2.3066e+03,1.2248e+06,3.9157e+05,1.9663e+05,5.8112e+04
2026-01-19T15:42:11.000Z,-9.9990e+02,-9.9990e+02,-9.9990e+02,-9.9990e+02,-9.9990e+02,-9.9990e+02,4.0859e+03,2.3066e+03,1.3857e+06,4.2186e+05,2.0506e+05,5.9694e+04
2026-01-19T15:42:24.000Z,-9.9990e+02,-9.9990e+02,-9.9990e+02,-9.9990e+02,-9.9990e+02,-9.9990e+02,4.0859e+03,2.3066e+03,1.3857e+06,4.2186e+05,2.0506e+05,5.9694e+04
2026-01-19T15:42:36.000Z,-9.9990e+02,-9.9990e+02,-9.9990e+02,-9.9990e+02,-9.9990e+02,-9.9990e+02,4.0831e+03,2.3050e+03,1.4352e+06,4.4271e+05,2.0704e+05,6.0204e+04
2026-01-19T15:42:48.000Z,-9.9990e+02,-9.9990e+02,-9.9990e+02,-9.9990e+02,-9.9990e+02,-9.9990e+02,4.0831e+03,2.3050e+03,1.4352e+06,4.4271e+05,2.0704e+05,6.0204e+04
2026-01-19T15:43:00.000Z,-9.9990e+02,-9.9990e+02,-9.9990e+02,-9.9990e+02,-9.9990e+02,-9.9990e+02,3.9691e+03,2.2379e+03,1.4662e+06,4.4586e+05,2.0923e+05,6.0816e+04
2026-01-19T15:43:12.000Z,-9.9990e+02,-9.9990e+02,-9.9990e+02,-9.9990e+02,-9.9990e+02,-9.9990e+02,3.9691e+03,2.2379e+03,1.4662e+06,4.4586e+05,2.0923e+05,6.0816e+04
2026-01-19T15:43:24.000Z,-9.9990e+02,-9.9990e+02,-9.9990e+02,-9.9990e+02,-9.9990e+02,-9.9990e+02,3.9634e+03,2.2354e+03,1.3952e+06,4.3057e+05,2.0913e+05,6.2398e+04
2026-01-19T15:43:36.000Z,-9.9990e+02,-9.9990e+02,-9.9990e+02,-9.9990e+02,-9.9990e+02,-9.9990e+02,3.9634e+03,2.2354e+03,1.3952e+06,4.3057e+05,2.0913e+05,6.2398e+04
2026-01-19T15:43:49.000Z,-9.9990e+02,-9.9990e+02,-9.9990e+02,-9.9990e+02,-9.9990e+02,-9.9990e+02,3.8437e+03,2.2354e+03,1.4052e+06,4.3671e+05,2.1329e+05,6.2908e+04
2026-01-19T15:44:01.000Z,-9.9990e+02,-9.9990e+02,-9.9990e+02,-9.9990e+02,-9.9990e+02,-9.9990e+02,3.8437e+03,2.2354e+03,1.4052e+06,4.3671e+05,2.1329e+05,6.2908e+04
2026-01-19T15:44:13.000Z,-9.9990e+02,-9.9990e+02,-9.9990e+02,-9.9990e+02,-9.9990e+02,-9.9990e+02,3.9663e+03,2.2370e+03,1.3957e+06,4.3071e+05,2.0704e+05,5.9694e+04
2026-01-19T15:44:25.000Z,-9.9990e+02,-9.9990e+02,-9.9990e+02,-9.9990e+02,-9.9990e+02,-9.9990e+02,3.9663e+03,2.2370e+03,1.3957e+06,4.3071e+05,2.0704e+05,5.9694e+04
2026-01-19T15:44:37.000Z,-9.9990e+02,-9.9990e+02,-9.9990e+02,-9.9990e+02,-9.9990e+02,-9.9990e+02,3.9634e+03,2.2354e+03,1.3452e+06,4.1557e+05,1.9663e+05,5.4847e+04
2026-01-19T15:44:49.000Z,-9.9990e+02,-9.9990e+02,-9.9990e+02,-9.9990e+02,-9.9990e+02,-9.9990e+02,3.9634e+03,2.2354e+03,1.3452e+06,4.1557e+05,1.9663e+05,5.4847e+04
2026-01-19T15:45:01.000Z,-9.9990e+02,-9.9990e+02,-9.9990e+02,-9.9990e+02,-9.9990e+02,-9.9990e+02,-9.9990e+02,-9.9990e+02,-9.9990e+02,-9.9990e+02,-9.9990e+02,-9.9990e+02
2026-01-19T15:45:14.000Z,-9.9990e+02,-9.9990e+02,-9.9990e+02,-9.9990e+02,-9.9990e+02,-9.9990e+02,3.9634e+03,2.2354e+03,1.2252e+06,3.9771e+05,1.9454e+05,5.4898e+04
2026-01-19T15:45:26.000Z,-9.9990e+02,-9.9990e+02,-9.9990e+02,-9.9990e+02,-9.9990e+02,-9.9990e+02,3.9634e+03,2.2354e+03,1.2252e+06,3.9771e+05,1.9454e+05,5.4898e+04
2026-01-19T15:45:38.000Z,-9.9990e+02,-9.9990e+02,-9.9990e+02,-9.9990e+02,-9.9990e+02,-9.9990e+02,4.0916e+03,2.2387e+03,1.3362e+06,4.0686e+05,1.9256e+05,5.3827e+04
2026-01-19T15:45:50.000Z,-9.9990e+02,-9.9990e+02,-9.9990e+02,-9.9990e+02,-9.9990e+02,-9.9990e+02,4.0916e+03,2.2387e+03,1.3362e+06,4.0686e+05,1.9256e+05,5.3827e+04
2026-01-19T15:46:02.000Z,-9.9990e+02,-9.9990e+02,-9.9990e+02,-9.9990e+02,-9.9990e+02,-9.9990e+02,3.9634e+03,2.2354e+03,1.3148e+06,4.0957e+05,1.9236e+05,5.2704e+04
2026-01-19T15:46:14.000Z,-9.9990e+02,-9.9990e+02,-9.9990e+02,-9.9990e+02,-9.9990e+02,-9.9990e+02,3.9634e+03,2.2354e+03,1.3148e+06,4.0957e+05,1.9236e+05,5.2704e+04
2026-01-19T15:46:27.000Z,-9.9990e+02,-9.9990e+02,-9.9990e+02,-9.9990e+02,-9.9990e+02,-9.9990e+02,4.0888e+03,2.2379e+03,1.3557e+06,4.1571e+05,1.9246e+05,5.2704e+04
2026-01-19T15:46:39.000Z,-9.9990e+02,-9.9990e+02,-9.9990e+02,-9.9990e+02,-9.9990e+02,-9.9990e+02,4.0888e+03,2.2379e+03,1.3557e+06,4.1571e+05,1.9246e+05,5.2704e+04
2026-01-19T15:46:51.000Z,-9.9990e+02,-9.9990e+02,-9.9990e+02,-9.9990e+02,-9.9990e+02,-9.9990e+02,3.9634e+03,2.2354e+03,1.2948e+06,4.0657e+05,1.9236e+05,5.3214e+04
2026-01-19T15:47:03.000Z,-9.9990e+02,-9.9990e+02,-9.9990e+02,-9.9990e+02,-9.9990e+02,-9.9990e+02,3.9634e+03,2.2354e+03,1.2948e+06,4.0657e+05,1.9236e+05,5.3214e+04
2026-01-19T15:47:15.000Z,-9.9990e+02,-9.9990e+02,-9.9990e+02,-9.9990e+02,-9.9990e+02,-9.9990e+02,3.8466e+03,2.2362e+03,1.3157e+06,4.2186e+05,1.9663e+05,5.3776e+04
2026-01-19T15:47:27.000Z,-9.9990e+02,-9.9990e+02,-9.9990e+02,-9.9990e+02,-9.9990e+02,-9.9990e+02,3.8466e+03,2.2362e+03,1.3157e+06,4.2186e+05,1.9663e+05,5.3776e+04
2026-01-19T15:47:39.000Z,-9.9990e+02,-9.9990e+02,-9.9990e+02,-9.9990e+02,-9.9990e+02,-9.9990e+02,3.7839e+03,2.2006e+03,1.3452e+06,4.2157e+05,1.9236e+05,5.2704e+04
2026-01-19T15:47:52.000Z,-9.9990e+02,-9.9990e+02,-9.9990e+02,-9.9990e+02,-9.9990e+02,-9.9990e+02,3.7839e+03,2.2006e+03,1.3452e+06,4.2157e+05,1.9236e+05,5.2704e+04
2026-01-19T15:48:04.000Z,-9.9990e+02,-9.9990e+02,-9.9990e+02,-9.9990e+02,-9.9990e+02,-9.9990e+02,3.7868e+03,2.1674e+03,1.4362e+06,4.3386e+05,1.9454e+05,5.3265e+04
2026-01-19T15:48:16.000Z,-9.9990e+02,-9.9990e+02,-9.9990e+02,-9.9990e+02,-9.9990e+02,-9.9990e+02,3.7868e+03,2.1674e+03,1.4362e+06,4.3386e+05,1.9454e+05,5.3265e+04
2026-01-19T15:48:28.000Z,-9.9990e+02,-9.9990e+02,-9.9990e+02,-9.9990e+02,-9.9990e+02,-9.9990e+02,3.7326e+03,2.1351e+03,1.4067e+06,4.2800e+05,1.9673e+05,5.3265e+04
2026-01-19T15:48:40.000Z,-9.9990e+02,-9.9990e+02,-9.9990e+02,-9.9990e+02,-9.9990e+02,-9.9990e+02,3.7326e+03,2.1351e+03,1.4067e+06,4.2800e+05,1.9673e+05,5.3265e+04
2026-01-19T15:48:52.000Z,-9.9990e+02,-9.9990e+02,-9.9990e+02,-9.9990e+02,-9.9990e+02,-9.9990e+02,3.6044e+03,2.0605e+03,1.3752e+06,4.3357e+05,2.0079e+05,5.4337e+04
2026-01-19T15:49:04.000Z,-9.9990e+02,-9.9990e+02,-9.9990e+02,-9.9990e+02,-9.9990e+02,-9.9990e+02,3.6044e+03,2.0605e+03,1.3752e+06,4.3357e+05,2.0079e+05,5.4337e+04
2026-01-19T15:49:16.000Z,-9.9990e+02,-9.9990e+02,-9.9990e+02,-9.9990e+02,-9.9990e+02,-9.9990e+02,-9.9990e+02,-9.9990e+02,-9.9990e+02,-9.9990e+02,-9.9990e+02,-9.9990e+02
2026-01-19T15:49:29.000Z,-9.9990e+02,-9.9990e+02,-9.9990e+02,-9.9990e+02,-9.9990e+02,-9.9990e+02,3.4249e+03,1.9222e+03,1.4662e+06,4.3986e+05,1.9663e+05,5.4898e+04
2026-01-19T15:49:41.000Z,-9.9990e+02,-9.9990e+02,-9.9990e+02,-9.9990e+02,-9.9990e+02,-9.9990e+02,3.4249e+03,1.9222e+03,1.4662e+06,4.3986e+05,1.9663e+05,5.4898e+04
2026-01-19T15:49:53.000Z,-9.9990e+02,-9.9990e+02,-9.9990e+02,-9.9990e+02,-9.9990e+02,-9.9990e+02,3.5474e+03,1.9926e+03,1.5271e+06,4.4614e+05,1.9256e+05,5.3265e+04
2026-01-19T15:50:05.000Z,-9.9990e+02,-9.9990e+02,-9.9990e+02,-9.9990e+02,-9.9990e+02,-9.9990e+02,3.5474e+03,1.9926e+03,1.5271e+06,4.4614e+05,1.9256e+05,5.3265e+04
2026-01-19T15:50:17.000Z,-9.9990e+02,-9.9990e+02,-9.9990e+02,-9.9990e+02,-9.9990e+02,-9.9990e+02,3.6642e+03,2.0258e+03,1.6062e+06,4.5171e+05,1.9871e+05,5.3265e+04
2026-01-19T15:50:29.000Z,-9.9990e+02,-9.9990e+02,-9.9990e+02,-9.9990e+02,-9.9990e+02,-9.9990e+02,3.6642e+03,2.0258e+03,1.6062e+06,4.5171e+05,1.9871e+05,5.3265e+04
2026-01-19T15:50:42.000Z,-9.9990e+02,-9.9990e+02,-9.9990e+02,-9.9990e+02,-9.9990e+02,-9.9990e+02,3.7241e+03,2.1310e+03,1.5862e+06,4.6386e+05,2.0496e+05,5.4847e+04
2026-01-19T15:50:54.000Z,-9.9990e+02,-9.9990e+02,-9.9990e+02,-9.9990e+02,-9.9990e+02,-9.9990e+02,3.7241e+03,2.1310e+03,1.5862e+06,4.6386e+05,2.0496e+05,5.4847e+04
2026-01-19T15:51:06.000Z,-9.9990e+02,-9.9990e+02,-9.9990e+02,-9.9990e+02,-9.9990e+02,-9.9990e+02,3.7241e+03,2.0953e+03,1.6262e+06,4.8786e+05,2.1746e+05,6.0765e+04
2026-01-19T15:51:18.000Z,-9.9990e+02,-9.9990e+02,-9.9990e+02,-9.9990e+02,-9.9990e+02,-9.9990e+02,3.7241e+03,2.0953e+03,1.6262e+06,4.8786e+05,2.1746e+05,6.0765e+04
2026-01-19T15:51:30.000Z,-9.9990e+02,-9.9990e+02,-9.9990e+02,-9.9990e+02,-9.9990e+02,-9.9990e+02,-9.9990e+02,-9.9990e+02,-9.9990e+02,-9.9990e+02,-9.9990e+02,-9.9990e+02
2026-01-19T15:51:42.000Z,-9.9990e+02,-9.9990e+02,-9.9990e+02,-9.9990e+02,-9.9990e+02,-9.9990e+02,3.6642e+03,2.0953e+03,1.5857e+06,4.8186e+05,2.1538e+05,5.9133e+04
2026-01-19T15:51:54.000Z,-9.9990e+02,-9.9990e+02,-9.9990e+02,-9.9990e+02,-9.9990e+02,-9.9990e+02,3.6642e+03,2.0953e+03,1.5857e+06,4.8186e+05,2.1538e+05,5.9133e+04
2026-01-19T15:52:07.000Z,-9.9990e+02,-9.9990e+02,-9.9990e+02,-9.9990e+02,-9.9990e+02,-9.9990e+02,3.6642e+03,2.0953e+03,1.6262e+06,4.9386e+05,2.2163e+05,6.0204e+04
2026-01-19T15:52:19.000Z,-9.9990e+02,-9.9990e+02,-9.9990e+02,-9.9990e+02,-9.9990e+02,-9.9990e+02,3.6642e+03,2.0953e+03,1.6262e+06,4.9386e+05,2.2163e+05,6.0204e+04
2026-01-19T15:52:31.000Z,-9.9990e+02,-9.9990e+02,-9.9990e+02,-9.9990e+02,-9.9990e+02,-9.9990e+02,3.7241e+03,2.1310e+03,1.5462e+06,4.7586e+05,2.1756e+05,6.0255e+04
2026-01-19T15:52:43.000Z,-9.9990e+02,-9.9990e+02,-9.9990e+02,-9.9990e+02,-9.9990e+02,-9.9990e+02,3.7241e+03,2.1310e+03,1.5462e+06,4.7586e+05,2.1756e+05,6.0255e+04
2026-01-19T15:52:55.000Z,-9.9990e+02,-9.9990e+02,-9.9990e+02,-9.9990e+02,-9.9990e+02,-9.9990e+02,3.7241e+03,2.2354e+03,1.5857e+06,4.8786e+05,2.1954e+05,6.0765e+04
2026-01-19T15:53:07.000Z,-9.9990e+02,-9.9990e+02,-9.9990e+02,-9.9990e+02,-9.9990e+02,-9.9990e+02,3.7241e+03,2.2354e+03,1.5857e+06,4.8786e+05,2.1954e+05,6.0765e+04
2026-01-19T15:53:19.000Z,-9.9990e+02,-9.9990e+02,-9.9990e+02,-9.9990e+02,-9.9990e+02,-9.9990e+02,3.7839e+03,2.1658e+03,1.5857e+06,4.7571e+05,2.1538e+05,5.9694e+04
2026-01-19T15:53:32.000Z,-9.9990e+02,-9.9990e+02,-9.9990e+02,-9.9990e+02,-9.9990e+02,-9.9990e+02,3.7839e+03,2.1658e+03,1.5857e+06,4.7571e+05,2.1538e+05,5.9694e+04
2026-01-19T15:53:44.000Z,-9.9990e+02,-9.9990e+02,-9.9990e+02,-9.9990e+02,-9.9990e+02,-9.9990e+02,3.9036e+03,2.2354e+03,1.5467e+06,4.7000e+05,2.0923e+05,5.8622e+04
2026-01-19T15:53:56.000Z,-9.9990e+02,-9.9990e+02,-9.9990e+02,-9.9990e+02,-9.9990e+02,-9.9990e+02,3.9036e+03,2.2354e+03,1.5467e+06,4.7000e+05,2.0923e+05,5.8622e+04
2026-01-19T15:54:08.000Z,-9.9990e+02,-9.9990e+02,-9.9990e+02,-9.9990e+02,-9.9990e+02,-9.9990e+02,4.0233e+03,2.2702e+03,1.5662e+06,4.7586e+05,2.1339e+05,5.9184e+04
2026-01-19T15:54:20.000Z,-9.9990e+02,-9.9990e+02,-9.9990e+02,-9.9990e+02,-9.9990e+02,-9.9990e+02,4.0233e+03,2.2702e+03,1.5662e+06,4.7586e+05,2.1339e+05,5.9184e+04
2026-01-19T15:54:32.000Z,-9.9990e+02,-9.9990e+02,-9.9990e+02,-9.9990e+02,-9.9990e+02,-9.9990e+02,4.0831e+03,2.3754e+03,1.5257e+06,4.6971e+05,2.1121e+05,5.8622e+04
2026-01-19T15:54:44.000Z,-9.9990e+02,-9.9990e+02,-9.9990e+02,-9.9990e+02,-9.9990e+02,-9.9990e+02,4.0831e+03,2.3754e+03,1.5257e+06,4.6971e+05,2.1121e+05,5.8622e+04
2026-01-19T15:54:57.000Z,-9.9990e+02,-9.9990e+02,-9.9990e+02,-9.9990e+02,-9.9990e+02,-9.9990e+02,4.0831e+03,2.3754e+03,1.5462e+06,4.6986e+05,2.0704e+05,5.8622e+04
2026-01-19T15:55:09.000Z,-9.9990e+02,-9.9990e+02,-9.9990e+02,-9.9990e+02,-9.9990e+02,-9.9990e+02,4.0831e+03,2.3754e+03,1.5462e+06,4.6986e+05,2.0704e+05,5.8622e+04
2026-01-19T15:55:21.000Z,-9.9990e+02,-9.9990e+02,-9.9990e+02,-9.9990e+02,-9.9990e+02,-9.9990e+02,4.0831e+03,2.4450e+03,1.5257e+06,4.5171e+05,2.0704e+05,5.7551e+04
2026-01-19T15:55:33.000Z,-9.9990e+02,-9.9990e+02,-9.9990e+02,-9.9990e+02,-9.9990e+02,-9.9990e+02,4.0831e+03,2.4450e+03,1.5257e+06,4.5171e+05,2.0704e+05,5.7551e+04
2026-01-19T15:55:45.000Z,-9.9990e+02,-9.9990e+02,-9.9990e+02,-9.9990e+02,-9.9990e+02,-9.9990e+02,-9.9990e+02,-9.9990e+02,-9.9990e+02,-9.9990e+02,-9.9990e+02,-9.9990e+02
2026-01-19T15:55:57.000Z,-9.9990e+02,-9.9990e+02,-9.9990e+02,-9.9990e+02,-9.9990e+02,-9.9990e+02,4.3253e+03,2.5162e+03,1.4162e+06,4.4600e+05,2.0089e+05,5.7602e+04
2026-01-19T15:56:09.000Z,-9.9990e+02,-9.9990e+02,-9.9990e+02,-9.9990e+02,-9.9990e+02,-9.9990e+02,4.3253e+03,2.5162e+03,1.4162e+06,4.4600e+05,2.0089e+05,5.7602e+04
2026-01-19T15:56:22.000Z,-9.9990e+02,-9.9990e+02,-9.9990e+02,-9.9990e+02,-9.9990e+02,-9.9990e+02,4.4450e+03,2.5154e+03,1.5057e+06,4.6371e+05,2.0496e+05,5.8622e+04
2026-01-19T15:56:34.000Z,-9.9990e+02,-9.9990e+02,-9.9990e+02,-9.9990e+02,-9.9990e+02,-9.9990e+02,4.4450e+03,2.5154e+03,1.5057e+06,4.6371e+05,2.0496e+05,5.8622e+04
2026-01-19T15:56:46.000Z,-9.9990e+02,-9.9990e+02,-9.9990e+02,-9.9990e+02,-9.9990e+02,-9.9990e+02,4.4478e+03,2.5858e+03,1.5267e+06,4.5800e+05,2.0714e+05,5.9184e+04
2026-01-19T15:56:58.000Z,-9.9990e+02,-9.9990e+02,-9.9990e+02,-9.9990e+02,-9.9990e+02,-9.9990e+02,4.4478e+03,2.5858e+03,1.5267e+06,4.5800e+05,2.0714e+05,5.9184e+04
2026-01-19T15:57:10.000Z,-9.9990e+02,-9.9990e+02,-9.9990e+02,-9.9990e+02,-9.9990e+02,-9.9990e+02,4.2085e+03,2.5875e+03,1.4862e+06,4.6400e+05,2.1548e+05,5.9184e+04
2026-01-19T15:57:22.000Z,-9.9990e+02,-9.9990e+02,-9.9990e+02,-9.9990e+02,-9.9990e+02,-9.9990e+02,4.2085e+03,2.5875e+03,1.4862e+06,4.6400e+05,2.1548e+05,5.9184e+04
2026-01-19T15:57:34.000Z,-9.9990e+02,-9.9990e+02,-9.9990e+02,-9.9990e+02,-9.9990e+02,-9.9990e+02,4.3253e+03,2.5154e+03,1.5462e+06,4.6986e+05,2.1339e+05,5.8622e+04
2026-01-19T15:57:47.000Z,-9.9990e+02,-9.9990e+02,-9.9990e+02,-9.9990e+02,-9.9990e+02,-9.9990e+02,4.3253e+03,2.5154e+03,1.5462e+06,4.6986e+05,2.1339e+05,5.8622e+04
2026-01-19T15:57:59.000Z,-9.9990e+02,-9.9990e+02,-9.9990e+02,-9.9990e+02,-9.9990e+02,-9.9990e+02,4.0859e+03,2.4458e+03,1.5462e+06,4.6986e+05,2.1548e+05,5.9184e+04
2026-01-19T15:58:11.000Z,-9.9990e+02,-9.9990e+02,-9.9990e+02,-9.9990e+02,-9.9990e+02,-9.9990e+02,4.0859e+03,2.4458e+03,1.5462e+06,4.6986e+05,2.1548e+05,5.9184e+04
2026-01-19T15:58:23.000Z,-9.9990e+02,-9.9990e+02,-9.9990e+02,-9.9990e+02,-9.9990e+02,-9.9990e+02,3.9634e+03,2.3754e+03,1.5057e+06,4.7571e+05,2.1538e+05,5.9694e+04
2026-01-19T15:58:35.000Z,-9.9990e+02,-9.9990e+02,-9.9990e+02,-9.9990e+02,-9.9990e+02,-9.9990e+02,3.9634e+03,2.3754e+03,1.5057e+06,4.7571e+05,2.1538e+05,5.9694e+04
2026-01-19T15:58:47.000Z,-9.9990e+02,-9.9990e+02,-9.9990e+02,-9.9990e+02,-9.9990e+02,-9.9990e+02,3.9691e+03,2.3075e+03,1.5871e+06,4.7614e+05,2.1766e+05,5.9184e+04
2026-01-19T15:58:59.000Z,-9.9990e+02,-9.9990e+02,-9.9990e+02,-9.9990e+02,-9.9990e+02,-9.9990e+02,3.9691e+03,2.3075e+03,1.5871e+06,4.7614e+05,2.1766e+05,5.9184e+04
2026-01-19T15:59:12.000Z,-9.9990e+02,-9.9990e+02,-9.9990e+02,-9.9990e+02,-9.9990e+02,-9.9990e+02,3.9691e+03,2.3075e+03,1.5876e+06,4.9429e+05,2.1974e+05,5.9745e+04
2026-01-19T15:59:24.000Z,-9.9990e+02,-9.9990e+02,-9.9990e+02,-9.9990e+02,-9.9990e+02,-9.9990e+02,3.9691e+03,2.3075e+03,1.5876e+06,4.9429e+05,2.1974e+05,5.9745e+04
2026-01-19T15:59:36.000Z,-9.9990e+02,-9.9990e+02,-9.9990e+02,-9.9990e+02,-9.9990e+02,-9.9990e+02,3.9634e+03,2.3050e+03,1.5657e+06,4.8786e+05,2.1329e+05,5.9133e+04
2026-01-19T15:59:48.000Z,-9.9990e+02,-9.9990e+02,-9.9990e+02,-9.9990e+02,-9.9990e+02,-9.9990e+02,3.9634e+03,2.3050e+03,1.5657e+06,4.8786e+05,2.1329e+05,5.9133e+04
2026-01-19T16:00:00.000Z,-9.9990e+02,-9.9990e+02,-9.9990e+02,-9.9990e+02,-9.9990e+02,-9.9990e+02,-9.9990e+02,-9.9990e+02,-9.9990e+02,-9.9990e+02,-9.9990e+02,-9.9990e+02
2026-01-19T16:00:12.000Z,-9.9990e+02,-9.9990e+02,-9.9990e+02,-9.9990e+02,-9.9990e+02,-9.9990e+02,4.0831e+03,2.3058e+03,1.6662e+06,4.9386e+05,2.1954e+05,6.0204e+04
2026-01-19T16:00:25.000Z,-9.9990e+02,-9.9990e+02,-9.9990e+02,-9.9990e+02,-9.9990e+02,-9.9990e+02,4.0831e+03,2.3058e+03,1.6662e+06,4.9386e+05,2.1954e+05,6.0204e+04
2026-01-19T16:00:37.000Z,-9.9990e+02,-9.9990e+02,-9.9990e+02,-9.9990e+02,-9.9990e+02,-9.9990e+02,4.0831e+03,2.3058e+03,1.6462e+06,4.9386e+05,2.1746e+05,6.0765e+04
2026-01-19T16:00:49.000Z,-9.9990e+02,-9.9990e+02,-9.9990e+02,-9.9990e+02,-9.9990e+02,-9.9990e+02,4.0831e+03,2.3058e+03,1.6462e+06,4.9386e+05,2.1746e+05,6.0765e+04
2026-01-19T16:01:01.000Z,-9.9990e+02,-9.9990e+02,-9.9990e+02,-9.9990e+02,-9.9990e+02,-9.9990e+02,4.0859e+03,2.3066e+03,1.6467e+06,5.0000e+05,2.2589e+05,6.1327e+04
2026-01-19T16:01:13.000Z,-9.9990e+02,-9.9990e+02,-9.9990e+02,-9.9990e+02,-9.9990e+02,-9.9990e+02,4.0859e+03,2.3066e+03,1.6467e+06,5.0000e+05,2.2589e+05,6.1327e+04
2026-01-19T16:01:25.000Z,-9.9990e+02,-9.9990e+02,-9.9990e+02,-9.9990e+02,-9.9990e+02,-9.9990e+02,4.0831e+03,2.3058e+03,1.6267e+06,4.9400e+05,2.1756e+05,6.0765e+04
2026-01-19T16:01:37.000Z,-9.9990e+02,-9.9990e+02,-9.9990e+02,-9.9990e+02,-9.9990e+02,-9.9990e+02,4.0831e+03,2.3058e+03,1.6267e+06,4.9400e+05,2.1756e+05,6.0765e+04
2026-01-19T16:01:50.000Z,-9.9990e+02,-9.9990e+02,-9.9990e+02,-9.9990e+02,-9.9990e+02,-9.9990e+02,4.0859e+03,2.2370e+03,1.6267e+06,4.9400e+05,2.2173e+05,6.0765e+04
2026-01-19T16:02:02.000Z,-9.9990e+02,-9.9990e+02,-9.9990e+02,-9.9990e+02,-9.9990e+02,-9.9990e+02,4.0859e+03,2.2370e+03,1.6267e+06,4.9400e+05,2.2173e+05,6.0765e+04
2026-01-19T16:02:14.000Z,-9.9990e+02,-9.9990e+02,-9.9990e+02,-9.9990e+02,-9.9990e+02,-9.9990e+02,3.9634e+03,2.2354e+03,1.6062e+06,4.8786e+05,2.1538e+05,6.1837e+04
2026-01-19T16:02:26.000Z,-9.9990e+02,-9.9990e+02,-9.9990e+02,-9.9990e+02,-9.9990e+02,-9.9990e+02,3.9634e+03,2.2354e+03,1.6062e+06,4.8786e+05,2.1538e+05,6.1837e+04
2026-01-19T16:02:38.000Z,-9.9990e+02,-9.9990e+02,-9.9990e+02,-9.9990e+02,-9.9990e+02,-9.9990e+02,4.0859e+03,2.3066e+03,1.7067e+06,5.0600e+05,2.2173e+05,6.0765e+04
2026-01-19T16:02:50.000Z,-9.9990e+02,-9.9990e+02,-9.9990e+02,-9.9990e+02,-9.9990e+02,-9.9990e+02,4.0859e+03,2.3066e+03,1.7067e+06,5.0600e+05,2.2173e+05,6.0765e+04
2026-01-19T16:03:02.000Z,-9.9990e+02,-9.9990e+02,-9.9990e+02,-9.9990e+02,-9.9990e+02,-9.9990e+02,3.9634e+03,2.2354e+03,1.5157e+06,4.6971e+05,2.1121e+05,6.0204e+04
2026-01-19T16:03:15.000Z,-9.9990e+02,-9.9990e+02,-9.9990e+02,-9.9990e+02,-9.9990e+02,-9.9990e+02,3.9634e+03,2.2354e+03,1.5157e+06,4.6971e+05,2.1121e+05,6.0204e+04
2026-01-19T16:03:27.000Z,-9.9990e+02,-9.9990e+02,-9.9990e+02,-9.9990e+02,-9.9990e+02,-9.9990e+02,3.9663e+03,2.2362e+03,1.5562e+06,4.6386e+05,2.1329e+05,5.8622e+04
2026-01-19T16:03:39.000Z,-9.9990e+02,-9.9990e+02,-9.9990e+02,-9.9990e+02,-9.9990e+02,-9.9990e+02,3.9663e+03,2.2362e+03,1.5562e+06,4.6386e+05,2.1329e+05,5.8622e+04
2026-01-19T16:03:51.000Z,-9.9990e+02,-9.9990e+02,-9.9990e+02,-9.9990e+02,-9.9990e+02,-9.9990e+02,4.0831e+03,2.3050e+03,1.5657e+06,4.6971e+05,2.1121e+05,5.9133e+04
2026-01-19T16:04:03.000Z,-9.9990e+02,-9.9990e+02,-9.9990e+02,-9.9990e+02,-9.9990e+02,-9.9990e+02,4.0831e+03,2.3050e+03,1.5657e+06,4.6971e+05,2.1121e+05,5.9133e+04
2026-01-19T16:04:15.000Z,-9.9990e+02,-9.9990e+02,-9.9990e+02,-9.9990e+02,-9.9990e+02,-9.9990e+02,-9.9990e+02,-9.9990e+02,-9.9990e+02,-9.9990e+02,-9.9990e+02,-9.9990e+02
2026-01-19T16:04:27.000Z,-9.9990e+02,-9.9990e+02,-9.9990e+02,-9.9990e+02,-9.9990e+02,-9.9990e+02,4.0859e+03,2.3066e+03,1.5362e+06,4.6386e+05,2.1329e+05,5.8622e+04
2026-01-19T16:04:40.000Z,-9.9990e+02,-9.9990e+02,-9.9990e+02,-9.9990e+02,-9.9990e+02,-9.9990e+02,4.0859e+03,2.3066e+03,1.5362e+06,4.6386e+05,2.1329e+05,5.8622e+04
2026-01-19T16:04:52.000Z,-9.9990e+02,-9.9990e+02,-9.9990e+02,-9.9990e+02,-9.9990e+02,-9.9990e+02,4.0859e+03,2.3066e+03,1.5762e+06,4.6986e+05,2.0913e+05,5.8622e+04
2026-01-19T16:05:04.000Z,-9.9990e+02,-9.9990e+02,-9.9990e+02,-9.9990e+02,-9.9990e+02,-9.9990e+02,4.0859e+03,2.3066e+03,1.5762e+06,4.6986e+05,2.0913e+05,5.8622e+04
2026-01-19T16:05:16.000Z,-9.9990e+02,-9.9990e+02,-9.9990e+02,-9.9990e+02,-9.9990e+02,-9.9990e+02,4.0831e+03,2.3050e+03,1.5057e+06,4.5171e+05,2.0704e+05,5.8622e+04
2026-01-19T16:05:28.000Z,-9.9990e+02,-9.9990e+02,-9.9990e+02,-9.9990e+02,-9.9990e+02,-9.9990e+02,4.0831e+03,2.3050e+03,1.5057e+06,4.5171e+05,2.0704e+05,5.8622e+04
2026-01-19T16:05:40.000Z,-9.9990e+02,-9.9990e+02,-9.9990e+02,-9.9990e+02,-9.9990e+02,-9.9990e+02,4.0859e+03,2.3066e+03,1.4957e+06,4.5486e+05,2.0913e+05,5.8061e+04
2026-01-19T16:05:52.000Z,-9.9990e+02,-9.9990e+02,-9.9990e+02,-9.9990e+02,-9.9990e+02,-9.9990e+02,4.0859e+03,2.3066e+03,1.4957e+06,4.5486e+05,2.0913e+05,5.8061e+04
2026-01-19T16:06:05.000Z,-9.9990e+02,-9.9990e+02,-9.9990e+02,-9.9990e+02,-9.9990e+02,-9.9990e+02,3.9634e+03,2.3050e+03,1.4957e+06,4.5471e+05,2.0496e+05,5.8622e+04
2026-01-19T16:06:17.000Z,-9.9990e+02,-9.9990e+02,-9.9990e+02,-9.9990e+02,-9.9990e+02,-9.9990e+02,3.9634e+03,2.3050e+03,1.4957e+06,4.5471e+05,2.0496e+05,5.8622e+04
2026-01-19T16:06:29.000Z,-9.9990e+02,-9.9990e+02,-9.9990e+02,-9.9990e+02,-9.9990e+02,-9.9990e+02,3.9663e+03,2.3066e+03,1.5171e+06,4.5814e+05,2.0516e+05,5.8112e+04
2026-01-19T16:06:41.000Z,-9.9990e+02,-9.9990e+02,-9.9990e+02,-9.9990e+02,-9.9990e+02,-9.9990e+02,3.9663e+03,2.3066e+03,1.5171e+06,4.5814e+05,2.0516e+05,5.8112e+04
2026-01-19T16:06:53.000Z,-9.9990e+02,-9.9990e+02,-9.9990e+02,-9.9990e+02,-9.9990e+02,-9.9990e+02,3.9634e+03,2.3754e+03,1.4962e+06,4.4586e+05,2.0079e+05,5.8112e+04
2026-01-19T16:07:05.000Z,-9.9990e+02,-9.9990e+02,-9.9990e+02,-9.9990e+02,-9.9990e+02,-9.9990e+02,3.9634e+03,2.3754e+03,1.4962e+06,4.4586e+05,2.0079e+05,5.8112e+04
2026-01-19T16:07:17.000Z,-9.9990e+02,-9.9990e+02,-9.9990e+02,-9.9990e+02,-9.9990e+02,-9.9990e+02,3.9634e+03,2.4450e+03,1.4057e+06,4.2171e+05,1.9454e+05,5.5408e+04
2026-01-19T16:07:30.000Z,-9.9990e+02,-9.9990e+02,-9.9990e+02,-9.9990e+02,-9.9990e+02,-9.9990e+02,3.9634e+03,2.4450e+03,1.4057e+06,4.2171e+05,1.9454e+05,5.5408e+04
2026-01-19T16:07:42.000Z,-9.9990e+02,-9.9990e+02,-9.9990e+02,-9.9990e+02,-9.9990e+02,-9.9990e+02,4.2056e+03,2.4450e+03,1.4052e+06,4.3357e+05,1.9653e+05,5.5918e+04
2026-01-19T16:07:54.000Z,-9.9990e+02,-9.9990e+02,-9.9990e+02,-9.9990e+02,-9.9990e+02,-9.9990e+02,4.2056e+03,2.4450e+03,1.4052e+06,4.3357e+05,1.9653e+05,5.5918e+04
2026-01-19T16:08:06.000Z,-9.9990e+02,-9.9990e+02,-9.9990e+02,-9.9990e+02,-9.9990e+02,-9.9990e+02,4.2056e+03,2.4450e+03,1.3852e+06,4.2757e+05,1.9028e+05,5.4847e+04
2026-01-19T16:08:18.000Z,-9.9990e+02,-9.9990e+02,-9.9990e+02,-9.9990e+02,-9.9990e+02,-9.9990e+02,4.2056e+03,2.4450e+03,1.3852e+06,4.2757e+05,1.9028e+05,5.4847e+04
2026-01-19T16:08:30.000Z,-9.9990e+02,-9.9990e+02,-9.9990e+02,-9.9990e+02,-9.9990e+02,-9.9990e+02,-9.9990e+02,-9.9990e+02,-9.9990e+02,-9.9990e+02,-9.9990e+02,-9.9990e+02
2026-01-19T16:08:42.000Z,-9.9990e+02,-9.9990e+02,-9.9990e+02,-9.9990e+02,-9.9990e+02,-9.9990e+02,4.2028e+03,2.4450e+03,1.3852e+06,4.1257e+05,1.8819e+05,5.4286e+04
2026-01-19T16:08:55.000Z,-9.9990e+02,-9.9990e+02,-9.9990e+02,-9.9990e+02,-9.9990e+02,-9.9990e+02,4.2028e+03,2.4450e+03,1.3852e+06,4.1257e+05,1.8819e+05,5.4286e+04
2026-01-19T16:09:07.000Z,-9.9990e+02,-9.9990e+02,-9.9990e+02,-9.9990e+02,-9.9990e+02,-9.9990e+02,4.2028e+03,2.4450e+03,1.3952e+06,4.1857e+05,1.9028e+05,5.4286e+04
2026-01-19T16:09:19.000Z,-9.9990e+02,-9.9990e+02,-9.9990e+02,-9.9990e+02,-9.9990e+02,-9.9990e+02,4.2028e+03,2.4450e+03,1.3952e+06,4.1857e+05,1.9028e+05,5.4286e+04
2026-01-19T16:09:31.000Z,-9.9990e+02,-9.9990e+02,-9.9990e+02,-9.9990e+02,-9.9990e+02,-9.9990e+02,4.2028e+03,2.5146e+03,1.4557e+06,4.3371e+05,1.9871e+05,5.6480e+04
2026-01-19T16:09:43.000Z,-9.9990e+02,-9.9990e+02,-9.9990e+02,-9.9990e+02,-9.9990e+02,-9.9990e+02,4.2028e+03,2.5146e+03,1.4557e+06,4.3371e+05,1.9871e+05,5.6480e+04
2026-01-19T16:09:55.000Z,-9.9990e+02,-9.9990e+02,-9.9990e+02,-9.9990e+02,-9.9990e+02,-9.9990e+02,4.2028e+03,2.4450e+03,1.4352e+06,4.3357e+05,1.9653e+05,5.5408e+04
2026-01-19T16:10:07.000Z,-9.9990e+02,-9.9990e+02,-9.9990e+02,-9.9990e+02,-9.9990e+02,-9.9990e+02,4.2028e+03,2.4450e+03,1.4352e+06,4.3357e+05,1.9653e+05,5.5408e+04
2026-01-19T16:10:20.000Z,-9.9990e+02,-9.9990e+02,-9.9990e+02,-9.9990e+02,-9.9990e+02,-9.9990e+02,4.2056e+03,2.5162e+03,1.4657e+06,4.4571e+05,1.9871e+05,5.6480e+04
2026-01-19T16:10:32.000Z,-9.9990e+02,-9.9990e+02,-9.9990e+02,-9.9990e+02,-9.9990e+02,-9.9990e+02,4.2056e+03,2.5162e+03,1.4657e+06,4.4571e+05,1.9871e+05,5.6480e+04
2026-01-19T16:10:44.000Z,-9.9990e+02,-9.9990e+02,-9.9990e+02,-9.9990e+02,-9.9990e+02,-9.9990e+02,4.3253e+03,2.5858e+03,1.4257e+06,4.3371e+05,1.9663e+05,5.6480e+04
2026-01-19T16:10:56.000Z,-9.9990e+02,-9.9990e+02,-9.9990e+02,-9.9990e+02,-9.9990e+02,-9.9990e+02,4.3253e+03,2.5858e+03,1.4257e+06,4.3371e+05,1.9663e+05,5.6480e+04
2026-01-19T16:11:08.000Z,-9.9990e+02,-9.9990e+02,-9.9990e+02,-9.9990e+02,-9.9990e+02,-9.9990e+02,4.2056e+03,2.5146e+03,1.4052e+06,4.2457e+05,1.9653e+05,5.5918e+04
2026-01-19T16:11:20.000Z,-9.9990e+02,-9.9990e+02,-9.9990e+02,-9.9990e+02,-9.9990e+02,-9.9990e+02,4.2056e+03,2.5146e+03,1.4052e+06,4.2457e+05,1.9653e+05,5.5918e+04
2026-01-19T16:11:32.000Z,-9.9990e+02,-9.9990e+02,-9.9990e+02,-9.9990e+02,-9.9990e+02,-9.9990e+02,4.2056e+03,2.5146e+03,1.4767e+06,4.4900e+05,2.0089e+05,5.6480e+04
2026-01-19T16:11:45.000Z,-9.9990e+02,-9.9990e+02,-9.9990e+02,-9.9990e+02,-9.9990e+02,-9.9990e+02,4.2056e+03,2.5146e+03,1.4767e+06,4.4900e+05,2.0089e+05,5.6480e+04
2026-01-19T16:11:57.000Z,-9.9990e+02,-9.9990e+02,-9.9990e+02,-9.9990e+02,-9.9990e+02,-9.9990e+02,4.2056e+03,2.5146e+03,1.4657e+06,4.4586e+05,2.0288e+05,5.6480e+04
2026-01-19T16:12:09.000Z,-9.9990e+02,-9.9990e+02,-9.9990e+02,-9.9990e+02,-9.9990e+02,-9.9990e+02,4.2056e+03,2.5146e+03,1.4657e+06,4.4586e+05,2.0288e+05,5.6480e+04
2026-01-19T16:12:21.000Z,-9.9990e+02,-9.9990e+02,-9.9990e+02,-9.9990e+02,-9.9990e+02,-9.9990e+02,4.2056e+03,2.5162e+03,1.4962e+06,4.5186e+05,2.0913e+05,5.8622e+04
2026-01-19T16:12:33.000Z,-9.9990e+02,-9.9990e+02,-9.9990e+02,-9.9990e+02,-9.9990e+02,-9.9990e+02,4.2056e+03,2.5162e+03,1.4962e+06,4.5186e+05,2.0913e+05,5.8622e+04
2026-01-19T16:12:45.000Z,-9.9990e+02,-9.9990e+02,-9.9990e+02,-9.9990e+02,-9.9990e+02,-9.9990e+02,-9.9990e+02,-9.9990e+02,-9.9990e+02,-9.9990e+02,-9.9990e+02,-9.9990e+02
2026-01-19T16:12:57.000Z,-9.9990e+02,-9.9990e+02,-9.9990e+02,-9.9990e+02,-9.9990e+02,-9.9990e+02,4.2056e+03,2.5850e+03,1.5271e+06,4.5814e+05,2.0724e+05,5.8673e+04
2026-01-19T16:13:10.000Z,-9.9990e+02,-9.9990e+02,-9.9990e+02,-9.9990e+02,-9.9990e+02,-9.9990e+02,4.2056e+03,2.5850e+03,1.5271e+06,4.5814e+05,2.0724e+05,5.8673e+04
2026-01-19T16:13:22.000Z,-9.9990e+02,-9.9990e+02,-9.9990e+02,-9.9990e+02,-9.9990e+02,-9.9990e+02,4.3281e+03,2.5858e+03,1.5662e+06,4.7600e+05,2.1548e+05,6.0255e+04
2026-01-19T16:13:34.000Z,-9.9990e+02,-9.9990e+02,-9.9990e+02,-9.9990e+02,-9.9990e+02,-9.9990e+02,4.3281e+03,2.5858e+03,1.5662e+06,4.7600e+05,2.1548e+05,6.0255e+04
2026-01-19T16:13:46.000Z,-9.9990e+02,-9.9990e+02,-9.9990e+02,-9.9990e+02,-9.9990e+02,-9.9990e+02,4.4478e+03,2.5858e+03,1.5667e+06,4.7000e+05,2.1548e+05,5.9745e+04
2026-01-19T16:13:58.000Z,-9.9990e+02,-9.9990e+02,-9.9990e+02,-9.9990e+02,-9.9990e+02,-9.9990e+02,4.4478e+03,2.5858e+03,1.5667e+06,4.7000e+05,2.1548e+05,5.9745e+04
2026-01-19T16:14:10.000Z,-9.9990e+02,-9.9990e+02,-9.9990e+02,-9.9990e+02,-9.9990e+02,-9.9990e+02,4.3253e+03,2.5850e+03,1.6262e+06,4.8186e+05,2.1538e+05,6.0255e+04
2026-01-19T16:14:22.000Z,-9.9990e+02,-9.9990e+02,-9.9990e+02,-9.9990e+02,-9.9990e+02,-9.9990e+02,4.3253e+03,2.5850e+03,1.6262e+06,4.8186e+05,2.1538e+05,6.0255e+04
2026-01-19T16:14:35.000Z,-9.9990e+02,-9.9990e+02,-9.9990e+02,-9.9990e+02,-9.9990e+02,-9.9990e+02,4.3253e+03,2.5850e+03,1.6262e+06,4.8186e+05,2.1538e+05,5.9694e+04
2026-01-19T16:14:47.000Z,-9.9990e+02,-9.9990e+02,-9.9990e+02,-9.9990e+02,-9.9990e+02,-9.9990e+02,4.3253e+03,2.5850e+03,1.6262e+06,4.8186e+05,2.1538e+05,5.9694e+04
2026-01-19T16:14:59.000Z,-9.9990e+02,-9.9990e+02,-9.9990e+02,-9.9990e+02,-9.9990e+02,-9.9990e+02,4.2056e+03,2.5162e+03,1.5962e+06,4.8200e+05,2.1339e+05,5.9184e+04
2026-01-19T16:15:11.000Z,-9.9990e+02,-9.9990e+02,-9.9990e+02,-9.9990e+02,-9.9990e+02,-9.9990e+02,4.2056e+03,2.5162e+03,1.5962e+06,4.8200e+05,2.1339e+05,5.9184e+04
2026-01-19T16:15:23.000Z,-9.9990e+02,-9.9990e+02,-9.9990e+02,-9.9990e+02,-9.9990e+02,-9.9990e+02,4.2085e+03,2.5171e+03,1.6371e+06,4.7614e+05,2.1349e+05,5.9184e+04
2026-01-19T16:15:35.000Z,-9.9990e+02,-9.9990e+02,-9.9990e+02,-9.9990e+02,-9.9990e+02,-9.9990e+02,4.2085e+03,2.5171e+03,1.6371e+06,4.7614e+05,2.1349e+05,5.9184e+04
2026-01-19T16:15:48.000Z,-9.9990e+02,-9.9990e+02,-9.9990e+02,-9.9990e+02,-9.9990e+02,-9.9990e+02,4.3253e+03,2.5146e+03,1.6262e+06,4.7586e+05,2.1329e+05,5.9694e+04
2026-01-19T16:16:00.000Z,-9.9990e+02,-9.9990e+02,-9.9990e+02,-9.9990e+02,-9.9990e+02,-9.9990e+02,4.3253e+03,2.5146e+03,1.6262e+06,4.7586e+05,2.1329e+05,5.9694e+04
2026-01-19T16:16:12.000Z,-9.9990e+02,-9.9990e+02,-9.9990e+02,-9.9990e+02,-9.9990e+02,-9.9990e+02,4.3253e+03,2.5146e+03,1.5862e+06,4.7586e+05,2.1121e+05,5.8622e+04
2026-01-19T16:16:24.000Z,-9.9990e+02,-9.9990e+02,-9.9990e+02,-9.9990e+02,-9.9990e+02,-9.9990e+02,4.3253e+03,2.5146e+03,1.5862e+06,4.7586e+05,2.1121e+05,5.8622e+04
2026-01-19T16:16:36.000Z,-9.9990e+02,-9.9990e+02,-9.9990e+02,-9.9990e+02,-9.9990e+02,-9.9990e+02,4.3253e+03,2.5146e+03,1.6662e+06,4.8786e+05,2.1121e+05,5.9133e+04
2026-01-19T16:16:48.000Z,-9.9990e+02,-9.9990e+02,-9.9990e+02,-9.9990e+02,-9.9990e+02,-9.9990e+02,4.3253e+03,2.5146e+03,1.6662e+06,4.8786e+05,2.1121e+05,5.9133e+04
2026-01-19T16:17:00.000Z,-9.9990e+02,-9.9990e+02,-9.9990e+02,-9.9990e+02,-9.9990e+02,-9.9990e+02,-9.9990e+02,-9.9990e+02,-9.9990e+02,-9.9990e+02,-9.9990e+02,-9.9990e+02
2026-01-19T16:17:12.000Z,-9.9990e+02,-9.9990e+02,-9.9990e+02,-9.9990e+02,-9.9990e+02,-9.9990e+02,4.3281e+03,2.5162e+03,1.5867e+06,4.8200e+05,2.0923e+05,5.8622e+04
2026-01-19T16:17:25.000Z,-9.9990e+02,-9.9990e+02,-9.9990e+02,-9.9990e+02,-9.9990e+02,-9.9990e+02,4.3281e+03,2.5162e+03,1.5867e+06,4.8200e+05,2.0923e+05,5.8622e+04
2026-01-19T16:17:37.000Z,-9.9990e+02,-9.9990e+02,-9.9990e+02,-9.9990e+02,-9.9990e+02,-9.9990e+02,4.3281e+03,2.5162e+03,1.5867e+06,4.8214e+05,2.1339e+05,5.8112e+04
2026-01-19T16:17:49.000Z,-9.9990e+02,-9.9990e+02,-9.9990e+02,-9.9990e+02,-9.9990e+02,-9.9990e+02,4.3281e+03,2.5162e+03,1.5867e+06,4.8214e+05,2.1339e+05,5.8112e+04
2026-01-19T16:18:01.000Z,-9.9990e+02,-9.9990e+02,-9.9990e+02,-9.9990e+02,-9.9990e+02,-9.9990e+02,4.3281e+03,2.5179e+03,1.5867e+06,4.8214e+05,2.1131e+05,5.9184e+04
2026-01-19T16:18:13.000Z,-9.9990e+02,-9.9990e+02,-9.9990e+02,-9.9990e+02,-9.9990e+02,-9.9990e+02,4.3281e+03,2.5179e+03,1.5867e+06,4.8214e+05,2.1131e+05,5.9184e+04
2026-01-19T16:18:25.000Z,-9.9990e+02,-9.9990e+02,-9.9990e+02,-9.9990e+02,-9.9990e+02,-9.9990e+02,4.3253e+03,2.5154e+03,1.6062e+06,4.8186e+05,2.1329e+05,5.8061e+04
2026-01-19T16:18:37.000Z,-9.9990e+02,-9.9990e+02,-9.9990e+02,-9.9990e+02,-9.9990e+02,-9.9990e+02,4.3253e+03,2.5154e+03,1.6062e+06,4.8186e+05,2.1329e+05,5.8061e+04
2026-01-19T16:18:50.000Z,-9.9990e+02,-9.9990e+02,-9.9990e+02,-9.9990e+02,-9.9990e+02,-9.9990e+02,4.4450e+03,2.5154e+03,1.6262e+06,4.8186e+05,2.0913e+05,5.8061e+04
2026-01-19T16:19:02.000Z,-9.9990e+02,-9.9990e+02,-9.9990e+02,-9.9990e+02,-9.9990e+02,-9.9990e+02,4.4450e+03,2.5154e+03,1.6262e+06,4.8186e+05,2.0913e+05,5.8061e+04
2026-01-19T16:19:14.000Z,-9.9990e+02,-9.9990e+02,-9.9990e+02,-9.9990e+02,-9.9990e+02,-9.9990e+02,-9.9990e+02,-9.9990e+02,-9.9990e+02,-9.9990e+02,-9.9990e+02,-9.9990e+02
2026-01-19T16:19:26.000Z,-9.9990e+02,-9.9990e+02,-9.9990e+02,-9.9990e+02,-9.9990e+02,-9.9990e+02,4.3281e+03,2.5162e+03,1.6067e+06,4.7600e+05,2.1131e+05,5.9184e+04
2026-01-19T16:19:38.000Z,-9.9990e+02,-9.9990e+02,-9.9990e+02,-9.9990e+02,-9.9990e+02,-9.9990e+02,4.3281e+03,2.5162e+03,1.6067e+06,4.7600e+05,2.1131e+05,5.9184e+04
2026-01-19T16:19:50.000Z,-9.9990e+02,-9.9990e+02,-9.9990e+02,-9.9990e+02,-9.9990e+02,-9.9990e+02,4.4450e+03,2.5154e+03,1.5871e+06,4.7614e+05,2.1141e+05,5.9184e+04
2026-01-19T16:20:02.000Z,-9.9990e+02,-9.9990e+02,-9.9990e+02,-9.9990e+02,-9.9990e+02,-9.9990e+02,4.4450e+03,2.5154e+03,1.5871e+06,4.7614e+05,2.1141e+05,5.9184e+04
2026-01-19T16:20:15.000Z,-9.9990e+02,-9.9990e+02,-9.9990e+02,-9.9990e+02,-9.9990e+02,-9.9990e+02,4.3281e+03,2.5179e+03,1.5871e+06,4.8229e+05,2.1558e+05,6.0816e+04
2026-01-19T16:20:27.000Z,-9.9990e+02,-9.9990e+02,-9.9990e+02,-9.9990e+02,-9.9990e+02,-9.9990e+02,4.3281e+03,2.5179e+03,1.5871e+06,4.8229e+05,2.1558e+05,6.0816e+04
2026-01-19T16:20:39.000Z,-9.9990e+02,-9.9990e+02,-9.9990e+02,-9.9990e+02,-9.9990e+02,-9.9990e+02,4.4478e+03,2.5162e+03,1.6067e+06,4.8200e+05,2.1756e+05,6.0765e+04
2026-01-19T16:20:51.000Z,-9.9990e+02,-9.9990e+02,-9.9990e+02,-9.9990e+02,-9.9990e+02,-9.9990e+02,4.4478e+03,2.5162e+03,1.6067e+06,4.8200e+05,2.1756e+05,6.0765e+04
2026-01-19T16:21:03.000Z,-9.9990e+02,-9.9990e+02,-9.9990e+02,-9.9990e+02,-9.9990e+02,-9.9990e+02,4.4478e+03,2.5162e+03,1.5867e+06,4.8200e+05,2.1756e+05,6.0765e+04
2026-01-19T16:21:15.000Z,-9.9990e+02,-9.9990e+02,-9.9990e+02,-9.9990e+02,-9.9990e+02,-9.9990e+02,4.4478e+03,2.5162e+03,1.5867e+06,4.8200e+05,2.1756e+05,6.0765e+04
2026-01-19T16:21:27.000Z,-9.9990e+02,-9.9990e+02,-9.9990e+02,-9.9990e+02,-9.9990e+02,-9.9990e+02,4.5646e+03,2.5850e+03,1.6062e+06,4.9386e+05,2.1746e+05,6.1837e+04
2026-01-19T16:21:40.000Z,-9.9990e+02,-9.9990e+02,-9.9990e+02,-9.9990e+02,-9.9990e+02,-9.9990e+02,4.5646e+03,2.5850e+03,1.6062e+06,4.9386e+05,2.1746e+05,6.1837e+04
2026-01-19T16:21:52.000Z,-9.9990e+02,-9.9990e+02,-9.9990e+02,-9.9990e+02,-9.9990e+02,-9.9990e+02,4.6843e+03,2.5850e+03,1.6062e+06,4.8786e+05,2.2163e+05,6.0204e+04
2026-01-19T16:22:04.000Z,-9.9990e+02,-9.9990e+02,-9.9990e+02,-9.9990e+02,-9.9990e+02,-9.9990e+02,4.6843e+03,2.5850e+03,1.6062e+06,4.8786e+05,2.2163e+05,6.0204e+04
2026-01-19T16:22:16.000Z,-9.9990e+02,-9.9990e+02,-9.9990e+02,-9.9990e+02,-9.9990e+02,-9.9990e+02,4.6843e+03,2.5850e+03,1.5871e+06,4.8814e+05,2.1558e+05,6.1888e+04
2026-01-19T16:22:28.000Z,-9.9990e+02,-9.9990e+02,-9.9990e+02,-9.9990e+02,-9.9990e+02,-9.9990e+02,4.6843e+03,2.5850e+03,1.5871e+06,4.8814e+05,2.1558e+05,6.1888e+04
2026-01-19T16:22:40.000Z,-9.9990e+02,-9.9990e+02,-9.9990e+02,-9.9990e+02,-9.9990e+02,-9.9990e+02,4.6871e+03,2.5858e+03,1.6067e+06,4.8800e+05,2.2173e+05,6.2908e+04
2026-01-19T16:22:53.000Z,-9.9990e+02,-9.9990e+02,-9.9990e+02,-9.9990e+02,-9.9990e+02,-9.9990e+02,4.6871e+03,2.5858e+03,1.6067e+06,4.8800e+05,2.2173e+05,6.2908e+04
2026-01-19T16:23:05.000Z,-9.9990e+02,-9.9990e+02,-9.9990e+02,-9.9990e+02,-9.9990e+02,-9.9990e+02,4.5646e+03,2.5146e+03,1.5862e+06,4.8186e+05,2.1538e+05,6.1837e+04
2026-01-19T16:23:17.000Z,-9.9990e+02,-9.9990e+02,-9.9990e+02,-9.9990e+02,-9.9990e+02,-9.9990e+02,4.5646e+03,2.5146e+03,1.5862e+06,4.8186e+05,2.1538e+05,6.1837e+04
2026-01-19T16:23:29.000Z,-9.9990e+02,-9.9990e+02,-9.9990e+02,-9.9990e+02,-9.9990e+02,-9.9990e+02,-9.9990e+02,-9.9990e+02,-9.9990e+02,-9.9990e+02,-9.9990e+02,-9.9990e+02
2026-01-19T16:23:41.000Z,-9.9990e+02,-9.9990e+02,-9.9990e+02,-9.9990e+02,-9.9990e+02,-9.9990e+02,4.5703e+03,2.5875e+03,1.5471e+06,4.7014e+05,2.1349e+05,6.0816e+04
2026-01-19T16:23:53.000Z,-9.9990e+02,-9.9990e+02,-9.9990e+02,-9.9990e+02,-9.9990e+02,-9.9990e+02,4.5703e+03,2.5875e+03,1.5471e+06,4.7014e+05,2.1349e+05,6.0816e+04
2026-01-19T16:24:05.000Z,-9.9990e+02,-9.9990e+02,-9.9990e+02,-9.9990e+02,-9.9990e+02,-9.9990e+02,4.4506e+03,2.4491e+03,1.5771e+06,4.8829e+05,2.1766e+05,6.2449e+04
2026-01-19T16:24:18.000Z,-9.9990e+02,-9.9990e+02,-9.9990e+02,-9.9990e+02,-9.9990e+02,-9.9990e+02,4.4506e+03,2.4491e+03,1.5771e+06,4.8829e+05,2.1766e+05,6.2449e+04
2026-01-19T16:24:30.000Z,-9.9990e+02,-9.9990e+02,-9.9990e+02,-9.9990e+02,-9.9990e+02,-9.9990e+02,4.4535e+03,2.4508e+03,1.5681e+06,4.7043e+05,2.1577e+05,6.1378e+04
2026-01-19T16:24:42.000Z,-9.9990e+02,-9.9990e+02,-9.9990e+02,-9.9990e+02,-9.9990e+02,-9.9990e+02,4.4535e+03,2.4508e+03,1.5681e+06,4.7043e+05,2.1577e+05,6.1378e+04
2026-01-19T16:24:54.000Z,-9.9990e+02,-9.9990e+02,-9.9990e+02,-9.9990e+02,-9.9990e+02,-9.9990e+02,4.4450e+03,2.4450e+03,1.5262e+06,4.7600e+05,2.1548e+05,6.2398e+04
2026-01-19T16:25:06.000Z,-9.9990e+02,-9.9990e+02,-9.9990e+02,-9.9990e+02,-9.9990e+02,-9.9990e+02,4.4450e+03,2.4450e+03,1.5262e+06,4.7600e+05,2.1548e+05,6.2398e+04
2026-01-19T16:25:18.000Z,-9.9990e+02,-9.9990e+02,-9.9990e+02,-9.9990e+02,-9.9990e+02,-9.9990e+02,4.4450e+03,2.4450e+03,1.5662e+06,4.7586e+05,2.1329e+05,6.1837e+04
2026-01-19T16:25:30.000Z,-9.9990e+02,-9.9990e+02,-9.9990e+02,-9.9990e+02,-9.9990e+02,-9.9990e+02,4.4450e+03,2.4450e+03,1.5662e+06,4.7586e+05,2.1329e+05,6.1837e+04
2026-01-19T16:25:43.000Z,-9.9990e+02,-9.9990e+02,-9.9990e+02,-9.9990e+02,-9.9990e+02,-9.9990e+02,4.4478e+03,2.5171e+03,1.5667e+06,4.7600e+05,2.1548e+05,6.0255e+04
2026-01-19T16:25:55.000Z,-9.9990e+02,-9.9990e+02,-9.9990e+02,-9.9990e+02,-9.9990e+02,-9.9990e+02,4.4478e+03,2.5171e+03,1.5667e+06,4.7600e+05,2.1548e+05,6.0255e+04
2026-01-19T16:26:07.000Z,-9.9990e+02,-9.9990e+02,-9.9990e+02,-9.9990e+02,-9.9990e+02,-9.9990e+02,4.4478e+03,2.5162e+03,1.6076e+06,4.8229e+05,2.1984e+05,6.2449e+04
2026-01-19T16:26:19.000Z,-9.9990e+02,-9.9990e+02,-9.9990e+02,-9.9990e+02,-9.9990e+02,-9.9990e+02,4.4478e+03,2.5162e+03,1.6076e+06,4.8229e+05,2.1984e+05,6.2449e+04
2026-01-19T16:26:31.000Z,-9.9990e+02,-9.9990e+02,-9.9990e+02,-9.9990e+02,-9.9990e+02,-9.9990e+02,4.6843e+03,2.5146e+03,1.5262e+06,4.8200e+05,2.1756e+05,6.3469e+04
2026-01-19T16:26:43.000Z,-9.9990e+02,-9.9990e+02,-9.9990e+02,-9.9990e+02,-9.9990e+02,-9.9990e+02,4.6843e+03,2.5146e+03,1.5262e+06,4.8200e+05,2.1756e+05,6.3469e+04
2026-01-19T16:26:55.000Z,-9.9990e+02,-9.9990e+02,-9.9990e+02,-9.9990e+02,-9.9990e+02,-9.9990e+02,4.6843e+03,2.6546e+03,1.6262e+06,4.9386e+05,2.1954e+05,6.3980e+04
2026-01-19T16:27:08.000Z,-9.9990e+02,-9.9990e+02,-9.9990e+02,-9.9990e+02,-9.9990e+02,-9.9990e+02,4.6843e+03,2.6546e+03,1.6262e+06,4.9386e+05,2.1954e+05,6.3980e+04
2026-01-19T16:27:20.000Z,-9.9990e+02,-9.9990e+02,-9.9990e+02,-9.9990e+02,-9.9990e+02,-9.9990e+02,4.9265e+03,2.7242e+03,1.6471e+06,4.9414e+05,2.1964e+05,6.2398e+04
2026-01-19T16:27:32.000Z,-9.9990e+02,-9.9990e+02,-9.9990e+02,-9.9990e+02,-9.9990e+02,-9.9990e+02,4.9265e+03,2.7242e+03,1.6471e+06,4.9414e+05,2.1964e+05,6.2398e+04
2026-01-19T16:27:44.000Z,-9.9990e+02,-9.9990e+02,-9.9990e+02,-9.9990e+02,-9.9990e+02,-9.9990e+02,-9.9990e+02,-9.9990e+02,-9.9990e+02,-9.9990e+02,-9.9990e+02,-9.9990e+02
2026-01-19T16:27:56.000Z,-9.9990e+02,-9.9990e+02,-9.9990e+02,-9.9990e+02,-9.9990e+02,-9.9990e+02,4.9265e+03,2.7242e+03,1.7071e+06,5.0614e+05,2.1964e+05,6.1888e+04
2026-01-19T16:28:08.000Z,-9.9990e+02,-9.9990e+02,-9.9990e+02,-9.9990e+02,-9.9990e+02,-9.9990e+02,4.9265e+03,2.7242e+03,1.7071e+06,5.0614e+05,2.1964e+05,6.1888e+04
2026-01-19T16:28:20.000Z,-9.9990e+02,-9.9990e+02,-9.9990e+02,-9.9990e+02,-9.9990e+02,-9.9990e+02,4.8097e+03,2.7971e+03,1.6876e+06,5.0029e+05,2.2183e+05,6.3520e+04
2026-01-19T16:28:33.000Z,-9.9990e+02,-9.9990e+02,-9.9990e+02,-9.9990e+02,-9.9990e+02,-9.9990e+02,4.8097e+03,2.7971e+03,1.6876e+06,5.0029e+05,2.2183e+05,6.3520e+04
2026-01-19T16:28:45.000Z,-9.9990e+02,-9.9990e+02,-9.9990e+02,-9.9990e+02,-9.9990e+02,-9.9990e+02,4.8068e+03,2.7955e+03,1.6671e+06,4.9414e+05,2.2183e+05,6.2959e+04
2026-01-19T16:28:57.000Z,-9.9990e+02,-9.9990e+02,-9.9990e+02,-9.9990e+02,-9.9990e+02,-9.9990e+02,4.8068e+03,2.7955e+03,1.6671e+06,4.9414e+05,2.2183e+05,6.2959e+04
2026-01-19T16:29:09.000Z,-9.9990e+02,-9.9990e+02,-9.9990e+02,-9.9990e+02,-9.9990e+02,-9.9990e+02,4.8040e+03,2.7946e+03,1.6067e+06,4.8800e+05,2.2173e+05,6.2398e+04
2026-01-19T16:29:21.000Z,-9.9990e+02,-9.9990e+02,-9.9990e+02,-9.9990e+02,-9.9990e+02,-9.9990e+02,4.8040e+03,2.7946e+03,1.6067e+06,4.8800e+05,2.2173e+05,6.2398e+04
2026-01-19T16:29:33.000Z,-9.9990e+02,-9.9990e+02,-9.9990e+02,-9.9990e+02,-9.9990e+02,-9.9990e+02,4.8040e+03,2.7946e+03,1.6062e+06,4.8186e+05,2.2163e+05,6.2908e+04
2026-01-19T16:29:45.000Z,-9.9990e+02,-9.9990e+02,-9.9990e+02,-9.9990e+02,-9.9990e+02,-9.9990e+02,4.8040e+03,2.7946e+03,1.6062e+06,4.8186e+05,2.2163e+05,6.2908e+04
2026-01-19T16:29:58.000Z,-9.9990e+02,-9.9990e+02,-9.9990e+02,-9.9990e+02,-9.9990e+02,-9.9990e+02,5.0490e+03,2.7971e+03,1.6081e+06,4.8843e+05,2.1776e+05,6.2449e+04
2026-01-19T16:30:10.000Z,-9.9990e+02,-9.9990e+02,-9.9990e+02,-9.9990e+02,-9.9990e+02,-9.9990e+02,5.0490e+03,2.7971e+03,1.6081e+06,4.8843e+05,2.1776e+05,6.2449e+04
2026-01-19T16:30:22.000Z,-9.9990e+02,-9.9990e+02,-9.9990e+02,-9.9990e+02,-9.9990e+02,-9.9990e+02,4.9236e+03,2.7946e+03,1.5662e+06,4.7586e+05,2.1756e+05,6.1837e+04
2026-01-19T16:30:34.000Z,-9.9990e+02,-9.9990e+02,-9.9990e+02,-9.9990e+02,-9.9990e+02,-9.9990e+02,4.9236e+03,2.7946e+03,1.5662e+06,4.7586e+05,2.1756e+05,6.1837e+04
2026-01-19T16:30:46.000Z,-9.9990e+02,-9.9990e+02,-9.9990e+02,-9.9990e+02,-9.9990e+02,-9.9990e+02,4.9293e+03,2.8667e+03,1.5867e+06,4.8200e+05,2.1548e+05,6.2398e+04
2026-01-19T16:30:58.000Z,-9.9990e+02,-9.9990e+02,-9.9990e+02,-9.9990e+02,-9.9990e+02,-9.9990e+02,4.9293e+03,2.8667e+03,1.5867e+06,4.8200e+05,2.1548e+05,6.2398e+04
2026-01-19T16:31:10.000Z,-9.9990e+02,-9.9990e+02,-9.9990e+02,-9.9990e+02,-9.9990e+02,-9.9990e+02,4.8040e+03,2.7946e+03,1.5657e+06,4.6971e+05,2.1538e+05,6.1837e+04
2026-01-19T16:31:23.000Z,-9.9990e+02,-9.9990e+02,-9.9990e+02,-9.9990e+02,-9.9990e+02,-9.9990e+02,4.8040e+03,2.7946e+03,1.5657e+06,4.6971e+05,2.1538e+05,6.1837e+04
2026-01-19T16:31:35.000Z,-9.9990e+02,-9.9990e+02,-9.9990e+02,-9.9990e+02,-9.9990e+02,-9.9990e+02,4.9236e+03,2.7946e+03,1.5457e+06,4.6371e+05,2.1329e+05,6.0765e+04
2026-01-19T16:31:47.000Z,-9.9990e+02,-9.9990e+02,-9.9990e+02,-9.9990e+02,-9.9990e+02,-9.9990e+02,4.9236e+03,2.7946e+03,1.5457e+06,4.6371e+05,2.1329e+05,6.0765e+04
2026-01-19T16:31:59.000Z,-9.9990e+02,-9.9990e+02,-9.9990e+02,-9.9990e+02,-9.9990e+02,-9.9990e+02,-9.9990e+02,-9.9990e+02,-9.9990e+02,-9.9990e+02,-9.9990e+02,-9.9990e+02
2026-01-19T16:32:11.000Z,-9.9990e+02,-9.9990e+02,-9.9990e+02,-9.9990e+02,-9.9990e+02,-9.9990e+02,4.8040e+03,2.7242e+03,1.6062e+06,4.8186e+05,2.1538e+05,6.0765e+04
2026-01-19T16:32:23.000Z,-9.9990e+02,-9.9990e+02,-9.9990e+02,-9.9990e+02,-9.9990e+02,-9.9990e+02,4.8040e+03,2.7242e+03,1.6062e+06,4.8186e+05,2.1538e+05,6.0765e+04
2026-01-19T16:32:35.000Z,-9.9990e+02,-9.9990e+02,-9.9990e+02,-9.9990e+02,-9.9990e+02,-9.9990e+02,4.8097e+03,2.7971e+03,1.6486e+06,4.9457e+05,2.1994e+05,6.1939e+04
2026-01-19T16:32:48.000Z,-9.9990e+02,-9.9990e+02,-9.9990e+02,-9.9990e+02,-9.9990e+02,-9.9990e+02,4.8097e+03,2.7971e+03,1.6486e+06,4.9457e+05,2.1994e+05,6.1939e+04
2026-01-19T16:33:00.000Z,-9.9990e+02,-9.9990e+02,-9.9990e+02,-9.9990e+02,-9.9990e+02,-9.9990e+02,2.2823e+03,1.3273e+03,1.3252e+06,3.9157e+05,1.6736e+05,4.6796e+04
2026-01-19T16:33:12.000Z,-9.9990e+02,-9.9990e+02,-9.9990e+02,-9.9990e+02,-9.9990e+02,-9.9990e+02,2.2823e+03,1.3273e+03,1.3252e+06,3.9157e+05,1.6736e+05,4.6796e+04
2026-01-19T16:33:24.000Z,-9.9990e+02,-9.9990e+02,-9.9990e+02,-9.9990e+02,-9.9990e+02,-9.9990e+02,2.3424e+03,1.3969e+03,8.9333e+05,2.6200e+05,1.1706e+05,3.1995e+04
2026-01-19T16:33:36.000Z,-9.9990e+02,-9.9990e+02,-9.9990e+02,-9.9990e+02,-9.9990e+02,-9.9990e+02,2.3424e+03,1.3969e+03,8.9333e+05,2.6200e+05,1.1706e+05,3.1995e+04
2026-01-19T16:33:48.000Z,-9.9990e+02,-9.9990e+02,-9.9990e+02,-9.9990e+02,-9.9990e+02,-9.9990e+02,4.6843e+03,2.7242e+03,1.6862e+06,4.9986e+05,2.2381e+05,6.2398e+04
2026-01-19T16:34:00.000Z,-9.9990e+02,-9.9990e+02,-9.9990e+02,-9.9990e+02,-9.9990e+02,-9.9990e+02,4.6843e+03,2.7242e+03,1.6862e+06,4.9986e+05,2.2381e+05,6.2398e+04
2026-01-19T16:34:13.000Z,-9.9990e+02,-9.9990e+02,-9.9990e+02,-9.9990e+02,-9.9990e+02,-9.9990e+02,4.6843e+03,2.7242e+03,1.6871e+06,5.0014e+05,2.1964e+05,6.2398e+04
2026-01-19T16:34:25.000Z,-9.9990e+02,-9.9990e+02,-9.9990e+02,-9.9990e+02,-9.9990e+02,-9.9990e+02,4.6843e+03,2.7242e+03,1.6871e+06,5.0014e+05,2.1964e+05,6.2398e+04
2026-01-19T16:34:37.000Z,-9.9990e+02,-9.9990e+02,-9.9990e+02,-9.9990e+02,-9.9990e+02,-9.9990e+02,4.5646e+03,2.7242e+03,1.7062e+06,5.0586e+05,2.2371e+05,6.1837e+04
2026-01-19T16:34:49.000Z,-9.9990e+02,-9.9990e+02,-9.9990e+02,-9.9990e+02,-9.9990e+02,-9.9990e+02,4.5646e+03,2.7242e+03,1.7062e+06,5.0586e+05,2.2371e+05,6.1837e+04
2026-01-19T16:35:01.000Z,-9.9990e+02,-9.9990e+02,-9.9990e+02,-9.9990e+02,-9.9990e+02,-9.9990e+02,4.6843e+03,2.8642e+03,1.7467e+06,5.2400e+05,2.3006e+05,6.4541e+04
2026-01-19T16:35:13.000Z,-9.9990e+02,-9.9990e+02,-9.9990e+02,-9.9990e+02,-9.9990e+02,-9.9990e+02,4.6843e+03,2.8642e+03,1.7467e+06,5.2400e+05,2.3006e+05,6.4541e+04
2026-01-19T16:35:25.000Z,-9.9990e+02,-9.9990e+02,-9.9990e+02,-9.9990e+02,-9.9990e+02,-9.9990e+02,4.8154e+03,2.7996e+03,1.7686e+06,5.2457e+05,2.3026e+05,6.3520e+04
2026-01-19T16:35:38.000Z,-9.9990e+02,-9.9990e+02,-9.9990e+02,-9.9990e+02,-9.9990e+02,-9.9990e+02,4.8154e+03,2.7996e+03,1.7686e+06,5.2457e+05,2.3026e+05,6.3520e+04
2026-01-19T16:35:50.000Z,-9.9990e+02,-9.9990e+02,-9.9990e+02,-9.9990e+02,-9.9990e+02,-9.9990e+02,4.8040e+03,2.8642e+03,1.7667e+06,5.2400e+05,2.2798e+05,6.2908e+04
2026-01-19T16:36:02.000Z,-9.9990e+02,-9.9990e+02,-9.9990e+02,-9.9990e+02,-9.9990e+02,-9.9990e+02,4.8040e+03,2.8642e+03,1.7667e+06,5.2400e+05,2.2798e+05,6.2908e+04
2026-01-19T16:36:14.000Z,-9.9990e+02,-9.9990e+02,-9.9990e+02,-9.9990e+02,-9.9990e+02,-9.9990e+02,-9.9990e+02,-9.9990e+02,-9.9990e+02,-9.9990e+02,-9.9990e+02,-9.9990e+02
2026-01-19T16:36:26.000Z,-9.9990e+02,-9.9990e+02,-9.9990e+02,-9.9990e+02,-9.9990e+02,-9.9990e+02,5.2855e+03,3.0738e+03,1.7871e+06,5.3014e+05,2.2589e+05,6.2398e+04
2026-01-19T16:36:38.000Z,-9.9990e+02,-9.9990e+02,-9.9990e+02,-9.9990e+02,-9.9990e+02,-9.9990e+02,5.2855e+03,3.0738e+03,1.7871e+06,5.3014e+05,2.2589e+05,6.2398e+04
2026-01-19T16:36:51.000Z,-9.9990e+02,-9.9990e+02,-9.9990e+02,-9.9990e+02,-9.9990e+02,-9.9990e+02,5.6474e+03,3.2835e+03,1.7871e+06,5.1814e+05,2.2798e+05,6.2959e+04
2026-01-19T16:37:03.000Z,-9.9990e+02,-9.9990e+02,-9.9990e+02,-9.9990e+02,-9.9990e+02,-9.9990e+02,5.6474e+03,3.2835e+03,1.7871e+06,5.1814e+05,2.2798e+05,6.2959e+04
2026-01-19T16:37:15.000Z,-9.9990e+02,-9.9990e+02,-9.9990e+02,-9.9990e+02,-9.9990e+02,-9.9990e+02,5.4052e+03,3.2835e+03,1.7267e+06,5.1800e+05,2.2381e+05,6.2398e+04
2026-01-19T16:37:27.000Z,-9.9990e+02,-9.9990e+02,-9.9990e+02,-9.9990e+02,-9.9990e+02,-9.9990e+02,5.4052e+03,3.2835e+03,1.7267e+06,5.1800e+05,2.2381e+05,6.2398e+04
2026-01-19T16:37:39.000Z,-9.9990e+02,-9.9990e+02,-9.9990e+02,-9.9990e+02,-9.9990e+02,-9.9990e+02,5.5277e+03,3.2851e+03,1.7471e+06,5.1214e+05,2.2381e+05,6.2959e+04
2026-01-19T16:37:51.000Z,-9.9990e+02,-9.9990e+02,-9.9990e+02,-9.9990e+02,-9.9990e+02,-9.9990e+02,5.5277e+03,3.2851e+03,1.7471e+06,5.1214e+05,2.2381e+05,6.2959e+04
2026-01-19T16:38:03.000Z,-9.9990e+02,-9.9990e+02,-9.9990e+02,-9.9990e+02,-9.9990e+02,-9.9990e+02,5.5248e+03,3.3539e+03,1.7467e+06,5.2400e+05,2.2589e+05,6.3469e+04
2026-01-19T16:38:16.000Z,-9.9990e+02,-9.9990e+02,-9.9990e+02,-9.9990e+02,-9.9990e+02,-9.9990e+02,5.5248e+03,3.3539e+03,1.7467e+06,5.2400e+05,2.2589e+05,6.3469e+04
2026-01-19T16:38:28.000Z,-9.9990e+02,-9.9990e+02,-9.9990e+02,-9.9990e+02,-9.9990e+02,-9.9990e+02,5.7699e+03,3.3547e+03,1.7471e+06,5.2414e+05,2.2589e+05,6.2398e+04
2026-01-19T16:38:40.000Z,-9.9990e+02,-9.9990e+02,-9.9990e+02,-9.9990e+02,-9.9990e+02,-9.9990e+02,5.7699e+03,3.3547e+03,1.7471e+06,5.2414e+05,2.2589e+05,6.2398e+04
2026-01-19T16:38:52.000Z,-9.9990e+02,-9.9990e+02,-9.9990e+02,-9.9990e+02,-9.9990e+02,-9.9990e+02,5.5248e+03,3.1434e+03,1.7667e+06,5.1200e+05,2.2589e+05,6.2398e+04
2026-01-19T16:39:04.000Z,-9.9990e+02,-9.9990e+02,-9.9990e+02,-9.9990e+02,-9.9990e+02,-9.9990e+02,5.5248e+03,3.1434e+03,1.7667e+06,5.1200e+05,2.2589e+05,6.2398e+04
2026-01-19T16:39:16.000Z,-9.9990e+02,-9.9990e+02,-9.9990e+02,-9.9990e+02,-9.9990e+02,-9.9990e+02,2.5225e+03,1.4673e+03,1.3052e+06,3.9157e+05,1.6944e+05,4.7332e+04
2026-01-19T16:39:28.000Z,-9.9990e+02,-9.9990e+02,-9.9990e+02,-9.9990e+02,-9.9990e+02,-9.9990e+02,2.5225e+03,1.4673e+03,1.3052e+06,3.9157e+05,1.6944e+05,4.7332e+04
2026-01-19T16:39:41.000Z,-9.9990e+02,-9.9990e+02,-9.9990e+02,-9.9990e+02,-9.9990e+02,-9.9990e+02,2.3424e+03,1.3969e+03,8.4333e+05,2.5600e+05,1.1190e+05,3.1189e+04
2026-01-19T16:39:53.000Z,-9.9990e+02,-9.9990e+02,-9.9990e+02,-9.9990e+02,-9.9990e+02,-9.9990e+02,2.3424e+03,1.3969e+03,8.4333e+05,2.5600e+05,1.1190e+05,3.1189e+04
2026-01-19T16:40:05.000Z,-9.9990e+02,-9.9990e+02,-9.9990e+02,-9.9990e+02,-9.9990e+02,-9.9990e+02,4.6871e+03,2.7259e+03,1.8271e+06,5.3014e+05,2.2381e+05,6.1837e+04
2026-01-19T16:40:17.000Z,-9.9990e+02,-9.9990e+02,-9.9990e+02,-9.9990e+02,-9.9990e+02,-9.9990e+02,4.6871e+03,2.7259e+03,1.8271e+06,5.3014e+05,2.2381e+05,6.1837e+04
2026-01-19T16:40:29.000Z,-9.9990e+02,-9.9990e+02,-9.9990e+02,-9.9990e+02,-9.9990e+02,-9.9990e+02,-9.9990e+02,-9.9990e+02,-9.9990e+02,-9.9990e+02,-9.9990e+02,-9.9990e+02
2026-01-19T16:40:41.000Z,-9.9990e+02,-9.9990e+02,-9.9990e+02,-9.9990e+02,-9.9990e+02,-9.9990e+02,4.9265e+03,2.7963e+03,1.7671e+06,5.2414e+05,2.3006e+05,6.2908e+04
2026-01-19T16:40:53.000Z,-9.9990e+02,-9.9990e+02,-9.9990e+02,-9.9990e+02,-9.9990e+02,-9.9990e+02,4.9265e+03,2.7963e+03,1.7671e+06,5.2414e+05,2.3006e+05,6.2908e+04
2026-01-19T16:41:06.000Z,-9.9990e+02,-9.9990e+02,-9.9990e+02,-9.9990e+02,-9.9990e+02,-9.9990e+02,4.9293e+03,2.9371e+03,1.7486e+06,5.2457e+05,2.3036e+05,6.4082e+04
2026-01-19T16:41:18.000Z,-9.9990e+02,-9.9990e+02,-9.9990e+02,-9.9990e+02,-9.9990e+02,-9.9990e+02,4.9293e+03,2.9371e+03,1.7486e+06,5.2457e+05,2.3036e+05,6.4082e+04
2026-01-19T16:41:30.000Z,-9.9990e+02,-9.9990e+02,-9.9990e+02,-9.9990e+02,-9.9990e+02,-9.9990e+02,5.2855e+03,3.0042e+03,1.7671e+06,5.2414e+05,2.3214e+05,6.4541e+04
2026-01-19T16:41:42.000Z,-9.9990e+02,-9.9990e+02,-9.9990e+02,-9.9990e+02,-9.9990e+02,-9.9990e+02,5.2855e+03,3.0042e+03,1.7671e+06,5.2414e+05,2.3214e+05,6.4541e+04
2026-01-19T16:41:54.000Z,-9.9990e+02,-9.9990e+02,-9.9990e+02,-9.9990e+02,-9.9990e+02,-9.9990e+02,5.2969e+03,3.1501e+03,1.7686e+06,5.3057e+05,2.3234e+05,6.5663e+04
2026-01-19T16:42:06.000Z,-9.9990e+02,-9.9990e+02,-9.9990e+02,-9.9990e+02,-9.9990e+02,-9.9990e+02,5.2969e+03,3.1501e+03,1.7686e+06,5.3057e+05,2.3234e+05,6.5663e+04
2026-01-19T16:42:18.000Z,-9.9990e+02,-9.9990e+02,-9.9990e+02,-9.9990e+02,-9.9990e+02,-9.9990e+02,5.4052e+03,3.0738e+03,1.8271e+06,5.3000e+05,2.3214e+05,6.5051e+04
2026-01-19T16:42:31.000Z,-9.9990e+02,-9.9990e+02,-9.9990e+02,-9.9990e+02,-9.9990e+02,-9.9990e+02,5.4052e+03,3.0738e+03,1.8271e+06,5.3000e+05,2.3214e+05,6.5051e+04
2026-01-19T16:42:43.000Z,-9.9990e+02,-9.9990e+02,-9.9990e+02,-9.9990e+02,-9.9990e+02,-9.9990e+02,5.2855e+03,3.2139e+03,1.8071e+06,5.2414e+05,2.3006e+05,6.4031e+04
2026-01-19T16:42:55.000Z,-9.9990e+02,-9.9990e+02,-9.9990e+02,-9.9990e+02,-9.9990e+02,-9.9990e+02,5.2855e+03,3.2139e+03,1.8071e+06,5.2414e+05,2.3006e+05,6.4031e+04
2026-01-19T16:43:07.000Z,-9.9990e+02,-9.9990e+02,-9.9990e+02,-9.9990e+02,-9.9990e+02,-9.9990e+02,5.4052e+03,3.2835e+03,1.8271e+06,5.3600e+05,2.3214e+05,6.3980e+04
2026-01-19T16:43:19.000Z,-9.9990e+02,-9.9990e+02,-9.9990e+02,-9.9990e+02,-9.9990e+02,-9.9990e+02,5.4052e+03,3.2835e+03,1.8271e+06,5.3600e+05,2.3214e+05,6.3980e+04
2026-01-19T16:43:31.000Z,-9.9990e+02,-9.9990e+02,-9.9990e+02,-9.9990e+02,-9.9990e+02,-9.9990e+02,5.4052e+03,3.2835e+03,2.0076e+06,5.7214e+05,2.4256e+05,6.6684e+04
2026-01-19T16:43:43.000Z,-9.9990e+02,-9.9990e+02,-9.9990e+02,-9.9990e+02,-9.9990e+02,-9.9990e+02,5.4052e+03,3.2835e+03,2.0076e+06,5.7214e+05,2.4256e+05,6.6684e+04
2026-01-19T16:43:56.000Z,-9.9990e+02,-9.9990e+02,-9.9990e+02,-9.9990e+02,-9.9990e+02,-9.9990e+02,5.7670e+03,3.4235e+03,2.1286e+06,6.1457e+05,2.5942e+05,6.9949e+04
2026-01-19T16:44:08.000Z,-9.9990e+02,-9.9990e+02,-9.9990e+02,-9.9990e+02,-9.9990e+02,-9.9990e+02,5.7670e+03,3.4235e+03,2.1286e+06,6.1457e+05,2.5942e+05,6.9949e+04
2026-01-19T16:44:20.000Z,-9.9990e+02,-9.9990e+02,-9.9990e+02,-9.9990e+02,-9.9990e+02,-9.9990e+02,6.0064e+03,3.4931e+03,2.1281e+06,5.9629e+05,2.5308e+05,6.8827e+04
2026-01-19T16:44:32.000Z,-9.9990e+02,-9.9990e+02,-9.9990e+02,-9.9990e+02,-9.9990e+02,-9.9990e+02,6.0064e+03,3.4931e+03,2.1281e+06,5.9629e+05,2.5308e+05,6.8827e+04
2026-01-19T16:44:44.000Z,-9.9990e+02,-9.9990e+02,-9.9990e+02,-9.9990e+02,-9.9990e+02,-9.9990e+02,-9.9990e+02,-9.9990e+02,-9.9990e+02,-9.9990e+02,-9.9990e+02,-9.9990e+02
2026-01-19T16:44:56.000Z,-9.9990e+02,-9.9990e+02,-9.9990e+02,-9.9990e+02,-9.9990e+02,-9.9990e+02,6.0092e+03,3.6339e+03,2.1286e+06,6.2643e+05,2.6776e+05,7.6378e+04
2026-01-19T16:45:08.000Z,-9.9990e+02,-9.9990e+02,-9.9990e+02,-9.9990e+02,-9.9990e+02,-9.9990e+02,6.0092e+03,3.6339e+03,2.1286e+06,6.2643e+05,2.6776e+05,7.6378e+04
2026-01-19T16:45:21.000Z,-9.9990e+02,-9.9990e+02,-9.9990e+02,-9.9990e+02,-9.9990e+02,-9.9990e+02,6.2486e+03,3.7043e+03,2.1086e+06,6.2043e+05,2.7192e+05,7.6378e+04
2026-01-19T16:45:33.000Z,-9.9990e+02,-9.9990e+02,-9.9990e+02,-9.9990e+02,-9.9990e+02,-9.9990e+02,6.2486e+03,3.7043e+03,2.1086e+06,6.2043e+05,2.7192e+05,7.6378e+04
2026-01-19T16:45:45.000Z,-9.9990e+02,-9.9990e+02,-9.9990e+02,-9.9990e+02,-9.9990e+02,-9.9990e+02,6.1261e+03,3.7723e+03,2.0290e+06,6.1471e+05,2.7619e+05,8.1786e+04
2026-01-19T16:45:57.000Z,-9.9990e+02,-9.9990e+02,-9.9990e+02,-9.9990e+02,-9.9990e+02,-9.9990e+02,6.1261e+03,3.7723e+03,2.0290e+06,6.1471e+05,2.7619e+05,8.1786e+04
2026-01-19T16:46:09.000Z,-9.9990e+02,-9.9990e+02,-9.9990e+02,-9.9990e+02,-9.9990e+02,-9.9990e+02,6.3711e+03,3.8460e+03,1.9681e+06,6.0257e+05,2.8452e+05,8.1786e+04
2026-01-19T16:46:21.000Z,-9.9990e+02,-9.9990e+02,-9.9990e+02,-9.9990e+02,-9.9990e+02,-9.9990e+02,6.3711e+03,3.8460e+03,1.9681e+06,6.0257e+05,2.8452e+05,8.1786e+04
2026-01-19T16:46:33.000Z,-9.9990e+02,-9.9990e+02,-9.9990e+02,-9.9990e+02,-9.9990e+02,-9.9990e+02,6.4851e+03,3.8419e+03,1.9881e+06,6.0243e+05,2.7192e+05,7.8520e+04
2026-01-19T16:46:46.000Z,-9.9990e+02,-9.9990e+02,-9.9990e+02,-9.9990e+02,-9.9990e+02,-9.9990e+02,6.4851e+03,3.8419e+03,1.9881e+06,6.0243e+05,2.7192e+05,7.8520e+04
2026-01-19T16:46:58.000Z,-9.9990e+02,-9.9990e+02,-9.9990e+02,-9.9990e+02,-9.9990e+02,-9.9990e+02,-9.9990e+02,-9.9990e+02,-9.9990e+02,-9.9990e+02,-9.9990e+02,-9.9990e+02
2026-01-19T16:47:10.000Z,-9.9990e+02,-9.9990e+02,-9.9990e+02,-9.9990e+02,-9.9990e+02,-9.9990e+02,6.6133e+03,3.7756e+03,1.9895e+06,6.0886e+05,2.7421e+05,7.7500e+04
2026-01-19T16:47:22.000Z,-9.9990e+02,-9.9990e+02,-9.9990e+02,-9.9990e+02,-9.9990e+02,-9.9990e+02,6.6133e+03,3.7756e+03,1.9895e+06,6.0886e+05,2.7421e+05,7.7500e+04
2026-01-19T16:47:34.000Z,-9.9990e+02,-9.9990e+02,-9.9990e+02,-9.9990e+02,-9.9990e+02,-9.9990e+02,6.3739e+03,3.7764e+03,1.9690e+06,5.9671e+05,2.6994e+05,7.6429e+04
2026-01-19T16:47:46.000Z,-9.9990e+02,-9.9990e+02,-9.9990e+02,-9.9990e+02,-9.9990e+02,-9.9990e+02,6.3739e+03,3.7764e+03,1.9690e+06,5.9671e+05,2.6994e+05,7.6429e+04
2026-01-19T16:47:58.000Z,-9.9990e+02,-9.9990e+02,-9.9990e+02,-9.9990e+02,-9.9990e+02,-9.9990e+02,6.2457e+03,3.7723e+03,2.0081e+06,6.0243e+05,2.7401e+05,7.8520e+04
2026-01-19T16:48:11.000Z,-9.9990e+02,-9.9990e+02,-9.9990e+02,-9.9990e+02,-9.9990e+02,-9.9990e+02,6.2457e+03,3.7723e+03,2.0081e+06,6.0243e+05,2.7401e+05,7.8520e+04
2026-01-19T16:48:23.000Z,-9.9990e+02,-9.9990e+02,-9.9990e+02,-9.9990e+02,-9.9990e+02,-9.9990e+02,6.4879e+03,3.9123e+03,1.8671e+06,5.6614e+05,2.5724e+05,7.3112e+04
2026-01-19T16:48:35.000Z,-9.9990e+02,-9.9990e+02,-9.9990e+02,-9.9990e+02,-9.9990e+02,-9.9990e+02,6.4879e+03,3.9123e+03,1.8671e+06,5.6614e+05,2.5724e+05,7.3112e+04
2026-01-19T16:48:47.000Z,-9.9990e+02,-9.9990e+02,-9.9990e+02,-9.9990e+02,-9.9990e+02,-9.9990e+02,6.3654e+03,3.8419e+03,1.9471e+06,5.7814e+05,2.6141e+05,7.5306e+04
2026-01-19T16:48:59.000Z,-9.9990e+02,-9.9990e+02,-9.9990e+02,-9.9990e+02,-9.9990e+02,-9.9990e+02,6.3654e+03,3.8419e+03,1.9471e+06,5.7814e+05,2.6141e+05,7.5306e+04
2026-01-19T16:49:11.000Z,-9.9990e+02,-9.9990e+02,-9.9990e+02,-9.9990e+02,-9.9990e+02,-9.9990e+02,6.8469e+03,4.1219e+03,2.0276e+06,6.0829e+05,2.6974e+05,7.7449e+04
2026-01-19T16:49:23.000Z,-9.9990e+02,-9.9990e+02,-9.9990e+02,-9.9990e+02,-9.9990e+02,-9.9990e+02,6.8469e+03,4.1219e+03,2.0276e+06,6.0829e+05,2.6974e+05,7.7449e+04
2026-01-19T16:49:36.000Z,-9.9990e+02,-9.9990e+02,-9.9990e+02,-9.9990e+02,-9.9990e+02,-9.9990e+02,7.2059e+03,4.3307e+03,2.1286e+06,6.3857e+05,2.8869e+05,8.5000e+04
2026-01-19T16:49:48.000Z,-9.9990e+02,-9.9990e+02,-9.9990e+02,-9.9990e+02,-9.9990e+02,-9.9990e+02,7.2059e+03,4.3307e+03,2.1286e+06,6.3857e+05,2.8869e+05,8.5000e+04
2026-01-19T16:50:00.000Z,-9.9990e+02,-9.9990e+02,-9.9990e+02,-9.9990e+02,-9.9990e+02,-9.9990e+02,7.4538e+03,4.4053e+03,2.1495e+06,6.5086e+05,2.9296e+05,8.7194e+04
2026-01-19T16:50:12.000Z,-9.9990e+02,-9.9990e+02,-9.9990e+02,-9.9990e+02,-9.9990e+02,-9.9990e+02,7.4538e+03,4.4053e+03,2.1495e+06,6.5086e+05,2.9296e+05,8.7194e+04
2026-01-19T16:50:24.000Z,-9.9990e+02,-9.9990e+02,-9.9990e+02,-9.9990e+02,-9.9990e+02,-9.9990e+02,7.4481e+03,4.4011e+03,2.1686e+06,6.5057e+05,2.9286e+05,8.5000e+04
2026-01-19T16:50:36.000Z,-9.9990e+02,-9.9990e+02,-9.9990e+02,-9.9990e+02,-9.9990e+02,-9.9990e+02,7.4481e+03,4.4011e+03,2.1686e+06,6.5057e+05,2.9286e+05,8.5000e+04
2026-01-19T16:50:49.000Z,-9.9990e+02,-9.9990e+02,-9.9990e+02,-9.9990e+02,-9.9990e+02,-9.9990e+02,7.3285e+03,4.2611e+03,2.1886e+06,6.6257e+05,2.9286e+05,8.7143e+04
2026-01-19T16:51:01.000Z,-9.9990e+02,-9.9990e+02,-9.9990e+02,-9.9990e+02,-9.9990e+02,-9.9990e+02,7.3285e+03,4.2611e+03,2.1886e+06,6.6257e+05,2.9286e+05,8.7143e+04
2026-01-19T16:51:13.000Z,-9.9990e+02,-9.9990e+02,-9.9990e+02,-9.9990e+02,-9.9990e+02,-9.9990e+02,-9.9990e+02,-9.9990e+02,-9.9990e+02,-9.9990e+02,-9.9990e+02,-9.9990e+02
2026-01-19T16:51:25.000Z,-9.9990e+02,-9.9990e+02,-9.9990e+02,-9.9990e+02,-9.9990e+02,-9.9990e+02,7.2059e+03,4.3307e+03,2.1895e+06,6.5686e+05,2.8879e+05,8.5000e+04
2026-01-19T16:51:37.000Z,-9.9990e+02,-9.9990e+02,-9.9990e+02,-9.9990e+02,-9.9990e+02,-9.9990e+02,7.2059e+03,4.3307e+03,2.1895e+06,6.5686e+05,2.8879e+05,8.5000e+04
2026-01-19T16:51:49.000Z,-9.9990e+02,-9.9990e+02,-9.9990e+02,-9.9990e+02,-9.9990e+02,-9.9990e+02,7.4481e+03,4.3307e+03,2.1276e+06,6.3229e+05,2.8016e+05,8.0663e+04
2026-01-19T16:52:01.000Z,-9.9990e+02,-9.9990e+02,-9.9990e+02,-9.9990e+02,-9.9990e+02,-9.9990e+02,7.4481e+03,4.3307e+03,2.1276e+06,6.3229e+05,2.8016e+05,8.0663e+04
2026-01-19T16:52:14.000Z,-9.9990e+02,-9.9990e+02,-9.9990e+02,-9.9990e+02,-9.9990e+02,-9.9990e+02,7.4510e+03,4.4028e+03,2.0686e+06,6.2057e+05,2.7619e+05,7.9592e+04
2026-01-19T16:52:26.000Z,-9.9990e+02,-9.9990e+02,-9.9990e+02,-9.9990e+02,-9.9990e+02,-9.9990e+02,7.4510e+03,4.4028e+03,2.0686e+06,6.2057e+05,2.7619e+05,7.9592e+04
2026-01-19T16:52:38.000Z,-9.9990e+02,-9.9990e+02,-9.9990e+02,-9.9990e+02,-9.9990e+02,-9.9990e+02,7.4510e+03,4.4028e+03,1.9886e+06,6.0257e+05,2.6786e+05,7.9643e+04
2026-01-19T16:52:50.000Z,-9.9990e+02,-9.9990e+02,-9.9990e+02,-9.9990e+02,-9.9990e+02,-9.9990e+02,7.4510e+03,4.4028e+03,1.9886e+06,6.0257e+05,2.6786e+05,7.9643e+04
2026-01-19T16:53:02.000Z,-9.9990e+02,-9.9990e+02,-9.9990e+02,-9.9990e+02,-9.9990e+02,-9.9990e+02,7.4510e+03,4.4028e+03,2.0281e+06,6.0229e+05,2.7192e+05,7.7449e+04
2026-01-19T16:53:14.000Z,-9.9990e+02,-9.9990e+02,-9.9990e+02,-9.9990e+02,-9.9990e+02,-9.9990e+02,7.4510e+03,4.4028e+03,2.0281e+06,6.0229e+05,2.7192e+05,7.7449e+04
2026-01-19T16:53:26.000Z,-9.9990e+02,-9.9990e+02,-9.9990e+02,-9.9990e+02,-9.9990e+02,-9.9990e+02,7.4481e+03,4.4707e+03,2.0486e+06,6.2057e+05,2.7192e+05,7.9592e+04
2026-01-19T16:53:39.000Z,-9.9990e+02,-9.9990e+02,-9.9990e+02,-9.9990e+02,-9.9990e+02,-9.9990e+02,7.4481e+03,4.4707e+03,2.0486e+06,6.2057e+05,2.7192e+05,7.9592e+04
2026-01-19T16:53:51.000Z,-9.9990e+02,-9.9990e+02,-9.9990e+02,-9.9990e+02,-9.9990e+02,-9.9990e+02,7.5707e+03,4.4724e+03,1.9490e+06,5.9071e+05,2.6796e+05,7.7500e+04
2026-01-19T16:54:03.000Z,-9.9990e+02,-9.9990e+02,-9.9990e+02,-9.9990e+02,-9.9990e+02,-9.9990e+02,7.5707e+03,4.4724e+03,1.9490e+06,5.9071e+05,2.6796e+05,7.7500e+04
2026-01-19T16:54:15.000Z,-9.9990e+02,-9.9990e+02,-9.9990e+02,-9.9990e+02,-9.9990e+02,-9.9990e+02,7.5821e+03,4.6199e+03,1.9695e+06,5.9086e+05,2.7004e+05,7.9694e+04
2026-01-19T16:54:27.000Z,-9.9990e+02,-9.9990e+02,-9.9990e+02,-9.9990e+02,-9.9990e+02,-9.9990e+02,7.5821e+03,4.6199e+03,1.9695e+06,5.9086e+05,2.7004e+05,7.9694e+04
2026-01-19T16:54:39.000Z,-9.9990e+02,-9.9990e+02,-9.9990e+02,-9.9990e+02,-9.9990e+02,-9.9990e+02,7.5678e+03,4.6099e+03,1.9471e+06,5.8414e+05,2.6974e+05,7.7449e+04
2026-01-19T16:54:51.000Z,-9.9990e+02,-9.9990e+02,-9.9990e+02,-9.9990e+02,-9.9990e+02,-9.9990e+02,7.5678e+03,4.6099e+03,1.9471e+06,5.8414e+05,2.6974e+05,7.7449e+04
2026-01-19T16:55:04.000Z,-9.9990e+02,-9.9990e+02,-9.9990e+02,-9.9990e+02,-9.9990e+02,-9.9990e+02,7.9268e+03,4.7500e+03,1.9871e+06,6.0829e+05,2.7183e+05,7.9592e+04
2026-01-19T16:55:16.000Z,-9.9990e+02,-9.9990e+02,-9.9990e+02,-9.9990e+02,-9.9990e+02,-9.9990e+02,7.9268e+03,4.7500e+03,1.9871e+06,6.0829e+05,2.7183e+05,7.9592e+04
2026-01-19T16:55:28.000Z,-9.9990e+02,-9.9990e+02,-9.9990e+02,-9.9990e+02,-9.9990e+02,-9.9990e+02,-9.9990e+02,-9.9990e+02,-9.9990e+02,-9.9990e+02,-9.9990e+02,-9.9990e+02
2026-01-19T16:55:40.000Z,-9.9990e+02,-9.9990e+02,-9.9990e+02,-9.9990e+02,-9.9990e+02,-9.9990e+02,8.1690e+03,5.0300e+03,1.9471e+06,5.9029e+05,2.6558e+05,7.6378e+04
2026-01-19T16:55:52.000Z,-9.9990e+02,-9.9990e+02,-9.9990e+02,-9.9990e+02,-9.9990e+02,-9.9990e+02,8.1690e+03,5.0300e+03,1.9471e+06,5.9029e+05,2.6558e+05,7.6378e+04
2026-01-19T16:56:04.000Z,-9.9990e+02,-9.9990e+02,-9.9990e+02,-9.9990e+02,-9.9990e+02,-9.9990e+02,8.1719e+03,5.0325e+03,2.0086e+06,6.0857e+05,2.7202e+05,8.0714e+04
2026-01-19T16:56:16.000Z,-9.9990e+02,-9.9990e+02,-9.9990e+02,-9.9990e+02,-9.9990e+02,-9.9990e+02,8.1719e+03,5.0325e+03,2.0086e+06,6.0857e+05,2.7202e+05,8.0714e+04
2026-01-19T16:56:28.000Z,-9.9990e+02,-9.9990e+02,-9.9990e+02,-9.9990e+02,-9.9990e+02,-9.9990e+02,8.1690e+03,5.0300e+03,2.0281e+06,6.1443e+05,2.6776e+05,7.8520e+04
2026-01-19T16:56:41.000Z,-9.9990e+02,-9.9990e+02,-9.9990e+02,-9.9990e+02,-9.9990e+02,-9.9990e+02,8.1690e+03,5.0300e+03,2.0281e+06,6.1443e+05,2.6776e+05,7.8520e+04
2026-01-19T16:56:53.000Z,-9.9990e+02,-9.9990e+02,-9.9990e+02,-9.9990e+02,-9.9990e+02,-9.9990e+02,8.1690e+03,5.1700e+03,2.0076e+06,6.0229e+05,2.6558e+05,7.5306e+04
2026-01-19T16:57:05.000Z,-9.9990e+02,-9.9990e+02,-9.9990e+02,-9.9990e+02,-9.9990e+02,-9.9990e+02,8.1690e+03,5.1700e+03,2.0076e+06,6.0229e+05,2.6558e+05,7.5306e+04
2026-01-19T16:57:17.000Z,-9.9990e+02,-9.9990e+02,-9.9990e+02,-9.9990e+02,-9.9990e+02,-9.9990e+02,8.1690e+03,5.0300e+03,2.0686e+06,6.0843e+05,2.6776e+05,7.7449e+04
2026-01-19T16:57:29.000Z,-9.9990e+02,-9.9990e+02,-9.9990e+02,-9.9990e+02,-9.9990e+02,-9.9990e+02,8.1690e+03,5.0300e+03,2.0686e+06,6.0843e+05,2.6776e+05,7.7449e+04
2026-01-19T16:57:41.000Z,-9.9990e+02,-9.9990e+02,-9.9990e+02,-9.9990e+02,-9.9990e+02,-9.9990e+02,8.1690e+03,5.0300e+03,2.0490e+06,6.0271e+05,2.6994e+05,7.7500e+04
2026-01-19T16:57:54.000Z,-9.9990e+02,-9.9990e+02,-9.9990e+02,-9.9990e+02,-9.9990e+02,-9.9990e+02,8.1690e+03,5.0300e+03,2.0490e+06,6.0271e+05,2.6994e+05,7.7500e+04
2026-01-19T16:58:06.000Z,-9.9990e+02,-9.9990e+02,-9.9990e+02,-9.9990e+02,-9.9990e+02,-9.9990e+02,8.1719e+03,5.0325e+03,2.0490e+06,6.0871e+05,2.6994e+05,7.8571e+04
2026-01-19T16:58:18.000Z,-9.9990e+02,-9.9990e+02,-9.9990e+02,-9.9990e+02,-9.9990e+02,-9.9990e+02,8.1719e+03,5.0325e+03,2.0490e+06,6.0871e+05,2.6994e+05,7.8571e+04
2026-01-19T16:58:30.000Z,-9.9990e+02,-9.9990e+02,-9.9990e+02,-9.9990e+02,-9.9990e+02,-9.9990e+02,8.1719e+03,5.0325e+03,2.0886e+06,6.1443e+05,2.6984e+05,7.8520e+04
2026-01-19T16:58:42.000Z,-9.9990e+02,-9.9990e+02,-9.9990e+02,-9.9990e+02,-9.9990e+02,-9.9990e+02,8.1719e+03,5.0325e+03,2.0886e+06,6.1443e+05,2.6984e+05,7.8520e+04
2026-01-19T16:58:54.000Z,-9.9990e+02,-9.9990e+02,-9.9990e+02,-9.9990e+02,-9.9990e+02,-9.9990e+02,8.1690e+03,5.0300e+03,2.0881e+06,6.2643e+05,2.7183e+05,7.9592e+04
2026-01-19T16:59:06.000Z,-9.9990e+02,-9.9990e+02,-9.9990e+02,-9.9990e+02,-9.9990e+02,-9.9990e+02,8.1690e+03,5.0300e+03,2.0881e+06,6.2643e+05,2.7183e+05,7.9592e+04
2026-01-19T16:59:19.000Z,-9.9990e+02,-9.9990e+02,-9.9990e+02,-9.9990e+02,-9.9990e+02,-9.9990e+02,8.1690e+03,5.0300e+03,2.1481e+06,6.3243e+05,2.8442e+05,8.1735e+04
2026-01-19T16:59:31.000Z,-9.9990e+02,-9.9990e+02,-9.9990e+02,-9.9990e+02,-9.9990e+02,-9.9990e+02,8.1690e+03,5.0300e+03,2.1481e+06,6.3243e+05,2.8442e+05,8.1735e+04
2026-01-19T16:59:43.000Z,-9.9990e+02,-9.9990e+02,-9.9990e+02,-9.9990e+02,-9.9990e+02,-9.9990e+02,-9.9990e+02,-9.9990e+02,-9.9990e+02,-9.9990e+02,-9.9990e+02,-9.9990e+02
2026-01-19T16:59:55.000Z,-9.9990e+02,-9.9990e+02,-9.9990e+02,-9.9990e+02,-9.9990e+02,-9.9990e+02,8.1690e+03,5.0300e+03,2.1895e+06,6.3871e+05,2.8452e+05,8.3929e+04
2026-01-19T17:00:07.000Z,-9.9990e+02,-9.9990e+02,-9.9990e+02,-9.9990e+02,-9.9990e+02,-9.9990e+02,8.1690e+03,5.0300e+03,2.1895e+06,6.3871e+05,2.8452e+05,8.3929e+04
2026-01-19T17:00:19.000Z,-9.9990e+02,-9.9990e+02,-9.9990e+02,-9.9990e+02,-9.9990e+02,-9.9990e+02,8.1719e+03,5.0325e+03,2.1690e+06,6.4457e+05,2.8452e+05,8.3929e+04
2026-01-19T17:00:31.000Z,-9.9990e+02,-9.9990e+02,-9.9990e+02,-9.9990e+02,-9.9990e+02,-9.9990e+02,8.1719e+03,5.0325e+03,2.1690e+06,6.4457e+05,2.8452e+05,8.3929e+04
2026-01-19T17:00:44.000Z,-9.9990e+02,-9.9990e+02,-9.9990e+02,-9.9990e+02,-9.9990e+02,-9.9990e+02,8.1690e+03,5.1700e+03,2.0481e+06,6.2643e+05,2.8442e+05,8.3878e+04
2026-01-19T17:00:56.000Z,-9.9990e+02,-9.9990e+02,-9.9990e+02,-9.9990e+02,-9.9990e+02,-9.9990e+02,8.1690e+03,5.1700e+03,2.0481e+06,6.2643e+05,2.8442e+05,8.3878e+04
2026-01-19T17:01:08.000Z,-9.9990e+02,-9.9990e+02,-9.9990e+02,-9.9990e+02,-9.9990e+02,-9.9990e+02,8.6534e+03,5.1725e+03,2.0495e+06,6.2686e+05,2.8879e+05,8.5051e+04
2026-01-19T17:01:20.000Z,-9.9990e+02,-9.9990e+02,-9.9990e+02,-9.9990e+02,-9.9990e+02,-9.9990e+02,8.6534e+03,5.1725e+03,2.0495e+06,6.2686e+05,2.8879e+05,8.5051e+04
2026-01-19T17:01:32.000Z,-9.9990e+02,-9.9990e+02,-9.9990e+02,-9.9990e+02,-9.9990e+02,-9.9990e+02,8.4255e+03,5.1800e+03,2.1519e+06,6.4557e+05,2.8909e+05,8.6173e+04
2026-01-19T17:01:44.000Z,-9.9990e+02,-9.9990e+02,-9.9990e+02,-9.9990e+02,-9.9990e+02,-9.9990e+02,8.4255e+03,5.1800e+03,2.1519e+06,6.4557e+05,2.8909e+05,8.6173e+04
2026-01-19T17:01:56.000Z,-9.9990e+02,-9.9990e+02,-9.9990e+02,-9.9990e+02,-9.9990e+02,-9.9990e+02,8.6534e+03,5.3117e+03,2.2890e+06,6.9271e+05,3.2212e+05,9.5765e+04
2026-01-19T17:02:09.000Z,-9.9990e+02,-9.9990e+02,-9.9990e+02,-9.9990e+02,-9.9990e+02,-9.9990e+02,8.6534e+03,5.3117e+03,2.2890e+06,6.9271e+05,3.2212e+05,9.5765e+04
2026-01-19T17:02:21.000Z,-9.9990e+02,-9.9990e+02,-9.9990e+02,-9.9990e+02,-9.9990e+02,-9.9990e+02,8.6477e+03,5.3092e+03,2.3695e+06,7.2886e+05,3.3889e+05,1.0434e+05
2026-01-19T17:02:33.000Z,-9.9990e+02,-9.9990e+02,-9.9990e+02,-9.9990e+02,-9.9990e+02,-9.9990e+02,8.6477e+03,5.3092e+03,2.3695e+06,7.2886e+05,3.3889e+05,1.0434e+05
2026-01-19T17:02:45.000Z,-9.9990e+02,-9.9990e+02,-9.9990e+02,-9.9990e+02,-9.9990e+02,-9.9990e+02,8.6477e+03,5.3092e+03,2.2690e+06,7.0486e+05,3.2629e+05,1.0005e+05
2026-01-19T17:02:57.000Z,-9.9990e+02,-9.9990e+02,-9.9990e+02,-9.9990e+02,-9.9990e+02,-9.9990e+02,8.6477e+03,5.3092e+03,2.2690e+06,7.0486e+05,3.2629e+05,1.0005e+05
2026-01-19T17:03:09.000Z,-9.9990e+02,-9.9990e+02,-9.9990e+02,-9.9990e+02,-9.9990e+02,-9.9990e+02,8.6534e+03,5.3117e+03,2.1900e+06,6.6900e+05,3.1389e+05,9.3622e+04
2026-01-19T17:03:21.000Z,-9.9990e+02,-9.9990e+02,-9.9990e+02,-9.9990e+02,-9.9990e+02,-9.9990e+02,8.6534e+03,5.3117e+03,2.1900e+06,6.6900e+05,3.1389e+05,9.3622e+04
2026-01-19T17:03:34.000Z,-9.9990e+02,-9.9990e+02,-9.9990e+02,-9.9990e+02,-9.9990e+02,-9.9990e+02,9.1292e+03,5.3092e+03,2.1290e+06,6.3271e+05,2.8869e+05,8.6071e+04
2026-01-19T17:03:46.000Z,-9.9990e+02,-9.9990e+02,-9.9990e+02,-9.9990e+02,-9.9990e+02,-9.9990e+02,9.1292e+03,5.3092e+03,2.1290e+06,6.3271e+05,2.8869e+05,8.6071e+04
2026-01-19T17:03:58.000Z,-9.9990e+02,-9.9990e+02,-9.9990e+02,-9.9990e+02,-9.9990e+02,-9.9990e+02,-9.9990e+02,-9.9990e+02,-9.9990e+02,-9.9990e+02,-9.9990e+02,-9.9990e+02
2026-01-19T17:04:10.000Z,-9.9990e+02,-9.9990e+02,-9.9990e+02,-9.9990e+02,-9.9990e+02,-9.9990e+02,9.1349e+03,5.3117e+03,2.1486e+06,6.4457e+05,2.8452e+05,8.5000e+04
2026-01-19T17:04:22.000Z,-9.9990e+02,-9.9990e+02,-9.9990e+02,-9.9990e+02,-9.9990e+02,-9.9990e+02,9.1349e+03,5.3117e+03,2.1486e+06,6.4457e+05,2.8452e+05,8.5000e+04
2026-01-19T17:04:34.000Z,-9.9990e+02,-9.9990e+02,-9.9990e+02,-9.9990e+02,-9.9990e+02,-9.9990e+02,8.8928e+03,5.3117e+03,2.1486e+06,6.3857e+05,2.9286e+05,8.5000e+04
2026-01-19T17:04:46.000Z,-9.9990e+02,-9.9990e+02,-9.9990e+02,-9.9990e+02,-9.9990e+02,-9.9990e+02,8.8928e+03,5.3117e+03,2.1486e+06,6.3857e+05,2.9286e+05,8.5000e+04
2026-01-19T17:04:59.000Z,-9.9990e+02,-9.9990e+02,-9.9990e+02,-9.9990e+02,-9.9990e+02,-9.9990e+02,9.1292e+03,5.4492e+03,2.1681e+06,6.5043e+05,2.9276e+05,8.7092e+04
2026-01-19T17:05:11.000Z,-9.9990e+02,-9.9990e+02,-9.9990e+02,-9.9990e+02,-9.9990e+02,-9.9990e+02,9.1292e+03,5.4492e+03,2.1681e+06,6.5043e+05,2.9276e+05,8.7092e+04
2026-01-19T17:05:23.000Z,-9.9990e+02,-9.9990e+02,-9.9990e+02,-9.9990e+02,-9.9990e+02,-9.9990e+02,9.3686e+03,5.4492e+03,2.2086e+06,6.4443e+05,2.9276e+05,8.6020e+04
2026-01-19T17:05:35.000Z,-9.9990e+02,-9.9990e+02,-9.9990e+02,-9.9990e+02,-9.9990e+02,-9.9990e+02,9.3686e+03,5.4492e+03,2.2086e+06,6.4443e+05,2.9276e+05,8.6020e+04
2026-01-19T17:05:47.000Z,-9.9990e+02,-9.9990e+02,-9.9990e+02,-9.9990e+02,-9.9990e+02,-9.9990e+02,9.3800e+03,5.4550e+03,2.2095e+06,6.5686e+05,2.9296e+05,8.8214e+04
2026-01-19T17:05:59.000Z,-9.9990e+02,-9.9990e+02,-9.9990e+02,-9.9990e+02,-9.9990e+02,-9.9990e+02,9.3800e+03,5.4550e+03,2.2095e+06,6.5686e+05,2.9296e+05,8.8214e+04
2026-01-19T17:06:11.000Z,-9.9990e+02,-9.9990e+02,-9.9990e+02,-9.9990e+02,-9.9990e+02,-9.9990e+02,9.3743e+03,5.5926e+03,2.3100e+06,6.8100e+05,3.0972e+05,9.4694e+04
2026-01-19T17:06:24.000Z,-9.9990e+02,-9.9990e+02,-9.9990e+02,-9.9990e+02,-9.9990e+02,-9.9990e+02,9.3743e+03,5.5926e+03,2.3100e+06,6.8100e+05,3.0972e+05,9.4694e+04
2026-01-19T17:06:36.000Z,-9.9990e+02,-9.9990e+02,-9.9990e+02,-9.9990e+02,-9.9990e+02,-9.9990e+02,9.3714e+03,5.5892e+03,2.4100e+06,7.1700e+05,3.2212e+05,9.5765e+04
2026-01-19T17:06:48.000Z,-9.9990e+02,-9.9990e+02,-9.9990e+02,-9.9990e+02,-9.9990e+02,-9.9990e+02,9.3714e+03,5.5892e+03,2.4100e+06,7.1700e+05,3.2212e+05,9.5765e+04
2026-01-19T17:07:00.000Z,-9.9990e+02,-9.9990e+02,-9.9990e+02,-9.9990e+02,-9.9990e+02,-9.9990e+02,9.3800e+03,5.5950e+03,2.4714e+06,7.2943e+05,3.3065e+05,9.6888e+04
2026-01-19T17:07:12.000Z,-9.9990e+02,-9.9990e+02,-9.9990e+02,-9.9990e+02,-9.9990e+02,-9.9990e+02,9.3800e+03,5.5950e+03,2.4714e+06,7.2943e+05,3.3065e+05,9.6888e+04
2026-01-19T17:07:24.000Z,-9.9990e+02,-9.9990e+02,-9.9990e+02,-9.9990e+02,-9.9990e+02,-9.9990e+02,9.6108e+03,5.5892e+03,2.4495e+06,7.3486e+05,3.3462e+05,1.0005e+05
2026-01-19T17:07:36.000Z,-9.9990e+02,-9.9990e+02,-9.9990e+02,-9.9990e+02,-9.9990e+02,-9.9990e+02,9.6108e+03,5.5892e+03,2.4495e+06,7.3486e+05,3.3462e+05,1.0005e+05
2026-01-19T17:07:49.000Z,-9.9990e+02,-9.9990e+02,-9.9990e+02,-9.9990e+02,-9.9990e+02,-9.9990e+02,9.6108e+03,5.5892e+03,2.4710e+06,7.2914e+05,3.2222e+05,9.5765e+04
2026-01-19T17:08:01.000Z,-9.9990e+02,-9.9990e+02,-9.9990e+02,-9.9990e+02,-9.9990e+02,-9.9990e+02,9.6108e+03,5.5892e+03,2.4710e+06,7.2914e+05,3.2222e+05,9.5765e+04
2026-01-19T17:08:13.000Z,-9.9990e+02,-9.9990e+02,-9.9990e+02,-9.9990e+02,-9.9990e+02,-9.9990e+02,-9.9990e+02,-9.9990e+02,-9.9990e+02,-9.9990e+02,-9.9990e+02,-9.9990e+02
2026-01-19T17:08:25.000Z,-9.9990e+02,-9.9990e+02,-9.9990e+02,-9.9990e+02,-9.9990e+02,-9.9990e+02,9.6136e+03,5.7318e+03,2.5100e+06,7.3500e+05,3.2629e+05,9.6837e+04
2026-01-19T17:08:37.000Z,-9.9990e+02,-9.9990e+02,-9.9990e+02,-9.9990e+02,-9.9990e+02,-9.9990e+02,9.6136e+03,5.7318e+03,2.5100e+06,7.3500e+05,3.2629e+05,9.6837e+04
2026-01-19T17:08:49.000Z,-9.9990e+02,-9.9990e+02,-9.9990e+02,-9.9990e+02,-9.9990e+02,-9.9990e+02,9.6136e+03,5.7318e+03,2.5300e+06,7.5900e+05,3.4306e+05,1.0112e+05
2026-01-19T17:09:01.000Z,-9.9990e+02,-9.9990e+02,-9.9990e+02,-9.9990e+02,-9.9990e+02,-9.9990e+02,9.6136e+03,5.7318e+03,2.5300e+06,7.5900e+05,3.4306e+05,1.0112e+05
2026-01-19T17:09:14.000Z,-9.9990e+02,-9.9990e+02,-9.9990e+02,-9.9990e+02,-9.9990e+02,-9.9990e+02,9.8501e+03,5.7284e+03,2.5905e+06,7.7114e+05,3.5556e+05,1.0541e+05
2026-01-19T17:09:26.000Z,-9.9990e+02,-9.9990e+02,-9.9990e+02,-9.9990e+02,-9.9990e+02,-9.9990e+02,9.8501e+03,5.7284e+03,2.5905e+06,7.7114e+05,3.5556e+05,1.0541e+05
2026-01-19T17:09:38.000Z,-9.9990e+02,-9.9990e+02,-9.9990e+02,-9.9990e+02,-9.9990e+02,-9.9990e+02,9.6193e+03,5.8743e+03,2.5510e+06,7.5329e+05,3.3472e+05,9.7908e+04
2026-01-19T17:09:50.000Z,-9.9990e+02,-9.9990e+02,-9.9990e+02,-9.9990e+02,-9.9990e+02,-9.9990e+02,9.6193e+03,5.8743e+03,2.5510e+06,7.5329e+05,3.3472e+05,9.7908e+04
2026-01-19T17:10:02.000Z,-9.9990e+02,-9.9990e+02,-9.9990e+02,-9.9990e+02,-9.9990e+02,-9.9990e+02,9.6108e+03,5.7284e+03,2.5295e+06,7.5286e+05,3.3046e+05,9.6786e+04
2026-01-19T17:10:14.000Z,-9.9990e+02,-9.9990e+02,-9.9990e+02,-9.9990e+02,-9.9990e+02,-9.9990e+02,9.6108e+03,5.7284e+03,2.5295e+06,7.5286e+05,3.3046e+05,9.6786e+04
2026-01-19T17:10:26.000Z,-9.9990e+02,-9.9990e+02,-9.9990e+02,-9.9990e+02,-9.9990e+02,-9.9990e+02,9.8501e+03,5.7284e+03,2.5314e+06,7.4143e+05,3.2232e+05,9.2551e+04
2026-01-19T17:10:39.000Z,-9.9990e+02,-9.9990e+02,-9.9990e+02,-9.9990e+02,-9.9990e+02,-9.9990e+02,9.8501e+03,5.7284e+03,2.5314e+06,7.4143e+05,3.2232e+05,9.2551e+04
2026-01-19T17:10:51.000Z,-9.9990e+02,-9.9990e+02,-9.9990e+02,-9.9990e+02,-9.9990e+02,-9.9990e+02,9.6307e+03,5.7400e+03,2.5724e+06,7.7771e+05,3.6002e+05,1.0980e+05
2026-01-19T17:11:03.000Z,-9.9990e+02,-9.9990e+02,-9.9990e+02,-9.9990e+02,-9.9990e+02,-9.9990e+02,9.6307e+03,5.7400e+03,2.5724e+06,7.7771e+05,3.6002e+05,1.0980e+05
2026-01-19T17:11:15.000Z,-9.9990e+02,-9.9990e+02,-9.9990e+02,-9.9990e+02,-9.9990e+02,-9.9990e+02,9.8644e+03,5.8776e+03,2.5719e+06,7.7757e+05,3.6419e+05,1.0980e+05
2026-01-19T17:11:27.000Z,-9.9990e+02,-9.9990e+02,-9.9990e+02,-9.9990e+02,-9.9990e+02,-9.9990e+02,9.8644e+03,5.8776e+03,2.5719e+06,7.7757e+05,3.6419e+05,1.0980e+05
2026-01-19T17:11:39.000Z,-9.9990e+02,-9.9990e+02,-9.9990e+02,-9.9990e+02,-9.9990e+02,-9.9990e+02,9.8501e+03,6.0085e+03,2.5705e+06,7.7714e+05,3.5982e+05,1.0760e+05
2026-01-19T17:11:51.000Z,-9.9990e+02,-9.9990e+02,-9.9990e+02,-9.9990e+02,-9.9990e+02,-9.9990e+02,9.8501e+03,6.0085e+03,2.5705e+06,7.7714e+05,3.5982e+05,1.0760e+05
2026-01-19T17:12:04.000Z,-9.9990e+02,-9.9990e+02,-9.9990e+02,-9.9990e+02,-9.9990e+02,-9.9990e+02,1.0332e+04,6.0085e+03,2.5095e+06,7.5286e+05,3.5139e+05,1.0541e+05
2026-01-19T17:12:16.000Z,-9.9990e+02,-9.9990e+02,-9.9990e+02,-9.9990e+02,-9.9990e+02,-9.9990e+02,1.0332e+04,6.0085e+03,2.5095e+06,7.5286e+05,3.5139e+05,1.0541e+05
2026-01-19T17:12:28.000Z,-9.9990e+02,-9.9990e+02,-9.9990e+02,-9.9990e+02,-9.9990e+02,-9.9990e+02,-9.9990e+02,-9.9990e+02,-9.9990e+02,-9.9990e+02,-9.9990e+02,-9.9990e+02
2026-01-19T17:12:40.000Z,-9.9990e+02,-9.9990e+02,-9.9990e+02,-9.9990e+02,-9.9990e+02,-9.9990e+02,1.0329e+04,5.8676e+03,2.6914e+06,7.7129e+05,3.5982e+05,1.0867e+05
2026-01-19T17:12:52.000Z,-9.9990e+02,-9.9990e+02,-9.9990e+02,-9.9990e+02,-9.9990e+02,-9.9990e+02,1.0329e+04,5.8676e+03,2.6914e+06,7.7129e+05,3.5982e+05,1.0867e+05
2026-01-19T17:13:04.000Z,-9.9990e+02,-9.9990e+02,-9.9990e+02,-9.9990e+02,-9.9990e+02,-9.9990e+02,1.0109e+04,5.8792e+03,2.6129e+06,7.8386e+05,3.6429e+05,1.0765e+05
2026-01-19T17:13:17.000Z,-9.9990e+02,-9.9990e+02,-9.9990e+02,-9.9990e+02,-9.9990e+02,-9.9990e+02,1.0109e+04,5.8792e+03,2.6129e+06,7.8386e+05,3.6429e+05,1.0765e+05
2026-01-19T17:13:29.000Z,-9.9990e+02,-9.9990e+02,-9.9990e+02,-9.9990e+02,-9.9990e+02,-9.9990e+02,1.0089e+04,5.7284e+03,2.6105e+06,7.8314e+05,3.5972e+05,1.0541e+05
2026-01-19T17:13:41.000Z,-9.9990e+02,-9.9990e+02,-9.9990e+02,-9.9990e+02,-9.9990e+02,-9.9990e+02,1.0089e+04,5.7284e+03,2.6105e+06,7.8314e+05,3.5972e+05,1.0541e+05
2026-01-19T17:13:53.000Z,-9.9990e+02,-9.9990e+02,-9.9990e+02,-9.9990e+02,-9.9990e+02,-9.9990e+02,1.0089e+04,5.8676e+03,2.6114e+06,8.0757e+05,3.8085e+05,1.1408e+05
2026-01-19T17:14:05.000Z,-9.9990e+02,-9.9990e+02,-9.9990e+02,-9.9990e+02,-9.9990e+02,-9.9990e+02,1.0089e+04,5.8676e+03,2.6114e+06,8.0757e+05,3.8085e+05,1.1408e+05
2026-01-19T17:14:17.000Z,-9.9990e+02,-9.9990e+02,-9.9990e+02,-9.9990e+02,-9.9990e+02,-9.9990e+02,1.0089e+04,5.8676e+03,2.6500e+06,8.0700e+05,3.7639e+05,1.1398e+05
2026-01-19T17:14:29.000Z,-9.9990e+02,-9.9990e+02,-9.9990e+02,-9.9990e+02,-9.9990e+02,-9.9990e+02,1.0089e+04,5.8676e+03,2.6500e+06,8.0700e+05,3.7639e+05,1.1398e+05
2026-01-19T17:14:41.000Z,-9.9990e+02,-9.9990e+02,-9.9990e+02,-9.9990e+02,-9.9990e+02,-9.9990e+02,-9.9990e+02,-9.9990e+02,-9.9990e+02,-9.9990e+02,-9.9990e+02,-9.9990e+02
2026-01-19T17:14:54.000Z,-9.9990e+02,-9.9990e+02,-9.9990e+02,-9.9990e+02,-9.9990e+02,-9.9990e+02,1.0089e+04,5.8676e+03,2.5095e+06,7.7086e+05,3.5962e+05,1.0862e+05
2026-01-19T17:15:06.000Z,-9.9990e+02,-9.9990e+02,-9.9990e+02,-9.9990e+02,-9.9990e+02,-9.9990e+02,1.0089e+04,5.8676e+03,2.5095e+06,7.7086e+05,3.5962e+05,1.0862e+05
2026-01-19T17:15:18.000Z,-9.9990e+02,-9.9990e+02,-9.9990e+02,-9.9990e+02,-9.9990e+02,-9.9990e+02,1.0335e+04,6.0110e+03,2.5500e+06,7.7100e+05,3.6815e+05,1.0969e+05
2026-01-19T17:15:30.000Z,-9.9990e+02,-9.9990e+02,-9.9990e+02,-9.9990e+02,-9.9990e+02,-9.9990e+02,1.0335e+04,6.0110e+03,2.5500e+06,7.7100e+05,3.6815e+05,1.0969e+05
2026-01-19T17:15:42.000Z,-9.9990e+02,-9.9990e+02,-9.9990e+02,-9.9990e+02,-9.9990e+02,-9.9990e+02,1.0580e+04,6.1535e+03,2.5119e+06,7.8971e+05,3.7262e+05,1.1408e+05
2026-01-19T17:15:54.000Z,-9.9990e+02,-9.9990e+02,-9.9990e+02,-9.9990e+02,-9.9990e+02,-9.9990e+02,1.0580e+04,6.1535e+03,2.5119e+06,7.8971e+05,3.7262e+05,1.1408e+05
2026-01-19T17:16:07.000Z,-9.9990e+02,-9.9990e+02,-9.9990e+02,-9.9990e+02,-9.9990e+02,-9.9990e+02,1.0571e+04,6.1477e+03,2.5695e+06,7.9500e+05,3.6806e+05,1.1291e+05
2026-01-19T17:16:19.000Z,-9.9990e+02,-9.9990e+02,-9.9990e+02,-9.9990e+02,-9.9990e+02,-9.9990e+02,1.0571e+04,6.1477e+03,2.5695e+06,7.9500e+05,3.6806e+05,1.1291e+05
2026-01-19T17:16:31.000Z,-9.9990e+02,-9.9990e+02,-9.9990e+02,-9.9990e+02,-9.9990e+02,-9.9990e+02,1.0571e+04,6.2869e+03,2.5700e+06,8.0114e+05,3.7232e+05,1.1403e+05
2026-01-19T17:16:43.000Z,-9.9990e+02,-9.9990e+02,-9.9990e+02,-9.9990e+02,-9.9990e+02,-9.9990e+02,1.0571e+04,6.2869e+03,2.5700e+06,8.0114e+05,3.7232e+05,1.1403e+05
2026-01-19T17:16:55.000Z,-9.9990e+02,-9.9990e+02,-9.9990e+02,-9.9990e+02,-9.9990e+02,-9.9990e+02,1.0571e+04,6.4269e+03,2.5905e+06,7.9514e+05,3.7232e+05,1.1296e+05
2026-01-19T17:17:07.000Z,-9.9990e+02,-9.9990e+02,-9.9990e+02,-9.9990e+02,-9.9990e+02,-9.9990e+02,1.0571e+04,6.4269e+03,2.5905e+06,7.9514e+05,3.7232e+05,1.1296e+05
2026-01-19T17:17:19.000Z,-9.9990e+02,-9.9990e+02,-9.9990e+02,-9.9990e+02,-9.9990e+02,-9.9990e+02,1.0577e+04,6.4302e+03,2.6110e+06,7.9543e+05,3.7659e+05,1.1408e+05
2026-01-19T17:17:32.000Z,-9.9990e+02,-9.9990e+02,-9.9990e+02,-9.9990e+02,-9.9990e+02,-9.9990e+02,1.0577e+04,6.4302e+03,2.6110e+06,7.9543e+05,3.7659e+05,1.1408e+05
2026-01-19T17:17:44.000Z,-9.9990e+02,-9.9990e+02,-9.9990e+02,-9.9990e+02,-9.9990e+02,-9.9990e+02,1.0571e+04,6.4269e+03,2.6500e+06,8.0700e+05,3.7639e+05,1.1617e+05
2026-01-19T17:17:56.000Z,-9.9990e+02,-9.9990e+02,-9.9990e+02,-9.9990e+02,-9.9990e+02,-9.9990e+02,1.0571e+04,6.4269e+03,2.6500e+06,8.0700e+05,3.7639e+05,1.1617e+05
2026-01-19T17:18:08.000Z,-9.9990e+02,-9.9990e+02,-9.9990e+02,-9.9990e+02,-9.9990e+02,-9.9990e+02,1.0571e+04,6.4269e+03,2.5895e+06,7.7686e+05,3.5972e+05,1.0755e+05
2026-01-19T17:18:20.000Z,-9.9990e+02,-9.9990e+02,-9.9990e+02,-9.9990e+02,-9.9990e+02,-9.9990e+02,1.0571e+04,6.4269e+03,2.5895e+06,7.7686e+05,3.5972e+05,1.0755e+05
2026-01-19T17:18:32.000Z,-9.9990e+02,-9.9990e+02,-9.9990e+02,-9.9990e+02,-9.9990e+02,-9.9990e+02,1.0577e+04,6.5702e+03,2.5705e+06,7.7114e+05,3.5139e+05,1.0327e+05
2026-01-19T17:18:44.000Z,-9.9990e+02,-9.9990e+02,-9.9990e+02,-9.9990e+02,-9.9990e+02,-9.9990e+02,1.0577e+04,6.5702e+03,2.5705e+06,7.7114e+05,3.5139e+05,1.0327e+05
2026-01-19T17:18:56.000Z,-9.9990e+02,-9.9990e+02,-9.9990e+02,-9.9990e+02,-9.9990e+02,-9.9990e+02,-9.9990e+02,-9.9990e+02,-9.9990e+02,-9.9990e+02,-9.9990e+02,-9.9990e+02
2026-01-19T17:19:09.000Z,-9.9990e+02,-9.9990e+02,-9.9990e+02,-9.9990e+02,-9.9990e+02,-9.9990e+02,1.0810e+04,6.4269e+03,2.5105e+06,7.4714e+05,3.3899e+05,9.8980e+04
2026-01-19T17:19:21.000Z,-9.9990e+02,-9.9990e+02,-9.9990e+02,-9.9990e+02,-9.9990e+02,-9.9990e+02,1.0810e+04,6.4269e+03,2.5105e+06,7.4714e+05,3.3899e+05,9.8980e+04
2026-01-19T17:19:33.000Z,-9.9990e+02,-9.9990e+02,-9.9990e+02,-9.9990e+02,-9.9990e+02,-9.9990e+02,1.0582e+04,6.4335e+03,2.4929e+06,7.2986e+05,3.2252e+05,9.5867e+04
2026-01-19T17:19:45.000Z,-9.9990e+02,-9.9990e+02,-9.9990e+02,-9.9990e+02,-9.9990e+02,-9.9990e+02,1.0582e+04,6.4335e+03,2.4929e+06,7.2986e+05,3.2252e+05,9.5867e+04
2026-01-19T17:19:57.000Z,-9.9990e+02,-9.9990e+02,-9.9990e+02,-9.9990e+02,-9.9990e+02,-9.9990e+02,1.0810e+04,6.4269e+03,2.4500e+06,7.0486e+05,3.1379e+05,9.1429e+04
2026-01-19T17:20:09.000Z,-9.9990e+02,-9.9990e+02,-9.9990e+02,-9.9990e+02,-9.9990e+02,-9.9990e+02,1.0810e+04,6.4269e+03,2.4500e+06,7.0486e+05,3.1379e+05,9.1429e+04
2026-01-19T17:20:22.000Z,-9.9990e+02,-9.9990e+02,-9.9990e+02,-9.9990e+02,-9.9990e+02,-9.9990e+02,1.0332e+04,6.4269e+03,2.4290e+06,7.0471e+05,3.0536e+05,9.0357e+04
2026-01-19T17:20:34.000Z,-9.9990e+02,-9.9990e+02,-9.9990e+02,-9.9990e+02,-9.9990e+02,-9.9990e+02,1.0332e+04,6.4269e+03,2.4290e+06,7.0471e+05,3.0536e+05,9.0357e+04
2026-01-19T17:20:46.000Z,-9.9990e+02,-9.9990e+02,-9.9990e+02,-9.9990e+02,-9.9990e+02,-9.9990e+02,1.0577e+04,6.4302e+03,2.4500e+06,7.0486e+05,3.0962e+05,9.0357e+04
2026-01-19T17:20:58.000Z,-9.9990e+02,-9.9990e+02,-9.9990e+02,-9.9990e+02,-9.9990e+02,-9.9990e+02,1.0577e+04,6.4302e+03,2.4500e+06,7.0486e+05,3.0962e+05,9.0357e+04
2026-01-19T17:21:10.000Z,-9.9990e+02,-9.9990e+02,-9.9990e+02,-9.9990e+02,-9.9990e+02,-9.9990e+02,1.0346e+04,6.2968e+03,2.4533e+06,7.1186e+05,3.1419e+05,9.2653e+04
2026-01-19T17:21:22.000Z,-9.9990e+02,-9.9990e+02,-9.9990e+02,-9.9990e+02,-9.9990e+02,-9.9990e+02,1.0346e+04,6.2968e+03,2.4533e+06,7.1186e+05,3.1419e+05,9.2653e+04
2026-01-19T17:21:34.000Z,-9.9990e+02,-9.9990e+02,-9.9990e+02,-9.9990e+02,-9.9990e+02,-9.9990e+02,1.0577e+04,6.4302e+03,2.5500e+06,7.3500e+05,3.2629e+05,9.5765e+04
2026-01-19T17:21:47.000Z,-9.9990e+02,-9.9990e+02,-9.9990e+02,-9.9990e+02,-9.9990e+02,-9.9990e+02,1.0577e+04,6.4302e+03,2.5500e+06,7.3500e+05,3.2629e+05,9.5765e+04
2026-01-19T17:21:59.000Z,-9.9990e+02,-9.9990e+02,-9.9990e+02,-9.9990e+02,-9.9990e+02,-9.9990e+02,1.0571e+04,6.7069e+03,2.5695e+06,7.3471e+05,3.2202e+05,9.4643e+04
2026-01-19T17:22:11.000Z,-9.9990e+02,-9.9990e+02,-9.9990e+02,-9.9990e+02,-9.9990e+02,-9.9990e+02,1.0571e+04,6.7069e+03,2.5695e+06,7.3471e+05,3.2202e+05,9.4643e+04
2026-01-19T17:22:23.000Z,-9.9990e+02,-9.9990e+02,-9.9990e+02,-9.9990e+02,-9.9990e+02,-9.9990e+02,1.0810e+04,6.7069e+03,2.6700e+06,7.7086e+05,3.3462e+05,9.8929e+04
2026-01-19T17:22:35.000Z,-9.9990e+02,-9.9990e+02,-9.9990e+02,-9.9990e+02,-9.9990e+02,-9.9990e+02,1.0810e+04,6.7069e+03,2.6700e+06,7.7086e+05,3.3462e+05,9.8929e+04
2026-01-19T17:22:47.000Z,-9.9990e+02,-9.9990e+02,-9.9990e+02,-9.9990e+02,-9.9990e+02,-9.9990e+02,1.0810e+04,6.7069e+03,2.7305e+06,7.7086e+05,3.3462e+05,9.7857e+04
2026-01-19T17:22:59.000Z,-9.9990e+02,-9.9990e+02,-9.9990e+02,-9.9990e+02,-9.9990e+02,-9.9990e+02,1.0810e+04,6.7069e+03,2.7305e+06,7.7086e+05,3.3462e+05,9.7857e+04
2026-01-19T17:23:11.000Z,-9.9990e+02,-9.9990e+02,-9.9990e+02,-9.9990e+02,-9.9990e+02,-9.9990e+02,-9.9990e+02,-9.9990e+02,-9.9990e+02,-9.9990e+02,-9.9990e+02,-9.9990e+02
2026-01-19T17:23:24.000Z,-9.9990e+02,-9.9990e+02,-9.9990e+02,-9.9990e+02,-9.9990e+02,-9.9990e+02,1.0582e+04,6.4335e+03,2.7319e+06,7.9543e+05,3.5149e+05,1.0332e+05
2026-01-19T17:23:36.000Z,-9.9990e+02,-9.9990e+02,-9.9990e+02,-9.9990e+02,-9.9990e+02,-9.9990e+02,1.0582e+04,6.4335e+03,2.7319e+06,7.9543e+05,3.5149e+05,1.0332e+05
2026-01-19T17:23:48.000Z,-9.9990e+02,-9.9990e+02,-9.9990e+02,-9.9990e+02,-9.9990e+02,-9.9990e+02,1.0352e+04,6.3001e+03,2.5929e+06,7.6586e+05,3.3919e+05,9.9082e+04
2026-01-19T17:24:00.000Z,-9.9990e+02,-9.9990e+02,-9.9990e+02,-9.9990e+02,-9.9990e+02,-9.9990e+02,1.0352e+04,6.3001e+03,2.5929e+06,7.6586e+05,3.3919e+05,9.9082e+04
2026-01-19T17:24:12.000Z,-9.9990e+02,-9.9990e+02,-9.9990e+02,-9.9990e+02,-9.9990e+02,-9.9990e+02,1.0332e+04,6.2877e+03,2.5900e+06,7.5286e+05,3.3462e+05,9.7857e+04
2026-01-19T17:24:24.000Z,-9.9990e+02,-9.9990e+02,-9.9990e+02,-9.9990e+02,-9.9990e+02,-9.9990e+02,1.0332e+04,6.2877e+03,2.5900e+06,7.5286e+05,3.3462e+05,9.7857e+04
2026-01-19T17:24:37.000Z,-9.9990e+02,-9.9990e+02,-9.9990e+02,-9.9990e+02,-9.9990e+02,-9.9990e+02,1.0571e+04,6.2877e+03,2.6500e+06,7.7100e+05,3.3879e+05,9.8929e+04
2026-01-19T17:24:49.000Z,-9.9990e+02,-9.9990e+02,-9.9990e+02,-9.9990e+02,-9.9990e+02,-9.9990e+02,1.0571e+04,6.2877e+03,2.6500e+06,7.7100e+05,3.3879e+05,9.8929e+04
2026-01-19T17:25:01.000Z,-9.9990e+02,-9.9990e+02,-9.9990e+02,-9.9990e+02,-9.9990e+02,-9.9990e+02,1.0577e+04,6.2910e+03,2.6105e+06,7.6514e+05,3.4306e+05,9.8980e+04
2026-01-19T17:25:13.000Z,-9.9990e+02,-9.9990e+02,-9.9990e+02,-9.9990e+02,-9.9990e+02,-9.9990e+02,1.0577e+04,6.2910e+03,2.6105e+06,7.6514e+05,3.4306e+05,9.8980e+04
2026-01-19T17:25:25.000Z,-9.9990e+02,-9.9990e+02,-9.9990e+02,-9.9990e+02,-9.9990e+02,-9.9990e+02,1.0816e+04,6.5702e+03,2.6914e+06,7.7129e+05,3.4315e+05,9.8980e+04
2026-01-19T17:25:37.000Z,-9.9990e+02,-9.9990e+02,-9.9990e+02,-9.9990e+02,-9.9990e+02,-9.9990e+02,1.0816e+04,6.5702e+03,2.6914e+06,7.7129e+05,3.4315e+05,9.8980e+04
2026-01-19T17:25:49.000Z,-9.9990e+02,-9.9990e+02,-9.9990e+02,-9.9990e+02,-9.9990e+02,-9.9990e+02,1.1053e+04,6.8461e+03,2.7314e+06,7.7729e+05,3.5149e+05,1.0112e+05
2026-01-19T17:26:02.000Z,-9.9990e+02,-9.9990e+02,-9.9990e+02,-9.9990e+02,-9.9990e+02,-9.9990e+02,1.1053e+04,6.8461e+03,2.7314e+06,7.7729e+05,3.5149e+05,1.0112e+05
2026-01-19T17:26:14.000Z,-9.9990e+02,-9.9990e+02,-9.9990e+02,-9.9990e+02,-9.9990e+02,-9.9990e+02,1.1303e+04,6.8528e+03,2.7724e+06,8.0757e+05,3.5159e+05,1.0332e+05
2026-01-19T17:26:26.000Z,-9.9990e+02,-9.9990e+02,-9.9990e+02,-9.9990e+02,-9.9990e+02,-9.9990e+02,1.1303e+04,6.8528e+03,2.7724e+06,8.0757e+05,3.5159e+05,1.0332e+05
2026-01-19T17:26:38.000Z,-9.9990e+02,-9.9990e+02,-9.9990e+02,-9.9990e+02,-9.9990e+02,-9.9990e+02,1.1531e+04,6.9861e+03,2.8105e+06,8.1914e+05,3.7222e+05,1.0648e+05
2026-01-19T17:26:50.000Z,-9.9990e+02,-9.9990e+02,-9.9990e+02,-9.9990e+02,-9.9990e+02,-9.9990e+02,1.1531e+04,6.9861e+03,2.8105e+06,8.1914e+05,3.7222e+05,1.0648e+05
2026-01-19T17:27:02.000Z,-9.9990e+02,-9.9990e+02,-9.9990e+02,-9.9990e+02,-9.9990e+02,-9.9990e+02,1.1531e+04,6.9861e+03,2.9310e+06,8.5529e+05,3.8056e+05,1.1077e+05
2026-01-19T17:27:15.000Z,-9.9990e+02,-9.9990e+02,-9.9990e+02,-9.9990e+02,-9.9990e+02,-9.9990e+02,1.1531e+04,6.9861e+03,2.9310e+06,8.5529e+05,3.8056e+05,1.1077e+05
2026-01-19T17:27:27.000Z,-9.9990e+02,-9.9990e+02,-9.9990e+02,-9.9990e+02,-9.9990e+02,-9.9990e+02,-9.9990e+02,-9.9990e+02,-9.9990e+02,-9.9990e+02,-9.9990e+02,-9.9990e+02
2026-01-19T17:27:39.000Z,-9.9990e+02,-9.9990e+02,-9.9990e+02,-9.9990e+02,-9.9990e+02,-9.9990e+02,1.1058e+04,6.7102e+03,2.8919e+06,8.3143e+05,3.6399e+05,1.0327e+05
2026-01-19T17:27:51.000Z,-9.9990e+02,-9.9990e+02,-9.9990e+02,-9.9990e+02,-9.9990e+02,-9.9990e+02,1.1058e+04,6.7102e+03,2.8919e+06,8.3143e+05,3.6399e+05,1.0327e+05
2026-01-19T17:28:03.000Z,-9.9990e+02,-9.9990e+02,-9.9990e+02,-9.9990e+02,-9.9990e+02,-9.9990e+02,1.1058e+04,6.5702e+03,2.8529e+06,8.0771e+05,3.6002e+05,1.0332e+05
2026-01-19T17:28:15.000Z,-9.9990e+02,-9.9990e+02,-9.9990e+02,-9.9990e+02,-9.9990e+02,-9.9990e+02,1.1058e+04,6.5702e+03,2.8529e+06,8.0771e+05,3.6002e+05,1.0332e+05
2026-01-19T17:28:27.000Z,-9.9990e+02,-9.9990e+02,-9.9990e+02,-9.9990e+02,-9.9990e+02,-9.9990e+02,1.0577e+04,6.4302e+03,2.7310e+06,8.0729e+05,3.5982e+05,1.0541e+05
2026-01-19T17:28:40.000Z,-9.9990e+02,-9.9990e+02,-9.9990e+02,-9.9990e+02,-9.9990e+02,-9.9990e+02,1.0577e+04,6.4302e+03,2.7310e+06,8.0729e+05,3.5982e+05,1.0541e+05
2026-01-19T17:28:52.000Z,-9.9990e+02,-9.9990e+02,-9.9990e+02,-9.9990e+02,-9.9990e+02,-9.9990e+02,1.0571e+04,6.2877e+03,2.6905e+06,7.7700e+05,3.5139e+05,1.0112e+05
2026-01-19T17:29:04.000Z,-9.9990e+02,-9.9990e+02,-9.9990e+02,-9.9990e+02,-9.9990e+02,-9.9990e+02,1.0571e+04,6.2877e+03,2.6905e+06,7.7700e+05,3.5139e+05,1.0112e+05
2026-01-19T17:29:16.000Z,-9.9990e+02,-9.9990e+02,-9.9990e+02,-9.9990e+02,-9.9990e+02,-9.9990e+02,1.0577e+04,6.2910e+03,2.6910e+06,7.7714e+05,3.5139e+05,1.0219e+05
2026-01-19T17:29:28.000Z,-9.9990e+02,-9.9990e+02,-9.9990e+02,-9.9990e+02,-9.9990e+02,-9.9990e+02,1.0577e+04,6.2910e+03,2.6910e+06,7.7714e+05,3.5139e+05,1.0219e+05
2026-01-19T17:29:40.000Z,-9.9990e+02,-9.9990e+02,-9.9990e+02,-9.9990e+02,-9.9990e+02,-9.9990e+02,1.1292e+04,6.7069e+03,2.9310e+06,8.6729e+05,3.9732e+05,1.1939e+05
2026-01-19T17:29:52.000Z,-9.9990e+02,-9.9990e+02,-9.9990e+02,-9.9990e+02,-9.9990e+02,-9.9990e+02,1.1292e+04,6.7069e+03,2.9310e+06,8.6729e+05,3.9732e+05,1.1939e+05
2026-01-19T17:30:05.000Z,-9.9990e+02,-9.9990e+02,-9.9990e+02,-9.9990e+02,-9.9990e+02,-9.9990e+02,1.1320e+04,6.8635e+03,3.0552e+06,8.6829e+05,3.8522e+05,1.1199e+05
2026-01-19T17:30:17.000Z,-9.9990e+02,-9.9990e+02,-9.9990e+02,-9.9990e+02,-9.9990e+02,-9.9990e+02,1.1320e+04,6.8635e+03,3.0552e+06,8.6829e+05,3.8522e+05,1.1199e+05
2026-01-19T17:30:29.000Z,-9.9990e+02,-9.9990e+02,-9.9990e+02,-9.9990e+02,-9.9990e+02,-9.9990e+02,1.1531e+04,6.8461e+03,3.0124e+06,8.6743e+05,3.9325e+05,1.1510e+05
2026-01-19T17:30:41.000Z,-9.9990e+02,-9.9990e+02,-9.9990e+02,-9.9990e+02,-9.9990e+02,-9.9990e+02,1.1531e+04,6.8461e+03,3.0124e+06,8.6743e+05,3.9325e+05,1.1510e+05
2026-01-19T17:30:53.000Z,-9.9990e+02,-9.9990e+02,-9.9990e+02,-9.9990e+02,-9.9990e+02,-9.9990e+02,1.1773e+04,6.8461e+03,3.0524e+06,9.1571e+05,4.2669e+05,1.2694e+05
2026-01-19T17:31:05.000Z,-9.9990e+02,-9.9990e+02,-9.9990e+02,-9.9990e+02,-9.9990e+02,-9.9990e+02,1.1773e+04,6.8461e+03,3.0524e+06,9.1571e+05,4.2669e+05,1.2694e+05
2026-01-19T17:31:17.000Z,-9.9990e+02,-9.9990e+02,-9.9990e+02,-9.9990e+02,-9.9990e+02,-9.9990e+02,1.1773e+04,6.9861e+03,3.0919e+06,9.5157e+05,4.3502e+05,1.3230e+05
2026-01-19T17:31:30.000Z,-9.9990e+02,-9.9990e+02,-9.9990e+02,-9.9990e+02,-9.9990e+02,-9.9990e+02,1.1773e+04,6.9861e+03,3.0919e+06,9.5157e+05,4.3502e+05,1.3230e+05
2026-01-19T17:31:41.000Z,-9.9990e+02,-9.9990e+02,-9.9990e+02,-9.9990e+02,-9.9990e+02,-9.9990e+02,-9.9990e+02,-9.9990e+02,-9.9990e+02,-9.9990e+02,-9.9990e+02,-9.9990e+02
2026-01-19T17:31:54.000Z,-9.9990e+02,-9.9990e+02,-9.9990e+02,-9.9990e+02,-9.9990e+02,-9.9990e+02,1.1543e+04,6.9928e+03,3.2152e+06,9.6457e+05,4.5208e+05,1.3454e+05
2026-01-19T17:32:06.000Z,-9.9990e+02,-9.9990e+02,-9.9990e+02,-9.9990e+02,-9.9990e+02,-9.9990e+02,1.1543e+04,6.9928e+03,3.2152e+06,9.6457e+05,4.5208e+05,1.3454e+05
2026-01-19T17:32:18.000Z,-9.9990e+02,-9.9990e+02,-9.9990e+02,-9.9990e+02,-9.9990e+02,-9.9990e+02,1.1771e+04,6.9853e+03,3.2133e+06,9.4000e+05,4.3938e+05,1.3128e+05
2026-01-19T17:32:30.000Z,-9.9990e+02,-9.9990e+02,-9.9990e+02,-9.9990e+02,-9.9990e+02,-9.9990e+02,1.1771e+04,6.9853e+03,3.2133e+06,9.4000e+05,4.3938e+05,1.3128e+05
2026-01-19T17:32:42.000Z,-9.9990e+02,-9.9990e+02,-9.9990e+02,-9.9990e+02,-9.9990e+02,-9.9990e+02,1.2013e+04,7.2654e+03,3.2519e+06,9.2743e+05,4.3075e+05,1.2796e+05
2026-01-19T17:32:55.000Z,-9.9990e+02,-9.9990e+02,-9.9990e+02,-9.9990e+02,-9.9990e+02,-9.9990e+02,1.2013e+04,7.2654e+03,3.2519e+06,9.2743e+05,4.3075e+05,1.2796e+05
2026-01-19T17:33:07.000Z,-9.9990e+02,-9.9990e+02,-9.9990e+02,-9.9990e+02,-9.9990e+02,-9.9990e+02,1.2013e+04,7.2654e+03,3.2929e+06,9.2771e+05,4.2669e+05,1.2372e+05
2026-01-19T17:33:19.000Z,-9.9990e+02,-9.9990e+02,-9.9990e+02,-9.9990e+02,-9.9990e+02,-9.9990e+02,1.2013e+04,7.2654e+03,3.2929e+06,9.2771e+05,4.2669e+05,1.2372e+05
2026-01-19T17:33:31.000Z,-9.9990e+02,-9.9990e+02,-9.9990e+02,-9.9990e+02,-9.9990e+02,-9.9990e+02,1.2013e+04,7.2654e+03,3.2924e+06,9.2743e+05,4.0982e+05,1.2046e+05
2026-01-19T17:33:43.000Z,-9.9990e+02,-9.9990e+02,-9.9990e+02,-9.9990e+02,-9.9990e+02,-9.9990e+02,1.2013e+04,7.2654e+03,3.2924e+06,9.2743e+05,4.0982e+05,1.2046e+05
2026-01-19T17:33:55.000Z,-9.9990e+02,-9.9990e+02,-9.9990e+02,-9.9990e+02,-9.9990e+02,-9.9990e+02,1.2018e+04,7.4087e+03,3.3743e+06,9.4000e+05,4.0585e+05,1.1622e+05
2026-01-19T17:34:07.000Z,-9.9990e+02,-9.9990e+02,-9.9990e+02,-9.9990e+02,-9.9990e+02,-9.9990e+02,1.2018e+04,7.4087e+03,3.3743e+06,9.4000e+05,4.0585e+05,1.1622e+05
2026-01-19T17:34:20.000Z,-9.9990e+02,-9.9990e+02,-9.9990e+02,-9.9990e+02,-9.9990e+02,-9.9990e+02,1.2258e+04,7.5487e+03,3.4943e+06,9.6386e+05,4.1835e+05,1.1939e+05
2026-01-19T17:34:32.000Z,-9.9990e+02,-9.9990e+02,-9.9990e+02,-9.9990e+02,-9.9990e+02,-9.9990e+02,1.2258e+04,7.5487e+03,3.4943e+06,9.6386e+05,4.1835e+05,1.1939e+05
2026-01-19T17:34:44.000Z,-9.9990e+02,-9.9990e+02,-9.9990e+02,-9.9990e+02,-9.9990e+02,-9.9990e+02,1.2258e+04,7.5487e+03,3.5743e+06,9.8800e+05,4.2669e+05,1.2158e+05
2026-01-19T17:34:56.000Z,-9.9990e+02,-9.9990e+02,-9.9990e+02,-9.9990e+02,-9.9990e+02,-9.9990e+02,1.2258e+04,7.5487e+03,3.5743e+06,9.8800e+05,4.2669e+05,1.2158e+05
2026-01-19T17:35:08.000Z,-9.9990e+02,-9.9990e+02,-9.9990e+02,-9.9990e+02,-9.9990e+02,-9.9990e+02,1.2494e+04,7.5454e+03,3.5333e+06,9.8771e+05,4.2659e+05,1.2153e+05
2026-01-19T17:35:20.000Z,-9.9990e+02,-9.9990e+02,-9.9990e+02,-9.9990e+02,-9.9990e+02,-9.9990e+02,1.2494e+04,7.5454e+03,3.5333e+06,9.8771e+05,4.2659e+05,1.2153e+05
2026-01-19T17:35:32.000Z,-9.9990e+02,-9.9990e+02,-9.9990e+02,-9.9990e+02,-9.9990e+02,-9.9990e+02,1.2494e+04,7.5454e+03,3.4129e+06,9.2757e+05,3.8065e+05,1.0862e+05
2026-01-19T17:35:45.000Z,-9.9990e+02,-9.9990e+02,-9.9990e+02,-9.9990e+02,-9.9990e+02,-9.9990e+02,1.2494e+04,7.5454e+03,3.4129e+06,9.2757e+05,3.8065e+05,1.0862e+05
2026-01-19T17:35:57.000Z,-9.9990e+02,-9.9990e+02,-9.9990e+02,-9.9990e+02,-9.9990e+02,-9.9990e+02,-9.9990e+02,-9.9990e+02,-9.9990e+02,-9.9990e+02,-9.9990e+02,-9.9990e+02
2026-01-19T17:36:09.000Z,-9.9990e+02,-9.9990e+02,-9.9990e+02,-9.9990e+02,-9.9990e+02,-9.9990e+02,1.2497e+04,7.8279e+03,3.5348e+06,9.6400e+05,4.0585e+05,1.1730e+05
2026-01-19T17:36:21.000Z,-9.9990e+02,-9.9990e+02,-9.9990e+02,-9.9990e+02,-9.9990e+02,-9.9990e+02,1.2497e+04,7.8279e+03,3.5348e+06,9.6400e+05,4.0585e+05,1.1730e+05
2026-01-19T17:36:33.000Z,-9.9990e+02,-9.9990e+02,-9.9990e+02,-9.9990e+02,-9.9990e+02,-9.9990e+02,1.2973e+04,7.8238e+03,3.7348e+06,1.0240e+06,4.4762e+05,1.2908e+05
2026-01-19T17:36:45.000Z,-9.9990e+02,-9.9990e+02,-9.9990e+02,-9.9990e+02,-9.9990e+02,-9.9990e+02,1.2973e+04,7.8238e+03,3.7348e+06,1.0240e+06,4.4762e+05,1.2908e+05
2026-01-19T17:36:57.000Z,-9.9990e+02,-9.9990e+02,-9.9990e+02,-9.9990e+02,-9.9990e+02,-9.9990e+02,1.2734e+04,8.1030e+03,3.7348e+06,1.0361e+06,4.3919e+05,1.2480e+05
2026-01-19T17:37:10.000Z,-9.9990e+02,-9.9990e+02,-9.9990e+02,-9.9990e+02,-9.9990e+02,-9.9990e+02,1.2734e+04,8.1030e+03,3.7348e+06,1.0361e+06,4.3919e+05,1.2480e+05
2026-01-19T17:37:22.000Z,-9.9990e+02,-9.9990e+02,-9.9990e+02,-9.9990e+02,-9.9990e+02,-9.9990e+02,1.2739e+04,8.1071e+03,3.6948e+06,1.0000e+06,4.0575e+05,1.1403e+05
2026-01-19T17:37:34.000Z,-9.9990e+02,-9.9990e+02,-9.9990e+02,-9.9990e+02,-9.9990e+02,-9.9990e+02,1.2739e+04,8.1071e+03,3.6948e+06,1.0000e+06,4.0575e+05,1.1403e+05
2026-01-19T17:37:46.000Z,-9.9990e+02,-9.9990e+02,-9.9990e+02,-9.9990e+02,-9.9990e+02,-9.9990e+02,1.2973e+04,8.1030e+03,3.8543e+06,1.0239e+06,4.0982e+05,1.1291e+05
2026-01-19T17:37:58.000Z,-9.9990e+02,-9.9990e+02,-9.9990e+02,-9.9990e+02,-9.9990e+02,-9.9990e+02,1.2973e+04,8.1030e+03,3.8543e+06,1.0239e+06,4.0982e+05,1.1291e+05
2026-01-19T17:38:10.000Z,-9.9990e+02,-9.9990e+02,-9.9990e+02,-9.9990e+02,-9.9990e+02,-9.9990e+02,-9.9990e+02,-9.9990e+02,-9.9990e+02,-9.9990e+02,-9.9990e+02,-9.9990e+02
2026-01-19T17:38:22.000Z,-9.9990e+02,-9.9990e+02,-9.9990e+02,-9.9990e+02,-9.9990e+02,-9.9990e+02,1.3212e+04,8.2430e+03,4.1376e+06,1.0484e+06,4.1002e+05,1.1403e+05
2026-01-19T17:38:35.000Z,-9.9990e+02,-9.9990e+02,-9.9990e+02,-9.9990e+02,-9.9990e+02,-9.9990e+02,1.3212e+04,8.2430e+03,4.1376e+06,1.0484e+06,4.1002e+05,1.1403e+05
2026-01-19T17:38:47.000Z,-9.9990e+02,-9.9990e+02,-9.9990e+02,-9.9990e+02,-9.9990e+02,-9.9990e+02,1.3460e+04,8.2472e+03,4.1386e+06,1.0607e+06,4.2688e+05,1.1730e+05
2026-01-19T17:38:59.000Z,-9.9990e+02,-9.9990e+02,-9.9990e+02,-9.9990e+02,-9.9990e+02,-9.9990e+02,1.3460e+04,8.2472e+03,4.1386e+06,1.0607e+06,4.2688e+05,1.1730e+05
2026-01-19T17:39:11.000Z,-9.9990e+02,-9.9990e+02,-9.9990e+02,-9.9990e+02,-9.9990e+02,-9.9990e+02,6.7330e+03,4.1957e+03,3.1333e+06,7.9529e+05,3.1806e+05,8.7143e+04
2026-01-19T17:39:23.000Z,-9.9990e+02,-9.9990e+02,-9.9990e+02,-9.9990e+02,-9.9990e+02,-9.9990e+02,6.7330e+03,4.1957e+03,3.1333e+06,7.9529e+05,3.1806e+05,8.7143e+04
2026-01-19T17:39:35.000Z,-9.9990e+02,-9.9990e+02,-9.9990e+02,-9.9990e+02,-9.9990e+02,-9.9990e+02,6.4908e+03,4.0540e+03,2.1086e+06,5.3614e+05,2.1121e+05,5.9184e+04
2026-01-19T17:39:47.000Z,-9.9990e+02,-9.9990e+02,-9.9990e+02,-9.9990e+02,-9.9990e+02,-9.9990e+02,6.4908e+03,4.0540e+03,2.1086e+06,5.3614e+05,2.1121e+05,5.9184e+04
2026-01-19T17:40:00.000Z,-9.9990e+02,-9.9990e+02,-9.9990e+02,-9.9990e+02,-9.9990e+02,-9.9990e+02,1.2973e+04,8.1030e+03,4.2962e+06,1.1081e+06,4.3075e+05,1.1832e+05
2026-01-19T17:40:12.000Z,-9.9990e+02,-9.9990e+02,-9.9990e+02,-9.9990e+02,-9.9990e+02,-9.9990e+02,1.2973e+04,8.1030e+03,4.2962e+06,1.1081e+06,4.3075e+05,1.1832e+05
2026-01-19T17:40:24.000Z,-9.9990e+02,-9.9990e+02,-9.9990e+02,-9.9990e+02,-9.9990e+02,-9.9990e+02,1.3212e+04,8.1038e+03,4.2171e+06,1.0843e+06,4.3512e+05,1.2046e+05
2026-01-19T17:40:36.000Z,-9.9990e+02,-9.9990e+02,-9.9990e+02,-9.9990e+02,-9.9990e+02,-9.9990e+02,1.3212e+04,8.1038e+03,4.2171e+06,1.0843e+06,4.3512e+05,1.2046e+05
2026-01-19T17:40:48.000Z,-9.9990e+02,-9.9990e+02,-9.9990e+02,-9.9990e+02,-9.9990e+02,-9.9990e+02,1.3474e+04,8.3930e+03,4.2614e+06,1.1096e+06,4.5228e+05,1.2383e+05
2026-01-19T17:41:00.000Z,-9.9990e+02,-9.9990e+02,-9.9990e+02,-9.9990e+02,-9.9990e+02,-9.9990e+02,1.3474e+04,8.3930e+03,4.2614e+06,1.1096e+06,4.5228e+05,1.2383e+05
2026-01-19T17:41:13.000Z,-9.9990e+02,-9.9990e+02,-9.9990e+02,-9.9990e+02,-9.9990e+02,-9.9990e+02,1.3455e+04,8.3847e+03,4.3362e+06,1.1323e+06,4.5585e+05,1.2582e+05
2026-01-19T17:41:25.000Z,-9.9990e+02,-9.9990e+02,-9.9990e+02,-9.9990e+02,-9.9990e+02,-9.9990e+02,1.3455e+04,8.3847e+03,4.3362e+06,1.1323e+06,4.5585e+05,1.2582e+05
2026-01-19T17:41:37.000Z,-9.9990e+02,-9.9990e+02,-9.9990e+02,-9.9990e+02,-9.9990e+02,-9.9990e+02,1.3460e+04,8.5256e+03,4.2971e+06,1.1204e+06,4.5595e+05,1.2480e+05
2026-01-19T17:41:49.000Z,-9.9990e+02,-9.9990e+02,-9.9990e+02,-9.9990e+02,-9.9990e+02,-9.9990e+02,1.3460e+04,8.5256e+03,4.2971e+06,1.1204e+06,4.5595e+05,1.2480e+05
2026-01-19T17:42:01.000Z,-9.9990e+02,-9.9990e+02,-9.9990e+02,-9.9990e+02,-9.9990e+02,-9.9990e+02,1.3460e+04,8.3847e+03,4.2171e+06,1.0964e+06,4.4345e+05,1.2372e+05
2026-01-19T17:42:13.000Z,-9.9990e+02,-9.9990e+02,-9.9990e+02,-9.9990e+02,-9.9990e+02,-9.9990e+02,1.3460e+04,8.3847e+03,4.2171e+06,1.0964e+06,4.4345e+05,1.2372e+05
2026-01-19T17:42:25.000Z,-9.9990e+02,-9.9990e+02,-9.9990e+02,-9.9990e+02,-9.9990e+02,-9.9990e+02,-9.9990e+02,-9.9990e+02,-9.9990e+02,-9.9990e+02,-9.9990e+02,-9.9990e+02
2026-01-19T17:42:38.000Z,-9.9990e+02,-9.9990e+02,-9.9990e+02,-9.9990e+02,-9.9990e+02,-9.9990e+02,1.3455e+04,8.3847e+03,4.2990e+06,1.0969e+06,4.3948e+05,1.2051e+05
2026-01-19T17:42:50.000Z,-9.9990e+02,-9.9990e+02,-9.9990e+02,-9.9990e+02,-9.9990e+02,-9.9990e+02,1.3455e+04,8.3847e+03,4.2990e+06,1.0969e+06,4.3948e+05,1.2051e+05
2026-01-19T17:43:02.000Z,-9.9990e+02,-9.9990e+02,-9.9990e+02,-9.9990e+02,-9.9990e+02,-9.9990e+02,1.3460e+04,8.2472e+03,4.2981e+06,1.1327e+06,4.5188e+05,1.2265e+05
2026-01-19T17:43:14.000Z,-9.9990e+02,-9.9990e+02,-9.9990e+02,-9.9990e+02,-9.9990e+02,-9.9990e+02,1.3460e+04,8.2472e+03,4.2981e+06,1.1327e+06,4.5188e+05,1.2265e+05
2026-01-19T17:43:26.000Z,-9.9990e+02,-9.9990e+02,-9.9990e+02,-9.9990e+02,-9.9990e+02,-9.9990e+02,1.3455e+04,8.3847e+03,4.2971e+06,1.1446e+06,4.6429e+05,1.2908e+05
2026-01-19T17:43:38.000Z,-9.9990e+02,-9.9990e+02,-9.9990e+02,-9.9990e+02,-9.9990e+02,-9.9990e+02,1.3455e+04,8.3847e+03,4.2971e+06,1.1446e+06,4.6429e+05,1.2908e+05
2026-01-19T17:43:50.000Z,-9.9990e+02,-9.9990e+02,-9.9990e+02,-9.9990e+02,-9.9990e+02,-9.9990e+02,1.3933e+04,8.6581e+03,4.5367e+06,1.1804e+06,4.6845e+05,1.3010e+05
2026-01-19T17:44:02.000Z,-9.9990e+02,-9.9990e+02,-9.9990e+02,-9.9990e+02,-9.9990e+02,-9.9990e+02,1.3933e+04,8.6581e+03,4.5367e+06,1.1804e+06,4.6845e+05,1.3010e+05
2026-01-19T17:44:15.000Z,-9.9990e+02,-9.9990e+02,-9.9990e+02,-9.9990e+02,-9.9990e+02,-9.9990e+02,1.3933e+04,8.6581e+03,4.4976e+06,1.1927e+06,4.7688e+05,1.3122e+05
2026-01-19T17:44:27.000Z,-9.9990e+02,-9.9990e+02,-9.9990e+02,-9.9990e+02,-9.9990e+02,-9.9990e+02,1.3933e+04,8.6581e+03,4.4976e+06,1.1927e+06,4.7688e+05,1.3122e+05
2026-01-19T17:44:39.000Z,-9.9990e+02,-9.9990e+02,-9.9990e+02,-9.9990e+02,-9.9990e+02,-9.9990e+02,1.4415e+04,8.9398e+03,4.5405e+06,1.1933e+06,4.6458e+05,1.3128e+05
2026-01-19T17:44:51.000Z,-9.9990e+02,-9.9990e+02,-9.9990e+02,-9.9990e+02,-9.9990e+02,-9.9990e+02,1.4415e+04,8.9398e+03,4.5405e+06,1.1933e+06,4.6458e+05,1.3128e+05
2026-01-19T17:45:03.000Z,-9.9990e+02,-9.9990e+02,-9.9990e+02,-9.9990e+02,-9.9990e+02,-9.9990e+02,1.4443e+04,8.9564e+03,4.6629e+06,1.2060e+06,4.8571e+05,1.3245e+05
2026-01-19T17:45:15.000Z,-9.9990e+02,-9.9990e+02,-9.9990e+02,-9.9990e+02,-9.9990e+02,-9.9990e+02,1.4443e+04,8.9564e+03,4.6629e+06,1.2060e+06,4.8571e+05,1.3245e+05
2026-01-19T17:45:27.000Z,-9.9990e+02,-9.9990e+02,-9.9990e+02,-9.9990e+02,-9.9990e+02,-9.9990e+02,1.4654e+04,8.9398e+03,4.5381e+06,1.2047e+06,4.8522e+05,1.3556e+05
2026-01-19T17:45:40.000Z,-9.9990e+02,-9.9990e+02,-9.9990e+02,-9.9990e+02,-9.9990e+02,-9.9990e+02,1.4654e+04,8.9398e+03,4.5381e+06,1.2047e+06,4.8522e+05,1.3556e+05
2026-01-19T17:45:52.000Z,-9.9990e+02,-9.9990e+02,-9.9990e+02,-9.9990e+02,-9.9990e+02,-9.9990e+02,1.4420e+04,8.9481e+03,4.5781e+06,1.2047e+06,4.8948e+05,1.3444e+05
2026-01-19T17:46:04.000Z,-9.9990e+02,-9.9990e+02,-9.9990e+02,-9.9990e+02,-9.9990e+02,-9.9990e+02,1.4420e+04,8.9481e+03,4.5781e+06,1.2047e+06,4.8948e+05,1.3444e+05
2026-01-19T17:46:16.000Z,-9.9990e+02,-9.9990e+02,-9.9990e+02,-9.9990e+02,-9.9990e+02,-9.9990e+02,7.2145e+03,4.4749e+03,3.3333e+06,9.0357e+05,3.6815e+05,1.0112e+05
2026-01-19T17:46:28.000Z,-9.9990e+02,-9.9990e+02,-9.9990e+02,-9.9990e+02,-9.9990e+02,-9.9990e+02,7.2145e+03,4.4749e+03,3.3333e+06,9.0357e+05,3.6815e+05,1.0112e+05
2026-01-19T17:46:40.000Z,-9.9990e+02,-9.9990e+02,-9.9990e+02,-9.9990e+02,-9.9990e+02,-9.9990e+02,-9.9990e+02,-9.9990e+02,-9.9990e+02,-9.9990e+02,-9.9990e+02,-9.9990e+02
2026-01-19T17:46:52.000Z,-9.9990e+02,-9.9990e+02,-9.9990e+02,-9.9990e+02,-9.9990e+02,-9.9990e+02,1.4671e+04,8.9481e+03,4.4200e+06,1.1934e+06,4.8135e+05,1.3347e+05
2026-01-19T17:47:05.000Z,-9.9990e+02,-9.9990e+02,-9.9990e+02,-9.9990e+02,-9.9990e+02,-9.9990e+02,1.4671e+04,8.9481e+03,4.4200e+06,1.1934e+06,4.8135e+05,1.3347e+05
2026-01-19T17:47:17.000Z,-9.9990e+02,-9.9990e+02,-9.9990e+02,-9.9990e+02,-9.9990e+02,-9.9990e+02,1.4657e+04,8.9398e+03,4.4971e+06,1.2046e+06,4.9355e+05,1.3658e+05
2026-01-19T17:47:29.000Z,-9.9990e+02,-9.9990e+02,-9.9990e+02,-9.9990e+02,-9.9990e+02,-9.9990e+02,1.4657e+04,8.9398e+03,4.4971e+06,1.2046e+06,4.9355e+05,1.3658e+05
2026-01-19T17:47:41.000Z,-9.9990e+02,-9.9990e+02,-9.9990e+02,-9.9990e+02,-9.9990e+02,-9.9990e+02,1.4657e+04,8.9398e+03,4.4995e+06,1.2051e+06,4.9802e+05,1.3668e+05
2026-01-19T17:47:53.000Z,-9.9990e+02,-9.9990e+02,-9.9990e+02,-9.9990e+02,-9.9990e+02,-9.9990e+02,1.4657e+04,8.9398e+03,4.4995e+06,1.2051e+06,4.9802e+05,1.3668e+05
2026-01-19T17:48:05.000Z,-9.9990e+02,-9.9990e+02,-9.9990e+02,-9.9990e+02,-9.9990e+02,-9.9990e+02,1.4657e+04,8.9398e+03,4.4571e+06,1.2167e+06,4.9355e+05,1.3444e+05
2026-01-19T17:48:18.000Z,-9.9990e+02,-9.9990e+02,-9.9990e+02,-9.9990e+02,-9.9990e+02,-9.9990e+02,1.4657e+04,8.9398e+03,4.4571e+06,1.2167e+06,4.9355e+05,1.3444e+05
2026-01-19T17:48:30.000Z,-9.9990e+02,-9.9990e+02,-9.9990e+02,-9.9990e+02,-9.9990e+02,-9.9990e+02,1.4657e+04,8.9398e+03,4.4171e+06,1.1926e+06,4.8522e+05,1.3658e+05
2026-01-19T17:48:42.000Z,-9.9990e+02,-9.9990e+02,-9.9990e+02,-9.9990e+02,-9.9990e+02,-9.9990e+02,1.4657e+04,8.9398e+03,4.4171e+06,1.1926e+06,4.8522e+05,1.3658e+05
2026-01-19T17:48:54.000Z,-9.9990e+02,-9.9990e+02,-9.9990e+02,-9.9990e+02,-9.9990e+02,-9.9990e+02,1.4911e+04,8.9481e+03,4.4190e+06,1.1931e+06,4.8542e+05,1.3449e+05
2026-01-19T17:49:06.000Z,-9.9990e+02,-9.9990e+02,-9.9990e+02,-9.9990e+02,-9.9990e+02,-9.9990e+02,1.4911e+04,8.9481e+03,4.4190e+06,1.1931e+06,4.8542e+05,1.3449e+05
2026-01-19T17:49:18.000Z,-9.9990e+02,-9.9990e+02,-9.9990e+02,-9.9990e+02,-9.9990e+02,-9.9990e+02,1.4654e+04,8.9398e+03,4.4176e+06,1.1929e+06,4.9365e+05,1.3449e+05
2026-01-19T17:49:30.000Z,-9.9990e+02,-9.9990e+02,-9.9990e+02,-9.9990e+02,-9.9990e+02,-9.9990e+02,1.4654e+04,8.9398e+03,4.4176e+06,1.1929e+06,4.9365e+05,1.3449e+05
2026-01-19T17:49:43.000Z,-9.9990e+02,-9.9990e+02,-9.9990e+02,-9.9990e+02,-9.9990e+02,-9.9990e+02,1.4902e+04,8.8073e+03,4.4581e+06,1.1929e+06,4.8948e+05,1.3556e+05
2026-01-19T17:49:55.000Z,-9.9990e+02,-9.9990e+02,-9.9990e+02,-9.9990e+02,-9.9990e+02,-9.9990e+02,1.4902e+04,8.8073e+03,4.4581e+06,1.1929e+06,4.8948e+05,1.3556e+05
2026-01-19T17:50:07.000Z,-9.9990e+02,-9.9990e+02,-9.9990e+02,-9.9990e+02,-9.9990e+02,-9.9990e+02,1.4896e+04,8.9398e+03,4.4567e+06,1.2046e+06,4.9355e+05,1.3658e+05
2026-01-19T17:50:19.000Z,-9.9990e+02,-9.9990e+02,-9.9990e+02,-9.9990e+02,-9.9990e+02,-9.9990e+02,1.4896e+04,8.9398e+03,4.4567e+06,1.2046e+06,4.9355e+05,1.3658e+05
2026-01-19T17:50:31.000Z,-9.9990e+02,-9.9990e+02,-9.9990e+02,-9.9990e+02,-9.9990e+02,-9.9990e+02,1.5136e+04,9.2215e+03,4.4581e+06,1.2169e+06,4.8948e+05,1.3663e+05
2026-01-19T17:50:43.000Z,-9.9990e+02,-9.9990e+02,-9.9990e+02,-9.9990e+02,-9.9990e+02,-9.9990e+02,1.5136e+04,9.2215e+03,4.4581e+06,1.2169e+06,4.8948e+05,1.3663e+05
2026-01-19T17:50:55.000Z,-9.9990e+02,-9.9990e+02,-9.9990e+02,-9.9990e+02,-9.9990e+02,-9.9990e+02,-9.9990e+02,-9.9990e+02,-9.9990e+02,-9.9990e+02,-9.9990e+02,-9.9990e+02
2026-01-19T17:51:08.000Z,-9.9990e+02,-9.9990e+02,-9.9990e+02,-9.9990e+02,-9.9990e+02,-9.9990e+02,1.5144e+04,9.2298e+03,4.4981e+06,1.2290e+06,5.0208e+05,1.3878e+05
2026-01-19T17:51:20.000Z,-9.9990e+02,-9.9990e+02,-9.9990e+02,-9.9990e+02,-9.9990e+02,-9.9990e+02,1.5144e+04,9.2298e+03,4.4981e+06,1.2290e+06,5.0208e+05,1.3878e+05
2026-01-19T17:51:32.000Z,-9.9990e+02,-9.9990e+02,-9.9990e+02,-9.9990e+02,-9.9990e+02,-9.9990e+02,1.5144e+04,9.2298e+03,4.6186e+06,1.2531e+06,5.0625e+05,1.3985e+05
2026-01-19T17:51:44.000Z,-9.9990e+02,-9.9990e+02,-9.9990e+02,-9.9990e+02,-9.9990e+02,-9.9990e+02,1.5144e+04,9.2298e+03,4.6186e+06,1.2531e+06,5.0625e+05,1.3985e+05
2026-01-19T17:51:56.000Z,-9.9990e+02,-9.9990e+02,-9.9990e+02,-9.9990e+02,-9.9990e+02,-9.9990e+02,1.5136e+04,9.2215e+03,4.6176e+06,1.2529e+06,5.1032e+05,1.3872e+05
2026-01-19T17:52:08.000Z,-9.9990e+02,-9.9990e+02,-9.9990e+02,-9.9990e+02,-9.9990e+02,-9.9990e+02,1.5136e+04,9.2215e+03,4.6176e+06,1.2529e+06,5.1032e+05,1.3872e+05
2026-01-19T17:52:20.000Z,-9.9990e+02,-9.9990e+02,-9.9990e+02,-9.9990e+02,-9.9990e+02,-9.9990e+02,1.5378e+04,9.2215e+03,4.7381e+06,1.2407e+06,5.1032e+05,1.3980e+05
2026-01-19T17:52:33.000Z,-9.9990e+02,-9.9990e+02,-9.9990e+02,-9.9990e+02,-9.9990e+02,-9.9990e+02,1.5378e+04,9.2215e+03,4.7381e+06,1.2407e+06,5.1032e+05,1.3980e+05
2026-01-19T17:52:45.000Z,-9.9990e+02,-9.9990e+02,-9.9990e+02,-9.9990e+02,-9.9990e+02,-9.9990e+02,1.5378e+04,9.5032e+03,4.7381e+06,1.2769e+06,5.1032e+05,1.3980e+05
2026-01-19T17:52:57.000Z,-9.9990e+02,-9.9990e+02,-9.9990e+02,-9.9990e+02,-9.9990e+02,-9.9990e+02,1.5378e+04,9.5032e+03,4.7381e+06,1.2769e+06,5.1032e+05,1.3980e+05
2026-01-19T17:53:09.000Z,-9.9990e+02,-9.9990e+02,-9.9990e+02,-9.9990e+02,-9.9990e+02,-9.9990e+02,1.5857e+04,9.7849e+03,4.8238e+06,1.3020e+06,5.2738e+05,1.4423e+05
2026-01-19T17:53:21.000Z,-9.9990e+02,-9.9990e+02,-9.9990e+02,-9.9990e+02,-9.9990e+02,-9.9990e+02,1.5857e+04,9.7849e+03,4.8238e+06,1.3020e+06,5.2738e+05,1.4423e+05
2026-01-19T17:53:33.000Z,-9.9990e+02,-9.9990e+02,-9.9990e+02,-9.9990e+02,-9.9990e+02,-9.9990e+02,1.5874e+04,9.7932e+03,4.8619e+06,1.3017e+06,5.1895e+05,1.4418e+05
2026-01-19T17:53:45.000Z,-9.9990e+02,-9.9990e+02,-9.9990e+02,-9.9990e+02,-9.9990e+02,-9.9990e+02,1.5874e+04,9.7932e+03,4.8619e+06,1.3017e+06,5.1895e+05,1.4418e+05
2026-01-19T17:53:58.000Z,-9.9990e+02,-9.9990e+02,-9.9990e+02,-9.9990e+02,-9.9990e+02,-9.9990e+02,1.5857e+04,9.7849e+03,5.0190e+06,1.3254e+06,5.3135e+05,1.4418e+05
2026-01-19T17:54:10.000Z,-9.9990e+02,-9.9990e+02,-9.9990e+02,-9.9990e+02,-9.9990e+02,-9.9990e+02,1.5857e+04,9.7849e+03,5.0190e+06,1.3254e+06,5.3135e+05,1.4418e+05
2026-01-19T17:54:22.000Z,-9.9990e+02,-9.9990e+02,-9.9990e+02,-9.9990e+02,-9.9990e+02,-9.9990e+02,1.5857e+04,1.0058e+04,4.9381e+06,1.3371e+06,5.3542e+05,1.4628e+05
2026-01-19T17:54:34.000Z,-9.9990e+02,-9.9990e+02,-9.9990e+02,-9.9990e+02,-9.9990e+02,-9.9990e+02,1.5857e+04,1.0058e+04,4.9381e+06,1.3371e+06,5.3542e+05,1.4628e+05
2026-01-19T17:54:46.000Z,-9.9990e+02,-9.9990e+02,-9.9990e+02,-9.9990e+02,-9.9990e+02,-9.9990e+02,1.5865e+04,9.7849e+03,4.9810e+06,1.3496e+06,5.3552e+05,1.5061e+05
2026-01-19T17:54:58.000Z,-9.9990e+02,-9.9990e+02,-9.9990e+02,-9.9990e+02,-9.9990e+02,-9.9990e+02,1.5865e+04,9.7849e+03,4.9810e+06,1.3496e+06,5.3552e+05,1.5061e+05
2026-01-19T17:55:10.000Z,-9.9990e+02,-9.9990e+02,-9.9990e+02,-9.9990e+02,-9.9990e+02,-9.9990e+02,-9.9990e+02,-9.9990e+02,-9.9990e+02,-9.9990e+02,-9.9990e+02,-9.9990e+02
2026-01-19T17:55:23.000Z,-9.9990e+02,-9.9990e+02,-9.9990e+02,-9.9990e+02,-9.9990e+02,-9.9990e+02,1.5857e+04,9.7766e+03,5.0238e+06,1.3741e+06,5.6081e+05,1.5500e+05
2026-01-19T17:55:35.000Z,-9.9990e+02,-9.9990e+02,-9.9990e+02,-9.9990e+02,-9.9990e+02,-9.9990e+02,1.5857e+04,9.7766e+03,5.0238e+06,1.3741e+06,5.6081e+05,1.5500e+05
2026-01-19T17:55:47.000Z,-9.9990e+02,-9.9990e+02,-9.9990e+02,-9.9990e+02,-9.9990e+02,-9.9990e+02,1.5865e+04,9.7849e+03,5.0190e+06,1.3859e+06,5.6905e+05,1.5923e+05
2026-01-19T17:55:59.000Z,-9.9990e+02,-9.9990e+02,-9.9990e+02,-9.9990e+02,-9.9990e+02,-9.9990e+02,1.5865e+04,9.7849e+03,5.0190e+06,1.3859e+06,5.6905e+05,1.5923e+05
2026-01-19T17:56:11.000Z,-9.9990e+02,-9.9990e+02,-9.9990e+02,-9.9990e+02,-9.9990e+02,-9.9990e+02,1.5857e+04,9.7766e+03,5.0190e+06,1.3731e+06,5.6042e+05,1.5704e+05
2026-01-19T17:56:23.000Z,-9.9990e+02,-9.9990e+02,-9.9990e+02,-9.9990e+02,-9.9990e+02,-9.9990e+02,1.5857e+04,9.7766e+03,5.0190e+06,1.3731e+06,5.6042e+05,1.5704e+05
2026-01-19T17:56:35.000Z,-9.9990e+02,-9.9990e+02,-9.9990e+02,-9.9990e+02,-9.9990e+02,-9.9990e+02,1.6338e+04,9.7766e+03,5.1000e+06,1.3976e+06,5.6895e+05,1.5923e+05
2026-01-19T17:56:48.000Z,-9.9990e+02,-9.9990e+02,-9.9990e+02,-9.9990e+02,-9.9990e+02,-9.9990e+02,1.6338e+04,9.7766e+03,5.1000e+06,1.3976e+06,5.6895e+05,1.5923e+05
2026-01-19T17:57:00.000Z,-9.9990e+02,-9.9990e+02,-9.9990e+02,-9.9990e+02,-9.9990e+02,-9.9990e+02,1.5857e+04,9.7766e+03,5.0190e+06,1.3856e+06,5.6062e+05,1.5923e+05
2026-01-19T17:57:12.000Z,-9.9990e+02,-9.9990e+02,-9.9990e+02,-9.9990e+02,-9.9990e+02,-9.9990e+02,1.5857e+04,9.7766e+03,5.0190e+06,1.3856e+06,5.6062e+05,1.5923e+05
2026-01-19T17:57:24.000Z,-9.9990e+02,-9.9990e+02,-9.9990e+02,-9.9990e+02,-9.9990e+02,-9.9990e+02,1.6820e+04,1.0340e+04,4.9810e+06,1.3619e+06,5.5238e+05,1.5281e+05
2026-01-19T17:57:36.000Z,-9.9990e+02,-9.9990e+02,-9.9990e+02,-9.9990e+02,-9.9990e+02,-9.9990e+02,1.6820e+04,1.0340e+04,4.9810e+06,1.3619e+06,5.5238e+05,1.5281e+05
2026-01-19T17:57:48.000Z,-9.9990e+02,-9.9990e+02,-9.9990e+02,-9.9990e+02,-9.9990e+02,-9.9990e+02,1.7805e+04,1.0638e+04,5.0238e+06,1.3991e+06,5.7798e+05,1.5939e+05
2026-01-19T17:58:00.000Z,-9.9990e+02,-9.9990e+02,-9.9990e+02,-9.9990e+02,-9.9990e+02,-9.9990e+02,1.7805e+04,1.0638e+04,5.0238e+06,1.3991e+06,5.7798e+05,1.5939e+05
2026-01-19T17:58:13.000Z,-9.9990e+02,-9.9990e+02,-9.9990e+02,-9.9990e+02,-9.9990e+02,-9.9990e+02,1.7780e+04,1.0895e+04,5.1810e+06,1.4329e+06,5.8562e+05,1.6561e+05
2026-01-19T17:58:25.000Z,-9.9990e+02,-9.9990e+02,-9.9990e+02,-9.9990e+02,-9.9990e+02,-9.9990e+02,1.7780e+04,1.0895e+04,5.1810e+06,1.4329e+06,5.8562e+05,1.6561e+05
2026-01-19T17:58:37.000Z,-9.9990e+02,-9.9990e+02,-9.9990e+02,-9.9990e+02,-9.9990e+02,-9.9990e+02,1.7780e+04,1.0895e+04,5.1810e+06,1.4329e+06,5.8562e+05,1.6133e+05
2026-01-19T17:58:49.000Z,-9.9990e+02,-9.9990e+02,-9.9990e+02,-9.9990e+02,-9.9990e+02,-9.9990e+02,1.7780e+04,1.0895e+04,5.1810e+06,1.4329e+06,5.8562e+05,1.6133e+05
2026-01-19T17:59:01.000Z,-9.9990e+02,-9.9990e+02,-9.9990e+02,-9.9990e+02,-9.9990e+02,-9.9990e+02,1.8740e+04,1.1459e+04,5.2190e+06,1.4700e+06,6.0228e+05,1.7209e+05
2026-01-19T17:59:13.000Z,-9.9990e+02,-9.9990e+02,-9.9990e+02,-9.9990e+02,-9.9990e+02,-9.9990e+02,1.8740e+04,1.1459e+04,5.2190e+06,1.4700e+06,6.0228e+05,1.7209e+05
2026-01-19T17:59:25.000Z,-9.9990e+02,-9.9990e+02,-9.9990e+02,-9.9990e+02,-9.9990e+02,-9.9990e+02,-9.9990e+02,-9.9990e+02,-9.9990e+02,-9.9990e+02,-9.9990e+02,-9.9990e+02
2026-01-19T17:59:38.000Z,-9.9990e+02,-9.9990e+02,-9.9990e+02,-9.9990e+02,-9.9990e+02,-9.9990e+02,1.8276e+04,1.1185e+04,5.3048e+06,1.4829e+06,6.2778e+05,1.7867e+05
2026-01-19T17:59:50.000Z,-9.9990e+02,-9.9990e+02,-9.9990e+02,-9.9990e+02,-9.9990e+02,-9.9990e+02,1.8276e+04,1.1185e+04,5.3048e+06,1.4829e+06,6.2778e+05,1.7867e+05
2026-01-19T18:00:02.000Z,-9.9990e+02,-9.9990e+02,-9.9990e+02,-9.9990e+02,-9.9990e+02,-9.9990e+02,1.8749e+04,1.1185e+04,5.2619e+06,1.4943e+06,6.4435e+05,1.8505e+05
2026-01-19T18:00:14.000Z,-9.9990e+02,-9.9990e+02,-9.9990e+02,-9.9990e+02,-9.9990e+02,-9.9990e+02,1.8749e+04,1.1185e+04,5.2619e+06,1.4943e+06,6.4435e+05,1.8505e+05
2026-01-19T18:00:26.000Z,-9.9990e+02,-9.9990e+02,-9.9990e+02,-9.9990e+02,-9.9990e+02,-9.9990e+02,1.8749e+04,1.1459e+04,5.1429e+06,1.4700e+06,6.2768e+05,1.8077e+05
2026-01-19T18:00:38.000Z,-9.9990e+02,-9.9990e+02,-9.9990e+02,-9.9990e+02,-9.9990e+02,-9.9990e+02,1.8749e+04,1.1459e+04,5.1429e+06,1.4700e+06,6.2768e+05,1.8077e+05
2026-01-19T18:00:50.000Z,-9.9990e+02,-9.9990e+02,-9.9990e+02,-9.9990e+02,-9.9990e+02,-9.9990e+02,1.8737e+04,1.1732e+04,5.2571e+06,1.4929e+06,6.4405e+05,1.8495e+05
2026-01-19T18:01:03.000Z,-9.9990e+02,-9.9990e+02,-9.9990e+02,-9.9990e+02,-9.9990e+02,-9.9990e+02,1.8737e+04,1.1732e+04,5.2571e+06,1.4929e+06,6.4405e+05,1.8495e+05
2026-01-19T18:01:15.000Z,-9.9990e+02,-9.9990e+02,-9.9990e+02,-9.9990e+02,-9.9990e+02,-9.9990e+02,1.8737e+04,1.2014e+04,5.1810e+06,1.4814e+06,6.3571e+05,1.8495e+05
2026-01-19T18:01:27.000Z,-9.9990e+02,-9.9990e+02,-9.9990e+02,-9.9990e+02,-9.9990e+02,-9.9990e+02,1.8737e+04,1.2014e+04,5.1810e+06,1.4814e+06,6.3571e+05,1.8495e+05
2026-01-19T18:01:39.000Z,-9.9990e+02,-9.9990e+02,-9.9990e+02,-9.9990e+02,-9.9990e+02,-9.9990e+02,1.9230e+04,1.2022e+04,5.2619e+06,1.5300e+06,6.5288e+05,1.9153e+05
2026-01-19T18:01:51.000Z,-9.9990e+02,-9.9990e+02,-9.9990e+02,-9.9990e+02,-9.9990e+02,-9.9990e+02,1.9230e+04,1.2022e+04,5.2619e+06,1.5300e+06,6.5288e+05,1.9153e+05
2026-01-19T18:02:03.000Z,-9.9990e+02,-9.9990e+02,-9.9990e+02,-9.9990e+02,-9.9990e+02,-9.9990e+02,1.9222e+04,1.2295e+04,5.4619e+06,1.5543e+06,7.0268e+05,2.0005e+05
2026-01-19T18:02:15.000Z,-9.9990e+02,-9.9990e+02,-9.9990e+02,-9.9990e+02,-9.9990e+02,-9.9990e+02,1.9222e+04,1.2295e+04,5.4619e+06,1.5543e+06,7.0268e+05,2.0005e+05
2026-01-19T18:02:28.000Z,-9.9990e+02,-9.9990e+02,-9.9990e+02,-9.9990e+02,-9.9990e+02,-9.9990e+02,1.9703e+04,1.2295e+04,5.4619e+06,1.5543e+06,7.0268e+05,2.0005e+05
2026-01-19T18:02:40.000Z,-9.9990e+02,-9.9990e+02,-9.9990e+02,-9.9990e+02,-9.9990e+02,-9.9990e+02,1.9703e+04,1.2295e+04,5.4619e+06,1.5543e+06,7.0268e+05,2.0005e+05
2026-01-19T18:02:52.000Z,-9.9990e+02,-9.9990e+02,-9.9990e+02,-9.9990e+02,-9.9990e+02,-9.9990e+02,1.9712e+04,1.2585e+04,5.4619e+06,1.5914e+06,7.0308e+05,2.0444e+05
2026-01-19T18:03:04.000Z,-9.9990e+02,-9.9990e+02,-9.9990e+02,-9.9990e+02,-9.9990e+02,-9.9990e+02,1.9712e+04,1.2585e+04,5.4619e+06,1.5914e+06,7.0308e+05,2.0444e+05
2026-01-19T18:03:16.000Z,-9.9990e+02,-9.9990e+02,-9.9990e+02,-9.9990e+02,-9.9990e+02,-9.9990e+02,1.9703e+04,1.2577e+04,5.6238e+06,1.5900e+06,7.0288e+05,2.0010e+05
2026-01-19T18:03:28.000Z,-9.9990e+02,-9.9990e+02,-9.9990e+02,-9.9990e+02,-9.9990e+02,-9.9990e+02,1.9703e+04,1.2577e+04,5.6238e+06,1.5900e+06,7.0288e+05,2.0010e+05
2026-01-19T18:03:40.000Z,-9.9990e+02,-9.9990e+02,-9.9990e+02,-9.9990e+02,-9.9990e+02,-9.9990e+02,-9.9990e+02,-9.9990e+02,-9.9990e+02,-9.9990e+02,-9.9990e+02,-9.9990e+02
2026-01-19T18:03:53.000Z,-9.9990e+02,-9.9990e+02,-9.9990e+02,-9.9990e+02,-9.9990e+02,-9.9990e+02,2.0660e+04,1.2850e+04,5.7810e+06,1.6386e+06,7.0268e+05,2.0005e+05
2026-01-19T18:04:05.000Z,-9.9990e+02,-9.9990e+02,-9.9990e+02,-9.9990e+02,-9.9990e+02,-9.9990e+02,2.0660e+04,1.2850e+04,5.7810e+06,1.6386e+06,7.0268e+05,2.0005e+05
2026-01-19T18:04:17.000Z,-9.9990e+02,-9.9990e+02,-9.9990e+02,-9.9990e+02,-9.9990e+02,-9.9990e+02,2.0720e+04,1.2892e+04,5.7905e+06,1.6414e+06,7.0387e+05,1.9607e+05
2026-01-19T18:04:29.000Z,-9.9990e+02,-9.9990e+02,-9.9990e+02,-9.9990e+02,-9.9990e+02,-9.9990e+02,2.0720e+04,1.2892e+04,5.7905e+06,1.6414e+06,7.0387e+05,1.9607e+05
2026-01-19T18:04:41.000Z,-9.9990e+02,-9.9990e+02,-9.9990e+02,-9.9990e+02,-9.9990e+02,-9.9990e+02,2.1142e+04,1.3132e+04,5.7000e+06,1.6143e+06,6.9425e+05,1.9571e+05
2026-01-19T18:04:53.000Z,-9.9990e+02,-9.9990e+02,-9.9990e+02,-9.9990e+02,-9.9990e+02,-9.9990e+02,2.1142e+04,1.3132e+04,5.7000e+06,1.6143e+06,6.9425e+05,1.9571e+05
2026-01-19T18:05:06.000Z,-9.9990e+02,-9.9990e+02,-9.9990e+02,-9.9990e+02,-9.9990e+02,-9.9990e+02,2.1632e+04,1.3140e+04,5.7810e+06,1.6143e+06,6.9444e+05,1.9577e+05
2026-01-19T18:05:18.000Z,-9.9990e+02,-9.9990e+02,-9.9990e+02,-9.9990e+02,-9.9990e+02,-9.9990e+02,2.1632e+04,1.3140e+04,5.7810e+06,1.6143e+06,6.9444e+05,1.9577e+05
2026-01-19T18:05:30.000Z,-9.9990e+02,-9.9990e+02,-9.9990e+02,-9.9990e+02,-9.9990e+02,-9.9990e+02,2.1624e+04,1.3132e+04,5.7810e+06,1.5657e+06,6.4405e+05,1.8286e+05
2026-01-19T18:05:42.000Z,-9.9990e+02,-9.9990e+02,-9.9990e+02,-9.9990e+02,-9.9990e+02,-9.9990e+02,2.1624e+04,1.3132e+04,5.7810e+06,1.5657e+06,6.4405e+05,1.8286e+05
2026-01-19T18:05:54.000Z,-9.9990e+02,-9.9990e+02,-9.9990e+02,-9.9990e+02,-9.9990e+02,-9.9990e+02,-9.9990e+02,-9.9990e+02,-9.9990e+02,-9.9990e+02,-9.9990e+02,-9.9990e+02
2026-01-19T18:06:06.000Z,-9.9990e+02,-9.9990e+02,-9.9990e+02,-9.9990e+02,-9.9990e+02,-9.9990e+02,2.1621e+04,1.3696e+04,5.8667e+06,1.5900e+06,6.6944e+05,1.8505e+05
2026-01-19T18:06:18.000Z,-9.9990e+02,-9.9990e+02,-9.9990e+02,-9.9990e+02,-9.9990e+02,-9.9990e+02,2.1621e+04,1.3696e+04,5.8667e+06,1.5900e+06,6.6944e+05,1.8505e+05
2026-01-19T18:06:31.000Z,-9.9990e+02,-9.9990e+02,-9.9990e+02,-9.9990e+02,-9.9990e+02,-9.9990e+02,2.2125e+04,1.3986e+04,5.7857e+06,1.5914e+06,6.7817e+05,1.9163e+05
2026-01-19T18:06:43.000Z,-9.9990e+02,-9.9990e+02,-9.9990e+02,-9.9990e+02,-9.9990e+02,-9.9990e+02,2.2125e+04,1.3986e+04,5.7857e+06,1.5914e+06,6.7817e+05,1.9163e+05
2026-01-19T18:06:55.000Z,-9.9990e+02,-9.9990e+02,-9.9990e+02,-9.9990e+02,-9.9990e+02,-9.9990e+02,2.2102e+04,1.4532e+04,5.7048e+06,1.5900e+06,6.8601e+05,1.9362e+05
2026-01-19T18:07:07.000Z,-9.9990e+02,-9.9990e+02,-9.9990e+02,-9.9990e+02,-9.9990e+02,-9.9990e+02,2.2102e+04,1.4532e+04,5.7048e+06,1.5900e+06,6.8601e+05,1.9362e+05
2026-01-19T18:07:19.000Z,-9.9990e+02,-9.9990e+02,-9.9990e+02,-9.9990e+02,-9.9990e+02,-9.9990e+02,2.3062e+04,1.4532e+04,5.6190e+06,1.5900e+06,7.1101e+05,2.0219e+05
2026-01-19T18:07:31.000Z,-9.9990e+02,-9.9990e+02,-9.9990e+02,-9.9990e+02,-9.9990e+02,-9.9990e+02,2.3062e+04,1.4532e+04,5.6190e+06,1.5900e+06,7.1101e+05,2.0219e+05
2026-01-19T18:07:43.000Z,-9.9990e+02,-9.9990e+02,-9.9990e+02,-9.9990e+02,-9.9990e+02,-9.9990e+02,2.2584e+04,1.4532e+04,5.7000e+06,1.5900e+06,6.8591e+05,1.9357e+05
2026-01-19T18:07:56.000Z,-9.9990e+02,-9.9990e+02,-9.9990e+02,-9.9990e+02,-9.9990e+02,-9.9990e+02,2.2584e+04,1.4532e+04,5.7000e+06,1.5900e+06,6.8591e+05,1.9357e+05
2026-01-19T18:08:08.000Z,-9.9990e+02,-9.9990e+02,-9.9990e+02,-9.9990e+02,-9.9990e+02,-9.9990e+02,2.2125e+04,1.4549e+04,5.9476e+06,1.6143e+06,6.7788e+05,1.9367e+05
2026-01-19T18:08:20.000Z,-9.9990e+02,-9.9990e+02,-9.9990e+02,-9.9990e+02,-9.9990e+02,-9.9990e+02,2.2125e+04,1.4549e+04,5.9476e+06,1.6143e+06,6.7788e+05,1.9367e+05
2026-01-19T18:08:32.000Z,-9.9990e+02,-9.9990e+02,-9.9990e+02,-9.9990e+02,-9.9990e+02,-9.9990e+02,2.2105e+04,1.4532e+04,5.9429e+06,1.6143e+06,6.8591e+05,1.9362e+05
2026-01-19T18:08:44.000Z,-9.9990e+02,-9.9990e+02,-9.9990e+02,-9.9990e+02,-9.9990e+02,-9.9990e+02,2.2105e+04,1.4532e+04,5.9429e+06,1.6143e+06,6.8591e+05,1.9362e+05
2026-01-19T18:08:56.000Z,-9.9990e+02,-9.9990e+02,-9.9990e+02,-9.9990e+02,-9.9990e+02,-9.9990e+02,2.2584e+04,1.4814e+04,5.9429e+06,1.5900e+06,6.8591e+05,1.9362e+05
2026-01-19T18:09:08.000Z,-9.9990e+02,-9.9990e+02,-9.9990e+02,-9.9990e+02,-9.9990e+02,-9.9990e+02,2.2584e+04,1.4814e+04,5.9429e+06,1.5900e+06,6.8591e+05,1.9362e+05
2026-01-19T18:09:20.000Z,-9.9990e+02,-9.9990e+02,-9.9990e+02,-9.9990e+02,-9.9990e+02,-9.9990e+02,2.2584e+04,1.5087e+04,5.9429e+06,1.5900e+06,6.8591e+05,1.8929e+05
2026-01-19T18:09:33.000Z,-9.9990e+02,-9.9990e+02,-9.9990e+02,-9.9990e+02,-9.9990e+02,-9.9990e+02,2.2584e+04,1.5087e+04,5.9429e+06,1.5900e+06,6.8591e+05,1.8929e+05
2026-01-19T18:09:45.000Z,-9.9990e+02,-9.9990e+02,-9.9990e+02,-9.9990e+02,-9.9990e+02,-9.9990e+02,2.3065e+04,1.5087e+04,6.1857e+06,1.6143e+06,6.6091e+05,1.8500e+05
2026-01-19T18:09:57.000Z,-9.9990e+02,-9.9990e+02,-9.9990e+02,-9.9990e+02,-9.9990e+02,-9.9990e+02,2.3065e+04,1.5087e+04,6.1857e+06,1.6143e+06,6.6091e+05,1.8500e+05
2026-01-19T18:10:09.000Z,-9.9990e+02,-9.9990e+02,-9.9990e+02,-9.9990e+02,-9.9990e+02,-9.9990e+02,-9.9990e+02,-9.9990e+02,-9.9990e+02,-9.9990e+02,-9.9990e+02,-9.9990e+02
2026-01-19T18:10:21.000Z,-9.9990e+02,-9.9990e+02,-9.9990e+02,-9.9990e+02,-9.9990e+02,-9.9990e+02,2.3555e+04,1.5096e+04,6.1048e+06,1.6386e+06,6.7778e+05,1.8719e+05
2026-01-19T18:10:33.000Z,-9.9990e+02,-9.9990e+02,-9.9990e+02,-9.9990e+02,-9.9990e+02,-9.9990e+02,2.3555e+04,1.5096e+04,6.1048e+06,1.6386e+06,6.7778e+05,1.8719e+05
2026-01-19T18:10:46.000Z,-9.9990e+02,-9.9990e+02,-9.9990e+02,-9.9990e+02,-9.9990e+02,-9.9990e+02,2.3555e+04,1.5377e+04,6.1857e+06,1.6386e+06,6.7788e+05,1.8724e+05
2026-01-19T18:10:58.000Z,-9.9990e+02,-9.9990e+02,-9.9990e+02,-9.9990e+02,-9.9990e+02,-9.9990e+02,2.3555e+04,1.5377e+04,6.1857e+06,1.6386e+06,6.7788e+05,1.8724e+05
2026-01-19T18:11:10.000Z,-9.9990e+02,-9.9990e+02,-9.9990e+02,-9.9990e+02,-9.9990e+02,-9.9990e+02,2.3544e+04,1.5369e+04,6.1857e+06,1.6386e+06,6.6935e+05,1.8934e+05
2026-01-19T18:11:22.000Z,-9.9990e+02,-9.9990e+02,-9.9990e+02,-9.9990e+02,-9.9990e+02,-9.9990e+02,2.3544e+04,1.5369e+04,6.1857e+06,1.6386e+06,6.6935e+05,1.8934e+05
2026-01-19T18:11:34.000Z,-9.9990e+02,-9.9990e+02,-9.9990e+02,-9.9990e+02,-9.9990e+02,-9.9990e+02,2.3592e+04,1.5676e+04,6.2714e+06,1.6886e+06,6.7857e+05,1.8954e+05
2026-01-19T18:11:46.000Z,-9.9990e+02,-9.9990e+02,-9.9990e+02,-9.9990e+02,-9.9990e+02,-9.9990e+02,2.3592e+04,1.5676e+04,6.2714e+06,1.6886e+06,6.7857e+05,1.8954e+05
2026-01-19T18:11:58.000Z,-9.9990e+02,-9.9990e+02,-9.9990e+02,-9.9990e+02,-9.9990e+02,-9.9990e+02,2.3544e+04,1.5369e+04,6.3476e+06,1.6871e+06,6.7788e+05,1.8939e+05
2026-01-19T18:12:11.000Z,-9.9990e+02,-9.9990e+02,-9.9990e+02,-9.9990e+02,-9.9990e+02,-9.9990e+02,2.3544e+04,1.5369e+04,6.3476e+06,1.6871e+06,6.7788e+05,1.8939e+05
2026-01-19T18:12:23.000Z,-9.9990e+02,-9.9990e+02,-9.9990e+02,-9.9990e+02,-9.9990e+02,-9.9990e+02,2.4026e+04,1.5651e+04,6.1857e+06,1.6386e+06,6.6935e+05,1.8719e+05
2026-01-19T18:12:35.000Z,-9.9990e+02,-9.9990e+02,-9.9990e+02,-9.9990e+02,-9.9990e+02,-9.9990e+02,2.4026e+04,1.5651e+04,6.1857e+06,1.6386e+06,6.6935e+05,1.8719e+05
2026-01-19T18:12:47.000Z,-9.9990e+02,-9.9990e+02,-9.9990e+02,-9.9990e+02,-9.9990e+02,-9.9990e+02,2.4504e+04,1.5924e+04,6.1810e+06,1.6143e+06,6.7758e+05,1.9143e+05
2026-01-19T18:12:59.000Z,-9.9990e+02,-9.9990e+02,-9.9990e+02,-9.9990e+02,-9.9990e+02,-9.9990e+02,2.4504e+04,1.5924e+04,6.1810e+06,1.6143e+06,6.7758e+05,1.9143e+05
2026-01-19T18:13:11.000Z,-9.9990e+02,-9.9990e+02,-9.9990e+02,-9.9990e+02,-9.9990e+02,-9.9990e+02,2.4504e+04,1.6206e+04,6.7476e+06,1.7343e+06,7.0268e+05,1.9571e+05
2026-01-19T18:13:23.000Z,-9.9990e+02,-9.9990e+02,-9.9990e+02,-9.9990e+02,-9.9990e+02,-9.9990e+02,2.4504e+04,1.6206e+04,6.7476e+06,1.7343e+06,7.0268e+05,1.9571e+05
2026-01-19T18:13:36.000Z,-9.9990e+02,-9.9990e+02,-9.9990e+02,-9.9990e+02,-9.9990e+02,-9.9990e+02,2.4504e+04,1.6206e+04,6.7476e+06,1.7357e+06,7.1974e+05,1.9367e+05
2026-01-19T18:13:48.000Z,-9.9990e+02,-9.9990e+02,-9.9990e+02,-9.9990e+02,-9.9990e+02,-9.9990e+02,2.4504e+04,1.6206e+04,6.7476e+06,1.7357e+06,7.1974e+05,1.9367e+05
2026-01-19T18:14:00.000Z,-9.9990e+02,-9.9990e+02,-9.9990e+02,-9.9990e+02,-9.9990e+02,-9.9990e+02,2.4504e+04,1.5651e+04,5.9429e+06,1.5900e+06,6.7758e+05,1.9357e+05
2026-01-19T18:14:12.000Z,-9.9990e+02,-9.9990e+02,-9.9990e+02,-9.9990e+02,-9.9990e+02,-9.9990e+02,2.4504e+04,1.5651e+04,5.9429e+06,1.5900e+06,6.7758e+05,1.9357e+05
2026-01-19T18:14:24.000Z,-9.9990e+02,-9.9990e+02,-9.9990e+02,-9.9990e+02,-9.9990e+02,-9.9990e+02,-9.9990e+02,-9.9990e+02,-9.9990e+02,-9.9990e+02,-9.9990e+02,-9.9990e+02
2026-01-19T18:14:36.000Z,-9.9990e+02,-9.9990e+02,-9.9990e+02,-9.9990e+02,-9.9990e+02,-9.9990e+02,2.4507e+04,1.5924e+04,6.2667e+06,1.6629e+06,7.0288e+05,1.9362e+05
2026-01-19T18:14:48.000Z,-9.9990e+02,-9.9990e+02,-9.9990e+02,-9.9990e+02,-9.9990e+02,-9.9990e+02,2.4507e+04,1.5924e+04,6.2667e+06,1.6629e+06,7.0288e+05,1.9362e+05
2026-01-19T18:15:01.000Z,-9.9990e+02,-9.9990e+02,-9.9990e+02,-9.9990e+02,-9.9990e+02,-9.9990e+02,2.4507e+04,1.5369e+04,6.2667e+06,1.6871e+06,7.1141e+05,1.9801e+05
2026-01-19T18:15:13.000Z,-9.9990e+02,-9.9990e+02,-9.9990e+02,-9.9990e+02,-9.9990e+02,-9.9990e+02,2.4507e+04,1.5369e+04,6.2667e+06,1.6871e+06,7.1141e+05,1.9801e+05
2026-01-19T18:15:25.000Z,-9.9990e+02,-9.9990e+02,-9.9990e+02,-9.9990e+02,-9.9990e+02,-9.9990e+02,2.4507e+04,1.5651e+04,6.2619e+06,1.6629e+06,7.1101e+05,1.9791e+05
2026-01-19T18:15:37.000Z,-9.9990e+02,-9.9990e+02,-9.9990e+02,-9.9990e+02,-9.9990e+02,-9.9990e+02,2.4507e+04,1.5651e+04,6.2619e+06,1.6629e+06,7.1101e+05,1.9791e+05
2026-01-19T18:15:49.000Z,-9.9990e+02,-9.9990e+02,-9.9990e+02,-9.9990e+02,-9.9990e+02,-9.9990e+02,2.4541e+04,1.5667e+04,6.1095e+06,1.6400e+06,6.9484e+05,1.9587e+05
2026-01-19T18:16:01.000Z,-9.9990e+02,-9.9990e+02,-9.9990e+02,-9.9990e+02,-9.9990e+02,-9.9990e+02,2.4541e+04,1.5667e+04,6.1095e+06,1.6400e+06,6.9484e+05,1.9587e+05
2026-01-19T18:16:13.000Z,-9.9990e+02,-9.9990e+02,-9.9990e+02,-9.9990e+02,-9.9990e+02,-9.9990e+02,2.4507e+04,1.5924e+04,6.3429e+06,1.6857e+06,7.1101e+05,1.9791e+05
2026-01-19T18:16:26.000Z,-9.9990e+02,-9.9990e+02,-9.9990e+02,-9.9990e+02,-9.9990e+02,-9.9990e+02,2.4507e+04,1.5924e+04,6.3429e+06,1.6857e+06,7.1101e+05,1.9791e+05
2026-01-19T18:16:38.000Z,-9.9990e+02,-9.9990e+02,-9.9990e+02,-9.9990e+02,-9.9990e+02,-9.9990e+02,2.4518e+04,1.5933e+04,6.4286e+06,1.7114e+06,7.0298e+05,1.9801e+05
2026-01-19T18:16:50.000Z,-9.9990e+02,-9.9990e+02,-9.9990e+02,-9.9990e+02,-9.9990e+02,-9.9990e+02,2.4518e+04,1.5933e+04,6.4286e+06,1.7114e+06,7.0298e+05,1.9801e+05
2026-01-19T18:17:02.000Z,-9.9990e+02,-9.9990e+02,-9.9990e+02,-9.9990e+02,-9.9990e+02,-9.9990e+02,2.5011e+04,1.5941e+04,6.5857e+06,1.7114e+06,7.1141e+05,1.9801e+05
2026-01-19T18:17:14.000Z,-9.9990e+02,-9.9990e+02,-9.9990e+02,-9.9990e+02,-9.9990e+02,-9.9990e+02,2.5011e+04,1.5941e+04,6.5857e+06,1.7114e+06,7.1141e+05,1.9801e+05
2026-01-19T18:17:26.000Z,-9.9990e+02,-9.9990e+02,-9.9990e+02,-9.9990e+02,-9.9990e+02,-9.9990e+02,2.5479e+04,1.6496e+04,6.3476e+06,1.6871e+06,7.1141e+05,1.9582e+05
2026-01-19T18:17:39.000Z,-9.9990e+02,-9.9990e+02,-9.9990e+02,-9.9990e+02,-9.9990e+02,-9.9990e+02,2.5479e+04,1.6496e+04,6.3476e+06,1.6871e+06,7.1141e+05,1.9582e+05
2026-01-19T18:17:51.000Z,-9.9990e+02,-9.9990e+02,-9.9990e+02,-9.9990e+02,-9.9990e+02,-9.9990e+02,2.6428e+04,1.6769e+04,6.2667e+06,1.6871e+06,7.1974e+05,2.0015e+05
2026-01-19T18:18:03.000Z,-9.9990e+02,-9.9990e+02,-9.9990e+02,-9.9990e+02,-9.9990e+02,-9.9990e+02,2.6428e+04,1.6769e+04,6.2667e+06,1.6871e+06,7.1974e+05,2.0015e+05
2026-01-19T18:18:15.000Z,-9.9990e+02,-9.9990e+02,-9.9990e+02,-9.9990e+02,-9.9990e+02,-9.9990e+02,2.6909e+04,1.7325e+04,6.2667e+06,1.6871e+06,7.1121e+05,2.0010e+05
2026-01-19T18:18:27.000Z,-9.9990e+02,-9.9990e+02,-9.9990e+02,-9.9990e+02,-9.9990e+02,-9.9990e+02,2.6909e+04,1.7325e+04,6.2667e+06,1.6871e+06,7.1121e+05,2.0010e+05
2026-01-19T18:18:39.000Z,-9.9990e+02,-9.9990e+02,-9.9990e+02,-9.9990e+02,-9.9990e+02,-9.9990e+02,-9.9990e+02,-9.9990e+02,-9.9990e+02,-9.9990e+02,-9.9990e+02,-9.9990e+02
2026-01-19T18:18:51.000Z,-9.9990e+02,-9.9990e+02,-9.9990e+02,-9.9990e+02,-9.9990e+02,-9.9990e+02,2.7388e+04,1.7880e+04,6.3476e+06,1.7114e+06,7.1131e+05,2.0230e+05
2026-01-19T18:19:04.000Z,-9.9990e+02,-9.9990e+02,-9.9990e+02,-9.9990e+02,-9.9990e+02,-9.9990e+02,2.7388e+04,1.7880e+04,6.3476e+06,1.7114e+06,7.1131e+05,2.0230e+05
2026-01-19T18:19:16.000Z,-9.9990e+02,-9.9990e+02,-9.9990e+02,-9.9990e+02,-9.9990e+02,-9.9990e+02,2.7881e+04,1.7896e+04,6.5905e+06,1.7357e+06,7.3681e+05,2.0668e+05
2026-01-19T18:19:28.000Z,-9.9990e+02,-9.9990e+02,-9.9990e+02,-9.9990e+02,-9.9990e+02,-9.9990e+02,2.7881e+04,1.7896e+04,6.5905e+06,1.7357e+06,7.3681e+05,2.0668e+05
2026-01-19T18:19:40.000Z,-9.9990e+02,-9.9990e+02,-9.9990e+02,-9.9990e+02,-9.9990e+02,-9.9990e+02,2.8835e+04,1.8443e+04,6.5857e+06,1.7343e+06,7.3611e+05,2.0434e+05
2026-01-19T18:19:52.000Z,-9.9990e+02,-9.9990e+02,-9.9990e+02,-9.9990e+02,-9.9990e+02,-9.9990e+02,2.8835e+04,1.8443e+04,6.5857e+06,1.7343e+06,7.3611e+05,2.0434e+05
2026-01-19T18:20:04.000Z,-9.9990e+02,-9.9990e+02,-9.9990e+02,-9.9990e+02,-9.9990e+02,-9.9990e+02,2.8835e+04,1.8998e+04,6.5857e+06,1.7343e+06,7.1935e+05,2.0219e+05
2026-01-19T18:20:16.000Z,-9.9990e+02,-9.9990e+02,-9.9990e+02,-9.9990e+02,-9.9990e+02,-9.9990e+02,2.8835e+04,1.8998e+04,6.5857e+06,1.7343e+06,7.1935e+05,2.0219e+05
2026-01-19T18:20:28.000Z,-9.9990e+02,-9.9990e+02,-9.9990e+02,-9.9990e+02,-9.9990e+02,-9.9990e+02,2.9320e+04,1.8443e+04,6.5857e+06,1.7100e+06,7.1935e+05,1.9786e+05
2026-01-19T18:20:41.000Z,-9.9990e+02,-9.9990e+02,-9.9990e+02,-9.9990e+02,-9.9990e+02,-9.9990e+02,2.9320e+04,1.8443e+04,6.5857e+06,1.7100e+06,7.1935e+05,1.9786e+05
2026-01-19T18:20:53.000Z,-9.9990e+02,-9.9990e+02,-9.9990e+02,-9.9990e+02,-9.9990e+02,-9.9990e+02,2.9804e+04,1.9015e+04,6.3524e+06,1.6886e+06,7.2014e+05,2.0454e+05
2026-01-19T18:21:05.000Z,-9.9990e+02,-9.9990e+02,-9.9990e+02,-9.9990e+02,-9.9990e+02,-9.9990e+02,2.9804e+04,1.9015e+04,6.3524e+06,1.6886e+06,7.2014e+05,2.0454e+05
2026-01-19T18:21:17.000Z,-9.9990e+02,-9.9990e+02,-9.9990e+02,-9.9990e+02,-9.9990e+02,-9.9990e+02,3.0773e+04,1.9570e+04,6.3476e+06,1.7114e+06,7.3651e+05,2.0658e+05
2026-01-19T18:21:29.000Z,-9.9990e+02,-9.9990e+02,-9.9990e+02,-9.9990e+02,-9.9990e+02,-9.9990e+02,3.0773e+04,1.9570e+04,6.3476e+06,1.7114e+06,7.3651e+05,2.0658e+05
2026-01-19T18:21:41.000Z,-9.9990e+02,-9.9990e+02,-9.9990e+02,-9.9990e+02,-9.9990e+02,-9.9990e+02,3.0260e+04,1.9562e+04,6.0238e+06,1.6629e+06,7.1944e+05,2.0648e+05
2026-01-19T18:21:53.000Z,-9.9990e+02,-9.9990e+02,-9.9990e+02,-9.9990e+02,-9.9990e+02,-9.9990e+02,3.0260e+04,1.9562e+04,6.0238e+06,1.6629e+06,7.1944e+05,2.0648e+05
2026-01-19T18:22:06.000Z,-9.9990e+02,-9.9990e+02,-9.9990e+02,-9.9990e+02,-9.9990e+02,-9.9990e+02,3.0260e+04,1.9006e+04,5.8619e+06,1.6386e+06,7.1101e+05,2.0648e+05
2026-01-19T18:22:18.000Z,-9.9990e+02,-9.9990e+02,-9.9990e+02,-9.9990e+02,-9.9990e+02,-9.9990e+02,3.0260e+04,1.9006e+04,5.8619e+06,1.6386e+06,7.1101e+05,2.0648e+05
2026-01-19T18:22:30.000Z,-9.9990e+02,-9.9990e+02,-9.9990e+02,-9.9990e+02,-9.9990e+02,-9.9990e+02,2.9804e+04,1.9006e+04,6.1857e+06,1.6871e+06,7.1964e+05,2.0653e+05
2026-01-19T18:22:42.000Z,-9.9990e+02,-9.9990e+02,-9.9990e+02,-9.9990e+02,-9.9990e+02,-9.9990e+02,2.9804e+04,1.9006e+04,6.1857e+06,1.6871e+06,7.1964e+05,2.0653e+05
2026-01-19T18:22:54.000Z,-9.9990e+02,-9.9990e+02,-9.9990e+02,-9.9990e+02,-9.9990e+02,-9.9990e+02,-9.9990e+02,-9.9990e+02,-9.9990e+02,-9.9990e+02,-9.9990e+02,-9.9990e+02
2026-01-19T18:23:06.000Z,-9.9990e+02,-9.9990e+02,-9.9990e+02,-9.9990e+02,-9.9990e+02,-9.9990e+02,3.0288e+04,1.9578e+04,5.7857e+06,1.6157e+06,7.1171e+05,2.0454e+05
2026-01-19T18:23:18.000Z,-9.9990e+02,-9.9990e+02,-9.9990e+02,-9.9990e+02,-9.9990e+02,-9.9990e+02,3.0288e+04,1.9578e+04,5.7857e+06,1.6157e+06,7.1171e+05,2.0454e+05
2026-01-19T18:23:31.000Z,-9.9990e+02,-9.9990e+02,-9.9990e+02,-9.9990e+02,-9.9990e+02,-9.9990e+02,3.0288e+04,1.9578e+04,5.7857e+06,1.6400e+06,7.1994e+05,2.0878e+05
2026-01-19T18:23:43.000Z,-9.9990e+02,-9.9990e+02,-9.9990e+02,-9.9990e+02,-9.9990e+02,-9.9990e+02,3.0288e+04,1.9578e+04,5.7857e+06,1.6400e+06,7.1994e+05,2.0878e+05
2026-01-19T18:23:55.000Z,-9.9990e+02,-9.9990e+02,-9.9990e+02,-9.9990e+02,-9.9990e+02,-9.9990e+02,3.0744e+04,1.9562e+04,5.7000e+06,1.5900e+06,7.0268e+05,2.0434e+05
2026-01-19T18:24:07.000Z,-9.9990e+02,-9.9990e+02,-9.9990e+02,-9.9990e+02,-9.9990e+02,-9.9990e+02,3.0744e+04,1.9562e+04,5.7000e+06,1.5900e+06,7.0268e+05,2.0434e+05
2026-01-19T18:24:19.000Z,-9.9990e+02,-9.9990e+02,-9.9990e+02,-9.9990e+02,-9.9990e+02,-9.9990e+02,3.0744e+04,2.0117e+04,5.5429e+06,1.5657e+06,6.8591e+05,2.0005e+05
2026-01-19T18:24:31.000Z,-9.9990e+02,-9.9990e+02,-9.9990e+02,-9.9990e+02,-9.9990e+02,-9.9990e+02,3.0744e+04,2.0117e+04,5.5429e+06,1.5657e+06,6.8591e+05,2.0005e+05
2026-01-19T18:24:44.000Z,-9.9990e+02,-9.9990e+02,-9.9990e+02,-9.9990e+02,-9.9990e+02,-9.9990e+02,3.0744e+04,2.0117e+04,5.6190e+06,1.5657e+06,7.0268e+05,2.0434e+05
2026-01-19T18:24:56.000Z,-9.9990e+02,-9.9990e+02,-9.9990e+02,-9.9990e+02,-9.9990e+02,-9.9990e+02,3.0744e+04,2.0117e+04,5.6190e+06,1.5657e+06,7.0268e+05,2.0434e+05
2026-01-19T18:25:08.000Z,-9.9990e+02,-9.9990e+02,-9.9990e+02,-9.9990e+02,-9.9990e+02,-9.9990e+02,3.2710e+04,2.1260e+04,5.5429e+06,1.6143e+06,7.1141e+05,2.0878e+05
2026-01-19T18:25:20.000Z,-9.9990e+02,-9.9990e+02,-9.9990e+02,-9.9990e+02,-9.9990e+02,-9.9990e+02,3.2710e+04,2.1260e+04,5.5429e+06,1.6143e+06,7.1141e+05,2.0878e+05
2026-01-19T18:25:32.000Z,-9.9990e+02,-9.9990e+02,-9.9990e+02,-9.9990e+02,-9.9990e+02,-9.9990e+02,3.2710e+04,2.1260e+04,5.6286e+06,1.5914e+06,7.1171e+05,2.0888e+05
2026-01-19T18:25:44.000Z,-9.9990e+02,-9.9990e+02,-9.9990e+02,-9.9990e+02,-9.9990e+02,-9.9990e+02,3.2710e+04,2.1260e+04,5.6286e+06,1.5914e+06,7.1171e+05,2.0888e+05
2026-01-19T18:25:56.000Z,-9.9990e+02,-9.9990e+02,-9.9990e+02,-9.9990e+02,-9.9990e+02,-9.9990e+02,3.2682e+04,2.1235e+04,5.5429e+06,1.5900e+06,7.0268e+05,2.0648e+05
2026-01-19T18:26:09.000Z,-9.9990e+02,-9.9990e+02,-9.9990e+02,-9.9990e+02,-9.9990e+02,-9.9990e+02,3.2682e+04,2.1235e+04,5.5429e+06,1.5900e+06,7.0268e+05,2.0648e+05
2026-01-19T18:26:21.000Z,-9.9990e+02,-9.9990e+02,-9.9990e+02,-9.9990e+02,-9.9990e+02,-9.9990e+02,3.2682e+04,2.1799e+04,5.5429e+06,1.5657e+06,7.1101e+05,2.1296e+05
2026-01-19T18:26:33.000Z,-9.9990e+02,-9.9990e+02,-9.9990e+02,-9.9990e+02,-9.9990e+02,-9.9990e+02,3.2682e+04,2.1799e+04,5.5429e+06,1.5657e+06,7.1101e+05,2.1296e+05
2026-01-19T18:26:45.000Z,-9.9990e+02,-9.9990e+02,-9.9990e+02,-9.9990e+02,-9.9990e+02,-9.9990e+02,3.4591e+04,2.2917e+04,5.9429e+06,1.7114e+06,7.9494e+05,2.3668e+05
2026-01-19T18:26:57.000Z,-9.9990e+02,-9.9990e+02,-9.9990e+02,-9.9990e+02,-9.9990e+02,-9.9990e+02,3.4591e+04,2.2917e+04,5.9429e+06,1.7114e+06,7.9494e+05,2.3668e+05
2026-01-19T18:27:09.000Z,-9.9990e+02,-9.9990e+02,-9.9990e+02,-9.9990e+02,-9.9990e+02,-9.9990e+02,-9.9990e+02,-9.9990e+02,-9.9990e+02,-9.9990e+02,-9.9990e+02,-9.9990e+02
2026-01-19T18:27:21.000Z,-9.9990e+02,-9.9990e+02,-9.9990e+02,-9.9990e+02,-9.9990e+02,-9.9990e+02,3.4591e+04,2.3472e+04,5.9476e+06,1.7843e+06,8.0337e+05,2.4531e+05
2026-01-19T18:27:34.000Z,-9.9990e+02,-9.9990e+02,-9.9990e+02,-9.9990e+02,-9.9990e+02,-9.9990e+02,3.4591e+04,2.3472e+04,5.9476e+06,1.7843e+06,8.0337e+05,2.4531e+05
2026-01-19T18:27:46.000Z,-9.9990e+02,-9.9990e+02,-9.9990e+02,-9.9990e+02,-9.9990e+02,-9.9990e+02,3.5560e+04,2.4036e+04,6.0286e+06,1.7843e+06,8.2054e+05,2.4760e+05
2026-01-19T18:27:58.000Z,-9.9990e+02,-9.9990e+02,-9.9990e+02,-9.9990e+02,-9.9990e+02,-9.9990e+02,3.5560e+04,2.4036e+04,6.0286e+06,1.7843e+06,8.2054e+05,2.4760e+05
2026-01-19T18:28:10.000Z,-9.9990e+02,-9.9990e+02,-9.9990e+02,-9.9990e+02,-9.9990e+02,-9.9990e+02,3.6528e+04,2.4044e+04,6.1048e+06,1.7586e+06,8.1994e+05,2.4959e+05
2026-01-19T18:28:22.000Z,-9.9990e+02,-9.9990e+02,-9.9990e+02,-9.9990e+02,-9.9990e+02,-9.9990e+02,3.6528e+04,2.4044e+04,6.1048e+06,1.7586e+06,8.1994e+05,2.4959e+05
2026-01-19T18:28:34.000Z,-9.9990e+02,-9.9990e+02,-9.9990e+02,-9.9990e+02,-9.9990e+02,-9.9990e+02,3.4591e+04,2.4036e+04,6.1048e+06,1.7586e+06,8.2808e+05,2.4949e+05
2026-01-19T18:28:46.000Z,-9.9990e+02,-9.9990e+02,-9.9990e+02,-9.9990e+02,-9.9990e+02,-9.9990e+02,3.4591e+04,2.4036e+04,6.1048e+06,1.7586e+06,8.2808e+05,2.4949e+05
2026-01-19T18:28:59.000Z,-9.9990e+02,-9.9990e+02,-9.9990e+02,-9.9990e+02,-9.9990e+02,-9.9990e+02,3.5560e+04,2.3472e+04,5.9429e+06,1.7100e+06,8.0308e+05,2.4520e+05
2026-01-19T18:29:11.000Z,-9.9990e+02,-9.9990e+02,-9.9990e+02,-9.9990e+02,-9.9990e+02,-9.9990e+02,3.5560e+04,2.3472e+04,5.9429e+06,1.7100e+06,8.0308e+05,2.4520e+05
2026-01-19T18:29:23.000Z,-9.9990e+02,-9.9990e+02,-9.9990e+02,-9.9990e+02,-9.9990e+02,-9.9990e+02,3.5560e+04,2.2917e+04,5.8667e+06,1.7114e+06,7.9544e+05,2.4112e+05
2026-01-19T18:29:35.000Z,-9.9990e+02,-9.9990e+02,-9.9990e+02,-9.9990e+02,-9.9990e+02,-9.9990e+02,3.5560e+04,2.2917e+04,5.8667e+06,1.7114e+06,7.9544e+05,2.4112e+05
2026-01-19T18:29:47.000Z,-9.9990e+02,-9.9990e+02,-9.9990e+02,-9.9990e+02,-9.9990e+02,-9.9990e+02,3.6557e+04,2.4052e+04,5.7857e+06,1.6886e+06,8.0377e+05,2.4332e+05
2026-01-19T18:29:59.000Z,-9.9990e+02,-9.9990e+02,-9.9990e+02,-9.9990e+02,-9.9990e+02,-9.9990e+02,3.6557e+04,2.4052e+04,5.7857e+06,1.6886e+06,8.0377e+05,2.4332e+05
2026-01-19T18:30:11.000Z,-9.9990e+02,-9.9990e+02,-9.9990e+02,-9.9990e+02,-9.9990e+02,-9.9990e+02,3.6528e+04,2.4036e+04,5.5429e+06,1.6857e+06,7.9464e+05,2.4092e+05
2026-01-19T18:30:24.000Z,-9.9990e+02,-9.9990e+02,-9.9990e+02,-9.9990e+02,-9.9990e+02,-9.9990e+02,3.6528e+04,2.4036e+04,5.5429e+06,1.6857e+06,7.9464e+05,2.4092e+05
2026-01-19T18:30:36.000Z,-9.9990e+02,-9.9990e+02,-9.9990e+02,-9.9990e+02,-9.9990e+02,-9.9990e+02,3.7469e+04,2.5146e+04,5.9429e+06,1.7829e+06,8.5317e+05,2.5811e+05
2026-01-19T18:30:48.000Z,-9.9990e+02,-9.9990e+02,-9.9990e+02,-9.9990e+02,-9.9990e+02,-9.9990e+02,3.7469e+04,2.5146e+04,5.9429e+06,1.7829e+06,8.5317e+05,2.5811e+05
2026-01-19T18:31:00.000Z,-9.9990e+02,-9.9990e+02,-9.9990e+02,-9.9990e+02,-9.9990e+02,-9.9990e+02,3.8437e+04,2.5146e+04,5.7810e+06,1.7343e+06,8.1141e+05,2.4092e+05
2026-01-19T18:31:12.000Z,-9.9990e+02,-9.9990e+02,-9.9990e+02,-9.9990e+02,-9.9990e+02,-9.9990e+02,3.8437e+04,2.5146e+04,5.7810e+06,1.7343e+06,8.1141e+05,2.4092e+05
2026-01-19T18:31:24.000Z,-9.9990e+02,-9.9990e+02,-9.9990e+02,-9.9990e+02,-9.9990e+02,-9.9990e+02,-9.9990e+02,-9.9990e+02,-9.9990e+02,-9.9990e+02,-9.9990e+02,-9.9990e+02
2026-01-19T18:31:36.000Z,-9.9990e+02,-9.9990e+02,-9.9990e+02,-9.9990e+02,-9.9990e+02,-9.9990e+02,3.9406e+04,2.5709e+04,5.7857e+06,1.7114e+06,7.9504e+05,2.3673e+05
2026-01-19T18:31:49.000Z,-9.9990e+02,-9.9990e+02,-9.9990e+02,-9.9990e+02,-9.9990e+02,-9.9990e+02,3.9406e+04,2.5709e+04,5.7857e+06,1.7114e+06,7.9504e+05,2.3673e+05
2026-01-19T18:32:01.000Z,-9.9990e+02,-9.9990e+02,-9.9990e+02,-9.9990e+02,-9.9990e+02,-9.9990e+02,3.9406e+04,2.6828e+04,6.1048e+06,1.8071e+06,8.3690e+05,2.4964e+05
2026-01-19T18:32:13.000Z,-9.9990e+02,-9.9990e+02,-9.9990e+02,-9.9990e+02,-9.9990e+02,-9.9990e+02,3.9406e+04,2.6828e+04,6.1048e+06,1.8071e+06,8.3690e+05,2.4964e+05
2026-01-19T18:32:25.000Z,-9.9990e+02,-9.9990e+02,-9.9990e+02,-9.9990e+02,-9.9990e+02,-9.9990e+02,3.9406e+04,2.7383e+04,6.4286e+06,1.9286e+06,9.0407e+05,2.7122e+05
2026-01-19T18:32:37.000Z,-9.9990e+02,-9.9990e+02,-9.9990e+02,-9.9990e+02,-9.9990e+02,-9.9990e+02,3.9406e+04,2.7383e+04,6.4286e+06,1.9286e+06,9.0407e+05,2.7122e+05
2026-01-19T18:32:49.000Z,-9.9990e+02,-9.9990e+02,-9.9990e+02,-9.9990e+02,-9.9990e+02,-9.9990e+02,4.0375e+04,2.7383e+04,6.7476e+06,2.0471e+06,9.6200e+05,2.8393e+05
2026-01-19T18:33:01.000Z,-9.9990e+02,-9.9990e+02,-9.9990e+02,-9.9990e+02,-9.9990e+02,-9.9990e+02,4.0375e+04,2.7383e+04,6.7476e+06,2.0471e+06,9.6200e+05,2.8393e+05
2026-01-19T18:33:14.000Z,-9.9990e+02,-9.9990e+02,-9.9990e+02,-9.9990e+02,-9.9990e+02,-9.9990e+02,4.1315e+04,2.6828e+04,6.7476e+06,2.0471e+06,9.6200e+05,2.8821e+05
2026-01-19T18:33:26.000Z,-9.9990e+02,-9.9990e+02,-9.9990e+02,-9.9990e+02,-9.9990e+02,-9.9990e+02,4.1315e+04,2.6828e+04,6.7476e+06,2.0471e+06,9.6200e+05,2.8821e+05
2026-01-19T18:33:38.000Z,-9.9990e+02,-9.9990e+02,-9.9990e+02,-9.9990e+02,-9.9990e+02,-9.9990e+02,-9.9990e+02,-9.9990e+02,-9.9990e+02,-9.9990e+02,-9.9990e+02,-9.9990e+02
2026-01-19T18:33:50.000Z,-9.9990e+02,-9.9990e+02,-9.9990e+02,-9.9990e+02,-9.9990e+02,-9.9990e+02,4.0375e+04,2.6836e+04,6.4238e+06,2.0000e+06,9.3710e+05,2.7969e+05
2026-01-19T18:34:02.000Z,-9.9990e+02,-9.9990e+02,-9.9990e+02,-9.9990e+02,-9.9990e+02,-9.9990e+02,4.0375e+04,2.6836e+04,6.4238e+06,2.0000e+06,9.3710e+05,2.7969e+05
2026-01-19T18:34:14.000Z,-9.9990e+02,-9.9990e+02,-9.9990e+02,-9.9990e+02,-9.9990e+02,-9.9990e+02,4.2284e+04,2.9620e+04,6.7476e+06,2.0957e+06,1.0040e+06,3.0546e+05
2026-01-19T18:34:26.000Z,-9.9990e+02,-9.9990e+02,-9.9990e+02,-9.9990e+02,-9.9990e+02,-9.9990e+02,4.2284e+04,2.9620e+04,6.7476e+06,2.0957e+06,1.0040e+06,3.0546e+05
2026-01-19T18:34:39.000Z,-9.9990e+02,-9.9990e+02,-9.9990e+02,-9.9990e+02,-9.9990e+02,-9.9990e+02,4.5190e+04,3.0755e+04,6.6714e+06,2.0743e+06,1.0050e+06,3.0143e+05
2026-01-19T18:34:51.000Z,-9.9990e+02,-9.9990e+02,-9.9990e+02,-9.9990e+02,-9.9990e+02,-9.9990e+02,4.5190e+04,3.0755e+04,6.6714e+06,2.0743e+06,1.0050e+06,3.0143e+05
2026-01-19T18:35:03.000Z,-9.9990e+02,-9.9990e+02,-9.9990e+02,-9.9990e+02,-9.9990e+02,-9.9990e+02,4.7099e+04,3.1293e+04,6.4238e+06,1.9757e+06,9.6200e+05,2.8393e+05
2026-01-19T18:35:15.000Z,-9.9990e+02,-9.9990e+02,-9.9990e+02,-9.9990e+02,-9.9990e+02,-9.9990e+02,4.7099e+04,3.1293e+04,6.4238e+06,1.9757e+06,9.6200e+05,2.8393e+05
2026-01-19T18:35:27.000Z,-9.9990e+02,-9.9990e+02,-9.9990e+02,-9.9990e+02,-9.9990e+02,-9.9990e+02,4.6131e+04,3.0738e+04,6.5857e+06,2.0243e+06,9.7867e+05,2.8821e+05
2026-01-19T18:35:39.000Z,-9.9990e+02,-9.9990e+02,-9.9990e+02,-9.9990e+02,-9.9990e+02,-9.9990e+02,4.6131e+04,3.0738e+04,6.5857e+06,2.0243e+06,9.7867e+05,2.8821e+05
2026-01-19T18:35:51.000Z,-9.9990e+02,-9.9990e+02,-9.9990e+02,-9.9990e+02,-9.9990e+02,-9.9990e+02,4.9008e+04,3.2412e+04,7.1476e+06,2.3129e+06,1.1548e+06,3.5286e+05
2026-01-19T18:36:04.000Z,-9.9990e+02,-9.9990e+02,-9.9990e+02,-9.9990e+02,-9.9990e+02,-9.9990e+02,4.9008e+04,3.2412e+04,7.1476e+06,2.3129e+06,1.1548e+06,3.5286e+05
2026-01-19T18:36:16.000Z,-9.9990e+02,-9.9990e+02,-9.9990e+02,-9.9990e+02,-9.9990e+02,-9.9990e+02,4.9977e+04,3.3531e+04,7.3095e+06,2.3614e+06,1.1716e+06,3.6577e+05
2026-01-19T18:36:28.000Z,-9.9990e+02,-9.9990e+02,-9.9990e+02,-9.9990e+02,-9.9990e+02,-9.9990e+02,4.9977e+04,3.3531e+04,7.3095e+06,2.3614e+06,1.1716e+06,3.6577e+05
2026-01-19T18:36:40.000Z,-9.9990e+02,-9.9990e+02,-9.9990e+02,-9.9990e+02,-9.9990e+02,-9.9990e+02,5.0946e+04,3.4094e+04,7.4714e+06,2.4100e+06,1.1885e+06,3.7434e+05
2026-01-19T18:36:52.000Z,-9.9990e+02,-9.9990e+02,-9.9990e+02,-9.9990e+02,-9.9990e+02,-9.9990e+02,5.0946e+04,3.4094e+04,7.4714e+06,2.4100e+06,1.1885e+06,3.7434e+05
2026-01-19T18:37:04.000Z,-9.9990e+02,-9.9990e+02,-9.9990e+02,-9.9990e+02,-9.9990e+02,-9.9990e+02,5.0946e+04,3.5212e+04,7.7095e+06,2.5543e+06,1.3046e+06,4.0439e+05
2026-01-19T18:37:16.000Z,-9.9990e+02,-9.9990e+02,-9.9990e+02,-9.9990e+02,-9.9990e+02,-9.9990e+02,5.0946e+04,3.5212e+04,7.7095e+06,2.5543e+06,1.3046e+06,4.0439e+05
2026-01-19T18:37:29.000Z,-9.9990e+02,-9.9990e+02,-9.9990e+02,-9.9990e+02,-9.9990e+02,-9.9990e+02,5.2855e+04,3.5768e+04,7.7952e+06,2.6029e+06,1.3056e+06,4.0888e+05
2026-01-19T18:37:41.000Z,-9.9990e+02,-9.9990e+02,-9.9990e+02,-9.9990e+02,-9.9990e+02,-9.9990e+02,5.2855e+04,3.5768e+04,7.7952e+06,2.6029e+06,1.3056e+06,4.0888e+05
2026-01-19T18:37:53.000Z,-9.9990e+02,-9.9990e+02,-9.9990e+02,-9.9990e+02,-9.9990e+02,-9.9990e+02,-9.9990e+02,-9.9990e+02,-9.9990e+02,-9.9990e+02,-9.9990e+02,-9.9990e+02
2026-01-19T18:38:05.000Z,-9.9990e+02,-9.9990e+02,-9.9990e+02,-9.9990e+02,-9.9990e+02,-9.9990e+02,5.2855e+04,3.5768e+04,7.6333e+06,2.5543e+06,1.2887e+06,4.0888e+05
2026-01-19T18:38:17.000Z,-9.9990e+02,-9.9990e+02,-9.9990e+02,-9.9990e+02,-9.9990e+02,-9.9990e+02,5.2855e+04,3.5768e+04,7.6333e+06,2.5543e+06,1.2887e+06,4.0888e+05
2026-01-19T18:38:29.000Z,-9.9990e+02,-9.9990e+02,-9.9990e+02,-9.9990e+02,-9.9990e+02,-9.9990e+02,5.1886e+04,3.5768e+04,7.7143e+06,2.5557e+06,1.2887e+06,4.0464e+05
2026-01-19T18:38:42.000Z,-9.9990e+02,-9.9990e+02,-9.9990e+02,-9.9990e+02,-9.9990e+02,-9.9990e+02,5.1886e+04,3.5768e+04,7.7143e+06,2.5557e+06,1.2887e+06,4.0464e+05
2026-01-19T18:38:54.000Z,-9.9990e+02,-9.9990e+02,-9.9990e+02,-9.9990e+02,-9.9990e+02,-9.9990e+02,5.2912e+04,3.6919e+04,7.7905e+06,2.5543e+06,1.3056e+06,4.0454e+05
2026-01-19T18:39:06.000Z,-9.9990e+02,-9.9990e+02,-9.9990e+02,-9.9990e+02,-9.9990e+02,-9.9990e+02,5.2912e+04,3.6919e+04,7.7905e+06,2.5543e+06,1.3056e+06,4.0454e+05
2026-01-19T18:39:18.000Z,-9.9990e+02,-9.9990e+02,-9.9990e+02,-9.9990e+02,-9.9990e+02,-9.9990e+02,5.3824e+04,3.6886e+04,7.8714e+06,2.6500e+06,1.3214e+06,4.2158e+05
2026-01-19T18:39:30.000Z,-9.9990e+02,-9.9990e+02,-9.9990e+02,-9.9990e+02,-9.9990e+02,-9.9990e+02,5.3824e+04,3.6886e+04,7.8714e+06,2.6500e+06,1.3214e+06,4.2158e+05
2026-01-19T18:39:42.000Z,-9.9990e+02,-9.9990e+02,-9.9990e+02,-9.9990e+02,-9.9990e+02,-9.9990e+02,5.3824e+04,3.8005e+04,8.1905e+06,2.7457e+06,1.3889e+06,4.3878e+05
2026-01-19T18:39:54.000Z,-9.9990e+02,-9.9990e+02,-9.9990e+02,-9.9990e+02,-9.9990e+02,-9.9990e+02,5.3824e+04,3.8005e+04,8.1905e+06,2.7457e+06,1.3889e+06,4.3878e+05
2026-01-19T18:40:07.000Z,-9.9990e+02,-9.9990e+02,-9.9990e+02,-9.9990e+02,-9.9990e+02,-9.9990e+02,5.3852e+04,3.8021e+04,8.3524e+06,2.7714e+06,1.3889e+06,4.3464e+05
2026-01-19T18:40:19.000Z,-9.9990e+02,-9.9990e+02,-9.9990e+02,-9.9990e+02,-9.9990e+02,-9.9990e+02,5.3852e+04,3.8021e+04,8.3524e+06,2.7714e+06,1.3889e+06,4.3464e+05
2026-01-19T18:40:31.000Z,-9.9990e+02,-9.9990e+02,-9.9990e+02,-9.9990e+02,-9.9990e+02,-9.9990e+02,5.3824e+04,3.8005e+04,8.1952e+06,2.6757e+06,1.3730e+06,4.3041e+05
2026-01-19T18:40:43.000Z,-9.9990e+02,-9.9990e+02,-9.9990e+02,-9.9990e+02,-9.9990e+02,-9.9990e+02,5.3824e+04,3.8005e+04,8.1952e+06,2.6757e+06,1.3730e+06,4.3041e+05
2026-01-19T18:40:55.000Z,-9.9990e+02,-9.9990e+02,-9.9990e+02,-9.9990e+02,-9.9990e+02,-9.9990e+02,5.3881e+04,3.8046e+04,8.1143e+06,2.7243e+06,1.3889e+06,4.3903e+05
2026-01-19T18:41:07.000Z,-9.9990e+02,-9.9990e+02,-9.9990e+02,-9.9990e+02,-9.9990e+02,-9.9990e+02,5.3881e+04,3.8046e+04,8.1143e+06,2.7243e+06,1.3889e+06,4.3903e+05
2026-01-19T18:41:19.000Z,-9.9990e+02,-9.9990e+02,-9.9990e+02,-9.9990e+02,-9.9990e+02,-9.9990e+02,5.3852e+04,3.8021e+04,8.3571e+06,2.8200e+06,1.4732e+06,4.6485e+05
2026-01-19T18:41:32.000Z,-9.9990e+02,-9.9990e+02,-9.9990e+02,-9.9990e+02,-9.9990e+02,-9.9990e+02,5.3852e+04,3.8021e+04,8.3571e+06,2.8200e+06,1.4732e+06,4.6485e+05
2026-01-19T18:41:44.000Z,-9.9990e+02,-9.9990e+02,-9.9990e+02,-9.9990e+02,-9.9990e+02,-9.9990e+02,5.3824e+04,3.8005e+04,8.6714e+06,2.9386e+06,1.5060e+06,4.8184e+05
2026-01-19T18:41:56.000Z,-9.9990e+02,-9.9990e+02,-9.9990e+02,-9.9990e+02,-9.9990e+02,-9.9990e+02,5.3824e+04,3.8005e+04,8.6714e+06,2.9386e+06,1.5060e+06,4.8184e+05
2026-01-19T18:42:08.000Z,-9.9990e+02,-9.9990e+02,-9.9990e+02,-9.9990e+02,-9.9990e+02,-9.9990e+02,-9.9990e+02,-9.9990e+02,-9.9990e+02,-9.9990e+02,-9.9990e+02,-9.9990e+02
2026-01-19T18:42:20.000Z,-9.9990e+02,-9.9990e+02,-9.9990e+02,-9.9990e+02,-9.9990e+02,-9.9990e+02,5.3852e+04,3.6903e+04,8.8333e+06,3.0357e+06,1.5397e+06,4.9485e+05
2026-01-19T18:42:32.000Z,-9.9990e+02,-9.9990e+02,-9.9990e+02,-9.9990e+02,-9.9990e+02,-9.9990e+02,5.3852e+04,3.6903e+04,8.8333e+06,3.0357e+06,1.5397e+06,4.9485e+05
2026-01-19T18:42:44.000Z,-9.9990e+02,-9.9990e+02,-9.9990e+02,-9.9990e+02,-9.9990e+02,-9.9990e+02,5.2884e+04,3.6903e+04,9.0000e+06,3.0129e+06,1.5565e+06,5.0357e+05
2026-01-19T18:42:57.000Z,-9.9990e+02,-9.9990e+02,-9.9990e+02,-9.9990e+02,-9.9990e+02,-9.9990e+02,5.2884e+04,3.6903e+04,9.0000e+06,3.0129e+06,1.5565e+06,5.0357e+05
2026-01-19T18:43:09.000Z,-9.9990e+02,-9.9990e+02,-9.9990e+02,-9.9990e+02,-9.9990e+02,-9.9990e+02,5.3824e+04,3.8005e+04,8.5905e+06,2.8914e+06,1.4891e+06,4.8184e+05
2026-01-19T18:43:21.000Z,-9.9990e+02,-9.9990e+02,-9.9990e+02,-9.9990e+02,-9.9990e+02,-9.9990e+02,5.3824e+04,3.8005e+04,8.5905e+06,2.8914e+06,1.4891e+06,4.8184e+05
2026-01-19T18:43:33.000Z,-9.9990e+02,-9.9990e+02,-9.9990e+02,-9.9990e+02,-9.9990e+02,-9.9990e+02,5.3852e+04,3.8021e+04,8.4381e+06,2.8457e+06,1.4732e+06,4.6939e+05
2026-01-19T18:43:45.000Z,-9.9990e+02,-9.9990e+02,-9.9990e+02,-9.9990e+02,-9.9990e+02,-9.9990e+02,5.3852e+04,3.8021e+04,8.4381e+06,2.8457e+06,1.4732e+06,4.6939e+05
2026-01-19T18:43:57.000Z,-9.9990e+02,-9.9990e+02,-9.9990e+02,-9.9990e+02,-9.9990e+02,-9.9990e+02,5.4764e+04,3.8005e+04,8.5143e+06,2.8429e+06,1.4385e+06,4.6031e+05
2026-01-19T18:44:09.000Z,-9.9990e+02,-9.9990e+02,-9.9990e+02,-9.9990e+02,-9.9990e+02,-9.9990e+02,5.4764e+04,3.8005e+04,8.5143e+06,2.8429e+06,1.4385e+06,4.6031e+05
2026-01-19T18:44:22.000Z,-9.9990e+02,-9.9990e+02,-9.9990e+02,-9.9990e+02,-9.9990e+02,-9.9990e+02,5.5733e+04,3.9123e+04,8.5952e+06,2.8914e+06,1.4722e+06,4.6893e+05
2026-01-19T18:44:34.000Z,-9.9990e+02,-9.9990e+02,-9.9990e+02,-9.9990e+02,-9.9990e+02,-9.9990e+02,5.5733e+04,3.9123e+04,8.5952e+06,2.8914e+06,1.4722e+06,4.6893e+05
2026-01-19T18:44:46.000Z,-9.9990e+02,-9.9990e+02,-9.9990e+02,-9.9990e+02,-9.9990e+02,-9.9990e+02,5.5733e+04,4.0242e+04,8.9143e+06,3.0114e+06,1.5556e+06,4.9046e+05
2026-01-19T18:44:58.000Z,-9.9990e+02,-9.9990e+02,-9.9990e+02,-9.9990e+02,-9.9990e+02,-9.9990e+02,5.5733e+04,4.0242e+04,8.9143e+06,3.0114e+06,1.5556e+06,4.9046e+05
2026-01-19T18:45:10.000Z,-9.9990e+02,-9.9990e+02,-9.9990e+02,-9.9990e+02,-9.9990e+02,-9.9990e+02,5.6730e+04,4.0258e+04,8.8381e+06,2.9886e+06,1.5565e+06,4.9500e+05
2026-01-19T18:45:22.000Z,-9.9990e+02,-9.9990e+02,-9.9990e+02,-9.9990e+02,-9.9990e+02,-9.9990e+02,5.6730e+04,4.0258e+04,8.8381e+06,2.9886e+06,1.5565e+06,4.9500e+05
2026-01-19T18:45:34.000Z,-9.9990e+02,-9.9990e+02,-9.9990e+02,-9.9990e+02,-9.9990e+02,-9.9990e+02,5.6702e+04,4.0242e+04,8.7571e+06,2.9643e+06,1.5060e+06,4.8194e+05
2026-01-19T18:45:47.000Z,-9.9990e+02,-9.9990e+02,-9.9990e+02,-9.9990e+02,-9.9990e+02,-9.9990e+02,5.6702e+04,4.0242e+04,8.7571e+06,2.9643e+06,1.5060e+06,4.8194e+05
2026-01-19T18:45:59.000Z,-9.9990e+02,-9.9990e+02,-9.9990e+02,-9.9990e+02,-9.9990e+02,-9.9990e+02,5.6702e+04,4.0242e+04,8.5952e+06,2.8914e+06,1.4722e+06,4.6464e+05
2026-01-19T18:46:11.000Z,-9.9990e+02,-9.9990e+02,-9.9990e+02,-9.9990e+02,-9.9990e+02,-9.9990e+02,5.6702e+04,4.0242e+04,8.5952e+06,2.8914e+06,1.4722e+06,4.6464e+05
2026-01-19T18:46:23.000Z,-9.9990e+02,-9.9990e+02,-9.9990e+02,-9.9990e+02,-9.9990e+02,-9.9990e+02,-9.9990e+02,-9.9990e+02,-9.9990e+02,-9.9990e+02,-9.9990e+02,-9.9990e+02
2026-01-19T18:46:35.000Z,-9.9990e+02,-9.9990e+02,-9.9990e+02,-9.9990e+02,-9.9990e+02,-9.9990e+02,5.8668e+04,4.0283e+04,1.0210e+07,3.6171e+06,1.9425e+06,6.1173e+05
2026-01-19T18:46:47.000Z,-9.9990e+02,-9.9990e+02,-9.9990e+02,-9.9990e+02,-9.9990e+02,-9.9990e+02,5.8668e+04,4.0283e+04,1.0210e+07,3.6171e+06,1.9425e+06,6.1173e+05
2026-01-19T18:46:59.000Z,-9.9990e+02,-9.9990e+02,-9.9990e+02,-9.9990e+02,-9.9990e+02,-9.9990e+02,5.7784e+04,4.0324e+04,1.0210e+07,3.6657e+06,2.0099e+06,6.3724e+05
2026-01-19T18:47:12.000Z,-9.9990e+02,-9.9990e+02,-9.9990e+02,-9.9990e+02,-9.9990e+02,-9.9990e+02,5.7784e+04,4.0324e+04,1.0210e+07,3.6657e+06,2.0099e+06,6.3724e+05
2026-01-19T18:47:24.000Z,-9.9990e+02,-9.9990e+02,-9.9990e+02,-9.9990e+02,-9.9990e+02,-9.9990e+02,5.8611e+04,4.1360e+04,1.0038e+07,3.6143e+06,1.9742e+06,6.3673e+05
2026-01-19T18:47:36.000Z,-9.9990e+02,-9.9990e+02,-9.9990e+02,-9.9990e+02,-9.9990e+02,-9.9990e+02,5.8611e+04,4.1360e+04,1.0038e+07,3.6143e+06,1.9742e+06,6.3673e+05
2026-01-19T18:47:48.000Z,-9.9990e+02,-9.9990e+02,-9.9990e+02,-9.9990e+02,-9.9990e+02,-9.9990e+02,5.8611e+04,4.1360e+04,9.9619e+06,3.5671e+06,2.0089e+06,6.3724e+05
2026-01-19T18:48:00.000Z,-9.9990e+02,-9.9990e+02,-9.9990e+02,-9.9990e+02,-9.9990e+02,-9.9990e+02,5.8611e+04,4.1360e+04,9.9619e+06,3.5671e+06,2.0089e+06,6.3724e+05
2026-01-19T18:48:12.000Z,-9.9990e+02,-9.9990e+02,-9.9990e+02,-9.9990e+02,-9.9990e+02,-9.9990e+02,5.8725e+04,4.1443e+04,9.8857e+06,3.6171e+06,1.9931e+06,6.3724e+05
2026-01-19T18:48:24.000Z,-9.9990e+02,-9.9990e+02,-9.9990e+02,-9.9990e+02,-9.9990e+02,-9.9990e+02,5.8725e+04,4.1443e+04,9.8857e+06,3.6171e+06,1.9931e+06,6.3724e+05
2026-01-19T18:48:37.000Z,-9.9990e+02,-9.9990e+02,-9.9990e+02,-9.9990e+02,-9.9990e+02,-9.9990e+02,5.9579e+04,4.2479e+04,9.9667e+06,3.6643e+06,2.0764e+06,6.8878e+05
2026-01-19T18:48:49.000Z,-9.9990e+02,-9.9990e+02,-9.9990e+02,-9.9990e+02,-9.9990e+02,-9.9990e+02,5.9579e+04,4.2479e+04,9.9667e+06,3.6643e+06,2.0764e+06,6.8878e+05
2026-01-19T18:49:01.000Z,-9.9990e+02,-9.9990e+02,-9.9990e+02,-9.9990e+02,-9.9990e+02,-9.9990e+02,6.1517e+04,4.3597e+04,1.0443e+07,3.9043e+06,2.1756e+06,7.3163e+05
2026-01-19T18:49:13.000Z,-9.9990e+02,-9.9990e+02,-9.9990e+02,-9.9990e+02,-9.9990e+02,-9.9990e+02,6.1517e+04,4.3597e+04,1.0443e+07,3.9043e+06,2.1756e+06,7.3163e+05
2026-01-19T18:49:25.000Z,-9.9990e+02,-9.9990e+02,-9.9990e+02,-9.9990e+02,-9.9990e+02,-9.9990e+02,6.1517e+04,4.4716e+04,1.0929e+07,4.0500e+06,2.2768e+06,7.5765e+05
2026-01-19T18:49:37.000Z,-9.9990e+02,-9.9990e+02,-9.9990e+02,-9.9990e+02,-9.9990e+02,-9.9990e+02,6.1517e+04,4.4716e+04,1.0929e+07,4.0500e+06,2.2768e+06,7.5765e+05
2026-01-19T18:49:49.000Z,-9.9990e+02,-9.9990e+02,-9.9990e+02,-9.9990e+02,-9.9990e+02,-9.9990e+02,6.1517e+04,4.6944e+04,1.1248e+07,4.1929e+06,2.3760e+06,8.0051e+05
2026-01-19T18:50:02.000Z,-9.9990e+02,-9.9990e+02,-9.9990e+02,-9.9990e+02,-9.9990e+02,-9.9990e+02,6.1517e+04,4.6944e+04,1.1248e+07,4.1929e+06,2.3760e+06,8.0051e+05
2026-01-19T18:50:14.000Z,-9.9990e+02,-9.9990e+02,-9.9990e+02,-9.9990e+02,-9.9990e+02,-9.9990e+02,6.1517e+04,4.6944e+04,1.1243e+07,4.3371e+06,2.4425e+06,8.4337e+05
2026-01-19T18:50:26.000Z,-9.9990e+02,-9.9990e+02,-9.9990e+02,-9.9990e+02,-9.9990e+02,-9.9990e+02,6.1517e+04,4.6944e+04,1.1243e+07,4.3371e+06,2.4425e+06,8.4337e+05
2026-01-19T18:50:38.000Z,-9.9990e+02,-9.9990e+02,-9.9990e+02,-9.9990e+02,-9.9990e+02,-9.9990e+02,-9.9990e+02,-9.9990e+02,-9.9990e+02,-9.9990e+02,-9.9990e+02,-9.9990e+02
2026-01-19T18:50:50.000Z,-9.9990e+02,-9.9990e+02,-9.9990e+02,-9.9990e+02,-9.9990e+02,-9.9990e+02,6.1517e+04,4.8063e+04,1.1090e+07,4.3400e+06,2.4782e+06,8.4388e+05
2026-01-19T18:51:02.000Z,-9.9990e+02,-9.9990e+02,-9.9990e+02,-9.9990e+02,-9.9990e+02,-9.9990e+02,6.1517e+04,4.8063e+04,1.1090e+07,4.3400e+06,2.4782e+06,8.4388e+05
2026-01-19T18:51:14.000Z,-9.9990e+02,-9.9990e+02,-9.9990e+02,-9.9990e+02,-9.9990e+02,-9.9990e+02,6.1545e+04,4.9206e+04,1.0924e+07,4.2886e+06,2.4435e+06,8.5204e+05
2026-01-19T18:51:27.000Z,-9.9990e+02,-9.9990e+02,-9.9990e+02,-9.9990e+02,-9.9990e+02,-9.9990e+02,6.1545e+04,4.9206e+04,1.0924e+07,4.2886e+06,2.4435e+06,8.5204e+05
2026-01-19T18:51:39.000Z,-9.9990e+02,-9.9990e+02,-9.9990e+02,-9.9990e+02,-9.9990e+02,-9.9990e+02,6.3455e+04,4.9206e+04,1.0924e+07,4.1929e+06,2.4435e+06,8.5204e+05
2026-01-19T18:51:51.000Z,-9.9990e+02,-9.9990e+02,-9.9990e+02,-9.9990e+02,-9.9990e+02,-9.9990e+02,6.3455e+04,4.9206e+04,1.0924e+07,4.1929e+06,2.4435e+06,8.5204e+05
2026-01-19T18:52:03.000Z,-9.9990e+02,-9.9990e+02,-9.9990e+02,-9.9990e+02,-9.9990e+02,-9.9990e+02,6.3426e+04,5.0300e+04,1.0762e+07,4.1914e+06,2.4762e+06,8.5153e+05
2026-01-19T18:52:15.000Z,-9.9990e+02,-9.9990e+02,-9.9990e+02,-9.9990e+02,-9.9990e+02,-9.9990e+02,6.3426e+04,5.0300e+04,1.0762e+07,4.1914e+06,2.4762e+06,8.5153e+05
2026-01-19T18:52:27.000Z,-9.9990e+02,-9.9990e+02,-9.9990e+02,-9.9990e+02,-9.9990e+02,-9.9990e+02,6.3426e+04,5.0300e+04,1.1248e+07,4.3386e+06,2.5446e+06,8.7806e+05
2026-01-19T18:52:39.000Z,-9.9990e+02,-9.9990e+02,-9.9990e+02,-9.9990e+02,-9.9990e+02,-9.9990e+02,6.3426e+04,5.0300e+04,1.1248e+07,4.3386e+06,2.5446e+06,8.7806e+05
2026-01-19T18:52:52.000Z,-9.9990e+02,-9.9990e+02,-9.9990e+02,-9.9990e+02,-9.9990e+02,-9.9990e+02,6.5392e+04,5.1443e+04,1.1405e+07,4.4343e+06,2.5774e+06,8.9490e+05
2026-01-19T18:53:04.000Z,-9.9990e+02,-9.9990e+02,-9.9990e+02,-9.9990e+02,-9.9990e+02,-9.9990e+02,6.5392e+04,5.1443e+04,1.1405e+07,4.4343e+06,2.5774e+06,8.9490e+05
2026-01-19T18:53:16.000Z,-9.9990e+02,-9.9990e+02,-9.9990e+02,-9.9990e+02,-9.9990e+02,-9.9990e+02,6.5364e+04,5.1418e+04,1.1243e+07,4.4329e+06,2.5764e+06,8.9490e+05
2026-01-19T18:53:28.000Z,-9.9990e+02,-9.9990e+02,-9.9990e+02,-9.9990e+02,-9.9990e+02,-9.9990e+02,6.5364e+04,5.1418e+04,1.1243e+07,4.4329e+06,2.5764e+06,8.9490e+05
2026-01-19T18:53:40.000Z,-9.9990e+02,-9.9990e+02,-9.9990e+02,-9.9990e+02,-9.9990e+02,-9.9990e+02,6.7273e+04,5.1418e+04,1.1086e+07,4.3871e+06,2.5774e+06,9.1276e+05
2026-01-19T18:53:52.000Z,-9.9990e+02,-9.9990e+02,-9.9990e+02,-9.9990e+02,-9.9990e+02,-9.9990e+02,6.7273e+04,5.1418e+04,1.1086e+07,4.3871e+06,2.5774e+06,9.1276e+05
2026-01-19T18:54:04.000Z,-9.9990e+02,-9.9990e+02,-9.9990e+02,-9.9990e+02,-9.9990e+02,-9.9990e+02,6.5364e+04,5.1418e+04,1.0929e+07,4.3871e+06,2.7113e+06,9.5561e+05
2026-01-19T18:54:17.000Z,-9.9990e+02,-9.9990e+02,-9.9990e+02,-9.9990e+02,-9.9990e+02,-9.9990e+02,6.5364e+04,5.1418e+04,1.0929e+07,4.3871e+06,2.7113e+06,9.5561e+05
2026-01-19T18:54:29.000Z,-9.9990e+02,-9.9990e+02,-9.9990e+02,-9.9990e+02,-9.9990e+02,-9.9990e+02,6.7273e+04,5.3655e+04,1.0924e+07,4.4814e+06,2.8442e+06,1.0842e+06
2026-01-19T18:54:41.000Z,-9.9990e+02,-9.9990e+02,-9.9990e+02,-9.9990e+02,-9.9990e+02,-9.9990e+02,6.7273e+04,5.3655e+04,1.0924e+07,4.4814e+06,2.8442e+06,1.0842e+06
2026-01-19T18:54:53.000Z,-9.9990e+02,-9.9990e+02,-9.9990e+02,-9.9990e+02,-9.9990e+02,-9.9990e+02,-9.9990e+02,-9.9990e+02,-9.9990e+02,-9.9990e+02,-9.9990e+02,-9.9990e+02
2026-01-19T18:55:05.000Z,-9.9990e+02,-9.9990e+02,-9.9990e+02,-9.9990e+02,-9.9990e+02,-9.9990e+02,6.9182e+04,5.2537e+04,1.0929e+07,4.6757e+06,2.9792e+06,1.1020e+06
2026-01-19T18:55:17.000Z,-9.9990e+02,-9.9990e+02,-9.9990e+02,-9.9990e+02,-9.9990e+02,-9.9990e+02,6.9182e+04,5.2537e+04,1.0929e+07,4.6757e+06,2.9792e+06,1.1020e+06
2026-01-19T18:55:29.000Z,-9.9990e+02,-9.9990e+02,-9.9990e+02,-9.9990e+02,-9.9990e+02,-9.9990e+02,6.5392e+04,5.1443e+04,1.1567e+07,4.9643e+06,3.2133e+06,1.2219e+06
2026-01-19T18:55:42.000Z,-9.9990e+02,-9.9990e+02,-9.9990e+02,-9.9990e+02,-9.9990e+02,-9.9990e+02,6.5392e+04,5.1443e+04,1.1567e+07,4.9643e+06,3.2133e+06,1.2219e+06
2026-01-19T18:55:54.000Z,-9.9990e+02,-9.9990e+02,-9.9990e+02,-9.9990e+02,-9.9990e+02,-9.9990e+02,6.5335e+04,5.0300e+04,1.1562e+07,5.2514e+06,3.5129e+06,1.3423e+06
2026-01-19T18:56:06.000Z,-9.9990e+02,-9.9990e+02,-9.9990e+02,-9.9990e+02,-9.9990e+02,-9.9990e+02,6.5335e+04,5.0300e+04,1.1562e+07,5.2514e+06,3.5129e+06,1.3423e+06
2026-01-19T18:56:18.000Z,-9.9990e+02,-9.9990e+02,-9.9990e+02,-9.9990e+02,-9.9990e+02,-9.9990e+02,6.3540e+04,4.7036e+04,1.1900e+07,5.4529e+06,3.7867e+06,1.5510e+06
2026-01-19T18:56:30.000Z,-9.9990e+02,-9.9990e+02,-9.9990e+02,-9.9990e+02,-9.9990e+02,-9.9990e+02,6.3540e+04,4.7036e+04,1.1900e+07,5.4529e+06,3.7867e+06,1.5510e+06
2026-01-19T18:56:42.000Z,-9.9990e+02,-9.9990e+02,-9.9990e+02,-9.9990e+02,-9.9990e+02,-9.9990e+02,6.3426e+04,4.8063e+04,1.2048e+07,5.6371e+06,3.8482e+06,1.5143e+06
2026-01-19T18:56:54.000Z,-9.9990e+02,-9.9990e+02,-9.9990e+02,-9.9990e+02,-9.9990e+02,-9.9990e+02,6.3426e+04,4.8063e+04,1.2048e+07,5.6371e+06,3.8482e+06,1.5143e+06
2026-01-19T18:57:07.000Z,-9.9990e+02,-9.9990e+02,-9.9990e+02,-9.9990e+02,-9.9990e+02,-9.9990e+02,6.1545e+04,4.4732e+04,1.2214e+07,5.8814e+06,4.1845e+06,1.7735e+06
2026-01-19T18:57:19.000Z,-9.9990e+02,-9.9990e+02,-9.9990e+02,-9.9990e+02,-9.9990e+02,-9.9990e+02,6.1545e+04,4.4732e+04,1.2214e+07,5.8814e+06,4.1845e+06,1.7735e+06
2026-01-19T18:57:31.000Z,-9.9990e+02,-9.9990e+02,-9.9990e+02,-9.9990e+02,-9.9990e+02,-9.9990e+02,6.1545e+04,4.2495e+04,1.1729e+07,5.8329e+06,4.2847e+06,2.0316e+06
2026-01-19T18:57:43.000Z,-9.9990e+02,-9.9990e+02,-9.9990e+02,-9.9990e+02,-9.9990e+02,-9.9990e+02,6.1545e+04,4.2495e+04,1.1729e+07,5.8329e+06,4.2847e+06,2.0316e+06
2026-01-19T18:57:55.000Z,-9.9990e+02,-9.9990e+02,-9.9990e+02,-9.9990e+02,-9.9990e+02,-9.9990e+02,6.1517e+04,4.2479e+04,1.0200e+07,5.2043e+06,4.5506e+06,2.5811e+06
2026-01-19T18:58:07.000Z,-9.9990e+02,-9.9990e+02,-9.9990e+02,-9.9990e+02,-9.9990e+02,-9.9990e+02,6.1517e+04,4.2479e+04,1.0200e+07,5.2043e+06,4.5506e+06,2.5811e+06
2026-01-19T18:58:19.000Z,-9.9990e+02,-9.9990e+02,-9.9990e+02,-9.9990e+02,-9.9990e+02,-9.9990e+02,6.1574e+04,4.0275e+04,1.0124e+07,5.1114e+06,4.5536e+06,2.6173e+06
2026-01-19T18:58:32.000Z,-9.9990e+02,-9.9990e+02,-9.9990e+02,-9.9990e+02,-9.9990e+02,-9.9990e+02,6.1574e+04,4.0275e+04,1.0124e+07,5.1114e+06,4.5536e+06,2.6173e+06
2026-01-19T18:58:44.000Z,-9.9990e+02,-9.9990e+02,-9.9990e+02,-9.9990e+02,-9.9990e+02,-9.9990e+02,5.9579e+04,3.8005e+04,1.1405e+07,5.4443e+06,4.0149e+06,1.7898e+06
2026-01-19T18:58:56.000Z,-9.9990e+02,-9.9990e+02,-9.9990e+02,-9.9990e+02,-9.9990e+02,-9.9990e+02,5.9579e+04,3.8005e+04,1.1405e+07,5.4443e+06,4.0149e+06,1.7898e+06
2026-01-19T18:59:08.000Z,-9.9990e+02,-9.9990e+02,-9.9990e+02,-9.9990e+02,-9.9990e+02,-9.9990e+02,-9.9990e+02,-9.9990e+02,-9.9990e+02,-9.9990e+02,-9.9990e+02,-9.9990e+02
2026-01-19T18:59:20.000Z,-9.9990e+02,-9.9990e+02,-9.9990e+02,-9.9990e+02,-9.9990e+02,-9.9990e+02,7.3028e+04,5.0300e+04,9.9619e+06,4.9643e+06,4.5516e+06,2.8230e+06
2026-01-19T18:59:32.000Z,-9.9990e+02,-9.9990e+02,-9.9990e+02,-9.9990e+02,-9.9990e+02,-9.9990e+02,7.3028e+04,5.0300e+04,9.9619e+06,4.9643e+06,4.5516e+06,2.8230e+06
2026-01-19T18:59:44.000Z,-9.9990e+02,-9.9990e+02,-9.9990e+02,-9.9990e+02,-9.9990e+02,-9.9990e+02,6.1545e+04,4.0258e+04,1.1005e+07,5.3971e+06,4.5179e+06,2.5301e+06
2026-01-19T18:59:57.000Z,-9.9990e+02,-9.9990e+02,-9.9990e+02,-9.9990e+02,-9.9990e+02,-9.9990e+02,6.1545e+04,4.0258e+04,1.1005e+07,5.3971e+06,4.5179e+06,2.5301e+06
2026-01-19T19:00:09.000Z,-9.9990e+02,-9.9990e+02,-9.9990e+02,-9.9990e+02,-9.9990e+02,-9.9990e+02,7.3028e+04,5.1418e+04,1.1405e+07,5.5414e+06,4.3502e+06,2.2026e+06
2026-01-19T19:00:21.000Z,-9.9990e+02,-9.9990e+02,-9.9990e+02,-9.9990e+02,-9.9990e+02,-9.9990e+02,7.3028e+04,5.1418e+04,1.1405e+07,5.5414e+06,4.3502e+06,2.2026e+06
2026-01-19T19:00:33.000Z,-9.9990e+02,-9.9990e+02,-9.9990e+02,-9.9990e+02,-9.9990e+02,-9.9990e+02,9.4170e+04,6.4269e+03,1.0119e+07,5.0586e+06,4.4841e+06,2.5811e+06
2026-01-19T19:00:45.000Z,-9.9990e+02,-9.9990e+02,-9.9990e+02,-9.9990e+02,-9.9990e+02,-9.9990e+02,9.4170e+04,6.4269e+03,1.0119e+07,5.0586e+06,4.4841e+06,2.5811e+06
2026-01-19T19:00:57.000Z,-9.9990e+02,-9.9990e+02,-9.9990e+02,-9.9990e+02,-9.9990e+02,-9.9990e+02,9.9954e+04,7.1262e+03,1.0281e+07,5.1071e+06,4.5506e+06,2.5469e+06
2026-01-19T19:01:10.000Z,-9.9990e+02,-9.9990e+02,-9.9990e+02,-9.9990e+02,-9.9990e+02,-9.9990e+02,9.9954e+04,7.1262e+03,1.0281e+07,5.1071e+06,4.5506e+06,2.5469e+06
2026-01-19T19:01:22.000Z,-9.9990e+02,-9.9990e+02,-9.9990e+02,-9.9990e+02,-9.9990e+02,-9.9990e+02,-9.9990e+02,-9.9990e+02,-9.9990e+02,-9.9990e+02,-9.9990e+02,-9.9990e+02
2026-01-19T19:01:34.000Z,-9.9990e+02,-9.9990e+02,-9.9990e+02,-9.9990e+02,-9.9990e+02,-9.9990e+02,1.0001e+05,8.8073e+03,9.9619e+06,4.9157e+06,4.5526e+06,2.7199e+06
2026-01-19T19:01:46.000Z,-9.9990e+02,-9.9990e+02,-9.9990e+02,-9.9990e+02,-9.9990e+02,-9.9990e+02,1.0001e+05,8.8073e+03,9.9619e+06,4.9157e+06,4.5526e+06,2.7199e+06
2026-01-19T19:01:58.000Z,-9.9990e+02,-9.9990e+02,-9.9990e+02,-9.9990e+02,-9.9990e+02,-9.9990e+02,9.9954e+04,7.4062e+03,1.0124e+07,5.0629e+06,4.5536e+06,2.6515e+06
2026-01-19T19:02:10.000Z,-9.9990e+02,-9.9990e+02,-9.9990e+02,-9.9990e+02,-9.9990e+02,-9.9990e+02,9.9954e+04,7.4062e+03,1.0124e+07,5.0629e+06,4.5536e+06,2.6515e+06
2026-01-19T19:02:22.000Z,-9.9990e+02,-9.9990e+02,-9.9990e+02,-9.9990e+02,-9.9990e+02,-9.9990e+02,9.9954e+04,2.7598e+03,1.0281e+07,5.2057e+06,4.5526e+06,2.4786e+06
2026-01-19T19:02:35.000Z,-9.9990e+02,-9.9990e+02,-9.9990e+02,-9.9990e+02,-9.9990e+02,-9.9990e+02,9.9954e+04,2.7598e+03,1.0281e+07,5.2057e+06,4.5526e+06,2.4786e+06
2026-01-19T19:02:47.000Z,-9.9990e+02,-9.9990e+02,-9.9990e+02,-9.9990e+02,-9.9990e+02,-9.9990e+02,1.0001e+05,3.2155e+03,1.0605e+07,5.3500e+06,4.5526e+06,2.4444e+06
2026-01-19T19:02:59.000Z,-9.9990e+02,-9.9990e+02,-9.9990e+02,-9.9990e+02,-9.9990e+02,-9.9990e+02,1.0001e+05,3.2155e+03,1.0605e+07,5.3500e+06,4.5526e+06,2.4444e+06
2026-01-19T19:03:11.000Z,-9.9990e+02,-9.9990e+02,-9.9990e+02,-9.9990e+02,-9.9990e+02,-9.9990e+02,9.9954e+04,2.9694e+03,1.0762e+07,5.3486e+06,4.5506e+06,2.3750e+06
2026-01-19T19:03:23.000Z,-9.9990e+02,-9.9990e+02,-9.9990e+02,-9.9990e+02,-9.9990e+02,-9.9990e+02,9.9954e+04,2.9694e+03,1.0762e+07,5.3486e+06,4.5506e+06,2.3750e+06
2026-01-19T19:03:35.000Z,-9.9990e+02,-9.9990e+02,-9.9990e+02,-9.9990e+02,-9.9990e+02,-9.9990e+02,9.9983e+04,3.1451e+03,1.0938e+07,5.4043e+06,4.5575e+06,2.3439e+06
2026-01-19T19:03:47.000Z,-9.9990e+02,-9.9990e+02,-9.9990e+02,-9.9990e+02,-9.9990e+02,-9.9990e+02,9.9983e+04,3.1451e+03,1.0938e+07,5.4043e+06,4.5575e+06,2.3439e+06
2026-01-19T19:04:00.000Z,-9.9990e+02,-9.9990e+02,-9.9990e+02,-9.9990e+02,-9.9990e+02,-9.9990e+02,9.9954e+04,3.9819e+03,1.0924e+07,5.3971e+06,4.5516e+06,2.3408e+06
2026-01-19T19:04:12.000Z,-9.9990e+02,-9.9990e+02,-9.9990e+02,-9.9990e+02,-9.9990e+02,-9.9990e+02,9.9954e+04,3.9819e+03,1.0924e+07,5.3971e+06,4.5516e+06,2.3408e+06
2026-01-19T19:04:24.000Z,-9.9990e+02,-9.9990e+02,-9.9990e+02,-9.9990e+02,-9.9990e+02,-9.9990e+02,9.8017e+04,3.4475e+04,1.0919e+07,5.3971e+06,4.5506e+06,2.4092e+06
2026-01-19T19:04:36.000Z,-9.9990e+02,-9.9990e+02,-9.9990e+02,-9.9990e+02,-9.9990e+02,-9.9990e+02,9.8017e+04,3.4475e+04,1.0919e+07,5.3971e+06,4.5506e+06,2.4092e+06
2026-01-19T19:04:48.000Z,-9.9990e+02,-9.9990e+02,-9.9990e+02,-9.9990e+02,-9.9990e+02,-9.9990e+02,9.8017e+04,3.3580e+04,1.0281e+07,5.2043e+06,4.5506e+06,2.5811e+06
2026-01-19T19:05:00.000Z,-9.9990e+02,-9.9990e+02,-9.9990e+02,-9.9990e+02,-9.9990e+02,-9.9990e+02,9.8017e+04,3.3580e+04,1.0281e+07,5.2043e+06,4.5506e+06,2.5811e+06
2026-01-19T19:05:12.000Z,-9.9990e+02,-9.9990e+02,-9.9990e+02,-9.9990e+02,-9.9990e+02,-9.9990e+02,9.9954e+04,3.0738e+03,1.0281e+07,5.2043e+06,4.5506e+06,2.4781e+06
2026-01-19T19:05:25.000Z,-9.9990e+02,-9.9990e+02,-9.9990e+02,-9.9990e+02,-9.9990e+02,-9.9990e+02,9.9954e+04,3.0738e+03,1.0281e+07,5.2043e+06,4.5506e+06,2.4781e+06
2026-01-19T19:05:37.000Z,-9.9990e+02,-9.9990e+02,-9.9990e+02,-9.9990e+02,-9.9990e+02,-9.9990e+02,-9.9990e+02,-9.9990e+02,-9.9990e+02,-9.9990e+02,-9.9990e+02,-9.9990e+02
2026-01-19T19:05:49.000Z,-9.9990e+02,-9.9990e+02,-9.9990e+02,-9.9990e+02,-9.9990e+02,-9.9990e+02,9.9954e+04,3.5983e+03,1.0200e+07,5.0614e+06,4.5526e+06,2.6163e+06
2026-01-19T19:06:01.000Z,-9.9990e+02,-9.9990e+02,-9.9990e+02,-9.9990e+02,-9.9990e+02,-9.9990e+02,9.9954e+04,3.5983e+03,1.0200e+07,5.0614e+06,4.5526e+06,2.6163e+06
2026-01-19T19:06:13.000Z,-9.9990e+02,-9.9990e+02,-9.9990e+02,-9.9990e+02,-9.9990e+02,-9.9990e+02,9.6108e+04,3.3937e+04,9.8857e+06,4.9200e+06,4.5556e+06,2.7908e+06
2026-01-19T19:06:25.000Z,-9.9990e+02,-9.9990e+02,-9.9990e+02,-9.9990e+02,-9.9990e+02,-9.9990e+02,9.6108e+04,3.3937e+04,9.8857e+06,4.9200e+06,4.5556e+06,2.7908e+06
2026-01-19T19:06:37.000Z,-9.9990e+02,-9.9990e+02,-9.9990e+02,-9.9990e+02,-9.9990e+02,-9.9990e+02,1.0001e+05,6.8221e+04,1.0124e+07,5.0629e+06,4.5536e+06,2.6862e+06
2026-01-19T19:06:50.000Z,-9.9990e+02,-9.9990e+02,-9.9990e+02,-9.9990e+02,-9.9990e+02,-9.9990e+02,1.0001e+05,6.8221e+04,1.0124e+07,5.0629e+06,4.5536e+06,2.6862e+06
2026-01-19T19:07:02.000Z,-9.9990e+02,-9.9990e+02,-9.9990e+02,-9.9990e+02,-9.9990e+02,-9.9990e+02,1.0001e+05,6.7102e+04,1.0200e+07,5.0614e+06,4.5526e+06,2.6510e+06
2026-01-19T19:07:14.000Z,-9.9990e+02,-9.9990e+02,-9.9990e+02,-9.9990e+02,-9.9990e+02,-9.9990e+02,1.0001e+05,6.7102e+04,1.0200e+07,5.0614e+06,4.5526e+06,2.6510e+06
2026-01-19T19:07:26.000Z,-9.9990e+02,-9.9990e+02,-9.9990e+02,-9.9990e+02,-9.9990e+02,-9.9990e+02,9.9954e+04,6.5959e+04,1.0681e+07,5.3000e+06,4.4841e+06,2.4439e+06
2026-01-19T19:07:38.000Z,-9.9990e+02,-9.9990e+02,-9.9990e+02,-9.9990e+02,-9.9990e+02,-9.9990e+02,9.9954e+04,6.5959e+04,1.0681e+07,5.3000e+06,4.4841e+06,2.4439e+06
2026-01-19T19:07:50.000Z,-9.9990e+02,-9.9990e+02,-9.9990e+02,-9.9990e+02,-9.9990e+02,-9.9990e+02,9.8131e+04,6.1543e+04,1.0929e+07,5.4000e+06,4.5526e+06,2.3413e+06
2026-01-19T19:08:02.000Z,-9.9990e+02,-9.9990e+02,-9.9990e+02,-9.9990e+02,-9.9990e+02,-9.9990e+02,9.8131e+04,6.1543e+04,1.0929e+07,5.4000e+06,4.5526e+06,2.3413e+06
2026-01-19T19:08:15.000Z,-9.9990e+02,-9.9990e+02,-9.9990e+02,-9.9990e+02,-9.9990e+02,-9.9990e+02,9.8017e+04,6.1485e+04,1.0924e+07,5.4943e+06,4.5516e+06,2.3066e+06
2026-01-19T19:08:27.000Z,-9.9990e+02,-9.9990e+02,-9.9990e+02,-9.9990e+02,-9.9990e+02,-9.9990e+02,9.8017e+04,6.1485e+04,1.0924e+07,5.4943e+06,4.5516e+06,2.3066e+06
2026-01-19T19:08:39.000Z,-9.9990e+02,-9.9990e+02,-9.9990e+02,-9.9990e+02,-9.9990e+02,-9.9990e+02,9.8188e+04,6.2695e+04,1.0933e+07,5.4014e+06,4.5556e+06,2.3770e+06
2026-01-19T19:08:51.000Z,-9.9990e+02,-9.9990e+02,-9.9990e+02,-9.9990e+02,-9.9990e+02,-9.9990e+02,9.8188e+04,6.2695e+04,1.0933e+07,5.4014e+06,4.5556e+06,2.3770e+06
2026-01-19T19:09:03.000Z,-9.9990e+02,-9.9990e+02,-9.9990e+02,-9.9990e+02,-9.9990e+02,-9.9990e+02,9.6108e+04,6.1485e+04,1.0924e+07,5.5414e+06,4.5506e+06,2.3061e+06
2026-01-19T19:09:15.000Z,-9.9990e+02,-9.9990e+02,-9.9990e+02,-9.9990e+02,-9.9990e+02,-9.9990e+02,9.6108e+04,6.1485e+04,1.0924e+07,5.5414e+06,4.5506e+06,2.3061e+06
2026-01-19T19:09:27.000Z,-9.9990e+02,-9.9990e+02,-9.9990e+02,-9.9990e+02,-9.9990e+02,-9.9990e+02,9.6108e+04,6.1485e+04,1.0924e+07,5.5900e+06,4.5506e+06,2.3061e+06
2026-01-19T19:09:40.000Z,-9.9990e+02,-9.9990e+02,-9.9990e+02,-9.9990e+02,-9.9990e+02,-9.9990e+02,9.6108e+04,6.1485e+04,1.0924e+07,5.5900e+06,4.5506e+06,2.3061e+06
2026-01-19T19:09:52.000Z,-9.9990e+02,-9.9990e+02,-9.9990e+02,-9.9990e+02,-9.9990e+02,-9.9990e+02,-9.9990e+02,-9.9990e+02,-9.9990e+02,-9.9990e+02,-9.9990e+02,-9.9990e+02
2026-01-19T19:10:04.000Z,-9.9990e+02,-9.9990e+02,-9.9990e+02,-9.9990e+02,-9.9990e+02,-9.9990e+02,9.8074e+04,6.1510e+04,1.0929e+07,5.4486e+06,4.5546e+06,2.3765e+06
2026-01-19T19:10:16.000Z,-9.9990e+02,-9.9990e+02,-9.9990e+02,-9.9990e+02,-9.9990e+02,-9.9990e+02,9.8074e+04,6.1510e+04,1.0929e+07,5.4486e+06,4.5546e+06,2.3765e+06
2026-01-19T19:10:28.000Z,-9.9990e+02,-9.9990e+02,-9.9990e+02,-9.9990e+02,-9.9990e+02,-9.9990e+02,9.6336e+04,6.1626e+04,1.1095e+07,5.5957e+06,4.4891e+06,2.2056e+06
2026-01-19T19:10:40.000Z,-9.9990e+02,-9.9990e+02,-9.9990e+02,-9.9990e+02,-9.9990e+02,-9.9990e+02,9.6336e+04,6.1626e+04,1.1095e+07,5.5957e+06,4.4891e+06,2.2056e+06
2026-01-19T19:10:52.000Z,-9.9990e+02,-9.9990e+02,-9.9990e+02,-9.9990e+02,-9.9990e+02,-9.9990e+02,9.8017e+04,6.2595e+04,1.1248e+07,5.5914e+06,4.4177e+06,2.2378e+06
2026-01-19T19:11:05.000Z,-9.9990e+02,-9.9990e+02,-9.9990e+02,-9.9990e+02,-9.9990e+02,-9.9990e+02,9.8017e+04,6.2595e+04,1.1248e+07,5.5914e+06,4.4177e+06,2.2378e+06
2026-01-19T19:11:17.000Z,-9.9990e+02,-9.9990e+02,-9.9990e+02,-9.9990e+02,-9.9990e+02,-9.9990e+02,9.8017e+04,6.1477e+04,1.0924e+07,5.5900e+06,4.5506e+06,2.2714e+06
2026-01-19T19:11:29.000Z,-9.9990e+02,-9.9990e+02,-9.9990e+02,-9.9990e+02,-9.9990e+02,-9.9990e+02,9.8017e+04,6.1477e+04,1.0924e+07,5.5900e+06,4.5506e+06,2.2714e+06
2026-01-19T19:11:41.000Z,-9.9990e+02,-9.9990e+02,-9.9990e+02,-9.9990e+02,-9.9990e+02,-9.9990e+02,9.8074e+04,6.2628e+04,1.1086e+07,5.5914e+06,4.4851e+06,2.2204e+06
2026-01-19T19:11:53.000Z,-9.9990e+02,-9.9990e+02,-9.9990e+02,-9.9990e+02,-9.9990e+02,-9.9990e+02,9.8074e+04,6.2628e+04,1.1086e+07,5.5914e+06,4.4851e+06,2.2204e+06
2026-01-19T19:12:05.000Z,-9.9990e+02,-9.9990e+02,-9.9990e+02,-9.9990e+02,-9.9990e+02,-9.9990e+02,9.8017e+04,5.9240e+04,1.1886e+07,5.7829e+06,4.2837e+06,1.9796e+06
2026-01-19T19:12:17.000Z,-9.9990e+02,-9.9990e+02,-9.9990e+02,-9.9990e+02,-9.9990e+02,-9.9990e+02,9.8017e+04,5.9240e+04,1.1886e+07,5.7829e+06,4.2837e+06,1.9796e+06
2026-01-19T19:12:30.000Z,-9.9990e+02,-9.9990e+02,-9.9990e+02,-9.9990e+02,-9.9990e+02,-9.9990e+02,9.4170e+04,5.8121e+04,1.2214e+07,5.8343e+06,4.2857e+06,1.9117e+06
2026-01-19T19:12:42.000Z,-9.9990e+02,-9.9990e+02,-9.9990e+02,-9.9990e+02,-9.9990e+02,-9.9990e+02,9.4170e+04,5.8121e+04,1.2214e+07,5.8343e+06,4.2857e+06,1.9117e+06
2026-01-19T19:12:54.000Z,-9.9990e+02,-9.9990e+02,-9.9990e+02,-9.9990e+02,-9.9990e+02,-9.9990e+02,9.4227e+04,5.8154e+04,1.2214e+07,5.7843e+06,4.2847e+06,1.9628e+06
2026-01-19T19:13:06.000Z,-9.9990e+02,-9.9990e+02,-9.9990e+02,-9.9990e+02,-9.9990e+02,-9.9990e+02,9.4227e+04,5.8154e+04,1.2214e+07,5.7843e+06,4.2847e+06,1.9628e+06
2026-01-19T19:13:18.000Z,-9.9990e+02,-9.9990e+02,-9.9990e+02,-9.9990e+02,-9.9990e+02,-9.9990e+02,9.6108e+04,5.9240e+04,1.2048e+07,5.8300e+06,4.2827e+06,1.9791e+06
2026-01-19T19:13:30.000Z,-9.9990e+02,-9.9990e+02,-9.9990e+02,-9.9990e+02,-9.9990e+02,-9.9990e+02,9.6108e+04,5.9240e+04,1.2048e+07,5.8300e+06,4.2827e+06,1.9791e+06
2026-01-19T19:13:42.000Z,-9.9990e+02,-9.9990e+02,-9.9990e+02,-9.9990e+02,-9.9990e+02,-9.9990e+02,9.6108e+04,6.0358e+04,1.1567e+07,5.7829e+06,4.2837e+06,2.0485e+06
2026-01-19T19:13:55.000Z,-9.9990e+02,-9.9990e+02,-9.9990e+02,-9.9990e+02,-9.9990e+02,-9.9990e+02,9.6108e+04,6.0358e+04,1.1567e+07,5.7829e+06,4.2837e+06,2.0485e+06
2026-01-19T19:14:07.000Z,-9.9990e+02,-9.9990e+02,-9.9990e+02,-9.9990e+02,-9.9990e+02,-9.9990e+02,-9.9990e+02,-9.9990e+02,-9.9990e+02,-9.9990e+02,-9.9990e+02,-9.9990e+02
2026-01-19T19:14:19.000Z,-9.9990e+02,-9.9990e+02,-9.9990e+02,-9.9990e+02,-9.9990e+02,-9.9990e+02,9.8017e+04,6.0358e+04,1.2205e+07,5.7814e+06,4.2827e+06,1.9444e+06
2026-01-19T19:14:31.000Z,-9.9990e+02,-9.9990e+02,-9.9990e+02,-9.9990e+02,-9.9990e+02,-9.9990e+02,9.8017e+04,6.0358e+04,1.2205e+07,5.7814e+06,4.2827e+06,1.9444e+06
2026-01-19T19:14:43.000Z,-9.9990e+02,-9.9990e+02,-9.9990e+02,-9.9990e+02,-9.9990e+02,-9.9990e+02,9.6193e+04,5.5942e+04,1.2219e+07,5.9800e+06,4.2202e+06,1.8087e+06
2026-01-19T19:14:55.000Z,-9.9990e+02,-9.9990e+02,-9.9990e+02,-9.9990e+02,-9.9990e+02,-9.9990e+02,9.6193e+04,5.5942e+04,1.2219e+07,5.9800e+06,4.2202e+06,1.8087e+06
2026-01-19T19:15:08.000Z,-9.9990e+02,-9.9990e+02,-9.9990e+02,-9.9990e+02,-9.9990e+02,-9.9990e+02,9.6108e+04,5.5884e+04,1.2690e+07,5.9757e+06,4.1835e+06,1.7383e+06
2026-01-19T19:15:20.000Z,-9.9990e+02,-9.9990e+02,-9.9990e+02,-9.9990e+02,-9.9990e+02,-9.9990e+02,9.6108e+04,5.5884e+04,1.2690e+07,5.9757e+06,4.1835e+06,1.7383e+06
2026-01-19T19:15:32.000Z,-9.9990e+02,-9.9990e+02,-9.9990e+02,-9.9990e+02,-9.9990e+02,-9.9990e+02,9.4227e+04,5.2562e+04,1.2852e+07,5.9757e+06,4.1498e+06,1.7214e+06
2026-01-19T19:15:44.000Z,-9.9990e+02,-9.9990e+02,-9.9990e+02,-9.9990e+02,-9.9990e+02,-9.9990e+02,9.4227e+04,5.2562e+04,1.2852e+07,5.9757e+06,4.1498e+06,1.7214e+06
2026-01-19T19:15:56.000Z,-9.9990e+02,-9.9990e+02,-9.9990e+02,-9.9990e+02,-9.9990e+02,-9.9990e+02,9.6193e+04,5.3705e+04,1.2852e+07,5.9771e+06,4.1171e+06,1.7046e+06
2026-01-19T19:16:08.000Z,-9.9990e+02,-9.9990e+02,-9.9990e+02,-9.9990e+02,-9.9990e+02,-9.9990e+02,9.6193e+04,5.3705e+04,1.2852e+07,5.9771e+06,4.1171e+06,1.7046e+06
2026-01-19T19:16:20.000Z,-9.9990e+02,-9.9990e+02,-9.9990e+02,-9.9990e+02,-9.9990e+02,-9.9990e+02,9.4284e+04,5.2587e+04,1.2862e+07,5.9800e+06,4.1528e+06,1.7224e+06
2026-01-19T19:16:33.000Z,-9.9990e+02,-9.9990e+02,-9.9990e+02,-9.9990e+02,-9.9990e+02,-9.9990e+02,9.4284e+04,5.2587e+04,1.2862e+07,5.9800e+06,4.1528e+06,1.7224e+06
2026-01-19T19:16:45.000Z,-9.9990e+02,-9.9990e+02,-9.9990e+02,-9.9990e+02,-9.9990e+02,-9.9990e+02,9.6108e+04,5.4774e+04,1.2848e+07,5.9743e+06,4.1488e+06,1.7209e+06
2026-01-19T19:16:57.000Z,-9.9990e+02,-9.9990e+02,-9.9990e+02,-9.9990e+02,-9.9990e+02,-9.9990e+02,9.6108e+04,5.4774e+04,1.2848e+07,5.9743e+06,4.1488e+06,1.7209e+06
2026-01-19T19:17:09.000Z,-9.9990e+02,-9.9990e+02,-9.9990e+02,-9.9990e+02,-9.9990e+02,-9.9990e+02,9.6136e+04,5.5917e+04,1.2852e+07,5.9757e+06,4.1498e+06,1.6526e+06
2026-01-19T19:17:21.000Z,-9.9990e+02,-9.9990e+02,-9.9990e+02,-9.9990e+02,-9.9990e+02,-9.9990e+02,9.6136e+04,5.5917e+04,1.2852e+07,5.9757e+06,4.1498e+06,1.6526e+06
2026-01-19T19:17:33.000Z,-9.9990e+02,-9.9990e+02,-9.9990e+02,-9.9990e+02,-9.9990e+02,-9.9990e+02,9.9954e+04,5.5892e+04,1.2852e+07,5.9757e+06,4.1498e+06,1.6526e+06
2026-01-19T19:17:45.000Z,-9.9990e+02,-9.9990e+02,-9.9990e+02,-9.9990e+02,-9.9990e+02,-9.9990e+02,9.9954e+04,5.5892e+04,1.2852e+07,5.9757e+06,4.1498e+06,1.6526e+06
2026-01-19T19:17:58.000Z,-9.9990e+02,-9.9990e+02,-9.9990e+02,-9.9990e+02,-9.9990e+02,-9.9990e+02,9.8131e+04,5.5942e+04,1.2857e+07,5.9771e+06,4.0506e+06,1.6526e+06
2026-01-19T19:18:10.000Z,-9.9990e+02,-9.9990e+02,-9.9990e+02,-9.9990e+02,-9.9990e+02,-9.9990e+02,9.8131e+04,5.5942e+04,1.2857e+07,5.9771e+06,4.0506e+06,1.6526e+06
2026-01-19T19:18:22.000Z,-9.9990e+02,-9.9990e+02,-9.9990e+02,-9.9990e+02,-9.9990e+02,-9.9990e+02,-9.9990e+02,-9.9990e+02,-9.9990e+02,-9.9990e+02,-9.9990e+02,-9.9990e+02
2026-01-19T19:18:34.000Z,-9.9990e+02,-9.9990e+02,-9.9990e+02,-9.9990e+02,-9.9990e+02,-9.9990e+02,9.6108e+04,5.5892e+04,1.2848e+07,5.9743e+06,4.0149e+06,1.5832e+06
2026-01-19T19:18:46.000Z,-9.9990e+02,-9.9990e+02,-9.9990e+02,-9.9990e+02,-9.9990e+02,-9.9990e+02,9.6108e+04,5.5892e+04,1.2848e+07,5.9743e+06,4.0149e+06,1.5832e+06
2026-01-19T19:18:58.000Z,-9.9990e+02,-9.9990e+02,-9.9990e+02,-9.9990e+02,-9.9990e+02,-9.9990e+02,9.6108e+04,5.5892e+04,1.2857e+07,5.9786e+06,3.9851e+06,1.5842e+06
2026-01-19T19:19:10.000Z,-9.9990e+02,-9.9990e+02,-9.9990e+02,-9.9990e+02,-9.9990e+02,-9.9990e+02,9.6108e+04,5.5892e+04,1.2857e+07,5.9786e+06,3.9851e+06,1.5842e+06
2026-01-19T19:19:22.000Z,-9.9990e+02,-9.9990e+02,-9.9990e+02,-9.9990e+02,-9.9990e+02,-9.9990e+02,9.6108e+04,5.4774e+04,1.2848e+07,5.9743e+06,3.9821e+06,1.5658e+06
2026-01-19T19:19:35.000Z,-9.9990e+02,-9.9990e+02,-9.9990e+02,-9.9990e+02,-9.9990e+02,-9.9990e+02,9.6108e+04,5.4774e+04,1.2848e+07,5.9743e+06,3.9821e+06,1.5658e+06
2026-01-19T19:19:47.000Z,-9.9990e+02,-9.9990e+02,-9.9990e+02,-9.9990e+02,-9.9990e+02,-9.9990e+02,9.6136e+04,5.4799e+04,1.2852e+07,5.9757e+06,3.9831e+06,1.5663e+06
2026-01-19T19:19:59.000Z,-9.9990e+02,-9.9990e+02,-9.9990e+02,-9.9990e+02,-9.9990e+02,-9.9990e+02,9.6136e+04,5.4799e+04,1.2852e+07,5.9757e+06,3.9831e+06,1.5663e+06
2026-01-19T19:20:11.000Z,-9.9990e+02,-9.9990e+02,-9.9990e+02,-9.9990e+02,-9.9990e+02,-9.9990e+02,9.6108e+04,5.4774e+04,1.2857e+07,5.9786e+06,3.9514e+06,1.5327e+06
2026-01-19T19:20:23.000Z,-9.9990e+02,-9.9990e+02,-9.9990e+02,-9.9990e+02,-9.9990e+02,-9.9990e+02,9.6108e+04,5.4774e+04,1.2857e+07,5.9786e+06,3.9514e+06,1.5327e+06
2026-01-19T19:20:35.000Z,-9.9990e+02,-9.9990e+02,-9.9990e+02,-9.9990e+02,-9.9990e+02,-9.9990e+02,9.6108e+04,5.3655e+04,1.2848e+07,5.9743e+06,3.8810e+06,1.5143e+06
2026-01-19T19:20:47.000Z,-9.9990e+02,-9.9990e+02,-9.9990e+02,-9.9990e+02,-9.9990e+02,-9.9990e+02,9.6108e+04,5.3655e+04,1.2848e+07,5.9743e+06,3.8810e+06,1.5143e+06
2026-01-19T19:21:00.000Z,-9.9990e+02,-9.9990e+02,-9.9990e+02,-9.9990e+02,-9.9990e+02,-9.9990e+02,9.6136e+04,5.3680e+04,1.2862e+07,5.9800e+06,3.9851e+06,1.5500e+06
2026-01-19T19:21:12.000Z,-9.9990e+02,-9.9990e+02,-9.9990e+02,-9.9990e+02,-9.9990e+02,-9.9990e+02,9.6136e+04,5.3680e+04,1.2862e+07,5.9800e+06,3.9851e+06,1.5500e+06
2026-01-19T19:21:24.000Z,-9.9990e+02,-9.9990e+02,-9.9990e+02,-9.9990e+02,-9.9990e+02,-9.9990e+02,9.6108e+04,5.3655e+04,1.2852e+07,5.9757e+06,3.9494e+06,1.5663e+06
2026-01-19T19:21:36.000Z,-9.9990e+02,-9.9990e+02,-9.9990e+02,-9.9990e+02,-9.9990e+02,-9.9990e+02,9.6108e+04,5.3655e+04,1.2852e+07,5.9757e+06,3.9494e+06,1.5663e+06
2026-01-19T19:21:48.000Z,-9.9990e+02,-9.9990e+02,-9.9990e+02,-9.9990e+02,-9.9990e+02,-9.9990e+02,9.6108e+04,5.3655e+04,1.2848e+07,5.9743e+06,3.9821e+06,1.5658e+06
2026-01-19T19:22:00.000Z,-9.9990e+02,-9.9990e+02,-9.9990e+02,-9.9990e+02,-9.9990e+02,-9.9990e+02,9.6108e+04,5.3655e+04,1.2848e+07,5.9743e+06,3.9821e+06,1.5658e+06
2026-01-19T19:22:13.000Z,-9.9990e+02,-9.9990e+02,-9.9990e+02,-9.9990e+02,-9.9990e+02,-9.9990e+02,9.6108e+04,5.3655e+04,1.3171e+07,5.9757e+06,3.8819e+06,1.4974e+06
2026-01-19T19:22:25.000Z,-9.9990e+02,-9.9990e+02,-9.9990e+02,-9.9990e+02,-9.9990e+02,-9.9990e+02,9.6108e+04,5.3655e+04,1.3171e+07,5.9757e+06,3.8819e+06,1.4974e+06
2026-01-19T19:22:37.000Z,-9.9990e+02,-9.9990e+02,-9.9990e+02,-9.9990e+02,-9.9990e+02,-9.9990e+02,-9.9990e+02,-9.9990e+02,-9.9990e+02,-9.9990e+02,-9.9990e+02,-9.9990e+02
2026-01-19T19:22:49.000Z,-9.9990e+02,-9.9990e+02,-9.9990e+02,-9.9990e+02,-9.9990e+02,-9.9990e+02,9.6108e+04,5.3655e+04,1.2857e+07,5.9771e+06,3.9504e+06,1.5668e+06
2026-01-19T19:23:01.000Z,-9.9990e+02,-9.9990e+02,-9.9990e+02,-9.9990e+02,-9.9990e+02,-9.9990e+02,9.6108e+04,5.3655e+04,1.2857e+07,5.9771e+06,3.9504e+06,1.5668e+06
2026-01-19T19:23:13.000Z,-9.9990e+02,-9.9990e+02,-9.9990e+02,-9.9990e+02,-9.9990e+02,-9.9990e+02,9.6108e+04,5.3655e+04,1.2852e+07,5.9757e+06,4.0159e+06,1.5663e+06
2026-01-19T19:23:25.000Z,-9.9990e+02,-9.9990e+02,-9.9990e+02,-9.9990e+02,-9.9990e+02,-9.9990e+02,9.6108e+04,5.3655e+04,1.2852e+07,5.9757e+06,4.0159e+06,1.5663e+06
2026-01-19T19:23:38.000Z,-9.9990e+02,-9.9990e+02,-9.9990e+02,-9.9990e+02,-9.9990e+02,-9.9990e+02,9.6136e+04,5.3680e+04,1.2857e+07,5.9771e+06,4.0169e+06,1.5837e+06
2026-01-19T19:23:50.000Z,-9.9990e+02,-9.9990e+02,-9.9990e+02,-9.9990e+02,-9.9990e+02,-9.9990e+02,9.6136e+04,5.3680e+04,1.2857e+07,5.9771e+06,4.0169e+06,1.5837e+06
2026-01-19T19:24:02.000Z,-9.9990e+02,-9.9990e+02,-9.9990e+02,-9.9990e+02,-9.9990e+02,-9.9990e+02,9.6136e+04,5.2562e+04,1.2857e+07,5.9771e+06,4.0169e+06,1.5837e+06
2026-01-19T19:24:14.000Z,-9.9990e+02,-9.9990e+02,-9.9990e+02,-9.9990e+02,-9.9990e+02,-9.9990e+02,9.6136e+04,5.2562e+04,1.2857e+07,5.9771e+06,4.0169e+06,1.5837e+06
2026-01-19T19:24:26.000Z,-9.9990e+02,-9.9990e+02,-9.9990e+02,-9.9990e+02,-9.9990e+02,-9.9990e+02,9.6108e+04,5.3655e+04,1.2848e+07,5.9743e+06,4.0149e+06,1.5832e+06
2026-01-19T19:24:38.000Z,-9.9990e+02,-9.9990e+02,-9.9990e+02,-9.9990e+02,-9.9990e+02,-9.9990e+02,9.6108e+04,5.3655e+04,1.2848e+07,5.9743e+06,4.0149e+06,1.5832e+06
2026-01-19T19:24:50.000Z,-9.9990e+02,-9.9990e+02,-9.9990e+02,-9.9990e+02,-9.9990e+02,-9.9990e+02,9.6136e+04,5.1443e+04,1.2852e+07,5.9757e+06,4.0496e+06,1.6352e+06
2026-01-19T19:25:03.000Z,-9.9990e+02,-9.9990e+02,-9.9990e+02,-9.9990e+02,-9.9990e+02,-9.9990e+02,9.6136e+04,5.1443e+04,1.2852e+07,5.9757e+06,4.0496e+06,1.6352e+06
2026-01-19T19:25:15.000Z,-9.9990e+02,-9.9990e+02,-9.9990e+02,-9.9990e+02,-9.9990e+02,-9.9990e+02,9.6136e+04,5.2562e+04,1.2857e+07,5.9786e+06,4.0179e+06,1.5842e+06
2026-01-19T19:25:27.000Z,-9.9990e+02,-9.9990e+02,-9.9990e+02,-9.9990e+02,-9.9990e+02,-9.9990e+02,9.6136e+04,5.2562e+04,1.2857e+07,5.9786e+06,4.0179e+06,1.5842e+06
2026-01-19T19:25:39.000Z,-9.9990e+02,-9.9990e+02,-9.9990e+02,-9.9990e+02,-9.9990e+02,-9.9990e+02,9.6193e+04,5.2587e+04,1.3500e+07,5.9786e+06,3.8839e+06,1.4638e+06
2026-01-19T19:25:51.000Z,-9.9990e+02,-9.9990e+02,-9.9990e+02,-9.9990e+02,-9.9990e+02,-9.9990e+02,9.6193e+04,5.2587e+04,1.3500e+07,5.9786e+06,3.8839e+06,1.4638e+06
2026-01-19T19:26:03.000Z,-9.9990e+02,-9.9990e+02,-9.9990e+02,-9.9990e+02,-9.9990e+02,-9.9990e+02,9.4170e+04,5.1418e+04,1.3490e+07,5.9743e+06,3.8810e+06,1.4454e+06
2026-01-19T19:26:15.000Z,-9.9990e+02,-9.9990e+02,-9.9990e+02,-9.9990e+02,-9.9990e+02,-9.9990e+02,9.4170e+04,5.1418e+04,1.3490e+07,5.9743e+06,3.8810e+06,1.4454e+06
2026-01-19T19:26:28.000Z,-9.9990e+02,-9.9990e+02,-9.9990e+02,-9.9990e+02,-9.9990e+02,-9.9990e+02,9.6108e+04,5.1418e+04,1.3490e+07,5.9743e+06,3.8810e+06,1.4454e+06
2026-01-19T19:26:40.000Z,-9.9990e+02,-9.9990e+02,-9.9990e+02,-9.9990e+02,-9.9990e+02,-9.9990e+02,9.6108e+04,5.1418e+04,1.3490e+07,5.9743e+06,3.8810e+06,1.4454e+06
2026-01-19T19:26:52.000Z,-9.9990e+02,-9.9990e+02,-9.9990e+02,-9.9990e+02,-9.9990e+02,-9.9990e+02,-9.9990e+02,-9.9990e+02,-9.9990e+02,-9.9990e+02,-9.9990e+02,-9.9990e+02
2026-01-19T19:27:04.000Z,-9.9990e+02,-9.9990e+02,-9.9990e+02,-9.9990e+02,-9.9990e+02,-9.9990e+02,9.6108e+04,5.1418e+04,1.3490e+07,5.8786e+06,3.6806e+06,1.3765e+06
2026-01-19T19:27:16.000Z,-9.9990e+02,-9.9990e+02,-9.9990e+02,-9.9990e+02,-9.9990e+02,-9.9990e+02,9.6108e+04,5.1418e+04,1.3490e+07,5.8786e+06,3.6806e+06,1.3765e+06
2026-01-19T19:27:28.000Z,-9.9990e+02,-9.9990e+02,-9.9990e+02,-9.9990e+02,-9.9990e+02,-9.9990e+02,9.6108e+04,5.0300e+04,1.3500e+07,5.9800e+06,3.7510e+06,1.3949e+06
2026-01-19T19:27:40.000Z,-9.9990e+02,-9.9990e+02,-9.9990e+02,-9.9990e+02,-9.9990e+02,-9.9990e+02,9.6108e+04,5.0300e+04,1.3500e+07,5.9800e+06,3.7510e+06,1.3949e+06
2026-01-19T19:27:53.000Z,-9.9990e+02,-9.9990e+02,-9.9990e+02,-9.9990e+02,-9.9990e+02,-9.9990e+02,9.4199e+04,4.9181e+04,1.3500e+07,5.9786e+06,3.7500e+06,1.4117e+06
2026-01-19T19:28:05.000Z,-9.9990e+02,-9.9990e+02,-9.9990e+02,-9.9990e+02,-9.9990e+02,-9.9990e+02,9.4199e+04,4.9181e+04,1.3500e+07,5.9786e+06,3.7500e+06,1.4117e+06
2026-01-19T19:28:17.000Z,-9.9990e+02,-9.9990e+02,-9.9990e+02,-9.9990e+02,-9.9990e+02,-9.9990e+02,9.4199e+04,4.9181e+04,1.3500e+07,5.9786e+06,3.7500e+06,1.4117e+06
2026-01-19T19:28:29.000Z,-9.9990e+02,-9.9990e+02,-9.9990e+02,-9.9990e+02,-9.9990e+02,-9.9990e+02,9.4199e+04,4.9181e+04,1.3500e+07,5.9786e+06,3.7500e+06,1.4117e+06
2026-01-19T19:28:41.000Z,-9.9990e+02,-9.9990e+02,-9.9990e+02,-9.9990e+02,-9.9990e+02,-9.9990e+02,9.6108e+04,4.9181e+04,1.3490e+07,5.9743e+06,3.7480e+06,1.4454e+06
2026-01-19T19:28:53.000Z,-9.9990e+02,-9.9990e+02,-9.9990e+02,-9.9990e+02,-9.9990e+02,-9.9990e+02,9.6108e+04,4.9181e+04,1.3490e+07,5.9743e+06,3.7480e+06,1.4454e+06
2026-01-19T19:29:05.000Z,-9.9990e+02,-9.9990e+02,-9.9990e+02,-9.9990e+02,-9.9990e+02,-9.9990e+02,-9.9990e+02,-9.9990e+02,-9.9990e+02,-9.9990e+02,-9.9990e+02,-9.9990e+02
2026-01-19T19:29:18.000Z,-9.9990e+02,-9.9990e+02,-9.9990e+02,-9.9990e+02,-9.9990e+02,-9.9990e+02,9.6108e+04,4.9181e+04,1.3490e+07,5.9743e+06,3.8145e+06,1.4628e+06
2026-01-19T19:29:30.000Z,-9.9990e+02,-9.9990e+02,-9.9990e+02,-9.9990e+02,-9.9990e+02,-9.9990e+02,9.6108e+04,4.9181e+04,1.3490e+07,5.9743e+06,3.8145e+06,1.4628e+06
2026-01-19T19:29:42.000Z,-9.9990e+02,-9.9990e+02,-9.9990e+02,-9.9990e+02,-9.9990e+02,-9.9990e+02,9.4227e+04,4.9206e+04,1.3495e+07,5.9757e+06,3.8492e+06,1.4801e+06
2026-01-19T19:29:54.000Z,-9.9990e+02,-9.9990e+02,-9.9990e+02,-9.9990e+02,-9.9990e+02,-9.9990e+02,9.4227e+04,4.9206e+04,1.3495e+07,5.9757e+06,3.8492e+06,1.4801e+06
2026-01-19T19:30:06.000Z,-9.9990e+02,-9.9990e+02,-9.9990e+02,-9.9990e+02,-9.9990e+02,-9.9990e+02,9.6250e+04,5.1493e+04,1.3181e+07,5.9786e+06,3.9177e+06,1.4980e+06
2026-01-19T19:30:18.000Z,-9.9990e+02,-9.9990e+02,-9.9990e+02,-9.9990e+02,-9.9990e+02,-9.9990e+02,9.6250e+04,5.1493e+04,1.3181e+07,5.9786e+06,3.9177e+06,1.4980e+06
2026-01-19T19:30:30.000Z,-9.9990e+02,-9.9990e+02,-9.9990e+02,-9.9990e+02,-9.9990e+02,-9.9990e+02,9.4227e+04,5.1443e+04,1.3495e+07,5.9771e+06,3.8829e+06,1.5148e+06
2026-01-19T19:30:43.000Z,-9.9990e+02,-9.9990e+02,-9.9990e+02,-9.9990e+02,-9.9990e+02,-9.9990e+02,9.4227e+04,5.1443e+04,1.3495e+07,5.9771e+06,3.8829e+06,1.5148e+06
2026-01-19T19:30:55.000Z,-9.9990e+02,-9.9990e+02,-9.9990e+02,-9.9990e+02,-9.9990e+02,-9.9990e+02,9.6108e+04,5.1418e+04,1.3329e+07,5.9743e+06,3.9147e+06,1.5143e+06
2026-01-19T19:31:07.000Z,-9.9990e+02,-9.9990e+02,-9.9990e+02,-9.9990e+02,-9.9990e+02,-9.9990e+02,9.6108e+04,5.1418e+04,1.3329e+07,5.9743e+06,3.9147e+06,1.5143e+06
2026-01-19T19:31:19.000Z,-9.9990e+02,-9.9990e+02,-9.9990e+02,-9.9990e+02,-9.9990e+02,-9.9990e+02,9.6193e+04,5.1468e+04,1.3338e+07,5.9771e+06,3.9167e+06,1.5148e+06
2026-01-19T19:31:31.000Z,-9.9990e+02,-9.9990e+02,-9.9990e+02,-9.9990e+02,-9.9990e+02,-9.9990e+02,9.6193e+04,5.1468e+04,1.3338e+07,5.9771e+06,3.9167e+06,1.5148e+06
2026-01-19T19:31:43.000Z,-9.9990e+02,-9.9990e+02,-9.9990e+02,-9.9990e+02,-9.9990e+02,-9.9990e+02,9.6193e+04,5.1468e+04,1.3338e+07,5.9786e+06,3.9514e+06,1.5500e+06
2026-01-19T19:31:55.000Z,-9.9990e+02,-9.9990e+02,-9.9990e+02,-9.9990e+02,-9.9990e+02,-9.9990e+02,9.6193e+04,5.1468e+04,1.3338e+07,5.9786e+06,3.9514e+06,1.5500e+06
2026-01-19T19:32:08.000Z,-9.9990e+02,-9.9990e+02,-9.9990e+02,-9.9990e+02,-9.9990e+02,-9.9990e+02,9.4227e+04,5.0325e+04,1.3019e+07,5.9786e+06,3.9851e+06,1.5842e+06
2026-01-19T19:32:20.000Z,-9.9990e+02,-9.9990e+02,-9.9990e+02,-9.9990e+02,-9.9990e+02,-9.9990e+02,9.4227e+04,5.0325e+04,1.3019e+07,5.9786e+06,3.9851e+06,1.5842e+06
2026-01-19T19:32:32.000Z,-9.9990e+02,-9.9990e+02,-9.9990e+02,-9.9990e+02,-9.9990e+02,-9.9990e+02,9.4284e+04,5.1468e+04,1.3176e+07,5.9771e+06,4.0506e+06,1.6010e+06
2026-01-19T19:32:44.000Z,-9.9990e+02,-9.9990e+02,-9.9990e+02,-9.9990e+02,-9.9990e+02,-9.9990e+02,9.4284e+04,5.1468e+04,1.3176e+07,5.9771e+06,4.0506e+06,1.6010e+06
2026-01-19T19:32:56.000Z,-9.9990e+02,-9.9990e+02,-9.9990e+02,-9.9990e+02,-9.9990e+02,-9.9990e+02,9.4170e+04,5.0300e+04,1.3171e+07,5.9743e+06,3.9821e+06,1.5832e+06
2026-01-19T19:33:08.000Z,-9.9990e+02,-9.9990e+02,-9.9990e+02,-9.9990e+02,-9.9990e+02,-9.9990e+02,9.4170e+04,5.0300e+04,1.3171e+07,5.9743e+06,3.9821e+06,1.5832e+06
2026-01-19T19:33:20.000Z,-9.9990e+02,-9.9990e+02,-9.9990e+02,-9.9990e+02,-9.9990e+02,-9.9990e+02,-9.9990e+02,-9.9990e+02,-9.9990e+02,-9.9990e+02,-9.9990e+02,-9.9990e+02
2026-01-19T19:33:33.000Z,-9.9990e+02,-9.9990e+02,-9.9990e+02,-9.9990e+02,-9.9990e+02,-9.9990e+02,9.2404e+04,4.9256e+04,1.3510e+07,5.9829e+06,3.8204e+06,1.4821e+06
2026-01-19T19:33:45.000Z,-9.9990e+02,-9.9990e+02,-9.9990e+02,-9.9990e+02,-9.9990e+02,-9.9990e+02,9.2404e+04,4.9256e+04,1.3510e+07,5.9829e+06,3.8204e+06,1.4821e+06
2026-01-19T19:33:57.000Z,-9.9990e+02,-9.9990e+02,-9.9990e+02,-9.9990e+02,-9.9990e+02,-9.9990e+02,9.2347e+04,4.6994e+04,1.3500e+07,5.9786e+06,3.7837e+06,1.4122e+06
2026-01-19T19:34:09.000Z,-9.9990e+02,-9.9990e+02,-9.9990e+02,-9.9990e+02,-9.9990e+02,-9.9990e+02,9.2347e+04,4.6994e+04,1.3500e+07,5.9786e+06,3.7837e+06,1.4122e+06
2026-01-19T19:34:21.000Z,-9.9990e+02,-9.9990e+02,-9.9990e+02,-9.9990e+02,-9.9990e+02,-9.9990e+02,8.8415e+04,4.6944e+04,1.3490e+07,5.9257e+06,3.6468e+06,1.3250e+06
2026-01-19T19:34:33.000Z,-9.9990e+02,-9.9990e+02,-9.9990e+02,-9.9990e+02,-9.9990e+02,-9.9990e+02,8.8415e+04,4.6944e+04,1.3490e+07,5.9257e+06,3.6468e+06,1.3250e+06
2026-01-19T19:34:45.000Z,-9.9990e+02,-9.9990e+02,-9.9990e+02,-9.9990e+02,-9.9990e+02,-9.9990e+02,9.2261e+04,4.6944e+04,1.3971e+07,5.8300e+06,3.4802e+06,1.2388e+06
2026-01-19T19:34:58.000Z,-9.9990e+02,-9.9990e+02,-9.9990e+02,-9.9990e+02,-9.9990e+02,-9.9990e+02,9.2261e+04,4.6944e+04,1.3971e+07,5.8300e+06,3.4802e+06,1.2388e+06
2026-01-19T19:35:10.000Z,-9.9990e+02,-9.9990e+02,-9.9990e+02,-9.9990e+02,-9.9990e+02,-9.9990e+02,9.0324e+04,4.6944e+04,1.3971e+07,5.7343e+06,3.3790e+06,1.1617e+06
2026-01-19T19:35:22.000Z,-9.9990e+02,-9.9990e+02,-9.9990e+02,-9.9990e+02,-9.9990e+02,-9.9990e+02,9.0324e+04,4.6944e+04,1.3971e+07,5.7343e+06,3.3790e+06,1.1617e+06
2026-01-19T19:35:34.000Z,-9.9990e+02,-9.9990e+02,-9.9990e+02,-9.9990e+02,-9.9990e+02,-9.9990e+02,9.2347e+04,4.6994e+04,1.4143e+07,5.6900e+06,3.2817e+06,1.1020e+06
2026-01-19T19:35:46.000Z,-9.9990e+02,-9.9990e+02,-9.9990e+02,-9.9990e+02,-9.9990e+02,-9.9990e+02,9.2347e+04,4.6994e+04,1.4143e+07,5.6900e+06,3.2817e+06,1.1020e+06
2026-01-19T19:35:58.000Z,-9.9990e+02,-9.9990e+02,-9.9990e+02,-9.9990e+02,-9.9990e+02,-9.9990e+02,9.0324e+04,4.5826e+04,1.4138e+07,5.6871e+06,3.3135e+06,1.1189e+06
2026-01-19T19:36:11.000Z,-9.9990e+02,-9.9990e+02,-9.9990e+02,-9.9990e+02,-9.9990e+02,-9.9990e+02,9.0324e+04,4.5826e+04,1.4138e+07,5.6871e+06,3.3135e+06,1.1189e+06
2026-01-19T19:36:23.000Z,-9.9990e+02,-9.9990e+02,-9.9990e+02,-9.9990e+02,-9.9990e+02,-9.9990e+02,8.8443e+04,4.4732e+04,1.4138e+07,5.5443e+06,3.1468e+06,1.0500e+06
2026-01-19T19:36:35.000Z,-9.9990e+02,-9.9990e+02,-9.9990e+02,-9.9990e+02,-9.9990e+02,-9.9990e+02,8.8443e+04,4.4732e+04,1.4138e+07,5.5443e+06,3.1468e+06,1.0500e+06
2026-01-19T19:36:47.000Z,-9.9990e+02,-9.9990e+02,-9.9990e+02,-9.9990e+02,-9.9990e+02,-9.9990e+02,8.6477e+04,4.3589e+04,1.3814e+07,5.1071e+06,2.6766e+06,8.3469e+05
2026-01-19T19:36:59.000Z,-9.9990e+02,-9.9990e+02,-9.9990e+02,-9.9990e+02,-9.9990e+02,-9.9990e+02,8.6477e+04,4.3589e+04,1.3814e+07,5.1071e+06,2.6766e+06,8.3469e+05
2026-01-19T19:37:11.000Z,-9.9990e+02,-9.9990e+02,-9.9990e+02,-9.9990e+02,-9.9990e+02,-9.9990e+02,7.8812e+04,3.6886e+04,1.3490e+07,4.5771e+06,2.1746e+06,6.6224e+05
2026-01-19T19:37:23.000Z,-9.9990e+02,-9.9990e+02,-9.9990e+02,-9.9990e+02,-9.9990e+02,-9.9990e+02,7.8812e+04,3.6886e+04,1.3490e+07,4.5771e+06,2.1746e+06,6.6224e+05
2026-01-19T19:37:35.000Z,-9.9990e+02,-9.9990e+02,-9.9990e+02,-9.9990e+02,-9.9990e+02,-9.9990e+02,-9.9990e+02,-9.9990e+02,-9.9990e+02,-9.9990e+02,-9.9990e+02,-9.9990e+02
2026-01-19T19:37:48.000Z,-9.9990e+02,-9.9990e+02,-9.9990e+02,-9.9990e+02,-9.9990e+02,-9.9990e+02,7.1176e+04,3.3009e+04,1.2538e+07,4.0986e+06,1.8919e+06,5.2500e+05
2026-01-19T19:38:00.000Z,-9.9990e+02,-9.9990e+02,-9.9990e+02,-9.9990e+02,-9.9990e+02,-9.9990e+02,7.1176e+04,3.3009e+04,1.2538e+07,4.0986e+06,1.8919e+06,5.2500e+05
2026-01-19T19:38:12.000Z,-9.9990e+02,-9.9990e+02,-9.9990e+02,-9.9990e+02,-9.9990e+02,-9.9990e+02,6.5335e+04,2.9620e+04,1.2048e+07,3.8057e+06,1.7232e+06,4.7750e+05
2026-01-19T19:38:24.000Z,-9.9990e+02,-9.9990e+02,-9.9990e+02,-9.9990e+02,-9.9990e+02,-9.9990e+02,6.5335e+04,2.9620e+04,1.2048e+07,3.8057e+06,1.7232e+06,4.7750e+05
2026-01-19T19:38:36.000Z,-9.9990e+02,-9.9990e+02,-9.9990e+02,-9.9990e+02,-9.9990e+02,-9.9990e+02,6.7273e+04,3.0738e+04,1.2367e+07,3.9029e+06,1.8065e+06,5.0332e+05
2026-01-19T19:38:48.000Z,-9.9990e+02,-9.9990e+02,-9.9990e+02,-9.9990e+02,-9.9990e+02,-9.9990e+02,6.7273e+04,3.0738e+04,1.2367e+07,3.9029e+06,1.8065e+06,5.0332e+05
2026-01-19T19:39:01.000Z,-9.9990e+02,-9.9990e+02,-9.9990e+02,-9.9990e+02,-9.9990e+02,-9.9990e+02,6.7273e+04,3.0738e+04,1.2205e+07,3.8543e+06,1.7401e+06,4.9041e+05
2026-01-19T19:39:13.000Z,-9.9990e+02,-9.9990e+02,-9.9990e+02,-9.9990e+02,-9.9990e+02,-9.9990e+02,6.7273e+04,3.0738e+04,1.2205e+07,3.8543e+06,1.7401e+06,4.9041e+05
2026-01-19T19:39:25.000Z,-9.9990e+02,-9.9990e+02,-9.9990e+02,-9.9990e+02,-9.9990e+02,-9.9990e+02,6.9239e+04,3.1310e+04,1.2529e+07,3.9043e+06,1.7738e+06,4.9056e+05
2026-01-19T19:39:37.000Z,-9.9990e+02,-9.9990e+02,-9.9990e+02,-9.9990e+02,-9.9990e+02,-9.9990e+02,6.9239e+04,3.1310e+04,1.2529e+07,3.9043e+06,1.7738e+06,4.9056e+05
2026-01-19T19:39:49.000Z,-9.9990e+02,-9.9990e+02,-9.9990e+02,-9.9990e+02,-9.9990e+02,-9.9990e+02,7.1119e+04,3.3531e+04,1.2695e+07,4.0014e+06,1.8075e+06,4.9929e+05
2026-01-19T19:40:01.000Z,-9.9990e+02,-9.9990e+02,-9.9990e+02,-9.9990e+02,-9.9990e+02,-9.9990e+02,7.1119e+04,3.3531e+04,1.2695e+07,4.0014e+06,1.8075e+06,4.9929e+05
2026-01-19T19:40:13.000Z,-9.9990e+02,-9.9990e+02,-9.9990e+02,-9.9990e+02,-9.9990e+02,-9.9990e+02,6.9239e+04,3.2429e+04,1.1571e+07,3.6171e+06,1.6240e+06,4.4776e+05
2026-01-19T19:40:26.000Z,-9.9990e+02,-9.9990e+02,-9.9990e+02,-9.9990e+02,-9.9990e+02,-9.9990e+02,6.9239e+04,3.2429e+04,1.1571e+07,3.6171e+06,1.6240e+06,4.4776e+05
2026-01-19T19:40:38.000Z,-9.9990e+02,-9.9990e+02,-9.9990e+02,-9.9990e+02,-9.9990e+02,-9.9990e+02,7.1119e+04,3.2975e+04,1.2371e+07,4.0000e+06,1.8244e+06,5.1224e+05
2026-01-19T19:40:50.000Z,-9.9990e+02,-9.9990e+02,-9.9990e+02,-9.9990e+02,-9.9990e+02,-9.9990e+02,7.1119e+04,3.2975e+04,1.2371e+07,4.0000e+06,1.8244e+06,5.1224e+05
2026-01-19T19:41:02.000Z,-9.9990e+02,-9.9990e+02,-9.9990e+02,-9.9990e+02,-9.9990e+02,-9.9990e+02,7.1119e+04,3.2975e+04,1.2690e+07,4.0957e+06,1.8909e+06,5.2908e+05
2026-01-19T19:41:14.000Z,-9.9990e+02,-9.9990e+02,-9.9990e+02,-9.9990e+02,-9.9990e+02,-9.9990e+02,7.1119e+04,3.2975e+04,1.2690e+07,4.0957e+06,1.8909e+06,5.2908e+05
2026-01-19T19:41:26.000Z,-9.9990e+02,-9.9990e+02,-9.9990e+02,-9.9990e+02,-9.9990e+02,-9.9990e+02,7.3028e+04,3.4649e+04,1.2852e+07,4.0971e+06,1.8571e+06,5.2500e+05
2026-01-19T19:41:38.000Z,-9.9990e+02,-9.9990e+02,-9.9990e+02,-9.9990e+02,-9.9990e+02,-9.9990e+02,7.3028e+04,3.4649e+04,1.2852e+07,4.0971e+06,1.8571e+06,5.2500e+05
2026-01-19T19:41:50.000Z,-9.9990e+02,-9.9990e+02,-9.9990e+02,-9.9990e+02,-9.9990e+02,-9.9990e+02,-9.9990e+02,-9.9990e+02,-9.9990e+02,-9.9990e+02,-9.9990e+02,-9.9990e+02
2026-01-19T19:42:03.000Z,-9.9990e+02,-9.9990e+02,-9.9990e+02,-9.9990e+02,-9.9990e+02,-9.9990e+02,7.1262e+04,3.3042e+04,1.2705e+07,4.1000e+06,1.9097e+06,5.3418e+05
2026-01-19T19:42:15.000Z,-9.9990e+02,-9.9990e+02,-9.9990e+02,-9.9990e+02,-9.9990e+02,-9.9990e+02,7.1262e+04,3.3042e+04,1.2705e+07,4.1000e+06,1.9097e+06,5.3418e+05
2026-01-19T19:42:27.000Z,-9.9990e+02,-9.9990e+02,-9.9990e+02,-9.9990e+02,-9.9990e+02,-9.9990e+02,6.7301e+04,3.1310e+04,1.2376e+07,4.0014e+06,1.8413e+06,5.1224e+05
2026-01-19T19:42:39.000Z,-9.9990e+02,-9.9990e+02,-9.9990e+02,-9.9990e+02,-9.9990e+02,-9.9990e+02,6.7301e+04,3.1310e+04,1.2376e+07,4.0014e+06,1.8413e+06,5.1224e+05
2026-01-19T19:42:51.000Z,-9.9990e+02,-9.9990e+02,-9.9990e+02,-9.9990e+02,-9.9990e+02,-9.9990e+02,7.1148e+04,3.2429e+04,1.2852e+07,4.0486e+06,1.8909e+06,5.2041e+05
2026-01-19T19:43:03.000Z,-9.9990e+02,-9.9990e+02,-9.9990e+02,-9.9990e+02,-9.9990e+02,-9.9990e+02,7.1148e+04,3.2429e+04,1.2852e+07,4.0486e+06,1.8909e+06,5.2041e+05
2026-01-19T19:43:16.000Z,-9.9990e+02,-9.9990e+02,-9.9990e+02,-9.9990e+02,-9.9990e+02,-9.9990e+02,7.3028e+04,3.4649e+04,1.2686e+07,3.9986e+06,1.8234e+06,5.1173e+05
2026-01-19T19:43:28.000Z,-9.9990e+02,-9.9990e+02,-9.9990e+02,-9.9990e+02,-9.9990e+02,-9.9990e+02,7.3028e+04,3.4649e+04,1.2686e+07,3.9986e+06,1.8234e+06,5.1173e+05
2026-01-19T19:43:40.000Z,-9.9990e+02,-9.9990e+02,-9.9990e+02,-9.9990e+02,-9.9990e+02,-9.9990e+02,7.1119e+04,3.4094e+04,1.2367e+07,3.8543e+06,1.7063e+06,4.6031e+05
2026-01-19T19:43:52.000Z,-9.9990e+02,-9.9990e+02,-9.9990e+02,-9.9990e+02,-9.9990e+02,-9.9990e+02,7.1119e+04,3.4094e+04,1.2367e+07,3.8543e+06,1.7063e+06,4.6031e+05
2026-01-19T19:44:04.000Z,-9.9990e+02,-9.9990e+02,-9.9990e+02,-9.9990e+02,-9.9990e+02,-9.9990e+02,7.1148e+04,3.2429e+04,1.2214e+07,3.6643e+06,1.6736e+06,4.4760e+05
2026-01-19T19:44:16.000Z,-9.9990e+02,-9.9990e+02,-9.9990e+02,-9.9990e+02,-9.9990e+02,-9.9990e+02,7.1148e+04,3.2429e+04,1.2214e+07,3.6643e+06,1.6736e+06,4.4760e+05
2026-01-19T19:44:28.000Z,-9.9990e+02,-9.9990e+02,-9.9990e+02,-9.9990e+02,-9.9990e+02,-9.9990e+02,6.9239e+04,3.3547e+04,1.2376e+07,3.8571e+06,1.7411e+06,4.7786e+05
2026-01-19T19:44:41.000Z,-9.9990e+02,-9.9990e+02,-9.9990e+02,-9.9990e+02,-9.9990e+02,-9.9990e+02,6.9239e+04,3.3547e+04,1.2376e+07,3.8571e+06,1.7411e+06,4.7786e+05
2026-01-19T19:44:53.000Z,-9.9990e+02,-9.9990e+02,-9.9990e+02,-9.9990e+02,-9.9990e+02,-9.9990e+02,6.9353e+04,3.3050e+04,1.2386e+07,3.8114e+06,1.6925e+06,4.6531e+05
2026-01-19T19:45:05.000Z,-9.9990e+02,-9.9990e+02,-9.9990e+02,-9.9990e+02,-9.9990e+02,-9.9990e+02,6.9353e+04,3.3050e+04,1.2386e+07,3.8114e+06,1.6925e+06,4.6531e+05
2026-01-19T19:45:17.000Z,-9.9990e+02,-9.9990e+02,-9.9990e+02,-9.9990e+02,-9.9990e+02,-9.9990e+02,6.9182e+04,3.1857e+04,1.2367e+07,3.8057e+06,1.7063e+06,4.7321e+05
2026-01-19T19:45:29.000Z,-9.9990e+02,-9.9990e+02,-9.9990e+02,-9.9990e+02,-9.9990e+02,-9.9990e+02,6.9182e+04,3.1857e+04,1.2367e+07,3.8057e+06,1.7063e+06,4.7321e+05
2026-01-19T19:45:41.000Z,-9.9990e+02,-9.9990e+02,-9.9990e+02,-9.9990e+02,-9.9990e+02,-9.9990e+02,6.9182e+04,3.1293e+04,1.2367e+07,3.8543e+06,1.7063e+06,4.7321e+05
2026-01-19T19:45:53.000Z,-9.9990e+02,-9.9990e+02,-9.9990e+02,-9.9990e+02,-9.9990e+02,-9.9990e+02,6.9182e+04,3.1293e+04,1.2367e+07,3.8543e+06,1.7063e+06,4.7321e+05
2026-01-19T19:46:05.000Z,-9.9990e+02,-9.9990e+02,-9.9990e+02,-9.9990e+02,-9.9990e+02,-9.9990e+02,-9.9990e+02,-9.9990e+02,-9.9990e+02,-9.9990e+02,-9.9990e+02,-9.9990e+02
2026-01-19T19:46:18.000Z,-9.9990e+02,-9.9990e+02,-9.9990e+02,-9.9990e+02,-9.9990e+02,-9.9990e+02,6.9239e+04,3.0755e+04,1.2371e+07,3.8557e+06,1.7232e+06,4.7765e+05
2026-01-19T19:46:30.000Z,-9.9990e+02,-9.9990e+02,-9.9990e+02,-9.9990e+02,-9.9990e+02,-9.9990e+02,6.9239e+04,3.0755e+04,1.2371e+07,3.8557e+06,1.7232e+06,4.7765e+05
2026-01-19T19:46:42.000Z,-9.9990e+02,-9.9990e+02,-9.9990e+02,-9.9990e+02,-9.9990e+02,-9.9990e+02,7.3028e+04,3.4094e+04,1.2690e+07,3.9514e+06,1.7738e+06,4.9056e+05
2026-01-19T19:46:54.000Z,-9.9990e+02,-9.9990e+02,-9.9990e+02,-9.9990e+02,-9.9990e+02,-9.9990e+02,7.3028e+04,3.4094e+04,1.2690e+07,3.9514e+06,1.7738e+06,4.9056e+05
2026-01-19T19:47:06.000Z,-9.9990e+02,-9.9990e+02,-9.9990e+02,-9.9990e+02,-9.9990e+02,-9.9990e+02,7.3028e+04,3.3531e+04,1.2848e+07,4.0957e+06,1.8909e+06,5.3367e+05
2026-01-19T19:47:18.000Z,-9.9990e+02,-9.9990e+02,-9.9990e+02,-9.9990e+02,-9.9990e+02,-9.9990e+02,7.3028e+04,3.3531e+04,1.2848e+07,4.0957e+06,1.8909e+06,5.3367e+05
2026-01-19T19:47:31.000Z,-9.9990e+02,-9.9990e+02,-9.9990e+02,-9.9990e+02,-9.9990e+02,-9.9990e+02,6.9182e+04,3.2420e+04,1.2690e+07,4.0000e+06,1.8413e+06,5.0781e+05
2026-01-19T19:47:43.000Z,-9.9990e+02,-9.9990e+02,-9.9990e+02,-9.9990e+02,-9.9990e+02,-9.9990e+02,6.9182e+04,3.2420e+04,1.2690e+07,4.0000e+06,1.8413e+06,5.0781e+05
2026-01-19T19:47:55.000Z,-9.9990e+02,-9.9990e+02,-9.9990e+02,-9.9990e+02,-9.9990e+02,-9.9990e+02,7.1119e+04,3.2975e+04,1.2367e+07,3.8071e+06,1.7232e+06,4.8184e+05
2026-01-19T19:48:07.000Z,-9.9990e+02,-9.9990e+02,-9.9990e+02,-9.9990e+02,-9.9990e+02,-9.9990e+02,7.1119e+04,3.2975e+04,1.2367e+07,3.8071e+06,1.7232e+06,4.8184e+05
2026-01-19T19:48:19.000Z,-9.9990e+02,-9.9990e+02,-9.9990e+02,-9.9990e+02,-9.9990e+02,-9.9990e+02,6.9182e+04,3.3531e+04,1.3014e+07,4.0971e+06,1.8740e+06,5.2908e+05
2026-01-19T19:48:31.000Z,-9.9990e+02,-9.9990e+02,-9.9990e+02,-9.9990e+02,-9.9990e+02,-9.9990e+02,6.9182e+04,3.3531e+04,1.3014e+07,4.0971e+06,1.8740e+06,5.2908e+05
2026-01-19T19:48:43.000Z,-9.9990e+02,-9.9990e+02,-9.9990e+02,-9.9990e+02,-9.9990e+02,-9.9990e+02,6.9239e+04,3.2429e+04,1.2852e+07,4.1443e+06,1.8909e+06,5.2041e+05
2026-01-19T19:48:56.000Z,-9.9990e+02,-9.9990e+02,-9.9990e+02,-9.9990e+02,-9.9990e+02,-9.9990e+02,6.9239e+04,3.2429e+04,1.2852e+07,4.1443e+06,1.8909e+06,5.2041e+05
2026-01-19T19:49:08.000Z,-9.9990e+02,-9.9990e+02,-9.9990e+02,-9.9990e+02,-9.9990e+02,-9.9990e+02,6.9182e+04,3.3531e+04,1.1886e+07,3.7586e+06,1.6895e+06,4.6893e+05
2026-01-19T19:49:20.000Z,-9.9990e+02,-9.9990e+02,-9.9990e+02,-9.9990e+02,-9.9990e+02,-9.9990e+02,6.9182e+04,3.3531e+04,1.1886e+07,3.7586e+06,1.6895e+06,4.6893e+05
2026-01-19T19:49:32.000Z,-9.9990e+02,-9.9990e+02,-9.9990e+02,-9.9990e+02,-9.9990e+02,-9.9990e+02,6.9182e+04,3.1293e+04,1.1567e+07,3.5657e+06,1.6062e+06,4.4750e+05
2026-01-19T19:49:44.000Z,-9.9990e+02,-9.9990e+02,-9.9990e+02,-9.9990e+02,-9.9990e+02,-9.9990e+02,6.9182e+04,3.1293e+04,1.1567e+07,3.5657e+06,1.6062e+06,4.4750e+05
2026-01-19T19:49:56.000Z,-9.9990e+02,-9.9990e+02,-9.9990e+02,-9.9990e+02,-9.9990e+02,-9.9990e+02,6.5392e+04,3.0755e+04,1.1886e+07,3.7114e+06,1.6736e+06,4.6474e+05
2026-01-19T19:50:08.000Z,-9.9990e+02,-9.9990e+02,-9.9990e+02,-9.9990e+02,-9.9990e+02,-9.9990e+02,6.5392e+04,3.0755e+04,1.1886e+07,3.7114e+06,1.6736e+06,4.6474e+05
2026-01-19T19:50:21.000Z,-9.9990e+02,-9.9990e+02,-9.9990e+02,-9.9990e+02,-9.9990e+02,-9.9990e+02,-9.9990e+02,-9.9990e+02,-9.9990e+02,-9.9990e+02,-9.9990e+02,-9.9990e+02
2026-01-19T19:50:33.000Z,-9.9990e+02,-9.9990e+02,-9.9990e+02,-9.9990e+02,-9.9990e+02,-9.9990e+02,6.9239e+04,3.1873e+04,1.1743e+07,3.6671e+06,1.6587e+06,4.6102e+05
2026-01-19T19:50:45.000Z,-9.9990e+02,-9.9990e+02,-9.9990e+02,-9.9990e+02,-9.9990e+02,-9.9990e+02,6.9239e+04,3.1873e+04,1.1743e+07,3.6671e+06,1.6587e+06,4.6102e+05
2026-01-19T19:50:57.000Z,-9.9990e+02,-9.9990e+02,-9.9990e+02,-9.9990e+02,-9.9990e+02,-9.9990e+02,7.1148e+04,3.3547e+04,1.2371e+07,3.8557e+06,1.7738e+06,5.0347e+05
2026-01-19T19:51:09.000Z,-9.9990e+02,-9.9990e+02,-9.9990e+02,-9.9990e+02,-9.9990e+02,-9.9990e+02,7.1148e+04,3.3547e+04,1.2371e+07,3.8557e+06,1.7738e+06,5.0347e+05
2026-01-19T19:51:21.000Z,-9.9990e+02,-9.9990e+02,-9.9990e+02,-9.9990e+02,-9.9990e+02,-9.9990e+02,7.3028e+04,3.3531e+04,1.2529e+07,4.0471e+06,1.8571e+06,5.2500e+05
2026-01-19T19:51:34.000Z,-9.9990e+02,-9.9990e+02,-9.9990e+02,-9.9990e+02,-9.9990e+02,-9.9990e+02,7.3028e+04,3.3531e+04,1.2529e+07,4.0471e+06,1.8571e+06,5.2500e+05
2026-01-19T19:51:46.000Z,-9.9990e+02,-9.9990e+02,-9.9990e+02,-9.9990e+02,-9.9990e+02,-9.9990e+02,7.1119e+04,3.4094e+04,1.2367e+07,4.0000e+06,1.8740e+06,5.2500e+05
2026-01-19T19:51:58.000Z,-9.9990e+02,-9.9990e+02,-9.9990e+02,-9.9990e+02,-9.9990e+02,-9.9990e+02,7.1119e+04,3.4094e+04,1.2367e+07,4.0000e+06,1.8740e+06,5.2500e+05
2026-01-19T19:52:10.000Z,-9.9990e+02,-9.9990e+02,-9.9990e+02,-9.9990e+02,-9.9990e+02,-9.9990e+02,7.3028e+04,3.4094e+04,1.2848e+07,4.1443e+06,1.9573e+06,5.5510e+05
2026-01-19T19:52:22.000Z,-9.9990e+02,-9.9990e+02,-9.9990e+02,-9.9990e+02,-9.9990e+02,-9.9990e+02,7.3028e+04,3.4094e+04,1.2848e+07,4.1443e+06,1.9573e+06,5.5510e+05
2026-01-19T19:52:34.000Z,-9.9990e+02,-9.9990e+02,-9.9990e+02,-9.9990e+02,-9.9990e+02,-9.9990e+02,-9.9990e+02,-9.9990e+02,-9.9990e+02,-9.9990e+02,-9.9990e+02,-9.9990e+02
2026-01-19T19:52:46.000Z,-9.9990e+02,-9.9990e+02,-9.9990e+02,-9.9990e+02,-9.9990e+02,-9.9990e+02,7.5023e+04,3.5246e+04,1.3500e+07,4.5329e+06,2.1429e+06,6.1990e+05
2026-01-19T19:52:59.000Z,-9.9990e+02,-9.9990e+02,-9.9990e+02,-9.9990e+02,-9.9990e+02,-9.9990e+02,7.5023e+04,3.5246e+04,1.3500e+07,4.5329e+06,2.1429e+06,6.1990e+05
2026-01-19T19:53:11.000Z,-9.9990e+02,-9.9990e+02,-9.9990e+02,-9.9990e+02,-9.9990e+02,-9.9990e+02,7.5080e+04,3.5262e+04,1.3505e+07,4.4857e+06,2.1438e+06,6.4592e+05
2026-01-19T19:53:23.000Z,-9.9990e+02,-9.9990e+02,-9.9990e+02,-9.9990e+02,-9.9990e+02,-9.9990e+02,7.5080e+04,3.5262e+04,1.3505e+07,4.4857e+06,2.1438e+06,6.4592e+05
2026-01-19T19:53:35.000Z,-9.9990e+02,-9.9990e+02,-9.9990e+02,-9.9990e+02,-9.9990e+02,-9.9990e+02,7.4994e+04,3.5229e+04,1.3495e+07,4.5300e+06,2.1756e+06,6.3673e+05
2026-01-19T19:53:47.000Z,-9.9990e+02,-9.9990e+02,-9.9990e+02,-9.9990e+02,-9.9990e+02,-9.9990e+02,7.4994e+04,3.5229e+04,1.3495e+07,4.5300e+06,2.1756e+06,6.3673e+05
2026-01-19T19:53:59.000Z,-9.9990e+02,-9.9990e+02,-9.9990e+02,-9.9990e+02,-9.9990e+02,-9.9990e+02,7.4966e+04,3.5212e+04,1.3490e+07,4.5771e+06,2.1419e+06,6.5408e+05
2026-01-19T19:54:11.000Z,-9.9990e+02,-9.9990e+02,-9.9990e+02,-9.9990e+02,-9.9990e+02,-9.9990e+02,7.4966e+04,3.5212e+04,1.3490e+07,4.5771e+06,2.1419e+06,6.5408e+05
2026-01-19T19:54:23.000Z,-9.9990e+02,-9.9990e+02,-9.9990e+02,-9.9990e+02,-9.9990e+02,-9.9990e+02,7.4966e+04,3.5212e+04,1.3490e+07,4.5286e+06,2.1419e+06,6.2806e+05
2026-01-19T19:54:36.000Z,-9.9990e+02,-9.9990e+02,-9.9990e+02,-9.9990e+02,-9.9990e+02,-9.9990e+02,7.4966e+04,3.5212e+04,1.3490e+07,4.5286e+06,2.1419e+06,6.2806e+05
2026-01-19T19:54:48.000Z,-9.9990e+02,-9.9990e+02,-9.9990e+02,-9.9990e+02,-9.9990e+02,-9.9990e+02,7.4966e+04,3.5212e+04,1.3490e+07,4.5771e+06,2.1419e+06,6.2806e+05
2026-01-19T19:55:00.000Z,-9.9990e+02,-9.9990e+02,-9.9990e+02,-9.9990e+02,-9.9990e+02,-9.9990e+02,7.4966e+04,3.5212e+04,1.3490e+07,4.5771e+06,2.1419e+06,6.2806e+05
2026-01-19T19:55:12.000Z,-9.9990e+02,-9.9990e+02,-9.9990e+02,-9.9990e+02,-9.9990e+02,-9.9990e+02,7.4966e+04,3.5212e+04,1.3490e+07,4.5771e+06,2.1419e+06,6.4541e+05
2026-01-19T19:55:24.000Z,-9.9990e+02,-9.9990e+02,-9.9990e+02,-9.9990e+02,-9.9990e+02,-9.9990e+02,7.4966e+04,3.5212e+04,1.3490e+07,4.5771e+06,2.1419e+06,6.4541e+05
2026-01-19T19:55:36.000Z,-9.9990e+02,-9.9990e+02,-9.9990e+02,-9.9990e+02,-9.9990e+02,-9.9990e+02,7.4966e+04,3.5212e+04,1.3490e+07,4.4329e+06,2.1419e+06,6.1939e+05
2026-01-19T19:55:48.000Z,-9.9990e+02,-9.9990e+02,-9.9990e+02,-9.9990e+02,-9.9990e+02,-9.9990e+02,7.4966e+04,3.5212e+04,1.3490e+07,4.4329e+06,2.1419e+06,6.1939e+05
2026-01-19T19:56:01.000Z,-9.9990e+02,-9.9990e+02,-9.9990e+02,-9.9990e+02,-9.9990e+02,-9.9990e+02,7.4994e+04,3.5229e+04,1.3495e+07,4.4343e+06,2.1419e+06,6.1939e+05
2026-01-19T19:56:13.000Z,-9.9990e+02,-9.9990e+02,-9.9990e+02,-9.9990e+02,-9.9990e+02,-9.9990e+02,7.4994e+04,3.5229e+04,1.3495e+07,4.4343e+06,2.1419e+06,6.1939e+05
2026-01-19T19:56:25.000Z,-9.9990e+02,-9.9990e+02,-9.9990e+02,-9.9990e+02,-9.9990e+02,-9.9990e+02,7.4966e+04,3.5212e+04,1.3490e+07,4.5286e+06,2.1419e+06,6.2806e+05
2026-01-19T19:56:37.000Z,-9.9990e+02,-9.9990e+02,-9.9990e+02,-9.9990e+02,-9.9990e+02,-9.9990e+02,7.4966e+04,3.5212e+04,1.3490e+07,4.5286e+06,2.1419e+06,6.2806e+05
2026-01-19T19:56:49.000Z,-9.9990e+02,-9.9990e+02,-9.9990e+02,-9.9990e+02,-9.9990e+02,-9.9990e+02,-9.9990e+02,-9.9990e+02,-9.9990e+02,-9.9990e+02,-9.9990e+02,-9.9990e+02
2026-01-19T19:57:01.000Z,-9.9990e+02,-9.9990e+02,-9.9990e+02,-9.9990e+02,-9.9990e+02,-9.9990e+02,7.4966e+04,3.5212e+04,1.3495e+07,4.4343e+06,2.1429e+06,6.1990e+05
2026-01-19T19:57:14.000Z,-9.9990e+02,-9.9990e+02,-9.9990e+02,-9.9990e+02,-9.9990e+02,-9.9990e+02,7.4966e+04,3.5212e+04,1.3495e+07,4.4343e+06,2.1429e+06,6.1990e+05
2026-01-19T19:57:26.000Z,-9.9990e+02,-9.9990e+02,-9.9990e+02,-9.9990e+02,-9.9990e+02,-9.9990e+02,7.4966e+04,3.5212e+04,1.3495e+07,4.4814e+06,2.1419e+06,6.1939e+05
2026-01-19T19:57:38.000Z,-9.9990e+02,-9.9990e+02,-9.9990e+02,-9.9990e+02,-9.9990e+02,-9.9990e+02,7.4966e+04,3.5212e+04,1.3495e+07,4.4814e+06,2.1419e+06,6.1939e+05
2026-01-19T19:57:50.000Z,-9.9990e+02,-9.9990e+02,-9.9990e+02,-9.9990e+02,-9.9990e+02,-9.9990e+02,7.4966e+04,3.5212e+04,1.3505e+07,4.5814e+06,2.1766e+06,6.4592e+05
2026-01-19T19:58:02.000Z,-9.9990e+02,-9.9990e+02,-9.9990e+02,-9.9990e+02,-9.9990e+02,-9.9990e+02,7.4966e+04,3.5212e+04,1.3505e+07,4.5814e+06,2.1766e+06,6.4592e+05
2026-01-19T19:58:14.000Z,-9.9990e+02,-9.9990e+02,-9.9990e+02,-9.9990e+02,-9.9990e+02,-9.9990e+02,7.4966e+04,3.4649e+04,1.3490e+07,4.5286e+06,2.1419e+06,6.5408e+05
2026-01-19T19:58:26.000Z,-9.9990e+02,-9.9990e+02,-9.9990e+02,-9.9990e+02,-9.9990e+02,-9.9990e+02,7.4966e+04,3.4649e+04,1.3490e+07,4.5286e+06,2.1419e+06,6.5408e+05
2026-01-19T19:58:39.000Z,-9.9990e+02,-9.9990e+02,-9.9990e+02,-9.9990e+02,-9.9990e+02,-9.9990e+02,7.3028e+04,3.4649e+04,1.3490e+07,4.5286e+06,2.1419e+06,6.3673e+05
2026-01-19T19:58:51.000Z,-9.9990e+02,-9.9990e+02,-9.9990e+02,-9.9990e+02,-9.9990e+02,-9.9990e+02,7.3028e+04,3.4649e+04,1.3490e+07,4.5286e+06,2.1419e+06,6.3673e+05
2026-01-19T19:59:03.000Z,-9.9990e+02,-9.9990e+02,-9.9990e+02,-9.9990e+02,-9.9990e+02,-9.9990e+02,7.4966e+04,3.5212e+04,1.3490e+07,4.4329e+06,2.1419e+06,6.3673e+05
2026-01-19T19:59:15.000Z,-9.9990e+02,-9.9990e+02,-9.9990e+02,-9.9990e+02,-9.9990e+02,-9.9990e+02,7.4966e+04,3.5212e+04,1.3490e+07,4.4329e+06,2.1419e+06,6.3673e+05
2026-01-19T19:59:27.000Z,-9.9990e+02,-9.9990e+02,-9.9990e+02,-9.9990e+02,-9.9990e+02,-9.9990e+02,7.3085e+04,3.4666e+04,1.3510e+07,4.4386e+06,2.1438e+06,6.3724e+05
2026-01-19T19:59:39.000Z,-9.9990e+02,-9.9990e+02,-9.9990e+02,-9.9990e+02,-9.9990e+02,-9.9990e+02,7.3085e+04,3.4666e+04,1.3510e+07,4.4386e+06,2.1438e+06,6.3724e+05
2026-01-19T19:59:51.000Z,-9.9990e+02,-9.9990e+02,-9.9990e+02,-9.9990e+02,-9.9990e+02,-9.9990e+02,7.3085e+04,3.4666e+04,1.3495e+07,4.5800e+06,2.1756e+06,6.6276e+05
2026-01-19T20:00:04.000Z,-9.9990e+02,-9.9990e+02,-9.9990e+02,-9.9990e+02,-9.9990e+02,-9.9990e+02,7.3085e+04,3.4666e+04,1.3495e+07,4.5800e+06,2.1756e+06,6.6276e+05
2026-01-19T20:00:16.000Z,-9.9990e+02,-9.9990e+02,-9.9990e+02,-9.9990e+02,-9.9990e+02,-9.9990e+02,7.4966e+04,3.5212e+04,1.3329e+07,4.6257e+06,2.2421e+06,6.7959e+05
2026-01-19T20:00:28.000Z,-9.9990e+02,-9.9990e+02,-9.9990e+02,-9.9990e+02,-9.9990e+02,-9.9990e+02,7.4966e+04,3.5212e+04,1.3329e+07,4.6257e+06,2.2421e+06,6.7959e+05
2026-01-19T20:00:40.000Z,-9.9990e+02,-9.9990e+02,-9.9990e+02,-9.9990e+02,-9.9990e+02,-9.9990e+02,7.4966e+04,3.5212e+04,1.3490e+07,4.6743e+06,2.3085e+06,7.0561e+05
2026-01-19T20:00:52.000Z,-9.9990e+02,-9.9990e+02,-9.9990e+02,-9.9990e+02,-9.9990e+02,-9.9990e+02,7.4966e+04,3.5212e+04,1.3490e+07,4.6743e+06,2.3085e+06,7.0561e+05
2026-01-19T20:01:04.000Z,-9.9990e+02,-9.9990e+02,-9.9990e+02,-9.9990e+02,-9.9990e+02,-9.9990e+02,-9.9990e+02,-9.9990e+02,-9.9990e+02,-9.9990e+02,-9.9990e+02,-9.9990e+02
2026-01-19T20:01:16.000Z,-9.9990e+02,-9.9990e+02,-9.9990e+02,-9.9990e+02,-9.9990e+02,-9.9990e+02,7.3085e+04,3.4110e+04,1.3338e+07,4.5314e+06,2.1429e+06,6.4541e+05
2026-01-19T20:01:29.000Z,-9.9990e+02,-9.9990e+02,-9.9990e+02,-9.9990e+02,-9.9990e+02,-9.9990e+02,7.3085e+04,3.4110e+04,1.3338e+07,4.5314e+06,2.1429e+06,6.4541e+05
2026-01-19T20:01:41.000Z,-9.9990e+02,-9.9990e+02,-9.9990e+02,-9.9990e+02,-9.9990e+02,-9.9990e+02,7.3028e+04,3.4094e+04,1.3171e+07,4.4329e+06,2.1419e+06,6.2806e+05
2026-01-19T20:01:53.000Z,-9.9990e+02,-9.9990e+02,-9.9990e+02,-9.9990e+02,-9.9990e+02,-9.9990e+02,7.3028e+04,3.4094e+04,1.3171e+07,4.4329e+06,2.1419e+06,6.2806e+05
2026-01-19T20:02:05.000Z,-9.9990e+02,-9.9990e+02,-9.9990e+02,-9.9990e+02,-9.9990e+02,-9.9990e+02,7.3085e+04,3.4110e+04,1.3500e+07,4.4357e+06,2.1429e+06,6.5408e+05
2026-01-19T20:02:17.000Z,-9.9990e+02,-9.9990e+02,-9.9990e+02,-9.9990e+02,-9.9990e+02,-9.9990e+02,7.3085e+04,3.4110e+04,1.3500e+07,4.4357e+06,2.1429e+06,6.5408e+05
2026-01-19T20:02:29.000Z,-9.9990e+02,-9.9990e+02,-9.9990e+02,-9.9990e+02,-9.9990e+02,-9.9990e+02,7.3028e+04,3.4649e+04,1.3333e+07,4.4343e+06,2.1419e+06,6.2806e+05
2026-01-19T20:02:41.000Z,-9.9990e+02,-9.9990e+02,-9.9990e+02,-9.9990e+02,-9.9990e+02,-9.9990e+02,7.3028e+04,3.4649e+04,1.3333e+07,4.4343e+06,2.1419e+06,6.2806e+05
2026-01-19T20:02:54.000Z,-9.9990e+02,-9.9990e+02,-9.9990e+02,-9.9990e+02,-9.9990e+02,-9.9990e+02,7.3085e+04,3.4110e+04,1.3495e+07,4.4343e+06,2.1419e+06,6.2806e+05
2026-01-19T20:03:06.000Z,-9.9990e+02,-9.9990e+02,-9.9990e+02,-9.9990e+02,-9.9990e+02,-9.9990e+02,7.3085e+04,3.4110e+04,1.3495e+07,4.4343e+06,2.1419e+06,6.2806e+05
2026-01-19T20:03:18.000Z,-9.9990e+02,-9.9990e+02,-9.9990e+02,-9.9990e+02,-9.9990e+02,-9.9990e+02,7.3028e+04,3.3531e+04,1.3333e+07,4.4343e+06,2.1419e+06,6.1939e+05
2026-01-19T20:03:30.000Z,-9.9990e+02,-9.9990e+02,-9.9990e+02,-9.9990e+02,-9.9990e+02,-9.9990e+02,7.3028e+04,3.3531e+04,1.3333e+07,4.4343e+06,2.1419e+06,6.1939e+05
2026-01-19T20:03:42.000Z,-9.9990e+02,-9.9990e+02,-9.9990e+02,-9.9990e+02,-9.9990e+02,-9.9990e+02,7.3085e+04,3.4666e+04,1.3495e+07,4.4343e+06,2.1429e+06,6.4541e+05
2026-01-19T20:03:54.000Z,-9.9990e+02,-9.9990e+02,-9.9990e+02,-9.9990e+02,-9.9990e+02,-9.9990e+02,7.3085e+04,3.4666e+04,1.3495e+07,4.4343e+06,2.1429e+06,6.4541e+05
2026-01-19T20:04:06.000Z,-9.9990e+02,-9.9990e+02,-9.9990e+02,-9.9990e+02,-9.9990e+02,-9.9990e+02,7.3085e+04,3.4666e+04,1.3338e+07,4.4343e+06,2.1429e+06,6.2857e+05
2026-01-19T20:04:19.000Z,-9.9990e+02,-9.9990e+02,-9.9990e+02,-9.9990e+02,-9.9990e+02,-9.9990e+02,7.3085e+04,3.4666e+04,1.3338e+07,4.4343e+06,2.1429e+06,6.2857e+05
2026-01-19T20:04:31.000Z,-9.9990e+02,-9.9990e+02,-9.9990e+02,-9.9990e+02,-9.9990e+02,-9.9990e+02,7.3028e+04,3.4649e+04,1.3490e+07,4.4329e+06,2.1419e+06,6.2806e+05
2026-01-19T20:04:43.000Z,-9.9990e+02,-9.9990e+02,-9.9990e+02,-9.9990e+02,-9.9990e+02,-9.9990e+02,7.3028e+04,3.4649e+04,1.3490e+07,4.4329e+06,2.1419e+06,6.2806e+05
2026-01-19T20:04:55.000Z,-9.9990e+02,-9.9990e+02,-9.9990e+02,-9.9990e+02,-9.9990e+02,-9.9990e+02,7.3028e+04,3.4094e+04,1.3014e+07,4.2886e+06,2.0585e+06,5.9388e+05
2026-01-19T20:05:07.000Z,-9.9990e+02,-9.9990e+02,-9.9990e+02,-9.9990e+02,-9.9990e+02,-9.9990e+02,7.3028e+04,3.4094e+04,1.3014e+07,4.2886e+06,2.0585e+06,5.9388e+05
2026-01-19T20:05:19.000Z,-9.9990e+02,-9.9990e+02,-9.9990e+02,-9.9990e+02,-9.9990e+02,-9.9990e+02,-9.9990e+02,-9.9990e+02,-9.9990e+02,-9.9990e+02,-9.9990e+02,-9.9990e+02
2026-01-19T20:05:31.000Z,-9.9990e+02,-9.9990e+02,-9.9990e+02,-9.9990e+02,-9.9990e+02,-9.9990e+02,7.3028e+04,3.4649e+04,1.3495e+07,4.4343e+06,2.1260e+06,6.1990e+05
2026-01-19T20:05:44.000Z,-9.9990e+02,-9.9990e+02,-9.9990e+02,-9.9990e+02,-9.9990e+02,-9.9990e+02,7.3028e+04,3.4649e+04,1.3495e+07,4.4343e+06,2.1260e+06,6.1990e+05
2026-01-19T20:05:56.000Z,-9.9990e+02,-9.9990e+02,-9.9990e+02,-9.9990e+02,-9.9990e+02,-9.9990e+02,7.3028e+04,3.4649e+04,1.3495e+07,4.4814e+06,2.1756e+06,6.5408e+05
2026-01-19T20:06:08.000Z,-9.9990e+02,-9.9990e+02,-9.9990e+02,-9.9990e+02,-9.9990e+02,-9.9990e+02,7.3028e+04,3.4649e+04,1.3495e+07,4.4814e+06,2.1756e+06,6.5408e+05
2026-01-19T20:06:20.000Z,-9.9990e+02,-9.9990e+02,-9.9990e+02,-9.9990e+02,-9.9990e+02,-9.9990e+02,7.3114e+04,3.4682e+04,1.3505e+07,4.4857e+06,2.1766e+06,6.5459e+05
2026-01-19T20:06:32.000Z,-9.9990e+02,-9.9990e+02,-9.9990e+02,-9.9990e+02,-9.9990e+02,-9.9990e+02,7.3114e+04,3.4682e+04,1.3505e+07,4.4857e+06,2.1766e+06,6.5459e+05
2026-01-19T20:06:44.000Z,-9.9990e+02,-9.9990e+02,-9.9990e+02,-9.9990e+02,-9.9990e+02,-9.9990e+02,7.3028e+04,3.4649e+04,1.3490e+07,4.4329e+06,2.1419e+06,6.1939e+05
2026-01-19T20:06:56.000Z,-9.9990e+02,-9.9990e+02,-9.9990e+02,-9.9990e+02,-9.9990e+02,-9.9990e+02,7.3028e+04,3.4649e+04,1.3490e+07,4.4329e+06,2.1419e+06,6.1939e+05
2026-01-19T20:07:09.000Z,-9.9990e+02,-9.9990e+02,-9.9990e+02,-9.9990e+02,-9.9990e+02,-9.9990e+02,7.3028e+04,3.4649e+04,1.3329e+07,4.4329e+06,2.1419e+06,6.1939e+05
2026-01-19T20:07:21.000Z,-9.9990e+02,-9.9990e+02,-9.9990e+02,-9.9990e+02,-9.9990e+02,-9.9990e+02,7.3028e+04,3.4649e+04,1.3329e+07,4.4329e+06,2.1419e+06,6.1939e+05
2026-01-19T20:07:33.000Z,-9.9990e+02,-9.9990e+02,-9.9990e+02,-9.9990e+02,-9.9990e+02,-9.9990e+02,7.3114e+04,3.4682e+04,1.3343e+07,4.4371e+06,2.1270e+06,6.1990e+05
2026-01-19T20:07:45.000Z,-9.9990e+02,-9.9990e+02,-9.9990e+02,-9.9990e+02,-9.9990e+02,-9.9990e+02,7.3114e+04,3.4682e+04,1.3343e+07,4.4371e+06,2.1270e+06,6.1990e+05
2026-01-19T20:07:57.000Z,-9.9990e+02,-9.9990e+02,-9.9990e+02,-9.9990e+02,-9.9990e+02,-9.9990e+02,7.3085e+04,3.3547e+04,1.3171e+07,4.3857e+06,2.0754e+06,5.9388e+05
2026-01-19T20:08:09.000Z,-9.9990e+02,-9.9990e+02,-9.9990e+02,-9.9990e+02,-9.9990e+02,-9.9990e+02,7.3085e+04,3.3547e+04,1.3171e+07,4.3857e+06,2.0754e+06,5.9388e+05
2026-01-19T20:08:21.000Z,-9.9990e+02,-9.9990e+02,-9.9990e+02,-9.9990e+02,-9.9990e+02,-9.9990e+02,7.3028e+04,3.3531e+04,1.3171e+07,4.3843e+06,2.1419e+06,6.4541e+05
2026-01-19T20:08:34.000Z,-9.9990e+02,-9.9990e+02,-9.9990e+02,-9.9990e+02,-9.9990e+02,-9.9990e+02,7.3028e+04,3.3531e+04,1.3171e+07,4.3843e+06,2.1419e+06,6.4541e+05
2026-01-19T20:08:46.000Z,-9.9990e+02,-9.9990e+02,-9.9990e+02,-9.9990e+02,-9.9990e+02,-9.9990e+02,7.3085e+04,3.4666e+04,1.3657e+07,4.9157e+06,2.5437e+06,7.8316e+05
2026-01-19T20:08:58.000Z,-9.9990e+02,-9.9990e+02,-9.9990e+02,-9.9990e+02,-9.9990e+02,-9.9990e+02,7.3085e+04,3.4666e+04,1.3657e+07,4.9157e+06,2.5437e+06,7.8316e+05
2026-01-19T20:09:10.000Z,-9.9990e+02,-9.9990e+02,-9.9990e+02,-9.9990e+02,-9.9990e+02,-9.9990e+02,7.3085e+04,3.4666e+04,1.3657e+07,4.9643e+06,2.5099e+06,7.8316e+05
2026-01-19T20:09:22.000Z,-9.9990e+02,-9.9990e+02,-9.9990e+02,-9.9990e+02,-9.9990e+02,-9.9990e+02,7.3085e+04,3.4666e+04,1.3657e+07,4.9643e+06,2.5099e+06,7.8316e+05
2026-01-19T20:09:34.000Z,-9.9990e+02,-9.9990e+02,-9.9990e+02,-9.9990e+02,-9.9990e+02,-9.9990e+02,-9.9990e+02,-9.9990e+02,-9.9990e+02,-9.9990e+02,-9.9990e+02,-9.9990e+02
2026-01-19T20:09:46.000Z,-9.9990e+02,-9.9990e+02,-9.9990e+02,-9.9990e+02,-9.9990e+02,-9.9990e+02,7.3085e+04,3.4666e+04,1.3495e+07,4.8200e+06,2.4097e+06,7.4031e+05
2026-01-19T20:09:59.000Z,-9.9990e+02,-9.9990e+02,-9.9990e+02,-9.9990e+02,-9.9990e+02,-9.9990e+02,7.3085e+04,3.4666e+04,1.3495e+07,4.8200e+06,2.4097e+06,7.4031e+05
2026-01-19T20:10:11.000Z,-9.9990e+02,-9.9990e+02,-9.9990e+02,-9.9990e+02,-9.9990e+02,-9.9990e+02,7.3028e+04,3.5212e+04,1.3495e+07,4.7229e+06,2.3760e+06,7.2296e+05
2026-01-19T20:10:23.000Z,-9.9990e+02,-9.9990e+02,-9.9990e+02,-9.9990e+02,-9.9990e+02,-9.9990e+02,7.3028e+04,3.5212e+04,1.3495e+07,4.7229e+06,2.3760e+06,7.2296e+05
2026-01-19T20:10:35.000Z,-9.9990e+02,-9.9990e+02,-9.9990e+02,-9.9990e+02,-9.9990e+02,-9.9990e+02,7.3114e+04,3.5246e+04,1.3500e+07,4.7257e+06,2.3442e+06,7.1480e+05
2026-01-19T20:10:47.000Z,-9.9990e+02,-9.9990e+02,-9.9990e+02,-9.9990e+02,-9.9990e+02,-9.9990e+02,7.3114e+04,3.5246e+04,1.3500e+07,4.7257e+06,2.3442e+06,7.1480e+05
2026-01-19T20:10:59.000Z,-9.9990e+02,-9.9990e+02,-9.9990e+02,-9.9990e+02,-9.9990e+02,-9.9990e+02,7.5023e+04,3.5246e+04,1.3495e+07,4.6757e+06,2.3095e+06,6.9745e+05
2026-01-19T20:11:11.000Z,-9.9990e+02,-9.9990e+02,-9.9990e+02,-9.9990e+02,-9.9990e+02,-9.9990e+02,7.5023e+04,3.5246e+04,1.3495e+07,4.6757e+06,2.3095e+06,6.9745e+05
2026-01-19T20:11:24.000Z,-9.9990e+02,-9.9990e+02,-9.9990e+02,-9.9990e+02,-9.9990e+02,-9.9990e+02,7.3028e+04,3.4649e+04,1.3495e+07,4.6271e+06,2.2768e+06,6.8878e+05
2026-01-19T20:11:36.000Z,-9.9990e+02,-9.9990e+02,-9.9990e+02,-9.9990e+02,-9.9990e+02,-9.9990e+02,7.3028e+04,3.4649e+04,1.3495e+07,4.6271e+06,2.2768e+06,6.8878e+05
2026-01-19T20:11:48.000Z,-9.9990e+02,-9.9990e+02,-9.9990e+02,-9.9990e+02,-9.9990e+02,-9.9990e+02,7.3114e+04,3.4682e+04,1.3510e+07,4.7757e+06,2.3790e+06,7.2347e+05
2026-01-19T20:12:00.000Z,-9.9990e+02,-9.9990e+02,-9.9990e+02,-9.9990e+02,-9.9990e+02,-9.9990e+02,7.3114e+04,3.4682e+04,1.3510e+07,4.7757e+06,2.3790e+06,7.2347e+05
2026-01-19T20:12:12.000Z,-9.9990e+02,-9.9990e+02,-9.9990e+02,-9.9990e+02,-9.9990e+02,-9.9990e+02,7.3085e+04,3.4110e+04,1.3495e+07,4.7714e+06,2.3760e+06,7.3163e+05
2026-01-19T20:12:24.000Z,-9.9990e+02,-9.9990e+02,-9.9990e+02,-9.9990e+02,-9.9990e+02,-9.9990e+02,7.3085e+04,3.4110e+04,1.3495e+07,4.7714e+06,2.3760e+06,7.3163e+05
2026-01-19T20:12:37.000Z,-9.9990e+02,-9.9990e+02,-9.9990e+02,-9.9990e+02,-9.9990e+02,-9.9990e+02,7.3028e+04,3.4649e+04,1.3657e+07,4.7229e+06,2.3433e+06,7.4898e+05
2026-01-19T20:12:49.000Z,-9.9990e+02,-9.9990e+02,-9.9990e+02,-9.9990e+02,-9.9990e+02,-9.9990e+02,7.3028e+04,3.4649e+04,1.3657e+07,4.7229e+06,2.3433e+06,7.4898e+05
2026-01-19T20:13:01.000Z,-9.9990e+02,-9.9990e+02,-9.9990e+02,-9.9990e+02,-9.9990e+02,-9.9990e+02,7.3028e+04,3.4649e+04,1.3814e+07,4.9143e+06,2.5427e+06,8.0867e+05
2026-01-19T20:13:13.000Z,-9.9990e+02,-9.9990e+02,-9.9990e+02,-9.9990e+02,-9.9990e+02,-9.9990e+02,7.3028e+04,3.4649e+04,1.3814e+07,4.9143e+06,2.5427e+06,8.0867e+05
2026-01-19T20:13:25.000Z,-9.9990e+02,-9.9990e+02,-9.9990e+02,-9.9990e+02,-9.9990e+02,-9.9990e+02,7.3028e+04,3.4649e+04,1.3652e+07,4.8671e+06,2.4762e+06,7.5714e+05
2026-01-19T20:13:37.000Z,-9.9990e+02,-9.9990e+02,-9.9990e+02,-9.9990e+02,-9.9990e+02,-9.9990e+02,7.3028e+04,3.4649e+04,1.3652e+07,4.8671e+06,2.4762e+06,7.5714e+05
2026-01-19T20:13:49.000Z,-9.9990e+02,-9.9990e+02,-9.9990e+02,-9.9990e+02,-9.9990e+02,-9.9990e+02,-9.9990e+02,-9.9990e+02,-9.9990e+02,-9.9990e+02,-9.9990e+02,-9.9990e+02
2026-01-19T20:14:02.000Z,-9.9990e+02,-9.9990e+02,-9.9990e+02,-9.9990e+02,-9.9990e+02,-9.9990e+02,7.3114e+04,3.4682e+04,1.3505e+07,4.8714e+06,2.4444e+06,7.7500e+05
2026-01-19T20:14:14.000Z,-9.9990e+02,-9.9990e+02,-9.9990e+02,-9.9990e+02,-9.9990e+02,-9.9990e+02,7.3114e+04,3.4682e+04,1.3505e+07,4.8714e+06,2.4444e+06,7.7500e+05
2026-01-19T20:14:26.000Z,-9.9990e+02,-9.9990e+02,-9.9990e+02,-9.9990e+02,-9.9990e+02,-9.9990e+02,7.6903e+04,3.5784e+04,1.3505e+07,4.8714e+06,2.4444e+06,7.5765e+05
2026-01-19T20:14:38.000Z,-9.9990e+02,-9.9990e+02,-9.9990e+02,-9.9990e+02,-9.9990e+02,-9.9990e+02,7.6903e+04,3.5784e+04,1.3505e+07,4.8714e+06,2.4444e+06,7.5765e+05
2026-01-19T20:14:50.000Z,-9.9990e+02,-9.9990e+02,-9.9990e+02,-9.9990e+02,-9.9990e+02,-9.9990e+02,7.6875e+04,3.5768e+04,1.3490e+07,4.8186e+06,2.4087e+06,7.3112e+05
2026-01-19T20:15:02.000Z,-9.9990e+02,-9.9990e+02,-9.9990e+02,-9.9990e+02,-9.9990e+02,-9.9990e+02,7.6875e+04,3.5768e+04,1.3490e+07,4.8186e+06,2.4087e+06,7.3112e+05
2026-01-19T20:15:14.000Z,-9.9990e+02,-9.9990e+02,-9.9990e+02,-9.9990e+02,-9.9990e+02,-9.9990e+02,7.3028e+04,3.4649e+04,1.3010e+07,4.4814e+06,2.1746e+06,6.4541e+05
2026-01-19T20:15:27.000Z,-9.9990e+02,-9.9990e+02,-9.9990e+02,-9.9990e+02,-9.9990e+02,-9.9990e+02,7.3028e+04,3.4649e+04,1.3010e+07,4.4814e+06,2.1746e+06,6.4541e+05
2026-01-19T20:15:39.000Z,-9.9990e+02,-9.9990e+02,-9.9990e+02,-9.9990e+02,-9.9990e+02,-9.9990e+02,7.3028e+04,3.4094e+04,1.3010e+07,4.2886e+06,2.0407e+06,5.9388e+05
2026-01-19T20:15:51.000Z,-9.9990e+02,-9.9990e+02,-9.9990e+02,-9.9990e+02,-9.9990e+02,-9.9990e+02,7.3028e+04,3.4094e+04,1.3010e+07,4.2886e+06,2.0407e+06,5.9388e+05
2026-01-19T20:16:03.000Z,-9.9990e+02,-9.9990e+02,-9.9990e+02,-9.9990e+02,-9.9990e+02,-9.9990e+02,6.7301e+04,3.0755e+04,1.2062e+07,3.6657e+06,1.6587e+06,4.6520e+05
2026-01-19T20:16:15.000Z,-9.9990e+02,-9.9990e+02,-9.9990e+02,-9.9990e+02,-9.9990e+02,-9.9990e+02,6.7301e+04,3.0755e+04,1.2062e+07,3.6657e+06,1.6587e+06,4.6520e+05
2026-01-19T20:16:27.000Z,-9.9990e+02,-9.9990e+02,-9.9990e+02,-9.9990e+02,-9.9990e+02,-9.9990e+02,6.5421e+04,3.1327e+04,1.2057e+07,3.7614e+06,1.7083e+06,4.7367e+05
2026-01-19T20:16:39.000Z,-9.9990e+02,-9.9990e+02,-9.9990e+02,-9.9990e+02,-9.9990e+02,-9.9990e+02,6.5421e+04,3.1327e+04,1.2057e+07,3.7614e+06,1.7083e+06,4.7367e+05
2026-01-19T20:16:52.000Z,-9.9990e+02,-9.9990e+02,-9.9990e+02,-9.9990e+02,-9.9990e+02,-9.9990e+02,6.9182e+04,3.2412e+04,1.2686e+07,3.9514e+06,1.8234e+06,5.1173e+05
2026-01-19T20:17:04.000Z,-9.9990e+02,-9.9990e+02,-9.9990e+02,-9.9990e+02,-9.9990e+02,-9.9990e+02,6.9182e+04,3.2412e+04,1.2686e+07,3.9514e+06,1.8234e+06,5.1173e+05
2026-01-19T20:17:16.000Z,-9.9990e+02,-9.9990e+02,-9.9990e+02,-9.9990e+02,-9.9990e+02,-9.9990e+02,6.9182e+04,3.2412e+04,1.2529e+07,3.9514e+06,1.8234e+06,5.1633e+05
2026-01-19T20:17:28.000Z,-9.9990e+02,-9.9990e+02,-9.9990e+02,-9.9990e+02,-9.9990e+02,-9.9990e+02,6.9182e+04,3.2412e+04,1.2529e+07,3.9514e+06,1.8234e+06,5.1633e+05
2026-01-19T20:17:40.000Z,-9.9990e+02,-9.9990e+02,-9.9990e+02,-9.9990e+02,-9.9990e+02,-9.9990e+02,6.9182e+04,3.1302e+04,1.2048e+07,3.8057e+06,1.7063e+06,4.8184e+05
2026-01-19T20:17:52.000Z,-9.9990e+02,-9.9990e+02,-9.9990e+02,-9.9990e+02,-9.9990e+02,-9.9990e+02,6.9182e+04,3.1302e+04,1.2048e+07,3.8057e+06,1.7063e+06,4.8184e+05
2026-01-19T20:18:04.000Z,-9.9990e+02,-9.9990e+02,-9.9990e+02,-9.9990e+02,-9.9990e+02,-9.9990e+02,-9.9990e+02,-9.9990e+02,-9.9990e+02,-9.9990e+02,-9.9990e+02,-9.9990e+02
2026-01-19T20:18:17.000Z,-9.9990e+02,-9.9990e+02,-9.9990e+02,-9.9990e+02,-9.9990e+02,-9.9990e+02,6.5335e+04,3.0183e+04,1.1729e+07,3.6643e+06,1.6071e+06,4.5194e+05
2026-01-19T20:18:29.000Z,-9.9990e+02,-9.9990e+02,-9.9990e+02,-9.9990e+02,-9.9990e+02,-9.9990e+02,6.5335e+04,3.0183e+04,1.1729e+07,3.6643e+06,1.6071e+06,4.5194e+05
2026-01-19T20:18:41.000Z,-9.9990e+02,-9.9990e+02,-9.9990e+02,-9.9990e+02,-9.9990e+02,-9.9990e+02,6.5392e+04,3.0192e+04,1.1410e+07,3.5686e+06,1.5734e+06,4.3913e+05
2026-01-19T20:18:53.000Z,-9.9990e+02,-9.9990e+02,-9.9990e+02,-9.9990e+02,-9.9990e+02,-9.9990e+02,6.5392e+04,3.0192e+04,1.1410e+07,3.5686e+06,1.5734e+06,4.3913e+05
2026-01-19T20:19:05.000Z,-9.9990e+02,-9.9990e+02,-9.9990e+02,-9.9990e+02,-9.9990e+02,-9.9990e+02,6.5478e+04,2.9678e+04,1.1095e+07,3.4257e+06,1.5407e+06,4.3071e+05
2026-01-19T20:19:17.000Z,-9.9990e+02,-9.9990e+02,-9.9990e+02,-9.9990e+02,-9.9990e+02,-9.9990e+02,6.5478e+04,2.9678e+04,1.1095e+07,3.4257e+06,1.5407e+06,4.3071e+05
2026-01-19T20:19:29.000Z,-9.9990e+02,-9.9990e+02,-9.9990e+02,-9.9990e+02,-9.9990e+02,-9.9990e+02,6.7273e+04,3.1293e+04,1.1405e+07,3.4686e+06,1.5228e+06,4.3020e+05
2026-01-19T20:19:42.000Z,-9.9990e+02,-9.9990e+02,-9.9990e+02,-9.9990e+02,-9.9990e+02,-9.9990e+02,6.7273e+04,3.1293e+04,1.1405e+07,3.4686e+06,1.5228e+06,4.3020e+05
2026-01-19T20:19:54.000Z,-9.9990e+02,-9.9990e+02,-9.9990e+02,-9.9990e+02,-9.9990e+02,-9.9990e+02,6.7273e+04,3.1857e+04,1.0600e+07,3.1314e+06,1.3720e+06,3.7857e+05
2026-01-19T20:20:06.000Z,-9.9990e+02,-9.9990e+02,-9.9990e+02,-9.9990e+02,-9.9990e+02,-9.9990e+02,6.7273e+04,3.1857e+04,1.0600e+07,3.1314e+06,1.3720e+06,3.7857e+05
2026-01-19T20:20:18.000Z,-9.9990e+02,-9.9990e+02,-9.9990e+02,-9.9990e+02,-9.9990e+02,-9.9990e+02,-9.9990e+02,-9.9990e+02,-9.9990e+02,-9.9990e+02,-9.9990e+02,-9.9990e+02
2026-01-19T20:20:30.000Z,-9.9990e+02,-9.9990e+02,-9.9990e+02,-9.9990e+02,-9.9990e+02,-9.9990e+02,6.5392e+04,3.0192e+04,1.0924e+07,3.2771e+06,1.4722e+06,4.0449e+05
2026-01-19T20:20:42.000Z,-9.9990e+02,-9.9990e+02,-9.9990e+02,-9.9990e+02,-9.9990e+02,-9.9990e+02,6.5392e+04,3.0192e+04,1.0924e+07,3.2771e+06,1.4722e+06,4.0449e+05
2026-01-19T20:20:54.000Z,-9.9990e+02,-9.9990e+02,-9.9990e+02,-9.9990e+02,-9.9990e+02,-9.9990e+02,6.7444e+04,3.0813e+04,1.0862e+07,3.2814e+06,1.4752e+06,4.0939e+05
2026-01-19T20:21:07.000Z,-9.9990e+02,-9.9990e+02,-9.9990e+02,-9.9990e+02,-9.9990e+02,-9.9990e+02,6.7444e+04,3.0813e+04,1.0862e+07,3.2814e+06,1.4752e+06,4.0939e+05
2026-01-19T20:21:19.000Z,-9.9990e+02,-9.9990e+02,-9.9990e+02,-9.9990e+02,-9.9990e+02,-9.9990e+02,6.5335e+04,3.1302e+04,1.0919e+07,3.3000e+06,1.4891e+06,4.1730e+05
2026-01-19T20:21:31.000Z,-9.9990e+02,-9.9990e+02,-9.9990e+02,-9.9990e+02,-9.9990e+02,-9.9990e+02,6.5335e+04,3.1302e+04,1.0919e+07,3.3000e+06,1.4891e+06,4.1730e+05
2026-01-19T20:21:43.000Z,-9.9990e+02,-9.9990e+02,-9.9990e+02,-9.9990e+02,-9.9990e+02,-9.9990e+02,6.7273e+04,3.1302e+04,1.0443e+07,3.1329e+06,1.4395e+06,3.9587e+05
2026-01-19T20:21:55.000Z,-9.9990e+02,-9.9990e+02,-9.9990e+02,-9.9990e+02,-9.9990e+02,-9.9990e+02,6.7273e+04,3.1302e+04,1.0443e+07,3.1329e+06,1.4395e+06,3.9587e+05
2026-01-19T20:22:07.000Z,-9.9990e+02,-9.9990e+02,-9.9990e+02,-9.9990e+02,-9.9990e+02,-9.9990e+02,6.9324e+04,3.2478e+04,1.1576e+07,3.5686e+06,1.5913e+06,4.3923e+05
2026-01-19T20:22:19.000Z,-9.9990e+02,-9.9990e+02,-9.9990e+02,-9.9990e+02,-9.9990e+02,-9.9990e+02,6.9324e+04,3.2478e+04,1.1576e+07,3.5686e+06,1.5913e+06,4.3923e+05
2026-01-19T20:22:32.000Z,-9.9990e+02,-9.9990e+02,-9.9990e+02,-9.9990e+02,-9.9990e+02,-9.9990e+02,6.9267e+04,3.1327e+04,1.0929e+07,3.3500e+06,1.4732e+06,4.0459e+05
2026-01-19T20:22:44.000Z,-9.9990e+02,-9.9990e+02,-9.9990e+02,-9.9990e+02,-9.9990e+02,-9.9990e+02,6.9267e+04,3.1327e+04,1.0929e+07,3.3500e+06,1.4732e+06,4.0459e+05
2026-01-19T20:22:56.000Z,-9.9990e+02,-9.9990e+02,-9.9990e+02,-9.9990e+02,-9.9990e+02,-9.9990e+02,6.7301e+04,3.1310e+04,1.0929e+07,3.3029e+06,1.4563e+06,4.0036e+05
2026-01-19T20:23:08.000Z,-9.9990e+02,-9.9990e+02,-9.9990e+02,-9.9990e+02,-9.9990e+02,-9.9990e+02,6.7301e+04,3.1310e+04,1.0929e+07,3.3029e+06,1.4563e+06,4.0036e+05
2026-01-19T20:23:20.000Z,-9.9990e+02,-9.9990e+02,-9.9990e+02,-9.9990e+02,-9.9990e+02,-9.9990e+02,6.9182e+04,3.1857e+04,1.0762e+07,3.3486e+06,1.4891e+06,4.1301e+05
2026-01-19T20:23:32.000Z,-9.9990e+02,-9.9990e+02,-9.9990e+02,-9.9990e+02,-9.9990e+02,-9.9990e+02,6.9182e+04,3.1857e+04,1.0762e+07,3.3486e+06,1.4891e+06,4.1301e+05
2026-01-19T20:23:44.000Z,-9.9990e+02,-9.9990e+02,-9.9990e+02,-9.9990e+02,-9.9990e+02,-9.9990e+02,6.7273e+04,3.1857e+04,1.0605e+07,3.2529e+06,1.4395e+06,4.0015e+05
2026-01-19T20:23:57.000Z,-9.9990e+02,-9.9990e+02,-9.9990e+02,-9.9990e+02,-9.9990e+02,-9.9990e+02,6.7273e+04,3.1857e+04,1.0605e+07,3.2529e+06,1.4395e+06,4.0015e+05
2026-01-19T20:24:09.000Z,-9.9990e+02,-9.9990e+02,-9.9990e+02,-9.9990e+02,-9.9990e+02,-9.9990e+02,6.7273e+04,3.2412e+04,1.1000e+07,3.2529e+06,1.4554e+06,4.0439e+05
2026-01-19T20:24:21.000Z,-9.9990e+02,-9.9990e+02,-9.9990e+02,-9.9990e+02,-9.9990e+02,-9.9990e+02,6.7273e+04,3.2412e+04,1.1000e+07,3.2529e+06,1.4554e+06,4.0439e+05
2026-01-19T20:24:33.000Z,-9.9990e+02,-9.9990e+02,-9.9990e+02,-9.9990e+02,-9.9990e+02,-9.9990e+02,-9.9990e+02,-9.9990e+02,-9.9990e+02,-9.9990e+02,-9.9990e+02,-9.9990e+02
2026-01-19T20:24:45.000Z,-9.9990e+02,-9.9990e+02,-9.9990e+02,-9.9990e+02,-9.9990e+02,-9.9990e+02,6.9267e+04,3.1882e+04,1.1100e+07,3.4029e+06,1.4911e+06,4.1796e+05
2026-01-19T20:24:57.000Z,-9.9990e+02,-9.9990e+02,-9.9990e+02,-9.9990e+02,-9.9990e+02,-9.9990e+02,6.9267e+04,3.1882e+04,1.1100e+07,3.4029e+06,1.4911e+06,4.1796e+05
2026-01-19T20:25:09.000Z,-9.9990e+02,-9.9990e+02,-9.9990e+02,-9.9990e+02,-9.9990e+02,-9.9990e+02,6.7301e+04,3.1873e+04,1.0843e+07,3.3257e+06,1.4722e+06,4.0878e+05
2026-01-19T20:25:22.000Z,-9.9990e+02,-9.9990e+02,-9.9990e+02,-9.9990e+02,-9.9990e+02,-9.9990e+02,6.7301e+04,3.1873e+04,1.0843e+07,3.3257e+06,1.4722e+06,4.0878e+05
2026-01-19T20:25:34.000Z,-9.9990e+02,-9.9990e+02,-9.9990e+02,-9.9990e+02,-9.9990e+02,-9.9990e+02,6.7273e+04,3.0738e+04,1.0838e+07,3.3729e+06,1.4722e+06,4.0867e+05
2026-01-19T20:25:46.000Z,-9.9990e+02,-9.9990e+02,-9.9990e+02,-9.9990e+02,-9.9990e+02,-9.9990e+02,6.7273e+04,3.0738e+04,1.0838e+07,3.3729e+06,1.4722e+06,4.0867e+05
2026-01-19T20:25:58.000Z,-9.9990e+02,-9.9990e+02,-9.9990e+02,-9.9990e+02,-9.9990e+02,-9.9990e+02,6.7273e+04,3.1293e+04,1.0838e+07,3.3243e+06,1.4891e+06,4.0867e+05
2026-01-19T20:26:10.000Z,-9.9990e+02,-9.9990e+02,-9.9990e+02,-9.9990e+02,-9.9990e+02,-9.9990e+02,6.7273e+04,3.1293e+04,1.0838e+07,3.3243e+06,1.4891e+06,4.0867e+05
2026-01-19T20:26:22.000Z,-9.9990e+02,-9.9990e+02,-9.9990e+02,-9.9990e+02,-9.9990e+02,-9.9990e+02,6.7273e+04,3.1293e+04,1.0838e+07,3.2757e+06,1.4216e+06,3.9148e+05
2026-01-19T20:26:35.000Z,-9.9990e+02,-9.9990e+02,-9.9990e+02,-9.9990e+02,-9.9990e+02,-9.9990e+02,6.7273e+04,3.1293e+04,1.0838e+07,3.2757e+06,1.4216e+06,3.9148e+05
2026-01-19T20:26:47.000Z,-9.9990e+02,-9.9990e+02,-9.9990e+02,-9.9990e+02,-9.9990e+02,-9.9990e+02,6.3483e+04,2.9653e+04,1.0695e+07,3.2086e+06,1.4236e+06,3.9194e+05
2026-01-19T20:26:59.000Z,-9.9990e+02,-9.9990e+02,-9.9990e+02,-9.9990e+02,-9.9990e+02,-9.9990e+02,6.3483e+04,2.9653e+04,1.0695e+07,3.2086e+06,1.4236e+06,3.9194e+05
2026-01-19T20:27:11.000Z,-9.9990e+02,-9.9990e+02,-9.9990e+02,-9.9990e+02,-9.9990e+02,-9.9990e+02,6.3455e+04,2.9073e+04,1.0681e+07,3.1814e+06,1.4226e+06,3.8724e+05
2026-01-19T20:27:23.000Z,-9.9990e+02,-9.9990e+02,-9.9990e+02,-9.9990e+02,-9.9990e+02,-9.9990e+02,6.3455e+04,2.9073e+04,1.0681e+07,3.1814e+06,1.4226e+06,3.8724e+05
2026-01-19T20:27:35.000Z,-9.9990e+02,-9.9990e+02,-9.9990e+02,-9.9990e+02,-9.9990e+02,-9.9990e+02,6.3455e+04,2.8518e+04,1.0681e+07,3.1571e+06,1.3889e+06,3.8296e+05
2026-01-19T20:27:47.000Z,-9.9990e+02,-9.9990e+02,-9.9990e+02,-9.9990e+02,-9.9990e+02,-9.9990e+02,6.3455e+04,2.8518e+04,1.0681e+07,3.1571e+06,1.3889e+06,3.8296e+05
2026-01-19T20:27:59.000Z,-9.9990e+02,-9.9990e+02,-9.9990e+02,-9.9990e+02,-9.9990e+02,-9.9990e+02,6.3426e+04,2.9065e+04,1.0929e+07,3.2786e+06,1.4058e+06,3.9168e+05
2026-01-19T20:28:12.000Z,-9.9990e+02,-9.9990e+02,-9.9990e+02,-9.9990e+02,-9.9990e+02,-9.9990e+02,6.3426e+04,2.9065e+04,1.0929e+07,3.2786e+06,1.4058e+06,3.9168e+05
2026-01-19T20:28:24.000Z,-9.9990e+02,-9.9990e+02,-9.9990e+02,-9.9990e+02,-9.9990e+02,-9.9990e+02,6.3426e+04,2.9065e+04,1.0919e+07,3.2757e+06,1.4058e+06,3.8286e+05
2026-01-19T20:28:36.000Z,-9.9990e+02,-9.9990e+02,-9.9990e+02,-9.9990e+02,-9.9990e+02,-9.9990e+02,6.3426e+04,2.9065e+04,1.0919e+07,3.2757e+06,1.4058e+06,3.8286e+05
2026-01-19T20:28:48.000Z,-9.9990e+02,-9.9990e+02,-9.9990e+02,-9.9990e+02,-9.9990e+02,-9.9990e+02,-9.9990e+02,-9.9990e+02,-9.9990e+02,-9.9990e+02,-9.9990e+02,-9.9990e+02
2026-01-19T20:29:00.000Z,-9.9990e+02,-9.9990e+02,-9.9990e+02,-9.9990e+02,-9.9990e+02,-9.9990e+02,6.1574e+04,2.7408e+04,9.8048e+06,2.8214e+06,1.1637e+06,3.1005e+05
2026-01-19T20:29:12.000Z,-9.9990e+02,-9.9990e+02,-9.9990e+02,-9.9990e+02,-9.9990e+02,-9.9990e+02,6.1574e+04,2.7408e+04,9.8048e+06,2.8214e+06,1.1637e+06,3.1005e+05
2026-01-19T20:29:24.000Z,-9.9990e+02,-9.9990e+02,-9.9990e+02,-9.9990e+02,-9.9990e+02,-9.9990e+02,6.1517e+04,2.7383e+04,9.8810e+06,2.8443e+06,1.2054e+06,3.1418e+05
2026-01-19T20:29:37.000Z,-9.9990e+02,-9.9990e+02,-9.9990e+02,-9.9990e+02,-9.9990e+02,-9.9990e+02,6.1517e+04,2.7383e+04,9.8810e+06,2.8443e+06,1.2054e+06,3.1418e+05
2026-01-19T20:29:49.000Z,-9.9990e+02,-9.9990e+02,-9.9990e+02,-9.9990e+02,-9.9990e+02,-9.9990e+02,6.0548e+04,2.6264e+04,9.7143e+06,2.8186e+06,1.2044e+06,3.2265e+05
2026-01-19T20:30:01.000Z,-9.9990e+02,-9.9990e+02,-9.9990e+02,-9.9990e+02,-9.9990e+02,-9.9990e+02,6.0548e+04,2.6264e+04,9.7143e+06,2.8186e+06,1.2044e+06,3.2265e+05
2026-01-19T20:30:13.000Z,-9.9990e+02,-9.9990e+02,-9.9990e+02,-9.9990e+02,-9.9990e+02,-9.9990e+02,6.3426e+04,2.8501e+04,1.0200e+07,3.0114e+06,1.2718e+06,3.4413e+05
2026-01-19T20:30:25.000Z,-9.9990e+02,-9.9990e+02,-9.9990e+02,-9.9990e+02,-9.9990e+02,-9.9990e+02,6.3426e+04,2.8501e+04,1.0200e+07,3.0114e+06,1.2718e+06,3.4413e+05
2026-01-19T20:30:37.000Z,-9.9990e+02,-9.9990e+02,-9.9990e+02,-9.9990e+02,-9.9990e+02,-9.9990e+02,6.1517e+04,2.7383e+04,1.0357e+07,3.0600e+06,1.3046e+06,3.5704e+05
2026-01-19T20:30:49.000Z,-9.9990e+02,-9.9990e+02,-9.9990e+02,-9.9990e+02,-9.9990e+02,-9.9990e+02,6.1517e+04,2.7383e+04,1.0357e+07,3.0600e+06,1.3046e+06,3.5704e+05
2026-01-19T20:31:02.000Z,-9.9990e+02,-9.9990e+02,-9.9990e+02,-9.9990e+02,-9.9990e+02,-9.9990e+02,5.7699e+04,2.5162e+04,9.7190e+06,2.7714e+06,1.1885e+06,3.0990e+05
2026-01-19T20:31:14.000Z,-9.9990e+02,-9.9990e+02,-9.9990e+02,-9.9990e+02,-9.9990e+02,-9.9990e+02,5.7699e+04,2.5162e+04,9.7190e+06,2.7714e+06,1.1885e+06,3.0990e+05
2026-01-19T20:31:26.000Z,-9.9990e+02,-9.9990e+02,-9.9990e+02,-9.9990e+02,-9.9990e+02,-9.9990e+02,5.7699e+04,2.5162e+04,1.0205e+07,2.9886e+06,1.2718e+06,3.4434e+05
2026-01-19T20:31:38.000Z,-9.9990e+02,-9.9990e+02,-9.9990e+02,-9.9990e+02,-9.9990e+02,-9.9990e+02,5.7699e+04,2.5162e+04,1.0205e+07,2.9886e+06,1.2718e+06,3.4434e+05
2026-01-19T20:31:50.000Z,-9.9990e+02,-9.9990e+02,-9.9990e+02,-9.9990e+02,-9.9990e+02,-9.9990e+02,5.7699e+04,2.5162e+04,1.0124e+07,2.9643e+06,1.2718e+06,3.4434e+05
2026-01-19T20:32:02.000Z,-9.9990e+02,-9.9990e+02,-9.9990e+02,-9.9990e+02,-9.9990e+02,-9.9990e+02,5.7699e+04,2.5162e+04,1.0124e+07,2.9643e+06,1.2718e+06,3.4434e+05
2026-01-19T20:32:14.000Z,-9.9990e+02,-9.9990e+02,-9.9990e+02,-9.9990e+02,-9.9990e+02,-9.9990e+02,5.7670e+04,2.5709e+04,8.9952e+06,2.5057e+06,1.0208e+06,2.7316e+05
2026-01-19T20:32:27.000Z,-9.9990e+02,-9.9990e+02,-9.9990e+02,-9.9990e+02,-9.9990e+02,-9.9990e+02,5.7670e+04,2.5709e+04,8.9952e+06,2.5057e+06,1.0208e+06,2.7316e+05
2026-01-19T20:32:39.000Z,-9.9990e+02,-9.9990e+02,-9.9990e+02,-9.9990e+02,-9.9990e+02,-9.9990e+02,5.6702e+04,2.5146e+04,8.8333e+06,2.4343e+06,9.8730e+05,2.6250e+05
2026-01-19T20:32:51.000Z,-9.9990e+02,-9.9990e+02,-9.9990e+02,-9.9990e+02,-9.9990e+02,-9.9990e+02,5.6702e+04,2.5146e+04,8.8333e+06,2.4343e+06,9.8730e+05,2.6250e+05
2026-01-19T20:33:03.000Z,-9.9990e+02,-9.9990e+02,-9.9990e+02,-9.9990e+02,-9.9990e+02,-9.9990e+02,-9.9990e+02,-9.9990e+02,-9.9990e+02,-9.9990e+02,-9.9990e+02,-9.9990e+02
2026-01-19T20:33:15.000Z,-9.9990e+02,-9.9990e+02,-9.9990e+02,-9.9990e+02,-9.9990e+02,-9.9990e+02,5.5790e+04,2.4616e+04,8.6000e+06,2.3386e+06,9.5456e+05,2.4760e+05
2026-01-19T20:33:27.000Z,-9.9990e+02,-9.9990e+02,-9.9990e+02,-9.9990e+02,-9.9990e+02,-9.9990e+02,5.5790e+04,2.4616e+04,8.6000e+06,2.3386e+06,9.5456e+05,2.4760e+05
2026-01-19T20:33:40.000Z,-9.9990e+02,-9.9990e+02,-9.9990e+02,-9.9990e+02,-9.9990e+02,-9.9990e+02,5.4821e+04,2.4052e+04,8.6000e+06,2.3386e+06,9.5427e+05,2.4755e+05
2026-01-19T20:33:52.000Z,-9.9990e+02,-9.9990e+02,-9.9990e+02,-9.9990e+02,-9.9990e+02,-9.9990e+02,5.4821e+04,2.4052e+04,8.6000e+06,2.3386e+06,9.5427e+05,2.4755e+05
2026-01-19T20:34:04.000Z,-9.9990e+02,-9.9990e+02,-9.9990e+02,-9.9990e+02,-9.9990e+02,-9.9990e+02,5.4793e+04,2.4044e+04,8.4333e+06,2.2657e+06,9.2034e+05,2.3454e+05
2026-01-19T20:34:16.000Z,-9.9990e+02,-9.9990e+02,-9.9990e+02,-9.9990e+02,-9.9990e+02,-9.9990e+02,5.4793e+04,2.4044e+04,8.4333e+06,2.2657e+06,9.2034e+05,2.3454e+05
2026-01-19T20:34:28.000Z,-9.9990e+02,-9.9990e+02,-9.9990e+02,-9.9990e+02,-9.9990e+02,-9.9990e+02,5.2855e+04,2.2917e+04,8.2714e+06,2.2643e+06,9.0347e+05,2.3444e+05
2026-01-19T20:34:40.000Z,-9.9990e+02,-9.9990e+02,-9.9990e+02,-9.9990e+02,-9.9990e+02,-9.9990e+02,5.2855e+04,2.2917e+04,8.2714e+06,2.2643e+06,9.0347e+05,2.3444e+05
2026-01-19T20:34:52.000Z,-9.9990e+02,-9.9990e+02,-9.9990e+02,-9.9990e+02,-9.9990e+02,-9.9990e+02,5.3824e+04,2.3472e+04,8.3524e+06,2.2643e+06,9.2014e+05,2.3663e+05
2026-01-19T20:35:05.000Z,-9.9990e+02,-9.9990e+02,-9.9990e+02,-9.9990e+02,-9.9990e+02,-9.9990e+02,5.3824e+04,2.3472e+04,8.3524e+06,2.2643e+06,9.2014e+05,2.3663e+05
2026-01-19T20:35:17.000Z,-9.9990e+02,-9.9990e+02,-9.9990e+02,-9.9990e+02,-9.9990e+02,-9.9990e+02,5.4821e+04,2.4052e+04,8.1190e+06,2.1943e+06,8.7083e+05,2.2821e+05
2026-01-19T20:35:29.000Z,-9.9990e+02,-9.9990e+02,-9.9990e+02,-9.9990e+02,-9.9990e+02,-9.9990e+02,5.4821e+04,2.4052e+04,8.1190e+06,2.1943e+06,8.7083e+05,2.2821e+05
2026-01-19T20:35:41.000Z,-9.9990e+02,-9.9990e+02,-9.9990e+02,-9.9990e+02,-9.9990e+02,-9.9990e+02,5.5733e+04,2.4591e+04,8.2762e+06,2.2429e+06,9.0417e+05,2.3250e+05
2026-01-19T20:35:53.000Z,-9.9990e+02,-9.9990e+02,-9.9990e+02,-9.9990e+02,-9.9990e+02,-9.9990e+02,5.5733e+04,2.4591e+04,8.2762e+06,2.2429e+06,9.0417e+05,2.3250e+05
2026-01-19T20:36:05.000Z,-9.9990e+02,-9.9990e+02,-9.9990e+02,-9.9990e+02,-9.9990e+02,-9.9990e+02,5.3824e+04,2.3472e+04,7.0667e+06,1.9029e+06,7.4454e+05,1.8929e+05
2026-01-19T20:36:17.000Z,-9.9990e+02,-9.9990e+02,-9.9990e+02,-9.9990e+02,-9.9990e+02,-9.9990e+02,5.3824e+04,2.3472e+04,7.0667e+06,1.9029e+06,7.4454e+05,1.8929e+05
2026-01-19T20:36:30.000Z,-9.9990e+02,-9.9990e+02,-9.9990e+02,-9.9990e+02,-9.9990e+02,-9.9990e+02,4.9008e+04,2.1235e+04,6.7476e+06,1.7586e+06,6.8591e+05,1.7423e+05
2026-01-19T20:36:42.000Z,-9.9990e+02,-9.9990e+02,-9.9990e+02,-9.9990e+02,-9.9990e+02,-9.9990e+02,4.9008e+04,2.1235e+04,6.7476e+06,1.7586e+06,6.8591e+05,1.7423e+05
2026-01-19T20:36:54.000Z,-9.9990e+02,-9.9990e+02,-9.9990e+02,-9.9990e+02,-9.9990e+02,-9.9990e+02,4.8040e+04,2.0117e+04,6.5857e+06,1.6871e+06,6.4415e+05,1.6347e+05
2026-01-19T20:37:06.000Z,-9.9990e+02,-9.9990e+02,-9.9990e+02,-9.9990e+02,-9.9990e+02,-9.9990e+02,4.8040e+04,2.0117e+04,6.5857e+06,1.6871e+06,6.4415e+05,1.6347e+05
2026-01-19T20:37:18.000Z,-9.9990e+02,-9.9990e+02,-9.9990e+02,-9.9990e+02,-9.9990e+02,-9.9990e+02,-9.9990e+02,-9.9990e+02,-9.9990e+02,-9.9990e+02,-9.9990e+02,-9.9990e+02
2026-01-19T20:37:30.000Z,-9.9990e+02,-9.9990e+02,-9.9990e+02,-9.9990e+02,-9.9990e+02,-9.9990e+02,4.9977e+04,2.1235e+04,6.9095e+06,1.7829e+06,7.0288e+05,1.7429e+05
2026-01-19T20:37:42.000Z,-9.9990e+02,-9.9990e+02,-9.9990e+02,-9.9990e+02,-9.9990e+02,-9.9990e+02,4.9977e+04,2.1235e+04,6.9095e+06,1.7829e+06,7.0288e+05,1.7429e+05
2026-01-19T20:37:55.000Z,-9.9990e+02,-9.9990e+02,-9.9990e+02,-9.9990e+02,-9.9990e+02,-9.9990e+02,4.2398e+04,1.7366e+04,5.3905e+06,1.3634e+06,5.0278e+05,1.2281e+05
2026-01-19T20:38:07.000Z,-9.9990e+02,-9.9990e+02,-9.9990e+02,-9.9990e+02,-9.9990e+02,-9.9990e+02,4.2398e+04,1.7366e+04,5.3905e+06,1.3634e+06,5.0278e+05,1.2281e+05
2026-01-19T20:38:19.000Z,-9.9990e+02,-9.9990e+02,-9.9990e+02,-9.9990e+02,-9.9990e+02,-9.9990e+02,4.1315e+04,1.6769e+04,5.1381e+06,1.2769e+06,4.7262e+05,1.1724e+05
2026-01-19T20:38:31.000Z,-9.9990e+02,-9.9990e+02,-9.9990e+02,-9.9990e+02,-9.9990e+02,-9.9990e+02,4.1315e+04,1.6769e+04,5.1381e+06,1.2769e+06,4.7262e+05,1.1724e+05
2026-01-19T20:38:43.000Z,-9.9990e+02,-9.9990e+02,-9.9990e+02,-9.9990e+02,-9.9990e+02,-9.9990e+02,4.0375e+04,1.6769e+04,5.1381e+06,1.2769e+06,4.8095e+05,1.1617e+05
2026-01-19T20:38:55.000Z,-9.9990e+02,-9.9990e+02,-9.9990e+02,-9.9990e+02,-9.9990e+02,-9.9990e+02,4.0375e+04,1.6769e+04,5.1381e+06,1.2769e+06,4.8095e+05,1.1617e+05
2026-01-19T20:39:07.000Z,-9.9990e+02,-9.9990e+02,-9.9990e+02,-9.9990e+02,-9.9990e+02,-9.9990e+02,4.0375e+04,1.6769e+04,5.1381e+06,1.2649e+06,4.7262e+05,1.1617e+05
2026-01-19T20:39:20.000Z,-9.9990e+02,-9.9990e+02,-9.9990e+02,-9.9990e+02,-9.9990e+02,-9.9990e+02,4.0375e+04,1.6769e+04,5.1381e+06,1.2649e+06,4.7262e+05,1.1617e+05
2026-01-19T20:39:32.000Z,-9.9990e+02,-9.9990e+02,-9.9990e+02,-9.9990e+02,-9.9990e+02,-9.9990e+02,3.9435e+04,1.6214e+04,5.0238e+06,1.2179e+06,4.5635e+05,1.1087e+05
2026-01-19T20:39:44.000Z,-9.9990e+02,-9.9990e+02,-9.9990e+02,-9.9990e+02,-9.9990e+02,-9.9990e+02,3.9435e+04,1.6214e+04,5.0238e+06,1.2179e+06,4.5635e+05,1.1087e+05
2026-01-19T20:39:56.000Z,-9.9990e+02,-9.9990e+02,-9.9990e+02,-9.9990e+02,-9.9990e+02,-9.9990e+02,4.0375e+04,1.6496e+04,5.1429e+06,1.2779e+06,4.8135e+05,1.1949e+05
2026-01-19T20:40:08.000Z,-9.9990e+02,-9.9990e+02,-9.9990e+02,-9.9990e+02,-9.9990e+02,-9.9990e+02,4.0375e+04,1.6496e+04,5.1429e+06,1.2779e+06,4.8135e+05,1.1949e+05
2026-01-19T20:40:20.000Z,-9.9990e+02,-9.9990e+02,-9.9990e+02,-9.9990e+02,-9.9990e+02,-9.9990e+02,4.0403e+04,1.6504e+04,5.1000e+06,1.2534e+06,4.6865e+05,1.1408e+05
2026-01-19T20:40:32.000Z,-9.9990e+02,-9.9990e+02,-9.9990e+02,-9.9990e+02,-9.9990e+02,-9.9990e+02,4.0403e+04,1.6504e+04,5.1000e+06,1.2534e+06,4.6865e+05,1.1408e+05
2026-01-19T20:40:45.000Z,-9.9990e+02,-9.9990e+02,-9.9990e+02,-9.9990e+02,-9.9990e+02,-9.9990e+02,3.8437e+04,1.5651e+04,4.9000e+06,1.1806e+06,4.3502e+05,1.0541e+05
2026-01-19T20:40:57.000Z,-9.9990e+02,-9.9990e+02,-9.9990e+02,-9.9990e+02,-9.9990e+02,-9.9990e+02,3.8437e+04,1.5651e+04,4.9000e+06,1.1806e+06,4.3502e+05,1.0541e+05
2026-01-19T20:41:09.000Z,-9.9990e+02,-9.9990e+02,-9.9990e+02,-9.9990e+02,-9.9990e+02,-9.9990e+02,3.8437e+04,1.5369e+04,4.4971e+06,1.0841e+06,3.9315e+05,9.4643e+04
2026-01-19T20:41:21.000Z,-9.9990e+02,-9.9990e+02,-9.9990e+02,-9.9990e+02,-9.9990e+02,-9.9990e+02,3.8437e+04,1.5369e+04,4.4971e+06,1.0841e+06,3.9315e+05,9.4643e+04
2026-01-19T20:41:33.000Z,-9.9990e+02,-9.9990e+02,-9.9990e+02,-9.9990e+02,-9.9990e+02,-9.9990e+02,-9.9990e+02,-9.9990e+02,-9.9990e+02,-9.9990e+02,-9.9990e+02,-9.9990e+02
2026-01-19T20:41:45.000Z,-9.9990e+02,-9.9990e+02,-9.9990e+02,-9.9990e+02,-9.9990e+02,-9.9990e+02,3.6528e+04,1.4541e+04,4.1776e+06,9.7614e+05,3.5565e+05,8.6071e+04
2026-01-19T20:41:57.000Z,-9.9990e+02,-9.9990e+02,-9.9990e+02,-9.9990e+02,-9.9990e+02,-9.9990e+02,3.6528e+04,1.4541e+04,4.1776e+06,9.7614e+05,3.5565e+05,8.6071e+04
2026-01-19T20:42:10.000Z,-9.9990e+02,-9.9990e+02,-9.9990e+02,-9.9990e+02,-9.9990e+02,-9.9990e+02,3.4619e+04,1.3696e+04,4.0210e+06,9.4086e+05,3.4345e+05,8.1837e+04
2026-01-19T20:42:22.000Z,-9.9990e+02,-9.9990e+02,-9.9990e+02,-9.9990e+02,-9.9990e+02,-9.9990e+02,3.4619e+04,1.3696e+04,4.0210e+06,9.4086e+05,3.4345e+05,8.1837e+04
2026-01-19T20:42:34.000Z,-9.9990e+02,-9.9990e+02,-9.9990e+02,-9.9990e+02,-9.9990e+02,-9.9990e+02,3.3622e+04,1.3132e+04,3.7743e+06,8.9129e+05,3.1786e+05,7.3112e+04
2026-01-19T20:42:46.000Z,-9.9990e+02,-9.9990e+02,-9.9990e+02,-9.9990e+02,-9.9990e+02,-9.9990e+02,3.3622e+04,1.3132e+04,3.7743e+06,8.9129e+05,3.1786e+05,7.3112e+04
2026-01-19T20:42:58.000Z,-9.9990e+02,-9.9990e+02,-9.9990e+02,-9.9990e+02,-9.9990e+02,-9.9990e+02,3.3622e+04,1.2850e+04,3.8543e+06,9.0343e+05,3.2202e+05,7.6378e+04
2026-01-19T20:43:10.000Z,-9.9990e+02,-9.9990e+02,-9.9990e+02,-9.9990e+02,-9.9990e+02,-9.9990e+02,3.3622e+04,1.2850e+04,3.8543e+06,9.0343e+05,3.2202e+05,7.6378e+04
2026-01-19T20:43:22.000Z,-9.9990e+02,-9.9990e+02,-9.9990e+02,-9.9990e+02,-9.9990e+02,-9.9990e+02,3.3622e+04,1.3132e+04,3.7743e+06,9.0343e+05,3.1786e+05,7.4184e+04
2026-01-19T20:43:35.000Z,-9.9990e+02,-9.9990e+02,-9.9990e+02,-9.9990e+02,-9.9990e+02,-9.9990e+02,3.3622e+04,1.3132e+04,3.7743e+06,9.0343e+05,3.1786e+05,7.4184e+04
2026-01-19T20:43:47.000Z,-9.9990e+02,-9.9990e+02,-9.9990e+02,-9.9990e+02,-9.9990e+02,-9.9990e+02,3.3651e+04,1.3140e+04,3.8157e+06,8.9157e+05,3.1379e+05,7.3163e+04
2026-01-19T20:43:59.000Z,-9.9990e+02,-9.9990e+02,-9.9990e+02,-9.9990e+02,-9.9990e+02,-9.9990e+02,3.3651e+04,1.3140e+04,3.8157e+06,8.9157e+05,3.1379e+05,7.3163e+04
2026-01-19T20:44:11.000Z,-9.9990e+02,-9.9990e+02,-9.9990e+02,-9.9990e+02,-9.9990e+02,-9.9990e+02,3.2682e+04,1.2585e+04,3.6557e+06,8.5571e+05,3.0546e+05,7.2092e+04
2026-01-19T20:44:23.000Z,-9.9990e+02,-9.9990e+02,-9.9990e+02,-9.9990e+02,-9.9990e+02,-9.9990e+02,3.2682e+04,1.2585e+04,3.6557e+06,8.5571e+05,3.0546e+05,7.2092e+04
2026-01-19T20:44:35.000Z,-9.9990e+02,-9.9990e+02,-9.9990e+02,-9.9990e+02,-9.9990e+02,-9.9990e+02,3.2682e+04,1.2304e+04,3.5362e+06,8.1971e+05,2.8462e+05,6.6735e+04
2026-01-19T20:44:47.000Z,-9.9990e+02,-9.9990e+02,-9.9990e+02,-9.9990e+02,-9.9990e+02,-9.9990e+02,3.2682e+04,1.2304e+04,3.5362e+06,8.1971e+05,2.8462e+05,6.6735e+04
2026-01-19T20:45:00.000Z,-9.9990e+02,-9.9990e+02,-9.9990e+02,-9.9990e+02,-9.9990e+02,-9.9990e+02,3.1713e+04,1.2295e+04,3.3729e+06,7.8300e+05,2.7609e+05,6.4541e+04
2026-01-19T20:45:12.000Z,-9.9990e+02,-9.9990e+02,-9.9990e+02,-9.9990e+02,-9.9990e+02,-9.9990e+02,3.1713e+04,1.2295e+04,3.3729e+06,7.8300e+05,2.7609e+05,6.4541e+04
2026-01-19T20:45:24.000Z,-9.9990e+02,-9.9990e+02,-9.9990e+02,-9.9990e+02,-9.9990e+02,-9.9990e+02,3.0744e+04,1.1740e+04,3.3738e+06,7.7114e+05,2.6359e+05,6.2398e+04
2026-01-19T20:45:36.000Z,-9.9990e+02,-9.9990e+02,-9.9990e+02,-9.9990e+02,-9.9990e+02,-9.9990e+02,3.0744e+04,1.1740e+04,3.3738e+06,7.7114e+05,2.6359e+05,6.2398e+04
2026-01-19T20:45:48.000Z,-9.9990e+02,-9.9990e+02,-9.9990e+02,-9.9990e+02,-9.9990e+02,-9.9990e+02,-9.9990e+02,-9.9990e+02,-9.9990e+02,-9.9990e+02,-9.9990e+02,-9.9990e+02
2026-01-19T20:46:00.000Z,-9.9990e+02,-9.9990e+02,-9.9990e+02,-9.9990e+02,-9.9990e+02,-9.9990e+02,3.0744e+04,1.1740e+04,2.9719e+06,6.6271e+05,2.1756e+05,4.9485e+04
2026-01-19T20:46:12.000Z,-9.9990e+02,-9.9990e+02,-9.9990e+02,-9.9990e+02,-9.9990e+02,-9.9990e+02,3.0744e+04,1.1740e+04,2.9719e+06,6.6271e+05,2.1756e+05,4.9485e+04
2026-01-19T20:46:25.000Z,-9.9990e+02,-9.9990e+02,-9.9990e+02,-9.9990e+02,-9.9990e+02,-9.9990e+02,3.0773e+04,1.1740e+04,2.7310e+06,5.9643e+05,1.9454e+05,4.3031e+04
2026-01-19T20:46:37.000Z,-9.9990e+02,-9.9990e+02,-9.9990e+02,-9.9990e+02,-9.9990e+02,-9.9990e+02,3.0773e+04,1.1740e+04,2.7310e+06,5.9643e+05,1.9454e+05,4.3031e+04
2026-01-19T20:46:49.000Z,-9.9990e+02,-9.9990e+02,-9.9990e+02,-9.9990e+02,-9.9990e+02,-9.9990e+02,3.0744e+04,1.1740e+04,2.8514e+06,6.2057e+05,2.0288e+05,4.6260e+04
2026-01-19T20:47:01.000Z,-9.9990e+02,-9.9990e+02,-9.9990e+02,-9.9990e+02,-9.9990e+02,-9.9990e+02,3.0744e+04,1.1740e+04,2.8514e+06,6.2057e+05,2.0288e+05,4.6260e+04
2026-01-19T20:47:13.000Z,-9.9990e+02,-9.9990e+02,-9.9990e+02,-9.9990e+02,-9.9990e+02,-9.9990e+02,3.0744e+04,1.1740e+04,2.8105e+06,6.1429e+05,2.0496e+05,4.5173e+04
2026-01-19T20:47:25.000Z,-9.9990e+02,-9.9990e+02,-9.9990e+02,-9.9990e+02,-9.9990e+02,-9.9990e+02,3.0744e+04,1.1740e+04,2.8105e+06,6.1429e+05,2.0496e+05,4.5173e+04
2026-01-19T20:47:38.000Z,-9.9990e+02,-9.9990e+02,-9.9990e+02,-9.9990e+02,-9.9990e+02,-9.9990e+02,3.0773e+04,1.2022e+04,2.6514e+06,5.8443e+05,1.9038e+05,4.3041e+04
2026-01-19T20:47:50.000Z,-9.9990e+02,-9.9990e+02,-9.9990e+02,-9.9990e+02,-9.9990e+02,-9.9990e+02,3.0773e+04,1.2022e+04,2.6514e+06,5.8443e+05,1.9038e+05,4.3041e+04
2026-01-19T20:48:02.000Z,-9.9990e+02,-9.9990e+02,-9.9990e+02,-9.9990e+02,-9.9990e+02,-9.9990e+02,-9.9990e+02,-9.9990e+02,-9.9990e+02,-9.9990e+02,-9.9990e+02,-9.9990e+02
2026-01-19T20:48:14.000Z,-9.9990e+02,-9.9990e+02,-9.9990e+02,-9.9990e+02,-9.9990e+02,-9.9990e+02,3.0744e+04,1.1740e+04,2.6505e+06,5.7829e+05,1.9246e+05,4.3031e+04
2026-01-19T20:48:26.000Z,-9.9990e+02,-9.9990e+02,-9.9990e+02,-9.9990e+02,-9.9990e+02,-9.9990e+02,3.0744e+04,1.1740e+04,2.6505e+06,5.7829e+05,1.9246e+05,4.3031e+04
2026-01-19T20:48:38.000Z,-9.9990e+02,-9.9990e+02,-9.9990e+02,-9.9990e+02,-9.9990e+02,-9.9990e+02,3.0288e+04,1.1740e+04,2.6910e+06,5.8429e+05,1.9663e+05,4.4643e+04
2026-01-19T20:48:50.000Z,-9.9990e+02,-9.9990e+02,-9.9990e+02,-9.9990e+02,-9.9990e+02,-9.9990e+02,3.0288e+04,1.1740e+04,2.6910e+06,5.8429e+05,1.9663e+05,4.4643e+04
2026-01-19T20:49:03.000Z,-9.9990e+02,-9.9990e+02,-9.9990e+02,-9.9990e+02,-9.9990e+02,-9.9990e+02,3.0773e+04,1.2022e+04,2.7314e+06,5.9057e+05,1.9663e+05,4.3577e+04
2026-01-19T20:49:15.000Z,-9.9990e+02,-9.9990e+02,-9.9990e+02,-9.9990e+02,-9.9990e+02,-9.9990e+02,3.0773e+04,1.2022e+04,2.7314e+06,5.9057e+05,1.9663e+05,4.3577e+04
2026-01-19T20:49:27.000Z,-9.9990e+02,-9.9990e+02,-9.9990e+02,-9.9990e+02,-9.9990e+02,-9.9990e+02,3.0773e+04,1.2022e+04,2.7310e+06,5.8429e+05,1.9454e+05,4.4107e+04
2026-01-19T20:49:39.000Z,-9.9990e+02,-9.9990e+02,-9.9990e+02,-9.9990e+02,-9.9990e+02,-9.9990e+02,3.0773e+04,1.2022e+04,2.7310e+06,5.8429e+05,1.9454e+05,4.4107e+04
2026-01-19T20:49:51.000Z,-9.9990e+02,-9.9990e+02,-9.9990e+02,-9.9990e+02,-9.9990e+02,-9.9990e+02,3.0773e+04,1.1740e+04,2.7310e+06,5.9643e+05,1.9871e+05,4.5719e+04
2026-01-19T20:50:03.000Z,-9.9990e+02,-9.9990e+02,-9.9990e+02,-9.9990e+02,-9.9990e+02,-9.9990e+02,3.0773e+04,1.1740e+04,2.7310e+06,5.9643e+05,1.9871e+05,4.5719e+04
2026-01-19T20:50:15.000Z,-9.9990e+02,-9.9990e+02,-9.9990e+02,-9.9990e+02,-9.9990e+02,-9.9990e+02,3.0744e+04,1.1740e+04,2.7705e+06,6.1429e+05,2.0913e+05,4.8934e+04
2026-01-19T20:50:28.000Z,-9.9990e+02,-9.9990e+02,-9.9990e+02,-9.9990e+02,-9.9990e+02,-9.9990e+02,3.0744e+04,1.1740e+04,2.7705e+06,6.1429e+05,2.0913e+05,4.8934e+04
2026-01-19T20:50:40.000Z,-9.9990e+02,-9.9990e+02,-9.9990e+02,-9.9990e+02,-9.9990e+02,-9.9990e+02,3.0773e+04,1.1749e+04,2.6924e+06,6.2086e+05,2.1349e+05,4.8969e+04
2026-01-19T20:50:52.000Z,-9.9990e+02,-9.9990e+02,-9.9990e+02,-9.9990e+02,-9.9990e+02,-9.9990e+02,3.0773e+04,1.1749e+04,2.6924e+06,6.2086e+05,2.1349e+05,4.8969e+04
2026-01-19T20:51:04.000Z,-9.9990e+02,-9.9990e+02,-9.9990e+02,-9.9990e+02,-9.9990e+02,-9.9990e+02,3.0744e+04,1.1740e+04,2.7710e+06,6.2657e+05,2.1548e+05,4.9485e+04
2026-01-19T20:51:16.000Z,-9.9990e+02,-9.9990e+02,-9.9990e+02,-9.9990e+02,-9.9990e+02,-9.9990e+02,3.0744e+04,1.1740e+04,2.7710e+06,6.2657e+05,2.1548e+05,4.9485e+04
2026-01-19T20:51:28.000Z,-9.9990e+02,-9.9990e+02,-9.9990e+02,-9.9990e+02,-9.9990e+02,-9.9990e+02,3.0773e+04,1.1459e+04,2.7310e+06,6.0843e+05,2.0496e+05,4.7332e+04
2026-01-19T20:51:40.000Z,-9.9990e+02,-9.9990e+02,-9.9990e+02,-9.9990e+02,-9.9990e+02,-9.9990e+02,3.0773e+04,1.1459e+04,2.7310e+06,6.0843e+05,2.0496e+05,4.7332e+04
2026-01-19T20:51:52.000Z,-9.9990e+02,-9.9990e+02,-9.9990e+02,-9.9990e+02,-9.9990e+02,-9.9990e+02,3.1742e+04,1.2022e+04,2.6505e+06,6.0243e+05,1.9663e+05,4.5184e+04
2026-01-19T20:52:05.000Z,-9.9990e+02,-9.9990e+02,-9.9990e+02,-9.9990e+02,-9.9990e+02,-9.9990e+02,3.1742e+04,1.2022e+04,2.6505e+06,6.0243e+05,1.9663e+05,4.5184e+04
2026-01-19T20:52:17.000Z,-9.9990e+02,-9.9990e+02,-9.9990e+02,-9.9990e+02,-9.9990e+02,-9.9990e+02,-9.9990e+02,-9.9990e+02,-9.9990e+02,-9.9990e+02,-9.9990e+02,-9.9990e+02
2026-01-19T20:52:29.000Z,-9.9990e+02,-9.9990e+02,-9.9990e+02,-9.9990e+02,-9.9990e+02,-9.9990e+02,3.0744e+04,1.1740e+04,2.7710e+06,6.0843e+05,2.0496e+05,4.6796e+04
2026-01-19T20:52:41.000Z,-9.9990e+02,-9.9990e+02,-9.9990e+02,-9.9990e+02,-9.9990e+02,-9.9990e+02,3.0744e+04,1.1740e+04,2.7710e+06,6.0843e+05,2.0496e+05,4.6796e+04
2026-01-19T20:52:53.000Z,-9.9990e+02,-9.9990e+02,-9.9990e+02,-9.9990e+02,-9.9990e+02,-9.9990e+02,3.0260e+04,1.1177e+04,2.5705e+06,5.7829e+05,1.9246e+05,4.3031e+04
2026-01-19T20:53:05.000Z,-9.9990e+02,-9.9990e+02,-9.9990e+02,-9.9990e+02,-9.9990e+02,-9.9990e+02,3.0260e+04,1.1177e+04,2.5705e+06,5.7829e+05,1.9246e+05,4.3031e+04
2026-01-19T20:53:17.000Z,-9.9990e+02,-9.9990e+02,-9.9990e+02,-9.9990e+02,-9.9990e+02,-9.9990e+02,3.0801e+04,1.1475e+04,2.6919e+06,5.9071e+05,1.9673e+05,4.4663e+04
2026-01-19T20:53:30.000Z,-9.9990e+02,-9.9990e+02,-9.9990e+02,-9.9990e+02,-9.9990e+02,-9.9990e+02,3.0801e+04,1.1475e+04,2.6919e+06,5.9071e+05,1.9673e+05,4.4663e+04
2026-01-19T20:53:42.000Z,-9.9990e+02,-9.9990e+02,-9.9990e+02,-9.9990e+02,-9.9990e+02,-9.9990e+02,3.0773e+04,1.1740e+04,2.6105e+06,5.7829e+05,1.9454e+05,4.5184e+04
2026-01-19T20:53:54.000Z,-9.9990e+02,-9.9990e+02,-9.9990e+02,-9.9990e+02,-9.9990e+02,-9.9990e+02,3.0773e+04,1.1740e+04,2.6105e+06,5.7829e+05,1.9454e+05,4.5184e+04
2026-01-19T20:54:06.000Z,-9.9990e+02,-9.9990e+02,-9.9990e+02,-9.9990e+02,-9.9990e+02,-9.9990e+02,3.0744e+04,1.1177e+04,2.6514e+06,5.9057e+05,1.9663e+05,4.4653e+04
2026-01-19T20:54:18.000Z,-9.9990e+02,-9.9990e+02,-9.9990e+02,-9.9990e+02,-9.9990e+02,-9.9990e+02,3.0744e+04,1.1177e+04,2.6514e+06,5.9057e+05,1.9663e+05,4.4653e+04
2026-01-19T20:54:30.000Z,-9.9990e+02,-9.9990e+02,-9.9990e+02,-9.9990e+02,-9.9990e+02,-9.9990e+02,3.0288e+04,1.1185e+04,2.6105e+06,5.8429e+05,1.9454e+05,4.4107e+04
2026-01-19T20:54:43.000Z,-9.9990e+02,-9.9990e+02,-9.9990e+02,-9.9990e+02,-9.9990e+02,-9.9990e+02,3.0288e+04,1.1185e+04,2.6105e+06,5.8429e+05,1.9454e+05,4.4107e+04
2026-01-19T20:54:55.000Z,-9.9990e+02,-9.9990e+02,-9.9990e+02,-9.9990e+02,-9.9990e+02,-9.9990e+02,3.0260e+04,1.1177e+04,2.5300e+06,5.4814e+05,1.8403e+05,4.1954e+04
2026-01-19T20:55:07.000Z,-9.9990e+02,-9.9990e+02,-9.9990e+02,-9.9990e+02,-9.9990e+02,-9.9990e+02,3.0260e+04,1.1177e+04,2.5300e+06,5.4814e+05,1.8403e+05,4.1954e+04
2026-01-19T20:55:19.000Z,-9.9990e+02,-9.9990e+02,-9.9990e+02,-9.9990e+02,-9.9990e+02,-9.9990e+02,2.9804e+04,1.1185e+04,2.5714e+06,5.6057e+05,1.8413e+05,4.1974e+04
2026-01-19T20:55:31.000Z,-9.9990e+02,-9.9990e+02,-9.9990e+02,-9.9990e+02,-9.9990e+02,-9.9990e+02,2.9804e+04,1.1185e+04,2.5714e+06,5.6057e+05,1.8413e+05,4.1974e+04
2026-01-19T20:55:43.000Z,-9.9990e+02,-9.9990e+02,-9.9990e+02,-9.9990e+02,-9.9990e+02,-9.9990e+02,2.9804e+04,1.1177e+04,2.5705e+06,5.5429e+05,1.8621e+05,4.0878e+04
2026-01-19T20:55:55.000Z,-9.9990e+02,-9.9990e+02,-9.9990e+02,-9.9990e+02,-9.9990e+02,-9.9990e+02,2.9804e+04,1.1177e+04,2.5705e+06,5.5429e+05,1.8621e+05,4.0878e+04
2026-01-19T20:56:08.000Z,-9.9990e+02,-9.9990e+02,-9.9990e+02,-9.9990e+02,-9.9990e+02,-9.9990e+02,2.9320e+04,1.0895e+04,2.5695e+06,5.7214e+05,1.8819e+05,4.1944e+04
2026-01-19T20:56:20.000Z,-9.9990e+02,-9.9990e+02,-9.9990e+02,-9.9990e+02,-9.9990e+02,-9.9990e+02,2.9320e+04,1.0895e+04,2.5695e+06,5.7214e+05,1.8819e+05,4.1944e+04
2026-01-19T20:56:32.000Z,-9.9990e+02,-9.9990e+02,-9.9990e+02,-9.9990e+02,-9.9990e+02,-9.9990e+02,-9.9990e+02,-9.9990e+02,-9.9990e+02,-9.9990e+02,-9.9990e+02,-9.9990e+02
2026-01-19T20:56:44.000Z,-9.9990e+02,-9.9990e+02,-9.9990e+02,-9.9990e+02,-9.9990e+02,-9.9990e+02,2.9804e+04,1.1467e+04,2.3105e+06,4.8214e+05,1.5903e+05,3.5515e+04
2026-01-19T20:56:56.000Z,-9.9990e+02,-9.9990e+02,-9.9990e+02,-9.9990e+02,-9.9990e+02,-9.9990e+02,2.9804e+04,1.1467e+04,2.3105e+06,4.8214e+05,1.5903e+05,3.5515e+04
2026-01-19T20:57:08.000Z,-9.9990e+02,-9.9990e+02,-9.9990e+02,-9.9990e+02,-9.9990e+02,-9.9990e+02,2.9320e+04,1.1185e+04,2.3095e+06,4.7586e+05,1.5893e+05,3.5230e+04
2026-01-19T20:57:20.000Z,-9.9990e+02,-9.9990e+02,-9.9990e+02,-9.9990e+02,-9.9990e+02,-9.9990e+02,2.9320e+04,1.1185e+04,2.3095e+06,4.7586e+05,1.5893e+05,3.5230e+04
2026-01-19T20:57:33.000Z,-9.9990e+02,-9.9990e+02,-9.9990e+02,-9.9990e+02,-9.9990e+02,-9.9990e+02,2.8835e+04,1.0895e+04,2.3290e+06,4.9386e+05,1.6310e+05,3.6566e+04
2026-01-19T20:57:45.000Z,-9.9990e+02,-9.9990e+02,-9.9990e+02,-9.9990e+02,-9.9990e+02,-9.9990e+02,2.8835e+04,1.0895e+04,2.3290e+06,4.9386e+05,1.6310e+05,3.6566e+04
2026-01-19T20:57:57.000Z,-9.9990e+02,-9.9990e+02,-9.9990e+02,-9.9990e+02,-9.9990e+02,-9.9990e+02,2.8835e+04,1.1177e+04,2.3295e+06,4.9400e+05,1.5893e+05,3.5770e+04
2026-01-19T20:58:09.000Z,-9.9990e+02,-9.9990e+02,-9.9990e+02,-9.9990e+02,-9.9990e+02,-9.9990e+02,2.8835e+04,1.1177e+04,2.3295e+06,4.9400e+05,1.5893e+05,3.5770e+04
2026-01-19T20:58:21.000Z,-9.9990e+02,-9.9990e+02,-9.9990e+02,-9.9990e+02,-9.9990e+02,-9.9990e+02,2.8835e+04,1.1177e+04,2.3890e+06,5.0586e+05,1.6726e+05,3.7372e+04
2026-01-19T20:58:33.000Z,-9.9990e+02,-9.9990e+02,-9.9990e+02,-9.9990e+02,-9.9990e+02,-9.9990e+02,2.8835e+04,1.1177e+04,2.3890e+06,5.0586e+05,1.6726e+05,3.7372e+04
2026-01-19T20:58:45.000Z,-9.9990e+02,-9.9990e+02,-9.9990e+02,-9.9990e+02,-9.9990e+02,-9.9990e+02,3.3622e+04,1.2850e+04,2.5300e+06,5.3614e+05,1.7778e+05,3.9265e+04
2026-01-19T20:58:58.000Z,-9.9990e+02,-9.9990e+02,-9.9990e+02,-9.9990e+02,-9.9990e+02,-9.9990e+02,3.3622e+04,1.2850e+04,2.5300e+06,5.3614e+05,1.7778e+05,3.9265e+04
2026-01-19T20:59:10.000Z,-9.9990e+02,-9.9990e+02,-9.9990e+02,-9.9990e+02,-9.9990e+02,-9.9990e+02,3.3622e+04,1.3132e+04,2.5510e+06,5.4229e+05,1.7788e+05,4.1429e+04
2026-01-19T20:59:22.000Z,-9.9990e+02,-9.9990e+02,-9.9990e+02,-9.9990e+02,-9.9990e+02,-9.9990e+02,3.3622e+04,1.3132e+04,2.5510e+06,5.4229e+05,1.7788e+05,4.1429e+04
2026-01-19T20:59:34.000Z,-9.9990e+02,-9.9990e+02,-9.9990e+02,-9.9990e+02,-9.9990e+02,-9.9990e+02,3.5560e+04,1.3132e+04,2.3895e+06,5.0000e+05,1.5893e+05,3.5500e+04
2026-01-19T20:59:46.000Z,-9.9990e+02,-9.9990e+02,-9.9990e+02,-9.9990e+02,-9.9990e+02,-9.9990e+02,3.5560e+04,1.3132e+04,2.3895e+06,5.0000e+05,1.5893e+05,3.5500e+04
2026-01-19T20:59:58.000Z,-9.9990e+02,-9.9990e+02,-9.9990e+02,-9.9990e+02,-9.9990e+02,-9.9990e+02,3.5588e+04,1.3696e+04,2.3295e+06,4.7586e+05,1.5268e+05,3.4153e+04
2026-01-19T21:00:10.000Z,-9.9990e+02,-9.9990e+02,-9.9990e+02,-9.9990e+02,-9.9990e+02,-9.9990e+02,3.5588e+04,1.3696e+04,2.3295e+06,4.7586e+05,1.5268e+05,3.4153e+04
2026-01-19T21:00:23.000Z,-9.9990e+02,-9.9990e+02,-9.9990e+02,-9.9990e+02,-9.9990e+02,-9.9990e+02,3.4591e+04,1.3132e+04,2.3086e+06,4.9386e+05,1.5893e+05,3.6031e+04
2026-01-19T21:00:35.000Z,-9.9990e+02,-9.9990e+02,-9.9990e+02,-9.9990e+02,-9.9990e+02,-9.9990e+02,3.4591e+04,1.3132e+04,2.3086e+06,4.9386e+05,1.5893e+05,3.6031e+04
2026-01-19T21:00:47.000Z,-9.9990e+02,-9.9990e+02,-9.9990e+02,-9.9990e+02,-9.9990e+02,-9.9990e+02,-9.9990e+02,-9.9990e+02,-9.9990e+02,-9.9990e+02,-9.9990e+02,-9.9990e+02
2026-01-19T21:00:59.000Z,-9.9990e+02,-9.9990e+02,-9.9990e+02,-9.9990e+02,-9.9990e+02,-9.9990e+02,3.4648e+04,1.3157e+04,2.3714e+06,4.8229e+05,1.5486e+05,3.5255e+04
2026-01-19T21:01:11.000Z,-9.9990e+02,-9.9990e+02,-9.9990e+02,-9.9990e+02,-9.9990e+02,-9.9990e+02,3.4648e+04,1.3157e+04,2.3714e+06,4.8229e+05,1.5486e+05,3.5255e+04
2026-01-19T21:01:23.000Z,-9.9990e+02,-9.9990e+02,-9.9990e+02,-9.9990e+02,-9.9990e+02,-9.9990e+02,3.6528e+04,1.3969e+04,2.2490e+06,4.5186e+05,1.4226e+05,3.0929e+04
2026-01-19T21:01:35.000Z,-9.9990e+02,-9.9990e+02,-9.9990e+02,-9.9990e+02,-9.9990e+02,-9.9990e+02,3.6528e+04,1.3969e+04,2.2490e+06,4.5186e+05,1.4226e+05,3.0929e+04
2026-01-19T21:01:48.000Z,-9.9990e+02,-9.9990e+02,-9.9990e+02,-9.9990e+02,-9.9990e+02,-9.9990e+02,3.5560e+04,1.3696e+04,2.2300e+06,4.4000e+05,1.3502e+05,2.9597e+04
2026-01-19T21:02:00.000Z,-9.9990e+02,-9.9990e+02,-9.9990e+02,-9.9990e+02,-9.9990e+02,-9.9990e+02,3.5560e+04,1.3696e+04,2.2300e+06,4.4000e+05,1.3502e+05,2.9597e+04
2026-01-19T21:02:12.000Z,-9.9990e+02,-9.9990e+02,-9.9990e+02,-9.9990e+02,-9.9990e+02,-9.9990e+02,3.2682e+04,1.2850e+04,2.1681e+06,4.3057e+05,1.3383e+05,2.9847e+04
2026-01-19T21:02:24.000Z,-9.9990e+02,-9.9990e+02,-9.9990e+02,-9.9990e+02,-9.9990e+02,-9.9990e+02,3.2682e+04,1.2850e+04,2.1681e+06,4.3057e+05,1.3383e+05,2.9847e+04
2026-01-19T21:02:36.000Z,-9.9990e+02,-9.9990e+02,-9.9990e+02,-9.9990e+02,-9.9990e+02,-9.9990e+02,3.3622e+04,1.2850e+04,2.0476e+06,4.1557e+05,1.2857e+05,2.7964e+04
2026-01-19T21:02:48.000Z,-9.9990e+02,-9.9990e+02,-9.9990e+02,-9.9990e+02,-9.9990e+02,-9.9990e+02,3.3622e+04,1.2850e+04,2.0476e+06,4.1557e+05,1.2857e+05,2.7964e+04
2026-01-19T21:03:00.000Z,-9.9990e+02,-9.9990e+02,-9.9990e+02,-9.9990e+02,-9.9990e+02,-9.9990e+02,2.9832e+04,1.1185e+04,1.9886e+06,3.9471e+05,1.2341e+05,2.7439e+04
2026-01-19T21:03:13.000Z,-9.9990e+02,-9.9990e+02,-9.9990e+02,-9.9990e+02,-9.9990e+02,-9.9990e+02,2.9832e+04,1.1185e+04,1.9886e+06,3.9471e+05,1.2341e+05,2.7439e+04
2026-01-19T21:03:25.000Z,-9.9990e+02,-9.9990e+02,-9.9990e+02,-9.9990e+02,-9.9990e+02,-9.9990e+02,3.0773e+04,1.1740e+04,2.0686e+06,4.1871e+05,1.2758e+05,2.8245e+04
2026-01-19T21:03:37.000Z,-9.9990e+02,-9.9990e+02,-9.9990e+02,-9.9990e+02,-9.9990e+02,-9.9990e+02,3.0773e+04,1.1740e+04,2.0686e+06,4.1871e+05,1.2758e+05,2.8245e+04
2026-01-19T21:03:49.000Z,-9.9990e+02,-9.9990e+02,-9.9990e+02,-9.9990e+02,-9.9990e+02,-9.9990e+02,2.7884e+04,1.0348e+04,1.9076e+06,3.8557e+05,1.1716e+05,2.5816e+04
2026-01-19T21:04:01.000Z,-9.9990e+02,-9.9990e+02,-9.9990e+02,-9.9990e+02,-9.9990e+02,-9.9990e+02,2.7884e+04,1.0348e+04,1.9076e+06,3.8557e+05,1.1716e+05,2.5816e+04
2026-01-19T21:04:13.000Z,-9.9990e+02,-9.9990e+02,-9.9990e+02,-9.9990e+02,-9.9990e+02,-9.9990e+02,2.9320e+04,1.0622e+04,1.8871e+06,3.7643e+05,1.1607e+05,2.3929e+04
2026-01-19T21:04:25.000Z,-9.9990e+02,-9.9990e+02,-9.9990e+02,-9.9990e+02,-9.9990e+02,-9.9990e+02,2.9320e+04,1.0622e+04,1.8871e+06,3.7643e+05,1.1607e+05,2.3929e+04
2026-01-19T21:04:38.000Z,-9.9990e+02,-9.9990e+02,-9.9990e+02,-9.9990e+02,-9.9990e+02,-9.9990e+02,2.8348e+04,1.0622e+04,1.9271e+06,3.8243e+05,1.1815e+05,2.5811e+04
2026-01-19T21:04:50.000Z,-9.9990e+02,-9.9990e+02,-9.9990e+02,-9.9990e+02,-9.9990e+02,-9.9990e+02,2.8348e+04,1.0622e+04,1.9271e+06,3.8243e+05,1.1815e+05,2.5811e+04
2026-01-19T21:05:02.000Z,-9.9990e+02,-9.9990e+02,-9.9990e+02,-9.9990e+02,-9.9990e+02,-9.9990e+02,-9.9990e+02,-9.9990e+02,-9.9990e+02,-9.9990e+02,-9.9990e+02,-9.9990e+02
2026-01-19T21:05:14.000Z,-9.9990e+02,-9.9990e+02,-9.9990e+02,-9.9990e+02,-9.9990e+02,-9.9990e+02,2.5479e+04,9.2298e+03,1.6667e+06,3.3743e+05,1.0248e+05,2.1245e+04
2026-01-19T21:05:26.000Z,-9.9990e+02,-9.9990e+02,-9.9990e+02,-9.9990e+02,-9.9990e+02,-9.9990e+02,2.5479e+04,9.2298e+03,1.6667e+06,3.3743e+05,1.0248e+05,2.1245e+04
2026-01-19T21:05:38.000Z,-9.9990e+02,-9.9990e+02,-9.9990e+02,-9.9990e+02,-9.9990e+02,-9.9990e+02,2.5000e+04,9.0890e+03,1.6067e+06,3.1329e+05,9.6220e+04,1.9903e+04
2026-01-19T21:05:50.000Z,-9.9990e+02,-9.9990e+02,-9.9990e+02,-9.9990e+02,-9.9990e+02,-9.9990e+02,2.5000e+04,9.0890e+03,1.6067e+06,3.1329e+05,9.6220e+04,1.9903e+04
2026-01-19T21:06:03.000Z,-9.9990e+02,-9.9990e+02,-9.9990e+02,-9.9990e+02,-9.9990e+02,-9.9990e+02,2.5000e+04,9.0890e+03,1.6467e+06,3.1929e+05,9.3085e+04,1.8827e+04
2026-01-19T21:06:15.000Z,-9.9990e+02,-9.9990e+02,-9.9990e+02,-9.9990e+02,-9.9990e+02,-9.9990e+02,2.5000e+04,9.0890e+03,1.6467e+06,3.1929e+05,9.3085e+04,1.8827e+04
2026-01-19T21:06:27.000Z,-9.9990e+02,-9.9990e+02,-9.9990e+02,-9.9990e+02,-9.9990e+02,-9.9990e+02,2.4026e+04,8.2439e+03,1.4457e+06,2.8014e+05,8.2629e+04,1.6811e+04
2026-01-19T21:06:39.000Z,-9.9990e+02,-9.9990e+02,-9.9990e+02,-9.9990e+02,-9.9990e+02,-9.9990e+02,2.4026e+04,8.2439e+03,1.4457e+06,2.8014e+05,8.2629e+04,1.6811e+04
2026-01-19T21:06:51.000Z,-9.9990e+02,-9.9990e+02,-9.9990e+02,-9.9990e+02,-9.9990e+02,-9.9990e+02,2.1142e+04,7.6846e+03,1.3652e+06,2.7100e+05,7.8423e+04,1.6668e+04
2026-01-19T21:07:03.000Z,-9.9990e+02,-9.9990e+02,-9.9990e+02,-9.9990e+02,-9.9990e+02,-9.9990e+02,2.1142e+04,7.6846e+03,1.3652e+06,2.7100e+05,7.8423e+04,1.6668e+04
2026-01-19T21:07:15.000Z,-9.9990e+02,-9.9990e+02,-9.9990e+02,-9.9990e+02,-9.9990e+02,-9.9990e+02,1.7794e+04,6.1535e+03,1.1952e+06,2.3800e+05,7.1131e+04,1.5199e+04
2026-01-19T21:07:28.000Z,-9.9990e+02,-9.9990e+02,-9.9990e+02,-9.9990e+02,-9.9990e+02,-9.9990e+02,1.7794e+04,6.1535e+03,1.1952e+06,2.3800e+05,7.1131e+04,1.5199e+04
2026-01-19T21:07:40.000Z,-9.9990e+02,-9.9990e+02,-9.9990e+02,-9.9990e+02,-9.9990e+02,-9.9990e+02,1.4181e+04,5.1012e+03,9.9381e+05,1.9571e+05,5.9087e+04,1.1969e+04
2026-01-19T21:07:52.000Z,-9.9990e+02,-9.9990e+02,-9.9990e+02,-9.9990e+02,-9.9990e+02,-9.9990e+02,1.4181e+04,5.1012e+03,9.9381e+05,1.9571e+05,5.9087e+04,1.1969e+04
2026-01-19T21:08:04.000Z,-9.9990e+02,-9.9990e+02,-9.9990e+02,-9.9990e+02,-9.9990e+02,-9.9990e+02,1.3221e+04,4.5428e+03,1.0843e+06,2.0629e+05,5.9087e+04,1.1561e+04
2026-01-19T21:08:16.000Z,-9.9990e+02,-9.9990e+02,-9.9990e+02,-9.9990e+02,-9.9990e+02,-9.9990e+02,1.3221e+04,4.5428e+03,1.0843e+06,2.0629e+05,5.9087e+04,1.1561e+04
2026-01-19T21:08:28.000Z,-9.9990e+02,-9.9990e+02,-9.9990e+02,-9.9990e+02,-9.9990e+02,-9.9990e+02,1.0810e+04,3.7723e+03,1.0143e+06,1.8829e+05,5.1260e+04,9.9541e+03
2026-01-19T21:08:40.000Z,-9.9990e+02,-9.9990e+02,-9.9990e+02,-9.9990e+02,-9.9990e+02,-9.9990e+02,1.0810e+04,3.7723e+03,1.0143e+06,1.8829e+05,5.1260e+04,9.9541e+03
2026-01-19T21:08:53.000Z,-9.9990e+02,-9.9990e+02,-9.9990e+02,-9.9990e+02,-9.9990e+02,-9.9990e+02,1.0810e+04,3.7027e+03,8.4333e+05,1.5957e+05,4.2609e+04,8.3367e+03
2026-01-19T21:09:05.000Z,-9.9990e+02,-9.9990e+02,-9.9990e+02,-9.9990e+02,-9.9990e+02,-9.9990e+02,1.0810e+04,3.7027e+03,8.4333e+05,1.5957e+05,4.2609e+04,8.3367e+03
2026-01-19T21:09:17.000Z,-9.9990e+02,-9.9990e+02,-9.9990e+02,-9.9990e+02,-9.9990e+02,-9.9990e+02,-9.9990e+02,-9.9990e+02,-9.9990e+02,-9.9990e+02,-9.9990e+02,-9.9990e+02
2026-01-19T21:09:29.000Z,-9.9990e+02,-9.9990e+02,-9.9990e+02,-9.9990e+02,-9.9990e+02,-9.9990e+02,1.1055e+04,3.7043e+03,8.4381e+05,1.6114e+05,4.3938e+04,8.2704e+03
2026-01-19T21:09:41.000Z,-9.9990e+02,-9.9990e+02,-9.9990e+02,-9.9990e+02,-9.9990e+02,-9.9990e+02,1.1055e+04,3.7043e+03,8.4381e+05,1.6114e+05,4.3938e+04,8.2704e+03
2026-01-19T21:09:53.000Z,-9.9990e+02,-9.9990e+02,-9.9990e+02,-9.9990e+02,-9.9990e+02,-9.9990e+02,1.0810e+04,3.6331e+03,8.2333e+05,1.5514e+05,4.2351e+04,8.0000e+03
2026-01-19T21:10:06.000Z,-9.9990e+02,-9.9990e+02,-9.9990e+02,-9.9990e+02,-9.9990e+02,-9.9990e+02,1.0810e+04,3.6331e+03,8.2333e+05,1.5514e+05,4.2351e+04,8.0000e+03
2026-01-19T21:10:18.000Z,-9.9990e+02,-9.9990e+02,-9.9990e+02,-9.9990e+02,-9.9990e+02,-9.9990e+02,9.3686e+03,3.1434e+03,6.8286e+05,1.3253e+05,3.6865e+04,6.9235e+03
2026-01-19T21:10:30.000Z,-9.9990e+02,-9.9990e+02,-9.9990e+02,-9.9990e+02,-9.9990e+02,-9.9990e+02,9.3686e+03,3.1434e+03,6.8286e+05,1.3253e+05,3.6865e+04,6.9235e+03
2026-01-19T21:10:42.000Z,-9.9990e+02,-9.9990e+02,-9.9990e+02,-9.9990e+02,-9.9990e+02,-9.9990e+02,9.3686e+03,3.1434e+03,7.1286e+05,1.3400e+05,3.7123e+04,6.7908e+03
2026-01-19T21:10:54.000Z,-9.9990e+02,-9.9990e+02,-9.9990e+02,-9.9990e+02,-9.9990e+02,-9.9990e+02,9.3686e+03,3.1434e+03,7.1286e+05,1.3400e+05,3.7123e+04,6.7908e+03
2026-01-19T21:11:06.000Z,-9.9990e+02,-9.9990e+02,-9.9990e+02,-9.9990e+02,-9.9990e+02,-9.9990e+02,8.8899e+03,3.0042e+03,6.2238e+05,1.1894e+05,3.3194e+04,6.3878e+03
2026-01-19T21:11:18.000Z,-9.9990e+02,-9.9990e+02,-9.9990e+02,-9.9990e+02,-9.9990e+02,-9.9990e+02,8.8899e+03,3.0042e+03,6.2238e+05,1.1894e+05,3.3194e+04,6.3878e+03
2026-01-19T21:11:31.000Z,-9.9990e+02,-9.9990e+02,-9.9990e+02,-9.9990e+02,-9.9990e+02,-9.9990e+02,8.1690e+03,2.6546e+03,5.3714e+05,1.0314e+05,2.8760e+04,5.6480e+03
2026-01-19T21:11:43.000Z,-9.9990e+02,-9.9990e+02,-9.9990e+02,-9.9990e+02,-9.9990e+02,-9.9990e+02,8.1690e+03,2.6546e+03,5.3714e+05,1.0314e+05,2.8760e+04,5.6480e+03
2026-01-19T21:11:55.000Z,-9.9990e+02,-9.9990e+02,-9.9990e+02,-9.9990e+02,-9.9990e+02,-9.9990e+02,8.1690e+03,2.6546e+03,5.7238e+05,1.0766e+05,3.0585e+04,5.9133e+03
2026-01-19T21:12:07.000Z,-9.9990e+02,-9.9990e+02,-9.9990e+02,-9.9990e+02,-9.9990e+02,-9.9990e+02,8.1690e+03,2.6546e+03,5.7238e+05,1.0766e+05,3.0585e+04,5.9133e+03
2026-01-19T21:12:19.000Z,-9.9990e+02,-9.9990e+02,-9.9990e+02,-9.9990e+02,-9.9990e+02,-9.9990e+02,8.4084e+03,2.7250e+03,6.3762e+05,1.2203e+05,3.3998e+04,6.9286e+03
2026-01-19T21:12:31.000Z,-9.9990e+02,-9.9990e+02,-9.9990e+02,-9.9990e+02,-9.9990e+02,-9.9990e+02,8.4084e+03,2.7250e+03,6.3762e+05,1.2203e+05,3.3998e+04,6.9286e+03
2026-01-19T21:12:43.000Z,-9.9990e+02,-9.9990e+02,-9.9990e+02,-9.9990e+02,-9.9990e+02,-9.9990e+02,9.3714e+03,3.1443e+03,7.1286e+05,1.3703e+05,3.7123e+04,7.5306e+03
2026-01-19T21:12:56.000Z,-9.9990e+02,-9.9990e+02,-9.9990e+02,-9.9990e+02,-9.9990e+02,-9.9990e+02,9.3714e+03,3.1443e+03,7.1286e+05,1.3703e+05,3.7123e+04,7.5306e+03
2026-01-19T21:13:08.000Z,-9.9990e+02,-9.9990e+02,-9.9990e+02,-9.9990e+02,-9.9990e+02,-9.9990e+02,1.0582e+04,3.5668e+03,7.9333e+05,1.5514e+05,4.4464e+04,8.8112e+03
2026-01-19T21:13:20.000Z,-9.9990e+02,-9.9990e+02,-9.9990e+02,-9.9990e+02,-9.9990e+02,-9.9990e+02,1.0582e+04,3.5668e+03,7.9333e+05,1.5514e+05,4.4464e+04,8.8112e+03
2026-01-19T21:13:32.000Z,-9.9990e+02,-9.9990e+02,-9.9990e+02,-9.9990e+02,-9.9990e+02,-9.9990e+02,-9.9990e+02,-9.9990e+02,-9.9990e+02,-9.9990e+02,-9.9990e+02,-9.9990e+02
2026-01-19T21:13:44.000Z,-9.9990e+02,-9.9990e+02,-9.9990e+02,-9.9990e+02,-9.9990e+02,-9.9990e+02,5.1658e+03,1.6769e+03,4.4681e+05,9.1114e+04,2.5625e+04,4.9755e+03
2026-01-19T21:13:56.000Z,-9.9990e+02,-9.9990e+02,-9.9990e+02,-9.9990e+02,-9.9990e+02,-9.9990e+02,5.1658e+03,1.6769e+03,4.4681e+05,9.1114e+04,2.5625e+04,4.9755e+03
2026-01-19T21:14:08.000Z,-9.9990e+02,-9.9990e+02,-9.9990e+02,-9.9990e+02,-9.9990e+02,-9.9990e+02,3.0659e+03,1.1011e+03,3.6143e+05,7.3800e+04,2.0655e+04,4.0005e+03
2026-01-19T21:14:21.000Z,-9.9990e+02,-9.9990e+02,-9.9990e+02,-9.9990e+02,-9.9990e+02,-9.9990e+02,3.0659e+03,1.1011e+03,3.6143e+05,7.3800e+04,2.0655e+04,4.0005e+03
2026-01-19T21:14:33.000Z,-9.9990e+02,-9.9990e+02,-9.9990e+02,-9.9990e+02,-9.9990e+02,-9.9990e+02,2.4026e+03,8.0342e+02,3.1871e+05,6.3986e+04,1.8294e+04,3.7306e+03
2026-01-19T21:14:45.000Z,-9.9990e+02,-9.9990e+02,-9.9990e+02,-9.9990e+02,-9.9990e+02,-9.9990e+02,2.4026e+03,8.0342e+02,3.1871e+05,6.3986e+04,1.8294e+04,3.7306e+03
2026-01-19T21:14:57.000Z,-9.9990e+02,-9.9990e+02,-9.9990e+02,-9.9990e+02,-9.9990e+02,-9.9990e+02,2.4026e+03,7.8594e+02,3.3124e+05,6.5500e+04,1.8562e+04,4.0332e+03
2026-01-19T21:15:09.000Z,-9.9990e+02,-9.9990e+02,-9.9990e+02,-9.9990e+02,-9.9990e+02,-9.9990e+02,2.4026e+03,7.8594e+02,3.3124e+05,6.5500e+04,1.8562e+04,4.0332e+03
2026-01-19T21:15:21.000Z,-9.9990e+02,-9.9990e+02,-9.9990e+02,-9.9990e+02,-9.9990e+02,-9.9990e+02,2.5826e+03,8.2082e+02,3.4129e+05,6.6243e+04,1.9345e+04,3.8648e+03
2026-01-19T21:15:33.000Z,-9.9990e+02,-9.9990e+02,-9.9990e+02,-9.9990e+02,-9.9990e+02,-9.9990e+02,2.5826e+03,8.2082e+02,3.4129e+05,6.6243e+04,1.9345e+04,3.8648e+03
2026-01-19T21:15:45.000Z,-9.9990e+02,-9.9990e+02,-9.9990e+02,-9.9990e+02,-9.9990e+02,-9.9990e+02,-9.9990e+02,-9.9990e+02,-9.9990e+02,-9.9990e+02,-9.9990e+02,-9.9990e+02
2026-01-19T21:15:58.000Z,-9.9990e+02,-9.9990e+02,-9.9990e+02,-9.9990e+02,-9.9990e+02,-9.9990e+02,3.4306e+03,1.2246e+03,4.1719e+05,8.2186e+04,2.3036e+04,4.2408e+03
2026-01-19T21:16:10.000Z,-9.9990e+02,-9.9990e+02,-9.9990e+02,-9.9990e+02,-9.9990e+02,-9.9990e+02,3.4306e+03,1.2246e+03,4.1719e+05,8.2186e+04,2.3036e+04,4.2408e+03
2026-01-19T21:16:22.000Z,-9.9990e+02,-9.9990e+02,-9.9990e+02,-9.9990e+02,-9.9990e+02,-9.9990e+02,2.7630e+03,9.2547e+02,3.7138e+05,7.3771e+04,2.0913e+04,3.8316e+03
2026-01-19T21:16:34.000Z,-9.9990e+02,-9.9990e+02,-9.9990e+02,-9.9990e+02,-9.9990e+02,-9.9990e+02,2.7630e+03,9.2547e+02,3.7138e+05,7.3771e+04,2.0913e+04,3.8316e+03
2026-01-19T21:16:46.000Z,-9.9990e+02,-9.9990e+02,-9.9990e+02,-9.9990e+02,-9.9990e+02,-9.9990e+02,2.8228e+03,9.6026e+02,3.9148e+05,7.6786e+04,2.0387e+04,4.2010e+03
2026-01-19T21:16:58.000Z,-9.9990e+02,-9.9990e+02,-9.9990e+02,-9.9990e+02,-9.9990e+02,-9.9990e+02,2.8228e+03,9.6026e+02,3.9148e+05,7.6786e+04,2.0387e+04,4.2010e+03
2026-01-19T21:17:11.000Z,-9.9990e+02,-9.9990e+02,-9.9990e+02,-9.9990e+02,-9.9990e+02,-9.9990e+02,2.5826e+03,8.7327e+02,3.8143e+05,7.3771e+04,2.1438e+04,3.9658e+03
2026-01-19T21:17:23.000Z,-9.9990e+02,-9.9990e+02,-9.9990e+02,-9.9990e+02,-9.9990e+02,-9.9990e+02,2.5826e+03,8.7327e+02,3.8143e+05,7.3771e+04,2.1438e+04,3.9658e+03
2026-01-19T21:17:35.000Z,-9.9990e+02,-9.9990e+02,-9.9990e+02,-9.9990e+02,-9.9990e+02,-9.9990e+02,2.8835e+03,9.7766e+02,4.0652e+05,7.7543e+04,2.0913e+04,4.1337e+03
2026-01-19T21:17:47.000Z,-9.9990e+02,-9.9990e+02,-9.9990e+02,-9.9990e+02,-9.9990e+02,-9.9990e+02,2.8835e+03,9.7766e+02,4.0652e+05,7.7543e+04,2.0913e+04,4.1337e+03
2026-01-19T21:17:59.000Z,-9.9990e+02,-9.9990e+02,-9.9990e+02,-9.9990e+02,-9.9990e+02,-9.9990e+02,2.5236e+03,8.5587e+02,3.9176e+05,7.6086e+04,2.1190e+04,3.9689e+03
2026-01-19T21:18:11.000Z,-9.9990e+02,-9.9990e+02,-9.9990e+02,-9.9990e+02,-9.9990e+02,-9.9990e+02,2.5236e+03,8.5587e+02,3.9176e+05,7.6086e+04,2.1190e+04,3.9689e+03
2026-01-19T21:18:23.000Z,-9.9990e+02,-9.9990e+02,-9.9990e+02,-9.9990e+02,-9.9990e+02,-9.9990e+02,2.5225e+03,8.7327e+02,3.7138e+05,7.4529e+04,2.0913e+04,3.9658e+03
2026-01-19T21:18:36.000Z,-9.9990e+02,-9.9990e+02,-9.9990e+02,-9.9990e+02,-9.9990e+02,-9.9990e+02,2.5225e+03,8.7327e+02,3.7138e+05,7.4529e+04,2.0913e+04,3.9658e+03
2026-01-19T21:18:48.000Z,-9.9990e+02,-9.9990e+02,-9.9990e+02,-9.9990e+02,-9.9990e+02,-9.9990e+02,2.7029e+03,9.4286e+02,3.7643e+05,7.1514e+04,2.0655e+04,3.9321e+03
2026-01-19T21:19:00.000Z,-9.9990e+02,-9.9990e+02,-9.9990e+02,-9.9990e+02,-9.9990e+02,-9.9990e+02,2.7029e+03,9.4286e+02,3.7643e+05,7.1514e+04,2.0655e+04,3.9321e+03
2026-01-19T21:19:12.000Z,-9.9990e+02,-9.9990e+02,-9.9990e+02,-9.9990e+02,-9.9990e+02,-9.9990e+02,4.9265e+03,1.6413e+03,5.4714e+05,1.0464e+05,2.9018e+04,5.4439e+03
2026-01-19T21:19:24.000Z,-9.9990e+02,-9.9990e+02,-9.9990e+02,-9.9990e+02,-9.9990e+02,-9.9990e+02,4.9265e+03,1.6413e+03,5.4714e+05,1.0464e+05,2.9018e+04,5.4439e+03
2026-01-19T21:19:36.000Z,-9.9990e+02,-9.9990e+02,-9.9990e+02,-9.9990e+02,-9.9990e+02,-9.9990e+02,4.8040e+03,1.7465e+03,6.0714e+05,1.1594e+05,3.1895e+04,5.5765e+03
2026-01-19T21:19:48.000Z,-9.9990e+02,-9.9990e+02,-9.9990e+02,-9.9990e+02,-9.9990e+02,-9.9990e+02,4.8040e+03,1.7465e+03,6.0714e+05,1.1594e+05,3.1895e+04,5.5765e+03
2026-01-19T21:20:00.000Z,-9.9990e+02,-9.9990e+02,-9.9990e+02,-9.9990e+02,-9.9990e+02,-9.9990e+02,-9.9990e+02,-9.9990e+02,-9.9990e+02,-9.9990e+02,-9.9990e+02,-9.9990e+02
2026-01-19T21:20:13.000Z,-9.9990e+02,-9.9990e+02,-9.9990e+02,-9.9990e+02,-9.9990e+02,-9.9990e+02,5.0519e+03,1.8186e+03,6.0286e+05,1.1304e+05,3.0873e+04,5.6531e+03
2026-01-19T21:20:25.000Z,-9.9990e+02,-9.9990e+02,-9.9990e+02,-9.9990e+02,-9.9990e+02,-9.9990e+02,5.0519e+03,1.8186e+03,6.0286e+05,1.1304e+05,3.0873e+04,5.6531e+03
2026-01-19T21:20:37.000Z,-9.9990e+02,-9.9990e+02,-9.9990e+02,-9.9990e+02,-9.9990e+02,-9.9990e+02,6.0092e+03,2.0622e+03,6.3762e+05,1.2199e+05,3.2163e+04,5.8469e+03
2026-01-19T21:20:49.000Z,-9.9990e+02,-9.9990e+02,-9.9990e+02,-9.9990e+02,-9.9990e+02,-9.9990e+02,6.0092e+03,2.0622e+03,6.3762e+05,1.2199e+05,3.2163e+04,5.8469e+03
2026-01-19T21:21:01.000Z,-9.9990e+02,-9.9990e+02,-9.9990e+02,-9.9990e+02,-9.9990e+02,-9.9990e+02,4.4450e+03,1.5369e+03,6.1238e+05,1.1594e+05,3.1627e+04,5.4439e+03
2026-01-19T21:21:13.000Z,-9.9990e+02,-9.9990e+02,-9.9990e+02,-9.9990e+02,-9.9990e+02,-9.9990e+02,4.4450e+03,1.5369e+03,6.1238e+05,1.1594e+05,3.1627e+04,5.4439e+03
2026-01-19T21:21:26.000Z,-9.9990e+02,-9.9990e+02,-9.9990e+02,-9.9990e+02,-9.9990e+02,-9.9990e+02,5.0490e+03,1.7474e+03,5.9286e+05,1.1000e+05,2.9563e+04,5.3163e+03
2026-01-19T21:21:38.000Z,-9.9990e+02,-9.9990e+02,-9.9990e+02,-9.9990e+02,-9.9990e+02,-9.9990e+02,5.0490e+03,1.7474e+03,5.9286e+05,1.1000e+05,2.9563e+04,5.3163e+03
2026-01-19T21:21:50.000Z,-9.9990e+02,-9.9990e+02,-9.9990e+02,-9.9990e+02,-9.9990e+02,-9.9990e+02,4.9265e+03,1.7117e+03,6.0714e+05,1.1744e+05,3.2411e+04,5.5102e+03
2026-01-19T21:22:02.000Z,-9.9990e+02,-9.9990e+02,-9.9990e+02,-9.9990e+02,-9.9990e+02,-9.9990e+02,4.9265e+03,1.7117e+03,6.0714e+05,1.1744e+05,3.2411e+04,5.5102e+03
2026-01-19T21:22:14.000Z,-9.9990e+02,-9.9990e+02,-9.9990e+02,-9.9990e+02,-9.9990e+02,-9.9990e+02,4.3281e+03,1.5386e+03,5.8238e+05,1.1149e+05,3.0079e+04,5.3827e+03
2026-01-19T21:22:26.000Z,-9.9990e+02,-9.9990e+02,-9.9990e+02,-9.9990e+02,-9.9990e+02,-9.9990e+02,4.3281e+03,1.5386e+03,5.8238e+05,1.1149e+05,3.0079e+04,5.3827e+03
2026-01-19T21:22:38.000Z,-9.9990e+02,-9.9990e+02,-9.9990e+02,-9.9990e+02,-9.9990e+02,-9.9990e+02,4.2056e+03,1.4673e+03,5.7238e+05,1.0991e+05,2.9544e+04,5.2449e+03
2026-01-19T21:22:51.000Z,-9.9990e+02,-9.9990e+02,-9.9990e+02,-9.9990e+02,-9.9990e+02,-9.9990e+02,4.2056e+03,1.4673e+03,5.7238e+05,1.0991e+05,2.9544e+04,5.2449e+03
2026-01-19T21:23:03.000Z,-9.9990e+02,-9.9990e+02,-9.9990e+02,-9.9990e+02,-9.9990e+02,-9.9990e+02,3.9634e+03,1.4325e+03,5.9714e+05,1.1143e+05,3.0060e+04,5.1786e+03
2026-01-19T21:23:15.000Z,-9.9990e+02,-9.9990e+02,-9.9990e+02,-9.9990e+02,-9.9990e+02,-9.9990e+02,3.9634e+03,1.4325e+03,5.9714e+05,1.1143e+05,3.0060e+04,5.1786e+03
2026-01-19T21:23:27.000Z,-9.9990e+02,-9.9990e+02,-9.9990e+02,-9.9990e+02,-9.9990e+02,-9.9990e+02,4.3253e+03,1.5369e+03,6.3762e+05,1.1901e+05,3.1389e+04,5.4490e+03
2026-01-19T21:23:39.000Z,-9.9990e+02,-9.9990e+02,-9.9990e+02,-9.9990e+02,-9.9990e+02,-9.9990e+02,4.3253e+03,1.5369e+03,6.3762e+05,1.1901e+05,3.1389e+04,5.4490e+03
2026-01-19T21:23:51.000Z,-9.9990e+02,-9.9990e+02,-9.9990e+02,-9.9990e+02,-9.9990e+02,-9.9990e+02,4.3281e+03,1.5029e+03,6.0762e+05,1.1597e+05,2.9544e+04,5.1122e+03
2026-01-19T21:24:04.000Z,-9.9990e+02,-9.9990e+02,-9.9990e+02,-9.9990e+02,-9.9990e+02,-9.9990e+02,4.3281e+03,1.5029e+03,6.0762e+05,1.1597e+05,2.9544e+04,5.1122e+03
2026-01-19T21:24:15.000Z,-9.9990e+02,-9.9990e+02,-9.9990e+02,-9.9990e+02,-9.9990e+02,-9.9990e+02,-9.9990e+02,-9.9990e+02,-9.9990e+02,-9.9990e+02,-9.9990e+02,-9.9990e+02
2026-01-19T21:24:28.000Z,-9.9990e+02,-9.9990e+02,-9.9990e+02,-9.9990e+02,-9.9990e+02,-9.9990e+02,4.4450e+03,1.5717e+03,6.0714e+05,1.1443e+05,2.9018e+04,5.3776e+03
2026-01-19T21:24:40.000Z,-9.9990e+02,-9.9990e+02,-9.9990e+02,-9.9990e+02,-9.9990e+02,-9.9990e+02,4.4450e+03,1.5717e+03,6.0714e+05,1.1443e+05,2.9018e+04,5.3776e+03
2026-01-19T21:24:52.000Z,-9.9990e+02,-9.9990e+02,-9.9990e+02,-9.9990e+02,-9.9990e+02,-9.9990e+02,4.9265e+03,1.7117e+03,6.3762e+05,1.1894e+05,3.1895e+04,5.5102e+03
2026-01-19T21:25:04.000Z,-9.9990e+02,-9.9990e+02,-9.9990e+02,-9.9990e+02,-9.9990e+02,-9.9990e+02,4.9265e+03,1.7117e+03,6.3762e+05,1.1894e+05,3.1895e+04,5.5102e+03
2026-01-19T21:25:16.000Z,-9.9990e+02,-9.9990e+02,-9.9990e+02,-9.9990e+02,-9.9990e+02,-9.9990e+02,5.0462e+03,1.7126e+03,6.5238e+05,1.2350e+05,3.3204e+04,5.8469e+03
2026-01-19T21:25:29.000Z,-9.9990e+02,-9.9990e+02,-9.9990e+02,-9.9990e+02,-9.9990e+02,-9.9990e+02,5.0462e+03,1.7126e+03,6.5238e+05,1.2350e+05,3.3204e+04,5.8469e+03
2026-01-19T21:25:41.000Z,-9.9990e+02,-9.9990e+02,-9.9990e+02,-9.9990e+02,-9.9990e+02,-9.9990e+02,5.0462e+03,1.7813e+03,6.8286e+05,1.3103e+05,3.4514e+04,6.1173e+03
2026-01-19T21:25:53.000Z,-9.9990e+02,-9.9990e+02,-9.9990e+02,-9.9990e+02,-9.9990e+02,-9.9990e+02,5.0462e+03,1.7813e+03,6.8286e+05,1.3103e+05,3.4514e+04,6.1173e+03
2026-01-19T21:26:05.000Z,-9.9990e+02,-9.9990e+02,-9.9990e+02,-9.9990e+02,-9.9990e+02,-9.9990e+02,5.1658e+03,1.7465e+03,6.8286e+05,1.2651e+05,3.3730e+04,5.9847e+03
2026-01-19T21:26:17.000Z,-9.9990e+02,-9.9990e+02,-9.9990e+02,-9.9990e+02,-9.9990e+02,-9.9990e+02,5.1658e+03,1.7465e+03,6.8286e+05,1.2651e+05,3.3730e+04,5.9847e+03
2026-01-19T21:26:29.000Z,-9.9990e+02,-9.9990e+02,-9.9990e+02,-9.9990e+02,-9.9990e+02,-9.9990e+02,5.0462e+03,1.7117e+03,6.9286e+05,1.2950e+05,3.3204e+04,5.9133e+03
2026-01-19T21:26:41.000Z,-9.9990e+02,-9.9990e+02,-9.9990e+02,-9.9990e+02,-9.9990e+02,-9.9990e+02,5.0462e+03,1.7117e+03,6.9286e+05,1.2950e+05,3.3204e+04,5.9133e+03
2026-01-19T21:26:53.000Z,-9.9990e+02,-9.9990e+02,-9.9990e+02,-9.9990e+02,-9.9990e+02,-9.9990e+02,4.6843e+03,1.6065e+03,6.4762e+05,1.2197e+05,3.2937e+04,5.7143e+03
2026-01-19T21:27:06.000Z,-9.9990e+02,-9.9990e+02,-9.9990e+02,-9.9990e+02,-9.9990e+02,-9.9990e+02,4.6843e+03,1.6065e+03,6.4762e+05,1.2197e+05,3.2937e+04,5.7143e+03
2026-01-19T21:27:18.000Z,-9.9990e+02,-9.9990e+02,-9.9990e+02,-9.9990e+02,-9.9990e+02,-9.9990e+02,4.4450e+03,1.6065e+03,6.2762e+05,1.1747e+05,3.1637e+04,5.9184e+03
2026-01-19T21:27:30.000Z,-9.9990e+02,-9.9990e+02,-9.9990e+02,-9.9990e+02,-9.9990e+02,-9.9990e+02,4.4450e+03,1.6065e+03,6.2762e+05,1.1747e+05,3.1637e+04,5.9184e+03
2026-01-19T21:27:42.000Z,-9.9990e+02,-9.9990e+02,-9.9990e+02,-9.9990e+02,-9.9990e+02,-9.9990e+02,4.4506e+03,1.5394e+03,6.1286e+05,1.1603e+05,3.1657e+04,5.5816e+03
2026-01-19T21:27:54.000Z,-9.9990e+02,-9.9990e+02,-9.9990e+02,-9.9990e+02,-9.9990e+02,-9.9990e+02,4.4506e+03,1.5394e+03,6.1286e+05,1.1603e+05,3.1657e+04,5.5816e+03
2026-01-19T21:28:06.000Z,-9.9990e+02,-9.9990e+02,-9.9990e+02,-9.9990e+02,-9.9990e+02,-9.9990e+02,3.9634e+03,1.3273e+03,5.9238e+05,1.1143e+05,2.9544e+04,5.0418e+03
2026-01-19T21:28:18.000Z,-9.9990e+02,-9.9990e+02,-9.9990e+02,-9.9990e+02,-9.9990e+02,-9.9990e+02,3.9634e+03,1.3273e+03,5.9238e+05,1.1143e+05,2.9544e+04,5.0418e+03
2026-01-19T21:28:30.000Z,-9.9990e+02,-9.9990e+02,-9.9990e+02,-9.9990e+02,-9.9990e+02,-9.9990e+02,-9.9990e+02,-9.9990e+02,-9.9990e+02,-9.9990e+02,-9.9990e+02,-9.9990e+02
2026-01-19T21:28:43.000Z,-9.9990e+02,-9.9990e+02,-9.9990e+02,-9.9990e+02,-9.9990e+02,-9.9990e+02,3.9036e+03,1.3621e+03,6.0238e+05,1.1293e+05,2.9276e+04,5.0413e+03
2026-01-19T21:28:55.000Z,-9.9990e+02,-9.9990e+02,-9.9990e+02,-9.9990e+02,-9.9990e+02,-9.9990e+02,3.9036e+03,1.3621e+03,6.0238e+05,1.1293e+05,2.9276e+04,5.0413e+03
2026-01-19T21:29:07.000Z,-9.9990e+02,-9.9990e+02,-9.9990e+02,-9.9990e+02,-9.9990e+02,-9.9990e+02,3.6044e+03,1.2229e+03,5.9238e+05,1.0841e+05,2.8750e+04,4.9066e+03
2026-01-19T21:29:19.000Z,-9.9990e+02,-9.9990e+02,-9.9990e+02,-9.9990e+02,-9.9990e+02,-9.9990e+02,3.6044e+03,1.2229e+03,5.9238e+05,1.0841e+05,2.8750e+04,4.9066e+03
2026-01-19T21:29:31.000Z,-9.9990e+02,-9.9990e+02,-9.9990e+02,-9.9990e+02,-9.9990e+02,-9.9990e+02,3.3622e+03,1.1525e+03,5.0714e+05,9.7871e+04,2.6667e+04,4.5036e+03
2026-01-19T21:29:43.000Z,-9.9990e+02,-9.9990e+02,-9.9990e+02,-9.9990e+02,-9.9990e+02,-9.9990e+02,3.3622e+03,1.1525e+03,5.0714e+05,9.7871e+04,2.6667e+04,4.5036e+03
2026-01-19T21:29:56.000Z,-9.9990e+02,-9.9990e+02,-9.9990e+02,-9.9990e+02,-9.9990e+02,-9.9990e+02,3.1855e+03,1.1185e+03,4.7714e+05,9.2629e+04,2.5099e+04,4.3704e+03
2026-01-19T21:30:08.000Z,-9.9990e+02,-9.9990e+02,-9.9990e+02,-9.9990e+02,-9.9990e+02,-9.9990e+02,3.1855e+03,1.1185e+03,4.7714e+05,9.2629e+04,2.5099e+04,4.3704e+03
2026-01-19T21:30:20.000Z,-9.9990e+02,-9.9990e+02,-9.9990e+02,-9.9990e+02,-9.9990e+02,-9.9990e+02,3.0630e+03,1.0655e+03,4.5171e+05,8.8086e+04,2.3264e+04,4.3020e+03
2026-01-19T21:30:32.000Z,-9.9990e+02,-9.9990e+02,-9.9990e+02,-9.9990e+02,-9.9990e+02,-9.9990e+02,3.0630e+03,1.0655e+03,4.5171e+05,8.8086e+04,2.3264e+04,4.3020e+03
2026-01-19T21:30:44.000Z,-9.9990e+02,-9.9990e+02,-9.9990e+02,-9.9990e+02,-9.9990e+02,-9.9990e+02,2.7029e+03,9.4286e+02,4.3667e+05,8.3571e+04,2.3006e+04,4.1673e+03
2026-01-19T21:30:56.000Z,-9.9990e+02,-9.9990e+02,-9.9990e+02,-9.9990e+02,-9.9990e+02,-9.9990e+02,2.7029e+03,9.4286e+02,4.3667e+05,8.3571e+04,2.3006e+04,4.1673e+03
2026-01-19T21:31:09.000Z,-9.9990e+02,-9.9990e+02,-9.9990e+02,-9.9990e+02,-9.9990e+02,-9.9990e+02,2.7029e+03,9.2547e+02,3.1619e+05,5.8729e+04,1.6865e+04,3.0250e+03
2026-01-19T21:31:21.000Z,-9.9990e+02,-9.9990e+02,-9.9990e+02,-9.9990e+02,-9.9990e+02,-9.9990e+02,2.7029e+03,9.2547e+02,3.1619e+05,5.8729e+04,1.6865e+04,3.0250e+03
2026-01-19T21:31:33.000Z,-9.9990e+02,-9.9990e+02,-9.9990e+02,-9.9990e+02,-9.9990e+02,-9.9990e+02,2.5826e+03,8.9067e+02,3.2876e+05,6.2486e+04,1.6865e+04,3.3944e+03
2026-01-19T21:31:45.000Z,-9.9990e+02,-9.9990e+02,-9.9990e+02,-9.9990e+02,-9.9990e+02,-9.9990e+02,2.5826e+03,8.9067e+02,3.2876e+05,6.2486e+04,1.6865e+04,3.3944e+03
2026-01-19T21:31:57.000Z,-9.9990e+02,-9.9990e+02,-9.9990e+02,-9.9990e+02,-9.9990e+02,-9.9990e+02,2.6428e+03,9.2547e+02,3.5652e+05,6.7786e+04,1.8829e+04,3.4969e+03
2026-01-19T21:32:09.000Z,-9.9990e+02,-9.9990e+02,-9.9990e+02,-9.9990e+02,-9.9990e+02,-9.9990e+02,2.6428e+03,9.2547e+02,3.5652e+05,6.7786e+04,1.8829e+04,3.4969e+03
2026-01-19T21:32:21.000Z,-9.9990e+02,-9.9990e+02,-9.9990e+02,-9.9990e+02,-9.9990e+02,-9.9990e+02,2.6428e+03,8.2091e+02,3.3376e+05,6.3243e+04,1.7510e+04,3.2939e+03
2026-01-19T21:32:34.000Z,-9.9990e+02,-9.9990e+02,-9.9990e+02,-9.9990e+02,-9.9990e+02,-9.9990e+02,2.6428e+03,8.2091e+02,3.3376e+05,6.3243e+04,1.7510e+04,3.2939e+03
2026-01-19T21:32:46.000Z,-9.9990e+02,-9.9990e+02,-9.9990e+02,-9.9990e+02,-9.9990e+02,-9.9990e+02,-9.9990e+02,-9.9990e+02,-9.9990e+02,-9.9990e+02,-9.9990e+02,-9.9990e+02
2026-01-19T21:32:58.000Z,-9.9990e+02,-9.9990e+02,-9.9990e+02,-9.9990e+02,-9.9990e+02,-9.9990e+02,2.5826e+03,8.0342e+02,2.7605e+05,5.4200e+04,1.4901e+04,2.9577e+03
2026-01-19T21:33:10.000Z,-9.9990e+02,-9.9990e+02,-9.9990e+02,-9.9990e+02,-9.9990e+02,-9.9990e+02,2.5826e+03,8.0342e+02,2.7605e+05,5.4200e+04,1.4901e+04,2.9577e+03
2026-01-19T21:33:22.000Z,-9.9990e+02,-9.9990e+02,-9.9990e+02,-9.9990e+02,-9.9990e+02,-9.9990e+02,2.4627e+03,7.8594e+02,2.8105e+05,5.3457e+04,1.5288e+04,2.9577e+03
2026-01-19T21:33:34.000Z,-9.9990e+02,-9.9990e+02,-9.9990e+02,-9.9990e+02,-9.9990e+02,-9.9990e+02,2.4627e+03,7.8594e+02,2.8105e+05,5.3457e+04,1.5288e+04,2.9577e+03
2026-01-19T21:33:46.000Z,-9.9990e+02,-9.9990e+02,-9.9990e+02,-9.9990e+02,-9.9990e+02,-9.9990e+02,2.5225e+03,7.5098e+02,3.0614e+05,5.8714e+04,1.6339e+04,3.0918e+03
2026-01-19T21:33:59.000Z,-9.9990e+02,-9.9990e+02,-9.9990e+02,-9.9990e+02,-9.9990e+02,-9.9990e+02,2.5225e+03,7.5098e+02,3.0614e+05,5.8714e+04,1.6339e+04,3.0918e+03
2026-01-19T21:34:11.000Z,-9.9990e+02,-9.9990e+02,-9.9990e+02,-9.9990e+02,-9.9990e+02,-9.9990e+02,3.4249e+03,1.0829e+03,3.6138e+05,7.0771e+04,1.9603e+04,3.6969e+03
2026-01-19T21:34:23.000Z,-9.9990e+02,-9.9990e+02,-9.9990e+02,-9.9990e+02,-9.9990e+02,-9.9990e+02,3.4249e+03,1.0829e+03,3.6138e+05,7.0771e+04,1.9603e+04,3.6969e+03
2026-01-19T21:34:35.000Z,-9.9990e+02,-9.9990e+02,-9.9990e+02,-9.9990e+02,-9.9990e+02,-9.9990e+02,3.1827e+03,9.4286e+02,3.4629e+05,6.7757e+04,1.8562e+04,3.3607e+03
2026-01-19T21:34:47.000Z,-9.9990e+02,-9.9990e+02,-9.9990e+02,-9.9990e+02,-9.9990e+02,-9.9990e+02,3.1827e+03,9.4286e+02,3.4629e+05,6.7757e+04,1.8562e+04,3.3607e+03
2026-01-19T21:34:59.000Z,-9.9990e+02,-9.9990e+02,-9.9990e+02,-9.9990e+02,-9.9990e+02,-9.9990e+02,2.9434e+03,1.1177e+03,3.4881e+05,6.6257e+04,1.8562e+04,3.5291e+03
2026-01-19T21:35:11.000Z,-9.9990e+02,-9.9990e+02,-9.9990e+02,-9.9990e+02,-9.9990e+02,-9.9990e+02,2.9434e+03,1.1177e+03,3.4881e+05,6.6257e+04,1.8562e+04,3.5291e+03
2026-01-19T21:35:24.000Z,-9.9990e+02,-9.9990e+02,-9.9990e+02,-9.9990e+02,-9.9990e+02,-9.9990e+02,3.9634e+03,1.3969e+03,3.3143e+05,6.3271e+04,1.8046e+04,3.3291e+03
2026-01-19T21:35:36.000Z,-9.9990e+02,-9.9990e+02,-9.9990e+02,-9.9990e+02,-9.9990e+02,-9.9990e+02,3.9634e+03,1.3969e+03,3.3143e+05,6.3271e+04,1.8046e+04,3.3291e+03
2026-01-19T21:35:48.000Z,-9.9990e+02,-9.9990e+02,-9.9990e+02,-9.9990e+02,-9.9990e+02,-9.9990e+02,3.1827e+03,1.0481e+03,3.4129e+05,6.6257e+04,1.8294e+04,3.6296e+03
2026-01-19T21:36:00.000Z,-9.9990e+02,-9.9990e+02,-9.9990e+02,-9.9990e+02,-9.9990e+02,-9.9990e+02,3.1827e+03,1.0481e+03,3.4129e+05,6.6257e+04,1.8294e+04,3.6296e+03
2026-01-19T21:36:12.000Z,-9.9990e+02,-9.9990e+02,-9.9990e+02,-9.9990e+02,-9.9990e+02,-9.9990e+02,3.0630e+03,1.1003e+03,3.7643e+05,7.3786e+04,2.0129e+04,3.7306e+03
2026-01-19T21:36:24.000Z,-9.9990e+02,-9.9990e+02,-9.9990e+02,-9.9990e+02,-9.9990e+02,-9.9990e+02,3.0630e+03,1.1003e+03,3.7643e+05,7.3786e+04,2.0129e+04,3.7306e+03
2026-01-19T21:36:36.000Z,-9.9990e+02,-9.9990e+02,-9.9990e+02,-9.9990e+02,-9.9990e+02,-9.9990e+02,4.5646e+03,1.5717e+03,4.2662e+05,8.2814e+04,2.3264e+04,4.3357e+03
2026-01-19T21:36:49.000Z,-9.9990e+02,-9.9990e+02,-9.9990e+02,-9.9990e+02,-9.9990e+02,-9.9990e+02,4.5646e+03,1.5717e+03,4.2662e+05,8.2814e+04,2.3264e+04,4.3357e+03
2026-01-19T21:37:01.000Z,-9.9990e+02,-9.9990e+02,-9.9990e+02,-9.9990e+02,-9.9990e+02,-9.9990e+02,-9.9990e+02,-9.9990e+02,-9.9990e+02,-9.9990e+02,-9.9990e+02,-9.9990e+02
2026-01-19T21:37:13.000Z,-9.9990e+02,-9.9990e+02,-9.9990e+02,-9.9990e+02,-9.9990e+02,-9.9990e+02,2.6428e+03,8.5587e+02,3.4638e+05,6.7014e+04,1.8304e+04,3.5296e+03
2026-01-19T21:37:25.000Z,-9.9990e+02,-9.9990e+02,-9.9990e+02,-9.9990e+02,-9.9990e+02,-9.9990e+02,2.6428e+03,8.5587e+02,3.4638e+05,6.7014e+04,1.8304e+04,3.5296e+03
2026-01-19T21:37:37.000Z,-9.9990e+02,-9.9990e+02,-9.9990e+02,-9.9990e+02,-9.9990e+02,-9.9990e+02,2.6428e+03,8.5587e+02,3.3633e+05,6.7014e+04,1.8046e+04,3.5969e+03
2026-01-19T21:37:49.000Z,-9.9990e+02,-9.9990e+02,-9.9990e+02,-9.9990e+02,-9.9990e+02,-9.9990e+02,2.6428e+03,8.5587e+02,3.3633e+05,6.7014e+04,1.8046e+04,3.5969e+03
2026-01-19T21:38:01.000Z,-9.9990e+02,-9.9990e+02,-9.9990e+02,-9.9990e+02,-9.9990e+02,-9.9990e+02,3.3622e+03,1.0655e+03,3.6162e+05,7.0814e+04,1.9623e+04,3.7332e+03
2026-01-19T21:38:14.000Z,-9.9990e+02,-9.9990e+02,-9.9990e+02,-9.9990e+02,-9.9990e+02,-9.9990e+02,3.3622e+03,1.0655e+03,3.6162e+05,7.0814e+04,1.9623e+04,3.7332e+03
2026-01-19T21:38:26.000Z,-9.9990e+02,-9.9990e+02,-9.9990e+02,-9.9990e+02,-9.9990e+02,-9.9990e+02,3.5446e+03,1.1351e+03,3.4381e+05,6.6243e+04,1.8294e+04,3.6296e+03
2026-01-19T21:38:38.000Z,-9.9990e+02,-9.9990e+02,-9.9990e+02,-9.9990e+02,-9.9990e+02,-9.9990e+02,3.5446e+03,1.1351e+03,3.4381e+05,6.6243e+04,1.8294e+04,3.6296e+03
2026-01-19T21:38:50.000Z,-9.9990e+02,-9.9990e+02,-9.9990e+02,-9.9990e+02,-9.9990e+02,-9.9990e+02,3.7241e+03,1.2229e+03,3.6138e+05,7.2271e+04,2.0129e+04,3.8316e+03
2026-01-19T21:39:02.000Z,-9.9990e+02,-9.9990e+02,-9.9990e+02,-9.9990e+02,-9.9990e+02,-9.9990e+02,3.7241e+03,1.2229e+03,3.6138e+05,7.2271e+04,2.0129e+04,3.8316e+03
2026-01-19T21:39:14.000Z,-9.9990e+02,-9.9990e+02,-9.9990e+02,-9.9990e+02,-9.9990e+02,-9.9990e+02,-9.9990e+02,-9.9990e+02,-9.9990e+02,-9.9990e+02,-9.9990e+02,-9.9990e+02
2026-01-19T21:39:26.000Z,-9.9990e+02,-9.9990e+02,-9.9990e+02,-9.9990e+02,-9.9990e+02,-9.9990e+02,4.4450e+03,1.4325e+03,4.0662e+05,7.8314e+04,2.1438e+04,3.8658e+03
2026-01-19T21:39:39.000Z,-9.9990e+02,-9.9990e+02,-9.9990e+02,-9.9990e+02,-9.9990e+02,-9.9990e+02,4.4450e+03,1.4325e+03,4.0662e+05,7.8314e+04,2.1438e+04,3.8658e+03
2026-01-19T21:39:51.000Z,-9.9990e+02,-9.9990e+02,-9.9990e+02,-9.9990e+02,-9.9990e+02,-9.9990e+02,4.9265e+03,1.6769e+03,4.1657e+05,8.0557e+04,2.1696e+04,4.1342e+03
2026-01-19T21:40:03.000Z,-9.9990e+02,-9.9990e+02,-9.9990e+02,-9.9990e+02,-9.9990e+02,-9.9990e+02,4.9265e+03,1.6769e+03,4.1657e+05,8.0557e+04,2.1696e+04,4.1342e+03
2026-01-19T21:40:15.000Z,-9.9990e+02,-9.9990e+02,-9.9990e+02,-9.9990e+02,-9.9990e+02,-9.9990e+02,4.9265e+03,1.6421e+03,3.9148e+05,7.5286e+04,2.0913e+04,3.8316e+03
2026-01-19T21:40:27.000Z,-9.9990e+02,-9.9990e+02,-9.9990e+02,-9.9990e+02,-9.9990e+02,-9.9990e+02,4.9265e+03,1.6421e+03,3.9148e+05,7.5286e+04,2.0913e+04,3.8316e+03
2026-01-19T21:40:39.000Z,-9.9990e+02,-9.9990e+02,-9.9990e+02,-9.9990e+02,-9.9990e+02,-9.9990e+02,3.3622e+03,1.0481e+03,2.9124e+05,5.7243e+04,1.5694e+04,3.1270e+03
2026-01-19T21:40:51.000Z,-9.9990e+02,-9.9990e+02,-9.9990e+02,-9.9990e+02,-9.9990e+02,-9.9990e+02,3.3622e+03,1.0481e+03,2.9124e+05,5.7243e+04,1.5694e+04,3.1270e+03
2026-01-19T21:41:04.000Z,-9.9990e+02,-9.9990e+02,-9.9990e+02,-9.9990e+02,-9.9990e+02,-9.9990e+02,3.9036e+03,1.2751e+03,3.0367e+05,5.8729e+04,1.6081e+04,3.0918e+03
2026-01-19T21:41:16.000Z,-9.9990e+02,-9.9990e+02,-9.9990e+02,-9.9990e+02,-9.9990e+02,-9.9990e+02,3.9036e+03,1.2751e+03,3.0367e+05,5.8729e+04,1.6081e+04,3.0918e+03
2026-01-19T21:41:28.000Z,-9.9990e+02,-9.9990e+02,-9.9990e+02,-9.9990e+02,-9.9990e+02,-9.9990e+02,2.4627e+03,7.6846e+02,2.3338e+05,4.6671e+04,1.3204e+04,2.4872e+03
2026-01-19T21:41:40.000Z,-9.9990e+02,-9.9990e+02,-9.9990e+02,-9.9990e+02,-9.9990e+02,-9.9990e+02,2.4627e+03,7.6846e+02,2.3338e+05,4.6671e+04,1.3204e+04,2.4872e+03
2026-01-19T21:41:52.000Z,-9.9990e+02,-9.9990e+02,-9.9990e+02,-9.9990e+02,-9.9990e+02,-9.9990e+02,2.3436e+03,7.3391e+02,2.3090e+05,4.5557e+04,1.2550e+04,2.5214e+03
2026-01-19T21:42:04.000Z,-9.9990e+02,-9.9990e+02,-9.9990e+02,-9.9990e+02,-9.9990e+02,-9.9990e+02,2.3436e+03,7.3391e+02,2.3090e+05,4.5557e+04,1.2550e+04,2.5214e+03
2026-01-19T21:42:16.000Z,-9.9990e+02,-9.9990e+02,-9.9990e+02,-9.9990e+02,-9.9990e+02,-9.9990e+02,2.4627e+03,7.3350e+02,2.5348e+05,4.8186e+04,1.3859e+04,2.4872e+03
2026-01-19T21:42:29.000Z,-9.9990e+02,-9.9990e+02,-9.9990e+02,-9.9990e+02,-9.9990e+02,-9.9990e+02,2.4627e+03,7.3350e+02,2.5348e+05,4.8186e+04,1.3859e+04,2.4872e+03
2026-01-19T21:42:41.000Z,-9.9990e+02,-9.9990e+02,-9.9990e+02,-9.9990e+02,-9.9990e+02,-9.9990e+02,2.4627e+03,7.6846e+02,2.4590e+05,4.6671e+04,1.3065e+04,2.5878e+03
2026-01-19T21:42:53.000Z,-9.9990e+02,-9.9990e+02,-9.9990e+02,-9.9990e+02,-9.9990e+02,-9.9990e+02,2.4627e+03,7.6846e+02,2.4590e+05,4.6671e+04,1.3065e+04,2.5878e+03
2026-01-19T21:43:05.000Z,-9.9990e+02,-9.9990e+02,-9.9990e+02,-9.9990e+02,-9.9990e+02,-9.9990e+02,2.5826e+03,7.6846e+02,2.5848e+05,4.9314e+04,1.3591e+04,2.4199e+03
2026-01-19T21:43:17.000Z,-9.9990e+02,-9.9990e+02,-9.9990e+02,-9.9990e+02,-9.9990e+02,-9.9990e+02,2.5826e+03,7.6846e+02,2.5848e+05,4.9314e+04,1.3591e+04,2.4199e+03
2026-01-19T21:43:29.000Z,-9.9990e+02,-9.9990e+02,-9.9990e+02,-9.9990e+02,-9.9990e+02,-9.9990e+02,-9.9990e+02,-9.9990e+02,-9.9990e+02,-9.9990e+02,-9.9990e+02,-9.9990e+02
2026-01-19T21:43:41.000Z,-9.9990e+02,-9.9990e+02,-9.9990e+02,-9.9990e+02,-9.9990e+02,-9.9990e+02,2.4627e+03,7.6846e+02,2.5862e+05,5.0086e+04,1.4127e+04,2.6230e+03
2026-01-19T21:43:54.000Z,-9.9990e+02,-9.9990e+02,-9.9990e+02,-9.9990e+02,-9.9990e+02,-9.9990e+02,2.4627e+03,7.6846e+02,2.5862e+05,5.0086e+04,1.4127e+04,2.6230e+03
2026-01-19T21:44:06.000Z,-9.9990e+02,-9.9990e+02,-9.9990e+02,-9.9990e+02,-9.9990e+02,-9.9990e+02,2.4627e+03,7.6846e+02,2.5848e+05,4.8929e+04,1.3720e+04,2.4536e+03
2026-01-19T21:44:18.000Z,-9.9990e+02,-9.9990e+02,-9.9990e+02,-9.9990e+02,-9.9990e+02,-9.9990e+02,2.4627e+03,7.6846e+02,2.5848e+05,4.8929e+04,1.3720e+04,2.4536e+03
2026-01-19T21:44:30.000Z,-9.9990e+02,-9.9990e+02,-9.9990e+02,-9.9990e+02,-9.9990e+02,-9.9990e+02,2.4627e+03,7.5098e+02,2.6852e+05,5.0443e+04,1.4504e+04,2.7561e+03
2026-01-19T21:44:42.000Z,-9.9990e+02,-9.9990e+02,-9.9990e+02,-9.9990e+02,-9.9990e+02,-9.9990e+02,2.4627e+03,7.5098e+02,2.6852e+05,5.0443e+04,1.4504e+04,2.7561e+03
2026-01-19T21:44:54.000Z,-9.9990e+02,-9.9990e+02,-9.9990e+02,-9.9990e+02,-9.9990e+02,-9.9990e+02,2.4638e+03,7.5131e+02,2.7610e+05,5.1200e+04,1.4772e+04,2.7566e+03
2026-01-19T21:45:07.000Z,-9.9990e+02,-9.9990e+02,-9.9990e+02,-9.9990e+02,-9.9990e+02,-9.9990e+02,2.4638e+03,7.5131e+02,2.7610e+05,5.1200e+04,1.4772e+04,2.7566e+03
2026-01-19T21:45:19.000Z,-9.9990e+02,-9.9990e+02,-9.9990e+02,-9.9990e+02,-9.9990e+02,-9.9990e+02,2.4627e+03,7.5098e+02,2.7605e+05,5.1200e+04,1.4643e+04,2.6888e+03
2026-01-19T21:45:31.000Z,-9.9990e+02,-9.9990e+02,-9.9990e+02,-9.9990e+02,-9.9990e+02,-9.9990e+02,2.4627e+03,7.5098e+02,2.7605e+05,5.1200e+04,1.4643e+04,2.6888e+03
2026-01-19T21:45:43.000Z,-9.9990e+02,-9.9990e+02,-9.9990e+02,-9.9990e+02,-9.9990e+02,-9.9990e+02,2.4048e+03,7.3424e+02,2.5610e+05,4.8200e+04,1.3859e+04,2.5893e+03
2026-01-19T21:45:55.000Z,-9.9990e+02,-9.9990e+02,-9.9990e+02,-9.9990e+02,-9.9990e+02,-9.9990e+02,2.4048e+03,7.3424e+02,2.5610e+05,4.8200e+04,1.3859e+04,2.5893e+03
2026-01-19T21:46:07.000Z,-9.9990e+02,-9.9990e+02,-9.9990e+02,-9.9990e+02,-9.9990e+02,-9.9990e+02,2.4627e+03,7.3358e+02,2.4343e+05,4.6671e+04,1.3333e+04,2.5209e+03
2026-01-19T21:46:19.000Z,-9.9990e+02,-9.9990e+02,-9.9990e+02,-9.9990e+02,-9.9990e+02,-9.9990e+02,2.4627e+03,7.3358e+02,2.4343e+05,4.6671e+04,1.3333e+04,2.5209e+03
2026-01-19T21:46:32.000Z,-9.9990e+02,-9.9990e+02,-9.9990e+02,-9.9990e+02,-9.9990e+02,-9.9990e+02,2.4627e+03,7.3358e+02,2.6348e+05,4.9314e+04,1.3859e+04,2.4872e+03
2026-01-19T21:46:44.000Z,-9.9990e+02,-9.9990e+02,-9.9990e+02,-9.9990e+02,-9.9990e+02,-9.9990e+02,2.4627e+03,7.3358e+02,2.6348e+05,4.9314e+04,1.3859e+04,2.4872e+03
2026-01-19T21:46:56.000Z,-9.9990e+02,-9.9990e+02,-9.9990e+02,-9.9990e+02,-9.9990e+02,-9.9990e+02,2.4026e+03,7.5098e+02,2.5095e+05,4.8186e+04,1.3591e+04,2.4872e+03
2026-01-19T21:47:08.000Z,-9.9990e+02,-9.9990e+02,-9.9990e+02,-9.9990e+02,-9.9990e+02,-9.9990e+02,2.4026e+03,7.5098e+02,2.5095e+05,4.8186e+04,1.3591e+04,2.4872e+03
2026-01-19T21:47:20.000Z,-9.9990e+02,-9.9990e+02,-9.9990e+02,-9.9990e+02,-9.9990e+02,-9.9990e+02,2.2835e+03,7.3391e+02,2.6610e+05,5.0071e+04,1.3859e+04,2.5888e+03
2026-01-19T21:47:32.000Z,-9.9990e+02,-9.9990e+02,-9.9990e+02,-9.9990e+02,-9.9990e+02,-9.9990e+02,2.2835e+03,7.3391e+02,2.6610e+05,5.0071e+04,1.3859e+04,2.5888e+03
2026-01-19T21:47:44.000Z,-9.9990e+02,-9.9990e+02,-9.9990e+02,-9.9990e+02,-9.9990e+02,-9.9990e+02,-9.9990e+02,-9.9990e+02,-9.9990e+02,-9.9990e+02,-9.9990e+02,-9.9990e+02
2026-01-19T21:47:57.000Z,-9.9990e+02,-9.9990e+02,-9.9990e+02,-9.9990e+02,-9.9990e+02,-9.9990e+02,2.2823e+03,7.1610e+02,2.6852e+05,5.1943e+04,1.4117e+04,2.8230e+03
2026-01-19T21:48:09.000Z,-9.9990e+02,-9.9990e+02,-9.9990e+02,-9.9990e+02,-9.9990e+02,-9.9990e+02,2.2823e+03,7.1610e+02,2.6852e+05,5.1943e+04,1.4117e+04,2.8230e+03
2026-01-19T21:48:21.000Z,-9.9990e+02,-9.9990e+02,-9.9990e+02,-9.9990e+02,-9.9990e+02,-9.9990e+02,2.4627e+03,7.3350e+02,2.6852e+05,5.0443e+04,1.4504e+04,2.6551e+03
2026-01-19T21:48:33.000Z,-9.9990e+02,-9.9990e+02,-9.9990e+02,-9.9990e+02,-9.9990e+02,-9.9990e+02,2.4627e+03,7.3350e+02,2.6852e+05,5.0443e+04,1.4504e+04,2.6551e+03
2026-01-19T21:48:45.000Z,-9.9990e+02,-9.9990e+02,-9.9990e+02,-9.9990e+02,-9.9990e+02,-9.9990e+02,2.4026e+03,7.5098e+02,2.4343e+05,4.6300e+04,1.2937e+04,2.4704e+03
2026-01-19T21:48:57.000Z,-9.9990e+02,-9.9990e+02,-9.9990e+02,-9.9990e+02,-9.9990e+02,-9.9990e+02,2.4026e+03,7.5098e+02,2.4343e+05,4.6300e+04,1.2937e+04,2.4704e+03
2026-01-19T21:49:09.000Z,-9.9990e+02,-9.9990e+02,-9.9990e+02,-9.9990e+02,-9.9990e+02,-9.9990e+02,2.4026e+03,7.5098e+02,2.5595e+05,4.8557e+04,1.2937e+04,2.5541e+03
2026-01-19T21:49:22.000Z,-9.9990e+02,-9.9990e+02,-9.9990e+02,-9.9990e+02,-9.9990e+02,-9.9990e+02,2.4026e+03,7.5098e+02,2.5595e+05,4.8557e+04,1.2937e+04,2.5541e+03
2026-01-19T21:49:34.000Z,-9.9990e+02,-9.9990e+02,-9.9990e+02,-9.9990e+02,-9.9990e+02,-9.9990e+02,2.4037e+03,7.5131e+02,2.5100e+05,4.8200e+04,1.3591e+04,2.5214e+03
2026-01-19T21:49:46.000Z,-9.9990e+02,-9.9990e+02,-9.9990e+02,-9.9990e+02,-9.9990e+02,-9.9990e+02,2.4037e+03,7.5131e+02,2.5100e+05,4.8200e+04,1.3591e+04,2.5214e+03
2026-01-19T21:49:58.000Z,-9.9990e+02,-9.9990e+02,-9.9990e+02,-9.9990e+02,-9.9990e+02,-9.9990e+02,2.4026e+03,7.3358e+02,2.5848e+05,4.7800e+04,1.3462e+04,2.5209e+03
2026-01-19T21:50:10.000Z,-9.9990e+02,-9.9990e+02,-9.9990e+02,-9.9990e+02,-9.9990e+02,-9.9990e+02,2.4026e+03,7.3358e+02,2.5848e+05,4.7800e+04,1.3462e+04,2.5209e+03
2026-01-19T21:50:22.000Z,-9.9990e+02,-9.9990e+02,-9.9990e+02,-9.9990e+02,-9.9990e+02,-9.9990e+02,2.4627e+03,7.5098e+02,2.4595e+05,4.8186e+04,1.3204e+04,2.4536e+03
2026-01-19T21:50:34.000Z,-9.9990e+02,-9.9990e+02,-9.9990e+02,-9.9990e+02,-9.9990e+02,-9.9990e+02,2.4627e+03,7.5098e+02,2.4595e+05,4.8186e+04,1.3204e+04,2.4536e+03
2026-01-19T21:50:46.000Z,-9.9990e+02,-9.9990e+02,-9.9990e+02,-9.9990e+02,-9.9990e+02,-9.9990e+02,2.4627e+03,7.5098e+02,2.5595e+05,4.8929e+04,1.3859e+04,2.6214e+03
2026-01-19T21:50:59.000Z,-9.9990e+02,-9.9990e+02,-9.9990e+02,-9.9990e+02,-9.9990e+02,-9.9990e+02,2.4627e+03,7.5098e+02,2.5595e+05,4.8929e+04,1.3859e+04,2.6214e+03
2026-01-19T21:51:11.000Z,-9.9990e+02,-9.9990e+02,-9.9990e+02,-9.9990e+02,-9.9990e+02,-9.9990e+02,2.4627e+03,7.5098e+02,2.5348e+05,4.8186e+04,1.3462e+04,2.5878e+03
2026-01-19T21:51:23.000Z,-9.9990e+02,-9.9990e+02,-9.9990e+02,-9.9990e+02,-9.9990e+02,-9.9990e+02,2.4627e+03,7.5098e+02,2.5348e+05,4.8186e+04,1.3462e+04,2.5878e+03
2026-01-19T21:51:35.000Z,-9.9990e+02,-9.9990e+02,-9.9990e+02,-9.9990e+02,-9.9990e+02,-9.9990e+02,2.4627e+03,7.5098e+02,2.5352e+05,4.7071e+04,1.3075e+04,2.4204e+03
2026-01-19T21:51:47.000Z,-9.9990e+02,-9.9990e+02,-9.9990e+02,-9.9990e+02,-9.9990e+02,-9.9990e+02,2.4627e+03,7.5098e+02,2.5352e+05,4.7071e+04,1.3075e+04,2.4204e+03
2026-01-19T21:51:59.000Z,-9.9990e+02,-9.9990e+02,-9.9990e+02,-9.9990e+02,-9.9990e+02,-9.9990e+02,-9.9990e+02,-9.9990e+02,-9.9990e+02,-9.9990e+02,-9.9990e+02,-9.9990e+02
2026-01-19T21:52:12.000Z,-9.9990e+02,-9.9990e+02,-9.9990e+02,-9.9990e+02,-9.9990e+02,-9.9990e+02,2.4627e+03,7.5098e+02,2.4590e+05,4.8557e+04,1.3204e+04,2.3862e+03
2026-01-19T21:52:24.000Z,-9.9990e+02,-9.9990e+02,-9.9990e+02,-9.9990e+02,-9.9990e+02,-9.9990e+02,2.4627e+03,7.5098e+02,2.4590e+05,4.8557e+04,1.3204e+04,2.3862e+03
2026-01-19T21:52:36.000Z,-9.9990e+02,-9.9990e+02,-9.9990e+02,-9.9990e+02,-9.9990e+02,-9.9990e+02,2.4026e+03,7.5098e+02,2.5848e+05,4.8557e+04,1.3591e+04,2.4872e+03
2026-01-19T21:52:48.000Z,-9.9990e+02,-9.9990e+02,-9.9990e+02,-9.9990e+02,-9.9990e+02,-9.9990e+02,2.4026e+03,7.5098e+02,2.5848e+05,4.8557e+04,1.3591e+04,2.4872e+03
2026-01-19T21:53:00.000Z,-9.9990e+02,-9.9990e+02,-9.9990e+02,-9.9990e+02,-9.9990e+02,-9.9990e+02,2.4627e+03,7.1610e+02,2.5848e+05,4.8929e+04,1.3859e+04,2.6888e+03
2026-01-19T21:53:12.000Z,-9.9990e+02,-9.9990e+02,-9.9990e+02,-9.9990e+02,-9.9990e+02,-9.9990e+02,2.4627e+03,7.1610e+02,2.5848e+05,4.8929e+04,1.3859e+04,2.6888e+03
2026-01-19T21:53:24.000Z,-9.9990e+02,-9.9990e+02,-9.9990e+02,-9.9990e+02,-9.9990e+02,-9.9990e+02,2.3424e+03,7.1610e+02,2.5595e+05,5.0057e+04,1.3591e+04,2.6888e+03
2026-01-19T21:53:37.000Z,-9.9990e+02,-9.9990e+02,-9.9990e+02,-9.9990e+02,-9.9990e+02,-9.9990e+02,2.3424e+03,7.1610e+02,2.5595e+05,5.0057e+04,1.3591e+04,2.6888e+03
2026-01-19T21:53:49.000Z,-9.9990e+02,-9.9990e+02,-9.9990e+02,-9.9990e+02,-9.9990e+02,-9.9990e+02,2.4026e+03,7.1610e+02,2.5848e+05,4.8557e+04,1.3462e+04,2.5878e+03
2026-01-19T21:54:01.000Z,-9.9990e+02,-9.9990e+02,-9.9990e+02,-9.9990e+02,-9.9990e+02,-9.9990e+02,2.4026e+03,7.1610e+02,2.5848e+05,4.8557e+04,1.3462e+04,2.5878e+03
2026-01-19T21:54:13.000Z,-9.9990e+02,-9.9990e+02,-9.9990e+02,-9.9990e+02,-9.9990e+02,-9.9990e+02,2.3436e+03,6.9895e+02,2.5352e+05,4.7443e+04,1.3591e+04,2.5214e+03
2026-01-19T21:54:25.000Z,-9.9990e+02,-9.9990e+02,-9.9990e+02,-9.9990e+02,-9.9990e+02,-9.9990e+02,2.3436e+03,6.9895e+02,2.5352e+05,4.7443e+04,1.3591e+04,2.5214e+03
2026-01-19T21:54:37.000Z,-9.9990e+02,-9.9990e+02,-9.9990e+02,-9.9990e+02,-9.9990e+02,-9.9990e+02,2.2823e+03,6.9853e+02,2.4090e+05,4.7057e+04,1.2808e+04,2.4867e+03
2026-01-19T21:54:49.000Z,-9.9990e+02,-9.9990e+02,-9.9990e+02,-9.9990e+02,-9.9990e+02,-9.9990e+02,2.2823e+03,6.9853e+02,2.4090e+05,4.7057e+04,1.2808e+04,2.4867e+03
2026-01-19T21:55:02.000Z,-9.9990e+02,-9.9990e+02,-9.9990e+02,-9.9990e+02,-9.9990e+02,-9.9990e+02,2.4023e+03,7.1601e+02,2.3352e+05,4.4443e+04,1.1776e+04,2.4719e+03
2026-01-19T21:55:14.000Z,-9.9990e+02,-9.9990e+02,-9.9990e+02,-9.9990e+02,-9.9990e+02,-9.9990e+02,2.4023e+03,7.1601e+02,2.3352e+05,4.4443e+04,1.1776e+04,2.4719e+03
2026-01-19T21:55:26.000Z,-9.9990e+02,-9.9990e+02,-9.9990e+02,-9.9990e+02,-9.9990e+02,-9.9990e+02,2.4023e+03,7.1601e+02,2.3595e+05,4.4429e+04,1.2292e+04,2.3531e+03
2026-01-19T21:55:38.000Z,-9.9990e+02,-9.9990e+02,-9.9990e+02,-9.9990e+02,-9.9990e+02,-9.9990e+02,2.4023e+03,7.1601e+02,2.3595e+05,4.4429e+04,1.2292e+04,2.3531e+03
2026-01-19T21:55:50.000Z,-9.9990e+02,-9.9990e+02,-9.9990e+02,-9.9990e+02,-9.9990e+02,-9.9990e+02,2.4071e+03,6.9994e+02,2.4124e+05,4.7114e+04,1.3482e+04,2.4235e+03
2026-01-19T21:56:02.000Z,-9.9990e+02,-9.9990e+02,-9.9990e+02,-9.9990e+02,-9.9990e+02,-9.9990e+02,2.4071e+03,6.9994e+02,2.4124e+05,4.7114e+04,1.3482e+04,2.4235e+03
2026-01-19T21:56:14.000Z,-9.9990e+02,-9.9990e+02,-9.9990e+02,-9.9990e+02,-9.9990e+02,-9.9990e+02,-9.9990e+02,-9.9990e+02,-9.9990e+02,-9.9990e+02,-9.9990e+02,-9.9990e+02
2026-01-19T21:56:27.000Z,-9.9990e+02,-9.9990e+02,-9.9990e+02,-9.9990e+02,-9.9990e+02,-9.9990e+02,2.2823e+03,6.8105e+02,2.4590e+05,4.6671e+04,1.2679e+04,2.5878e+03
2026-01-19T21:56:39.000Z,-9.9990e+02,-9.9990e+02,-9.9990e+02,-9.9990e+02,-9.9990e+02,-9.9990e+02,2.2823e+03,6.8105e+02,2.4590e+05,4.6671e+04,1.2679e+04,2.5878e+03
2026-01-19T21:56:51.000Z,-9.9990e+02,-9.9990e+02,-9.9990e+02,-9.9990e+02,-9.9990e+02,-9.9990e+02,2.2823e+03,6.9853e+02,2.4090e+05,4.5543e+04,1.3333e+04,2.4699e+03
2026-01-19T21:57:03.000Z,-9.9990e+02,-9.9990e+02,-9.9990e+02,-9.9990e+02,-9.9990e+02,-9.9990e+02,2.2823e+03,6.9853e+02,2.4090e+05,4.5543e+04,1.3333e+04,2.4699e+03
2026-01-19T21:57:15.000Z,-9.9990e+02,-9.9990e+02,-9.9990e+02,-9.9990e+02,-9.9990e+02,-9.9990e+02,2.1621e+03,6.6365e+02,2.3086e+05,4.2529e+04,1.2550e+04,2.3526e+03
2026-01-19T21:57:27.000Z,-9.9990e+02,-9.9990e+02,-9.9990e+02,-9.9990e+02,-9.9990e+02,-9.9990e+02,2.1621e+03,6.6365e+02,2.3086e+05,4.2529e+04,1.2550e+04,2.3526e+03
2026-01-19T21:57:39.000Z,-9.9990e+02,-9.9990e+02,-9.9990e+02,-9.9990e+02,-9.9990e+02,-9.9990e+02,2.1621e+03,6.6365e+02,2.3095e+05,4.3300e+04,1.2292e+04,2.2862e+03
2026-01-19T21:57:52.000Z,-9.9990e+02,-9.9990e+02,-9.9990e+02,-9.9990e+02,-9.9990e+02,-9.9990e+02,2.1621e+03,6.6365e+02,2.3095e+05,4.3300e+04,1.2292e+04,2.2862e+03
2026-01-19T21:58:04.000Z,-9.9990e+02,-9.9990e+02,-9.9990e+02,-9.9990e+02,-9.9990e+02,-9.9990e+02,2.1621e+03,6.6365e+02,2.3338e+05,4.3657e+04,1.2282e+04,2.4199e+03
2026-01-19T21:58:16.000Z,-9.9990e+02,-9.9990e+02,-9.9990e+02,-9.9990e+02,-9.9990e+02,-9.9990e+02,2.1621e+03,6.6365e+02,2.3338e+05,4.3657e+04,1.2282e+04,2.4199e+03
2026-01-19T21:58:28.000Z,-9.9990e+02,-9.9990e+02,-9.9990e+02,-9.9990e+02,-9.9990e+02,-9.9990e+02,2.2823e+03,6.8113e+02,2.3338e+05,4.4414e+04,1.2282e+04,2.3189e+03
2026-01-19T21:58:40.000Z,-9.9990e+02,-9.9990e+02,-9.9990e+02,-9.9990e+02,-9.9990e+02,-9.9990e+02,2.2823e+03,6.8113e+02,2.3338e+05,4.4414e+04,1.2282e+04,2.3189e+03
2026-01-19T21:58:52.000Z,-9.9990e+02,-9.9990e+02,-9.9990e+02,-9.9990e+02,-9.9990e+02,-9.9990e+02,2.2225e+03,6.6365e+02,2.3338e+05,4.4043e+04,1.2282e+04,2.3526e+03
2026-01-19T21:59:04.000Z,-9.9990e+02,-9.9990e+02,-9.9990e+02,-9.9990e+02,-9.9990e+02,-9.9990e+02,2.2225e+03,6.6365e+02,2.3338e+05,4.4043e+04,1.2282e+04,2.3526e+03
2026-01-19T21:59:17.000Z,-9.9990e+02,-9.9990e+02,-9.9990e+02,-9.9990e+02,-9.9990e+02,-9.9990e+02,2.1624e+03,6.6365e+02,2.3590e+05,4.4043e+04,1.2679e+04,2.2852e+03
2026-01-19T21:59:29.000Z,-9.9990e+02,-9.9990e+02,-9.9990e+02,-9.9990e+02,-9.9990e+02,-9.9990e+02,2.1624e+03,6.6365e+02,2.3590e+05,4.4043e+04,1.2679e+04,2.2852e+03
2026-01-19T21:59:41.000Z,-9.9990e+02,-9.9990e+02,-9.9990e+02,-9.9990e+02,-9.9990e+02,-9.9990e+02,2.1624e+03,6.8113e+02,2.3086e+05,4.4043e+04,1.3065e+04,2.3694e+03
2026-01-19T21:59:53.000Z,-9.9990e+02,-9.9990e+02,-9.9990e+02,-9.9990e+02,-9.9990e+02,-9.9990e+02,2.1624e+03,6.8113e+02,2.3086e+05,4.4043e+04,1.3065e+04,2.3694e+03
2026-01-19T22:00:05.000Z,-9.9990e+02,-9.9990e+02,-9.9990e+02,-9.9990e+02,-9.9990e+02,-9.9990e+02,2.2245e+03,6.6431e+02,2.2348e+05,4.3686e+04,1.2034e+04,2.3036e+03
2026-01-19T22:00:17.000Z,-9.9990e+02,-9.9990e+02,-9.9990e+02,-9.9990e+02,-9.9990e+02,-9.9990e+02,2.2245e+03,6.6431e+02,2.2348e+05,4.3686e+04,1.2034e+04,2.3036e+03
2026-01-19T22:00:29.000Z,-9.9990e+02,-9.9990e+02,-9.9990e+02,-9.9990e+02,-9.9990e+02,-9.9990e+02,-9.9990e+02,-9.9990e+02,-9.9990e+02,-9.9990e+02,-9.9990e+02,-9.9990e+02
2026-01-19T22:00:42.000Z,-9.9990e+02,-9.9990e+02,-9.9990e+02,-9.9990e+02,-9.9990e+02,-9.9990e+02,2.2222e+03,6.6365e+02,2.0829e+05,3.9900e+04,1.1111e+04,2.2352e+03
2026-01-19T22:00:54.000Z,-9.9990e+02,-9.9990e+02,-9.9990e+02,-9.9990e+02,-9.9990e+02,-9.9990e+02,2.2222e+03,6.6365e+02,2.0829e+05,3.9900e+04,1.1111e+04,2.2352e+03
2026-01-19T22:01:06.000Z,-9.9990e+02,-9.9990e+02,-9.9990e+02,-9.9990e+02,-9.9990e+02,-9.9990e+02,2.2222e+03,6.6365e+02,2.0576e+05,4.0657e+04,1.1240e+04,2.2520e+03
2026-01-19T22:01:18.000Z,-9.9990e+02,-9.9990e+02,-9.9990e+02,-9.9990e+02,-9.9990e+02,-9.9990e+02,2.2222e+03,6.6365e+02,2.0576e+05,4.0657e+04,1.1240e+04,2.2520e+03
2026-01-19T22:01:30.000Z,-9.9990e+02,-9.9990e+02,-9.9990e+02,-9.9990e+02,-9.9990e+02,-9.9990e+02,2.2823e+03,6.8113e+02,2.1329e+05,4.1029e+04,1.1637e+04,2.1510e+03
2026-01-19T22:01:42.000Z,-9.9990e+02,-9.9990e+02,-9.9990e+02,-9.9990e+02,-9.9990e+02,-9.9990e+02,2.2823e+03,6.8113e+02,2.1329e+05,4.1029e+04,1.1637e+04,2.1510e+03
2026-01-19T22:01:54.000Z,-9.9990e+02,-9.9990e+02,-9.9990e+02,-9.9990e+02,-9.9990e+02,-9.9990e+02,2.2222e+03,6.6365e+02,2.1843e+05,4.2186e+04,1.1508e+04,2.3536e+03
2026-01-19T22:02:07.000Z,-9.9990e+02,-9.9990e+02,-9.9990e+02,-9.9990e+02,-9.9990e+02,-9.9990e+02,2.2222e+03,6.6365e+02,2.1843e+05,4.2186e+04,1.1508e+04,2.3536e+03
2026-01-19T22:02:19.000Z,-9.9990e+02,-9.9990e+02,-9.9990e+02,-9.9990e+02,-9.9990e+02,-9.9990e+02,2.2823e+03,6.6365e+02,2.0576e+05,3.9900e+04,1.0982e+04,2.3020e+03
2026-01-19T22:02:31.000Z,-9.9990e+02,-9.9990e+02,-9.9990e+02,-9.9990e+02,-9.9990e+02,-9.9990e+02,2.2823e+03,6.6365e+02,2.0576e+05,3.9900e+04,1.0982e+04,2.3020e+03
2026-01-19T22:02:43.000Z,-9.9990e+02,-9.9990e+02,-9.9990e+02,-9.9990e+02,-9.9990e+02,-9.9990e+02,2.3424e+03,6.8113e+02,2.0576e+05,3.9143e+04,1.1240e+04,2.0668e+03
2026-01-19T22:02:55.000Z,-9.9990e+02,-9.9990e+02,-9.9990e+02,-9.9990e+02,-9.9990e+02,-9.9990e+02,2.3424e+03,6.8113e+02,2.0576e+05,3.9143e+04,1.1240e+04,2.0668e+03
2026-01-19T22:03:07.000Z,-9.9990e+02,-9.9990e+02,-9.9990e+02,-9.9990e+02,-9.9990e+02,-9.9990e+02,2.3424e+03,6.9861e+02,2.0329e+05,4.0271e+04,1.0982e+04,2.1005e+03
2026-01-19T22:03:19.000Z,-9.9990e+02,-9.9990e+02,-9.9990e+02,-9.9990e+02,-9.9990e+02,-9.9990e+02,2.3424e+03,6.9861e+02,2.0329e+05,4.0271e+04,1.0982e+04,2.1005e+03
2026-01-19T22:03:32.000Z,-9.9990e+02,-9.9990e+02,-9.9990e+02,-9.9990e+02,-9.9990e+02,-9.9990e+02,2.2823e+03,6.6365e+02,2.0076e+05,3.9529e+04,1.1111e+04,2.1005e+03
2026-01-19T22:03:44.000Z,-9.9990e+02,-9.9990e+02,-9.9990e+02,-9.9990e+02,-9.9990e+02,-9.9990e+02,2.2823e+03,6.6365e+02,2.0076e+05,3.9529e+04,1.1111e+04,2.1005e+03
2026-01-19T22:03:56.000Z,-9.9990e+02,-9.9990e+02,-9.9990e+02,-9.9990e+02,-9.9990e+02,-9.9990e+02,2.0421e+03,6.2877e+02,2.0329e+05,3.9900e+04,1.1369e+04,2.0500e+03
2026-01-19T22:04:08.000Z,-9.9990e+02,-9.9990e+02,-9.9990e+02,-9.9990e+02,-9.9990e+02,-9.9990e+02,2.0421e+03,6.2877e+02,2.0329e+05,3.9900e+04,1.1369e+04,2.0500e+03
2026-01-19T22:04:20.000Z,-9.9990e+02,-9.9990e+02,-9.9990e+02,-9.9990e+02,-9.9990e+02,-9.9990e+02,2.1022e+03,6.2877e+02,2.0076e+05,3.9900e+04,1.1240e+04,2.2852e+03
2026-01-19T22:04:32.000Z,-9.9990e+02,-9.9990e+02,-9.9990e+02,-9.9990e+02,-9.9990e+02,-9.9990e+02,2.1022e+03,6.2877e+02,2.0076e+05,3.9900e+04,1.1240e+04,2.2852e+03
2026-01-19T22:04:44.000Z,-9.9990e+02,-9.9990e+02,-9.9990e+02,-9.9990e+02,-9.9990e+02,-9.9990e+02,-9.9990e+02,-9.9990e+02,-9.9990e+02,-9.9990e+02,-9.9990e+02,-9.9990e+02
2026-01-19T22:04:57.000Z,-9.9990e+02,-9.9990e+02,-9.9990e+02,-9.9990e+02,-9.9990e+02,-9.9990e+02,2.0421e+03,5.9381e+02,2.0076e+05,3.8771e+04,1.1111e+04,2.0837e+03
2026-01-19T22:05:09.000Z,-9.9990e+02,-9.9990e+02,-9.9990e+02,-9.9990e+02,-9.9990e+02,-9.9990e+02,2.0421e+03,5.9381e+02,2.0076e+05,3.8771e+04,1.1111e+04,2.0837e+03
2026-01-19T22:05:21.000Z,-9.9990e+02,-9.9990e+02,-9.9990e+02,-9.9990e+02,-9.9990e+02,-9.9990e+02,2.0433e+03,5.9414e+02,1.9576e+05,3.8786e+04,1.0585e+04,2.1010e+03
2026-01-19T22:05:33.000Z,-9.9990e+02,-9.9990e+02,-9.9990e+02,-9.9990e+02,-9.9990e+02,-9.9990e+02,2.0433e+03,5.9414e+02,1.9576e+05,3.8786e+04,1.0585e+04,2.1010e+03
2026-01-19T22:05:45.000Z,-9.9990e+02,-9.9990e+02,-9.9990e+02,-9.9990e+02,-9.9990e+02,-9.9990e+02,2.1022e+03,6.1129e+02,2.0076e+05,3.9529e+04,1.1637e+04,2.1679e+03
2026-01-19T22:05:57.000Z,-9.9990e+02,-9.9990e+02,-9.9990e+02,-9.9990e+02,-9.9990e+02,-9.9990e+02,2.1022e+03,6.1129e+02,2.0076e+05,3.9529e+04,1.1637e+04,2.1679e+03
2026-01-19T22:06:09.000Z,-9.9990e+02,-9.9990e+02,-9.9990e+02,-9.9990e+02,-9.9990e+02,-9.9990e+02,2.1022e+03,6.2877e+02,2.0576e+05,3.8771e+04,1.1240e+04,2.2184e+03
2026-01-19T22:06:22.000Z,-9.9990e+02,-9.9990e+02,-9.9990e+02,-9.9990e+02,-9.9990e+02,-9.9990e+02,2.1022e+03,6.2877e+02,2.0576e+05,3.8771e+04,1.1240e+04,2.2184e+03
2026-01-19T22:06:34.000Z,-9.9990e+02,-9.9990e+02,-9.9990e+02,-9.9990e+02,-9.9990e+02,-9.9990e+02,2.1624e+03,6.2877e+02,2.0829e+05,4.1786e+04,1.1766e+04,2.3189e+03
2026-01-19T22:06:46.000Z,-9.9990e+02,-9.9990e+02,-9.9990e+02,-9.9990e+02,-9.9990e+02,-9.9990e+02,2.1624e+03,6.2877e+02,2.0829e+05,4.1786e+04,1.1766e+04,2.3189e+03
2026-01-19T22:06:58.000Z,-9.9990e+02,-9.9990e+02,-9.9990e+02,-9.9990e+02,-9.9990e+02,-9.9990e+02,-9.9990e+02,-9.9990e+02,-9.9990e+02,-9.9990e+02,-9.9990e+02,-9.9990e+02
2026-01-19T22:07:10.000Z,-9.9990e+02,-9.9990e+02,-9.9990e+02,-9.9990e+02,-9.9990e+02,-9.9990e+02,2.0421e+03,6.4625e+02,2.2333e+05,4.2543e+04,1.2421e+04,2.3526e+03
2026-01-19T22:07:22.000Z,-9.9990e+02,-9.9990e+02,-9.9990e+02,-9.9990e+02,-9.9990e+02,-9.9990e+02,2.0421e+03,6.4625e+02,2.2333e+05,4.2543e+04,1.2421e+04,2.3526e+03
2026-01-19T22:07:35.000Z,-9.9990e+02,-9.9990e+02,-9.9990e+02,-9.9990e+02,-9.9990e+02,-9.9990e+02,2.0433e+03,6.2902e+02,2.1838e+05,4.1800e+04,1.1766e+04,2.3531e+03
2026-01-19T22:07:47.000Z,-9.9990e+02,-9.9990e+02,-9.9990e+02,-9.9990e+02,-9.9990e+02,-9.9990e+02,2.0433e+03,6.2902e+02,2.1838e+05,4.1800e+04,1.1766e+04,2.3531e+03
2026-01-19T22:07:59.000Z,-9.9990e+02,-9.9990e+02,-9.9990e+02,-9.9990e+02,-9.9990e+02,-9.9990e+02,1.9820e+03,6.2877e+02,2.4090e+05,4.7057e+04,1.3859e+04,2.6214e+03
2026-01-19T22:08:11.000Z,-9.9990e+02,-9.9990e+02,-9.9990e+02,-9.9990e+02,-9.9990e+02,-9.9990e+02,1.9820e+03,6.2877e+02,2.4090e+05,4.7057e+04,1.3859e+04,2.6214e+03
2026-01-19T22:08:23.000Z,-9.9990e+02,-9.9990e+02,-9.9990e+02,-9.9990e+02,-9.9990e+02,-9.9990e+02,1.9820e+03,6.6365e+02,2.8105e+05,5.5329e+04,1.5288e+04,2.8903e+03
2026-01-19T22:08:35.000Z,-9.9990e+02,-9.9990e+02,-9.9990e+02,-9.9990e+02,-9.9990e+02,-9.9990e+02,1.9820e+03,6.6365e+02,2.8105e+05,5.5329e+04,1.5288e+04,2.8903e+03
2026-01-19T22:08:47.000Z,-9.9990e+02,-9.9990e+02,-9.9990e+02,-9.9990e+02,-9.9990e+02,-9.9990e+02,1.9820e+03,6.2877e+02,2.7605e+05,5.3829e+04,1.5685e+04,2.8230e+03
2026-01-19T22:09:00.000Z,-9.9990e+02,-9.9990e+02,-9.9990e+02,-9.9990e+02,-9.9990e+02,-9.9990e+02,1.9820e+03,6.2877e+02,2.7605e+05,5.3829e+04,1.5685e+04,2.8230e+03
2026-01-19T22:09:12.000Z,-9.9990e+02,-9.9990e+02,-9.9990e+02,-9.9990e+02,-9.9990e+02,-9.9990e+02,1.9219e+03,6.2877e+02,2.7857e+05,5.5329e+04,1.5556e+04,3.0250e+03
2026-01-19T22:09:24.000Z,-9.9990e+02,-9.9990e+02,-9.9990e+02,-9.9990e+02,-9.9990e+02,-9.9990e+02,1.9219e+03,6.2877e+02,2.7857e+05,5.5329e+04,1.5556e+04,3.0250e+03
2026-01-19T22:09:36.000Z,-9.9990e+02,-9.9990e+02,-9.9990e+02,-9.9990e+02,-9.9990e+02,-9.9990e+02,1.8920e+03,6.4617e+02,2.6605e+05,5.3086e+04,1.5427e+04,2.8577e+03
2026-01-19T22:09:48.000Z,-9.9990e+02,-9.9990e+02,-9.9990e+02,-9.9990e+02,-9.9990e+02,-9.9990e+02,1.8920e+03,6.4617e+02,2.6605e+05,5.3086e+04,1.5427e+04,2.8577e+03
2026-01-19T22:10:00.000Z,-9.9990e+02,-9.9990e+02,-9.9990e+02,-9.9990e+02,-9.9990e+02,-9.9990e+02,1.8920e+03,6.1129e+02,2.7100e+05,5.4586e+04,1.5288e+04,2.8903e+03
2026-01-19T22:10:12.000Z,-9.9990e+02,-9.9990e+02,-9.9990e+02,-9.9990e+02,-9.9990e+02,-9.9990e+02,1.8920e+03,6.1129e+02,2.7100e+05,5.4586e+04,1.5288e+04,2.8903e+03
2026-01-19T22:10:25.000Z,-9.9990e+02,-9.9990e+02,-9.9990e+02,-9.9990e+02,-9.9990e+02,-9.9990e+02,1.8620e+03,5.9381e+02,2.8857e+05,5.6086e+04,1.5813e+04,2.9577e+03
2026-01-19T22:10:37.000Z,-9.9990e+02,-9.9990e+02,-9.9990e+02,-9.9990e+02,-9.9990e+02,-9.9990e+02,1.8620e+03,5.9381e+02,2.8857e+05,5.6086e+04,1.5813e+04,2.9577e+03
2026-01-19T22:10:49.000Z,-9.9990e+02,-9.9990e+02,-9.9990e+02,-9.9990e+02,-9.9990e+02,-9.9990e+02,2.0122e+03,6.4617e+02,3.2119e+05,6.2857e+04,1.7123e+04,3.1929e+03
2026-01-19T22:11:01.000Z,-9.9990e+02,-9.9990e+02,-9.9990e+02,-9.9990e+02,-9.9990e+02,-9.9990e+02,2.0122e+03,6.4617e+02,3.2119e+05,6.2857e+04,1.7123e+04,3.1929e+03
2026-01-19T22:11:13.000Z,-9.9990e+02,-9.9990e+02,-9.9990e+02,-9.9990e+02,-9.9990e+02,-9.9990e+02,-9.9990e+02,-9.9990e+02,-9.9990e+02,-9.9990e+02,-9.9990e+02,-9.9990e+02
2026-01-19T22:11:25.000Z,-9.9990e+02,-9.9990e+02,-9.9990e+02,-9.9990e+02,-9.9990e+02,-9.9990e+02,2.0421e+03,6.8113e+02,3.5138e+05,6.6643e+04,1.8036e+04,3.3281e+03
2026-01-19T22:11:37.000Z,-9.9990e+02,-9.9990e+02,-9.9990e+02,-9.9990e+02,-9.9990e+02,-9.9990e+02,2.0421e+03,6.8113e+02,3.5138e+05,6.6643e+04,1.8036e+04,3.3281e+03
2026-01-19T22:11:50.000Z,-9.9990e+02,-9.9990e+02,-9.9990e+02,-9.9990e+02,-9.9990e+02,-9.9990e+02,2.1065e+03,7.0011e+02,3.5167e+05,6.6686e+04,1.8313e+04,3.3306e+03
2026-01-19T22:12:02.000Z,-9.9990e+02,-9.9990e+02,-9.9990e+02,-9.9990e+02,-9.9990e+02,-9.9990e+02,2.1065e+03,7.0011e+02,3.5167e+05,6.6686e+04,1.8313e+04,3.3306e+03
2026-01-19T22:12:14.000Z,-9.9990e+02,-9.9990e+02,-9.9990e+02,-9.9990e+02,-9.9990e+02,-9.9990e+02,2.0130e+03,6.8146e+02,3.3886e+05,6.5514e+04,1.8562e+04,3.4286e+03
2026-01-19T22:12:26.000Z,-9.9990e+02,-9.9990e+02,-9.9990e+02,-9.9990e+02,-9.9990e+02,-9.9990e+02,2.0130e+03,6.8146e+02,3.3886e+05,6.5514e+04,1.8562e+04,3.4286e+03
2026-01-19T22:12:38.000Z,-9.9990e+02,-9.9990e+02,-9.9990e+02,-9.9990e+02,-9.9990e+02,-9.9990e+02,1.9820e+03,6.6365e+02,3.2629e+05,6.4757e+04,1.7520e+04,3.1934e+03
2026-01-19T22:12:50.000Z,-9.9990e+02,-9.9990e+02,-9.9990e+02,-9.9990e+02,-9.9990e+02,-9.9990e+02,1.9820e+03,6.6365e+02,3.2629e+05,6.4757e+04,1.7520e+04,3.1934e+03
2026-01-19T22:13:02.000Z,-9.9990e+02,-9.9990e+02,-9.9990e+02,-9.9990e+02,-9.9990e+02,-9.9990e+02,1.9820e+03,6.6365e+02,3.4881e+05,6.7757e+04,1.7907e+04,3.3944e+03
2026-01-19T22:13:15.000Z,-9.9990e+02,-9.9990e+02,-9.9990e+02,-9.9990e+02,-9.9990e+02,-9.9990e+02,1.9820e+03,6.6365e+02,3.4881e+05,6.7757e+04,1.7907e+04,3.3944e+03
2026-01-19T22:13:27.000Z,-9.9990e+02,-9.9990e+02,-9.9990e+02,-9.9990e+02,-9.9990e+02,-9.9990e+02,1.7720e+03,5.8511e+02,3.1871e+05,6.2114e+04,1.6994e+04,3.2602e+03
2026-01-19T22:13:39.000Z,-9.9990e+02,-9.9990e+02,-9.9990e+02,-9.9990e+02,-9.9990e+02,-9.9990e+02,1.7720e+03,5.8511e+02,3.1871e+05,6.2114e+04,1.6994e+04,3.2602e+03
2026-01-19T22:13:51.000Z,-9.9990e+02,-9.9990e+02,-9.9990e+02,-9.9990e+02,-9.9990e+02,-9.9990e+02,1.8019e+03,5.9381e+02,3.3143e+05,6.2900e+04,1.7262e+04,3.3291e+03
2026-01-19T22:14:03.000Z,-9.9990e+02,-9.9990e+02,-9.9990e+02,-9.9990e+02,-9.9990e+02,-9.9990e+02,1.8019e+03,5.9381e+02,3.3143e+05,6.2900e+04,1.7262e+04,3.3291e+03
2026-01-19T22:14:15.000Z,-9.9990e+02,-9.9990e+02,-9.9990e+02,-9.9990e+02,-9.9990e+02,-9.9990e+02,1.6820e+03,5.8511e+02,3.0367e+05,5.9857e+04,1.6339e+04,3.1592e+03
2026-01-19T22:14:27.000Z,-9.9990e+02,-9.9990e+02,-9.9990e+02,-9.9990e+02,-9.9990e+02,-9.9990e+02,1.6820e+03,5.8511e+02,3.0367e+05,5.9857e+04,1.6339e+04,3.1592e+03
2026-01-19T22:14:40.000Z,-9.9990e+02,-9.9990e+02,-9.9990e+02,-9.9990e+02,-9.9990e+02,-9.9990e+02,1.7119e+03,5.6762e+02,3.2376e+05,6.3243e+04,1.7649e+04,3.1592e+03
2026-01-19T22:14:52.000Z,-9.9990e+02,-9.9990e+02,-9.9990e+02,-9.9990e+02,-9.9990e+02,-9.9990e+02,1.7119e+03,5.6762e+02,3.2376e+05,6.3243e+04,1.7649e+04,3.1592e+03
2026-01-19T22:15:04.000Z,-9.9990e+02,-9.9990e+02,-9.9990e+02,-9.9990e+02,-9.9990e+02,-9.9990e+02,1.6218e+03,5.2396e+02,3.0867e+05,5.9100e+04,1.6339e+04,3.0587e+03
2026-01-19T22:15:16.000Z,-9.9990e+02,-9.9990e+02,-9.9990e+02,-9.9990e+02,-9.9990e+02,-9.9990e+02,1.6218e+03,5.2396e+02,3.0867e+05,5.9100e+04,1.6339e+04,3.0587e+03
2026-01-19T22:15:28.000Z,-9.9990e+02,-9.9990e+02,-9.9990e+02,-9.9990e+02,-9.9990e+02,-9.9990e+02,-9.9990e+02,-9.9990e+02,-9.9990e+02,-9.9990e+02,-9.9990e+02,-9.9990e+02
2026-01-19T22:15:40.000Z,-9.9990e+02,-9.9990e+02,-9.9990e+02,-9.9990e+02,-9.9990e+02,-9.9990e+02,2.0421e+03,6.8113e+02,3.1367e+05,6.1729e+04,1.6855e+04,3.3270e+03
2026-01-19T22:15:52.000Z,-9.9990e+02,-9.9990e+02,-9.9990e+02,-9.9990e+02,-9.9990e+02,-9.9990e+02,2.0421e+03,6.8113e+02,3.1367e+05,6.1729e+04,1.6855e+04,3.3270e+03
2026-01-19T22:16:05.000Z,-9.9990e+02,-9.9990e+02,-9.9990e+02,-9.9990e+02,-9.9990e+02,-9.9990e+02,2.4023e+03,8.2082e+02,3.1633e+05,6.1757e+04,1.7262e+04,3.1944e+03
2026-01-19T22:16:17.000Z,-9.9990e+02,-9.9990e+02,-9.9990e+02,-9.9990e+02,-9.9990e+02,-9.9990e+02,2.4023e+03,8.2082e+02,3.1633e+05,6.1757e+04,1.7262e+04,3.1944e+03
2026-01-19T22:16:29.000Z,-9.9990e+02,-9.9990e+02,-9.9990e+02,-9.9990e+02,-9.9990e+02,-9.9990e+02,2.7627e+03,9.0807e+02,3.2371e+05,6.4743e+04,1.7778e+04,3.1929e+03
2026-01-19T22:16:41.000Z,-9.9990e+02,-9.9990e+02,-9.9990e+02,-9.9990e+02,-9.9990e+02,-9.9990e+02,2.7627e+03,9.0807e+02,3.2371e+05,6.4743e+04,1.7778e+04,3.1929e+03
2026-01-19T22:16:53.000Z,-9.9990e+02,-9.9990e+02,-9.9990e+02,-9.9990e+02,-9.9990e+02,-9.9990e+02,2.7627e+03,9.0807e+02,3.1867e+05,6.2486e+04,1.7649e+04,3.2934e+03
2026-01-19T22:17:05.000Z,-9.9990e+02,-9.9990e+02,-9.9990e+02,-9.9990e+02,-9.9990e+02,-9.9990e+02,2.7627e+03,9.0807e+02,3.1867e+05,6.2486e+04,1.7649e+04,3.2934e+03
2026-01-19T22:17:17.000Z,-9.9990e+02,-9.9990e+02,-9.9990e+02,-9.9990e+02,-9.9990e+02,-9.9990e+02,2.7026e+03,9.0807e+02,3.2119e+05,6.4743e+04,1.7252e+04,3.1929e+03
2026-01-19T22:17:30.000Z,-9.9990e+02,-9.9990e+02,-9.9990e+02,-9.9990e+02,-9.9990e+02,-9.9990e+02,2.7026e+03,9.0807e+02,3.2119e+05,6.4743e+04,1.7252e+04,3.1929e+03
2026-01-19T22:17:42.000Z,-9.9990e+02,-9.9990e+02,-9.9990e+02,-9.9990e+02,-9.9990e+02,-9.9990e+02,3.0032e+03,9.6026e+02,3.1119e+05,6.1743e+04,1.7123e+04,3.1592e+03
2026-01-19T22:17:54.000Z,-9.9990e+02,-9.9990e+02,-9.9990e+02,-9.9990e+02,-9.9990e+02,-9.9990e+02,3.0032e+03,9.6026e+02,3.1119e+05,6.1743e+04,1.7123e+04,3.1592e+03
2026-01-19T22:18:06.000Z,-9.9990e+02,-9.9990e+02,-9.9990e+02,-9.9990e+02,-9.9990e+02,-9.9990e+02,2.8260e+03,9.0890e+02,3.1386e+05,6.2514e+04,1.7520e+04,3.3291e+03
2026-01-19T22:18:18.000Z,-9.9990e+02,-9.9990e+02,-9.9990e+02,-9.9990e+02,-9.9990e+02,-9.9990e+02,2.8260e+03,9.0890e+02,3.1386e+05,6.2514e+04,1.7520e+04,3.3291e+03
2026-01-19T22:18:30.000Z,-9.9990e+02,-9.9990e+02,-9.9990e+02,-9.9990e+02,-9.9990e+02,-9.9990e+02,2.6430e+03,8.7327e+02,3.1371e+05,6.1743e+04,1.7123e+04,3.1592e+03
2026-01-19T22:18:42.000Z,-9.9990e+02,-9.9990e+02,-9.9990e+02,-9.9990e+02,-9.9990e+02,-9.9990e+02,2.6430e+03,8.7327e+02,3.1371e+05,6.1743e+04,1.7123e+04,3.1592e+03
2026-01-19T22:18:55.000Z,-9.9990e+02,-9.9990e+02,-9.9990e+02,-9.9990e+02,-9.9990e+02,-9.9990e+02,2.5228e+03,8.7327e+02,2.9614e+05,6.0229e+04,1.6865e+04,3.0250e+03
2026-01-19T22:19:07.000Z,-9.9990e+02,-9.9990e+02,-9.9990e+02,-9.9990e+02,-9.9990e+02,-9.9990e+02,2.5228e+03,8.7327e+02,2.9614e+05,6.0229e+04,1.6865e+04,3.0250e+03
2026-01-19T22:19:19.000Z,-9.9990e+02,-9.9990e+02,-9.9990e+02,-9.9990e+02,-9.9990e+02,-9.9990e+02,2.7029e+03,9.0807e+02,3.1371e+05,6.0986e+04,1.7381e+04,3.0587e+03
2026-01-19T22:19:31.000Z,-9.9990e+02,-9.9990e+02,-9.9990e+02,-9.9990e+02,-9.9990e+02,-9.9990e+02,2.7029e+03,9.0807e+02,3.1371e+05,6.0986e+04,1.7381e+04,3.0587e+03
2026-01-19T22:19:43.000Z,-9.9990e+02,-9.9990e+02,-9.9990e+02,-9.9990e+02,-9.9990e+02,-9.9990e+02,-9.9990e+02,-9.9990e+02,-9.9990e+02,-9.9990e+02,-9.9990e+02,-9.9990e+02
2026-01-19T22:19:55.000Z,-9.9990e+02,-9.9990e+02,-9.9990e+02,-9.9990e+02,-9.9990e+02,-9.9990e+02,2.6428e+03,9.0807e+02,3.1119e+05,6.3243e+04,1.6726e+04,3.0587e+03
2026-01-19T22:20:07.000Z,-9.9990e+02,-9.9990e+02,-9.9990e+02,-9.9990e+02,-9.9990e+02,-9.9990e+02,2.6428e+03,9.0807e+02,3.1119e+05,6.3243e+04,1.6726e+04,3.0587e+03
2026-01-19T22:20:20.000Z,-9.9990e+02,-9.9990e+02,-9.9990e+02,-9.9990e+02,-9.9990e+02,-9.9990e+02,2.6428e+03,8.7327e+02,3.1886e+05,6.1014e+04,1.6736e+04,3.0934e+03
2026-01-19T22:20:32.000Z,-9.9990e+02,-9.9990e+02,-9.9990e+02,-9.9990e+02,-9.9990e+02,-9.9990e+02,2.6428e+03,8.7327e+02,3.1886e+05,6.1014e+04,1.6736e+04,3.0934e+03
2026-01-19T22:20:44.000Z,-9.9990e+02,-9.9990e+02,-9.9990e+02,-9.9990e+02,-9.9990e+02,-9.9990e+02,2.4627e+03,8.0342e+02,3.2371e+05,6.2486e+04,1.7778e+04,3.1929e+03
2026-01-19T22:20:56.000Z,-9.9990e+02,-9.9990e+02,-9.9990e+02,-9.9990e+02,-9.9990e+02,-9.9990e+02,2.4627e+03,8.0342e+02,3.2371e+05,6.2486e+04,1.7778e+04,3.1929e+03
2026-01-19T22:21:08.000Z,-9.9990e+02,-9.9990e+02,-9.9990e+02,-9.9990e+02,-9.9990e+02,-9.9990e+02,2.7630e+03,9.2547e+02,3.2876e+05,6.5500e+04,1.7778e+04,3.1592e+03
2026-01-19T22:21:20.000Z,-9.9990e+02,-9.9990e+02,-9.9990e+02,-9.9990e+02,-9.9990e+02,-9.9990e+02,2.7630e+03,9.2547e+02,3.2876e+05,6.5500e+04,1.7778e+04,3.1592e+03
2026-01-19T22:21:33.000Z,-9.9990e+02,-9.9990e+02,-9.9990e+02,-9.9990e+02,-9.9990e+02,-9.9990e+02,2.6428e+03,9.0807e+02,3.2124e+05,6.2486e+04,1.7778e+04,3.1592e+03
2026-01-19T22:21:45.000Z,-9.9990e+02,-9.9990e+02,-9.9990e+02,-9.9990e+02,-9.9990e+02,-9.9990e+02,2.6428e+03,9.0807e+02,3.2124e+05,6.2486e+04,1.7778e+04,3.1592e+03
2026-01-19T22:21:57.000Z,-9.9990e+02,-9.9990e+02,-9.9990e+02,-9.9990e+02,-9.9990e+02,-9.9990e+02,2.9434e+03,9.4286e+02,3.0114e+05,6.0986e+04,1.6726e+04,3.1592e+03
2026-01-19T22:22:09.000Z,-9.9990e+02,-9.9990e+02,-9.9990e+02,-9.9990e+02,-9.9990e+02,-9.9990e+02,2.9434e+03,9.4286e+02,3.0114e+05,6.0986e+04,1.6726e+04,3.1592e+03
2026-01-19T22:22:21.000Z,-9.9990e+02,-9.9990e+02,-9.9990e+02,-9.9990e+02,-9.9990e+02,-9.9990e+02,2.5849e+03,8.7410e+02,3.2890e+05,6.4029e+04,1.7788e+04,3.2954e+03
2026-01-19T22:22:33.000Z,-9.9990e+02,-9.9990e+02,-9.9990e+02,-9.9990e+02,-9.9990e+02,-9.9990e+02,2.5849e+03,8.7410e+02,3.2890e+05,6.4029e+04,1.7788e+04,3.2954e+03
2026-01-19T22:22:45.000Z,-9.9990e+02,-9.9990e+02,-9.9990e+02,-9.9990e+02,-9.9990e+02,-9.9990e+02,2.5826e+03,9.0807e+02,3.2876e+05,6.5500e+04,1.8562e+04,3.3270e+03
2026-01-19T22:22:58.000Z,-9.9990e+02,-9.9990e+02,-9.9990e+02,-9.9990e+02,-9.9990e+02,-9.9990e+02,2.5826e+03,9.0807e+02,3.2876e+05,6.5500e+04,1.8562e+04,3.3270e+03
2026-01-19T22:23:10.000Z,-9.9990e+02,-9.9990e+02,-9.9990e+02,-9.9990e+02,-9.9990e+02,-9.9990e+02,2.4627e+03,8.3847e+02,3.3124e+05,6.6243e+04,1.8165e+04,3.3944e+03
2026-01-19T22:23:22.000Z,-9.9990e+02,-9.9990e+02,-9.9990e+02,-9.9990e+02,-9.9990e+02,-9.9990e+02,2.4627e+03,8.3847e+02,3.3124e+05,6.6243e+04,1.8165e+04,3.3944e+03
2026-01-19T22:23:34.000Z,-9.9990e+02,-9.9990e+02,-9.9990e+02,-9.9990e+02,-9.9990e+02,-9.9990e+02,2.2846e+03,7.6921e+02,3.0129e+05,5.9500e+04,1.6478e+04,3.0260e+03
2026-01-19T22:23:46.000Z,-9.9990e+02,-9.9990e+02,-9.9990e+02,-9.9990e+02,-9.9990e+02,-9.9990e+02,2.2846e+03,7.6921e+02,3.0129e+05,5.9500e+04,1.6478e+04,3.0260e+03
2026-01-19T22:23:58.000Z,-9.9990e+02,-9.9990e+02,-9.9990e+02,-9.9990e+02,-9.9990e+02,-9.9990e+02,-9.9990e+02,-9.9990e+02,-9.9990e+02,-9.9990e+02,-9.9990e+02,-9.9990e+02
2026-01-19T22:24:10.000Z,-9.9990e+02,-9.9990e+02,-9.9990e+02,-9.9990e+02,-9.9990e+02,-9.9990e+02,2.3424e+03,8.2091e+02,3.0367e+05,5.8729e+04,1.6468e+04,2.9240e+03
2026-01-19T22:24:22.000Z,-9.9990e+02,-9.9990e+02,-9.9990e+02,-9.9990e+02,-9.9990e+02,-9.9990e+02,2.3424e+03,8.2091e+02,3.0367e+05,5.8729e+04,1.6468e+04,2.9240e+03
2026-01-19T22:24:35.000Z,-9.9990e+02,-9.9990e+02,-9.9990e+02,-9.9990e+02,-9.9990e+02,-9.9990e+02,2.4627e+03,8.5587e+02,3.2624e+05,6.2486e+04,1.7520e+04,3.1592e+03
2026-01-19T22:24:47.000Z,-9.9990e+02,-9.9990e+02,-9.9990e+02,-9.9990e+02,-9.9990e+02,-9.9990e+02,2.4627e+03,8.5587e+02,3.2624e+05,6.2486e+04,1.7520e+04,3.1592e+03
2026-01-19T22:24:59.000Z,-9.9990e+02,-9.9990e+02,-9.9990e+02,-9.9990e+02,-9.9990e+02,-9.9990e+02,2.4627e+03,8.2091e+02,3.1619e+05,6.3243e+04,1.7520e+04,3.2602e+03
2026-01-19T22:25:11.000Z,-9.9990e+02,-9.9990e+02,-9.9990e+02,-9.9990e+02,-9.9990e+02,-9.9990e+02,2.4627e+03,8.2091e+02,3.1619e+05,6.3243e+04,1.7520e+04,3.2602e+03
2026-01-19T22:25:23.000Z,-9.9990e+02,-9.9990e+02,-9.9990e+02,-9.9990e+02,-9.9990e+02,-9.9990e+02,2.5829e+03,8.5587e+02,3.3629e+05,6.4743e+04,1.8165e+04,3.2265e+03
2026-01-19T22:25:35.000Z,-9.9990e+02,-9.9990e+02,-9.9990e+02,-9.9990e+02,-9.9990e+02,-9.9990e+02,2.5829e+03,8.5587e+02,3.3629e+05,6.4743e+04,1.8165e+04,3.2265e+03
2026-01-19T22:25:47.000Z,-9.9990e+02,-9.9990e+02,-9.9990e+02,-9.9990e+02,-9.9990e+02,-9.9990e+02,2.4641e+03,8.3847e+02,3.0633e+05,6.2514e+04,1.6865e+04,3.2281e+03
2026-01-19T22:26:00.000Z,-9.9990e+02,-9.9990e+02,-9.9990e+02,-9.9990e+02,-9.9990e+02,-9.9990e+02,2.4641e+03,8.3847e+02,3.0633e+05,6.2514e+04,1.6865e+04,3.2281e+03
2026-01-19T22:26:12.000Z,-9.9990e+02,-9.9990e+02,-9.9990e+02,-9.9990e+02,-9.9990e+02,-9.9990e+02,2.4026e+03,7.8594e+02,3.1367e+05,6.1729e+04,1.7510e+04,3.0582e+03
2026-01-19T22:26:24.000Z,-9.9990e+02,-9.9990e+02,-9.9990e+02,-9.9990e+02,-9.9990e+02,-9.9990e+02,2.4026e+03,7.8594e+02,3.1367e+05,6.1729e+04,1.7510e+04,3.0582e+03
2026-01-19T22:26:36.000Z,-9.9990e+02,-9.9990e+02,-9.9990e+02,-9.9990e+02,-9.9990e+02,-9.9990e+02,2.3424e+03,7.8594e+02,2.9862e+05,5.7971e+04,1.6210e+04,3.0582e+03
2026-01-19T22:26:48.000Z,-9.9990e+02,-9.9990e+02,-9.9990e+02,-9.9990e+02,-9.9990e+02,-9.9990e+02,2.3424e+03,7.8594e+02,2.9862e+05,5.7971e+04,1.6210e+04,3.0582e+03
2026-01-19T22:27:00.000Z,-9.9990e+02,-9.9990e+02,-9.9990e+02,-9.9990e+02,-9.9990e+02,-9.9990e+02,2.4026e+03,8.0342e+02,3.0867e+05,5.9471e+04,1.6597e+04,2.9577e+03
2026-01-19T22:27:12.000Z,-9.9990e+02,-9.9990e+02,-9.9990e+02,-9.9990e+02,-9.9990e+02,-9.9990e+02,2.4026e+03,8.0342e+02,3.0867e+05,5.9471e+04,1.6597e+04,2.9577e+03
2026-01-19T22:27:25.000Z,-9.9990e+02,-9.9990e+02,-9.9990e+02,-9.9990e+02,-9.9990e+02,-9.9990e+02,2.3424e+03,8.2082e+02,3.1871e+05,6.2486e+04,1.7381e+04,3.2602e+03
2026-01-19T22:27:37.000Z,-9.9990e+02,-9.9990e+02,-9.9990e+02,-9.9990e+02,-9.9990e+02,-9.9990e+02,2.3424e+03,8.2082e+02,3.1871e+05,6.2486e+04,1.7381e+04,3.2602e+03
2026-01-19T22:27:49.000Z,-9.9990e+02,-9.9990e+02,-9.9990e+02,-9.9990e+02,-9.9990e+02,-9.9990e+02,2.4026e+03,8.3847e+02,3.1876e+05,6.1743e+04,1.7252e+04,3.1934e+03
2026-01-19T22:28:01.000Z,-9.9990e+02,-9.9990e+02,-9.9990e+02,-9.9990e+02,-9.9990e+02,-9.9990e+02,2.4026e+03,8.3847e+02,3.1876e+05,6.1743e+04,1.7252e+04,3.1934e+03
2026-01-19T22:28:13.000Z,-9.9990e+02,-9.9990e+02,-9.9990e+02,-9.9990e+02,-9.9990e+02,-9.9990e+02,-9.9990e+02,-9.9990e+02,-9.9990e+02,-9.9990e+02,-9.9990e+02,-9.9990e+02
2026-01-19T22:28:25.000Z,-9.9990e+02,-9.9990e+02,-9.9990e+02,-9.9990e+02,-9.9990e+02,-9.9990e+02,1.8939e+03,6.2065e+02,2.7114e+05,5.2729e+04,1.4911e+04,2.8918e+03
2026-01-19T22:28:38.000Z,-9.9990e+02,-9.9990e+02,-9.9990e+02,-9.9990e+02,-9.9990e+02,-9.9990e+02,1.8939e+03,6.2065e+02,2.7114e+05,5.2729e+04,1.4911e+04,2.8918e+03
2026-01-19T22:28:50.000Z,-9.9990e+02,-9.9990e+02,-9.9990e+02,-9.9990e+02,-9.9990e+02,-9.9990e+02,1.8920e+03,6.2877e+02,2.7857e+05,5.4957e+04,1.5288e+04,3.0250e+03
2026-01-19T22:29:02.000Z,-9.9990e+02,-9.9990e+02,-9.9990e+02,-9.9990e+02,-9.9990e+02,-9.9990e+02,1.8920e+03,6.2877e+02,2.7857e+05,5.4957e+04,1.5288e+04,3.0250e+03
2026-01-19T22:29:14.000Z,-9.9990e+02,-9.9990e+02,-9.9990e+02,-9.9990e+02,-9.9990e+02,-9.9990e+02,1.6825e+03,5.5039e+02,2.5105e+05,4.8586e+04,1.3730e+04,2.5219e+03
2026-01-19T22:29:26.000Z,-9.9990e+02,-9.9990e+02,-9.9990e+02,-9.9990e+02,-9.9990e+02,-9.9990e+02,1.6825e+03,5.5039e+02,2.5105e+05,4.8586e+04,1.3730e+04,2.5219e+03
2026-01-19T22:29:38.000Z,-9.9990e+02,-9.9990e+02,-9.9990e+02,-9.9990e+02,-9.9990e+02,-9.9990e+02,1.5916e+03,5.4144e+02,2.4843e+05,4.8557e+04,1.3859e+04,2.7224e+03
2026-01-19T22:29:50.000Z,-9.9990e+02,-9.9990e+02,-9.9990e+02,-9.9990e+02,-9.9990e+02,-9.9990e+02,1.5916e+03,5.4144e+02,2.4843e+05,4.8557e+04,1.3859e+04,2.7224e+03
2026-01-19T22:30:03.000Z,-9.9990e+02,-9.9990e+02,-9.9990e+02,-9.9990e+02,-9.9990e+02,-9.9990e+02,1.6216e+03,5.3266e+02,2.4843e+05,4.7429e+04,1.3720e+04,2.5541e+03
2026-01-19T22:30:15.000Z,-9.9990e+02,-9.9990e+02,-9.9990e+02,-9.9990e+02,-9.9990e+02,-9.9990e+02,1.6216e+03,5.3266e+02,2.4843e+05,4.7429e+04,1.3720e+04,2.5541e+03
2026-01-19T22:30:27.000Z,-9.9990e+02,-9.9990e+02,-9.9990e+02,-9.9990e+02,-9.9990e+02,-9.9990e+02,1.5617e+03,4.9778e+02,2.3838e+05,4.6671e+04,1.3065e+04,2.5541e+03
2026-01-19T22:30:39.000Z,-9.9990e+02,-9.9990e+02,-9.9990e+02,-9.9990e+02,-9.9990e+02,-9.9990e+02,1.5617e+03,4.9778e+02,2.3838e+05,4.6671e+04,1.3065e+04,2.5541e+03
2026-01-19T22:30:51.000Z,-9.9990e+02,-9.9990e+02,-9.9990e+02,-9.9990e+02,-9.9990e+02,-9.9990e+02,1.5315e+03,4.9778e+02,2.4343e+05,4.7057e+04,1.3204e+04,2.4199e+03
2026-01-19T22:31:03.000Z,-9.9990e+02,-9.9990e+02,-9.9990e+02,-9.9990e+02,-9.9990e+02,-9.9990e+02,1.5315e+03,4.9778e+02,2.4343e+05,4.7057e+04,1.3204e+04,2.4199e+03
2026-01-19T22:31:15.000Z,-9.9990e+02,-9.9990e+02,-9.9990e+02,-9.9990e+02,-9.9990e+02,-9.9990e+02,1.5617e+03,4.9778e+02,2.4343e+05,4.7429e+04,1.3591e+04,2.5541e+03
2026-01-19T22:31:28.000Z,-9.9990e+02,-9.9990e+02,-9.9990e+02,-9.9990e+02,-9.9990e+02,-9.9990e+02,1.5617e+03,4.9778e+02,2.4343e+05,4.7429e+04,1.3591e+04,2.5541e+03
2026-01-19T22:31:40.000Z,-9.9990e+02,-9.9990e+02,-9.9990e+02,-9.9990e+02,-9.9990e+02,-9.9990e+02,1.6216e+03,5.2396e+02,2.4343e+05,4.6300e+04,1.3988e+04,2.4536e+03
2026-01-19T22:31:52.000Z,-9.9990e+02,-9.9990e+02,-9.9990e+02,-9.9990e+02,-9.9990e+02,-9.9990e+02,1.6216e+03,5.2396e+02,2.4343e+05,4.6300e+04,1.3988e+04,2.4536e+03
2026-01-19T22:32:04.000Z,-9.9990e+02,-9.9990e+02,-9.9990e+02,-9.9990e+02,-9.9990e+02,-9.9990e+02,1.6552e+03,5.1626e+02,2.4629e+05,4.7114e+04,1.3482e+04,2.5918e+03
2026-01-19T22:32:16.000Z,-9.9990e+02,-9.9990e+02,-9.9990e+02,-9.9990e+02,-9.9990e+02,-9.9990e+02,1.6552e+03,5.1626e+02,2.4629e+05,4.7114e+04,1.3482e+04,2.5918e+03
2026-01-19T22:32:28.000Z,-9.9990e+02,-9.9990e+02,-9.9990e+02,-9.9990e+02,-9.9990e+02,-9.9990e+02,-9.9990e+02,-9.9990e+02,-9.9990e+02,-9.9990e+02,-9.9990e+02,-9.9990e+02
2026-01-19T22:32:40.000Z,-9.9990e+02,-9.9990e+02,-9.9990e+02,-9.9990e+02,-9.9990e+02,-9.9990e+02,1.5617e+03,5.0648e+02,2.4090e+05,4.7429e+04,1.3204e+04,2.5204e+03
2026-01-19T22:32:53.000Z,-9.9990e+02,-9.9990e+02,-9.9990e+02,-9.9990e+02,-9.9990e+02,-9.9990e+02,1.5617e+03,5.0648e+02,2.4090e+05,4.7429e+04,1.3204e+04,2.5204e+03
2026-01-19T22:33:05.000Z,-9.9990e+02,-9.9990e+02,-9.9990e+02,-9.9990e+02,-9.9990e+02,-9.9990e+02,1.5617e+03,5.0648e+02,2.3590e+05,4.6671e+04,1.3333e+04,2.4536e+03
2026-01-19T22:33:17.000Z,-9.9990e+02,-9.9990e+02,-9.9990e+02,-9.9990e+02,-9.9990e+02,-9.9990e+02,1.5617e+03,5.0648e+02,2.3590e+05,4.6671e+04,1.3333e+04,2.4536e+03
2026-01-19T22:33:29.000Z,-9.9990e+02,-9.9990e+02,-9.9990e+02,-9.9990e+02,-9.9990e+02,-9.9990e+02,1.4714e+03,4.8900e+02,2.4090e+05,4.6671e+04,1.3333e+04,2.5878e+03
2026-01-19T22:33:41.000Z,-9.9990e+02,-9.9990e+02,-9.9990e+02,-9.9990e+02,-9.9990e+02,-9.9990e+02,1.4714e+03,4.8900e+02,2.4090e+05,4.6671e+04,1.3333e+04,2.5878e+03
2026-01-19T22:33:53.000Z,-9.9990e+02,-9.9990e+02,-9.9990e+02,-9.9990e+02,-9.9990e+02,-9.9990e+02,1.5617e+03,4.9778e+02,2.3838e+05,4.7429e+04,1.3462e+04,2.3862e+03
2026-01-19T22:34:05.000Z,-9.9990e+02,-9.9990e+02,-9.9990e+02,-9.9990e+02,-9.9990e+02,-9.9990e+02,1.5617e+03,4.9778e+02,2.3838e+05,4.7429e+04,1.3462e+04,2.3862e+03
2026-01-19T22:34:18.000Z,-9.9990e+02,-9.9990e+02,-9.9990e+02,-9.9990e+02,-9.9990e+02,-9.9990e+02,1.5916e+03,5.0648e+02,2.3600e+05,4.7071e+04,1.3333e+04,2.5556e+03
2026-01-19T22:34:30.000Z,-9.9990e+02,-9.9990e+02,-9.9990e+02,-9.9990e+02,-9.9990e+02,-9.9990e+02,1.5916e+03,5.0648e+02,2.3600e+05,4.7071e+04,1.3333e+04,2.5556e+03
2026-01-19T22:34:42.000Z,-9.9990e+02,-9.9990e+02,-9.9990e+02,-9.9990e+02,-9.9990e+02,-9.9990e+02,-9.9990e+02,-9.9990e+02,-9.9990e+02,-9.9990e+02,-9.9990e+02,-9.9990e+02
2026-01-19T22:34:54.000Z,-9.9990e+02,-9.9990e+02,-9.9990e+02,-9.9990e+02,-9.9990e+02,-9.9990e+02,1.5617e+03,5.1518e+02,2.4090e+05,4.6671e+04,1.2808e+04,2.4872e+03
2026-01-19T22:35:06.000Z,-9.9990e+02,-9.9990e+02,-9.9990e+02,-9.9990e+02,-9.9990e+02,-9.9990e+02,1.5617e+03,5.1518e+02,2.4090e+05,4.6671e+04,1.2808e+04,2.4872e+03
2026-01-19T22:35:18.000Z,-9.9990e+02,-9.9990e+02,-9.9990e+02,-9.9990e+02,-9.9990e+02,-9.9990e+02,1.5315e+03,4.9778e+02,2.3338e+05,4.6300e+04,1.3462e+04,2.4199e+03
2026-01-19T22:35:30.000Z,-9.9990e+02,-9.9990e+02,-9.9990e+02,-9.9990e+02,-9.9990e+02,-9.9990e+02,1.5315e+03,4.9778e+02,2.3338e+05,4.6300e+04,1.3462e+04,2.4199e+03
2026-01-19T22:35:43.000Z,-9.9990e+02,-9.9990e+02,-9.9990e+02,-9.9990e+02,-9.9990e+02,-9.9990e+02,1.4714e+03,4.8900e+02,2.4090e+05,4.7057e+04,1.3462e+04,2.5541e+03
2026-01-19T22:35:55.000Z,-9.9990e+02,-9.9990e+02,-9.9990e+02,-9.9990e+02,-9.9990e+02,-9.9990e+02,1.4714e+03,4.8900e+02,2.4090e+05,4.7057e+04,1.3462e+04,2.5541e+03
2026-01-19T22:36:07.000Z,-9.9990e+02,-9.9990e+02,-9.9990e+02,-9.9990e+02,-9.9990e+02,-9.9990e+02,1.5315e+03,4.8900e+02,2.4343e+05,4.7800e+04,1.3988e+04,2.5878e+03
2026-01-19T22:36:19.000Z,-9.9990e+02,-9.9990e+02,-9.9990e+02,-9.9990e+02,-9.9990e+02,-9.9990e+02,1.5315e+03,4.8900e+02,2.4343e+05,4.7800e+04,1.3988e+04,2.5878e+03
2026-01-19T22:36:31.000Z,-9.9990e+02,-9.9990e+02,-9.9990e+02,-9.9990e+02,-9.9990e+02,-9.9990e+02,1.4728e+03,4.9819e+02,2.4105e+05,4.9329e+04,1.3730e+04,2.5556e+03
2026-01-19T22:36:43.000Z,-9.9990e+02,-9.9990e+02,-9.9990e+02,-9.9990e+02,-9.9990e+02,-9.9990e+02,1.4728e+03,4.9819e+02,2.4105e+05,4.9329e+04,1.3730e+04,2.5556e+03
2026-01-19T22:36:55.000Z,-9.9990e+02,-9.9990e+02,-9.9990e+02,-9.9990e+02,-9.9990e+02,-9.9990e+02,1.5016e+03,4.8900e+02,2.3590e+05,4.7057e+04,1.2808e+04,2.6551e+03
2026-01-19T22:37:08.000Z,-9.9990e+02,-9.9990e+02,-9.9990e+02,-9.9990e+02,-9.9990e+02,-9.9990e+02,1.5016e+03,4.8900e+02,2.3590e+05,4.7057e+04,1.2808e+04,2.6551e+03
2026-01-19T22:37:20.000Z,-9.9990e+02,-9.9990e+02,-9.9990e+02,-9.9990e+02,-9.9990e+02,-9.9990e+02,1.4714e+03,4.8030e+02,2.3838e+05,4.5543e+04,1.3065e+04,2.3526e+03
2026-01-19T22:37:32.000Z,-9.9990e+02,-9.9990e+02,-9.9990e+02,-9.9990e+02,-9.9990e+02,-9.9990e+02,1.4714e+03,4.8030e+02,2.3838e+05,4.5543e+04,1.3065e+04,2.3526e+03
2026-01-19T22:37:44.000Z,-9.9990e+02,-9.9990e+02,-9.9990e+02,-9.9990e+02,-9.9990e+02,-9.9990e+02,1.5016e+03,4.8030e+02,2.3590e+05,4.7057e+04,1.3462e+04,2.5878e+03
2026-01-19T22:37:56.000Z,-9.9990e+02,-9.9990e+02,-9.9990e+02,-9.9990e+02,-9.9990e+02,-9.9990e+02,1.5016e+03,4.8030e+02,2.3590e+05,4.7057e+04,1.3462e+04,2.5878e+03
2026-01-19T22:38:08.000Z,-9.9990e+02,-9.9990e+02,-9.9990e+02,-9.9990e+02,-9.9990e+02,-9.9990e+02,1.5016e+03,4.8900e+02,2.3838e+05,4.6300e+04,1.3462e+04,2.5204e+03
2026-01-19T22:38:20.000Z,-9.9990e+02,-9.9990e+02,-9.9990e+02,-9.9990e+02,-9.9990e+02,-9.9990e+02,1.5016e+03,4.8900e+02,2.3838e+05,4.6300e+04,1.3462e+04,2.5204e+03
2026-01-19T22:38:33.000Z,-9.9990e+02,-9.9990e+02,-9.9990e+02,-9.9990e+02,-9.9990e+02,-9.9990e+02,1.5016e+03,4.9778e+02,2.4857e+05,4.7071e+04,1.3859e+04,2.5219e+03
2026-01-19T22:38:45.000Z,-9.9990e+02,-9.9990e+02,-9.9990e+02,-9.9990e+02,-9.9990e+02,-9.9990e+02,1.5016e+03,4.9778e+02,2.4857e+05,4.7071e+04,1.3859e+04,2.5219e+03
2026-01-19T22:38:57.000Z,-9.9990e+02,-9.9990e+02,-9.9990e+02,-9.9990e+02,-9.9990e+02,-9.9990e+02,-9.9990e+02,-9.9990e+02,-9.9990e+02,-9.9990e+02,-9.9990e+02,-9.9990e+02
2026-01-19T22:39:09.000Z,-9.9990e+02,-9.9990e+02,-9.9990e+02,-9.9990e+02,-9.9990e+02,-9.9990e+02,1.7119e+03,5.5014e+02,2.4343e+05,4.7057e+04,1.3204e+04,2.5541e+03
2026-01-19T22:39:21.000Z,-9.9990e+02,-9.9990e+02,-9.9990e+02,-9.9990e+02,-9.9990e+02,-9.9990e+02,1.7119e+03,5.5014e+02,2.4343e+05,4.7057e+04,1.3204e+04,2.5541e+03
2026-01-19T22:39:33.000Z,-9.9990e+02,-9.9990e+02,-9.9990e+02,-9.9990e+02,-9.9990e+02,-9.9990e+02,1.8318e+03,5.7632e+02,2.3838e+05,4.5929e+04,1.3333e+04,2.6888e+03
2026-01-19T22:39:45.000Z,-9.9990e+02,-9.9990e+02,-9.9990e+02,-9.9990e+02,-9.9990e+02,-9.9990e+02,1.8318e+03,5.7632e+02,2.3838e+05,4.5929e+04,1.3333e+04,2.6888e+03
2026-01-19T22:39:58.000Z,-9.9990e+02,-9.9990e+02,-9.9990e+02,-9.9990e+02,-9.9990e+02,-9.9990e+02,1.7119e+03,5.5014e+02,2.5095e+05,4.7800e+04,1.3988e+04,2.4536e+03
2026-01-19T22:40:10.000Z,-9.9990e+02,-9.9990e+02,-9.9990e+02,-9.9990e+02,-9.9990e+02,-9.9990e+02,1.7119e+03,5.5014e+02,2.5095e+05,4.7800e+04,1.3988e+04,2.4536e+03
2026-01-19T22:40:22.000Z,-9.9990e+02,-9.9990e+02,-9.9990e+02,-9.9990e+02,-9.9990e+02,-9.9990e+02,1.7136e+03,5.5942e+02,2.5105e+05,4.7457e+04,1.3472e+04,2.6566e+03
2026-01-19T22:40:34.000Z,-9.9990e+02,-9.9990e+02,-9.9990e+02,-9.9990e+02,-9.9990e+02,-9.9990e+02,1.7136e+03,5.5942e+02,2.5105e+05,4.7457e+04,1.3472e+04,2.6566e+03
2026-01-19T22:40:46.000Z,-9.9990e+02,-9.9990e+02,-9.9990e+02,-9.9990e+02,-9.9990e+02,-9.9990e+02,1.7119e+03,5.5884e+02,2.5348e+05,4.7800e+04,1.3591e+04,2.4199e+03
2026-01-19T22:40:58.000Z,-9.9990e+02,-9.9990e+02,-9.9990e+02,-9.9990e+02,-9.9990e+02,-9.9990e+02,1.7119e+03,5.5884e+02,2.5348e+05,4.7800e+04,1.3591e+04,2.4199e+03
2026-01-19T22:41:10.000Z,-9.9990e+02,-9.9990e+02,-9.9990e+02,-9.9990e+02,-9.9990e+02,-9.9990e+02,1.8620e+03,5.9381e+02,2.4843e+05,4.6300e+04,1.3333e+04,2.4536e+03
2026-01-19T22:41:23.000Z,-9.9990e+02,-9.9990e+02,-9.9990e+02,-9.9990e+02,-9.9990e+02,-9.9990e+02,1.8620e+03,5.9381e+02,2.4843e+05,4.6300e+04,1.3333e+04,2.4536e+03
2026-01-19T22:41:35.000Z,-9.9990e+02,-9.9990e+02,-9.9990e+02,-9.9990e+02,-9.9990e+02,-9.9990e+02,1.8019e+03,5.7632e+02,2.4590e+05,4.7429e+04,1.3204e+04,2.4872e+03
2026-01-19T22:41:47.000Z,-9.9990e+02,-9.9990e+02,-9.9990e+02,-9.9990e+02,-9.9990e+02,-9.9990e+02,1.8019e+03,5.7632e+02,2.4590e+05,4.7429e+04,1.3204e+04,2.4872e+03
2026-01-19T22:41:59.000Z,-9.9990e+02,-9.9990e+02,-9.9990e+02,-9.9990e+02,-9.9990e+02,-9.9990e+02,1.8620e+03,5.7632e+02,2.4590e+05,4.7429e+04,1.3591e+04,2.5878e+03
2026-01-19T22:42:11.000Z,-9.9990e+02,-9.9990e+02,-9.9990e+02,-9.9990e+02,-9.9990e+02,-9.9990e+02,1.8620e+03,5.7632e+02,2.4590e+05,4.7429e+04,1.3591e+04,2.5878e+03
2026-01-19T22:42:23.000Z,-9.9990e+02,-9.9990e+02,-9.9990e+02,-9.9990e+02,-9.9990e+02,-9.9990e+02,1.8920e+03,5.7632e+02,2.4090e+05,4.5929e+04,1.3204e+04,2.4536e+03
2026-01-19T22:42:36.000Z,-9.9990e+02,-9.9990e+02,-9.9990e+02,-9.9990e+02,-9.9990e+02,-9.9990e+02,1.8920e+03,5.7632e+02,2.4090e+05,4.5929e+04,1.3204e+04,2.4536e+03
2026-01-19T22:42:48.000Z,-9.9990e+02,-9.9990e+02,-9.9990e+02,-9.9990e+02,-9.9990e+02,-9.9990e+02,1.9219e+03,5.9381e+02,2.3086e+05,4.4043e+04,1.3204e+04,2.3862e+03
2026-01-19T22:43:00.000Z,-9.9990e+02,-9.9990e+02,-9.9990e+02,-9.9990e+02,-9.9990e+02,-9.9990e+02,1.9219e+03,5.9381e+02,2.3086e+05,4.4043e+04,1.3204e+04,2.3862e+03
2026-01-19T22:43:12.000Z,-9.9990e+02,-9.9990e+02,-9.9990e+02,-9.9990e+02,-9.9990e+02,-9.9990e+02,-9.9990e+02,-9.9990e+02,-9.9990e+02,-9.9990e+02,-9.9990e+02,-9.9990e+02
2026-01-19T22:43:24.000Z,-9.9990e+02,-9.9990e+02,-9.9990e+02,-9.9990e+02,-9.9990e+02,-9.9990e+02,1.8620e+03,5.7632e+02,2.3086e+05,4.5543e+04,1.2808e+04,2.4536e+03
2026-01-19T22:43:36.000Z,-9.9990e+02,-9.9990e+02,-9.9990e+02,-9.9990e+02,-9.9990e+02,-9.9990e+02,1.8620e+03,5.7632e+02,2.3086e+05,4.5543e+04,1.2808e+04,2.4536e+03
2026-01-19T22:43:48.000Z,-9.9990e+02,-9.9990e+02,-9.9990e+02,-9.9990e+02,-9.9990e+02,-9.9990e+02,1.8920e+03,5.5884e+02,2.3086e+05,4.4043e+04,1.2679e+04,2.3526e+03
2026-01-19T22:44:01.000Z,-9.9990e+02,-9.9990e+02,-9.9990e+02,-9.9990e+02,-9.9990e+02,-9.9990e+02,1.8920e+03,5.5884e+02,2.3086e+05,4.4043e+04,1.2679e+04,2.3526e+03
2026-01-19T22:44:13.000Z,-9.9990e+02,-9.9990e+02,-9.9990e+02,-9.9990e+02,-9.9990e+02,-9.9990e+02,1.7729e+03,5.3291e+02,2.1086e+05,4.0286e+04,1.1637e+04,2.2694e+03
2026-01-19T22:44:25.000Z,-9.9990e+02,-9.9990e+02,-9.9990e+02,-9.9990e+02,-9.9990e+02,-9.9990e+02,1.7729e+03,5.3291e+02,2.1086e+05,4.0286e+04,1.1637e+04,2.2694e+03
2026-01-19T22:44:37.000Z,-9.9990e+02,-9.9990e+02,-9.9990e+02,-9.9990e+02,-9.9990e+02,-9.9990e+02,1.6216e+03,5.0648e+02,1.9586e+05,3.9914e+04,1.0724e+04,2.1184e+03
2026-01-19T22:44:49.000Z,-9.9990e+02,-9.9990e+02,-9.9990e+02,-9.9990e+02,-9.9990e+02,-9.9990e+02,1.6216e+03,5.0648e+02,1.9586e+05,3.9914e+04,1.0724e+04,2.1184e+03
2026-01-19T22:45:01.000Z,-9.9990e+02,-9.9990e+02,-9.9990e+02,-9.9990e+02,-9.9990e+02,-9.9990e+02,1.6216e+03,5.0648e+02,1.9571e+05,3.8771e+04,1.1240e+04,2.1005e+03
2026-01-19T22:45:13.000Z,-9.9990e+02,-9.9990e+02,-9.9990e+02,-9.9990e+02,-9.9990e+02,-9.9990e+02,1.6216e+03,5.0648e+02,1.9571e+05,3.8771e+04,1.1240e+04,2.1005e+03
2026-01-19T22:45:26.000Z,-9.9990e+02,-9.9990e+02,-9.9990e+02,-9.9990e+02,-9.9990e+02,-9.9990e+02,1.5025e+03,4.7176e+02,2.0838e+05,3.9929e+04,1.1508e+04,2.3204e+03
2026-01-19T22:45:38.000Z,-9.9990e+02,-9.9990e+02,-9.9990e+02,-9.9990e+02,-9.9990e+02,-9.9990e+02,1.5025e+03,4.7176e+02,2.0838e+05,3.9929e+04,1.1508e+04,2.3204e+03
2026-01-19T22:45:50.000Z,-9.9990e+02,-9.9990e+02,-9.9990e+02,-9.9990e+02,-9.9990e+02,-9.9990e+02,1.5039e+03,4.8104e+02,1.9838e+05,3.9929e+04,1.1508e+04,2.1189e+03
2026-01-19T22:46:02.000Z,-9.9990e+02,-9.9990e+02,-9.9990e+02,-9.9990e+02,-9.9990e+02,-9.9990e+02,1.5039e+03,4.8104e+02,1.9838e+05,3.9929e+04,1.1508e+04,2.1189e+03
2026-01-19T22:46:14.000Z,-9.9990e+02,-9.9990e+02,-9.9990e+02,-9.9990e+02,-9.9990e+02,-9.9990e+02,1.3221e+03,4.4558e+02,1.9586e+05,4.0671e+04,1.1379e+04,2.4046e+03
2026-01-19T22:46:26.000Z,-9.9990e+02,-9.9990e+02,-9.9990e+02,-9.9990e+02,-9.9990e+02,-9.9990e+02,1.3221e+03,4.4558e+02,1.9586e+05,4.0671e+04,1.1379e+04,2.4046e+03
2026-01-19T22:46:38.000Z,-9.9990e+02,-9.9990e+02,-9.9990e+02,-9.9990e+02,-9.9990e+02,-9.9990e+02,1.2913e+03,4.2793e+02,1.9076e+05,3.8400e+04,1.0982e+04,2.2526e+03
2026-01-19T22:46:51.000Z,-9.9990e+02,-9.9990e+02,-9.9990e+02,-9.9990e+02,-9.9990e+02,-9.9990e+02,1.2913e+03,4.2793e+02,1.9076e+05,3.8400e+04,1.0982e+04,2.2526e+03
2026-01-19T22:47:03.000Z,-9.9990e+02,-9.9990e+02,-9.9990e+02,-9.9990e+02,-9.9990e+02,-9.9990e+02,1.2913e+03,4.2793e+02,1.8948e+05,3.8014e+04,1.1240e+04,2.1510e+03
2026-01-19T22:47:15.000Z,-9.9990e+02,-9.9990e+02,-9.9990e+02,-9.9990e+02,-9.9990e+02,-9.9990e+02,1.2913e+03,4.2793e+02,1.8948e+05,3.8014e+04,1.1240e+04,2.1510e+03
2026-01-19T22:47:27.000Z,-9.9990e+02,-9.9990e+02,-9.9990e+02,-9.9990e+02,-9.9990e+02,-9.9990e+02,-9.9990e+02,-9.9990e+02,-9.9990e+02,-9.9990e+02,-9.9990e+02,-9.9990e+02
2026-01-19T22:47:39.000Z,-9.9990e+02,-9.9990e+02,-9.9990e+02,-9.9990e+02,-9.9990e+02,-9.9990e+02,1.2620e+03,4.0192e+02,1.8952e+05,3.7271e+04,1.1240e+04,2.1684e+03
2026-01-19T22:47:51.000Z,-9.9990e+02,-9.9990e+02,-9.9990e+02,-9.9990e+02,-9.9990e+02,-9.9990e+02,1.2620e+03,4.0192e+02,1.8952e+05,3.7271e+04,1.1240e+04,2.1684e+03
2026-01-19T22:48:03.000Z,-9.9990e+02,-9.9990e+02,-9.9990e+02,-9.9990e+02,-9.9990e+02,-9.9990e+02,1.2614e+03,4.1915e+02,1.8819e+05,3.8771e+04,1.1369e+04,2.1173e+03
2026-01-19T22:48:16.000Z,-9.9990e+02,-9.9990e+02,-9.9990e+02,-9.9990e+02,-9.9990e+02,-9.9990e+02,1.2614e+03,4.1915e+02,1.8819e+05,3.8771e+04,1.1369e+04,2.1173e+03
2026-01-19T22:48:28.000Z,-9.9990e+02,-9.9990e+02,-9.9990e+02,-9.9990e+02,-9.9990e+02,-9.9990e+02,1.3212e+03,4.4533e+02,1.8819e+05,3.7271e+04,1.1240e+04,2.1173e+03
2026-01-19T22:48:40.000Z,-9.9990e+02,-9.9990e+02,-9.9990e+02,-9.9990e+02,-9.9990e+02,-9.9990e+02,1.3212e+03,4.4533e+02,1.8819e+05,3.7271e+04,1.1240e+04,2.1173e+03
2026-01-19T22:48:52.000Z,-9.9990e+02,-9.9990e+02,-9.9990e+02,-9.9990e+02,-9.9990e+02,-9.9990e+02,1.4116e+03,4.5412e+02,1.9071e+05,3.8014e+04,1.0585e+04,2.1510e+03
2026-01-19T22:49:04.000Z,-9.9990e+02,-9.9990e+02,-9.9990e+02,-9.9990e+02,-9.9990e+02,-9.9990e+02,1.4116e+03,4.5412e+02,1.9071e+05,3.8014e+04,1.0585e+04,2.1510e+03
2026-01-19T22:49:16.000Z,-9.9990e+02,-9.9990e+02,-9.9990e+02,-9.9990e+02,-9.9990e+02,-9.9990e+02,1.4116e+03,4.5412e+02,1.9571e+05,3.9143e+04,1.1240e+04,2.1342e+03
2026-01-19T22:49:28.000Z,-9.9990e+02,-9.9990e+02,-9.9990e+02,-9.9990e+02,-9.9990e+02,-9.9990e+02,1.4116e+03,4.5412e+02,1.9571e+05,3.9143e+04,1.1240e+04,2.1342e+03
2026-01-19T22:49:41.000Z,-9.9990e+02,-9.9990e+02,-9.9990e+02,-9.9990e+02,-9.9990e+02,-9.9990e+02,1.5315e+03,4.9778e+02,2.0829e+05,4.2157e+04,1.2024e+04,2.2184e+03
2026-01-19T22:49:53.000Z,-9.9990e+02,-9.9990e+02,-9.9990e+02,-9.9990e+02,-9.9990e+02,-9.9990e+02,1.5315e+03,4.9778e+02,2.0829e+05,4.2157e+04,1.2024e+04,2.2184e+03
2026-01-19T22:50:05.000Z,-9.9990e+02,-9.9990e+02,-9.9990e+02,-9.9990e+02,-9.9990e+02,-9.9990e+02,1.7717e+03,5.5884e+02,2.5348e+05,4.8186e+04,1.3720e+04,2.5204e+03
2026-01-19T22:50:17.000Z,-9.9990e+02,-9.9990e+02,-9.9990e+02,-9.9990e+02,-9.9990e+02,-9.9990e+02,1.7717e+03,5.5884e+02,2.5348e+05,4.8186e+04,1.3720e+04,2.5204e+03
2026-01-19T22:50:29.000Z,-9.9990e+02,-9.9990e+02,-9.9990e+02,-9.9990e+02,-9.9990e+02,-9.9990e+02,1.8019e+03,5.5884e+02,2.5352e+05,4.7814e+04,1.3859e+04,2.6219e+03
2026-01-19T22:50:41.000Z,-9.9990e+02,-9.9990e+02,-9.9990e+02,-9.9990e+02,-9.9990e+02,-9.9990e+02,1.8019e+03,5.5884e+02,2.5352e+05,4.7814e+04,1.3859e+04,2.6219e+03
2026-01-19T22:50:53.000Z,-9.9990e+02,-9.9990e+02,-9.9990e+02,-9.9990e+02,-9.9990e+02,-9.9990e+02,1.7418e+03,5.5884e+02,2.4843e+05,4.8557e+04,1.2937e+04,2.4872e+03
2026-01-19T22:51:06.000Z,-9.9990e+02,-9.9990e+02,-9.9990e+02,-9.9990e+02,-9.9990e+02,-9.9990e+02,1.7418e+03,5.5884e+02,2.4843e+05,4.8557e+04,1.2937e+04,2.4872e+03
2026-01-19T22:51:18.000Z,-9.9990e+02,-9.9990e+02,-9.9990e+02,-9.9990e+02,-9.9990e+02,-9.9990e+02,1.8019e+03,5.7632e+02,2.4590e+05,4.6300e+04,1.3591e+04,2.5541e+03
2026-01-19T22:51:30.000Z,-9.9990e+02,-9.9990e+02,-9.9990e+02,-9.9990e+02,-9.9990e+02,-9.9990e+02,1.8019e+03,5.7632e+02,2.4590e+05,4.6300e+04,1.3591e+04,2.5541e+03
2026-01-19T22:51:42.000Z,-9.9990e+02,-9.9990e+02,-9.9990e+02,-9.9990e+02,-9.9990e+02,-9.9990e+02,-9.9990e+02,-9.9990e+02,-9.9990e+02,-9.9990e+02,-9.9990e+02,-9.9990e+02
2026-01-19T22:51:54.000Z,-9.9990e+02,-9.9990e+02,-9.9990e+02,-9.9990e+02,-9.9990e+02,-9.9990e+02,1.7418e+03,5.5014e+02,2.4590e+05,4.7800e+04,1.3333e+04,2.4199e+03
2026-01-19T22:52:06.000Z,-9.9990e+02,-9.9990e+02,-9.9990e+02,-9.9990e+02,-9.9990e+02,-9.9990e+02,1.7418e+03,5.5014e+02,2.4590e+05,4.7800e+04,1.3333e+04,2.4199e+03
2026-01-19T22:52:18.000Z,-9.9990e+02,-9.9990e+02,-9.9990e+02,-9.9990e+02,-9.9990e+02,-9.9990e+02,1.6817e+03,5.3266e+02,2.4095e+05,4.7443e+04,1.3462e+04,2.6893e+03
2026-01-19T22:52:31.000Z,-9.9990e+02,-9.9990e+02,-9.9990e+02,-9.9990e+02,-9.9990e+02,-9.9990e+02,1.6817e+03,5.3266e+02,2.4095e+05,4.7443e+04,1.3462e+04,2.6893e+03
2026-01-19T22:52:43.000Z,-9.9990e+02,-9.9990e+02,-9.9990e+02,-9.9990e+02,-9.9990e+02,-9.9990e+02,1.6817e+03,5.4144e+02,2.4343e+05,4.7429e+04,1.3591e+04,2.4872e+03
2026-01-19T22:52:55.000Z,-9.9990e+02,-9.9990e+02,-9.9990e+02,-9.9990e+02,-9.9990e+02,-9.9990e+02,1.6817e+03,5.4144e+02,2.4343e+05,4.7429e+04,1.3591e+04,2.4872e+03
2026-01-19T22:53:07.000Z,-9.9990e+02,-9.9990e+02,-9.9990e+02,-9.9990e+02,-9.9990e+02,-9.9990e+02,1.7717e+03,5.5014e+02,2.4343e+05,4.7800e+04,1.3462e+04,2.5878e+03
2026-01-19T22:53:19.000Z,-9.9990e+02,-9.9990e+02,-9.9990e+02,-9.9990e+02,-9.9990e+02,-9.9990e+02,1.7717e+03,5.5014e+02,2.4343e+05,4.7800e+04,1.3462e+04,2.5878e+03
2026-01-19T22:53:31.000Z,-9.9990e+02,-9.9990e+02,-9.9990e+02,-9.9990e+02,-9.9990e+02,-9.9990e+02,1.6817e+03,5.4144e+02,2.4343e+05,4.7800e+04,1.3204e+04,2.6214e+03
2026-01-19T22:53:43.000Z,-9.9990e+02,-9.9990e+02,-9.9990e+02,-9.9990e+02,-9.9990e+02,-9.9990e+02,1.6817e+03,5.4144e+02,2.4343e+05,4.7800e+04,1.3204e+04,2.6214e+03
2026-01-19T22:53:56.000Z,-9.9990e+02,-9.9990e+02,-9.9990e+02,-9.9990e+02,-9.9990e+02,-9.9990e+02,1.7119e+03,5.5014e+02,2.3843e+05,4.7057e+04,1.3075e+04,2.3862e+03
2026-01-19T22:54:08.000Z,-9.9990e+02,-9.9990e+02,-9.9990e+02,-9.9990e+02,-9.9990e+02,-9.9990e+02,1.7119e+03,5.5014e+02,2.3843e+05,4.7057e+04,1.3075e+04,2.3862e+03
2026-01-19T22:54:20.000Z,-9.9990e+02,-9.9990e+02,-9.9990e+02,-9.9990e+02,-9.9990e+02,-9.9990e+02,1.7418e+03,5.5014e+02,2.4343e+05,4.5929e+04,1.2679e+04,2.4872e+03
2026-01-19T22:54:32.000Z,-9.9990e+02,-9.9990e+02,-9.9990e+02,-9.9990e+02,-9.9990e+02,-9.9990e+02,1.7418e+03,5.5014e+02,2.4343e+05,4.5929e+04,1.2679e+04,2.4872e+03
2026-01-19T22:54:44.000Z,-9.9990e+02,-9.9990e+02,-9.9990e+02,-9.9990e+02,-9.9990e+02,-9.9990e+02,1.7426e+03,5.3299e+02,2.4100e+05,4.7071e+04,1.3333e+04,2.4878e+03
2026-01-19T22:54:56.000Z,-9.9990e+02,-9.9990e+02,-9.9990e+02,-9.9990e+02,-9.9990e+02,-9.9990e+02,1.7426e+03,5.3299e+02,2.4100e+05,4.7071e+04,1.3333e+04,2.4878e+03
2026-01-19T22:55:08.000Z,-9.9990e+02,-9.9990e+02,-9.9990e+02,-9.9990e+02,-9.9990e+02,-9.9990e+02,1.7720e+03,5.5892e+02,2.4595e+05,4.7429e+04,1.2550e+04,2.5209e+03
2026-01-19T22:55:21.000Z,-9.9990e+02,-9.9990e+02,-9.9990e+02,-9.9990e+02,-9.9990e+02,-9.9990e+02,1.7720e+03,5.5892e+02,2.4595e+05,4.7429e+04,1.2550e+04,2.5209e+03
2026-01-19T22:55:33.000Z,-9.9990e+02,-9.9990e+02,-9.9990e+02,-9.9990e+02,-9.9990e+02,-9.9990e+02,1.7720e+03,5.5014e+02,2.3843e+05,4.7057e+04,1.3720e+04,2.4536e+03
2026-01-19T22:55:45.000Z,-9.9990e+02,-9.9990e+02,-9.9990e+02,-9.9990e+02,-9.9990e+02,-9.9990e+02,1.7720e+03,5.5014e+02,2.3843e+05,4.7057e+04,1.3720e+04,2.4536e+03
2026-01-19T22:55:57.000Z,-9.9990e+02,-9.9990e+02,-9.9990e+02,-9.9990e+02,-9.9990e+02,-9.9990e+02,-9.9990e+02,-9.9990e+02,-9.9990e+02,-9.9990e+02,-9.9990e+02,-9.9990e+02
2026-01-19T22:56:09.000Z,-9.9990e+02,-9.9990e+02,-9.9990e+02,-9.9990e+02,-9.9990e+02,-9.9990e+02,1.9219e+03,6.1129e+02,2.5348e+05,4.8929e+04,1.3859e+04,2.6214e+03
2026-01-19T22:56:21.000Z,-9.9990e+02,-9.9990e+02,-9.9990e+02,-9.9990e+02,-9.9990e+02,-9.9990e+02,1.9219e+03,6.1129e+02,2.5348e+05,4.8929e+04,1.3859e+04,2.6214e+03
2026-01-19T22:56:33.000Z,-9.9990e+02,-9.9990e+02,-9.9990e+02,-9.9990e+02,-9.9990e+02,-9.9990e+02,1.8920e+03,5.7632e+02,2.6110e+05,4.8957e+04,1.4127e+04,2.5219e+03
2026-01-19T22:56:46.000Z,-9.9990e+02,-9.9990e+02,-9.9990e+02,-9.9990e+02,-9.9990e+02,-9.9990e+02,1.8920e+03,5.7632e+02,2.6110e+05,4.8957e+04,1.4127e+04,2.5219e+03
2026-01-19T22:56:58.000Z,-9.9990e+02,-9.9990e+02,-9.9990e+02,-9.9990e+02,-9.9990e+02,-9.9990e+02,1.8920e+03,5.7632e+02,2.5848e+05,4.8557e+04,1.4246e+04,2.6888e+03
2026-01-19T22:57:10.000Z,-9.9990e+02,-9.9990e+02,-9.9990e+02,-9.9990e+02,-9.9990e+02,-9.9990e+02,1.8920e+03,5.7632e+02,2.5848e+05,4.8557e+04,1.4246e+04,2.6888e+03
2026-01-19T22:57:22.000Z,-9.9990e+02,-9.9990e+02,-9.9990e+02,-9.9990e+02,-9.9990e+02,-9.9990e+02,1.8920e+03,5.9381e+02,2.5848e+05,4.9314e+04,1.4117e+04,2.6551e+03
2026-01-19T22:57:34.000Z,-9.9990e+02,-9.9990e+02,-9.9990e+02,-9.9990e+02,-9.9990e+02,-9.9990e+02,1.8920e+03,5.9381e+02,2.5848e+05,4.9314e+04,1.4117e+04,2.6551e+03
2026-01-19T22:57:46.000Z,-9.9990e+02,-9.9990e+02,-9.9990e+02,-9.9990e+02,-9.9990e+02,-9.9990e+02,1.9219e+03,5.9381e+02,2.5595e+05,4.8929e+04,1.3988e+04,2.7224e+03
2026-01-19T22:57:59.000Z,-9.9990e+02,-9.9990e+02,-9.9990e+02,-9.9990e+02,-9.9990e+02,-9.9990e+02,1.9219e+03,5.9381e+02,2.5595e+05,4.8929e+04,1.3988e+04,2.7224e+03
2026-01-19T22:58:11.000Z,-9.9990e+02,-9.9990e+02,-9.9990e+02,-9.9990e+02,-9.9990e+02,-9.9990e+02,1.9219e+03,5.9381e+02,2.4590e+05,4.7057e+04,1.3065e+04,2.4536e+03
2026-01-19T22:58:23.000Z,-9.9990e+02,-9.9990e+02,-9.9990e+02,-9.9990e+02,-9.9990e+02,-9.9990e+02,1.9219e+03,5.9381e+02,2.4590e+05,4.7057e+04,1.3065e+04,2.4536e+03
2026-01-19T22:58:35.000Z,-9.9990e+02,-9.9990e+02,-9.9990e+02,-9.9990e+02,-9.9990e+02,-9.9990e+02,1.8646e+03,5.5967e+02,2.3605e+05,4.5957e+04,1.2817e+04,2.4551e+03
2026-01-19T22:58:47.000Z,-9.9990e+02,-9.9990e+02,-9.9990e+02,-9.9990e+02,-9.9990e+02,-9.9990e+02,1.8646e+03,5.5967e+02,2.3605e+05,4.5957e+04,1.2817e+04,2.4551e+03
2026-01-19T22:58:59.000Z,-9.9990e+02,-9.9990e+02,-9.9990e+02,-9.9990e+02,-9.9990e+02,-9.9990e+02,1.8327e+03,5.5917e+02,2.4095e+05,4.7057e+04,1.2946e+04,2.6893e+03
2026-01-19T22:59:11.000Z,-9.9990e+02,-9.9990e+02,-9.9990e+02,-9.9990e+02,-9.9990e+02,-9.9990e+02,1.8327e+03,5.5917e+02,2.4095e+05,4.7057e+04,1.2946e+04,2.6893e+03
2026-01-19T22:59:24.000Z,-9.9990e+02,-9.9990e+02,-9.9990e+02,-9.9990e+02,-9.9990e+02,-9.9990e+02,1.8620e+03,5.7632e+02,2.4090e+05,4.5543e+04,1.3065e+04,2.5541e+03
2026-01-19T22:59:36.000Z,-9.9990e+02,-9.9990e+02,-9.9990e+02,-9.9990e+02,-9.9990e+02,-9.9990e+02,1.8620e+03,5.7632e+02,2.4090e+05,4.5543e+04,1.3065e+04,2.5541e+03
2026-01-19T22:59:48.000Z,-9.9990e+02,-9.9990e+02,-9.9990e+02,-9.9990e+02,-9.9990e+02,-9.9990e+02,1.8318e+03,5.5884e+02,2.3338e+05,4.5543e+04,1.2421e+04,2.4199e+03
2026-01-19T23:00:00.000Z,-9.9990e+02,-9.9990e+02,-9.9990e+02,-9.9990e+02,-9.9990e+02,-9.9990e+02,1.8318e+03,5.5884e+02,2.3338e+05,4.5543e+04,1.2421e+04,2.4199e+03
2026-01-19T23:00:12.000Z,-9.9990e+02,-9.9990e+02,-9.9990e+02,-9.9990e+02,-9.9990e+02,-9.9990e+02,-9.9990e+02,-9.9990e+02,-9.9990e+02,-9.9990e+02,-9.9990e+02,-9.9990e+02
2026-01-19T23:00:24.000Z,-9.9990e+02,-9.9990e+02,-9.9990e+02,-9.9990e+02,-9.9990e+02,-9.9990e+02,1.7116e+03,5.4136e+02,2.3838e+05,4.5914e+04,1.2937e+04,2.4199e+03
2026-01-19T23:00:36.000Z,-9.9990e+02,-9.9990e+02,-9.9990e+02,-9.9990e+02,-9.9990e+02,-9.9990e+02,1.7116e+03,5.4136e+02,2.3838e+05,4.5914e+04,1.2937e+04,2.4199e+03
2026-01-19T23:00:49.000Z,-9.9990e+02,-9.9990e+02,-9.9990e+02,-9.9990e+02,-9.9990e+02,-9.9990e+02,1.8637e+03,5.5942e+02,2.3852e+05,4.6314e+04,1.3075e+04,2.5219e+03
2026-01-19T23:01:01.000Z,-9.9990e+02,-9.9990e+02,-9.9990e+02,-9.9990e+02,-9.9990e+02,-9.9990e+02,1.8637e+03,5.5942e+02,2.3852e+05,4.6314e+04,1.3075e+04,2.5219e+03
2026-01-19T23:01:13.000Z,-9.9990e+02,-9.9990e+02,-9.9990e+02,-9.9990e+02,-9.9990e+02,-9.9990e+02,1.8019e+03,5.5884e+02,2.3338e+05,4.4786e+04,1.3065e+04,2.4536e+03
2026-01-19T23:01:25.000Z,-9.9990e+02,-9.9990e+02,-9.9990e+02,-9.9990e+02,-9.9990e+02,-9.9990e+02,1.8019e+03,5.5884e+02,2.3338e+05,4.4786e+04,1.3065e+04,2.4536e+03
2026-01-19T23:01:37.000Z,-9.9990e+02,-9.9990e+02,-9.9990e+02,-9.9990e+02,-9.9990e+02,-9.9990e+02,1.8318e+03,5.5014e+02,2.3338e+05,4.4414e+04,1.2937e+04,2.5204e+03
2026-01-19T23:01:49.000Z,-9.9990e+02,-9.9990e+02,-9.9990e+02,-9.9990e+02,-9.9990e+02,-9.9990e+02,1.8318e+03,5.5014e+02,2.3338e+05,4.4414e+04,1.2937e+04,2.5204e+03
2026-01-19T23:02:01.000Z,-9.9990e+02,-9.9990e+02,-9.9990e+02,-9.9990e+02,-9.9990e+02,-9.9990e+02,1.9219e+03,5.7632e+02,2.3838e+05,4.4043e+04,1.2550e+04,2.2684e+03
2026-01-19T23:02:13.000Z,-9.9990e+02,-9.9990e+02,-9.9990e+02,-9.9990e+02,-9.9990e+02,-9.9990e+02,1.9219e+03,5.7632e+02,2.3838e+05,4.4043e+04,1.2550e+04,2.2684e+03
2026-01-19T23:02:25.000Z,-9.9990e+02,-9.9990e+02,-9.9990e+02,-9.9990e+02,-9.9990e+02,-9.9990e+02,-9.9990e+02,-9.9990e+02,-9.9990e+02,-9.9990e+02,-9.9990e+02,-9.9990e+02
2026-01-19T23:02:38.000Z,-9.9990e+02,-9.9990e+02,-9.9990e+02,-9.9990e+02,-9.9990e+02,-9.9990e+02,1.9831e+03,5.9414e+02,2.5352e+05,4.8943e+04,1.3462e+04,2.4878e+03
2026-01-19T23:02:50.000Z,-9.9990e+02,-9.9990e+02,-9.9990e+02,-9.9990e+02,-9.9990e+02,-9.9990e+02,1.9831e+03,5.9414e+02,2.5352e+05,4.8943e+04,1.3462e+04,2.4878e+03
2026-01-19T23:03:02.000Z,-9.9990e+02,-9.9990e+02,-9.9990e+02,-9.9990e+02,-9.9990e+02,-9.9990e+02,1.9840e+03,5.7690e+02,2.4624e+05,4.8614e+04,1.3611e+04,2.6582e+03
2026-01-19T23:03:14.000Z,-9.9990e+02,-9.9990e+02,-9.9990e+02,-9.9990e+02,-9.9990e+02,-9.9990e+02,1.9840e+03,5.7690e+02,2.4624e+05,4.8614e+04,1.3611e+04,2.6582e+03
2026-01-19T23:03:26.000Z,-9.9990e+02,-9.9990e+02,-9.9990e+02,-9.9990e+02,-9.9990e+02,-9.9990e+02,1.9521e+03,6.1129e+02,2.5100e+05,4.7814e+04,1.3591e+04,2.6556e+03
2026-01-19T23:03:38.000Z,-9.9990e+02,-9.9990e+02,-9.9990e+02,-9.9990e+02,-9.9990e+02,-9.9990e+02,1.9521e+03,6.1129e+02,2.5100e+05,4.7814e+04,1.3591e+04,2.6556e+03
2026-01-19T23:03:51.000Z,-9.9990e+02,-9.9990e+02,-9.9990e+02,-9.9990e+02,-9.9990e+02,-9.9990e+02,1.9219e+03,5.9381e+02,2.5095e+05,4.8186e+04,1.3988e+04,2.5541e+03
2026-01-19T23:04:03.000Z,-9.9990e+02,-9.9990e+02,-9.9990e+02,-9.9990e+02,-9.9990e+02,-9.9990e+02,1.9219e+03,5.9381e+02,2.5095e+05,4.8186e+04,1.3988e+04,2.5541e+03
2026-01-19T23:04:15.000Z,-9.9990e+02,-9.9990e+02,-9.9990e+02,-9.9990e+02,-9.9990e+02,-9.9990e+02,1.9521e+03,5.9381e+02,2.5095e+05,4.7800e+04,1.2937e+04,2.5204e+03
2026-01-19T23:04:27.000Z,-9.9990e+02,-9.9990e+02,-9.9990e+02,-9.9990e+02,-9.9990e+02,-9.9990e+02,1.9521e+03,5.9381e+02,2.5095e+05,4.7800e+04,1.2937e+04,2.5204e+03
2026-01-19T23:04:39.000Z,-9.9990e+02,-9.9990e+02,-9.9990e+02,-9.9990e+02,-9.9990e+02,-9.9990e+02,1.9820e+03,5.9381e+02,2.5095e+05,4.7800e+04,1.3462e+04,2.4872e+03
2026-01-19T23:04:51.000Z,-9.9990e+02,-9.9990e+02,-9.9990e+02,-9.9990e+02,-9.9990e+02,-9.9990e+02,1.9820e+03,5.9381e+02,2.5095e+05,4.7800e+04,1.3462e+04,2.4872e+03
2026-01-19T23:05:04.000Z,-9.9990e+02,-9.9990e+02,-9.9990e+02,-9.9990e+02,-9.9990e+02,-9.9990e+02,1.9820e+03,6.1129e+02,2.4843e+05,4.8557e+04,1.3204e+04,2.5209e+03
2026-01-19T23:05:16.000Z,-9.9990e+02,-9.9990e+02,-9.9990e+02,-9.9990e+02,-9.9990e+02,-9.9990e+02,1.9820e+03,6.1129e+02,2.4843e+05,4.8557e+04,1.3204e+04,2.5209e+03
2026-01-19T23:05:28.000Z,-9.9990e+02,-9.9990e+02,-9.9990e+02,-9.9990e+02,-9.9990e+02,-9.9990e+02,1.9521e+03,6.1129e+02,2.5848e+05,4.9314e+04,1.3720e+04,2.6214e+03
2026-01-19T23:05:40.000Z,-9.9990e+02,-9.9990e+02,-9.9990e+02,-9.9990e+02,-9.9990e+02,-9.9990e+02,1.9521e+03,6.1129e+02,2.5848e+05,4.9314e+04,1.3720e+04,2.6214e+03
2026-01-19T23:05:52.000Z,-9.9990e+02,-9.9990e+02,-9.9990e+02,-9.9990e+02,-9.9990e+02,-9.9990e+02,1.9521e+03,5.7632e+02,2.5348e+05,4.8557e+04,1.3204e+04,2.6214e+03
2026-01-19T23:06:04.000Z,-9.9990e+02,-9.9990e+02,-9.9990e+02,-9.9990e+02,-9.9990e+02,-9.9990e+02,1.9521e+03,5.7632e+02,2.5348e+05,4.8557e+04,1.3204e+04,2.6214e+03
2026-01-19T23:06:16.000Z,-9.9990e+02,-9.9990e+02,-9.9990e+02,-9.9990e+02,-9.9990e+02,-9.9990e+02,1.8620e+03,5.7632e+02,2.5095e+05,4.8186e+04,1.3333e+04,2.6214e+03
2026-01-19T23:06:29.000Z,-9.9990e+02,-9.9990e+02,-9.9990e+02,-9.9990e+02,-9.9990e+02,-9.9990e+02,1.8620e+03,5.7632e+02,2.5095e+05,4.8186e+04,1.3333e+04,2.6214e+03
2026-01-19T23:06:41.000Z,-9.9990e+02,-9.9990e+02,-9.9990e+02,-9.9990e+02,-9.9990e+02,-9.9990e+02,-9.9990e+02,-9.9990e+02,-9.9990e+02,-9.9990e+02,-9.9990e+02,-9.9990e+02
2026-01-19T23:06:53.000Z,-9.9990e+02,-9.9990e+02,-9.9990e+02,-9.9990e+02,-9.9990e+02,-9.9990e+02,1.9222e+03,5.7641e+02,2.4843e+05,4.7814e+04,1.3333e+04,2.5883e+03
2026-01-19T23:07:05.000Z,-9.9990e+02,-9.9990e+02,-9.9990e+02,-9.9990e+02,-9.9990e+02,-9.9990e+02,1.9222e+03,5.7641e+02,2.4843e+05,4.7814e+04,1.3333e+04,2.5883e+03
2026-01-19T23:07:17.000Z,-9.9990e+02,-9.9990e+02,-9.9990e+02,-9.9990e+02,-9.9990e+02,-9.9990e+02,1.8321e+03,5.7641e+02,2.4857e+05,4.8586e+04,1.3601e+04,2.5556e+03
2026-01-19T23:07:29.000Z,-9.9990e+02,-9.9990e+02,-9.9990e+02,-9.9990e+02,-9.9990e+02,-9.9990e+02,1.8321e+03,5.7641e+02,2.4857e+05,4.8586e+04,1.3601e+04,2.5556e+03
2026-01-19T23:07:41.000Z,-9.9990e+02,-9.9990e+02,-9.9990e+02,-9.9990e+02,-9.9990e+02,-9.9990e+02,1.9222e+03,5.7641e+02,2.4343e+05,4.7429e+04,1.3591e+04,2.4536e+03
2026-01-19T23:07:54.000Z,-9.9990e+02,-9.9990e+02,-9.9990e+02,-9.9990e+02,-9.9990e+02,-9.9990e+02,1.9222e+03,5.7641e+02,2.4343e+05,4.7429e+04,1.3591e+04,2.4536e+03
2026-01-19T23:08:06.000Z,-9.9990e+02,-9.9990e+02,-9.9990e+02,-9.9990e+02,-9.9990e+02,-9.9990e+02,1.9521e+03,5.7641e+02,2.4343e+05,4.6686e+04,1.2937e+04,2.4536e+03
2026-01-19T23:08:18.000Z,-9.9990e+02,-9.9990e+02,-9.9990e+02,-9.9990e+02,-9.9990e+02,-9.9990e+02,1.9521e+03,5.7641e+02,2.4343e+05,4.6686e+04,1.2937e+04,2.4536e+03
2026-01-19T23:08:30.000Z,-9.9990e+02,-9.9990e+02,-9.9990e+02,-9.9990e+02,-9.9990e+02,-9.9990e+02,1.9521e+03,5.7641e+02,2.3843e+05,4.7057e+04,1.3333e+04,2.4367e+03
2026-01-19T23:08:42.000Z,-9.9990e+02,-9.9990e+02,-9.9990e+02,-9.9990e+02,-9.9990e+02,-9.9990e+02,1.9521e+03,5.7641e+02,2.3843e+05,4.7057e+04,1.3333e+04,2.4367e+03
2026-01-19T23:08:54.000Z,-9.9990e+02,-9.9990e+02,-9.9990e+02,-9.9990e+02,-9.9990e+02,-9.9990e+02,1.9521e+03,5.7632e+02,2.4090e+05,4.5929e+04,1.3065e+04,2.4199e+03
2026-01-19T23:09:06.000Z,-9.9990e+02,-9.9990e+02,-9.9990e+02,-9.9990e+02,-9.9990e+02,-9.9990e+02,1.9521e+03,5.7632e+02,2.4090e+05,4.5929e+04,1.3065e+04,2.4199e+03
2026-01-19T23:09:19.000Z,-9.9990e+02,-9.9990e+02,-9.9990e+02,-9.9990e+02,-9.9990e+02,-9.9990e+02,1.9529e+03,6.1154e+02,2.4852e+05,4.7814e+04,1.3601e+04,2.5214e+03
2026-01-19T23:09:31.000Z,-9.9990e+02,-9.9990e+02,-9.9990e+02,-9.9990e+02,-9.9990e+02,-9.9990e+02,1.9529e+03,6.1154e+02,2.4852e+05,4.7814e+04,1.3601e+04,2.5214e+03
2026-01-19T23:09:43.000Z,-9.9990e+02,-9.9990e+02,-9.9990e+02,-9.9990e+02,-9.9990e+02,-9.9990e+02,1.9820e+03,6.1129e+02,2.5348e+05,4.8186e+04,1.3720e+04,2.5878e+03
2026-01-19T23:09:55.000Z,-9.9990e+02,-9.9990e+02,-9.9990e+02,-9.9990e+02,-9.9990e+02,-9.9990e+02,1.9820e+03,6.1129e+02,2.5348e+05,4.8186e+04,1.3720e+04,2.5878e+03
2026-01-19T23:10:07.000Z,-9.9990e+02,-9.9990e+02,-9.9990e+02,-9.9990e+02,-9.9990e+02,-9.9990e+02,1.8620e+03,5.7632e+02,2.4090e+05,4.6671e+04,1.3204e+04,2.4872e+03
2026-01-19T23:10:19.000Z,-9.9990e+02,-9.9990e+02,-9.9990e+02,-9.9990e+02,-9.9990e+02,-9.9990e+02,1.8620e+03,5.7632e+02,2.4090e+05,4.6671e+04,1.3204e+04,2.4872e+03
2026-01-19T23:10:31.000Z,-9.9990e+02,-9.9990e+02,-9.9990e+02,-9.9990e+02,-9.9990e+02,-9.9990e+02,1.8920e+03,5.5892e+02,2.4095e+05,4.7071e+04,1.3333e+04,2.4541e+03
2026-01-19T23:10:44.000Z,-9.9990e+02,-9.9990e+02,-9.9990e+02,-9.9990e+02,-9.9990e+02,-9.9990e+02,1.8920e+03,5.5892e+02,2.4095e+05,4.7071e+04,1.3333e+04,2.4541e+03
2026-01-19T23:10:56.000Z,-9.9990e+02,-9.9990e+02,-9.9990e+02,-9.9990e+02,-9.9990e+02,-9.9990e+02,-9.9990e+02,-9.9990e+02,-9.9990e+02,-9.9990e+02,-9.9990e+02,-9.9990e+02
2026-01-19T23:11:08.000Z,-9.9990e+02,-9.9990e+02,-9.9990e+02,-9.9990e+02,-9.9990e+02,-9.9990e+02,1.8920e+03,5.7632e+02,2.4343e+05,4.6671e+04,1.2421e+04,2.4536e+03
2026-01-19T23:11:20.000Z,-9.9990e+02,-9.9990e+02,-9.9990e+02,-9.9990e+02,-9.9990e+02,-9.9990e+02,1.8920e+03,5.7632e+02,2.4343e+05,4.6671e+04,1.2421e+04,2.4536e+03
2026-01-19T23:11:32.000Z,-9.9990e+02,-9.9990e+02,-9.9990e+02,-9.9990e+02,-9.9990e+02,-9.9990e+02,1.8318e+03,5.7632e+02,2.4590e+05,4.7800e+04,1.3065e+04,2.4536e+03
2026-01-19T23:11:44.000Z,-9.9990e+02,-9.9990e+02,-9.9990e+02,-9.9990e+02,-9.9990e+02,-9.9990e+02,1.8318e+03,5.7632e+02,2.4590e+05,4.7800e+04,1.3065e+04,2.4536e+03
2026-01-19T23:11:56.000Z,-9.9990e+02,-9.9990e+02,-9.9990e+02,-9.9990e+02,-9.9990e+02,-9.9990e+02,1.8620e+03,5.5884e+02,2.4343e+05,4.7057e+04,1.3204e+04,2.5204e+03
2026-01-19T23:12:09.000Z,-9.9990e+02,-9.9990e+02,-9.9990e+02,-9.9990e+02,-9.9990e+02,-9.9990e+02,1.8620e+03,5.5884e+02,2.4343e+05,4.7057e+04,1.3204e+04,2.5204e+03
2026-01-19T23:12:21.000Z,-9.9990e+02,-9.9990e+02,-9.9990e+02,-9.9990e+02,-9.9990e+02,-9.9990e+02,1.8318e+03,5.6762e+02,2.4343e+05,4.7057e+04,1.3462e+04,2.5204e+03
2026-01-19T23:12:33.000Z,-9.9990e+02,-9.9990e+02,-9.9990e+02,-9.9990e+02,-9.9990e+02,-9.9990e+02,1.8318e+03,5.6762e+02,2.4343e+05,4.7057e+04,1.3462e+04,2.5204e+03
2026-01-19T23:12:45.000Z,-9.9990e+02,-9.9990e+02,-9.9990e+02,-9.9990e+02,-9.9990e+02,-9.9990e+02,1.8028e+03,5.5039e+02,2.4600e+05,4.7057e+04,1.2808e+04,2.6219e+03
2026-01-19T23:12:57.000Z,-9.9990e+02,-9.9990e+02,-9.9990e+02,-9.9990e+02,-9.9990e+02,-9.9990e+02,1.8028e+03,5.5039e+02,2.4600e+05,4.7057e+04,1.2808e+04,2.6219e+03
2026-01-19T23:13:09.000Z,-9.9990e+02,-9.9990e+02,-9.9990e+02,-9.9990e+02,-9.9990e+02,-9.9990e+02,1.8920e+03,5.7632e+02,2.4595e+05,4.7429e+04,1.3204e+04,2.4872e+03
2026-01-19T23:13:21.000Z,-9.9990e+02,-9.9990e+02,-9.9990e+02,-9.9990e+02,-9.9990e+02,-9.9990e+02,1.8920e+03,5.7632e+02,2.4595e+05,4.7429e+04,1.3204e+04,2.4872e+03
2026-01-19T23:13:34.000Z,-9.9990e+02,-9.9990e+02,-9.9990e+02,-9.9990e+02,-9.9990e+02,-9.9990e+02,1.8327e+03,5.7666e+02,2.4852e+05,4.7814e+04,1.3333e+04,2.5214e+03
2026-01-19T23:13:46.000Z,-9.9990e+02,-9.9990e+02,-9.9990e+02,-9.9990e+02,-9.9990e+02,-9.9990e+02,1.8327e+03,5.7666e+02,2.4852e+05,4.7814e+04,1.3333e+04,2.5214e+03
2026-01-19T23:13:58.000Z,-9.9990e+02,-9.9990e+02,-9.9990e+02,-9.9990e+02,-9.9990e+02,-9.9990e+02,1.8318e+03,5.5892e+02,2.4343e+05,4.8557e+04,1.3591e+04,2.6888e+03
2026-01-19T23:14:10.000Z,-9.9990e+02,-9.9990e+02,-9.9990e+02,-9.9990e+02,-9.9990e+02,-9.9990e+02,1.8318e+03,5.5892e+02,2.4343e+05,4.8557e+04,1.3591e+04,2.6888e+03
2026-01-19T23:14:22.000Z,-9.9990e+02,-9.9990e+02,-9.9990e+02,-9.9990e+02,-9.9990e+02,-9.9990e+02,1.8620e+03,5.7632e+02,2.4843e+05,4.8557e+04,1.3859e+04,2.5541e+03
2026-01-19T23:14:34.000Z,-9.9990e+02,-9.9990e+02,-9.9990e+02,-9.9990e+02,-9.9990e+02,-9.9990e+02,1.8620e+03,5.7632e+02,2.4843e+05,4.8557e+04,1.3859e+04,2.5541e+03
2026-01-19T23:14:46.000Z,-9.9990e+02,-9.9990e+02,-9.9990e+02,-9.9990e+02,-9.9990e+02,-9.9990e+02,1.8920e+03,5.7632e+02,2.4852e+05,4.8200e+04,1.3333e+04,2.3531e+03
2026-01-19T23:14:59.000Z,-9.9990e+02,-9.9990e+02,-9.9990e+02,-9.9990e+02,-9.9990e+02,-9.9990e+02,1.8920e+03,5.7632e+02,2.4852e+05,4.8200e+04,1.3333e+04,2.3531e+03
2026-01-19T23:15:11.000Z,-9.9990e+02,-9.9990e+02,-9.9990e+02,-9.9990e+02,-9.9990e+02,-9.9990e+02,-9.9990e+02,-9.9990e+02,-9.9990e+02,-9.9990e+02,-9.9990e+02,-9.9990e+02
2026-01-19T23:15:23.000Z,-9.9990e+02,-9.9990e+02,-9.9990e+02,-9.9990e+02,-9.9990e+02,-9.9990e+02,1.8318e+03,5.7632e+02,2.4590e+05,4.7429e+04,1.3462e+04,2.5541e+03
2026-01-19T23:15:35.000Z,-9.9990e+02,-9.9990e+02,-9.9990e+02,-9.9990e+02,-9.9990e+02,-9.9990e+02,1.8318e+03,5.7632e+02,2.4590e+05,4.7429e+04,1.3462e+04,2.5541e+03
2026-01-19T23:15:47.000Z,-9.9990e+02,-9.9990e+02,-9.9990e+02,-9.9990e+02,-9.9990e+02,-9.9990e+02,1.8920e+03,5.7632e+02,2.4338e+05,4.7043e+04,1.3065e+04,2.4867e+03
2026-01-19T23:15:59.000Z,-9.9990e+02,-9.9990e+02,-9.9990e+02,-9.9990e+02,-9.9990e+02,-9.9990e+02,1.8920e+03,5.7632e+02,2.4338e+05,4.7043e+04,1.3065e+04,2.4867e+03
2026-01-19T23:16:11.000Z,-9.9990e+02,-9.9990e+02,-9.9990e+02,-9.9990e+02,-9.9990e+02,-9.9990e+02,1.8618e+03,5.5884e+02,2.4090e+05,4.6671e+04,1.3204e+04,2.3862e+03
2026-01-19T23:16:24.000Z,-9.9990e+02,-9.9990e+02,-9.9990e+02,-9.9990e+02,-9.9990e+02,-9.9990e+02,1.8618e+03,5.5884e+02,2.4090e+05,4.6671e+04,1.3204e+04,2.3862e+03
2026-01-19T23:16:36.000Z,-9.9990e+02,-9.9990e+02,-9.9990e+02,-9.9990e+02,-9.9990e+02,-9.9990e+02,1.8028e+03,5.7657e+02,2.4348e+05,4.6686e+04,1.3730e+04,2.4204e+03
2026-01-19T23:16:48.000Z,-9.9990e+02,-9.9990e+02,-9.9990e+02,-9.9990e+02,-9.9990e+02,-9.9990e+02,1.8028e+03,5.7657e+02,2.4348e+05,4.6686e+04,1.3730e+04,2.4204e+03
2026-01-19T23:17:00.000Z,-9.9990e+02,-9.9990e+02,-9.9990e+02,-9.9990e+02,-9.9990e+02,-9.9990e+02,1.8637e+03,5.5942e+02,2.4605e+05,4.6700e+04,1.2550e+04,2.4883e+03
2026-01-19T23:17:12.000Z,-9.9990e+02,-9.9990e+02,-9.9990e+02,-9.9990e+02,-9.9990e+02,-9.9990e+02,1.8637e+03,5.5942e+02,2.4605e+05,4.6700e+04,1.2550e+04,2.4883e+03
2026-01-19T23:17:24.000Z,-9.9990e+02,-9.9990e+02,-9.9990e+02,-9.9990e+02,-9.9990e+02,-9.9990e+02,1.8620e+03,5.7632e+02,2.4595e+05,4.8186e+04,1.3333e+04,2.3189e+03
2026-01-19T23:17:36.000Z,-9.9990e+02,-9.9990e+02,-9.9990e+02,-9.9990e+02,-9.9990e+02,-9.9990e+02,1.8620e+03,5.7632e+02,2.4595e+05,4.8186e+04,1.3333e+04,2.3189e+03
2026-01-19T23:17:49.000Z,-9.9990e+02,-9.9990e+02,-9.9990e+02,-9.9990e+02,-9.9990e+02,-9.9990e+02,1.8620e+03,5.7632e+02,2.4343e+05,4.8186e+04,1.3333e+04,2.3526e+03
2026-01-19T23:18:01.000Z,-9.9990e+02,-9.9990e+02,-9.9990e+02,-9.9990e+02,-9.9990e+02,-9.9990e+02,1.8620e+03,5.7632e+02,2.4343e+05,4.8186e+04,1.3333e+04,2.3526e+03
2026-01-19T23:18:13.000Z,-9.9990e+02,-9.9990e+02,-9.9990e+02,-9.9990e+02,-9.9990e+02,-9.9990e+02,1.8620e+03,5.7632e+02,2.4595e+05,4.7429e+04,1.3591e+04,2.4872e+03
2026-01-19T23:18:25.000Z,-9.9990e+02,-9.9990e+02,-9.9990e+02,-9.9990e+02,-9.9990e+02,-9.9990e+02,1.8620e+03,5.7632e+02,2.4595e+05,4.7429e+04,1.3591e+04,2.4872e+03
2026-01-19T23:18:37.000Z,-9.9990e+02,-9.9990e+02,-9.9990e+02,-9.9990e+02,-9.9990e+02,-9.9990e+02,1.8318e+03,5.9381e+02,2.4843e+05,4.8186e+04,1.3591e+04,2.6214e+03
2026-01-19T23:18:49.000Z,-9.9990e+02,-9.9990e+02,-9.9990e+02,-9.9990e+02,-9.9990e+02,-9.9990e+02,1.8318e+03,5.9381e+02,2.4843e+05,4.8186e+04,1.3591e+04,2.6214e+03
2026-01-19T23:19:02.000Z,-9.9990e+02,-9.9990e+02,-9.9990e+02,-9.9990e+02,-9.9990e+02,-9.9990e+02,1.7729e+03,5.7666e+02,2.5605e+05,4.8200e+04,1.3730e+04,2.5888e+03
2026-01-19T23:19:14.000Z,-9.9990e+02,-9.9990e+02,-9.9990e+02,-9.9990e+02,-9.9990e+02,-9.9990e+02,1.7729e+03,5.7666e+02,2.5605e+05,4.8200e+04,1.3730e+04,2.5888e+03
2026-01-19T23:19:26.000Z,-9.9990e+02,-9.9990e+02,-9.9990e+02,-9.9990e+02,-9.9990e+02,-9.9990e+02,-9.9990e+02,-9.9990e+02,-9.9990e+02,-9.9990e+02,-9.9990e+02,-9.9990e+02
2026-01-19T23:19:38.000Z,-9.9990e+02,-9.9990e+02,-9.9990e+02,-9.9990e+02,-9.9990e+02,-9.9990e+02,1.6218e+03,5.3266e+02,2.5095e+05,4.8186e+04,1.3591e+04,2.3862e+03
2026-01-19T23:19:50.000Z,-9.9990e+02,-9.9990e+02,-9.9990e+02,-9.9990e+02,-9.9990e+02,-9.9990e+02,1.6218e+03,5.3266e+02,2.5095e+05,4.8186e+04,1.3591e+04,2.3862e+03
2026-01-19T23:20:02.000Z,-9.9990e+02,-9.9990e+02,-9.9990e+02,-9.9990e+02,-9.9990e+02,-9.9990e+02,1.6224e+03,5.4169e+02,2.5110e+05,4.8200e+04,1.3075e+04,2.6230e+03
2026-01-19T23:20:14.000Z,-9.9990e+02,-9.9990e+02,-9.9990e+02,-9.9990e+02,-9.9990e+02,-9.9990e+02,1.6224e+03,5.4169e+02,2.5110e+05,4.8200e+04,1.3075e+04,2.6230e+03
2026-01-19T23:20:27.000Z,-9.9990e+02,-9.9990e+02,-9.9990e+02,-9.9990e+02,-9.9990e+02,-9.9990e+02,1.6817e+03,5.2396e+02,2.4595e+05,4.7429e+04,1.3065e+04,2.5878e+03
2026-01-19T23:20:39.000Z,-9.9990e+02,-9.9990e+02,-9.9990e+02,-9.9990e+02,-9.9990e+02,-9.9990e+02,1.6817e+03,5.2396e+02,2.4595e+05,4.7429e+04,1.3065e+04,2.5878e+03
2026-01-19T23:20:51.000Z,-9.9990e+02,-9.9990e+02,-9.9990e+02,-9.9990e+02,-9.9990e+02,-9.9990e+02,1.6526e+03,5.1551e+02,2.5352e+05,4.8200e+04,1.3462e+04,2.4878e+03
2026-01-19T23:21:03.000Z,-9.9990e+02,-9.9990e+02,-9.9990e+02,-9.9990e+02,-9.9990e+02,-9.9990e+02,1.6526e+03,5.1551e+02,2.5352e+05,4.8200e+04,1.3462e+04,2.4878e+03
2026-01-19T23:21:15.000Z,-9.9990e+02,-9.9990e+02,-9.9990e+02,-9.9990e+02,-9.9990e+02,-9.9990e+02,1.6569e+03,5.3423e+02,2.5395e+05,4.7529e+04,1.3492e+04,2.4918e+03
2026-01-19T23:21:27.000Z,-9.9990e+02,-9.9990e+02,-9.9990e+02,-9.9990e+02,-9.9990e+02,-9.9990e+02,1.6569e+03,5.3423e+02,2.5395e+05,4.7529e+04,1.3492e+04,2.4918e+03
2026-01-19T23:21:39.000Z,-9.9990e+02,-9.9990e+02,-9.9990e+02,-9.9990e+02,-9.9990e+02,-9.9990e+02,1.6216e+03,5.4144e+02,2.5348e+05,4.9314e+04,1.3591e+04,2.5878e+03
2026-01-19T23:21:52.000Z,-9.9990e+02,-9.9990e+02,-9.9990e+02,-9.9990e+02,-9.9990e+02,-9.9990e+02,1.6216e+03,5.4144e+02,2.5348e+05,4.9314e+04,1.3591e+04,2.5878e+03
2026-01-19T23:22:04.000Z,-9.9990e+02,-9.9990e+02,-9.9990e+02,-9.9990e+02,-9.9990e+02,-9.9990e+02,1.6817e+03,5.3266e+02,2.6100e+05,5.0057e+04,1.3988e+04,2.3862e+03
2026-01-19T23:22:16.000Z,-9.9990e+02,-9.9990e+02,-9.9990e+02,-9.9990e+02,-9.9990e+02,-9.9990e+02,1.6817e+03,5.3266e+02,2.6100e+05,5.0057e+04,1.3988e+04,2.3862e+03
2026-01-19T23:22:28.000Z,-9.9990e+02,-9.9990e+02,-9.9990e+02,-9.9990e+02,-9.9990e+02,-9.9990e+02,1.6518e+03,5.3266e+02,2.5095e+05,4.8186e+04,1.3859e+04,2.6888e+03
2026-01-19T23:22:40.000Z,-9.9990e+02,-9.9990e+02,-9.9990e+02,-9.9990e+02,-9.9990e+02,-9.9990e+02,1.6518e+03,5.3266e+02,2.5095e+05,4.8186e+04,1.3859e+04,2.6888e+03
2026-01-19T23:22:52.000Z,-9.9990e+02,-9.9990e+02,-9.9990e+02,-9.9990e+02,-9.9990e+02,-9.9990e+02,1.6518e+03,5.3266e+02,2.5595e+05,4.8557e+04,1.3988e+04,2.5878e+03
2026-01-19T23:23:04.000Z,-9.9990e+02,-9.9990e+02,-9.9990e+02,-9.9990e+02,-9.9990e+02,-9.9990e+02,1.6518e+03,5.3266e+02,2.5595e+05,4.8557e+04,1.3988e+04,2.5878e+03
2026-01-19T23:23:17.000Z,-9.9990e+02,-9.9990e+02,-9.9990e+02,-9.9990e+02,-9.9990e+02,-9.9990e+02,1.6518e+03,5.3266e+02,2.5095e+05,4.9686e+04,1.3591e+04,2.4872e+03
2026-01-19T23:23:29.000Z,-9.9990e+02,-9.9990e+02,-9.9990e+02,-9.9990e+02,-9.9990e+02,-9.9990e+02,1.6518e+03,5.3266e+02,2.5095e+05,4.9686e+04,1.3591e+04,2.4872e+03
2026-01-19T23:23:41.000Z,-9.9990e+02,-9.9990e+02,-9.9990e+02,-9.9990e+02,-9.9990e+02,-9.9990e+02,-9.9990e+02,-9.9990e+02,-9.9990e+02,-9.9990e+02,-9.9990e+02,-9.9990e+02
2026-01-19T23:23:53.000Z,-9.9990e+02,-9.9990e+02,-9.9990e+02,-9.9990e+02,-9.9990e+02,-9.9990e+02,1.6817e+03,5.3266e+02,2.5348e+05,4.8929e+04,1.3720e+04,2.4872e+03
2026-01-19T23:24:05.000Z,-9.9990e+02,-9.9990e+02,-9.9990e+02,-9.9990e+02,-9.9990e+02,-9.9990e+02,1.6817e+03,5.3266e+02,2.5348e+05,4.8929e+04,1.3720e+04,2.4872e+03
2026-01-19T23:24:17.000Z,-9.9990e+02,-9.9990e+02,-9.9990e+02,-9.9990e+02,-9.9990e+02,-9.9990e+02,1.6518e+03,5.3266e+02,2.4843e+05,4.7429e+04,1.3591e+04,2.5541e+03
2026-01-19T23:24:29.000Z,-9.9990e+02,-9.9990e+02,-9.9990e+02,-9.9990e+02,-9.9990e+02,-9.9990e+02,1.6518e+03,5.3266e+02,2.4843e+05,4.7429e+04,1.3591e+04,2.5541e+03
2026-01-19T23:24:42.000Z,-9.9990e+02,-9.9990e+02,-9.9990e+02,-9.9990e+02,-9.9990e+02,-9.9990e+02,1.6518e+03,5.3266e+02,2.4843e+05,4.7429e+04,1.3333e+04,2.5541e+03
2026-01-19T23:24:54.000Z,-9.9990e+02,-9.9990e+02,-9.9990e+02,-9.9990e+02,-9.9990e+02,-9.9990e+02,1.6518e+03,5.3266e+02,2.4843e+05,4.7429e+04,1.3333e+04,2.5541e+03
2026-01-19T23:25:06.000Z,-9.9990e+02,-9.9990e+02,-9.9990e+02,-9.9990e+02,-9.9990e+02,-9.9990e+02,1.6518e+03,5.1526e+02,2.5095e+05,4.8186e+04,1.3591e+04,2.5878e+03
2026-01-19T23:25:18.000Z,-9.9990e+02,-9.9990e+02,-9.9990e+02,-9.9990e+02,-9.9990e+02,-9.9990e+02,1.6518e+03,5.1526e+02,2.5095e+05,4.8186e+04,1.3591e+04,2.5878e+03
2026-01-19T23:25:30.000Z,-9.9990e+02,-9.9990e+02,-9.9990e+02,-9.9990e+02,-9.9990e+02,-9.9990e+02,1.5951e+03,5.1626e+02,2.5133e+05,4.8257e+04,1.3879e+04,2.5582e+03
2026-01-19T23:25:42.000Z,-9.9990e+02,-9.9990e+02,-9.9990e+02,-9.9990e+02,-9.9990e+02,-9.9990e+02,1.5951e+03,5.1626e+02,2.5133e+05,4.8257e+04,1.3879e+04,2.5582e+03
2026-01-19T23:25:54.000Z,-9.9990e+02,-9.9990e+02,-9.9990e+02,-9.9990e+02,-9.9990e+02,-9.9990e+02,1.5916e+03,5.3266e+02,2.5595e+05,4.7800e+04,1.3988e+04,2.4536e+03
2026-01-19T23:26:07.000Z,-9.9990e+02,-9.9990e+02,-9.9990e+02,-9.9990e+02,-9.9990e+02,-9.9990e+02,1.5916e+03,5.3266e+02,2.5595e+05,4.7800e+04,1.3988e+04,2.4536e+03
2026-01-19T23:26:19.000Z,-9.9990e+02,-9.9990e+02,-9.9990e+02,-9.9990e+02,-9.9990e+02,-9.9990e+02,1.5617e+03,5.0648e+02,2.4590e+05,4.7429e+04,1.3859e+04,2.5541e+03
2026-01-19T23:26:31.000Z,-9.9990e+02,-9.9990e+02,-9.9990e+02,-9.9990e+02,-9.9990e+02,-9.9990e+02,1.5617e+03,5.0648e+02,2.4590e+05,4.7429e+04,1.3859e+04,2.5541e+03
2026-01-19T23:26:43.000Z,-9.9990e+02,-9.9990e+02,-9.9990e+02,-9.9990e+02,-9.9990e+02,-9.9990e+02,1.5916e+03,5.0648e+02,2.4343e+05,4.8557e+04,1.3988e+04,2.6888e+03
2026-01-19T23:26:55.000Z,-9.9990e+02,-9.9990e+02,-9.9990e+02,-9.9990e+02,-9.9990e+02,-9.9990e+02,1.5916e+03,5.0648e+02,2.4343e+05,4.8557e+04,1.3988e+04,2.6888e+03
2026-01-19T23:27:07.000Z,-9.9990e+02,-9.9990e+02,-9.9990e+02,-9.9990e+02,-9.9990e+02,-9.9990e+02,1.6518e+03,5.2396e+02,2.4843e+05,4.7800e+04,1.3462e+04,2.4872e+03
2026-01-19T23:27:19.000Z,-9.9990e+02,-9.9990e+02,-9.9990e+02,-9.9990e+02,-9.9990e+02,-9.9990e+02,1.6518e+03,5.2396e+02,2.4843e+05,4.7800e+04,1.3462e+04,2.4872e+03
2026-01-19T23:27:32.000Z,-9.9990e+02,-9.9990e+02,-9.9990e+02,-9.9990e+02,-9.9990e+02,-9.9990e+02,1.5916e+03,5.2396e+02,2.5105e+05,4.8586e+04,1.3472e+04,2.5556e+03
2026-01-19T23:27:44.000Z,-9.9990e+02,-9.9990e+02,-9.9990e+02,-9.9990e+02,-9.9990e+02,-9.9990e+02,1.5916e+03,5.2396e+02,2.5105e+05,4.8586e+04,1.3472e+04,2.5556e+03
2026-01-19T23:27:56.000Z,-9.9990e+02,-9.9990e+02,-9.9990e+02,-9.9990e+02,-9.9990e+02,-9.9990e+02,-9.9990e+02,-9.9990e+02,-9.9990e+02,-9.9990e+02,-9.9990e+02,-9.9990e+02
2026-01-19T23:28:08.000Z,-9.9990e+02,-9.9990e+02,-9.9990e+02,-9.9990e+02,-9.9990e+02,-9.9990e+02,1.6518e+03,5.2396e+02,2.5348e+05,4.7429e+04,1.3065e+04,2.5541e+03
2026-01-19T23:28:20.000Z,-9.9990e+02,-9.9990e+02,-9.9990e+02,-9.9990e+02,-9.9990e+02,-9.9990e+02,1.6518e+03,5.2396e+02,2.5348e+05,4.7429e+04,1.3065e+04,2.5541e+03
2026-01-19T23:28:32.000Z,-9.9990e+02,-9.9990e+02,-9.9990e+02,-9.9990e+02,-9.9990e+02,-9.9990e+02,1.5315e+03,5.1526e+02,2.4843e+05,4.8186e+04,1.3462e+04,2.6214e+03
2026-01-19T23:28:44.000Z,-9.9990e+02,-9.9990e+02,-9.9990e+02,-9.9990e+02,-9.9990e+02,-9.9990e+02,1.5315e+03,5.1526e+02,2.4843e+05,4.8186e+04,1.3462e+04,2.6214e+03
2026-01-19T23:28:57.000Z,-9.9990e+02,-9.9990e+02,-9.9990e+02,-9.9990e+02,-9.9990e+02,-9.9990e+02,1.5617e+03,5.0648e+02,2.4343e+05,4.6671e+04,1.3204e+04,2.5878e+03
2026-01-19T23:29:09.000Z,-9.9990e+02,-9.9990e+02,-9.9990e+02,-9.9990e+02,-9.9990e+02,-9.9990e+02,1.5617e+03,5.0648e+02,2.4343e+05,4.6671e+04,1.3204e+04,2.5878e+03
2026-01-19T23:29:21.000Z,-9.9990e+02,-9.9990e+02,-9.9990e+02,-9.9990e+02,-9.9990e+02,-9.9990e+02,1.5315e+03,5.1526e+02,2.3590e+05,4.5171e+04,1.2937e+04,2.3526e+03
2026-01-19T23:29:33.000Z,-9.9990e+02,-9.9990e+02,-9.9990e+02,-9.9990e+02,-9.9990e+02,-9.9990e+02,1.5315e+03,5.1526e+02,2.3590e+05,4.5171e+04,1.2937e+04,2.3526e+03
2026-01-19T23:29:45.000Z,-9.9990e+02,-9.9990e+02,-9.9990e+02,-9.9990e+02,-9.9990e+02,-9.9990e+02,1.5631e+03,5.0698e+02,2.4105e+05,4.5943e+04,1.3075e+04,2.4209e+03
2026-01-19T23:29:57.000Z,-9.9990e+02,-9.9990e+02,-9.9990e+02,-9.9990e+02,-9.9990e+02,-9.9990e+02,1.5631e+03,5.0698e+02,2.4105e+05,4.5943e+04,1.3075e+04,2.4209e+03
2026-01-19T23:30:09.000Z,-9.9990e+02,-9.9990e+02,-9.9990e+02,-9.9990e+02,-9.9990e+02,-9.9990e+02,-9.9990e+02,-9.9990e+02,-9.9990e+02,-9.9990e+02,-9.9990e+02,-9.9990e+02
2026-01-19T23:30:22.000Z,-9.9990e+02,-9.9990e+02,-9.9990e+02,-9.9990e+02,-9.9990e+02,-9.9990e+02,1.5318e+03,4.8908e+02,2.4090e+05,4.5929e+04,1.2679e+04,2.3526e+03
2026-01-19T23:30:34.000Z,-9.9990e+02,-9.9990e+02,-9.9990e+02,-9.9990e+02,-9.9990e+02,-9.9990e+02,1.5318e+03,4.8908e+02,2.4090e+05,4.5929e+04,1.2679e+04,2.3526e+03
2026-01-19T23:30:46.000Z,-9.9990e+02,-9.9990e+02,-9.9990e+02,-9.9990e+02,-9.9990e+02,-9.9990e+02,1.5318e+03,5.0648e+02,2.4090e+05,4.6686e+04,1.3333e+04,2.4199e+03
2026-01-19T23:30:58.000Z,-9.9990e+02,-9.9990e+02,-9.9990e+02,-9.9990e+02,-9.9990e+02,-9.9990e+02,1.5318e+03,5.0648e+02,2.4090e+05,4.6686e+04,1.3333e+04,2.4199e+03
2026-01-19T23:31:10.000Z,-9.9990e+02,-9.9990e+02,-9.9990e+02,-9.9990e+02,-9.9990e+02,-9.9990e+02,1.5324e+03,4.8925e+02,2.4100e+05,4.5186e+04,1.3204e+04,2.3867e+03
2026-01-19T23:31:22.000Z,-9.9990e+02,-9.9990e+02,-9.9990e+02,-9.9990e+02,-9.9990e+02,-9.9990e+02,1.5324e+03,4.8925e+02,2.4100e+05,4.5186e+04,1.3204e+04,2.3867e+03
2026-01-19T23:31:34.000Z,-9.9990e+02,-9.9990e+02,-9.9990e+02,-9.9990e+02,-9.9990e+02,-9.9990e+02,1.5318e+03,5.1526e+02,2.4105e+05,4.6329e+04,1.2946e+04,2.4209e+03
2026-01-19T23:31:47.000Z,-9.9990e+02,-9.9990e+02,-9.9990e+02,-9.9990e+02,-9.9990e+02,-9.9990e+02,1.5318e+03,5.1526e+02,2.4105e+05,4.6329e+04,1.2946e+04,2.4209e+03
2026-01-19T23:31:59.000Z,-9.9990e+02,-9.9990e+02,-9.9990e+02,-9.9990e+02,-9.9990e+02,-9.9990e+02,1.5617e+03,5.1526e+02,2.4595e+05,4.6300e+04,1.3075e+04,2.3862e+03
2026-01-19T23:32:11.000Z,-9.9990e+02,-9.9990e+02,-9.9990e+02,-9.9990e+02,-9.9990e+02,-9.9990e+02,1.5617e+03,5.1526e+02,2.4595e+05,4.6300e+04,1.3075e+04,2.3862e+03
2026-01-19T23:32:23.000Z,-9.9990e+02,-9.9990e+02,-9.9990e+02,-9.9990e+02,-9.9990e+02,-9.9990e+02,1.7119e+03,5.2396e+02,2.4343e+05,4.7800e+04,1.3333e+04,2.4872e+03
2026-01-19T23:32:35.000Z,-9.9990e+02,-9.9990e+02,-9.9990e+02,-9.9990e+02,-9.9990e+02,-9.9990e+02,1.7119e+03,5.2396e+02,2.4343e+05,4.7800e+04,1.3333e+04,2.4872e+03
2026-01-19T23:32:47.000Z,-9.9990e+02,-9.9990e+02,-9.9990e+02,-9.9990e+02,-9.9990e+02,-9.9990e+02,1.6817e+03,5.2396e+02,2.4095e+05,4.7071e+04,1.3204e+04,2.5214e+03
2026-01-19T23:33:00.000Z,-9.9990e+02,-9.9990e+02,-9.9990e+02,-9.9990e+02,-9.9990e+02,-9.9990e+02,1.6817e+03,5.2396e+02,2.4095e+05,4.7071e+04,1.3204e+04,2.5214e+03
2026-01-19T23:33:12.000Z,-9.9990e+02,-9.9990e+02,-9.9990e+02,-9.9990e+02,-9.9990e+02,-9.9990e+02,1.7119e+03,5.4144e+02,2.4343e+05,4.6671e+04,1.3065e+04,2.5209e+03
2026-01-19T23:33:24.000Z,-9.9990e+02,-9.9990e+02,-9.9990e+02,-9.9990e+02,-9.9990e+02,-9.9990e+02,1.7119e+03,5.4144e+02,2.4343e+05,4.6671e+04,1.3065e+04,2.5209e+03
2026-01-19T23:33:36.000Z,-9.9990e+02,-9.9990e+02,-9.9990e+02,-9.9990e+02,-9.9990e+02,-9.9990e+02,1.6837e+03,5.2454e+02,2.4352e+05,4.6700e+04,1.2946e+04,2.4546e+03
2026-01-19T23:33:48.000Z,-9.9990e+02,-9.9990e+02,-9.9990e+02,-9.9990e+02,-9.9990e+02,-9.9990e+02,1.6837e+03,5.2454e+02,2.4352e+05,4.6700e+04,1.2946e+04,2.4546e+03
2026-01-19T23:34:00.000Z,-9.9990e+02,-9.9990e+02,-9.9990e+02,-9.9990e+02,-9.9990e+02,-9.9990e+02,1.6817e+03,5.3266e+02,2.3838e+05,4.7057e+04,1.3204e+04,2.5209e+03
2026-01-19T23:34:12.000Z,-9.9990e+02,-9.9990e+02,-9.9990e+02,-9.9990e+02,-9.9990e+02,-9.9990e+02,1.6817e+03,5.3266e+02,2.3838e+05,4.7057e+04,1.3204e+04,2.5209e+03
2026-01-19T23:34:24.000Z,-9.9990e+02,-9.9990e+02,-9.9990e+02,-9.9990e+02,-9.9990e+02,-9.9990e+02,-9.9990e+02,-9.9990e+02,-9.9990e+02,-9.9990e+02,-9.9990e+02,-9.9990e+02
2026-01-19T23:34:37.000Z,-9.9990e+02,-9.9990e+02,-9.9990e+02,-9.9990e+02,-9.9990e+02,-9.9990e+02,1.6518e+03,5.2396e+02,2.3590e+05,4.5543e+04,1.3065e+04,2.5204e+03
2026-01-19T23:34:49.000Z,-9.9990e+02,-9.9990e+02,-9.9990e+02,-9.9990e+02,-9.9990e+02,-9.9990e+02,1.6518e+03,5.2396e+02,2.3590e+05,4.5543e+04,1.3065e+04,2.5204e+03
2026-01-19T23:35:01.000Z,-9.9990e+02,-9.9990e+02,-9.9990e+02,-9.9990e+02,-9.9990e+02,-9.9990e+02,1.5631e+03,4.8949e+02,2.3100e+05,4.6329e+04,1.3472e+04,2.3872e+03
2026-01-19T23:35:13.000Z,-9.9990e+02,-9.9990e+02,-9.9990e+02,-9.9990e+02,-9.9990e+02,-9.9990e+02,1.5631e+03,4.8949e+02,2.3100e+05,4.6329e+04,1.3472e+04,2.3872e+03
2026-01-19T23:35:25.000Z,-9.9990e+02,-9.9990e+02,-9.9990e+02,-9.9990e+02,-9.9990e+02,-9.9990e+02,1.4714e+03,4.6282e+02,2.2838e+05,4.5929e+04,1.3462e+04,2.5204e+03
2026-01-19T23:35:37.000Z,-9.9990e+02,-9.9990e+02,-9.9990e+02,-9.9990e+02,-9.9990e+02,-9.9990e+02,1.4714e+03,4.6282e+02,2.2838e+05,4.5929e+04,1.3462e+04,2.5204e+03
2026-01-19T23:35:50.000Z,-9.9990e+02,-9.9990e+02,-9.9990e+02,-9.9990e+02,-9.9990e+02,-9.9990e+02,1.3212e+03,4.2785e+02,2.2586e+05,4.5543e+04,1.3204e+04,2.4199e+03
2026-01-19T23:36:02.000Z,-9.9990e+02,-9.9990e+02,-9.9990e+02,-9.9990e+02,-9.9990e+02,-9.9990e+02,1.3212e+03,4.2785e+02,2.2586e+05,4.5543e+04,1.3204e+04,2.4199e+03
2026-01-19T23:36:14.000Z,-9.9990e+02,-9.9990e+02,-9.9990e+02,-9.9990e+02,-9.9990e+02,-9.9990e+02,1.3814e+03,4.5412e+02,2.2586e+05,4.4800e+04,1.3065e+04,2.4536e+03
2026-01-19T23:36:26.000Z,-9.9990e+02,-9.9990e+02,-9.9990e+02,-9.9990e+02,-9.9990e+02,-9.9990e+02,1.3814e+03,4.5412e+02,2.2586e+05,4.4800e+04,1.3065e+04,2.4536e+03
2026-01-19T23:36:38.000Z,-9.9990e+02,-9.9990e+02,-9.9990e+02,-9.9990e+02,-9.9990e+02,-9.9990e+02,1.3212e+03,4.3663e+02,2.2333e+05,4.5171e+04,1.3204e+04,2.3862e+03
2026-01-19T23:36:50.000Z,-9.9990e+02,-9.9990e+02,-9.9990e+02,-9.9990e+02,-9.9990e+02,-9.9990e+02,1.3212e+03,4.3663e+02,2.2333e+05,4.5171e+04,1.3204e+04,2.3862e+03
2026-01-19T23:37:02.000Z,-9.9990e+02,-9.9990e+02,-9.9990e+02,-9.9990e+02,-9.9990e+02,-9.9990e+02,1.2919e+03,4.2810e+02,2.2852e+05,4.6714e+04,1.3075e+04,2.5561e+03
2026-01-19T23:37:15.000Z,-9.9990e+02,-9.9990e+02,-9.9990e+02,-9.9990e+02,-9.9990e+02,-9.9990e+02,1.2919e+03,4.2810e+02,2.2852e+05,4.6714e+04,1.3075e+04,2.5561e+03
2026-01-19T23:37:27.000Z,-9.9990e+02,-9.9990e+02,-9.9990e+02,-9.9990e+02,-9.9990e+02,-9.9990e+02,1.2933e+03,4.3730e+02,2.2352e+05,4.5200e+04,1.2688e+04,2.5561e+03
2026-01-19T23:37:39.000Z,-9.9990e+02,-9.9990e+02,-9.9990e+02,-9.9990e+02,-9.9990e+02,-9.9990e+02,1.2933e+03,4.3730e+02,2.2352e+05,4.5200e+04,1.2688e+04,2.5561e+03
2026-01-19T23:37:51.000Z,-9.9990e+02,-9.9990e+02,-9.9990e+02,-9.9990e+02,-9.9990e+02,-9.9990e+02,1.2625e+03,4.3705e+02,2.2595e+05,4.5571e+04,1.2946e+04,2.6230e+03
2026-01-19T23:38:03.000Z,-9.9990e+02,-9.9990e+02,-9.9990e+02,-9.9990e+02,-9.9990e+02,-9.9990e+02,1.2625e+03,4.3705e+02,2.2595e+05,4.5571e+04,1.2946e+04,2.6230e+03
2026-01-19T23:38:15.000Z,-9.9990e+02,-9.9990e+02,-9.9990e+02,-9.9990e+02,-9.9990e+02,-9.9990e+02,1.2913e+03,4.2785e+02,2.2586e+05,4.5171e+04,1.3065e+04,2.6214e+03
2026-01-19T23:38:27.000Z,-9.9990e+02,-9.9990e+02,-9.9990e+02,-9.9990e+02,-9.9990e+02,-9.9990e+02,1.2913e+03,4.2785e+02,2.2586e+05,4.5171e+04,1.3065e+04,2.6214e+03
2026-01-19T23:38:39.000Z,-9.9990e+02,-9.9990e+02,-9.9990e+02,-9.9990e+02,-9.9990e+02,-9.9990e+02,-9.9990e+02,-9.9990e+02,-9.9990e+02,-9.9990e+02,-9.9990e+02,-9.9990e+02
2026-01-19T23:38:52.000Z,-9.9990e+02,-9.9990e+02,-9.9990e+02,-9.9990e+02,-9.9990e+02,-9.9990e+02,1.3212e+03,4.1915e+02,2.2081e+05,4.5171e+04,1.2937e+04,2.4199e+03
2026-01-19T23:39:04.000Z,-9.9990e+02,-9.9990e+02,-9.9990e+02,-9.9990e+02,-9.9990e+02,-9.9990e+02,1.3212e+03,4.1915e+02,2.2081e+05,4.5171e+04,1.2937e+04,2.4199e+03
2026-01-19T23:39:16.000Z,-9.9990e+02,-9.9990e+02,-9.9990e+02,-9.9990e+02,-9.9990e+02,-9.9990e+02,1.2913e+03,4.2785e+02,2.1838e+05,4.4800e+04,1.3075e+04,2.3531e+03
2026-01-19T23:39:28.000Z,-9.9990e+02,-9.9990e+02,-9.9990e+02,-9.9990e+02,-9.9990e+02,-9.9990e+02,1.2913e+03,4.2785e+02,2.1838e+05,4.4800e+04,1.3075e+04,2.3531e+03
2026-01-19T23:39:40.000Z,-9.9990e+02,-9.9990e+02,-9.9990e+02,-9.9990e+02,-9.9990e+02,-9.9990e+02,1.2013e+03,3.9297e+02,2.2081e+05,4.4414e+04,1.2679e+04,2.4536e+03
2026-01-19T23:39:52.000Z,-9.9990e+02,-9.9990e+02,-9.9990e+02,-9.9990e+02,-9.9990e+02,-9.9990e+02,1.2013e+03,3.9297e+02,2.2081e+05,4.4414e+04,1.2679e+04,2.4536e+03
2026-01-19T23:40:05.000Z,-9.9990e+02,-9.9990e+02,-9.9990e+02,-9.9990e+02,-9.9990e+02,-9.9990e+02,1.1112e+03,3.7549e+02,2.2586e+05,4.5171e+04,1.2679e+04,2.6214e+03
2026-01-19T23:40:17.000Z,-9.9990e+02,-9.9990e+02,-9.9990e+02,-9.9990e+02,-9.9990e+02,-9.9990e+02,1.1112e+03,3.7549e+02,2.2586e+05,4.5171e+04,1.2679e+04,2.6214e+03
2026-01-19T23:40:29.000Z,-9.9990e+02,-9.9990e+02,-9.9990e+02,-9.9990e+02,-9.9990e+02,-9.9990e+02,1.1112e+03,3.7549e+02,2.1081e+05,4.2157e+04,1.2550e+04,2.5878e+03
2026-01-19T23:40:41.000Z,-9.9990e+02,-9.9990e+02,-9.9990e+02,-9.9990e+02,-9.9990e+02,-9.9990e+02,1.1112e+03,3.7549e+02,2.1081e+05,4.2157e+04,1.2550e+04,2.5878e+03
2026-01-19T23:40:53.000Z,-9.9990e+02,-9.9990e+02,-9.9990e+02,-9.9990e+02,-9.9990e+02,-9.9990e+02,1.0511e+03,3.5801e+02,1.8695e+05,3.9900e+04,1.2550e+04,2.5541e+03
2026-01-19T23:41:05.000Z,-9.9990e+02,-9.9990e+02,-9.9990e+02,-9.9990e+02,-9.9990e+02,-9.9990e+02,1.0511e+03,3.5801e+02,1.8695e+05,3.9900e+04,1.2550e+04,2.5541e+03
2026-01-19T23:41:17.000Z,-9.9990e+02,-9.9990e+02,-9.9990e+02,-9.9990e+02,-9.9990e+02,-9.9990e+02,1.0511e+03,3.5801e+02,1.8819e+05,4.1786e+04,1.3333e+04,2.5541e+03
2026-01-19T23:41:30.000Z,-9.9990e+02,-9.9990e+02,-9.9990e+02,-9.9990e+02,-9.9990e+02,-9.9990e+02,1.0511e+03,3.5801e+02,1.8819e+05,4.1786e+04,1.3333e+04,2.5541e+03
2026-01-19T23:41:42.000Z,-9.9990e+02,-9.9990e+02,-9.9990e+02,-9.9990e+02,-9.9990e+02,-9.9990e+02,1.0531e+03,3.4997e+02,1.8838e+05,4.2571e+04,1.2688e+04,2.4224e+03
2026-01-19T23:41:54.000Z,-9.9990e+02,-9.9990e+02,-9.9990e+02,-9.9990e+02,-9.9990e+02,-9.9990e+02,1.0531e+03,3.4997e+02,1.8838e+05,4.2571e+04,1.2688e+04,2.4224e+03
2026-01-19T23:42:06.000Z,-9.9990e+02,-9.9990e+02,-9.9990e+02,-9.9990e+02,-9.9990e+02,-9.9990e+02,1.0810e+03,3.5801e+02,1.9071e+05,4.0657e+04,1.2550e+04,2.5541e+03
2026-01-19T23:42:18.000Z,-9.9990e+02,-9.9990e+02,-9.9990e+02,-9.9990e+02,-9.9990e+02,-9.9990e+02,1.0810e+03,3.5801e+02,1.9071e+05,4.0657e+04,1.2550e+04,2.5541e+03
2026-01-19T23:42:30.000Z,-9.9990e+02,-9.9990e+02,-9.9990e+02,-9.9990e+02,-9.9990e+02,-9.9990e+02,1.0511e+03,3.7549e+02,1.8319e+05,3.9529e+04,1.1766e+04,2.3862e+03
2026-01-19T23:42:42.000Z,-9.9990e+02,-9.9990e+02,-9.9990e+02,-9.9990e+02,-9.9990e+02,-9.9990e+02,1.0511e+03,3.7549e+02,1.8319e+05,3.9529e+04,1.1766e+04,2.3862e+03
2026-01-19T23:42:54.000Z,-9.9990e+02,-9.9990e+02,-9.9990e+02,-9.9990e+02,-9.9990e+02,-9.9990e+02,-9.9990e+02,-9.9990e+02,-9.9990e+02,-9.9990e+02,-9.9990e+02,-9.9990e+02
2026-01-19T23:43:07.000Z,-9.9990e+02,-9.9990e+02,-9.9990e+02,-9.9990e+02,-9.9990e+02,-9.9990e+02,1.0511e+03,3.6679e+02,1.9324e+05,4.1029e+04,1.2421e+04,2.4536e+03
2026-01-19T23:43:19.000Z,-9.9990e+02,-9.9990e+02,-9.9990e+02,-9.9990e+02,-9.9990e+02,-9.9990e+02,1.0511e+03,3.6679e+02,1.9324e+05,4.1029e+04,1.2421e+04,2.4536e+03
2026-01-19T23:43:31.000Z,-9.9990e+02,-9.9990e+02,-9.9990e+02,-9.9990e+02,-9.9990e+02,-9.9990e+02,1.0511e+03,3.6679e+02,1.8957e+05,3.9543e+04,1.2292e+04,2.3541e+03
2026-01-19T23:43:43.000Z,-9.9990e+02,-9.9990e+02,-9.9990e+02,-9.9990e+02,-9.9990e+02,-9.9990e+02,1.0511e+03,3.6679e+02,1.8957e+05,3.9543e+04,1.2292e+04,2.3541e+03
2026-01-19T23:43:55.000Z,-9.9990e+02,-9.9990e+02,-9.9990e+02,-9.9990e+02,-9.9990e+02,-9.9990e+02,1.1714e+03,3.8427e+02,2.0329e+05,4.1414e+04,1.2679e+04,2.5546e+03
2026-01-19T23:44:07.000Z,-9.9990e+02,-9.9990e+02,-9.9990e+02,-9.9990e+02,-9.9990e+02,-9.9990e+02,1.1714e+03,3.8427e+02,2.0329e+05,4.1414e+04,1.2679e+04,2.5546e+03
2026-01-19T23:44:20.000Z,-9.9990e+02,-9.9990e+02,-9.9990e+02,-9.9990e+02,-9.9990e+02,-9.9990e+02,1.2013e+03,3.9297e+02,2.1581e+05,4.2914e+04,1.3333e+04,2.3526e+03
2026-01-19T23:44:32.000Z,-9.9990e+02,-9.9990e+02,-9.9990e+02,-9.9990e+02,-9.9990e+02,-9.9990e+02,1.2013e+03,3.9297e+02,2.1581e+05,4.2914e+04,1.3333e+04,2.3526e+03
2026-01-19T23:44:44.000Z,-9.9990e+02,-9.9990e+02,-9.9990e+02,-9.9990e+02,-9.9990e+02,-9.9990e+02,1.2320e+03,3.9322e+02,2.1838e+05,4.4429e+04,1.2946e+04,2.4541e+03
2026-01-19T23:44:56.000Z,-9.9990e+02,-9.9990e+02,-9.9990e+02,-9.9990e+02,-9.9990e+02,-9.9990e+02,1.2320e+03,3.9322e+02,2.1838e+05,4.4429e+04,1.2946e+04,2.4541e+03
2026-01-19T23:45:08.000Z,-9.9990e+02,-9.9990e+02,-9.9990e+02,-9.9990e+02,-9.9990e+02,-9.9990e+02,1.2913e+03,4.1915e+02,2.1581e+05,4.4800e+04,1.2679e+04,2.5204e+03
2026-01-19T23:45:20.000Z,-9.9990e+02,-9.9990e+02,-9.9990e+02,-9.9990e+02,-9.9990e+02,-9.9990e+02,1.2913e+03,4.1915e+02,2.1581e+05,4.4800e+04,1.2679e+04,2.5204e+03
2026-01-19T23:45:32.000Z,-9.9990e+02,-9.9990e+02,-9.9990e+02,-9.9990e+02,-9.9990e+02,-9.9990e+02,1.3212e+03,4.3663e+02,2.2095e+05,4.6329e+04,1.3601e+04,2.4883e+03
2026-01-19T23:45:45.000Z,-9.9990e+02,-9.9990e+02,-9.9990e+02,-9.9990e+02,-9.9990e+02,-9.9990e+02,1.3212e+03,4.3663e+02,2.2095e+05,4.6329e+04,1.3601e+04,2.4883e+03
2026-01-19T23:45:57.000Z,-9.9990e+02,-9.9990e+02,-9.9990e+02,-9.9990e+02,-9.9990e+02,-9.9990e+02,1.3212e+03,4.4533e+02,2.2586e+05,4.5543e+04,1.3204e+04,2.4199e+03
2026-01-19T23:46:09.000Z,-9.9990e+02,-9.9990e+02,-9.9990e+02,-9.9990e+02,-9.9990e+02,-9.9990e+02,1.3212e+03,4.4533e+02,2.2586e+05,4.5543e+04,1.3204e+04,2.4199e+03
2026-01-19T23:46:21.000Z,-9.9990e+02,-9.9990e+02,-9.9990e+02,-9.9990e+02,-9.9990e+02,-9.9990e+02,1.2614e+03,4.5412e+02,2.2333e+05,4.4043e+04,1.2937e+04,2.5878e+03
2026-01-19T23:46:33.000Z,-9.9990e+02,-9.9990e+02,-9.9990e+02,-9.9990e+02,-9.9990e+02,-9.9990e+02,1.2614e+03,4.5412e+02,2.2333e+05,4.4043e+04,1.2937e+04,2.5878e+03
2026-01-19T23:46:45.000Z,-9.9990e+02,-9.9990e+02,-9.9990e+02,-9.9990e+02,-9.9990e+02,-9.9990e+02,1.2913e+03,4.3663e+02,2.2081e+05,4.4043e+04,1.3065e+04,2.4872e+03
2026-01-19T23:46:57.000Z,-9.9990e+02,-9.9990e+02,-9.9990e+02,-9.9990e+02,-9.9990e+02,-9.9990e+02,1.2913e+03,4.3663e+02,2.2081e+05,4.4043e+04,1.3065e+04,2.4872e+03
2026-01-19T23:47:09.000Z,-9.9990e+02,-9.9990e+02,-9.9990e+02,-9.9990e+02,-9.9990e+02,-9.9990e+02,-9.9990e+02,-9.9990e+02,-9.9990e+02,-9.9990e+02,-9.9990e+02,-9.9990e+02
2026-01-19T23:47:22.000Z,-9.9990e+02,-9.9990e+02,-9.9990e+02,-9.9990e+02,-9.9990e+02,-9.9990e+02,1.4717e+03,4.8908e+02,2.4343e+05,4.7429e+04,1.3075e+04,2.4199e+03
2026-01-19T23:47:34.000Z,-9.9990e+02,-9.9990e+02,-9.9990e+02,-9.9990e+02,-9.9990e+02,-9.9990e+02,1.4717e+03,4.8908e+02,2.4343e+05,4.7429e+04,1.3075e+04,2.4199e+03
2026-01-19T23:47:46.000Z,-9.9990e+02,-9.9990e+02,-9.9990e+02,-9.9990e+02,-9.9990e+02,-9.9990e+02,1.5329e+03,4.8949e+02,2.4605e+05,4.7071e+04,1.3343e+04,2.5556e+03
2026-01-19T23:47:58.000Z,-9.9990e+02,-9.9990e+02,-9.9990e+02,-9.9990e+02,-9.9990e+02,-9.9990e+02,1.5329e+03,4.8949e+02,2.4605e+05,4.7071e+04,1.3343e+04,2.5556e+03
2026-01-19T23:48:10.000Z,-9.9990e+02,-9.9990e+02,-9.9990e+02,-9.9990e+02,-9.9990e+02,-9.9990e+02,1.5016e+03,4.9778e+02,2.5095e+05,4.6686e+04,1.3591e+04,2.6888e+03
2026-01-19T23:48:22.000Z,-9.9990e+02,-9.9990e+02,-9.9990e+02,-9.9990e+02,-9.9990e+02,-9.9990e+02,1.5016e+03,4.9778e+02,2.5095e+05,4.6686e+04,1.3591e+04,2.6888e+03
2026-01-19T23:48:35.000Z,-9.9990e+02,-9.9990e+02,-9.9990e+02,-9.9990e+02,-9.9990e+02,-9.9990e+02,1.4722e+03,4.8925e+02,2.4852e+05,4.7814e+04,1.3730e+04,2.5214e+03
2026-01-19T23:48:47.000Z,-9.9990e+02,-9.9990e+02,-9.9990e+02,-9.9990e+02,-9.9990e+02,-9.9990e+02,1.4722e+03,4.8925e+02,2.4852e+05,4.7814e+04,1.3730e+04,2.5214e+03
2026-01-19T23:48:59.000Z,-9.9990e+02,-9.9990e+02,-9.9990e+02,-9.9990e+02,-9.9990e+02,-9.9990e+02,1.5016e+03,5.0648e+02,2.4843e+05,4.7429e+04,1.3591e+04,2.5883e+03
2026-01-19T23:49:11.000Z,-9.9990e+02,-9.9990e+02,-9.9990e+02,-9.9990e+02,-9.9990e+02,-9.9990e+02,1.5016e+03,5.0648e+02,2.4843e+05,4.7429e+04,1.3591e+04,2.5883e+03
2026-01-19T23:49:23.000Z,-9.9990e+02,-9.9990e+02,-9.9990e+02,-9.9990e+02,-9.9990e+02,-9.9990e+02,1.5022e+03,4.9795e+02,2.4348e+05,4.8571e+04,1.3859e+04,2.5209e+03
2026-01-19T23:49:35.000Z,-9.9990e+02,-9.9990e+02,-9.9990e+02,-9.9990e+02,-9.9990e+02,-9.9990e+02,1.5022e+03,4.9795e+02,2.4348e+05,4.8571e+04,1.3859e+04,2.5209e+03
2026-01-19T23:49:47.000Z,-9.9990e+02,-9.9990e+02,-9.9990e+02,-9.9990e+02,-9.9990e+02,-9.9990e+02,1.4714e+03,4.9770e+02,2.5100e+05,4.9700e+04,1.3462e+04,2.4878e+03
2026-01-19T23:50:00.000Z,-9.9990e+02,-9.9990e+02,-9.9990e+02,-9.9990e+02,-9.9990e+02,-9.9990e+02,1.4714e+03,4.9770e+02,2.5100e+05,4.9700e+04,1.3462e+04,2.4878e+03
2026-01-19T23:50:12.000Z,-9.9990e+02,-9.9990e+02,-9.9990e+02,-9.9990e+02,-9.9990e+02,-9.9990e+02,1.5315e+03,4.8900e+02,2.4595e+05,4.8571e+04,1.3591e+04,2.4372e+03
2026-01-19T23:50:24.000Z,-9.9990e+02,-9.9990e+02,-9.9990e+02,-9.9990e+02,-9.9990e+02,-9.9990e+02,1.5315e+03,4.8900e+02,2.4595e+05,4.8571e+04,1.3591e+04,2.4372e+03
2026-01-19T23:50:36.000Z,-9.9990e+02,-9.9990e+02,-9.9990e+02,-9.9990e+02,-9.9990e+02,-9.9990e+02,1.3814e+03,4.8021e+02,2.4348e+05,4.8571e+04,1.3591e+04,2.5546e+03
2026-01-19T23:50:48.000Z,-9.9990e+02,-9.9990e+02,-9.9990e+02,-9.9990e+02,-9.9990e+02,-9.9990e+02,1.3814e+03,4.8021e+02,2.4348e+05,4.8571e+04,1.3591e+04,2.5546e+03
2026-01-19T23:51:00.000Z,-9.9990e+02,-9.9990e+02,-9.9990e+02,-9.9990e+02,-9.9990e+02,-9.9990e+02,1.4113e+03,4.5403e+02,2.4338e+05,4.8557e+04,1.3720e+04,2.3189e+03
2026-01-19T23:51:12.000Z,-9.9990e+02,-9.9990e+02,-9.9990e+02,-9.9990e+02,-9.9990e+02,-9.9990e+02,1.4113e+03,4.5403e+02,2.4338e+05,4.8557e+04,1.3720e+04,2.3189e+03
2026-01-19T23:51:24.000Z,-9.9990e+02,-9.9990e+02,-9.9990e+02,-9.9990e+02,-9.9990e+02,-9.9990e+02,-9.9990e+02,-9.9990e+02,-9.9990e+02,-9.9990e+02,-9.9990e+02,-9.9990e+02
2026-01-19T23:51:37.000Z,-9.9990e+02,-9.9990e+02,-9.9990e+02,-9.9990e+02,-9.9990e+02,-9.9990e+02,1.4415e+03,4.9778e+02,2.5600e+05,4.8557e+04,1.3859e+04,2.4199e+03
2026-01-19T23:51:49.000Z,-9.9990e+02,-9.9990e+02,-9.9990e+02,-9.9990e+02,-9.9990e+02,-9.9990e+02,1.4415e+03,4.9778e+02,2.5600e+05,4.8557e+04,1.3859e+04,2.4199e+03
2026-01-19T23:52:01.000Z,-9.9990e+02,-9.9990e+02,-9.9990e+02,-9.9990e+02,-9.9990e+02,-9.9990e+02,1.5332e+03,5.1576e+02,2.5862e+05,5.0086e+04,1.4911e+04,2.7240e+03
2026-01-19T23:52:13.000Z,-9.9990e+02,-9.9990e+02,-9.9990e+02,-9.9990e+02,-9.9990e+02,-9.9990e+02,1.5332e+03,5.1576e+02,2.5862e+05,5.0086e+04,1.4911e+04,2.7240e+03
2026-01-19T23:52:25.000Z,-9.9990e+02,-9.9990e+02,-9.9990e+02,-9.9990e+02,-9.9990e+02,-9.9990e+02,1.5324e+03,5.1551e+02,2.5605e+05,5.0086e+04,1.4385e+04,2.6561e+03
2026-01-19T23:52:37.000Z,-9.9990e+02,-9.9990e+02,-9.9990e+02,-9.9990e+02,-9.9990e+02,-9.9990e+02,1.5324e+03,5.1551e+02,2.5605e+05,5.0086e+04,1.4385e+04,2.6561e+03
2026-01-19T23:52:50.000Z,-9.9990e+02,-9.9990e+02,-9.9990e+02,-9.9990e+02,-9.9990e+02,-9.9990e+02,1.4717e+03,5.1526e+02,2.5095e+05,4.9686e+04,1.4117e+04,2.6214e+03
2026-01-19T23:53:02.000Z,-9.9990e+02,-9.9990e+02,-9.9990e+02,-9.9990e+02,-9.9990e+02,-9.9990e+02,1.4717e+03,5.1526e+02,2.5095e+05,4.9686e+04,1.4117e+04,2.6214e+03
2026-01-19T23:53:14.000Z,-9.9990e+02,-9.9990e+02,-9.9990e+02,-9.9990e+02,-9.9990e+02,-9.9990e+02,1.6518e+03,5.7641e+02,2.6352e+05,5.0443e+04,1.4375e+04,2.6888e+03
2026-01-19T23:53:26.000Z,-9.9990e+02,-9.9990e+02,-9.9990e+02,-9.9990e+02,-9.9990e+02,-9.9990e+02,1.6518e+03,5.7641e+02,2.6352e+05,5.0443e+04,1.4375e+04,2.6888e+03
2026-01-19T23:53:38.000Z,-9.9990e+02,-9.9990e+02,-9.9990e+02,-9.9990e+02,-9.9990e+02,-9.9990e+02,-9.9990e+02,-9.9990e+02,-9.9990e+02,-9.9990e+02,-9.9990e+02,-9.9990e+02
2026-01-19T23:53:50.000Z,-9.9990e+02,-9.9990e+02,-9.9990e+02,-9.9990e+02,-9.9990e+02,-9.9990e+02,-9.9990e+02,-9.9990e+02,-9.9990e+02,-9.9990e+02,-9.9990e+02,-9.9990e+02
2026-01-19T23:54:02.000Z,-9.9990e+02,-9.9990e+02,-9.9990e+02,-9.9990e+02,-9.9990e+02,-9.9990e+02,-9.9990e+02,-9.9990e+02,-9.9990e+02,-9.9990e+02,-9.9990e+02,-9.9990e+02
2026-01-19T23:54:14.000Z,-9.9990e+02,-9.9990e+02,-9.9990e+02,-9.9990e+02,-9.9990e+02,-9.9990e+02,-9.9990e+02,-9.9990e+02,-9.9990e+02,-9.9990e+02,-9.9990e+02,-9.9990e+02
2026-01-19T23:54:26.000Z,-9.9990e+02,-9.9990e+02,-9.9990e+02,-9.9990e+02,-9.9990e+02,-9.9990e+02,-9.9990e+02,-9.9990e+02,-9.9990e+02,-9.9990e+02,-9.9990e+02,-9.9990e+02
2026-01-19T23:54:38.000Z,-9.9990e+02,-9.9990e+02,-9.9990e+02,-9.9990e+02,-9.9990e+02,-9.9990e+02,-9.9990e+02,-9.9990e+02,-9.9990e+02,-9.9990e+02,-9.9990e+02,-9.9990e+02
2026-01-19T23:54:50.000Z,-9.9990e+02,-9.9990e+02,-9.9990e+02,-9.9990e+02,-9.9990e+02,-9.9990e+02,-9.9990e+02,-9.9990e+02,-9.9990e+02,-9.9990e+02,-9.9990e+02,-9.9990e+02
2026-01-19T23:55:02.000Z,-9.9990e+02,-9.9990e+02,-9.9990e+02,-9.9990e+02,-9.9990e+02,-9.9990e+02,-9.9990e+02,-9.9990e+02,-9.9990e+02,-9.9990e+02,-9.9990e+02,-9.9990e+02
2026-01-19T23:55:14.000Z,-9.9990e+02,-9.9990e+02,-9.9990e+02,-9.9990e+02,-9.9990e+02,-9.9990e+02,-9.9990e+02,-9.9990e+02,-9.9990e+02,-9.9990e+02,-9.9990e+02,-9.9990e+02
2026-01-19T23:55:26.000Z,-9.9990e+02,-9.9990e+02,-9.9990e+02,-9.9990e+02,-9.9990e+02,-9.9990e+02,-9.9990e+02,-9.9990e+02,-9.9990e+02,-9.9990e+02,-9.9990e+02,-9.9990e+02
2026-01-19T23:55:38.000Z,-9.9990e+02,-9.9990e+02,-9.9990e+02,-9.9990e+02,-9.9990e+02,-9.9990e+02,-9.9990e+02,-9.9990e+02,-9.9990e+02,-9.9990e+02,-9.9990e+02,-9.9990e+02
2026-01-19T23:55:50.000Z,-9.9990e+02,-9.9990e+02,-9.9990e+02,-9.9990e+02,-9.9990e+02,-9.9990e+02,-9.9990e+02,-9.9990e+02,-9.9990e+02,-9.9990e+02,-9.9990e+02,-9.9990e+02
2026-01-19T23:56:02.000Z,-9.9990e+02,-9.9990e+02,-9.9990e+02,-9.9990e+02,-9.9990e+02,-9.9990e+02,-9.9990e+02,-9.9990e+02,-9.9990e+02,-9.9990e+02,-9.9990e+02,-9.9990e+02
2026-01-19T23:56:14.000Z,-9.9990e+02,-9.9990e+02,-9.9990e+02,-9.9990e+02,-9.9990e+02,-9.9990e+02,-9.9990e+02,-9.9990e+02,-9.9990e+02,-9.9990e+02,-9.9990e+02,-9.9990e+02
2026-01-19T23:56:26.000Z,-9.9990e+02,-9.9990e+02,-9.9990e+02,-9.9990e+02,-9.9990e+02,-9.9990e+02,-9.9990e+02,-9.9990e+02,-9.9990e+02,-9.9990e+02,-9.9990e+02,-9.9990e+02
2026-01-19T23:56:38.000Z,-9.9990e+02,-9.9990e+02,-9.9990e+02,-9.9990e+02,-9.9990e+02,-9.9990e+02,-9.9990e+02,-9.9990e+02,-9.9990e+02,-9.9990e+02,-9.9990e+02,-9.9990e+02
2026-01-19T23:56:50.000Z,-9.9990e+02,-9.9990e+02,-9.9990e+02,-9.9990e+02,-9.9990e+02,-9.9990e+02,-9.9990e+02,-9.9990e+02,-9.9990e+02,-9.9990e+02,-9.9990e+02,-9.9990e+02
2026-01-19T23:57:02.000Z,-9.9990e+02,-9.9990e+02,-9.9990e+02,-9.9990e+02,-9.9990e+02,-9.9990e+02,-9.9990e+02,-9.9990e+02,-9.9990e+02,-9.9990e+02,-9.9990e+02,-9.9990e+02
2026-01-19T23:57:14.000Z,-9.9990e+02,-9.9990e+02,-9.9990e+02,-9.9990e+02,-9.9990e+02,-9.9990e+02,-9.9990e+02,-9.9990e+02,-9.9990e+02,-9.9990e+02,-9.9990e+02,-9.9990e+02
2026-01-19T23:57:26.000Z,-9.9990e+02,-9.9990e+02,-9.9990e+02,-9.9990e+02,-9.9990e+02,-9.9990e+02,-9.9990e+02,-9.9990e+02,-9.9990e+02,-9.9990e+02,-9.9990e+02,-9.9990e+02
2026-01-19T23:57:38.000Z,-9.9990e+02,-9.9990e+02,-9.9990e+02,-9.9990e+02,-9.9990e+02,-9.9990e+02,-9.9990e+02,-9.9990e+02,-9.9990e+02,-9.9990e+02,-9.9990e+02,-9.9990e+02
2026-01-19T23:57:50.000Z,-9.9990e+02,-9.9990e+02,-9.9990e+02,-9.9990e+02,-9.9990e+02,-9.9990e+02,-9.9990e+02,-9.9990e+02,-9.9990e+02,-9.9990e+02,-9.9990e+02,-9.9990e+02
2026-01-19T23:58:02.000Z,-9.9990e+02,-9.9990e+02,-9.9990e+02,-9.9990e+02,-9.9990e+02,-9.9990e+02,-9.9990e+02,-9.9990e+02,-9.9990e+02,-9.9990e+02,-9.9990e+02,-9.9990e+02
2026-01-19T23:58:14.000Z,-9.9990e+02,-9.9990e+02,-9.9990e+02,-9.9990e+02,-9.9990e+02,-9.9990e+02,-9.9990e+02,-9.9990e+02,-9.9990e+02,-9.9990e+02,-9.9990e+02,-9.9990e+02
2026-01-19T23:58:26.000Z,-9.9990e+02,-9.9990e+02,-9.9990e+02,-9.9990e+02,-9.9990e+02,-9.9990e+02,-9.9990e+02,-9.9990e+02,-9.9990e+02,-9.9990e+02,-9.9990e+02,-9.9990e+02
2026-01-19T23:58:38.000Z,-9.9990e+02,-9.9990e+02,-9.9990e+02,-9.9990e+02,-9.9990e+02,-9.9990e+02,-9.9990e+02,-9.9990e+02,-9.9990e+02,-9.9990e+02,-9.9990e+02,-9.9990e+02
2026-01-19T23:58:50.000Z,-9.9990e+02,-9.9990e+02,-9.9990e+02,-9.9990e+02,-9.9990e+02,-9.9990e+02,-9.9990e+02,-9.9990e+02,-9.9990e+02,-9.9990e+02,-9.9990e+02,-9.9990e+02
2026-01-19T23:59:02.000Z,-9.9990e+02,-9.9990e+02,-9.9990e+02,-9.9990e+02,-9.9990e+02,-9.9990e+02,-9.9990e+02,-9.9990e+02,-9.9990e+02,-9.9990e+02,-9.9990e+02,-9.9990e+02
2026-01-19T23:59:14.000Z,-9.9990e+02,-9.9990e+02,-9.9990e+02,-9.9990e+02,-9.9990e+02,-9.9990e+02,-9.9990e+02,-9.9990e+02,-9.9990e+02,-9.9990e+02,-9.9990e+02,-9.9990e+02
2026-01-19T23:59:26.000Z,-9.9990e+02,-9.9990e+02,-9.9990e+02,-9.9990e+02,-9.9990e+02,-9.9990e+02,-9.9990e+02,-9.9990e+02,-9.9990e+02,-9.9990e+02,-9.9990e+02,-9.9990e+02
2026-01-19T23:59:38.000Z,-9.9990e+02,-9.9990e+02,-9.9990e+02,-9.9990e+02,-9.9990e+02,-9.9990e+02,-9.9990e+02,-9.9990e+02,-9.9990e+02,-9.9990e+02,-9.9990e+02,-9.9990e+02
2026-01-19T23:59:50.000Z,-9.9990e+02,-9.9990e+02,-9.9990e+02,-9.9990e+02,-9.9990e+02,-9.9990e+02,-9.9990e+02,-9.9990e+02,-9.9990e+02,-9.9990e+02,-9.9990e+02,-9.9990e+02
