DateUTC,H3_hours,H0_hours,H1_hours,H2_hours,Missing_hours,Sufficient_hours,Best_available_hours,N_valid_day,Status
1997-09-02,0,19,5,0,0,24,0,4333,COMPLETE_SUFFICIENT
1997-09-03,0,24,0,0,0,24,0,5384,COMPLETE_SUFFICIENT
1997-09-04,0,24,0,0,0,24,0,5398,COMPLETE_SUFFICIENT
1997-09-05,0,24,0,0,0,24,0,5400,COMPLETE_SUFFICIENT
1997-09-06,0,24,0,0,0,24,0,5400,COMPLETE_SUFFICIENT
1997-09-07,0,24,0,0,0,24,0,5398,COMPLETE_SUFFICIENT
1997-09-08,0,24,0,0,0,24,0,5397,COMPLETE_SUFFICIENT
1997-09-09,0,24,0,0,0,24,0,5396,COMPLETE_SUFFICIENT
1997-09-10,0,24,0,0,0,24,0,5398,COMPLETE_SUFFICIENT
1997-09-11,0,24,0,0,0,24,0,5397,COMPLETE_SUFFICIENT
1997-09-12,0,24,0,0,0,24,0,5399,COMPLETE_SUFFICIENT
1997-09-13,0,22,1,0,1,22,1,4820,PARTIAL
1997-09-14,0,15,0,0,9,15,0,3238,PARTIAL
1997-09-15,0,11,0,0,13,11,0,2387,PARTIAL
1997-09-16,0,24,0,0,0,24,0,5397,COMPLETE_SUFFICIENT
1997-09-17,0,24,0,0,0,24,0,5399,COMPLETE_SUFFICIENT
1997-09-18,0,24,0,0,0,24,0,5152,COMPLETE_SUFFICIENT
1997-09-19,0,24,0,0,0,24,0,5207,COMPLETE_SUFFICIENT
1997-09-20,0,24,0,0,0,24,0,5100,COMPLETE_SUFFICIENT
1997-09-21,0,24,0,0,0,24,0,5391,COMPLETE_SUFFICIENT
1997-09-22,0,24,0,0,0,24,0,5395,COMPLETE_SUFFICIENT
1997-09-23,0,24,0,0,0,24,0,5397,COMPLETE_SUFFICIENT
1997-09-24,0,21,1,1,1,23,0,4733,PARTIAL
1997-09-25,0,16,0,1,7,17,0,3505,PARTIAL
1997-09-26,0,23,0,0,1,23,0,5166,PARTIAL
1997-09-27,0,10,0,0,14,10,0,2158,PARTIAL
1997-09-28,0,24,0,0,0,24,0,5396,COMPLETE_SUFFICIENT
1997-09-29,0,24,0,0,0,24,0,5397,COMPLETE_SUFFICIENT
1997-09-30,0,24,0,0,0,24,0,5392,COMPLETE_SUFFICIENT
1997-10-01,0,24,0,0,0,24,0,5388,COMPLETE_SUFFICIENT
1997-10-02,0,24,0,0,0,24,0,5392,COMPLETE_SUFFICIENT
1997-10-03,0,24,0,0,0,24,0,5397,COMPLETE_SUFFICIENT
1997-10-04,0,24,0,0,0,24,0,5394,COMPLETE_SUFFICIENT
1997-10-05,0,24,0,0,0,24,0,5397,COMPLETE_SUFFICIENT
1997-10-06,0,24,0,0,0,24,0,5400,COMPLETE_SUFFICIENT
1997-10-07,0,24,0,0,0,24,0,5399,COMPLETE_SUFFICIENT
1997-10-08,0,24,0,0,0,24,0,5400,COMPLETE_SUFFICIENT
1997-10-09,0,24,0,0,0,24,0,5399,COMPLETE_SUFFICIENT
1997-10-10,0,20,4,0,0,24,0,4462,COMPLETE_SUFFICIENT
1997-10-11,0,24,0,0,0,24,0,5399,COMPLETE_SUFFICIENT
1997-10-12,0,24,0,0,0,24,0,5400,COMPLETE_SUFFICIENT
1997-10-13,0,24,0,0,0,24,0,5398,COMPLETE_SUFFICIENT
1997-10-14,0,24,0,0,0,24,0,5395,COMPLETE_SUFFICIENT
1997-10-15,0,24,0,0,0,24,0,5390,COMPLETE_SUFFICIENT
1997-10-16,0,20,4,0,0,24,0,4504,COMPLETE_SUFFICIENT
1997-10-17,0,24,0,0,0,24,0,5391,COMPLETE_SUFFICIENT
1997-10-18,0,24,0,0,0,24,0,5396,COMPLETE_SUFFICIENT
1997-10-19,0,24,0,0,0,24,0,5398,COMPLETE_SUFFICIENT
1997-10-20,0,24,0,0,0,24,0,5394,COMPLETE_SUFFICIENT
1997-10-21,0,24,0,0,0,24,0,5397,COMPLETE_SUFFICIENT
1997-10-22,0,24,0,0,0,24,0,5400,COMPLETE_SUFFICIENT
1997-10-23,0,24,0,0,0,24,0,5400,COMPLETE_SUFFICIENT
1997-10-24,0,20,4,0,0,24,0,4471,COMPLETE_SUFFICIENT
1997-10-25,0,24,0,0,0,24,0,5400,COMPLETE_SUFFICIENT
1997-10-26,0,24,0,0,0,24,0,5399,COMPLETE_SUFFICIENT
1997-10-27,0,24,0,0,0,24,0,5400,COMPLETE_SUFFICIENT
1997-10-28,0,20,4,0,0,24,0,4505,COMPLETE_SUFFICIENT
1997-10-29,0,24,0,0,0,24,0,5400,COMPLETE_SUFFICIENT
1997-10-30,0,24,0,0,0,24,0,5400,COMPLETE_SUFFICIENT
1997-10-31,0,21,3,0,0,24,0,4769,COMPLETE_SUFFICIENT
1997-11-01,0,24,0,0,0,24,0,5400,COMPLETE_SUFFICIENT
1997-11-02,0,24,0,0,0,24,0,5400,COMPLETE_SUFFICIENT
1997-11-03,0,24,0,0,0,24,0,5400,COMPLETE_SUFFICIENT
1997-11-04,0,20,4,0,0,24,0,4506,COMPLETE_SUFFICIENT
1997-11-05,0,24,0,0,0,24,0,5400,COMPLETE_SUFFICIENT
1997-11-06,0,24,0,0,0,24,0,5399,COMPLETE_SUFFICIENT
1997-11-07,0,20,4,0,0,24,0,4466,COMPLETE_SUFFICIENT
1997-11-08,0,24,0,0,0,24,0,5400,COMPLETE_SUFFICIENT
1997-11-09,0,24,0,0,0,24,0,5396,COMPLETE_SUFFICIENT
1997-11-10,0,24,0,0,0,24,0,5399,COMPLETE_SUFFICIENT
1997-11-11,0,24,0,0,0,24,0,5398,COMPLETE_SUFFICIENT
1997-11-12,0,19,5,0,0,24,0,4315,COMPLETE_SUFFICIENT
1997-11-13,0,24,0,0,0,24,0,5390,COMPLETE_SUFFICIENT
1997-11-14,0,24,0,0,0,24,0,5399,COMPLETE_SUFFICIENT
1997-11-15,0,24,0,0,0,24,0,5399,COMPLETE_SUFFICIENT
1997-11-16,0,24,0,0,0,24,0,5396,COMPLETE_SUFFICIENT
1997-11-17,0,20,4,0,0,24,0,4457,COMPLETE_SUFFICIENT
1997-11-18,0,24,0,0,0,24,0,5398,COMPLETE_SUFFICIENT
1997-11-19,0,24,0,0,0,24,0,5398,COMPLETE_SUFFICIENT
1997-11-20,0,24,0,0,0,24,0,5398,COMPLETE_SUFFICIENT
1997-11-21,0,20,4,0,0,24,0,4451,COMPLETE_SUFFICIENT
1997-11-22,0,24,0,0,0,24,0,5398,COMPLETE_SUFFICIENT
1997-11-23,0,24,0,0,0,24,0,5400,COMPLETE_SUFFICIENT
1997-11-24,0,24,0,0,0,24,0,5396,COMPLETE_SUFFICIENT
1997-11-25,0,19,5,0,0,24,0,4344,COMPLETE_SUFFICIENT
1997-11-26,0,24,0,0,0,24,0,5387,COMPLETE_SUFFICIENT
1997-11-27,0,24,0,0,0,24,0,5398,COMPLETE_SUFFICIENT
1997-11-28,0,24,0,0,0,24,0,5396,COMPLETE_SUFFICIENT
1997-11-29,0,20,4,0,0,24,0,4471,COMPLETE_SUFFICIENT
1997-11-30,0,24,0,0,0,24,0,5390,COMPLETE_SUFFICIENT
1997-12-01,0,24,0,0,0,24,0,5388,COMPLETE_SUFFICIENT
1997-12-02,0,20,4,0,0,24,0,4438,COMPLETE_SUFFICIENT
1997-12-03,0,24,0,0,0,24,0,5369,COMPLETE_SUFFICIENT
1997-12-04,0,24,0,0,0,24,0,5386,COMPLETE_SUFFICIENT
1997-12-05,0,20,4,0,0,24,0,4558,COMPLETE_SUFFICIENT
1997-12-06,0,24,0,0,0,24,0,5392,COMPLETE_SUFFICIENT
1997-12-07,0,24,0,0,0,24,0,5396,COMPLETE_SUFFICIENT
1997-12-08,0,0,0,0,24,0,0,0,MISSING
1997-12-09,0,0,0,0,24,0,0,0,MISSING
1997-12-10,0,0,0,0,24,0,0,0,MISSING
1997-12-11,0,0,0,0,24,0,0,0,MISSING
1997-12-12,0,0,0,0,24,0,0,0,MISSING
1997-12-13,0,0,0,0,24,0,0,0,MISSING
1997-12-14,0,14,0,2,8,16,0,3151,PARTIAL
1997-12-15,0,0,0,0,24,0,0,0,MISSING
1997-12-16,0,24,0,0,0,24,0,5396,COMPLETE_SUFFICIENT
1997-12-17,0,24,0,0,0,24,0,5396,COMPLETE_SUFFICIENT
1997-12-18,0,24,0,0,0,24,0,5399,COMPLETE_SUFFICIENT
1997-12-19,0,24,0,0,0,24,0,5398,COMPLETE_SUFFICIENT
1997-12-20,0,24,0,0,0,24,0,5398,COMPLETE_SUFFICIENT
1997-12-21,0,24,0,0,0,24,0,5398,COMPLETE_SUFFICIENT
1997-12-22,0,24,0,0,0,24,0,5395,COMPLETE_SUFFICIENT
1997-12-23,0,20,4,0,0,24,0,4433,COMPLETE_SUFFICIENT
1997-12-24,0,24,0,0,0,24,0,5398,COMPLETE_SUFFICIENT
1997-12-25,0,24,0,0,0,24,0,5399,COMPLETE_SUFFICIENT
1997-12-26,0,24,0,0,0,24,0,5400,COMPLETE_SUFFICIENT
1997-12-27,0,24,0,0,0,24,0,5391,COMPLETE_SUFFICIENT
1997-12-28,0,24,0,0,0,24,0,5396,COMPLETE_SUFFICIENT
1997-12-29,0,24,0,0,0,24,0,5399,COMPLETE_SUFFICIENT
1997-12-30,0,24,0,0,0,24,0,5394,COMPLETE_SUFFICIENT
1997-12-31,0,24,0,0,0,24,0,5393,COMPLETE_SUFFICIENT
1998-01-01,24,0,0,0,0,24,0,86200,COMPLETE_SUFFICIENT
1998-01-02,24,0,0,0,0,24,0,86361,COMPLETE_SUFFICIENT
1998-01-03,24,0,0,0,0,24,0,86336,COMPLETE_SUFFICIENT
1998-01-04,24,0,0,0,0,24,0,86144,COMPLETE_SUFFICIENT
1998-01-05,19,5,0,0,0,24,0,69219,COMPLETE_SUFFICIENT
1998-01-06,24,0,0,0,0,24,0,86320,COMPLETE_SUFFICIENT
1998-01-07,24,0,0,0,0,24,0,86296,COMPLETE_SUFFICIENT
1998-01-08,24,0,0,0,0,24,0,86248,COMPLETE_SUFFICIENT
1998-01-09,20,4,0,0,0,24,0,72093,COMPLETE_SUFFICIENT
1998-01-10,24,0,0,0,0,24,0,86240,COMPLETE_SUFFICIENT
1998-01-11,24,0,0,0,0,24,0,85481,COMPLETE_SUFFICIENT
1998-01-12,24,0,0,0,0,24,0,86112,COMPLETE_SUFFICIENT
1998-01-13,24,0,0,0,0,24,0,84336,COMPLETE_SUFFICIENT
1998-01-14,24,0,0,0,0,24,0,86136,COMPLETE_SUFFICIENT
1998-01-15,19,5,0,0,0,24,0,68988,COMPLETE_SUFFICIENT
1998-01-16,24,0,0,0,0,24,0,85704,COMPLETE_SUFFICIENT
1998-01-17,24,0,0,0,0,24,0,86256,COMPLETE_SUFFICIENT
1998-01-18,24,0,0,0,0,24,0,86320,COMPLETE_SUFFICIENT
1998-01-19,24,0,0,0,0,24,0,86216,COMPLETE_SUFFICIENT
1998-01-20,24,0,0,0,0,24,0,86257,COMPLETE_SUFFICIENT
1998-01-21,20,4,0,0,0,24,0,71467,COMPLETE_SUFFICIENT
1998-01-22,24,0,0,0,0,24,0,86216,COMPLETE_SUFFICIENT
1998-01-23,24,0,0,0,0,24,0,86176,COMPLETE_SUFFICIENT
1998-01-24,24,0,0,0,0,24,0,85296,COMPLETE_SUFFICIENT
1998-01-25,24,0,0,0,0,24,0,86144,COMPLETE_SUFFICIENT
1998-01-26,24,0,0,0,0,24,0,86056,COMPLETE_SUFFICIENT
1998-01-27,20,4,0,0,0,24,0,71520,COMPLETE_SUFFICIENT
1998-01-28,24,0,0,0,0,24,0,86232,COMPLETE_SUFFICIENT
1998-01-29,24,0,0,0,0,24,0,86273,COMPLETE_SUFFICIENT
1998-01-30,24,0,0,0,0,24,0,86056,COMPLETE_SUFFICIENT
1998-01-31,24,0,0,0,0,24,0,86096,COMPLETE_SUFFICIENT
1998-02-01,24,0,0,0,0,24,0,86224,COMPLETE_SUFFICIENT
1998-02-02,24,0,0,0,0,24,0,86160,COMPLETE_SUFFICIENT
1998-02-03,20,4,0,0,0,24,0,70805,COMPLETE_SUFFICIENT
1998-02-04,24,0,0,0,0,24,0,85832,COMPLETE_SUFFICIENT
1998-02-05,24,0,0,0,0,24,0,85848,COMPLETE_SUFFICIENT
1998-02-06,24,0,0,0,0,24,0,86096,COMPLETE_SUFFICIENT
1998-02-07,24,0,0,0,0,24,0,86313,COMPLETE_SUFFICIENT
1998-02-08,24,0,0,0,0,24,0,86248,COMPLETE_SUFFICIENT
1998-02-09,24,0,0,0,0,24,0,86096,COMPLETE_SUFFICIENT
1998-02-10,24,0,0,0,0,24,0,86120,COMPLETE_SUFFICIENT
1998-02-11,19,5,0,0,0,24,0,69236,COMPLETE_SUFFICIENT
1998-02-12,24,0,0,0,0,24,0,86120,COMPLETE_SUFFICIENT
1998-02-13,24,0,0,0,0,24,0,86240,COMPLETE_SUFFICIENT
1998-02-14,24,0,0,0,0,24,0,86280,COMPLETE_SUFFICIENT
1998-02-15,24,0,0,0,0,24,0,85753,COMPLETE_SUFFICIENT
1998-02-16,24,0,0,0,0,24,0,86032,COMPLETE_SUFFICIENT
1998-02-17,24,0,0,0,0,24,0,86176,COMPLETE_SUFFICIENT
1998-02-18,24,0,0,0,0,24,0,86224,COMPLETE_SUFFICIENT
1998-02-19,24,0,0,0,0,24,0,85808,COMPLETE_SUFFICIENT
1998-02-20,20,4,0,0,0,24,0,72189,COMPLETE_SUFFICIENT
1998-02-21,23,1,0,0,0,24,0,82055,COMPLETE_SUFFICIENT
1998-02-22,24,0,0,0,0,24,0,86208,COMPLETE_SUFFICIENT
1998-02-23,24,0,0,0,0,24,0,86120,COMPLETE_SUFFICIENT
1998-02-24,24,0,0,0,0,24,0,86017,COMPLETE_SUFFICIENT
1998-02-25,24,0,0,0,0,24,0,86096,COMPLETE_SUFFICIENT
1998-02-26,24,0,0,0,0,24,0,85896,COMPLETE_SUFFICIENT
1998-02-27,20,4,0,0,0,24,0,72179,COMPLETE_SUFFICIENT
1998-02-28,24,0,0,0,0,24,0,86040,COMPLETE_SUFFICIENT
1998-03-01,24,0,0,0,0,24,0,86312,COMPLETE_SUFFICIENT
1998-03-02,24,0,0,0,0,24,0,86240,COMPLETE_SUFFICIENT
1998-03-03,24,0,0,0,0,24,0,86168,COMPLETE_SUFFICIENT
1998-03-04,24,0,0,0,0,24,0,86145,COMPLETE_SUFFICIENT
1998-03-05,24,0,0,0,0,24,0,86096,COMPLETE_SUFFICIENT
1998-03-06,24,0,0,0,0,24,0,85952,COMPLETE_SUFFICIENT
1998-03-07,24,0,0,0,0,24,0,86112,COMPLETE_SUFFICIENT
1998-03-08,24,0,0,0,0,24,0,86144,COMPLETE_SUFFICIENT
1998-03-09,20,4,0,0,0,24,0,71291,COMPLETE_SUFFICIENT
1998-03-10,24,0,0,0,0,24,0,85912,COMPLETE_SUFFICIENT
1998-03-11,24,0,0,0,0,24,0,86032,COMPLETE_SUFFICIENT
1998-03-12,24,0,0,0,0,24,0,86000,COMPLETE_SUFFICIENT
1998-03-13,24,0,0,0,0,24,0,86105,COMPLETE_SUFFICIENT
1998-03-14,24,0,0,0,0,24,0,86056,COMPLETE_SUFFICIENT
1998-03-15,24,0,0,0,0,24,0,86136,COMPLETE_SUFFICIENT
1998-03-16,24,0,0,0,0,24,0,85984,COMPLETE_SUFFICIENT
1998-03-17,24,0,0,0,0,24,0,86216,COMPLETE_SUFFICIENT
1998-03-18,19,5,0,0,0,24,0,69365,COMPLETE_SUFFICIENT
1998-03-19,24,0,0,0,0,24,0,86080,COMPLETE_SUFFICIENT
1998-03-20,24,0,0,0,0,24,0,86088,COMPLETE_SUFFICIENT
1998-03-21,24,0,0,0,0,24,0,86185,COMPLETE_SUFFICIENT
1998-03-22,24,0,0,0,0,24,0,85984,COMPLETE_SUFFICIENT
1998-03-23,24,0,0,0,0,24,0,86016,COMPLETE_SUFFICIENT
1998-03-24,24,0,0,0,0,24,0,86032,COMPLETE_SUFFICIENT
1998-03-25,19,5,0,0,0,24,0,67472,COMPLETE_SUFFICIENT
1998-03-26,24,0,0,0,0,24,0,86400,COMPLETE_SUFFICIENT
1998-03-27,24,0,0,0,0,24,0,85848,COMPLETE_SUFFICIENT
1998-03-28,24,0,0,0,0,24,0,86224,COMPLETE_SUFFICIENT
1998-03-29,24,0,0,0,0,24,0,85912,COMPLETE_SUFFICIENT
1998-03-30,24,0,0,0,0,24,0,86097,COMPLETE_SUFFICIENT
1998-03-31,24,0,0,0,0,24,0,86240,COMPLETE_SUFFICIENT
1998-04-01,20,4,0,0,0,24,0,71705,COMPLETE_SUFFICIENT
1998-04-02,24,0,0,0,0,24,0,86080,COMPLETE_SUFFICIENT
1998-04-03,24,0,0,0,0,24,0,86216,COMPLETE_SUFFICIENT
1998-04-04,24,0,0,0,0,24,0,85960,COMPLETE_SUFFICIENT
1998-04-05,24,0,0,0,0,24,0,86040,COMPLETE_SUFFICIENT
1998-04-06,24,0,0,0,0,24,0,85952,COMPLETE_SUFFICIENT
1998-04-07,24,0,0,0,0,24,0,85873,COMPLETE_SUFFICIENT
1998-04-08,20,4,0,0,0,24,0,71887,COMPLETE_SUFFICIENT
1998-04-09,24,0,0,0,0,24,0,85647,COMPLETE_SUFFICIENT
1998-04-10,24,0,0,0,0,24,0,85872,COMPLETE_SUFFICIENT
1998-04-11,24,0,0,0,0,24,0,85440,COMPLETE_SUFFICIENT
1998-04-12,24,0,0,0,0,24,0,85936,COMPLETE_SUFFICIENT
1998-04-13,24,0,0,0,0,24,0,86136,COMPLETE_SUFFICIENT
1998-04-14,24,0,0,0,0,24,0,86240,COMPLETE_SUFFICIENT
1998-04-15,20,4,0,0,0,24,0,71198,COMPLETE_SUFFICIENT
1998-04-16,24,0,0,0,0,24,0,86193,COMPLETE_SUFFICIENT
1998-04-17,24,0,0,0,0,24,0,86272,COMPLETE_SUFFICIENT
1998-04-18,24,0,0,0,0,24,0,86168,COMPLETE_SUFFICIENT
1998-04-19,24,0,0,0,0,24,0,86160,COMPLETE_SUFFICIENT
1998-04-20,24,0,0,0,0,24,0,85408,COMPLETE_SUFFICIENT
1998-04-21,19,5,0,0,0,24,0,68412,COMPLETE_SUFFICIENT
1998-04-22,24,0,0,0,0,24,0,86112,COMPLETE_SUFFICIENT
1998-04-23,24,0,0,0,0,24,0,86088,COMPLETE_SUFFICIENT
1998-04-24,24,0,0,0,0,24,0,86057,COMPLETE_SUFFICIENT
1998-04-25,24,0,0,0,0,24,0,85760,COMPLETE_SUFFICIENT
1998-04-26,24,0,0,0,0,24,0,85984,COMPLETE_SUFFICIENT
1998-04-27,19,5,0,0,0,24,0,69269,COMPLETE_SUFFICIENT
1998-04-28,24,0,0,0,0,24,0,86208,COMPLETE_SUFFICIENT
1998-04-29,24,0,0,0,0,24,0,86192,COMPLETE_SUFFICIENT
1998-04-30,24,0,0,0,0,24,0,85816,COMPLETE_SUFFICIENT
1998-05-01,19,5,0,0,0,24,0,68752,COMPLETE_SUFFICIENT
1998-05-02,24,0,0,0,0,24,0,86296,COMPLETE_SUFFICIENT
1998-05-03,24,0,0,0,0,24,0,86185,COMPLETE_SUFFICIENT
1998-05-04,24,0,0,0,0,24,0,86024,COMPLETE_SUFFICIENT
1998-05-05,24,0,0,0,0,24,0,86224,COMPLETE_SUFFICIENT
1998-05-06,19,5,0,0,0,24,0,69267,COMPLETE_SUFFICIENT
1998-05-07,24,0,0,0,0,24,0,86064,COMPLETE_SUFFICIENT
1998-05-08,24,0,0,0,0,24,0,86168,COMPLETE_SUFFICIENT
1998-05-09,24,0,0,0,0,24,0,86136,COMPLETE_SUFFICIENT
1998-05-10,24,0,0,0,0,24,0,86120,COMPLETE_SUFFICIENT
1998-05-11,20,4,0,0,0,24,0,70888,COMPLETE_SUFFICIENT
1998-05-12,24,0,0,0,0,24,0,86112,COMPLETE_SUFFICIENT
1998-05-13,24,0,0,0,0,24,0,86184,COMPLETE_SUFFICIENT
1998-05-14,24,0,0,0,0,24,0,86192,COMPLETE_SUFFICIENT
1998-05-15,20,4,0,0,0,24,0,71132,COMPLETE_SUFFICIENT
1998-05-16,24,0,0,0,0,24,0,86232,COMPLETE_SUFFICIENT
1998-05-17,24,0,0,0,0,24,0,85944,COMPLETE_SUFFICIENT
1998-05-18,24,0,0,0,0,24,0,85984,COMPLETE_SUFFICIENT
1998-05-19,20,4,0,0,0,24,0,70841,COMPLETE_SUFFICIENT
1998-05-20,24,0,0,0,0,24,0,85576,COMPLETE_SUFFICIENT
1998-05-21,24,0,0,0,0,24,0,85736,COMPLETE_SUFFICIENT
1998-05-22,20,4,0,0,0,24,0,71557,COMPLETE_SUFFICIENT
1998-05-23,24,0,0,0,0,24,0,86256,COMPLETE_SUFFICIENT
1998-05-24,24,0,0,0,0,24,0,86160,COMPLETE_SUFFICIENT
1998-05-25,24,0,0,0,0,24,0,86224,COMPLETE_SUFFICIENT
1998-05-26,20,4,0,0,0,24,0,71872,COMPLETE_SUFFICIENT
1998-05-27,24,0,0,0,0,24,0,86025,COMPLETE_SUFFICIENT
1998-05-28,24,0,0,0,0,24,0,86152,COMPLETE_SUFFICIENT
1998-05-29,20,4,0,0,0,24,0,70929,COMPLETE_SUFFICIENT
1998-05-30,24,0,0,0,0,24,0,86184,COMPLETE_SUFFICIENT
1998-05-31,24,0,0,0,0,24,0,85896,COMPLETE_SUFFICIENT
1998-06-01,24,0,0,0,0,24,0,86128,COMPLETE_SUFFICIENT
1998-06-02,20,4,0,0,0,24,0,71230,COMPLETE_SUFFICIENT
1998-06-03,24,0,0,0,0,24,0,86112,COMPLETE_SUFFICIENT
1998-06-04,24,0,0,0,0,24,0,85657,COMPLETE_SUFFICIENT
1998-06-05,20,4,0,0,0,24,0,71877,COMPLETE_SUFFICIENT
1998-06-06,24,0,0,0,0,24,0,86176,COMPLETE_SUFFICIENT
1998-06-07,24,0,0,0,0,24,0,85896,COMPLETE_SUFFICIENT
1998-06-08,24,0,0,0,0,24,0,86104,COMPLETE_SUFFICIENT
1998-06-09,24,0,0,0,0,19,5,74312,COMPLETE_WITH_BEST_AVAILABLE
1998-06-10,24,0,0,0,0,24,0,86120,COMPLETE_SUFFICIENT
1998-06-11,12,0,0,0,12,12,0,42514,PARTIAL
1998-06-12,3,5,0,0,16,8,0,11550,PARTIAL
1998-06-13,24,0,0,0,0,24,0,86064,COMPLETE_SUFFICIENT
1998-06-14,24,0,0,0,0,24,0,86184,COMPLETE_SUFFICIENT
1998-06-15,24,0,0,0,0,24,0,86200,COMPLETE_SUFFICIENT
1998-06-16,24,0,0,0,0,24,0,84088,COMPLETE_SUFFICIENT
1998-06-17,20,4,0,0,0,24,0,71070,COMPLETE_SUFFICIENT
1998-06-18,24,0,0,0,0,24,0,86136,COMPLETE_SUFFICIENT
1998-06-19,24,0,0,0,0,24,0,86169,COMPLETE_SUFFICIENT
1998-06-20,24,0,0,0,0,24,0,86256,COMPLETE_SUFFICIENT
1998-06-21,24,0,0,0,0,24,0,86344,COMPLETE_SUFFICIENT
1998-06-22,19,5,0,0,0,24,0,67985,COMPLETE_SUFFICIENT
1998-06-23,24,0,0,0,0,24,0,86160,COMPLETE_SUFFICIENT
1998-06-24,24,0,0,0,0,24,0,84416,COMPLETE_SUFFICIENT
1998-06-25,24,0,0,0,0,24,0,86208,COMPLETE_SUFFICIENT
1998-06-26,20,4,0,0,0,24,0,71547,COMPLETE_SUFFICIENT
1998-06-27,24,0,0,0,0,24,0,86120,COMPLETE_SUFFICIENT
1998-06-28,24,0,0,0,0,24,0,86137,COMPLETE_SUFFICIENT
1998-06-29,24,0,0,0,0,24,0,86096,COMPLETE_SUFFICIENT
1998-06-30,24,0,0,0,0,24,0,86104,COMPLETE_SUFFICIENT
1998-07-01,24,0,0,0,0,24,0,86368,COMPLETE_SUFFICIENT
1998-07-02,20,4,0,0,0,24,0,71717,COMPLETE_SUFFICIENT
1998-07-03,24,0,0,0,0,24,0,85960,COMPLETE_SUFFICIENT
1998-07-04,24,0,0,0,0,24,0,86176,COMPLETE_SUFFICIENT
1998-07-05,24,0,0,0,0,24,0,86176,COMPLETE_SUFFICIENT
1998-07-06,24,0,0,0,0,24,0,86089,COMPLETE_SUFFICIENT
1998-07-07,19,5,0,0,0,24,0,68431,COMPLETE_SUFFICIENT
1998-07-08,24,0,0,0,0,24,0,86104,COMPLETE_SUFFICIENT
1998-07-09,24,0,0,0,0,24,0,86168,COMPLETE_SUFFICIENT
1998-07-10,24,0,0,0,0,24,0,86112,COMPLETE_SUFFICIENT
1998-07-11,24,0,0,0,0,24,0,86168,COMPLETE_SUFFICIENT
1998-07-12,24,0,0,0,0,24,0,86304,COMPLETE_SUFFICIENT
1998-07-13,24,0,0,0,0,24,0,85976,COMPLETE_SUFFICIENT
1998-07-14,20,4,0,0,0,24,0,70847,COMPLETE_SUFFICIENT
1998-07-15,24,0,0,0,0,24,0,86080,COMPLETE_SUFFICIENT
1998-07-16,24,0,0,0,0,24,0,86144,COMPLETE_SUFFICIENT
1998-07-17,24,0,0,0,0,24,0,86064,COMPLETE_SUFFICIENT
1998-07-18,24,0,0,0,0,24,0,86200,COMPLETE_SUFFICIENT
1998-07-19,24,0,0,0,0,24,0,86200,COMPLETE_SUFFICIENT
1998-07-20,24,0,0,0,0,24,0,86048,COMPLETE_SUFFICIENT
1998-07-21,19,5,0,0,0,24,0,69248,COMPLETE_SUFFICIENT
1998-07-22,24,0,0,0,0,24,0,86393,COMPLETE_SUFFICIENT
1998-07-23,24,0,0,0,0,24,0,86032,COMPLETE_SUFFICIENT
1998-07-24,24,0,0,0,0,24,0,86104,COMPLETE_SUFFICIENT
1998-07-25,24,0,0,0,0,24,0,86032,COMPLETE_SUFFICIENT
1998-07-26,24,0,0,0,0,24,0,85976,COMPLETE_SUFFICIENT
1998-07-27,24,0,0,0,0,24,0,86000,COMPLETE_SUFFICIENT
1998-07-28,20,4,0,0,0,24,0,71000,COMPLETE_SUFFICIENT
1998-07-29,24,0,0,0,0,24,0,86032,COMPLETE_SUFFICIENT
1998-07-30,24,0,0,0,0,24,0,86145,COMPLETE_SUFFICIENT
1998-07-31,24,0,0,0,0,24,0,86216,COMPLETE_SUFFICIENT
1998-08-01,24,0,0,0,0,24,0,86240,COMPLETE_SUFFICIENT
1998-08-02,24,0,0,0,0,24,0,86160,COMPLETE_SUFFICIENT
1998-08-03,24,0,0,0,0,24,0,85800,COMPLETE_SUFFICIENT
1998-08-04,24,0,0,0,0,24,0,86128,COMPLETE_SUFFICIENT
1998-08-05,24,0,0,0,0,24,0,86272,COMPLETE_SUFFICIENT
1998-08-06,20,4,0,0,0,24,0,71231,COMPLETE_SUFFICIENT
1998-08-07,24,0,0,0,0,24,0,86241,COMPLETE_SUFFICIENT
1998-08-08,24,0,0,0,0,24,0,86216,COMPLETE_SUFFICIENT
1998-08-09,24,0,0,0,0,24,0,86200,COMPLETE_SUFFICIENT
1998-08-10,24,0,0,0,0,24,0,85872,COMPLETE_SUFFICIENT
1998-08-11,24,0,0,0,0,24,0,86338,COMPLETE_SUFFICIENT
1998-08-12,24,0,0,0,0,24,0,85678,COMPLETE_SUFFICIENT
1998-08-13,24,0,0,0,0,24,0,85792,COMPLETE_SUFFICIENT
1998-08-14,20,4,0,0,0,24,0,71905,COMPLETE_SUFFICIENT
1998-08-15,24,0,0,0,0,24,0,86224,COMPLETE_SUFFICIENT
1998-08-16,24,0,0,0,0,24,0,86137,COMPLETE_SUFFICIENT
1998-08-17,24,0,0,0,0,24,0,86144,COMPLETE_SUFFICIENT
1998-08-18,24,0,0,0,0,24,0,86008,COMPLETE_SUFFICIENT
1998-08-19,24,0,0,0,0,24,0,86152,COMPLETE_SUFFICIENT
1998-08-20,24,0,0,0,0,24,0,86144,COMPLETE_SUFFICIENT
1998-08-21,24,0,0,0,0,24,0,86240,COMPLETE_SUFFICIENT
1998-08-22,24,0,0,0,0,24,0,86136,COMPLETE_SUFFICIENT
1998-08-23,24,0,0,0,0,24,0,86153,COMPLETE_SUFFICIENT
1998-08-24,20,4,0,0,0,24,0,70910,COMPLETE_SUFFICIENT
1998-08-25,24,0,0,0,0,24,0,86144,COMPLETE_SUFFICIENT
1998-08-26,24,0,0,0,0,24,0,86024,COMPLETE_SUFFICIENT
1998-08-27,24,0,0,0,0,24,0,86136,COMPLETE_SUFFICIENT
1998-08-28,24,0,0,0,0,24,0,86264,COMPLETE_SUFFICIENT
1998-08-29,24,0,0,0,0,24,0,86176,COMPLETE_SUFFICIENT
1998-08-30,24,0,0,0,0,24,0,86128,COMPLETE_SUFFICIENT
1998-08-31,24,0,0,0,0,24,0,85961,COMPLETE_SUFFICIENT
1998-09-01,24,0,0,0,0,24,0,85984,COMPLETE_SUFFICIENT
1998-09-02,24,0,0,0,0,24,0,85968,COMPLETE_SUFFICIENT
1998-09-03,20,4,0,0,0,24,0,71575,COMPLETE_SUFFICIENT
1998-09-04,24,0,0,0,0,24,0,86008,COMPLETE_SUFFICIENT
1998-09-05,24,0,0,0,0,24,0,86096,COMPLETE_SUFFICIENT
1998-09-06,24,0,0,0,0,24,0,86032,COMPLETE_SUFFICIENT
1998-09-07,24,0,0,0,0,24,0,86120,COMPLETE_SUFFICIENT
1998-09-08,24,0,0,0,0,24,0,86185,COMPLETE_SUFFICIENT
1998-09-09,24,0,0,0,0,24,0,86272,COMPLETE_SUFFICIENT
1998-09-10,24,0,0,0,0,24,0,86152,COMPLETE_SUFFICIENT
1998-09-11,24,0,0,0,0,24,0,85816,COMPLETE_SUFFICIENT
1998-09-12,24,0,0,0,0,24,0,86376,COMPLETE_SUFFICIENT
1998-09-13,24,0,0,0,0,24,0,85968,COMPLETE_SUFFICIENT
1998-09-14,20,4,0,0,0,24,0,71933,COMPLETE_SUFFICIENT
1998-09-15,24,0,0,0,0,24,0,85944,COMPLETE_SUFFICIENT
1998-09-16,24,0,0,0,0,24,0,86016,COMPLETE_SUFFICIENT
1998-09-17,24,0,0,0,0,24,0,86153,COMPLETE_SUFFICIENT
1998-09-18,24,0,0,0,0,24,0,86096,COMPLETE_SUFFICIENT
1998-09-19,24,0,0,0,0,24,0,86032,COMPLETE_SUFFICIENT
1998-09-20,24,0,0,0,0,24,0,86136,COMPLETE_SUFFICIENT
1998-09-21,24,0,0,0,0,24,0,86152,COMPLETE_SUFFICIENT
1998-09-22,24,0,0,0,0,24,0,86128,COMPLETE_SUFFICIENT
1998-09-23,20,4,0,0,0,24,0,70630,COMPLETE_SUFFICIENT
1998-09-24,24,0,0,0,0,24,0,86216,COMPLETE_SUFFICIENT
1998-09-25,24,0,0,0,0,24,0,86241,COMPLETE_SUFFICIENT
1998-09-26,24,0,0,0,0,24,0,86088,COMPLETE_SUFFICIENT
1998-09-27,24,0,0,0,0,24,0,86088,COMPLETE_SUFFICIENT
1998-09-28,24,0,0,0,0,24,0,85960,COMPLETE_SUFFICIENT
1998-09-29,24,0,0,0,0,24,0,86080,COMPLETE_SUFFICIENT
1998-09-30,24,0,0,0,0,24,0,85880,COMPLETE_SUFFICIENT
1998-10-01,19,5,0,0,0,24,0,69165,COMPLETE_SUFFICIENT
1998-10-02,24,0,0,0,0,24,0,86088,COMPLETE_SUFFICIENT
1998-10-03,24,0,0,0,0,24,0,86081,COMPLETE_SUFFICIENT
1998-10-04,24,0,0,0,0,24,0,86280,COMPLETE_SUFFICIENT
1998-10-05,24,0,0,0,0,24,0,86232,COMPLETE_SUFFICIENT
1998-10-06,24,0,0,0,0,24,0,86056,COMPLETE_SUFFICIENT
1998-10-07,24,0,0,0,0,24,0,86048,COMPLETE_SUFFICIENT
1998-10-08,24,0,0,0,0,24,0,86040,COMPLETE_SUFFICIENT
1998-10-09,20,4,0,0,0,24,0,70930,COMPLETE_SUFFICIENT
1998-10-10,24,0,0,0,0,24,0,85960,COMPLETE_SUFFICIENT
1998-10-11,24,0,0,0,0,24,0,86176,COMPLETE_SUFFICIENT
1998-10-12,24,0,0,0,0,24,0,85937,COMPLETE_SUFFICIENT
1998-10-13,24,0,0,0,0,24,0,86304,COMPLETE_SUFFICIENT
1998-10-14,24,0,0,0,0,24,0,86208,COMPLETE_SUFFICIENT
1998-10-15,24,0,0,0,0,24,0,85976,COMPLETE_SUFFICIENT
1998-10-16,20,4,0,0,0,24,0,71475,COMPLETE_SUFFICIENT
1998-10-17,24,0,0,0,0,24,0,85992,COMPLETE_SUFFICIENT
1998-10-18,24,0,0,0,0,24,0,86080,COMPLETE_SUFFICIENT
1998-10-19,24,0,0,0,0,24,0,86096,COMPLETE_SUFFICIENT
1998-10-20,24,0,0,0,0,24,0,86097,COMPLETE_SUFFICIENT
1998-10-21,24,0,0,0,0,24,0,86192,COMPLETE_SUFFICIENT
1998-10-22,20,4,0,0,0,24,0,71633,COMPLETE_SUFFICIENT
1998-10-23,24,0,0,0,0,24,0,85880,COMPLETE_SUFFICIENT
1998-10-24,24,0,0,0,0,24,0,86040,COMPLETE_SUFFICIENT
1998-10-25,24,0,0,0,0,24,0,86016,COMPLETE_SUFFICIENT
1998-10-26,24,0,0,0,0,24,0,85904,COMPLETE_SUFFICIENT
1998-10-27,20,4,0,0,0,24,0,71352,COMPLETE_SUFFICIENT
1998-10-28,24,0,0,0,0,24,0,85856,COMPLETE_SUFFICIENT
1998-10-29,24,0,0,0,0,24,0,85945,COMPLETE_SUFFICIENT
1998-10-30,24,0,0,0,0,24,0,85816,COMPLETE_SUFFICIENT
1998-10-31,24,0,0,0,0,24,0,85280,COMPLETE_SUFFICIENT
1998-11-01,24,0,0,0,0,24,0,85824,COMPLETE_SUFFICIENT
1998-11-02,20,4,0,0,0,24,0,70038,COMPLETE_SUFFICIENT
1998-11-03,24,0,0,0,0,24,0,85880,COMPLETE_SUFFICIENT
1998-11-04,24,0,0,0,0,24,0,85864,COMPLETE_SUFFICIENT
1998-11-05,24,0,0,0,0,24,0,86016,COMPLETE_SUFFICIENT
1998-11-06,19,5,0,0,0,24,0,69335,COMPLETE_SUFFICIENT
1998-11-07,24,0,0,0,0,24,0,85897,COMPLETE_SUFFICIENT
1998-11-08,24,0,0,0,0,24,0,85695,COMPLETE_SUFFICIENT
1998-11-09,24,0,0,0,0,24,0,83169,COMPLETE_SUFFICIENT
1998-11-10,24,0,0,0,0,24,0,86024,COMPLETE_SUFFICIENT
1998-11-11,19,5,0,0,0,24,0,68601,COMPLETE_SUFFICIENT
1998-11-12,24,0,0,0,0,24,0,86240,COMPLETE_SUFFICIENT
1998-11-13,24,0,0,0,0,24,0,86224,COMPLETE_SUFFICIENT
1998-11-14,24,0,0,0,0,24,0,86184,COMPLETE_SUFFICIENT
1998-11-15,20,0,0,1,3,21,0,71786,PARTIAL
1998-11-16,2,9,0,0,13,11,0,7392,PARTIAL
1998-11-17,23,1,0,0,0,24,0,82203,COMPLETE_SUFFICIENT
1998-11-18,8,0,1,0,15,8,1,28722,PARTIAL
1998-11-19,3,3,0,0,18,6,0,9618,PARTIAL
1998-11-20,24,0,0,0,0,24,0,86152,COMPLETE_SUFFICIENT
1998-11-21,24,0,0,0,0,24,0,86136,COMPLETE_SUFFICIENT
1998-11-22,24,0,0,0,0,24,0,86160,COMPLETE_SUFFICIENT
1998-11-23,20,4,0,0,0,24,0,70893,COMPLETE_SUFFICIENT
1998-11-24,24,0,0,0,0,24,0,86209,COMPLETE_SUFFICIENT
1998-11-25,20,4,0,0,0,24,0,72438,COMPLETE_SUFFICIENT
1998-11-26,24,0,0,0,0,24,0,86176,COMPLETE_SUFFICIENT
1998-11-27,24,0,0,0,0,24,0,86200,COMPLETE_SUFFICIENT
1998-11-28,24,0,0,0,0,24,0,86168,COMPLETE_SUFFICIENT
1998-11-29,24,0,0,0,0,24,0,85944,COMPLETE_SUFFICIENT
1998-11-30,19,5,0,0,0,24,0,69316,COMPLETE_SUFFICIENT
1998-12-01,24,0,0,0,0,24,0,86008,COMPLETE_SUFFICIENT
1998-12-02,24,0,0,0,0,24,0,86121,COMPLETE_SUFFICIENT
1998-12-03,20,4,0,0,0,24,0,71704,COMPLETE_SUFFICIENT
1998-12-04,24,0,0,0,0,24,0,86288,COMPLETE_SUFFICIENT
1998-12-05,24,0,0,0,0,24,0,86096,COMPLETE_SUFFICIENT
1998-12-06,24,0,0,0,0,24,0,86256,COMPLETE_SUFFICIENT
1998-12-07,24,0,0,0,0,24,0,86192,COMPLETE_SUFFICIENT
1998-12-08,24,0,0,0,0,24,0,86072,COMPLETE_SUFFICIENT
1998-12-09,19,5,0,0,0,24,0,68290,COMPLETE_SUFFICIENT
1998-12-10,24,0,0,0,0,24,0,86112,COMPLETE_SUFFICIENT
1998-12-11,24,0,0,0,0,24,0,85985,COMPLETE_SUFFICIENT
1998-12-12,24,0,0,0,0,24,0,86112,COMPLETE_SUFFICIENT
1998-12-13,24,0,0,0,0,24,0,86112,COMPLETE_SUFFICIENT
1998-12-14,24,0,0,0,0,24,0,86128,COMPLETE_SUFFICIENT
1998-12-15,20,4,0,0,0,24,0,72475,COMPLETE_SUFFICIENT
1998-12-16,24,0,0,0,0,23,1,83157,COMPLETE_WITH_BEST_AVAILABLE
1998-12-17,24,0,0,0,0,24,0,86176,COMPLETE_SUFFICIENT
1998-12-18,24,0,0,0,0,24,0,86072,COMPLETE_SUFFICIENT
1998-12-19,24,0,0,0,0,24,0,85960,COMPLETE_SUFFICIENT
1998-12-20,24,0,0,0,0,24,0,86257,COMPLETE_SUFFICIENT
1998-12-21,24,0,0,0,0,24,0,86000,COMPLETE_SUFFICIENT
1998-12-22,19,5,0,0,0,24,0,68467,COMPLETE_SUFFICIENT
1998-12-23,24,0,0,0,0,24,0,86098,COMPLETE_SUFFICIENT
1998-12-24,24,0,0,0,0,24,0,86070,COMPLETE_SUFFICIENT
1998-12-25,24,0,0,0,0,24,0,86152,COMPLETE_SUFFICIENT
1998-12-26,24,0,0,0,0,24,0,86232,COMPLETE_SUFFICIENT
1998-12-27,24,0,0,0,0,24,0,86256,COMPLETE_SUFFICIENT
1998-12-28,24,0,0,0,0,24,0,86193,COMPLETE_SUFFICIENT
1998-12-29,20,4,0,0,0,24,0,71437,COMPLETE_SUFFICIENT
1998-12-30,24,0,0,0,0,24,0,86088,COMPLETE_SUFFICIENT
1998-12-31,24,0,0,0,0,24,0,86064,COMPLETE_SUFFICIENT
1999-01-01,24,0,0,0,0,24,0,86136,COMPLETE_SUFFICIENT
1999-01-02,24,0,0,0,0,24,0,86144,COMPLETE_SUFFICIENT
1999-01-03,24,0,0,0,0,24,0,86056,COMPLETE_SUFFICIENT
1999-01-04,24,0,0,0,0,24,0,86232,COMPLETE_SUFFICIENT
1999-01-05,24,0,0,0,0,24,0,86184,COMPLETE_SUFFICIENT
1999-01-06,19,5,0,0,0,24,0,69085,COMPLETE_SUFFICIENT
1999-01-07,24,0,0,0,0,24,0,86008,COMPLETE_SUFFICIENT
1999-01-08,24,0,0,0,0,24,0,86016,COMPLETE_SUFFICIENT
1999-01-09,24,0,0,0,0,24,0,86176,COMPLETE_SUFFICIENT
1999-01-10,24,0,0,0,0,24,0,86128,COMPLETE_SUFFICIENT
1999-01-11,24,0,0,0,0,24,0,86096,COMPLETE_SUFFICIENT
1999-01-12,24,0,0,0,0,24,0,86200,COMPLETE_SUFFICIENT
1999-01-13,24,0,0,0,0,24,0,86208,COMPLETE_SUFFICIENT
1999-01-14,19,5,0,0,0,24,0,66783,COMPLETE_SUFFICIENT
1999-01-15,24,0,0,0,0,24,0,85665,COMPLETE_SUFFICIENT
1999-01-16,24,0,0,0,0,24,0,85472,COMPLETE_SUFFICIENT
1999-01-17,24,0,0,0,0,24,0,85656,COMPLETE_SUFFICIENT
1999-01-18,24,0,0,0,0,24,0,86080,COMPLETE_SUFFICIENT
1999-01-19,24,0,0,0,0,24,0,86088,COMPLETE_SUFFICIENT
1999-01-20,24,0,0,0,0,24,0,85960,COMPLETE_SUFFICIENT
1999-01-21,24,0,0,0,0,24,0,86112,COMPLETE_SUFFICIENT
1999-01-22,20,4,0,0,0,24,0,72033,COMPLETE_SUFFICIENT
1999-01-23,24,0,0,0,0,24,0,86168,COMPLETE_SUFFICIENT
1999-01-24,24,0,0,0,0,24,0,86201,COMPLETE_SUFFICIENT
1999-01-25,24,0,0,0,0,24,0,86256,COMPLETE_SUFFICIENT
1999-01-26,24,0,0,0,0,24,0,86120,COMPLETE_SUFFICIENT
1999-01-27,24,0,0,0,0,24,0,86032,COMPLETE_SUFFICIENT
1999-01-28,24,0,0,0,0,24,0,86296,COMPLETE_SUFFICIENT
1999-01-29,24,0,0,0,0,24,0,85952,COMPLETE_SUFFICIENT
1999-01-30,24,0,0,0,0,24,0,86096,COMPLETE_SUFFICIENT
1999-01-31,24,0,0,0,0,24,0,86152,COMPLETE_SUFFICIENT
1999-02-01,24,0,0,0,0,24,0,86241,COMPLETE_SUFFICIENT
1999-02-02,19,5,0,0,0,24,0,69405,COMPLETE_SUFFICIENT
1999-02-03,24,0,0,0,0,24,0,86200,COMPLETE_SUFFICIENT
1999-02-04,24,0,0,0,0,24,0,86112,COMPLETE_SUFFICIENT
1999-02-05,24,0,0,0,0,24,0,86136,COMPLETE_SUFFICIENT
1999-02-06,24,0,0,0,0,24,0,85608,COMPLETE_SUFFICIENT
1999-02-07,24,0,0,0,0,24,0,85688,COMPLETE_SUFFICIENT
1999-02-08,24,0,0,0,0,24,0,86112,COMPLETE_SUFFICIENT
1999-02-09,24,0,0,0,0,24,0,86192,COMPLETE_SUFFICIENT
1999-02-10,24,0,0,0,0,24,0,85953,COMPLETE_SUFFICIENT
1999-02-11,24,0,0,0,0,24,0,86120,COMPLETE_SUFFICIENT
1999-02-12,20,4,0,0,0,24,0,71190,COMPLETE_SUFFICIENT
1999-02-13,24,0,0,0,0,24,0,85984,COMPLETE_SUFFICIENT
1999-02-14,24,0,0,0,0,24,0,86096,COMPLETE_SUFFICIENT
1999-02-15,24,0,0,0,0,24,0,85848,COMPLETE_SUFFICIENT
1999-02-16,24,0,0,0,0,24,0,85928,COMPLETE_SUFFICIENT
1999-02-17,24,0,0,0,0,24,0,85808,COMPLETE_SUFFICIENT
1999-02-18,24,0,0,0,0,24,0,85673,COMPLETE_SUFFICIENT
1999-02-19,24,0,0,0,0,24,0,86232,COMPLETE_SUFFICIENT
1999-02-20,24,0,0,0,0,24,0,85992,COMPLETE_SUFFICIENT
1999-02-21,24,0,0,0,0,24,0,86040,COMPLETE_SUFFICIENT
1999-02-22,24,0,0,0,0,24,0,86176,COMPLETE_SUFFICIENT
1999-02-23,24,0,0,0,0,24,0,86048,COMPLETE_SUFFICIENT
1999-02-24,20,4,0,0,0,24,0,70996,COMPLETE_SUFFICIENT
1999-02-25,24,0,0,0,0,24,0,86232,COMPLETE_SUFFICIENT
1999-02-26,24,0,0,0,0,24,0,86168,COMPLETE_SUFFICIENT
1999-02-27,24,0,0,0,0,24,0,86001,COMPLETE_SUFFICIENT
1999-02-28,24,0,0,0,0,24,0,86136,COMPLETE_SUFFICIENT
1999-03-01,24,0,0,0,0,24,0,86297,COMPLETE_SUFFICIENT
1999-03-02,24,0,0,0,0,24,0,86135,COMPLETE_SUFFICIENT
1999-03-03,24,0,0,0,0,24,0,86208,COMPLETE_SUFFICIENT
1999-03-04,24,0,0,0,0,24,0,86392,COMPLETE_SUFFICIENT
1999-03-05,24,0,0,0,0,24,0,86272,COMPLETE_SUFFICIENT
1999-03-06,24,0,0,0,0,24,0,86136,COMPLETE_SUFFICIENT
1999-03-07,24,0,0,0,0,24,0,86121,COMPLETE_SUFFICIENT
1999-03-08,20,4,0,0,0,24,0,70896,COMPLETE_SUFFICIENT
1999-03-09,24,0,0,0,0,24,0,86240,COMPLETE_SUFFICIENT
1999-03-10,24,0,0,0,0,24,0,86232,COMPLETE_SUFFICIENT
1999-03-11,24,0,0,0,0,24,0,86224,COMPLETE_SUFFICIENT
1999-03-12,24,0,0,0,0,24,0,86000,COMPLETE_SUFFICIENT
1999-03-13,24,0,0,0,0,24,0,86168,COMPLETE_SUFFICIENT
1999-03-14,24,0,0,0,0,24,0,86248,COMPLETE_SUFFICIENT
1999-03-15,24,0,0,0,0,24,0,86312,COMPLETE_SUFFICIENT
1999-03-16,24,0,0,0,0,24,0,86057,COMPLETE_SUFFICIENT
1999-03-17,24,0,0,0,0,24,0,86184,COMPLETE_SUFFICIENT
1999-03-18,19,5,0,0,0,24,0,69341,COMPLETE_SUFFICIENT
1999-03-19,24,0,0,0,0,24,0,86136,COMPLETE_SUFFICIENT
1999-03-20,24,0,0,0,0,24,0,86160,COMPLETE_SUFFICIENT
1999-03-21,24,0,0,0,0,24,0,86136,COMPLETE_SUFFICIENT
1999-03-22,24,0,0,0,0,24,0,85976,COMPLETE_SUFFICIENT
1999-03-23,24,0,0,0,0,24,0,86288,COMPLETE_SUFFICIENT
1999-03-24,24,0,0,0,0,24,0,86161,COMPLETE_SUFFICIENT
1999-03-25,24,0,0,0,0,24,0,86264,COMPLETE_SUFFICIENT
1999-03-26,20,4,0,0,0,24,0,70870,COMPLETE_SUFFICIENT
1999-03-27,24,0,0,0,0,24,0,86200,COMPLETE_SUFFICIENT
1999-03-28,24,0,0,0,0,24,0,86272,COMPLETE_SUFFICIENT
1999-03-29,24,0,0,0,0,24,0,86168,COMPLETE_SUFFICIENT
1999-03-30,24,0,0,0,0,24,0,86328,COMPLETE_SUFFICIENT
1999-03-31,24,0,0,0,0,24,0,86232,COMPLETE_SUFFICIENT
1999-04-01,24,0,0,0,0,24,0,86200,COMPLETE_SUFFICIENT
1999-04-02,20,4,0,0,0,24,0,72017,COMPLETE_SUFFICIENT
1999-04-03,24,0,0,0,0,24,0,86128,COMPLETE_SUFFICIENT
1999-04-04,24,0,0,0,0,24,0,86088,COMPLETE_SUFFICIENT
1999-04-05,24,0,0,0,0,24,0,85832,COMPLETE_SUFFICIENT
1999-04-06,24,0,0,0,0,24,0,86088,COMPLETE_SUFFICIENT
1999-04-07,24,0,0,0,0,24,0,86120,COMPLETE_SUFFICIENT
1999-04-08,24,0,0,0,0,24,0,86280,COMPLETE_SUFFICIENT
1999-04-09,19,5,0,0,0,24,0,67988,COMPLETE_SUFFICIENT
1999-04-10,24,0,0,0,0,24,0,86097,COMPLETE_SUFFICIENT
1999-04-11,24,0,0,0,0,24,0,86104,COMPLETE_SUFFICIENT
1999-04-12,24,0,0,0,0,24,0,85936,COMPLETE_SUFFICIENT
1999-04-13,24,0,0,0,0,24,0,86032,COMPLETE_SUFFICIENT
1999-04-14,24,0,0,0,0,24,0,86000,COMPLETE_SUFFICIENT
1999-04-15,24,0,0,0,0,24,0,85968,COMPLETE_SUFFICIENT
1999-04-16,19,5,0,0,0,24,0,69275,COMPLETE_SUFFICIENT
1999-04-17,24,0,0,0,0,24,0,86184,COMPLETE_SUFFICIENT
1999-04-18,24,0,0,0,0,24,0,86113,COMPLETE_SUFFICIENT
1999-04-19,24,0,0,0,0,24,0,85960,COMPLETE_SUFFICIENT
1999-04-20,24,0,0,0,0,24,0,86088,COMPLETE_SUFFICIENT
1999-04-21,24,0,0,0,0,24,0,86192,COMPLETE_SUFFICIENT
1999-04-22,24,0,0,0,0,24,0,86056,COMPLETE_SUFFICIENT
1999-04-23,20,4,0,0,0,24,0,71149,COMPLETE_SUFFICIENT
1999-04-24,24,0,0,0,0,24,0,86120,COMPLETE_SUFFICIENT
1999-04-25,24,0,0,0,0,24,0,86104,COMPLETE_SUFFICIENT
1999-04-26,24,0,0,0,0,24,0,86065,COMPLETE_SUFFICIENT
1999-04-27,24,0,0,0,0,24,0,86272,COMPLETE_SUFFICIENT
1999-04-28,24,0,0,0,0,24,0,86040,COMPLETE_SUFFICIENT
1999-04-29,24,0,0,0,0,24,0,86024,COMPLETE_SUFFICIENT
1999-04-30,19,5,0,0,0,24,0,68685,COMPLETE_SUFFICIENT
1999-05-01,24,0,0,0,0,24,0,86160,COMPLETE_SUFFICIENT
1999-05-02,24,0,0,0,0,24,0,86200,COMPLETE_SUFFICIENT
1999-05-03,24,0,0,0,0,24,0,86176,COMPLETE_SUFFICIENT
1999-05-04,24,0,0,0,0,24,0,86113,COMPLETE_SUFFICIENT
1999-05-05,24,0,0,0,0,24,0,86144,COMPLETE_SUFFICIENT
1999-05-06,24,0,0,0,0,24,0,86016,COMPLETE_SUFFICIENT
1999-05-07,20,4,0,0,0,24,0,71735,COMPLETE_SUFFICIENT
1999-05-08,24,0,0,0,0,24,0,85928,COMPLETE_SUFFICIENT
1999-05-09,24,0,0,0,0,24,0,85912,COMPLETE_SUFFICIENT
1999-05-10,24,0,0,0,0,24,0,85904,COMPLETE_SUFFICIENT
1999-05-11,24,0,0,0,0,24,0,86120,COMPLETE_SUFFICIENT
1999-05-12,24,0,0,0,0,24,0,86177,COMPLETE_SUFFICIENT
1999-05-13,19,5,0,0,0,24,0,69373,COMPLETE_SUFFICIENT
1999-05-14,24,0,0,0,0,24,0,86320,COMPLETE_SUFFICIENT
1999-05-15,24,0,0,0,0,24,0,85920,COMPLETE_SUFFICIENT
1999-05-16,24,0,0,0,0,24,0,85648,COMPLETE_SUFFICIENT
1999-05-17,24,0,0,0,0,24,0,86352,COMPLETE_SUFFICIENT
1999-05-18,24,0,0,0,0,24,0,86200,COMPLETE_SUFFICIENT
1999-05-19,19,5,0,0,0,24,0,69357,COMPLETE_SUFFICIENT
1999-05-20,24,0,0,0,0,24,0,86241,COMPLETE_SUFFICIENT
1999-05-21,24,0,0,0,0,24,0,86184,COMPLETE_SUFFICIENT
1999-05-22,24,0,0,0,0,24,0,86256,COMPLETE_SUFFICIENT
1999-05-23,24,0,0,0,0,24,0,86104,COMPLETE_SUFFICIENT
1999-05-24,24,0,0,0,0,24,0,86088,COMPLETE_SUFFICIENT
1999-05-25,20,4,0,0,0,24,0,71884,COMPLETE_SUFFICIENT
1999-05-26,24,0,0,0,0,24,0,86368,COMPLETE_SUFFICIENT
1999-05-27,24,0,0,0,0,24,0,86224,COMPLETE_SUFFICIENT
1999-05-28,24,0,0,0,0,24,0,86313,COMPLETE_SUFFICIENT
1999-05-29,24,0,0,0,0,24,0,86296,COMPLETE_SUFFICIENT
1999-05-30,24,0,0,0,0,24,0,86136,COMPLETE_SUFFICIENT
1999-05-31,24,0,0,0,0,24,0,85912,COMPLETE_SUFFICIENT
1999-06-01,17,7,0,0,0,24,0,61827,COMPLETE_SUFFICIENT
1999-06-02,23,1,0,0,0,24,0,81737,COMPLETE_SUFFICIENT
1999-06-03,24,0,0,0,0,24,0,86032,COMPLETE_SUFFICIENT
1999-06-04,24,0,0,0,0,24,0,85905,COMPLETE_SUFFICIENT
1999-06-05,24,0,0,0,0,24,0,86088,COMPLETE_SUFFICIENT
1999-06-06,24,0,0,0,0,24,0,86120,COMPLETE_SUFFICIENT
1999-06-07,24,0,0,0,0,24,0,86048,COMPLETE_SUFFICIENT
1999-06-08,18,6,0,0,0,24,0,65425,COMPLETE_SUFFICIENT
1999-06-09,24,0,0,0,0,24,0,85608,COMPLETE_SUFFICIENT
1999-06-10,24,0,0,0,0,24,0,85984,COMPLETE_SUFFICIENT
1999-06-11,24,0,0,0,0,24,0,86384,COMPLETE_SUFFICIENT
1999-06-12,24,0,0,0,0,24,0,86393,COMPLETE_SUFFICIENT
1999-06-13,24,0,0,0,0,24,0,86344,COMPLETE_SUFFICIENT
1999-06-14,24,0,0,0,0,24,0,86376,COMPLETE_SUFFICIENT
1999-06-15,19,5,0,0,0,24,0,69485,COMPLETE_SUFFICIENT
1999-06-16,24,0,0,0,0,23,1,83884,COMPLETE_WITH_BEST_AVAILABLE
1999-06-17,24,0,0,0,0,24,0,86384,COMPLETE_SUFFICIENT
1999-06-18,24,0,0,0,0,24,0,86384,COMPLETE_SUFFICIENT
1999-06-19,24,0,0,0,0,24,0,86360,COMPLETE_SUFFICIENT
1999-06-20,24,0,0,0,0,24,0,86401,COMPLETE_SUFFICIENT
1999-06-21,24,0,0,0,0,24,0,86376,COMPLETE_SUFFICIENT
1999-06-22,24,0,0,0,0,24,0,86392,COMPLETE_SUFFICIENT
1999-06-23,20,4,0,0,0,24,0,72149,COMPLETE_SUFFICIENT
1999-06-24,24,0,0,0,0,24,0,86248,COMPLETE_SUFFICIENT
1999-06-25,24,0,0,0,0,24,0,86360,COMPLETE_SUFFICIENT
1999-06-26,24,0,0,0,0,24,0,86400,COMPLETE_SUFFICIENT
1999-06-27,24,0,0,0,0,24,0,86400,COMPLETE_SUFFICIENT
1999-06-28,24,0,0,0,0,24,0,86289,COMPLETE_SUFFICIENT
1999-06-29,24,0,0,0,0,24,0,86328,COMPLETE_SUFFICIENT
1999-06-30,24,0,0,0,0,24,0,86384,COMPLETE_SUFFICIENT
1999-07-01,24,0,0,0,0,24,0,86312,COMPLETE_SUFFICIENT
1999-07-02,20,4,0,0,0,24,0,71754,COMPLETE_SUFFICIENT
1999-07-03,24,0,0,0,0,24,0,86392,COMPLETE_SUFFICIENT
1999-07-04,24,0,0,0,0,24,0,86392,COMPLETE_SUFFICIENT
1999-07-05,24,0,0,0,0,24,0,86344,COMPLETE_SUFFICIENT
1999-07-06,24,0,0,0,0,24,0,86321,COMPLETE_SUFFICIENT
1999-07-07,24,0,0,0,0,24,0,86376,COMPLETE_SUFFICIENT
1999-07-08,24,0,0,0,0,24,0,86400,COMPLETE_SUFFICIENT
1999-07-09,20,4,0,0,0,24,0,72250,COMPLETE_SUFFICIENT
1999-07-10,24,0,0,0,0,24,0,86392,COMPLETE_SUFFICIENT
1999-07-11,24,0,0,0,0,24,0,86368,COMPLETE_SUFFICIENT
1999-07-12,24,0,0,0,0,24,0,86360,COMPLETE_SUFFICIENT
1999-07-13,24,0,0,0,0,24,0,86368,COMPLETE_SUFFICIENT
1999-07-14,24,0,0,0,0,24,0,86369,COMPLETE_SUFFICIENT
1999-07-15,24,0,0,0,0,24,0,86288,COMPLETE_SUFFICIENT
1999-07-16,19,5,0,0,0,24,0,69485,COMPLETE_SUFFICIENT
1999-07-17,24,0,0,0,0,24,0,86400,COMPLETE_SUFFICIENT
1999-07-18,24,0,0,0,0,24,0,86296,COMPLETE_SUFFICIENT
1999-07-19,24,0,0,0,0,24,0,86280,COMPLETE_SUFFICIENT
1999-07-20,24,0,0,0,0,24,0,86272,COMPLETE_SUFFICIENT
1999-07-21,24,0,0,0,0,24,0,86360,COMPLETE_SUFFICIENT
1999-07-22,24,0,0,0,0,24,0,86369,COMPLETE_SUFFICIENT
1999-07-23,24,0,0,0,0,24,0,86320,COMPLETE_SUFFICIENT
1999-07-24,24,0,0,0,0,24,0,86344,COMPLETE_SUFFICIENT
1999-07-25,24,0,0,0,0,24,0,86272,COMPLETE_SUFFICIENT
1999-07-26,20,4,0,0,0,24,0,71756,COMPLETE_SUFFICIENT
1999-07-27,24,0,0,0,0,24,0,86352,COMPLETE_SUFFICIENT
1999-07-28,24,0,0,0,0,24,0,86368,COMPLETE_SUFFICIENT
1999-07-29,24,0,0,0,0,24,0,86344,COMPLETE_SUFFICIENT
1999-07-30,24,0,0,0,0,24,0,86329,COMPLETE_SUFFICIENT
1999-07-31,24,0,0,0,0,24,0,86336,COMPLETE_SUFFICIENT
1999-08-01,24,0,0,0,0,24,0,86392,COMPLETE_SUFFICIENT
1999-08-02,24,0,0,0,0,24,0,86360,COMPLETE_SUFFICIENT
1999-08-03,24,0,0,0,0,24,0,86352,COMPLETE_SUFFICIENT
1999-08-04,19,5,0,0,0,24,0,69469,COMPLETE_SUFFICIENT
1999-08-05,24,0,0,0,0,24,0,86368,COMPLETE_SUFFICIENT
1999-08-06,24,0,0,0,0,24,0,86337,COMPLETE_SUFFICIENT
1999-08-07,24,0,0,0,0,24,0,86312,COMPLETE_SUFFICIENT
1999-08-08,24,0,0,0,0,24,0,86392,COMPLETE_SUFFICIENT
1999-08-09,24,0,0,0,0,24,0,86336,COMPLETE_SUFFICIENT
1999-08-10,24,0,0,0,0,24,0,86312,COMPLETE_SUFFICIENT
1999-08-11,24,0,0,0,0,24,0,86328,COMPLETE_SUFFICIENT
1999-08-12,24,0,0,0,0,24,0,86320,COMPLETE_SUFFICIENT
1999-08-13,24,0,0,0,0,24,0,86368,COMPLETE_SUFFICIENT
1999-08-14,24,0,0,0,0,24,0,86361,COMPLETE_SUFFICIENT
1999-08-15,24,0,0,0,0,24,0,86328,COMPLETE_SUFFICIENT
1999-08-16,24,0,0,0,0,24,0,86376,COMPLETE_SUFFICIENT
1999-08-17,20,4,0,0,0,24,0,71964,COMPLETE_SUFFICIENT
1999-08-18,24,0,0,0,0,24,0,86376,COMPLETE_SUFFICIENT
1999-08-19,24,0,0,0,0,24,0,86320,COMPLETE_SUFFICIENT
1999-08-20,24,0,0,0,0,24,0,86288,COMPLETE_SUFFICIENT
1999-08-21,24,0,0,0,0,24,0,86320,COMPLETE_SUFFICIENT
1999-08-22,24,0,0,0,0,24,0,86361,COMPLETE_SUFFICIENT
1999-08-23,24,0,0,0,0,24,0,86288,COMPLETE_SUFFICIENT
1999-08-24,24,0,0,0,0,24,0,86328,COMPLETE_SUFFICIENT
1999-08-25,24,0,0,0,0,24,0,86336,COMPLETE_SUFFICIENT
1999-08-26,24,0,0,0,0,24,0,86328,COMPLETE_SUFFICIENT
1999-08-27,24,0,0,0,0,24,0,86368,COMPLETE_SUFFICIENT
1999-08-28,24,0,0,0,0,24,0,86384,COMPLETE_SUFFICIENT
1999-08-29,24,0,0,0,0,24,0,86392,COMPLETE_SUFFICIENT
1999-08-30,20,4,0,0,0,24,0,72109,COMPLETE_SUFFICIENT
1999-08-31,24,0,0,0,0,24,0,86288,COMPLETE_SUFFICIENT
1999-09-01,24,0,0,0,0,24,0,86232,COMPLETE_SUFFICIENT
1999-09-02,24,0,0,0,0,24,0,86368,COMPLETE_SUFFICIENT
1999-09-03,24,0,0,0,0,24,0,86344,COMPLETE_SUFFICIENT
1999-09-04,24,0,0,0,0,24,0,86248,COMPLETE_SUFFICIENT
1999-09-05,24,0,0,0,0,24,0,86360,COMPLETE_SUFFICIENT
1999-09-06,24,0,0,0,0,24,0,86376,COMPLETE_SUFFICIENT
1999-09-07,24,0,0,0,0,24,0,86297,COMPLETE_SUFFICIENT
1999-09-08,24,0,0,0,0,24,0,86400,COMPLETE_SUFFICIENT
1999-09-09,19,5,0,0,0,24,0,69525,COMPLETE_SUFFICIENT
1999-09-10,24,0,0,0,0,24,0,86360,COMPLETE_SUFFICIENT
1999-09-11,24,0,0,0,0,24,0,86368,COMPLETE_SUFFICIENT
1999-09-12,24,0,0,0,0,24,0,86248,COMPLETE_SUFFICIENT
1999-09-13,24,0,0,0,0,24,0,86376,COMPLETE_SUFFICIENT
1999-09-14,24,0,0,0,0,24,0,86328,COMPLETE_SUFFICIENT
1999-09-15,24,0,0,0,0,24,0,86313,COMPLETE_SUFFICIENT
1999-09-16,24,0,0,0,0,24,0,86256,COMPLETE_SUFFICIENT
1999-09-17,20,4,0,0,0,24,0,72023,COMPLETE_SUFFICIENT
1999-09-18,24,0,0,0,0,24,0,86304,COMPLETE_SUFFICIENT
1999-09-19,24,0,0,0,0,24,0,86256,COMPLETE_SUFFICIENT
1999-09-20,24,0,0,0,0,24,0,86360,COMPLETE_SUFFICIENT
1999-09-21,24,0,0,0,0,24,0,86368,COMPLETE_SUFFICIENT
1999-09-22,24,0,0,0,0,24,0,86320,COMPLETE_SUFFICIENT
1999-09-23,24,0,0,0,0,24,0,86289,COMPLETE_SUFFICIENT
1999-09-24,24,0,0,0,0,24,0,86360,COMPLETE_SUFFICIENT
1999-09-25,24,0,0,0,0,24,0,86384,COMPLETE_SUFFICIENT
1999-09-26,24,0,0,0,0,24,0,86328,COMPLETE_SUFFICIENT
1999-09-27,20,4,0,0,0,24,0,71766,COMPLETE_SUFFICIENT
1999-09-28,24,0,0,0,0,24,0,86272,COMPLETE_SUFFICIENT
1999-09-29,24,0,0,0,0,24,0,86392,COMPLETE_SUFFICIENT
1999-09-30,24,0,0,0,0,24,0,86280,COMPLETE_SUFFICIENT
1999-10-01,24,0,0,0,0,24,0,86257,COMPLETE_SUFFICIENT
1999-10-02,24,0,0,0,0,24,0,86304,COMPLETE_SUFFICIENT
1999-10-03,24,0,0,0,0,24,0,86392,COMPLETE_SUFFICIENT
1999-10-04,18,6,0,0,0,24,0,66094,COMPLETE_SUFFICIENT
1999-10-05,18,6,0,0,0,24,0,66117,COMPLETE_SUFFICIENT
1999-10-06,24,0,0,0,0,24,0,86328,COMPLETE_SUFFICIENT
1999-10-07,24,0,0,0,0,24,0,86216,COMPLETE_SUFFICIENT
1999-10-08,24,0,0,0,0,24,0,86096,COMPLETE_SUFFICIENT
1999-10-09,24,0,0,0,0,24,0,86337,COMPLETE_SUFFICIENT
1999-10-10,24,0,0,0,0,24,0,86400,COMPLETE_SUFFICIENT
1999-10-11,24,0,0,0,0,24,0,86352,COMPLETE_SUFFICIENT
1999-10-12,19,5,0,0,0,24,0,69477,COMPLETE_SUFFICIENT
1999-10-13,24,0,0,0,0,24,0,86328,COMPLETE_SUFFICIENT
1999-10-14,24,0,0,0,0,24,0,86352,COMPLETE_SUFFICIENT
1999-10-15,24,0,0,0,0,24,0,85776,COMPLETE_SUFFICIENT
1999-10-16,24,0,0,0,0,24,0,86200,COMPLETE_SUFFICIENT
1999-10-17,24,0,0,0,0,24,0,86257,COMPLETE_SUFFICIENT
1999-10-18,20,4,0,0,0,24,0,71491,COMPLETE_SUFFICIENT
1999-10-19,24,0,0,0,0,24,0,86280,COMPLETE_SUFFICIENT
1999-10-20,24,0,0,0,0,24,0,86336,COMPLETE_SUFFICIENT
1999-10-21,24,0,0,0,0,24,0,86264,COMPLETE_SUFFICIENT
1999-10-22,20,4,0,0,0,24,0,71111,COMPLETE_SUFFICIENT
1999-10-23,24,0,0,0,0,24,0,86400,COMPLETE_SUFFICIENT
1999-10-24,24,0,0,0,0,24,0,86280,COMPLETE_SUFFICIENT
1999-10-25,24,0,0,0,0,24,0,86209,COMPLETE_SUFFICIENT
1999-10-26,24,0,0,0,0,24,0,86296,COMPLETE_SUFFICIENT
1999-10-27,19,5,0,0,0,24,0,69484,COMPLETE_SUFFICIENT
1999-10-28,24,0,0,0,0,24,0,86144,COMPLETE_SUFFICIENT
1999-10-29,24,0,0,0,0,24,0,86288,COMPLETE_SUFFICIENT
1999-10-30,24,0,0,0,0,24,0,86320,COMPLETE_SUFFICIENT
1999-10-31,24,0,0,0,0,24,0,86352,COMPLETE_SUFFICIENT
1999-11-01,24,0,0,0,0,24,0,86336,COMPLETE_SUFFICIENT
1999-11-02,19,5,0,0,0,24,0,69477,COMPLETE_SUFFICIENT
1999-11-03,24,0,0,0,0,24,0,86385,COMPLETE_SUFFICIENT
1999-11-04,24,0,0,0,0,24,0,86368,COMPLETE_SUFFICIENT
1999-11-05,24,0,0,0,0,24,0,86376,COMPLETE_SUFFICIENT
1999-11-06,24,0,0,0,0,24,0,86280,COMPLETE_SUFFICIENT
1999-11-07,24,0,0,0,0,24,0,86400,COMPLETE_SUFFICIENT
1999-11-08,20,4,0,0,0,24,0,71362,COMPLETE_SUFFICIENT
1999-11-09,24,0,0,0,0,24,0,86224,COMPLETE_SUFFICIENT
1999-11-10,24,0,0,0,0,24,0,86184,COMPLETE_SUFFICIENT
1999-11-11,24,0,0,0,0,24,0,86321,COMPLETE_SUFFICIENT
1999-11-12,19,5,0,0,0,24,0,69469,COMPLETE_SUFFICIENT
1999-11-13,24,0,0,0,0,24,0,86392,COMPLETE_SUFFICIENT
1999-11-14,24,0,0,0,0,24,0,86096,COMPLETE_SUFFICIENT
1999-11-15,24,0,0,0,0,24,0,86056,COMPLETE_SUFFICIENT
1999-11-16,22,2,0,0,0,24,0,78410,COMPLETE_SUFFICIENT
1999-11-17,22,2,0,0,0,24,0,79634,COMPLETE_SUFFICIENT
1999-11-18,19,5,0,0,0,24,0,69500,COMPLETE_SUFFICIENT
1999-11-19,24,0,0,0,0,24,0,86305,COMPLETE_SUFFICIENT
1999-11-20,24,0,0,0,0,24,0,86360,COMPLETE_SUFFICIENT
1999-11-21,24,0,0,0,0,24,0,86376,COMPLETE_SUFFICIENT
1999-11-22,24,0,0,0,0,24,0,86376,COMPLETE_SUFFICIENT
1999-11-23,24,0,0,0,0,24,0,86392,COMPLETE_SUFFICIENT
1999-11-24,20,4,0,0,0,24,0,71670,COMPLETE_SUFFICIENT
1999-11-25,24,0,0,0,0,24,0,86312,COMPLETE_SUFFICIENT
1999-11-26,24,0,0,0,0,24,0,86360,COMPLETE_SUFFICIENT
1999-11-27,24,0,0,0,0,24,0,86360,COMPLETE_SUFFICIENT
1999-11-28,24,0,0,0,0,24,0,86297,COMPLETE_SUFFICIENT
1999-11-29,24,0,0,0,0,24,0,86336,COMPLETE_SUFFICIENT
1999-11-30,19,5,0,0,0,24,0,68101,COMPLETE_SUFFICIENT
1999-12-01,24,0,0,0,0,24,0,86376,COMPLETE_SUFFICIENT
1999-12-02,24,0,0,0,0,24,0,86368,COMPLETE_SUFFICIENT
1999-12-03,24,0,0,0,0,24,0,86352,COMPLETE_SUFFICIENT
1999-12-04,24,0,0,0,0,24,0,86360,COMPLETE_SUFFICIENT
1999-12-05,24,0,0,0,0,24,0,86216,COMPLETE_SUFFICIENT
1999-12-06,24,0,0,0,0,24,0,86209,COMPLETE_SUFFICIENT
1999-12-07,18,6,0,0,0,24,0,65314,COMPLETE_SUFFICIENT
1999-12-08,24,0,0,0,0,24,0,85616,COMPLETE_SUFFICIENT
1999-12-09,24,0,0,0,0,24,0,86256,COMPLETE_SUFFICIENT
1999-12-10,24,0,0,0,0,24,0,86328,COMPLETE_SUFFICIENT
1999-12-11,24,0,0,0,0,24,0,86312,COMPLETE_SUFFICIENT
1999-12-12,24,0,0,0,0,24,0,86344,COMPLETE_SUFFICIENT
1999-12-13,24,0,0,0,0,24,0,86392,COMPLETE_SUFFICIENT
1999-12-14,20,4,0,0,0,24,0,72065,COMPLETE_SUFFICIENT
1999-12-15,24,0,0,0,0,24,0,86377,COMPLETE_SUFFICIENT
1999-12-16,24,0,0,0,0,24,0,86344,COMPLETE_SUFFICIENT
1999-12-17,24,0,0,0,0,24,0,86360,COMPLETE_SUFFICIENT
1999-12-18,24,0,0,0,0,24,0,86384,COMPLETE_SUFFICIENT
1999-12-19,24,0,0,0,0,24,0,86336,COMPLETE_SUFFICIENT
1999-12-20,24,0,0,0,0,24,0,86344,COMPLETE_SUFFICIENT
1999-12-21,20,4,0,0,0,24,0,72193,COMPLETE_SUFFICIENT
1999-12-22,24,0,0,0,0,24,0,86376,COMPLETE_SUFFICIENT
1999-12-23,24,0,0,0,0,24,0,86313,COMPLETE_SUFFICIENT
1999-12-24,24,0,0,0,0,24,0,86336,COMPLETE_SUFFICIENT
1999-12-25,24,0,0,0,0,24,0,86360,COMPLETE_SUFFICIENT
1999-12-26,24,0,0,0,0,24,0,86384,COMPLETE_SUFFICIENT
1999-12-27,24,0,0,0,0,24,0,86200,COMPLETE_SUFFICIENT
1999-12-28,20,4,0,0,0,24,0,72011,COMPLETE_SUFFICIENT
1999-12-29,24,0,0,0,0,24,0,86328,COMPLETE_SUFFICIENT
1999-12-30,24,0,0,0,0,24,0,86360,COMPLETE_SUFFICIENT
1999-12-31,24,0,0,0,0,24,0,86188,COMPLETE_SUFFICIENT
2000-01-01,24,0,0,0,0,24,0,86365,COMPLETE_SUFFICIENT
2000-01-02,24,0,0,0,0,24,0,86176,COMPLETE_SUFFICIENT
2000-01-03,24,0,0,0,0,24,0,85944,COMPLETE_SUFFICIENT
2000-01-04,24,0,0,0,0,24,0,86248,COMPLETE_SUFFICIENT
2000-01-05,24,0,0,0,0,24,0,86304,COMPLETE_SUFFICIENT
2000-01-06,20,4,0,0,0,24,0,71104,COMPLETE_SUFFICIENT
2000-01-07,24,0,0,0,0,24,0,86336,COMPLETE_SUFFICIENT
2000-01-08,24,0,0,0,0,24,0,86304,COMPLETE_SUFFICIENT
2000-01-09,24,0,0,0,0,24,0,86225,COMPLETE_SUFFICIENT
2000-01-10,24,0,0,0,0,24,0,86384,COMPLETE_SUFFICIENT
2000-01-11,24,0,0,0,0,24,0,86376,COMPLETE_SUFFICIENT
2000-01-12,24,0,0,0,0,24,0,86376,COMPLETE_SUFFICIENT
2000-01-13,24,0,0,0,0,24,0,86352,COMPLETE_SUFFICIENT
2000-01-14,20,4,0,0,0,24,0,71032,COMPLETE_SUFFICIENT
2000-01-15,24,0,0,0,0,24,0,86352,COMPLETE_SUFFICIENT
2000-01-16,24,0,0,0,0,24,0,86384,COMPLETE_SUFFICIENT
2000-01-17,24,0,0,0,0,24,0,86368,COMPLETE_SUFFICIENT
2000-01-18,24,0,0,0,0,24,0,86401,COMPLETE_SUFFICIENT
2000-01-19,24,0,0,0,0,24,0,86336,COMPLETE_SUFFICIENT
2000-01-20,24,0,0,0,0,24,0,86304,COMPLETE_SUFFICIENT
2000-01-21,19,5,0,0,0,24,0,69501,COMPLETE_SUFFICIENT
2000-01-22,24,0,0,0,0,24,0,85856,COMPLETE_SUFFICIENT
2000-01-23,24,0,0,0,0,24,0,86400,COMPLETE_SUFFICIENT
2000-01-24,24,0,0,0,0,24,0,86376,COMPLETE_SUFFICIENT
2000-01-25,24,0,0,0,0,24,0,86368,COMPLETE_SUFFICIENT
2000-01-26,24,0,0,0,0,24,0,86337,COMPLETE_SUFFICIENT
2000-01-27,24,0,0,0,0,24,0,86368,COMPLETE_SUFFICIENT
2000-01-28,19,5,0,0,0,24,0,69357,COMPLETE_SUFFICIENT
2000-01-29,24,0,0,0,0,24,0,86216,COMPLETE_SUFFICIENT
2000-01-30,24,0,0,0,0,24,0,86256,COMPLETE_SUFFICIENT
2000-01-31,24,0,0,0,0,24,0,86216,COMPLETE_SUFFICIENT
2000-02-01,24,0,0,0,0,24,0,86312,COMPLETE_SUFFICIENT
2000-02-02,24,0,0,0,0,24,0,86264,COMPLETE_SUFFICIENT
2000-02-03,24,0,0,0,0,24,0,86288,COMPLETE_SUFFICIENT
2000-02-04,24,0,0,0,0,24,0,86313,COMPLETE_SUFFICIENT
2000-02-05,24,0,0,0,0,24,0,86336,COMPLETE_SUFFICIENT
2000-02-06,24,0,0,0,0,24,0,86304,COMPLETE_SUFFICIENT
2000-02-07,24,0,0,0,0,24,0,86400,COMPLETE_SUFFICIENT
2000-02-08,18,6,0,0,0,24,0,66014,COMPLETE_SUFFICIENT
2000-02-09,24,0,0,0,0,24,0,86368,COMPLETE_SUFFICIENT
2000-02-10,24,0,0,0,0,24,0,86392,COMPLETE_SUFFICIENT
2000-02-11,24,0,0,0,0,24,0,86392,COMPLETE_SUFFICIENT
2000-02-12,24,0,0,0,0,24,0,86385,COMPLETE_SUFFICIENT
2000-02-13,24,0,0,0,0,24,0,86320,COMPLETE_SUFFICIENT
2000-02-14,24,0,0,0,0,24,0,86360,COMPLETE_SUFFICIENT
2000-02-15,24,0,0,0,0,24,0,86384,COMPLETE_SUFFICIENT
2000-02-16,24,0,0,0,0,24,0,86392,COMPLETE_SUFFICIENT
2000-02-17,15,9,0,0,0,24,0,55551,COMPLETE_SUFFICIENT
2000-02-18,19,5,0,0,0,24,0,68012,COMPLETE_SUFFICIENT
2000-02-19,22,2,0,0,0,24,0,79642,COMPLETE_SUFFICIENT
2000-02-20,24,0,0,0,0,24,0,86377,COMPLETE_SUFFICIENT
2000-02-21,24,0,0,0,0,24,0,86368,COMPLETE_SUFFICIENT
2000-02-22,24,0,0,0,0,24,0,86360,COMPLETE_SUFFICIENT
2000-02-23,24,0,0,0,0,24,0,86392,COMPLETE_SUFFICIENT
2000-02-24,24,0,0,0,0,24,0,86312,COMPLETE_SUFFICIENT
2000-02-25,24,0,0,0,0,24,0,86072,COMPLETE_SUFFICIENT
2000-02-26,24,0,0,0,0,24,0,86224,COMPLETE_SUFFICIENT
2000-02-27,24,0,0,0,0,24,0,86200,COMPLETE_SUFFICIENT
2000-02-28,20,4,0,0,0,24,0,72059,COMPLETE_SUFFICIENT
2000-02-29,24,0,0,0,0,24,0,86345,COMPLETE_SUFFICIENT
2000-03-01,24,0,0,0,0,24,0,86360,COMPLETE_SUFFICIENT
2000-03-02,24,0,0,0,0,24,0,86368,COMPLETE_SUFFICIENT
2000-03-03,24,0,0,0,0,24,0,86320,COMPLETE_SUFFICIENT
2000-03-04,24,0,0,0,0,24,0,86296,COMPLETE_SUFFICIENT
2000-03-05,24,0,0,0,0,24,0,86392,COMPLETE_SUFFICIENT
2000-03-06,24,0,0,0,0,24,0,86400,COMPLETE_SUFFICIENT
2000-03-07,24,0,0,0,0,24,0,86400,COMPLETE_SUFFICIENT
2000-03-08,20,4,0,0,0,24,0,72175,COMPLETE_SUFFICIENT
2000-03-09,20,4,0,0,0,24,0,72427,COMPLETE_SUFFICIENT
2000-03-10,24,0,0,0,0,24,0,86392,COMPLETE_SUFFICIENT
2000-03-11,24,0,0,0,0,24,0,86336,COMPLETE_SUFFICIENT
2000-03-12,24,0,0,0,0,24,0,86368,COMPLETE_SUFFICIENT
2000-03-13,24,0,0,0,0,24,0,86392,COMPLETE_SUFFICIENT
2000-03-14,24,0,0,0,0,24,0,86272,COMPLETE_SUFFICIENT
2000-03-15,24,0,0,0,0,24,0,86400,COMPLETE_SUFFICIENT
2000-03-16,24,0,0,0,0,24,0,86385,COMPLETE_SUFFICIENT
2000-03-17,20,4,0,0,0,24,0,72176,COMPLETE_SUFFICIENT
2000-03-18,24,0,0,0,0,24,0,86328,COMPLETE_SUFFICIENT
2000-03-19,24,0,0,0,0,24,0,86392,COMPLETE_SUFFICIENT
2000-03-20,24,0,0,0,0,24,0,86368,COMPLETE_SUFFICIENT
2000-03-21,24,0,0,0,0,24,0,86360,COMPLETE_SUFFICIENT
2000-03-22,24,0,0,0,0,24,0,86360,COMPLETE_SUFFICIENT
2000-03-23,24,0,0,0,0,24,0,86312,COMPLETE_SUFFICIENT
2000-03-24,20,4,0,0,0,24,0,71960,COMPLETE_SUFFICIENT
2000-03-25,24,0,0,0,0,24,0,86321,COMPLETE_SUFFICIENT
2000-03-26,24,0,0,0,0,24,0,86264,COMPLETE_SUFFICIENT
2000-03-27,24,0,0,0,0,24,0,86328,COMPLETE_SUFFICIENT
2000-03-28,24,0,0,0,0,24,0,86368,COMPLETE_SUFFICIENT
2000-03-29,24,0,0,0,0,24,0,86392,COMPLETE_SUFFICIENT
2000-03-30,24,0,0,0,0,24,0,86384,COMPLETE_SUFFICIENT
2000-03-31,19,5,0,0,0,24,0,69509,COMPLETE_SUFFICIENT
2000-04-01,24,0,0,0,0,24,0,86336,COMPLETE_SUFFICIENT
2000-04-02,24,0,0,0,0,24,0,86401,COMPLETE_SUFFICIENT
2000-04-03,24,0,0,0,0,24,0,86344,COMPLETE_SUFFICIENT
2000-04-04,24,0,0,0,0,24,0,86352,COMPLETE_SUFFICIENT
2000-04-05,24,0,0,0,0,24,0,86352,COMPLETE_SUFFICIENT
2000-04-06,20,4,0,0,0,24,0,72040,COMPLETE_SUFFICIENT
2000-04-07,24,0,0,0,0,24,0,86392,COMPLETE_SUFFICIENT
2000-04-08,24,0,0,0,0,24,0,86384,COMPLETE_SUFFICIENT
2000-04-09,24,0,0,0,0,24,0,86400,COMPLETE_SUFFICIENT
2000-04-10,24,0,0,0,0,24,0,86377,COMPLETE_SUFFICIENT
2000-04-11,24,0,0,0,0,24,0,86392,COMPLETE_SUFFICIENT
2000-04-12,19,5,0,0,0,24,0,69509,COMPLETE_SUFFICIENT
2000-04-13,24,0,0,0,0,24,0,86376,COMPLETE_SUFFICIENT
2000-04-14,24,0,0,0,0,24,0,86280,COMPLETE_SUFFICIENT
2000-04-15,24,0,0,0,0,24,0,86400,COMPLETE_SUFFICIENT
2000-04-16,24,0,0,0,0,24,0,86328,COMPLETE_SUFFICIENT
2000-04-17,24,0,0,0,0,24,0,86368,COMPLETE_SUFFICIENT
2000-04-18,20,4,0,0,0,24,0,71845,COMPLETE_SUFFICIENT
2000-04-19,24,0,0,0,0,24,0,86376,COMPLETE_SUFFICIENT
2000-04-20,24,0,0,0,0,24,0,86368,COMPLETE_SUFFICIENT
2000-04-21,24,0,0,0,0,24,0,86328,COMPLETE_SUFFICIENT
2000-04-22,24,0,0,0,0,24,0,86360,COMPLETE_SUFFICIENT
2000-04-23,24,0,0,0,0,24,0,86344,COMPLETE_SUFFICIENT
2000-04-24,20,4,0,0,0,24,0,71778,COMPLETE_SUFFICIENT
2000-04-25,24,0,0,0,0,24,0,86376,COMPLETE_SUFFICIENT
2000-04-26,24,0,0,0,0,24,0,86369,COMPLETE_SUFFICIENT
2000-04-27,24,0,0,0,0,24,0,86376,COMPLETE_SUFFICIENT
2000-04-28,24,0,0,0,0,24,0,86384,COMPLETE_SUFFICIENT
2000-04-29,24,0,0,0,0,24,0,86392,COMPLETE_SUFFICIENT
2000-04-30,20,4,0,0,0,24,0,71972,COMPLETE_SUFFICIENT
2000-05-01,24,0,0,0,0,24,0,86400,COMPLETE_SUFFICIENT
2000-05-02,24,0,0,0,0,24,0,86376,COMPLETE_SUFFICIENT
2000-05-03,20,4,0,0,0,24,0,71715,COMPLETE_SUFFICIENT
2000-05-04,24,0,0,0,0,24,0,86369,COMPLETE_SUFFICIENT
2000-05-05,24,0,0,0,0,24,0,86392,COMPLETE_SUFFICIENT
2000-05-06,24,0,0,0,0,24,0,86392,COMPLETE_SUFFICIENT
2000-05-07,24,0,0,0,0,24,0,86352,COMPLETE_SUFFICIENT
2000-05-08,24,0,0,0,0,24,0,86384,COMPLETE_SUFFICIENT
2000-05-09,20,4,0,0,0,24,0,71866,COMPLETE_SUFFICIENT
2000-05-10,24,0,0,0,0,24,0,86384,COMPLETE_SUFFICIENT
2000-05-11,24,0,0,0,0,24,0,86377,COMPLETE_SUFFICIENT
2000-05-12,24,0,0,0,0,24,0,86384,COMPLETE_SUFFICIENT
2000-05-13,24,0,0,0,0,24,0,86392,COMPLETE_SUFFICIENT
2000-05-14,24,0,0,0,0,24,0,86368,COMPLETE_SUFFICIENT
2000-05-15,20,4,0,0,0,24,0,71136,COMPLETE_SUFFICIENT
2000-05-16,24,0,0,0,0,24,0,86392,COMPLETE_SUFFICIENT
2000-05-17,24,0,0,0,0,24,0,86304,COMPLETE_SUFFICIENT
2000-05-18,24,0,0,0,0,24,0,86400,COMPLETE_SUFFICIENT
2000-05-19,24,0,0,0,0,24,0,86337,COMPLETE_SUFFICIENT
2000-05-20,24,0,0,0,0,24,0,86376,COMPLETE_SUFFICIENT
2000-05-21,24,0,0,0,0,24,0,86384,COMPLETE_SUFFICIENT
2000-05-22,18,6,0,0,0,24,0,66134,COMPLETE_SUFFICIENT
2000-05-23,24,0,0,0,0,24,0,86304,COMPLETE_SUFFICIENT
2000-05-24,24,0,0,0,0,24,0,86368,COMPLETE_SUFFICIENT
2000-05-25,24,0,0,0,0,24,0,86400,COMPLETE_SUFFICIENT
2000-05-26,19,5,0,0,0,24,0,69517,COMPLETE_SUFFICIENT
2000-05-27,24,0,0,0,0,24,0,86401,COMPLETE_SUFFICIENT
2000-05-28,24,0,0,0,0,24,0,86384,COMPLETE_SUFFICIENT
2000-05-29,24,0,0,0,0,24,0,86392,COMPLETE_SUFFICIENT
2000-05-30,24,0,0,0,0,24,0,86400,COMPLETE_SUFFICIENT
2000-05-31,24,0,0,0,0,24,0,86376,COMPLETE_SUFFICIENT
2000-06-01,24,0,0,0,0,24,0,86376,COMPLETE_SUFFICIENT
2000-06-02,20,4,0,0,0,24,0,71463,COMPLETE_SUFFICIENT
2000-06-03,24,0,0,0,0,24,0,86400,COMPLETE_SUFFICIENT
2000-06-04,24,0,0,0,0,24,0,86393,COMPLETE_SUFFICIENT
2000-06-05,24,0,0,0,0,24,0,86400,COMPLETE_SUFFICIENT
2000-06-06,24,0,0,0,0,24,0,86344,COMPLETE_SUFFICIENT
2000-06-07,24,0,0,0,0,24,0,86296,COMPLETE_SUFFICIENT
2000-06-08,24,0,0,0,0,24,0,86360,COMPLETE_SUFFICIENT
2000-06-09,20,4,0,0,0,24,0,71250,COMPLETE_SUFFICIENT
2000-06-10,24,0,0,0,0,24,0,86360,COMPLETE_SUFFICIENT
2000-06-11,24,0,0,0,0,24,0,86400,COMPLETE_SUFFICIENT
2000-06-12,24,0,0,0,0,24,0,86337,COMPLETE_SUFFICIENT
2000-06-13,24,0,0,0,0,24,0,86368,COMPLETE_SUFFICIENT
2000-06-14,24,0,0,0,0,24,0,86376,COMPLETE_SUFFICIENT
2000-06-15,24,0,0,0,0,24,0,86360,COMPLETE_SUFFICIENT
2000-06-16,20,4,0,0,0,24,0,72141,COMPLETE_SUFFICIENT
2000-06-17,24,0,0,0,0,24,0,86328,COMPLETE_SUFFICIENT
2000-06-18,24,0,0,0,0,24,0,86400,COMPLETE_SUFFICIENT
2000-06-19,24,0,0,0,0,24,0,86385,COMPLETE_SUFFICIENT
2000-06-20,24,0,0,0,0,24,0,86376,COMPLETE_SUFFICIENT
2000-06-21,24,0,0,0,0,24,0,86384,COMPLETE_SUFFICIENT
2000-06-22,24,0,0,0,0,24,0,86368,COMPLETE_SUFFICIENT
2000-06-23,20,4,0,0,0,24,0,71408,COMPLETE_SUFFICIENT
2000-06-24,24,0,0,0,0,24,0,86320,COMPLETE_SUFFICIENT
2000-06-25,24,0,0,0,0,24,0,86400,COMPLETE_SUFFICIENT
2000-06-26,24,0,0,0,0,24,0,86384,COMPLETE_SUFFICIENT
2000-06-27,24,0,0,0,0,24,0,86353,COMPLETE_SUFFICIENT
2000-06-28,24,0,0,0,0,24,0,86368,COMPLETE_SUFFICIENT
2000-06-29,24,0,0,0,0,24,0,86400,COMPLETE_SUFFICIENT
2000-06-30,18,6,0,0,0,24,0,66134,COMPLETE_SUFFICIENT
2000-07-01,24,0,0,0,0,24,0,86376,COMPLETE_SUFFICIENT
2000-07-02,24,0,0,0,0,24,0,86376,COMPLETE_SUFFICIENT
2000-07-03,24,0,0,0,0,24,0,86400,COMPLETE_SUFFICIENT
2000-07-04,24,0,0,0,0,24,0,86368,COMPLETE_SUFFICIENT
2000-07-05,24,0,0,0,0,24,0,86385,COMPLETE_SUFFICIENT
2000-07-06,24,0,0,0,0,24,0,86368,COMPLETE_SUFFICIENT
2000-07-07,20,4,0,0,0,24,0,71741,COMPLETE_SUFFICIENT
2000-07-08,24,0,0,0,0,24,0,86360,COMPLETE_SUFFICIENT
2000-07-09,24,0,0,0,0,24,0,86368,COMPLETE_SUFFICIENT
2000-07-10,24,0,0,0,0,24,0,86376,COMPLETE_SUFFICIENT
2000-07-11,24,0,0,0,0,24,0,86376,COMPLETE_SUFFICIENT
2000-07-12,24,0,0,0,0,24,0,86384,COMPLETE_SUFFICIENT
2000-07-13,24,0,0,0,0,24,0,86393,COMPLETE_SUFFICIENT
2000-07-14,24,0,0,0,0,24,0,86312,COMPLETE_SUFFICIENT
2000-07-15,24,0,0,0,0,24,0,86296,COMPLETE_SUFFICIENT
2000-07-16,24,0,0,0,0,24,0,86400,COMPLETE_SUFFICIENT
2000-07-17,24,0,0,0,0,24,0,86392,COMPLETE_SUFFICIENT
2000-07-18,20,4,0,0,0,24,0,71855,COMPLETE_SUFFICIENT
2000-07-19,24,0,0,0,0,24,0,86352,COMPLETE_SUFFICIENT
2000-07-20,24,0,0,0,0,24,0,86384,COMPLETE_SUFFICIENT
2000-07-21,24,0,0,0,0,24,0,86393,COMPLETE_SUFFICIENT
2000-07-22,24,0,0,0,0,24,0,86384,COMPLETE_SUFFICIENT
2000-07-23,24,0,0,0,0,24,0,86376,COMPLETE_SUFFICIENT
2000-07-24,24,0,0,0,0,24,0,86400,COMPLETE_SUFFICIENT
2000-07-25,24,0,0,0,0,24,0,86384,COMPLETE_SUFFICIENT
2000-07-26,24,0,0,0,0,24,0,86400,COMPLETE_SUFFICIENT
2000-07-27,24,0,0,0,0,24,0,86386,COMPLETE_SUFFICIENT
2000-07-28,20,4,0,0,0,24,0,72182,COMPLETE_SUFFICIENT
2000-07-29,24,0,0,0,0,24,0,86376,COMPLETE_SUFFICIENT
2000-07-30,24,0,0,0,0,24,0,86384,COMPLETE_SUFFICIENT
2000-07-31,24,0,0,0,0,24,0,86368,COMPLETE_SUFFICIENT
2000-08-01,24,0,0,0,0,24,0,86352,COMPLETE_SUFFICIENT
2000-08-02,24,0,0,0,0,24,0,86368,COMPLETE_SUFFICIENT
2000-08-03,24,0,0,0,0,24,0,86336,COMPLETE_SUFFICIENT
2000-08-04,24,0,0,0,0,24,0,86344,COMPLETE_SUFFICIENT
2000-08-05,24,0,0,0,0,24,0,86352,COMPLETE_SUFFICIENT
2000-08-06,24,0,0,0,0,24,0,86352,COMPLETE_SUFFICIENT
2000-08-07,24,0,0,0,0,24,0,86280,COMPLETE_SUFFICIENT
2000-08-08,24,0,0,0,0,24,0,86376,COMPLETE_SUFFICIENT
2000-08-09,20,4,0,0,0,24,0,71207,COMPLETE_SUFFICIENT
2000-08-10,24,0,0,0,0,24,0,86384,COMPLETE_SUFFICIENT
2000-08-11,24,0,0,0,0,24,0,86392,COMPLETE_SUFFICIENT
2000-08-12,24,0,0,0,0,24,0,86384,COMPLETE_SUFFICIENT
2000-08-13,24,0,0,0,0,24,0,86393,COMPLETE_SUFFICIENT
2000-08-14,24,0,0,0,0,24,0,86384,COMPLETE_SUFFICIENT
2000-08-15,24,0,0,0,0,24,0,86352,COMPLETE_SUFFICIENT
2000-08-16,24,0,0,0,0,24,0,86368,COMPLETE_SUFFICIENT
2000-08-17,16,8,0,0,0,24,0,57648,COMPLETE_SUFFICIENT
2000-08-18,18,6,0,0,0,24,0,64871,COMPLETE_SUFFICIENT
2000-08-19,24,0,0,0,0,24,0,86368,COMPLETE_SUFFICIENT
2000-08-20,24,0,0,0,0,24,0,86392,COMPLETE_SUFFICIENT
2000-08-21,24,0,0,0,0,24,0,86401,COMPLETE_SUFFICIENT
2000-08-22,24,0,0,0,0,24,0,86400,COMPLETE_SUFFICIENT
2000-08-23,24,0,0,0,0,24,0,86392,COMPLETE_SUFFICIENT
2000-08-24,24,0,0,0,0,24,0,86392,COMPLETE_SUFFICIENT
2000-08-25,24,0,0,0,0,24,0,86400,COMPLETE_SUFFICIENT
2000-08-26,24,0,0,0,0,24,0,86400,COMPLETE_SUFFICIENT
2000-08-27,24,0,0,0,0,24,0,86360,COMPLETE_SUFFICIENT
2000-08-28,24,0,0,0,0,24,0,86369,COMPLETE_SUFFICIENT
2000-08-29,20,4,0,0,0,24,0,72078,COMPLETE_SUFFICIENT
2000-08-30,20,4,0,0,0,24,0,71807,COMPLETE_SUFFICIENT
2000-08-31,24,0,0,0,0,24,0,86296,COMPLETE_SUFFICIENT
2000-09-01,24,0,0,0,0,24,0,86344,COMPLETE_SUFFICIENT
2000-09-02,24,0,0,0,0,24,0,86400,COMPLETE_SUFFICIENT
2000-09-03,24,0,0,0,0,24,0,86400,COMPLETE_SUFFICIENT
2000-09-04,24,0,0,0,0,24,0,86392,COMPLETE_SUFFICIENT
2000-09-05,24,0,0,0,0,24,0,86401,COMPLETE_SUFFICIENT
2000-09-06,24,0,0,0,0,24,0,86384,COMPLETE_SUFFICIENT
2000-09-07,24,0,0,0,0,24,0,86392,COMPLETE_SUFFICIENT
2000-09-08,19,5,0,0,0,24,0,69517,COMPLETE_SUFFICIENT
2000-09-09,24,0,0,0,0,24,0,86400,COMPLETE_SUFFICIENT
2000-09-10,24,0,0,0,0,24,0,86392,COMPLETE_SUFFICIENT
2000-09-11,24,0,0,0,0,24,0,86400,COMPLETE_SUFFICIENT
2000-09-12,24,0,0,0,0,24,0,86376,COMPLETE_SUFFICIENT
2000-09-13,24,0,0,0,0,24,0,86393,COMPLETE_SUFFICIENT
2000-09-14,19,5,0,0,0,24,0,69509,COMPLETE_SUFFICIENT
2000-09-15,24,0,0,0,0,24,0,86368,COMPLETE_SUFFICIENT
2000-09-16,24,0,0,0,0,24,0,86368,COMPLETE_SUFFICIENT
2000-09-17,24,0,0,0,0,24,0,86352,COMPLETE_SUFFICIENT
2000-09-18,24,0,0,0,0,24,0,86384,COMPLETE_SUFFICIENT
2000-09-19,24,0,0,0,0,24,0,86392,COMPLETE_SUFFICIENT
2000-09-20,24,0,0,0,0,24,0,86392,COMPLETE_SUFFICIENT
2000-09-21,20,4,0,0,0,24,0,71321,COMPLETE_SUFFICIENT
2000-09-22,24,0,0,0,0,24,0,86384,COMPLETE_SUFFICIENT
2000-09-23,24,0,0,0,0,24,0,86392,COMPLETE_SUFFICIENT
2000-09-24,24,0,0,0,0,24,0,86360,COMPLETE_SUFFICIENT
2000-09-25,24,0,0,0,0,24,0,86392,COMPLETE_SUFFICIENT
2000-09-26,24,0,0,0,0,24,0,86344,COMPLETE_SUFFICIENT
2000-09-27,24,0,0,0,0,24,0,86376,COMPLETE_SUFFICIENT
2000-09-28,20,4,0,0,0,24,0,71438,COMPLETE_SUFFICIENT
2000-09-29,24,0,0,0,0,24,0,86401,COMPLETE_SUFFICIENT
2000-09-30,24,0,0,0,0,24,0,86392,COMPLETE_SUFFICIENT
2000-10-01,24,0,0,0,0,24,0,86392,COMPLETE_SUFFICIENT
2000-10-02,24,0,0,0,0,24,0,86384,COMPLETE_SUFFICIENT
2000-10-03,24,0,0,0,0,24,0,86384,COMPLETE_SUFFICIENT
2000-10-04,24,0,0,0,0,24,0,86384,COMPLETE_SUFFICIENT
2000-10-05,20,4,0,0,0,24,0,71981,COMPLETE_SUFFICIENT
2000-10-06,24,0,0,0,0,24,0,86376,COMPLETE_SUFFICIENT
2000-10-07,24,0,0,0,0,24,0,86401,COMPLETE_SUFFICIENT
2000-10-08,24,0,0,0,0,24,0,86400,COMPLETE_SUFFICIENT
2000-10-09,24,0,0,0,0,24,0,86400,COMPLETE_SUFFICIENT
2000-10-10,24,0,0,0,0,24,0,86376,COMPLETE_SUFFICIENT
2000-10-11,24,0,0,0,0,24,0,86384,COMPLETE_SUFFICIENT
2000-10-12,20,4,0,0,0,24,0,71605,COMPLETE_SUFFICIENT
2000-10-13,24,0,0,0,0,24,0,86360,COMPLETE_SUFFICIENT
2000-10-14,24,0,0,0,0,24,0,86400,COMPLETE_SUFFICIENT
2000-10-15,24,0,0,0,0,24,0,86401,COMPLETE_SUFFICIENT
2000-10-16,24,0,0,0,0,24,0,86400,COMPLETE_SUFFICIENT
2000-10-17,24,0,0,0,0,24,0,86360,COMPLETE_SUFFICIENT
2000-10-18,20,4,0,0,0,24,0,72124,COMPLETE_SUFFICIENT
2000-10-19,24,0,0,0,0,24,0,86392,COMPLETE_SUFFICIENT
2000-10-20,24,0,0,0,0,24,0,86376,COMPLETE_SUFFICIENT
2000-10-21,24,0,0,0,0,24,0,86360,COMPLETE_SUFFICIENT
2000-10-22,24,0,0,0,0,24,0,86385,COMPLETE_SUFFICIENT
2000-10-23,24,0,0,0,0,24,0,86360,COMPLETE_SUFFICIENT
2000-10-24,20,4,0,0,0,24,0,71426,COMPLETE_SUFFICIENT
2000-10-25,24,0,0,0,0,24,0,86392,COMPLETE_SUFFICIENT
2000-10-26,24,0,0,0,0,24,0,86400,COMPLETE_SUFFICIENT
2000-10-27,24,0,0,0,0,24,0,86392,COMPLETE_SUFFICIENT
2000-10-28,24,0,0,0,0,24,0,86376,COMPLETE_SUFFICIENT
2000-10-29,24,0,0,0,0,24,0,86400,COMPLETE_SUFFICIENT
2000-10-30,19,5,0,0,0,24,0,69518,COMPLETE_SUFFICIENT
2000-10-31,24,0,0,0,0,24,0,86392,COMPLETE_SUFFICIENT
2000-11-01,24,0,0,0,0,24,0,86392,COMPLETE_SUFFICIENT
2000-11-02,24,0,0,0,0,24,0,86384,COMPLETE_SUFFICIENT
2000-11-03,19,5,0,0,0,24,0,69509,COMPLETE_SUFFICIENT
2000-11-04,24,0,0,0,0,24,0,86400,COMPLETE_SUFFICIENT
2000-11-05,24,0,0,0,0,24,0,86384,COMPLETE_SUFFICIENT
2000-11-06,24,0,0,0,0,24,0,86368,COMPLETE_SUFFICIENT
2000-11-07,24,0,0,0,0,24,0,86392,COMPLETE_SUFFICIENT
2000-11-08,24,0,0,0,0,24,0,86385,COMPLETE_SUFFICIENT
2000-11-09,19,5,0,0,0,24,0,68109,COMPLETE_SUFFICIENT
2000-11-10,24,0,0,0,0,24,0,86360,COMPLETE_SUFFICIENT
2000-11-11,24,0,0,0,0,24,0,86392,COMPLETE_SUFFICIENT
2000-11-12,24,0,0,0,0,24,0,86376,COMPLETE_SUFFICIENT
2000-11-13,24,0,0,0,0,24,0,86392,COMPLETE_SUFFICIENT
2000-11-14,24,0,0,0,0,24,0,86400,COMPLETE_SUFFICIENT
2000-11-15,18,6,0,0,0,24,0,66134,COMPLETE_SUFFICIENT
2000-11-16,24,0,0,0,0,24,0,86385,COMPLETE_SUFFICIENT
2000-11-17,24,0,0,0,0,24,0,86360,COMPLETE_SUFFICIENT
2000-11-18,24,0,0,0,0,24,0,86384,COMPLETE_SUFFICIENT
2000-11-19,24,0,0,0,0,24,0,86384,COMPLETE_SUFFICIENT
2000-11-20,24,0,0,0,0,24,0,86392,COMPLETE_SUFFICIENT
2000-11-21,24,0,0,0,0,24,0,86384,COMPLETE_SUFFICIENT
2000-11-22,19,5,0,0,0,24,0,68108,COMPLETE_SUFFICIENT
2000-11-23,24,0,0,0,0,24,0,86384,COMPLETE_SUFFICIENT
2000-11-24,24,0,0,0,0,24,0,86385,COMPLETE_SUFFICIENT
2000-11-25,24,0,0,0,0,24,0,86392,COMPLETE_SUFFICIENT
2000-11-26,24,0,0,0,0,24,0,86200,COMPLETE_SUFFICIENT
2000-11-27,24,0,0,0,0,24,0,86216,COMPLETE_SUFFICIENT
2000-11-28,20,4,0,0,0,24,0,72165,COMPLETE_SUFFICIENT
2000-11-29,24,0,0,0,0,24,0,86400,COMPLETE_SUFFICIENT
2000-11-30,24,0,0,0,0,24,0,86392,COMPLETE_SUFFICIENT
2000-12-01,24,0,0,0,0,24,0,86392,COMPLETE_SUFFICIENT
2000-12-02,24,0,0,0,0,24,0,86401,COMPLETE_SUFFICIENT
2000-12-03,24,0,0,0,0,24,0,86384,COMPLETE_SUFFICIENT
2000-12-04,24,0,0,0,0,24,0,86376,COMPLETE_SUFFICIENT
2000-12-05,19,5,0,0,0,24,0,68414,COMPLETE_SUFFICIENT
2000-12-06,24,0,0,0,0,24,0,86392,COMPLETE_SUFFICIENT
2000-12-07,24,0,0,0,0,24,0,86376,COMPLETE_SUFFICIENT
2000-12-08,24,0,0,0,0,24,0,86352,COMPLETE_SUFFICIENT
2000-12-09,24,0,0,0,0,24,0,86376,COMPLETE_SUFFICIENT
2000-12-10,24,0,0,0,0,24,0,86385,COMPLETE_SUFFICIENT
2000-12-11,24,0,0,0,0,24,0,86400,COMPLETE_SUFFICIENT
2000-12-12,19,5,0,0,0,24,0,69493,COMPLETE_SUFFICIENT
2000-12-13,24,0,0,0,0,24,0,86328,COMPLETE_SUFFICIENT
2000-12-14,24,0,0,0,0,24,0,86384,COMPLETE_SUFFICIENT
2000-12-15,24,0,0,0,0,24,0,86384,COMPLETE_SUFFICIENT
2000-12-16,24,0,0,0,0,24,0,86384,COMPLETE_SUFFICIENT
2000-12-17,24,0,0,0,0,24,0,86376,COMPLETE_SUFFICIENT
2000-12-18,24,0,0,0,0,24,0,86401,COMPLETE_SUFFICIENT
2000-12-19,24,0,0,0,0,24,0,86392,COMPLETE_SUFFICIENT
2000-12-20,24,0,0,0,0,24,0,86400,COMPLETE_SUFFICIENT
2000-12-21,20,4,0,0,0,24,0,72102,COMPLETE_SUFFICIENT
2000-12-22,24,0,0,0,0,24,0,86400,COMPLETE_SUFFICIENT
2000-12-23,24,0,0,0,0,24,0,86392,COMPLETE_SUFFICIENT
2000-12-24,24,0,0,0,0,24,0,86400,COMPLETE_SUFFICIENT
2000-12-25,24,0,0,0,0,24,0,86384,COMPLETE_SUFFICIENT
2000-12-26,24,0,0,0,0,24,0,86401,COMPLETE_SUFFICIENT
2000-12-27,24,0,0,0,0,24,0,86384,COMPLETE_SUFFICIENT
2000-12-28,19,5,0,0,0,24,0,69517,COMPLETE_SUFFICIENT
2000-12-29,24,0,0,0,0,24,0,86384,COMPLETE_SUFFICIENT
2000-12-30,24,0,0,0,0,24,0,86168,COMPLETE_SUFFICIENT
2000-12-31,24,0,0,0,0,24,0,86352,COMPLETE_SUFFICIENT
2001-01-01,24,0,0,0,0,24,0,86224,COMPLETE_SUFFICIENT
2001-01-02,24,0,0,0,0,24,0,86360,COMPLETE_SUFFICIENT
2001-01-03,24,0,0,0,0,24,0,86345,COMPLETE_SUFFICIENT
2001-01-04,18,6,0,0,0,24,0,66142,COMPLETE_SUFFICIENT
2001-01-05,24,0,0,0,0,24,0,86384,COMPLETE_SUFFICIENT
2001-01-06,24,0,0,0,0,24,0,86392,COMPLETE_SUFFICIENT
2001-01-07,24,0,0,0,0,24,0,86400,COMPLETE_SUFFICIENT
2001-01-08,24,0,0,0,0,24,0,86384,COMPLETE_SUFFICIENT
2001-01-09,24,0,0,0,0,24,0,86360,COMPLETE_SUFFICIENT
2001-01-10,24,0,0,0,0,24,0,86384,COMPLETE_SUFFICIENT
2001-01-11,24,0,0,0,0,24,0,86401,COMPLETE_SUFFICIENT
2001-01-12,24,0,0,0,0,24,0,86400,COMPLETE_SUFFICIENT
2001-01-13,24,0,0,0,0,24,0,86400,COMPLETE_SUFFICIENT
2001-01-14,24,0,0,0,0,24,0,86360,COMPLETE_SUFFICIENT
2001-01-15,24,0,0,0,0,24,0,86360,COMPLETE_SUFFICIENT
2001-01-16,20,4,0,0,0,24,0,72003,COMPLETE_SUFFICIENT
2001-01-17,24,0,0,0,0,24,0,86344,COMPLETE_SUFFICIENT
2001-01-18,24,0,0,0,0,24,0,86392,COMPLETE_SUFFICIENT
2001-01-19,24,0,0,0,0,24,0,86385,COMPLETE_SUFFICIENT
2001-01-20,24,0,0,0,0,24,0,86400,COMPLETE_SUFFICIENT
2001-01-21,24,0,0,0,0,24,0,86400,COMPLETE_SUFFICIENT
2001-01-22,24,0,0,0,0,24,0,86392,COMPLETE_SUFFICIENT
2001-01-23,24,0,0,0,0,24,0,86352,COMPLETE_SUFFICIENT
2001-01-24,24,0,0,0,0,24,0,86368,COMPLETE_SUFFICIENT
2001-01-25,24,0,0,0,0,24,0,86392,COMPLETE_SUFFICIENT
2001-01-26,20,4,0,0,0,24,0,71197,COMPLETE_SUFFICIENT
2001-01-27,24,0,0,0,0,24,0,86361,COMPLETE_SUFFICIENT
2001-01-28,24,0,0,0,0,24,0,86376,COMPLETE_SUFFICIENT
2001-01-29,24,0,0,0,0,24,0,86392,COMPLETE_SUFFICIENT
2001-01-30,24,0,0,0,0,24,0,86128,COMPLETE_SUFFICIENT
2001-01-31,24,0,0,0,0,24,0,86400,COMPLETE_SUFFICIENT
2001-02-01,24,0,0,0,0,24,0,86368,COMPLETE_SUFFICIENT
2001-02-02,24,0,0,0,0,24,0,86368,COMPLETE_SUFFICIENT
2001-02-03,24,0,0,0,0,24,0,86400,COMPLETE_SUFFICIENT
2001-02-04,24,0,0,0,0,24,0,86401,COMPLETE_SUFFICIENT
2001-02-05,24,0,0,0,0,24,0,86400,COMPLETE_SUFFICIENT
2001-02-06,18,6,0,0,0,24,0,66126,COMPLETE_SUFFICIENT
2001-02-07,14,10,0,0,0,24,0,50569,COMPLETE_SUFFICIENT
2001-02-08,24,0,0,0,0,24,0,86352,COMPLETE_SUFFICIENT
2001-02-09,24,0,0,0,0,24,0,86376,COMPLETE_SUFFICIENT
2001-02-10,24,0,0,0,0,24,0,86353,COMPLETE_SUFFICIENT
2001-02-11,24,0,0,0,0,24,0,86335,COMPLETE_SUFFICIENT
2001-02-12,24,0,0,0,0,24,0,86392,COMPLETE_SUFFICIENT
2001-02-13,24,0,0,0,0,24,0,86369,COMPLETE_SUFFICIENT
2001-02-14,24,0,0,0,0,24,0,86384,COMPLETE_SUFFICIENT
2001-02-15,24,0,0,0,0,24,0,86384,COMPLETE_SUFFICIENT
2001-02-16,20,4,0,0,0,24,0,72230,COMPLETE_SUFFICIENT
2001-02-17,24,0,0,0,0,24,0,86392,COMPLETE_SUFFICIENT
2001-02-18,24,0,0,0,0,24,0,86400,COMPLETE_SUFFICIENT
2001-02-19,24,0,0,0,0,24,0,86376,COMPLETE_SUFFICIENT
2001-02-20,24,0,0,0,0,24,0,86392,COMPLETE_SUFFICIENT
2001-02-21,24,0,0,0,0,24,0,86385,COMPLETE_SUFFICIENT
2001-02-22,24,0,0,0,0,24,0,86336,COMPLETE_SUFFICIENT
2001-02-23,19,5,0,0,0,24,0,67571,COMPLETE_SUFFICIENT
2001-02-24,24,0,0,0,0,24,0,86352,COMPLETE_SUFFICIENT
2001-02-25,24,0,0,0,0,24,0,86392,COMPLETE_SUFFICIENT
2001-02-26,24,0,0,0,0,24,0,84968,COMPLETE_SUFFICIENT
2001-02-27,24,0,0,0,0,24,0,86384,COMPLETE_SUFFICIENT
2001-02-28,24,0,0,0,0,24,0,86361,COMPLETE_SUFFICIENT
2001-03-01,24,0,0,0,0,24,0,86344,COMPLETE_SUFFICIENT
2001-03-02,20,4,0,0,0,24,0,71730,COMPLETE_SUFFICIENT
2001-03-03,24,0,0,0,0,24,0,86336,COMPLETE_SUFFICIENT
2001-03-04,24,0,0,0,0,24,0,86328,COMPLETE_SUFFICIENT
2001-03-05,24,0,0,0,0,24,0,86312,COMPLETE_SUFFICIENT
2001-03-06,24,0,0,0,0,24,0,86280,COMPLETE_SUFFICIENT
2001-03-07,24,0,0,0,0,24,0,86336,COMPLETE_SUFFICIENT
2001-03-08,24,0,0,0,0,24,0,86313,COMPLETE_SUFFICIENT
2001-03-09,20,4,0,0,0,24,0,71415,COMPLETE_SUFFICIENT
2001-03-10,24,0,0,0,0,24,0,86336,COMPLETE_SUFFICIENT
2001-03-11,24,0,0,0,0,24,0,86392,COMPLETE_SUFFICIENT
2001-03-12,24,0,0,0,0,24,0,86360,COMPLETE_SUFFICIENT
2001-03-13,24,0,0,0,0,24,0,86376,COMPLETE_SUFFICIENT
2001-03-14,24,0,0,0,0,24,0,86400,COMPLETE_SUFFICIENT
2001-03-15,24,0,0,0,0,24,0,86392,COMPLETE_SUFFICIENT
2001-03-16,20,4,0,0,0,24,0,71246,COMPLETE_SUFFICIENT
2001-03-17,24,0,0,0,0,24,0,86400,COMPLETE_SUFFICIENT
2001-03-18,24,0,0,0,0,24,0,86384,COMPLETE_SUFFICIENT
2001-03-19,24,0,0,0,0,24,0,86368,COMPLETE_SUFFICIENT
2001-03-20,20,4,0,0,0,24,0,72301,COMPLETE_SUFFICIENT
2001-03-21,24,0,0,0,0,24,0,86400,COMPLETE_SUFFICIENT
2001-03-22,24,0,0,0,0,24,0,86352,COMPLETE_SUFFICIENT
2001-03-23,24,0,0,0,0,24,0,86376,COMPLETE_SUFFICIENT
2001-03-24,24,0,0,0,0,24,0,86361,COMPLETE_SUFFICIENT
2001-03-25,24,0,0,0,0,24,0,86312,COMPLETE_SUFFICIENT
2001-03-26,20,4,0,0,0,24,0,71959,COMPLETE_SUFFICIENT
2001-03-27,24,0,0,0,0,24,0,86352,COMPLETE_SUFFICIENT
2001-03-28,20,4,0,0,0,24,0,72163,COMPLETE_SUFFICIENT
2001-03-29,24,0,0,0,0,24,0,86304,COMPLETE_SUFFICIENT
2001-03-30,24,0,0,0,0,24,0,86328,COMPLETE_SUFFICIENT
2001-03-31,24,0,0,0,0,24,0,86368,COMPLETE_SUFFICIENT
2001-04-01,24,0,0,0,0,24,0,86385,COMPLETE_SUFFICIENT
2001-04-02,24,0,0,0,0,24,0,86384,COMPLETE_SUFFICIENT
2001-04-03,24,0,0,0,0,24,0,86304,COMPLETE_SUFFICIENT
2001-04-04,20,4,0,0,0,24,0,71928,COMPLETE_SUFFICIENT
2001-04-05,24,0,0,0,0,24,0,86352,COMPLETE_SUFFICIENT
2001-04-06,24,0,0,0,0,24,0,86392,COMPLETE_SUFFICIENT
2001-04-07,24,0,0,0,0,24,0,86392,COMPLETE_SUFFICIENT
2001-04-08,24,0,0,0,0,24,0,86113,COMPLETE_SUFFICIENT
2001-04-09,24,0,0,0,0,24,0,86400,COMPLETE_SUFFICIENT
2001-04-10,20,4,0,0,0,24,0,71873,COMPLETE_SUFFICIENT
2001-04-11,24,0,0,0,0,24,0,86320,COMPLETE_SUFFICIENT
2001-04-12,24,0,0,0,0,24,0,86376,COMPLETE_SUFFICIENT
2001-04-13,24,0,0,0,0,24,0,86400,COMPLETE_SUFFICIENT
2001-04-14,24,0,0,0,0,24,0,86352,COMPLETE_SUFFICIENT
2001-04-15,24,0,0,0,0,24,0,86320,COMPLETE_SUFFICIENT
2001-04-16,20,4,0,0,0,24,0,71240,COMPLETE_SUFFICIENT
2001-04-17,24,0,0,0,0,24,0,86376,COMPLETE_SUFFICIENT
2001-04-18,24,0,0,0,0,24,0,86352,COMPLETE_SUFFICIENT
2001-04-19,24,0,0,0,0,24,0,86288,COMPLETE_SUFFICIENT
2001-04-20,20,4,0,0,0,24,0,71239,COMPLETE_SUFFICIENT
2001-04-21,24,0,0,0,0,24,0,86384,COMPLETE_SUFFICIENT
2001-04-22,24,0,0,0,0,24,0,86400,COMPLETE_SUFFICIENT
2001-04-23,24,0,0,0,0,24,0,86400,COMPLETE_SUFFICIENT
2001-04-24,24,0,0,0,0,24,0,86073,COMPLETE_SUFFICIENT
2001-04-25,24,0,0,0,0,24,0,86400,COMPLETE_SUFFICIENT
2001-04-26,20,4,0,0,0,24,0,71942,COMPLETE_SUFFICIENT
2001-04-27,24,0,0,0,0,24,0,86392,COMPLETE_SUFFICIENT
2001-04-28,24,0,0,0,0,24,0,86360,COMPLETE_SUFFICIENT
2001-04-29,24,0,0,0,0,24,0,86400,COMPLETE_SUFFICIENT
2001-04-30,24,0,0,0,0,24,0,86368,COMPLETE_SUFFICIENT
2001-05-01,24,0,0,0,0,24,0,86345,COMPLETE_SUFFICIENT
2001-05-02,20,4,0,0,0,24,0,71704,COMPLETE_SUFFICIENT
2001-05-03,24,0,0,0,0,24,0,86384,COMPLETE_SUFFICIENT
2001-05-04,24,0,0,0,0,24,0,86352,COMPLETE_SUFFICIENT
2001-05-05,24,0,0,0,0,24,0,86344,COMPLETE_SUFFICIENT
2001-05-06,24,0,0,0,0,24,0,86352,COMPLETE_SUFFICIENT
2001-05-07,24,0,0,0,0,24,0,86400,COMPLETE_SUFFICIENT
2001-05-08,24,0,0,0,0,24,0,86328,COMPLETE_SUFFICIENT
2001-05-09,20,4,0,0,0,24,0,71278,COMPLETE_SUFFICIENT
2001-05-10,24,0,0,0,0,24,0,86400,COMPLETE_SUFFICIENT
2001-05-11,24,0,0,0,0,24,0,86256,COMPLETE_SUFFICIENT
2001-05-12,24,0,0,0,0,24,0,86168,COMPLETE_SUFFICIENT
2001-05-13,24,0,0,0,0,24,0,86280,COMPLETE_SUFFICIENT
2001-05-14,24,0,0,0,0,24,0,86328,COMPLETE_SUFFICIENT
2001-05-15,24,0,0,0,0,24,0,86328,COMPLETE_SUFFICIENT
2001-05-16,19,5,0,0,0,24,0,67989,COMPLETE_SUFFICIENT
2001-05-17,24,0,0,0,0,24,0,86377,COMPLETE_SUFFICIENT
2001-05-18,24,0,0,0,0,24,0,86368,COMPLETE_SUFFICIENT
2001-05-19,24,0,0,0,0,24,0,86360,COMPLETE_SUFFICIENT
2001-05-20,24,0,0,0,0,24,0,86392,COMPLETE_SUFFICIENT
2001-05-21,24,0,0,0,0,24,0,86400,COMPLETE_SUFFICIENT
2001-05-22,24,0,0,0,0,24,0,86344,COMPLETE_SUFFICIENT
2001-05-23,24,0,0,0,0,24,0,86392,COMPLETE_SUFFICIENT
2001-05-24,18,6,0,0,0,24,0,65749,COMPLETE_SUFFICIENT
2001-05-25,24,0,0,0,0,24,0,86352,COMPLETE_SUFFICIENT
2001-05-26,24,0,0,0,0,24,0,86312,COMPLETE_SUFFICIENT
2001-05-27,24,0,0,0,0,24,0,86336,COMPLETE_SUFFICIENT
2001-05-28,24,0,0,0,0,24,0,86328,COMPLETE_SUFFICIENT
2001-05-29,24,0,0,0,0,24,0,86312,COMPLETE_SUFFICIENT
2001-05-30,24,0,0,0,0,24,0,86352,COMPLETE_SUFFICIENT
2001-05-31,24,0,0,0,0,24,0,86344,COMPLETE_SUFFICIENT
2001-06-01,20,4,0,0,0,24,0,72141,COMPLETE_SUFFICIENT
2001-06-02,24,0,0,0,0,24,0,86320,COMPLETE_SUFFICIENT
2001-06-03,24,0,0,0,0,24,0,86400,COMPLETE_SUFFICIENT
2001-06-04,24,0,0,0,0,24,0,86392,COMPLETE_SUFFICIENT
2001-06-05,24,0,0,0,0,24,0,86400,COMPLETE_SUFFICIENT
2001-06-06,24,0,0,0,0,24,0,86392,COMPLETE_SUFFICIENT
2001-06-07,24,0,0,0,0,24,0,86400,COMPLETE_SUFFICIENT
2001-06-08,19,5,0,0,0,24,0,68112,COMPLETE_SUFFICIENT
2001-06-09,24,0,0,0,0,24,0,86378,COMPLETE_SUFFICIENT
2001-06-10,24,0,0,0,0,24,0,86319,COMPLETE_SUFFICIENT
2001-06-11,24,0,0,0,0,24,0,86216,COMPLETE_SUFFICIENT
2001-06-12,24,0,0,0,0,24,0,86248,COMPLETE_SUFFICIENT
2001-06-13,24,0,0,0,0,24,0,86384,COMPLETE_SUFFICIENT
2001-06-14,24,0,0,0,0,24,0,86352,COMPLETE_SUFFICIENT
2001-06-15,19,5,0,0,0,24,0,69509,COMPLETE_SUFFICIENT
2001-06-16,24,0,0,0,0,24,0,86393,COMPLETE_SUFFICIENT
2001-06-17,24,0,0,0,0,24,0,86384,COMPLETE_SUFFICIENT
2001-06-18,24,0,0,0,0,24,0,86368,COMPLETE_SUFFICIENT
2001-06-19,24,0,0,0,0,24,0,86376,COMPLETE_SUFFICIENT
2001-06-20,24,0,0,0,0,24,0,86368,COMPLETE_SUFFICIENT
2001-06-21,24,0,0,0,0,24,0,86368,COMPLETE_SUFFICIENT
2001-06-22,20,4,0,0,0,24,0,71387,COMPLETE_SUFFICIENT
2001-06-23,24,0,0,0,0,24,0,86368,COMPLETE_SUFFICIENT
2001-06-24,24,0,0,0,0,24,0,86265,COMPLETE_SUFFICIENT
2001-06-25,24,0,0,0,0,24,0,86360,COMPLETE_SUFFICIENT
2001-06-26,24,0,0,0,0,24,0,86368,COMPLETE_SUFFICIENT
2001-06-27,24,0,0,0,0,24,0,86400,COMPLETE_SUFFICIENT
2001-06-28,20,4,0,0,0,24,0,71746,COMPLETE_SUFFICIENT
2001-06-29,24,0,0,0,0,24,0,86376,COMPLETE_SUFFICIENT
2001-06-30,24,0,0,0,0,24,0,86392,COMPLETE_SUFFICIENT
2001-07-01,24,0,0,0,0,24,0,86393,COMPLETE_SUFFICIENT
2001-07-02,24,0,0,0,0,24,0,86392,COMPLETE_SUFFICIENT
2001-07-03,24,0,0,0,0,24,0,86376,COMPLETE_SUFFICIENT
2001-07-04,24,0,0,0,0,24,0,86320,COMPLETE_SUFFICIENT
2001-07-05,24,0,0,0,0,24,0,86368,COMPLETE_SUFFICIENT
2001-07-06,20,4,0,0,0,24,0,71201,COMPLETE_SUFFICIENT
2001-07-07,24,0,0,0,0,24,0,86376,COMPLETE_SUFFICIENT
2001-07-08,24,0,0,0,0,24,0,86344,COMPLETE_SUFFICIENT
2001-07-09,24,0,0,0,0,24,0,86393,COMPLETE_SUFFICIENT
2001-07-10,24,0,0,0,0,24,0,86384,COMPLETE_SUFFICIENT
2001-07-11,24,0,0,0,0,24,0,86392,COMPLETE_SUFFICIENT
2001-07-12,24,0,0,0,0,24,0,86368,COMPLETE_SUFFICIENT
2001-07-13,20,4,0,0,0,24,0,72130,COMPLETE_SUFFICIENT
2001-07-14,24,0,0,0,0,24,0,86360,COMPLETE_SUFFICIENT
2001-07-15,24,0,0,0,0,24,0,86072,COMPLETE_SUFFICIENT
2001-07-16,24,0,0,0,0,24,0,86105,COMPLETE_SUFFICIENT
2001-07-17,24,0,0,0,0,24,0,86272,COMPLETE_SUFFICIENT
2001-07-18,24,0,0,0,0,24,0,86072,COMPLETE_SUFFICIENT
2001-07-19,24,0,0,0,0,24,0,86240,COMPLETE_SUFFICIENT
2001-07-20,24,0,0,0,0,24,0,86264,COMPLETE_SUFFICIENT
2001-07-21,24,0,0,0,0,24,0,86288,COMPLETE_SUFFICIENT
2001-07-22,24,0,0,0,0,24,0,86384,COMPLETE_SUFFICIENT
2001-07-23,24,0,0,0,0,24,0,86064,COMPLETE_SUFFICIENT
2001-07-24,15,9,0,0,0,24,0,53641,COMPLETE_SUFFICIENT
2001-07-25,15,9,0,0,0,24,0,54408,COMPLETE_SUFFICIENT
2001-07-26,24,0,0,0,0,24,0,85360,COMPLETE_SUFFICIENT
2001-07-27,24,0,0,0,0,24,0,86360,COMPLETE_SUFFICIENT
2001-07-28,24,0,0,0,0,24,0,86392,COMPLETE_SUFFICIENT
2001-07-29,24,0,0,0,0,24,0,86376,COMPLETE_SUFFICIENT
2001-07-30,24,0,0,0,0,24,0,86360,COMPLETE_SUFFICIENT
2001-07-31,24,0,0,0,0,24,0,86248,COMPLETE_SUFFICIENT
2001-08-01,24,0,0,0,0,24,0,86377,COMPLETE_SUFFICIENT
2001-08-02,24,0,0,0,0,24,0,86328,COMPLETE_SUFFICIENT
2001-08-03,24,0,0,0,0,24,0,86392,COMPLETE_SUFFICIENT
2001-08-04,24,0,0,0,0,24,0,86376,COMPLETE_SUFFICIENT
2001-08-05,24,0,0,0,0,24,0,86360,COMPLETE_SUFFICIENT
2001-08-06,24,0,0,0,0,24,0,86336,COMPLETE_SUFFICIENT
2001-08-07,24,0,0,0,0,24,0,86264,COMPLETE_SUFFICIENT
2001-08-08,24,0,0,0,0,24,0,86305,COMPLETE_SUFFICIENT
2001-08-09,24,0,0,0,0,24,0,85888,COMPLETE_SUFFICIENT
2001-08-10,20,4,0,0,0,24,0,71094,COMPLETE_SUFFICIENT
2001-08-11,24,0,0,0,0,24,0,86400,COMPLETE_SUFFICIENT
2001-08-12,24,0,0,0,0,24,0,86337,COMPLETE_SUFFICIENT
2001-08-13,24,0,0,0,0,24,0,86383,COMPLETE_SUFFICIENT
2001-08-14,24,0,0,0,0,24,0,86336,COMPLETE_SUFFICIENT
2001-08-15,24,0,0,0,0,24,0,86392,COMPLETE_SUFFICIENT
2001-08-16,24,0,0,0,0,24,0,86385,COMPLETE_SUFFICIENT
2001-08-17,19,5,0,0,0,24,0,69477,COMPLETE_SUFFICIENT
2001-08-18,24,0,0,0,0,24,0,86400,COMPLETE_SUFFICIENT
2001-08-19,24,0,0,0,0,24,0,86400,COMPLETE_SUFFICIENT
2001-08-20,24,0,0,0,0,24,0,86384,COMPLETE_SUFFICIENT
2001-08-21,24,0,0,0,0,24,0,86392,COMPLETE_SUFFICIENT
2001-08-22,24,0,0,0,0,24,0,86392,COMPLETE_SUFFICIENT
2001-08-23,24,0,0,0,0,24,0,86392,COMPLETE_SUFFICIENT
2001-08-24,20,4,0,0,0,24,0,72235,COMPLETE_SUFFICIENT
2001-08-25,24,0,0,0,0,24,0,86400,COMPLETE_SUFFICIENT
2001-08-26,24,0,0,0,0,24,0,86400,COMPLETE_SUFFICIENT
2001-08-27,24,0,0,0,0,24,0,86336,COMPLETE_SUFFICIENT
2001-08-28,24,0,0,0,0,24,0,86392,COMPLETE_SUFFICIENT
2001-08-29,24,0,0,0,0,24,0,86064,COMPLETE_SUFFICIENT
2001-08-30,24,0,0,0,0,24,0,85824,COMPLETE_SUFFICIENT
2001-08-31,20,4,0,0,0,24,0,71851,COMPLETE_SUFFICIENT
2001-09-01,24,0,0,0,0,24,0,86384,COMPLETE_SUFFICIENT
2001-09-02,24,0,0,0,0,24,0,86360,COMPLETE_SUFFICIENT
2001-09-03,24,0,0,0,0,24,0,86376,COMPLETE_SUFFICIENT
2001-09-04,24,0,0,0,0,24,0,86328,COMPLETE_SUFFICIENT
2001-09-05,24,0,0,0,0,24,0,86320,COMPLETE_SUFFICIENT
2001-09-06,24,0,0,0,0,24,0,86344,COMPLETE_SUFFICIENT
2001-09-07,20,4,0,0,0,24,0,71062,COMPLETE_SUFFICIENT
2001-09-08,24,0,0,0,0,24,0,86385,COMPLETE_SUFFICIENT
2001-09-09,24,0,0,0,0,24,0,86368,COMPLETE_SUFFICIENT
2001-09-10,24,0,0,0,0,24,0,86344,COMPLETE_SUFFICIENT
2001-09-11,24,0,0,0,0,24,0,86344,COMPLETE_SUFFICIENT
2001-09-12,24,0,0,0,0,24,0,86400,COMPLETE_SUFFICIENT
2001-09-13,24,0,0,0,0,24,0,86392,COMPLETE_SUFFICIENT
2001-09-14,20,4,0,0,0,24,0,71844,COMPLETE_SUFFICIENT
2001-09-15,24,0,0,0,0,24,0,86376,COMPLETE_SUFFICIENT
2001-09-16,24,0,0,0,0,24,0,86329,COMPLETE_SUFFICIENT
2001-09-17,24,0,0,0,0,24,0,86392,COMPLETE_SUFFICIENT
2001-09-18,24,0,0,0,0,24,0,86384,COMPLETE_SUFFICIENT
2001-09-19,24,0,0,0,0,24,0,86384,COMPLETE_SUFFICIENT
2001-09-20,20,4,0,0,0,24,0,71070,COMPLETE_SUFFICIENT
2001-09-21,24,0,0,0,0,24,0,86400,COMPLETE_SUFFICIENT
2001-09-22,24,0,0,0,0,24,0,86400,COMPLETE_SUFFICIENT
2001-09-23,24,0,0,0,0,24,0,86329,COMPLETE_SUFFICIENT
2001-09-24,24,0,0,0,0,24,0,86368,COMPLETE_SUFFICIENT
2001-09-25,24,0,0,0,0,24,0,86176,COMPLETE_SUFFICIENT
2001-09-26,19,5,0,0,0,24,0,69437,COMPLETE_SUFFICIENT
2001-09-27,24,0,0,0,0,24,0,86256,COMPLETE_SUFFICIENT
2001-09-28,24,0,0,0,0,24,0,86176,COMPLETE_SUFFICIENT
2001-09-29,24,0,0,0,0,24,0,86312,COMPLETE_SUFFICIENT
2001-09-30,24,0,0,0,0,24,0,86352,COMPLETE_SUFFICIENT
2001-10-01,24,0,0,0,0,24,0,86393,COMPLETE_SUFFICIENT
2001-10-02,20,4,0,0,0,24,0,72110,COMPLETE_SUFFICIENT
2001-10-03,24,0,0,0,0,24,0,86368,COMPLETE_SUFFICIENT
2001-10-04,24,0,0,0,0,24,0,86192,COMPLETE_SUFFICIENT
2001-10-05,24,0,0,0,0,24,0,86376,COMPLETE_SUFFICIENT
2001-10-06,24,0,0,0,0,24,0,86336,COMPLETE_SUFFICIENT
2001-10-07,24,0,0,0,0,24,0,86328,COMPLETE_SUFFICIENT
2001-10-08,20,4,0,0,0,24,0,72072,COMPLETE_SUFFICIENT
2001-10-09,24,0,0,0,0,24,0,86186,COMPLETE_SUFFICIENT
2001-10-10,24,0,0,0,0,24,0,85871,COMPLETE_SUFFICIENT
2001-10-11,24,0,0,0,0,24,0,86072,COMPLETE_SUFFICIENT
2001-10-12,20,4,0,0,0,24,0,71592,COMPLETE_SUFFICIENT
2001-10-13,24,0,0,0,0,24,0,85888,COMPLETE_SUFFICIENT
2001-10-14,24,0,0,0,0,24,0,86384,COMPLETE_SUFFICIENT
2001-10-15,24,0,0,0,0,24,0,86376,COMPLETE_SUFFICIENT
2001-10-16,24,0,0,0,0,24,0,86209,COMPLETE_SUFFICIENT
2001-10-17,24,0,0,0,0,24,0,86160,COMPLETE_SUFFICIENT
2001-10-18,20,4,0,0,0,24,0,71218,COMPLETE_SUFFICIENT
2001-10-19,24,0,0,0,0,24,0,86336,COMPLETE_SUFFICIENT
2001-10-20,24,0,0,0,0,24,0,86336,COMPLETE_SUFFICIENT
2001-10-21,24,0,0,0,0,24,0,86352,COMPLETE_SUFFICIENT
2001-10-22,24,0,0,0,0,24,0,86392,COMPLETE_SUFFICIENT
2001-10-23,24,0,0,0,0,24,0,86368,COMPLETE_SUFFICIENT
2001-10-24,19,5,0,0,0,24,0,68141,COMPLETE_SUFFICIENT
2001-10-25,24,0,0,0,0,24,0,86376,COMPLETE_SUFFICIENT
2001-10-26,24,0,0,0,0,24,0,86344,COMPLETE_SUFFICIENT
2001-10-27,24,0,0,0,0,24,0,86360,COMPLETE_SUFFICIENT
2001-10-28,24,0,0,0,0,24,0,86360,COMPLETE_SUFFICIENT
2001-10-29,24,0,0,0,0,24,0,86400,COMPLETE_SUFFICIENT
2001-10-30,19,5,0,0,0,24,0,68509,COMPLETE_SUFFICIENT
2001-10-31,24,0,0,0,0,24,0,86392,COMPLETE_SUFFICIENT
2001-11-01,24,0,0,0,0,24,0,86401,COMPLETE_SUFFICIENT
2001-11-02,24,0,0,0,0,24,0,86392,COMPLETE_SUFFICIENT
2001-11-03,24,0,0,0,0,24,0,86392,COMPLETE_SUFFICIENT
2001-11-04,24,0,0,0,0,24,0,86376,COMPLETE_SUFFICIENT
2001-11-05,24,0,0,0,0,24,0,86328,COMPLETE_SUFFICIENT
2001-11-06,18,6,0,0,0,24,0,65934,COMPLETE_SUFFICIENT
2001-11-07,24,0,0,0,0,24,0,86344,COMPLETE_SUFFICIENT
2001-11-08,24,0,0,0,0,24,0,86321,COMPLETE_SUFFICIENT
2001-11-09,24,0,0,0,0,24,0,86344,COMPLETE_SUFFICIENT
2001-11-10,24,0,0,0,0,24,0,86304,COMPLETE_SUFFICIENT
2001-11-11,24,0,0,0,0,24,0,86360,COMPLETE_SUFFICIENT
2001-11-12,24,0,0,0,0,24,0,86336,COMPLETE_SUFFICIENT
2001-11-13,18,6,0,0,0,24,0,66029,COMPLETE_SUFFICIENT
2001-11-14,24,0,0,0,0,24,0,86280,COMPLETE_SUFFICIENT
2001-11-15,24,0,0,0,0,24,0,86344,COMPLETE_SUFFICIENT
2001-11-16,24,0,0,0,0,24,0,86401,COMPLETE_SUFFICIENT
2001-11-17,24,0,0,0,0,24,0,86368,COMPLETE_SUFFICIENT
2001-11-18,24,0,0,0,0,24,0,86400,COMPLETE_SUFFICIENT
2001-11-19,24,0,0,0,0,24,0,86392,COMPLETE_SUFFICIENT
2001-11-20,24,0,0,0,0,24,0,86392,COMPLETE_SUFFICIENT
2001-11-21,19,5,0,0,0,24,0,69509,COMPLETE_SUFFICIENT
2001-11-22,24,0,0,0,0,24,0,86400,COMPLETE_SUFFICIENT
2001-11-23,24,0,0,0,0,24,0,86400,COMPLETE_SUFFICIENT
2001-11-24,24,0,0,0,0,24,0,86065,COMPLETE_SUFFICIENT
2001-11-25,24,0,0,0,0,24,0,86392,COMPLETE_SUFFICIENT
2001-11-26,24,0,0,0,0,24,0,86360,COMPLETE_SUFFICIENT
2001-11-27,24,0,0,0,0,24,0,86344,COMPLETE_SUFFICIENT
2001-11-28,24,0,0,0,0,24,0,86240,COMPLETE_SUFFICIENT
2001-11-29,18,6,0,0,0,24,0,66086,COMPLETE_SUFFICIENT
2001-11-30,24,0,0,0,0,24,0,86392,COMPLETE_SUFFICIENT
2001-12-01,24,0,0,0,0,24,0,86392,COMPLETE_SUFFICIENT
2001-12-02,24,0,0,0,0,24,0,86369,COMPLETE_SUFFICIENT
2001-12-03,24,0,0,0,0,24,0,86376,COMPLETE_SUFFICIENT
2001-12-04,24,0,0,0,0,24,0,86400,COMPLETE_SUFFICIENT
2001-12-05,24,0,0,0,0,24,0,86320,COMPLETE_SUFFICIENT
2001-12-06,24,0,0,0,0,24,0,86400,COMPLETE_SUFFICIENT
2001-12-07,20,4,0,0,0,24,0,71419,COMPLETE_SUFFICIENT
2001-12-08,24,0,0,0,0,24,0,86304,COMPLETE_SUFFICIENT
2001-12-09,24,0,0,0,0,24,0,86232,COMPLETE_SUFFICIENT
2001-12-10,24,0,0,0,0,24,0,86361,COMPLETE_SUFFICIENT
2001-12-11,24,0,0,0,0,24,0,86384,COMPLETE_SUFFICIENT
2001-12-12,24,0,0,0,0,24,0,86400,COMPLETE_SUFFICIENT
2001-12-13,20,4,0,0,0,24,0,71490,COMPLETE_SUFFICIENT
2001-12-14,24,0,0,0,0,24,0,86400,COMPLETE_SUFFICIENT
2001-12-15,24,0,0,0,0,24,0,86400,COMPLETE_SUFFICIENT
2001-12-16,24,0,0,0,0,24,0,86280,COMPLETE_SUFFICIENT
2001-12-17,24,0,0,0,0,24,0,83713,COMPLETE_SUFFICIENT
2001-12-18,24,0,0,0,0,24,0,73064,COMPLETE_SUFFICIENT
2001-12-19,24,0,0,0,0,24,0,86336,COMPLETE_SUFFICIENT
2001-12-20,24,0,0,0,0,24,0,86376,COMPLETE_SUFFICIENT
2001-12-21,20,4,0,0,0,24,0,71619,COMPLETE_SUFFICIENT
2001-12-22,24,0,0,0,0,24,0,86240,COMPLETE_SUFFICIENT
2001-12-23,24,0,0,0,0,24,0,86208,COMPLETE_SUFFICIENT
2001-12-24,24,0,0,0,0,24,0,86296,COMPLETE_SUFFICIENT
2001-12-25,24,0,0,0,0,24,0,86401,COMPLETE_SUFFICIENT
2001-12-26,24,0,0,0,0,24,0,86400,COMPLETE_SUFFICIENT
2001-12-27,24,0,0,0,0,24,0,86384,COMPLETE_SUFFICIENT
2001-12-28,24,0,0,0,0,24,0,86352,COMPLETE_SUFFICIENT
2001-12-29,24,0,0,0,0,24,0,86152,COMPLETE_SUFFICIENT
2001-12-30,24,0,0,0,0,24,0,86392,COMPLETE_SUFFICIENT
2001-12-31,24,0,0,0,0,24,0,86392,COMPLETE_SUFFICIENT
2002-01-01,24,0,0,0,0,24,0,86168,COMPLETE_SUFFICIENT
2002-01-02,20,4,0,0,0,24,0,72032,COMPLETE_SUFFICIENT
2002-01-03,24,0,0,0,0,24,0,86400,COMPLETE_SUFFICIENT
2002-01-04,24,0,0,0,0,24,0,86400,COMPLETE_SUFFICIENT
2002-01-05,24,0,0,0,0,24,0,86392,COMPLETE_SUFFICIENT
2002-01-06,24,0,0,0,0,24,0,86376,COMPLETE_SUFFICIENT
2002-01-07,24,0,0,0,0,24,0,86360,COMPLETE_SUFFICIENT
2002-01-08,24,0,0,0,0,24,0,86352,COMPLETE_SUFFICIENT
2002-01-09,24,0,0,0,0,24,0,86401,COMPLETE_SUFFICIENT
2002-01-10,24,0,0,0,0,24,0,86384,COMPLETE_SUFFICIENT
2002-01-11,24,0,0,0,0,24,0,86384,COMPLETE_SUFFICIENT
2002-01-12,24,0,0,0,0,24,0,86328,COMPLETE_SUFFICIENT
2002-01-13,24,0,0,0,0,24,0,86248,COMPLETE_SUFFICIENT
2002-01-14,19,5,0,0,0,24,0,69427,COMPLETE_SUFFICIENT
2002-01-15,24,0,0,0,0,24,0,86240,COMPLETE_SUFFICIENT
2002-01-16,24,0,0,0,0,24,0,86384,COMPLETE_SUFFICIENT
2002-01-17,24,0,0,0,0,24,0,86385,COMPLETE_SUFFICIENT
2002-01-18,24,0,0,0,0,24,0,86384,COMPLETE_SUFFICIENT
2002-01-19,24,0,0,0,0,24,0,86296,COMPLETE_SUFFICIENT
2002-01-20,24,0,0,0,0,24,0,86400,COMPLETE_SUFFICIENT
2002-01-21,24,0,0,0,0,24,0,86400,COMPLETE_SUFFICIENT
2002-01-22,24,0,0,0,0,24,0,86400,COMPLETE_SUFFICIENT
2002-01-23,24,0,0,0,0,24,0,86400,COMPLETE_SUFFICIENT
2002-01-24,24,0,0,0,0,24,0,86400,COMPLETE_SUFFICIENT
2002-01-25,20,4,0,0,0,24,0,72041,COMPLETE_SUFFICIENT
2002-01-26,24,0,0,0,0,24,0,86400,COMPLETE_SUFFICIENT
2002-01-27,24,0,0,0,0,24,0,86400,COMPLETE_SUFFICIENT
2002-01-28,24,0,0,0,0,24,0,86400,COMPLETE_SUFFICIENT
2002-01-29,24,0,0,0,0,24,0,86400,COMPLETE_SUFFICIENT
2002-01-30,24,0,0,0,0,24,0,86400,COMPLETE_SUFFICIENT
2002-01-31,24,0,0,0,0,24,0,86392,COMPLETE_SUFFICIENT
2002-02-01,24,0,0,0,0,24,0,86393,COMPLETE_SUFFICIENT
2002-02-02,24,0,0,0,0,24,0,86360,COMPLETE_SUFFICIENT
2002-02-03,24,0,0,0,0,24,0,86376,COMPLETE_SUFFICIENT
2002-02-04,24,0,0,0,0,24,0,86400,COMPLETE_SUFFICIENT
2002-02-05,20,4,0,0,0,24,0,72105,COMPLETE_SUFFICIENT
2002-02-06,24,0,0,0,0,24,0,86376,COMPLETE_SUFFICIENT
2002-02-07,24,0,0,0,0,24,0,86208,COMPLETE_SUFFICIENT
2002-02-08,24,0,0,0,0,24,0,86320,COMPLETE_SUFFICIENT
2002-02-09,24,0,0,0,0,24,0,86201,COMPLETE_SUFFICIENT
2002-02-10,24,0,0,0,0,24,0,86296,COMPLETE_SUFFICIENT
2002-02-11,24,0,0,0,0,24,0,86400,COMPLETE_SUFFICIENT
2002-02-12,24,0,0,0,0,24,0,86392,COMPLETE_SUFFICIENT
2002-02-13,24,0,0,0,0,24,0,86328,COMPLETE_SUFFICIENT
2002-02-14,20,4,0,0,0,24,0,72013,COMPLETE_SUFFICIENT
2002-02-15,24,0,0,0,0,24,0,86344,COMPLETE_SUFFICIENT
2002-02-16,24,0,0,0,0,24,0,86304,COMPLETE_SUFFICIENT
2002-02-17,24,0,0,0,0,24,0,86025,COMPLETE_SUFFICIENT
2002-02-18,24,0,0,0,0,24,0,85984,COMPLETE_SUFFICIENT
2002-02-19,24,0,0,0,0,24,0,86080,COMPLETE_SUFFICIENT
2002-02-20,24,0,0,0,0,24,0,86120,COMPLETE_SUFFICIENT
2002-02-21,24,0,0,0,0,24,0,86120,COMPLETE_SUFFICIENT
2002-02-22,20,4,0,0,0,24,0,72161,COMPLETE_SUFFICIENT
2002-02-23,24,0,0,0,0,24,0,86400,COMPLETE_SUFFICIENT
2002-02-24,24,0,0,0,0,24,0,86368,COMPLETE_SUFFICIENT
2002-02-25,24,0,0,0,0,24,0,86393,COMPLETE_SUFFICIENT
2002-02-26,24,0,0,0,0,24,0,86400,COMPLETE_SUFFICIENT
2002-02-27,24,0,0,0,0,24,0,86392,COMPLETE_SUFFICIENT
2002-02-28,24,0,0,0,0,24,0,86384,COMPLETE_SUFFICIENT
2002-03-01,20,4,0,0,0,24,0,71428,COMPLETE_SUFFICIENT
2002-03-02,24,0,0,0,0,24,0,86392,COMPLETE_SUFFICIENT
2002-03-03,24,0,0,0,0,24,0,86400,COMPLETE_SUFFICIENT
2002-03-04,24,0,0,0,0,24,0,86393,COMPLETE_SUFFICIENT
2002-03-05,24,0,0,0,0,24,0,86400,COMPLETE_SUFFICIENT
2002-03-06,24,0,0,0,0,24,0,86264,COMPLETE_SUFFICIENT
2002-03-07,24,0,0,0,0,24,0,86312,COMPLETE_SUFFICIENT
2002-03-08,20,4,0,0,0,24,0,71801,COMPLETE_SUFFICIENT
2002-03-09,24,0,0,0,0,24,0,86384,COMPLETE_SUFFICIENT
2002-03-10,24,0,0,0,0,24,0,86400,COMPLETE_SUFFICIENT
2002-03-11,24,0,0,0,0,24,0,86400,COMPLETE_SUFFICIENT
2002-03-12,24,0,0,0,0,24,0,86337,COMPLETE_SUFFICIENT
2002-03-13,24,0,0,0,0,24,0,86336,COMPLETE_SUFFICIENT
2002-03-14,20,4,0,0,0,24,0,71698,COMPLETE_SUFFICIENT
2002-03-15,0,24,0,0,0,24,0,5399,COMPLETE_SUFFICIENT
2002-03-16,0,24,0,0,0,24,0,5398,COMPLETE_SUFFICIENT
2002-03-17,0,24,0,0,0,24,0,5381,COMPLETE_SUFFICIENT
2002-03-18,0,24,0,0,0,24,0,5400,COMPLETE_SUFFICIENT
2002-03-19,0,24,0,0,0,24,0,5400,COMPLETE_SUFFICIENT
2002-03-20,0,24,0,0,0,24,0,5400,COMPLETE_SUFFICIENT
2002-03-21,0,24,0,0,0,24,0,5400,COMPLETE_SUFFICIENT
2002-03-22,0,24,0,0,0,24,0,5398,COMPLETE_SUFFICIENT
2002-03-23,0,24,0,0,0,24,0,5384,COMPLETE_SUFFICIENT
2002-03-24,0,24,0,0,0,24,0,5400,COMPLETE_SUFFICIENT
2002-03-25,0,24,0,0,0,24,0,5400,COMPLETE_SUFFICIENT
2002-03-26,0,24,0,0,0,24,0,5400,COMPLETE_SUFFICIENT
2002-03-27,0,24,0,0,0,24,0,5400,COMPLETE_SUFFICIENT
2002-03-28,0,24,0,0,0,24,0,5400,COMPLETE_SUFFICIENT
2002-03-29,0,24,0,0,0,24,0,5400,COMPLETE_SUFFICIENT
2002-03-30,0,24,0,0,0,24,0,5400,COMPLETE_SUFFICIENT
2002-03-31,0,24,0,0,0,24,0,5400,COMPLETE_SUFFICIENT
2002-04-01,0,24,0,0,0,24,0,5400,COMPLETE_SUFFICIENT
2002-04-02,24,0,0,0,0,24,0,86208,COMPLETE_SUFFICIENT
2002-04-03,24,0,0,0,0,24,0,86328,COMPLETE_SUFFICIENT
2002-04-04,20,4,0,0,0,24,0,71961,COMPLETE_SUFFICIENT
2002-04-05,24,0,0,0,0,24,0,86400,COMPLETE_SUFFICIENT
2002-04-06,24,0,0,0,0,24,0,86392,COMPLETE_SUFFICIENT
2002-04-07,24,0,0,0,0,24,0,86352,COMPLETE_SUFFICIENT
2002-04-08,24,0,0,0,0,24,0,86354,COMPLETE_SUFFICIENT
2002-04-09,24,0,0,0,0,24,0,86398,COMPLETE_SUFFICIENT
2002-04-10,24,0,0,0,0,24,0,86400,COMPLETE_SUFFICIENT
2002-04-11,20,4,0,0,0,24,0,72086,COMPLETE_SUFFICIENT
2002-04-12,24,0,0,0,0,24,0,85968,COMPLETE_SUFFICIENT
2002-04-13,24,0,0,0,0,24,0,86392,COMPLETE_SUFFICIENT
2002-04-14,24,0,0,0,0,24,0,86368,COMPLETE_SUFFICIENT
2002-04-15,24,0,0,0,0,24,0,86392,COMPLETE_SUFFICIENT
2002-04-16,24,0,0,0,0,24,0,86400,COMPLETE_SUFFICIENT
2002-04-17,24,0,0,0,0,24,0,86376,COMPLETE_SUFFICIENT
2002-04-18,20,4,0,0,0,24,0,71438,COMPLETE_SUFFICIENT
2002-04-19,24,0,0,0,0,24,0,86401,COMPLETE_SUFFICIENT
2002-04-20,24,0,0,0,0,24,0,86368,COMPLETE_SUFFICIENT
2002-04-21,24,0,0,0,0,24,0,86400,COMPLETE_SUFFICIENT
2002-04-22,24,0,0,0,0,24,0,86392,COMPLETE_SUFFICIENT
2002-04-23,24,0,0,0,0,24,0,86304,COMPLETE_SUFFICIENT
2002-04-24,24,0,0,0,0,24,0,86376,COMPLETE_SUFFICIENT
2002-04-25,24,0,0,0,0,24,0,86376,COMPLETE_SUFFICIENT
2002-04-26,20,4,0,0,0,24,0,71933,COMPLETE_SUFFICIENT
2002-04-27,24,0,0,0,0,24,0,86400,COMPLETE_SUFFICIENT
2002-04-28,24,0,0,0,0,24,0,86384,COMPLETE_SUFFICIENT
2002-04-29,24,0,0,0,0,24,0,86336,COMPLETE_SUFFICIENT
2002-04-30,24,0,0,0,0,24,0,86400,COMPLETE_SUFFICIENT
2002-05-01,24,0,0,0,0,24,0,86392,COMPLETE_SUFFICIENT
2002-05-02,24,0,0,0,0,24,0,86368,COMPLETE_SUFFICIENT
2002-05-03,24,0,0,0,0,24,0,86368,COMPLETE_SUFFICIENT
2002-05-04,24,0,0,0,0,24,0,86361,COMPLETE_SUFFICIENT
2002-05-05,24,0,0,0,0,24,0,86392,COMPLETE_SUFFICIENT
2002-05-06,20,4,0,0,0,24,0,71443,COMPLETE_SUFFICIENT
2002-05-07,24,0,0,0,0,24,0,86368,COMPLETE_SUFFICIENT
2002-05-08,24,0,0,0,0,24,0,86312,COMPLETE_SUFFICIENT
2002-05-09,24,0,0,0,0,24,0,86400,COMPLETE_SUFFICIENT
2002-05-10,24,0,0,0,0,24,0,86400,COMPLETE_SUFFICIENT
2002-05-11,24,0,0,0,0,24,0,86393,COMPLETE_SUFFICIENT
2002-05-12,24,0,0,0,0,24,0,86392,COMPLETE_SUFFICIENT
2002-05-13,24,0,0,0,0,24,0,86400,COMPLETE_SUFFICIENT
2002-05-14,24,0,0,0,0,24,0,86400,COMPLETE_SUFFICIENT
2002-05-15,24,0,0,0,0,24,0,86400,COMPLETE_SUFFICIENT
2002-05-16,24,0,0,0,0,24,0,86400,COMPLETE_SUFFICIENT
2002-05-17,20,4,0,0,0,24,0,71925,COMPLETE_SUFFICIENT
2002-05-18,24,0,0,0,0,24,0,86352,COMPLETE_SUFFICIENT
2002-05-19,24,0,0,0,0,24,0,86401,COMPLETE_SUFFICIENT
2002-05-20,24,0,0,0,0,24,0,86384,COMPLETE_SUFFICIENT
2002-05-21,24,0,0,0,0,24,0,86384,COMPLETE_SUFFICIENT
2002-05-22,24,0,0,0,0,24,0,86344,COMPLETE_SUFFICIENT
2002-05-23,24,0,0,0,0,24,0,86392,COMPLETE_SUFFICIENT
2002-05-24,24,0,0,0,0,24,0,86400,COMPLETE_SUFFICIENT
2002-05-25,24,0,0,0,0,24,0,86400,COMPLETE_SUFFICIENT
2002-05-26,24,0,0,0,0,24,0,86393,COMPLETE_SUFFICIENT
2002-05-27,24,0,0,0,0,24,0,86392,COMPLETE_SUFFICIENT
2002-05-28,19,5,0,0,0,24,0,69461,COMPLETE_SUFFICIENT
2002-05-29,24,0,0,0,0,24,0,86368,COMPLETE_SUFFICIENT
2002-05-30,24,0,0,0,0,24,0,86400,COMPLETE_SUFFICIENT
2002-05-31,24,0,0,0,0,24,0,86392,COMPLETE_SUFFICIENT
2002-06-01,24,0,0,0,0,24,0,86376,COMPLETE_SUFFICIENT
2002-06-02,24,0,0,0,0,24,0,86384,COMPLETE_SUFFICIENT
2002-06-03,24,0,0,0,0,24,0,86393,COMPLETE_SUFFICIENT
2002-06-04,24,0,0,0,0,24,0,86400,COMPLETE_SUFFICIENT
2002-06-05,24,0,0,0,0,24,0,86352,COMPLETE_SUFFICIENT
2002-06-06,20,4,0,0,0,24,0,71295,COMPLETE_SUFFICIENT
2002-06-07,24,0,0,0,0,24,0,86400,COMPLETE_SUFFICIENT
2002-06-08,24,0,0,0,0,24,0,86392,COMPLETE_SUFFICIENT
2002-06-09,24,0,0,0,0,24,0,86400,COMPLETE_SUFFICIENT
2002-06-10,24,0,0,0,0,24,0,86401,COMPLETE_SUFFICIENT
2002-06-11,24,0,0,0,0,24,0,86400,COMPLETE_SUFFICIENT
2002-06-12,24,0,0,0,0,24,0,86400,COMPLETE_SUFFICIENT
2002-06-13,24,0,0,0,0,24,0,86312,COMPLETE_SUFFICIENT
2002-06-14,24,0,0,0,0,24,0,86312,COMPLETE_SUFFICIENT
2002-06-15,24,0,0,0,0,24,0,86400,COMPLETE_SUFFICIENT
2002-06-16,24,0,0,0,0,24,0,86400,COMPLETE_SUFFICIENT
2002-06-17,24,0,0,0,0,24,0,85985,COMPLETE_SUFFICIENT
2002-06-18,24,0,0,0,0,24,0,86400,COMPLETE_SUFFICIENT
2002-06-19,24,0,0,0,0,24,0,86400,COMPLETE_SUFFICIENT
2002-06-20,19,5,0,0,0,24,0,69485,COMPLETE_SUFFICIENT
2002-06-21,24,0,0,0,0,24,0,86344,COMPLETE_SUFFICIENT
2002-06-22,24,0,0,0,0,24,0,86376,COMPLETE_SUFFICIENT
2002-06-23,24,0,0,0,0,24,0,86400,COMPLETE_SUFFICIENT
2002-06-24,24,0,0,0,0,24,0,86401,COMPLETE_SUFFICIENT
2002-06-25,24,0,0,0,0,24,0,86360,COMPLETE_SUFFICIENT
2002-06-26,18,6,0,0,0,22,2,64368,COMPLETE_WITH_BEST_AVAILABLE
2002-06-27,24,0,0,0,0,24,0,86400,COMPLETE_SUFFICIENT
2002-06-28,24,0,0,0,0,24,0,86400,COMPLETE_SUFFICIENT
2002-06-29,24,0,0,0,0,24,0,86392,COMPLETE_SUFFICIENT
2002-06-30,24,0,0,0,0,24,0,86304,COMPLETE_SUFFICIENT
2002-07-01,24,0,0,0,0,24,0,86368,COMPLETE_SUFFICIENT
2002-07-02,24,0,0,0,0,24,0,86369,COMPLETE_SUFFICIENT
2002-07-03,24,0,0,0,0,24,0,86392,COMPLETE_SUFFICIENT
2002-07-04,24,0,0,0,0,24,0,86392,COMPLETE_SUFFICIENT
2002-07-05,24,0,0,0,0,24,0,86368,COMPLETE_SUFFICIENT
2002-07-06,24,0,0,0,0,24,0,86376,COMPLETE_SUFFICIENT
2002-07-07,24,0,0,0,0,24,0,86392,COMPLETE_SUFFICIENT
2002-07-08,24,0,0,0,0,24,0,85976,COMPLETE_SUFFICIENT
2002-07-09,24,0,0,0,0,24,0,86401,COMPLETE_SUFFICIENT
2002-07-10,24,0,0,0,0,24,0,86384,COMPLETE_SUFFICIENT
2002-07-11,24,0,0,0,0,24,0,86392,COMPLETE_SUFFICIENT
2002-07-12,20,4,0,0,0,24,0,71564,COMPLETE_SUFFICIENT
2002-07-13,24,0,0,0,0,24,0,86344,COMPLETE_SUFFICIENT
2002-07-14,24,0,0,0,0,24,0,86392,COMPLETE_SUFFICIENT
2002-07-15,24,0,0,0,0,24,0,86384,COMPLETE_SUFFICIENT
2002-07-16,24,0,0,0,0,24,0,86377,COMPLETE_SUFFICIENT
2002-07-17,24,0,0,0,0,24,0,86392,COMPLETE_SUFFICIENT
2002-07-18,24,0,0,0,0,24,0,86392,COMPLETE_SUFFICIENT
2002-07-19,24,0,0,0,0,24,0,86384,COMPLETE_SUFFICIENT
2002-07-20,24,0,0,0,0,24,0,86400,COMPLETE_SUFFICIENT
2002-07-21,24,0,0,0,0,24,0,86392,COMPLETE_SUFFICIENT
2002-07-22,24,0,0,0,0,24,0,86400,COMPLETE_SUFFICIENT
2002-07-23,24,0,0,0,0,24,0,86368,COMPLETE_SUFFICIENT
2002-07-24,24,0,0,0,0,24,0,86385,COMPLETE_SUFFICIENT
2002-07-25,24,0,0,0,0,24,0,86400,COMPLETE_SUFFICIENT
2002-07-26,24,0,0,0,0,24,0,86400,COMPLETE_SUFFICIENT
2002-07-27,24,0,0,0,0,24,0,86400,COMPLETE_SUFFICIENT
2002-07-28,24,0,0,0,0,24,0,86400,COMPLETE_SUFFICIENT
2002-07-29,24,0,0,0,0,24,0,86392,COMPLETE_SUFFICIENT
2002-07-30,18,6,0,0,0,24,0,66150,COMPLETE_SUFFICIENT
2002-07-31,24,0,0,0,0,24,0,86393,COMPLETE_SUFFICIENT
2002-08-01,24,0,0,0,0,24,0,86368,COMPLETE_SUFFICIENT
2002-08-02,24,0,0,0,0,24,0,86400,COMPLETE_SUFFICIENT
2002-08-03,24,0,0,0,0,24,0,86400,COMPLETE_SUFFICIENT
2002-08-04,24,0,0,0,0,24,0,86400,COMPLETE_SUFFICIENT
2002-08-05,24,0,0,0,0,24,0,86400,COMPLETE_SUFFICIENT
2002-08-06,24,0,0,0,0,24,0,86392,COMPLETE_SUFFICIENT
2002-08-07,24,0,0,0,0,24,0,86393,COMPLETE_SUFFICIENT
2002-08-08,24,0,0,0,0,24,0,86400,COMPLETE_SUFFICIENT
2002-08-09,24,0,0,0,0,24,0,86384,COMPLETE_SUFFICIENT
2002-08-10,24,0,0,0,0,24,0,86376,COMPLETE_SUFFICIENT
2002-08-11,24,0,0,0,0,24,0,86400,COMPLETE_SUFFICIENT
2002-08-12,24,0,0,0,0,24,0,86344,COMPLETE_SUFFICIENT
2002-08-13,19,5,0,0,0,24,0,69485,COMPLETE_SUFFICIENT
2002-08-14,24,0,0,0,0,24,0,86352,COMPLETE_SUFFICIENT
2002-08-15,24,0,0,0,0,24,0,86305,COMPLETE_SUFFICIENT
2002-08-16,24,0,0,0,0,24,0,86400,COMPLETE_SUFFICIENT
2002-08-17,24,0,0,0,0,24,0,86360,COMPLETE_SUFFICIENT
2002-08-18,24,0,0,0,0,24,0,86312,COMPLETE_SUFFICIENT
2002-08-19,24,0,0,0,0,24,0,86400,COMPLETE_SUFFICIENT
2002-08-20,24,0,0,0,0,24,0,86400,COMPLETE_SUFFICIENT
2002-08-21,24,0,0,0,0,24,0,86400,COMPLETE_SUFFICIENT
2002-08-22,24,0,0,0,0,24,0,86393,COMPLETE_SUFFICIENT
2002-08-23,19,5,0,0,0,24,0,69517,COMPLETE_SUFFICIENT
2002-08-24,24,0,0,0,0,24,0,86400,COMPLETE_SUFFICIENT
2002-08-25,24,0,0,0,0,24,0,86400,COMPLETE_SUFFICIENT
2002-08-26,24,0,0,0,0,24,0,86272,COMPLETE_SUFFICIENT
2002-08-27,24,0,0,0,0,24,0,86400,COMPLETE_SUFFICIENT
2002-08-28,24,0,0,0,0,24,0,86384,COMPLETE_SUFFICIENT
2002-08-29,24,0,0,0,0,24,0,86400,COMPLETE_SUFFICIENT
2002-08-30,19,5,0,0,0,24,0,69526,COMPLETE_SUFFICIENT
2002-08-31,24,0,0,0,0,24,0,86400,COMPLETE_SUFFICIENT
2002-09-01,24,0,0,0,0,24,0,86400,COMPLETE_SUFFICIENT
2002-09-02,24,0,0,0,0,24,0,86400,COMPLETE_SUFFICIENT
2002-09-03,24,0,0,0,0,24,0,86400,COMPLETE_SUFFICIENT
2002-09-04,24,0,0,0,0,24,0,86352,COMPLETE_SUFFICIENT
2002-09-05,24,0,0,0,0,24,0,86328,COMPLETE_SUFFICIENT
2002-09-06,20,4,0,0,0,24,0,71503,COMPLETE_SUFFICIENT
2002-09-07,24,0,0,0,0,24,0,86400,COMPLETE_SUFFICIENT
2002-09-08,24,0,0,0,0,24,0,86400,COMPLETE_SUFFICIENT
2002-09-09,24,0,0,0,0,24,0,86400,COMPLETE_SUFFICIENT
2002-09-10,24,0,0,0,0,24,0,86400,COMPLETE_SUFFICIENT
2002-09-11,24,0,0,0,0,24,0,86400,COMPLETE_SUFFICIENT
2002-09-12,24,0,0,0,0,24,0,86392,COMPLETE_SUFFICIENT
2002-09-13,20,4,0,0,0,24,0,71867,COMPLETE_SUFFICIENT
2002-09-14,24,0,0,0,0,24,0,86393,COMPLETE_SUFFICIENT
2002-09-15,24,0,0,0,0,24,0,86392,COMPLETE_SUFFICIENT
2002-09-16,24,0,0,0,0,24,0,86400,COMPLETE_SUFFICIENT
2002-09-17,24,0,0,0,0,24,0,86400,COMPLETE_SUFFICIENT
2002-09-18,24,0,0,0,0,24,0,86400,COMPLETE_SUFFICIENT
2002-09-19,24,0,0,0,0,24,0,86368,COMPLETE_SUFFICIENT
2002-09-20,20,4,0,0,0,24,0,71420,COMPLETE_SUFFICIENT
2002-09-21,24,0,0,0,0,24,0,86368,COMPLETE_SUFFICIENT
2002-09-22,24,0,0,0,0,24,0,86400,COMPLETE_SUFFICIENT
2002-09-23,24,0,0,0,0,24,0,86401,COMPLETE_SUFFICIENT
2002-09-24,24,0,0,0,0,24,0,86360,COMPLETE_SUFFICIENT
2002-09-25,24,0,0,0,0,24,0,86400,COMPLETE_SUFFICIENT
2002-09-26,24,0,0,0,0,24,0,86400,COMPLETE_SUFFICIENT
2002-09-27,20,4,0,0,0,24,0,72190,COMPLETE_SUFFICIENT
2002-09-28,24,0,0,0,0,24,0,86400,COMPLETE_SUFFICIENT
2002-09-29,24,0,0,0,0,24,0,86400,COMPLETE_SUFFICIENT
2002-09-30,24,0,0,0,0,24,0,86400,COMPLETE_SUFFICIENT
2002-10-01,24,0,0,0,0,24,0,86401,COMPLETE_SUFFICIENT
2002-10-02,24,0,0,0,0,24,0,86368,COMPLETE_SUFFICIENT
2002-10-03,24,0,0,0,0,24,0,86400,COMPLETE_SUFFICIENT
2002-10-04,20,4,0,0,0,24,0,71731,COMPLETE_SUFFICIENT
2002-10-05,24,0,0,0,0,24,0,86400,COMPLETE_SUFFICIENT
2002-10-06,24,0,0,0,0,24,0,86376,COMPLETE_SUFFICIENT
2002-10-07,24,0,0,0,0,24,0,86400,COMPLETE_SUFFICIENT
2002-10-08,24,0,0,0,0,24,0,86353,COMPLETE_SUFFICIENT
2002-10-09,24,0,0,0,0,24,0,86392,COMPLETE_SUFFICIENT
2002-10-10,24,0,0,0,0,24,0,86400,COMPLETE_SUFFICIENT
2002-10-11,19,5,0,0,0,24,0,67836,COMPLETE_SUFFICIENT
2002-10-12,24,0,0,0,0,24,0,86400,COMPLETE_SUFFICIENT
2002-10-13,24,0,0,0,0,24,0,86392,COMPLETE_SUFFICIENT
2002-10-14,24,0,0,0,0,24,0,86368,COMPLETE_SUFFICIENT
2002-10-15,24,0,0,0,0,24,0,86360,COMPLETE_SUFFICIENT
2002-10-16,24,0,0,0,0,24,0,86401,COMPLETE_SUFFICIENT
2002-10-17,24,0,0,0,0,24,0,86384,COMPLETE_SUFFICIENT
2002-10-18,24,0,0,0,0,24,0,86400,COMPLETE_SUFFICIENT
2002-10-19,24,0,0,0,0,24,0,86392,COMPLETE_SUFFICIENT
2002-10-20,24,0,0,0,0,24,0,86400,COMPLETE_SUFFICIENT
2002-10-21,19,5,0,0,0,24,0,67740,COMPLETE_SUFFICIENT
2002-10-22,24,0,0,0,0,24,0,86384,COMPLETE_SUFFICIENT
2002-10-23,24,0,0,0,0,24,0,86361,COMPLETE_SUFFICIENT
2002-10-24,24,0,0,0,0,24,0,86400,COMPLETE_SUFFICIENT
2002-10-25,24,0,0,0,0,24,0,86400,COMPLETE_SUFFICIENT
2002-10-26,24,0,0,0,0,24,0,86304,COMPLETE_SUFFICIENT
2002-10-27,24,0,0,0,0,24,0,86376,COMPLETE_SUFFICIENT
2002-10-28,24,0,0,0,0,24,0,86400,COMPLETE_SUFFICIENT
2002-10-29,24,0,0,0,0,24,0,86400,COMPLETE_SUFFICIENT
2002-10-30,24,0,0,0,0,24,0,86400,COMPLETE_SUFFICIENT
2002-10-31,24,0,0,0,0,24,0,86385,COMPLETE_SUFFICIENT
2002-11-01,18,6,0,0,0,24,0,64303,COMPLETE_SUFFICIENT
2002-11-02,24,0,0,0,0,24,0,84408,COMPLETE_SUFFICIENT
2002-11-03,24,0,0,0,0,24,0,86400,COMPLETE_SUFFICIENT
2002-11-04,24,0,0,0,0,24,0,86400,COMPLETE_SUFFICIENT
2002-11-05,24,0,0,0,0,24,0,86400,COMPLETE_SUFFICIENT
2002-11-06,24,0,0,0,0,24,0,86344,COMPLETE_SUFFICIENT
2002-11-07,24,0,0,0,0,24,0,86305,COMPLETE_SUFFICIENT
2002-11-08,24,0,0,0,0,24,0,86384,COMPLETE_SUFFICIENT
2002-11-09,24,0,0,0,0,24,0,86392,COMPLETE_SUFFICIENT
2002-11-10,24,0,0,0,0,24,0,86400,COMPLETE_SUFFICIENT
2002-11-11,24,0,0,0,0,24,0,86392,COMPLETE_SUFFICIENT
2002-11-12,24,0,0,0,0,24,0,86400,COMPLETE_SUFFICIENT
2002-11-13,20,4,0,0,0,24,0,71908,COMPLETE_SUFFICIENT
2002-11-14,24,0,0,0,0,24,0,86401,COMPLETE_SUFFICIENT
2002-11-15,24,0,0,0,0,24,0,86400,COMPLETE_SUFFICIENT
2002-11-16,24,0,0,0,0,24,0,86400,COMPLETE_SUFFICIENT
2002-11-17,24,0,0,0,0,24,0,86392,COMPLETE_SUFFICIENT
2002-11-18,24,0,0,0,0,24,0,86400,COMPLETE_SUFFICIENT
2002-11-19,24,0,0,0,0,24,0,86400,COMPLETE_SUFFICIENT
2002-11-20,24,0,0,0,0,24,0,86392,COMPLETE_SUFFICIENT
2002-11-21,24,0,0,0,0,24,0,86400,COMPLETE_SUFFICIENT
2002-11-22,24,0,0,0,0,24,0,86401,COMPLETE_SUFFICIENT
2002-11-23,24,0,0,0,0,24,0,86320,COMPLETE_SUFFICIENT
2002-11-24,24,0,0,0,0,24,0,86392,COMPLETE_SUFFICIENT
2002-11-25,24,0,0,0,0,24,0,86392,COMPLETE_SUFFICIENT
2002-11-26,19,5,0,0,0,24,0,69525,COMPLETE_SUFFICIENT
2002-11-27,24,0,0,0,0,24,0,86376,COMPLETE_SUFFICIENT
2002-11-28,24,0,0,0,0,24,0,86384,COMPLETE_SUFFICIENT
2002-11-29,24,0,0,0,0,24,0,86385,COMPLETE_SUFFICIENT
2002-11-30,24,0,0,0,0,24,0,86400,COMPLETE_SUFFICIENT
2002-12-01,24,0,0,0,0,24,0,86368,COMPLETE_SUFFICIENT
2002-12-02,24,0,0,0,0,24,0,86376,COMPLETE_SUFFICIENT
2002-12-03,24,0,0,0,0,24,0,86384,COMPLETE_SUFFICIENT
2002-12-04,24,0,0,0,0,24,0,86368,COMPLETE_SUFFICIENT
2002-12-05,19,5,0,0,0,24,0,69517,COMPLETE_SUFFICIENT
2002-12-06,24,0,0,0,0,24,0,86392,COMPLETE_SUFFICIENT
2002-12-07,24,0,0,0,0,24,0,86377,COMPLETE_SUFFICIENT
2002-12-08,24,0,0,0,0,24,0,86400,COMPLETE_SUFFICIENT
2002-12-09,24,0,0,0,0,24,0,86392,COMPLETE_SUFFICIENT
2002-12-10,24,0,0,0,0,24,0,86392,COMPLETE_SUFFICIENT
2002-12-11,24,0,0,0,0,24,0,86400,COMPLETE_SUFFICIENT
2002-12-12,24,0,0,0,0,24,0,86392,COMPLETE_SUFFICIENT
2002-12-13,24,0,0,0,0,24,0,86392,COMPLETE_SUFFICIENT
2002-12-14,24,0,0,0,0,24,0,86392,COMPLETE_SUFFICIENT
2002-12-15,24,0,0,0,0,24,0,86401,COMPLETE_SUFFICIENT
2002-12-16,24,0,0,0,0,24,0,86400,COMPLETE_SUFFICIENT
2002-12-17,24,0,0,0,0,24,0,86392,COMPLETE_SUFFICIENT
2002-12-18,24,0,0,0,0,24,0,86264,COMPLETE_SUFFICIENT
2002-12-19,21,3,0,0,0,24,0,74611,COMPLETE_SUFFICIENT
2002-12-20,24,0,0,0,0,23,1,83311,COMPLETE_WITH_BEST_AVAILABLE
2002-12-21,24,0,0,0,0,24,0,86392,COMPLETE_SUFFICIENT
2002-12-22,24,0,0,0,0,24,0,86401,COMPLETE_SUFFICIENT
2002-12-23,20,4,0,0,0,24,0,72086,COMPLETE_SUFFICIENT
2002-12-24,24,0,0,0,0,24,0,86392,COMPLETE_SUFFICIENT
2002-12-25,24,0,0,0,0,24,0,86400,COMPLETE_SUFFICIENT
2002-12-26,24,0,0,0,0,24,0,86400,COMPLETE_SUFFICIENT
2002-12-27,24,0,0,0,0,24,0,86400,COMPLETE_SUFFICIENT
2002-12-28,24,0,0,0,0,24,0,86368,COMPLETE_SUFFICIENT
2002-12-29,24,0,0,0,0,24,0,86337,COMPLETE_SUFFICIENT
2002-12-30,24,0,0,0,0,24,0,86280,COMPLETE_SUFFICIENT
2002-12-31,24,0,0,0,0,24,0,86392,COMPLETE_SUFFICIENT
2003-01-01,24,0,0,0,0,24,0,86376,COMPLETE_SUFFICIENT
2003-01-02,24,0,0,0,0,24,0,86400,COMPLETE_SUFFICIENT
2003-01-03,24,0,0,0,0,24,0,86232,COMPLETE_SUFFICIENT
2003-01-04,24,0,0,0,0,24,0,86376,COMPLETE_SUFFICIENT
2003-01-05,24,0,0,0,0,24,0,86400,COMPLETE_SUFFICIENT
2003-01-06,24,0,0,0,0,24,0,86393,COMPLETE_SUFFICIENT
2003-01-07,24,0,0,0,0,24,0,86384,COMPLETE_SUFFICIENT
2003-01-08,24,0,0,0,0,24,0,86400,COMPLETE_SUFFICIENT
2003-01-09,20,4,0,0,0,24,0,71374,COMPLETE_SUFFICIENT
2003-01-10,24,0,0,0,0,24,0,86296,COMPLETE_SUFFICIENT
2003-01-11,24,0,0,0,0,24,0,86392,COMPLETE_SUFFICIENT
2003-01-12,24,0,0,0,0,24,0,86392,COMPLETE_SUFFICIENT
2003-01-13,24,0,0,0,0,24,0,86400,COMPLETE_SUFFICIENT
2003-01-14,24,0,0,0,0,24,0,86401,COMPLETE_SUFFICIENT
2003-01-15,24,0,0,0,0,24,0,86384,COMPLETE_SUFFICIENT
2003-01-16,24,0,0,0,0,24,0,86392,COMPLETE_SUFFICIENT
2003-01-17,24,0,0,0,0,24,0,86392,COMPLETE_SUFFICIENT
2003-01-18,24,0,0,0,0,24,0,86376,COMPLETE_SUFFICIENT
2003-01-19,24,0,0,0,0,24,0,86392,COMPLETE_SUFFICIENT
2003-01-20,24,0,0,0,0,24,0,86384,COMPLETE_SUFFICIENT
2003-01-21,24,0,0,0,0,24,0,86401,COMPLETE_SUFFICIENT
2003-01-22,24,0,0,0,0,24,0,86376,COMPLETE_SUFFICIENT
2003-01-23,24,0,0,0,0,24,0,86392,COMPLETE_SUFFICIENT
2003-01-24,20,4,0,0,0,24,0,71575,COMPLETE_SUFFICIENT
2003-01-25,24,0,0,0,0,24,0,86376,COMPLETE_SUFFICIENT
2003-01-26,24,0,0,0,0,24,0,86384,COMPLETE_SUFFICIENT
2003-01-27,24,0,0,0,0,24,0,86392,COMPLETE_SUFFICIENT
2003-01-28,24,0,0,0,0,24,0,86392,COMPLETE_SUFFICIENT
2003-01-29,24,0,0,0,0,24,0,86393,COMPLETE_SUFFICIENT
2003-01-30,24,0,0,0,0,24,0,86400,COMPLETE_SUFFICIENT
2003-01-31,24,0,0,0,0,24,0,86400,COMPLETE_SUFFICIENT
2003-02-01,24,0,0,0,0,24,0,86400,COMPLETE_SUFFICIENT
2003-02-02,24,0,0,0,0,24,0,86400,COMPLETE_SUFFICIENT
2003-02-03,24,0,0,0,0,24,0,86400,COMPLETE_SUFFICIENT
2003-02-04,24,0,0,0,0,24,0,86400,COMPLETE_SUFFICIENT
2003-02-05,24,0,0,0,0,24,0,86401,COMPLETE_SUFFICIENT
2003-02-06,19,5,0,0,0,24,0,69525,COMPLETE_SUFFICIENT
2003-02-07,24,0,0,0,0,24,0,86392,COMPLETE_SUFFICIENT
2003-02-08,24,0,0,0,0,24,0,86384,COMPLETE_SUFFICIENT
2003-02-09,24,0,0,0,0,24,0,86400,COMPLETE_SUFFICIENT
2003-02-10,24,0,0,0,0,24,0,86400,COMPLETE_SUFFICIENT
2003-02-11,24,0,0,0,0,24,0,86400,COMPLETE_SUFFICIENT
2003-02-12,24,0,0,0,0,24,0,86336,COMPLETE_SUFFICIENT
2003-02-13,24,0,0,0,0,24,0,86401,COMPLETE_SUFFICIENT
2003-02-14,18,6,0,0,0,24,0,66150,COMPLETE_SUFFICIENT
2003-02-15,24,0,0,0,0,24,0,86400,COMPLETE_SUFFICIENT
2003-02-16,24,0,0,0,0,24,0,86392,COMPLETE_SUFFICIENT
2003-02-17,24,0,0,0,0,24,0,86392,COMPLETE_SUFFICIENT
2003-02-18,24,0,0,0,0,24,0,86400,COMPLETE_SUFFICIENT
2003-02-19,24,0,0,0,0,24,0,86352,COMPLETE_SUFFICIENT
2003-02-20,24,0,0,0,0,24,0,86336,COMPLETE_SUFFICIENT
2003-02-21,24,0,0,0,0,24,0,86249,COMPLETE_SUFFICIENT
2003-02-22,24,0,0,0,0,24,0,86392,COMPLETE_SUFFICIENT
2003-02-23,24,0,0,0,0,24,0,86264,COMPLETE_SUFFICIENT
2003-02-24,19,5,0,0,0,24,0,69477,COMPLETE_SUFFICIENT
2003-02-25,24,0,0,0,0,24,0,86392,COMPLETE_SUFFICIENT
2003-02-26,24,0,0,0,0,24,0,86376,COMPLETE_SUFFICIENT
2003-02-27,24,0,0,0,0,24,0,86400,COMPLETE_SUFFICIENT
2003-02-28,24,0,0,0,0,24,0,86401,COMPLETE_SUFFICIENT
2003-03-01,24,0,0,0,0,24,0,86400,COMPLETE_SUFFICIENT
2003-03-02,24,0,0,0,0,24,0,86384,COMPLETE_SUFFICIENT
2003-03-03,20,4,0,0,0,24,0,72249,COMPLETE_SUFFICIENT
2003-03-04,24,0,0,0,0,24,0,86400,COMPLETE_SUFFICIENT
2003-03-05,24,0,0,0,0,24,0,86392,COMPLETE_SUFFICIENT
2003-03-06,24,0,0,0,0,24,0,86400,COMPLETE_SUFFICIENT
2003-03-07,19,5,0,0,0,24,0,69525,COMPLETE_SUFFICIENT
2003-03-08,24,0,0,0,0,24,0,86401,COMPLETE_SUFFICIENT
2003-03-09,24,0,0,0,0,24,0,86400,COMPLETE_SUFFICIENT
2003-03-10,24,0,0,0,0,24,0,86400,COMPLETE_SUFFICIENT
2003-03-11,24,0,0,0,0,24,0,84648,COMPLETE_SUFFICIENT
2003-03-12,14,2,0,1,7,16,1,47195,PARTIAL
2003-03-13,21,3,0,0,0,24,0,76275,COMPLETE_SUFFICIENT
2003-03-14,24,0,0,0,0,24,0,86400,COMPLETE_SUFFICIENT
2003-03-15,24,0,0,0,0,24,0,86393,COMPLETE_SUFFICIENT
2003-03-16,24,0,0,0,0,24,0,86392,COMPLETE_SUFFICIENT
2003-03-17,24,0,0,0,0,24,0,86376,COMPLETE_SUFFICIENT
2003-03-18,24,0,0,0,0,24,0,86296,COMPLETE_SUFFICIENT
2003-03-19,24,0,0,0,0,24,0,86352,COMPLETE_SUFFICIENT
2003-03-20,24,0,0,0,0,24,0,86400,COMPLETE_SUFFICIENT
2003-03-21,20,4,0,0,0,24,0,71833,COMPLETE_SUFFICIENT
2003-03-22,24,0,0,0,0,24,0,86368,COMPLETE_SUFFICIENT
2003-03-23,24,0,0,0,0,24,0,86377,COMPLETE_SUFFICIENT
2003-03-24,24,0,0,0,0,24,0,86352,COMPLETE_SUFFICIENT
2003-03-25,24,0,0,0,0,24,0,86376,COMPLETE_SUFFICIENT
2003-03-26,24,0,0,0,0,24,0,86392,COMPLETE_SUFFICIENT
2003-03-27,24,0,0,0,0,24,0,86392,COMPLETE_SUFFICIENT
2003-03-28,19,0,5,0,0,24,0,67470,COMPLETE_SUFFICIENT
2003-03-29,24,0,0,0,0,24,0,86400,COMPLETE_SUFFICIENT
2003-03-30,24,0,0,0,0,24,0,86401,COMPLETE_SUFFICIENT
2003-03-31,24,0,0,0,0,24,0,86400,COMPLETE_SUFFICIENT
2003-04-01,24,0,0,0,0,24,0,86368,COMPLETE_SUFFICIENT
2003-04-02,24,0,0,0,0,24,0,86384,COMPLETE_SUFFICIENT
2003-04-03,24,0,0,0,0,24,0,86400,COMPLETE_SUFFICIENT
2003-04-04,19,0,5,0,0,24,0,66966,COMPLETE_SUFFICIENT
2003-04-05,24,0,0,0,0,24,0,86392,COMPLETE_SUFFICIENT
2003-04-06,24,0,0,0,0,24,0,86393,COMPLETE_SUFFICIENT
2003-04-07,24,0,0,0,0,24,0,86400,COMPLETE_SUFFICIENT
2003-04-08,24,0,0,0,0,24,0,86384,COMPLETE_SUFFICIENT
2003-04-09,24,0,0,0,0,24,0,86048,COMPLETE_SUFFICIENT
2003-04-10,24,0,0,0,0,24,0,85600,COMPLETE_SUFFICIENT
2003-04-11,24,0,0,0,0,24,0,86136,COMPLETE_SUFFICIENT
2003-04-12,24,0,0,0,0,24,0,86304,COMPLETE_SUFFICIENT
2003-04-13,24,0,0,0,0,24,0,86352,COMPLETE_SUFFICIENT
2003-04-14,18,0,6,0,0,24,0,64891,COMPLETE_SUFFICIENT
2003-04-15,24,0,0,0,0,24,0,86392,COMPLETE_SUFFICIENT
2003-04-16,24,0,0,0,0,24,0,86392,COMPLETE_SUFFICIENT
2003-04-17,24,0,0,0,0,24,0,86288,COMPLETE_SUFFICIENT
2003-04-18,24,0,0,0,0,24,0,86312,COMPLETE_SUFFICIENT
2003-04-19,24,0,0,0,0,24,0,86320,COMPLETE_SUFFICIENT
2003-04-20,24,0,0,0,0,24,0,86336,COMPLETE_SUFFICIENT
2003-04-21,24,0,0,0,0,24,0,86401,COMPLETE_SUFFICIENT
2003-04-22,24,0,0,0,0,24,0,86336,COMPLETE_SUFFICIENT
2003-04-23,24,0,0,0,0,24,0,86376,COMPLETE_SUFFICIENT
2003-04-24,24,0,0,0,0,24,0,86400,COMPLETE_SUFFICIENT
2003-04-25,19,0,5,0,0,24,0,68475,COMPLETE_SUFFICIENT
2003-04-26,24,0,0,0,0,24,0,86400,COMPLETE_SUFFICIENT
2003-04-27,24,0,0,0,0,24,0,86392,COMPLETE_SUFFICIENT
2003-04-28,24,0,0,0,0,24,0,86345,COMPLETE_SUFFICIENT
2003-04-29,24,0,0,0,0,24,0,86392,COMPLETE_SUFFICIENT
2003-04-30,24,0,0,0,0,24,0,86392,COMPLETE_SUFFICIENT
2003-05-01,24,0,0,0,0,24,0,86400,COMPLETE_SUFFICIENT
2003-05-02,24,0,0,0,0,24,0,86352,COMPLETE_SUFFICIENT
2003-05-03,24,0,0,0,0,24,0,86368,COMPLETE_SUFFICIENT
2003-05-04,24,0,0,0,0,24,0,86376,COMPLETE_SUFFICIENT
2003-05-05,24,0,0,0,0,24,0,86400,COMPLETE_SUFFICIENT
2003-05-06,24,0,0,0,0,24,0,86401,COMPLETE_SUFFICIENT
2003-05-07,19,0,5,0,0,24,0,67089,COMPLETE_SUFFICIENT
2003-05-08,24,0,0,0,0,24,0,86368,COMPLETE_SUFFICIENT
2003-05-09,24,0,0,0,0,24,0,86376,COMPLETE_SUFFICIENT
2003-05-10,24,0,0,0,0,24,0,86384,COMPLETE_SUFFICIENT
2003-05-11,24,0,0,0,0,24,0,86400,COMPLETE_SUFFICIENT
2003-05-12,24,0,0,0,0,24,0,86288,COMPLETE_SUFFICIENT
2003-05-13,24,0,0,0,0,24,0,86401,COMPLETE_SUFFICIENT
2003-05-14,24,0,0,0,0,24,0,86168,COMPLETE_SUFFICIENT
2003-05-15,24,0,0,0,0,24,0,86208,COMPLETE_SUFFICIENT
2003-05-16,24,0,0,0,0,24,0,86288,COMPLETE_SUFFICIENT
2003-05-17,24,0,0,0,0,24,0,86288,COMPLETE_SUFFICIENT
2003-05-18,24,0,0,0,0,24,0,86312,COMPLETE_SUFFICIENT
2003-05-19,24,0,0,0,0,24,0,86400,COMPLETE_SUFFICIENT
2003-05-20,24,0,0,0,0,24,0,86393,COMPLETE_SUFFICIENT
2003-05-21,24,0,0,0,0,24,0,86400,COMPLETE_SUFFICIENT
2003-05-22,17,0,5,1,1,23,0,61275,PARTIAL
2003-05-23,24,0,0,0,0,24,0,86400,COMPLETE_SUFFICIENT
2003-05-24,24,0,0,0,0,24,0,86400,COMPLETE_SUFFICIENT
2003-05-25,24,0,0,0,0,24,0,86384,COMPLETE_SUFFICIENT
2003-05-26,24,0,0,0,0,24,0,86400,COMPLETE_SUFFICIENT
2003-05-27,24,0,0,0,0,24,0,86401,COMPLETE_SUFFICIENT
2003-05-28,24,0,0,0,0,24,0,86368,COMPLETE_SUFFICIENT
2003-05-29,24,0,0,0,0,24,0,86264,COMPLETE_SUFFICIENT
2003-05-30,20,0,4,0,0,24,0,71266,COMPLETE_SUFFICIENT
2003-05-31,24,0,0,0,0,24,0,86304,COMPLETE_SUFFICIENT
2003-06-01,24,0,0,0,0,24,0,86360,COMPLETE_SUFFICIENT
2003-06-02,24,0,0,0,0,24,0,86392,COMPLETE_SUFFICIENT
2003-06-03,24,0,0,0,0,24,0,86376,COMPLETE_SUFFICIENT
2003-06-04,24,0,0,0,0,24,0,86289,COMPLETE_SUFFICIENT
2003-06-05,24,0,0,0,0,24,0,86296,COMPLETE_SUFFICIENT
2003-06-06,20,0,4,0,0,24,0,71272,COMPLETE_SUFFICIENT
2003-06-07,24,0,0,0,0,24,0,86376,COMPLETE_SUFFICIENT
2003-06-08,24,0,0,0,0,24,0,86336,COMPLETE_SUFFICIENT
2003-06-09,24,0,0,0,0,24,0,86320,COMPLETE_SUFFICIENT
2003-06-10,24,0,0,0,0,24,0,86232,COMPLETE_SUFFICIENT
2003-06-11,24,0,0,0,0,24,0,86289,COMPLETE_SUFFICIENT
2003-06-12,24,0,0,0,0,24,0,86352,COMPLETE_SUFFICIENT
2003-06-13,24,0,0,0,0,24,0,86328,COMPLETE_SUFFICIENT
2003-06-14,24,0,0,0,0,24,0,86336,COMPLETE_SUFFICIENT
2003-06-15,24,0,0,0,0,24,0,86400,COMPLETE_SUFFICIENT
2003-06-16,24,0,0,0,0,24,0,86400,COMPLETE_SUFFICIENT
2003-06-17,24,0,0,0,0,24,0,86384,COMPLETE_SUFFICIENT
2003-06-18,24,0,0,0,0,24,0,86393,COMPLETE_SUFFICIENT
2003-06-19,24,0,0,0,0,24,0,86392,COMPLETE_SUFFICIENT
2003-06-20,24,0,0,0,0,24,0,86400,COMPLETE_SUFFICIENT
2003-06-21,24,0,0,0,0,24,0,86392,COMPLETE_SUFFICIENT
2003-06-22,24,0,0,0,0,24,0,86360,COMPLETE_SUFFICIENT
2003-06-23,19,0,5,0,0,24,0,66543,COMPLETE_SUFFICIENT
2003-06-24,24,0,0,0,0,24,0,86304,COMPLETE_SUFFICIENT
2003-06-25,24,0,0,0,0,24,0,86401,COMPLETE_SUFFICIENT
2003-06-26,24,0,0,0,0,24,0,86392,COMPLETE_SUFFICIENT
2003-06-27,24,0,0,0,0,24,0,86296,COMPLETE_SUFFICIENT
2003-06-28,24,0,0,0,0,24,0,86400,COMPLETE_SUFFICIENT
2003-06-29,24,0,0,0,0,24,0,86384,COMPLETE_SUFFICIENT
2003-06-30,24,0,0,0,0,24,0,86224,COMPLETE_SUFFICIENT
2003-07-01,24,0,0,0,0,24,0,86264,COMPLETE_SUFFICIENT
2003-07-02,24,0,0,0,0,24,0,86321,COMPLETE_SUFFICIENT
2003-07-03,24,0,0,0,0,24,0,86384,COMPLETE_SUFFICIENT
2003-07-04,24,0,0,0,0,24,0,86288,COMPLETE_SUFFICIENT
2003-07-05,24,0,0,0,0,24,0,86168,COMPLETE_SUFFICIENT
2003-07-06,24,0,0,0,0,24,0,86336,COMPLETE_SUFFICIENT
2003-07-07,24,0,0,0,0,24,0,86368,COMPLETE_SUFFICIENT
2003-07-08,24,0,0,0,0,24,0,86392,COMPLETE_SUFFICIENT
2003-07-09,24,0,0,0,0,24,0,86385,COMPLETE_SUFFICIENT
2003-07-10,24,0,0,0,0,24,0,86320,COMPLETE_SUFFICIENT
2003-07-11,19,0,5,0,0,24,0,68403,COMPLETE_SUFFICIENT
2003-07-12,24,0,0,0,0,24,0,86392,COMPLETE_SUFFICIENT
2003-07-13,24,0,0,0,0,24,0,86392,COMPLETE_SUFFICIENT
2003-07-14,24,0,0,0,0,24,0,86400,COMPLETE_SUFFICIENT
2003-07-15,24,0,0,0,0,24,0,86400,COMPLETE_SUFFICIENT
2003-07-16,24,0,0,0,0,24,0,86312,COMPLETE_SUFFICIENT
2003-07-17,24,0,0,0,0,24,0,86393,COMPLETE_SUFFICIENT
2003-07-18,24,0,0,0,0,24,0,86392,COMPLETE_SUFFICIENT
2003-07-19,24,0,0,0,0,24,0,86400,COMPLETE_SUFFICIENT
2003-07-20,24,0,0,0,0,24,0,86344,COMPLETE_SUFFICIENT
2003-07-21,24,0,0,0,0,24,0,86400,COMPLETE_SUFFICIENT
2003-07-22,24,0,0,0,0,24,0,86392,COMPLETE_SUFFICIENT
2003-07-23,24,0,0,0,0,24,0,86384,COMPLETE_SUFFICIENT
2003-07-24,24,0,0,0,0,24,0,86369,COMPLETE_SUFFICIENT
2003-07-25,20,0,4,0,0,24,0,70363,COMPLETE_SUFFICIENT
2003-07-26,24,0,0,0,0,24,0,86288,COMPLETE_SUFFICIENT
2003-07-27,24,0,0,0,0,24,0,86288,COMPLETE_SUFFICIENT
2003-07-28,24,0,0,0,0,24,0,86400,COMPLETE_SUFFICIENT
2003-07-29,24,0,0,0,0,24,0,86400,COMPLETE_SUFFICIENT
2003-07-30,24,0,0,0,0,24,0,86392,COMPLETE_SUFFICIENT
2003-07-31,24,0,0,0,0,24,0,86369,COMPLETE_SUFFICIENT
2003-08-01,24,0,0,0,0,24,0,86232,COMPLETE_SUFFICIENT
2003-08-02,24,0,0,0,0,24,0,86096,COMPLETE_SUFFICIENT
2003-08-03,24,0,0,0,0,24,0,86312,COMPLETE_SUFFICIENT
2003-08-04,24,0,0,0,0,24,0,86392,COMPLETE_SUFFICIENT
2003-08-05,24,0,0,0,0,24,0,86400,COMPLETE_SUFFICIENT
2003-08-06,24,0,0,0,0,24,0,86376,COMPLETE_SUFFICIENT
2003-08-07,19,0,5,0,0,24,0,67323,COMPLETE_SUFFICIENT
2003-08-08,24,0,0,0,0,24,0,86393,COMPLETE_SUFFICIENT
2003-08-09,24,0,0,0,0,24,0,86384,COMPLETE_SUFFICIENT
2003-08-10,24,0,0,0,0,24,0,86400,COMPLETE_SUFFICIENT
2003-08-11,24,0,0,0,0,24,0,86400,COMPLETE_SUFFICIENT
2003-08-12,24,0,0,0,0,24,0,86400,COMPLETE_SUFFICIENT
2003-08-13,24,0,0,0,0,24,0,86376,COMPLETE_SUFFICIENT
2003-08-14,24,0,0,0,0,24,0,86360,COMPLETE_SUFFICIENT
2003-08-15,24,0,0,0,0,24,0,86281,COMPLETE_SUFFICIENT
2003-08-16,24,0,0,0,0,24,0,86400,COMPLETE_SUFFICIENT
2003-08-17,24,0,0,0,0,24,0,86392,COMPLETE_SUFFICIENT
2003-08-18,20,0,4,0,0,24,0,70623,COMPLETE_SUFFICIENT
2003-08-19,24,0,0,0,0,24,0,86352,COMPLETE_SUFFICIENT
2003-08-20,24,0,0,0,0,24,0,86352,COMPLETE_SUFFICIENT
2003-08-21,24,0,0,0,0,24,0,86400,COMPLETE_SUFFICIENT
2003-08-22,24,0,0,0,0,24,0,86393,COMPLETE_SUFFICIENT
2003-08-23,24,0,0,0,0,24,0,86144,COMPLETE_SUFFICIENT
2003-08-24,24,0,0,0,0,24,0,86304,COMPLETE_SUFFICIENT
2003-08-25,24,0,0,0,0,24,0,86200,COMPLETE_SUFFICIENT
2003-08-26,24,0,0,0,0,24,0,86312,COMPLETE_SUFFICIENT
2003-08-27,20,0,4,0,0,24,0,71062,COMPLETE_SUFFICIENT
2003-08-28,24,0,0,0,0,24,0,86376,COMPLETE_SUFFICIENT
2003-08-29,24,0,0,0,0,24,0,86392,COMPLETE_SUFFICIENT
2003-08-30,24,0,0,0,0,24,0,86289,COMPLETE_SUFFICIENT
2003-08-31,24,0,0,0,0,24,0,86376,COMPLETE_SUFFICIENT
2003-09-01,24,0,0,0,0,24,0,86384,COMPLETE_SUFFICIENT
2003-09-02,20,0,4,0,0,24,0,70974,COMPLETE_SUFFICIENT
2003-09-03,24,0,0,0,0,24,0,86392,COMPLETE_SUFFICIENT
2003-09-04,24,0,0,0,0,24,0,86400,COMPLETE_SUFFICIENT
2003-09-05,24,0,0,0,0,24,0,86392,COMPLETE_SUFFICIENT
2003-09-06,24,0,0,0,0,24,0,86377,COMPLETE_SUFFICIENT
2003-09-07,24,0,0,0,0,24,0,86384,COMPLETE_SUFFICIENT
2003-09-08,20,0,4,0,0,24,0,70794,COMPLETE_SUFFICIENT
2003-09-09,24,0,0,0,0,24,0,86360,COMPLETE_SUFFICIENT
2003-09-10,24,0,0,0,0,24,0,86344,COMPLETE_SUFFICIENT
2003-09-11,24,0,0,0,0,24,0,86376,COMPLETE_SUFFICIENT
2003-09-12,24,0,0,0,0,24,0,86400,COMPLETE_SUFFICIENT
2003-09-13,24,0,0,0,0,24,0,86401,COMPLETE_SUFFICIENT
2003-09-14,24,0,0,0,0,24,0,86392,COMPLETE_SUFFICIENT
2003-09-15,24,0,0,0,0,24,0,86384,COMPLETE_SUFFICIENT
2003-09-16,19,0,5,0,0,24,0,68459,COMPLETE_SUFFICIENT
2003-09-17,24,0,0,0,0,24,0,86400,COMPLETE_SUFFICIENT
2003-09-18,24,0,0,0,0,24,0,86296,COMPLETE_SUFFICIENT
2003-09-19,24,0,0,0,0,24,0,86336,COMPLETE_SUFFICIENT
2003-09-20,24,0,0,0,0,24,0,86201,COMPLETE_SUFFICIENT
2003-09-21,24,0,0,0,0,24,0,86312,COMPLETE_SUFFICIENT
2003-09-22,24,0,0,0,0,24,0,86240,COMPLETE_SUFFICIENT
2003-09-23,24,0,0,0,0,24,0,86360,COMPLETE_SUFFICIENT
2003-09-24,19,0,5,0,0,24,0,66700,COMPLETE_SUFFICIENT
2003-09-25,24,0,0,0,0,24,0,86280,COMPLETE_SUFFICIENT
2003-09-26,24,0,0,0,0,24,0,86328,COMPLETE_SUFFICIENT
2003-09-27,24,0,0,0,0,24,0,86400,COMPLETE_SUFFICIENT
2003-09-28,24,0,0,0,0,24,0,86393,COMPLETE_SUFFICIENT
2003-09-29,24,0,0,0,0,24,0,86400,COMPLETE_SUFFICIENT
2003-09-30,24,0,0,0,0,24,0,86400,COMPLETE_SUFFICIENT
2003-10-01,24,0,0,0,0,24,0,86400,COMPLETE_SUFFICIENT
2003-10-02,24,0,0,0,0,24,0,86368,COMPLETE_SUFFICIENT
2003-10-03,20,0,4,0,0,24,0,70979,COMPLETE_SUFFICIENT
2003-10-04,24,0,0,0,0,24,0,86368,COMPLETE_SUFFICIENT
2003-10-05,24,0,0,0,0,24,0,85889,COMPLETE_SUFFICIENT
2003-10-06,24,0,0,0,0,24,0,85168,COMPLETE_SUFFICIENT
2003-10-07,24,0,0,0,0,24,0,86400,COMPLETE_SUFFICIENT
2003-10-08,24,0,0,0,0,24,0,86400,COMPLETE_SUFFICIENT
2003-10-09,24,0,0,0,0,24,0,86400,COMPLETE_SUFFICIENT
2003-10-10,24,0,0,0,0,24,0,86400,COMPLETE_SUFFICIENT
2003-10-11,24,0,0,0,0,24,0,86400,COMPLETE_SUFFICIENT
2003-10-12,24,0,0,0,0,24,0,86193,COMPLETE_SUFFICIENT
2003-10-13,18,0,6,0,0,24,0,64722,COMPLETE_SUFFICIENT
2003-10-14,24,0,0,0,0,24,0,86400,COMPLETE_SUFFICIENT
2003-10-15,24,0,0,0,0,24,0,86400,COMPLETE_SUFFICIENT
2003-10-16,24,0,0,0,0,24,0,86312,COMPLETE_SUFFICIENT
2003-10-17,24,0,0,0,0,24,0,86384,COMPLETE_SUFFICIENT
2003-10-18,24,0,0,0,0,24,0,86400,COMPLETE_SUFFICIENT
2003-10-19,24,0,0,0,0,24,0,86392,COMPLETE_SUFFICIENT
2003-10-20,24,0,0,0,0,24,0,86401,COMPLETE_SUFFICIENT
2003-10-21,24,0,0,0,0,24,0,86384,COMPLETE_SUFFICIENT
2003-10-22,24,0,0,0,0,24,0,86400,COMPLETE_SUFFICIENT
2003-10-23,24,0,0,0,0,24,0,86400,COMPLETE_SUFFICIENT
2003-10-24,19,0,5,0,0,24,0,68467,COMPLETE_SUFFICIENT
2003-10-25,24,0,0,0,0,24,0,86400,COMPLETE_SUFFICIENT
2003-10-26,24,0,0,0,0,24,0,86392,COMPLETE_SUFFICIENT
2003-10-27,24,0,0,0,0,24,0,86385,COMPLETE_SUFFICIENT
2003-10-28,24,0,0,0,0,24,0,86320,COMPLETE_SUFFICIENT
2003-10-29,24,0,0,0,0,24,0,86368,COMPLETE_SUFFICIENT
2003-10-30,24,0,0,0,0,24,0,86360,COMPLETE_SUFFICIENT
2003-10-31,24,0,0,0,0,24,0,86400,COMPLETE_SUFFICIENT
2003-11-01,24,0,0,0,0,24,0,86400,COMPLETE_SUFFICIENT
2003-11-02,24,0,0,0,0,24,0,86400,COMPLETE_SUFFICIENT
2003-11-03,24,0,0,0,0,24,0,86376,COMPLETE_SUFFICIENT
2003-11-04,24,0,0,0,0,24,0,86313,COMPLETE_SUFFICIENT
2003-11-05,24,0,0,0,0,24,0,86392,COMPLETE_SUFFICIENT
2003-11-06,19,0,5,0,0,24,0,68459,COMPLETE_SUFFICIENT
2003-11-07,24,0,0,0,0,24,0,86368,COMPLETE_SUFFICIENT
2003-11-08,24,0,0,0,0,24,0,86328,COMPLETE_SUFFICIENT
2003-11-09,24,0,0,0,0,24,0,86392,COMPLETE_SUFFICIENT
2003-11-10,24,0,0,0,0,24,0,86376,COMPLETE_SUFFICIENT
2003-11-11,24,0,0,0,0,24,0,86401,COMPLETE_SUFFICIENT
2003-11-12,24,0,0,0,0,24,0,86384,COMPLETE_SUFFICIENT
2003-11-13,24,0,0,0,0,24,0,86384,COMPLETE_SUFFICIENT
2003-11-14,24,0,0,0,0,24,0,86392,COMPLETE_SUFFICIENT
2003-11-15,24,0,0,0,0,24,0,86392,COMPLETE_SUFFICIENT
2003-11-16,24,0,0,0,0,24,0,86392,COMPLETE_SUFFICIENT
2003-11-17,24,0,0,0,0,24,0,86328,COMPLETE_SUFFICIENT
2003-11-18,24,0,0,0,0,24,0,86097,COMPLETE_SUFFICIENT
2003-11-19,24,0,0,0,0,24,0,86392,COMPLETE_SUFFICIENT
2003-11-20,24,0,0,0,0,24,0,86384,COMPLETE_SUFFICIENT
2003-11-21,17,0,7,0,0,24,0,61297,COMPLETE_SUFFICIENT
2003-11-22,24,0,0,0,0,24,0,86392,COMPLETE_SUFFICIENT
2003-11-23,24,0,0,0,0,24,0,86400,COMPLETE_SUFFICIENT
2003-11-24,24,0,0,0,0,24,0,86400,COMPLETE_SUFFICIENT
2003-11-25,24,0,0,0,0,24,0,86400,COMPLETE_SUFFICIENT
2003-11-26,24,0,0,0,0,24,0,86401,COMPLETE_SUFFICIENT
2003-11-27,24,0,0,0,0,24,0,86400,COMPLETE_SUFFICIENT
2003-11-28,24,0,0,0,0,24,0,86400,COMPLETE_SUFFICIENT
2003-11-29,24,0,0,0,0,24,0,86400,COMPLETE_SUFFICIENT
2003-11-30,24,0,0,0,0,24,0,86400,COMPLETE_SUFFICIENT
2003-12-01,24,0,0,0,0,24,0,86392,COMPLETE_SUFFICIENT
2003-12-02,24,0,0,0,0,24,0,86400,COMPLETE_SUFFICIENT
2003-12-03,19,0,5,0,0,24,0,68476,COMPLETE_SUFFICIENT
2003-12-04,24,0,0,0,0,24,0,86392,COMPLETE_SUFFICIENT
2003-12-05,24,0,0,0,0,24,0,86384,COMPLETE_SUFFICIENT
2003-12-06,24,0,0,0,0,24,0,86400,COMPLETE_SUFFICIENT
2003-12-07,24,0,0,0,0,24,0,86400,COMPLETE_SUFFICIENT
2003-12-08,24,0,0,0,0,24,0,86400,COMPLETE_SUFFICIENT
2003-12-09,24,0,0,0,0,24,0,86392,COMPLETE_SUFFICIENT
2003-12-10,24,0,0,0,0,24,0,86384,COMPLETE_SUFFICIENT
2003-12-11,24,0,0,0,0,24,0,86385,COMPLETE_SUFFICIENT
2003-12-12,24,0,0,0,0,24,0,86392,COMPLETE_SUFFICIENT
2003-12-13,24,0,0,0,0,24,0,86360,COMPLETE_SUFFICIENT
2003-12-14,24,0,0,0,0,24,0,86352,COMPLETE_SUFFICIENT
2003-12-15,24,0,0,0,0,24,0,86184,COMPLETE_SUFFICIENT
2003-12-16,24,0,0,0,0,24,0,86336,COMPLETE_SUFFICIENT
2003-12-17,24,0,0,0,0,24,0,86384,COMPLETE_SUFFICIENT
2003-12-18,20,0,4,0,0,24,0,71038,COMPLETE_SUFFICIENT
2003-12-19,24,0,0,0,0,24,0,86400,COMPLETE_SUFFICIENT
2003-12-20,24,0,0,0,0,24,0,86152,COMPLETE_SUFFICIENT
2003-12-21,24,0,0,0,0,24,0,86392,COMPLETE_SUFFICIENT
2003-12-22,24,0,0,0,0,24,0,86384,COMPLETE_SUFFICIENT
2003-12-23,24,0,0,0,0,24,0,86400,COMPLETE_SUFFICIENT
2003-12-24,24,0,0,0,0,24,0,86400,COMPLETE_SUFFICIENT
2003-12-25,24,0,0,0,0,24,0,86393,COMPLETE_SUFFICIENT
2003-12-26,24,0,0,0,0,24,0,86400,COMPLETE_SUFFICIENT
2003-12-27,24,0,0,0,0,24,0,86400,COMPLETE_SUFFICIENT
2003-12-28,24,0,0,0,0,24,0,86400,COMPLETE_SUFFICIENT
2003-12-29,24,0,0,0,0,24,0,86400,COMPLETE_SUFFICIENT
2003-12-30,24,0,0,0,0,24,0,86384,COMPLETE_SUFFICIENT
2003-12-31,24,0,0,0,0,24,0,86376,COMPLETE_SUFFICIENT
2004-01-01,24,0,0,0,0,24,0,86392,COMPLETE_SUFFICIENT
2004-01-02,19,0,5,0,0,24,0,68404,COMPLETE_SUFFICIENT
2004-01-03,24,0,0,0,0,24,0,86392,COMPLETE_SUFFICIENT
2004-01-04,24,0,0,0,0,24,0,86400,COMPLETE_SUFFICIENT
2004-01-05,24,0,0,0,0,24,0,86400,COMPLETE_SUFFICIENT
2004-01-06,24,0,0,0,0,24,0,86392,COMPLETE_SUFFICIENT
2004-01-07,24,0,0,0,0,24,0,86400,COMPLETE_SUFFICIENT
2004-01-08,24,0,0,0,0,24,0,86296,COMPLETE_SUFFICIENT
2004-01-09,24,0,0,0,0,24,0,86369,COMPLETE_SUFFICIENT
2004-01-10,24,0,0,0,0,24,0,86400,COMPLETE_SUFFICIENT
2004-01-11,24,0,0,0,0,24,0,86400,COMPLETE_SUFFICIENT
2004-01-12,24,0,0,0,0,24,0,86368,COMPLETE_SUFFICIENT
2004-01-13,24,0,0,0,0,24,0,86368,COMPLETE_SUFFICIENT
2004-01-14,24,0,0,0,0,24,0,86392,COMPLETE_SUFFICIENT
2004-01-15,24,0,0,0,0,24,0,86400,COMPLETE_SUFFICIENT
2004-01-16,20,0,4,0,0,24,0,70798,COMPLETE_SUFFICIENT
2004-01-17,24,0,0,0,0,24,0,86401,COMPLETE_SUFFICIENT
2004-01-18,24,0,0,0,0,24,0,86400,COMPLETE_SUFFICIENT
2004-01-19,24,0,0,0,0,24,0,86400,COMPLETE_SUFFICIENT
2004-01-20,24,0,0,0,0,24,0,86400,COMPLETE_SUFFICIENT
2004-01-21,24,0,0,0,0,24,0,86392,COMPLETE_SUFFICIENT
2004-01-22,24,0,0,0,0,24,0,85712,COMPLETE_SUFFICIENT
2004-01-23,24,0,0,0,0,24,0,86400,COMPLETE_SUFFICIENT
2004-01-24,24,0,0,0,0,24,0,86401,COMPLETE_SUFFICIENT
2004-01-25,24,0,0,0,0,24,0,86400,COMPLETE_SUFFICIENT
2004-01-26,24,0,0,0,0,24,0,86400,COMPLETE_SUFFICIENT
2004-01-27,24,0,0,0,0,24,0,86272,COMPLETE_SUFFICIENT
2004-01-28,20,0,4,0,0,24,0,70934,COMPLETE_SUFFICIENT
2004-01-29,24,0,0,0,0,24,0,86360,COMPLETE_SUFFICIENT
2004-01-30,24,0,0,0,0,24,0,86400,COMPLETE_SUFFICIENT
2004-01-31,24,0,0,0,0,24,0,86392,COMPLETE_SUFFICIENT
2004-02-01,24,0,0,0,0,24,0,86401,COMPLETE_SUFFICIENT
2004-02-02,24,0,0,0,0,24,0,86400,COMPLETE_SUFFICIENT
2004-02-03,24,0,0,0,0,24,0,86352,COMPLETE_SUFFICIENT
2004-02-04,24,0,0,0,0,24,0,86328,COMPLETE_SUFFICIENT
2004-02-05,24,0,0,0,0,24,0,86392,COMPLETE_SUFFICIENT
2004-02-06,20,0,4,0,0,24,0,70754,COMPLETE_SUFFICIENT
2004-02-07,24,0,0,0,0,24,0,86360,COMPLETE_SUFFICIENT
2004-02-08,24,0,0,0,0,24,0,86393,COMPLETE_SUFFICIENT
2004-02-09,24,0,0,0,0,24,0,86384,COMPLETE_SUFFICIENT
2004-02-10,24,0,0,0,0,24,0,86376,COMPLETE_SUFFICIENT
2004-02-11,24,0,0,0,0,24,0,86384,COMPLETE_SUFFICIENT
2004-02-12,24,0,0,0,0,24,0,86296,COMPLETE_SUFFICIENT
2004-02-13,24,0,0,0,0,24,0,86400,COMPLETE_SUFFICIENT
2004-02-14,24,0,0,0,0,24,0,86392,COMPLETE_SUFFICIENT
2004-02-15,24,0,0,0,0,24,0,86376,COMPLETE_SUFFICIENT
2004-02-16,19,0,5,0,0,24,0,68476,COMPLETE_SUFFICIENT
2004-02-17,24,0,0,0,0,24,0,86400,COMPLETE_SUFFICIENT
2004-02-18,24,0,0,0,0,24,0,86400,COMPLETE_SUFFICIENT
2004-02-19,24,0,0,0,0,24,0,86392,COMPLETE_SUFFICIENT
2004-02-20,24,0,0,0,0,24,0,86400,COMPLETE_SUFFICIENT
2004-02-21,24,0,0,0,0,24,0,86400,COMPLETE_SUFFICIENT
2004-02-22,24,0,0,0,0,24,0,86392,COMPLETE_SUFFICIENT
2004-02-23,20,0,4,0,0,24,0,70953,COMPLETE_SUFFICIENT
2004-02-24,24,0,0,0,0,24,0,86400,COMPLETE_SUFFICIENT
2004-02-25,24,0,0,0,0,24,0,86400,COMPLETE_SUFFICIENT
2004-02-26,22,0,2,0,0,24,0,79230,COMPLETE_SUFFICIENT
2004-02-27,20,4,0,0,0,24,0,72900,COMPLETE_SUFFICIENT
2004-02-28,24,0,0,0,0,24,0,86400,COMPLETE_SUFFICIENT
2004-02-29,24,0,0,0,0,24,0,86392,COMPLETE_SUFFICIENT
2004-03-01,19,0,5,0,0,24,0,68395,COMPLETE_SUFFICIENT
2004-03-02,24,0,0,0,0,24,0,86208,COMPLETE_SUFFICIENT
2004-03-03,24,0,0,0,0,24,0,86304,COMPLETE_SUFFICIENT
2004-03-04,24,0,0,0,0,24,0,86392,COMPLETE_SUFFICIENT
2004-03-05,24,0,0,0,0,24,0,86352,COMPLETE_SUFFICIENT
2004-03-06,24,0,0,0,0,24,0,86400,COMPLETE_SUFFICIENT
2004-03-07,24,0,0,0,0,24,0,86352,COMPLETE_SUFFICIENT
2004-03-08,19,0,5,0,0,24,0,68476,COMPLETE_SUFFICIENT
2004-03-09,24,0,0,0,0,24,0,86376,COMPLETE_SUFFICIENT
2004-03-10,24,0,0,0,0,24,0,86400,COMPLETE_SUFFICIENT
2004-03-11,24,0,0,0,0,24,0,86384,COMPLETE_SUFFICIENT
2004-03-12,24,0,0,0,0,24,0,86400,COMPLETE_SUFFICIENT
2004-03-13,24,0,0,0,0,24,0,86384,COMPLETE_SUFFICIENT
2004-03-14,24,0,0,0,0,24,0,86400,COMPLETE_SUFFICIENT
2004-03-15,24,0,0,0,0,24,0,86400,COMPLETE_SUFFICIENT
2004-03-16,19,0,5,0,0,24,0,67176,COMPLETE_SUFFICIENT
2004-03-17,24,0,0,0,0,24,0,86392,COMPLETE_SUFFICIENT
2004-03-18,24,0,0,0,0,24,0,86400,COMPLETE_SUFFICIENT
2004-03-19,24,0,0,0,0,24,0,86400,COMPLETE_SUFFICIENT
2004-03-20,24,0,0,0,0,24,0,86400,COMPLETE_SUFFICIENT
2004-03-21,24,0,0,0,0,24,0,86400,COMPLETE_SUFFICIENT
2004-03-22,24,0,0,0,0,24,0,86376,COMPLETE_SUFFICIENT
2004-03-23,24,0,0,0,0,24,0,86393,COMPLETE_SUFFICIENT
2004-03-24,24,0,0,0,0,24,0,86376,COMPLETE_SUFFICIENT
2004-03-25,18,0,6,0,0,24,0,64890,COMPLETE_SUFFICIENT
2004-03-26,24,0,0,0,0,24,0,86400,COMPLETE_SUFFICIENT
2004-03-27,24,0,0,0,0,24,0,86392,COMPLETE_SUFFICIENT
2004-03-28,24,0,0,0,0,24,0,86376,COMPLETE_SUFFICIENT
2004-03-29,24,0,0,0,0,24,0,86328,COMPLETE_SUFFICIENT
2004-03-30,24,0,0,0,0,24,0,86249,COMPLETE_SUFFICIENT
2004-03-31,24,0,0,0,0,24,0,86288,COMPLETE_SUFFICIENT
2004-04-01,24,0,0,0,0,24,0,86368,COMPLETE_SUFFICIENT
2004-04-02,20,0,4,0,0,24,0,71072,COMPLETE_SUFFICIENT
2004-04-03,24,0,0,0,0,24,0,86400,COMPLETE_SUFFICIENT
2004-04-04,24,0,0,0,0,24,0,85864,COMPLETE_SUFFICIENT
2004-04-05,24,0,0,0,0,24,0,86400,COMPLETE_SUFFICIENT
2004-04-06,24,0,0,0,0,24,0,86401,COMPLETE_SUFFICIENT
2004-04-07,24,0,0,0,0,24,0,86384,COMPLETE_SUFFICIENT
2004-04-08,24,0,0,0,0,24,0,86392,COMPLETE_SUFFICIENT
2004-04-09,24,0,0,0,0,24,0,86400,COMPLETE_SUFFICIENT
2004-04-10,24,0,0,0,0,24,0,86400,COMPLETE_SUFFICIENT
2004-04-11,24,0,0,0,0,24,0,86400,COMPLETE_SUFFICIENT
2004-04-12,24,0,0,0,0,24,0,86400,COMPLETE_SUFFICIENT
2004-04-13,24,0,0,0,0,24,0,86400,COMPLETE_SUFFICIENT
2004-04-14,19,0,5,0,0,24,0,66865,COMPLETE_SUFFICIENT
2004-04-15,24,0,0,0,0,24,0,86400,COMPLETE_SUFFICIENT
2004-04-16,24,0,0,0,0,24,0,86400,COMPLETE_SUFFICIENT
2004-04-17,24,0,0,0,0,24,0,86384,COMPLETE_SUFFICIENT
2004-04-18,24,0,0,0,0,24,0,86400,COMPLETE_SUFFICIENT
2004-04-19,24,0,0,0,0,24,0,86400,COMPLETE_SUFFICIENT
2004-04-20,24,0,0,0,0,24,0,86384,COMPLETE_SUFFICIENT
2004-04-21,24,0,0,0,0,24,0,86385,COMPLETE_SUFFICIENT
2004-04-22,24,0,0,0,0,24,0,86400,COMPLETE_SUFFICIENT
2004-04-23,24,0,0,0,0,24,0,86344,COMPLETE_SUFFICIENT
2004-04-24,24,0,0,0,0,24,0,86344,COMPLETE_SUFFICIENT
2004-04-25,24,0,0,0,0,24,0,86344,COMPLETE_SUFFICIENT
2004-04-26,24,0,0,0,0,24,0,86376,COMPLETE_SUFFICIENT
2004-04-27,19,0,5,0,0,24,0,66811,COMPLETE_SUFFICIENT
2004-04-28,24,0,0,0,0,24,0,86401,COMPLETE_SUFFICIENT
2004-04-29,24,0,0,0,0,24,0,86392,COMPLETE_SUFFICIENT
2004-04-30,24,0,0,0,0,24,0,86400,COMPLETE_SUFFICIENT
2004-05-01,24,0,0,0,0,24,0,86376,COMPLETE_SUFFICIENT
2004-05-02,24,0,0,0,0,24,0,86400,COMPLETE_SUFFICIENT
2004-05-03,24,0,0,0,0,24,0,86400,COMPLETE_SUFFICIENT
2004-05-04,24,0,0,0,0,24,0,86392,COMPLETE_SUFFICIENT
2004-05-05,24,0,0,0,0,24,0,86401,COMPLETE_SUFFICIENT
2004-05-06,24,0,0,0,0,24,0,86400,COMPLETE_SUFFICIENT
2004-05-07,24,0,0,0,0,24,0,86392,COMPLETE_SUFFICIENT
2004-05-08,24,0,0,0,0,24,0,86384,COMPLETE_SUFFICIENT
2004-05-09,24,0,0,0,0,24,0,86400,COMPLETE_SUFFICIENT
2004-05-10,24,0,0,0,0,24,0,86400,COMPLETE_SUFFICIENT
2004-05-11,24,0,0,0,0,24,0,86384,COMPLETE_SUFFICIENT
2004-05-12,18,0,6,0,0,24,0,64276,COMPLETE_SUFFICIENT
2004-05-13,24,0,0,0,0,24,0,86400,COMPLETE_SUFFICIENT
2004-05-14,24,0,0,0,0,24,0,86400,COMPLETE_SUFFICIENT
2004-05-15,24,0,0,0,0,24,0,86400,COMPLETE_SUFFICIENT
2004-05-16,24,0,0,0,0,24,0,86400,COMPLETE_SUFFICIENT
2004-05-17,24,0,0,0,0,24,0,86360,COMPLETE_SUFFICIENT
2004-05-18,24,0,0,0,0,24,0,86400,COMPLETE_SUFFICIENT
2004-05-19,24,0,0,0,0,24,0,86393,COMPLETE_SUFFICIENT
2004-05-20,24,0,0,0,0,24,0,86400,COMPLETE_SUFFICIENT
2004-05-21,24,0,0,0,0,24,0,86384,COMPLETE_SUFFICIENT
2004-05-22,24,0,0,0,0,24,0,86392,COMPLETE_SUFFICIENT
2004-05-23,24,0,0,0,0,24,0,86312,COMPLETE_SUFFICIENT
2004-05-24,24,0,0,0,0,24,0,86312,COMPLETE_SUFFICIENT
2004-05-25,24,0,0,0,0,24,0,86312,COMPLETE_SUFFICIENT
2004-05-26,24,0,0,0,0,24,0,86393,COMPLETE_SUFFICIENT
2004-05-27,18,0,6,0,0,24,0,64326,COMPLETE_SUFFICIENT
2004-05-28,24,0,0,0,0,24,0,86384,COMPLETE_SUFFICIENT
2004-05-29,24,0,0,0,0,24,0,86400,COMPLETE_SUFFICIENT
2004-05-30,24,0,0,0,0,24,0,86400,COMPLETE_SUFFICIENT
2004-05-31,24,0,0,0,0,24,0,86392,COMPLETE_SUFFICIENT
2004-06-01,24,0,0,0,0,24,0,86344,COMPLETE_SUFFICIENT
2004-06-02,24,0,0,0,0,24,0,86401,COMPLETE_SUFFICIENT
2004-06-03,24,0,0,0,0,24,0,86384,COMPLETE_SUFFICIENT
2004-06-04,24,0,0,0,0,24,0,86400,COMPLETE_SUFFICIENT
2004-06-05,24,0,0,0,0,24,0,86400,COMPLETE_SUFFICIENT
2004-06-06,24,0,0,0,0,24,0,86384,COMPLETE_SUFFICIENT
2004-06-07,24,0,0,0,0,24,0,86400,COMPLETE_SUFFICIENT
2004-06-08,24,0,0,0,0,24,0,86392,COMPLETE_SUFFICIENT
2004-06-09,24,0,0,0,0,24,0,86369,COMPLETE_SUFFICIENT
2004-06-10,18,0,6,0,0,24,0,64890,COMPLETE_SUFFICIENT
2004-06-11,24,0,0,0,0,24,0,86400,COMPLETE_SUFFICIENT
2004-06-12,24,0,0,0,0,24,0,86392,COMPLETE_SUFFICIENT
2004-06-13,24,0,0,0,0,24,0,86400,COMPLETE_SUFFICIENT
2004-06-14,24,0,0,0,0,24,0,86400,COMPLETE_SUFFICIENT
2004-06-15,24,0,0,0,0,24,0,86400,COMPLETE_SUFFICIENT
2004-06-16,24,0,0,0,0,24,0,86281,COMPLETE_SUFFICIENT
2004-06-17,24,0,0,0,0,24,0,86280,COMPLETE_SUFFICIENT
2004-06-18,24,0,0,0,0,24,0,86208,COMPLETE_SUFFICIENT
2004-06-19,24,0,0,0,0,24,0,86336,COMPLETE_SUFFICIENT
2004-06-20,24,0,0,0,0,24,0,86376,COMPLETE_SUFFICIENT
2004-06-21,24,0,0,0,0,24,0,86344,COMPLETE_SUFFICIENT
2004-06-22,24,0,0,0,0,24,0,86392,COMPLETE_SUFFICIENT
2004-06-23,24,0,0,0,0,24,0,86393,COMPLETE_SUFFICIENT
2004-06-24,24,0,0,0,0,24,0,86400,COMPLETE_SUFFICIENT
2004-06-25,20,0,4,0,0,24,0,70676,COMPLETE_SUFFICIENT
2004-06-26,24,0,0,0,0,24,0,86352,COMPLETE_SUFFICIENT
2004-06-27,24,0,0,0,0,24,0,86400,COMPLETE_SUFFICIENT
2004-06-28,24,0,0,0,0,24,0,85720,COMPLETE_SUFFICIENT
2004-06-29,24,0,0,0,0,24,0,86040,COMPLETE_SUFFICIENT
2004-06-30,24,0,0,0,0,24,0,86400,COMPLETE_SUFFICIENT
2004-07-01,24,0,0,0,0,24,0,86393,COMPLETE_SUFFICIENT
2004-07-02,24,0,0,0,0,24,0,86400,COMPLETE_SUFFICIENT
2004-07-03,24,0,0,0,0,24,0,86400,COMPLETE_SUFFICIENT
2004-07-04,24,0,0,0,0,24,0,86392,COMPLETE_SUFFICIENT
2004-07-05,24,0,0,0,0,24,0,86360,COMPLETE_SUFFICIENT
2004-07-06,24,0,0,0,0,24,0,86400,COMPLETE_SUFFICIENT
2004-07-07,24,0,0,0,0,24,0,86400,COMPLETE_SUFFICIENT
2004-07-08,24,0,0,0,0,24,0,86401,COMPLETE_SUFFICIENT
2004-07-09,20,0,4,0,0,24,0,71131,COMPLETE_SUFFICIENT
2004-07-10,24,0,0,0,0,24,0,86400,COMPLETE_SUFFICIENT
2004-07-11,24,0,0,0,0,24,0,86400,COMPLETE_SUFFICIENT
2004-07-12,24,0,0,0,0,24,0,86368,COMPLETE_SUFFICIENT
2004-07-13,24,0,0,0,0,24,0,86344,COMPLETE_SUFFICIENT
2004-07-14,24,0,0,0,0,24,0,86392,COMPLETE_SUFFICIENT
2004-07-15,24,0,0,0,0,24,0,86393,COMPLETE_SUFFICIENT
2004-07-16,24,0,0,0,0,24,0,86400,COMPLETE_SUFFICIENT
2004-07-17,24,0,0,0,0,24,0,86392,COMPLETE_SUFFICIENT
2004-07-18,24,0,0,0,0,24,0,86368,COMPLETE_SUFFICIENT
2004-07-19,24,0,0,0,0,24,0,86368,COMPLETE_SUFFICIENT
2004-07-20,24,0,0,0,0,24,0,86400,COMPLETE_SUFFICIENT
2004-07-21,24,0,0,0,0,24,0,86400,COMPLETE_SUFFICIENT
2004-07-22,20,0,4,0,0,24,0,70845,COMPLETE_SUFFICIENT
2004-07-23,24,0,0,0,0,24,0,86392,COMPLETE_SUFFICIENT
2004-07-24,24,0,0,0,0,24,0,86384,COMPLETE_SUFFICIENT
2004-07-25,24,0,0,0,0,24,0,86400,COMPLETE_SUFFICIENT
2004-07-26,24,0,0,0,0,24,0,86376,COMPLETE_SUFFICIENT
2004-07-27,24,0,0,0,0,24,0,86368,COMPLETE_SUFFICIENT
2004-07-28,24,0,0,0,0,24,0,86384,COMPLETE_SUFFICIENT
2004-07-29,24,0,0,0,0,24,0,86400,COMPLETE_SUFFICIENT
2004-07-30,24,0,0,0,0,24,0,86385,COMPLETE_SUFFICIENT
2004-07-31,24,0,0,0,0,24,0,86400,COMPLETE_SUFFICIENT
2004-08-01,24,0,0,0,0,24,0,86400,COMPLETE_SUFFICIENT
2004-08-02,20,0,4,0,0,24,0,70272,COMPLETE_SUFFICIENT
2004-08-03,24,0,0,0,0,24,0,86256,COMPLETE_SUFFICIENT
2004-08-04,24,0,0,0,0,24,0,86400,COMPLETE_SUFFICIENT
2004-08-05,24,0,0,0,0,24,0,86392,COMPLETE_SUFFICIENT
2004-08-06,24,0,0,0,0,24,0,86057,COMPLETE_SUFFICIENT
2004-08-07,24,0,0,0,0,24,0,86400,COMPLETE_SUFFICIENT
2004-08-08,24,0,0,0,0,24,0,86368,COMPLETE_SUFFICIENT
2004-08-09,24,0,0,0,0,24,0,86400,COMPLETE_SUFFICIENT
2004-08-10,24,0,0,0,0,24,0,86392,COMPLETE_SUFFICIENT
2004-08-11,24,0,0,0,0,24,0,86336,COMPLETE_SUFFICIENT
2004-08-12,20,0,4,0,0,24,0,70592,COMPLETE_SUFFICIENT
2004-08-13,24,0,0,0,0,24,0,86361,COMPLETE_SUFFICIENT
2004-08-14,24,0,0,0,0,24,0,86368,COMPLETE_SUFFICIENT
2004-08-15,24,0,0,0,0,24,0,86400,COMPLETE_SUFFICIENT
2004-08-16,24,0,0,0,0,24,0,86400,COMPLETE_SUFFICIENT
2004-08-17,24,0,0,0,0,24,0,86400,COMPLETE_SUFFICIENT
2004-08-18,24,0,0,0,0,24,0,86400,COMPLETE_SUFFICIENT
2004-08-19,24,0,0,0,0,24,0,86384,COMPLETE_SUFFICIENT
2004-08-20,19,0,5,0,0,24,0,67597,COMPLETE_SUFFICIENT
2004-08-21,24,0,0,0,0,24,0,86360,COMPLETE_SUFFICIENT
2004-08-22,24,0,0,0,0,24,0,86312,COMPLETE_SUFFICIENT
2004-08-23,24,0,0,0,0,24,0,86376,COMPLETE_SUFFICIENT
2004-08-24,24,0,0,0,0,24,0,86400,COMPLETE_SUFFICIENT
2004-08-25,24,0,0,0,0,24,0,86400,COMPLETE_SUFFICIENT
2004-08-26,24,0,0,0,0,24,0,86384,COMPLETE_SUFFICIENT
2004-08-27,19,0,5,0,0,24,0,68476,COMPLETE_SUFFICIENT
2004-08-28,24,0,0,0,0,24,0,86400,COMPLETE_SUFFICIENT
2004-08-29,24,0,0,0,0,24,0,86400,COMPLETE_SUFFICIENT
2004-08-30,24,0,0,0,0,24,0,86392,COMPLETE_SUFFICIENT
2004-08-31,24,0,0,0,0,24,0,86352,COMPLETE_SUFFICIENT
2004-09-01,24,0,0,0,0,24,0,86400,COMPLETE_SUFFICIENT
2004-09-02,24,0,0,0,0,24,0,86360,COMPLETE_SUFFICIENT
2004-09-03,20,0,4,0,0,24,0,70726,COMPLETE_SUFFICIENT
2004-09-04,24,0,0,0,0,24,0,86400,COMPLETE_SUFFICIENT
2004-09-05,24,0,0,0,0,24,0,86400,COMPLETE_SUFFICIENT
2004-09-06,24,0,0,0,0,24,0,86368,COMPLETE_SUFFICIENT
2004-09-07,24,0,0,0,0,24,0,86344,COMPLETE_SUFFICIENT
2004-09-08,24,0,0,0,0,24,0,86400,COMPLETE_SUFFICIENT
2004-09-09,24,0,0,0,0,24,0,86401,COMPLETE_SUFFICIENT
2004-09-10,17,0,7,0,0,24,0,59696,COMPLETE_SUFFICIENT
2004-09-11,21,3,0,0,0,24,0,76275,COMPLETE_SUFFICIENT
2004-09-12,24,0,0,0,0,24,0,86400,COMPLETE_SUFFICIENT
2004-09-13,24,0,0,0,0,24,0,86376,COMPLETE_SUFFICIENT
2004-09-14,24,0,0,0,0,24,0,86392,COMPLETE_SUFFICIENT
2004-09-15,24,0,0,0,0,24,0,86304,COMPLETE_SUFFICIENT
2004-09-16,24,0,0,0,0,24,0,86321,COMPLETE_SUFFICIENT
2004-09-17,18,0,6,0,0,24,0,64890,COMPLETE_SUFFICIENT
2004-09-18,24,0,0,0,0,24,0,86400,COMPLETE_SUFFICIENT
2004-09-19,24,0,0,0,0,24,0,86400,COMPLETE_SUFFICIENT
2004-09-20,24,0,0,0,0,24,0,86376,COMPLETE_SUFFICIENT
2004-09-21,24,0,0,0,0,24,0,86400,COMPLETE_SUFFICIENT
2004-09-22,24,0,0,0,0,24,0,86392,COMPLETE_SUFFICIENT
2004-09-23,24,0,0,0,0,24,0,86393,COMPLETE_SUFFICIENT
2004-09-24,24,0,0,0,0,24,0,86392,COMPLETE_SUFFICIENT
2004-09-25,24,0,0,0,0,24,0,86400,COMPLETE_SUFFICIENT
2004-09-26,24,0,0,0,0,24,0,86400,COMPLETE_SUFFICIENT
2004-09-27,20,0,4,0,0,24,0,71364,COMPLETE_SUFFICIENT
2004-09-28,24,0,0,0,0,24,0,86400,COMPLETE_SUFFICIENT
2004-09-29,24,0,0,0,0,24,0,86272,COMPLETE_SUFFICIENT
2004-09-30,24,0,0,0,0,24,0,86273,COMPLETE_SUFFICIENT
2004-10-01,24,0,0,0,0,24,0,86368,COMPLETE_SUFFICIENT
2004-10-02,24,0,0,0,0,24,0,86392,COMPLETE_SUFFICIENT
2004-10-03,24,0,0,0,0,24,0,86400,COMPLETE_SUFFICIENT
2004-10-04,24,0,0,0,0,24,0,86320,COMPLETE_SUFFICIENT
2004-10-05,24,0,0,0,0,24,0,86392,COMPLETE_SUFFICIENT
2004-10-06,24,0,0,0,0,24,0,86392,COMPLETE_SUFFICIENT
2004-10-07,24,0,0,0,0,24,0,86400,COMPLETE_SUFFICIENT
2004-10-08,19,0,5,0,0,24,0,66846,COMPLETE_SUFFICIENT
2004-10-09,24,0,0,0,0,24,0,86400,COMPLETE_SUFFICIENT
2004-10-10,24,0,0,0,0,24,0,86400,COMPLETE_SUFFICIENT
2004-10-11,24,0,0,0,0,24,0,86368,COMPLETE_SUFFICIENT
2004-10-12,24,0,0,0,0,24,0,86400,COMPLETE_SUFFICIENT
2004-10-13,24,0,0,0,0,24,0,86400,COMPLETE_SUFFICIENT
2004-10-14,24,0,0,0,0,24,0,86400,COMPLETE_SUFFICIENT
2004-10-15,24,0,0,0,0,24,0,86393,COMPLETE_SUFFICIENT
2004-10-16,24,0,0,0,0,24,0,86400,COMPLETE_SUFFICIENT
2004-10-17,24,0,0,0,0,24,0,86400,COMPLETE_SUFFICIENT
2004-10-18,24,0,0,0,0,24,0,86400,COMPLETE_SUFFICIENT
2004-10-19,24,0,0,0,0,24,0,86392,COMPLETE_SUFFICIENT
2004-10-20,24,0,0,0,0,24,0,86400,COMPLETE_SUFFICIENT
2004-10-21,18,0,6,0,0,24,0,64842,COMPLETE_SUFFICIENT
2004-10-22,24,0,0,0,0,24,0,86401,COMPLETE_SUFFICIENT
2004-10-23,24,0,0,0,0,24,0,86392,COMPLETE_SUFFICIENT
2004-10-24,24,0,0,0,0,24,0,86400,COMPLETE_SUFFICIENT
2004-10-25,24,0,0,0,0,24,0,86400,COMPLETE_SUFFICIENT
2004-10-26,24,0,0,0,0,24,0,86400,COMPLETE_SUFFICIENT
2004-10-27,24,0,0,0,0,24,0,86376,COMPLETE_SUFFICIENT
2004-10-28,24,0,0,0,0,24,0,86400,COMPLETE_SUFFICIENT
2004-10-29,24,0,0,0,0,24,0,86401,COMPLETE_SUFFICIENT
2004-10-30,24,0,0,0,0,24,0,84160,COMPLETE_SUFFICIENT
2004-10-31,24,0,0,0,0,24,0,86392,COMPLETE_SUFFICIENT
2004-11-01,24,0,0,0,0,24,0,86368,COMPLETE_SUFFICIENT
2004-11-02,24,0,0,0,0,24,0,86400,COMPLETE_SUFFICIENT
2004-11-03,24,0,0,0,0,24,0,86368,COMPLETE_SUFFICIENT
2004-11-04,24,0,0,0,0,24,0,86344,COMPLETE_SUFFICIENT
2004-11-05,20,0,4,0,0,24,0,70331,COMPLETE_SUFFICIENT
2004-11-06,24,0,0,0,0,24,0,86401,COMPLETE_SUFFICIENT
2004-11-07,24,0,0,0,0,24,0,86392,COMPLETE_SUFFICIENT
2004-11-08,24,0,0,0,0,24,0,86400,COMPLETE_SUFFICIENT
2004-11-09,24,0,0,0,0,24,0,86368,COMPLETE_SUFFICIENT
2004-11-10,24,0,0,0,0,24,0,86400,COMPLETE_SUFFICIENT
2004-11-11,24,0,0,0,0,24,0,86400,COMPLETE_SUFFICIENT
2004-11-12,24,0,0,0,0,24,0,86400,COMPLETE_SUFFICIENT
2004-11-13,24,0,0,0,0,24,0,86401,COMPLETE_SUFFICIENT
2004-11-14,24,0,0,0,0,24,0,86400,COMPLETE_SUFFICIENT
2004-11-15,24,0,0,0,0,24,0,86400,COMPLETE_SUFFICIENT
2004-11-16,24,0,0,0,0,24,0,86384,COMPLETE_SUFFICIENT
2004-11-17,24,0,0,0,0,24,0,86400,COMPLETE_SUFFICIENT
2004-11-18,24,0,0,0,0,24,0,86400,COMPLETE_SUFFICIENT
2004-11-19,24,0,0,0,0,24,0,86312,COMPLETE_SUFFICIENT
2004-11-20,24,0,0,0,0,24,0,86401,COMPLETE_SUFFICIENT
2004-11-21,24,0,0,0,0,24,0,86392,COMPLETE_SUFFICIENT
2004-11-22,20,0,4,0,0,24,0,71162,COMPLETE_SUFFICIENT
2004-11-23,24,0,0,0,0,24,0,86400,COMPLETE_SUFFICIENT
2004-11-24,24,0,0,0,0,24,0,86392,COMPLETE_SUFFICIENT
2004-11-25,24,0,0,0,0,24,0,86384,COMPLETE_SUFFICIENT
2004-11-26,24,0,0,0,0,24,0,86384,COMPLETE_SUFFICIENT
2004-11-27,24,0,0,0,0,24,0,86401,COMPLETE_SUFFICIENT
2004-11-28,24,0,0,0,0,24,0,86392,COMPLETE_SUFFICIENT
2004-11-29,24,0,0,0,0,24,0,86376,COMPLETE_SUFFICIENT
2004-11-30,24,0,0,0,0,24,0,86400,COMPLETE_SUFFICIENT
2004-12-01,24,0,0,0,0,24,0,86392,COMPLETE_SUFFICIENT
2004-12-02,24,0,0,0,0,24,0,86400,COMPLETE_SUFFICIENT
2004-12-03,24,0,0,0,0,24,0,86400,COMPLETE_SUFFICIENT
2004-12-04,24,0,0,0,0,24,0,86400,COMPLETE_SUFFICIENT
2004-12-05,24,0,0,0,0,24,0,86393,COMPLETE_SUFFICIENT
2004-12-06,18,0,6,0,0,24,0,63447,COMPLETE_SUFFICIENT
2004-12-07,24,0,0,0,0,24,0,86384,COMPLETE_SUFFICIENT
2004-12-08,24,0,0,0,0,24,0,86352,COMPLETE_SUFFICIENT
2004-12-09,24,0,0,0,0,24,0,86360,COMPLETE_SUFFICIENT
2004-12-10,24,0,0,0,0,24,0,86400,COMPLETE_SUFFICIENT
2004-12-11,24,0,0,0,0,24,0,86392,COMPLETE_SUFFICIENT
2004-12-12,24,0,0,0,0,24,0,86401,COMPLETE_SUFFICIENT
2004-12-13,24,0,0,0,0,24,0,86400,COMPLETE_SUFFICIENT
2004-12-14,24,0,0,0,0,24,0,86400,COMPLETE_SUFFICIENT
2004-12-15,24,0,0,0,0,24,0,86400,COMPLETE_SUFFICIENT
2004-12-16,24,0,0,0,0,24,0,86384,COMPLETE_SUFFICIENT
2004-12-17,24,0,0,0,0,24,0,86400,COMPLETE_SUFFICIENT
2004-12-18,24,0,0,0,0,24,0,86392,COMPLETE_SUFFICIENT
2004-12-19,24,0,0,0,0,24,0,86393,COMPLETE_SUFFICIENT
2004-12-20,20,0,4,0,0,24,0,71035,COMPLETE_SUFFICIENT
2004-12-21,24,0,0,0,0,24,0,86320,COMPLETE_SUFFICIENT
2004-12-22,24,0,0,0,0,24,0,86400,COMPLETE_SUFFICIENT
2004-12-23,24,0,0,0,0,24,0,86400,COMPLETE_SUFFICIENT
2004-12-24,24,0,0,0,0,24,0,86376,COMPLETE_SUFFICIENT
2004-12-25,24,0,0,0,0,24,0,86376,COMPLETE_SUFFICIENT
2004-12-26,24,0,0,0,0,24,0,86400,COMPLETE_SUFFICIENT
2004-12-27,24,0,0,0,0,24,0,86401,COMPLETE_SUFFICIENT
2004-12-28,24,0,0,0,0,24,0,86400,COMPLETE_SUFFICIENT
2004-12-29,24,0,0,0,0,24,0,86400,COMPLETE_SUFFICIENT
2004-12-30,24,0,0,0,0,24,0,86360,COMPLETE_SUFFICIENT
2004-12-31,24,0,0,0,0,24,0,86400,COMPLETE_SUFFICIENT
2005-01-01,24,0,0,0,0,24,0,86392,COMPLETE_SUFFICIENT
2005-01-02,24,0,0,0,0,24,0,86400,COMPLETE_SUFFICIENT
2005-01-03,24,0,0,0,0,24,0,86401,COMPLETE_SUFFICIENT
2005-01-04,19,0,5,0,0,24,0,68363,COMPLETE_SUFFICIENT
2005-01-05,24,0,0,0,0,24,0,86328,COMPLETE_SUFFICIENT
2005-01-06,24,0,0,0,0,24,0,86368,COMPLETE_SUFFICIENT
2005-01-07,24,0,0,0,0,24,0,86400,COMPLETE_SUFFICIENT
2005-01-08,24,0,0,0,0,24,0,86400,COMPLETE_SUFFICIENT
2005-01-09,24,0,0,0,0,24,0,86400,COMPLETE_SUFFICIENT
2005-01-10,24,0,0,0,0,24,0,86401,COMPLETE_SUFFICIENT
2005-01-11,24,0,0,0,0,24,0,86296,COMPLETE_SUFFICIENT
2005-01-12,24,0,0,0,0,24,0,86088,COMPLETE_SUFFICIENT
2005-01-13,24,0,0,0,0,24,0,86384,COMPLETE_SUFFICIENT
2005-01-14,20,0,4,0,0,24,0,70749,COMPLETE_SUFFICIENT
2005-01-15,24,0,0,0,0,24,0,86384,COMPLETE_SUFFICIENT
2005-01-16,24,0,0,0,0,23,1,81640,COMPLETE_WITH_BEST_AVAILABLE
2005-01-17,24,0,0,0,0,24,0,86336,COMPLETE_SUFFICIENT
2005-01-18,24,0,0,0,0,24,0,86377,COMPLETE_SUFFICIENT
2005-01-19,24,0,0,0,0,24,0,86400,COMPLETE_SUFFICIENT
2005-01-20,24,0,0,0,0,24,0,86376,COMPLETE_SUFFICIENT
2005-01-21,24,0,0,0,0,24,0,86392,COMPLETE_SUFFICIENT
2005-01-22,24,0,0,0,0,24,0,85608,COMPLETE_SUFFICIENT
2005-01-23,24,0,0,0,0,24,0,86400,COMPLETE_SUFFICIENT
2005-01-24,20,0,4,0,0,24,0,71071,COMPLETE_SUFFICIENT
2005-01-25,24,0,0,0,0,24,0,86401,COMPLETE_SUFFICIENT
2005-01-26,24,0,0,0,0,24,0,86400,COMPLETE_SUFFICIENT
2005-01-27,24,0,0,0,0,24,0,86392,COMPLETE_SUFFICIENT
2005-01-28,24,0,0,0,0,24,0,86368,COMPLETE_SUFFICIENT
2005-01-29,24,0,0,0,0,24,0,86400,COMPLETE_SUFFICIENT
2005-01-30,24,0,0,0,0,24,0,86376,COMPLETE_SUFFICIENT
2005-01-31,24,0,0,0,0,24,0,86400,COMPLETE_SUFFICIENT
2005-02-01,24,0,0,0,0,24,0,86401,COMPLETE_SUFFICIENT
2005-02-02,24,0,0,0,0,24,0,86368,COMPLETE_SUFFICIENT
2005-02-03,20,0,4,0,0,24,0,70370,COMPLETE_SUFFICIENT
2005-02-04,24,0,0,0,0,24,0,86392,COMPLETE_SUFFICIENT
2005-02-05,24,0,0,0,0,24,0,86384,COMPLETE_SUFFICIENT
2005-02-06,24,0,0,0,0,24,0,86384,COMPLETE_SUFFICIENT
2005-02-07,24,0,0,0,0,24,0,86320,COMPLETE_SUFFICIENT
2005-02-08,24,0,0,0,0,24,0,86392,COMPLETE_SUFFICIENT
2005-02-09,24,0,0,0,0,24,0,86393,COMPLETE_SUFFICIENT
2005-02-10,24,0,0,0,0,24,0,86392,COMPLETE_SUFFICIENT
2005-02-11,20,0,4,0,0,24,0,70476,COMPLETE_SUFFICIENT
2005-02-12,24,0,0,0,0,24,0,86384,COMPLETE_SUFFICIENT
2005-02-13,24,0,0,0,0,24,0,86400,COMPLETE_SUFFICIENT
2005-02-14,24,0,0,0,0,24,0,86368,COMPLETE_SUFFICIENT
2005-02-15,24,0,0,0,0,24,0,86392,COMPLETE_SUFFICIENT
2005-02-16,24,0,0,0,0,24,0,86393,COMPLETE_SUFFICIENT
2005-02-17,24,0,0,0,0,24,0,86336,COMPLETE_SUFFICIENT
2005-02-18,20,0,4,0,0,24,0,70818,COMPLETE_SUFFICIENT
2005-02-19,24,0,0,0,0,24,0,86400,COMPLETE_SUFFICIENT
2005-02-20,24,0,0,0,0,24,0,86400,COMPLETE_SUFFICIENT
2005-02-21,24,0,0,0,0,24,0,86384,COMPLETE_SUFFICIENT
2005-02-22,24,0,0,0,0,24,0,86400,COMPLETE_SUFFICIENT
2005-02-23,24,0,0,0,0,24,0,86401,COMPLETE_SUFFICIENT
2005-02-24,24,0,0,0,0,24,0,86400,COMPLETE_SUFFICIENT
2005-02-25,20,0,4,0,0,24,0,70561,COMPLETE_SUFFICIENT
2005-02-26,24,0,0,0,0,24,0,86392,COMPLETE_SUFFICIENT
2005-02-27,24,0,0,0,0,24,0,86400,COMPLETE_SUFFICIENT
2005-02-28,24,0,0,0,0,24,0,86368,COMPLETE_SUFFICIENT
2005-03-01,24,0,0,0,0,24,0,86360,COMPLETE_SUFFICIENT
2005-03-02,24,0,0,0,0,24,0,86369,COMPLETE_SUFFICIENT
2005-03-03,20,0,4,0,0,24,0,70686,COMPLETE_SUFFICIENT
2005-03-04,24,0,0,0,0,24,0,86400,COMPLETE_SUFFICIENT
2005-03-05,24,0,0,0,0,24,0,86400,COMPLETE_SUFFICIENT
2005-03-06,24,0,0,0,0,24,0,86320,COMPLETE_SUFFICIENT
2005-03-07,24,0,0,0,0,24,0,86384,COMPLETE_SUFFICIENT
2005-03-08,24,0,0,0,0,24,0,86376,COMPLETE_SUFFICIENT
2005-03-09,24,0,0,0,0,24,0,86393,COMPLETE_SUFFICIENT
2005-03-10,24,0,0,0,0,24,0,86352,COMPLETE_SUFFICIENT
2005-03-11,20,0,4,0,0,24,0,70818,COMPLETE_SUFFICIENT
2005-03-12,24,0,0,0,0,24,0,86400,COMPLETE_SUFFICIENT
2005-03-13,24,0,0,0,0,24,0,86400,COMPLETE_SUFFICIENT
2005-03-14,24,0,0,0,0,24,0,86392,COMPLETE_SUFFICIENT
2005-03-15,24,0,0,0,0,24,0,86392,COMPLETE_SUFFICIENT
2005-03-16,24,0,0,0,0,24,0,86360,COMPLETE_SUFFICIENT
2005-03-17,18,0,6,0,0,24,0,64883,COMPLETE_SUFFICIENT
2005-03-18,24,0,0,0,0,24,0,86400,COMPLETE_SUFFICIENT
2005-03-19,24,0,0,0,0,24,0,86400,COMPLETE_SUFFICIENT
2005-03-20,24,0,0,0,0,24,0,86400,COMPLETE_SUFFICIENT
2005-03-21,24,0,0,0,0,24,0,86400,COMPLETE_SUFFICIENT
2005-03-22,24,0,0,0,0,24,0,86392,COMPLETE_SUFFICIENT
2005-03-23,24,0,0,0,0,24,0,86392,COMPLETE_SUFFICIENT
2005-03-24,24,0,0,0,0,24,0,86321,COMPLETE_SUFFICIENT
2005-03-25,24,0,0,0,0,24,0,86384,COMPLETE_SUFFICIENT
2005-03-26,24,0,0,0,0,24,0,86328,COMPLETE_SUFFICIENT
2005-03-27,24,0,0,0,0,24,0,86352,COMPLETE_SUFFICIENT
2005-03-28,20,0,4,0,0,24,0,71238,COMPLETE_SUFFICIENT
2005-03-29,24,0,0,0,0,24,0,86400,COMPLETE_SUFFICIENT
2005-03-30,24,0,0,0,0,24,0,86392,COMPLETE_SUFFICIENT
2005-03-31,24,0,0,0,0,24,0,86393,COMPLETE_SUFFICIENT
2005-04-01,24,0,0,0,0,24,0,86392,COMPLETE_SUFFICIENT
2005-04-02,24,0,0,0,0,24,0,86400,COMPLETE_SUFFICIENT
2005-04-03,24,0,0,0,0,24,0,86384,COMPLETE_SUFFICIENT
2005-04-04,24,0,0,0,0,24,0,86400,COMPLETE_SUFFICIENT
2005-04-05,24,0,0,0,0,24,0,86400,COMPLETE_SUFFICIENT
2005-04-06,24,0,0,0,0,24,0,86400,COMPLETE_SUFFICIENT
2005-04-07,24,0,0,0,0,24,0,86393,COMPLETE_SUFFICIENT
2005-04-08,19,0,5,0,0,24,0,68475,COMPLETE_SUFFICIENT
2005-04-09,24,0,0,0,0,24,0,86376,COMPLETE_SUFFICIENT
2005-04-10,24,0,0,0,0,24,0,86392,COMPLETE_SUFFICIENT
2005-04-11,24,0,0,0,0,24,0,86376,COMPLETE_SUFFICIENT
2005-04-12,24,0,0,0,0,24,0,86400,COMPLETE_SUFFICIENT
2005-04-13,24,0,0,0,0,24,0,86384,COMPLETE_SUFFICIENT
2005-04-14,24,0,0,0,0,24,0,86401,COMPLETE_SUFFICIENT
2005-04-15,24,0,0,0,0,24,0,86376,COMPLETE_SUFFICIENT
2005-04-16,24,0,0,0,0,24,0,86400,COMPLETE_SUFFICIENT
2005-04-17,24,0,0,0,0,24,0,86400,COMPLETE_SUFFICIENT
2005-04-18,24,0,0,0,0,24,0,86400,COMPLETE_SUFFICIENT
2005-04-19,24,0,0,0,0,24,0,86400,COMPLETE_SUFFICIENT
2005-04-20,24,0,0,0,0,24,0,86360,COMPLETE_SUFFICIENT
2005-04-21,24,0,0,0,0,24,0,86401,COMPLETE_SUFFICIENT
2005-04-22,20,0,4,0,0,24,0,70950,COMPLETE_SUFFICIENT
2005-04-23,24,0,0,0,0,24,0,86344,COMPLETE_SUFFICIENT
2005-04-24,24,0,0,0,0,24,0,86344,COMPLETE_SUFFICIENT
2005-04-25,24,0,0,0,0,24,0,86376,COMPLETE_SUFFICIENT
2005-04-26,24,0,0,0,0,24,0,86392,COMPLETE_SUFFICIENT
2005-04-27,24,0,0,0,0,24,0,86400,COMPLETE_SUFFICIENT
2005-04-28,24,0,0,0,0,24,0,86401,COMPLETE_SUFFICIENT
2005-04-29,24,0,0,0,0,24,0,86392,COMPLETE_SUFFICIENT
2005-04-30,18,0,0,0,6,18,0,64008,PARTIAL
2005-05-01,24,0,0,0,0,24,0,86400,COMPLETE_SUFFICIENT
2005-05-02,24,0,0,0,0,24,0,86384,COMPLETE_SUFFICIENT
2005-05-03,24,0,0,0,0,24,0,86392,COMPLETE_SUFFICIENT
2005-05-04,24,0,0,0,0,24,0,86400,COMPLETE_SUFFICIENT
2005-05-05,24,0,0,0,0,24,0,86401,COMPLETE_SUFFICIENT
2005-05-06,24,0,0,0,0,24,0,86400,COMPLETE_SUFFICIENT
2005-05-07,24,0,0,0,0,24,0,86360,COMPLETE_SUFFICIENT
2005-05-08,24,0,0,0,0,24,0,86328,COMPLETE_SUFFICIENT
2005-05-09,20,0,4,0,0,24,0,70667,COMPLETE_SUFFICIENT
2005-05-10,24,0,0,0,0,24,0,86400,COMPLETE_SUFFICIENT
2005-05-11,24,0,0,0,0,24,0,86360,COMPLETE_SUFFICIENT
2005-05-12,24,0,0,0,0,24,0,86401,COMPLETE_SUFFICIENT
2005-05-13,24,0,0,0,0,24,0,86344,COMPLETE_SUFFICIENT
2005-05-14,24,0,0,0,0,24,0,86368,COMPLETE_SUFFICIENT
2005-05-15,24,0,0,0,0,24,0,86272,COMPLETE_SUFFICIENT
2005-05-16,24,0,0,0,0,24,0,86400,COMPLETE_SUFFICIENT
2005-05-17,24,0,0,0,0,24,0,86400,COMPLETE_SUFFICIENT
2005-05-18,24,0,0,0,0,24,0,86400,COMPLETE_SUFFICIENT
2005-05-19,24,0,0,0,0,24,0,86385,COMPLETE_SUFFICIENT
2005-05-20,24,0,0,0,0,24,0,86400,COMPLETE_SUFFICIENT
2005-05-21,24,0,0,0,0,24,0,86400,COMPLETE_SUFFICIENT
2005-05-22,24,0,0,0,0,24,0,86400,COMPLETE_SUFFICIENT
2005-05-23,24,0,0,0,0,24,0,86400,COMPLETE_SUFFICIENT
2005-05-24,24,0,0,0,0,24,0,86376,COMPLETE_SUFFICIENT
2005-05-25,20,0,4,0,0,24,0,70562,COMPLETE_SUFFICIENT
2005-05-26,24,0,0,0,0,24,0,86401,COMPLETE_SUFFICIENT
2005-05-27,24,0,0,0,0,24,0,86392,COMPLETE_SUFFICIENT
2005-05-28,24,0,0,0,0,24,0,86392,COMPLETE_SUFFICIENT
2005-05-29,24,0,0,0,0,24,0,86392,COMPLETE_SUFFICIENT
2005-05-30,24,0,0,0,0,24,0,86400,COMPLETE_SUFFICIENT
2005-05-31,24,0,0,0,0,24,0,86400,COMPLETE_SUFFICIENT
2005-06-01,24,0,0,0,0,24,0,86392,COMPLETE_SUFFICIENT
2005-06-02,24,0,0,0,0,24,0,86369,COMPLETE_SUFFICIENT
2005-06-03,20,0,4,0,0,24,0,70683,COMPLETE_SUFFICIENT
2005-06-04,24,0,0,0,0,24,0,86328,COMPLETE_SUFFICIENT
2005-06-05,24,0,0,0,0,24,0,86392,COMPLETE_SUFFICIENT
2005-06-06,24,0,0,0,0,24,0,86400,COMPLETE_SUFFICIENT
2005-06-07,24,0,0,0,0,24,0,86392,COMPLETE_SUFFICIENT
2005-06-08,24,0,0,0,0,24,0,86400,COMPLETE_SUFFICIENT
2005-06-09,24,0,0,0,0,24,0,86401,COMPLETE_SUFFICIENT
2005-06-10,24,0,0,0,0,24,0,86400,COMPLETE_SUFFICIENT
2005-06-11,24,0,0,0,0,24,0,86400,COMPLETE_SUFFICIENT
2005-06-12,24,0,0,0,0,24,0,86384,COMPLETE_SUFFICIENT
2005-06-13,24,0,0,0,0,24,0,86384,COMPLETE_SUFFICIENT
2005-06-14,24,0,0,0,0,24,0,86344,COMPLETE_SUFFICIENT
2005-06-15,20,0,4,0,0,24,0,70704,COMPLETE_SUFFICIENT
2005-06-16,24,0,0,0,0,24,0,86361,COMPLETE_SUFFICIENT
2005-06-17,24,0,0,0,0,24,0,86400,COMPLETE_SUFFICIENT
2005-06-18,24,0,0,0,0,24,0,86352,COMPLETE_SUFFICIENT
2005-06-19,24,0,0,0,0,24,0,86368,COMPLETE_SUFFICIENT
2005-06-20,24,0,0,0,0,24,0,86384,COMPLETE_SUFFICIENT
2005-06-21,24,0,0,0,0,24,0,86392,COMPLETE_SUFFICIENT
2005-06-22,24,0,0,0,0,24,0,86400,COMPLETE_SUFFICIENT
2005-06-23,24,0,0,0,0,24,0,86369,COMPLETE_SUFFICIENT
2005-06-24,24,0,0,0,0,24,0,86400,COMPLETE_SUFFICIENT
2005-06-25,24,0,0,0,0,24,0,86392,COMPLETE_SUFFICIENT
2005-06-26,24,0,0,0,0,24,0,86376,COMPLETE_SUFFICIENT
2005-06-27,24,0,0,0,0,24,0,86400,COMPLETE_SUFFICIENT
2005-06-28,24,0,0,0,0,24,0,86392,COMPLETE_SUFFICIENT
2005-06-29,20,0,4,0,0,24,0,71241,COMPLETE_SUFFICIENT
2005-06-30,24,0,0,0,0,24,0,86377,COMPLETE_SUFFICIENT
2005-07-01,24,0,0,0,0,24,0,86328,COMPLETE_SUFFICIENT
2005-07-02,24,0,0,0,0,24,0,86400,COMPLETE_SUFFICIENT
2005-07-03,24,0,0,0,0,24,0,86400,COMPLETE_SUFFICIENT
2005-07-04,24,0,0,0,0,24,0,86400,COMPLETE_SUFFICIENT
2005-07-05,24,0,0,0,0,24,0,86400,COMPLETE_SUFFICIENT
2005-07-06,24,0,0,0,0,24,0,86392,COMPLETE_SUFFICIENT
2005-07-07,24,0,0,0,0,24,0,86401,COMPLETE_SUFFICIENT
2005-07-08,24,0,0,0,0,24,0,86400,COMPLETE_SUFFICIENT
2005-07-09,24,0,0,0,0,24,0,86392,COMPLETE_SUFFICIENT
2005-07-10,24,0,0,0,0,24,0,86392,COMPLETE_SUFFICIENT
2005-07-11,20,0,4,0,0,24,0,71218,COMPLETE_SUFFICIENT
2005-07-12,24,0,0,0,0,24,0,86392,COMPLETE_SUFFICIENT
2005-07-13,24,0,0,0,0,24,0,86320,COMPLETE_SUFFICIENT
2005-07-14,24,0,0,0,0,24,0,86361,COMPLETE_SUFFICIENT
2005-07-15,24,0,0,0,0,24,0,86400,COMPLETE_SUFFICIENT
2005-07-16,24,0,0,0,0,24,0,86344,COMPLETE_SUFFICIENT
2005-07-17,24,0,0,0,0,24,0,86384,COMPLETE_SUFFICIENT
2005-07-18,24,0,0,0,0,24,0,86384,COMPLETE_SUFFICIENT
2005-07-19,24,0,0,0,0,24,0,86392,COMPLETE_SUFFICIENT
2005-07-20,24,0,0,0,0,24,0,86392,COMPLETE_SUFFICIENT
2005-07-21,24,0,0,0,0,24,0,86401,COMPLETE_SUFFICIENT
2005-07-22,19,0,5,0,0,24,0,68475,COMPLETE_SUFFICIENT
2005-07-23,24,0,0,0,0,24,0,86400,COMPLETE_SUFFICIENT
2005-07-24,24,0,0,0,0,24,0,86392,COMPLETE_SUFFICIENT
2005-07-25,24,0,0,0,0,24,0,86400,COMPLETE_SUFFICIENT
2005-07-26,24,0,0,0,0,24,0,86400,COMPLETE_SUFFICIENT
2005-07-27,24,0,0,0,0,24,0,86400,COMPLETE_SUFFICIENT
2005-07-28,24,0,0,0,0,24,0,86361,COMPLETE_SUFFICIENT
2005-07-29,24,0,0,0,0,24,0,86392,COMPLETE_SUFFICIENT
2005-07-30,24,0,0,0,0,24,0,86384,COMPLETE_SUFFICIENT
2005-07-31,24,0,0,0,0,24,0,86400,COMPLETE_SUFFICIENT
2005-08-01,20,0,4,0,0,24,0,71165,COMPLETE_SUFFICIENT
2005-08-02,24,0,0,0,0,24,0,86336,COMPLETE_SUFFICIENT
2005-08-03,24,0,0,0,0,24,0,86328,COMPLETE_SUFFICIENT
2005-08-04,24,0,0,0,0,24,0,86393,COMPLETE_SUFFICIENT
2005-08-05,24,0,0,0,0,24,0,86376,COMPLETE_SUFFICIENT
2005-08-06,24,0,0,0,0,24,0,86400,COMPLETE_SUFFICIENT
2005-08-07,24,0,0,0,0,24,0,86336,COMPLETE_SUFFICIENT
2005-08-08,24,0,0,0,0,24,0,86392,COMPLETE_SUFFICIENT
2005-08-09,24,0,0,0,0,24,0,86360,COMPLETE_SUFFICIENT
2005-08-10,20,0,4,0,0,24,0,70998,COMPLETE_SUFFICIENT
2005-08-11,24,0,0,0,0,24,0,86401,COMPLETE_SUFFICIENT
2005-08-12,24,0,0,0,0,24,0,86392,COMPLETE_SUFFICIENT
2005-08-13,24,0,0,0,0,24,0,86400,COMPLETE_SUFFICIENT
2005-08-14,24,0,0,0,0,24,0,86376,COMPLETE_SUFFICIENT
2005-08-15,24,0,0,0,0,24,0,86400,COMPLETE_SUFFICIENT
2005-08-16,24,0,0,0,0,24,0,86400,COMPLETE_SUFFICIENT
2005-08-17,24,0,0,0,0,24,0,86400,COMPLETE_SUFFICIENT
2005-08-18,20,0,4,0,0,24,0,71094,COMPLETE_SUFFICIENT
2005-08-19,24,0,0,0,0,24,0,86384,COMPLETE_SUFFICIENT
2005-08-20,24,0,0,0,0,24,0,86392,COMPLETE_SUFFICIENT
2005-08-21,24,0,0,0,0,24,0,86392,COMPLETE_SUFFICIENT
2005-08-22,24,0,0,0,0,24,0,86360,COMPLETE_SUFFICIENT
2005-08-23,24,0,0,0,0,24,0,86384,COMPLETE_SUFFICIENT
2005-08-24,24,0,0,0,0,24,0,86352,COMPLETE_SUFFICIENT
2005-08-25,20,0,4,0,0,24,0,71162,COMPLETE_SUFFICIENT
2005-08-26,24,0,0,0,0,24,0,86376,COMPLETE_SUFFICIENT
2005-08-27,24,0,0,0,0,24,0,86392,COMPLETE_SUFFICIENT
2005-08-28,24,0,0,0,0,24,0,86400,COMPLETE_SUFFICIENT
2005-08-29,24,0,0,0,0,24,0,86392,COMPLETE_SUFFICIENT
2005-08-30,24,0,0,0,0,24,0,86392,COMPLETE_SUFFICIENT
2005-08-31,20,0,4,0,0,24,0,71055,COMPLETE_SUFFICIENT
2005-09-01,24,0,0,0,0,24,0,86376,COMPLETE_SUFFICIENT
2005-09-02,24,0,0,0,0,24,0,86392,COMPLETE_SUFFICIENT
2005-09-03,24,0,0,0,0,24,0,86392,COMPLETE_SUFFICIENT
2005-09-04,24,0,0,0,0,24,0,86360,COMPLETE_SUFFICIENT
2005-09-05,24,0,0,0,0,24,0,86360,COMPLETE_SUFFICIENT
2005-09-06,24,0,0,0,0,24,0,86376,COMPLETE_SUFFICIENT
2005-09-07,20,0,4,0,0,24,0,70788,COMPLETE_SUFFICIENT
2005-09-08,24,0,0,0,0,24,0,86376,COMPLETE_SUFFICIENT
2005-09-09,24,0,0,0,0,24,0,86360,COMPLETE_SUFFICIENT
2005-09-10,24,0,0,0,0,24,0,86376,COMPLETE_SUFFICIENT
2005-09-11,24,0,0,0,0,24,0,85448,COMPLETE_SUFFICIENT
2005-09-12,24,0,0,0,0,24,0,86384,COMPLETE_SUFFICIENT
2005-09-13,24,0,0,0,0,24,0,86400,COMPLETE_SUFFICIENT
2005-09-14,24,0,0,0,0,24,0,86393,COMPLETE_SUFFICIENT
2005-09-15,24,0,0,0,0,24,0,86312,COMPLETE_SUFFICIENT
2005-09-16,20,0,4,0,0,24,0,71307,COMPLETE_SUFFICIENT
2005-09-17,24,0,0,0,0,24,0,86344,COMPLETE_SUFFICIENT
2005-09-18,24,0,0,0,0,24,0,86376,COMPLETE_SUFFICIENT
2005-09-19,24,0,0,0,0,24,0,86360,COMPLETE_SUFFICIENT
2005-09-20,24,0,0,0,0,24,0,86392,COMPLETE_SUFFICIENT
2005-09-21,24,0,0,0,0,24,0,86401,COMPLETE_SUFFICIENT
2005-09-22,24,0,0,0,0,24,0,86400,COMPLETE_SUFFICIENT
2005-09-23,24,0,0,0,0,24,0,86400,COMPLETE_SUFFICIENT
2005-09-24,24,0,0,0,0,24,0,86392,COMPLETE_SUFFICIENT
2005-09-25,24,0,0,0,0,24,0,86392,COMPLETE_SUFFICIENT
2005-09-26,24,0,0,0,0,24,0,86328,COMPLETE_SUFFICIENT
2005-09-27,24,0,0,0,0,24,0,86400,COMPLETE_SUFFICIENT
2005-09-28,20,0,4,0,0,24,0,70638,COMPLETE_SUFFICIENT
2005-09-29,24,0,0,0,0,24,0,86400,COMPLETE_SUFFICIENT
2005-09-30,24,0,0,0,0,24,0,86384,COMPLETE_SUFFICIENT
2005-10-01,24,0,0,0,0,24,0,86384,COMPLETE_SUFFICIENT
2005-10-02,24,0,0,0,0,24,0,86344,COMPLETE_SUFFICIENT
2005-10-03,24,0,0,0,0,24,0,86400,COMPLETE_SUFFICIENT
2005-10-04,24,0,0,0,0,24,0,86392,COMPLETE_SUFFICIENT
2005-10-05,24,0,0,0,0,24,0,86401,COMPLETE_SUFFICIENT
2005-10-06,24,0,0,0,0,24,0,86392,COMPLETE_SUFFICIENT
2005-10-07,24,0,0,0,0,24,0,86392,COMPLETE_SUFFICIENT
2005-10-08,24,0,0,0,0,24,0,86384,COMPLETE_SUFFICIENT
2005-10-09,24,0,0,0,0,24,0,86400,COMPLETE_SUFFICIENT
2005-10-10,24,0,0,0,0,24,0,86384,COMPLETE_SUFFICIENT
2005-10-11,20,0,4,0,0,24,0,71348,COMPLETE_SUFFICIENT
2005-10-12,24,0,0,0,0,24,0,86400,COMPLETE_SUFFICIENT
2005-10-13,24,0,0,0,0,24,0,86393,COMPLETE_SUFFICIENT
2005-10-14,24,0,0,0,0,24,0,86400,COMPLETE_SUFFICIENT
2005-10-15,24,0,0,0,0,24,0,86400,COMPLETE_SUFFICIENT
2005-10-16,24,0,0,0,0,24,0,86400,COMPLETE_SUFFICIENT
2005-10-17,24,0,0,0,0,24,0,86400,COMPLETE_SUFFICIENT
2005-10-18,24,0,0,0,0,24,0,86400,COMPLETE_SUFFICIENT
2005-10-19,24,0,0,0,0,24,0,86400,COMPLETE_SUFFICIENT
2005-10-20,24,0,0,0,0,24,0,86393,COMPLETE_SUFFICIENT
2005-10-21,24,0,0,0,0,24,0,86392,COMPLETE_SUFFICIENT
2005-10-22,24,0,0,0,0,24,0,86384,COMPLETE_SUFFICIENT
2005-10-23,24,0,0,0,0,24,0,86392,COMPLETE_SUFFICIENT
2005-10-24,24,0,0,0,0,24,0,86384,COMPLETE_SUFFICIENT
2005-10-25,24,0,0,0,0,24,0,86392,COMPLETE_SUFFICIENT
2005-10-26,24,0,0,0,0,24,0,86384,COMPLETE_SUFFICIENT
2005-10-27,20,0,4,0,0,24,0,71107,COMPLETE_SUFFICIENT
2005-10-28,24,0,0,0,0,24,0,86400,COMPLETE_SUFFICIENT
2005-10-29,24,0,0,0,0,24,0,86392,COMPLETE_SUFFICIENT
2005-10-30,24,0,0,0,0,24,0,86392,COMPLETE_SUFFICIENT
2005-10-31,24,0,0,0,0,24,0,86392,COMPLETE_SUFFICIENT
2005-11-01,24,0,0,0,0,24,0,86360,COMPLETE_SUFFICIENT
2005-11-02,24,0,0,0,0,24,0,86384,COMPLETE_SUFFICIENT
2005-11-03,24,0,0,0,0,24,0,86377,COMPLETE_SUFFICIENT
2005-11-04,24,0,0,0,0,24,0,86376,COMPLETE_SUFFICIENT
2005-11-05,24,0,0,0,0,24,0,86400,COMPLETE_SUFFICIENT
2005-11-06,24,0,0,0,0,24,0,86400,COMPLETE_SUFFICIENT
2005-11-07,24,0,0,0,0,24,0,86376,COMPLETE_SUFFICIENT
2005-11-08,24,0,0,0,0,24,0,86392,COMPLETE_SUFFICIENT
2005-11-09,24,0,0,0,0,24,0,86400,COMPLETE_SUFFICIENT
2005-11-10,20,0,4,0,0,24,0,71140,COMPLETE_SUFFICIENT
2005-11-11,24,0,0,0,0,24,0,86400,COMPLETE_SUFFICIENT
2005-11-12,24,0,0,0,0,24,0,86392,COMPLETE_SUFFICIENT
2005-11-13,24,0,0,0,0,24,0,86400,COMPLETE_SUFFICIENT
2005-11-14,24,0,0,0,0,24,0,86392,COMPLETE_SUFFICIENT
2005-11-15,24,0,0,0,0,24,0,86368,COMPLETE_SUFFICIENT
2005-11-16,24,0,0,0,0,24,0,86400,COMPLETE_SUFFICIENT
2005-11-17,24,0,0,0,0,24,0,86401,COMPLETE_SUFFICIENT
2005-11-18,24,0,0,0,0,24,0,86392,COMPLETE_SUFFICIENT
2005-11-19,24,0,0,0,0,24,0,86392,COMPLETE_SUFFICIENT
2005-11-20,24,0,0,0,0,24,0,86400,COMPLETE_SUFFICIENT
2005-11-21,24,0,0,0,0,24,0,86392,COMPLETE_SUFFICIENT
2005-11-22,19,0,5,0,0,24,0,68475,COMPLETE_SUFFICIENT
2005-11-23,24,0,0,0,0,24,0,86400,COMPLETE_SUFFICIENT
2005-11-24,24,0,0,0,0,24,0,86401,COMPLETE_SUFFICIENT
2005-11-25,24,0,0,0,0,24,0,86392,COMPLETE_SUFFICIENT
2005-11-26,24,0,0,0,0,24,0,86384,COMPLETE_SUFFICIENT
2005-11-27,24,0,0,0,0,24,0,86344,COMPLETE_SUFFICIENT
2005-11-28,24,0,0,0,0,24,0,86392,COMPLETE_SUFFICIENT
2005-11-29,24,0,0,0,0,24,0,86400,COMPLETE_SUFFICIENT
2005-11-30,24,0,0,0,0,24,0,86400,COMPLETE_SUFFICIENT
2005-12-01,24,0,0,0,0,24,0,86393,COMPLETE_SUFFICIENT
2005-12-02,19,0,5,0,0,24,0,68467,COMPLETE_SUFFICIENT
2005-12-03,24,0,0,0,0,24,0,86392,COMPLETE_SUFFICIENT
2005-12-04,24,0,0,0,0,24,0,86360,COMPLETE_SUFFICIENT
2005-12-05,24,0,0,0,0,24,0,86400,COMPLETE_SUFFICIENT
2005-12-06,24,0,0,0,0,24,0,86400,COMPLETE_SUFFICIENT
2005-12-07,24,0,0,0,0,24,0,86400,COMPLETE_SUFFICIENT
2005-12-08,24,0,0,0,0,24,0,86401,COMPLETE_SUFFICIENT
2005-12-09,24,0,0,0,0,24,0,86400,COMPLETE_SUFFICIENT
2005-12-10,24,0,0,0,0,24,0,86400,COMPLETE_SUFFICIENT
2005-12-11,24,0,0,0,0,24,0,86400,COMPLETE_SUFFICIENT
2005-12-12,24,0,0,0,0,24,0,86384,COMPLETE_SUFFICIENT
2005-12-13,24,0,0,0,0,24,0,86400,COMPLETE_SUFFICIENT
2005-12-14,19,0,5,0,0,24,0,68467,COMPLETE_SUFFICIENT
2005-12-15,24,0,0,0,0,24,0,86392,COMPLETE_SUFFICIENT
2005-12-16,24,0,0,0,0,24,0,86385,COMPLETE_SUFFICIENT
2005-12-17,24,0,0,0,0,24,0,86400,COMPLETE_SUFFICIENT
2005-12-18,24,0,0,0,0,24,0,86400,COMPLETE_SUFFICIENT
2005-12-19,24,0,0,0,0,24,0,86392,COMPLETE_SUFFICIENT
2005-12-20,24,0,0,0,0,24,0,86400,COMPLETE_SUFFICIENT
2005-12-21,24,0,0,0,0,24,0,86400,COMPLETE_SUFFICIENT
2005-12-22,20,0,4,0,0,24,0,70959,COMPLETE_SUFFICIENT
2005-12-23,24,0,0,0,0,24,0,86401,COMPLETE_SUFFICIENT
2005-12-24,24,0,0,0,0,24,0,86392,COMPLETE_SUFFICIENT
2005-12-25,24,0,0,0,0,24,0,86400,COMPLETE_SUFFICIENT
2005-12-26,24,0,0,0,0,24,0,86392,COMPLETE_SUFFICIENT
2005-12-27,24,0,0,0,0,24,0,86176,COMPLETE_SUFFICIENT
2005-12-28,24,0,0,0,0,24,0,86384,COMPLETE_SUFFICIENT
2005-12-29,20,0,4,0,0,24,0,70359,COMPLETE_SUFFICIENT
2005-12-30,24,0,0,0,0,24,0,86401,COMPLETE_SUFFICIENT
2005-12-31,24,0,0,0,0,24,0,86384,COMPLETE_SUFFICIENT
2006-01-01,24,0,0,0,0,24,0,86392,COMPLETE_SUFFICIENT
2006-01-02,24,0,0,0,0,24,0,86384,COMPLETE_SUFFICIENT
2006-01-03,24,0,0,0,0,24,0,86392,COMPLETE_SUFFICIENT
2006-01-04,24,0,0,0,0,24,0,86360,COMPLETE_SUFFICIENT
2006-01-05,24,0,0,0,0,24,0,86392,COMPLETE_SUFFICIENT
2006-01-06,24,0,0,0,0,24,0,86401,COMPLETE_SUFFICIENT
2006-01-07,24,0,0,0,0,24,0,86376,COMPLETE_SUFFICIENT
2006-01-08,24,0,0,0,0,24,0,86352,COMPLETE_SUFFICIENT
2006-01-09,20,0,4,0,0,24,0,70405,COMPLETE_SUFFICIENT
2006-01-10,24,0,0,0,0,24,0,86400,COMPLETE_SUFFICIENT
2006-01-11,24,0,0,0,0,24,0,86336,COMPLETE_SUFFICIENT
2006-01-12,24,0,0,0,0,24,0,86392,COMPLETE_SUFFICIENT
2006-01-13,24,0,0,0,0,24,0,86393,COMPLETE_SUFFICIENT
2006-01-14,24,0,0,0,0,24,0,86392,COMPLETE_SUFFICIENT
2006-01-15,24,0,0,0,0,24,0,86392,COMPLETE_SUFFICIENT
2006-01-16,24,0,0,0,0,24,0,86392,COMPLETE_SUFFICIENT
2006-01-17,24,0,0,0,0,24,0,86344,COMPLETE_SUFFICIENT
2006-01-18,24,0,0,0,0,24,0,86360,COMPLETE_SUFFICIENT
2006-01-19,20,0,4,0,0,24,0,70965,COMPLETE_SUFFICIENT
2006-01-20,24,0,0,0,0,24,0,86385,COMPLETE_SUFFICIENT
2006-01-21,24,0,0,0,0,24,0,86392,COMPLETE_SUFFICIENT
2006-01-22,24,0,0,0,0,24,0,86392,COMPLETE_SUFFICIENT
2006-01-23,24,0,0,0,0,24,0,86400,COMPLETE_SUFFICIENT
2006-01-24,24,0,0,0,0,24,0,86392,COMPLETE_SUFFICIENT
2006-01-25,24,0,0,0,0,24,0,86400,COMPLETE_SUFFICIENT
2006-01-26,24,0,0,0,0,24,0,86392,COMPLETE_SUFFICIENT
2006-01-27,24,0,0,0,0,24,0,86393,COMPLETE_SUFFICIENT
2006-01-28,24,0,0,0,0,24,0,86400,COMPLETE_SUFFICIENT
2006-01-29,24,0,0,0,0,24,0,86400,COMPLETE_SUFFICIENT
2006-01-30,24,0,0,0,0,24,0,86392,COMPLETE_SUFFICIENT
2006-01-31,24,0,0,0,0,24,0,86392,COMPLETE_SUFFICIENT
2006-02-01,24,0,0,0,0,24,0,86384,COMPLETE_SUFFICIENT
2006-02-02,21,0,3,0,0,24,0,75594,COMPLETE_SUFFICIENT
2006-02-03,23,1,0,0,0,24,0,82120,COMPLETE_SUFFICIENT
2006-02-04,24,0,0,0,0,24,0,86385,COMPLETE_SUFFICIENT
2006-02-05,24,0,0,0,0,24,0,86392,COMPLETE_SUFFICIENT
2006-02-06,24,0,0,0,0,24,0,86384,COMPLETE_SUFFICIENT
2006-02-07,24,0,0,0,0,24,0,86400,COMPLETE_SUFFICIENT
2006-02-08,24,0,0,0,0,24,0,86400,COMPLETE_SUFFICIENT
2006-02-09,19,0,5,0,0,24,0,68475,COMPLETE_SUFFICIENT
2006-02-10,24,0,0,0,0,24,0,86376,COMPLETE_SUFFICIENT
2006-02-11,24,0,0,0,0,24,0,86377,COMPLETE_SUFFICIENT
2006-02-12,24,0,0,0,0,24,0,86368,COMPLETE_SUFFICIENT
2006-02-13,24,0,0,0,0,24,0,86400,COMPLETE_SUFFICIENT
2006-02-14,24,0,0,0,0,24,0,86376,COMPLETE_SUFFICIENT
2006-02-15,24,0,0,0,0,24,0,86368,COMPLETE_SUFFICIENT
2006-02-16,20,0,4,0,0,24,0,70671,COMPLETE_SUFFICIENT
2006-02-17,24,0,0,0,0,24,0,86400,COMPLETE_SUFFICIENT
2006-02-18,24,0,0,0,0,24,0,86401,COMPLETE_SUFFICIENT
2006-02-19,24,0,0,0,0,24,0,86400,COMPLETE_SUFFICIENT
2006-02-20,24,0,0,0,0,24,0,86392,COMPLETE_SUFFICIENT
2006-02-21,24,0,0,0,0,24,0,86384,COMPLETE_SUFFICIENT
2006-02-22,20,0,4,0,0,24,0,70874,COMPLETE_SUFFICIENT
2006-02-23,24,0,0,0,0,24,0,86392,COMPLETE_SUFFICIENT
2006-02-24,24,0,0,0,0,24,0,86392,COMPLETE_SUFFICIENT
2006-02-25,24,0,0,0,0,24,0,86401,COMPLETE_SUFFICIENT
2006-02-26,24,0,0,0,0,24,0,86400,COMPLETE_SUFFICIENT
2006-02-27,24,0,0,0,0,24,0,86400,COMPLETE_SUFFICIENT
2006-02-28,24,0,0,0,0,24,0,86392,COMPLETE_SUFFICIENT
2006-03-01,20,0,4,0,0,24,0,70654,COMPLETE_SUFFICIENT
2006-03-02,24,0,0,0,0,24,0,86384,COMPLETE_SUFFICIENT
2006-03-03,24,0,0,0,0,24,0,86400,COMPLETE_SUFFICIENT
2006-03-04,24,0,0,0,0,24,0,86401,COMPLETE_SUFFICIENT
2006-03-05,24,0,0,0,0,24,0,86400,COMPLETE_SUFFICIENT
2006-03-06,24,0,0,0,0,24,0,86400,COMPLETE_SUFFICIENT
2006-03-07,24,0,0,0,0,24,0,86400,COMPLETE_SUFFICIENT
2006-03-08,24,0,0,0,0,24,0,86392,COMPLETE_SUFFICIENT
2006-03-09,24,0,0,0,0,24,0,86392,COMPLETE_SUFFICIENT
2006-03-10,20,0,4,0,0,24,0,70312,COMPLETE_SUFFICIENT
2006-03-11,24,0,0,0,0,24,0,86369,COMPLETE_SUFFICIENT
2006-03-12,24,0,0,0,0,24,0,86400,COMPLETE_SUFFICIENT
2006-03-13,24,0,0,0,0,24,0,86392,COMPLETE_SUFFICIENT
2006-03-14,24,0,0,0,0,24,0,86392,COMPLETE_SUFFICIENT
2006-03-15,24,0,0,0,0,24,0,86376,COMPLETE_SUFFICIENT
2006-03-16,24,0,0,0,0,24,0,86400,COMPLETE_SUFFICIENT
2006-03-17,24,0,0,0,0,24,0,86392,COMPLETE_SUFFICIENT
2006-03-18,24,0,0,0,0,24,0,86377,COMPLETE_SUFFICIENT
2006-03-19,24,0,0,0,0,24,0,86384,COMPLETE_SUFFICIENT
2006-03-20,24,0,0,0,0,24,0,86376,COMPLETE_SUFFICIENT
2006-03-21,24,0,0,0,0,24,0,86400,COMPLETE_SUFFICIENT
2006-03-22,15,4,5,0,0,24,0,54975,COMPLETE_SUFFICIENT
2006-03-23,24,0,0,0,0,24,0,86392,COMPLETE_SUFFICIENT
2006-03-24,24,0,0,0,0,24,0,86384,COMPLETE_SUFFICIENT
2006-03-25,24,0,0,0,0,24,0,86385,COMPLETE_SUFFICIENT
2006-03-26,24,0,0,0,0,24,0,86392,COMPLETE_SUFFICIENT
2006-03-27,24,0,0,0,0,24,0,86400,COMPLETE_SUFFICIENT
2006-03-28,24,0,0,0,0,24,0,86384,COMPLETE_SUFFICIENT
2006-03-29,24,0,0,0,0,24,0,86400,COMPLETE_SUFFICIENT
2006-03-30,24,0,0,0,0,24,0,86368,COMPLETE_SUFFICIENT
2006-03-31,24,0,0,0,0,24,0,86400,COMPLETE_SUFFICIENT
2006-04-01,24,0,0,0,0,24,0,86401,COMPLETE_SUFFICIENT
2006-04-02,24,0,0,0,0,24,0,86400,COMPLETE_SUFFICIENT
2006-04-03,24,0,0,0,0,24,0,86400,COMPLETE_SUFFICIENT
2006-04-04,24,0,0,0,0,24,0,86400,COMPLETE_SUFFICIENT
2006-04-05,20,0,4,0,0,24,0,71079,COMPLETE_SUFFICIENT
2006-04-06,24,0,0,0,0,24,0,86392,COMPLETE_SUFFICIENT
2006-04-07,24,0,0,0,0,24,0,86400,COMPLETE_SUFFICIENT
2006-04-08,24,0,0,0,0,24,0,86401,COMPLETE_SUFFICIENT
2006-04-09,24,0,0,0,0,24,0,86400,COMPLETE_SUFFICIENT
2006-04-10,24,0,0,0,0,24,0,86360,COMPLETE_SUFFICIENT
2006-04-11,24,0,0,0,0,24,0,86392,COMPLETE_SUFFICIENT
2006-04-12,24,0,0,0,0,24,0,86400,COMPLETE_SUFFICIENT
2006-04-13,24,0,0,0,0,24,0,86376,COMPLETE_SUFFICIENT
2006-04-14,24,0,0,0,0,24,0,86392,COMPLETE_SUFFICIENT
2006-04-15,24,0,0,0,0,24,0,86393,COMPLETE_SUFFICIENT
2006-04-16,24,0,0,0,0,24,0,86376,COMPLETE_SUFFICIENT
2006-04-17,24,0,0,0,0,24,0,86392,COMPLETE_SUFFICIENT
2006-04-18,24,0,0,0,0,24,0,86392,COMPLETE_SUFFICIENT
2006-04-19,24,0,0,0,0,24,0,86400,COMPLETE_SUFFICIENT
2006-04-20,24,0,0,0,0,24,0,86400,COMPLETE_SUFFICIENT
2006-04-21,20,0,4,0,0,24,0,72044,COMPLETE_SUFFICIENT
2006-04-22,24,0,0,0,0,23,1,84281,COMPLETE_WITH_BEST_AVAILABLE
2006-04-23,24,0,0,0,0,24,0,86384,COMPLETE_SUFFICIENT
2006-04-24,24,0,0,0,0,24,0,86392,COMPLETE_SUFFICIENT
2006-04-25,24,0,0,0,0,24,0,86400,COMPLETE_SUFFICIENT
2006-04-26,24,0,0,0,0,24,0,86392,COMPLETE_SUFFICIENT
2006-04-27,24,0,0,0,0,24,0,86400,COMPLETE_SUFFICIENT
2006-04-28,20,0,4,0,0,24,0,70334,COMPLETE_SUFFICIENT
2006-04-29,24,0,0,0,0,24,0,86401,COMPLETE_SUFFICIENT
2006-04-30,24,0,0,0,0,24,0,86400,COMPLETE_SUFFICIENT
2006-05-01,24,0,0,0,0,24,0,86400,COMPLETE_SUFFICIENT
2006-05-02,24,0,0,0,0,24,0,86400,COMPLETE_SUFFICIENT
2006-05-03,24,0,0,0,0,24,0,86400,COMPLETE_SUFFICIENT
2006-05-04,24,0,0,0,0,24,0,86400,COMPLETE_SUFFICIENT
2006-05-05,24,0,0,0,0,24,0,86400,COMPLETE_SUFFICIENT
2006-05-06,24,0,0,0,0,24,0,86401,COMPLETE_SUFFICIENT
2006-05-07,24,0,0,0,0,24,0,86336,COMPLETE_SUFFICIENT
2006-05-08,24,0,0,0,0,24,0,86376,COMPLETE_SUFFICIENT
2006-05-09,24,0,0,0,0,24,0,86400,COMPLETE_SUFFICIENT
2006-05-10,24,0,0,0,0,24,0,86376,COMPLETE_SUFFICIENT
2006-05-11,24,0,0,0,0,24,0,86392,COMPLETE_SUFFICIENT
2006-05-12,24,0,0,0,0,24,0,86392,COMPLETE_SUFFICIENT
2006-05-13,24,0,0,0,0,24,0,86377,COMPLETE_SUFFICIENT
2006-05-14,24,0,0,0,0,24,0,86400,COMPLETE_SUFFICIENT
2006-05-15,19,0,5,0,0,24,0,68475,COMPLETE_SUFFICIENT
2006-05-16,24,0,0,0,0,24,0,86400,COMPLETE_SUFFICIENT
2006-05-17,24,0,0,0,0,24,0,86400,COMPLETE_SUFFICIENT
2006-05-18,24,0,0,0,0,24,0,86400,COMPLETE_SUFFICIENT
2006-05-19,24,0,0,0,0,24,0,86344,COMPLETE_SUFFICIENT
2006-05-20,24,0,0,0,0,24,0,86401,COMPLETE_SUFFICIENT
2006-05-21,24,0,0,0,0,24,0,86336,COMPLETE_SUFFICIENT
2006-05-22,24,0,0,0,0,24,0,86360,COMPLETE_SUFFICIENT
2006-05-23,24,0,0,0,0,24,0,86392,COMPLETE_SUFFICIENT
2006-05-24,24,0,0,0,0,24,0,86384,COMPLETE_SUFFICIENT
2006-05-25,24,0,0,0,0,24,0,86400,COMPLETE_SUFFICIENT
2006-05-26,20,0,4,0,0,24,0,70882,COMPLETE_SUFFICIENT
2006-05-27,24,0,0,0,0,24,0,86401,COMPLETE_SUFFICIENT
2006-05-28,24,0,0,0,0,24,0,86392,COMPLETE_SUFFICIENT
2006-05-29,24,0,0,0,0,24,0,86400,COMPLETE_SUFFICIENT
2006-05-30,24,0,0,0,0,24,0,86376,COMPLETE_SUFFICIENT
2006-05-31,24,0,0,0,0,24,0,86392,COMPLETE_SUFFICIENT
2006-06-01,24,0,0,0,0,24,0,86384,COMPLETE_SUFFICIENT
2006-06-02,24,0,0,0,0,24,0,86368,COMPLETE_SUFFICIENT
2006-06-03,24,0,0,0,0,24,0,86393,COMPLETE_SUFFICIENT
2006-06-04,24,0,0,0,0,24,0,86392,COMPLETE_SUFFICIENT
2006-06-05,24,0,0,0,0,24,0,86392,COMPLETE_SUFFICIENT
2006-06-06,24,0,0,0,0,24,0,86392,COMPLETE_SUFFICIENT
2006-06-07,20,0,4,0,0,24,0,70989,COMPLETE_SUFFICIENT
2006-06-08,24,0,0,0,0,24,0,86384,COMPLETE_SUFFICIENT
2006-06-09,24,0,0,0,0,24,0,86400,COMPLETE_SUFFICIENT
2006-06-10,24,0,0,0,0,24,0,86385,COMPLETE_SUFFICIENT
2006-06-11,24,0,0,0,0,24,0,86392,COMPLETE_SUFFICIENT
2006-06-12,24,0,0,0,0,24,0,86400,COMPLETE_SUFFICIENT
2006-06-13,24,0,0,0,0,24,0,86392,COMPLETE_SUFFICIENT
2006-06-14,24,0,0,0,0,24,0,86400,COMPLETE_SUFFICIENT
2006-06-15,24,0,0,0,0,24,0,86376,COMPLETE_SUFFICIENT
2006-06-16,20,0,4,0,0,24,0,71260,COMPLETE_SUFFICIENT
2006-06-17,24,0,0,0,0,24,0,86401,COMPLETE_SUFFICIENT
2006-06-18,24,0,0,0,0,24,0,86360,COMPLETE_SUFFICIENT
2006-06-19,24,0,0,0,0,24,0,86400,COMPLETE_SUFFICIENT
2006-06-20,24,0,0,0,0,24,0,86384,COMPLETE_SUFFICIENT
2006-06-21,24,0,0,0,0,24,0,86400,COMPLETE_SUFFICIENT
2006-06-22,24,0,0,0,0,24,0,86392,COMPLETE_SUFFICIENT
2006-06-23,24,0,0,0,0,24,0,86392,COMPLETE_SUFFICIENT
2006-06-24,24,0,0,0,0,24,0,86401,COMPLETE_SUFFICIENT
2006-06-25,24,0,0,0,0,24,0,86384,COMPLETE_SUFFICIENT
2006-06-26,20,0,4,0,0,24,0,71391,COMPLETE_SUFFICIENT
2006-06-27,24,0,0,0,0,24,0,86392,COMPLETE_SUFFICIENT
2006-06-28,24,0,0,0,0,24,0,86368,COMPLETE_SUFFICIENT
2006-06-29,24,0,0,0,0,24,0,86384,COMPLETE_SUFFICIENT
2006-06-30,24,0,0,0,0,24,0,86385,COMPLETE_SUFFICIENT
2006-07-01,24,0,0,0,0,24,0,86400,COMPLETE_SUFFICIENT
2006-07-02,24,0,0,0,0,24,0,86392,COMPLETE_SUFFICIENT
2006-07-03,24,0,0,0,0,24,0,86400,COMPLETE_SUFFICIENT
2006-07-04,24,0,0,0,0,24,0,85856,COMPLETE_SUFFICIENT
2006-07-05,24,0,0,0,0,24,0,86344,COMPLETE_SUFFICIENT
2006-07-06,20,0,4,0,0,24,0,70660,COMPLETE_SUFFICIENT
2006-07-07,24,0,0,0,0,24,0,86392,COMPLETE_SUFFICIENT
2006-07-08,24,0,0,0,0,24,0,86401,COMPLETE_SUFFICIENT
2006-07-09,24,0,0,0,0,24,0,86392,COMPLETE_SUFFICIENT
2006-07-10,24,0,0,0,0,24,0,86384,COMPLETE_SUFFICIENT
2006-07-11,24,0,0,0,0,24,0,86400,COMPLETE_SUFFICIENT
2006-07-12,24,0,0,0,0,24,0,86384,COMPLETE_SUFFICIENT
2006-07-13,24,0,0,0,0,24,0,86400,COMPLETE_SUFFICIENT
2006-07-14,20,0,4,0,0,24,0,70921,COMPLETE_SUFFICIENT
2006-07-15,24,0,0,0,0,24,0,86392,COMPLETE_SUFFICIENT
2006-07-16,24,0,0,0,0,24,0,86392,COMPLETE_SUFFICIENT
2006-07-17,24,0,0,0,0,24,0,86392,COMPLETE_SUFFICIENT
2006-07-18,24,0,0,0,0,24,0,86400,COMPLETE_SUFFICIENT
2006-07-19,24,0,0,0,0,24,0,86400,COMPLETE_SUFFICIENT
2006-07-20,24,0,0,0,0,24,0,86400,COMPLETE_SUFFICIENT
2006-07-21,20,0,4,0,0,24,0,70570,COMPLETE_SUFFICIENT
2006-07-22,24,0,0,0,0,24,0,86400,COMPLETE_SUFFICIENT
2006-07-23,24,0,0,0,0,24,0,86400,COMPLETE_SUFFICIENT
2006-07-24,24,0,0,0,0,24,0,86376,COMPLETE_SUFFICIENT
2006-07-25,24,0,0,0,0,24,0,86376,COMPLETE_SUFFICIENT
2006-07-26,24,0,0,0,0,24,0,86384,COMPLETE_SUFFICIENT
2006-07-27,24,0,0,0,0,24,0,86368,COMPLETE_SUFFICIENT
2006-07-28,19,0,5,0,0,24,0,68444,COMPLETE_SUFFICIENT
2006-07-29,24,0,0,0,0,24,0,86392,COMPLETE_SUFFICIENT
2006-07-30,24,0,0,0,0,24,0,86392,COMPLETE_SUFFICIENT
2006-07-31,24,0,0,0,0,24,0,86400,COMPLETE_SUFFICIENT
2006-08-01,24,0,0,0,0,24,0,86384,COMPLETE_SUFFICIENT
2006-08-02,24,0,0,0,0,24,0,86384,COMPLETE_SUFFICIENT
2006-08-03,24,0,0,0,0,24,0,86392,COMPLETE_SUFFICIENT
2006-08-04,20,0,4,0,0,24,0,71171,COMPLETE_SUFFICIENT
2006-08-05,24,0,0,0,0,24,0,86384,COMPLETE_SUFFICIENT
2006-08-06,24,0,0,0,0,24,0,86392,COMPLETE_SUFFICIENT
2006-08-07,24,0,0,0,0,24,0,86384,COMPLETE_SUFFICIENT
2006-08-08,24,0,0,0,0,24,0,86352,COMPLETE_SUFFICIENT
2006-08-09,24,0,0,0,0,24,0,86360,COMPLETE_SUFFICIENT
2006-08-10,24,0,0,0,0,24,0,86376,COMPLETE_SUFFICIENT
2006-08-11,20,0,4,0,0,24,0,71135,COMPLETE_SUFFICIENT
2006-08-12,24,0,0,0,0,24,0,86400,COMPLETE_SUFFICIENT
2006-08-13,24,0,0,0,0,24,0,86400,COMPLETE_SUFFICIENT
2006-08-14,24,0,0,0,0,24,0,86400,COMPLETE_SUFFICIENT
2006-08-15,24,0,0,0,0,24,0,86400,COMPLETE_SUFFICIENT
2006-08-16,24,0,0,0,0,24,0,86400,COMPLETE_SUFFICIENT
2006-08-17,20,0,4,0,0,24,0,71241,COMPLETE_SUFFICIENT
2006-08-18,24,0,0,0,0,24,0,86384,COMPLETE_SUFFICIENT
2006-08-19,24,0,0,0,0,24,0,86392,COMPLETE_SUFFICIENT
2006-08-20,24,0,0,0,0,24,0,86400,COMPLETE_SUFFICIENT
2006-08-21,24,0,0,0,0,24,0,86400,COMPLETE_SUFFICIENT
2006-08-22,24,0,0,0,0,24,0,86352,COMPLETE_SUFFICIENT
2006-08-23,20,0,4,0,0,24,0,70896,COMPLETE_SUFFICIENT
2006-08-24,24,0,0,0,0,24,0,86385,COMPLETE_SUFFICIENT
2006-08-25,24,0,0,0,0,24,0,86400,COMPLETE_SUFFICIENT
2006-08-26,24,0,0,0,0,24,0,86400,COMPLETE_SUFFICIENT
2006-08-27,24,0,0,0,0,24,0,86376,COMPLETE_SUFFICIENT
2006-08-28,24,0,0,0,0,24,0,86400,COMPLETE_SUFFICIENT
2006-08-29,24,0,0,0,0,24,0,86384,COMPLETE_SUFFICIENT
2006-08-30,19,0,5,0,0,24,0,68467,COMPLETE_SUFFICIENT
2006-08-31,24,0,0,0,0,24,0,86401,COMPLETE_SUFFICIENT
2006-09-01,24,0,0,0,0,24,0,86368,COMPLETE_SUFFICIENT
2006-09-02,24,0,0,0,0,24,0,86400,COMPLETE_SUFFICIENT
2006-09-03,24,0,0,0,0,24,0,86392,COMPLETE_SUFFICIENT
2006-09-04,24,0,0,0,0,24,0,86328,COMPLETE_SUFFICIENT
2006-09-05,24,0,0,0,0,24,0,86352,COMPLETE_SUFFICIENT
2006-09-06,24,0,0,0,0,24,0,86376,COMPLETE_SUFFICIENT
2006-09-07,19,0,5,0,0,24,0,68468,COMPLETE_SUFFICIENT
2006-09-08,24,0,0,0,0,24,0,86392,COMPLETE_SUFFICIENT
2006-09-09,24,0,0,0,0,24,0,86400,COMPLETE_SUFFICIENT
2006-09-10,24,0,0,0,0,24,0,86400,COMPLETE_SUFFICIENT
2006-09-11,24,0,0,0,0,24,0,86360,COMPLETE_SUFFICIENT
2006-09-12,24,0,0,0,0,24,0,86400,COMPLETE_SUFFICIENT
2006-09-13,24,0,0,0,0,24,0,86400,COMPLETE_SUFFICIENT
2006-09-14,24,0,0,0,0,24,0,86401,COMPLETE_SUFFICIENT
2006-09-15,24,0,0,0,0,24,0,86400,COMPLETE_SUFFICIENT
2006-09-16,24,0,0,0,0,24,0,86400,COMPLETE_SUFFICIENT
2006-09-17,24,0,0,0,0,24,0,86384,COMPLETE_SUFFICIENT
2006-09-18,24,0,0,0,0,24,0,86352,COMPLETE_SUFFICIENT
2006-09-19,19,0,5,0,0,24,0,66769,COMPLETE_SUFFICIENT
2006-09-20,24,0,0,0,0,24,0,86400,COMPLETE_SUFFICIENT
2006-09-21,24,0,0,0,0,24,0,86401,COMPLETE_SUFFICIENT
2006-09-22,24,0,0,0,0,24,0,86400,COMPLETE_SUFFICIENT
2006-09-23,24,0,0,0,0,24,0,86216,COMPLETE_SUFFICIENT
2006-09-24,24,0,0,0,0,24,0,86320,COMPLETE_SUFFICIENT
2006-09-25,24,0,0,0,0,24,0,86376,COMPLETE_SUFFICIENT
2006-09-26,24,0,0,0,0,24,0,86392,COMPLETE_SUFFICIENT
2006-09-27,24,0,0,0,0,24,0,86352,COMPLETE_SUFFICIENT
2006-09-28,24,0,0,0,0,24,0,86385,COMPLETE_SUFFICIENT
2006-09-29,24,0,0,0,0,24,0,86400,COMPLETE_SUFFICIENT
2006-09-30,24,0,0,0,0,24,0,86384,COMPLETE_SUFFICIENT
2006-10-01,24,0,0,0,0,24,0,86392,COMPLETE_SUFFICIENT
2006-10-02,20,0,4,0,0,24,0,71345,COMPLETE_SUFFICIENT
2006-10-03,24,0,0,0,0,24,0,86392,COMPLETE_SUFFICIENT
2006-10-04,24,0,0,0,0,24,0,86400,COMPLETE_SUFFICIENT
2006-10-05,24,0,0,0,0,24,0,86401,COMPLETE_SUFFICIENT
2006-10-06,24,0,0,0,0,24,0,86400,COMPLETE_SUFFICIENT
2006-10-07,24,0,0,0,0,24,0,86392,COMPLETE_SUFFICIENT
2006-10-08,24,0,0,0,0,24,0,86392,COMPLETE_SUFFICIENT
2006-10-09,24,0,0,0,0,24,0,86392,COMPLETE_SUFFICIENT
2006-10-10,24,0,0,0,0,24,0,86400,COMPLETE_SUFFICIENT
2006-10-11,24,0,0,0,0,24,0,86384,COMPLETE_SUFFICIENT
2006-10-12,24,0,0,0,0,24,0,86385,COMPLETE_SUFFICIENT
2006-10-13,24,0,0,0,0,24,0,86400,COMPLETE_SUFFICIENT
2006-10-14,24,0,0,0,0,24,0,86392,COMPLETE_SUFFICIENT
2006-10-15,24,0,0,0,0,24,0,86280,COMPLETE_SUFFICIENT
2006-10-16,24,0,0,0,0,24,0,86392,COMPLETE_SUFFICIENT
2006-10-17,24,0,0,0,0,24,0,86400,COMPLETE_SUFFICIENT
2006-10-18,24,0,0,0,0,24,0,86401,COMPLETE_SUFFICIENT
2006-10-19,19,0,5,0,0,24,0,68475,COMPLETE_SUFFICIENT
2006-10-20,24,0,0,0,0,24,0,86376,COMPLETE_SUFFICIENT
2006-10-21,24,0,0,0,0,24,0,86384,COMPLETE_SUFFICIENT
2006-10-22,24,0,0,0,0,24,0,86360,COMPLETE_SUFFICIENT
2006-10-23,24,0,0,0,0,24,0,86400,COMPLETE_SUFFICIENT
2006-10-24,24,0,0,0,0,24,0,86368,COMPLETE_SUFFICIENT
2006-10-25,24,0,0,0,0,24,0,86385,COMPLETE_SUFFICIENT
2006-10-26,24,0,0,0,0,24,0,86376,COMPLETE_SUFFICIENT
2006-10-27,24,0,0,0,0,24,0,86400,COMPLETE_SUFFICIENT
2006-10-28,24,0,0,0,0,24,0,86400,COMPLETE_SUFFICIENT
2006-10-29,24,0,0,0,0,24,0,86368,COMPLETE_SUFFICIENT
2006-10-30,24,0,0,0,0,24,0,86384,COMPLETE_SUFFICIENT
2006-10-31,24,0,0,0,0,24,0,86400,COMPLETE_SUFFICIENT
2006-11-01,24,0,0,0,0,24,0,86361,COMPLETE_SUFFICIENT
2006-11-02,21,0,3,0,0,24,0,74409,COMPLETE_SUFFICIENT
2006-11-03,24,0,0,0,0,23,1,82960,COMPLETE_WITH_BEST_AVAILABLE
2006-11-04,24,0,0,0,0,24,0,86384,COMPLETE_SUFFICIENT
2006-11-05,24,0,0,0,0,24,0,86392,COMPLETE_SUFFICIENT
2006-11-06,24,0,0,0,0,24,0,86400,COMPLETE_SUFFICIENT
2006-11-07,24,0,0,0,0,24,0,86400,COMPLETE_SUFFICIENT
2006-11-08,24,0,0,0,0,24,0,86401,COMPLETE_SUFFICIENT
2006-11-09,24,0,0,0,0,24,0,86400,COMPLETE_SUFFICIENT
2006-11-10,24,0,0,0,0,24,0,86392,COMPLETE_SUFFICIENT
2006-11-11,24,0,0,0,0,24,0,86344,COMPLETE_SUFFICIENT
2006-11-12,24,0,0,0,0,24,0,86400,COMPLETE_SUFFICIENT
2006-11-13,24,0,0,0,0,24,0,86400,COMPLETE_SUFFICIENT
2006-11-14,24,0,0,0,0,24,0,86400,COMPLETE_SUFFICIENT
2006-11-15,24,0,0,0,0,24,0,86393,COMPLETE_SUFFICIENT
2006-11-16,24,0,0,0,0,24,0,86392,COMPLETE_SUFFICIENT
2006-11-17,20,0,4,0,0,24,0,72052,COMPLETE_SUFFICIENT
2006-11-18,24,0,0,0,0,24,0,84612,COMPLETE_SUFFICIENT
2006-11-19,24,0,0,0,0,24,0,86400,COMPLETE_SUFFICIENT
2006-11-20,24,0,0,0,0,24,0,86400,COMPLETE_SUFFICIENT
2006-11-21,24,0,0,0,0,24,0,86400,COMPLETE_SUFFICIENT
2006-11-22,24,0,0,0,0,24,0,86401,COMPLETE_SUFFICIENT
2006-11-23,24,0,0,0,0,24,0,86384,COMPLETE_SUFFICIENT
2006-11-24,24,0,0,0,0,24,0,86368,COMPLETE_SUFFICIENT
2006-11-25,24,0,0,0,0,24,0,86336,COMPLETE_SUFFICIENT
2006-11-26,24,0,0,0,0,24,0,86328,COMPLETE_SUFFICIENT
2006-11-27,20,0,4,0,0,24,0,70590,COMPLETE_SUFFICIENT
2006-11-28,24,0,0,0,0,24,0,86392,COMPLETE_SUFFICIENT
2006-11-29,24,0,0,0,0,24,0,86401,COMPLETE_SUFFICIENT
2006-11-30,24,0,0,0,0,24,0,86384,COMPLETE_SUFFICIENT
2006-12-01,24,0,0,0,0,24,0,86400,COMPLETE_SUFFICIENT
2006-12-02,24,0,0,0,0,24,0,86400,COMPLETE_SUFFICIENT
2006-12-03,24,0,0,0,0,24,0,86392,COMPLETE_SUFFICIENT
2006-12-04,24,0,0,0,0,24,0,86400,COMPLETE_SUFFICIENT
2006-12-05,20,0,4,0,0,24,0,70390,COMPLETE_SUFFICIENT
2006-12-06,24,0,0,0,0,24,0,86393,COMPLETE_SUFFICIENT
2006-12-07,24,0,0,0,0,24,0,86344,COMPLETE_SUFFICIENT
2006-12-08,24,0,0,0,0,24,0,86264,COMPLETE_SUFFICIENT
2006-12-09,24,0,0,0,0,24,0,86368,COMPLETE_SUFFICIENT
2006-12-10,24,0,0,0,0,24,0,86392,COMPLETE_SUFFICIENT
2006-12-11,24,0,0,0,0,24,0,86344,COMPLETE_SUFFICIENT
2006-12-12,24,0,0,0,0,24,0,86400,COMPLETE_SUFFICIENT
2006-12-13,18,0,6,0,0,24,0,64891,COMPLETE_SUFFICIENT
2006-12-14,24,0,0,0,0,24,0,86352,COMPLETE_SUFFICIENT
2006-12-15,24,0,0,0,0,24,0,86368,COMPLETE_SUFFICIENT
2006-12-16,22,0,1,0,1,23,0,78205,PARTIAL
2006-12-17,24,0,0,0,0,24,0,86400,COMPLETE_SUFFICIENT
2006-12-18,24,0,0,0,0,24,0,86392,COMPLETE_SUFFICIENT
2006-12-19,24,0,0,0,0,24,0,86376,COMPLETE_SUFFICIENT
2006-12-20,24,0,0,0,0,24,0,86345,COMPLETE_SUFFICIENT
2006-12-21,20,0,4,0,0,24,0,70513,COMPLETE_SUFFICIENT
2006-12-22,24,0,0,0,0,24,0,86368,COMPLETE_SUFFICIENT
2006-12-23,24,0,0,0,0,24,0,86320,COMPLETE_SUFFICIENT
2006-12-24,24,0,0,0,0,24,0,86352,COMPLETE_SUFFICIENT
2006-12-25,24,0,0,0,0,24,0,86392,COMPLETE_SUFFICIENT
2006-12-26,24,0,0,0,0,24,0,86400,COMPLETE_SUFFICIENT
2006-12-27,24,0,0,0,0,24,0,86401,COMPLETE_SUFFICIENT
2006-12-28,20,0,4,0,0,24,0,70658,COMPLETE_SUFFICIENT
2006-12-29,24,0,0,0,0,24,0,86400,COMPLETE_SUFFICIENT
2006-12-30,24,0,0,0,0,24,0,86400,COMPLETE_SUFFICIENT
2006-12-31,24,0,0,0,0,24,0,86400,COMPLETE_SUFFICIENT
2007-01-01,24,0,0,0,0,24,0,86392,COMPLETE_SUFFICIENT
2007-01-02,24,0,0,0,0,24,0,86400,COMPLETE_SUFFICIENT
2007-01-03,24,0,0,0,0,24,0,86361,COMPLETE_SUFFICIENT
2007-01-04,20,0,4,0,0,24,0,70569,COMPLETE_SUFFICIENT
2007-01-05,24,0,0,0,0,24,0,86392,COMPLETE_SUFFICIENT
2007-01-06,24,0,0,0,0,24,0,86384,COMPLETE_SUFFICIENT
2007-01-07,24,0,0,0,0,24,0,86400,COMPLETE_SUFFICIENT
2007-01-08,24,0,0,0,0,24,0,86344,COMPLETE_SUFFICIENT
2007-01-09,24,0,0,0,0,24,0,86392,COMPLETE_SUFFICIENT
2007-01-10,24,0,0,0,0,24,0,86401,COMPLETE_SUFFICIENT
2007-01-11,24,0,0,0,0,24,0,86376,COMPLETE_SUFFICIENT
2007-01-12,19,0,5,0,0,24,0,68475,COMPLETE_SUFFICIENT
2007-01-13,24,0,0,0,0,24,0,86400,COMPLETE_SUFFICIENT
2007-01-14,24,0,0,0,0,24,0,86400,COMPLETE_SUFFICIENT
2007-01-15,24,0,0,0,0,24,0,86392,COMPLETE_SUFFICIENT
2007-01-16,24,0,0,0,0,24,0,86368,COMPLETE_SUFFICIENT
2007-01-17,24,0,0,0,0,24,0,86337,COMPLETE_SUFFICIENT
2007-01-18,24,0,0,0,0,24,0,86288,COMPLETE_SUFFICIENT
2007-01-19,20,0,4,0,0,24,0,70246,COMPLETE_SUFFICIENT
2007-01-20,22,1,0,0,1,22,1,77606,PARTIAL
2007-01-21,24,0,0,0,0,24,0,86384,COMPLETE_SUFFICIENT
2007-01-22,24,0,0,0,0,24,0,86392,COMPLETE_SUFFICIENT
2007-01-23,24,0,0,0,0,24,0,86392,COMPLETE_SUFFICIENT
2007-01-24,24,0,0,0,0,24,0,86401,COMPLETE_SUFFICIENT
2007-01-25,19,0,5,0,0,24,0,68475,COMPLETE_SUFFICIENT
2007-01-26,24,0,0,0,0,24,0,86400,COMPLETE_SUFFICIENT
2007-01-27,24,0,0,0,0,24,0,86400,COMPLETE_SUFFICIENT
2007-01-28,24,0,0,0,0,24,0,86392,COMPLETE_SUFFICIENT
2007-01-29,24,0,0,0,0,24,0,86400,COMPLETE_SUFFICIENT
2007-01-30,24,0,0,0,0,24,0,86336,COMPLETE_SUFFICIENT
2007-01-31,24,0,0,0,0,24,0,86377,COMPLETE_SUFFICIENT
2007-02-01,20,0,4,0,0,24,0,70671,COMPLETE_SUFFICIENT
2007-02-02,24,0,0,0,0,24,0,86400,COMPLETE_SUFFICIENT
2007-02-03,24,0,0,0,0,24,0,86400,COMPLETE_SUFFICIENT
2007-02-04,24,0,0,0,0,24,0,86392,COMPLETE_SUFFICIENT
2007-02-05,24,0,0,0,0,24,0,86400,COMPLETE_SUFFICIENT
2007-02-06,24,0,0,0,0,24,0,86400,COMPLETE_SUFFICIENT
2007-02-07,24,0,0,0,0,24,0,86377,COMPLETE_SUFFICIENT
2007-02-08,24,0,0,0,0,24,0,86384,COMPLETE_SUFFICIENT
2007-02-09,20,0,4,0,0,24,0,70512,COMPLETE_SUFFICIENT
2007-02-10,24,0,0,0,0,24,0,86400,COMPLETE_SUFFICIENT
2007-02-11,24,0,0,0,0,24,0,86400,COMPLETE_SUFFICIENT
2007-02-12,24,0,0,0,0,24,0,86392,COMPLETE_SUFFICIENT
2007-02-13,24,0,0,0,0,24,0,86392,COMPLETE_SUFFICIENT
2007-02-14,24,0,0,0,0,24,0,86337,COMPLETE_SUFFICIENT
2007-02-15,24,0,0,0,0,24,0,86384,COMPLETE_SUFFICIENT
2007-02-16,20,0,4,0,0,24,0,70754,COMPLETE_SUFFICIENT
2007-02-17,24,0,0,0,0,24,0,86384,COMPLETE_SUFFICIENT
2007-02-18,24,0,0,0,0,24,0,86384,COMPLETE_SUFFICIENT
2007-02-19,24,0,0,0,0,24,0,86400,COMPLETE_SUFFICIENT
2007-02-20,24,0,0,0,0,24,0,86400,COMPLETE_SUFFICIENT
2007-02-21,24,0,0,0,0,24,0,86401,COMPLETE_SUFFICIENT
2007-02-22,24,0,0,0,0,24,0,86400,COMPLETE_SUFFICIENT
2007-02-23,19,0,5,0,0,24,0,68475,COMPLETE_SUFFICIENT
2007-02-24,24,0,0,0,0,24,0,86400,COMPLETE_SUFFICIENT
2007-02-25,24,0,0,0,0,24,0,86400,COMPLETE_SUFFICIENT
2007-02-26,24,0,0,0,0,24,0,86400,COMPLETE_SUFFICIENT
2007-02-27,24,0,0,0,0,24,0,86376,COMPLETE_SUFFICIENT
2007-02-28,24,0,0,0,0,24,0,86353,COMPLETE_SUFFICIENT
2007-03-01,24,0,0,0,0,24,0,86392,COMPLETE_SUFFICIENT
2007-03-02,24,0,0,0,0,24,0,86400,COMPLETE_SUFFICIENT
2007-03-03,24,0,0,0,0,24,0,86400,COMPLETE_SUFFICIENT
2007-03-04,24,0,0,0,0,24,0,86392,COMPLETE_SUFFICIENT
2007-03-05,19,0,5,0,0,24,0,68467,COMPLETE_SUFFICIENT
2007-03-06,24,0,0,0,0,24,0,86400,COMPLETE_SUFFICIENT
2007-03-07,24,0,0,0,0,24,0,86401,COMPLETE_SUFFICIENT
2007-03-08,24,0,0,0,0,24,0,86400,COMPLETE_SUFFICIENT
2007-03-09,24,0,0,0,0,24,0,86400,COMPLETE_SUFFICIENT
2007-03-10,24,0,0,0,0,24,0,86400,COMPLETE_SUFFICIENT
2007-03-11,24,0,0,0,0,24,0,86392,COMPLETE_SUFFICIENT
2007-03-12,24,0,0,0,0,24,0,86400,COMPLETE_SUFFICIENT
2007-03-13,24,0,0,0,0,24,0,86376,COMPLETE_SUFFICIENT
2007-03-14,24,0,0,0,0,24,0,86377,COMPLETE_SUFFICIENT
2007-03-15,24,0,0,0,0,24,0,86368,COMPLETE_SUFFICIENT
2007-03-16,18,0,6,0,0,24,0,64882,COMPLETE_SUFFICIENT
2007-03-17,24,0,0,0,0,24,0,86400,COMPLETE_SUFFICIENT
2007-03-18,24,0,0,0,0,24,0,86400,COMPLETE_SUFFICIENT
2007-03-19,24,0,0,0,0,24,0,86400,COMPLETE_SUFFICIENT
2007-03-20,24,0,0,0,0,24,0,86400,COMPLETE_SUFFICIENT
2007-03-21,24,0,0,0,0,24,0,86401,COMPLETE_SUFFICIENT
2007-03-22,24,0,0,0,0,24,0,86400,COMPLETE_SUFFICIENT
2007-03-23,24,0,0,0,0,24,0,86384,COMPLETE_SUFFICIENT
2007-03-24,24,0,0,0,0,24,0,86381,COMPLETE_SUFFICIENT
2007-03-25,24,0,0,0,0,24,0,86360,COMPLETE_SUFFICIENT
2007-03-26,24,0,0,0,0,24,0,86361,COMPLETE_SUFFICIENT
2007-03-27,24,0,0,0,0,24,0,86392,COMPLETE_SUFFICIENT
2007-03-28,24,0,0,0,0,24,0,86368,COMPLETE_SUFFICIENT
2007-03-29,24,0,0,0,0,24,0,86400,COMPLETE_SUFFICIENT
2007-03-30,24,0,0,0,0,24,0,86392,COMPLETE_SUFFICIENT
2007-03-31,24,0,0,0,0,24,0,86400,COMPLETE_SUFFICIENT
2007-04-01,24,0,0,0,0,24,0,86384,COMPLETE_SUFFICIENT
2007-04-02,19,0,5,0,0,24,0,65965,COMPLETE_SUFFICIENT
2007-04-03,24,0,0,0,0,24,0,86400,COMPLETE_SUFFICIENT
2007-04-04,24,0,0,0,0,24,0,86400,COMPLETE_SUFFICIENT
2007-04-05,24,0,0,0,0,24,0,86392,COMPLETE_SUFFICIENT
2007-04-06,24,0,0,0,0,24,0,86400,COMPLETE_SUFFICIENT
2007-04-07,24,0,0,0,0,24,0,86400,COMPLETE_SUFFICIENT
2007-04-08,24,0,0,0,0,24,0,86400,COMPLETE_SUFFICIENT
2007-04-09,24,0,0,0,0,24,0,86281,COMPLETE_SUFFICIENT
2007-04-10,24,0,0,0,0,24,0,86376,COMPLETE_SUFFICIENT
2007-04-11,24,0,0,0,0,24,0,86392,COMPLETE_SUFFICIENT
2007-04-12,24,0,0,0,0,24,0,86360,COMPLETE_SUFFICIENT
2007-04-13,24,0,0,0,0,24,0,86400,COMPLETE_SUFFICIENT
2007-04-14,24,0,0,0,0,24,0,86392,COMPLETE_SUFFICIENT
2007-04-15,24,0,0,0,0,24,0,86401,COMPLETE_SUFFICIENT
2007-04-16,24,0,0,0,0,24,0,86400,COMPLETE_SUFFICIENT
2007-04-17,24,0,0,0,0,24,0,86392,COMPLETE_SUFFICIENT
2007-04-18,24,0,0,0,0,24,0,86400,COMPLETE_SUFFICIENT
2007-04-19,19,0,5,0,0,24,0,68475,COMPLETE_SUFFICIENT
2007-04-20,24,0,0,0,0,24,0,86392,COMPLETE_SUFFICIENT
2007-04-21,24,0,0,0,0,24,0,86400,COMPLETE_SUFFICIENT
2007-04-22,24,0,0,0,0,24,0,86401,COMPLETE_SUFFICIENT
2007-04-23,24,0,0,0,0,24,0,86392,COMPLETE_SUFFICIENT
2007-04-24,24,0,0,0,0,24,0,86368,COMPLETE_SUFFICIENT
2007-04-25,24,0,0,0,0,24,0,86360,COMPLETE_SUFFICIENT
2007-04-26,24,0,0,0,0,24,0,86392,COMPLETE_SUFFICIENT
2007-04-27,24,0,0,0,0,24,0,86368,COMPLETE_SUFFICIENT
2007-04-28,24,0,0,0,0,24,0,86384,COMPLETE_SUFFICIENT
2007-04-29,24,0,0,0,0,24,0,86361,COMPLETE_SUFFICIENT
2007-04-30,24,0,0,0,0,24,0,86392,COMPLETE_SUFFICIENT
2007-05-01,24,0,0,0,0,24,0,86400,COMPLETE_SUFFICIENT
2007-05-02,24,0,0,0,0,24,0,86400,COMPLETE_SUFFICIENT
2007-05-03,24,0,0,0,0,24,0,86400,COMPLETE_SUFFICIENT
2007-05-04,24,0,0,0,0,24,0,86400,COMPLETE_SUFFICIENT
2007-05-05,24,0,0,0,0,24,0,86400,COMPLETE_SUFFICIENT
2007-05-06,24,0,0,0,0,24,0,86401,COMPLETE_SUFFICIENT
2007-05-07,24,0,0,0,0,24,0,86392,COMPLETE_SUFFICIENT
2007-05-08,24,0,0,0,0,24,0,86384,COMPLETE_SUFFICIENT
2007-05-09,24,0,0,0,0,24,0,86400,COMPLETE_SUFFICIENT
2007-05-10,20,0,4,0,0,24,0,70755,COMPLETE_SUFFICIENT
2007-05-11,24,0,0,0,0,24,0,86400,COMPLETE_SUFFICIENT
2007-05-12,24,0,0,0,0,24,0,86400,COMPLETE_SUFFICIENT
2007-05-13,24,0,0,0,0,24,0,86401,COMPLETE_SUFFICIENT
2007-05-14,24,0,0,0,0,24,0,86400,COMPLETE_SUFFICIENT
2007-05-15,24,0,0,0,0,24,0,86400,COMPLETE_SUFFICIENT
2007-05-16,24,0,0,0,0,24,0,86400,COMPLETE_SUFFICIENT
2007-05-17,24,0,0,0,0,24,0,86389,COMPLETE_SUFFICIENT
2007-05-18,24,0,0,0,0,24,0,86400,COMPLETE_SUFFICIENT
2007-05-19,24,0,0,0,0,24,0,86393,COMPLETE_SUFFICIENT
2007-05-20,24,0,0,0,0,24,0,86400,COMPLETE_SUFFICIENT
2007-05-21,24,0,0,0,0,24,0,86400,COMPLETE_SUFFICIENT
2007-05-22,24,0,0,0,0,24,0,86400,COMPLETE_SUFFICIENT
2007-05-23,24,0,0,0,0,24,0,86392,COMPLETE_SUFFICIENT
2007-05-24,24,0,0,0,0,24,0,86376,COMPLETE_SUFFICIENT
2007-05-25,19,0,5,0,0,24,0,68435,COMPLETE_SUFFICIENT
2007-05-26,24,0,0,0,0,24,0,86401,COMPLETE_SUFFICIENT
2007-05-27,24,0,0,0,0,24,0,86368,COMPLETE_SUFFICIENT
2007-05-28,24,0,0,0,0,24,0,86392,COMPLETE_SUFFICIENT
2007-05-29,24,0,0,0,0,24,0,86400,COMPLETE_SUFFICIENT
2007-05-30,24,0,0,0,0,24,0,86400,COMPLETE_SUFFICIENT
2007-05-31,24,0,0,0,0,24,0,86400,COMPLETE_SUFFICIENT
2007-06-01,24,0,0,0,0,24,0,86392,COMPLETE_SUFFICIENT
2007-06-02,24,0,0,0,0,24,0,86401,COMPLETE_SUFFICIENT
2007-06-03,24,0,0,0,0,24,0,86368,COMPLETE_SUFFICIENT
2007-06-04,24,0,0,0,0,24,0,86376,COMPLETE_SUFFICIENT
2007-06-05,24,0,0,0,0,24,0,86400,COMPLETE_SUFFICIENT
2007-06-06,24,0,0,0,0,24,0,86400,COMPLETE_SUFFICIENT
2007-06-07,24,0,0,0,0,24,0,86400,COMPLETE_SUFFICIENT
2007-06-08,20,0,4,0,0,24,0,70892,COMPLETE_SUFFICIENT
2007-06-09,24,0,0,0,0,24,0,86393,COMPLETE_SUFFICIENT
2007-06-10,24,0,0,0,0,24,0,86384,COMPLETE_SUFFICIENT
2007-06-11,24,0,0,0,0,24,0,86400,COMPLETE_SUFFICIENT
2007-06-12,24,0,0,0,0,24,0,86400,COMPLETE_SUFFICIENT
2007-06-13,24,0,0,0,0,24,0,86392,COMPLETE_SUFFICIENT
2007-06-14,24,0,0,0,0,24,0,86384,COMPLETE_SUFFICIENT
2007-06-15,24,0,0,0,0,24,0,86393,COMPLETE_SUFFICIENT
2007-06-16,24,0,0,0,0,24,0,86384,COMPLETE_SUFFICIENT
2007-06-17,24,0,0,0,0,24,0,86352,COMPLETE_SUFFICIENT
2007-06-18,24,0,0,0,0,24,0,86384,COMPLETE_SUFFICIENT
2007-06-19,24,0,0,0,0,24,0,86400,COMPLETE_SUFFICIENT
2007-06-20,24,0,0,0,0,24,0,86352,COMPLETE_SUFFICIENT
2007-06-21,18,0,6,0,0,24,0,64863,COMPLETE_SUFFICIENT
2007-06-22,24,0,0,0,0,24,0,86393,COMPLETE_SUFFICIENT
2007-06-23,24,0,0,0,0,24,0,86384,COMPLETE_SUFFICIENT
2007-06-24,24,0,0,0,0,24,0,86400,COMPLETE_SUFFICIENT
2007-06-25,24,0,0,0,0,24,0,86400,COMPLETE_SUFFICIENT
2007-06-26,24,0,0,0,0,24,0,86384,COMPLETE_SUFFICIENT
2007-06-27,24,0,0,0,0,24,0,86392,COMPLETE_SUFFICIENT
2007-06-28,24,0,0,0,0,24,0,86392,COMPLETE_SUFFICIENT
2007-06-29,24,0,0,0,0,24,0,86393,COMPLETE_SUFFICIENT
2007-06-30,24,0,0,0,0,24,0,86392,COMPLETE_SUFFICIENT
2007-07-01,24,0,0,0,0,24,0,86400,COMPLETE_SUFFICIENT
2007-07-02,20,0,4,0,0,24,0,70938,COMPLETE_SUFFICIENT
2007-07-03,24,0,0,0,0,24,0,86360,COMPLETE_SUFFICIENT
2007-07-04,24,0,0,0,0,24,0,86360,COMPLETE_SUFFICIENT
2007-07-05,24,0,0,0,0,24,0,86400,COMPLETE_SUFFICIENT
2007-07-06,24,0,0,0,0,24,0,86369,COMPLETE_SUFFICIENT
2007-07-07,24,0,0,0,0,24,0,86384,COMPLETE_SUFFICIENT
2007-07-08,24,0,0,0,0,24,0,86392,COMPLETE_SUFFICIENT
2007-07-09,24,0,0,0,0,24,0,86400,COMPLETE_SUFFICIENT
2007-07-10,24,0,0,0,0,24,0,86381,COMPLETE_SUFFICIENT
2007-07-11,24,0,0,0,0,24,0,86400,COMPLETE_SUFFICIENT
2007-07-12,24,0,0,0,0,24,0,86393,COMPLETE_SUFFICIENT
2007-07-13,20,0,4,0,0,24,0,70278,COMPLETE_SUFFICIENT
2007-07-14,24,0,0,0,0,24,0,86400,COMPLETE_SUFFICIENT
2007-07-15,24,0,0,0,0,24,0,86400,COMPLETE_SUFFICIENT
2007-07-16,24,0,0,0,0,24,0,86368,COMPLETE_SUFFICIENT
2007-07-17,24,0,0,0,0,24,0,86400,COMPLETE_SUFFICIENT
2007-07-18,24,0,0,0,0,24,0,86400,COMPLETE_SUFFICIENT
2007-07-19,24,0,0,0,0,24,0,86393,COMPLETE_SUFFICIENT
2007-07-20,24,0,0,0,0,24,0,86384,COMPLETE_SUFFICIENT
2007-07-21,24,0,0,0,0,24,0,86368,COMPLETE_SUFFICIENT
2007-07-22,24,0,0,0,0,24,0,86384,COMPLETE_SUFFICIENT
2007-07-23,20,0,4,0,0,24,0,70869,COMPLETE_SUFFICIENT
2007-07-24,24,0,0,0,0,24,0,86400,COMPLETE_SUFFICIENT
2007-07-25,24,0,0,0,0,24,0,86392,COMPLETE_SUFFICIENT
2007-07-26,24,0,0,0,0,24,0,86401,COMPLETE_SUFFICIENT
2007-07-27,24,0,0,0,0,24,0,86384,COMPLETE_SUFFICIENT
2007-07-28,24,0,0,0,0,24,0,86400,COMPLETE_SUFFICIENT
2007-07-29,24,0,0,0,0,24,0,86392,COMPLETE_SUFFICIENT
2007-07-30,24,0,0,0,0,24,0,86368,COMPLETE_SUFFICIENT
2007-07-31,24,0,0,0,0,24,0,86376,COMPLETE_SUFFICIENT
2007-08-01,24,0,0,0,0,24,0,86385,COMPLETE_SUFFICIENT
2007-08-02,24,0,0,0,0,24,0,86384,COMPLETE_SUFFICIENT
2007-08-03,20,0,4,0,0,24,0,70776,COMPLETE_SUFFICIENT
2007-08-04,24,0,0,0,0,24,0,86400,COMPLETE_SUFFICIENT
2007-08-05,24,0,0,0,0,24,0,86400,COMPLETE_SUFFICIENT
2007-08-06,24,0,0,0,0,24,0,86400,COMPLETE_SUFFICIENT
2007-08-07,24,0,0,0,0,24,0,86352,COMPLETE_SUFFICIENT
2007-08-08,24,0,0,0,0,24,0,86401,COMPLETE_SUFFICIENT
2007-08-09,24,0,0,0,0,24,0,86392,COMPLETE_SUFFICIENT
2007-08-10,24,0,0,0,0,24,0,86400,COMPLETE_SUFFICIENT
2007-08-11,24,0,0,0,0,24,0,86392,COMPLETE_SUFFICIENT
2007-08-12,24,0,0,0,0,24,0,86368,COMPLETE_SUFFICIENT
2007-08-13,20,0,4,0,0,24,0,70951,COMPLETE_SUFFICIENT
2007-08-14,24,0,0,0,0,24,0,86400,COMPLETE_SUFFICIENT
2007-08-15,24,0,0,0,0,24,0,86361,COMPLETE_SUFFICIENT
2007-08-16,24,0,0,0,0,24,0,86384,COMPLETE_SUFFICIENT
2007-08-17,24,0,0,0,0,24,0,86400,COMPLETE_SUFFICIENT
2007-08-18,24,0,0,0,0,24,0,86400,COMPLETE_SUFFICIENT
2007-08-19,24,0,0,0,0,24,0,86400,COMPLETE_SUFFICIENT
2007-08-20,24,0,0,0,0,24,0,86384,COMPLETE_SUFFICIENT
2007-08-21,24,0,0,0,0,24,0,86401,COMPLETE_SUFFICIENT
2007-08-22,24,0,0,0,0,24,0,86392,COMPLETE_SUFFICIENT
2007-08-23,24,0,0,0,0,24,0,86392,COMPLETE_SUFFICIENT
2007-08-24,20,0,4,0,0,24,0,70901,COMPLETE_SUFFICIENT
2007-08-25,24,0,0,0,0,24,0,86392,COMPLETE_SUFFICIENT
2007-08-26,24,0,0,0,0,24,0,86384,COMPLETE_SUFFICIENT
2007-08-27,24,0,0,0,0,24,0,86392,COMPLETE_SUFFICIENT
2007-08-28,24,0,0,0,0,24,0,86393,COMPLETE_SUFFICIENT
2007-08-29,24,0,0,0,0,24,0,86384,COMPLETE_SUFFICIENT
2007-08-30,24,0,0,0,0,24,0,86400,COMPLETE_SUFFICIENT
2007-08-31,24,0,0,0,0,24,0,86400,COMPLETE_SUFFICIENT
2007-09-01,24,0,0,0,0,24,0,86384,COMPLETE_SUFFICIENT
2007-09-02,24,0,0,0,0,24,0,86384,COMPLETE_SUFFICIENT
2007-09-03,24,0,0,0,0,24,0,86400,COMPLETE_SUFFICIENT
2007-09-04,24,0,0,0,0,24,0,86401,COMPLETE_SUFFICIENT
2007-09-05,24,0,0,0,0,24,0,86400,COMPLETE_SUFFICIENT
2007-09-06,17,0,7,0,0,24,0,59489,COMPLETE_SUFFICIENT
2007-09-07,24,0,0,0,0,24,0,86392,COMPLETE_SUFFICIENT
2007-09-08,24,0,0,0,0,24,0,86392,COMPLETE_SUFFICIENT
2007-09-09,24,0,0,0,0,24,0,86400,COMPLETE_SUFFICIENT
2007-09-10,24,0,0,0,0,24,0,86400,COMPLETE_SUFFICIENT
2007-09-11,24,0,0,0,0,24,0,86401,COMPLETE_SUFFICIENT
2007-09-12,24,0,0,0,0,24,0,86400,COMPLETE_SUFFICIENT
2007-09-13,24,0,0,0,0,24,0,86400,COMPLETE_SUFFICIENT
2007-09-14,24,0,0,0,0,24,0,86384,COMPLETE_SUFFICIENT
2007-09-15,24,0,0,0,0,24,0,86384,COMPLETE_SUFFICIENT
2007-09-16,24,0,0,0,0,24,0,86400,COMPLETE_SUFFICIENT
2007-09-17,24,0,0,0,0,24,0,86393,COMPLETE_SUFFICIENT
2007-09-18,24,0,0,0,0,24,0,86392,COMPLETE_SUFFICIENT
2007-09-19,24,0,0,0,0,24,0,86400,COMPLETE_SUFFICIENT
2007-09-20,20,0,4,0,0,24,0,70926,COMPLETE_SUFFICIENT
2007-09-21,24,0,0,0,0,24,0,86392,COMPLETE_SUFFICIENT
2007-09-22,24,0,0,0,0,24,0,86400,COMPLETE_SUFFICIENT
2007-09-23,24,0,0,0,0,24,0,86400,COMPLETE_SUFFICIENT
2007-09-24,24,0,0,0,0,24,0,86369,COMPLETE_SUFFICIENT
2007-09-25,24,0,0,0,0,24,0,86376,COMPLETE_SUFFICIENT
2007-09-26,24,0,0,0,0,24,0,86400,COMPLETE_SUFFICIENT
2007-09-27,24,0,0,0,0,24,0,86360,COMPLETE_SUFFICIENT
2007-09-28,24,0,0,0,0,24,0,86392,COMPLETE_SUFFICIENT
2007-09-29,24,0,0,0,0,24,0,86400,COMPLETE_SUFFICIENT
2007-09-30,24,0,0,0,0,24,0,86400,COMPLETE_SUFFICIENT
2007-10-01,24,0,0,0,0,24,0,86385,COMPLETE_SUFFICIENT
2007-10-02,24,0,0,0,0,24,0,86384,COMPLETE_SUFFICIENT
2007-10-03,24,0,0,0,0,24,0,86392,COMPLETE_SUFFICIENT
2007-10-04,24,0,0,0,0,24,0,86384,COMPLETE_SUFFICIENT
2007-10-05,24,0,0,0,0,24,0,86400,COMPLETE_SUFFICIENT
2007-10-06,24,0,0,0,0,24,0,86400,COMPLETE_SUFFICIENT
2007-10-07,24,0,0,0,0,24,0,86400,COMPLETE_SUFFICIENT
2007-10-08,20,0,4,0,0,24,0,70909,COMPLETE_SUFFICIENT
2007-10-09,24,0,0,0,0,24,0,86400,COMPLETE_SUFFICIENT
2007-10-10,24,0,0,0,0,24,0,86400,COMPLETE_SUFFICIENT
2007-10-11,24,0,0,0,0,24,0,86400,COMPLETE_SUFFICIENT
2007-10-12,24,0,0,0,0,24,0,86304,COMPLETE_SUFFICIENT
2007-10-13,24,0,0,0,0,24,0,85216,COMPLETE_SUFFICIENT
2007-10-14,24,0,0,0,0,24,0,86392,COMPLETE_SUFFICIENT
2007-10-15,24,0,0,0,0,24,0,86401,COMPLETE_SUFFICIENT
2007-10-16,24,0,0,0,0,24,0,86392,COMPLETE_SUFFICIENT
2007-10-17,24,0,0,0,0,24,0,86024,COMPLETE_SUFFICIENT
2007-10-18,24,0,0,0,0,24,0,86392,COMPLETE_SUFFICIENT
2007-10-19,24,0,0,0,0,24,0,86400,COMPLETE_SUFFICIENT
2007-10-20,24,0,0,0,0,24,0,86352,COMPLETE_SUFFICIENT
2007-10-21,24,0,0,0,0,24,0,86385,COMPLETE_SUFFICIENT
2007-10-22,24,0,0,0,0,24,0,86384,COMPLETE_SUFFICIENT
2007-10-23,24,0,0,0,0,24,0,86384,COMPLETE_SUFFICIENT
2007-10-24,24,0,0,0,0,24,0,86400,COMPLETE_SUFFICIENT
2007-10-25,24,0,0,0,0,24,0,86392,COMPLETE_SUFFICIENT
2007-10-26,24,0,0,0,0,24,0,86400,COMPLETE_SUFFICIENT
2007-10-27,24,0,0,0,0,24,0,86392,COMPLETE_SUFFICIENT
2007-10-28,24,0,0,0,0,24,0,86401,COMPLETE_SUFFICIENT
2007-10-29,19,0,5,0,0,24,0,68459,COMPLETE_SUFFICIENT
2007-10-30,24,0,0,0,0,24,0,86400,COMPLETE_SUFFICIENT
2007-10-31,24,0,0,0,0,24,0,86400,COMPLETE_SUFFICIENT
2007-11-01,24,0,0,0,0,24,0,86400,COMPLETE_SUFFICIENT
2007-11-02,24,0,0,0,0,24,0,86392,COMPLETE_SUFFICIENT
2007-11-03,24,0,0,0,0,24,0,86400,COMPLETE_SUFFICIENT
2007-11-04,24,0,0,0,0,24,0,86401,COMPLETE_SUFFICIENT
2007-11-05,24,0,0,0,0,24,0,86400,COMPLETE_SUFFICIENT
2007-11-06,24,0,0,0,0,24,0,86400,COMPLETE_SUFFICIENT
2007-11-07,24,0,0,0,0,24,0,86400,COMPLETE_SUFFICIENT
2007-11-08,24,0,0,0,0,24,0,86400,COMPLETE_SUFFICIENT
2007-11-09,24,0,0,0,0,24,0,86368,COMPLETE_SUFFICIENT
2007-11-10,24,0,0,0,0,24,0,86400,COMPLETE_SUFFICIENT
2007-11-11,24,0,0,0,0,24,0,86393,COMPLETE_SUFFICIENT
2007-11-12,24,0,0,0,0,24,0,86392,COMPLETE_SUFFICIENT
2007-11-13,24,0,0,0,0,24,0,86392,COMPLETE_SUFFICIENT
2007-11-14,24,0,0,0,0,24,0,86376,COMPLETE_SUFFICIENT
2007-11-15,24,0,0,0,0,24,0,86400,COMPLETE_SUFFICIENT
2007-11-16,19,0,5,0,0,24,0,68467,COMPLETE_SUFFICIENT
2007-11-17,24,0,0,0,0,24,0,86400,COMPLETE_SUFFICIENT
2007-11-18,24,0,0,0,0,24,0,86401,COMPLETE_SUFFICIENT
2007-11-19,24,0,0,0,0,24,0,86392,COMPLETE_SUFFICIENT
2007-11-20,24,0,0,0,0,24,0,86400,COMPLETE_SUFFICIENT
2007-11-21,24,0,0,0,0,24,0,86400,COMPLETE_SUFFICIENT
2007-11-22,24,0,0,0,0,24,0,86376,COMPLETE_SUFFICIENT
2007-11-23,24,0,0,0,0,24,0,86392,COMPLETE_SUFFICIENT
2007-11-24,24,0,0,0,0,24,0,86392,COMPLETE_SUFFICIENT
2007-11-25,24,0,0,0,0,24,0,86401,COMPLETE_SUFFICIENT
2007-11-26,24,0,0,0,0,24,0,86384,COMPLETE_SUFFICIENT
2007-11-27,20,0,4,0,0,24,0,71136,COMPLETE_SUFFICIENT
2007-11-28,24,0,0,0,0,24,0,86400,COMPLETE_SUFFICIENT
2007-11-29,24,0,0,0,0,24,0,86400,COMPLETE_SUFFICIENT
2007-11-30,24,0,0,0,0,24,0,86400,COMPLETE_SUFFICIENT
2007-12-01,24,0,0,0,0,24,0,86401,COMPLETE_SUFFICIENT
2007-12-02,24,0,0,0,0,24,0,86392,COMPLETE_SUFFICIENT
2007-12-03,24,0,0,0,0,24,0,86400,COMPLETE_SUFFICIENT
2007-12-04,24,0,0,0,0,24,0,86400,COMPLETE_SUFFICIENT
2007-12-05,24,0,0,0,0,24,0,86400,COMPLETE_SUFFICIENT
2007-12-06,24,0,0,0,0,24,0,86392,COMPLETE_SUFFICIENT
2007-12-07,20,0,4,0,0,24,0,70871,COMPLETE_SUFFICIENT
2007-12-08,24,0,0,0,0,24,0,86401,COMPLETE_SUFFICIENT
2007-12-09,24,0,0,0,0,24,0,86400,COMPLETE_SUFFICIENT
2007-12-10,24,0,0,0,0,24,0,86384,COMPLETE_SUFFICIENT
2007-12-11,24,0,0,0,0,24,0,86400,COMPLETE_SUFFICIENT
2007-12-12,24,0,0,0,0,24,0,86400,COMPLETE_SUFFICIENT
2007-12-13,24,0,0,0,0,24,0,86400,COMPLETE_SUFFICIENT
2007-12-14,24,0,0,0,0,24,0,86376,COMPLETE_SUFFICIENT
2007-12-15,24,0,0,0,0,24,0,86401,COMPLETE_SUFFICIENT
2007-12-16,24,0,0,0,0,24,0,86392,COMPLETE_SUFFICIENT
2007-12-17,24,0,0,0,0,24,0,86400,COMPLETE_SUFFICIENT
2007-12-18,21,0,3,0,0,24,0,74066,COMPLETE_SUFFICIENT
2007-12-19,24,0,0,0,0,23,1,83180,COMPLETE_WITH_BEST_AVAILABLE
2007-12-20,24,0,0,0,0,24,0,86384,COMPLETE_SUFFICIENT
2007-12-21,24,0,0,0,0,24,0,86392,COMPLETE_SUFFICIENT
2007-12-22,24,0,0,0,0,24,0,86393,COMPLETE_SUFFICIENT
2007-12-23,24,0,0,0,0,22,2,79552,COMPLETE_WITH_BEST_AVAILABLE
2007-12-24,24,0,0,0,0,24,0,86392,COMPLETE_SUFFICIENT
2007-12-25,24,0,0,0,0,24,0,86392,COMPLETE_SUFFICIENT
2007-12-26,24,0,0,0,0,24,0,86400,COMPLETE_SUFFICIENT
2007-12-27,24,0,0,0,0,24,0,86400,COMPLETE_SUFFICIENT
2007-12-28,19,0,5,0,0,24,0,68475,COMPLETE_SUFFICIENT
2007-12-29,24,0,0,0,0,24,0,86401,COMPLETE_SUFFICIENT
2007-12-30,24,0,0,0,0,24,0,86400,COMPLETE_SUFFICIENT
2007-12-31,24,0,0,0,0,24,0,86392,COMPLETE_SUFFICIENT
2008-01-01,24,0,0,0,0,24,0,86400,COMPLETE_SUFFICIENT
2008-01-02,24,0,0,0,0,24,0,86392,COMPLETE_SUFFICIENT
2008-01-03,24,0,0,0,0,24,0,86400,COMPLETE_SUFFICIENT
2008-01-04,24,0,0,0,0,24,0,86400,COMPLETE_SUFFICIENT
2008-01-05,24,0,0,0,0,24,0,86369,COMPLETE_SUFFICIENT
2008-01-06,24,0,0,0,0,24,0,86400,COMPLETE_SUFFICIENT
2008-01-07,19,0,5,0,0,24,0,68475,COMPLETE_SUFFICIENT
2008-01-08,24,0,0,0,0,24,0,86400,COMPLETE_SUFFICIENT
2008-01-09,24,0,0,0,0,24,0,86400,COMPLETE_SUFFICIENT
2008-01-10,24,0,0,0,0,24,0,86400,COMPLETE_SUFFICIENT
2008-01-11,24,0,0,0,0,24,0,86392,COMPLETE_SUFFICIENT
2008-01-12,24,0,0,0,0,24,0,86369,COMPLETE_SUFFICIENT
2008-01-13,24,0,0,0,0,24,0,86400,COMPLETE_SUFFICIENT
2008-01-14,24,0,0,0,0,24,0,86368,COMPLETE_SUFFICIENT
2008-01-15,24,0,0,0,0,24,0,86400,COMPLETE_SUFFICIENT
2008-01-16,24,0,0,0,0,24,0,86360,COMPLETE_SUFFICIENT
2008-01-17,24,0,0,0,0,24,0,86376,COMPLETE_SUFFICIENT
2008-01-18,24,0,0,0,0,24,0,86400,COMPLETE_SUFFICIENT
2008-01-19,24,0,0,0,0,24,0,86377,COMPLETE_SUFFICIENT
2008-01-20,24,0,0,0,0,24,0,86400,COMPLETE_SUFFICIENT
2008-01-21,24,0,0,0,0,24,0,86384,COMPLETE_SUFFICIENT
2008-01-22,24,0,0,0,0,24,0,86392,COMPLETE_SUFFICIENT
2008-01-23,24,0,0,0,0,24,0,86392,COMPLETE_SUFFICIENT
2008-01-24,24,0,0,0,0,24,0,86392,COMPLETE_SUFFICIENT
2008-01-25,24,0,0,0,0,24,0,86401,COMPLETE_SUFFICIENT
2008-01-26,24,0,0,0,0,24,0,86384,COMPLETE_SUFFICIENT
2008-01-27,24,0,0,0,0,24,0,86392,COMPLETE_SUFFICIENT
2008-01-28,20,0,4,0,0,24,0,70800,COMPLETE_SUFFICIENT
2008-01-29,24,0,0,0,0,24,0,86336,COMPLETE_SUFFICIENT
2008-01-30,24,0,0,0,0,24,0,86376,COMPLETE_SUFFICIENT
2008-01-31,24,0,0,0,0,24,0,86392,COMPLETE_SUFFICIENT
2008-02-01,24,0,0,0,0,24,0,86401,COMPLETE_SUFFICIENT
2008-02-02,24,0,0,0,0,24,0,86400,COMPLETE_SUFFICIENT
2008-02-03,24,0,0,0,0,24,0,86392,COMPLETE_SUFFICIENT
2008-02-04,24,0,0,0,0,24,0,86352,COMPLETE_SUFFICIENT
2008-02-05,24,0,0,0,0,24,0,86360,COMPLETE_SUFFICIENT
2008-02-06,24,0,0,0,0,24,0,86400,COMPLETE_SUFFICIENT
2008-02-07,24,0,0,0,0,24,0,86384,COMPLETE_SUFFICIENT
2008-02-08,20,0,4,0,0,24,0,72061,COMPLETE_SUFFICIENT
2008-02-09,24,0,0,0,0,24,0,84693,COMPLETE_SUFFICIENT
2008-02-10,24,0,0,0,0,24,0,86400,COMPLETE_SUFFICIENT
2008-02-11,24,0,0,0,0,24,0,86357,COMPLETE_SUFFICIENT
2008-02-12,24,0,0,0,0,24,0,86400,COMPLETE_SUFFICIENT
2008-02-13,24,0,0,0,0,24,0,86392,COMPLETE_SUFFICIENT
2008-02-14,24,0,0,0,0,24,0,86376,COMPLETE_SUFFICIENT
2008-02-15,24,0,0,0,0,24,0,86393,COMPLETE_SUFFICIENT
2008-02-16,24,0,0,0,0,24,0,86392,COMPLETE_SUFFICIENT
2008-02-17,24,0,0,0,0,24,0,86392,COMPLETE_SUFFICIENT
2008-02-18,24,0,0,0,0,24,0,86320,COMPLETE_SUFFICIENT
2008-02-19,24,0,0,0,0,24,0,86384,COMPLETE_SUFFICIENT
2008-02-20,20,0,4,0,0,24,0,70687,COMPLETE_SUFFICIENT
2008-02-21,24,0,0,0,0,24,0,86400,COMPLETE_SUFFICIENT
2008-02-22,24,0,0,0,0,24,0,86361,COMPLETE_SUFFICIENT
2008-02-23,24,0,0,0,0,24,0,86392,COMPLETE_SUFFICIENT
2008-02-24,24,0,0,0,0,24,0,86400,COMPLETE_SUFFICIENT
2008-02-25,24,0,0,0,0,24,0,86392,COMPLETE_SUFFICIENT
2008-02-26,24,0,0,0,0,24,0,86400,COMPLETE_SUFFICIENT
2008-02-27,24,0,0,0,0,24,0,86400,COMPLETE_SUFFICIENT
2008-02-28,24,0,0,0,0,24,0,86393,COMPLETE_SUFFICIENT
2008-02-29,24,0,0,0,0,24,0,86400,COMPLETE_SUFFICIENT
2008-03-01,24,0,0,0,0,24,0,86360,COMPLETE_SUFFICIENT
2008-03-02,24,0,0,0,0,24,0,86360,COMPLETE_SUFFICIENT
2008-03-03,24,0,0,0,0,24,0,86400,COMPLETE_SUFFICIENT
2008-03-04,24,0,0,0,0,24,0,86400,COMPLETE_SUFFICIENT
2008-03-05,24,0,0,0,0,24,0,86376,COMPLETE_SUFFICIENT
2008-03-06,19,0,5,0,0,24,0,66115,COMPLETE_SUFFICIENT
2008-03-07,24,0,0,0,0,24,0,86400,COMPLETE_SUFFICIENT
2008-03-08,24,0,0,0,0,24,0,86400,COMPLETE_SUFFICIENT
2008-03-09,24,0,0,0,0,24,0,86392,COMPLETE_SUFFICIENT
2008-03-10,24,0,0,0,0,24,0,86377,COMPLETE_SUFFICIENT
2008-03-11,24,0,0,0,0,24,0,86399,COMPLETE_SUFFICIENT
2008-03-12,24,0,0,0,0,24,0,86400,COMPLETE_SUFFICIENT
2008-03-13,24,0,0,0,0,24,0,86393,COMPLETE_SUFFICIENT
2008-03-14,24,0,0,0,0,24,0,86392,COMPLETE_SUFFICIENT
2008-03-15,24,0,0,0,0,24,0,86384,COMPLETE_SUFFICIENT
2008-03-16,24,0,0,0,0,24,0,86392,COMPLETE_SUFFICIENT
2008-03-17,24,0,0,0,0,24,0,85472,COMPLETE_SUFFICIENT
2008-03-18,24,0,0,0,0,24,0,86400,COMPLETE_SUFFICIENT
2008-03-19,24,0,0,0,0,24,0,86400,COMPLETE_SUFFICIENT
2008-03-20,24,0,0,0,0,24,0,86385,COMPLETE_SUFFICIENT
2008-03-21,24,0,0,0,0,24,0,86392,COMPLETE_SUFFICIENT
2008-03-22,24,0,0,0,0,24,0,86400,COMPLETE_SUFFICIENT
2008-03-23,24,0,0,0,0,24,0,86376,COMPLETE_SUFFICIENT
2008-03-24,24,0,0,0,0,24,0,85456,COMPLETE_SUFFICIENT
2008-03-25,24,0,0,0,0,24,0,86376,COMPLETE_SUFFICIENT
2008-03-26,20,0,4,0,0,24,0,70452,COMPLETE_SUFFICIENT
2008-03-27,24,0,0,0,0,24,0,86400,COMPLETE_SUFFICIENT
2008-03-28,24,0,0,0,0,24,0,86400,COMPLETE_SUFFICIENT
2008-03-29,24,0,0,0,0,24,0,86376,COMPLETE_SUFFICIENT
2008-03-30,24,0,0,0,0,24,0,86376,COMPLETE_SUFFICIENT
2008-03-31,24,0,0,0,0,24,0,86400,COMPLETE_SUFFICIENT
2008-04-01,24,0,0,0,0,24,0,86344,COMPLETE_SUFFICIENT
2008-04-02,24,0,0,0,0,24,0,86401,COMPLETE_SUFFICIENT
2008-04-03,24,0,0,0,0,24,0,86400,COMPLETE_SUFFICIENT
2008-04-04,24,0,0,0,0,24,0,86384,COMPLETE_SUFFICIENT
2008-04-05,24,0,0,0,0,24,0,86381,COMPLETE_SUFFICIENT
2008-04-06,24,0,0,0,0,24,0,86384,COMPLETE_SUFFICIENT
2008-04-07,24,0,0,0,0,24,0,86384,COMPLETE_SUFFICIENT
2008-04-08,24,0,0,0,0,24,0,86384,COMPLETE_SUFFICIENT
2008-04-09,24,0,0,0,0,24,0,86393,COMPLETE_SUFFICIENT
2008-04-10,24,0,0,0,0,24,0,85432,COMPLETE_SUFFICIENT
2008-04-11,24,0,0,0,0,24,0,86400,COMPLETE_SUFFICIENT
2008-04-12,24,0,0,0,0,24,0,86392,COMPLETE_SUFFICIENT
2008-04-13,24,0,0,0,0,24,0,86400,COMPLETE_SUFFICIENT
2008-04-14,24,0,0,0,0,24,0,86400,COMPLETE_SUFFICIENT
2008-04-15,24,0,0,0,0,24,0,86400,COMPLETE_SUFFICIENT
2008-04-16,22,0,2,0,0,24,0,77716,COMPLETE_SUFFICIENT
2008-04-17,22,2,0,0,0,24,0,79634,COMPLETE_SUFFICIENT
2008-04-18,24,0,0,0,0,24,0,86080,COMPLETE_SUFFICIENT
2008-04-19,24,0,0,0,0,24,0,86400,COMPLETE_SUFFICIENT
2008-04-20,24,0,0,0,0,24,0,86400,COMPLETE_SUFFICIENT
2008-04-21,24,0,0,0,0,24,0,86400,COMPLETE_SUFFICIENT
2008-04-22,24,0,0,0,0,24,0,86353,COMPLETE_SUFFICIENT
2008-04-23,24,0,0,0,0,24,0,86368,COMPLETE_SUFFICIENT
2008-04-24,24,0,0,0,0,24,0,86336,COMPLETE_SUFFICIENT
2008-04-25,24,0,0,0,0,24,0,86392,COMPLETE_SUFFICIENT
2008-04-26,24,0,0,0,0,24,0,86392,COMPLETE_SUFFICIENT
2008-04-27,24,0,0,0,0,24,0,86400,COMPLETE_SUFFICIENT
2008-04-28,24,0,0,0,0,24,0,86384,COMPLETE_SUFFICIENT
2008-04-29,24,0,0,0,0,24,0,86401,COMPLETE_SUFFICIENT
2008-04-30,24,0,0,0,0,24,0,86392,COMPLETE_SUFFICIENT
2008-05-01,24,0,0,0,0,24,0,86392,COMPLETE_SUFFICIENT
2008-05-02,24,0,0,0,0,24,0,86392,COMPLETE_SUFFICIENT
2008-05-03,24,0,0,0,0,24,0,86384,COMPLETE_SUFFICIENT
2008-05-04,24,0,0,0,0,24,0,86344,COMPLETE_SUFFICIENT
2008-05-05,19,0,5,0,0,24,0,68379,COMPLETE_SUFFICIENT
2008-05-06,24,0,0,0,0,24,0,86337,COMPLETE_SUFFICIENT
2008-05-07,24,0,0,0,0,24,0,86392,COMPLETE_SUFFICIENT
2008-05-08,24,0,0,0,0,24,0,86392,COMPLETE_SUFFICIENT
2008-05-09,24,0,0,0,0,24,0,86392,COMPLETE_SUFFICIENT
2008-05-10,24,0,0,0,0,24,0,86392,COMPLETE_SUFFICIENT
2008-05-11,24,0,0,0,0,24,0,86392,COMPLETE_SUFFICIENT
2008-05-12,24,0,0,0,0,24,0,86401,COMPLETE_SUFFICIENT
2008-05-13,24,0,0,0,0,24,0,86352,COMPLETE_SUFFICIENT
2008-05-14,24,0,0,0,0,24,0,86360,COMPLETE_SUFFICIENT
2008-05-15,24,0,0,0,0,24,0,86392,COMPLETE_SUFFICIENT
2008-05-16,24,0,0,0,0,24,0,86392,COMPLETE_SUFFICIENT
2008-05-17,24,0,0,0,0,24,0,86400,COMPLETE_SUFFICIENT
2008-05-18,24,0,0,0,0,24,0,86400,COMPLETE_SUFFICIENT
2008-05-19,24,0,0,0,0,24,0,86393,COMPLETE_SUFFICIENT
2008-05-20,18,0,6,0,0,24,0,64722,COMPLETE_SUFFICIENT
2008-05-21,24,0,0,0,0,24,0,86392,COMPLETE_SUFFICIENT
2008-05-22,24,0,0,0,0,24,0,86376,COMPLETE_SUFFICIENT
2008-05-23,24,0,0,0,0,24,0,86384,COMPLETE_SUFFICIENT
2008-05-24,24,0,0,0,0,24,0,86400,COMPLETE_SUFFICIENT
2008-05-25,24,0,0,0,0,24,0,86400,COMPLETE_SUFFICIENT
2008-05-26,24,0,0,0,0,24,0,86393,COMPLETE_SUFFICIENT
2008-05-27,24,0,0,0,0,24,0,86384,COMPLETE_SUFFICIENT
2008-05-28,24,0,0,0,0,24,0,86384,COMPLETE_SUFFICIENT
2008-05-29,24,0,0,0,0,24,0,86365,COMPLETE_SUFFICIENT
2008-05-30,24,0,0,0,0,24,0,86392,COMPLETE_SUFFICIENT
2008-05-31,24,0,0,0,0,24,0,86384,COMPLETE_SUFFICIENT
2008-06-01,24,0,0,0,0,24,0,86401,COMPLETE_SUFFICIENT
2008-06-02,20,0,4,0,0,24,0,70435,COMPLETE_SUFFICIENT
2008-06-03,24,0,0,0,0,24,0,86392,COMPLETE_SUFFICIENT
2008-06-04,24,0,0,0,0,24,0,86392,COMPLETE_SUFFICIENT
2008-06-05,24,0,0,0,0,24,0,86392,COMPLETE_SUFFICIENT
2008-06-06,24,0,0,0,0,24,0,86392,COMPLETE_SUFFICIENT
2008-06-07,24,0,0,0,0,24,0,86384,COMPLETE_SUFFICIENT
2008-06-08,24,0,0,0,0,24,0,86401,COMPLETE_SUFFICIENT
2008-06-09,24,0,0,0,0,24,0,86400,COMPLETE_SUFFICIENT
2008-06-10,24,0,0,0,0,24,0,86400,COMPLETE_SUFFICIENT
2008-06-11,24,0,0,0,0,24,0,86392,COMPLETE_SUFFICIENT
2008-06-12,24,0,0,0,0,24,0,86400,COMPLETE_SUFFICIENT
2008-06-13,20,0,4,0,0,24,0,70916,COMPLETE_SUFFICIENT
2008-06-14,24,0,0,0,0,24,0,86377,COMPLETE_SUFFICIENT
2008-06-15,24,0,0,0,0,24,0,86384,COMPLETE_SUFFICIENT
2008-06-16,24,0,0,0,0,24,0,86344,COMPLETE_SUFFICIENT
2008-06-17,24,0,0,0,0,24,0,86384,COMPLETE_SUFFICIENT
2008-06-18,24,0,0,0,0,24,0,86384,COMPLETE_SUFFICIENT
2008-06-19,24,0,0,0,0,24,0,86384,COMPLETE_SUFFICIENT
2008-06-20,24,0,0,0,0,24,0,86368,COMPLETE_SUFFICIENT
2008-06-21,24,0,0,0,0,24,0,86385,COMPLETE_SUFFICIENT
2008-06-22,24,0,0,0,0,24,0,86392,COMPLETE_SUFFICIENT
2008-06-23,24,0,0,0,0,24,0,86384,COMPLETE_SUFFICIENT
2008-06-24,24,0,0,0,0,24,0,86360,COMPLETE_SUFFICIENT
2008-06-25,24,0,0,0,0,24,0,86369,COMPLETE_SUFFICIENT
2008-06-26,24,0,0,0,0,24,0,86384,COMPLETE_SUFFICIENT
2008-06-27,24,0,0,0,0,24,0,86401,COMPLETE_SUFFICIENT
2008-06-28,24,0,0,0,0,24,0,86400,COMPLETE_SUFFICIENT
2008-06-29,24,0,0,0,0,24,0,86376,COMPLETE_SUFFICIENT
2008-06-30,24,0,0,0,0,24,0,86368,COMPLETE_SUFFICIENT
2008-07-01,24,0,0,0,0,24,0,86392,COMPLETE_SUFFICIENT
2008-07-02,24,0,0,0,0,24,0,86392,COMPLETE_SUFFICIENT
2008-07-03,20,0,4,0,0,24,0,70858,COMPLETE_SUFFICIENT
2008-07-04,24,0,0,0,0,24,0,86393,COMPLETE_SUFFICIENT
2008-07-05,24,0,0,0,0,24,0,86400,COMPLETE_SUFFICIENT
2008-07-06,24,0,0,0,0,24,0,86400,COMPLETE_SUFFICIENT
2008-07-07,24,0,0,0,0,24,0,86400,COMPLETE_SUFFICIENT
2008-07-08,24,0,0,0,0,24,0,86400,COMPLETE_SUFFICIENT
2008-07-09,24,0,0,0,0,24,0,86392,COMPLETE_SUFFICIENT
2008-07-10,24,0,0,0,0,24,0,86392,COMPLETE_SUFFICIENT
2008-07-11,24,0,0,0,0,24,0,86393,COMPLETE_SUFFICIENT
2008-07-12,24,0,0,0,0,24,0,86384,COMPLETE_SUFFICIENT
2008-07-13,24,0,0,0,0,24,0,86352,COMPLETE_SUFFICIENT
2008-07-14,19,0,5,0,0,24,0,68467,COMPLETE_SUFFICIENT
2008-07-15,24,0,0,0,0,24,0,86392,COMPLETE_SUFFICIENT
2008-07-16,24,0,0,0,0,24,0,86400,COMPLETE_SUFFICIENT
2008-07-17,24,0,0,0,0,24,0,86401,COMPLETE_SUFFICIENT
2008-07-18,24,0,0,0,0,24,0,86392,COMPLETE_SUFFICIENT
2008-07-19,24,0,0,0,0,24,0,86400,COMPLETE_SUFFICIENT
2008-07-20,24,0,0,0,0,24,0,86400,COMPLETE_SUFFICIENT
2008-07-21,24,0,0,0,0,24,0,86384,COMPLETE_SUFFICIENT
2008-07-22,24,0,0,0,0,24,0,86376,COMPLETE_SUFFICIENT
2008-07-23,24,0,0,0,0,24,0,86393,COMPLETE_SUFFICIENT
2008-07-24,24,0,0,0,0,24,0,85760,COMPLETE_SUFFICIENT
2008-07-25,20,0,4,0,0,24,0,70333,COMPLETE_SUFFICIENT
2008-07-26,24,0,0,0,0,24,0,86400,COMPLETE_SUFFICIENT
2008-07-27,24,0,0,0,0,24,0,86392,COMPLETE_SUFFICIENT
2008-07-28,24,0,0,0,0,24,0,86400,COMPLETE_SUFFICIENT
2008-07-29,24,0,0,0,0,24,0,86400,COMPLETE_SUFFICIENT
2008-07-30,24,0,0,0,0,24,0,86393,COMPLETE_SUFFICIENT
2008-07-31,24,0,0,0,0,24,0,86400,COMPLETE_SUFFICIENT
2008-08-01,24,0,0,0,0,24,0,86400,COMPLETE_SUFFICIENT
2008-08-02,24,0,0,0,0,24,0,86400,COMPLETE_SUFFICIENT
2008-08-03,24,0,0,0,0,24,0,86400,COMPLETE_SUFFICIENT
2008-08-04,24,0,0,0,0,24,0,86360,COMPLETE_SUFFICIENT
2008-08-05,24,0,0,0,0,24,0,86392,COMPLETE_SUFFICIENT
2008-08-06,24,0,0,0,0,24,0,86401,COMPLETE_SUFFICIENT
2008-08-07,20,0,4,0,0,24,0,70662,COMPLETE_SUFFICIENT
2008-08-08,24,0,0,0,0,24,0,86400,COMPLETE_SUFFICIENT
2008-08-09,24,0,0,0,0,24,0,86328,COMPLETE_SUFFICIENT
2008-08-10,24,0,0,0,0,24,0,86376,COMPLETE_SUFFICIENT
2008-08-11,24,0,0,0,0,24,0,86344,COMPLETE_SUFFICIENT
2008-08-12,24,0,0,0,0,24,0,86377,COMPLETE_SUFFICIENT
2008-08-13,24,0,0,0,0,24,0,86400,COMPLETE_SUFFICIENT
2008-08-14,24,0,0,0,0,24,0,86384,COMPLETE_SUFFICIENT
2008-08-15,24,0,0,0,0,24,0,86400,COMPLETE_SUFFICIENT
2008-08-16,24,0,0,0,0,24,0,86384,COMPLETE_SUFFICIENT
2008-08-17,24,0,0,0,0,24,0,86400,COMPLETE_SUFFICIENT
2008-08-18,24,0,0,0,0,24,0,86360,COMPLETE_SUFFICIENT
2008-08-19,24,0,0,0,0,24,0,86401,COMPLETE_SUFFICIENT
2008-08-20,19,0,5,0,0,24,0,68475,COMPLETE_SUFFICIENT
2008-08-21,24,0,0,0,0,24,0,86400,COMPLETE_SUFFICIENT
2008-08-22,24,0,0,0,0,24,0,86400,COMPLETE_SUFFICIENT
2008-08-23,24,0,0,0,0,24,0,86400,COMPLETE_SUFFICIENT
2008-08-24,24,0,0,0,0,24,0,86400,COMPLETE_SUFFICIENT
2008-08-25,24,0,0,0,0,24,0,86393,COMPLETE_SUFFICIENT
2008-08-26,24,0,0,0,0,24,0,86400,COMPLETE_SUFFICIENT
2008-08-27,24,0,0,0,0,24,0,86400,COMPLETE_SUFFICIENT
2008-08-28,24,0,0,0,0,24,0,86392,COMPLETE_SUFFICIENT
2008-08-29,24,0,0,0,0,24,0,86400,COMPLETE_SUFFICIENT
2008-08-30,24,0,0,0,0,24,0,86384,COMPLETE_SUFFICIENT
2008-08-31,24,0,0,0,0,24,0,86392,COMPLETE_SUFFICIENT
2008-09-01,24,0,0,0,0,24,0,86401,COMPLETE_SUFFICIENT
2008-09-02,18,0,6,0,0,24,0,64652,COMPLETE_SUFFICIENT
2008-09-03,24,0,0,0,0,24,0,86400,COMPLETE_SUFFICIENT
2008-09-04,24,0,0,0,0,24,0,86376,COMPLETE_SUFFICIENT
2008-09-05,24,0,0,0,0,24,0,86376,COMPLETE_SUFFICIENT
2008-09-06,24,0,0,0,0,24,0,86384,COMPLETE_SUFFICIENT
2008-09-07,24,0,0,0,0,24,0,86368,COMPLETE_SUFFICIENT
2008-09-08,24,0,0,0,0,24,0,86369,COMPLETE_SUFFICIENT
2008-09-09,24,0,0,0,0,24,0,86392,COMPLETE_SUFFICIENT
2008-09-10,24,0,0,0,0,24,0,86376,COMPLETE_SUFFICIENT
2008-09-11,24,0,0,0,0,24,0,86400,COMPLETE_SUFFICIENT
2008-09-12,24,0,0,0,0,24,0,86392,COMPLETE_SUFFICIENT
2008-09-13,24,0,0,0,0,24,0,86400,COMPLETE_SUFFICIENT
2008-09-14,24,0,0,0,0,24,0,86373,COMPLETE_SUFFICIENT
2008-09-15,24,0,0,0,0,24,0,86400,COMPLETE_SUFFICIENT
2008-09-16,24,0,0,0,0,24,0,86392,COMPLETE_SUFFICIENT
2008-09-17,24,0,0,0,0,24,0,86400,COMPLETE_SUFFICIENT
2008-09-18,24,0,0,0,0,24,0,86392,COMPLETE_SUFFICIENT
2008-09-19,24,0,0,0,0,24,0,86376,COMPLETE_SUFFICIENT
2008-09-20,24,0,0,0,0,24,0,86384,COMPLETE_SUFFICIENT
2008-09-21,24,0,0,0,0,24,0,86401,COMPLETE_SUFFICIENT
2008-09-22,24,0,0,0,0,24,0,86400,COMPLETE_SUFFICIENT
2008-09-23,24,0,0,0,0,24,0,85400,COMPLETE_SUFFICIENT
2008-09-24,24,0,0,0,0,24,0,86400,COMPLETE_SUFFICIENT
2008-09-25,24,0,0,0,0,24,0,86384,COMPLETE_SUFFICIENT
2008-09-26,24,0,0,0,0,24,0,86400,COMPLETE_SUFFICIENT
2008-09-27,24,0,0,0,0,24,0,86392,COMPLETE_SUFFICIENT
2008-09-28,24,0,0,0,0,24,0,86393,COMPLETE_SUFFICIENT
2008-09-29,24,0,0,0,0,24,0,86392,COMPLETE_SUFFICIENT
2008-09-30,24,0,0,0,0,24,0,86392,COMPLETE_SUFFICIENT
2008-10-01,24,0,0,0,0,24,0,86392,COMPLETE_SUFFICIENT
2008-10-02,24,0,0,0,0,24,0,86392,COMPLETE_SUFFICIENT
2008-10-03,24,0,0,0,0,24,0,86384,COMPLETE_SUFFICIENT
2008-10-04,24,0,0,0,0,24,0,86376,COMPLETE_SUFFICIENT
2008-10-05,24,0,0,0,0,24,0,86385,COMPLETE_SUFFICIENT
2008-10-06,24,0,0,0,0,24,0,86400,COMPLETE_SUFFICIENT
2008-10-07,24,0,0,0,0,24,0,86400,COMPLETE_SUFFICIENT
2008-10-08,24,0,0,0,0,24,0,86400,COMPLETE_SUFFICIENT
2008-10-09,24,0,0,0,0,24,0,86400,COMPLETE_SUFFICIENT
2008-10-10,24,0,0,0,0,24,0,86392,COMPLETE_SUFFICIENT
2008-10-11,24,0,0,0,0,24,0,86393,COMPLETE_SUFFICIENT
2008-10-12,24,0,0,0,0,24,0,86392,COMPLETE_SUFFICIENT
2008-10-13,19,0,5,0,0,24,0,68475,COMPLETE_SUFFICIENT
2008-10-14,23,1,0,0,0,24,0,82270,COMPLETE_SUFFICIENT
2008-10-15,24,0,0,0,0,24,0,86400,COMPLETE_SUFFICIENT
2008-10-16,24,0,0,0,0,24,0,86400,COMPLETE_SUFFICIENT
2008-10-17,24,0,0,0,0,24,0,86400,COMPLETE_SUFFICIENT
2008-10-18,24,0,0,0,0,24,0,86401,COMPLETE_SUFFICIENT
2008-10-19,24,0,0,0,0,24,0,86384,COMPLETE_SUFFICIENT
2008-10-20,24,0,0,0,0,24,0,86368,COMPLETE_SUFFICIENT
2008-10-21,24,0,0,0,0,24,0,86392,COMPLETE_SUFFICIENT
2008-10-22,24,0,0,0,0,24,0,86384,COMPLETE_SUFFICIENT
2008-10-23,24,0,0,0,0,24,0,86392,COMPLETE_SUFFICIENT
2008-10-24,24,0,0,0,0,24,0,86401,COMPLETE_SUFFICIENT
2008-10-25,24,0,0,0,0,24,0,86400,COMPLETE_SUFFICIENT
2008-10-26,0,24,0,0,0,24,0,5400,COMPLETE_SUFFICIENT
2008-10-27,0,24,0,0,0,24,0,5400,COMPLETE_SUFFICIENT
2008-10-28,0,23,0,0,1,23,0,5040,PARTIAL
2008-10-29,0,24,0,0,0,24,0,5400,COMPLETE_SUFFICIENT
2008-10-30,0,24,0,0,0,24,0,5400,COMPLETE_SUFFICIENT
2008-10-31,0,20,4,0,0,24,0,4466,COMPLETE_SUFFICIENT
2008-11-01,0,24,0,0,0,24,0,5400,COMPLETE_SUFFICIENT
2008-11-02,0,24,0,0,0,24,0,5400,COMPLETE_SUFFICIENT
2008-11-03,0,24,0,0,0,24,0,5400,COMPLETE_SUFFICIENT
2008-11-04,0,24,0,0,0,24,0,5400,COMPLETE_SUFFICIENT
2008-11-05,0,24,0,0,0,24,0,5400,COMPLETE_SUFFICIENT
2008-11-06,0,24,0,0,0,24,0,5400,COMPLETE_SUFFICIENT
2008-11-07,0,24,0,0,0,24,0,5399,COMPLETE_SUFFICIENT
2008-11-08,0,24,0,0,0,24,0,5400,COMPLETE_SUFFICIENT
2008-11-09,0,24,0,0,0,24,0,5400,COMPLETE_SUFFICIENT
2008-11-10,0,24,0,0,0,24,0,5400,COMPLETE_SUFFICIENT
2008-11-11,0,24,0,0,0,24,0,5400,COMPLETE_SUFFICIENT
2008-11-12,0,24,0,0,0,24,0,5400,COMPLETE_SUFFICIENT
2008-11-13,0,24,0,0,0,24,0,5400,COMPLETE_SUFFICIENT
2008-11-14,0,20,4,0,0,24,0,4457,COMPLETE_SUFFICIENT
2008-11-15,0,24,0,0,0,24,0,5400,COMPLETE_SUFFICIENT
2008-11-16,0,24,0,0,0,24,0,5400,COMPLETE_SUFFICIENT
2008-11-17,0,24,0,0,0,24,0,5400,COMPLETE_SUFFICIENT
2008-11-18,0,24,0,0,0,24,0,5400,COMPLETE_SUFFICIENT
2008-11-19,0,24,0,0,0,24,0,5400,COMPLETE_SUFFICIENT
2008-11-20,0,24,0,0,0,24,0,5400,COMPLETE_SUFFICIENT
2008-11-21,0,24,0,0,0,24,0,5400,COMPLETE_SUFFICIENT
2008-11-22,0,24,0,0,0,24,0,5400,COMPLETE_SUFFICIENT
2008-11-23,0,24,0,0,0,24,0,5400,COMPLETE_SUFFICIENT
2008-11-24,0,21,3,0,0,24,0,4669,COMPLETE_SUFFICIENT
2008-11-25,0,24,0,0,0,24,0,5400,COMPLETE_SUFFICIENT
2008-11-26,0,24,0,0,0,24,0,5400,COMPLETE_SUFFICIENT
2008-11-27,0,24,0,0,0,24,0,5400,COMPLETE_SUFFICIENT
2008-11-28,0,24,0,0,0,24,0,5400,COMPLETE_SUFFICIENT
2008-11-29,0,24,0,0,0,24,0,5400,COMPLETE_SUFFICIENT
2008-11-30,0,24,0,0,0,24,0,5400,COMPLETE_SUFFICIENT
2008-12-01,0,24,0,0,0,24,0,5400,COMPLETE_SUFFICIENT
2008-12-02,0,24,0,0,0,24,0,5400,COMPLETE_SUFFICIENT
2008-12-03,0,20,4,0,0,24,0,4486,COMPLETE_SUFFICIENT
2008-12-04,0,24,0,0,0,24,0,5400,COMPLETE_SUFFICIENT
2008-12-05,0,24,0,0,0,24,0,5400,COMPLETE_SUFFICIENT
2008-12-06,0,24,0,0,0,24,0,5400,COMPLETE_SUFFICIENT
2008-12-07,0,24,0,0,0,24,0,5400,COMPLETE_SUFFICIENT
2008-12-08,0,24,0,0,0,24,0,5400,COMPLETE_SUFFICIENT
2008-12-09,0,24,0,0,0,24,0,5400,COMPLETE_SUFFICIENT
2008-12-10,0,17,7,0,0,24,0,3852,COMPLETE_SUFFICIENT
2008-12-11,0,24,0,0,0,24,0,5400,COMPLETE_SUFFICIENT
2008-12-12,0,24,0,0,0,24,0,5400,COMPLETE_SUFFICIENT
2008-12-13,0,24,0,0,0,24,0,5400,COMPLETE_SUFFICIENT
2008-12-14,0,24,0,0,0,24,0,5400,COMPLETE_SUFFICIENT
2008-12-15,0,24,0,0,0,24,0,5400,COMPLETE_SUFFICIENT
2008-12-16,0,24,0,0,0,24,0,5400,COMPLETE_SUFFICIENT
2008-12-17,0,24,0,0,0,24,0,5400,COMPLETE_SUFFICIENT
2008-12-18,0,24,0,0,0,24,0,5400,COMPLETE_SUFFICIENT
2008-12-19,0,21,3,0,0,24,0,4770,COMPLETE_SUFFICIENT
2008-12-20,0,24,0,0,0,24,0,5400,COMPLETE_SUFFICIENT
2008-12-21,0,24,0,0,0,24,0,5400,COMPLETE_SUFFICIENT
2008-12-22,0,24,0,0,0,24,0,5400,COMPLETE_SUFFICIENT
2008-12-23,0,24,0,0,0,24,0,5400,COMPLETE_SUFFICIENT
2008-12-24,0,24,0,0,0,24,0,5400,COMPLETE_SUFFICIENT
2008-12-25,0,24,0,0,0,24,0,5400,COMPLETE_SUFFICIENT
2008-12-26,0,24,0,0,0,24,0,5400,COMPLETE_SUFFICIENT
2008-12-27,0,24,0,0,0,24,0,5400,COMPLETE_SUFFICIENT
2008-12-28,0,24,0,0,0,24,0,5400,COMPLETE_SUFFICIENT
2008-12-29,0,24,0,0,0,24,0,5400,COMPLETE_SUFFICIENT
2008-12-30,0,19,5,0,0,24,0,4350,COMPLETE_SUFFICIENT
2008-12-31,0,24,0,0,0,24,0,5399,COMPLETE_SUFFICIENT
2009-01-01,24,0,0,0,0,24,0,86400,COMPLETE_SUFFICIENT
2009-01-02,24,0,0,0,0,24,0,86392,COMPLETE_SUFFICIENT
2009-01-03,24,0,0,0,0,24,0,86384,COMPLETE_SUFFICIENT
2009-01-04,24,0,0,0,0,24,0,86400,COMPLETE_SUFFICIENT
2009-01-05,24,0,0,0,0,24,0,86400,COMPLETE_SUFFICIENT
2009-01-06,24,0,0,0,0,24,0,86401,COMPLETE_SUFFICIENT
2009-01-07,24,0,0,0,0,24,0,86400,COMPLETE_SUFFICIENT
2009-01-08,24,0,0,0,0,24,0,86400,COMPLETE_SUFFICIENT
2009-01-09,22,0,2,0,0,24,0,79230,COMPLETE_SUFFICIENT
2009-01-10,21,3,0,0,0,24,0,76275,COMPLETE_SUFFICIENT
2009-01-11,24,0,0,0,0,24,0,86400,COMPLETE_SUFFICIENT
2009-01-12,24,0,0,0,0,24,0,86392,COMPLETE_SUFFICIENT
2009-01-13,24,0,0,0,0,24,0,86393,COMPLETE_SUFFICIENT
2009-01-14,24,0,0,0,0,24,0,86400,COMPLETE_SUFFICIENT
2009-01-15,24,0,0,0,0,24,0,86392,COMPLETE_SUFFICIENT
2009-01-16,24,0,0,0,0,24,0,86392,COMPLETE_SUFFICIENT
2009-01-17,24,0,0,0,0,24,0,86400,COMPLETE_SUFFICIENT
2009-01-18,24,0,0,0,0,24,0,86400,COMPLETE_SUFFICIENT
2009-01-19,24,0,0,0,0,24,0,86400,COMPLETE_SUFFICIENT
2009-01-20,24,0,0,0,0,24,0,86401,COMPLETE_SUFFICIENT
2009-01-21,20,0,4,0,0,24,0,70419,COMPLETE_SUFFICIENT
2009-01-22,24,0,0,0,0,24,0,86400,COMPLETE_SUFFICIENT
2009-01-23,24,0,0,0,0,24,0,86400,COMPLETE_SUFFICIENT
2009-01-24,24,0,0,0,0,24,0,86392,COMPLETE_SUFFICIENT
2009-01-25,24,0,0,0,0,24,0,86400,COMPLETE_SUFFICIENT
2009-01-26,24,0,0,0,0,24,0,86401,COMPLETE_SUFFICIENT
2009-01-27,24,0,0,0,0,24,0,86400,COMPLETE_SUFFICIENT
2009-01-28,24,0,0,0,0,24,0,86400,COMPLETE_SUFFICIENT
2009-01-29,24,0,0,0,0,24,0,86392,COMPLETE_SUFFICIENT
2009-01-30,24,0,0,0,0,24,0,86392,COMPLETE_SUFFICIENT
2009-01-31,24,0,0,0,0,24,0,86400,COMPLETE_SUFFICIENT
2009-02-01,24,0,0,0,0,24,0,86400,COMPLETE_SUFFICIENT
2009-02-02,20,0,4,0,0,24,0,70764,COMPLETE_SUFFICIENT
2009-02-03,24,0,0,0,0,24,0,86400,COMPLETE_SUFFICIENT
2009-02-04,24,0,0,0,0,24,0,86392,COMPLETE_SUFFICIENT
2009-02-05,24,0,0,0,0,24,0,86400,COMPLETE_SUFFICIENT
2009-02-06,24,0,0,0,0,24,0,86400,COMPLETE_SUFFICIENT
2009-02-07,24,0,0,0,0,24,0,86400,COMPLETE_SUFFICIENT
2009-02-08,24,0,0,0,0,24,0,86400,COMPLETE_SUFFICIENT
2009-02-09,24,0,0,0,0,24,0,86401,COMPLETE_SUFFICIENT
2009-02-10,24,0,0,0,0,24,0,86392,COMPLETE_SUFFICIENT
2009-02-11,24,0,0,0,0,24,0,86392,COMPLETE_SUFFICIENT
2009-02-12,24,0,0,0,0,24,0,86400,COMPLETE_SUFFICIENT
2009-02-13,24,0,0,0,0,24,0,86400,COMPLETE_SUFFICIENT
2009-02-14,24,0,0,0,0,24,0,86400,COMPLETE_SUFFICIENT
2009-02-15,24,0,0,0,0,24,0,86392,COMPLETE_SUFFICIENT
2009-02-16,20,0,4,0,0,24,0,70751,COMPLETE_SUFFICIENT
2009-02-17,24,0,0,0,0,24,0,86400,COMPLETE_SUFFICIENT
2009-02-18,24,0,0,0,0,24,0,86384,COMPLETE_SUFFICIENT
2009-02-19,24,0,0,0,0,24,0,86400,COMPLETE_SUFFICIENT
2009-02-20,24,0,0,0,0,24,0,86392,COMPLETE_SUFFICIENT
2009-02-21,24,0,0,0,0,24,0,86384,COMPLETE_SUFFICIENT
2009-02-22,24,0,0,0,0,24,0,86393,COMPLETE_SUFFICIENT
2009-02-23,24,0,0,0,0,24,0,86392,COMPLETE_SUFFICIENT
2009-02-24,24,0,0,0,0,24,0,86384,COMPLETE_SUFFICIENT
2009-02-25,24,0,0,0,0,24,0,86400,COMPLETE_SUFFICIENT
2009-02-26,24,0,0,0,0,24,0,86400,COMPLETE_SUFFICIENT
2009-02-27,24,0,0,0,0,24,0,86384,COMPLETE_SUFFICIENT
2009-02-28,24,0,0,0,0,24,0,86392,COMPLETE_SUFFICIENT
2009-03-01,24,0,0,0,0,24,0,86401,COMPLETE_SUFFICIENT
2009-03-02,24,0,0,0,0,24,0,86400,COMPLETE_SUFFICIENT
2009-03-03,24,0,0,0,0,24,0,86400,COMPLETE_SUFFICIENT
2009-03-04,19,0,5,0,0,24,0,68475,COMPLETE_SUFFICIENT
2009-03-05,24,0,0,0,0,24,0,86384,COMPLETE_SUFFICIENT
2009-03-06,24,0,0,0,0,24,0,86384,COMPLETE_SUFFICIENT
2009-03-07,24,0,0,0,0,24,0,86400,COMPLETE_SUFFICIENT
2009-03-08,24,0,0,0,0,24,0,86401,COMPLETE_SUFFICIENT
2009-03-09,24,0,0,0,0,24,0,86400,COMPLETE_SUFFICIENT
2009-03-10,24,0,0,0,0,24,0,86400,COMPLETE_SUFFICIENT
2009-03-11,24,0,0,0,0,24,0,86400,COMPLETE_SUFFICIENT
2009-03-12,24,0,0,0,0,24,0,86312,COMPLETE_SUFFICIENT
2009-03-13,24,0,0,0,0,24,0,86392,COMPLETE_SUFFICIENT
2009-03-14,24,0,0,0,0,24,0,86401,COMPLETE_SUFFICIENT
2009-03-15,24,0,0,0,0,24,0,86384,COMPLETE_SUFFICIENT
2009-03-16,24,0,0,0,0,24,0,86400,COMPLETE_SUFFICIENT
2009-03-17,24,0,0,0,0,24,0,86400,COMPLETE_SUFFICIENT
2009-03-18,24,0,0,0,0,24,0,86400,COMPLETE_SUFFICIENT
2009-03-19,24,0,0,0,0,24,0,86400,COMPLETE_SUFFICIENT
2009-03-20,24,0,0,0,0,24,0,86400,COMPLETE_SUFFICIENT
2009-03-21,24,0,0,0,0,24,0,86393,COMPLETE_SUFFICIENT
2009-03-22,24,0,0,0,0,24,0,86400,COMPLETE_SUFFICIENT
2009-03-23,18,0,6,0,0,24,0,63804,COMPLETE_SUFFICIENT
2009-03-24,24,0,0,0,0,24,0,86384,COMPLETE_SUFFICIENT
2009-03-25,24,0,0,0,0,24,0,86392,COMPLETE_SUFFICIENT
2009-03-26,24,0,0,0,0,24,0,86400,COMPLETE_SUFFICIENT
2009-03-27,24,0,0,0,0,24,0,86400,COMPLETE_SUFFICIENT
2009-03-28,24,0,0,0,0,24,0,86393,COMPLETE_SUFFICIENT
2009-03-29,24,0,0,0,0,24,0,86392,COMPLETE_SUFFICIENT
2009-03-30,24,0,0,0,0,24,0,86368,COMPLETE_SUFFICIENT
2009-03-31,24,0,0,0,0,24,0,86400,COMPLETE_SUFFICIENT
2009-04-01,24,0,0,0,0,24,0,86400,COMPLETE_SUFFICIENT
2009-04-02,24,0,0,0,0,24,0,86400,COMPLETE_SUFFICIENT
2009-04-03,24,0,0,0,0,24,0,86401,COMPLETE_SUFFICIENT
2009-04-04,24,0,0,0,0,24,0,86400,COMPLETE_SUFFICIENT
2009-04-05,24,0,0,0,0,24,0,86400,COMPLETE_SUFFICIENT
2009-04-06,24,0,0,0,0,24,0,86392,COMPLETE_SUFFICIENT
2009-04-07,24,0,0,0,0,24,0,86392,COMPLETE_SUFFICIENT
2009-04-08,24,0,0,0,0,24,0,86384,COMPLETE_SUFFICIENT
2009-04-09,24,0,0,0,0,24,0,86384,COMPLETE_SUFFICIENT
2009-04-10,24,0,0,0,0,24,0,86393,COMPLETE_SUFFICIENT
2009-04-11,24,0,0,0,0,24,0,86400,COMPLETE_SUFFICIENT
2009-04-12,24,0,0,0,0,24,0,86384,COMPLETE_SUFFICIENT
2009-04-13,24,0,0,0,0,24,0,86400,COMPLETE_SUFFICIENT
2009-04-14,20,0,4,0,0,24,0,70601,COMPLETE_SUFFICIENT
2009-04-15,24,0,0,0,0,24,0,86400,COMPLETE_SUFFICIENT
2009-04-16,24,0,0,0,0,24,0,86393,COMPLETE_SUFFICIENT
2009-04-17,24,0,0,0,0,24,0,86392,COMPLETE_SUFFICIENT
2009-04-18,24,0,0,0,0,24,0,86392,COMPLETE_SUFFICIENT
2009-04-19,24,0,0,0,0,24,0,86400,COMPLETE_SUFFICIENT
2009-04-20,24,0,0,0,0,24,0,86400,COMPLETE_SUFFICIENT
2009-04-21,24,0,0,0,0,24,0,86400,COMPLETE_SUFFICIENT
2009-04-22,24,0,0,0,0,24,0,86400,COMPLETE_SUFFICIENT
2009-04-23,24,0,0,0,0,24,0,86393,COMPLETE_SUFFICIENT
2009-04-24,24,0,0,0,0,24,0,86384,COMPLETE_SUFFICIENT
2009-04-25,24,0,0,0,0,24,0,86400,COMPLETE_SUFFICIENT
2009-04-26,24,0,0,0,0,24,0,86400,COMPLETE_SUFFICIENT
2009-04-27,24,0,0,0,0,24,0,86400,COMPLETE_SUFFICIENT
2009-04-28,24,0,0,0,0,24,0,86400,COMPLETE_SUFFICIENT
2009-04-29,24,0,0,0,0,24,0,86392,COMPLETE_SUFFICIENT
2009-04-30,24,0,0,0,0,24,0,86401,COMPLETE_SUFFICIENT
2009-05-01,22,0,2,0,0,24,0,78429,COMPLETE_SUFFICIENT
2009-05-02,22,2,0,0,0,24,0,79265,COMPLETE_SUFFICIENT
2009-05-03,24,0,0,0,0,24,0,86392,COMPLETE_SUFFICIENT
2009-05-04,24,0,0,0,0,24,0,86400,COMPLETE_SUFFICIENT
2009-05-05,24,0,0,0,0,24,0,86400,COMPLETE_SUFFICIENT
2009-05-06,24,0,0,0,0,24,0,86393,COMPLETE_SUFFICIENT
2009-05-07,24,0,0,0,0,24,0,86384,COMPLETE_SUFFICIENT
2009-05-08,24,0,0,0,0,24,0,86392,COMPLETE_SUFFICIENT
2009-05-09,24,0,0,0,0,24,0,86392,COMPLETE_SUFFICIENT
2009-05-10,24,0,0,0,0,24,0,85048,COMPLETE_SUFFICIENT
2009-05-11,24,0,0,0,0,24,0,86400,COMPLETE_SUFFICIENT
2009-05-12,24,0,0,0,0,24,0,86400,COMPLETE_SUFFICIENT
2009-05-13,24,0,0,0,0,24,0,86401,COMPLETE_SUFFICIENT
2009-05-14,24,0,0,0,0,24,0,86384,COMPLETE_SUFFICIENT
2009-05-15,20,0,4,0,0,24,0,70434,COMPLETE_SUFFICIENT
2009-05-16,24,0,0,0,0,24,0,86400,COMPLETE_SUFFICIENT
2009-05-17,24,0,0,0,0,24,0,86400,COMPLETE_SUFFICIENT
2009-05-18,24,0,0,0,0,24,0,86400,COMPLETE_SUFFICIENT
2009-05-19,24,0,0,0,0,24,0,86393,COMPLETE_SUFFICIENT
2009-05-20,24,0,0,0,0,24,0,86384,COMPLETE_SUFFICIENT
2009-05-21,24,0,0,0,0,24,0,86392,COMPLETE_SUFFICIENT
2009-05-22,24,0,0,0,0,24,0,86392,COMPLETE_SUFFICIENT
2009-05-23,24,0,0,0,0,24,0,86400,COMPLETE_SUFFICIENT
2009-05-24,24,0,0,0,0,24,0,86400,COMPLETE_SUFFICIENT
2009-05-25,24,0,0,0,0,24,0,86400,COMPLETE_SUFFICIENT
2009-05-26,20,0,4,0,0,24,0,70857,COMPLETE_SUFFICIENT
2009-05-27,24,0,0,0,0,24,0,86392,COMPLETE_SUFFICIENT
2009-05-28,24,0,0,0,0,24,0,86384,COMPLETE_SUFFICIENT
2009-05-29,24,0,0,0,0,24,0,86304,COMPLETE_SUFFICIENT
2009-05-30,24,0,0,0,0,24,0,86400,COMPLETE_SUFFICIENT
2009-05-31,24,0,0,0,0,24,0,86384,COMPLETE_SUFFICIENT
2009-06-01,24,0,0,0,0,24,0,86401,COMPLETE_SUFFICIENT
2009-06-02,24,0,0,0,0,24,0,86400,COMPLETE_SUFFICIENT
2009-06-03,24,0,0,0,0,24,0,86400,COMPLETE_SUFFICIENT
2009-06-04,24,0,0,0,0,24,0,86400,COMPLETE_SUFFICIENT
2009-06-05,19,0,5,0,0,24,0,68475,COMPLETE_SUFFICIENT
2009-06-06,24,0,0,0,0,24,0,86400,COMPLETE_SUFFICIENT
2009-06-07,24,0,0,0,0,24,0,86392,COMPLETE_SUFFICIENT
2009-06-08,24,0,0,0,0,24,0,86401,COMPLETE_SUFFICIENT
2009-06-09,24,0,0,0,0,24,0,86400,COMPLETE_SUFFICIENT
2009-06-10,24,0,0,0,0,24,0,86392,COMPLETE_SUFFICIENT
2009-06-11,24,0,0,0,0,24,0,86400,COMPLETE_SUFFICIENT
2009-06-12,24,0,0,0,0,24,0,86400,COMPLETE_SUFFICIENT
2009-06-13,24,0,0,0,0,24,0,86400,COMPLETE_SUFFICIENT
2009-06-14,24,0,0,0,0,24,0,86393,COMPLETE_SUFFICIENT
2009-06-15,24,0,0,0,0,24,0,86400,COMPLETE_SUFFICIENT
2009-06-16,24,0,0,0,0,24,0,86400,COMPLETE_SUFFICIENT
2009-06-17,20,0,4,0,0,24,0,70682,COMPLETE_SUFFICIENT
2009-06-18,24,0,0,0,0,24,0,86400,COMPLETE_SUFFICIENT
2009-06-19,24,0,0,0,0,24,0,86400,COMPLETE_SUFFICIENT
2009-06-20,24,0,0,0,0,24,0,86400,COMPLETE_SUFFICIENT
2009-06-21,24,0,0,0,0,24,0,86401,COMPLETE_SUFFICIENT
2009-06-22,24,0,0,0,0,24,0,86384,COMPLETE_SUFFICIENT
2009-06-23,24,0,0,0,0,24,0,86400,COMPLETE_SUFFICIENT
2009-06-24,24,0,0,0,0,24,0,86400,COMPLETE_SUFFICIENT
2009-06-25,20,0,4,0,0,24,0,70469,COMPLETE_SUFFICIENT
2009-06-26,24,0,0,0,0,24,0,86400,COMPLETE_SUFFICIENT
2009-06-27,24,0,0,0,0,24,0,86393,COMPLETE_SUFFICIENT
2009-06-28,24,0,0,0,0,24,0,86392,COMPLETE_SUFFICIENT
2009-06-29,24,0,0,0,0,24,0,86400,COMPLETE_SUFFICIENT
2009-06-30,24,0,0,0,0,24,0,86392,COMPLETE_SUFFICIENT
2009-07-01,24,0,0,0,0,24,0,86400,COMPLETE_SUFFICIENT
2009-07-02,24,0,0,0,0,24,0,86392,COMPLETE_SUFFICIENT
2009-07-03,24,0,0,0,0,24,0,86401,COMPLETE_SUFFICIENT
2009-07-04,24,0,0,0,0,24,0,86392,COMPLETE_SUFFICIENT
2009-07-05,24,0,0,0,0,24,0,86392,COMPLETE_SUFFICIENT
2009-07-06,24,0,0,0,0,24,0,86400,COMPLETE_SUFFICIENT
2009-07-07,19,0,5,0,0,24,0,68475,COMPLETE_SUFFICIENT
2009-07-08,24,0,0,0,0,24,0,86400,COMPLETE_SUFFICIENT
2009-07-09,24,0,0,0,0,24,0,86400,COMPLETE_SUFFICIENT
2009-07-10,24,0,0,0,0,24,0,86385,COMPLETE_SUFFICIENT
2009-07-11,24,0,0,0,0,24,0,86400,COMPLETE_SUFFICIENT
2009-07-12,24,0,0,0,0,24,0,86384,COMPLETE_SUFFICIENT
2009-07-13,24,0,0,0,0,24,0,86392,COMPLETE_SUFFICIENT
2009-07-14,24,0,0,0,0,24,0,86384,COMPLETE_SUFFICIENT
2009-07-15,24,0,0,0,0,24,0,86400,COMPLETE_SUFFICIENT
2009-07-16,24,0,0,0,0,24,0,86401,COMPLETE_SUFFICIENT
2009-07-17,24,0,0,0,0,24,0,86400,COMPLETE_SUFFICIENT
2009-07-18,24,0,0,0,0,24,0,86400,COMPLETE_SUFFICIENT
2009-07-19,24,0,0,0,0,24,0,86400,COMPLETE_SUFFICIENT
2009-07-20,20,0,4,0,0,24,0,70809,COMPLETE_SUFFICIENT
2009-07-21,24,0,0,0,0,24,0,86400,COMPLETE_SUFFICIENT
2009-07-22,24,0,0,0,0,24,0,86400,COMPLETE_SUFFICIENT
2009-07-23,24,0,0,0,0,24,0,86377,COMPLETE_SUFFICIENT
2009-07-24,24,0,0,0,0,24,0,86376,COMPLETE_SUFFICIENT
2009-07-25,24,0,0,0,0,24,0,86392,COMPLETE_SUFFICIENT
2009-07-26,24,0,0,0,0,24,0,86384,COMPLETE_SUFFICIENT
2009-07-27,24,0,0,0,0,24,0,85448,COMPLETE_SUFFICIENT
2009-07-28,24,0,0,0,0,24,0,86400,COMPLETE_SUFFICIENT
2009-07-29,24,0,0,0,0,24,0,86385,COMPLETE_SUFFICIENT
2009-07-30,24,0,0,0,0,24,0,86400,COMPLETE_SUFFICIENT
2009-07-31,24,0,0,0,0,24,0,86344,COMPLETE_SUFFICIENT
2009-08-01,24,0,0,0,0,24,0,86392,COMPLETE_SUFFICIENT
2009-08-02,24,0,0,0,0,24,0,86400,COMPLETE_SUFFICIENT
2009-08-03,20,0,4,0,0,24,0,70725,COMPLETE_SUFFICIENT
2009-08-04,24,0,0,0,0,24,0,86387,COMPLETE_SUFFICIENT
2009-08-05,24,0,0,0,0,24,0,86401,COMPLETE_SUFFICIENT
2009-08-06,24,0,0,0,0,24,0,86384,COMPLETE_SUFFICIENT
2009-08-07,24,0,0,0,0,24,0,86368,COMPLETE_SUFFICIENT
2009-08-08,24,0,0,0,0,24,0,86400,COMPLETE_SUFFICIENT
2009-08-09,24,0,0,0,0,24,0,86368,COMPLETE_SUFFICIENT
2009-08-10,24,0,0,0,0,24,0,86400,COMPLETE_SUFFICIENT
2009-08-11,24,0,0,0,0,24,0,86401,COMPLETE_SUFFICIENT
2009-08-12,24,0,0,0,0,24,0,86392,COMPLETE_SUFFICIENT
2009-08-13,24,0,0,0,0,24,0,86392,COMPLETE_SUFFICIENT
2009-08-14,24,0,0,0,0,24,0,86400,COMPLETE_SUFFICIENT
2009-08-15,24,0,0,0,0,24,0,86400,COMPLETE_SUFFICIENT
2009-08-16,24,0,0,0,0,24,0,86400,COMPLETE_SUFFICIENT
2009-08-17,20,0,4,0,0,24,0,70927,COMPLETE_SUFFICIENT
2009-08-18,24,0,0,0,0,24,0,86385,COMPLETE_SUFFICIENT
2009-08-19,24,0,0,0,0,24,0,86384,COMPLETE_SUFFICIENT
2009-08-20,24,0,0,0,0,24,0,86384,COMPLETE_SUFFICIENT
2009-08-21,24,0,0,0,0,24,0,86384,COMPLETE_SUFFICIENT
2009-08-22,24,0,0,0,0,24,0,86376,COMPLETE_SUFFICIENT
2009-08-23,24,0,0,0,0,24,0,86400,COMPLETE_SUFFICIENT
2009-08-24,24,0,0,0,0,24,0,86401,COMPLETE_SUFFICIENT
2009-08-25,24,0,0,0,0,24,0,86392,COMPLETE_SUFFICIENT
2009-08-26,24,0,0,0,0,24,0,86400,COMPLETE_SUFFICIENT
2009-08-27,24,0,0,0,0,24,0,86392,COMPLETE_SUFFICIENT
2009-08-28,24,0,0,0,0,24,0,86352,COMPLETE_SUFFICIENT
2009-08-29,24,0,0,0,0,24,0,86392,COMPLETE_SUFFICIENT
2009-08-30,24,0,0,0,0,24,0,86360,COMPLETE_SUFFICIENT
2009-08-31,24,0,0,0,0,24,0,86401,COMPLETE_SUFFICIENT
2009-09-01,24,0,0,0,0,24,0,86352,COMPLETE_SUFFICIENT
2009-09-02,24,0,0,0,0,24,0,86400,COMPLETE_SUFFICIENT
2009-09-03,24,0,0,0,0,24,0,86344,COMPLETE_SUFFICIENT
2009-09-04,20,0,4,0,0,24,0,70845,COMPLETE_SUFFICIENT
2009-09-05,24,0,0,0,0,24,0,86400,COMPLETE_SUFFICIENT
2009-09-06,24,0,0,0,0,24,0,86393,COMPLETE_SUFFICIENT
2009-09-07,24,0,0,0,0,24,0,86392,COMPLETE_SUFFICIENT
2009-09-08,24,0,0,0,0,24,0,86400,COMPLETE_SUFFICIENT
2009-09-09,24,0,0,0,0,24,0,86400,COMPLETE_SUFFICIENT
2009-09-10,24,0,0,0,0,24,0,86400,COMPLETE_SUFFICIENT
2009-09-11,24,0,0,0,0,24,0,86400,COMPLETE_SUFFICIENT
2009-09-12,24,0,0,0,0,24,0,86400,COMPLETE_SUFFICIENT
2009-09-13,24,0,0,0,0,24,0,86393,COMPLETE_SUFFICIENT
2009-09-14,24,0,0,0,0,24,0,86392,COMPLETE_SUFFICIENT
2009-09-15,24,0,0,0,0,24,0,86400,COMPLETE_SUFFICIENT
2009-09-16,24,0,0,0,0,24,0,86384,COMPLETE_SUFFICIENT
2009-09-17,24,0,0,0,0,24,0,86392,COMPLETE_SUFFICIENT
2009-09-18,24,0,0,0,0,24,0,86392,COMPLETE_SUFFICIENT
2009-09-19,24,0,0,0,0,24,0,86401,COMPLETE_SUFFICIENT
2009-09-20,24,0,0,0,0,24,0,86384,COMPLETE_SUFFICIENT
2009-09-21,24,0,0,0,0,24,0,86400,COMPLETE_SUFFICIENT
2009-09-22,24,0,0,0,0,24,0,86400,COMPLETE_SUFFICIENT
2009-09-23,24,0,0,0,0,24,0,86400,COMPLETE_SUFFICIENT
2009-09-24,18,0,6,0,0,24,0,63630,COMPLETE_SUFFICIENT
2009-09-25,24,0,0,0,0,24,0,86392,COMPLETE_SUFFICIENT
2009-09-26,24,0,0,0,0,24,0,86401,COMPLETE_SUFFICIENT
2009-09-27,24,0,0,0,0,24,0,86386,COMPLETE_SUFFICIENT
2009-09-28,24,0,0,0,0,24,0,86392,COMPLETE_SUFFICIENT
2009-09-29,24,0,0,0,0,24,0,86400,COMPLETE_SUFFICIENT
2009-09-30,24,0,0,0,0,24,0,86400,COMPLETE_SUFFICIENT
2009-10-01,24,0,0,0,0,24,0,86400,COMPLETE_SUFFICIENT
2009-10-02,24,0,0,0,0,24,0,86361,COMPLETE_SUFFICIENT
2009-10-03,24,0,0,0,0,24,0,86400,COMPLETE_SUFFICIENT
2009-10-04,24,0,0,0,0,24,0,86392,COMPLETE_SUFFICIENT
2009-10-05,24,0,0,0,0,24,0,86384,COMPLETE_SUFFICIENT
2009-10-06,24,0,0,0,0,24,0,86384,COMPLETE_SUFFICIENT
2009-10-07,24,0,0,0,0,24,0,86400,COMPLETE_SUFFICIENT
2009-10-08,24,0,0,0,0,24,0,86400,COMPLETE_SUFFICIENT
2009-10-09,24,0,0,0,0,24,0,86401,COMPLETE_SUFFICIENT
2009-10-10,24,0,0,0,0,24,0,86400,COMPLETE_SUFFICIENT
2009-10-11,24,0,0,0,0,24,0,86352,COMPLETE_SUFFICIENT
2009-10-12,24,0,0,0,0,24,0,86400,COMPLETE_SUFFICIENT
2009-10-13,24,0,0,0,0,24,0,86400,COMPLETE_SUFFICIENT
2009-10-14,24,0,0,0,0,24,0,86392,COMPLETE_SUFFICIENT
2009-10-15,24,0,0,0,0,24,0,86392,COMPLETE_SUFFICIENT
2009-10-16,20,0,4,0,0,24,0,70817,COMPLETE_SUFFICIENT
2009-10-17,24,0,0,0,0,24,0,86392,COMPLETE_SUFFICIENT
2009-10-18,24,0,0,0,0,24,0,86400,COMPLETE_SUFFICIENT
2009-10-19,24,0,0,0,0,24,0,86392,COMPLETE_SUFFICIENT
2009-10-20,24,0,0,0,0,24,0,86400,COMPLETE_SUFFICIENT
2009-10-21,24,0,0,0,0,24,0,86392,COMPLETE_SUFFICIENT
2009-10-22,24,0,0,0,0,24,0,86401,COMPLETE_SUFFICIENT
2009-10-23,24,0,0,0,0,24,0,86384,COMPLETE_SUFFICIENT
2009-10-24,24,0,0,0,0,24,0,86384,COMPLETE_SUFFICIENT
2009-10-25,24,0,0,0,0,24,0,86392,COMPLETE_SUFFICIENT
2009-10-26,24,0,0,0,0,24,0,86400,COMPLETE_SUFFICIENT
2009-10-27,24,0,0,0,0,24,0,86384,COMPLETE_SUFFICIENT
2009-10-28,24,0,0,0,0,24,0,86384,COMPLETE_SUFFICIENT
2009-10-29,24,0,0,0,0,24,0,86401,COMPLETE_SUFFICIENT
2009-10-30,19,0,5,0,0,24,0,68475,COMPLETE_SUFFICIENT
2009-10-31,24,0,0,0,0,24,0,86400,COMPLETE_SUFFICIENT
2009-11-01,24,0,0,0,0,24,0,86400,COMPLETE_SUFFICIENT
2009-11-02,24,0,0,0,0,24,0,86400,COMPLETE_SUFFICIENT
2009-11-03,24,0,0,0,0,24,0,86400,COMPLETE_SUFFICIENT
2009-11-04,24,0,0,0,0,24,0,86401,COMPLETE_SUFFICIENT
2009-11-05,24,0,0,0,0,24,0,86400,COMPLETE_SUFFICIENT
2009-11-06,24,0,0,0,0,24,0,86400,COMPLETE_SUFFICIENT
2009-11-07,24,0,0,0,0,24,0,86400,COMPLETE_SUFFICIENT
2009-11-08,24,0,0,0,0,24,0,86392,COMPLETE_SUFFICIENT
2009-11-09,24,0,0,0,0,24,0,86392,COMPLETE_SUFFICIENT
2009-11-10,24,0,0,0,0,24,0,86392,COMPLETE_SUFFICIENT
2009-11-11,24,0,0,0,0,24,0,86401,COMPLETE_SUFFICIENT
2009-11-12,20,0,4,0,0,24,0,70566,COMPLETE_SUFFICIENT
2009-11-13,24,0,0,0,0,24,0,86400,COMPLETE_SUFFICIENT
2009-11-14,24,0,0,0,0,24,0,86400,COMPLETE_SUFFICIENT
2009-11-15,24,0,0,0,0,24,0,86400,COMPLETE_SUFFICIENT
2009-11-16,24,0,0,0,0,24,0,86384,COMPLETE_SUFFICIENT
2009-11-17,24,0,0,0,0,24,0,86352,COMPLETE_SUFFICIENT
2009-11-18,24,0,0,0,0,24,0,86393,COMPLETE_SUFFICIENT
2009-11-19,24,0,0,0,0,24,0,86400,COMPLETE_SUFFICIENT
2009-11-20,20,0,4,0,0,24,0,70801,COMPLETE_SUFFICIENT
2009-11-21,24,0,0,0,0,24,0,86376,COMPLETE_SUFFICIENT
2009-11-22,24,0,0,0,0,24,0,86352,COMPLETE_SUFFICIENT
2009-11-23,24,0,0,0,0,24,0,86384,COMPLETE_SUFFICIENT
2009-11-24,24,0,0,0,0,24,0,86353,COMPLETE_SUFFICIENT
2009-11-25,24,0,0,0,0,24,0,86400,COMPLETE_SUFFICIENT
2009-11-26,24,0,0,0,0,24,0,86352,COMPLETE_SUFFICIENT
2009-11-27,24,0,0,0,0,24,0,86400,COMPLETE_SUFFICIENT
2009-11-28,24,0,0,0,0,24,0,86384,COMPLETE_SUFFICIENT
2009-11-29,24,0,0,0,0,24,0,86392,COMPLETE_SUFFICIENT
2009-11-30,19,0,5,0,0,24,0,68475,COMPLETE_SUFFICIENT
2009-12-01,24,0,0,0,0,24,0,86401,COMPLETE_SUFFICIENT
2009-12-02,24,0,0,0,0,24,0,86360,COMPLETE_SUFFICIENT
2009-12-03,24,0,0,0,0,24,0,86400,COMPLETE_SUFFICIENT
2009-12-04,24,0,0,0,0,24,0,86400,COMPLETE_SUFFICIENT
2009-12-05,24,0,0,0,0,24,0,86392,COMPLETE_SUFFICIENT
2009-12-06,24,0,0,0,0,24,0,86400,COMPLETE_SUFFICIENT
2009-12-07,24,0,0,0,0,24,0,86401,COMPLETE_SUFFICIENT
2009-12-08,24,0,0,0,0,24,0,86400,COMPLETE_SUFFICIENT
2009-12-09,24,0,0,0,0,24,0,86400,COMPLETE_SUFFICIENT
2009-12-10,19,0,5,0,0,24,0,68475,COMPLETE_SUFFICIENT
2009-12-11,24,0,0,0,0,24,0,86400,COMPLETE_SUFFICIENT
2009-12-12,24,0,0,0,0,24,0,86400,COMPLETE_SUFFICIENT
2009-12-13,24,0,0,0,0,24,0,86400,COMPLETE_SUFFICIENT
2009-12-14,24,0,0,0,0,24,0,86401,COMPLETE_SUFFICIENT
2009-12-15,24,0,0,0,0,24,0,86392,COMPLETE_SUFFICIENT
2009-12-16,24,0,0,0,0,24,0,86400,COMPLETE_SUFFICIENT
2009-12-17,24,0,0,0,0,24,0,86374,COMPLETE_SUFFICIENT
2009-12-18,24,0,0,0,0,24,0,86376,COMPLETE_SUFFICIENT
2009-12-19,24,0,0,0,0,24,0,86400,COMPLETE_SUFFICIENT
2009-12-20,24,0,0,0,0,24,0,86400,COMPLETE_SUFFICIENT
2009-12-21,20,0,4,0,0,24,0,70697,COMPLETE_SUFFICIENT
2009-12-22,24,0,0,0,0,24,0,86400,COMPLETE_SUFFICIENT
2009-12-23,24,0,0,0,0,24,0,86392,COMPLETE_SUFFICIENT
2009-12-24,24,0,0,0,0,24,0,86400,COMPLETE_SUFFICIENT
2009-12-25,24,0,0,0,0,24,0,86392,COMPLETE_SUFFICIENT
2009-12-26,24,0,0,0,0,24,0,86400,COMPLETE_SUFFICIENT
2009-12-27,24,0,0,0,0,24,0,86401,COMPLETE_SUFFICIENT
2009-12-28,24,0,0,0,0,24,0,86400,COMPLETE_SUFFICIENT
2009-12-29,24,0,0,0,0,24,0,86400,COMPLETE_SUFFICIENT
2009-12-30,19,0,5,0,0,24,0,68475,COMPLETE_SUFFICIENT
2009-12-31,24,0,0,0,0,24,0,86400,COMPLETE_SUFFICIENT
2010-01-01,24,0,0,0,0,24,0,86392,COMPLETE_SUFFICIENT
2010-01-02,24,0,0,0,0,24,0,86400,COMPLETE_SUFFICIENT
2010-01-03,24,0,0,0,0,24,0,86393,COMPLETE_SUFFICIENT
2010-01-04,24,0,0,0,0,24,0,86400,COMPLETE_SUFFICIENT
2010-01-05,24,0,0,0,0,24,0,86400,COMPLETE_SUFFICIENT
2010-01-06,24,0,0,0,0,24,0,86360,COMPLETE_SUFFICIENT
2010-01-07,24,0,0,0,0,24,0,86392,COMPLETE_SUFFICIENT
2010-01-08,24,0,0,0,0,24,0,86392,COMPLETE_SUFFICIENT
2010-01-09,24,0,0,0,0,24,0,86400,COMPLETE_SUFFICIENT
2010-01-10,24,0,0,0,0,24,0,86393,COMPLETE_SUFFICIENT
2010-01-11,24,0,0,0,0,24,0,86360,COMPLETE_SUFFICIENT
2010-01-12,18,0,6,0,0,24,0,64890,COMPLETE_SUFFICIENT
2010-01-13,24,0,0,0,0,24,0,86400,COMPLETE_SUFFICIENT
2010-01-14,24,0,0,0,0,24,0,86400,COMPLETE_SUFFICIENT
2010-01-15,24,0,0,0,0,24,0,86392,COMPLETE_SUFFICIENT
2010-01-16,24,0,0,0,0,24,0,86393,COMPLETE_SUFFICIENT
2010-01-17,24,0,0,0,0,24,0,86392,COMPLETE_SUFFICIENT
2010-01-18,24,0,0,0,0,24,0,86384,COMPLETE_SUFFICIENT
2010-01-19,24,0,0,0,0,24,0,86400,COMPLETE_SUFFICIENT
2010-01-20,24,0,0,0,0,24,0,86392,COMPLETE_SUFFICIENT
2010-01-21,24,0,0,0,0,24,0,86400,COMPLETE_SUFFICIENT
2010-01-22,24,0,0,0,0,24,0,86400,COMPLETE_SUFFICIENT
2010-01-23,24,0,0,0,0,24,0,86393,COMPLETE_SUFFICIENT
2010-01-24,24,0,0,0,0,24,0,86392,COMPLETE_SUFFICIENT
2010-01-25,24,0,0,0,0,24,0,86392,COMPLETE_SUFFICIENT
2010-01-26,20,0,4,0,0,24,0,70376,COMPLETE_SUFFICIENT
2010-01-27,24,0,0,0,0,24,0,86392,COMPLETE_SUFFICIENT
2010-01-28,24,0,0,0,0,24,0,86400,COMPLETE_SUFFICIENT
2010-01-29,24,0,0,0,0,24,0,86392,COMPLETE_SUFFICIENT
2010-01-30,24,0,0,0,0,24,0,86385,COMPLETE_SUFFICIENT
2010-01-31,24,0,0,0,0,24,0,86392,COMPLETE_SUFFICIENT
2010-02-01,24,0,0,0,0,24,0,86392,COMPLETE_SUFFICIENT
2010-02-02,24,0,0,0,0,24,0,86400,COMPLETE_SUFFICIENT
2010-02-03,24,0,0,0,0,24,0,86392,COMPLETE_SUFFICIENT
2010-02-04,24,0,0,0,0,24,0,86400,COMPLETE_SUFFICIENT
2010-02-05,24,0,0,0,0,24,0,86401,COMPLETE_SUFFICIENT
2010-02-06,24,0,0,0,0,24,0,86400,COMPLETE_SUFFICIENT
2010-02-07,24,0,0,0,0,24,0,86392,COMPLETE_SUFFICIENT
2010-02-08,24,0,0,0,0,24,0,86400,COMPLETE_SUFFICIENT
2010-02-09,20,0,4,0,0,24,0,70296,COMPLETE_SUFFICIENT
2010-02-10,24,0,0,0,0,24,0,86400,COMPLETE_SUFFICIENT
2010-02-11,24,0,0,0,0,24,0,86400,COMPLETE_SUFFICIENT
2010-02-12,24,0,0,0,0,24,0,86401,COMPLETE_SUFFICIENT
2010-02-13,24,0,0,0,0,24,0,86400,COMPLETE_SUFFICIENT
2010-02-14,24,0,0,0,0,24,0,86400,COMPLETE_SUFFICIENT
2010-02-15,24,0,0,0,0,24,0,86400,COMPLETE_SUFFICIENT
2010-02-16,24,0,0,0,0,24,0,86384,COMPLETE_SUFFICIENT
2010-02-17,24,0,0,0,0,24,0,86384,COMPLETE_SUFFICIENT
2010-02-18,22,0,2,0,0,24,0,78739,COMPLETE_SUFFICIENT
2010-02-19,20,4,0,0,0,24,0,72900,COMPLETE_SUFFICIENT
2010-02-20,24,0,0,0,0,24,0,86400,COMPLETE_SUFFICIENT
2010-02-21,24,0,0,0,0,24,0,86400,COMPLETE_SUFFICIENT
2010-02-22,24,0,0,0,0,24,0,86392,COMPLETE_SUFFICIENT
2010-02-23,24,0,0,0,0,24,0,86392,COMPLETE_SUFFICIENT
2010-02-24,24,0,0,0,0,24,0,86392,COMPLETE_SUFFICIENT
2010-02-25,24,0,0,0,0,24,0,86393,COMPLETE_SUFFICIENT
2010-02-26,24,0,0,0,0,24,0,86400,COMPLETE_SUFFICIENT
2010-02-27,24,0,0,0,0,24,0,86400,COMPLETE_SUFFICIENT
2010-02-28,24,0,0,0,0,24,0,86400,COMPLETE_SUFFICIENT
2010-03-01,24,0,0,0,0,24,0,86400,COMPLETE_SUFFICIENT
2010-03-02,24,0,0,0,0,24,0,86384,COMPLETE_SUFFICIENT
2010-03-03,24,0,0,0,0,24,0,86392,COMPLETE_SUFFICIENT
2010-03-04,24,0,0,0,0,24,0,86377,COMPLETE_SUFFICIENT
2010-03-05,24,0,0,0,0,24,0,86400,COMPLETE_SUFFICIENT
2010-03-06,24,0,0,0,0,24,0,86400,COMPLETE_SUFFICIENT
2010-03-07,24,0,0,0,0,24,0,86384,COMPLETE_SUFFICIENT
2010-03-08,24,0,0,0,0,24,0,86400,COMPLETE_SUFFICIENT
2010-03-09,24,0,0,0,0,24,0,86400,COMPLETE_SUFFICIENT
2010-03-10,20,0,4,0,0,24,0,70851,COMPLETE_SUFFICIENT
2010-03-11,24,0,0,0,0,24,0,86392,COMPLETE_SUFFICIENT
2010-03-12,24,0,0,0,0,24,0,86392,COMPLETE_SUFFICIENT
2010-03-13,24,0,0,0,0,24,0,86400,COMPLETE_SUFFICIENT
2010-03-14,24,0,0,0,0,24,0,86400,COMPLETE_SUFFICIENT
2010-03-15,24,0,0,0,0,24,0,86400,COMPLETE_SUFFICIENT
2010-03-16,24,0,0,0,0,24,0,86384,COMPLETE_SUFFICIENT
2010-03-17,24,0,0,0,0,24,0,86345,COMPLETE_SUFFICIENT
2010-03-18,24,0,0,0,0,24,0,86368,COMPLETE_SUFFICIENT
2010-03-19,24,0,0,0,0,24,0,86384,COMPLETE_SUFFICIENT
2010-03-20,24,0,0,0,0,24,0,86384,COMPLETE_SUFFICIENT
2010-03-21,24,0,0,0,0,24,0,86400,COMPLETE_SUFFICIENT
2010-03-22,24,0,0,0,0,24,0,86400,COMPLETE_SUFFICIENT
2010-03-23,24,0,0,0,0,24,0,86401,COMPLETE_SUFFICIENT
2010-03-24,24,0,0,0,0,24,0,86400,COMPLETE_SUFFICIENT
2010-03-25,24,0,0,0,0,24,0,86368,COMPLETE_SUFFICIENT
2010-03-26,24,0,0,0,0,24,0,86400,COMPLETE_SUFFICIENT
2010-03-27,24,0,0,0,0,24,0,86400,COMPLETE_SUFFICIENT
2010-03-28,24,0,0,0,0,24,0,86400,COMPLETE_SUFFICIENT
2010-03-29,24,0,0,0,0,24,0,86392,COMPLETE_SUFFICIENT
2010-03-30,24,0,0,0,0,24,0,86385,COMPLETE_SUFFICIENT
2010-03-31,19,0,5,0,0,24,0,68467,COMPLETE_SUFFICIENT
2010-04-01,24,0,0,0,0,24,0,86352,COMPLETE_SUFFICIENT
2010-04-02,24,0,0,0,0,24,0,86360,COMPLETE_SUFFICIENT
2010-04-03,24,0,0,0,0,24,0,86400,COMPLETE_SUFFICIENT
2010-04-04,24,0,0,0,0,24,0,86390,COMPLETE_SUFFICIENT
2010-04-05,24,0,0,0,0,24,0,86385,COMPLETE_SUFFICIENT
2010-04-06,24,0,0,0,0,24,0,86400,COMPLETE_SUFFICIENT
2010-04-07,24,0,0,0,0,24,0,86392,COMPLETE_SUFFICIENT
2010-04-08,24,0,0,0,0,24,0,86328,COMPLETE_SUFFICIENT
2010-04-09,24,0,0,0,0,24,0,86392,COMPLETE_SUFFICIENT
2010-04-10,24,0,0,0,0,24,0,86400,COMPLETE_SUFFICIENT
2010-04-11,24,0,0,0,0,24,0,86400,COMPLETE_SUFFICIENT
2010-04-12,24,0,0,0,0,24,0,86393,COMPLETE_SUFFICIENT
2010-04-13,24,0,0,0,0,24,0,86392,COMPLETE_SUFFICIENT
2010-04-14,24,0,0,0,0,24,0,86392,COMPLETE_SUFFICIENT
2010-04-15,24,0,0,0,0,24,0,86384,COMPLETE_SUFFICIENT
2010-04-16,20,0,4,0,0,24,0,70944,COMPLETE_SUFFICIENT
2010-04-17,24,0,0,0,0,24,0,86392,COMPLETE_SUFFICIENT
2010-04-18,24,0,0,0,0,24,0,86401,COMPLETE_SUFFICIENT
2010-04-19,24,0,0,0,0,24,0,86400,COMPLETE_SUFFICIENT
2010-04-20,24,0,0,0,0,24,0,86392,COMPLETE_SUFFICIENT
2010-04-21,24,0,0,0,0,24,0,86400,COMPLETE_SUFFICIENT
2010-04-22,24,0,0,0,0,24,0,86368,COMPLETE_SUFFICIENT
2010-04-23,24,0,0,0,0,24,0,86392,COMPLETE_SUFFICIENT
2010-04-24,24,0,0,0,0,24,0,86384,COMPLETE_SUFFICIENT
2010-04-25,24,0,0,0,0,24,0,86401,COMPLETE_SUFFICIENT
2010-04-26,24,0,0,0,0,24,0,86400,COMPLETE_SUFFICIENT
2010-04-27,24,0,0,0,0,24,0,86392,COMPLETE_SUFFICIENT
2010-04-28,24,0,0,0,0,24,0,86400,COMPLETE_SUFFICIENT
2010-04-29,24,0,0,0,0,24,0,86400,COMPLETE_SUFFICIENT
2010-04-30,22,0,2,0,0,24,0,78670,COMPLETE_SUFFICIENT
2010-05-01,22,2,0,0,0,24,0,79060,COMPLETE_SUFFICIENT
2010-05-02,24,0,0,0,0,24,0,86392,COMPLETE_SUFFICIENT
2010-05-03,24,0,0,0,0,24,0,86392,COMPLETE_SUFFICIENT
2010-05-04,24,0,0,0,0,24,0,86392,COMPLETE_SUFFICIENT
2010-05-05,24,0,0,0,0,24,0,86368,COMPLETE_SUFFICIENT
2010-05-06,24,0,0,0,0,24,0,86400,COMPLETE_SUFFICIENT
2010-05-07,24,0,0,0,0,24,0,86400,COMPLETE_SUFFICIENT
2010-05-08,24,0,0,0,0,24,0,86377,COMPLETE_SUFFICIENT
2010-05-09,24,0,0,0,0,24,0,86400,COMPLETE_SUFFICIENT
2010-05-10,24,0,0,0,0,24,0,86384,COMPLETE_SUFFICIENT
2010-05-11,24,0,0,0,0,24,0,86376,COMPLETE_SUFFICIENT
2010-05-12,22,0,2,0,0,24,0,79214,COMPLETE_SUFFICIENT
2010-05-13,22,2,0,0,0,24,0,77921,COMPLETE_SUFFICIENT
2010-05-14,24,0,0,0,0,24,0,86393,COMPLETE_SUFFICIENT
2010-05-15,24,0,0,0,0,24,0,86400,COMPLETE_SUFFICIENT
2010-05-16,24,0,0,0,0,24,0,86392,COMPLETE_SUFFICIENT
2010-05-17,24,0,0,0,0,24,0,86392,COMPLETE_SUFFICIENT
2010-05-18,24,0,0,0,0,24,0,86400,COMPLETE_SUFFICIENT
2010-05-19,24,0,0,0,0,24,0,86400,COMPLETE_SUFFICIENT
2010-05-20,24,0,0,0,0,24,0,86392,COMPLETE_SUFFICIENT
2010-05-21,20,0,4,0,0,24,0,70916,COMPLETE_SUFFICIENT
2010-05-22,24,0,0,0,0,24,0,86392,COMPLETE_SUFFICIENT
2010-05-23,24,0,0,0,0,24,0,86400,COMPLETE_SUFFICIENT
2010-05-24,24,0,0,0,0,24,0,86400,COMPLETE_SUFFICIENT
2010-05-25,24,0,0,0,0,24,0,86400,COMPLETE_SUFFICIENT
2010-05-26,24,0,0,0,0,24,0,86376,COMPLETE_SUFFICIENT
2010-05-27,24,0,0,0,0,24,0,86401,COMPLETE_SUFFICIENT
2010-05-28,24,0,0,0,0,24,0,86381,COMPLETE_SUFFICIENT
2010-05-29,24,0,0,0,0,24,0,86400,COMPLETE_SUFFICIENT
2010-05-30,24,0,0,0,0,24,0,86400,COMPLETE_SUFFICIENT
2010-05-31,24,0,0,0,0,24,0,86384,COMPLETE_SUFFICIENT
2010-06-01,17,0,7,0,0,24,0,60355,COMPLETE_SUFFICIENT
2010-06-02,24,0,0,0,0,24,0,86401,COMPLETE_SUFFICIENT
2010-06-03,24,0,0,0,0,24,0,86376,COMPLETE_SUFFICIENT
2010-06-04,24,0,0,0,0,24,0,86392,COMPLETE_SUFFICIENT
2010-06-05,24,0,0,0,0,24,0,86392,COMPLETE_SUFFICIENT
2010-06-06,24,0,0,0,0,24,0,86392,COMPLETE_SUFFICIENT
2010-06-07,24,0,0,0,0,24,0,86400,COMPLETE_SUFFICIENT
2010-06-08,24,0,0,0,0,24,0,86392,COMPLETE_SUFFICIENT
2010-06-09,24,0,0,0,0,24,0,86393,COMPLETE_SUFFICIENT
2010-06-10,24,0,0,0,0,24,0,86392,COMPLETE_SUFFICIENT
2010-06-11,20,0,4,0,0,24,0,70597,COMPLETE_SUFFICIENT
2010-06-12,24,0,0,0,0,24,0,86400,COMPLETE_SUFFICIENT
2010-06-13,24,0,0,0,0,24,0,86376,COMPLETE_SUFFICIENT
2010-06-14,24,0,0,0,0,24,0,86392,COMPLETE_SUFFICIENT
2010-06-15,24,0,0,0,0,24,0,86369,COMPLETE_SUFFICIENT
2010-06-16,24,0,0,0,0,24,0,86392,COMPLETE_SUFFICIENT
2010-06-17,24,0,0,0,0,24,0,86384,COMPLETE_SUFFICIENT
2010-06-18,24,0,0,0,0,24,0,86384,COMPLETE_SUFFICIENT
2010-06-19,24,0,0,0,0,24,0,86400,COMPLETE_SUFFICIENT
2010-06-20,24,0,0,0,0,24,0,86376,COMPLETE_SUFFICIENT
2010-06-21,24,0,0,0,0,24,0,86400,COMPLETE_SUFFICIENT
2010-06-22,19,0,5,0,0,24,0,68476,COMPLETE_SUFFICIENT
2010-06-23,24,0,0,0,0,24,0,86400,COMPLETE_SUFFICIENT
2010-06-24,24,0,0,0,0,24,0,86400,COMPLETE_SUFFICIENT
2010-06-25,24,0,0,0,0,24,0,86368,COMPLETE_SUFFICIENT
2010-06-26,24,0,0,0,0,24,0,86400,COMPLETE_SUFFICIENT
2010-06-27,24,0,0,0,0,24,0,86392,COMPLETE_SUFFICIENT
2010-06-28,24,0,0,0,0,24,0,86393,COMPLETE_SUFFICIENT
2010-06-29,24,0,0,0,0,24,0,86400,COMPLETE_SUFFICIENT
2010-06-30,24,0,0,0,0,24,0,86392,COMPLETE_SUFFICIENT
2010-07-01,20,0,4,0,0,24,0,70909,COMPLETE_SUFFICIENT
2010-07-02,24,0,0,0,0,24,0,86400,COMPLETE_SUFFICIENT
2010-07-03,24,0,0,0,0,24,0,86376,COMPLETE_SUFFICIENT
2010-07-04,24,0,0,0,0,24,0,86393,COMPLETE_SUFFICIENT
2010-07-05,24,0,0,0,0,24,0,86384,COMPLETE_SUFFICIENT
2010-07-06,24,0,0,0,0,24,0,86400,COMPLETE_SUFFICIENT
2010-07-07,24,0,0,0,0,24,0,86392,COMPLETE_SUFFICIENT
2010-07-08,24,0,0,0,0,24,0,86400,COMPLETE_SUFFICIENT
2010-07-09,24,0,0,0,0,24,0,86400,COMPLETE_SUFFICIENT
2010-07-10,24,0,0,0,0,24,0,86400,COMPLETE_SUFFICIENT
2010-07-11,24,0,0,0,0,24,0,86393,COMPLETE_SUFFICIENT
2010-07-12,24,0,0,0,0,24,0,86392,COMPLETE_SUFFICIENT
2010-07-13,24,0,0,0,0,24,0,86392,COMPLETE_SUFFICIENT
2010-07-14,24,0,0,0,0,24,0,86384,COMPLETE_SUFFICIENT
2010-07-15,19,0,5,0,0,24,0,68475,COMPLETE_SUFFICIENT
2010-07-16,24,0,0,0,0,24,0,86392,COMPLETE_SUFFICIENT
2010-07-17,24,0,0,0,0,24,0,86401,COMPLETE_SUFFICIENT
2010-07-18,24,0,0,0,0,24,0,86400,COMPLETE_SUFFICIENT
2010-07-19,24,0,0,0,0,24,0,86400,COMPLETE_SUFFICIENT
2010-07-20,24,0,0,0,0,24,0,86400,COMPLETE_SUFFICIENT
2010-07-21,24,0,0,0,0,24,0,86400,COMPLETE_SUFFICIENT
2010-07-22,24,0,0,0,0,24,0,86400,COMPLETE_SUFFICIENT
2010-07-23,24,0,0,0,0,24,0,86393,COMPLETE_SUFFICIENT
2010-07-24,24,0,0,0,0,24,0,86400,COMPLETE_SUFFICIENT
2010-07-25,24,0,0,0,0,24,0,86384,COMPLETE_SUFFICIENT
2010-07-26,24,0,0,0,0,24,0,86392,COMPLETE_SUFFICIENT
2010-07-27,24,0,0,0,0,24,0,86392,COMPLETE_SUFFICIENT
2010-07-28,24,0,0,0,0,24,0,86360,COMPLETE_SUFFICIENT
2010-07-29,24,0,0,0,0,24,0,86384,COMPLETE_SUFFICIENT
2010-07-30,20,0,4,0,0,24,0,71625,COMPLETE_SUFFICIENT
2010-07-31,24,0,0,0,0,24,0,85739,COMPLETE_SUFFICIENT
2010-08-01,24,0,0,0,0,24,0,86400,COMPLETE_SUFFICIENT
2010-08-02,24,0,0,0,0,24,0,86392,COMPLETE_SUFFICIENT
2010-08-03,24,0,0,0,0,24,0,86392,COMPLETE_SUFFICIENT
2010-08-04,24,0,0,0,0,24,0,86392,COMPLETE_SUFFICIENT
2010-08-05,24,0,0,0,0,24,0,86393,COMPLETE_SUFFICIENT
2010-08-06,24,0,0,0,0,24,0,86376,COMPLETE_SUFFICIENT
2010-08-07,24,0,0,0,0,24,0,86360,COMPLETE_SUFFICIENT
2010-08-08,24,0,0,0,0,24,0,86392,COMPLETE_SUFFICIENT
2010-08-09,24,0,0,0,0,24,0,86392,COMPLETE_SUFFICIENT
2010-08-10,24,0,0,0,0,24,0,86376,COMPLETE_SUFFICIENT
2010-08-11,24,0,0,0,0,24,0,86400,COMPLETE_SUFFICIENT
2010-08-12,24,0,0,0,0,24,0,86401,COMPLETE_SUFFICIENT
2010-08-13,24,0,0,0,0,24,0,86400,COMPLETE_SUFFICIENT
2010-08-14,24,0,0,0,0,24,0,86392,COMPLETE_SUFFICIENT
2010-08-15,24,0,0,0,0,24,0,86384,COMPLETE_SUFFICIENT
2010-08-16,24,0,0,0,0,24,0,86392,COMPLETE_SUFFICIENT
2010-08-17,18,0,6,0,0,24,0,63599,COMPLETE_SUFFICIENT
2010-08-18,24,0,0,0,0,24,0,86401,COMPLETE_SUFFICIENT
2010-08-19,24,0,0,0,0,24,0,86400,COMPLETE_SUFFICIENT
2010-08-20,24,0,0,0,0,24,0,86400,COMPLETE_SUFFICIENT
2010-08-21,24,0,0,0,0,24,0,86352,COMPLETE_SUFFICIENT
2010-08-22,24,0,0,0,0,24,0,86400,COMPLETE_SUFFICIENT
2010-08-23,24,0,0,0,0,24,0,86376,COMPLETE_SUFFICIENT
2010-08-24,24,0,0,0,0,24,0,86385,COMPLETE_SUFFICIENT
2010-08-25,24,0,0,0,0,24,0,86384,COMPLETE_SUFFICIENT
2010-08-26,24,0,0,0,0,24,0,86368,COMPLETE_SUFFICIENT
2010-08-27,24,0,0,0,0,24,0,86400,COMPLETE_SUFFICIENT
2010-08-28,24,0,0,0,0,24,0,86392,COMPLETE_SUFFICIENT
2010-08-29,24,0,0,0,0,24,0,86400,COMPLETE_SUFFICIENT
2010-08-30,24,0,0,0,0,24,0,86392,COMPLETE_SUFFICIENT
2010-08-31,24,0,0,0,0,24,0,86401,COMPLETE_SUFFICIENT
2010-09-01,24,0,0,0,0,24,0,86400,COMPLETE_SUFFICIENT
2010-09-02,24,0,0,0,0,24,0,86400,COMPLETE_SUFFICIENT
2010-09-03,24,0,0,0,0,24,0,86400,COMPLETE_SUFFICIENT
2010-09-04,24,0,0,0,0,24,0,86400,COMPLETE_SUFFICIENT
2010-09-05,24,0,0,0,0,24,0,86400,COMPLETE_SUFFICIENT
2010-09-06,24,0,0,0,0,24,0,86401,COMPLETE_SUFFICIENT
2010-09-07,19,0,5,0,0,24,0,68467,COMPLETE_SUFFICIENT
2010-09-08,24,0,0,0,0,24,0,86400,COMPLETE_SUFFICIENT
2010-09-09,24,0,0,0,0,24,0,86384,COMPLETE_SUFFICIENT
2010-09-10,24,0,0,0,0,24,0,86384,COMPLETE_SUFFICIENT
2010-09-11,24,0,0,0,0,24,0,86400,COMPLETE_SUFFICIENT
2010-09-12,24,0,0,0,0,24,0,86400,COMPLETE_SUFFICIENT
2010-09-13,24,0,0,0,0,24,0,86381,COMPLETE_SUFFICIENT
2010-09-14,24,0,0,0,0,24,0,86392,COMPLETE_SUFFICIENT
2010-09-15,24,0,0,0,0,24,0,86392,COMPLETE_SUFFICIENT
2010-09-16,24,0,0,0,0,24,0,86400,COMPLETE_SUFFICIENT
2010-09-17,24,0,0,0,0,24,0,86384,COMPLETE_SUFFICIENT
2010-09-18,24,0,0,0,0,24,0,86376,COMPLETE_SUFFICIENT
2010-09-19,24,0,0,0,0,24,0,86401,COMPLETE_SUFFICIENT
2010-09-20,24,0,0,0,0,24,0,86392,COMPLETE_SUFFICIENT
2010-09-21,24,0,0,0,0,24,0,86376,COMPLETE_SUFFICIENT
2010-09-22,24,0,0,0,0,24,0,86400,COMPLETE_SUFFICIENT
2010-09-23,24,0,0,0,0,24,0,86400,COMPLETE_SUFFICIENT
2010-09-24,24,0,0,0,0,24,0,86376,COMPLETE_SUFFICIENT
2010-09-25,24,0,0,0,0,24,0,86376,COMPLETE_SUFFICIENT
2010-09-26,24,0,0,0,0,24,0,86401,COMPLETE_SUFFICIENT
2010-09-27,24,0,0,0,0,24,0,86400,COMPLETE_SUFFICIENT
2010-09-28,19,0,5,0,0,24,0,68475,COMPLETE_SUFFICIENT
2010-09-29,24,0,0,0,0,24,0,86392,COMPLETE_SUFFICIENT
2010-09-30,24,0,0,0,0,24,0,86400,COMPLETE_SUFFICIENT
2010-10-01,24,0,0,0,0,24,0,86400,COMPLETE_SUFFICIENT
2010-10-02,24,0,0,0,0,24,0,86401,COMPLETE_SUFFICIENT
2010-10-03,24,0,0,0,0,24,0,86400,COMPLETE_SUFFICIENT
2010-10-04,24,0,0,0,0,24,0,86400,COMPLETE_SUFFICIENT
2010-10-05,24,0,0,0,0,24,0,86384,COMPLETE_SUFFICIENT
2010-10-06,24,0,0,0,0,24,0,86392,COMPLETE_SUFFICIENT
2010-10-07,24,0,0,0,0,24,0,86400,COMPLETE_SUFFICIENT
2010-10-08,18,1,0,1,4,19,1,63084,PARTIAL
2010-10-09,24,0,0,0,0,24,0,86024,COMPLETE_SUFFICIENT
2010-10-10,24,0,0,0,0,24,0,86376,COMPLETE_SUFFICIENT
2010-10-11,24,0,0,0,0,24,0,86392,COMPLETE_SUFFICIENT
2010-10-12,24,0,0,0,0,24,0,86392,COMPLETE_SUFFICIENT
2010-10-13,24,0,0,0,0,24,0,86400,COMPLETE_SUFFICIENT
2010-10-14,24,0,0,0,0,24,0,86400,COMPLETE_SUFFICIENT
2010-10-15,20,0,4,0,0,24,0,70886,COMPLETE_SUFFICIENT
2010-10-16,24,0,0,0,0,24,0,86392,COMPLETE_SUFFICIENT
2010-10-17,24,0,0,0,0,24,0,86376,COMPLETE_SUFFICIENT
2010-10-18,24,0,0,0,0,24,0,86392,COMPLETE_SUFFICIENT
2010-10-19,24,0,0,0,0,24,0,86376,COMPLETE_SUFFICIENT
2010-10-20,24,0,0,0,0,24,0,86392,COMPLETE_SUFFICIENT
2010-10-21,24,0,0,0,0,24,0,86400,COMPLETE_SUFFICIENT
2010-10-22,24,0,0,0,0,24,0,86393,COMPLETE_SUFFICIENT
2010-10-23,24,0,0,0,0,24,0,86400,COMPLETE_SUFFICIENT
2010-10-24,24,0,0,0,0,24,0,86400,COMPLETE_SUFFICIENT
2010-10-25,24,0,0,0,0,24,0,86392,COMPLETE_SUFFICIENT
2010-10-26,24,0,0,0,0,24,0,86376,COMPLETE_SUFFICIENT
2010-10-27,24,0,0,0,0,24,0,86392,COMPLETE_SUFFICIENT
2010-10-28,19,1,4,0,0,24,0,68574,COMPLETE_SUFFICIENT
2010-10-29,24,0,0,0,0,24,0,86400,COMPLETE_SUFFICIENT
2010-10-30,24,0,0,0,0,24,0,86392,COMPLETE_SUFFICIENT
2010-10-31,24,0,0,0,0,24,0,86400,COMPLETE_SUFFICIENT
2010-11-01,24,0,0,0,0,24,0,86400,COMPLETE_SUFFICIENT
2010-11-02,24,0,0,0,0,24,0,86400,COMPLETE_SUFFICIENT
2010-11-03,20,0,4,0,0,24,0,71307,COMPLETE_SUFFICIENT
2010-11-04,24,0,0,0,0,24,0,86400,COMPLETE_SUFFICIENT
2010-11-05,24,0,0,0,0,24,0,86384,COMPLETE_SUFFICIENT
2010-11-06,24,0,0,0,0,24,0,86380,COMPLETE_SUFFICIENT
2010-11-07,24,0,0,0,0,24,0,86400,COMPLETE_SUFFICIENT
2010-11-08,24,0,0,0,0,24,0,86400,COMPLETE_SUFFICIENT
2010-11-09,24,0,0,0,0,24,0,86392,COMPLETE_SUFFICIENT
2010-11-10,20,0,4,0,0,24,0,70612,COMPLETE_SUFFICIENT
2010-11-11,24,0,0,0,0,24,0,86392,COMPLETE_SUFFICIENT
2010-11-12,24,0,0,0,0,24,0,86384,COMPLETE_SUFFICIENT
2010-11-13,24,0,0,0,0,24,0,86400,COMPLETE_SUFFICIENT
2010-11-14,24,0,0,0,0,24,0,86384,COMPLETE_SUFFICIENT
2010-11-15,24,0,0,0,0,24,0,86400,COMPLETE_SUFFICIENT
2010-11-16,24,0,0,0,0,24,0,86400,COMPLETE_SUFFICIENT
2010-11-17,19,0,5,0,0,24,0,68476,COMPLETE_SUFFICIENT
2010-11-18,24,0,0,0,0,24,0,86368,COMPLETE_SUFFICIENT
2010-11-19,24,0,0,0,0,24,0,86392,COMPLETE_SUFFICIENT
2010-11-20,24,0,0,0,0,24,0,86400,COMPLETE_SUFFICIENT
2010-11-21,24,0,0,0,0,24,0,86392,COMPLETE_SUFFICIENT
2010-11-22,24,0,0,0,0,24,0,86376,COMPLETE_SUFFICIENT
2010-11-23,20,0,4,0,0,24,0,71107,COMPLETE_SUFFICIENT
2010-11-24,24,0,0,0,0,24,0,86392,COMPLETE_SUFFICIENT
2010-11-25,24,0,0,0,0,24,0,86400,COMPLETE_SUFFICIENT
2010-11-26,24,0,0,0,0,24,0,86400,COMPLETE_SUFFICIENT
2010-11-27,24,0,0,0,0,24,0,86376,COMPLETE_SUFFICIENT
2010-11-28,24,0,0,0,0,24,0,86400,COMPLETE_SUFFICIENT
2010-11-29,24,0,0,0,0,24,0,86393,COMPLETE_SUFFICIENT
2010-11-30,24,0,0,0,0,24,0,86400,COMPLETE_SUFFICIENT
2010-12-01,24,0,0,0,0,24,0,86400,COMPLETE_SUFFICIENT
2010-12-02,24,0,0,0,0,24,0,86400,COMPLETE_SUFFICIENT
2010-12-03,21,0,3,0,0,24,0,75645,COMPLETE_SUFFICIENT
2010-12-04,24,0,0,0,0,24,0,86376,COMPLETE_SUFFICIENT
2010-12-05,24,0,0,0,0,24,0,86400,COMPLETE_SUFFICIENT
2010-12-06,24,0,0,0,0,24,0,86393,COMPLETE_SUFFICIENT
2010-12-07,24,0,0,0,0,24,0,86368,COMPLETE_SUFFICIENT
2010-12-08,24,0,0,0,0,24,0,86392,COMPLETE_SUFFICIENT
2010-12-09,24,0,0,0,0,24,0,86400,COMPLETE_SUFFICIENT
2010-12-10,24,0,0,0,0,24,0,86400,COMPLETE_SUFFICIENT
2010-12-11,24,0,0,0,0,24,0,86400,COMPLETE_SUFFICIENT
2010-12-12,24,0,0,0,0,22,2,81144,COMPLETE_WITH_BEST_AVAILABLE
2010-12-13,17,0,7,0,0,24,0,61306,COMPLETE_SUFFICIENT
2010-12-14,24,0,0,0,0,24,0,86352,COMPLETE_SUFFICIENT
2010-12-15,24,0,0,0,0,24,0,86392,COMPLETE_SUFFICIENT
2010-12-16,24,0,0,0,0,24,0,86360,COMPLETE_SUFFICIENT
2010-12-17,24,0,0,0,0,24,0,86376,COMPLETE_SUFFICIENT
2010-12-18,24,0,0,0,0,24,0,86392,COMPLETE_SUFFICIENT
2010-12-19,24,0,0,0,0,24,0,86401,COMPLETE_SUFFICIENT
2010-12-20,24,0,0,0,0,24,0,86400,COMPLETE_SUFFICIENT
2010-12-21,24,0,0,0,0,24,0,86400,COMPLETE_SUFFICIENT
2010-12-22,24,0,0,0,0,24,0,86400,COMPLETE_SUFFICIENT
2010-12-23,19,0,5,0,0,24,0,68475,COMPLETE_SUFFICIENT
2010-12-24,24,0,0,0,0,24,0,86400,COMPLETE_SUFFICIENT
2010-12-25,24,0,0,0,0,24,0,86384,COMPLETE_SUFFICIENT
2010-12-26,24,0,0,0,0,24,0,86393,COMPLETE_SUFFICIENT
2010-12-27,24,0,0,0,0,24,0,86392,COMPLETE_SUFFICIENT
2010-12-28,24,0,0,0,0,24,0,86400,COMPLETE_SUFFICIENT
2010-12-29,24,0,0,0,0,24,0,86400,COMPLETE_SUFFICIENT
2010-12-30,24,0,0,0,0,24,0,86400,COMPLETE_SUFFICIENT
2010-12-31,24,0,0,0,0,24,0,86376,COMPLETE_SUFFICIENT
2011-01-01,24,0,0,0,0,24,0,86393,COMPLETE_SUFFICIENT
2011-01-02,24,0,0,0,0,24,0,86400,COMPLETE_SUFFICIENT
2011-01-03,24,0,0,0,0,24,0,86400,COMPLETE_SUFFICIENT
2011-01-04,24,0,0,0,0,24,0,86392,COMPLETE_SUFFICIENT
2011-01-05,20,0,4,0,0,24,0,70664,COMPLETE_SUFFICIENT
2011-01-06,24,0,0,0,0,24,0,86392,COMPLETE_SUFFICIENT
2011-01-07,24,0,0,0,0,24,0,86384,COMPLETE_SUFFICIENT
2011-01-08,24,0,0,0,0,24,0,86377,COMPLETE_SUFFICIENT
2011-01-09,24,0,0,0,0,24,0,86392,COMPLETE_SUFFICIENT
2011-01-10,24,0,0,0,0,24,0,86384,COMPLETE_SUFFICIENT
2011-01-11,24,0,0,0,0,24,0,86400,COMPLETE_SUFFICIENT
2011-01-12,24,0,0,0,0,24,0,86384,COMPLETE_SUFFICIENT
2011-01-13,24,0,0,0,0,24,0,86368,COMPLETE_SUFFICIENT
2011-01-14,24,0,0,0,0,24,0,86353,COMPLETE_SUFFICIENT
2011-01-15,24,0,0,0,0,24,0,86360,COMPLETE_SUFFICIENT
2011-01-16,24,0,0,0,0,24,0,86336,COMPLETE_SUFFICIENT
2011-01-17,24,0,0,0,0,24,0,86344,COMPLETE_SUFFICIENT
2011-01-18,24,0,0,0,0,24,0,86368,COMPLETE_SUFFICIENT
2011-01-19,24,0,0,0,0,24,0,86352,COMPLETE_SUFFICIENT
2011-01-20,24,0,0,0,0,24,0,86392,COMPLETE_SUFFICIENT
2011-01-21,20,0,4,0,0,24,0,70178,COMPLETE_SUFFICIENT
2011-01-22,24,0,0,0,0,24,0,86368,COMPLETE_SUFFICIENT
2011-01-23,24,0,0,0,0,24,0,86400,COMPLETE_SUFFICIENT
2011-01-24,24,0,0,0,0,24,0,86392,COMPLETE_SUFFICIENT
2011-01-25,24,0,0,0,0,24,0,86400,COMPLETE_SUFFICIENT
2011-01-26,24,0,0,0,0,24,0,86400,COMPLETE_SUFFICIENT
2011-01-27,24,0,0,0,0,24,0,86401,COMPLETE_SUFFICIENT
2011-01-28,24,0,0,0,0,24,0,86400,COMPLETE_SUFFICIENT
2011-01-29,24,0,0,0,0,24,0,86384,COMPLETE_SUFFICIENT
2011-01-30,24,0,0,0,0,24,0,86384,COMPLETE_SUFFICIENT
2011-01-31,24,0,0,0,0,24,0,86400,COMPLETE_SUFFICIENT
2011-02-01,24,0,0,0,0,24,0,86400,COMPLETE_SUFFICIENT
2011-02-02,24,0,0,0,0,24,0,86400,COMPLETE_SUFFICIENT
2011-02-03,24,0,0,0,0,24,0,86401,COMPLETE_SUFFICIENT
2011-02-04,24,0,0,0,0,24,0,86384,COMPLETE_SUFFICIENT
2011-02-05,24,0,0,0,0,24,0,86400,COMPLETE_SUFFICIENT
2011-02-06,24,0,0,0,0,24,0,86400,COMPLETE_SUFFICIENT
2011-02-07,19,0,5,0,0,24,0,68435,COMPLETE_SUFFICIENT
2011-02-08,24,0,0,0,0,24,0,86392,COMPLETE_SUFFICIENT
2011-02-09,24,0,0,0,0,24,0,86401,COMPLETE_SUFFICIENT
2011-02-10,24,0,0,0,0,24,0,86400,COMPLETE_SUFFICIENT
2011-02-11,24,0,0,0,0,24,0,86400,COMPLETE_SUFFICIENT
2011-02-12,24,0,0,0,0,24,0,86384,COMPLETE_SUFFICIENT
2011-02-13,24,0,0,0,0,24,0,86400,COMPLETE_SUFFICIENT
2011-02-14,24,0,0,0,0,24,0,86368,COMPLETE_SUFFICIENT
2011-02-15,24,0,0,0,0,24,0,86392,COMPLETE_SUFFICIENT
2011-02-16,24,0,0,0,0,24,0,86385,COMPLETE_SUFFICIENT
2011-02-17,24,0,0,0,0,24,0,86400,COMPLETE_SUFFICIENT
2011-02-18,24,0,0,0,0,24,0,86264,COMPLETE_SUFFICIENT
2011-02-19,24,0,0,0,0,24,0,86400,COMPLETE_SUFFICIENT
2011-02-20,24,0,0,0,0,24,0,86400,COMPLETE_SUFFICIENT
2011-02-21,24,0,0,0,0,24,0,86392,COMPLETE_SUFFICIENT
2011-02-22,24,0,0,0,0,24,0,86388,COMPLETE_SUFFICIENT
2011-02-23,24,0,0,0,0,24,0,86400,COMPLETE_SUFFICIENT
2011-02-24,24,0,0,0,0,24,0,86400,COMPLETE_SUFFICIENT
2011-02-25,18,0,6,0,0,24,0,64196,COMPLETE_SUFFICIENT
2011-02-26,24,0,0,0,0,24,0,86392,COMPLETE_SUFFICIENT
2011-02-27,24,0,0,0,0,24,0,86392,COMPLETE_SUFFICIENT
2011-02-28,24,0,0,0,0,24,0,86392,COMPLETE_SUFFICIENT
2011-03-01,24,0,0,0,0,24,0,86385,COMPLETE_SUFFICIENT
2011-03-02,24,0,0,0,0,24,0,86360,COMPLETE_SUFFICIENT
2011-03-03,24,0,0,0,0,24,0,86336,COMPLETE_SUFFICIENT
2011-03-04,24,0,0,0,0,24,0,86400,COMPLETE_SUFFICIENT
2011-03-05,24,0,0,0,0,24,0,86392,COMPLETE_SUFFICIENT
2011-03-06,24,0,0,0,0,24,0,86400,COMPLETE_SUFFICIENT
2011-03-07,24,0,0,0,0,24,0,86401,COMPLETE_SUFFICIENT
2011-03-08,24,0,0,0,0,24,0,86400,COMPLETE_SUFFICIENT
2011-03-09,24,0,0,0,0,24,0,86400,COMPLETE_SUFFICIENT
2011-03-10,24,0,0,0,0,24,0,86400,COMPLETE_SUFFICIENT
2011-03-11,24,0,0,0,0,24,0,86400,COMPLETE_SUFFICIENT
2011-03-12,24,0,0,0,0,24,0,86384,COMPLETE_SUFFICIENT
2011-03-13,24,0,0,0,0,24,0,86400,COMPLETE_SUFFICIENT
2011-03-14,24,0,0,0,0,24,0,86393,COMPLETE_SUFFICIENT
2011-03-15,24,0,0,0,0,24,0,86376,COMPLETE_SUFFICIENT
2011-03-16,24,0,0,0,0,24,0,86400,COMPLETE_SUFFICIENT
2011-03-17,20,0,4,0,0,24,0,70406,COMPLETE_SUFFICIENT
2011-03-18,24,0,0,0,0,24,0,86400,COMPLETE_SUFFICIENT
2011-03-19,24,0,0,0,0,24,0,86400,COMPLETE_SUFFICIENT
2011-03-20,24,0,0,0,0,24,0,86393,COMPLETE_SUFFICIENT
2011-03-21,24,0,0,0,0,24,0,86375,COMPLETE_SUFFICIENT
2011-03-22,24,0,0,0,0,24,0,86392,COMPLETE_SUFFICIENT
2011-03-23,24,0,0,0,0,24,0,86400,COMPLETE_SUFFICIENT
2011-03-24,24,0,0,0,0,24,0,86392,COMPLETE_SUFFICIENT
2011-03-25,24,0,0,0,0,24,0,86384,COMPLETE_SUFFICIENT
2011-03-26,24,0,0,0,0,24,0,86392,COMPLETE_SUFFICIENT
2011-03-27,24,0,0,0,0,24,0,86401,COMPLETE_SUFFICIENT
2011-03-28,24,0,0,0,0,24,0,86400,COMPLETE_SUFFICIENT
2011-03-29,24,0,0,0,0,24,0,86376,COMPLETE_SUFFICIENT
2011-03-30,24,0,0,0,0,24,0,86400,COMPLETE_SUFFICIENT
2011-03-31,24,0,0,0,0,24,0,86400,COMPLETE_SUFFICIENT
2011-04-01,24,0,0,0,0,24,0,86400,COMPLETE_SUFFICIENT
2011-04-02,24,0,0,0,0,24,0,86401,COMPLETE_SUFFICIENT
2011-04-03,24,0,0,0,0,24,0,86384,COMPLETE_SUFFICIENT
2011-04-04,19,0,5,0,0,24,0,68475,COMPLETE_SUFFICIENT
2011-04-05,24,0,0,0,0,24,0,86384,COMPLETE_SUFFICIENT
2011-04-06,24,0,0,0,0,24,0,86384,COMPLETE_SUFFICIENT
2011-04-07,24,0,0,0,0,24,0,86400,COMPLETE_SUFFICIENT
2011-04-08,24,0,0,0,0,24,0,86393,COMPLETE_SUFFICIENT
2011-04-09,24,0,0,0,0,24,0,86400,COMPLETE_SUFFICIENT
2011-04-10,24,0,0,0,0,24,0,86392,COMPLETE_SUFFICIENT
2011-04-11,24,0,0,0,0,24,0,86352,COMPLETE_SUFFICIENT
2011-04-12,24,0,0,0,0,24,0,86384,COMPLETE_SUFFICIENT
2011-04-13,24,0,0,0,0,24,0,86360,COMPLETE_SUFFICIENT
2011-04-14,24,0,0,0,0,24,0,86392,COMPLETE_SUFFICIENT
2011-04-15,24,0,0,0,0,24,0,86401,COMPLETE_SUFFICIENT
2011-04-16,24,0,0,0,0,24,0,86392,COMPLETE_SUFFICIENT
2011-04-17,24,0,0,0,0,24,0,86400,COMPLETE_SUFFICIENT
2011-04-18,24,0,0,0,0,24,0,86360,COMPLETE_SUFFICIENT
2011-04-19,19,0,5,0,0,24,0,68459,COMPLETE_SUFFICIENT
2011-04-20,24,0,0,0,0,24,0,86344,COMPLETE_SUFFICIENT
2011-04-21,24,0,0,0,0,24,0,86393,COMPLETE_SUFFICIENT
2011-04-22,24,0,0,0,0,24,0,86400,COMPLETE_SUFFICIENT
2011-04-23,24,0,0,0,0,24,0,86400,COMPLETE_SUFFICIENT
2011-04-24,24,0,0,0,0,24,0,86400,COMPLETE_SUFFICIENT
2011-04-25,24,0,0,0,0,24,0,86392,COMPLETE_SUFFICIENT
2011-04-26,24,0,0,0,0,24,0,86400,COMPLETE_SUFFICIENT
2011-04-27,24,0,0,0,0,24,0,86400,COMPLETE_SUFFICIENT
2011-04-28,24,0,0,0,0,24,0,86401,COMPLETE_SUFFICIENT
2011-04-29,20,0,4,0,0,24,0,71023,COMPLETE_SUFFICIENT
2011-04-30,24,0,0,0,0,24,0,86360,COMPLETE_SUFFICIENT
2011-05-01,24,0,0,0,0,24,0,86392,COMPLETE_SUFFICIENT
2011-05-02,24,0,0,0,0,24,0,86384,COMPLETE_SUFFICIENT
2011-05-03,24,0,0,0,0,24,0,86392,COMPLETE_SUFFICIENT
2011-05-04,24,0,0,0,0,24,0,86393,COMPLETE_SUFFICIENT
2011-05-05,24,0,0,0,0,24,0,86400,COMPLETE_SUFFICIENT
2011-05-06,24,0,0,0,0,24,0,86400,COMPLETE_SUFFICIENT
2011-05-07,24,0,0,0,0,24,0,86400,COMPLETE_SUFFICIENT
2011-05-08,24,0,0,0,0,24,0,86400,COMPLETE_SUFFICIENT
2011-05-09,20,0,4,0,0,24,0,70497,COMPLETE_SUFFICIENT
2011-05-10,24,0,0,0,0,24,0,86377,COMPLETE_SUFFICIENT
2011-05-11,24,0,0,0,0,24,0,86400,COMPLETE_SUFFICIENT
2011-05-12,24,0,0,0,0,24,0,86392,COMPLETE_SUFFICIENT
2011-05-13,24,0,0,0,0,24,0,86376,COMPLETE_SUFFICIENT
2011-05-14,24,0,0,0,0,24,0,86391,COMPLETE_SUFFICIENT
2011-05-15,24,0,0,0,0,24,0,86392,COMPLETE_SUFFICIENT
2011-05-16,24,0,0,0,0,24,0,86393,COMPLETE_SUFFICIENT
2011-05-17,20,0,4,0,0,24,0,70711,COMPLETE_SUFFICIENT
2011-05-18,24,0,0,0,0,24,0,86344,COMPLETE_SUFFICIENT
2011-05-19,24,0,0,0,0,24,0,86392,COMPLETE_SUFFICIENT
2011-05-20,24,0,0,0,0,24,0,86400,COMPLETE_SUFFICIENT
2011-05-21,24,0,0,0,0,24,0,86400,COMPLETE_SUFFICIENT
2011-05-22,24,0,0,0,0,24,0,86392,COMPLETE_SUFFICIENT
2011-05-23,24,0,0,0,0,24,0,86393,COMPLETE_SUFFICIENT
2011-05-24,24,0,0,0,0,24,0,86344,COMPLETE_SUFFICIENT
2011-05-25,24,0,0,0,0,24,0,86368,COMPLETE_SUFFICIENT
2011-05-26,19,0,5,0,0,24,0,68459,COMPLETE_SUFFICIENT
2011-05-27,24,0,0,0,0,24,0,86392,COMPLETE_SUFFICIENT
2011-05-28,24,0,0,0,0,24,0,86352,COMPLETE_SUFFICIENT
2011-05-29,24,0,0,0,0,24,0,86377,COMPLETE_SUFFICIENT
2011-05-30,24,0,0,0,0,24,0,86360,COMPLETE_SUFFICIENT
2011-05-31,24,0,0,0,0,24,0,86384,COMPLETE_SUFFICIENT
2011-06-01,24,0,0,0,0,24,0,86376,COMPLETE_SUFFICIENT
2011-06-02,24,0,0,0,0,24,0,86400,COMPLETE_SUFFICIENT
2011-06-03,24,0,0,0,0,24,0,86392,COMPLETE_SUFFICIENT
2011-06-04,24,0,0,0,0,24,0,86401,COMPLETE_SUFFICIENT
2011-06-05,24,0,0,0,0,24,0,86360,COMPLETE_SUFFICIENT
2011-06-06,19,0,5,0,0,24,0,68475,COMPLETE_SUFFICIENT
2011-06-07,24,0,0,0,0,24,0,86400,COMPLETE_SUFFICIENT
2011-06-08,24,0,0,0,0,24,0,86384,COMPLETE_SUFFICIENT
2011-06-09,24,0,0,0,0,24,0,86400,COMPLETE_SUFFICIENT
2011-06-10,24,0,0,0,0,24,0,86401,COMPLETE_SUFFICIENT
2011-06-11,24,0,0,0,0,24,0,86376,COMPLETE_SUFFICIENT
2011-06-12,24,0,0,0,0,24,0,86376,COMPLETE_SUFFICIENT
2011-06-13,24,0,0,0,0,24,0,86384,COMPLETE_SUFFICIENT
2011-06-14,24,0,0,0,0,24,0,86400,COMPLETE_SUFFICIENT
2011-06-15,24,0,0,0,0,24,0,86392,COMPLETE_SUFFICIENT
2011-06-16,24,0,0,0,0,24,0,86385,COMPLETE_SUFFICIENT
2011-06-17,19,0,5,0,0,24,0,66780,COMPLETE_SUFFICIENT
2011-06-18,24,0,0,0,0,24,0,86384,COMPLETE_SUFFICIENT
2011-06-19,24,0,0,0,0,24,0,86400,COMPLETE_SUFFICIENT
2011-06-20,24,0,0,0,0,24,0,86360,COMPLETE_SUFFICIENT
2011-06-21,24,0,0,0,0,24,0,86376,COMPLETE_SUFFICIENT
2011-06-22,24,0,0,0,0,24,0,86400,COMPLETE_SUFFICIENT
2011-06-23,24,0,0,0,0,24,0,86401,COMPLETE_SUFFICIENT
2011-06-24,24,0,0,0,0,24,0,86384,COMPLETE_SUFFICIENT
2011-06-25,24,0,0,0,0,24,0,86400,COMPLETE_SUFFICIENT
2011-06-26,24,0,0,0,0,24,0,86376,COMPLETE_SUFFICIENT
2011-06-27,24,0,0,0,0,24,0,86392,COMPLETE_SUFFICIENT
2011-06-28,24,0,0,0,0,24,0,86400,COMPLETE_SUFFICIENT
2011-06-29,24,0,0,0,0,24,0,86401,COMPLETE_SUFFICIENT
2011-06-30,18,0,6,0,0,24,0,63628,COMPLETE_SUFFICIENT
2011-07-01,24,0,0,0,0,24,0,86400,COMPLETE_SUFFICIENT
2011-07-02,24,0,0,0,0,24,0,86400,COMPLETE_SUFFICIENT
2011-07-03,24,0,0,0,0,24,0,86400,COMPLETE_SUFFICIENT
2011-07-04,24,0,0,0,0,24,0,86400,COMPLETE_SUFFICIENT
2011-07-05,24,0,0,0,0,24,0,86393,COMPLETE_SUFFICIENT
2011-07-06,24,0,0,0,0,24,0,86392,COMPLETE_SUFFICIENT
2011-07-07,24,0,0,0,0,24,0,86374,COMPLETE_SUFFICIENT
2011-07-08,18,0,0,1,5,19,0,63923,PARTIAL
2011-07-09,24,0,0,0,0,24,0,86400,COMPLETE_SUFFICIENT
2011-07-10,24,0,0,0,0,24,0,86344,COMPLETE_SUFFICIENT
2011-07-11,24,0,0,0,0,24,0,86393,COMPLETE_SUFFICIENT
2011-07-12,24,0,0,0,0,24,0,86360,COMPLETE_SUFFICIENT
2011-07-13,24,0,0,0,0,24,0,86368,COMPLETE_SUFFICIENT
2011-07-14,24,0,0,0,0,24,0,86384,COMPLETE_SUFFICIENT
2011-07-15,20,0,4,0,0,24,0,70879,COMPLETE_SUFFICIENT
2011-07-16,24,0,0,0,0,24,0,86400,COMPLETE_SUFFICIENT
2011-07-17,24,0,0,0,0,24,0,86384,COMPLETE_SUFFICIENT
2011-07-18,24,0,0,0,0,24,0,86401,COMPLETE_SUFFICIENT
2011-07-19,24,0,0,0,0,24,0,86400,COMPLETE_SUFFICIENT
2011-07-20,24,0,0,0,0,24,0,86368,COMPLETE_SUFFICIENT
2011-07-21,24,0,0,0,0,24,0,86376,COMPLETE_SUFFICIENT
2011-07-22,24,0,0,0,0,24,0,86400,COMPLETE_SUFFICIENT
2011-07-23,24,0,0,0,0,24,0,86368,COMPLETE_SUFFICIENT
2011-07-24,24,0,0,0,0,24,0,86385,COMPLETE_SUFFICIENT
2011-07-25,24,0,0,0,0,24,0,86400,COMPLETE_SUFFICIENT
2011-07-26,24,0,0,0,0,24,0,86392,COMPLETE_SUFFICIENT
2011-07-27,24,0,0,0,0,24,0,86400,COMPLETE_SUFFICIENT
2011-07-28,24,0,0,0,0,24,0,86400,COMPLETE_SUFFICIENT
2011-07-29,24,0,0,0,0,24,0,86400,COMPLETE_SUFFICIENT
2011-07-30,24,0,0,0,0,24,0,86393,COMPLETE_SUFFICIENT
2011-07-31,24,0,0,0,0,24,0,86392,COMPLETE_SUFFICIENT
2011-08-01,24,0,0,0,0,24,0,86400,COMPLETE_SUFFICIENT
2011-08-02,24,0,0,0,0,24,0,86400,COMPLETE_SUFFICIENT
2011-08-03,20,0,4,0,0,24,0,70440,COMPLETE_SUFFICIENT
2011-08-04,24,0,0,0,0,24,0,86400,COMPLETE_SUFFICIENT
2011-08-05,24,0,0,0,0,24,0,86401,COMPLETE_SUFFICIENT
2011-08-06,24,0,0,0,0,24,0,86344,COMPLETE_SUFFICIENT
2011-08-07,24,0,0,0,0,24,0,86400,COMPLETE_SUFFICIENT
2011-08-08,24,0,0,0,0,24,0,86392,COMPLETE_SUFFICIENT
2011-08-09,24,0,0,0,0,24,0,86368,COMPLETE_SUFFICIENT
2011-08-10,19,0,5,0,0,24,0,68475,COMPLETE_SUFFICIENT
2011-08-11,24,0,0,0,0,24,0,86400,COMPLETE_SUFFICIENT
2011-08-12,24,0,0,0,0,24,0,86401,COMPLETE_SUFFICIENT
2011-08-13,24,0,0,0,0,24,0,86376,COMPLETE_SUFFICIENT
2011-08-14,24,0,0,0,0,24,0,86392,COMPLETE_SUFFICIENT
2011-08-15,24,0,0,0,0,24,0,86368,COMPLETE_SUFFICIENT
2011-08-16,24,0,0,0,0,24,0,86360,COMPLETE_SUFFICIENT
2011-08-17,24,0,0,0,0,24,0,86392,COMPLETE_SUFFICIENT
2011-08-18,24,0,0,0,0,24,0,86377,COMPLETE_SUFFICIENT
2011-08-19,24,0,0,0,0,24,0,86392,COMPLETE_SUFFICIENT
2011-08-20,24,0,0,0,0,24,0,86392,COMPLETE_SUFFICIENT
2011-08-21,24,0,0,0,0,24,0,86400,COMPLETE_SUFFICIENT
2011-08-22,24,0,0,0,0,24,0,86392,COMPLETE_SUFFICIENT
2011-08-23,24,0,0,0,0,24,0,86400,COMPLETE_SUFFICIENT
2011-08-24,24,0,0,0,0,24,0,86385,COMPLETE_SUFFICIENT
2011-08-25,24,0,0,0,0,24,0,86400,COMPLETE_SUFFICIENT
2011-08-26,24,0,0,0,0,24,0,86208,COMPLETE_SUFFICIENT
2011-08-27,24,0,0,0,0,24,0,86392,COMPLETE_SUFFICIENT
2011-08-28,24,0,0,0,0,24,0,86376,COMPLETE_SUFFICIENT
2011-08-29,24,0,0,0,0,24,0,86384,COMPLETE_SUFFICIENT
2011-08-30,20,0,4,0,0,24,0,70546,COMPLETE_SUFFICIENT
2011-08-31,24,0,0,0,0,24,0,86392,COMPLETE_SUFFICIENT
2011-09-01,24,0,0,0,0,24,0,86400,COMPLETE_SUFFICIENT
2011-09-02,24,0,0,0,0,24,0,86400,COMPLETE_SUFFICIENT
2011-09-03,24,0,0,0,0,24,0,86376,COMPLETE_SUFFICIENT
2011-09-04,24,0,0,0,0,24,0,86376,COMPLETE_SUFFICIENT
2011-09-05,24,0,0,0,0,24,0,86393,COMPLETE_SUFFICIENT
2011-09-06,24,0,0,0,0,24,0,86400,COMPLETE_SUFFICIENT
2011-09-07,24,0,0,0,0,24,0,86144,COMPLETE_SUFFICIENT
2011-09-08,24,0,0,0,0,24,0,86192,COMPLETE_SUFFICIENT
2011-09-09,24,0,0,0,0,24,0,86144,COMPLETE_SUFFICIENT
2011-09-10,24,0,0,0,0,24,0,86168,COMPLETE_SUFFICIENT
2011-09-11,24,0,0,0,0,24,0,85945,COMPLETE_SUFFICIENT
2011-09-12,24,0,0,0,0,24,0,86176,COMPLETE_SUFFICIENT
2011-09-13,24,0,0,0,0,24,0,86176,COMPLETE_SUFFICIENT
2011-09-14,24,0,0,0,0,24,0,86352,COMPLETE_SUFFICIENT
2011-09-15,16,0,0,2,6,18,0,57370,PARTIAL
2011-09-16,24,0,0,0,0,24,0,86368,COMPLETE_SUFFICIENT
2011-09-17,24,0,0,0,0,24,0,86360,COMPLETE_SUFFICIENT
2011-09-18,24,0,0,0,0,24,0,86081,COMPLETE_SUFFICIENT
2011-09-19,24,0,0,0,0,24,0,86080,COMPLETE_SUFFICIENT
2011-09-20,24,0,0,0,0,24,0,86168,COMPLETE_SUFFICIENT
2011-09-21,20,0,4,0,0,24,0,70632,COMPLETE_SUFFICIENT
2011-09-22,24,0,0,0,0,24,0,85592,COMPLETE_SUFFICIENT
2011-09-23,24,0,0,0,0,24,0,86168,COMPLETE_SUFFICIENT
2011-09-24,24,0,0,0,0,24,0,86161,COMPLETE_SUFFICIENT
2011-09-25,24,0,0,0,0,24,0,86176,COMPLETE_SUFFICIENT
2011-09-26,24,0,0,0,0,24,0,86160,COMPLETE_SUFFICIENT
2011-09-27,24,0,0,0,0,24,0,86136,COMPLETE_SUFFICIENT
2011-09-28,24,0,0,0,0,24,0,86160,COMPLETE_SUFFICIENT
2011-09-29,24,0,0,0,0,24,0,86176,COMPLETE_SUFFICIENT
2011-09-30,24,0,0,0,0,24,0,86153,COMPLETE_SUFFICIENT
2011-10-01,24,0,0,0,0,24,0,86160,COMPLETE_SUFFICIENT
2011-10-02,24,0,0,0,0,24,0,86176,COMPLETE_SUFFICIENT
2011-10-03,24,0,0,0,0,24,0,86376,COMPLETE_SUFFICIENT
2011-10-04,24,0,0,0,0,24,0,86152,COMPLETE_SUFFICIENT
2011-10-05,24,0,0,0,0,24,0,86168,COMPLETE_SUFFICIENT
2011-10-06,24,0,0,0,0,24,0,86192,COMPLETE_SUFFICIENT
2011-10-07,19,0,5,0,0,24,0,68476,COMPLETE_SUFFICIENT
2011-10-08,24,0,0,0,0,24,0,86168,COMPLETE_SUFFICIENT
2011-10-09,24,0,0,0,0,24,0,86168,COMPLETE_SUFFICIENT
2011-10-10,24,0,0,0,0,24,0,86120,COMPLETE_SUFFICIENT
2011-10-11,24,0,0,0,0,24,0,86144,COMPLETE_SUFFICIENT
2011-10-12,24,0,0,0,0,24,0,86400,COMPLETE_SUFFICIENT
2011-10-13,24,0,0,0,0,24,0,86401,COMPLETE_SUFFICIENT
2011-10-14,24,0,0,0,0,24,0,86392,COMPLETE_SUFFICIENT
2011-10-15,24,0,0,0,0,24,0,86392,COMPLETE_SUFFICIENT
2011-10-16,24,0,0,0,0,24,0,86392,COMPLETE_SUFFICIENT
2011-10-17,24,0,0,0,0,24,0,86392,COMPLETE_SUFFICIENT
2011-10-18,24,0,0,0,0,24,0,86392,COMPLETE_SUFFICIENT
2011-10-19,24,0,0,0,0,24,0,86401,COMPLETE_SUFFICIENT
2011-10-20,24,0,0,0,0,24,0,86392,COMPLETE_SUFFICIENT
2011-10-21,20,0,4,0,0,24,0,70769,COMPLETE_SUFFICIENT
2011-10-22,24,0,0,0,0,24,0,86400,COMPLETE_SUFFICIENT
2011-10-23,24,0,0,0,0,24,0,86381,COMPLETE_SUFFICIENT
2011-10-24,24,0,0,0,0,24,0,86304,COMPLETE_SUFFICIENT
2011-10-25,24,0,0,0,0,24,0,86392,COMPLETE_SUFFICIENT
2011-10-26,12,12,0,0,0,24,0,45901,COMPLETE_SUFFICIENT
2011-10-27,24,0,0,0,0,24,0,86400,COMPLETE_SUFFICIENT
2011-10-28,24,0,0,0,0,24,0,86400,COMPLETE_SUFFICIENT
2011-10-29,24,0,0,0,0,24,0,86400,COMPLETE_SUFFICIENT
2011-10-30,24,0,0,0,0,24,0,86384,COMPLETE_SUFFICIENT
2011-10-31,24,0,0,0,0,24,0,86392,COMPLETE_SUFFICIENT
2011-11-01,19,0,5,0,0,24,0,68452,COMPLETE_SUFFICIENT
2011-11-02,24,0,0,0,0,24,0,86400,COMPLETE_SUFFICIENT
2011-11-03,24,0,0,0,0,24,0,86400,COMPLETE_SUFFICIENT
2011-11-04,24,0,0,0,0,24,0,86400,COMPLETE_SUFFICIENT
2011-11-05,24,0,0,0,0,24,0,86400,COMPLETE_SUFFICIENT
2011-11-06,24,0,0,0,0,24,0,86384,COMPLETE_SUFFICIENT
2011-11-07,24,0,0,0,0,24,0,86401,COMPLETE_SUFFICIENT
2011-11-08,24,0,0,0,0,24,0,86368,COMPLETE_SUFFICIENT
2011-11-09,24,0,0,0,0,24,0,86400,COMPLETE_SUFFICIENT
2011-11-10,24,0,0,0,0,24,0,86384,COMPLETE_SUFFICIENT
2011-11-11,21,0,3,0,0,24,0,74061,COMPLETE_SUFFICIENT
2011-11-12,20,1,0,1,2,22,0,71182,PARTIAL
2011-11-13,19,0,0,2,3,21,0,67136,PARTIAL
2011-11-14,10,0,3,0,11,12,1,35255,PARTIAL
2011-11-15,22,2,0,0,0,24,0,79011,COMPLETE_SUFFICIENT
2011-11-16,24,0,0,0,0,24,0,86344,COMPLETE_SUFFICIENT
2011-11-17,24,0,0,0,0,24,0,86392,COMPLETE_SUFFICIENT
2011-11-18,24,0,0,0,0,24,0,86392,COMPLETE_SUFFICIENT
2011-11-19,24,0,0,0,0,24,0,86400,COMPLETE_SUFFICIENT
2011-11-20,24,0,0,0,0,24,0,86401,COMPLETE_SUFFICIENT
2011-11-21,21,0,3,0,0,24,0,74614,COMPLETE_SUFFICIENT
2011-11-22,23,1,0,0,0,24,0,82763,COMPLETE_SUFFICIENT
2011-11-23,24,0,0,0,0,24,0,86400,COMPLETE_SUFFICIENT
2011-11-24,24,0,0,0,0,24,0,86384,COMPLETE_SUFFICIENT
2011-11-25,24,0,0,0,0,24,0,86392,COMPLETE_SUFFICIENT
2011-11-26,24,0,0,0,0,24,0,86385,COMPLETE_SUFFICIENT
2011-11-27,24,0,0,0,0,24,0,86384,COMPLETE_SUFFICIENT
2011-11-28,24,0,0,0,0,24,0,86400,COMPLETE_SUFFICIENT
2011-11-29,24,0,0,0,0,24,0,85608,COMPLETE_SUFFICIENT
2011-11-30,24,0,0,0,0,24,0,86392,COMPLETE_SUFFICIENT
2011-12-01,24,0,0,0,0,24,0,86392,COMPLETE_SUFFICIENT
2011-12-02,21,0,3,0,0,24,0,75645,COMPLETE_SUFFICIENT
2011-12-03,22,2,0,0,0,24,0,79635,COMPLETE_SUFFICIENT
2011-12-04,24,0,0,0,0,24,0,86392,COMPLETE_SUFFICIENT
2011-12-05,24,0,0,0,0,24,0,86400,COMPLETE_SUFFICIENT
2011-12-06,24,0,0,0,0,24,0,86400,COMPLETE_SUFFICIENT
2011-12-07,24,0,0,0,0,24,0,86400,COMPLETE_SUFFICIENT
2011-12-08,24,0,0,0,0,24,0,86400,COMPLETE_SUFFICIENT
2011-12-09,24,0,0,0,0,24,0,86401,COMPLETE_SUFFICIENT
2011-12-10,24,0,0,0,0,24,0,86400,COMPLETE_SUFFICIENT
2011-12-11,24,0,0,0,0,24,0,86400,COMPLETE_SUFFICIENT
2011-12-12,24,0,0,0,0,24,0,86376,COMPLETE_SUFFICIENT
2011-12-13,24,0,0,0,0,24,0,86400,COMPLETE_SUFFICIENT
2011-12-14,24,0,0,0,0,24,0,86392,COMPLETE_SUFFICIENT
2011-12-15,20,0,4,0,0,24,0,70725,COMPLETE_SUFFICIENT
2011-12-16,24,0,0,0,0,24,0,86400,COMPLETE_SUFFICIENT
2011-12-17,24,0,0,0,0,24,0,86400,COMPLETE_SUFFICIENT
2011-12-18,24,0,0,0,0,24,0,86400,COMPLETE_SUFFICIENT
2011-12-19,24,0,0,0,0,24,0,86352,COMPLETE_SUFFICIENT
2011-12-20,24,0,0,0,0,24,0,86392,COMPLETE_SUFFICIENT
2011-12-21,24,0,0,0,0,24,0,86384,COMPLETE_SUFFICIENT
2011-12-22,24,0,0,0,0,24,0,86401,COMPLETE_SUFFICIENT
2011-12-23,24,0,0,0,0,24,0,86400,COMPLETE_SUFFICIENT
2011-12-24,24,0,0,0,0,24,0,84899,COMPLETE_SUFFICIENT
2011-12-25,24,0,0,0,0,24,0,86397,COMPLETE_SUFFICIENT
2011-12-26,24,0,0,0,0,24,0,85496,COMPLETE_SUFFICIENT
2011-12-27,24,0,0,0,0,24,0,86400,COMPLETE_SUFFICIENT
2011-12-28,24,0,0,0,0,24,0,86361,COMPLETE_SUFFICIENT
2011-12-29,19,0,5,0,0,24,0,68467,COMPLETE_SUFFICIENT
2011-12-30,24,0,0,0,0,24,0,86360,COMPLETE_SUFFICIENT
2011-12-31,24,0,0,0,0,24,0,86272,COMPLETE_SUFFICIENT
2012-01-01,24,0,0,0,0,24,0,86392,COMPLETE_SUFFICIENT
2012-01-02,24,0,0,0,0,24,0,86400,COMPLETE_SUFFICIENT
2012-01-03,24,0,0,0,0,24,0,86400,COMPLETE_SUFFICIENT
2012-01-04,24,0,0,0,0,24,0,86393,COMPLETE_SUFFICIENT
2012-01-05,24,0,0,0,0,24,0,86392,COMPLETE_SUFFICIENT
2012-01-06,24,0,0,0,0,24,0,86376,COMPLETE_SUFFICIENT
2012-01-07,24,0,0,0,0,24,0,86400,COMPLETE_SUFFICIENT
2012-01-08,24,0,0,0,0,24,0,86400,COMPLETE_SUFFICIENT
2012-01-09,24,0,0,0,0,24,0,86400,COMPLETE_SUFFICIENT
2012-01-10,24,0,0,0,0,24,0,86385,COMPLETE_SUFFICIENT
2012-01-11,24,0,0,0,0,24,0,86376,COMPLETE_SUFFICIENT
2012-01-12,20,0,4,0,0,24,0,70320,COMPLETE_SUFFICIENT
2012-01-13,24,0,0,0,0,24,0,86392,COMPLETE_SUFFICIENT
2012-01-14,24,0,0,0,0,24,0,86400,COMPLETE_SUFFICIENT
2012-01-15,24,0,0,0,0,24,0,86400,COMPLETE_SUFFICIENT
2012-01-16,24,0,0,0,0,24,0,86400,COMPLETE_SUFFICIENT
2012-01-17,24,0,0,0,0,24,0,86401,COMPLETE_SUFFICIENT
2012-01-18,24,0,0,0,0,24,0,86400,COMPLETE_SUFFICIENT
2012-01-19,24,0,0,0,0,24,0,86392,COMPLETE_SUFFICIENT
2012-01-20,24,0,0,0,0,24,0,86400,COMPLETE_SUFFICIENT
2012-01-21,24,0,0,0,0,24,0,86400,COMPLETE_SUFFICIENT
2012-01-22,24,0,0,0,0,24,0,86360,COMPLETE_SUFFICIENT
2012-01-23,24,0,0,0,0,24,0,86401,COMPLETE_SUFFICIENT
2012-01-24,24,0,0,0,0,24,0,86368,COMPLETE_SUFFICIENT
2012-01-25,24,0,0,0,0,24,0,86360,COMPLETE_SUFFICIENT
2012-01-26,24,0,0,0,0,24,0,86376,COMPLETE_SUFFICIENT
2012-01-27,24,0,0,0,0,24,0,86400,COMPLETE_SUFFICIENT
2012-01-28,24,0,0,0,0,24,0,86392,COMPLETE_SUFFICIENT
2012-01-29,24,0,0,0,0,24,0,86384,COMPLETE_SUFFICIENT
2012-01-30,20,0,4,0,0,24,0,71544,COMPLETE_SUFFICIENT
2012-01-31,24,0,0,0,0,24,0,85538,COMPLETE_SUFFICIENT
2012-02-01,24,0,0,0,0,24,0,86400,COMPLETE_SUFFICIENT
2012-02-02,24,0,0,0,0,24,0,86400,COMPLETE_SUFFICIENT
2012-02-03,24,0,0,0,0,24,0,86400,COMPLETE_SUFFICIENT
2012-02-04,24,0,0,0,0,24,0,86384,COMPLETE_SUFFICIENT
2012-02-05,24,0,0,0,0,24,0,86401,COMPLETE_SUFFICIENT
2012-02-06,24,0,0,0,0,24,0,86368,COMPLETE_SUFFICIENT
2012-02-07,24,0,0,0,0,24,0,86392,COMPLETE_SUFFICIENT
2012-02-08,24,0,0,0,0,24,0,86344,COMPLETE_SUFFICIENT
2012-02-09,24,0,0,0,0,24,0,86400,COMPLETE_SUFFICIENT
2012-02-10,24,0,0,0,0,24,0,86384,COMPLETE_SUFFICIENT
2012-02-11,24,0,0,0,0,24,0,86393,COMPLETE_SUFFICIENT
2012-02-12,24,0,0,0,0,24,0,86400,COMPLETE_SUFFICIENT
2012-02-13,24,0,0,0,0,24,0,86384,COMPLETE_SUFFICIENT
2012-02-14,24,0,0,0,0,24,0,86392,COMPLETE_SUFFICIENT
2012-02-15,24,0,0,0,0,24,0,86400,COMPLETE_SUFFICIENT
2012-02-16,24,0,0,0,0,24,0,86384,COMPLETE_SUFFICIENT
2012-02-17,24,0,0,0,0,24,0,86400,COMPLETE_SUFFICIENT
2012-02-18,24,0,0,0,0,24,0,86401,COMPLETE_SUFFICIENT
2012-02-19,24,0,0,0,0,24,0,86376,COMPLETE_SUFFICIENT
2012-02-20,24,0,0,0,0,24,0,86392,COMPLETE_SUFFICIENT
2012-02-21,21,0,3,0,0,24,0,74706,COMPLETE_SUFFICIENT
2012-02-22,23,1,0,0,0,24,0,82623,COMPLETE_SUFFICIENT
2012-02-23,24,0,0,0,0,24,0,86400,COMPLETE_SUFFICIENT
2012-02-24,24,0,0,0,0,24,0,86385,COMPLETE_SUFFICIENT
2012-02-25,24,0,0,0,0,24,0,86384,COMPLETE_SUFFICIENT
2012-02-26,24,0,0,0,0,24,0,86384,COMPLETE_SUFFICIENT
2012-02-27,24,0,0,0,0,24,0,86376,COMPLETE_SUFFICIENT
2012-02-28,24,0,0,0,0,24,0,86384,COMPLETE_SUFFICIENT
2012-02-29,24,0,0,0,0,24,0,86392,COMPLETE_SUFFICIENT
2012-03-01,24,0,0,0,0,24,0,86377,COMPLETE_SUFFICIENT
2012-03-02,24,0,0,0,0,24,0,86376,COMPLETE_SUFFICIENT
2012-03-03,24,0,0,0,0,24,0,86400,COMPLETE_SUFFICIENT
2012-03-04,24,0,0,0,0,24,0,86400,COMPLETE_SUFFICIENT
2012-03-05,24,0,0,0,0,24,0,86392,COMPLETE_SUFFICIENT
2012-03-06,24,0,0,0,0,24,0,86376,COMPLETE_SUFFICIENT
2012-03-07,24,0,0,0,0,24,0,86328,COMPLETE_SUFFICIENT
2012-03-08,24,0,0,0,0,24,0,86313,COMPLETE_SUFFICIENT
2012-03-09,24,0,0,0,0,24,0,86400,COMPLETE_SUFFICIENT
2012-03-10,24,0,0,0,0,24,0,86400,COMPLETE_SUFFICIENT
2012-03-11,24,0,0,0,0,24,0,86368,COMPLETE_SUFFICIENT
2012-03-12,18,0,6,0,0,24,0,64834,COMPLETE_SUFFICIENT
2012-03-13,24,0,0,0,0,24,0,85837,COMPLETE_SUFFICIENT
2012-03-14,24,0,0,0,0,24,0,86401,COMPLETE_SUFFICIENT
2012-03-15,24,0,0,0,0,24,0,86384,COMPLETE_SUFFICIENT
2012-03-16,24,0,0,0,0,24,0,86400,COMPLETE_SUFFICIENT
2012-03-17,24,0,0,0,0,24,0,86400,COMPLETE_SUFFICIENT
2012-03-18,24,0,0,0,0,24,0,86400,COMPLETE_SUFFICIENT
2012-03-19,24,0,0,0,0,24,0,86376,COMPLETE_SUFFICIENT
2012-03-20,24,0,0,0,0,24,0,86393,COMPLETE_SUFFICIENT
2012-03-21,24,0,0,0,0,24,0,86400,COMPLETE_SUFFICIENT
2012-03-22,24,0,0,0,0,24,0,86400,COMPLETE_SUFFICIENT
2012-03-23,24,0,0,0,0,24,0,86392,COMPLETE_SUFFICIENT
2012-03-24,24,0,0,0,0,24,0,86392,COMPLETE_SUFFICIENT
2012-03-25,24,0,0,0,0,24,0,86360,COMPLETE_SUFFICIENT
2012-03-26,24,0,0,0,0,24,0,86392,COMPLETE_SUFFICIENT
2012-03-27,24,0,0,0,0,24,0,86401,COMPLETE_SUFFICIENT
2012-03-28,19,0,5,0,0,24,0,68427,COMPLETE_SUFFICIENT
2012-03-29,24,0,0,0,0,24,0,86368,COMPLETE_SUFFICIENT
2012-03-30,24,0,0,0,0,24,0,86384,COMPLETE_SUFFICIENT
2012-03-31,24,0,0,0,0,24,0,86400,COMPLETE_SUFFICIENT
2012-04-01,24,0,0,0,0,24,0,86384,COMPLETE_SUFFICIENT
2012-04-02,24,0,0,0,0,24,0,86401,COMPLETE_SUFFICIENT
2012-04-03,24,0,0,0,0,24,0,86400,COMPLETE_SUFFICIENT
2012-04-04,24,0,0,0,0,24,0,86392,COMPLETE_SUFFICIENT
2012-04-05,24,0,0,0,0,24,0,86400,COMPLETE_SUFFICIENT
2012-04-06,24,0,0,0,0,24,0,86400,COMPLETE_SUFFICIENT
2012-04-07,24,0,0,0,0,24,0,86392,COMPLETE_SUFFICIENT
2012-04-08,24,0,0,0,0,24,0,86393,COMPLETE_SUFFICIENT
2012-04-09,24,0,0,0,0,24,0,86400,COMPLETE_SUFFICIENT
2012-04-10,24,0,0,0,0,24,0,86384,COMPLETE_SUFFICIENT
2012-04-11,20,0,4,0,0,24,0,70588,COMPLETE_SUFFICIENT
2012-04-12,24,0,0,0,0,24,0,86392,COMPLETE_SUFFICIENT
2012-04-13,24,0,0,0,0,24,0,86368,COMPLETE_SUFFICIENT
2012-04-14,24,0,0,0,0,24,0,86385,COMPLETE_SUFFICIENT
2012-04-15,24,0,0,0,0,24,0,86392,COMPLETE_SUFFICIENT
2012-04-16,24,0,0,0,0,24,0,86400,COMPLETE_SUFFICIENT
2012-04-17,24,0,0,0,0,24,0,86400,COMPLETE_SUFFICIENT
2012-04-18,24,0,0,0,0,24,0,86376,COMPLETE_SUFFICIENT
2012-04-19,24,0,0,0,0,24,0,86400,COMPLETE_SUFFICIENT
2012-04-20,24,0,0,0,0,24,0,86392,COMPLETE_SUFFICIENT
2012-04-21,24,0,0,0,0,24,0,86393,COMPLETE_SUFFICIENT
2012-04-22,24,0,0,0,0,24,0,86312,COMPLETE_SUFFICIENT
2012-04-23,20,0,4,0,0,24,0,70775,COMPLETE_SUFFICIENT
2012-04-24,24,0,0,0,0,24,0,86384,COMPLETE_SUFFICIENT
2012-04-25,24,0,0,0,0,24,0,86392,COMPLETE_SUFFICIENT
2012-04-26,24,0,0,0,0,24,0,86400,COMPLETE_SUFFICIENT
2012-04-27,24,0,0,0,0,24,0,86393,COMPLETE_SUFFICIENT
2012-04-28,24,0,0,0,0,24,0,86392,COMPLETE_SUFFICIENT
2012-04-29,24,0,0,0,0,24,0,86392,COMPLETE_SUFFICIENT
2012-04-30,24,0,0,0,0,24,0,86400,COMPLETE_SUFFICIENT
2012-05-01,24,0,0,0,0,24,0,86400,COMPLETE_SUFFICIENT
2012-05-02,24,0,0,0,0,24,0,86400,COMPLETE_SUFFICIENT
2012-05-03,24,0,0,0,0,24,0,86393,COMPLETE_SUFFICIENT
2012-05-04,19,0,5,0,0,24,0,68475,COMPLETE_SUFFICIENT
2012-05-05,24,0,0,0,0,24,0,86400,COMPLETE_SUFFICIENT
2012-05-06,24,0,0,0,0,24,0,86400,COMPLETE_SUFFICIENT
2012-05-07,24,0,0,0,0,24,0,86400,COMPLETE_SUFFICIENT
2012-05-08,24,0,0,0,0,24,0,86376,COMPLETE_SUFFICIENT
2012-05-09,24,0,0,0,0,24,0,86321,COMPLETE_SUFFICIENT
2012-05-10,24,0,0,0,0,24,0,86368,COMPLETE_SUFFICIENT
2012-05-11,24,0,0,0,0,24,0,86376,COMPLETE_SUFFICIENT
2012-05-12,24,0,0,0,0,24,0,86400,COMPLETE_SUFFICIENT
2012-05-13,24,0,0,0,0,24,0,86400,COMPLETE_SUFFICIENT
2012-05-14,19,0,5,0,0,24,0,68451,COMPLETE_SUFFICIENT
2012-05-15,24,0,0,0,0,24,0,86401,COMPLETE_SUFFICIENT
2012-05-16,24,0,0,0,0,24,0,86400,COMPLETE_SUFFICIENT
2012-05-17,24,0,0,0,0,24,0,86400,COMPLETE_SUFFICIENT
2012-05-18,24,0,0,0,0,24,0,86376,COMPLETE_SUFFICIENT
2012-05-19,24,0,0,0,0,24,0,86400,COMPLETE_SUFFICIENT
2012-05-20,24,0,0,0,0,24,0,86384,COMPLETE_SUFFICIENT
2012-05-21,24,0,0,0,0,24,0,86393,COMPLETE_SUFFICIENT
2012-05-22,24,0,0,0,0,24,0,86384,COMPLETE_SUFFICIENT
2012-05-23,24,0,0,0,0,24,0,86368,COMPLETE_SUFFICIENT
2012-05-24,24,0,0,0,0,24,0,86376,COMPLETE_SUFFICIENT
2012-05-25,18,0,6,0,0,24,0,64378,COMPLETE_SUFFICIENT
2012-05-26,24,0,0,0,0,24,0,86387,COMPLETE_SUFFICIENT
2012-05-27,24,0,0,0,0,24,0,86393,COMPLETE_SUFFICIENT
2012-05-28,24,0,0,0,0,24,0,86384,COMPLETE_SUFFICIENT
2012-05-29,24,0,0,0,0,24,0,86376,COMPLETE_SUFFICIENT
2012-05-30,24,0,0,0,0,24,0,86400,COMPLETE_SUFFICIENT
2012-05-31,24,0,0,0,0,24,0,86384,COMPLETE_SUFFICIENT
2012-06-01,24,0,0,0,0,24,0,86392,COMPLETE_SUFFICIENT
2012-06-02,24,0,0,0,0,24,0,86401,COMPLETE_SUFFICIENT
2012-06-03,24,0,0,0,0,24,0,86400,COMPLETE_SUFFICIENT
2012-06-04,24,0,0,0,0,24,0,86400,COMPLETE_SUFFICIENT
2012-06-05,24,0,0,0,0,24,0,86400,COMPLETE_SUFFICIENT
2012-06-06,24,0,0,0,0,24,0,86392,COMPLETE_SUFFICIENT
2012-06-07,20,0,4,0,0,24,0,71000,COMPLETE_SUFFICIENT
2012-06-08,24,0,0,0,0,24,0,86400,COMPLETE_SUFFICIENT
2012-06-09,24,0,0,0,0,24,0,86393,COMPLETE_SUFFICIENT
2012-06-10,24,0,0,0,0,24,0,86400,COMPLETE_SUFFICIENT
2012-06-11,24,0,0,0,0,24,0,86392,COMPLETE_SUFFICIENT
2012-06-12,24,0,0,0,0,24,0,86400,COMPLETE_SUFFICIENT
2012-06-13,24,0,0,0,0,24,0,86392,COMPLETE_SUFFICIENT
2012-06-14,24,0,0,0,0,24,0,86400,COMPLETE_SUFFICIENT
2012-06-15,24,0,0,0,0,24,0,86401,COMPLETE_SUFFICIENT
2012-06-16,24,0,0,0,0,24,0,86400,COMPLETE_SUFFICIENT
2012-06-17,24,0,0,0,0,24,0,86368,COMPLETE_SUFFICIENT
2012-06-18,24,0,0,0,0,24,0,86400,COMPLETE_SUFFICIENT
2012-06-19,24,0,0,0,0,24,0,86400,COMPLETE_SUFFICIENT
2012-06-20,24,0,0,0,0,24,0,86400,COMPLETE_SUFFICIENT
2012-06-21,24,0,0,0,0,24,0,86401,COMPLETE_SUFFICIENT
2012-06-22,20,0,4,0,0,24,0,70684,COMPLETE_SUFFICIENT
2012-06-23,24,0,0,0,0,24,0,86400,COMPLETE_SUFFICIENT
2012-06-24,24,0,0,0,0,24,0,86392,COMPLETE_SUFFICIENT
2012-06-25,24,0,0,0,0,24,0,86400,COMPLETE_SUFFICIENT
2012-06-26,24,0,0,0,0,24,0,86376,COMPLETE_SUFFICIENT
2012-06-27,24,0,0,0,0,24,0,86401,COMPLETE_SUFFICIENT
2012-06-28,24,0,0,0,0,24,0,86352,COMPLETE_SUFFICIENT
2012-06-29,24,0,0,0,0,24,0,86384,COMPLETE_SUFFICIENT
2012-06-30,24,0,0,0,0,24,0,86400,COMPLETE_SUFFICIENT
2012-07-01,24,0,0,0,0,24,0,86400,COMPLETE_SUFFICIENT
2012-07-02,24,0,0,0,0,24,0,86400,COMPLETE_SUFFICIENT
2012-07-03,24,0,0,0,0,24,0,86385,COMPLETE_SUFFICIENT
2012-07-04,24,0,0,0,0,24,0,86400,COMPLETE_SUFFICIENT
2012-07-05,24,0,0,0,0,24,0,86392,COMPLETE_SUFFICIENT
2012-07-06,24,0,0,0,0,24,0,86392,COMPLETE_SUFFICIENT
2012-07-07,24,0,0,0,0,24,0,86400,COMPLETE_SUFFICIENT
2012-07-08,24,0,0,0,0,24,0,86392,COMPLETE_SUFFICIENT
2012-07-09,24,0,0,0,0,24,0,86401,COMPLETE_SUFFICIENT
2012-07-10,24,0,0,0,0,24,0,86384,COMPLETE_SUFFICIENT
2012-07-11,24,0,0,0,0,24,0,86392,COMPLETE_SUFFICIENT
2012-07-12,20,0,4,0,0,24,0,70485,COMPLETE_SUFFICIENT
2012-07-13,24,0,0,0,0,24,0,86400,COMPLETE_SUFFICIENT
2012-07-14,24,0,0,0,0,24,0,86376,COMPLETE_SUFFICIENT
2012-07-15,24,0,0,0,0,24,0,86353,COMPLETE_SUFFICIENT
2012-07-16,24,0,0,0,0,24,0,86400,COMPLETE_SUFFICIENT
2012-07-17,24,0,0,0,0,24,0,86400,COMPLETE_SUFFICIENT
2012-07-18,24,0,0,0,0,24,0,86400,COMPLETE_SUFFICIENT
2012-07-19,24,0,0,0,0,24,0,86400,COMPLETE_SUFFICIENT
2012-07-20,24,0,0,0,0,24,0,86384,COMPLETE_SUFFICIENT
2012-07-21,24,0,0,0,0,24,0,86384,COMPLETE_SUFFICIENT
2012-07-22,24,0,0,0,0,24,0,86393,COMPLETE_SUFFICIENT
2012-07-23,24,0,0,0,0,24,0,86384,COMPLETE_SUFFICIENT
2012-07-24,24,0,0,0,0,24,0,86384,COMPLETE_SUFFICIENT
2012-07-25,24,0,0,0,0,24,0,86392,COMPLETE_SUFFICIENT
2012-07-26,24,0,0,0,0,24,0,86400,COMPLETE_SUFFICIENT
2012-07-27,24,0,0,0,0,24,0,86400,COMPLETE_SUFFICIENT
2012-07-28,24,0,0,0,0,24,0,86401,COMPLETE_SUFFICIENT
2012-07-29,24,0,0,0,0,24,0,86400,COMPLETE_SUFFICIENT
2012-07-30,24,0,0,0,0,24,0,86400,COMPLETE_SUFFICIENT
2012-07-31,24,0,0,0,0,24,0,86400,COMPLETE_SUFFICIENT
2012-08-01,24,0,0,0,0,24,0,86392,COMPLETE_SUFFICIENT
2012-08-02,20,0,4,0,0,24,0,70828,COMPLETE_SUFFICIENT
2012-08-03,24,0,0,0,0,24,0,86385,COMPLETE_SUFFICIENT
2012-08-04,24,0,0,0,0,24,0,86400,COMPLETE_SUFFICIENT
2012-08-05,24,0,0,0,0,24,0,86392,COMPLETE_SUFFICIENT
2012-08-06,24,0,0,0,0,24,0,86400,COMPLETE_SUFFICIENT
2012-08-07,24,0,0,0,0,24,0,86400,COMPLETE_SUFFICIENT
2012-08-08,24,0,0,0,0,24,0,86384,COMPLETE_SUFFICIENT
2012-08-09,24,0,0,0,0,24,0,86401,COMPLETE_SUFFICIENT
2012-08-10,24,0,0,0,0,24,0,86384,COMPLETE_SUFFICIENT
2012-08-11,24,0,0,0,0,24,0,86400,COMPLETE_SUFFICIENT
2012-08-12,24,0,0,0,0,24,0,86384,COMPLETE_SUFFICIENT
2012-08-13,24,0,0,0,0,24,0,86392,COMPLETE_SUFFICIENT
2012-08-14,24,0,0,0,0,24,0,86376,COMPLETE_SUFFICIENT
2012-08-15,24,0,0,0,0,24,0,86341,COMPLETE_SUFFICIENT
2012-08-16,24,0,0,0,0,24,0,86400,COMPLETE_SUFFICIENT
2012-08-17,24,0,0,0,0,24,0,86400,COMPLETE_SUFFICIENT
2012-08-18,24,0,0,0,0,24,0,86400,COMPLETE_SUFFICIENT
2012-08-19,24,0,0,0,0,24,0,86400,COMPLETE_SUFFICIENT
2012-08-20,18,0,6,0,0,24,0,64826,COMPLETE_SUFFICIENT
2012-08-21,24,0,0,0,0,24,0,86401,COMPLETE_SUFFICIENT
2012-08-22,24,0,0,0,0,24,0,86400,COMPLETE_SUFFICIENT
2012-08-23,24,0,0,0,0,24,0,86392,COMPLETE_SUFFICIENT
2012-08-24,24,0,0,0,0,24,0,86392,COMPLETE_SUFFICIENT
2012-08-25,24,0,0,0,0,24,0,86400,COMPLETE_SUFFICIENT
2012-08-26,24,0,0,0,0,24,0,86384,COMPLETE_SUFFICIENT
2012-08-27,24,0,0,0,0,24,0,86401,COMPLETE_SUFFICIENT
2012-08-28,24,0,0,0,0,24,0,86392,COMPLETE_SUFFICIENT
2012-08-29,24,0,0,0,0,24,0,86400,COMPLETE_SUFFICIENT
2012-08-30,24,0,0,0,0,24,0,86392,COMPLETE_SUFFICIENT
2012-08-31,24,0,0,0,0,24,0,86400,COMPLETE_SUFFICIENT
2012-09-01,24,0,0,0,0,24,0,86384,COMPLETE_SUFFICIENT
2012-09-02,24,0,0,0,0,24,0,86401,COMPLETE_SUFFICIENT
2012-09-03,24,0,0,0,0,24,0,86232,COMPLETE_SUFFICIENT
2012-09-04,24,0,0,0,0,24,0,86360,COMPLETE_SUFFICIENT
2012-09-05,24,0,0,0,0,24,0,86360,COMPLETE_SUFFICIENT
2012-09-06,20,0,4,0,0,24,0,70506,COMPLETE_SUFFICIENT
2012-09-07,24,0,0,0,0,24,0,86400,COMPLETE_SUFFICIENT
2012-09-08,24,0,0,0,0,24,0,86400,COMPLETE_SUFFICIENT
2012-09-09,24,0,0,0,0,24,0,86401,COMPLETE_SUFFICIENT
2012-09-10,24,0,0,0,0,24,0,86400,COMPLETE_SUFFICIENT
2012-09-11,24,0,0,0,0,24,0,86400,COMPLETE_SUFFICIENT
2012-09-12,24,0,0,0,0,24,0,86392,COMPLETE_SUFFICIENT
2012-09-13,24,0,0,0,0,24,0,86392,COMPLETE_SUFFICIENT
2012-09-14,24,0,0,0,0,24,0,86392,COMPLETE_SUFFICIENT
2012-09-15,24,0,0,0,0,24,0,86401,COMPLETE_SUFFICIENT
2012-09-16,24,0,0,0,0,24,0,86376,COMPLETE_SUFFICIENT
2012-09-17,24,0,0,0,0,24,0,86392,COMPLETE_SUFFICIENT
2012-09-18,24,0,0,0,0,24,0,86392,COMPLETE_SUFFICIENT
2012-09-19,24,0,0,0,0,24,0,86400,COMPLETE_SUFFICIENT
2012-09-20,24,0,0,0,0,24,0,86384,COMPLETE_SUFFICIENT
2012-09-21,24,0,0,0,0,24,0,86401,COMPLETE_SUFFICIENT
2012-09-22,24,0,0,0,0,24,0,86376,COMPLETE_SUFFICIENT
2012-09-23,24,0,0,0,0,24,0,86400,COMPLETE_SUFFICIENT
2012-09-24,19,0,5,0,0,24,0,68475,COMPLETE_SUFFICIENT
2012-09-25,24,0,0,0,0,24,0,86392,COMPLETE_SUFFICIENT
2012-09-26,24,0,0,0,0,24,0,85152,COMPLETE_SUFFICIENT
2012-09-27,24,0,0,0,0,24,0,86401,COMPLETE_SUFFICIENT
2012-09-28,24,0,0,0,0,24,0,86400,COMPLETE_SUFFICIENT
2012-09-29,24,0,0,0,0,24,0,86400,COMPLETE_SUFFICIENT
2012-09-30,24,0,0,0,0,24,0,86392,COMPLETE_SUFFICIENT
2012-10-01,24,0,0,0,0,24,0,86400,COMPLETE_SUFFICIENT
2012-10-02,24,0,0,0,0,24,0,86400,COMPLETE_SUFFICIENT
2012-10-03,24,0,0,0,0,24,0,86400,COMPLETE_SUFFICIENT
2012-10-04,24,0,0,0,0,24,0,86401,COMPLETE_SUFFICIENT
2012-10-05,24,0,0,0,0,24,0,86400,COMPLETE_SUFFICIENT
2012-10-06,24,0,0,0,0,24,0,86400,COMPLETE_SUFFICIENT
2012-10-07,24,0,0,0,0,24,0,86400,COMPLETE_SUFFICIENT
2012-10-08,19,0,5,0,0,24,0,68455,COMPLETE_SUFFICIENT
2012-10-09,24,0,0,0,0,24,0,86388,COMPLETE_SUFFICIENT
2012-10-10,24,0,0,0,0,24,0,86397,COMPLETE_SUFFICIENT
2012-10-11,24,0,0,0,0,24,0,86392,COMPLETE_SUFFICIENT
2012-10-12,24,0,0,0,0,24,0,86400,COMPLETE_SUFFICIENT
2012-10-13,24,0,0,0,0,24,0,86368,COMPLETE_SUFFICIENT
2012-10-14,24,0,0,0,0,24,0,86360,COMPLETE_SUFFICIENT
2012-10-15,24,0,0,0,0,24,0,86400,COMPLETE_SUFFICIENT
2012-10-16,24,0,0,0,0,24,0,86401,COMPLETE_SUFFICIENT
2012-10-17,24,0,0,0,0,24,0,86400,COMPLETE_SUFFICIENT
2012-10-18,20,0,4,0,0,24,0,71216,COMPLETE_SUFFICIENT
2012-10-19,24,0,0,0,0,24,0,86400,COMPLETE_SUFFICIENT
2012-10-20,24,0,0,0,0,24,0,86400,COMPLETE_SUFFICIENT
2012-10-21,24,0,0,0,0,24,0,86400,COMPLETE_SUFFICIENT
2012-10-22,24,0,0,0,0,24,0,86385,COMPLETE_SUFFICIENT
2012-10-23,20,0,4,0,0,24,0,72060,COMPLETE_SUFFICIENT
2012-10-24,24,0,0,0,0,24,0,84788,COMPLETE_SUFFICIENT
2012-10-25,24,0,0,0,0,24,0,86400,COMPLETE_SUFFICIENT
2012-10-26,24,0,0,0,0,24,0,86392,COMPLETE_SUFFICIENT
2012-10-27,24,0,0,0,0,24,0,86392,COMPLETE_SUFFICIENT
2012-10-28,20,0,4,0,0,24,0,70608,COMPLETE_SUFFICIENT
2012-10-29,24,0,0,0,0,24,0,86400,COMPLETE_SUFFICIENT
2012-10-30,24,0,0,0,0,24,0,86400,COMPLETE_SUFFICIENT
2012-10-31,24,0,0,0,0,24,0,86392,COMPLETE_SUFFICIENT
2012-11-01,24,0,0,0,0,24,0,86400,COMPLETE_SUFFICIENT
2012-11-02,24,0,0,0,0,24,0,86400,COMPLETE_SUFFICIENT
2012-11-03,24,0,0,0,0,24,0,86392,COMPLETE_SUFFICIENT
2012-11-04,24,0,0,0,0,24,0,86401,COMPLETE_SUFFICIENT
2012-11-05,24,0,0,0,0,24,0,86392,COMPLETE_SUFFICIENT
2012-11-06,21,0,3,0,0,24,0,74705,COMPLETE_SUFFICIENT
2012-11-07,23,1,0,0,0,24,0,82924,COMPLETE_SUFFICIENT
2012-11-08,24,0,0,0,0,24,0,86392,COMPLETE_SUFFICIENT
2012-11-09,24,0,0,0,0,24,0,86400,COMPLETE_SUFFICIENT
2012-11-10,24,0,0,0,0,24,0,86401,COMPLETE_SUFFICIENT
2012-11-11,24,0,0,0,0,24,0,86392,COMPLETE_SUFFICIENT
2012-11-12,24,0,0,0,0,24,0,86400,COMPLETE_SUFFICIENT
2012-11-13,21,0,3,0,0,24,0,74496,COMPLETE_SUFFICIENT
2012-11-14,23,1,0,0,0,24,0,82675,COMPLETE_SUFFICIENT
2012-11-15,24,0,0,0,0,24,0,86400,COMPLETE_SUFFICIENT
2012-11-16,24,0,0,0,0,24,0,86401,COMPLETE_SUFFICIENT
2012-11-17,24,0,0,0,0,24,0,86400,COMPLETE_SUFFICIENT
2012-11-18,24,0,0,0,0,24,0,86400,COMPLETE_SUFFICIENT
2012-11-19,19,0,5,0,0,24,0,66941,COMPLETE_SUFFICIENT
2012-11-20,24,0,0,0,0,24,0,86400,COMPLETE_SUFFICIENT
2012-11-21,24,0,0,0,0,24,0,86384,COMPLETE_SUFFICIENT
2012-11-22,24,0,0,0,0,24,0,86400,COMPLETE_SUFFICIENT
2012-11-23,24,0,0,0,0,24,0,86401,COMPLETE_SUFFICIENT
2012-11-24,24,0,0,0,0,24,0,86400,COMPLETE_SUFFICIENT
2012-11-25,24,0,0,0,0,24,0,86392,COMPLETE_SUFFICIENT
2012-11-26,24,0,0,0,0,24,0,86384,COMPLETE_SUFFICIENT
2012-11-27,22,0,2,0,0,24,0,77640,COMPLETE_SUFFICIENT
2012-11-28,22,2,0,0,0,24,0,79650,COMPLETE_SUFFICIENT
2012-11-29,24,0,0,0,0,24,0,86401,COMPLETE_SUFFICIENT
2012-11-30,24,0,0,0,0,24,0,86392,COMPLETE_SUFFICIENT
2012-12-01,24,0,0,0,0,24,0,86379,COMPLETE_SUFFICIENT
2012-12-02,24,0,0,0,0,24,0,86400,COMPLETE_SUFFICIENT
2012-12-03,24,0,0,0,0,24,0,86400,COMPLETE_SUFFICIENT
2012-12-04,20,0,4,0,0,24,0,70462,COMPLETE_SUFFICIENT
2012-12-05,24,0,0,0,0,24,0,86393,COMPLETE_SUFFICIENT
2012-12-06,24,0,0,0,0,24,0,86400,COMPLETE_SUFFICIENT
2012-12-07,24,0,0,0,0,24,0,86400,COMPLETE_SUFFICIENT
2012-12-08,24,0,0,0,0,24,0,86400,COMPLETE_SUFFICIENT
2012-12-09,24,0,0,0,0,24,0,86400,COMPLETE_SUFFICIENT
2012-12-10,24,0,0,0,0,24,0,86384,COMPLETE_SUFFICIENT
2012-12-11,23,0,1,0,0,24,0,81031,COMPLETE_SUFFICIENT
2012-12-12,21,3,0,0,0,24,0,76268,COMPLETE_SUFFICIENT
2012-12-13,24,0,0,0,0,24,0,86392,COMPLETE_SUFFICIENT
2012-12-14,24,0,0,0,0,24,0,86400,COMPLETE_SUFFICIENT
2012-12-15,24,0,0,0,0,24,0,86392,COMPLETE_SUFFICIENT
2012-12-16,24,0,0,0,0,24,0,86400,COMPLETE_SUFFICIENT
2012-12-17,24,0,0,0,0,24,0,86400,COMPLETE_SUFFICIENT
2012-12-18,20,0,4,0,0,24,0,70515,COMPLETE_SUFFICIENT
2012-12-19,24,0,0,0,0,24,0,86336,COMPLETE_SUFFICIENT
2012-12-20,24,0,0,0,0,24,0,86360,COMPLETE_SUFFICIENT
2012-12-21,24,0,0,0,0,24,0,86400,COMPLETE_SUFFICIENT
2012-12-22,24,0,0,0,0,24,0,86400,COMPLETE_SUFFICIENT
2012-12-23,24,0,0,0,0,24,0,86400,COMPLETE_SUFFICIENT
2012-12-24,24,0,0,0,0,24,0,86384,COMPLETE_SUFFICIENT
2012-12-25,24,0,0,0,0,24,0,86393,COMPLETE_SUFFICIENT
2012-12-26,24,0,0,0,0,24,0,86400,COMPLETE_SUFFICIENT
2012-12-27,19,0,5,0,0,24,0,68475,COMPLETE_SUFFICIENT
2012-12-28,24,0,0,0,0,24,0,86391,COMPLETE_SUFFICIENT
2012-12-29,24,0,0,0,0,24,0,86400,COMPLETE_SUFFICIENT
2012-12-30,24,0,0,0,0,24,0,86400,COMPLETE_SUFFICIENT
2012-12-31,24,0,0,0,0,24,0,86401,COMPLETE_SUFFICIENT
2013-01-01,24,0,0,0,0,24,0,86400,COMPLETE_SUFFICIENT
2013-01-02,24,0,0,0,0,24,0,86392,COMPLETE_SUFFICIENT
2013-01-03,20,0,4,0,0,24,0,71215,COMPLETE_SUFFICIENT
2013-01-04,24,0,0,0,0,24,0,84710,COMPLETE_SUFFICIENT
2013-01-05,24,0,0,0,0,24,0,86392,COMPLETE_SUFFICIENT
2013-01-06,24,0,0,0,0,24,0,86377,COMPLETE_SUFFICIENT
2013-01-07,24,0,0,0,0,24,0,86392,COMPLETE_SUFFICIENT
2013-01-08,19,0,5,0,0,24,0,67818,COMPLETE_SUFFICIENT
2013-01-09,24,0,0,0,0,24,0,86400,COMPLETE_SUFFICIENT
2013-01-10,24,0,0,0,0,24,0,86400,COMPLETE_SUFFICIENT
2013-01-11,24,0,0,0,0,24,0,86400,COMPLETE_SUFFICIENT
2013-01-12,24,0,0,0,0,24,0,86392,COMPLETE_SUFFICIENT
2013-01-13,24,0,0,0,0,24,0,86393,COMPLETE_SUFFICIENT
2013-01-14,24,0,0,0,0,24,0,86336,COMPLETE_SUFFICIENT
2013-01-15,18,0,6,0,0,24,0,64260,COMPLETE_SUFFICIENT
2013-01-16,24,0,0,0,0,24,0,86400,COMPLETE_SUFFICIENT
2013-01-17,24,0,0,0,0,24,0,86400,COMPLETE_SUFFICIENT
2013-01-18,24,0,0,0,0,24,0,86392,COMPLETE_SUFFICIENT
2013-01-19,24,0,0,0,0,24,0,86369,COMPLETE_SUFFICIENT
2013-01-20,24,0,0,0,0,24,0,86368,COMPLETE_SUFFICIENT
2013-01-21,24,0,0,0,0,24,0,86392,COMPLETE_SUFFICIENT
2013-01-22,20,0,4,0,0,24,0,72052,COMPLETE_SUFFICIENT
2013-01-23,23,1,0,0,0,24,0,83025,COMPLETE_SUFFICIENT
2013-01-24,24,0,0,0,0,24,0,86387,COMPLETE_SUFFICIENT
2013-01-25,24,0,0,0,0,24,0,86393,COMPLETE_SUFFICIENT
2013-01-26,24,0,0,0,0,24,0,86392,COMPLETE_SUFFICIENT
2013-01-27,24,0,0,0,0,24,0,86392,COMPLETE_SUFFICIENT
2013-01-28,24,0,0,0,0,24,0,86376,COMPLETE_SUFFICIENT
2013-01-29,20,0,4,0,0,24,0,70481,COMPLETE_SUFFICIENT
2013-01-30,24,0,0,0,0,24,0,86392,COMPLETE_SUFFICIENT
2013-01-31,24,0,0,0,0,24,0,86400,COMPLETE_SUFFICIENT
2013-02-01,24,0,0,0,0,24,0,86369,COMPLETE_SUFFICIENT
2013-02-02,24,0,0,0,0,24,0,86384,COMPLETE_SUFFICIENT
2013-02-03,24,0,0,0,0,24,0,86392,COMPLETE_SUFFICIENT
2013-02-04,24,0,0,0,0,24,0,86400,COMPLETE_SUFFICIENT
2013-02-05,20,0,4,0,0,24,0,69759,COMPLETE_SUFFICIENT
2013-02-06,24,0,0,0,0,24,0,86400,COMPLETE_SUFFICIENT
2013-02-07,24,0,0,0,0,24,0,86385,COMPLETE_SUFFICIENT
2013-02-08,24,0,0,0,0,24,0,86376,COMPLETE_SUFFICIENT
2013-02-09,24,0,0,0,0,24,0,86400,COMPLETE_SUFFICIENT
2013-02-10,24,0,0,0,0,24,0,86400,COMPLETE_SUFFICIENT
2013-02-11,24,0,0,0,0,24,0,86400,COMPLETE_SUFFICIENT
2013-02-12,19,0,5,0,0,24,0,68033,COMPLETE_SUFFICIENT
2013-02-13,24,0,0,0,0,24,0,86393,COMPLETE_SUFFICIENT
2013-02-14,24,0,0,0,0,24,0,86384,COMPLETE_SUFFICIENT
2013-02-15,24,0,0,0,0,24,0,86400,COMPLETE_SUFFICIENT
2013-02-16,24,0,0,0,0,24,0,86400,COMPLETE_SUFFICIENT
2013-02-17,24,0,0,0,0,24,0,86392,COMPLETE_SUFFICIENT
2013-02-18,24,0,0,0,0,24,0,86400,COMPLETE_SUFFICIENT
2013-02-19,19,0,5,0,0,24,0,68451,COMPLETE_SUFFICIENT
2013-02-20,24,0,0,0,0,24,0,86401,COMPLETE_SUFFICIENT
2013-02-21,24,0,0,0,0,24,0,86400,COMPLETE_SUFFICIENT
2013-02-22,24,0,0,0,0,24,0,86400,COMPLETE_SUFFICIENT
2013-02-23,24,0,0,0,0,24,0,86384,COMPLETE_SUFFICIENT
2013-02-24,24,0,0,0,0,24,0,86400,COMPLETE_SUFFICIENT
2013-02-25,24,0,0,0,0,24,0,86392,COMPLETE_SUFFICIENT
2013-02-26,20,0,4,0,0,24,0,70535,COMPLETE_SUFFICIENT
2013-02-27,24,0,0,0,0,24,0,86392,COMPLETE_SUFFICIENT
2013-02-28,24,0,0,0,0,24,0,86400,COMPLETE_SUFFICIENT
2013-03-01,24,0,0,0,0,24,0,86272,COMPLETE_SUFFICIENT
2013-03-02,24,0,0,0,0,24,0,86384,COMPLETE_SUFFICIENT
2013-03-03,24,0,0,0,0,24,0,86400,COMPLETE_SUFFICIENT
2013-03-04,24,0,0,0,0,24,0,86385,COMPLETE_SUFFICIENT
2013-03-05,19,0,5,0,0,24,0,68475,COMPLETE_SUFFICIENT
2013-03-06,24,0,0,0,0,24,0,86400,COMPLETE_SUFFICIENT
2013-03-07,24,0,0,0,0,24,0,86400,COMPLETE_SUFFICIENT
2013-03-08,24,0,0,0,0,24,0,86376,COMPLETE_SUFFICIENT
2013-03-09,24,0,0,0,0,24,0,86384,COMPLETE_SUFFICIENT
2013-03-10,24,0,0,0,0,24,0,86400,COMPLETE_SUFFICIENT
2013-03-11,24,0,0,0,0,24,0,86401,COMPLETE_SUFFICIENT
2013-03-12,19,0,5,0,0,24,0,68475,COMPLETE_SUFFICIENT
2013-03-13,24,0,0,0,0,24,0,86400,COMPLETE_SUFFICIENT
2013-03-14,24,0,0,0,0,24,0,86400,COMPLETE_SUFFICIENT
2013-03-15,24,0,0,0,0,24,0,86384,COMPLETE_SUFFICIENT
2013-03-16,24,0,0,0,0,24,0,86392,COMPLETE_SUFFICIENT
2013-03-17,24,0,0,0,0,24,0,86401,COMPLETE_SUFFICIENT
2013-03-18,24,0,0,0,0,24,0,86400,COMPLETE_SUFFICIENT
2013-03-19,20,0,4,0,0,24,0,70065,COMPLETE_SUFFICIENT
2013-03-20,24,0,0,0,0,24,0,86392,COMPLETE_SUFFICIENT
2013-03-21,24,0,0,0,0,24,0,86400,COMPLETE_SUFFICIENT
2013-03-22,24,0,0,0,0,24,0,86392,COMPLETE_SUFFICIENT
2013-03-23,24,0,0,0,0,24,0,86385,COMPLETE_SUFFICIENT
2013-03-24,24,0,0,0,0,24,0,86400,COMPLETE_SUFFICIENT
2013-03-25,24,0,0,0,0,24,0,86400,COMPLETE_SUFFICIENT
2013-03-26,20,0,4,0,0,24,0,70272,COMPLETE_SUFFICIENT
2013-03-27,24,0,0,0,0,24,0,86376,COMPLETE_SUFFICIENT
2013-03-28,24,0,0,0,0,24,0,86368,COMPLETE_SUFFICIENT
2013-03-29,24,0,0,0,0,24,0,86384,COMPLETE_SUFFICIENT
2013-03-30,24,0,0,0,0,24,0,86377,COMPLETE_SUFFICIENT
2013-03-31,24,0,0,0,0,24,0,86400,COMPLETE_SUFFICIENT
2013-04-01,24,0,0,0,0,24,0,86392,COMPLETE_SUFFICIENT
2013-04-02,19,0,5,0,0,24,0,66845,COMPLETE_SUFFICIENT
2013-04-03,24,0,0,0,0,24,0,86400,COMPLETE_SUFFICIENT
2013-04-04,24,0,0,0,0,24,0,86400,COMPLETE_SUFFICIENT
2013-04-05,24,0,0,0,0,24,0,86401,COMPLETE_SUFFICIENT
2013-04-06,24,0,0,0,0,24,0,86400,COMPLETE_SUFFICIENT
2013-04-07,24,0,0,0,0,24,0,86400,COMPLETE_SUFFICIENT
2013-04-08,24,0,0,0,0,24,0,86400,COMPLETE_SUFFICIENT
2013-04-09,19,0,5,0,0,24,0,68475,COMPLETE_SUFFICIENT
2013-04-10,24,0,0,0,0,24,0,86376,COMPLETE_SUFFICIENT
2013-04-11,24,0,0,0,0,24,0,86361,COMPLETE_SUFFICIENT
2013-04-12,24,0,0,0,0,24,0,86368,COMPLETE_SUFFICIENT
2013-04-13,24,0,0,0,0,24,0,86384,COMPLETE_SUFFICIENT
2013-04-14,24,0,0,0,0,24,0,86392,COMPLETE_SUFFICIENT
2013-04-15,24,0,0,0,0,24,0,86390,COMPLETE_SUFFICIENT
2013-04-16,20,0,4,0,0,24,0,70040,COMPLETE_SUFFICIENT
2013-04-17,24,0,0,0,0,24,0,86401,COMPLETE_SUFFICIENT
2013-04-18,24,0,0,0,0,24,0,86400,COMPLETE_SUFFICIENT
2013-04-19,24,0,0,0,0,24,0,86400,COMPLETE_SUFFICIENT
2013-04-20,24,0,0,0,0,24,0,86392,COMPLETE_SUFFICIENT
2013-04-21,24,0,0,0,0,24,0,86400,COMPLETE_SUFFICIENT
2013-04-22,24,0,0,0,0,24,0,86400,COMPLETE_SUFFICIENT
2013-04-23,20,0,4,0,0,24,0,70023,COMPLETE_SUFFICIENT
2013-04-24,24,0,0,0,0,24,0,86401,COMPLETE_SUFFICIENT
2013-04-25,24,0,0,0,0,24,0,86384,COMPLETE_SUFFICIENT
2013-04-26,24,0,0,0,0,24,0,86392,COMPLETE_SUFFICIENT
2013-04-27,24,0,0,0,0,24,0,86400,COMPLETE_SUFFICIENT
2013-04-28,24,0,0,0,0,24,0,86400,COMPLETE_SUFFICIENT
2013-04-29,24,0,0,0,0,24,0,86376,COMPLETE_SUFFICIENT
2013-04-30,19,0,5,0,0,24,0,68476,COMPLETE_SUFFICIENT
2013-05-01,24,0,0,0,0,24,0,86400,COMPLETE_SUFFICIENT
2013-05-02,24,0,0,0,0,24,0,86392,COMPLETE_SUFFICIENT
2013-05-03,24,0,0,0,0,24,0,86392,COMPLETE_SUFFICIENT
2013-05-04,24,0,0,0,0,24,0,86392,COMPLETE_SUFFICIENT
2013-05-05,24,0,0,0,0,24,0,86384,COMPLETE_SUFFICIENT
2013-05-06,24,0,0,0,0,24,0,86393,COMPLETE_SUFFICIENT
2013-05-07,19,0,5,0,0,24,0,68451,COMPLETE_SUFFICIENT
2013-05-08,24,0,0,0,0,24,0,86384,COMPLETE_SUFFICIENT
2013-05-09,24,0,0,0,0,24,0,86400,COMPLETE_SUFFICIENT
2013-05-10,24,0,0,0,0,24,0,86392,COMPLETE_SUFFICIENT
2013-05-11,24,0,0,0,0,24,0,86400,COMPLETE_SUFFICIENT
2013-05-12,24,0,0,0,0,24,0,86386,COMPLETE_SUFFICIENT
2013-05-13,24,0,0,0,0,24,0,86384,COMPLETE_SUFFICIENT
2013-05-14,18,1,5,0,0,24,0,64988,COMPLETE_SUFFICIENT
2013-05-15,24,0,0,0,0,24,0,86384,COMPLETE_SUFFICIENT
2013-05-16,24,0,0,0,0,24,0,86400,COMPLETE_SUFFICIENT
2013-05-17,24,0,0,0,0,24,0,86392,COMPLETE_SUFFICIENT
2013-05-18,24,0,0,0,0,24,0,86393,COMPLETE_SUFFICIENT
2013-05-19,24,0,0,0,0,24,0,86400,COMPLETE_SUFFICIENT
2013-05-20,24,0,0,0,0,24,0,86400,COMPLETE_SUFFICIENT
2013-05-21,19,0,5,0,0,24,0,68459,COMPLETE_SUFFICIENT
2013-05-22,24,0,0,0,0,24,0,86392,COMPLETE_SUFFICIENT
2013-05-23,24,0,0,0,0,24,0,86400,COMPLETE_SUFFICIENT
2013-05-24,24,0,0,0,0,24,0,86393,COMPLETE_SUFFICIENT
2013-05-25,24,0,0,0,0,24,0,86384,COMPLETE_SUFFICIENT
2013-05-26,24,0,0,0,0,24,0,86400,COMPLETE_SUFFICIENT
2013-05-27,24,0,0,0,0,24,0,86376,COMPLETE_SUFFICIENT
2013-05-28,19,0,5,0,0,24,0,68475,COMPLETE_SUFFICIENT
2013-05-29,24,0,0,0,0,24,0,86400,COMPLETE_SUFFICIENT
2013-05-30,24,0,0,0,0,24,0,86400,COMPLETE_SUFFICIENT
2013-05-31,24,0,0,0,0,24,0,86401,COMPLETE_SUFFICIENT
2013-06-01,24,0,0,0,0,24,0,86400,COMPLETE_SUFFICIENT
2013-06-02,24,0,0,0,0,24,0,86352,COMPLETE_SUFFICIENT
2013-06-03,24,0,0,0,0,24,0,86384,COMPLETE_SUFFICIENT
2013-06-04,19,0,5,0,0,24,0,68475,COMPLETE_SUFFICIENT
2013-06-05,24,0,0,0,0,24,0,86384,COMPLETE_SUFFICIENT
2013-06-06,24,0,0,0,0,24,0,86401,COMPLETE_SUFFICIENT
2013-06-07,24,0,0,0,0,24,0,86400,COMPLETE_SUFFICIENT
2013-06-08,24,0,0,0,0,24,0,86376,COMPLETE_SUFFICIENT
2013-06-09,24,0,0,0,0,24,0,86360,COMPLETE_SUFFICIENT
2013-06-10,24,0,0,0,0,24,0,86392,COMPLETE_SUFFICIENT
2013-06-11,20,0,4,0,0,24,0,70201,COMPLETE_SUFFICIENT
2013-06-12,24,0,0,0,0,24,0,86393,COMPLETE_SUFFICIENT
2013-06-13,24,0,0,0,0,24,0,86400,COMPLETE_SUFFICIENT
2013-06-14,24,0,0,0,0,24,0,86400,COMPLETE_SUFFICIENT
2013-06-15,24,0,0,0,0,24,0,86400,COMPLETE_SUFFICIENT
2013-06-16,24,0,0,0,0,24,0,86400,COMPLETE_SUFFICIENT
2013-06-17,24,0,0,0,0,24,0,86400,COMPLETE_SUFFICIENT
2013-06-18,19,0,5,0,0,24,0,68476,COMPLETE_SUFFICIENT
2013-06-19,24,0,0,0,0,24,0,86400,COMPLETE_SUFFICIENT
2013-06-20,24,0,0,0,0,24,0,86392,COMPLETE_SUFFICIENT
2013-06-21,24,0,0,0,0,24,0,86400,COMPLETE_SUFFICIENT
2013-06-22,24,0,0,0,0,24,0,86400,COMPLETE_SUFFICIENT
2013-06-23,24,0,0,0,0,24,0,86392,COMPLETE_SUFFICIENT
2013-06-24,24,0,0,0,0,24,0,86385,COMPLETE_SUFFICIENT
2013-06-25,19,0,5,0,0,24,0,68475,COMPLETE_SUFFICIENT
2013-06-26,24,0,0,0,0,24,0,86392,COMPLETE_SUFFICIENT
2013-06-27,24,0,0,0,0,24,0,86384,COMPLETE_SUFFICIENT
2013-06-28,24,0,0,0,0,24,0,86400,COMPLETE_SUFFICIENT
2013-06-29,24,0,0,0,0,24,0,86392,COMPLETE_SUFFICIENT
2013-06-30,24,0,0,0,0,24,0,86313,COMPLETE_SUFFICIENT
2013-07-01,24,0,0,0,0,24,0,86392,COMPLETE_SUFFICIENT
2013-07-02,19,0,5,0,0,24,0,66883,COMPLETE_SUFFICIENT
2013-07-03,24,0,0,0,0,24,0,86392,COMPLETE_SUFFICIENT
2013-07-04,24,0,0,0,0,24,0,86392,COMPLETE_SUFFICIENT
2013-07-05,24,0,0,0,0,24,0,86392,COMPLETE_SUFFICIENT
2013-07-06,24,0,0,0,0,24,0,86401,COMPLETE_SUFFICIENT
2013-07-07,24,0,0,0,0,24,0,86400,COMPLETE_SUFFICIENT
2013-07-08,24,0,0,0,0,24,0,86384,COMPLETE_SUFFICIENT
2013-07-09,18,0,6,0,0,24,0,64890,COMPLETE_SUFFICIENT
2013-07-10,24,0,0,0,0,24,0,86400,COMPLETE_SUFFICIENT
2013-07-11,24,0,0,0,0,24,0,86400,COMPLETE_SUFFICIENT
2013-07-12,24,0,0,0,0,24,0,86385,COMPLETE_SUFFICIENT
2013-07-13,24,0,0,0,0,24,0,86400,COMPLETE_SUFFICIENT
2013-07-14,24,0,0,0,0,24,0,86400,COMPLETE_SUFFICIENT
2013-07-15,20,0,4,0,0,24,0,70225,COMPLETE_SUFFICIENT
2013-07-16,24,0,0,0,0,24,0,86392,COMPLETE_SUFFICIENT
2013-07-17,24,0,0,0,0,24,0,86392,COMPLETE_SUFFICIENT
2013-07-18,24,0,0,0,0,24,0,86384,COMPLETE_SUFFICIENT
2013-07-19,24,0,0,0,0,24,0,86401,COMPLETE_SUFFICIENT
2013-07-20,24,0,0,0,0,24,0,86400,COMPLETE_SUFFICIENT
2013-07-21,24,0,0,0,0,24,0,86392,COMPLETE_SUFFICIENT
2013-07-22,24,0,0,0,0,24,0,86384,COMPLETE_SUFFICIENT
2013-07-23,20,0,4,0,0,24,0,70194,COMPLETE_SUFFICIENT
2013-07-24,24,0,0,0,0,24,0,86393,COMPLETE_SUFFICIENT
2013-07-25,24,0,0,0,0,24,0,86400,COMPLETE_SUFFICIENT
2013-07-26,24,0,0,0,0,24,0,86384,COMPLETE_SUFFICIENT
2013-07-27,24,0,0,0,0,24,0,86344,COMPLETE_SUFFICIENT
2013-07-28,24,0,0,0,0,24,0,86384,COMPLETE_SUFFICIENT
2013-07-29,24,0,0,0,0,24,0,86392,COMPLETE_SUFFICIENT
2013-07-30,20,0,4,0,0,24,0,70648,COMPLETE_SUFFICIENT
2013-07-31,24,0,0,0,0,24,0,86385,COMPLETE_SUFFICIENT
2013-08-01,24,0,0,0,0,24,0,86400,COMPLETE_SUFFICIENT
2013-08-02,24,0,0,0,0,24,0,86384,COMPLETE_SUFFICIENT
2013-08-03,24,0,0,0,0,24,0,86376,COMPLETE_SUFFICIENT
2013-08-04,24,0,0,0,0,24,0,86384,COMPLETE_SUFFICIENT
2013-08-05,24,0,0,0,0,24,0,86400,COMPLETE_SUFFICIENT
2013-08-06,20,0,4,0,0,24,0,70504,COMPLETE_SUFFICIENT
2013-08-07,24,0,0,0,0,24,0,86392,COMPLETE_SUFFICIENT
2013-08-08,24,0,0,0,0,24,0,86400,COMPLETE_SUFFICIENT
2013-08-09,24,0,0,0,0,24,0,86400,COMPLETE_SUFFICIENT
2013-08-10,24,0,0,0,0,24,0,86400,COMPLETE_SUFFICIENT
2013-08-11,24,0,0,0,0,24,0,86376,COMPLETE_SUFFICIENT
2013-08-12,24,0,0,0,0,24,0,86377,COMPLETE_SUFFICIENT
2013-08-13,20,0,4,0,0,24,0,69570,COMPLETE_SUFFICIENT
2013-08-14,24,0,0,0,0,24,0,86400,COMPLETE_SUFFICIENT
2013-08-15,24,0,0,0,0,24,0,86392,COMPLETE_SUFFICIENT
2013-08-16,24,0,0,0,0,24,0,86392,COMPLETE_SUFFICIENT
2013-08-17,24,0,0,0,0,24,0,86360,COMPLETE_SUFFICIENT
2013-08-18,24,0,0,0,0,24,0,86377,COMPLETE_SUFFICIENT
2013-08-19,24,0,0,0,0,24,0,86360,COMPLETE_SUFFICIENT
2013-08-20,20,0,4,0,0,24,0,70515,COMPLETE_SUFFICIENT
2013-08-21,24,0,0,0,0,24,0,86376,COMPLETE_SUFFICIENT
2013-08-22,24,0,0,0,0,24,0,86376,COMPLETE_SUFFICIENT
2013-08-23,24,0,0,0,0,24,0,86400,COMPLETE_SUFFICIENT
2013-08-24,24,0,0,0,0,24,0,86401,COMPLETE_SUFFICIENT
2013-08-25,24,0,0,0,0,24,0,86392,COMPLETE_SUFFICIENT
2013-08-26,24,0,0,0,0,24,0,86392,COMPLETE_SUFFICIENT
2013-08-27,19,0,5,0,0,24,0,68451,COMPLETE_SUFFICIENT
2013-08-28,24,0,0,0,0,24,0,86376,COMPLETE_SUFFICIENT
2013-08-29,24,0,0,0,0,24,0,86400,COMPLETE_SUFFICIENT
2013-08-30,24,0,0,0,0,24,0,86393,COMPLETE_SUFFICIENT
2013-08-31,24,0,0,0,0,24,0,86400,COMPLETE_SUFFICIENT
2013-09-01,24,0,0,0,0,24,0,86376,COMPLETE_SUFFICIENT
2013-09-02,24,0,0,0,0,24,0,86360,COMPLETE_SUFFICIENT
2013-09-03,19,0,5,0,0,24,0,68467,COMPLETE_SUFFICIENT
2013-09-04,24,0,0,0,0,24,0,86376,COMPLETE_SUFFICIENT
2013-09-05,24,0,0,0,0,24,0,86401,COMPLETE_SUFFICIENT
2013-09-06,24,0,0,0,0,24,0,86400,COMPLETE_SUFFICIENT
2013-09-07,24,0,0,0,0,24,0,86400,COMPLETE_SUFFICIENT
2013-09-08,24,0,0,0,0,24,0,86384,COMPLETE_SUFFICIENT
2013-09-09,24,0,0,0,0,24,0,86400,COMPLETE_SUFFICIENT
2013-09-10,20,0,4,0,0,24,0,70358,COMPLETE_SUFFICIENT
2013-09-11,24,0,0,0,0,24,0,86368,COMPLETE_SUFFICIENT
2013-09-12,24,0,0,0,0,24,0,86385,COMPLETE_SUFFICIENT
2013-09-13,24,0,0,0,0,24,0,86392,COMPLETE_SUFFICIENT
2013-09-14,24,0,0,0,0,24,0,86400,COMPLETE_SUFFICIENT
2013-09-15,24,0,0,0,0,24,0,86400,COMPLETE_SUFFICIENT
2013-09-16,24,0,0,0,0,24,0,86400,COMPLETE_SUFFICIENT
2013-09-17,20,0,4,0,0,24,0,70298,COMPLETE_SUFFICIENT
2013-09-18,24,0,0,0,0,24,0,86321,COMPLETE_SUFFICIENT
2013-09-19,24,0,0,0,0,24,0,86376,COMPLETE_SUFFICIENT
2013-09-20,24,0,0,0,0,24,0,86400,COMPLETE_SUFFICIENT
2013-09-21,24,0,0,0,0,24,0,86392,COMPLETE_SUFFICIENT
2013-09-22,24,0,0,0,0,24,0,86400,COMPLETE_SUFFICIENT
2013-09-23,18,0,6,0,0,24,0,64780,COMPLETE_SUFFICIENT
2013-09-24,24,0,0,0,0,24,0,86377,COMPLETE_SUFFICIENT
2013-09-25,24,0,0,0,0,24,0,86392,COMPLETE_SUFFICIENT
2013-09-26,24,0,0,0,0,24,0,86392,COMPLETE_SUFFICIENT
2013-09-27,24,0,0,0,0,24,0,86400,COMPLETE_SUFFICIENT
2013-09-28,24,0,0,0,0,24,0,86400,COMPLETE_SUFFICIENT
2013-09-29,24,0,0,0,0,24,0,86400,COMPLETE_SUFFICIENT
2013-09-30,24,0,0,0,0,24,0,86401,COMPLETE_SUFFICIENT
2013-10-01,19,0,5,0,0,24,0,68475,COMPLETE_SUFFICIENT
2013-10-02,24,0,0,0,0,24,0,86352,COMPLETE_SUFFICIENT
2013-10-03,24,0,0,0,0,24,0,86400,COMPLETE_SUFFICIENT
2013-10-04,24,0,0,0,0,24,0,86400,COMPLETE_SUFFICIENT
2013-10-05,24,0,0,0,0,24,0,86400,COMPLETE_SUFFICIENT
2013-10-06,24,0,0,0,0,24,0,86401,COMPLETE_SUFFICIENT
2013-10-07,24,0,0,0,0,24,0,86400,COMPLETE_SUFFICIENT
2013-10-08,18,0,6,0,0,24,0,64882,COMPLETE_SUFFICIENT
2013-10-09,24,0,0,0,0,24,0,86400,COMPLETE_SUFFICIENT
2013-10-10,24,0,0,0,0,24,0,86400,COMPLETE_SUFFICIENT
2013-10-11,24,0,0,0,0,24,0,86376,COMPLETE_SUFFICIENT
2013-10-12,24,0,0,0,0,24,0,86400,COMPLETE_SUFFICIENT
2013-10-13,24,0,0,0,0,24,0,86401,COMPLETE_SUFFICIENT
2013-10-14,24,0,0,0,0,24,0,86392,COMPLETE_SUFFICIENT
2013-10-15,20,0,4,0,0,24,0,70292,COMPLETE_SUFFICIENT
2013-10-16,24,0,0,0,0,24,0,86400,COMPLETE_SUFFICIENT
2013-10-17,24,0,0,0,0,24,0,86400,COMPLETE_SUFFICIENT
2013-10-18,24,0,0,0,0,24,0,86400,COMPLETE_SUFFICIENT
2013-10-19,24,0,0,0,0,24,0,86401,COMPLETE_SUFFICIENT
2013-10-20,24,0,0,0,0,24,0,86400,COMPLETE_SUFFICIENT
2013-10-21,24,0,0,0,0,24,0,86392,COMPLETE_SUFFICIENT
2013-10-22,20,0,4,0,0,24,0,70283,COMPLETE_SUFFICIENT
2013-10-23,24,0,0,0,0,24,0,86392,COMPLETE_SUFFICIENT
2013-10-24,24,0,0,0,0,24,0,86400,COMPLETE_SUFFICIENT
2013-10-25,24,0,0,0,0,24,0,86401,COMPLETE_SUFFICIENT
2013-10-26,24,0,0,0,0,24,0,86400,COMPLETE_SUFFICIENT
2013-10-27,24,0,0,0,0,24,0,86392,COMPLETE_SUFFICIENT
2013-10-28,24,0,0,0,0,24,0,86400,COMPLETE_SUFFICIENT
2013-10-29,19,0,5,0,0,24,0,68467,COMPLETE_SUFFICIENT
2013-10-30,24,0,0,0,0,24,0,86352,COMPLETE_SUFFICIENT
2013-10-31,24,0,0,0,0,24,0,86385,COMPLETE_SUFFICIENT
2013-11-01,24,0,0,0,0,24,0,86400,COMPLETE_SUFFICIENT
2013-11-02,24,0,0,0,0,24,0,86400,COMPLETE_SUFFICIENT
2013-11-03,24,0,0,0,0,24,0,86392,COMPLETE_SUFFICIENT
2013-11-04,24,0,0,0,0,24,0,86400,COMPLETE_SUFFICIENT
2013-11-05,21,0,3,0,0,24,0,74418,COMPLETE_SUFFICIENT
2013-11-06,23,1,0,0,0,24,0,81964,COMPLETE_SUFFICIENT
2013-11-07,24,0,0,0,0,24,0,86393,COMPLETE_SUFFICIENT
2013-11-08,24,0,0,0,0,24,0,86384,COMPLETE_SUFFICIENT
2013-11-09,24,0,0,0,0,24,0,86368,COMPLETE_SUFFICIENT
2013-11-10,24,0,0,0,0,24,0,86344,COMPLETE_SUFFICIENT
2013-11-11,24,0,0,0,0,24,0,86400,COMPLETE_SUFFICIENT
2013-11-12,19,0,5,0,0,24,0,67954,COMPLETE_SUFFICIENT
2013-11-13,24,0,0,0,0,24,0,86401,COMPLETE_SUFFICIENT
2013-11-14,24,0,0,0,0,24,0,86392,COMPLETE_SUFFICIENT
2013-11-15,24,0,0,0,0,24,0,86400,COMPLETE_SUFFICIENT
2013-11-16,24,0,0,0,0,24,0,86384,COMPLETE_SUFFICIENT
2013-11-17,24,0,0,0,0,24,0,86387,COMPLETE_SUFFICIENT
2013-11-18,19,0,5,0,0,24,0,68459,COMPLETE_SUFFICIENT
2013-11-19,24,0,0,0,0,24,0,86401,COMPLETE_SUFFICIENT
2013-11-20,24,0,0,0,0,24,0,86400,COMPLETE_SUFFICIENT
2013-11-21,24,0,0,0,0,24,0,86400,COMPLETE_SUFFICIENT
2013-11-22,24,0,0,0,0,24,0,86400,COMPLETE_SUFFICIENT
2013-11-23,24,0,0,0,0,24,0,86392,COMPLETE_SUFFICIENT
2013-11-24,24,0,0,0,0,24,0,86384,COMPLETE_SUFFICIENT
2013-11-25,24,0,0,0,0,24,0,86401,COMPLETE_SUFFICIENT
2013-11-26,19,0,5,0,0,24,0,68475,COMPLETE_SUFFICIENT
2013-11-27,24,0,0,0,0,24,0,86400,COMPLETE_SUFFICIENT
2013-11-28,24,0,0,0,0,24,0,86400,COMPLETE_SUFFICIENT
2013-11-29,24,0,0,0,0,24,0,86400,COMPLETE_SUFFICIENT
2013-11-30,24,0,0,0,0,24,0,86392,COMPLETE_SUFFICIENT
2013-12-01,24,0,0,0,0,24,0,86400,COMPLETE_SUFFICIENT
2013-12-02,22,0,0,1,1,23,0,78818,PARTIAL
2013-12-03,19,0,5,0,0,24,0,68467,COMPLETE_SUFFICIENT
2013-12-04,24,0,0,0,0,24,0,86400,COMPLETE_SUFFICIENT
2013-12-05,24,0,0,0,0,24,0,86376,COMPLETE_SUFFICIENT
2013-12-06,24,0,0,0,0,24,0,86400,COMPLETE_SUFFICIENT
2013-12-07,24,0,0,0,0,24,0,86384,COMPLETE_SUFFICIENT
2013-12-08,24,0,0,0,0,24,0,86377,COMPLETE_SUFFICIENT
2013-12-09,24,0,0,0,0,24,0,86392,COMPLETE_SUFFICIENT
2013-12-10,19,0,5,0,0,24,0,68475,COMPLETE_SUFFICIENT
2013-12-11,24,0,0,0,0,24,0,84808,COMPLETE_SUFFICIENT
2013-12-12,24,0,0,0,0,24,0,86400,COMPLETE_SUFFICIENT
2013-12-13,24,0,0,0,0,24,0,86392,COMPLETE_SUFFICIENT
2013-12-14,24,0,0,0,0,24,0,86401,COMPLETE_SUFFICIENT
2013-12-15,24,0,0,0,0,24,0,86392,COMPLETE_SUFFICIENT
2013-12-16,24,0,0,0,0,24,0,86400,COMPLETE_SUFFICIENT
2013-12-17,21,0,3,0,0,24,0,75006,COMPLETE_SUFFICIENT
2013-12-18,23,1,0,0,0,24,0,81770,COMPLETE_SUFFICIENT
2013-12-19,24,0,0,0,0,24,0,86400,COMPLETE_SUFFICIENT
2013-12-20,24,0,0,0,0,24,0,85361,COMPLETE_SUFFICIENT
2013-12-21,24,0,0,0,0,24,0,86400,COMPLETE_SUFFICIENT
2013-12-22,24,0,0,0,0,24,0,86392,COMPLETE_SUFFICIENT
2013-12-23,19,0,5,0,0,24,0,68349,COMPLETE_SUFFICIENT
2013-12-24,24,0,0,0,0,24,0,86400,COMPLETE_SUFFICIENT
2013-12-25,24,0,0,0,0,24,0,86392,COMPLETE_SUFFICIENT
2013-12-26,24,0,0,0,0,24,0,86400,COMPLETE_SUFFICIENT
2013-12-27,24,0,0,0,0,24,0,86385,COMPLETE_SUFFICIENT
2013-12-28,24,0,0,0,0,24,0,86384,COMPLETE_SUFFICIENT
2013-12-29,24,0,0,0,0,24,0,86376,COMPLETE_SUFFICIENT
2013-12-30,24,0,0,0,0,24,0,86400,COMPLETE_SUFFICIENT
2013-12-31,19,0,5,0,0,24,0,68467,COMPLETE_SUFFICIENT
2014-01-01,24,0,0,0,0,24,0,86400,COMPLETE_SUFFICIENT
2014-01-02,24,0,0,0,0,24,0,86377,COMPLETE_SUFFICIENT
2014-01-03,24,0,0,0,0,24,0,86352,COMPLETE_SUFFICIENT
2014-01-04,24,0,0,0,0,24,0,86384,COMPLETE_SUFFICIENT
2014-01-05,24,0,0,0,0,24,0,86392,COMPLETE_SUFFICIENT
2014-01-06,24,0,0,0,0,24,0,86400,COMPLETE_SUFFICIENT
2014-01-07,19,0,5,0,0,24,0,68443,COMPLETE_SUFFICIENT
2014-01-08,24,0,0,0,0,24,0,86400,COMPLETE_SUFFICIENT
2014-01-09,24,0,0,0,0,24,0,86401,COMPLETE_SUFFICIENT
2014-01-10,24,0,0,0,0,24,0,86400,COMPLETE_SUFFICIENT
2014-01-11,24,0,0,0,0,24,0,86360,COMPLETE_SUFFICIENT
2014-01-12,24,0,0,0,0,24,0,86376,COMPLETE_SUFFICIENT
2014-01-13,24,0,0,0,0,24,0,86400,COMPLETE_SUFFICIENT
2014-01-14,24,0,0,0,0,24,0,86400,COMPLETE_SUFFICIENT
2014-01-15,18,0,6,0,0,24,0,64891,COMPLETE_SUFFICIENT
2014-01-16,24,0,0,0,0,24,0,86400,COMPLETE_SUFFICIENT
2014-01-17,24,0,0,0,0,24,0,86400,COMPLETE_SUFFICIENT
2014-01-18,24,0,0,0,0,24,0,86400,COMPLETE_SUFFICIENT
2014-01-19,24,0,0,0,0,24,0,86400,COMPLETE_SUFFICIENT
2014-01-20,24,0,0,0,0,24,0,86400,COMPLETE_SUFFICIENT
2014-01-21,19,0,5,0,0,24,0,67565,COMPLETE_SUFFICIENT
2014-01-22,24,0,0,0,0,24,0,86392,COMPLETE_SUFFICIENT
2014-01-23,24,0,0,0,0,24,0,86368,COMPLETE_SUFFICIENT
2014-01-24,24,0,0,0,0,24,0,86376,COMPLETE_SUFFICIENT
2014-01-25,24,0,0,0,0,24,0,86360,COMPLETE_SUFFICIENT
2014-01-26,24,0,0,0,0,24,0,86376,COMPLETE_SUFFICIENT
2014-01-27,24,0,0,0,0,24,0,86393,COMPLETE_SUFFICIENT
2014-01-28,22,0,2,0,0,24,0,77671,COMPLETE_SUFFICIENT
2014-01-29,22,2,0,0,0,24,0,79556,COMPLETE_SUFFICIENT
2014-01-30,24,0,0,0,0,24,0,86400,COMPLETE_SUFFICIENT
2014-01-31,24,0,0,0,0,24,0,86400,COMPLETE_SUFFICIENT
2014-02-01,24,0,0,0,0,24,0,86400,COMPLETE_SUFFICIENT
2014-02-02,24,0,0,0,0,24,0,86385,COMPLETE_SUFFICIENT
2014-02-03,24,0,0,0,0,24,0,86400,COMPLETE_SUFFICIENT
2014-02-04,20,0,4,0,0,24,0,69367,COMPLETE_SUFFICIENT
2014-02-05,24,0,0,0,0,24,0,86400,COMPLETE_SUFFICIENT
2014-02-06,24,0,0,0,0,24,0,86390,COMPLETE_SUFFICIENT
2014-02-07,24,0,0,0,0,24,0,86400,COMPLETE_SUFFICIENT
2014-02-08,24,0,0,0,0,24,0,86384,COMPLETE_SUFFICIENT
2014-02-09,24,0,0,0,0,24,0,86401,COMPLETE_SUFFICIENT
2014-02-10,24,0,0,0,0,24,0,86400,COMPLETE_SUFFICIENT
2014-02-11,20,0,4,0,0,24,0,69987,COMPLETE_SUFFICIENT
2014-02-12,24,0,0,0,0,24,0,86400,COMPLETE_SUFFICIENT
2014-02-13,24,0,0,0,0,24,0,86400,COMPLETE_SUFFICIENT
2014-02-14,24,0,0,0,0,24,0,86400,COMPLETE_SUFFICIENT
2014-02-15,24,0,0,0,0,24,0,86337,COMPLETE_SUFFICIENT
2014-02-16,24,0,0,0,0,24,0,86360,COMPLETE_SUFFICIENT
2014-02-17,24,0,0,0,0,24,0,86400,COMPLETE_SUFFICIENT
2014-02-18,24,0,0,0,0,24,0,86400,COMPLETE_SUFFICIENT
2014-02-19,19,0,5,0,0,24,0,68475,COMPLETE_SUFFICIENT
2014-02-20,24,0,0,0,0,24,0,86384,COMPLETE_SUFFICIENT
2014-02-21,24,0,0,0,0,24,0,86401,COMPLETE_SUFFICIENT
2014-02-22,24,0,0,0,0,24,0,86400,COMPLETE_SUFFICIENT
2014-02-23,24,0,0,0,0,24,0,86376,COMPLETE_SUFFICIENT
2014-02-24,24,0,0,0,0,24,0,86400,COMPLETE_SUFFICIENT
2014-02-25,20,0,4,0,0,24,0,70420,COMPLETE_SUFFICIENT
2014-02-26,24,0,0,0,0,24,0,86384,COMPLETE_SUFFICIENT
2014-02-27,24,0,0,0,0,24,0,86313,COMPLETE_SUFFICIENT
2014-02-28,24,0,0,0,0,24,0,86296,COMPLETE_SUFFICIENT
2014-03-01,24,0,0,0,0,24,0,86400,COMPLETE_SUFFICIENT
2014-03-02,24,0,0,0,0,24,0,86400,COMPLETE_SUFFICIENT
2014-03-03,24,0,0,0,0,24,0,86392,COMPLETE_SUFFICIENT
2014-03-04,19,0,5,0,0,24,0,67993,COMPLETE_SUFFICIENT
2014-03-05,24,0,0,0,0,24,0,86352,COMPLETE_SUFFICIENT
2014-03-06,24,0,0,0,0,24,0,86401,COMPLETE_SUFFICIENT
2014-03-07,24,0,0,0,0,24,0,86392,COMPLETE_SUFFICIENT
2014-03-08,24,0,0,0,0,24,0,86400,COMPLETE_SUFFICIENT
2014-03-09,24,0,0,0,0,24,0,86384,COMPLETE_SUFFICIENT
2014-03-10,24,0,0,0,0,24,0,86400,COMPLETE_SUFFICIENT
2014-03-11,19,0,5,0,0,24,0,68459,COMPLETE_SUFFICIENT
2014-03-12,24,0,0,0,0,24,0,86401,COMPLETE_SUFFICIENT
2014-03-13,24,0,0,0,0,24,0,86384,COMPLETE_SUFFICIENT
2014-03-14,24,0,0,0,0,24,0,86392,COMPLETE_SUFFICIENT
2014-03-15,24,0,0,0,0,24,0,86400,COMPLETE_SUFFICIENT
2014-03-16,24,0,0,0,0,24,0,86400,COMPLETE_SUFFICIENT
2014-03-17,24,0,0,0,0,24,0,86400,COMPLETE_SUFFICIENT
2014-03-18,19,0,5,0,0,24,0,67966,COMPLETE_SUFFICIENT
2014-03-19,24,0,0,0,0,24,0,86392,COMPLETE_SUFFICIENT
2014-03-20,24,0,0,0,0,24,0,86400,COMPLETE_SUFFICIENT
2014-03-21,24,0,0,0,0,24,0,86384,COMPLETE_SUFFICIENT
2014-03-22,24,0,0,0,0,24,0,86392,COMPLETE_SUFFICIENT
2014-03-23,24,0,0,0,0,24,0,85784,COMPLETE_SUFFICIENT
2014-03-24,24,0,0,0,0,24,0,86393,COMPLETE_SUFFICIENT
2014-03-25,20,0,4,0,0,24,0,72060,COMPLETE_SUFFICIENT
2014-03-26,23,1,0,0,0,24,0,82878,COMPLETE_SUFFICIENT
2014-03-27,24,0,0,0,0,24,0,86384,COMPLETE_SUFFICIENT
2014-03-28,24,0,0,0,0,24,0,86392,COMPLETE_SUFFICIENT
2014-03-29,24,0,0,0,0,24,0,86392,COMPLETE_SUFFICIENT
2014-03-30,24,0,0,0,0,24,0,86401,COMPLETE_SUFFICIENT
2014-03-31,24,0,0,0,0,24,0,86384,COMPLETE_SUFFICIENT
2014-04-01,19,0,5,0,0,24,0,68459,COMPLETE_SUFFICIENT
2014-04-02,24,0,0,0,0,24,0,86360,COMPLETE_SUFFICIENT
2014-04-03,24,0,0,0,0,24,0,86344,COMPLETE_SUFFICIENT
2014-04-04,24,0,0,0,0,24,0,86400,COMPLETE_SUFFICIENT
2014-04-05,24,0,0,0,0,24,0,86392,COMPLETE_SUFFICIENT
2014-04-06,24,0,0,0,0,24,0,81841,COMPLETE_SUFFICIENT
2014-04-07,24,0,0,0,0,24,0,86232,COMPLETE_SUFFICIENT
2014-04-08,20,0,4,0,0,24,0,72060,COMPLETE_SUFFICIENT
2014-04-09,24,0,0,0,0,23,1,83458,COMPLETE_WITH_BEST_AVAILABLE
2014-04-10,24,0,0,0,0,24,0,86400,COMPLETE_SUFFICIENT
2014-04-11,24,0,0,0,0,24,0,86400,COMPLETE_SUFFICIENT
2014-04-12,24,0,0,0,0,24,0,86377,COMPLETE_SUFFICIENT
2014-04-13,24,0,0,0,0,24,0,86400,COMPLETE_SUFFICIENT
2014-04-14,24,0,0,0,0,24,0,85312,COMPLETE_SUFFICIENT
2014-04-15,20,0,4,0,0,24,0,70119,COMPLETE_SUFFICIENT
2014-04-16,24,0,0,0,0,24,0,86392,COMPLETE_SUFFICIENT
2014-04-17,24,0,0,0,0,24,0,86392,COMPLETE_SUFFICIENT
2014-04-18,24,0,0,0,0,24,0,86385,COMPLETE_SUFFICIENT
2014-04-19,24,0,0,0,0,24,0,86400,COMPLETE_SUFFICIENT
2014-04-20,24,0,0,0,0,24,0,86376,COMPLETE_SUFFICIENT
2014-04-21,24,0,0,0,0,24,0,86392,COMPLETE_SUFFICIENT
2014-04-22,20,0,4,0,0,24,0,69807,COMPLETE_SUFFICIENT
2014-04-23,24,0,0,0,0,24,0,86400,COMPLETE_SUFFICIENT
2014-04-24,24,0,0,0,0,24,0,86401,COMPLETE_SUFFICIENT
2014-04-25,24,0,0,0,0,24,0,86392,COMPLETE_SUFFICIENT
2014-04-26,24,0,0,0,0,24,0,86400,COMPLETE_SUFFICIENT
2014-04-27,24,0,0,0,0,24,0,86384,COMPLETE_SUFFICIENT
2014-04-28,24,0,0,0,0,24,0,86393,COMPLETE_SUFFICIENT
2014-04-29,19,0,5,0,0,24,0,68475,COMPLETE_SUFFICIENT
2014-04-30,24,0,0,0,0,24,0,86401,COMPLETE_SUFFICIENT
2014-05-01,24,0,0,0,0,24,0,86400,COMPLETE_SUFFICIENT
2014-05-02,24,0,0,0,0,24,0,86392,COMPLETE_SUFFICIENT
2014-05-03,24,0,0,0,0,24,0,86400,COMPLETE_SUFFICIENT
2014-05-04,24,0,0,0,0,24,0,83984,COMPLETE_SUFFICIENT
2014-05-05,24,0,0,0,0,24,0,86392,COMPLETE_SUFFICIENT
2014-05-06,19,0,5,0,0,24,0,67941,COMPLETE_SUFFICIENT
2014-05-07,24,0,0,0,0,24,0,86400,COMPLETE_SUFFICIENT
2014-05-08,24,0,0,0,0,24,0,86384,COMPLETE_SUFFICIENT
2014-05-09,24,0,0,0,0,24,0,86392,COMPLETE_SUFFICIENT
2014-05-10,24,0,0,0,0,24,0,86400,COMPLETE_SUFFICIENT
2014-05-11,24,0,0,0,0,24,0,86400,COMPLETE_SUFFICIENT
2014-05-12,24,0,0,0,0,24,0,86400,COMPLETE_SUFFICIENT
2014-05-13,18,0,6,0,0,24,0,64883,COMPLETE_SUFFICIENT
2014-05-14,24,0,0,0,0,24,0,86400,COMPLETE_SUFFICIENT
2014-05-15,24,0,0,0,0,24,0,86392,COMPLETE_SUFFICIENT
2014-05-16,24,0,0,0,0,24,0,86400,COMPLETE_SUFFICIENT
2014-05-17,24,0,0,0,0,24,0,86400,COMPLETE_SUFFICIENT
2014-05-18,24,0,0,0,0,24,0,86393,COMPLETE_SUFFICIENT
2014-05-19,24,0,0,0,0,24,0,86392,COMPLETE_SUFFICIENT
2014-05-20,19,0,5,0,0,24,0,68475,COMPLETE_SUFFICIENT
2014-05-21,24,0,0,0,0,24,0,86400,COMPLETE_SUFFICIENT
2014-05-22,24,0,0,0,0,24,0,86400,COMPLETE_SUFFICIENT
2014-05-23,24,0,0,0,0,24,0,86392,COMPLETE_SUFFICIENT
2014-05-24,24,0,0,0,0,24,0,86384,COMPLETE_SUFFICIENT
2014-05-25,24,0,0,0,0,24,0,86401,COMPLETE_SUFFICIENT
2014-05-26,24,0,0,0,0,24,0,86392,COMPLETE_SUFFICIENT
2014-05-27,19,0,5,0,0,24,0,68475,COMPLETE_SUFFICIENT
2014-05-28,24,0,0,0,0,24,0,86392,COMPLETE_SUFFICIENT
2014-05-29,24,0,0,0,0,24,0,86400,COMPLETE_SUFFICIENT
2014-05-30,24,0,0,0,0,24,0,86400,COMPLETE_SUFFICIENT
2014-05-31,24,0,0,0,0,24,0,86401,COMPLETE_SUFFICIENT
2014-06-01,24,0,0,0,0,24,0,86400,COMPLETE_SUFFICIENT
2014-06-02,24,0,0,0,0,24,0,86400,COMPLETE_SUFFICIENT
2014-06-03,19,0,5,0,0,24,0,68475,COMPLETE_SUFFICIENT
2014-06-04,24,0,0,0,0,24,0,86400,COMPLETE_SUFFICIENT
2014-06-05,24,0,0,0,0,24,0,86400,COMPLETE_SUFFICIENT
2014-06-06,24,0,0,0,0,23,1,82809,COMPLETE_WITH_BEST_AVAILABLE
2014-06-07,24,0,0,0,0,24,0,86376,COMPLETE_SUFFICIENT
2014-06-08,24,0,0,0,0,24,0,86240,COMPLETE_SUFFICIENT
2014-06-09,24,0,0,0,0,24,0,86400,COMPLETE_SUFFICIENT
2014-06-10,19,0,5,0,0,24,0,68475,COMPLETE_SUFFICIENT
2014-06-11,24,0,0,0,0,24,0,86248,COMPLETE_SUFFICIENT
2014-06-12,24,0,0,0,0,24,0,86401,COMPLETE_SUFFICIENT
2014-06-13,24,0,0,0,0,24,0,86368,COMPLETE_SUFFICIENT
2014-06-14,24,0,0,0,0,24,0,86392,COMPLETE_SUFFICIENT
2014-06-15,24,0,0,0,0,24,0,86392,COMPLETE_SUFFICIENT
2014-06-16,24,0,0,0,0,24,0,86392,COMPLETE_SUFFICIENT
2014-06-17,20,0,4,0,0,24,0,71445,COMPLETE_SUFFICIENT
2014-06-18,24,0,0,0,0,24,0,85503,COMPLETE_SUFFICIENT
2014-06-19,24,0,0,0,0,24,0,86400,COMPLETE_SUFFICIENT
2014-06-20,24,0,0,0,0,24,0,86368,COMPLETE_SUFFICIENT
2014-06-21,24,0,0,0,0,24,0,86384,COMPLETE_SUFFICIENT
2014-06-22,24,0,0,0,0,24,0,86400,COMPLETE_SUFFICIENT
2014-06-23,24,0,0,0,0,24,0,86384,COMPLETE_SUFFICIENT
2014-06-24,24,0,0,0,0,24,0,86401,COMPLETE_SUFFICIENT
2014-06-25,24,0,0,0,0,24,0,86400,COMPLETE_SUFFICIENT
2014-06-26,24,0,0,0,0,24,0,86400,COMPLETE_SUFFICIENT
2014-06-27,24,0,0,0,0,24,0,86400,COMPLETE_SUFFICIENT
2014-06-28,24,0,0,0,0,24,0,86384,COMPLETE_SUFFICIENT
2014-06-29,24,0,0,0,0,24,0,86392,COMPLETE_SUFFICIENT
2014-06-30,24,0,0,0,0,24,0,86401,COMPLETE_SUFFICIENT
2014-07-01,18,0,6,0,0,24,0,64890,COMPLETE_SUFFICIENT
2014-07-02,24,0,0,0,0,24,0,86400,COMPLETE_SUFFICIENT
2014-07-03,24,0,0,0,0,24,0,86400,COMPLETE_SUFFICIENT
2014-07-04,24,0,0,0,0,24,0,86400,COMPLETE_SUFFICIENT
2014-07-05,24,0,0,0,0,24,0,86400,COMPLETE_SUFFICIENT
2014-07-06,24,0,0,0,0,24,0,86401,COMPLETE_SUFFICIENT
2014-07-07,24,0,0,0,0,24,0,86400,COMPLETE_SUFFICIENT
2014-07-08,20,0,4,0,0,24,0,70407,COMPLETE_SUFFICIENT
2014-07-09,24,0,0,0,0,24,0,86384,COMPLETE_SUFFICIENT
2014-07-10,24,0,0,0,0,24,0,86392,COMPLETE_SUFFICIENT
2014-07-11,24,0,0,0,0,24,0,86400,COMPLETE_SUFFICIENT
2014-07-12,24,0,0,0,0,24,0,86393,COMPLETE_SUFFICIENT
2014-07-13,24,0,0,0,0,24,0,86400,COMPLETE_SUFFICIENT
2014-07-14,24,0,0,0,0,24,0,86400,COMPLETE_SUFFICIENT
2014-07-15,19,0,5,0,0,24,0,68459,COMPLETE_SUFFICIENT
2014-07-16,24,0,0,0,0,24,0,86400,COMPLETE_SUFFICIENT
2014-07-17,24,0,0,0,0,24,0,86376,COMPLETE_SUFFICIENT
2014-07-18,24,0,0,0,0,24,0,86385,COMPLETE_SUFFICIENT
2014-07-19,24,0,0,0,0,24,0,86400,COMPLETE_SUFFICIENT
2014-07-20,24,0,0,0,0,24,0,86400,COMPLETE_SUFFICIENT
2014-07-21,19,0,5,0,0,24,0,68475,COMPLETE_SUFFICIENT
2014-07-22,24,0,0,0,0,24,0,86392,COMPLETE_SUFFICIENT
2014-07-23,24,0,0,0,0,24,0,86376,COMPLETE_SUFFICIENT
2014-07-24,24,0,0,0,0,24,0,86393,COMPLETE_SUFFICIENT
2014-07-25,24,0,0,0,0,24,0,86400,COMPLETE_SUFFICIENT
2014-07-26,24,0,0,0,0,24,0,86376,COMPLETE_SUFFICIENT
2014-07-27,24,0,0,0,0,24,0,86384,COMPLETE_SUFFICIENT
2014-07-28,24,0,0,0,0,24,0,86288,COMPLETE_SUFFICIENT
2014-07-29,19,0,5,0,0,24,0,68475,COMPLETE_SUFFICIENT
2014-07-30,24,0,0,0,0,24,0,86385,COMPLETE_SUFFICIENT
2014-07-31,24,0,0,0,0,24,0,86400,COMPLETE_SUFFICIENT
2014-08-01,24,0,0,0,0,24,0,86400,COMPLETE_SUFFICIENT
2014-08-02,24,0,0,0,0,24,0,86400,COMPLETE_SUFFICIENT
2014-08-03,24,0,0,0,0,24,0,86392,COMPLETE_SUFFICIENT
2014-08-04,24,0,0,0,0,24,0,86400,COMPLETE_SUFFICIENT
2014-08-05,19,0,5,0,0,24,0,68476,COMPLETE_SUFFICIENT
2014-08-06,24,0,0,0,0,24,0,86400,COMPLETE_SUFFICIENT
2014-08-07,24,0,0,0,0,24,0,86392,COMPLETE_SUFFICIENT
2014-08-08,24,0,0,0,0,24,0,86384,COMPLETE_SUFFICIENT
2014-08-09,24,0,0,0,0,24,0,86400,COMPLETE_SUFFICIENT
2014-08-10,24,0,0,0,0,24,0,86392,COMPLETE_SUFFICIENT
2014-08-11,24,0,0,0,0,24,0,86401,COMPLETE_SUFFICIENT
2014-08-12,19,0,5,0,0,24,0,68406,COMPLETE_SUFFICIENT
2014-08-13,24,0,0,0,0,24,0,86240,COMPLETE_SUFFICIENT
2014-08-14,24,0,0,0,0,24,0,86303,COMPLETE_SUFFICIENT
2014-08-15,24,0,0,0,0,24,0,86392,COMPLETE_SUFFICIENT
2014-08-16,24,0,0,0,0,24,0,86392,COMPLETE_SUFFICIENT
2014-08-17,24,0,0,0,0,24,0,86393,COMPLETE_SUFFICIENT
2014-08-18,24,0,0,0,0,24,0,86400,COMPLETE_SUFFICIENT
2014-08-19,20,0,4,0,0,24,0,69845,COMPLETE_SUFFICIENT
2014-08-20,24,0,0,0,0,24,0,86400,COMPLETE_SUFFICIENT
2014-08-21,24,0,0,0,0,24,0,86400,COMPLETE_SUFFICIENT
2014-08-22,24,0,0,0,0,24,0,86400,COMPLETE_SUFFICIENT
2014-08-23,24,0,0,0,0,24,0,86400,COMPLETE_SUFFICIENT
2014-08-24,24,0,0,0,0,24,0,86401,COMPLETE_SUFFICIENT
2014-08-25,24,0,0,0,0,24,0,86400,COMPLETE_SUFFICIENT
2014-08-26,19,0,5,0,0,24,0,68211,COMPLETE_SUFFICIENT
2014-08-27,24,0,0,0,0,24,0,86400,COMPLETE_SUFFICIENT
2014-08-28,24,0,0,0,0,24,0,86400,COMPLETE_SUFFICIENT
2014-08-29,24,0,0,0,0,24,0,86192,COMPLETE_SUFFICIENT
2014-08-30,24,0,0,0,0,24,0,86393,COMPLETE_SUFFICIENT
2014-08-31,24,0,0,0,0,24,0,86400,COMPLETE_SUFFICIENT
2014-09-01,24,0,0,0,0,24,0,86384,COMPLETE_SUFFICIENT
2014-09-02,19,0,5,0,0,24,0,68443,COMPLETE_SUFFICIENT
2014-09-03,24,0,0,0,0,24,0,86368,COMPLETE_SUFFICIENT
2014-09-04,24,0,0,0,0,24,0,86344,COMPLETE_SUFFICIENT
2014-09-05,24,0,0,0,0,24,0,86321,COMPLETE_SUFFICIENT
2014-09-06,24,0,0,0,0,24,0,86384,COMPLETE_SUFFICIENT
2014-09-07,24,0,0,0,0,24,0,86400,COMPLETE_SUFFICIENT
2014-09-08,24,0,0,0,0,24,0,86392,COMPLETE_SUFFICIENT
2014-09-09,19,0,5,0,0,24,0,67049,COMPLETE_SUFFICIENT
2014-09-10,24,0,0,0,0,24,0,86264,COMPLETE_SUFFICIENT
2014-09-11,24,0,0,0,0,24,0,86353,COMPLETE_SUFFICIENT
2014-09-12,24,0,0,0,0,24,0,86296,COMPLETE_SUFFICIENT
2014-09-13,24,0,0,0,0,24,0,86400,COMPLETE_SUFFICIENT
2014-09-14,24,0,0,0,0,24,0,86400,COMPLETE_SUFFICIENT
2014-09-15,24,0,0,0,0,24,0,86240,COMPLETE_SUFFICIENT
2014-09-16,20,0,4,0,0,24,0,69819,COMPLETE_SUFFICIENT
2014-09-17,24,0,0,0,0,24,0,86393,COMPLETE_SUFFICIENT
2014-09-18,24,0,0,0,0,24,0,86392,COMPLETE_SUFFICIENT
2014-09-19,24,0,0,0,0,24,0,86248,COMPLETE_SUFFICIENT
2014-09-20,24,0,0,0,0,24,0,86400,COMPLETE_SUFFICIENT
2014-09-21,24,0,0,0,0,24,0,86392,COMPLETE_SUFFICIENT
2014-09-22,20,0,4,0,0,24,0,69894,COMPLETE_SUFFICIENT
2014-09-23,24,0,0,0,0,24,0,86377,COMPLETE_SUFFICIENT
2014-09-24,24,0,0,0,0,24,0,86392,COMPLETE_SUFFICIENT
2014-09-25,24,0,0,0,0,24,0,86072,COMPLETE_SUFFICIENT
2014-09-26,24,0,0,0,0,24,0,86304,COMPLETE_SUFFICIENT
2014-09-27,24,0,0,0,0,24,0,86400,COMPLETE_SUFFICIENT
2014-09-28,24,0,0,0,0,24,0,86248,COMPLETE_SUFFICIENT
2014-09-29,24,0,0,0,0,24,0,86385,COMPLETE_SUFFICIENT
2014-09-30,19,0,5,0,0,24,0,68475,COMPLETE_SUFFICIENT
2014-10-01,24,0,0,0,0,24,0,86376,COMPLETE_SUFFICIENT
2014-10-02,24,0,0,0,0,24,0,86368,COMPLETE_SUFFICIENT
2014-10-03,24,0,0,0,0,24,0,86400,COMPLETE_SUFFICIENT
2014-10-04,24,0,0,0,0,24,0,86400,COMPLETE_SUFFICIENT
2014-10-05,24,0,0,0,0,24,0,86401,COMPLETE_SUFFICIENT
2014-10-06,24,0,0,0,0,24,0,86368,COMPLETE_SUFFICIENT
2014-10-07,19,0,5,0,0,24,0,67954,COMPLETE_SUFFICIENT
2014-10-08,24,0,0,0,0,24,0,86368,COMPLETE_SUFFICIENT
2014-10-09,24,0,0,0,0,24,0,86400,COMPLETE_SUFFICIENT
2014-10-10,24,0,0,0,0,24,0,86376,COMPLETE_SUFFICIENT
2014-10-11,24,0,0,0,0,24,0,86400,COMPLETE_SUFFICIENT
2014-10-12,24,0,0,0,0,24,0,86401,COMPLETE_SUFFICIENT
2014-10-13,24,0,0,0,0,24,0,86376,COMPLETE_SUFFICIENT
2014-10-14,20,0,4,0,0,24,0,70053,COMPLETE_SUFFICIENT
2014-10-15,24,0,0,0,0,24,0,86360,COMPLETE_SUFFICIENT
2014-10-16,24,0,0,0,0,24,0,86392,COMPLETE_SUFFICIENT
2014-10-17,24,0,0,0,0,24,0,86400,COMPLETE_SUFFICIENT
2014-10-18,24,0,0,0,0,24,0,86393,COMPLETE_SUFFICIENT
2014-10-19,24,0,0,0,0,24,0,86384,COMPLETE_SUFFICIENT
2014-10-20,24,0,0,0,0,24,0,86400,COMPLETE_SUFFICIENT
2014-10-21,19,0,5,0,0,24,0,68179,COMPLETE_SUFFICIENT
2014-10-22,24,0,0,0,0,24,0,86392,COMPLETE_SUFFICIENT
2014-10-23,24,0,0,0,0,24,0,86384,COMPLETE_SUFFICIENT
2014-10-24,24,0,0,0,0,24,0,86385,COMPLETE_SUFFICIENT
2014-10-25,24,0,0,0,0,24,0,86392,COMPLETE_SUFFICIENT
2014-10-26,24,0,0,0,0,24,0,86384,COMPLETE_SUFFICIENT
2014-10-27,24,0,0,0,0,24,0,86400,COMPLETE_SUFFICIENT
2014-10-28,19,0,5,0,0,24,0,68475,COMPLETE_SUFFICIENT
2014-10-29,24,0,0,0,0,24,0,86384,COMPLETE_SUFFICIENT
2014-10-30,24,0,0,0,0,24,0,86385,COMPLETE_SUFFICIENT
2014-10-31,24,0,0,0,0,24,0,86384,COMPLETE_SUFFICIENT
2014-11-01,24,0,0,0,0,24,0,86344,COMPLETE_SUFFICIENT
2014-11-02,24,0,0,0,0,24,0,86384,COMPLETE_SUFFICIENT
2014-11-03,24,0,0,0,0,24,0,86384,COMPLETE_SUFFICIENT
2014-11-04,24,0,0,0,0,24,0,86352,COMPLETE_SUFFICIENT
2014-11-05,19,0,5,0,0,24,0,67284,COMPLETE_SUFFICIENT
2014-11-06,24,0,0,0,0,24,0,86392,COMPLETE_SUFFICIENT
2014-11-07,24,0,0,0,0,24,0,86392,COMPLETE_SUFFICIENT
2014-11-08,24,0,0,0,0,24,0,86392,COMPLETE_SUFFICIENT
2014-11-09,24,0,0,0,0,24,0,86400,COMPLETE_SUFFICIENT
2014-11-10,24,0,0,0,0,24,0,86368,COMPLETE_SUFFICIENT
2014-11-11,24,0,0,0,0,24,0,86401,COMPLETE_SUFFICIENT
2014-11-12,20,0,4,0,0,24,0,70111,COMPLETE_SUFFICIENT
2014-11-13,24,0,0,0,0,24,0,86400,COMPLETE_SUFFICIENT
2014-11-14,24,0,0,0,0,24,0,86400,COMPLETE_SUFFICIENT
2014-11-15,24,0,0,0,0,24,0,86392,COMPLETE_SUFFICIENT
2014-11-16,24,0,0,0,0,24,0,86400,COMPLETE_SUFFICIENT
2014-11-17,24,0,0,0,0,24,0,86384,COMPLETE_SUFFICIENT
2014-11-18,20,0,4,0,0,24,0,69961,COMPLETE_SUFFICIENT
2014-11-19,24,0,0,0,0,24,0,86384,COMPLETE_SUFFICIENT
2014-11-20,24,0,0,0,0,24,0,86400,COMPLETE_SUFFICIENT
2014-11-21,24,0,0,0,0,24,0,86392,COMPLETE_SUFFICIENT
2014-11-22,24,0,0,0,0,24,0,86400,COMPLETE_SUFFICIENT
2014-11-23,24,0,0,0,0,24,0,86368,COMPLETE_SUFFICIENT
2014-11-24,24,0,0,0,0,24,0,86377,COMPLETE_SUFFICIENT
2014-11-25,19,0,5,0,0,24,0,68459,COMPLETE_SUFFICIENT
2014-11-26,24,0,0,0,0,24,0,86384,COMPLETE_SUFFICIENT
2014-11-27,24,0,0,0,0,24,0,86400,COMPLETE_SUFFICIENT
2014-11-28,24,0,0,0,0,24,0,86400,COMPLETE_SUFFICIENT
2014-11-29,24,0,0,0,0,24,0,86360,COMPLETE_SUFFICIENT
2014-11-30,24,0,0,0,0,24,0,86390,COMPLETE_SUFFICIENT
2014-12-01,24,0,0,0,0,24,0,86392,COMPLETE_SUFFICIENT
2014-12-02,19,0,5,0,0,24,0,66180,COMPLETE_SUFFICIENT
2014-12-03,24,0,0,0,0,24,0,86400,COMPLETE_SUFFICIENT
2014-12-04,24,0,0,0,0,24,0,86400,COMPLETE_SUFFICIENT
2014-12-05,24,0,0,0,0,24,0,86376,COMPLETE_SUFFICIENT
2014-12-06,24,0,0,0,0,24,0,86337,COMPLETE_SUFFICIENT
2014-12-07,24,0,0,0,0,24,0,86368,COMPLETE_SUFFICIENT
2014-12-08,24,0,0,0,0,24,0,86368,COMPLETE_SUFFICIENT
2014-12-09,19,0,5,0,0,24,0,68467,COMPLETE_SUFFICIENT
2014-12-10,24,0,0,0,0,24,0,86352,COMPLETE_SUFFICIENT
2014-12-11,24,0,0,0,0,24,0,86400,COMPLETE_SUFFICIENT
2014-12-12,24,0,0,0,0,24,0,86393,COMPLETE_SUFFICIENT
2014-12-13,24,0,0,0,0,24,0,86392,COMPLETE_SUFFICIENT
2014-12-14,24,0,0,0,0,24,0,86392,COMPLETE_SUFFICIENT
2014-12-15,24,0,0,0,0,24,0,86400,COMPLETE_SUFFICIENT
2014-12-16,21,0,3,0,0,24,0,75348,COMPLETE_SUFFICIENT
2014-12-17,23,1,0,0,0,24,0,81774,COMPLETE_SUFFICIENT
2014-12-18,24,0,0,0,0,24,0,86401,COMPLETE_SUFFICIENT
2014-12-19,24,0,0,0,0,24,0,86400,COMPLETE_SUFFICIENT
2014-12-20,24,0,0,0,0,24,0,86400,COMPLETE_SUFFICIENT
2014-12-21,24,0,0,0,0,24,0,86392,COMPLETE_SUFFICIENT
2014-12-22,24,0,0,0,0,24,0,86400,COMPLETE_SUFFICIENT
2014-12-23,19,0,5,0,0,24,0,68427,COMPLETE_SUFFICIENT
2014-12-24,24,0,0,0,0,24,0,86384,COMPLETE_SUFFICIENT
2014-12-25,24,0,0,0,0,24,0,86401,COMPLETE_SUFFICIENT
2014-12-26,24,0,0,0,0,24,0,86400,COMPLETE_SUFFICIENT
2014-12-27,24,0,0,0,0,24,0,86385,COMPLETE_SUFFICIENT
2014-12-28,24,0,0,0,0,24,0,86400,COMPLETE_SUFFICIENT
2014-12-29,24,0,0,0,0,24,0,86392,COMPLETE_SUFFICIENT
2014-12-30,19,0,5,0,0,24,0,68459,COMPLETE_SUFFICIENT
2014-12-31,24,0,0,0,0,24,0,86385,COMPLETE_SUFFICIENT
2015-01-01,24,0,0,0,0,24,0,86400,COMPLETE_SUFFICIENT
2015-01-02,24,0,0,0,0,24,0,86400,COMPLETE_SUFFICIENT
2015-01-03,24,0,0,0,0,24,0,86392,COMPLETE_SUFFICIENT
2015-01-04,24,0,0,0,0,24,0,86400,COMPLETE_SUFFICIENT
2015-01-05,24,0,0,0,0,24,0,86400,COMPLETE_SUFFICIENT
2015-01-06,19,0,5,0,0,24,0,67876,COMPLETE_SUFFICIENT
2015-01-07,24,0,0,0,0,24,0,86392,COMPLETE_SUFFICIENT
2015-01-08,24,0,0,0,0,24,0,86392,COMPLETE_SUFFICIENT
2015-01-09,24,0,0,0,0,24,0,86392,COMPLETE_SUFFICIENT
2015-01-10,24,0,0,0,0,24,0,86392,COMPLETE_SUFFICIENT
2015-01-11,24,0,0,0,0,24,0,86400,COMPLETE_SUFFICIENT
2015-01-12,24,0,0,0,0,24,0,86401,COMPLETE_SUFFICIENT
2015-01-13,20,0,4,0,0,24,0,70423,COMPLETE_SUFFICIENT
2015-01-14,24,0,0,0,0,24,0,86400,COMPLETE_SUFFICIENT
2015-01-15,24,0,0,0,0,24,0,86400,COMPLETE_SUFFICIENT
2015-01-16,24,0,0,0,0,24,0,86400,COMPLETE_SUFFICIENT
2015-01-17,24,0,0,0,0,24,0,86376,COMPLETE_SUFFICIENT
2015-01-18,24,0,0,0,0,24,0,86376,COMPLETE_SUFFICIENT
2015-01-19,24,0,0,0,0,24,0,86393,COMPLETE_SUFFICIENT
2015-01-20,20,0,4,0,0,24,0,72060,COMPLETE_SUFFICIENT
2015-01-21,24,0,0,0,0,23,1,83443,COMPLETE_WITH_BEST_AVAILABLE
2015-01-22,24,0,0,0,0,24,0,86400,COMPLETE_SUFFICIENT
2015-01-23,24,0,0,0,0,24,0,86381,COMPLETE_SUFFICIENT
2015-01-24,24,0,0,0,0,24,0,86392,COMPLETE_SUFFICIENT
2015-01-25,24,0,0,0,0,24,0,86401,COMPLETE_SUFFICIENT
2015-01-26,24,0,0,0,0,24,0,86400,COMPLETE_SUFFICIENT
2015-01-27,20,0,4,0,0,24,0,69608,COMPLETE_SUFFICIENT
2015-01-28,24,0,0,0,0,24,0,86392,COMPLETE_SUFFICIENT
2015-01-29,24,0,0,0,0,24,0,86392,COMPLETE_SUFFICIENT
2015-01-30,24,0,0,0,0,24,0,86384,COMPLETE_SUFFICIENT
2015-01-31,24,0,0,0,0,24,0,86265,COMPLETE_SUFFICIENT
2015-02-01,24,0,0,0,0,24,0,86336,COMPLETE_SUFFICIENT
2015-02-02,24,0,0,0,0,24,0,86352,COMPLETE_SUFFICIENT
2015-02-03,24,0,0,0,0,24,0,86056,COMPLETE_SUFFICIENT
2015-02-04,20,0,4,0,0,24,0,70029,COMPLETE_SUFFICIENT
2015-02-05,24,0,0,0,0,24,0,86392,COMPLETE_SUFFICIENT
2015-02-06,24,0,0,0,0,24,0,86393,COMPLETE_SUFFICIENT
2015-02-07,24,0,0,0,0,24,0,86400,COMPLETE_SUFFICIENT
2015-02-08,24,0,0,0,0,24,0,86400,COMPLETE_SUFFICIENT
2015-02-09,24,0,0,0,0,24,0,86392,COMPLETE_SUFFICIENT
2015-02-10,20,0,4,0,0,24,0,69587,COMPLETE_SUFFICIENT
2015-02-11,24,0,0,0,0,24,0,86400,COMPLETE_SUFFICIENT
2015-02-12,24,0,0,0,0,24,0,86393,COMPLETE_SUFFICIENT
2015-02-13,24,0,0,0,0,24,0,86264,COMPLETE_SUFFICIENT
2015-02-14,24,0,0,0,0,24,0,86392,COMPLETE_SUFFICIENT
2015-02-15,24,0,0,0,0,24,0,86392,COMPLETE_SUFFICIENT
2015-02-16,24,0,0,0,0,24,0,86312,COMPLETE_SUFFICIENT
2015-02-17,24,0,0,0,0,24,0,85072,COMPLETE_SUFFICIENT
2015-02-18,20,0,4,0,0,24,0,72061,COMPLETE_SUFFICIENT
2015-02-19,22,2,0,0,0,24,0,78596,COMPLETE_SUFFICIENT
2015-02-20,24,0,0,0,0,24,0,86400,COMPLETE_SUFFICIENT
2015-02-21,24,0,0,0,0,24,0,86400,COMPLETE_SUFFICIENT
2015-02-22,24,0,0,0,0,24,0,86400,COMPLETE_SUFFICIENT
2015-02-23,24,0,0,0,0,24,0,86360,COMPLETE_SUFFICIENT
2015-02-24,19,0,5,0,0,24,0,68183,COMPLETE_SUFFICIENT
2015-02-25,24,0,0,0,0,24,0,86384,COMPLETE_SUFFICIENT
2015-02-26,24,0,0,0,0,24,0,86400,COMPLETE_SUFFICIENT
2015-02-27,24,0,0,0,0,24,0,86400,COMPLETE_SUFFICIENT
2015-02-28,24,0,0,0,0,24,0,86376,COMPLETE_SUFFICIENT
2015-03-01,24,0,0,0,0,24,0,86272,COMPLETE_SUFFICIENT
2015-03-02,24,0,0,0,0,24,0,86384,COMPLETE_SUFFICIENT
2015-03-03,19,0,5,0,0,24,0,68476,COMPLETE_SUFFICIENT
2015-03-04,24,0,0,0,0,24,0,86240,COMPLETE_SUFFICIENT
2015-03-05,24,0,0,0,0,24,0,86264,COMPLETE_SUFFICIENT
2015-03-06,24,0,0,0,0,24,0,86376,COMPLETE_SUFFICIENT
2015-03-07,24,0,0,0,0,24,0,86392,COMPLETE_SUFFICIENT
2015-03-08,24,0,0,0,0,24,0,86352,COMPLETE_SUFFICIENT
2015-03-09,22,0,2,0,0,24,0,79103,COMPLETE_SUFFICIENT
2015-03-10,21,3,0,0,0,24,0,76107,COMPLETE_SUFFICIENT
2015-03-11,24,0,0,0,0,24,0,86392,COMPLETE_SUFFICIENT
2015-03-12,24,0,0,0,0,24,0,86376,COMPLETE_SUFFICIENT
2015-03-13,19,0,5,0,0,24,0,68467,COMPLETE_SUFFICIENT
2015-03-14,24,0,0,0,0,24,0,86400,COMPLETE_SUFFICIENT
2015-03-15,24,0,0,0,0,24,0,86401,COMPLETE_SUFFICIENT
2015-03-16,24,0,0,0,0,24,0,86368,COMPLETE_SUFFICIENT
2015-03-17,20,0,4,0,0,24,0,70397,COMPLETE_SUFFICIENT
2015-03-18,24,0,0,0,0,24,0,86252,COMPLETE_SUFFICIENT
2015-03-19,24,0,0,0,0,24,0,86384,COMPLETE_SUFFICIENT
2015-03-20,24,0,0,0,0,24,0,86400,COMPLETE_SUFFICIENT
2015-03-21,24,0,0,0,0,24,0,86321,COMPLETE_SUFFICIENT
2015-03-22,24,0,0,0,0,24,0,86328,COMPLETE_SUFFICIENT
2015-03-23,19,0,5,0,0,24,0,68283,COMPLETE_SUFFICIENT
2015-03-24,24,0,0,0,0,24,0,85843,COMPLETE_SUFFICIENT
2015-03-25,24,0,0,0,0,24,0,85811,COMPLETE_SUFFICIENT
2015-03-26,24,0,0,0,0,24,0,86069,COMPLETE_SUFFICIENT
2015-03-27,24,0,0,0,0,24,0,86401,COMPLETE_SUFFICIENT
2015-03-28,24,0,0,0,0,24,0,86400,COMPLETE_SUFFICIENT
2015-03-29,24,0,0,0,0,24,0,86240,COMPLETE_SUFFICIENT
2015-03-30,19,1,4,0,0,24,0,67197,COMPLETE_SUFFICIENT
2015-03-31,24,0,0,0,0,24,0,86392,COMPLETE_SUFFICIENT
2015-04-01,24,0,0,0,0,24,0,85800,COMPLETE_SUFFICIENT
2015-04-02,24,0,0,0,0,24,0,86393,COMPLETE_SUFFICIENT
2015-04-03,24,0,0,0,0,24,0,86368,COMPLETE_SUFFICIENT
2015-04-04,24,0,0,0,0,24,0,86352,COMPLETE_SUFFICIENT
2015-04-05,24,0,0,0,0,24,0,86384,COMPLETE_SUFFICIENT
2015-04-06,24,0,0,0,0,24,0,86384,COMPLETE_SUFFICIENT
2015-04-07,24,0,0,0,0,24,0,86240,COMPLETE_SUFFICIENT
2015-04-08,24,0,0,0,0,24,0,86193,COMPLETE_SUFFICIENT
2015-04-09,20,0,4,0,0,24,0,70446,COMPLETE_SUFFICIENT
2015-04-10,24,0,0,0,0,24,0,86376,COMPLETE_SUFFICIENT
2015-04-11,24,0,0,0,0,24,0,86368,COMPLETE_SUFFICIENT
2015-04-12,24,0,0,0,0,24,0,86400,COMPLETE_SUFFICIENT
2015-04-13,24,0,0,0,0,24,0,86392,COMPLETE_SUFFICIENT
2015-04-14,20,0,4,0,0,24,0,70942,COMPLETE_SUFFICIENT
2015-04-15,24,0,0,0,0,24,0,86360,COMPLETE_SUFFICIENT
2015-04-16,24,0,0,0,0,24,0,86392,COMPLETE_SUFFICIENT
2015-04-17,24,0,0,0,0,24,0,86376,COMPLETE_SUFFICIENT
2015-04-18,24,0,0,0,0,24,0,86368,COMPLETE_SUFFICIENT
2015-04-19,24,0,0,0,0,24,0,86400,COMPLETE_SUFFICIENT
2015-04-20,24,0,0,0,0,24,0,86401,COMPLETE_SUFFICIENT
2015-04-21,19,0,5,0,0,24,0,67491,COMPLETE_SUFFICIENT
2015-04-22,24,0,0,0,0,24,0,86384,COMPLETE_SUFFICIENT
2015-04-23,24,0,0,0,0,24,0,86400,COMPLETE_SUFFICIENT
2015-04-24,24,0,0,0,0,24,0,86400,COMPLETE_SUFFICIENT
2015-04-25,24,0,0,0,0,24,0,86400,COMPLETE_SUFFICIENT
2015-04-26,24,0,0,0,0,24,0,86400,COMPLETE_SUFFICIENT
2015-04-27,24,0,0,0,0,24,0,86393,COMPLETE_SUFFICIENT
2015-04-28,19,0,5,0,0,24,0,68170,COMPLETE_SUFFICIENT
2015-04-29,24,0,0,0,0,24,0,86400,COMPLETE_SUFFICIENT
2015-04-30,24,0,0,0,0,24,0,86400,COMPLETE_SUFFICIENT
2015-05-01,24,0,0,0,0,24,0,86400,COMPLETE_SUFFICIENT
2015-05-02,24,0,0,0,0,24,0,86400,COMPLETE_SUFFICIENT
2015-05-03,24,0,0,0,0,24,0,86401,COMPLETE_SUFFICIENT
2015-05-04,24,0,0,0,0,24,0,86336,COMPLETE_SUFFICIENT
2015-05-05,19,0,5,0,0,24,0,68162,COMPLETE_SUFFICIENT
2015-05-06,24,0,0,0,0,24,0,86400,COMPLETE_SUFFICIENT
2015-05-07,24,0,0,0,0,24,0,86400,COMPLETE_SUFFICIENT
2015-05-08,24,0,0,0,0,24,0,86400,COMPLETE_SUFFICIENT
2015-05-09,24,0,0,0,0,24,0,86377,COMPLETE_SUFFICIENT
2015-05-10,24,0,0,0,0,24,0,86384,COMPLETE_SUFFICIENT
2015-05-11,24,0,0,0,0,24,0,86363,COMPLETE_SUFFICIENT
2015-05-12,19,0,5,0,0,24,0,67834,COMPLETE_SUFFICIENT
2015-05-13,24,0,0,0,0,24,0,86104,COMPLETE_SUFFICIENT
2015-05-14,24,0,0,0,0,24,0,86384,COMPLETE_SUFFICIENT
2015-05-15,24,0,0,0,0,24,0,86385,COMPLETE_SUFFICIENT
2015-05-16,24,0,0,0,0,24,0,86384,COMPLETE_SUFFICIENT
2015-05-17,24,0,0,0,0,24,0,86400,COMPLETE_SUFFICIENT
2015-05-18,24,0,0,0,0,24,0,86400,COMPLETE_SUFFICIENT
2015-05-19,19,0,5,0,0,24,0,68475,COMPLETE_SUFFICIENT
2015-05-20,24,0,0,0,0,24,0,86392,COMPLETE_SUFFICIENT
2015-05-21,24,0,0,0,0,24,0,86393,COMPLETE_SUFFICIENT
2015-05-22,24,0,0,0,0,24,0,86392,COMPLETE_SUFFICIENT
2015-05-23,24,0,0,0,0,24,0,86392,COMPLETE_SUFFICIENT
2015-05-24,24,0,0,0,0,24,0,86392,COMPLETE_SUFFICIENT
2015-05-25,24,0,0,0,0,24,0,86384,COMPLETE_SUFFICIENT
2015-05-26,19,0,5,0,0,24,0,67225,COMPLETE_SUFFICIENT
2015-05-27,24,0,0,0,0,24,0,83025,COMPLETE_SUFFICIENT
2015-05-28,24,0,0,0,0,24,0,86400,COMPLETE_SUFFICIENT
2015-05-29,24,0,0,0,0,24,0,86400,COMPLETE_SUFFICIENT
2015-05-30,24,0,0,0,0,24,0,86384,COMPLETE_SUFFICIENT
2015-05-31,24,0,0,0,0,24,0,86400,COMPLETE_SUFFICIENT
2015-06-01,24,0,0,0,0,24,0,86400,COMPLETE_SUFFICIENT
2015-06-02,19,0,5,0,0,24,0,68471,COMPLETE_SUFFICIENT
2015-06-03,24,0,0,0,0,24,0,86400,COMPLETE_SUFFICIENT
2015-06-04,24,0,0,0,0,24,0,86400,COMPLETE_SUFFICIENT
2015-06-05,24,0,0,0,0,24,0,86392,COMPLETE_SUFFICIENT
2015-06-06,24,0,0,0,0,24,0,86376,COMPLETE_SUFFICIENT
2015-06-07,24,0,0,0,0,24,0,86393,COMPLETE_SUFFICIENT
2015-06-08,24,0,0,0,0,24,0,86296,COMPLETE_SUFFICIENT
2015-06-09,19,0,5,0,0,24,0,67917,COMPLETE_SUFFICIENT
2015-06-10,24,0,0,0,0,24,0,86384,COMPLETE_SUFFICIENT
2015-06-11,24,0,0,0,0,24,0,86376,COMPLETE_SUFFICIENT
2015-06-12,24,0,0,0,0,24,0,86400,COMPLETE_SUFFICIENT
2015-06-13,24,0,0,0,0,24,0,86385,COMPLETE_SUFFICIENT
2015-06-14,24,0,0,0,0,24,0,86400,COMPLETE_SUFFICIENT
2015-06-15,24,0,0,0,0,24,0,86392,COMPLETE_SUFFICIENT
2015-06-16,20,0,4,0,0,24,0,70116,COMPLETE_SUFFICIENT
2015-06-17,24,0,0,0,0,24,0,86392,COMPLETE_SUFFICIENT
2015-06-18,24,0,0,0,0,24,0,86400,COMPLETE_SUFFICIENT
2015-06-19,24,0,0,0,0,24,0,86400,COMPLETE_SUFFICIENT
2015-06-20,24,0,0,0,0,24,0,86401,COMPLETE_SUFFICIENT
2015-06-21,24,0,0,0,0,24,0,86392,COMPLETE_SUFFICIENT
2015-06-22,24,0,0,0,0,24,0,86384,COMPLETE_SUFFICIENT
2015-06-23,19,0,5,0,0,24,0,67320,COMPLETE_SUFFICIENT
2015-06-24,24,0,0,0,0,24,0,86392,COMPLETE_SUFFICIENT
2015-06-25,24,0,0,0,0,24,0,86392,COMPLETE_SUFFICIENT
2015-06-26,24,0,0,0,0,24,0,86401,COMPLETE_SUFFICIENT
2015-06-27,24,0,0,0,0,24,0,86376,COMPLETE_SUFFICIENT
2015-06-28,24,0,0,0,0,24,0,86400,COMPLETE_SUFFICIENT
2015-06-29,24,0,0,0,0,24,0,86400,COMPLETE_SUFFICIENT
2015-06-30,19,0,5,0,0,24,0,67161,COMPLETE_SUFFICIENT
2015-07-01,24,0,0,0,0,24,0,86400,COMPLETE_SUFFICIENT
2015-07-02,24,0,0,0,0,24,0,86401,COMPLETE_SUFFICIENT
2015-07-03,24,0,0,0,0,24,0,86400,COMPLETE_SUFFICIENT
2015-07-04,24,0,0,0,0,24,0,86353,COMPLETE_SUFFICIENT
2015-07-05,24,0,0,0,0,24,0,86384,COMPLETE_SUFFICIENT
2015-07-06,24,0,0,0,0,24,0,86400,COMPLETE_SUFFICIENT
2015-07-07,24,0,0,0,0,24,0,86400,COMPLETE_SUFFICIENT
2015-07-08,24,0,0,0,0,24,0,86401,COMPLETE_SUFFICIENT
2015-07-09,24,0,0,0,0,24,0,86400,COMPLETE_SUFFICIENT
2015-07-10,24,0,0,0,0,24,0,86376,COMPLETE_SUFFICIENT
2015-07-11,24,0,0,0,0,24,0,86392,COMPLETE_SUFFICIENT
2015-07-12,24,0,0,0,0,24,0,86360,COMPLETE_SUFFICIENT
2015-07-13,24,0,0,0,0,24,0,86392,COMPLETE_SUFFICIENT
2015-07-14,24,0,0,0,0,24,0,86401,COMPLETE_SUFFICIENT
2015-07-15,24,0,0,0,0,24,0,86392,COMPLETE_SUFFICIENT
2015-07-16,24,0,0,0,0,24,0,86376,COMPLETE_SUFFICIENT
2015-07-17,24,0,0,0,0,24,0,86400,COMPLETE_SUFFICIENT
2015-07-18,24,0,0,0,0,24,0,86400,COMPLETE_SUFFICIENT
2015-07-19,24,0,0,0,0,24,0,86400,COMPLETE_SUFFICIENT
2015-07-20,24,0,0,0,0,24,0,86393,COMPLETE_SUFFICIENT
2015-07-21,20,0,4,0,0,24,0,69241,COMPLETE_SUFFICIENT
2015-07-22,24,0,0,0,0,24,0,86368,COMPLETE_SUFFICIENT
2015-07-23,24,0,0,0,0,24,0,86400,COMPLETE_SUFFICIENT
2015-07-24,24,0,0,0,0,24,0,86384,COMPLETE_SUFFICIENT
2015-07-25,24,0,0,0,0,24,0,86401,COMPLETE_SUFFICIENT
2015-07-26,24,0,0,0,0,24,0,86384,COMPLETE_SUFFICIENT
2015-07-27,24,0,0,0,0,24,0,86392,COMPLETE_SUFFICIENT
2015-07-28,18,0,6,0,0,24,0,64470,COMPLETE_SUFFICIENT
2015-07-29,24,0,0,0,0,24,0,86400,COMPLETE_SUFFICIENT
2015-07-30,24,0,0,0,0,24,0,86384,COMPLETE_SUFFICIENT
2015-07-31,24,0,0,0,0,24,0,86400,COMPLETE_SUFFICIENT
2015-08-01,24,0,0,0,0,24,0,86401,COMPLETE_SUFFICIENT
2015-08-02,24,0,0,0,0,24,0,86400,COMPLETE_SUFFICIENT
2015-08-03,24,0,0,0,0,24,0,86400,COMPLETE_SUFFICIENT
2015-08-04,24,0,0,0,0,24,0,86400,COMPLETE_SUFFICIENT
2015-08-05,24,0,0,0,0,24,0,86392,COMPLETE_SUFFICIENT
2015-08-06,24,0,0,0,0,24,0,86401,COMPLETE_SUFFICIENT
2015-08-07,24,0,0,0,0,24,0,86392,COMPLETE_SUFFICIENT
2015-08-08,24,0,0,0,0,24,0,86392,COMPLETE_SUFFICIENT
2015-08-09,24,0,0,0,0,24,0,86288,COMPLETE_SUFFICIENT
2015-08-10,24,0,0,0,0,24,0,86392,COMPLETE_SUFFICIENT
2015-08-11,19,0,5,0,0,24,0,68475,COMPLETE_SUFFICIENT
2015-08-12,24,0,0,0,0,24,0,86401,COMPLETE_SUFFICIENT
2015-08-13,24,0,0,0,0,24,0,86384,COMPLETE_SUFFICIENT
2015-08-14,24,0,0,0,0,24,0,86400,COMPLETE_SUFFICIENT
2015-08-15,24,0,0,0,0,24,0,86392,COMPLETE_SUFFICIENT
2015-08-16,24,0,0,0,0,24,0,86400,COMPLETE_SUFFICIENT
2015-08-17,24,0,0,0,0,24,0,86376,COMPLETE_SUFFICIENT
2015-08-18,19,0,5,0,0,24,0,68316,COMPLETE_SUFFICIENT
2015-08-19,24,0,0,0,0,24,0,86400,COMPLETE_SUFFICIENT
2015-08-20,24,0,0,0,0,24,0,86392,COMPLETE_SUFFICIENT
2015-08-21,24,0,0,0,0,24,0,86352,COMPLETE_SUFFICIENT
2015-08-22,24,0,0,0,0,24,0,86400,COMPLETE_SUFFICIENT
2015-08-23,24,0,0,0,0,24,0,86400,COMPLETE_SUFFICIENT
2015-08-24,24,0,0,0,0,24,0,86401,COMPLETE_SUFFICIENT
2015-08-25,19,0,5,0,0,24,0,67546,COMPLETE_SUFFICIENT
2015-08-26,24,0,0,0,0,24,0,86400,COMPLETE_SUFFICIENT
2015-08-27,24,0,0,0,0,24,0,86400,COMPLETE_SUFFICIENT
2015-08-28,24,0,0,0,0,24,0,86400,COMPLETE_SUFFICIENT
2015-08-29,24,0,0,0,0,24,0,86400,COMPLETE_SUFFICIENT
2015-08-30,24,0,0,0,0,24,0,86401,COMPLETE_SUFFICIENT
2015-08-31,24,0,0,0,0,24,0,86400,COMPLETE_SUFFICIENT
2015-09-01,20,0,4,0,0,24,0,72036,COMPLETE_SUFFICIENT
2015-09-02,24,0,0,0,0,23,1,84093,COMPLETE_WITH_BEST_AVAILABLE
2015-09-03,24,0,0,0,0,24,0,86400,COMPLETE_SUFFICIENT
2015-09-04,24,0,0,0,0,24,0,86400,COMPLETE_SUFFICIENT
2015-09-05,24,0,0,0,0,24,0,86385,COMPLETE_SUFFICIENT
2015-09-06,24,0,0,0,0,24,0,86400,COMPLETE_SUFFICIENT
2015-09-07,24,0,0,0,0,24,0,86392,COMPLETE_SUFFICIENT
2015-09-08,22,0,2,0,0,24,0,78593,COMPLETE_SUFFICIENT
2015-09-09,22,2,0,0,0,24,0,78155,COMPLETE_SUFFICIENT
2015-09-10,24,0,0,0,0,24,0,86384,COMPLETE_SUFFICIENT
2015-09-11,24,0,0,0,0,24,0,86393,COMPLETE_SUFFICIENT
2015-09-12,24,0,0,0,0,24,0,86368,COMPLETE_SUFFICIENT
2015-09-13,24,0,0,0,0,24,0,86376,COMPLETE_SUFFICIENT
2015-09-14,24,0,0,0,0,24,0,86384,COMPLETE_SUFFICIENT
2015-09-15,19,0,5,0,0,24,0,68419,COMPLETE_SUFFICIENT
2015-09-16,24,0,0,0,0,24,0,86376,COMPLETE_SUFFICIENT
2015-09-17,24,0,0,0,0,24,0,86385,COMPLETE_SUFFICIENT
2015-09-18,24,0,0,0,0,24,0,86400,COMPLETE_SUFFICIENT
2015-09-19,24,0,0,0,0,24,0,86344,COMPLETE_SUFFICIENT
2015-09-20,24,0,0,0,0,24,0,86392,COMPLETE_SUFFICIENT
2015-09-21,24,0,0,0,0,24,0,86400,COMPLETE_SUFFICIENT
2015-09-22,19,0,5,0,0,24,0,68451,COMPLETE_SUFFICIENT
2015-09-23,24,0,0,0,0,24,0,86356,COMPLETE_SUFFICIENT
2015-09-24,24,0,0,0,0,24,0,86393,COMPLETE_SUFFICIENT
2015-09-25,24,0,0,0,0,24,0,86400,COMPLETE_SUFFICIENT
2015-09-26,24,0,0,0,0,24,0,86400,COMPLETE_SUFFICIENT
2015-09-27,24,0,0,0,0,24,0,86392,COMPLETE_SUFFICIENT
2015-09-28,24,0,0,0,0,24,0,86400,COMPLETE_SUFFICIENT
2015-09-29,20,0,4,0,0,24,0,71061,COMPLETE_SUFFICIENT
2015-09-30,24,0,0,0,0,24,0,84770,COMPLETE_SUFFICIENT
2015-10-01,24,0,0,0,0,24,0,86392,COMPLETE_SUFFICIENT
2015-10-02,24,0,0,0,0,24,0,86352,COMPLETE_SUFFICIENT
2015-10-03,24,0,0,0,0,24,0,86272,COMPLETE_SUFFICIENT
2015-10-04,24,0,0,0,0,24,0,86360,COMPLETE_SUFFICIENT
2015-10-05,24,0,0,0,0,24,0,86377,COMPLETE_SUFFICIENT
2015-10-06,24,0,0,0,0,24,0,86400,COMPLETE_SUFFICIENT
2015-10-07,24,0,0,0,0,24,0,86392,COMPLETE_SUFFICIENT
2015-10-08,24,0,0,0,0,24,0,86392,COMPLETE_SUFFICIENT
2015-10-09,24,0,0,0,0,24,0,86312,COMPLETE_SUFFICIENT
2015-10-10,24,0,0,0,0,24,0,86336,COMPLETE_SUFFICIENT
2015-10-11,24,0,0,0,0,24,0,86352,COMPLETE_SUFFICIENT
2015-10-12,24,0,0,0,0,24,0,86393,COMPLETE_SUFFICIENT
2015-10-13,24,0,0,0,0,24,0,86400,COMPLETE_SUFFICIENT
2015-10-14,19,0,5,0,0,24,0,68315,COMPLETE_SUFFICIENT
2015-10-15,23,1,0,0,0,24,0,82234,COMPLETE_SUFFICIENT
2015-10-16,24,0,0,0,0,24,0,86400,COMPLETE_SUFFICIENT
2015-10-17,24,0,0,0,0,24,0,86376,COMPLETE_SUFFICIENT
2015-10-18,24,0,0,0,0,24,0,85313,COMPLETE_SUFFICIENT
2015-10-19,24,0,0,0,0,24,0,86400,COMPLETE_SUFFICIENT
2015-10-20,19,0,5,0,0,24,0,68322,COMPLETE_SUFFICIENT
2015-10-21,24,0,0,0,0,24,0,86400,COMPLETE_SUFFICIENT
2015-10-22,24,0,0,0,0,24,0,86400,COMPLETE_SUFFICIENT
2015-10-23,24,0,0,0,0,24,0,86392,COMPLETE_SUFFICIENT
2015-10-24,24,0,0,0,0,24,0,86353,COMPLETE_SUFFICIENT
2015-10-25,24,0,0,0,0,24,0,86368,COMPLETE_SUFFICIENT
2015-10-26,24,0,0,0,0,24,0,86400,COMPLETE_SUFFICIENT
2015-10-27,24,0,0,0,0,24,0,86392,COMPLETE_SUFFICIENT
2015-10-28,20,0,4,0,0,24,0,70621,COMPLETE_SUFFICIENT
2015-10-29,24,0,0,0,0,24,0,86248,COMPLETE_SUFFICIENT
2015-10-30,24,0,0,0,0,24,0,86401,COMPLETE_SUFFICIENT
2015-10-31,24,0,0,0,0,24,0,84816,COMPLETE_SUFFICIENT
2015-11-01,24,0,0,0,0,24,0,86400,COMPLETE_SUFFICIENT
2015-11-02,24,0,0,0,0,24,0,86400,COMPLETE_SUFFICIENT
2015-11-03,19,0,5,0,0,24,0,68349,COMPLETE_SUFFICIENT
2015-11-04,24,0,0,0,0,24,0,86384,COMPLETE_SUFFICIENT
2015-11-05,24,0,0,0,0,24,0,86361,COMPLETE_SUFFICIENT
2015-11-06,24,0,0,0,0,24,0,86400,COMPLETE_SUFFICIENT
2015-11-07,24,0,0,0,0,24,0,86392,COMPLETE_SUFFICIENT
2015-11-08,24,0,0,0,0,24,0,86240,COMPLETE_SUFFICIENT
2015-11-09,24,0,0,0,0,24,0,86392,COMPLETE_SUFFICIENT
2015-11-10,21,0,3,0,0,24,0,75629,COMPLETE_SUFFICIENT
2015-11-11,22,2,0,0,0,24,0,79643,COMPLETE_SUFFICIENT
2015-11-12,24,0,0,0,0,24,0,86384,COMPLETE_SUFFICIENT
2015-11-13,24,0,0,0,0,24,0,86360,COMPLETE_SUFFICIENT
2015-11-14,24,0,0,0,0,24,0,86368,COMPLETE_SUFFICIENT
2015-11-15,24,0,0,0,0,24,0,86392,COMPLETE_SUFFICIENT
2015-11-16,24,0,0,0,0,24,0,86384,COMPLETE_SUFFICIENT
2015-11-17,19,0,5,0,0,24,0,68468,COMPLETE_SUFFICIENT
2015-11-18,24,0,0,0,0,24,0,86376,COMPLETE_SUFFICIENT
2015-11-19,24,0,0,0,0,24,0,86392,COMPLETE_SUFFICIENT
2015-11-20,24,0,0,0,0,24,0,86400,COMPLETE_SUFFICIENT
2015-11-21,24,0,0,0,0,24,0,86400,COMPLETE_SUFFICIENT
2015-11-22,24,0,0,0,0,24,0,86400,COMPLETE_SUFFICIENT
2015-11-23,24,0,0,0,0,24,0,86401,COMPLETE_SUFFICIENT
2015-11-24,19,0,5,0,0,24,0,67176,COMPLETE_SUFFICIENT
2015-11-25,24,0,0,0,0,24,0,86400,COMPLETE_SUFFICIENT
2015-11-26,24,0,0,0,0,24,0,86400,COMPLETE_SUFFICIENT
2015-11-27,24,0,0,0,0,24,0,86392,COMPLETE_SUFFICIENT
2015-11-28,24,0,0,0,0,24,0,86400,COMPLETE_SUFFICIENT
2015-11-29,24,0,0,0,0,24,0,86369,COMPLETE_SUFFICIENT
2015-11-30,24,0,0,0,0,24,0,86320,COMPLETE_SUFFICIENT
2015-12-01,20,0,4,0,0,24,0,68549,COMPLETE_SUFFICIENT
2015-12-02,24,0,0,0,0,24,0,86400,COMPLETE_SUFFICIENT
2015-12-03,24,0,0,0,0,24,0,86392,COMPLETE_SUFFICIENT
2015-12-04,24,0,0,0,0,24,0,86392,COMPLETE_SUFFICIENT
2015-12-05,24,0,0,0,0,24,0,86400,COMPLETE_SUFFICIENT
2015-12-06,24,0,0,0,0,24,0,86401,COMPLETE_SUFFICIENT
2015-12-07,24,0,0,0,0,24,0,86376,COMPLETE_SUFFICIENT
2015-12-08,19,0,5,0,0,24,0,67209,COMPLETE_SUFFICIENT
2015-12-09,24,0,0,0,0,24,0,86344,COMPLETE_SUFFICIENT
2015-12-10,24,0,0,0,0,24,0,86392,COMPLETE_SUFFICIENT
2015-12-11,24,0,0,0,0,24,0,86336,COMPLETE_SUFFICIENT
2015-12-12,24,0,0,0,0,24,0,86393,COMPLETE_SUFFICIENT
2015-12-13,24,0,0,0,0,24,0,86382,COMPLETE_SUFFICIENT
2015-12-14,24,0,0,0,0,24,0,86392,COMPLETE_SUFFICIENT
2015-12-15,19,0,5,0,0,24,0,68475,COMPLETE_SUFFICIENT
2015-12-16,24,0,0,0,0,24,0,86392,COMPLETE_SUFFICIENT
2015-12-17,24,0,0,0,0,24,0,86392,COMPLETE_SUFFICIENT
2015-12-18,24,0,0,0,0,24,0,86393,COMPLETE_SUFFICIENT
2015-12-19,24,0,0,0,0,24,0,86264,COMPLETE_SUFFICIENT
2015-12-20,24,0,0,0,0,24,0,86400,COMPLETE_SUFFICIENT
2015-12-21,19,0,5,0,0,24,0,68475,COMPLETE_SUFFICIENT
2015-12-22,24,0,0,0,0,24,0,86344,COMPLETE_SUFFICIENT
2015-12-23,24,0,0,0,0,24,0,86400,COMPLETE_SUFFICIENT
2015-12-24,24,0,0,0,0,24,0,86385,COMPLETE_SUFFICIENT
2015-12-25,24,0,0,0,0,24,0,86400,COMPLETE_SUFFICIENT
2015-12-26,24,0,0,0,0,24,0,86384,COMPLETE_SUFFICIENT
2015-12-27,24,0,0,0,0,24,0,86400,COMPLETE_SUFFICIENT
2015-12-28,24,0,0,0,0,24,0,86376,COMPLETE_SUFFICIENT
2015-12-29,20,0,4,0,0,24,0,69969,COMPLETE_SUFFICIENT
2015-12-30,24,0,0,0,0,24,0,86369,COMPLETE_SUFFICIENT
2015-12-31,24,0,0,0,0,24,0,86272,COMPLETE_SUFFICIENT
2016-01-01,24,0,0,0,0,24,0,86392,COMPLETE_SUFFICIENT
2016-01-02,24,0,0,0,0,24,0,86376,COMPLETE_SUFFICIENT
2016-01-03,24,0,0,0,0,24,0,86384,COMPLETE_SUFFICIENT
2016-01-04,24,0,0,0,0,24,0,86392,COMPLETE_SUFFICIENT
2016-01-05,19,0,5,0,0,24,0,68468,COMPLETE_SUFFICIENT
2016-01-06,24,0,0,0,0,24,0,86320,COMPLETE_SUFFICIENT
2016-01-07,24,0,0,0,0,24,0,86264,COMPLETE_SUFFICIENT
2016-01-08,24,0,0,0,0,24,0,86344,COMPLETE_SUFFICIENT
2016-01-09,24,0,0,0,0,24,0,86368,COMPLETE_SUFFICIENT
2016-01-10,24,0,0,0,0,24,0,86368,COMPLETE_SUFFICIENT
2016-01-11,24,0,0,0,0,24,0,86401,COMPLETE_SUFFICIENT
2016-01-12,20,0,4,0,0,24,0,69671,COMPLETE_SUFFICIENT
2016-01-13,24,0,0,0,0,24,0,86400,COMPLETE_SUFFICIENT
2016-01-14,24,0,0,0,0,24,0,86400,COMPLETE_SUFFICIENT
2016-01-15,24,0,0,0,0,24,0,86400,COMPLETE_SUFFICIENT
2016-01-16,24,0,0,0,0,24,0,86400,COMPLETE_SUFFICIENT
2016-01-17,24,0,0,0,0,24,0,86393,COMPLETE_SUFFICIENT
2016-01-18,24,0,0,0,0,24,0,86384,COMPLETE_SUFFICIENT
2016-01-19,19,0,5,0,0,24,0,65151,COMPLETE_SUFFICIENT
2016-01-20,24,0,0,0,0,24,0,86056,COMPLETE_SUFFICIENT
2016-01-21,24,0,0,0,0,24,0,86344,COMPLETE_SUFFICIENT
2016-01-22,24,0,0,0,0,24,0,86400,COMPLETE_SUFFICIENT
2016-01-23,24,0,0,0,0,24,0,86401,COMPLETE_SUFFICIENT
2016-01-24,24,0,0,0,0,24,0,86336,COMPLETE_SUFFICIENT
2016-01-25,24,0,0,0,0,24,0,86280,COMPLETE_SUFFICIENT
2016-01-26,24,0,0,0,0,24,0,86400,COMPLETE_SUFFICIENT
2016-01-27,19,0,5,0,0,24,0,68475,COMPLETE_SUFFICIENT
2016-01-28,24,0,0,0,0,24,0,86392,COMPLETE_SUFFICIENT
2016-01-29,24,0,0,0,0,24,0,86401,COMPLETE_SUFFICIENT
2016-01-30,24,0,0,0,0,24,0,86392,COMPLETE_SUFFICIENT
2016-01-31,24,0,0,0,0,24,0,86344,COMPLETE_SUFFICIENT
2016-02-01,24,0,0,0,0,24,0,86400,COMPLETE_SUFFICIENT
2016-02-02,19,0,5,0,0,24,0,66613,COMPLETE_SUFFICIENT
2016-02-03,24,0,0,0,0,24,0,86352,COMPLETE_SUFFICIENT
2016-02-04,24,0,0,0,0,24,0,86392,COMPLETE_SUFFICIENT
2016-02-05,24,0,0,0,0,24,0,86182,COMPLETE_SUFFICIENT
2016-02-06,24,0,0,0,0,24,0,86264,COMPLETE_SUFFICIENT
2016-02-07,24,0,0,0,0,24,0,86392,COMPLETE_SUFFICIENT
2016-02-08,24,0,0,0,0,24,0,86392,COMPLETE_SUFFICIENT
2016-02-09,19,0,5,0,0,24,0,66528,COMPLETE_SUFFICIENT
2016-02-10,24,0,0,0,0,24,0,86264,COMPLETE_SUFFICIENT
2016-02-11,24,0,0,0,0,24,0,86401,COMPLETE_SUFFICIENT
2016-02-12,24,0,0,0,0,24,0,86400,COMPLETE_SUFFICIENT
2016-02-13,24,0,0,0,0,24,0,86392,COMPLETE_SUFFICIENT
2016-02-14,24,0,0,0,0,24,0,86384,COMPLETE_SUFFICIENT
2016-02-15,24,0,0,0,0,24,0,86400,COMPLETE_SUFFICIENT
2016-02-16,21,0,3,0,0,24,0,74015,COMPLETE_SUFFICIENT
2016-02-17,23,1,0,0,0,24,0,82570,COMPLETE_SUFFICIENT
2016-02-18,24,0,0,0,0,24,0,86376,COMPLETE_SUFFICIENT
2016-02-19,24,0,0,0,0,24,0,85960,COMPLETE_SUFFICIENT
2016-02-20,24,0,0,0,0,24,0,86360,COMPLETE_SUFFICIENT
2016-02-21,24,0,0,0,0,24,0,86392,COMPLETE_SUFFICIENT
2016-02-22,24,0,0,0,0,24,0,86400,COMPLETE_SUFFICIENT
2016-02-23,19,0,5,0,0,24,0,66947,COMPLETE_SUFFICIENT
2016-02-24,24,0,0,0,0,24,0,86384,COMPLETE_SUFFICIENT
2016-02-25,24,0,0,0,0,24,0,86400,COMPLETE_SUFFICIENT
2016-02-26,24,0,0,0,0,24,0,86264,COMPLETE_SUFFICIENT
2016-02-27,24,0,0,0,0,24,0,86376,COMPLETE_SUFFICIENT
2016-02-28,24,0,0,0,0,24,0,86384,COMPLETE_SUFFICIENT
2016-02-29,24,0,0,0,0,24,0,86393,COMPLETE_SUFFICIENT
2016-03-01,19,0,5,0,0,24,0,68182,COMPLETE_SUFFICIENT
2016-03-02,24,0,0,0,0,24,0,86400,COMPLETE_SUFFICIENT
2016-03-03,24,0,0,0,0,24,0,86376,COMPLETE_SUFFICIENT
2016-03-04,24,0,0,0,0,24,0,86384,COMPLETE_SUFFICIENT
2016-03-05,24,0,0,0,0,24,0,86392,COMPLETE_SUFFICIENT
2016-03-06,24,0,0,0,0,24,0,86329,COMPLETE_SUFFICIENT
2016-03-07,24,0,0,0,0,24,0,86400,COMPLETE_SUFFICIENT
2016-03-08,19,0,5,0,0,24,0,68459,COMPLETE_SUFFICIENT
2016-03-09,24,0,0,0,0,24,0,86400,COMPLETE_SUFFICIENT
2016-03-10,24,0,0,0,0,24,0,86400,COMPLETE_SUFFICIENT
2016-03-11,24,0,0,0,0,24,0,86320,COMPLETE_SUFFICIENT
2016-03-12,24,0,0,0,0,24,0,86377,COMPLETE_SUFFICIENT
2016-03-13,24,0,0,0,0,24,0,86392,COMPLETE_SUFFICIENT
2016-03-14,24,0,0,0,0,24,0,86400,COMPLETE_SUFFICIENT
2016-03-15,24,0,0,0,0,24,0,86400,COMPLETE_SUFFICIENT
2016-03-16,18,0,6,0,0,24,0,63530,COMPLETE_SUFFICIENT
2016-03-17,24,0,0,0,0,24,0,86392,COMPLETE_SUFFICIENT
2016-03-18,24,0,0,0,0,24,0,86401,COMPLETE_SUFFICIENT
2016-03-19,24,0,0,0,0,24,0,86400,COMPLETE_SUFFICIENT
2016-03-20,24,0,0,0,0,24,0,86400,COMPLETE_SUFFICIENT
2016-03-21,24,0,0,0,0,24,0,86384,COMPLETE_SUFFICIENT
2016-03-22,20,0,4,0,0,24,0,69596,COMPLETE_SUFFICIENT
2016-03-23,24,0,0,0,0,24,0,86384,COMPLETE_SUFFICIENT
2016-03-24,24,0,0,0,0,24,0,86401,COMPLETE_SUFFICIENT
2016-03-25,24,0,0,0,0,24,0,86400,COMPLETE_SUFFICIENT
2016-03-26,24,0,0,0,0,24,0,86400,COMPLETE_SUFFICIENT
2016-03-27,24,0,0,0,0,24,0,86392,COMPLETE_SUFFICIENT
2016-03-28,20,0,4,0,0,24,0,69795,COMPLETE_SUFFICIENT
2016-03-29,24,0,0,0,0,24,0,86392,COMPLETE_SUFFICIENT
2016-03-30,24,0,0,0,0,24,0,86349,COMPLETE_SUFFICIENT
2016-03-31,24,0,0,0,0,24,0,86400,COMPLETE_SUFFICIENT
2016-04-01,24,0,0,0,0,24,0,86400,COMPLETE_SUFFICIENT
2016-04-02,24,0,0,0,0,24,0,86376,COMPLETE_SUFFICIENT
2016-04-03,24,0,0,0,0,24,0,86384,COMPLETE_SUFFICIENT
2016-04-04,24,0,0,0,0,24,0,86360,COMPLETE_SUFFICIENT
2016-04-05,19,0,5,0,0,24,0,68475,COMPLETE_SUFFICIENT
2016-04-06,24,0,0,0,0,23,1,84544,COMPLETE_WITH_BEST_AVAILABLE
2016-04-07,24,0,0,0,0,24,0,86384,COMPLETE_SUFFICIENT
2016-04-08,24,0,0,0,0,24,0,86392,COMPLETE_SUFFICIENT
2016-04-09,24,0,0,0,0,24,0,86400,COMPLETE_SUFFICIENT
2016-04-10,24,0,0,0,0,24,0,86400,COMPLETE_SUFFICIENT
2016-04-11,24,0,0,0,0,24,0,86393,COMPLETE_SUFFICIENT
2016-04-12,19,0,5,0,0,24,0,68475,COMPLETE_SUFFICIENT
2016-04-13,24,0,0,0,0,24,0,86400,COMPLETE_SUFFICIENT
2016-04-14,24,0,0,0,0,24,0,86400,COMPLETE_SUFFICIENT
2016-04-15,24,0,0,0,0,24,0,86400,COMPLETE_SUFFICIENT
2016-04-16,24,0,0,0,0,24,0,86400,COMPLETE_SUFFICIENT
2016-04-17,24,0,0,0,0,24,0,86401,COMPLETE_SUFFICIENT
2016-04-18,24,0,0,0,0,24,0,86400,COMPLETE_SUFFICIENT
2016-04-19,19,0,5,0,0,24,0,68475,COMPLETE_SUFFICIENT
2016-04-20,24,0,0,0,0,24,0,86400,COMPLETE_SUFFICIENT
2016-04-21,24,0,0,0,0,24,0,86400,COMPLETE_SUFFICIENT
2016-04-22,24,0,0,0,0,24,0,86376,COMPLETE_SUFFICIENT
2016-04-23,24,0,0,0,0,24,0,86393,COMPLETE_SUFFICIENT
2016-04-24,24,0,0,0,0,24,0,86072,COMPLETE_SUFFICIENT
2016-04-25,24,0,0,0,0,24,0,86392,COMPLETE_SUFFICIENT
2016-04-26,20,0,4,0,0,24,0,70168,COMPLETE_SUFFICIENT
2016-04-27,24,0,0,0,0,24,0,86376,COMPLETE_SUFFICIENT
2016-04-28,24,0,0,0,0,24,0,86392,COMPLETE_SUFFICIENT
2016-04-29,24,0,0,0,0,24,0,86393,COMPLETE_SUFFICIENT
2016-04-30,24,0,0,0,0,24,0,86400,COMPLETE_SUFFICIENT
2016-05-01,24,0,0,0,0,24,0,86384,COMPLETE_SUFFICIENT
2016-05-02,24,0,0,0,0,24,0,86376,COMPLETE_SUFFICIENT
2016-05-03,20,0,4,0,0,24,0,69375,COMPLETE_SUFFICIENT
2016-05-04,24,0,0,0,0,24,0,86400,COMPLETE_SUFFICIENT
2016-05-05,24,0,0,0,0,24,0,86393,COMPLETE_SUFFICIENT
2016-05-06,24,0,0,0,0,24,0,86392,COMPLETE_SUFFICIENT
2016-05-07,24,0,0,0,0,24,0,86384,COMPLETE_SUFFICIENT
2016-05-08,24,0,0,0,0,24,0,86392,COMPLETE_SUFFICIENT
2016-05-09,24,0,0,0,0,24,0,86392,COMPLETE_SUFFICIENT
2016-05-10,24,0,0,0,0,24,0,86400,COMPLETE_SUFFICIENT
2016-05-11,18,0,6,0,0,24,0,63642,COMPLETE_SUFFICIENT
2016-05-12,24,0,0,0,0,24,0,86400,COMPLETE_SUFFICIENT
2016-05-13,24,0,0,0,0,24,0,86400,COMPLETE_SUFFICIENT
2016-05-14,24,0,0,0,0,24,0,86400,COMPLETE_SUFFICIENT
2016-05-15,24,0,0,0,0,24,0,86400,COMPLETE_SUFFICIENT
2016-05-16,24,0,0,0,0,24,0,86400,COMPLETE_SUFFICIENT
2016-05-17,20,0,4,0,0,24,0,69688,COMPLETE_SUFFICIENT
2016-05-18,24,0,0,0,0,24,0,86376,COMPLETE_SUFFICIENT
2016-05-19,24,0,0,0,0,24,0,86392,COMPLETE_SUFFICIENT
2016-05-20,24,0,0,0,0,24,0,86384,COMPLETE_SUFFICIENT
2016-05-21,24,0,0,0,0,24,0,86384,COMPLETE_SUFFICIENT
2016-05-22,24,0,0,0,0,24,0,86368,COMPLETE_SUFFICIENT
2016-05-23,24,0,0,0,0,24,0,86401,COMPLETE_SUFFICIENT
2016-05-24,19,0,5,0,0,24,0,67647,COMPLETE_SUFFICIENT
2016-05-25,24,0,0,0,0,24,0,86400,COMPLETE_SUFFICIENT
2016-05-26,24,0,0,0,0,24,0,86400,COMPLETE_SUFFICIENT
2016-05-27,24,0,0,0,0,24,0,86376,COMPLETE_SUFFICIENT
2016-05-28,24,0,0,0,0,24,0,86400,COMPLETE_SUFFICIENT
2016-05-29,24,0,0,0,0,24,0,86385,COMPLETE_SUFFICIENT
2016-05-30,24,0,0,0,0,24,0,86400,COMPLETE_SUFFICIENT
2016-05-31,18,0,6,0,0,24,0,64254,COMPLETE_SUFFICIENT
2016-06-01,24,0,0,0,0,24,0,86376,COMPLETE_SUFFICIENT
2016-06-02,24,0,0,0,0,24,0,86376,COMPLETE_SUFFICIENT
2016-06-03,24,0,0,0,0,24,0,86400,COMPLETE_SUFFICIENT
2016-06-04,24,0,0,0,0,24,0,86401,COMPLETE_SUFFICIENT
2016-06-05,24,0,0,0,0,24,0,86016,COMPLETE_SUFFICIENT
2016-06-06,24,0,0,0,0,24,0,86400,COMPLETE_SUFFICIENT
2016-06-07,19,0,5,0,0,24,0,68467,COMPLETE_SUFFICIENT
2016-06-08,24,0,0,0,0,24,0,86400,COMPLETE_SUFFICIENT
2016-06-09,24,0,0,0,0,24,0,86392,COMPLETE_SUFFICIENT
2016-06-10,24,0,0,0,0,24,0,86401,COMPLETE_SUFFICIENT
2016-06-11,24,0,0,0,0,24,0,86392,COMPLETE_SUFFICIENT
2016-06-12,24,0,0,0,0,24,0,86400,COMPLETE_SUFFICIENT
2016-06-13,24,0,0,0,0,24,0,86392,COMPLETE_SUFFICIENT
2016-06-14,20,0,4,0,0,24,0,70162,COMPLETE_SUFFICIENT
2016-06-15,24,0,0,0,0,24,0,86384,COMPLETE_SUFFICIENT
2016-06-16,24,0,0,0,0,24,0,86385,COMPLETE_SUFFICIENT
2016-06-17,24,0,0,0,0,24,0,86376,COMPLETE_SUFFICIENT
2016-06-18,24,0,0,0,0,24,0,86392,COMPLETE_SUFFICIENT
2016-06-19,24,0,0,0,0,24,0,86375,COMPLETE_SUFFICIENT
2016-06-20,24,0,0,0,0,24,0,86392,COMPLETE_SUFFICIENT
2016-06-21,19,0,5,0,0,24,0,68467,COMPLETE_SUFFICIENT
2016-06-22,24,0,0,0,0,24,0,86401,COMPLETE_SUFFICIENT
2016-06-23,24,0,0,0,0,24,0,86384,COMPLETE_SUFFICIENT
2016-06-24,24,0,0,0,0,24,0,86384,COMPLETE_SUFFICIENT
2016-06-25,24,0,0,0,0,24,0,86400,COMPLETE_SUFFICIENT
2016-06-26,24,0,0,0,0,24,0,86392,COMPLETE_SUFFICIENT
2016-06-27,24,0,0,0,0,24,0,86376,COMPLETE_SUFFICIENT
2016-06-28,19,0,5,0,0,24,0,68457,COMPLETE_SUFFICIENT
2016-06-29,24,0,0,0,0,24,0,86392,COMPLETE_SUFFICIENT
2016-06-30,24,0,0,0,0,24,0,86400,COMPLETE_SUFFICIENT
2016-07-01,24,0,0,0,0,24,0,86392,COMPLETE_SUFFICIENT
2016-07-02,24,0,0,0,0,24,0,86384,COMPLETE_SUFFICIENT
2016-07-03,24,0,0,0,0,24,0,86400,COMPLETE_SUFFICIENT
2016-07-04,24,0,0,0,0,24,0,86401,COMPLETE_SUFFICIENT
2016-07-05,20,0,4,0,0,24,0,69275,COMPLETE_SUFFICIENT
2016-07-06,24,0,0,0,0,24,0,86400,COMPLETE_SUFFICIENT
2016-07-07,24,0,0,0,0,24,0,86392,COMPLETE_SUFFICIENT
2016-07-08,24,0,0,0,0,24,0,86392,COMPLETE_SUFFICIENT
2016-07-09,24,0,0,0,0,24,0,86368,COMPLETE_SUFFICIENT
2016-07-10,24,0,0,0,0,24,0,86281,COMPLETE_SUFFICIENT
2016-07-11,24,0,0,0,0,24,0,86352,COMPLETE_SUFFICIENT
2016-07-12,19,0,5,0,0,24,0,68443,COMPLETE_SUFFICIENT
2016-07-13,24,0,0,0,0,24,0,86360,COMPLETE_SUFFICIENT
2016-07-14,24,0,0,0,0,24,0,86400,COMPLETE_SUFFICIENT
2016-07-15,24,0,0,0,0,24,0,86208,COMPLETE_SUFFICIENT
2016-07-16,24,0,0,0,0,24,0,86385,COMPLETE_SUFFICIENT
2016-07-17,24,0,0,0,0,24,0,86400,COMPLETE_SUFFICIENT
2016-07-18,19,0,5,0,0,24,0,66723,COMPLETE_SUFFICIENT
2016-07-19,24,0,0,0,0,24,0,86384,COMPLETE_SUFFICIENT
2016-07-20,24,0,0,0,0,24,0,85864,COMPLETE_SUFFICIENT
2016-07-21,24,0,0,0,0,24,0,86401,COMPLETE_SUFFICIENT
2016-07-22,24,0,0,0,0,24,0,86400,COMPLETE_SUFFICIENT
2016-07-23,24,0,0,0,0,24,0,86384,COMPLETE_SUFFICIENT
2016-07-24,24,0,0,0,0,24,0,86400,COMPLETE_SUFFICIENT
2016-07-25,24,0,0,0,0,24,0,86376,COMPLETE_SUFFICIENT
2016-07-26,20,0,4,0,0,24,0,70171,COMPLETE_SUFFICIENT
2016-07-27,24,0,0,0,0,24,0,86401,COMPLETE_SUFFICIENT
2016-07-28,24,0,0,0,0,24,0,86368,COMPLETE_SUFFICIENT
2016-07-29,24,0,0,0,0,24,0,86232,COMPLETE_SUFFICIENT
2016-07-30,24,0,0,0,0,24,0,86376,COMPLETE_SUFFICIENT
2016-07-31,24,0,0,0,0,24,0,86400,COMPLETE_SUFFICIENT
2016-08-01,24,0,0,0,0,24,0,86400,COMPLETE_SUFFICIENT
2016-08-02,20,0,4,0,0,24,0,69932,COMPLETE_SUFFICIENT
2016-08-03,24,0,0,0,0,24,0,86240,COMPLETE_SUFFICIENT
2016-08-04,24,0,0,0,0,24,0,86384,COMPLETE_SUFFICIENT
2016-08-05,24,0,0,0,0,24,0,86376,COMPLETE_SUFFICIENT
2016-08-06,24,0,0,0,0,24,0,86368,COMPLETE_SUFFICIENT
2016-08-07,24,0,0,0,0,24,0,86256,COMPLETE_SUFFICIENT
2016-08-08,24,0,0,0,0,24,0,86377,COMPLETE_SUFFICIENT
2016-08-09,18,0,6,0,0,24,0,64665,COMPLETE_SUFFICIENT
2016-08-10,24,0,0,0,0,24,0,86376,COMPLETE_SUFFICIENT
2016-08-11,24,0,0,0,0,24,0,86344,COMPLETE_SUFFICIENT
2016-08-12,24,0,0,0,0,24,0,86294,COMPLETE_SUFFICIENT
2016-08-13,24,0,0,0,0,24,0,86400,COMPLETE_SUFFICIENT
2016-08-14,24,0,0,0,0,24,0,86401,COMPLETE_SUFFICIENT
2016-08-15,24,0,0,0,0,24,0,86392,COMPLETE_SUFFICIENT
2016-08-16,19,0,5,0,0,24,0,68475,COMPLETE_SUFFICIENT
2016-08-17,24,0,0,0,0,24,0,86384,COMPLETE_SUFFICIENT
2016-08-18,24,0,0,0,0,24,0,86376,COMPLETE_SUFFICIENT
2016-08-19,24,0,0,0,0,24,0,86400,COMPLETE_SUFFICIENT
2016-08-20,24,0,0,0,0,24,0,86401,COMPLETE_SUFFICIENT
2016-08-21,24,0,0,0,0,24,0,86400,COMPLETE_SUFFICIENT
2016-08-22,24,0,0,0,0,24,0,86392,COMPLETE_SUFFICIENT
2016-08-23,20,0,4,0,0,24,0,70553,COMPLETE_SUFFICIENT
2016-08-24,24,0,0,0,0,24,0,85663,COMPLETE_SUFFICIENT
2016-08-25,24,0,0,0,0,24,0,86392,COMPLETE_SUFFICIENT
2016-08-26,24,0,0,0,0,24,0,86393,COMPLETE_SUFFICIENT
2016-08-27,24,0,0,0,0,24,0,86376,COMPLETE_SUFFICIENT
2016-08-28,24,0,0,0,0,24,0,86384,COMPLETE_SUFFICIENT
2016-08-29,24,0,0,0,0,24,0,86392,COMPLETE_SUFFICIENT
2016-08-30,19,0,5,0,0,24,0,68459,COMPLETE_SUFFICIENT
2016-08-31,24,0,0,0,0,24,0,86400,COMPLETE_SUFFICIENT
2016-09-01,24,0,0,0,0,24,0,86377,COMPLETE_SUFFICIENT
2016-09-02,24,0,0,0,0,24,0,86400,COMPLETE_SUFFICIENT
2016-09-03,24,0,0,0,0,24,0,86376,COMPLETE_SUFFICIENT
2016-09-04,24,0,0,0,0,24,0,86224,COMPLETE_SUFFICIENT
2016-09-05,24,0,0,0,0,24,0,86360,COMPLETE_SUFFICIENT
2016-09-06,20,0,4,0,0,24,0,69068,COMPLETE_SUFFICIENT
2016-09-07,24,0,0,0,0,24,0,86393,COMPLETE_SUFFICIENT
2016-09-08,24,0,0,0,0,24,0,86400,COMPLETE_SUFFICIENT
2016-09-09,24,0,0,0,0,24,0,86400,COMPLETE_SUFFICIENT
2016-09-10,24,0,0,0,0,24,0,86400,COMPLETE_SUFFICIENT
2016-09-11,24,0,0,0,0,24,0,86400,COMPLETE_SUFFICIENT
2016-09-12,24,0,0,0,0,24,0,86401,COMPLETE_SUFFICIENT
2016-09-13,24,0,0,0,0,24,0,86400,COMPLETE_SUFFICIENT
2016-09-14,24,0,0,0,0,24,0,86400,COMPLETE_SUFFICIENT
2016-09-15,24,0,0,0,0,24,0,86392,COMPLETE_SUFFICIENT
2016-09-16,24,0,0,0,0,24,0,86400,COMPLETE_SUFFICIENT
2016-09-17,24,0,0,0,0,24,0,86400,COMPLETE_SUFFICIENT
2016-09-18,24,0,0,0,0,24,0,86401,COMPLETE_SUFFICIENT
2016-09-19,24,0,0,0,0,24,0,86400,COMPLETE_SUFFICIENT
2016-09-20,24,0,0,0,0,24,0,86368,COMPLETE_SUFFICIENT
2016-09-21,24,0,0,0,0,24,0,86368,COMPLETE_SUFFICIENT
2016-09-22,19,0,5,0,0,24,0,65341,COMPLETE_SUFFICIENT
2016-09-23,24,0,0,0,0,24,0,86376,COMPLETE_SUFFICIENT
2016-09-24,24,0,0,0,0,24,0,86401,COMPLETE_SUFFICIENT
2016-09-25,24,0,0,0,0,24,0,86400,COMPLETE_SUFFICIENT
2016-09-26,24,0,0,0,0,24,0,86400,COMPLETE_SUFFICIENT
2016-09-27,20,0,4,0,0,24,0,69801,COMPLETE_SUFFICIENT
2016-09-28,24,0,0,0,0,24,0,86384,COMPLETE_SUFFICIENT
2016-09-29,24,0,0,0,0,24,0,86352,COMPLETE_SUFFICIENT
2016-09-30,24,0,0,0,0,24,0,86385,COMPLETE_SUFFICIENT
2016-10-01,24,0,0,0,0,24,0,86392,COMPLETE_SUFFICIENT
2016-10-02,24,0,0,0,0,24,0,86392,COMPLETE_SUFFICIENT
2016-10-03,19,0,5,0,0,24,0,67209,COMPLETE_SUFFICIENT
2016-10-04,24,0,0,0,0,24,0,86392,COMPLETE_SUFFICIENT
2016-10-05,24,0,0,0,0,24,0,86229,COMPLETE_SUFFICIENT
2016-10-06,24,0,0,0,0,24,0,86401,COMPLETE_SUFFICIENT
2016-10-07,24,0,0,0,0,24,0,86392,COMPLETE_SUFFICIENT
2016-10-08,24,0,0,0,0,24,0,86400,COMPLETE_SUFFICIENT
2016-10-09,24,0,0,0,0,24,0,86400,COMPLETE_SUFFICIENT
2016-10-10,24,0,0,0,0,24,0,86400,COMPLETE_SUFFICIENT
2016-10-11,19,0,5,0,0,24,0,68163,COMPLETE_SUFFICIENT
2016-10-12,24,0,0,0,0,24,0,86401,COMPLETE_SUFFICIENT
2016-10-13,24,0,0,0,0,24,0,86240,COMPLETE_SUFFICIENT
2016-10-14,24,0,0,0,0,24,0,86400,COMPLETE_SUFFICIENT
2016-10-15,24,0,0,0,0,24,0,86400,COMPLETE_SUFFICIENT
2016-10-16,24,0,0,0,0,24,0,86384,COMPLETE_SUFFICIENT
2016-10-17,19,0,5,0,0,24,0,68174,COMPLETE_SUFFICIENT
2016-10-18,24,0,0,0,0,24,0,86401,COMPLETE_SUFFICIENT
2016-10-19,24,0,0,0,0,24,0,86384,COMPLETE_SUFFICIENT
2016-10-20,24,0,0,0,0,24,0,86392,COMPLETE_SUFFICIENT
2016-10-21,24,0,0,0,0,24,0,86384,COMPLETE_SUFFICIENT
2016-10-22,24,0,0,0,0,24,0,86384,COMPLETE_SUFFICIENT
2016-10-23,24,0,0,0,0,24,0,86384,COMPLETE_SUFFICIENT
2016-10-24,24,0,0,0,0,24,0,86400,COMPLETE_SUFFICIENT
2016-10-25,24,0,0,0,0,24,0,86393,COMPLETE_SUFFICIENT
2016-10-26,19,0,5,0,0,24,0,67705,COMPLETE_SUFFICIENT
2016-10-27,24,0,0,0,0,24,0,86208,COMPLETE_SUFFICIENT
2016-10-28,24,0,0,0,0,24,0,86352,COMPLETE_SUFFICIENT
2016-10-29,24,0,0,0,0,24,0,86400,COMPLETE_SUFFICIENT
2016-10-30,24,0,0,0,0,24,0,86385,COMPLETE_SUFFICIENT
2016-10-31,24,0,0,0,0,24,0,86400,COMPLETE_SUFFICIENT
2016-11-01,18,0,6,0,0,24,0,63913,COMPLETE_SUFFICIENT
2016-11-02,24,0,0,0,0,24,0,86400,COMPLETE_SUFFICIENT
2016-11-03,24,0,0,0,0,24,0,86384,COMPLETE_SUFFICIENT
2016-11-04,24,0,0,0,0,24,0,86384,COMPLETE_SUFFICIENT
2016-11-05,24,0,0,0,0,24,0,86393,COMPLETE_SUFFICIENT
2016-11-06,24,0,0,0,0,24,0,86400,COMPLETE_SUFFICIENT
2016-11-07,24,0,0,0,0,24,0,86392,COMPLETE_SUFFICIENT
2016-11-08,19,0,5,0,0,24,0,67641,COMPLETE_SUFFICIENT
2016-11-09,24,0,0,0,0,24,0,86376,COMPLETE_SUFFICIENT
2016-11-10,24,0,0,0,0,24,0,86400,COMPLETE_SUFFICIENT
2016-11-11,24,0,0,0,0,24,0,86336,COMPLETE_SUFFICIENT
2016-11-12,24,0,0,0,0,24,0,86161,COMPLETE_SUFFICIENT
2016-11-13,24,0,0,0,0,24,0,86392,COMPLETE_SUFFICIENT
2016-11-14,24,0,0,0,0,24,0,86392,COMPLETE_SUFFICIENT
2016-11-15,24,0,0,0,0,24,0,86376,COMPLETE_SUFFICIENT
2016-11-16,21,0,3,0,0,24,0,75618,COMPLETE_SUFFICIENT
2016-11-17,22,2,0,0,0,24,0,79635,COMPLETE_SUFFICIENT
2016-11-18,24,0,0,0,0,24,0,86400,COMPLETE_SUFFICIENT
2016-11-19,24,0,0,0,0,24,0,86400,COMPLETE_SUFFICIENT
2016-11-20,24,0,0,0,0,24,0,86400,COMPLETE_SUFFICIENT
2016-11-21,24,0,0,0,0,24,0,86400,COMPLETE_SUFFICIENT
2016-11-22,20,0,4,0,0,24,0,69546,COMPLETE_SUFFICIENT
2016-11-23,24,0,0,0,0,24,0,86401,COMPLETE_SUFFICIENT
2016-11-24,24,0,0,0,0,24,0,86272,COMPLETE_SUFFICIENT
2016-11-25,24,0,0,0,0,24,0,86392,COMPLETE_SUFFICIENT
2016-11-26,24,0,0,0,0,24,0,86320,COMPLETE_SUFFICIENT
2016-11-27,24,0,0,0,0,24,0,86328,COMPLETE_SUFFICIENT
2016-11-28,19,0,5,0,0,24,0,67542,COMPLETE_SUFFICIENT
2016-11-29,24,0,0,0,0,24,0,86392,COMPLETE_SUFFICIENT
2016-11-30,24,0,0,0,0,24,0,86401,COMPLETE_SUFFICIENT
2016-12-01,24,0,0,0,0,24,0,86400,COMPLETE_SUFFICIENT
2016-12-02,24,0,0,0,0,24,0,86400,COMPLETE_SUFFICIENT
2016-12-03,24,0,0,0,0,24,0,86400,COMPLETE_SUFFICIENT
2016-12-04,24,0,0,0,0,24,0,86392,COMPLETE_SUFFICIENT
2016-12-05,24,0,0,0,0,24,0,86392,COMPLETE_SUFFICIENT
2016-12-06,20,0,4,0,0,24,0,69747,COMPLETE_SUFFICIENT
2016-12-07,24,0,0,0,0,24,0,86192,COMPLETE_SUFFICIENT
2016-12-08,24,0,0,0,0,24,0,86352,COMPLETE_SUFFICIENT
2016-12-09,24,0,0,0,0,24,0,86400,COMPLETE_SUFFICIENT
2016-12-10,24,0,0,0,0,24,0,86400,COMPLETE_SUFFICIENT
2016-12-11,24,0,0,0,0,24,0,86368,COMPLETE_SUFFICIENT
2016-12-12,24,0,0,0,0,24,0,86401,COMPLETE_SUFFICIENT
2016-12-13,19,0,5,0,0,24,0,67592,COMPLETE_SUFFICIENT
2016-12-14,24,0,0,0,0,24,0,86176,COMPLETE_SUFFICIENT
2016-12-15,24,0,0,0,0,24,0,86368,COMPLETE_SUFFICIENT
2016-12-16,24,0,0,0,0,24,0,86384,COMPLETE_SUFFICIENT
2016-12-17,24,0,0,0,0,24,0,86384,COMPLETE_SUFFICIENT
2016-12-18,24,0,0,0,0,24,0,86393,COMPLETE_SUFFICIENT
2016-12-19,24,0,0,0,0,24,0,86392,COMPLETE_SUFFICIENT
2016-12-20,20,0,4,0,0,24,0,70153,COMPLETE_SUFFICIENT
2016-12-21,24,0,0,0,0,24,0,86392,COMPLETE_SUFFICIENT
2016-12-22,24,0,0,0,0,24,0,86400,COMPLETE_SUFFICIENT
2016-12-23,24,0,0,0,0,24,0,86360,COMPLETE_SUFFICIENT
2016-12-24,24,0,0,0,0,24,0,86385,COMPLETE_SUFFICIENT
2016-12-25,24,0,0,0,0,24,0,86311,COMPLETE_SUFFICIENT
2016-12-26,24,0,0,0,0,24,0,86336,COMPLETE_SUFFICIENT
2016-12-27,24,0,0,0,0,24,0,86384,COMPLETE_SUFFICIENT
2016-12-28,19,0,5,0,0,24,0,68332,COMPLETE_SUFFICIENT
2016-12-29,24,0,0,0,0,24,0,86392,COMPLETE_SUFFICIENT
2016-12-30,24,0,0,0,0,24,0,86393,COMPLETE_SUFFICIENT
2016-12-31,24,0,0,0,0,24,0,86384,COMPLETE_SUFFICIENT
2017-01-01,24,0,0,0,0,24,0,86352,COMPLETE_SUFFICIENT
2017-01-02,24,0,0,0,0,24,0,86264,COMPLETE_SUFFICIENT
2017-01-03,20,0,4,0,0,24,0,69780,COMPLETE_SUFFICIENT
2017-01-04,24,0,0,0,0,24,0,86400,COMPLETE_SUFFICIENT
2017-01-05,24,0,0,0,0,24,0,86393,COMPLETE_SUFFICIENT
2017-01-06,24,0,0,0,0,24,0,86384,COMPLETE_SUFFICIENT
2017-01-07,24,0,0,0,0,24,0,86368,COMPLETE_SUFFICIENT
2017-01-08,24,0,0,0,0,24,0,86392,COMPLETE_SUFFICIENT
2017-01-09,24,0,0,0,0,24,0,86400,COMPLETE_SUFFICIENT
2017-01-10,24,0,0,0,0,24,0,86392,COMPLETE_SUFFICIENT
2017-01-11,19,0,5,0,0,24,0,68468,COMPLETE_SUFFICIENT
2017-01-12,23,1,0,0,0,24,0,81640,COMPLETE_SUFFICIENT
2017-01-13,24,0,0,0,0,24,0,86400,COMPLETE_SUFFICIENT
2017-01-14,24,0,0,0,0,24,0,86376,COMPLETE_SUFFICIENT
2017-01-15,24,0,0,0,0,24,0,86400,COMPLETE_SUFFICIENT
2017-01-16,24,0,0,0,0,24,0,86400,COMPLETE_SUFFICIENT
2017-01-17,19,0,5,0,0,24,0,67635,COMPLETE_SUFFICIENT
2017-01-18,24,0,0,0,0,24,0,86376,COMPLETE_SUFFICIENT
2017-01-19,24,0,0,0,0,24,0,86384,COMPLETE_SUFFICIENT
2017-01-20,24,0,0,0,0,24,0,86400,COMPLETE_SUFFICIENT
2017-01-21,24,0,0,0,0,24,0,86384,COMPLETE_SUFFICIENT
2017-01-22,24,0,0,0,0,24,0,86392,COMPLETE_SUFFICIENT
2017-01-23,24,0,0,0,0,24,0,86401,COMPLETE_SUFFICIENT
2017-01-24,19,0,5,0,0,24,0,67869,COMPLETE_SUFFICIENT
2017-01-25,24,0,0,0,0,24,0,86400,COMPLETE_SUFFICIENT
2017-01-26,24,0,0,0,0,24,0,86368,COMPLETE_SUFFICIENT
2017-01-27,24,0,0,0,0,24,0,86376,COMPLETE_SUFFICIENT
2017-01-28,24,0,0,0,0,24,0,86400,COMPLETE_SUFFICIENT
2017-01-29,24,0,0,0,0,24,0,86369,COMPLETE_SUFFICIENT
2017-01-30,24,0,0,0,0,24,0,86392,COMPLETE_SUFFICIENT
2017-01-31,19,0,5,0,0,24,0,66319,COMPLETE_SUFFICIENT
2017-02-01,24,0,0,0,0,24,0,86360,COMPLETE_SUFFICIENT
2017-02-02,24,0,0,0,0,24,0,86392,COMPLETE_SUFFICIENT
2017-02-03,24,0,0,0,0,24,0,86384,COMPLETE_SUFFICIENT
2017-02-04,24,0,0,0,0,24,0,86393,COMPLETE_SUFFICIENT
2017-02-05,24,0,0,0,0,24,0,86384,COMPLETE_SUFFICIENT
2017-02-06,24,0,0,0,0,24,0,86376,COMPLETE_SUFFICIENT
2017-02-07,21,0,3,0,0,24,0,74103,COMPLETE_SUFFICIENT
2017-02-08,23,1,0,0,0,24,0,81849,COMPLETE_SUFFICIENT
2017-02-09,24,0,0,0,0,24,0,86400,COMPLETE_SUFFICIENT
2017-02-10,24,0,0,0,0,24,0,86329,COMPLETE_SUFFICIENT
2017-02-11,24,0,0,0,0,24,0,86368,COMPLETE_SUFFICIENT
2017-02-12,24,0,0,0,0,24,0,86400,COMPLETE_SUFFICIENT
2017-02-13,24,0,0,0,0,24,0,86240,COMPLETE_SUFFICIENT
2017-02-14,19,0,5,0,0,24,0,68094,COMPLETE_SUFFICIENT
2017-02-15,24,0,0,0,0,24,0,86400,COMPLETE_SUFFICIENT
2017-02-16,24,0,0,0,0,24,0,86401,COMPLETE_SUFFICIENT
2017-02-17,24,0,0,0,0,24,0,86373,COMPLETE_SUFFICIENT
2017-02-18,24,0,0,0,0,24,0,86384,COMPLETE_SUFFICIENT
2017-02-19,24,0,0,0,0,24,0,86376,COMPLETE_SUFFICIENT
2017-02-20,24,0,0,0,0,24,0,86392,COMPLETE_SUFFICIENT
2017-02-21,20,0,4,0,0,24,0,72060,COMPLETE_SUFFICIENT
2017-02-22,23,1,0,0,0,24,0,82565,COMPLETE_SUFFICIENT
2017-02-23,24,0,0,0,0,24,0,86384,COMPLETE_SUFFICIENT
2017-02-24,24,0,0,0,0,24,0,86360,COMPLETE_SUFFICIENT
2017-02-25,24,0,0,0,0,24,0,86216,COMPLETE_SUFFICIENT
2017-02-26,24,0,0,0,0,24,0,86400,COMPLETE_SUFFICIENT
2017-02-27,19,0,5,0,0,24,0,68042,COMPLETE_SUFFICIENT
2017-02-28,24,0,0,0,0,24,0,86385,COMPLETE_SUFFICIENT
2017-03-01,24,0,0,0,0,24,0,86400,COMPLETE_SUFFICIENT
2017-03-02,24,0,0,0,0,24,0,86400,COMPLETE_SUFFICIENT
2017-03-03,24,0,0,0,0,24,0,86400,COMPLETE_SUFFICIENT
2017-03-04,24,0,0,0,0,24,0,86400,COMPLETE_SUFFICIENT
2017-03-05,24,0,0,0,0,24,0,86400,COMPLETE_SUFFICIENT
2017-03-06,19,0,5,0,0,24,0,68134,COMPLETE_SUFFICIENT
2017-03-07,24,0,0,0,0,24,0,86401,COMPLETE_SUFFICIENT
2017-03-08,24,0,0,0,0,24,0,86400,COMPLETE_SUFFICIENT
2017-03-09,24,0,0,0,0,24,0,86400,COMPLETE_SUFFICIENT
2017-03-10,24,0,0,0,0,24,0,86400,COMPLETE_SUFFICIENT
2017-03-11,24,0,0,0,0,24,0,86400,COMPLETE_SUFFICIENT
2017-03-12,24,0,0,0,0,24,0,86401,COMPLETE_SUFFICIENT
2017-03-13,18,0,6,0,0,24,0,63731,COMPLETE_SUFFICIENT
2017-03-14,24,0,0,0,0,24,0,86392,COMPLETE_SUFFICIENT
2017-03-15,24,0,0,0,0,24,0,86400,COMPLETE_SUFFICIENT
2017-03-16,24,0,0,0,0,24,0,86393,COMPLETE_SUFFICIENT
2017-03-17,24,0,0,0,0,24,0,86384,COMPLETE_SUFFICIENT
2017-03-18,24,0,0,0,0,24,0,86393,COMPLETE_SUFFICIENT
2017-03-19,24,0,0,0,0,24,0,86400,COMPLETE_SUFFICIENT
2017-03-20,24,0,0,0,0,24,0,86392,COMPLETE_SUFFICIENT
2017-03-21,18,0,6,0,0,24,0,63790,COMPLETE_SUFFICIENT
2017-03-22,24,0,0,0,0,24,0,86384,COMPLETE_SUFFICIENT
2017-03-23,24,0,0,0,0,24,0,86216,COMPLETE_SUFFICIENT
2017-03-24,24,0,0,0,0,24,0,86385,COMPLETE_SUFFICIENT
2017-03-25,24,0,0,0,0,24,0,86384,COMPLETE_SUFFICIENT
2017-03-26,24,0,0,0,0,24,0,86400,COMPLETE_SUFFICIENT
2017-03-27,24,0,0,0,0,24,0,86400,COMPLETE_SUFFICIENT
2017-03-28,19,0,5,0,0,24,0,67714,COMPLETE_SUFFICIENT
2017-03-29,24,0,0,0,0,24,0,86400,COMPLETE_SUFFICIENT
2017-03-30,24,0,0,0,0,24,0,86401,COMPLETE_SUFFICIENT
2017-03-31,24,0,0,0,0,24,0,86392,COMPLETE_SUFFICIENT
2017-04-01,24,0,0,0,0,24,0,86368,COMPLETE_SUFFICIENT
2017-04-02,24,0,0,0,0,24,0,86392,COMPLETE_SUFFICIENT
2017-04-03,24,0,0,0,0,24,0,86400,COMPLETE_SUFFICIENT
2017-04-04,20,0,4,0,0,24,0,70605,COMPLETE_SUFFICIENT
2017-04-05,24,0,0,0,0,24,0,86377,COMPLETE_SUFFICIENT
2017-04-06,24,0,0,0,0,24,0,86400,COMPLETE_SUFFICIENT
2017-04-07,24,0,0,0,0,24,0,86136,COMPLETE_SUFFICIENT
2017-04-08,24,0,0,0,0,24,0,86376,COMPLETE_SUFFICIENT
2017-04-09,24,0,0,0,0,24,0,86400,COMPLETE_SUFFICIENT
2017-04-10,24,0,0,0,0,24,0,86400,COMPLETE_SUFFICIENT
2017-04-11,20,0,4,0,0,24,0,69092,COMPLETE_SUFFICIENT
2017-04-12,24,0,0,0,0,24,0,86388,COMPLETE_SUFFICIENT
2017-04-13,24,0,0,0,0,24,0,86384,COMPLETE_SUFFICIENT
2017-04-14,24,0,0,0,0,24,0,86400,COMPLETE_SUFFICIENT
2017-04-15,24,0,0,0,0,24,0,86392,COMPLETE_SUFFICIENT
2017-04-16,24,0,0,0,0,24,0,86400,COMPLETE_SUFFICIENT
2017-04-17,19,0,5,0,0,24,0,68476,COMPLETE_SUFFICIENT
2017-04-18,24,0,0,0,0,24,0,86400,COMPLETE_SUFFICIENT
2017-04-19,24,0,0,0,0,24,0,86400,COMPLETE_SUFFICIENT
2017-04-20,24,0,0,0,0,24,0,86336,COMPLETE_SUFFICIENT
2017-04-21,24,0,0,0,0,24,0,86392,COMPLETE_SUFFICIENT
2017-04-22,24,0,0,0,0,24,0,86400,COMPLETE_SUFFICIENT
2017-04-23,24,0,0,0,0,24,0,86369,COMPLETE_SUFFICIENT
2017-04-24,24,0,0,0,0,24,0,86400,COMPLETE_SUFFICIENT
2017-04-25,19,0,5,0,0,24,0,68467,COMPLETE_SUFFICIENT
2017-04-26,24,0,0,0,0,24,0,86392,COMPLETE_SUFFICIENT
2017-04-27,24,0,0,0,0,24,0,86400,COMPLETE_SUFFICIENT
2017-04-28,24,0,0,0,0,24,0,86400,COMPLETE_SUFFICIENT
2017-04-29,24,0,0,0,0,24,0,86401,COMPLETE_SUFFICIENT
2017-04-30,24,0,0,0,0,24,0,86392,COMPLETE_SUFFICIENT
2017-05-01,19,0,5,0,0,24,0,68475,COMPLETE_SUFFICIENT
2017-05-02,24,0,0,0,0,24,0,86400,COMPLETE_SUFFICIENT
2017-05-03,24,0,0,0,0,24,0,86392,COMPLETE_SUFFICIENT
2017-05-04,24,0,0,0,0,24,0,86400,COMPLETE_SUFFICIENT
2017-05-05,24,0,0,0,0,24,0,86401,COMPLETE_SUFFICIENT
2017-05-06,24,0,0,0,0,24,0,86400,COMPLETE_SUFFICIENT
2017-05-07,24,0,0,0,0,24,0,86392,COMPLETE_SUFFICIENT
2017-05-08,24,0,0,0,0,24,0,86384,COMPLETE_SUFFICIENT
2017-05-09,20,0,4,0,0,24,0,70212,COMPLETE_SUFFICIENT
2017-05-10,24,0,0,0,0,24,0,86400,COMPLETE_SUFFICIENT
2017-05-11,24,0,0,0,0,24,0,86401,COMPLETE_SUFFICIENT
2017-05-12,24,0,0,0,0,24,0,86392,COMPLETE_SUFFICIENT
2017-05-13,24,0,0,0,0,24,0,86384,COMPLETE_SUFFICIENT
2017-05-14,24,0,0,0,0,24,0,86368,COMPLETE_SUFFICIENT
2017-05-15,24,0,0,0,0,24,0,86336,COMPLETE_SUFFICIENT
2017-05-16,19,0,5,0,0,24,0,68277,COMPLETE_SUFFICIENT
2017-05-17,24,0,0,0,0,24,0,86385,COMPLETE_SUFFICIENT
2017-05-18,24,0,0,0,0,24,0,86400,COMPLETE_SUFFICIENT
2017-05-19,24,0,0,0,0,24,0,86400,COMPLETE_SUFFICIENT
2017-05-20,24,0,0,0,0,24,0,86400,COMPLETE_SUFFICIENT
2017-05-21,24,0,0,0,0,24,0,86400,COMPLETE_SUFFICIENT
2017-05-22,24,0,0,0,0,24,0,86400,COMPLETE_SUFFICIENT
2017-05-23,19,0,5,0,0,24,0,68476,COMPLETE_SUFFICIENT
2017-05-24,24,0,0,0,0,24,0,86392,COMPLETE_SUFFICIENT
2017-05-25,24,0,0,0,0,24,0,86392,COMPLETE_SUFFICIENT
2017-05-26,24,0,0,0,0,24,0,86400,COMPLETE_SUFFICIENT
2017-05-27,24,0,0,0,0,24,0,86368,COMPLETE_SUFFICIENT
2017-05-28,24,0,0,0,0,24,0,86401,COMPLETE_SUFFICIENT
2017-05-29,24,0,0,0,0,24,0,86400,COMPLETE_SUFFICIENT
2017-05-30,20,0,4,0,0,24,0,70234,COMPLETE_SUFFICIENT
2017-05-31,24,0,0,0,0,24,0,86400,COMPLETE_SUFFICIENT
2017-06-01,24,0,0,0,0,24,0,86400,COMPLETE_SUFFICIENT
2017-06-02,24,0,0,0,0,24,0,86400,COMPLETE_SUFFICIENT
2017-06-03,24,0,0,0,0,24,0,86377,COMPLETE_SUFFICIENT
2017-06-04,24,0,0,0,0,24,0,86400,COMPLETE_SUFFICIENT
2017-06-05,18,0,6,0,0,24,0,64315,COMPLETE_SUFFICIENT
2017-06-06,24,0,0,0,0,24,0,86392,COMPLETE_SUFFICIENT
2017-06-07,24,0,0,0,0,24,0,86392,COMPLETE_SUFFICIENT
2017-06-08,24,0,0,0,0,24,0,86400,COMPLETE_SUFFICIENT
2017-06-09,24,0,0,0,0,24,0,86393,COMPLETE_SUFFICIENT
2017-06-10,24,0,0,0,0,24,0,86400,COMPLETE_SUFFICIENT
2017-06-11,24,0,0,0,0,24,0,86400,COMPLETE_SUFFICIENT
2017-06-12,24,0,0,0,0,24,0,86400,COMPLETE_SUFFICIENT
2017-06-13,19,0,5,0,0,24,0,68459,COMPLETE_SUFFICIENT
2017-06-14,24,0,0,0,0,24,0,86400,COMPLETE_SUFFICIENT
2017-06-15,24,0,0,0,0,24,0,86393,COMPLETE_SUFFICIENT
2017-06-16,24,0,0,0,0,24,0,86360,COMPLETE_SUFFICIENT
2017-06-17,24,0,0,0,0,24,0,86392,COMPLETE_SUFFICIENT
2017-06-18,24,0,0,0,0,24,0,86400,COMPLETE_SUFFICIENT
2017-06-19,24,0,0,0,0,24,0,86400,COMPLETE_SUFFICIENT
2017-06-20,19,0,5,0,0,24,0,67961,COMPLETE_SUFFICIENT
2017-06-21,24,0,0,0,0,24,0,86401,COMPLETE_SUFFICIENT
2017-06-22,24,0,0,0,0,24,0,86400,COMPLETE_SUFFICIENT
2017-06-23,24,0,0,0,0,24,0,86392,COMPLETE_SUFFICIENT
2017-06-24,24,0,0,0,0,24,0,86400,COMPLETE_SUFFICIENT
2017-06-25,24,0,0,0,0,24,0,86392,COMPLETE_SUFFICIENT
2017-06-26,24,0,0,0,0,24,0,86392,COMPLETE_SUFFICIENT
2017-06-27,20,0,4,0,0,24,0,69882,COMPLETE_SUFFICIENT
2017-06-28,24,0,0,0,0,24,0,86400,COMPLETE_SUFFICIENT
2017-06-29,24,0,0,0,0,24,0,86400,COMPLETE_SUFFICIENT
2017-06-30,24,0,0,0,0,24,0,86392,COMPLETE_SUFFICIENT
2017-07-01,24,0,0,0,0,24,0,86400,COMPLETE_SUFFICIENT
2017-07-02,24,0,0,0,0,24,0,86391,COMPLETE_SUFFICIENT
2017-07-03,20,0,4,0,0,24,0,70018,COMPLETE_SUFFICIENT
2017-07-04,24,0,0,0,0,24,0,86400,COMPLETE_SUFFICIENT
2017-07-05,24,0,0,0,0,24,0,86400,COMPLETE_SUFFICIENT
2017-07-06,24,0,0,0,0,24,0,86384,COMPLETE_SUFFICIENT
2017-07-07,24,0,0,0,0,24,0,86400,COMPLETE_SUFFICIENT
2017-07-08,24,0,0,0,0,24,0,86392,COMPLETE_SUFFICIENT
2017-07-09,24,0,0,0,0,24,0,86393,COMPLETE_SUFFICIENT
2017-07-10,19,0,5,0,0,24,0,68459,COMPLETE_SUFFICIENT
2017-07-11,24,0,0,0,0,24,0,86400,COMPLETE_SUFFICIENT
2017-07-12,24,0,0,0,0,24,0,86400,COMPLETE_SUFFICIENT
2017-07-13,24,0,0,0,0,24,0,86400,COMPLETE_SUFFICIENT
2017-07-14,24,0,0,0,0,24,0,86401,COMPLETE_SUFFICIENT
2017-07-15,24,0,0,0,0,24,0,86400,COMPLETE_SUFFICIENT
2017-07-16,24,0,0,0,0,24,0,86400,COMPLETE_SUFFICIENT
2017-07-17,24,0,0,0,0,24,0,86388,COMPLETE_SUFFICIENT
2017-07-18,19,0,5,0,0,24,0,68459,COMPLETE_SUFFICIENT
2017-07-19,24,0,0,0,0,24,0,86400,COMPLETE_SUFFICIENT
2017-07-20,24,0,0,0,0,24,0,86401,COMPLETE_SUFFICIENT
2017-07-21,24,0,0,0,0,24,0,86392,COMPLETE_SUFFICIENT
2017-07-22,24,0,0,0,0,24,0,86376,COMPLETE_SUFFICIENT
2017-07-23,24,0,0,0,0,24,0,86392,COMPLETE_SUFFICIENT
2017-07-24,24,0,0,0,0,24,0,86384,COMPLETE_SUFFICIENT
2017-07-25,19,0,5,0,0,24,0,68462,COMPLETE_SUFFICIENT
2017-07-26,24,0,0,0,0,24,0,86361,COMPLETE_SUFFICIENT
2017-07-27,24,0,0,0,0,24,0,86400,COMPLETE_SUFFICIENT
2017-07-28,24,0,0,0,0,24,0,86376,COMPLETE_SUFFICIENT
2017-07-29,24,0,0,0,0,24,0,86378,COMPLETE_SUFFICIENT
2017-07-30,24,0,0,0,0,24,0,86400,COMPLETE_SUFFICIENT
2017-07-31,19,0,5,0,0,24,0,68475,COMPLETE_SUFFICIENT
2017-08-01,24,0,0,0,0,24,0,86401,COMPLETE_SUFFICIENT
2017-08-02,24,0,0,0,0,24,0,86400,COMPLETE_SUFFICIENT
2017-08-03,24,0,0,0,0,24,0,86400,COMPLETE_SUFFICIENT
2017-08-04,24,0,0,0,0,24,0,86376,COMPLETE_SUFFICIENT
2017-08-05,24,0,0,0,0,24,0,86368,COMPLETE_SUFFICIENT
2017-08-06,24,0,0,0,0,24,0,86360,COMPLETE_SUFFICIENT
2017-08-07,19,0,5,0,0,24,0,67732,COMPLETE_SUFFICIENT
2017-08-08,24,0,0,0,0,24,0,86400,COMPLETE_SUFFICIENT
2017-08-09,24,0,0,0,0,24,0,86400,COMPLETE_SUFFICIENT
2017-08-10,24,0,0,0,0,24,0,86400,COMPLETE_SUFFICIENT
2017-08-11,24,0,0,0,0,24,0,86400,COMPLETE_SUFFICIENT
2017-08-12,24,0,0,0,0,24,0,86384,COMPLETE_SUFFICIENT
2017-08-13,24,0,0,0,0,24,0,86257,COMPLETE_SUFFICIENT
2017-08-14,24,0,0,0,0,24,0,86384,COMPLETE_SUFFICIENT
2017-08-15,19,0,5,0,0,24,0,66711,COMPLETE_SUFFICIENT
2017-08-16,24,0,0,0,0,24,0,86400,COMPLETE_SUFFICIENT
2017-08-17,24,0,0,0,0,24,0,86400,COMPLETE_SUFFICIENT
2017-08-18,24,0,0,0,0,24,0,86369,COMPLETE_SUFFICIENT
2017-08-19,24,0,0,0,0,24,0,86376,COMPLETE_SUFFICIENT
2017-08-20,24,0,0,0,0,24,0,86208,COMPLETE_SUFFICIENT
2017-08-21,24,0,0,0,0,24,0,86272,COMPLETE_SUFFICIENT
2017-08-22,19,0,5,0,0,24,0,68428,COMPLETE_SUFFICIENT
2017-08-23,24,0,0,0,0,24,0,86264,COMPLETE_SUFFICIENT
2017-08-24,24,0,0,0,0,24,0,86401,COMPLETE_SUFFICIENT
2017-08-25,24,0,0,0,0,24,0,86376,COMPLETE_SUFFICIENT
2017-08-26,24,0,0,0,0,24,0,86400,COMPLETE_SUFFICIENT
2017-08-27,24,0,0,0,0,24,0,86400,COMPLETE_SUFFICIENT
2017-08-28,24,0,0,0,0,24,0,86400,COMPLETE_SUFFICIENT
2017-08-29,19,0,5,0,0,24,0,68459,COMPLETE_SUFFICIENT
2017-08-30,24,0,0,0,0,24,0,86401,COMPLETE_SUFFICIENT
2017-08-31,24,0,0,0,0,24,0,86384,COMPLETE_SUFFICIENT
2017-09-01,24,0,0,0,0,24,0,86392,COMPLETE_SUFFICIENT
2017-09-02,24,0,0,0,0,24,0,86392,COMPLETE_SUFFICIENT
2017-09-03,24,0,0,0,0,24,0,86400,COMPLETE_SUFFICIENT
2017-09-04,24,0,0,0,0,24,0,86240,COMPLETE_SUFFICIENT
2017-09-05,18,0,6,0,0,24,0,63263,COMPLETE_SUFFICIENT
2017-09-06,24,0,0,0,0,24,0,86400,COMPLETE_SUFFICIENT
2017-09-07,24,0,0,0,0,24,0,86368,COMPLETE_SUFFICIENT
2017-09-08,24,0,0,0,0,24,0,86384,COMPLETE_SUFFICIENT
2017-09-09,24,0,0,0,0,24,0,86400,COMPLETE_SUFFICIENT
2017-09-10,24,0,0,0,0,24,0,86400,COMPLETE_SUFFICIENT
2017-09-11,24,0,0,0,0,24,0,86385,COMPLETE_SUFFICIENT
2017-09-12,20,0,4,0,0,24,0,69690,COMPLETE_SUFFICIENT
2017-09-13,24,0,0,0,0,24,0,86336,COMPLETE_SUFFICIENT
2017-09-14,24,0,0,0,0,24,0,86336,COMPLETE_SUFFICIENT
2017-09-15,24,0,0,0,0,24,0,86264,COMPLETE_SUFFICIENT
2017-09-16,24,0,0,0,0,24,0,86376,COMPLETE_SUFFICIENT
2017-09-17,24,0,0,0,0,24,0,86377,COMPLETE_SUFFICIENT
2017-09-18,24,0,0,0,0,24,0,86072,COMPLETE_SUFFICIENT
2017-09-19,19,0,5,0,0,24,0,68467,COMPLETE_SUFFICIENT
2017-09-20,24,0,0,0,0,24,0,86360,COMPLETE_SUFFICIENT
2017-09-21,24,0,0,0,0,24,0,86393,COMPLETE_SUFFICIENT
2017-09-22,24,0,0,0,0,24,0,86400,COMPLETE_SUFFICIENT
2017-09-23,24,0,0,0,0,24,0,86393,COMPLETE_SUFFICIENT
2017-09-24,24,0,0,0,0,24,0,86400,COMPLETE_SUFFICIENT
2017-09-25,24,0,0,0,0,24,0,86208,COMPLETE_SUFFICIENT
2017-09-26,20,0,4,0,0,24,0,72020,COMPLETE_SUFFICIENT
2017-09-27,24,0,0,0,0,23,1,82629,COMPLETE_WITH_BEST_AVAILABLE
2017-09-28,24,0,0,0,0,24,0,86360,COMPLETE_SUFFICIENT
2017-09-29,24,0,0,0,0,24,0,86361,COMPLETE_SUFFICIENT
2017-09-30,24,0,0,0,0,24,0,86376,COMPLETE_SUFFICIENT
2017-10-01,24,0,0,0,0,24,0,86384,COMPLETE_SUFFICIENT
2017-10-02,19,0,5,0,0,24,0,68467,COMPLETE_SUFFICIENT
2017-10-03,24,0,0,0,0,24,0,86400,COMPLETE_SUFFICIENT
2017-10-04,24,0,0,0,0,24,0,86400,COMPLETE_SUFFICIENT
2017-10-05,24,0,0,0,0,24,0,86079,COMPLETE_SUFFICIENT
2017-10-06,24,0,0,0,0,24,0,86378,COMPLETE_SUFFICIENT
2017-10-07,24,0,0,0,0,24,0,86232,COMPLETE_SUFFICIENT
2017-10-08,24,0,0,0,0,24,0,86392,COMPLETE_SUFFICIENT
2017-10-09,24,0,0,0,0,24,0,86400,COMPLETE_SUFFICIENT
2017-10-10,19,0,5,0,0,24,0,67569,COMPLETE_SUFFICIENT
2017-10-11,24,0,0,0,0,24,0,86292,COMPLETE_SUFFICIENT
2017-10-12,24,0,0,0,0,24,0,86392,COMPLETE_SUFFICIENT
2017-10-13,24,0,0,0,0,24,0,86400,COMPLETE_SUFFICIENT
2017-10-14,24,0,0,0,0,24,0,86376,COMPLETE_SUFFICIENT
2017-10-15,24,0,0,0,0,24,0,86392,COMPLETE_SUFFICIENT
2017-10-16,24,0,0,0,0,24,0,86400,COMPLETE_SUFFICIENT
2017-10-17,20,0,4,0,0,24,0,70871,COMPLETE_SUFFICIENT
2017-10-18,24,0,0,0,0,24,0,85487,COMPLETE_SUFFICIENT
2017-10-19,24,0,0,0,0,24,0,86376,COMPLETE_SUFFICIENT
2017-10-20,24,0,0,0,0,24,0,86400,COMPLETE_SUFFICIENT
2017-10-21,24,0,0,0,0,24,0,86400,COMPLETE_SUFFICIENT
2017-10-22,24,0,0,0,0,24,0,86400,COMPLETE_SUFFICIENT
2017-10-23,24,0,0,0,0,24,0,86401,COMPLETE_SUFFICIENT
2017-10-24,20,0,4,0,0,24,0,71495,COMPLETE_SUFFICIENT
2017-10-25,24,0,0,0,0,24,0,84690,COMPLETE_SUFFICIENT
2017-10-26,24,0,0,0,0,24,0,86392,COMPLETE_SUFFICIENT
2017-10-27,24,0,0,0,0,24,0,86400,COMPLETE_SUFFICIENT
2017-10-28,24,0,0,0,0,24,0,86385,COMPLETE_SUFFICIENT
2017-10-29,24,0,0,0,0,24,0,86400,COMPLETE_SUFFICIENT
2017-10-30,24,0,0,0,0,24,0,86400,COMPLETE_SUFFICIENT
2017-10-31,19,0,5,0,0,24,0,68461,COMPLETE_SUFFICIENT
2017-11-01,24,0,0,0,0,24,0,85312,COMPLETE_SUFFICIENT
2017-11-02,24,0,0,0,0,24,0,86240,COMPLETE_SUFFICIENT
2017-11-03,24,0,0,0,0,24,0,86377,COMPLETE_SUFFICIENT
2017-11-04,24,0,0,0,0,24,0,86152,COMPLETE_SUFFICIENT
2017-11-05,24,0,0,0,0,24,0,86400,COMPLETE_SUFFICIENT
2017-11-06,24,0,0,0,0,24,0,86400,COMPLETE_SUFFICIENT
2017-11-07,21,0,2,0,1,23,0,75462,PARTIAL
2017-11-08,22,2,0,0,0,24,0,78995,COMPLETE_SUFFICIENT
2017-11-09,24,0,0,0,0,24,0,86329,COMPLETE_SUFFICIENT
2017-11-10,24,0,0,0,0,24,0,86360,COMPLETE_SUFFICIENT
2017-11-11,24,0,0,0,0,24,0,86400,COMPLETE_SUFFICIENT
2017-11-12,24,0,0,0,0,24,0,86336,COMPLETE_SUFFICIENT
2017-11-13,24,0,0,0,0,24,0,86400,COMPLETE_SUFFICIENT
2017-11-14,20,0,4,0,0,24,0,70371,COMPLETE_SUFFICIENT
2017-11-15,24,0,0,0,0,24,0,86393,COMPLETE_SUFFICIENT
2017-11-16,24,0,0,0,0,24,0,86376,COMPLETE_SUFFICIENT
2017-11-17,24,0,0,0,0,24,0,86392,COMPLETE_SUFFICIENT
2017-11-18,24,0,0,0,0,24,0,86400,COMPLETE_SUFFICIENT
2017-11-19,24,0,0,0,0,24,0,86400,COMPLETE_SUFFICIENT
2017-11-20,24,0,0,0,0,24,0,86392,COMPLETE_SUFFICIENT
2017-11-21,18,0,6,0,0,24,0,64891,COMPLETE_SUFFICIENT
2017-11-22,24,0,0,0,0,24,0,86240,COMPLETE_SUFFICIENT
2017-11-23,24,0,0,0,0,24,0,86400,COMPLETE_SUFFICIENT
2017-11-24,24,0,0,0,0,24,0,86400,COMPLETE_SUFFICIENT
2017-11-25,24,0,0,0,0,24,0,86400,COMPLETE_SUFFICIENT
2017-11-26,24,0,0,0,0,24,0,86400,COMPLETE_SUFFICIENT
2017-11-27,24,0,0,0,0,24,0,86385,COMPLETE_SUFFICIENT
2017-11-28,20,0,4,0,0,24,0,69985,COMPLETE_SUFFICIENT
2017-11-29,24,0,0,0,0,24,0,86400,COMPLETE_SUFFICIENT
2017-11-30,24,0,0,0,0,24,0,86392,COMPLETE_SUFFICIENT
2017-12-01,24,0,0,0,0,24,0,86384,COMPLETE_SUFFICIENT
2017-12-02,24,0,0,0,0,24,0,86400,COMPLETE_SUFFICIENT
2017-12-03,24,0,0,0,0,24,0,86401,COMPLETE_SUFFICIENT
2017-12-04,24,0,0,0,0,24,0,86400,COMPLETE_SUFFICIENT
2017-12-05,24,0,0,0,0,24,0,86392,COMPLETE_SUFFICIENT
2017-12-06,24,0,0,0,0,24,0,86400,COMPLETE_SUFFICIENT
2017-12-07,24,0,0,0,0,24,0,86392,COMPLETE_SUFFICIENT
2017-12-08,24,0,0,0,0,24,0,86384,COMPLETE_SUFFICIENT
2017-12-09,24,0,0,0,0,24,0,86401,COMPLETE_SUFFICIENT
2017-12-10,24,0,0,0,0,24,0,86400,COMPLETE_SUFFICIENT
2017-12-11,19,0,5,0,0,24,0,68475,COMPLETE_SUFFICIENT
2017-12-12,24,0,0,0,0,24,0,86400,COMPLETE_SUFFICIENT
2017-12-13,24,0,0,0,0,24,0,86392,COMPLETE_SUFFICIENT
2017-12-14,24,0,0,0,0,24,0,86400,COMPLETE_SUFFICIENT
2017-12-15,24,0,0,0,0,24,0,86401,COMPLETE_SUFFICIENT
2017-12-16,24,0,0,0,0,24,0,86392,COMPLETE_SUFFICIENT
2017-12-17,24,0,0,0,0,24,0,86392,COMPLETE_SUFFICIENT
2017-12-18,24,0,0,0,0,24,0,86400,COMPLETE_SUFFICIENT
2017-12-19,19,0,5,0,0,24,0,68180,COMPLETE_SUFFICIENT
2017-12-20,24,0,0,0,0,24,0,86392,COMPLETE_SUFFICIENT
2017-12-21,24,0,0,0,0,24,0,86401,COMPLETE_SUFFICIENT
2017-12-22,24,0,0,0,0,24,0,86400,COMPLETE_SUFFICIENT
2017-12-23,24,0,0,0,0,24,0,86400,COMPLETE_SUFFICIENT
2017-12-24,24,0,0,0,0,24,0,86384,COMPLETE_SUFFICIENT
2017-12-25,24,0,0,0,0,24,0,86400,COMPLETE_SUFFICIENT
2017-12-26,24,0,0,0,0,24,0,86400,COMPLETE_SUFFICIENT
2017-12-27,24,0,0,0,0,24,0,86377,COMPLETE_SUFFICIENT
2017-12-28,24,0,0,0,0,24,0,86400,COMPLETE_SUFFICIENT
2017-12-29,20,0,4,0,0,24,0,72036,COMPLETE_SUFFICIENT
2017-12-30,24,0,0,0,0,23,1,84366,COMPLETE_WITH_BEST_AVAILABLE
2017-12-31,24,0,0,0,0,24,0,86400,COMPLETE_SUFFICIENT
2018-01-01,24,0,0,0,0,24,0,86352,COMPLETE_SUFFICIENT
2018-01-02,24,0,0,0,0,24,0,86393,COMPLETE_SUFFICIENT
2018-01-03,24,0,0,0,0,24,0,86400,COMPLETE_SUFFICIENT
2018-01-04,19,0,5,0,0,24,0,68475,COMPLETE_SUFFICIENT
2018-01-05,24,0,0,0,0,24,0,86400,COMPLETE_SUFFICIENT
2018-01-06,24,0,0,0,0,24,0,86400,COMPLETE_SUFFICIENT
2018-01-07,24,0,0,0,0,24,0,86392,COMPLETE_SUFFICIENT
2018-01-08,24,0,0,0,0,24,0,86401,COMPLETE_SUFFICIENT
2018-01-09,19,0,5,0,0,24,0,68475,COMPLETE_SUFFICIENT
2018-01-10,24,0,0,0,0,24,0,86392,COMPLETE_SUFFICIENT
2018-01-11,24,0,0,0,0,24,0,86400,COMPLETE_SUFFICIENT
2018-01-12,24,0,0,0,0,24,0,86400,COMPLETE_SUFFICIENT
2018-01-13,24,0,0,0,0,24,0,86392,COMPLETE_SUFFICIENT
2018-01-14,24,0,0,0,0,24,0,86393,COMPLETE_SUFFICIENT
2018-01-15,24,0,0,0,0,24,0,86368,COMPLETE_SUFFICIENT
2018-01-16,19,0,5,0,0,24,0,68467,COMPLETE_SUFFICIENT
2018-01-17,24,0,0,0,0,24,0,86400,COMPLETE_SUFFICIENT
2018-01-18,24,0,0,0,0,24,0,86400,COMPLETE_SUFFICIENT
2018-01-19,24,0,0,0,0,24,0,86368,COMPLETE_SUFFICIENT
2018-01-20,24,0,0,0,0,24,0,86393,COMPLETE_SUFFICIENT
2018-01-21,24,0,0,0,0,24,0,86248,COMPLETE_SUFFICIENT
2018-01-22,24,0,0,0,0,24,0,86400,COMPLETE_SUFFICIENT
2018-01-23,19,0,5,0,0,24,0,68475,COMPLETE_SUFFICIENT
2018-01-24,24,0,0,0,0,24,0,86400,COMPLETE_SUFFICIENT
2018-01-25,24,0,0,0,0,24,0,86400,COMPLETE_SUFFICIENT
2018-01-26,24,0,0,0,0,24,0,86401,COMPLETE_SUFFICIENT
2018-01-27,24,0,0,0,0,24,0,86384,COMPLETE_SUFFICIENT
2018-01-28,24,0,0,0,0,24,0,86376,COMPLETE_SUFFICIENT
2018-01-29,19,0,5,0,0,24,0,68170,COMPLETE_SUFFICIENT
2018-01-30,24,0,0,0,0,24,0,86392,COMPLETE_SUFFICIENT
2018-01-31,24,0,0,0,0,24,0,85088,COMPLETE_SUFFICIENT
2018-02-01,24,0,0,0,0,24,0,86233,COMPLETE_SUFFICIENT
2018-02-02,24,0,0,0,0,24,0,86384,COMPLETE_SUFFICIENT
2018-02-03,24,0,0,0,0,24,0,86392,COMPLETE_SUFFICIENT
2018-02-04,24,0,0,0,0,24,0,86248,COMPLETE_SUFFICIENT
2018-02-05,24,0,0,0,0,24,0,86376,COMPLETE_SUFFICIENT
2018-02-06,24,0,0,0,0,24,0,86400,COMPLETE_SUFFICIENT
2018-02-07,21,0,3,0,0,24,0,74134,COMPLETE_SUFFICIENT
2018-02-08,23,1,0,0,0,24,0,81791,COMPLETE_SUFFICIENT
2018-02-09,24,0,0,0,0,24,0,86400,COMPLETE_SUFFICIENT
2018-02-10,24,0,0,0,0,24,0,86376,COMPLETE_SUFFICIENT
2018-02-11,24,0,0,0,0,24,0,86392,COMPLETE_SUFFICIENT
2018-02-12,24,0,0,0,0,24,0,86392,COMPLETE_SUFFICIENT
2018-02-13,24,0,0,0,0,24,0,86401,COMPLETE_SUFFICIENT
2018-02-14,19,0,5,0,0,24,0,66314,COMPLETE_SUFFICIENT
2018-02-15,24,0,0,0,0,24,0,86400,COMPLETE_SUFFICIENT
2018-02-16,24,0,0,0,0,24,0,86400,COMPLETE_SUFFICIENT
2018-02-17,24,0,0,0,0,24,0,86400,COMPLETE_SUFFICIENT
2018-02-18,24,0,0,0,0,24,0,86393,COMPLETE_SUFFICIENT
2018-02-19,24,0,0,0,0,24,0,86392,COMPLETE_SUFFICIENT
2018-02-20,19,0,5,0,0,24,0,67700,COMPLETE_SUFFICIENT
2018-02-21,24,0,0,0,0,24,0,86392,COMPLETE_SUFFICIENT
2018-02-22,24,0,0,0,0,24,0,86392,COMPLETE_SUFFICIENT
2018-02-23,24,0,0,0,0,24,0,86400,COMPLETE_SUFFICIENT
2018-02-24,24,0,0,0,0,24,0,86401,COMPLETE_SUFFICIENT
2018-02-25,24,0,0,0,0,24,0,86400,COMPLETE_SUFFICIENT
2018-02-26,24,0,0,0,0,24,0,86376,COMPLETE_SUFFICIENT
2018-02-27,19,0,5,0,0,24,0,67833,COMPLETE_SUFFICIENT
2018-02-28,24,0,0,0,0,24,0,86384,COMPLETE_SUFFICIENT
2018-03-01,24,0,0,0,0,24,0,86400,COMPLETE_SUFFICIENT
2018-03-02,24,0,0,0,0,24,0,86401,COMPLETE_SUFFICIENT
2018-03-03,17,0,0,0,7,17,0,59837,PARTIAL
2018-03-04,0,0,0,0,24,0,0,0,MISSING
2018-03-05,15,0,0,0,9,15,0,53955,PARTIAL
2018-03-06,24,0,0,0,0,24,0,86400,COMPLETE_SUFFICIENT
2018-03-07,19,0,5,0,0,24,0,67730,COMPLETE_SUFFICIENT
2018-03-08,24,0,0,0,0,24,0,86401,COMPLETE_SUFFICIENT
2018-03-09,24,0,0,0,0,24,0,86376,COMPLETE_SUFFICIENT
2018-03-10,24,0,0,0,0,24,0,86400,COMPLETE_SUFFICIENT
2018-03-11,24,0,0,0,0,24,0,86392,COMPLETE_SUFFICIENT
2018-03-12,24,0,0,0,0,24,0,86392,COMPLETE_SUFFICIENT
2018-03-13,20,0,4,0,0,24,0,69874,COMPLETE_SUFFICIENT
2018-03-14,24,0,0,0,0,24,0,86217,COMPLETE_SUFFICIENT
2018-03-15,24,0,0,0,0,24,0,86384,COMPLETE_SUFFICIENT
2018-03-16,24,0,0,0,0,24,0,86400,COMPLETE_SUFFICIENT
2018-03-17,24,0,0,0,0,24,0,86400,COMPLETE_SUFFICIENT
2018-03-18,24,0,0,0,0,24,0,86376,COMPLETE_SUFFICIENT
2018-03-19,24,0,0,0,0,24,0,86400,COMPLETE_SUFFICIENT
2018-03-20,19,0,5,0,0,24,0,68168,COMPLETE_SUFFICIENT
2018-03-21,24,0,0,0,0,24,0,86400,COMPLETE_SUFFICIENT
2018-03-22,24,0,0,0,0,24,0,86392,COMPLETE_SUFFICIENT
2018-03-23,24,0,0,0,0,24,0,86392,COMPLETE_SUFFICIENT
2018-03-24,24,0,0,0,0,24,0,86392,COMPLETE_SUFFICIENT
2018-03-25,24,0,0,0,0,24,0,86392,COMPLETE_SUFFICIENT
2018-03-26,24,0,0,0,0,24,0,86233,COMPLETE_SUFFICIENT
2018-03-27,19,0,5,0,0,24,0,68467,COMPLETE_SUFFICIENT
2018-03-28,24,0,0,0,0,24,0,86400,COMPLETE_SUFFICIENT
2018-03-29,24,0,0,0,0,24,0,86393,COMPLETE_SUFFICIENT
2018-03-30,24,0,0,0,0,24,0,86400,COMPLETE_SUFFICIENT
2018-03-31,24,0,0,0,0,24,0,86400,COMPLETE_SUFFICIENT
2018-04-01,24,0,0,0,0,24,0,86209,COMPLETE_SUFFICIENT
2018-04-02,24,0,0,0,0,24,0,86400,COMPLETE_SUFFICIENT
2018-04-03,19,0,5,0,0,24,0,67721,COMPLETE_SUFFICIENT
2018-04-04,24,0,0,0,0,24,0,86400,COMPLETE_SUFFICIENT
2018-04-05,24,0,0,0,0,24,0,86392,COMPLETE_SUFFICIENT
2018-04-06,24,0,0,0,0,24,0,86400,COMPLETE_SUFFICIENT
2018-04-07,24,0,0,0,0,24,0,86401,COMPLETE_SUFFICIENT
2018-04-08,24,0,0,0,0,24,0,86400,COMPLETE_SUFFICIENT
2018-04-09,24,0,0,0,0,24,0,86392,COMPLETE_SUFFICIENT
2018-04-10,19,0,5,0,0,24,0,67581,COMPLETE_SUFFICIENT
2018-04-11,24,0,0,0,0,24,0,86360,COMPLETE_SUFFICIENT
2018-04-12,24,0,0,0,0,24,0,86392,COMPLETE_SUFFICIENT
2018-04-13,24,0,0,0,0,24,0,86401,COMPLETE_SUFFICIENT
2018-04-14,24,0,0,0,0,24,0,86392,COMPLETE_SUFFICIENT
2018-04-15,24,0,0,0,0,24,0,86400,COMPLETE_SUFFICIENT
2018-04-16,24,0,0,0,0,24,0,86400,COMPLETE_SUFFICIENT
2018-04-17,19,0,5,0,0,24,0,68423,COMPLETE_SUFFICIENT
2018-04-18,24,0,0,0,0,24,0,86400,COMPLETE_SUFFICIENT
2018-04-19,24,0,0,0,0,24,0,86401,COMPLETE_SUFFICIENT
2018-04-20,24,0,0,0,0,24,0,86368,COMPLETE_SUFFICIENT
2018-04-21,24,0,0,0,0,24,0,86400,COMPLETE_SUFFICIENT
2018-04-22,24,0,0,0,0,24,0,86400,COMPLETE_SUFFICIENT
2018-04-23,24,0,0,0,0,24,0,86400,COMPLETE_SUFFICIENT
2018-04-24,17,0,7,0,0,24,0,61305,COMPLETE_SUFFICIENT
2018-04-25,24,0,0,0,0,24,0,86385,COMPLETE_SUFFICIENT
2018-04-26,24,0,0,0,0,24,0,86392,COMPLETE_SUFFICIENT
2018-04-27,24,0,0,0,0,24,0,86400,COMPLETE_SUFFICIENT
2018-04-28,24,0,0,0,0,24,0,86400,COMPLETE_SUFFICIENT
2018-04-29,24,0,0,0,0,24,0,86400,COMPLETE_SUFFICIENT
2018-04-30,24,0,0,0,0,24,0,86369,COMPLETE_SUFFICIENT
2018-05-01,24,0,0,0,0,24,0,86384,COMPLETE_SUFFICIENT
2018-05-02,20,0,4,0,0,24,0,70509,COMPLETE_SUFFICIENT
2018-05-03,24,0,0,0,0,24,0,86400,COMPLETE_SUFFICIENT
2018-05-04,24,0,0,0,0,24,0,86392,COMPLETE_SUFFICIENT
2018-05-05,24,0,0,0,0,24,0,86208,COMPLETE_SUFFICIENT
2018-05-06,24,0,0,0,0,24,0,86401,COMPLETE_SUFFICIENT
2018-05-07,24,0,0,0,0,24,0,86392,COMPLETE_SUFFICIENT
2018-05-08,20,0,4,0,0,24,0,69416,COMPLETE_SUFFICIENT
2018-05-09,24,0,0,0,0,24,0,86392,COMPLETE_SUFFICIENT
2018-05-10,24,0,0,0,0,24,0,86400,COMPLETE_SUFFICIENT
2018-05-11,24,0,0,0,0,24,0,86400,COMPLETE_SUFFICIENT
2018-05-12,24,0,0,0,0,24,0,86393,COMPLETE_SUFFICIENT
2018-05-13,24,0,0,0,0,24,0,86352,COMPLETE_SUFFICIENT
2018-05-14,24,0,0,0,0,24,0,86392,COMPLETE_SUFFICIENT
2018-05-15,20,0,4,0,0,24,0,71147,COMPLETE_SUFFICIENT
2018-05-16,24,0,0,0,0,24,0,85026,COMPLETE_SUFFICIENT
2018-05-17,24,0,0,0,0,24,0,86377,COMPLETE_SUFFICIENT
2018-05-18,24,0,0,0,0,24,0,86392,COMPLETE_SUFFICIENT
2018-05-19,24,0,0,0,0,24,0,86384,COMPLETE_SUFFICIENT
2018-05-20,24,0,0,0,0,24,0,86400,COMPLETE_SUFFICIENT
2018-05-21,24,0,0,0,0,24,0,86400,COMPLETE_SUFFICIENT
2018-05-22,18,0,6,0,0,24,0,64561,COMPLETE_SUFFICIENT
2018-05-23,24,0,0,0,0,24,0,86377,COMPLETE_SUFFICIENT
2018-05-24,24,0,0,0,0,24,0,86400,COMPLETE_SUFFICIENT
2018-05-25,24,0,0,0,0,24,0,86400,COMPLETE_SUFFICIENT
2018-05-26,24,0,0,0,0,24,0,86400,COMPLETE_SUFFICIENT
2018-05-27,24,0,0,0,0,24,0,86392,COMPLETE_SUFFICIENT
2018-05-28,24,0,0,0,0,24,0,86392,COMPLETE_SUFFICIENT
2018-05-29,20,0,4,0,0,24,0,70056,COMPLETE_SUFFICIENT
2018-05-30,24,0,0,0,0,24,0,86400,COMPLETE_SUFFICIENT
2018-05-31,24,0,0,0,0,24,0,86208,COMPLETE_SUFFICIENT
2018-06-01,24,0,0,0,0,24,0,86384,COMPLETE_SUFFICIENT
2018-06-02,24,0,0,0,0,24,0,86392,COMPLETE_SUFFICIENT
2018-06-03,24,0,0,0,0,24,0,86384,COMPLETE_SUFFICIENT
2018-06-04,24,0,0,0,0,24,0,86382,COMPLETE_SUFFICIENT
2018-06-05,0,19,5,0,0,24,0,4273,COMPLETE_SUFFICIENT
2018-06-06,24,0,0,0,0,24,0,86392,COMPLETE_SUFFICIENT
2018-06-07,24,0,0,0,0,24,0,86381,COMPLETE_SUFFICIENT
2018-06-08,0,24,0,0,0,24,0,5400,COMPLETE_SUFFICIENT
2018-06-09,24,0,0,0,0,24,0,86400,COMPLETE_SUFFICIENT
2018-06-10,24,0,0,0,0,24,0,86393,COMPLETE_SUFFICIENT
2018-06-11,24,0,0,0,0,24,0,86400,COMPLETE_SUFFICIENT
2018-06-12,19,0,5,0,0,24,0,68175,COMPLETE_SUFFICIENT
2018-06-13,24,0,0,0,0,24,0,86400,COMPLETE_SUFFICIENT
2018-06-14,24,0,0,0,0,24,0,86392,COMPLETE_SUFFICIENT
2018-06-15,24,0,0,0,0,24,0,86400,COMPLETE_SUFFICIENT
2018-06-16,24,0,0,0,0,24,0,86401,COMPLETE_SUFFICIENT
2018-06-17,24,0,0,0,0,24,0,86400,COMPLETE_SUFFICIENT
2018-06-18,19,0,5,0,0,24,0,66729,COMPLETE_SUFFICIENT
2018-06-19,24,0,0,0,0,24,0,86400,COMPLETE_SUFFICIENT
2018-06-20,24,0,0,0,0,24,0,86392,COMPLETE_SUFFICIENT
2018-06-21,24,0,0,0,0,24,0,86401,COMPLETE_SUFFICIENT
2018-06-22,24,0,0,0,0,24,0,86400,COMPLETE_SUFFICIENT
2018-06-23,24,0,0,0,0,24,0,86400,COMPLETE_SUFFICIENT
2018-06-24,24,0,0,0,0,24,0,86400,COMPLETE_SUFFICIENT
2018-06-25,24,0,0,0,0,24,0,86400,COMPLETE_SUFFICIENT
2018-06-26,19,0,5,0,0,24,0,68467,COMPLETE_SUFFICIENT
2018-06-27,24,0,0,0,0,24,0,86401,COMPLETE_SUFFICIENT
2018-06-28,24,0,0,0,0,24,0,86400,COMPLETE_SUFFICIENT
2018-06-29,24,0,0,0,0,24,0,86400,COMPLETE_SUFFICIENT
2018-06-30,24,0,0,0,0,24,0,86400,COMPLETE_SUFFICIENT
2018-07-01,24,0,0,0,0,24,0,86400,COMPLETE_SUFFICIENT
2018-07-02,24,0,0,0,0,24,0,86400,COMPLETE_SUFFICIENT
2018-07-03,19,0,5,0,0,24,0,67862,COMPLETE_SUFFICIENT
2018-07-04,24,0,0,0,0,24,0,86392,COMPLETE_SUFFICIENT
2018-07-05,24,0,0,0,0,24,0,86376,COMPLETE_SUFFICIENT
2018-07-06,24,0,0,0,0,24,0,86376,COMPLETE_SUFFICIENT
2018-07-07,24,0,0,0,0,24,0,86384,COMPLETE_SUFFICIENT
2018-07-08,24,0,0,0,0,24,0,86272,COMPLETE_SUFFICIENT
2018-07-09,24,0,0,0,0,24,0,86401,COMPLETE_SUFFICIENT
2018-07-10,19,0,5,0,0,24,0,67753,COMPLETE_SUFFICIENT
2018-07-11,24,0,0,0,0,24,0,86400,COMPLETE_SUFFICIENT
2018-07-12,24,0,0,0,0,24,0,86392,COMPLETE_SUFFICIENT
2018-07-13,24,0,0,0,0,24,0,86384,COMPLETE_SUFFICIENT
2018-07-14,24,0,0,0,0,24,0,86392,COMPLETE_SUFFICIENT
2018-07-15,24,0,0,0,0,24,0,86393,COMPLETE_SUFFICIENT
2018-07-16,24,0,0,0,0,24,0,86376,COMPLETE_SUFFICIENT
2018-07-17,19,0,5,0,0,24,0,67350,COMPLETE_SUFFICIENT
2018-07-18,24,0,0,0,0,24,0,86392,COMPLETE_SUFFICIENT
2018-07-19,24,0,0,0,0,24,0,86384,COMPLETE_SUFFICIENT
2018-07-20,24,0,0,0,0,24,0,86401,COMPLETE_SUFFICIENT
2018-07-21,24,0,0,0,0,24,0,86357,COMPLETE_SUFFICIENT
2018-07-22,0,24,0,0,0,24,0,5400,COMPLETE_SUFFICIENT
2018-07-23,24,0,0,0,0,24,0,86400,COMPLETE_SUFFICIENT
2018-07-24,19,0,5,0,0,24,0,68186,COMPLETE_SUFFICIENT
2018-07-25,24,0,0,0,0,24,0,86384,COMPLETE_SUFFICIENT
2018-07-26,24,0,0,0,0,24,0,86401,COMPLETE_SUFFICIENT
2018-07-27,24,0,0,0,0,24,0,86392,COMPLETE_SUFFICIENT
2018-07-28,24,0,0,0,0,24,0,86232,COMPLETE_SUFFICIENT
2018-07-29,24,0,0,0,0,24,0,86400,COMPLETE_SUFFICIENT
2018-07-30,24,0,0,0,0,24,0,86400,COMPLETE_SUFFICIENT
2018-07-31,20,0,4,0,0,24,0,69653,COMPLETE_SUFFICIENT
2018-08-01,24,0,0,0,0,24,0,86401,COMPLETE_SUFFICIENT
2018-08-02,24,0,0,0,0,24,0,86344,COMPLETE_SUFFICIENT
2018-08-03,24,0,0,0,0,24,0,86280,COMPLETE_SUFFICIENT
2018-08-04,24,0,0,0,0,24,0,86400,COMPLETE_SUFFICIENT
2018-08-05,24,0,0,0,0,24,0,86400,COMPLETE_SUFFICIENT
2018-08-06,24,0,0,0,0,24,0,86401,COMPLETE_SUFFICIENT
2018-08-07,19,0,5,0,0,24,0,66670,COMPLETE_SUFFICIENT
2018-08-08,24,0,0,0,0,24,0,86384,COMPLETE_SUFFICIENT
2018-08-09,24,0,0,0,0,24,0,86376,COMPLETE_SUFFICIENT
2018-08-10,24,0,0,0,0,24,0,86384,COMPLETE_SUFFICIENT
2018-08-11,24,0,0,0,0,24,0,86378,COMPLETE_SUFFICIENT
2018-08-12,24,0,0,0,0,24,0,86393,COMPLETE_SUFFICIENT
2018-08-13,17,0,7,0,0,24,0,61305,COMPLETE_SUFFICIENT
2018-08-14,24,0,0,0,0,24,0,86240,COMPLETE_SUFFICIENT
2018-08-15,24,0,0,0,0,24,0,86376,COMPLETE_SUFFICIENT
2018-08-16,24,0,0,0,0,24,0,86352,COMPLETE_SUFFICIENT
2018-08-17,24,0,0,0,0,24,0,86384,COMPLETE_SUFFICIENT
2018-08-18,24,0,0,0,0,24,0,86385,COMPLETE_SUFFICIENT
2018-08-19,24,0,0,0,0,24,0,86384,COMPLETE_SUFFICIENT
2018-08-20,24,0,0,0,0,24,0,86392,COMPLETE_SUFFICIENT
2018-08-21,19,0,5,0,0,24,0,68463,COMPLETE_SUFFICIENT
2018-08-22,24,0,0,0,0,24,0,86400,COMPLETE_SUFFICIENT
2018-08-23,24,0,0,0,0,24,0,86376,COMPLETE_SUFFICIENT
2018-08-24,24,0,0,0,0,24,0,86401,COMPLETE_SUFFICIENT
2018-08-25,24,0,0,0,0,24,0,86400,COMPLETE_SUFFICIENT
2018-08-26,24,0,0,0,0,24,0,86400,COMPLETE_SUFFICIENT
2018-08-27,24,0,0,0,0,24,0,86384,COMPLETE_SUFFICIENT
2018-08-28,19,0,5,0,0,24,0,68467,COMPLETE_SUFFICIENT
2018-08-29,24,0,0,0,0,24,0,86264,COMPLETE_SUFFICIENT
2018-08-30,24,0,0,0,0,24,0,86401,COMPLETE_SUFFICIENT
2018-08-31,24,0,0,0,0,24,0,86400,COMPLETE_SUFFICIENT
2018-09-01,24,0,0,0,0,24,0,86376,COMPLETE_SUFFICIENT
2018-09-02,24,0,0,0,0,24,0,86400,COMPLETE_SUFFICIENT
2018-09-03,24,0,0,0,0,24,0,86392,COMPLETE_SUFFICIENT
2018-09-04,19,0,5,0,0,24,0,68459,COMPLETE_SUFFICIENT
2018-09-05,24,0,0,0,0,24,0,86345,COMPLETE_SUFFICIENT
2018-09-06,24,0,0,0,0,24,0,86400,COMPLETE_SUFFICIENT
2018-09-07,24,0,0,0,0,24,0,86392,COMPLETE_SUFFICIENT
2018-09-08,24,0,0,0,0,24,0,86392,COMPLETE_SUFFICIENT
2018-09-09,24,0,0,0,0,24,0,86400,COMPLETE_SUFFICIENT
2018-09-10,24,0,0,0,0,24,0,86401,COMPLETE_SUFFICIENT
2018-09-11,20,0,4,0,0,24,0,69774,COMPLETE_SUFFICIENT
2018-09-12,24,0,0,0,0,24,0,86392,COMPLETE_SUFFICIENT
2018-09-13,24,0,0,0,0,24,0,86376,COMPLETE_SUFFICIENT
2018-09-14,24,0,0,0,0,24,0,86384,COMPLETE_SUFFICIENT
2018-09-15,24,0,0,0,0,24,0,86400,COMPLETE_SUFFICIENT
2018-09-16,24,0,0,0,0,24,0,86393,COMPLETE_SUFFICIENT
2018-09-17,24,0,0,0,0,24,0,86368,COMPLETE_SUFFICIENT
2018-09-18,20,0,4,0,0,24,0,69896,COMPLETE_SUFFICIENT
2018-09-19,24,0,0,0,0,24,0,86400,COMPLETE_SUFFICIENT
2018-09-20,24,0,0,0,0,24,0,86384,COMPLETE_SUFFICIENT
2018-09-21,24,0,0,0,0,24,0,86400,COMPLETE_SUFFICIENT
2018-09-22,24,0,0,0,0,24,0,86377,COMPLETE_SUFFICIENT
2018-09-23,24,0,0,0,0,24,0,86400,COMPLETE_SUFFICIENT
2018-09-24,24,0,0,0,0,24,0,86360,COMPLETE_SUFFICIENT
2018-09-25,20,0,4,0,0,24,0,70075,COMPLETE_SUFFICIENT
2018-09-26,24,0,0,0,0,24,0,86392,COMPLETE_SUFFICIENT
2018-09-27,24,0,0,0,0,24,0,86245,COMPLETE_SUFFICIENT
2018-09-28,24,0,0,0,0,24,0,85937,COMPLETE_SUFFICIENT
2018-09-29,24,0,0,0,0,24,0,86384,COMPLETE_SUFFICIENT
2018-09-30,24,0,0,0,0,24,0,86400,COMPLETE_SUFFICIENT
2018-10-01,24,0,0,0,0,24,0,86384,COMPLETE_SUFFICIENT
2018-10-02,20,0,4,0,0,24,0,70478,COMPLETE_SUFFICIENT
2018-10-03,24,0,0,0,0,24,0,86376,COMPLETE_SUFFICIENT
2018-10-04,24,0,0,0,0,24,0,86393,COMPLETE_SUFFICIENT
2018-10-05,24,0,0,0,0,24,0,86400,COMPLETE_SUFFICIENT
2018-10-06,24,0,0,0,0,24,0,86376,COMPLETE_SUFFICIENT
2018-10-07,24,0,0,0,0,24,0,86392,COMPLETE_SUFFICIENT
2018-10-08,24,0,0,0,0,24,0,86384,COMPLETE_SUFFICIENT
2018-10-09,20,0,4,0,0,24,0,69493,COMPLETE_SUFFICIENT
2018-10-10,24,0,0,0,0,24,0,86377,COMPLETE_SUFFICIENT
2018-10-11,24,0,0,0,0,24,0,86376,COMPLETE_SUFFICIENT
2018-10-12,24,0,0,0,0,24,0,86392,COMPLETE_SUFFICIENT
2018-10-13,24,0,0,0,0,24,0,86400,COMPLETE_SUFFICIENT
2018-10-14,24,0,0,0,0,24,0,85272,COMPLETE_SUFFICIENT
2018-10-15,21,0,3,0,0,24,0,75597,COMPLETE_SUFFICIENT
2018-10-16,22,2,0,0,0,24,0,79650,COMPLETE_SUFFICIENT
2018-10-17,24,0,0,0,0,24,0,86400,COMPLETE_SUFFICIENT
2018-10-18,24,0,0,0,0,24,0,86400,COMPLETE_SUFFICIENT
2018-10-19,24,0,0,0,0,24,0,86400,COMPLETE_SUFFICIENT
2018-10-20,24,0,0,0,0,24,0,86400,COMPLETE_SUFFICIENT
2018-10-21,24,0,0,0,0,24,0,84438,COMPLETE_SUFFICIENT
2018-10-22,24,0,0,0,0,24,0,86395,COMPLETE_SUFFICIENT
2018-10-23,20,0,4,0,0,24,0,70378,COMPLETE_SUFFICIENT
2018-10-24,24,0,0,0,0,24,0,86392,COMPLETE_SUFFICIENT
2018-10-25,24,0,0,0,0,24,0,86309,COMPLETE_SUFFICIENT
2018-10-26,24,0,0,0,0,24,0,86376,COMPLETE_SUFFICIENT
2018-10-27,24,0,0,0,0,24,0,86401,COMPLETE_SUFFICIENT
2018-10-28,24,0,0,0,0,24,0,86392,COMPLETE_SUFFICIENT
2018-10-29,20,0,4,0,0,24,0,70482,COMPLETE_SUFFICIENT
2018-10-30,24,0,0,0,0,24,0,86400,COMPLETE_SUFFICIENT
2018-10-31,24,0,0,0,0,24,0,86400,COMPLETE_SUFFICIENT
2018-11-01,24,0,0,0,0,24,0,86400,COMPLETE_SUFFICIENT
2018-11-02,24,0,0,0,0,24,0,86401,COMPLETE_SUFFICIENT
2018-11-03,24,0,0,0,0,24,0,86392,COMPLETE_SUFFICIENT
2018-11-04,24,0,0,0,0,24,0,86400,COMPLETE_SUFFICIENT
2018-11-05,24,0,0,0,0,24,0,86400,COMPLETE_SUFFICIENT
2018-11-06,19,0,5,0,0,24,0,68475,COMPLETE_SUFFICIENT
2018-11-07,24,0,0,0,0,24,0,86384,COMPLETE_SUFFICIENT
2018-11-08,24,0,0,0,0,24,0,86401,COMPLETE_SUFFICIENT
2018-11-09,24,0,0,0,0,24,0,86400,COMPLETE_SUFFICIENT
2018-11-10,24,0,0,0,0,24,0,86392,COMPLETE_SUFFICIENT
2018-11-11,24,0,0,0,0,24,0,86400,COMPLETE_SUFFICIENT
2018-11-12,24,0,0,0,0,24,0,86384,COMPLETE_SUFFICIENT
2018-11-13,24,0,0,0,0,24,0,86400,COMPLETE_SUFFICIENT
2018-11-14,20,0,4,0,0,24,0,72053,COMPLETE_SUFFICIENT
2018-11-15,24,0,0,0,0,23,1,83866,COMPLETE_WITH_BEST_AVAILABLE
2018-11-16,24,0,0,0,0,24,0,86400,COMPLETE_SUFFICIENT
2018-11-17,24,0,0,0,0,24,0,86400,COMPLETE_SUFFICIENT
2018-11-18,24,0,0,0,0,24,0,86400,COMPLETE_SUFFICIENT
2018-11-19,24,0,0,0,0,24,0,86376,COMPLETE_SUFFICIENT
2018-11-20,19,0,5,0,0,24,0,68452,COMPLETE_SUFFICIENT
2018-11-21,24,0,0,0,0,24,0,86384,COMPLETE_SUFFICIENT
2018-11-22,24,0,0,0,0,24,0,86392,COMPLETE_SUFFICIENT
2018-11-23,24,0,0,0,0,24,0,86400,COMPLETE_SUFFICIENT
2018-11-24,24,0,0,0,0,24,0,86384,COMPLETE_SUFFICIENT
2018-11-25,24,0,0,0,0,24,0,86400,COMPLETE_SUFFICIENT
2018-11-26,24,0,0,0,0,24,0,86401,COMPLETE_SUFFICIENT
2018-11-27,18,0,6,0,0,24,0,64882,COMPLETE_SUFFICIENT
2018-11-28,24,0,0,0,0,24,0,86392,COMPLETE_SUFFICIENT
2018-11-29,24,0,0,0,0,24,0,86384,COMPLETE_SUFFICIENT
2018-11-30,24,0,0,0,0,24,0,86400,COMPLETE_SUFFICIENT
2018-12-01,24,0,0,0,0,24,0,86392,COMPLETE_SUFFICIENT
2018-12-02,24,0,0,0,0,24,0,86393,COMPLETE_SUFFICIENT
2018-12-03,24,0,0,0,0,24,0,86392,COMPLETE_SUFFICIENT
2018-12-04,19,0,5,0,0,24,0,68467,COMPLETE_SUFFICIENT
2018-12-05,24,0,0,0,0,24,0,86392,COMPLETE_SUFFICIENT
2018-12-06,24,0,0,0,0,24,0,86400,COMPLETE_SUFFICIENT
2018-12-07,24,0,0,0,0,24,0,86392,COMPLETE_SUFFICIENT
2018-12-08,24,0,0,0,0,24,0,86385,COMPLETE_SUFFICIENT
2018-12-09,24,0,0,0,0,24,0,86400,COMPLETE_SUFFICIENT
2018-12-10,20,0,4,0,0,24,0,71424,COMPLETE_SUFFICIENT
2018-12-11,24,0,0,0,0,24,0,85225,COMPLETE_SUFFICIENT
2018-12-12,24,0,0,0,0,24,0,86392,COMPLETE_SUFFICIENT
2018-12-13,24,0,0,0,0,24,0,86400,COMPLETE_SUFFICIENT
2018-12-14,24,0,0,0,0,24,0,86401,COMPLETE_SUFFICIENT
2018-12-15,24,0,0,0,0,24,0,86400,COMPLETE_SUFFICIENT
2018-12-16,24,0,0,0,0,24,0,86400,COMPLETE_SUFFICIENT
2018-12-17,24,0,0,0,0,24,0,86400,COMPLETE_SUFFICIENT
2018-12-18,19,0,5,0,0,24,0,68475,COMPLETE_SUFFICIENT
2018-12-19,24,0,0,0,0,24,0,86384,COMPLETE_SUFFICIENT
2018-12-20,24,0,0,0,0,24,0,86393,COMPLETE_SUFFICIENT
2018-12-21,24,0,0,0,0,24,0,86400,COMPLETE_SUFFICIENT
2018-12-22,24,0,0,0,0,24,0,86400,COMPLETE_SUFFICIENT
2018-12-23,24,0,0,0,0,24,0,86392,COMPLETE_SUFFICIENT
2018-12-24,19,0,5,0,0,24,0,68470,COMPLETE_SUFFICIENT
2018-12-25,24,0,0,0,0,24,0,86401,COMPLETE_SUFFICIENT
2018-12-26,24,0,0,0,0,24,0,86400,COMPLETE_SUFFICIENT
2018-12-27,24,0,0,0,0,24,0,86392,COMPLETE_SUFFICIENT
2018-12-28,24,0,0,0,0,24,0,86376,COMPLETE_SUFFICIENT
2018-12-29,24,0,0,0,0,24,0,86368,COMPLETE_SUFFICIENT
2018-12-30,24,0,0,0,0,24,0,86376,COMPLETE_SUFFICIENT
2018-12-31,24,0,0,0,0,24,0,86390,COMPLETE_SUFFICIENT
2019-01-01,24,0,0,0,0,24,0,86401,COMPLETE_SUFFICIENT
2019-01-02,20,0,4,0,0,24,0,70087,COMPLETE_SUFFICIENT
2019-01-03,24,0,0,0,0,24,0,86400,COMPLETE_SUFFICIENT
2019-01-04,24,0,0,0,0,24,0,86400,COMPLETE_SUFFICIENT
2019-01-05,24,0,0,0,0,24,0,86384,COMPLETE_SUFFICIENT
2019-01-06,24,0,0,0,0,24,0,86401,COMPLETE_SUFFICIENT
2019-01-07,19,0,5,0,0,24,0,67562,COMPLETE_SUFFICIENT
2019-01-08,24,0,0,0,0,24,0,86400,COMPLETE_SUFFICIENT
2019-01-09,24,0,0,0,0,24,0,86392,COMPLETE_SUFFICIENT
2019-01-10,24,0,0,0,0,24,0,86376,COMPLETE_SUFFICIENT
2019-01-11,24,0,0,0,0,24,0,86352,COMPLETE_SUFFICIENT
2019-01-12,24,0,0,0,0,24,0,86401,COMPLETE_SUFFICIENT
2019-01-13,24,0,0,0,0,24,0,86400,COMPLETE_SUFFICIENT
2019-01-14,24,0,0,0,0,24,0,86368,COMPLETE_SUFFICIENT
2019-01-15,24,0,0,0,0,24,0,86400,COMPLETE_SUFFICIENT
2019-01-16,19,0,5,0,0,24,0,68475,COMPLETE_SUFFICIENT
2019-01-17,24,0,0,0,0,24,0,85952,COMPLETE_SUFFICIENT
2019-01-18,24,0,0,0,0,24,0,86401,COMPLETE_SUFFICIENT
2019-01-19,24,0,0,0,0,24,0,86392,COMPLETE_SUFFICIENT
2019-01-20,24,0,0,0,0,24,0,86392,COMPLETE_SUFFICIENT
2019-01-21,24,0,0,0,0,24,0,86392,COMPLETE_SUFFICIENT
2019-01-22,21,0,3,0,0,24,0,74995,COMPLETE_SUFFICIENT
2019-01-23,23,1,0,0,0,24,0,81530,COMPLETE_SUFFICIENT
2019-01-24,24,0,0,0,0,24,0,86385,COMPLETE_SUFFICIENT
2019-01-25,24,0,0,0,0,24,0,84133,COMPLETE_SUFFICIENT
2019-01-26,24,0,0,0,0,24,0,86379,COMPLETE_SUFFICIENT
2019-01-27,24,0,0,0,0,24,0,86384,COMPLETE_SUFFICIENT
2019-01-28,24,0,0,0,0,24,0,84437,COMPLETE_SUFFICIENT
2019-01-29,19,0,5,0,0,24,0,68206,COMPLETE_SUFFICIENT
2019-01-30,24,0,0,0,0,24,0,86401,COMPLETE_SUFFICIENT
2019-01-31,24,0,0,0,0,24,0,86264,COMPLETE_SUFFICIENT
2019-02-01,24,0,0,0,0,24,0,86392,COMPLETE_SUFFICIENT
2019-02-02,24,0,0,0,0,24,0,86392,COMPLETE_SUFFICIENT
2019-02-03,24,0,0,0,0,24,0,86392,COMPLETE_SUFFICIENT
2019-02-04,20,0,4,0,0,24,0,69664,COMPLETE_SUFFICIENT
2019-02-05,24,0,0,0,0,24,0,86392,COMPLETE_SUFFICIENT
2019-02-06,24,0,0,0,0,24,0,86392,COMPLETE_SUFFICIENT
2019-02-07,24,0,0,0,0,24,0,86400,COMPLETE_SUFFICIENT
2019-02-08,24,0,0,0,0,24,0,86400,COMPLETE_SUFFICIENT
2019-02-09,24,0,0,0,0,24,0,86392,COMPLETE_SUFFICIENT
2019-02-10,24,0,0,0,0,24,0,86401,COMPLETE_SUFFICIENT
2019-02-11,17,0,7,0,0,24,0,60089,COMPLETE_SUFFICIENT
2019-02-12,24,0,0,0,0,24,0,86160,COMPLETE_SUFFICIENT
2019-02-13,24,0,0,0,0,24,0,86400,COMPLETE_SUFFICIENT
2019-02-14,24,0,0,0,0,24,0,86400,COMPLETE_SUFFICIENT
2019-02-15,24,0,0,0,0,24,0,86400,COMPLETE_SUFFICIENT
2019-02-16,24,0,0,0,0,24,0,86393,COMPLETE_SUFFICIENT
2019-02-17,24,0,0,0,0,24,0,86400,COMPLETE_SUFFICIENT
2019-02-18,24,0,0,0,0,24,0,86400,COMPLETE_SUFFICIENT
2019-02-19,20,0,4,0,0,24,0,70893,COMPLETE_SUFFICIENT
2019-02-20,24,0,0,0,0,24,0,85587,COMPLETE_SUFFICIENT
2019-02-21,24,0,0,0,0,24,0,86400,COMPLETE_SUFFICIENT
2019-02-22,24,0,0,0,0,24,0,86401,COMPLETE_SUFFICIENT
2019-02-23,24,0,0,0,0,24,0,85296,COMPLETE_SUFFICIENT
2019-02-24,24,0,0,0,0,24,0,86400,COMPLETE_SUFFICIENT
2019-02-25,24,0,0,0,0,24,0,86400,COMPLETE_SUFFICIENT
2019-02-26,24,0,0,0,0,24,0,86400,COMPLETE_SUFFICIENT
2019-02-27,20,0,4,0,0,24,0,70083,COMPLETE_SUFFICIENT
2019-02-28,24,0,0,0,0,24,0,86393,COMPLETE_SUFFICIENT
2019-03-01,24,0,0,0,0,24,0,86392,COMPLETE_SUFFICIENT
2019-03-02,24,0,0,0,0,24,0,86400,COMPLETE_SUFFICIENT
2019-03-03,24,0,0,0,0,24,0,86400,COMPLETE_SUFFICIENT
2019-03-04,24,0,0,0,0,24,0,86392,COMPLETE_SUFFICIENT
2019-03-05,19,0,5,0,0,24,0,68475,COMPLETE_SUFFICIENT
2019-03-06,24,0,0,0,0,24,0,86401,COMPLETE_SUFFICIENT
2019-03-07,24,0,0,0,0,24,0,86392,COMPLETE_SUFFICIENT
2019-03-08,24,0,0,0,0,24,0,86400,COMPLETE_SUFFICIENT
2019-03-09,24,0,0,0,0,24,0,86400,COMPLETE_SUFFICIENT
2019-03-10,24,0,0,0,0,24,0,86392,COMPLETE_SUFFICIENT
2019-03-11,18,0,6,0,0,24,0,64890,COMPLETE_SUFFICIENT
2019-03-12,24,0,0,0,0,24,0,86401,COMPLETE_SUFFICIENT
2019-03-13,24,0,0,0,0,24,0,86392,COMPLETE_SUFFICIENT
2019-03-14,24,0,0,0,0,24,0,86400,COMPLETE_SUFFICIENT
2019-03-15,24,0,0,0,0,24,0,86400,COMPLETE_SUFFICIENT
2019-03-16,24,0,0,0,0,24,0,86400,COMPLETE_SUFFICIENT
2019-03-17,24,0,0,0,0,24,0,86400,COMPLETE_SUFFICIENT
2019-03-18,24,0,0,0,0,24,0,85273,COMPLETE_SUFFICIENT
2019-03-19,19,0,5,0,0,24,0,68299,COMPLETE_SUFFICIENT
2019-03-20,24,0,0,0,0,24,0,86400,COMPLETE_SUFFICIENT
2019-03-21,24,0,0,0,0,24,0,86400,COMPLETE_SUFFICIENT
2019-03-22,24,0,0,0,0,24,0,86400,COMPLETE_SUFFICIENT
2019-03-23,24,0,0,0,0,24,0,85313,COMPLETE_SUFFICIENT
2019-03-24,24,0,0,0,0,24,0,86392,COMPLETE_SUFFICIENT
2019-03-25,24,0,0,0,0,24,0,86400,COMPLETE_SUFFICIENT
2019-03-26,20,0,4,0,0,24,0,70230,COMPLETE_SUFFICIENT
2019-03-27,24,0,0,0,0,24,0,86400,COMPLETE_SUFFICIENT
2019-03-28,24,0,0,0,0,24,0,86392,COMPLETE_SUFFICIENT
2019-03-29,24,0,0,0,0,24,0,86392,COMPLETE_SUFFICIENT
2019-03-30,24,0,0,0,0,24,0,86401,COMPLETE_SUFFICIENT
2019-03-31,24,0,0,0,0,24,0,86400,COMPLETE_SUFFICIENT
2019-04-01,24,0,0,0,0,24,0,86384,COMPLETE_SUFFICIENT
2019-04-02,20,0,4,0,0,24,0,69423,COMPLETE_SUFFICIENT
2019-04-03,24,0,0,0,0,24,0,86400,COMPLETE_SUFFICIENT
2019-04-04,24,0,0,0,0,24,0,86401,COMPLETE_SUFFICIENT
2019-04-05,24,0,0,0,0,24,0,86384,COMPLETE_SUFFICIENT
2019-04-06,24,0,0,0,0,24,0,86384,COMPLETE_SUFFICIENT
2019-04-07,24,0,0,0,0,24,0,86400,COMPLETE_SUFFICIENT
2019-04-08,24,0,0,0,0,24,0,86400,COMPLETE_SUFFICIENT
2019-04-09,19,0,5,0,0,24,0,68452,COMPLETE_SUFFICIENT
2019-04-10,24,0,0,0,0,24,0,86401,COMPLETE_SUFFICIENT
2019-04-11,24,0,0,0,0,24,0,86400,COMPLETE_SUFFICIENT
2019-04-12,24,0,0,0,0,24,0,86384,COMPLETE_SUFFICIENT
2019-04-13,24,0,0,0,0,24,0,86400,COMPLETE_SUFFICIENT
2019-04-14,24,0,0,0,0,24,0,86400,COMPLETE_SUFFICIENT
2019-04-15,24,0,0,0,0,24,0,86400,COMPLETE_SUFFICIENT
2019-04-16,20,0,4,0,0,24,0,70736,COMPLETE_SUFFICIENT
2019-04-17,24,0,0,0,0,24,0,86400,COMPLETE_SUFFICIENT
2019-04-18,24,0,0,0,0,24,0,86400,COMPLETE_SUFFICIENT
2019-04-19,24,0,0,0,0,24,0,86400,COMPLETE_SUFFICIENT
2019-04-20,24,0,0,0,0,24,0,86376,COMPLETE_SUFFICIENT
2019-04-21,24,0,0,0,0,24,0,86401,COMPLETE_SUFFICIENT
2019-04-22,24,0,0,0,0,24,0,86400,COMPLETE_SUFFICIENT
2019-04-23,24,0,0,0,0,24,0,86384,COMPLETE_SUFFICIENT
2019-04-24,24,0,0,0,0,24,0,86400,COMPLETE_SUFFICIENT
2019-04-25,24,0,0,0,0,24,0,86400,COMPLETE_SUFFICIENT
2019-04-26,24,0,0,0,0,24,0,86400,COMPLETE_SUFFICIENT
2019-04-27,24,0,0,0,0,24,0,86393,COMPLETE_SUFFICIENT
2019-04-28,24,0,0,0,0,24,0,86392,COMPLETE_SUFFICIENT
2019-04-29,24,0,0,0,0,24,0,86392,COMPLETE_SUFFICIENT
2019-04-30,19,0,5,0,0,24,0,68467,COMPLETE_SUFFICIENT
2019-05-01,24,0,0,0,0,24,0,86392,COMPLETE_SUFFICIENT
2019-05-02,24,0,0,0,0,24,0,86400,COMPLETE_SUFFICIENT
2019-05-03,24,0,0,0,0,24,0,86393,COMPLETE_SUFFICIENT
2019-05-04,24,0,0,0,0,24,0,86376,COMPLETE_SUFFICIENT
2019-05-05,24,0,0,0,0,24,0,86400,COMPLETE_SUFFICIENT
2019-05-06,19,0,5,0,0,24,0,68475,COMPLETE_SUFFICIENT
2019-05-07,24,0,0,0,0,24,0,86392,COMPLETE_SUFFICIENT
2019-05-08,24,0,0,0,0,24,0,86400,COMPLETE_SUFFICIENT
2019-05-09,24,0,0,0,0,24,0,86393,COMPLETE_SUFFICIENT
2019-05-10,24,0,0,0,0,24,0,86400,COMPLETE_SUFFICIENT
2019-05-11,24,0,0,0,0,24,0,86400,COMPLETE_SUFFICIENT
2019-05-12,24,0,0,0,0,24,0,86400,COMPLETE_SUFFICIENT
2019-05-13,24,0,0,0,0,24,0,86392,COMPLETE_SUFFICIENT
2019-05-14,19,0,5,0,0,24,0,68460,COMPLETE_SUFFICIENT
2019-05-15,24,0,0,0,0,24,0,86400,COMPLETE_SUFFICIENT
2019-05-16,24,0,0,0,0,24,0,86384,COMPLETE_SUFFICIENT
2019-05-17,24,0,0,0,0,24,0,86400,COMPLETE_SUFFICIENT
2019-05-18,24,0,0,0,0,24,0,86400,COMPLETE_SUFFICIENT
2019-05-19,24,0,0,0,0,24,0,86400,COMPLETE_SUFFICIENT
2019-05-20,24,0,0,0,0,24,0,86377,COMPLETE_SUFFICIENT
2019-05-21,19,0,5,0,0,24,0,68475,COMPLETE_SUFFICIENT
2019-05-22,24,0,0,0,0,24,0,86400,COMPLETE_SUFFICIENT
2019-05-23,24,0,0,0,0,24,0,86384,COMPLETE_SUFFICIENT
2019-05-24,24,0,0,0,0,24,0,86400,COMPLETE_SUFFICIENT
2019-05-25,24,0,0,0,0,24,0,86392,COMPLETE_SUFFICIENT
2019-05-26,24,0,0,0,0,24,0,86393,COMPLETE_SUFFICIENT
2019-05-27,24,0,0,0,0,24,0,86400,COMPLETE_SUFFICIENT
2019-05-28,19,0,5,0,0,24,0,68475,COMPLETE_SUFFICIENT
2019-05-29,24,0,0,0,0,24,0,86384,COMPLETE_SUFFICIENT
2019-05-30,24,0,0,0,0,24,0,86360,COMPLETE_SUFFICIENT
2019-05-31,24,0,0,0,0,24,0,86401,COMPLETE_SUFFICIENT
2019-06-01,24,0,0,0,0,24,0,86400,COMPLETE_SUFFICIENT
2019-06-02,24,0,0,0,0,24,0,86392,COMPLETE_SUFFICIENT
2019-06-03,24,0,0,0,0,24,0,86392,COMPLETE_SUFFICIENT
2019-06-04,20,0,4,0,0,24,0,70181,COMPLETE_SUFFICIENT
2019-06-05,24,0,0,0,0,24,0,86384,COMPLETE_SUFFICIENT
2019-06-06,24,0,0,0,0,24,0,86393,COMPLETE_SUFFICIENT
2019-06-07,24,0,0,0,0,24,0,86400,COMPLETE_SUFFICIENT
2019-06-08,24,0,0,0,0,24,0,86400,COMPLETE_SUFFICIENT
2019-06-09,24,0,0,0,0,24,0,86400,COMPLETE_SUFFICIENT
2019-06-10,24,0,0,0,0,24,0,86384,COMPLETE_SUFFICIENT
2019-06-11,20,0,0,0,4,20,0,69997,PARTIAL
2019-06-12,24,0,0,0,0,24,0,86393,COMPLETE_SUFFICIENT
2019-06-13,24,0,0,0,0,24,0,86400,COMPLETE_SUFFICIENT
2019-06-14,24,0,0,0,0,24,0,86376,COMPLETE_SUFFICIENT
2019-06-15,24,0,0,0,0,24,0,86400,COMPLETE_SUFFICIENT
2019-06-16,24,0,0,0,0,24,0,86400,COMPLETE_SUFFICIENT
2019-06-17,24,0,0,0,0,24,0,86400,COMPLETE_SUFFICIENT
2019-06-18,19,0,0,0,5,19,0,66707,PARTIAL
2019-06-19,24,0,0,0,0,24,0,86392,COMPLETE_SUFFICIENT
2019-06-20,24,0,0,0,0,24,0,86400,COMPLETE_SUFFICIENT
2019-06-21,24,0,0,0,0,24,0,86384,COMPLETE_SUFFICIENT
2019-06-22,24,0,0,0,0,24,0,86384,COMPLETE_SUFFICIENT
2019-06-23,24,0,0,0,0,24,0,86400,COMPLETE_SUFFICIENT
2019-06-24,24,0,0,0,0,24,0,86401,COMPLETE_SUFFICIENT
2019-06-25,19,1,0,0,4,19,1,68270,PARTIAL
2019-06-26,24,0,0,0,0,24,0,86384,COMPLETE_SUFFICIENT
2019-06-27,24,0,0,0,0,24,0,86400,COMPLETE_SUFFICIENT
2019-06-28,24,0,0,0,0,24,0,86400,COMPLETE_SUFFICIENT
2019-06-29,24,0,0,0,0,24,0,86401,COMPLETE_SUFFICIENT
2019-06-30,24,0,0,0,0,24,0,86400,COMPLETE_SUFFICIENT
2019-07-01,20,0,0,0,4,19,1,69732,PARTIAL
2019-07-02,24,0,0,0,0,24,0,86400,COMPLETE_SUFFICIENT
2019-07-03,24,0,0,0,0,24,0,86392,COMPLETE_SUFFICIENT
2019-07-04,24,0,0,0,0,24,0,86400,COMPLETE_SUFFICIENT
2019-07-05,24,0,0,0,0,24,0,86393,COMPLETE_SUFFICIENT
2019-07-06,24,0,0,0,0,24,0,86400,COMPLETE_SUFFICIENT
2019-07-07,24,0,0,0,0,24,0,86400,COMPLETE_SUFFICIENT
2019-07-08,20,0,0,0,4,20,0,69493,PARTIAL
2019-07-09,24,0,0,0,0,24,0,86392,COMPLETE_SUFFICIENT
2019-07-10,24,0,0,0,0,24,0,86376,COMPLETE_SUFFICIENT
2019-07-11,24,0,0,0,0,24,0,86385,COMPLETE_SUFFICIENT
2019-07-12,24,0,0,0,0,24,0,86400,COMPLETE_SUFFICIENT
2019-07-13,24,0,0,0,0,24,0,86400,COMPLETE_SUFFICIENT
2019-07-14,24,0,0,0,0,24,0,86400,COMPLETE_SUFFICIENT
2019-07-15,24,0,0,0,0,24,0,86384,COMPLETE_SUFFICIENT
2019-07-16,19,1,0,0,4,19,1,67616,PARTIAL
2019-07-17,24,0,0,0,0,24,0,86392,COMPLETE_SUFFICIENT
2019-07-18,24,0,0,0,0,24,0,86392,COMPLETE_SUFFICIENT
2019-07-19,24,0,0,0,0,24,0,86400,COMPLETE_SUFFICIENT
2019-07-20,24,0,0,0,0,24,0,86400,COMPLETE_SUFFICIENT
2019-07-21,24,0,0,0,0,24,0,86392,COMPLETE_SUFFICIENT
2019-07-22,24,0,0,0,0,24,0,86345,COMPLETE_SUFFICIENT
2019-07-23,24,0,0,0,0,24,0,86384,COMPLETE_SUFFICIENT
2019-07-24,21,0,0,0,3,19,2,69942,PARTIAL
2019-07-25,24,0,0,0,0,24,0,86392,COMPLETE_SUFFICIENT
2019-07-26,24,0,0,0,0,24,0,86400,COMPLETE_SUFFICIENT
2019-07-27,24,0,0,0,0,24,0,86400,COMPLETE_SUFFICIENT
2019-07-28,24,0,0,0,0,24,0,86385,COMPLETE_SUFFICIENT
2019-07-29,24,0,0,0,0,24,0,86400,COMPLETE_SUFFICIENT
2019-07-30,24,0,0,0,0,24,0,86400,COMPLETE_SUFFICIENT
2019-07-31,20,1,0,0,3,19,2,69800,PARTIAL
2019-08-01,24,0,0,0,0,24,0,86384,COMPLETE_SUFFICIENT
2019-08-02,24,0,0,0,0,24,0,86401,COMPLETE_SUFFICIENT
2019-08-03,24,0,0,0,0,24,0,86384,COMPLETE_SUFFICIENT
2019-08-04,24,0,0,0,0,24,0,86400,COMPLETE_SUFFICIENT
2019-08-05,24,0,0,0,0,24,0,86384,COMPLETE_SUFFICIENT
2019-08-06,20,1,0,0,3,19,2,69943,PARTIAL
2019-08-07,24,0,0,0,0,24,0,86400,COMPLETE_SUFFICIENT
2019-08-08,24,0,0,0,0,24,0,86393,COMPLETE_SUFFICIENT
2019-08-09,24,0,0,0,0,24,0,86376,COMPLETE_SUFFICIENT
2019-08-10,24,0,0,0,0,24,0,86400,COMPLETE_SUFFICIENT
2019-08-11,24,0,0,0,0,24,0,86400,COMPLETE_SUFFICIENT
2019-08-12,20,0,0,0,4,19,1,67954,PARTIAL
2019-08-13,24,0,0,0,0,24,0,86392,COMPLETE_SUFFICIENT
2019-08-14,24,0,0,0,0,24,0,86401,COMPLETE_SUFFICIENT
2019-08-15,24,0,0,0,0,24,0,86400,COMPLETE_SUFFICIENT
2019-08-16,24,0,0,0,0,24,0,86400,COMPLETE_SUFFICIENT
2019-08-17,24,0,0,0,0,24,0,86400,COMPLETE_SUFFICIENT
2019-08-18,24,0,0,0,0,24,0,86392,COMPLETE_SUFFICIENT
2019-08-19,24,0,0,0,0,24,0,86401,COMPLETE_SUFFICIENT
2019-08-20,20,1,0,0,3,19,2,69666,PARTIAL
2019-08-21,24,0,0,0,0,24,0,86400,COMPLETE_SUFFICIENT
2019-08-22,24,0,0,0,0,24,0,86392,COMPLETE_SUFFICIENT
2019-08-23,24,0,0,0,0,24,0,86400,COMPLETE_SUFFICIENT
2019-08-24,24,0,0,0,0,24,0,86400,COMPLETE_SUFFICIENT
2019-08-25,24,0,0,0,0,24,0,86401,COMPLETE_SUFFICIENT
2019-08-26,24,0,0,0,0,24,0,86400,COMPLETE_SUFFICIENT
2019-08-27,20,1,0,0,3,19,2,69338,PARTIAL
2019-08-28,24,0,0,0,0,24,0,86400,COMPLETE_SUFFICIENT
2019-08-29,24,0,0,0,0,24,0,86400,COMPLETE_SUFFICIENT
2019-08-30,24,0,0,0,0,24,0,86400,COMPLETE_SUFFICIENT
2019-08-31,24,0,0,0,0,24,0,86385,COMPLETE_SUFFICIENT
2019-09-01,24,0,0,0,0,24,0,86400,COMPLETE_SUFFICIENT
2019-09-02,24,0,0,0,0,24,0,86360,COMPLETE_SUFFICIENT
2019-09-03,22,1,0,0,1,22,1,79236,PARTIAL
2019-09-04,21,3,0,0,0,24,0,76259,COMPLETE_SUFFICIENT
2019-09-05,24,0,0,0,0,24,0,86393,COMPLETE_SUFFICIENT
2019-09-06,24,0,0,0,0,24,0,86392,COMPLETE_SUFFICIENT
2019-09-07,24,0,0,0,0,24,0,86384,COMPLETE_SUFFICIENT
2019-09-08,24,0,0,0,0,24,0,86384,COMPLETE_SUFFICIENT
2019-09-09,24,0,0,0,0,24,0,86392,COMPLETE_SUFFICIENT
2019-09-10,20,0,0,0,4,20,0,69641,PARTIAL
2019-09-11,24,0,0,0,0,24,0,86401,COMPLETE_SUFFICIENT
2019-09-12,24,0,0,0,0,24,0,86400,COMPLETE_SUFFICIENT
2019-09-13,24,0,0,0,0,24,0,86392,COMPLETE_SUFFICIENT
2019-09-14,24,0,0,0,0,24,0,86400,COMPLETE_SUFFICIENT
2019-09-15,24,0,0,0,0,24,0,86392,COMPLETE_SUFFICIENT
2019-09-16,20,0,0,0,4,20,0,70381,PARTIAL
2019-09-17,24,0,0,0,0,24,0,86393,COMPLETE_SUFFICIENT
2019-09-18,24,0,0,0,0,24,0,86400,COMPLETE_SUFFICIENT
2019-09-19,24,0,0,0,0,24,0,86392,COMPLETE_SUFFICIENT
2019-09-20,24,0,0,0,0,24,0,86384,COMPLETE_SUFFICIENT
2019-09-21,24,0,0,0,0,24,0,86400,COMPLETE_SUFFICIENT
2019-09-22,24,0,0,0,0,24,0,86401,COMPLETE_SUFFICIENT
2019-09-23,24,0,0,0,0,24,0,86400,COMPLETE_SUFFICIENT
2019-09-24,20,1,0,0,3,19,2,68888,PARTIAL
2019-09-25,24,0,0,0,0,24,0,86392,COMPLETE_SUFFICIENT
2019-09-26,24,0,0,0,0,24,0,86392,COMPLETE_SUFFICIENT
2019-09-27,24,0,0,0,0,24,0,86384,COMPLETE_SUFFICIENT
2019-09-28,24,0,0,0,0,24,0,86377,COMPLETE_SUFFICIENT
2019-09-29,24,0,0,0,0,24,0,86400,COMPLETE_SUFFICIENT
2019-09-30,24,0,0,0,0,24,0,86376,COMPLETE_SUFFICIENT
2019-10-01,20,0,0,0,4,20,0,70492,PARTIAL
2019-10-02,24,0,0,0,0,24,0,86384,COMPLETE_SUFFICIENT
2019-10-03,24,0,0,0,0,24,0,86400,COMPLETE_SUFFICIENT
2019-10-04,24,0,0,0,0,24,0,86369,COMPLETE_SUFFICIENT
2019-10-05,24,0,0,0,0,24,0,86400,COMPLETE_SUFFICIENT
2019-10-06,24,0,0,0,0,24,0,86384,COMPLETE_SUFFICIENT
2019-10-07,24,0,0,0,0,24,0,86400,COMPLETE_SUFFICIENT
2019-10-08,20,0,0,0,4,20,0,70306,PARTIAL
2019-10-09,24,0,0,0,0,24,0,86400,COMPLETE_SUFFICIENT
2019-10-10,24,0,0,0,0,24,0,86385,COMPLETE_SUFFICIENT
2019-10-11,24,0,0,0,0,24,0,86400,COMPLETE_SUFFICIENT
2019-10-12,24,0,0,0,0,24,0,86392,COMPLETE_SUFFICIENT
2019-10-13,24,0,0,0,0,24,0,86400,COMPLETE_SUFFICIENT
2019-10-14,24,0,0,0,0,24,0,86400,COMPLETE_SUFFICIENT
2019-10-15,19,1,0,0,4,19,1,68146,PARTIAL
2019-10-16,24,0,0,0,0,24,0,86401,COMPLETE_SUFFICIENT
2019-10-17,24,0,0,0,0,24,0,86359,COMPLETE_SUFFICIENT
2019-10-18,24,0,0,0,0,24,0,86400,COMPLETE_SUFFICIENT
2019-10-19,24,0,0,0,0,24,0,86392,COMPLETE_SUFFICIENT
2019-10-20,24,0,0,0,0,24,0,86392,COMPLETE_SUFFICIENT
2019-10-21,19,1,0,0,4,18,2,64942,PARTIAL
2019-10-22,24,0,0,0,0,24,0,86384,COMPLETE_SUFFICIENT
2019-10-23,24,0,0,0,0,24,0,86400,COMPLETE_SUFFICIENT
2019-10-24,24,0,0,0,0,24,0,86384,COMPLETE_SUFFICIENT
2019-10-25,24,0,0,0,0,24,0,86376,COMPLETE_SUFFICIENT
2019-10-26,24,0,0,0,0,24,0,86360,COMPLETE_SUFFICIENT
2019-10-27,24,0,0,0,0,24,0,86385,COMPLETE_SUFFICIENT
2019-10-28,24,0,0,0,0,24,0,86392,COMPLETE_SUFFICIENT
2019-10-29,19,0,0,0,5,18,1,65951,PARTIAL
2019-10-30,24,0,0,0,0,24,0,86400,COMPLETE_SUFFICIENT
2019-10-31,24,0,0,0,0,24,0,86376,COMPLETE_SUFFICIENT
2019-11-01,24,0,0,0,0,24,0,86400,COMPLETE_SUFFICIENT
2019-11-02,24,0,0,0,0,24,0,86393,COMPLETE_SUFFICIENT
2019-11-03,24,0,0,0,0,24,0,86400,COMPLETE_SUFFICIENT
2019-11-04,19,1,0,0,4,19,1,68323,PARTIAL
2019-11-05,24,0,0,0,0,24,0,86400,COMPLETE_SUFFICIENT
2019-11-06,24,0,0,0,0,24,0,86400,COMPLETE_SUFFICIENT
2019-11-07,24,0,0,0,0,24,0,86400,COMPLETE_SUFFICIENT
2019-11-08,24,0,0,0,0,24,0,86401,COMPLETE_SUFFICIENT
2019-11-09,24,0,0,0,0,24,0,86400,COMPLETE_SUFFICIENT
2019-11-10,24,0,0,0,0,24,0,86400,COMPLETE_SUFFICIENT
2019-11-11,24,0,0,0,0,24,0,86400,COMPLETE_SUFFICIENT
2019-11-12,21,0,0,0,3,19,2,70110,PARTIAL
2019-11-13,24,0,0,0,0,24,0,86400,COMPLETE_SUFFICIENT
2019-11-14,24,0,0,0,0,24,0,86401,COMPLETE_SUFFICIENT
2019-11-15,24,0,0,0,0,24,0,86392,COMPLETE_SUFFICIENT
2019-11-16,24,0,0,0,0,24,0,86392,COMPLETE_SUFFICIENT
2019-11-17,24,0,0,0,0,24,0,86400,COMPLETE_SUFFICIENT
2019-11-18,20,0,0,0,4,20,0,70199,PARTIAL
2019-11-19,24,0,0,0,0,24,0,86393,COMPLETE_SUFFICIENT
2019-11-20,24,0,0,0,0,24,0,86392,COMPLETE_SUFFICIENT
2019-11-21,24,0,0,0,0,24,0,86400,COMPLETE_SUFFICIENT
2019-11-22,24,0,0,0,0,24,0,86400,COMPLETE_SUFFICIENT
2019-11-23,24,0,0,0,0,24,0,86400,COMPLETE_SUFFICIENT
2019-11-24,24,0,0,0,0,24,0,86392,COMPLETE_SUFFICIENT
2019-11-25,24,0,0,0,0,24,0,86401,COMPLETE_SUFFICIENT
2019-11-26,20,0,0,0,4,20,0,69434,PARTIAL
2019-11-27,24,0,0,0,0,24,0,86400,COMPLETE_SUFFICIENT
2019-11-28,24,0,0,0,0,24,0,86392,COMPLETE_SUFFICIENT
2019-11-29,24,0,0,0,0,24,0,86368,COMPLETE_SUFFICIENT
2019-11-30,24,0,0,0,0,24,0,86400,COMPLETE_SUFFICIENT
2019-12-01,24,0,0,0,0,24,0,86401,COMPLETE_SUFFICIENT
2019-12-02,24,0,0,0,0,24,0,86400,COMPLETE_SUFFICIENT
2019-12-03,20,0,0,0,4,20,0,69657,PARTIAL
2019-12-04,24,0,0,0,0,24,0,86400,COMPLETE_SUFFICIENT
2019-12-05,24,0,0,0,0,24,0,86400,COMPLETE_SUFFICIENT
2019-12-06,24,0,0,0,0,24,0,86400,COMPLETE_SUFFICIENT
2019-12-07,24,0,0,0,0,24,0,86401,COMPLETE_SUFFICIENT
2019-12-08,24,0,0,0,0,24,0,86400,COMPLETE_SUFFICIENT
2019-12-09,20,1,0,0,3,19,2,69351,PARTIAL
2019-12-10,24,0,0,0,0,24,0,86392,COMPLETE_SUFFICIENT
2019-12-11,24,0,0,0,0,24,0,86384,COMPLETE_SUFFICIENT
2019-12-12,24,0,0,0,0,24,0,86400,COMPLETE_SUFFICIENT
2019-12-13,24,0,0,0,0,24,0,86385,COMPLETE_SUFFICIENT
2019-12-14,24,0,0,0,0,24,0,86400,COMPLETE_SUFFICIENT
2019-12-15,24,0,0,0,0,24,0,86392,COMPLETE_SUFFICIENT
2019-12-16,24,0,0,0,0,24,0,86400,COMPLETE_SUFFICIENT
2019-12-17,20,1,0,0,3,19,2,68928,PARTIAL
2019-12-18,24,0,0,0,0,24,0,86400,COMPLETE_SUFFICIENT
2019-12-19,24,0,0,0,0,24,0,86377,COMPLETE_SUFFICIENT
2019-12-20,24,0,0,0,0,24,0,86344,COMPLETE_SUFFICIENT
2019-12-21,24,0,0,0,0,24,0,86392,COMPLETE_SUFFICIENT
2019-12-22,24,0,0,0,0,24,0,86400,COMPLETE_SUFFICIENT
2019-12-23,20,0,0,0,4,19,1,69613,PARTIAL
2019-12-24,24,0,0,0,0,24,0,86401,COMPLETE_SUFFICIENT
2019-12-25,24,0,0,0,0,24,0,86400,COMPLETE_SUFFICIENT
2019-12-26,24,0,0,0,0,24,0,86400,COMPLETE_SUFFICIENT
2019-12-27,24,0,0,0,0,24,0,86376,COMPLETE_SUFFICIENT
2019-12-28,24,0,0,0,0,24,0,86400,COMPLETE_SUFFICIENT
2019-12-29,24,0,0,0,0,24,0,86384,COMPLETE_SUFFICIENT
2019-12-30,19,2,0,0,3,19,2,68493,PARTIAL
2019-12-31,24,0,0,0,0,24,0,86400,COMPLETE_SUFFICIENT
2020-01-01,24,0,0,0,0,24,0,86392,COMPLETE_SUFFICIENT
2020-01-02,24,0,0,0,0,24,0,86400,COMPLETE_SUFFICIENT
2020-01-03,24,0,0,0,0,24,0,86384,COMPLETE_SUFFICIENT
2020-01-04,24,0,0,0,0,24,0,86400,COMPLETE_SUFFICIENT
2020-01-05,24,0,0,0,0,24,0,86393,COMPLETE_SUFFICIENT
2020-01-06,24,0,0,0,0,24,0,86385,COMPLETE_SUFFICIENT
2020-01-07,20,1,0,0,3,19,2,69383,PARTIAL
2020-01-08,24,0,0,0,0,24,0,86400,COMPLETE_SUFFICIENT
2020-01-09,24,0,0,0,0,24,0,86392,COMPLETE_SUFFICIENT
2020-01-10,24,0,0,0,0,24,0,86400,COMPLETE_SUFFICIENT
2020-01-11,24,0,0,0,0,24,0,86401,COMPLETE_SUFFICIENT
2020-01-12,24,0,0,0,0,24,0,86400,COMPLETE_SUFFICIENT
2020-01-13,24,0,0,0,0,24,0,86400,COMPLETE_SUFFICIENT
2020-01-14,20,1,0,0,3,19,2,68524,PARTIAL
2020-01-15,24,0,0,0,0,24,0,86384,COMPLETE_SUFFICIENT
2020-01-16,24,0,0,0,0,24,0,86376,COMPLETE_SUFFICIENT
2020-01-17,24,0,0,0,0,24,0,86401,COMPLETE_SUFFICIENT
2020-01-18,24,0,0,0,0,24,0,86400,COMPLETE_SUFFICIENT
2020-01-19,24,0,0,0,0,24,0,86384,COMPLETE_SUFFICIENT
2020-01-20,24,0,0,0,0,24,0,86392,COMPLETE_SUFFICIENT
2020-01-21,17,1,0,0,6,17,1,60088,PARTIAL
2020-01-22,24,0,0,0,0,24,0,86400,COMPLETE_SUFFICIENT
2020-01-23,24,0,0,0,0,24,0,86401,COMPLETE_SUFFICIENT
2020-01-24,24,0,0,0,0,24,0,86400,COMPLETE_SUFFICIENT
2020-01-25,24,0,0,0,0,24,0,86400,COMPLETE_SUFFICIENT
2020-01-26,24,0,0,0,0,24,0,86400,COMPLETE_SUFFICIENT
2020-01-27,20,1,0,0,3,19,2,69865,PARTIAL
2020-01-28,24,0,0,0,0,24,0,86401,COMPLETE_SUFFICIENT
2020-01-29,24,0,0,0,0,24,0,86392,COMPLETE_SUFFICIENT
2020-01-30,24,0,0,0,0,24,0,86400,COMPLETE_SUFFICIENT
2020-01-31,24,0,0,0,0,24,0,86232,COMPLETE_SUFFICIENT
2020-02-01,24,0,0,0,0,24,0,86400,COMPLETE_SUFFICIENT
2020-02-02,24,0,0,0,0,24,0,86384,COMPLETE_SUFFICIENT
2020-02-03,20,0,0,0,4,20,0,70324,PARTIAL
2020-02-04,24,0,0,0,0,24,0,86400,COMPLETE_SUFFICIENT
2020-02-05,24,0,0,0,0,24,0,86400,COMPLETE_SUFFICIENT
2020-02-06,24,0,0,0,0,24,0,86384,COMPLETE_SUFFICIENT
2020-02-07,24,0,0,0,0,24,0,86216,COMPLETE_SUFFICIENT
2020-02-08,24,0,0,0,0,24,0,86384,COMPLETE_SUFFICIENT
2020-02-09,24,0,0,0,0,24,0,86385,COMPLETE_SUFFICIENT
2020-02-10,24,0,0,0,0,24,0,86400,COMPLETE_SUFFICIENT
2020-02-11,20,0,0,0,4,20,0,69690,PARTIAL
2020-02-12,24,0,0,0,0,24,0,86392,COMPLETE_SUFFICIENT
2020-02-13,24,0,0,0,0,24,0,86384,COMPLETE_SUFFICIENT
2020-02-14,24,0,0,0,0,24,0,86400,COMPLETE_SUFFICIENT
2020-02-15,24,0,0,0,0,24,0,86393,COMPLETE_SUFFICIENT
2020-02-16,24,0,0,0,0,24,0,86392,COMPLETE_SUFFICIENT
2020-02-17,24,0,0,0,0,24,0,86400,COMPLETE_SUFFICIENT
2020-02-18,20,1,0,0,3,19,2,68969,PARTIAL
2020-02-19,24,0,0,0,0,24,0,86360,COMPLETE_SUFFICIENT
2020-02-20,24,0,0,0,0,24,0,86392,COMPLETE_SUFFICIENT
2020-02-21,24,0,0,0,0,24,0,86393,COMPLETE_SUFFICIENT
2020-02-22,24,0,0,0,0,24,0,86400,COMPLETE_SUFFICIENT
2020-02-23,24,0,0,0,0,24,0,86400,COMPLETE_SUFFICIENT
2020-02-24,20,0,0,0,4,20,0,70431,PARTIAL
2020-02-25,24,0,0,0,0,24,0,86400,COMPLETE_SUFFICIENT
2020-02-26,24,0,0,0,0,24,0,86400,COMPLETE_SUFFICIENT
2020-02-27,24,0,0,0,0,24,0,86393,COMPLETE_SUFFICIENT
2020-02-28,24,0,0,0,0,24,0,86384,COMPLETE_SUFFICIENT
2020-02-29,24,0,0,0,0,24,0,86376,COMPLETE_SUFFICIENT
2020-03-01,24,0,0,0,0,24,0,86400,COMPLETE_SUFFICIENT
2020-03-02,20,0,0,0,4,20,0,69556,PARTIAL
2020-03-03,24,0,0,0,0,24,0,86401,COMPLETE_SUFFICIENT
2020-03-04,24,0,0,0,0,24,0,86400,COMPLETE_SUFFICIENT
2020-03-05,24,0,0,0,0,24,0,86400,COMPLETE_SUFFICIENT
2020-03-06,24,0,0,0,0,24,0,86400,COMPLETE_SUFFICIENT
2020-03-07,24,0,0,0,0,24,0,86392,COMPLETE_SUFFICIENT
2020-03-08,24,0,0,0,0,24,0,86400,COMPLETE_SUFFICIENT
2020-03-09,24,0,0,0,0,24,0,86401,COMPLETE_SUFFICIENT
2020-03-10,20,1,0,0,3,19,2,68985,PARTIAL
2020-03-11,24,0,0,0,0,24,0,86400,COMPLETE_SUFFICIENT
2020-03-12,24,0,0,0,0,24,0,86400,COMPLETE_SUFFICIENT
2020-03-13,24,0,0,0,0,24,0,86400,COMPLETE_SUFFICIENT
2020-03-14,24,0,0,0,0,24,0,86400,COMPLETE_SUFFICIENT
2020-03-15,24,0,0,0,0,24,0,86233,COMPLETE_SUFFICIENT
2020-03-16,20,0,0,0,4,19,1,68238,PARTIAL
2020-03-17,24,0,0,0,0,24,0,86224,COMPLETE_SUFFICIENT
2020-03-18,24,0,0,0,0,24,0,86392,COMPLETE_SUFFICIENT
2020-03-19,24,0,0,0,0,24,0,86232,COMPLETE_SUFFICIENT
2020-03-20,24,0,0,0,0,24,0,86392,COMPLETE_SUFFICIENT
2020-03-21,24,0,0,0,0,24,0,86377,COMPLETE_SUFFICIENT
2020-03-22,24,0,0,0,0,24,0,86384,COMPLETE_SUFFICIENT
2020-03-23,24,0,0,0,0,24,0,86392,COMPLETE_SUFFICIENT
2020-03-24,24,0,0,0,0,24,0,86400,COMPLETE_SUFFICIENT
2020-03-25,24,0,0,0,0,24,0,86400,COMPLETE_SUFFICIENT
2020-03-26,24,0,0,0,0,24,0,86401,COMPLETE_SUFFICIENT
2020-03-27,24,0,0,0,0,24,0,86371,COMPLETE_SUFFICIENT
2020-03-28,24,0,0,0,0,24,0,86392,COMPLETE_SUFFICIENT
2020-03-29,24,0,0,0,0,24,0,86376,COMPLETE_SUFFICIENT
2020-03-30,24,0,0,0,0,24,0,86400,COMPLETE_SUFFICIENT
2020-03-31,24,0,0,0,0,24,0,86392,COMPLETE_SUFFICIENT
2020-04-01,24,0,0,0,0,24,0,86393,COMPLETE_SUFFICIENT
2020-04-02,24,0,0,0,0,24,0,86400,COMPLETE_SUFFICIENT
2020-04-03,24,0,0,0,0,24,0,86400,COMPLETE_SUFFICIENT
2020-04-04,24,0,0,0,0,24,0,86392,COMPLETE_SUFFICIENT
2020-04-05,24,0,0,0,0,24,0,86392,COMPLETE_SUFFICIENT
2020-04-06,24,0,0,0,0,24,0,86264,COMPLETE_SUFFICIENT
2020-04-07,19,0,0,0,5,18,1,64173,PARTIAL
2020-04-08,24,0,0,0,0,24,0,86352,COMPLETE_SUFFICIENT
2020-04-09,24,0,0,0,0,24,0,86400,COMPLETE_SUFFICIENT
2020-04-10,24,0,0,0,0,24,0,86400,COMPLETE_SUFFICIENT
2020-04-11,24,0,0,0,0,24,0,86400,COMPLETE_SUFFICIENT
2020-04-12,24,0,0,0,0,24,0,86368,COMPLETE_SUFFICIENT
2020-04-13,24,0,0,0,0,24,0,86385,COMPLETE_SUFFICIENT
2020-04-14,24,0,0,0,0,24,0,86248,COMPLETE_SUFFICIENT
2020-04-15,24,0,0,0,0,24,0,86376,COMPLETE_SUFFICIENT
2020-04-16,24,0,0,0,0,24,0,86400,COMPLETE_SUFFICIENT
2020-04-17,24,0,0,0,0,24,0,86384,COMPLETE_SUFFICIENT
2020-04-18,24,0,0,0,0,24,0,86401,COMPLETE_SUFFICIENT
2020-04-19,24,0,0,0,0,24,0,86400,COMPLETE_SUFFICIENT
2020-04-20,24,0,0,0,0,24,0,86384,COMPLETE_SUFFICIENT
2020-04-21,24,0,0,0,0,24,0,86384,COMPLETE_SUFFICIENT
2020-04-22,24,0,0,0,0,24,0,86208,COMPLETE_SUFFICIENT
2020-04-23,24,0,0,0,0,24,0,86400,COMPLETE_SUFFICIENT
2020-04-24,24,0,0,0,0,24,0,86401,COMPLETE_SUFFICIENT
2020-04-25,24,0,0,0,0,24,0,86400,COMPLETE_SUFFICIENT
2020-04-26,24,0,0,0,0,24,0,86384,COMPLETE_SUFFICIENT
2020-04-27,24,0,0,0,0,24,0,86384,COMPLETE_SUFFICIENT
2020-04-28,19,1,0,0,4,19,1,67484,PARTIAL
2020-04-29,24,0,0,0,0,24,0,86393,COMPLETE_SUFFICIENT
2020-04-30,24,0,0,0,0,24,0,86400,COMPLETE_SUFFICIENT
2020-05-01,24,0,0,0,0,24,0,86400,COMPLETE_SUFFICIENT
2020-05-02,24,0,0,0,0,24,0,86392,COMPLETE_SUFFICIENT
2020-05-03,24,0,0,0,0,24,0,86400,COMPLETE_SUFFICIENT
2020-05-04,24,0,0,0,0,24,0,86400,COMPLETE_SUFFICIENT
2020-05-05,24,0,0,0,0,24,0,86393,COMPLETE_SUFFICIENT
2020-05-06,24,0,0,0,0,24,0,86400,COMPLETE_SUFFICIENT
2020-05-07,24,0,0,0,0,24,0,86400,COMPLETE_SUFFICIENT
2020-05-08,24,0,0,0,0,24,0,86392,COMPLETE_SUFFICIENT
2020-05-09,24,0,0,0,0,24,0,86400,COMPLETE_SUFFICIENT
2020-05-10,24,0,0,0,0,24,0,86384,COMPLETE_SUFFICIENT
2020-05-11,24,0,0,0,0,24,0,86401,COMPLETE_SUFFICIENT
2020-05-12,19,1,0,0,4,19,1,67034,PARTIAL
2020-05-13,24,0,0,0,0,24,0,86400,COMPLETE_SUFFICIENT
2020-05-14,24,0,0,0,0,24,0,86400,COMPLETE_SUFFICIENT
2020-05-15,24,0,0,0,0,24,0,86400,COMPLETE_SUFFICIENT
2020-05-16,24,0,0,0,0,24,0,86401,COMPLETE_SUFFICIENT
2020-05-17,24,0,0,0,0,24,0,86400,COMPLETE_SUFFICIENT
2020-05-18,24,0,0,0,0,24,0,86400,COMPLETE_SUFFICIENT
2020-05-19,24,0,0,0,0,24,0,86392,COMPLETE_SUFFICIENT
2020-05-20,24,0,0,0,0,24,0,86400,COMPLETE_SUFFICIENT
2020-05-21,24,0,0,0,0,24,0,86400,COMPLETE_SUFFICIENT
2020-05-22,24,0,0,0,0,24,0,86401,COMPLETE_SUFFICIENT
2020-05-23,24,0,0,0,0,24,0,86392,COMPLETE_SUFFICIENT
2020-05-24,24,0,0,0,0,24,0,86400,COMPLETE_SUFFICIENT
2020-05-25,24,0,0,0,0,24,0,86376,COMPLETE_SUFFICIENT
2020-05-26,20,0,0,0,4,19,1,68691,PARTIAL
2020-05-27,24,0,0,0,0,24,0,86392,COMPLETE_SUFFICIENT
2020-05-28,24,0,0,0,0,24,0,86401,COMPLETE_SUFFICIENT
2020-05-29,24,0,0,0,0,24,0,86400,COMPLETE_SUFFICIENT
2020-05-30,24,0,0,0,0,24,0,86392,COMPLETE_SUFFICIENT
2020-05-31,24,0,0,0,0,24,0,86392,COMPLETE_SUFFICIENT
2020-06-01,24,0,0,0,0,24,0,86400,COMPLETE_SUFFICIENT
2020-06-02,24,0,0,0,0,24,0,86385,COMPLETE_SUFFICIENT
2020-06-03,24,0,0,0,0,24,0,86392,COMPLETE_SUFFICIENT
2020-06-04,24,0,0,0,0,24,0,86400,COMPLETE_SUFFICIENT
2020-06-05,24,0,0,0,0,24,0,86400,COMPLETE_SUFFICIENT
2020-06-06,24,0,0,0,0,24,0,86400,COMPLETE_SUFFICIENT
2020-06-07,24,0,0,0,0,24,0,86384,COMPLETE_SUFFICIENT
2020-06-08,24,0,0,0,0,24,0,86393,COMPLETE_SUFFICIENT
2020-06-09,20,0,0,0,4,20,0,68942,PARTIAL
2020-06-10,24,0,0,0,0,24,0,86368,COMPLETE_SUFFICIENT
2020-06-11,24,0,0,0,0,24,0,86400,COMPLETE_SUFFICIENT
2020-06-12,24,0,0,0,0,24,0,86400,COMPLETE_SUFFICIENT
2020-06-13,24,0,0,0,0,24,0,86401,COMPLETE_SUFFICIENT
2020-06-14,24,0,0,0,0,24,0,86392,COMPLETE_SUFFICIENT
2020-06-15,24,0,0,0,0,24,0,86400,COMPLETE_SUFFICIENT
2020-06-16,20,0,0,0,4,19,1,69701,PARTIAL
2020-06-17,24,0,0,0,0,24,0,86400,COMPLETE_SUFFICIENT
2020-06-18,24,0,0,0,0,24,0,86392,COMPLETE_SUFFICIENT
2020-06-19,24,0,0,0,0,24,0,86393,COMPLETE_SUFFICIENT
2020-06-20,24,0,0,0,0,24,0,86376,COMPLETE_SUFFICIENT
2020-06-21,24,0,0,0,0,24,0,86392,COMPLETE_SUFFICIENT
2020-06-22,24,0,0,0,0,24,0,86392,COMPLETE_SUFFICIENT
2020-06-23,20,0,0,0,4,20,0,69836,PARTIAL
2020-06-24,24,0,0,0,0,24,0,86384,COMPLETE_SUFFICIENT
2020-06-25,24,0,0,0,0,24,0,86393,COMPLETE_SUFFICIENT
2020-06-26,24,0,0,0,0,24,0,86400,COMPLETE_SUFFICIENT
2020-06-27,24,0,0,0,0,24,0,86400,COMPLETE_SUFFICIENT
2020-06-28,24,0,0,0,0,24,0,86392,COMPLETE_SUFFICIENT
2020-06-29,24,0,0,0,0,24,0,86400,COMPLETE_SUFFICIENT
2020-06-30,20,0,0,0,4,20,0,69146,PARTIAL
2020-07-01,24,0,0,0,0,24,0,86392,COMPLETE_SUFFICIENT
2020-07-02,24,0,0,0,0,24,0,86400,COMPLETE_SUFFICIENT
2020-07-03,24,0,0,0,0,24,0,86400,COMPLETE_SUFFICIENT
2020-07-04,24,0,0,0,0,24,0,86400,COMPLETE_SUFFICIENT
2020-07-05,24,0,0,0,0,24,0,86392,COMPLETE_SUFFICIENT
2020-07-06,24,0,0,0,0,24,0,86385,COMPLETE_SUFFICIENT
2020-07-07,19,1,0,0,4,18,2,65325,PARTIAL
2020-07-08,24,0,0,0,0,24,0,86400,COMPLETE_SUFFICIENT
2020-07-09,24,0,0,0,0,24,0,86392,COMPLETE_SUFFICIENT
2020-07-10,24,0,0,0,0,24,0,86392,COMPLETE_SUFFICIENT
2020-07-11,24,0,0,0,0,24,0,86401,COMPLETE_SUFFICIENT
2020-07-12,24,0,0,0,0,24,0,86400,COMPLETE_SUFFICIENT
2020-07-13,24,0,0,0,0,24,0,86360,COMPLETE_SUFFICIENT
2020-07-14,24,0,0,0,0,24,0,86400,COMPLETE_SUFFICIENT
2020-07-15,24,0,0,0,0,24,0,86392,COMPLETE_SUFFICIENT
2020-07-16,24,0,0,0,0,24,0,86392,COMPLETE_SUFFICIENT
2020-07-17,24,0,0,0,0,24,0,86393,COMPLETE_SUFFICIENT
2020-07-18,24,0,0,0,0,24,0,86400,COMPLETE_SUFFICIENT
2020-07-19,20,0,0,0,4,19,1,68917,PARTIAL
2020-07-20,24,0,0,0,0,24,0,86392,COMPLETE_SUFFICIENT
2020-07-21,24,0,0,0,0,24,0,86400,COMPLETE_SUFFICIENT
2020-07-22,24,0,0,0,0,24,0,86401,COMPLETE_SUFFICIENT
2020-07-23,24,0,0,0,0,24,0,86400,COMPLETE_SUFFICIENT
2020-07-24,20,1,0,0,3,19,2,68767,PARTIAL
2020-07-25,24,0,0,0,0,24,0,86392,COMPLETE_SUFFICIENT
2020-07-26,24,0,0,0,0,24,0,86400,COMPLETE_SUFFICIENT
2020-07-27,24,0,0,0,0,24,0,86400,COMPLETE_SUFFICIENT
2020-07-28,24,0,0,0,0,24,0,86401,COMPLETE_SUFFICIENT
2020-07-29,24,0,0,0,0,24,0,86384,COMPLETE_SUFFICIENT
2020-07-30,24,0,0,0,0,24,0,86400,COMPLETE_SUFFICIENT
2020-07-31,24,0,0,0,0,24,0,86400,COMPLETE_SUFFICIENT
2020-08-01,24,0,0,0,0,24,0,86400,COMPLETE_SUFFICIENT
2020-08-02,24,0,0,0,0,24,0,86376,COMPLETE_SUFFICIENT
2020-08-03,24,0,0,0,0,24,0,86361,COMPLETE_SUFFICIENT
2020-08-04,20,0,0,0,4,19,1,69762,PARTIAL
2020-08-05,24,0,0,0,0,24,0,86392,COMPLETE_SUFFICIENT
2020-08-06,24,0,0,0,0,24,0,86400,COMPLETE_SUFFICIENT
2020-08-07,24,0,0,0,0,24,0,86400,COMPLETE_SUFFICIENT
2020-08-08,24,0,0,0,0,24,0,86393,COMPLETE_SUFFICIENT
2020-08-09,24,0,0,0,0,24,0,86400,COMPLETE_SUFFICIENT
2020-08-10,24,0,0,0,0,24,0,86400,COMPLETE_SUFFICIENT
2020-08-11,24,0,0,0,0,24,0,86400,COMPLETE_SUFFICIENT
2020-08-12,24,0,0,0,0,24,0,86392,COMPLETE_SUFFICIENT
2020-08-13,24,0,0,0,0,24,0,86400,COMPLETE_SUFFICIENT
2020-08-14,24,0,0,0,0,24,0,86401,COMPLETE_SUFFICIENT
2020-08-15,24,0,0,0,0,24,0,86400,COMPLETE_SUFFICIENT
2020-08-16,24,0,0,0,0,24,0,86400,COMPLETE_SUFFICIENT
2020-08-17,24,0,0,0,0,24,0,86384,COMPLETE_SUFFICIENT
2020-08-18,20,0,0,0,4,19,1,67757,PARTIAL
2020-08-19,24,0,0,0,0,24,0,86400,COMPLETE_SUFFICIENT
2020-08-20,24,0,0,0,0,24,0,86401,COMPLETE_SUFFICIENT
2020-08-21,24,0,0,0,0,24,0,86400,COMPLETE_SUFFICIENT
2020-08-22,24,0,0,0,0,24,0,86384,COMPLETE_SUFFICIENT
2020-08-23,24,0,0,0,0,24,0,86400,COMPLETE_SUFFICIENT
2020-08-24,24,0,0,0,0,24,0,86376,COMPLETE_SUFFICIENT
2020-08-25,24,0,0,0,0,24,0,86385,COMPLETE_SUFFICIENT
2020-08-26,24,0,0,0,0,24,0,86400,COMPLETE_SUFFICIENT
2020-08-27,24,0,0,0,0,24,0,86376,COMPLETE_SUFFICIENT
2020-08-28,24,0,0,0,0,24,0,86392,COMPLETE_SUFFICIENT
2020-08-29,24,0,0,0,0,24,0,86392,COMPLETE_SUFFICIENT
2020-08-30,24,0,0,0,0,24,0,86368,COMPLETE_SUFFICIENT
2020-08-31,24,0,0,0,0,24,0,86377,COMPLETE_SUFFICIENT
2020-09-01,19,1,0,0,4,19,1,67484,PARTIAL
2020-09-02,24,0,0,0,0,24,0,86392,COMPLETE_SUFFICIENT
2020-09-03,24,0,0,0,0,24,0,86400,COMPLETE_SUFFICIENT
2020-09-04,24,0,0,0,0,24,0,86400,COMPLETE_SUFFICIENT
2020-09-05,24,0,0,0,0,24,0,86392,COMPLETE_SUFFICIENT
2020-09-06,24,0,0,0,0,24,0,86401,COMPLETE_SUFFICIENT
2020-09-07,24,0,0,0,0,24,0,86400,COMPLETE_SUFFICIENT
2020-09-08,24,0,0,0,0,24,0,86392,COMPLETE_SUFFICIENT
2020-09-09,24,0,0,0,0,24,0,86400,COMPLETE_SUFFICIENT
2020-09-10,24,0,0,0,0,24,0,86368,COMPLETE_SUFFICIENT
2020-09-11,24,0,0,0,0,24,0,86401,COMPLETE_SUFFICIENT
2020-09-12,24,0,0,0,0,24,0,86400,COMPLETE_SUFFICIENT
2020-09-13,24,0,0,0,0,24,0,86392,COMPLETE_SUFFICIENT
2020-09-14,24,0,0,0,0,24,0,86400,COMPLETE_SUFFICIENT
2020-09-15,17,1,0,0,6,17,1,59553,PARTIAL
2020-09-16,24,0,0,0,0,24,0,86400,COMPLETE_SUFFICIENT
2020-09-17,24,0,0,0,0,24,0,86401,COMPLETE_SUFFICIENT
2020-09-18,24,0,0,0,0,24,0,86400,COMPLETE_SUFFICIENT
2020-09-19,24,0,0,0,0,24,0,86400,COMPLETE_SUFFICIENT
2020-09-20,24,0,0,0,0,24,0,86400,COMPLETE_SUFFICIENT
2020-09-21,24,0,0,0,0,24,0,86400,COMPLETE_SUFFICIENT
2020-09-22,24,0,0,0,0,24,0,86376,COMPLETE_SUFFICIENT
2020-09-23,24,0,0,0,0,24,0,86369,COMPLETE_SUFFICIENT
2020-09-24,24,0,0,0,0,24,0,86384,COMPLETE_SUFFICIENT
2020-09-25,24,0,0,0,0,24,0,86400,COMPLETE_SUFFICIENT
2020-09-26,24,0,0,0,0,24,0,86360,COMPLETE_SUFFICIENT
2020-09-27,24,0,0,0,0,24,0,86400,COMPLETE_SUFFICIENT
2020-09-28,24,0,0,0,0,24,0,86216,COMPLETE_SUFFICIENT
2020-09-29,24,0,0,0,0,24,0,86217,COMPLETE_SUFFICIENT
2020-09-30,24,0,0,0,0,24,0,86376,COMPLETE_SUFFICIENT
2020-10-01,24,0,0,0,0,24,0,86392,COMPLETE_SUFFICIENT
2020-10-02,24,0,0,0,0,24,0,86210,COMPLETE_SUFFICIENT
2020-10-03,24,0,0,0,0,24,0,86400,COMPLETE_SUFFICIENT
2020-10-04,24,0,0,0,0,24,0,86401,COMPLETE_SUFFICIENT
2020-10-05,24,0,0,0,0,24,0,86400,COMPLETE_SUFFICIENT
2020-10-06,19,0,5,0,0,24,0,68467,COMPLETE_SUFFICIENT
2020-10-07,24,0,0,0,0,24,0,86400,COMPLETE_SUFFICIENT
2020-10-08,24,0,0,0,0,24,0,86400,COMPLETE_SUFFICIENT
2020-10-09,24,0,0,0,0,24,0,86392,COMPLETE_SUFFICIENT
2020-10-10,24,0,0,0,0,24,0,86401,COMPLETE_SUFFICIENT
2020-10-11,24,0,0,0,0,24,0,86400,COMPLETE_SUFFICIENT
2020-10-12,24,0,0,0,0,24,0,86400,COMPLETE_SUFFICIENT
2020-10-13,24,0,0,0,0,24,0,86240,COMPLETE_SUFFICIENT
2020-10-14,24,0,0,0,0,24,0,86400,COMPLETE_SUFFICIENT
2020-10-15,24,0,0,0,0,24,0,86400,COMPLETE_SUFFICIENT
2020-10-16,24,0,0,0,0,24,0,86377,COMPLETE_SUFFICIENT
2020-10-17,24,0,0,0,0,24,0,86400,COMPLETE_SUFFICIENT
2020-10-18,24,0,0,0,0,24,0,86400,COMPLETE_SUFFICIENT
2020-10-19,24,0,0,0,0,24,0,86368,COMPLETE_SUFFICIENT
2020-10-20,19,0,5,0,0,24,0,67812,COMPLETE_SUFFICIENT
2020-10-21,24,0,0,0,0,24,0,86400,COMPLETE_SUFFICIENT
2020-10-22,24,0,0,0,0,24,0,86377,COMPLETE_SUFFICIENT
2020-10-23,24,0,0,0,0,24,0,86392,COMPLETE_SUFFICIENT
2020-10-24,24,0,0,0,0,24,0,86392,COMPLETE_SUFFICIENT
2020-10-25,24,0,0,0,0,24,0,86392,COMPLETE_SUFFICIENT
2020-10-26,24,0,0,0,0,24,0,86376,COMPLETE_SUFFICIENT
2020-10-27,24,0,0,0,0,24,0,86289,COMPLETE_SUFFICIENT
2020-10-28,24,0,0,0,0,24,0,86400,COMPLETE_SUFFICIENT
2020-10-29,24,0,0,0,0,24,0,86400,COMPLETE_SUFFICIENT
2020-10-30,24,0,0,0,0,24,0,86400,COMPLETE_SUFFICIENT
2020-10-31,24,0,0,0,0,24,0,86400,COMPLETE_SUFFICIENT
2020-11-01,24,0,0,0,0,24,0,86392,COMPLETE_SUFFICIENT
2020-11-02,19,0,5,0,0,24,0,67571,COMPLETE_SUFFICIENT
2020-11-03,24,0,0,0,0,24,0,86400,COMPLETE_SUFFICIENT
2020-11-04,24,0,0,0,0,24,0,86400,COMPLETE_SUFFICIENT
2020-11-05,24,0,0,0,0,24,0,86400,COMPLETE_SUFFICIENT
2020-11-06,24,0,0,0,0,24,0,86400,COMPLETE_SUFFICIENT
2020-11-07,24,0,0,0,0,24,0,86400,COMPLETE_SUFFICIENT
2020-11-08,24,0,0,0,0,24,0,86385,COMPLETE_SUFFICIENT
2020-11-09,24,0,0,0,0,24,0,86400,COMPLETE_SUFFICIENT
2020-11-10,24,0,0,0,0,24,0,86400,COMPLETE_SUFFICIENT
2020-11-11,24,0,0,0,0,24,0,86400,COMPLETE_SUFFICIENT
2020-11-12,24,0,0,0,0,24,0,86400,COMPLETE_SUFFICIENT
2020-11-13,24,0,0,0,0,24,0,86392,COMPLETE_SUFFICIENT
2020-11-14,24,0,0,0,0,24,0,86393,COMPLETE_SUFFICIENT
2020-11-15,24,0,0,0,0,24,0,86400,COMPLETE_SUFFICIENT
2020-11-16,19,0,5,0,0,24,0,67442,COMPLETE_SUFFICIENT
2020-11-17,24,0,0,0,0,24,0,86392,COMPLETE_SUFFICIENT
2020-11-18,24,0,0,0,0,24,0,86400,COMPLETE_SUFFICIENT
2020-11-19,24,0,0,0,0,24,0,86385,COMPLETE_SUFFICIENT
2020-11-20,24,0,0,0,0,24,0,86384,COMPLETE_SUFFICIENT
2020-11-21,24,0,0,0,0,24,0,86392,COMPLETE_SUFFICIENT
2020-11-22,24,0,0,0,0,24,0,86384,COMPLETE_SUFFICIENT
2020-11-23,24,0,0,0,0,24,0,86384,COMPLETE_SUFFICIENT
2020-11-24,24,0,0,0,0,24,0,86400,COMPLETE_SUFFICIENT
2020-11-25,24,0,0,0,0,24,0,86377,COMPLETE_SUFFICIENT
2020-11-26,24,0,0,0,0,24,0,86392,COMPLETE_SUFFICIENT
2020-11-27,24,0,0,0,0,24,0,86392,COMPLETE_SUFFICIENT
2020-11-28,24,0,0,0,0,24,0,86384,COMPLETE_SUFFICIENT
2020-11-29,24,0,0,0,0,24,0,86400,COMPLETE_SUFFICIENT
2020-11-30,24,0,0,0,0,24,0,86384,COMPLETE_SUFFICIENT
2020-12-01,19,1,0,0,4,18,2,66529,PARTIAL
2020-12-02,24,0,0,0,0,24,0,86400,COMPLETE_SUFFICIENT
2020-12-03,24,0,0,0,0,24,0,86400,COMPLETE_SUFFICIENT
2020-12-04,24,0,0,0,0,24,0,86400,COMPLETE_SUFFICIENT
2020-12-05,24,0,0,0,0,24,0,86400,COMPLETE_SUFFICIENT
2020-12-06,24,0,0,0,0,24,0,86400,COMPLETE_SUFFICIENT
2020-12-07,24,0,0,0,0,24,0,86401,COMPLETE_SUFFICIENT
2020-12-08,24,0,0,0,0,24,0,86400,COMPLETE_SUFFICIENT
2020-12-09,24,0,0,0,0,24,0,86384,COMPLETE_SUFFICIENT
2020-12-10,17,1,0,0,6,17,1,59909,PARTIAL
2020-12-11,24,0,0,0,0,24,0,86400,COMPLETE_SUFFICIENT
2020-12-12,24,0,0,0,0,24,0,86400,COMPLETE_SUFFICIENT
2020-12-13,24,0,0,0,0,24,0,86393,COMPLETE_SUFFICIENT
2020-12-14,24,0,0,0,0,24,0,86400,COMPLETE_SUFFICIENT
2020-12-15,24,0,0,0,0,24,0,86400,COMPLETE_SUFFICIENT
2020-12-16,24,0,0,0,0,24,0,86400,COMPLETE_SUFFICIENT
2020-12-17,20,1,0,0,3,20,1,72019,PARTIAL
2020-12-18,23,1,0,0,0,24,0,83026,COMPLETE_SUFFICIENT
2020-12-19,24,0,0,0,0,24,0,86400,COMPLETE_SUFFICIENT
2020-12-20,24,0,0,0,0,24,0,86400,COMPLETE_SUFFICIENT
2020-12-21,24,0,0,0,0,24,0,86400,COMPLETE_SUFFICIENT
2020-12-22,24,0,0,0,0,24,0,86356,COMPLETE_SUFFICIENT
2020-12-23,24,0,0,0,0,24,0,86392,COMPLETE_SUFFICIENT
2020-12-24,24,0,0,0,0,24,0,86393,COMPLETE_SUFFICIENT
2020-12-25,24,0,0,0,0,24,0,86400,COMPLETE_SUFFICIENT
2020-12-26,24,0,0,0,0,24,0,86400,COMPLETE_SUFFICIENT
2020-12-27,24,0,0,0,0,24,0,86400,COMPLETE_SUFFICIENT
2020-12-28,24,0,0,0,0,24,0,86392,COMPLETE_SUFFICIENT
2020-12-29,19,1,0,0,4,19,1,67932,PARTIAL
2020-12-30,24,0,0,0,0,24,0,86401,COMPLETE_SUFFICIENT
2020-12-31,24,0,0,0,0,24,0,86400,COMPLETE_SUFFICIENT
2021-01-01,24,0,0,0,0,24,0,86384,COMPLETE_SUFFICIENT
2021-01-02,24,0,0,0,0,24,0,86400,COMPLETE_SUFFICIENT
2021-01-03,24,0,0,0,0,24,0,86400,COMPLETE_SUFFICIENT
2021-01-04,24,0,0,0,0,24,0,86400,COMPLETE_SUFFICIENT
2021-01-05,20,0,0,0,4,19,1,68674,PARTIAL
2021-01-06,24,0,0,0,0,24,0,86384,COMPLETE_SUFFICIENT
2021-01-07,24,0,0,0,0,24,0,86392,COMPLETE_SUFFICIENT
2021-01-08,24,0,0,0,0,24,0,86400,COMPLETE_SUFFICIENT
2021-01-09,24,0,0,0,0,24,0,86400,COMPLETE_SUFFICIENT
2021-01-10,24,0,0,0,0,24,0,86400,COMPLETE_SUFFICIENT
2021-01-11,24,0,0,0,0,24,0,86385,COMPLETE_SUFFICIENT
2021-01-12,24,0,0,0,0,24,0,86392,COMPLETE_SUFFICIENT
2021-01-13,19,1,0,0,4,19,1,68361,PARTIAL
2021-01-14,24,0,0,0,0,24,0,86400,COMPLETE_SUFFICIENT
2021-01-15,24,0,0,0,0,24,0,86400,COMPLETE_SUFFICIENT
2021-01-16,24,0,0,0,0,24,0,86401,COMPLETE_SUFFICIENT
2021-01-17,24,0,0,0,0,24,0,86400,COMPLETE_SUFFICIENT
2021-01-18,24,0,0,0,0,24,0,86392,COMPLETE_SUFFICIENT
2021-01-19,24,0,0,0,0,24,0,86392,COMPLETE_SUFFICIENT
2021-01-20,24,0,0,0,0,24,0,86392,COMPLETE_SUFFICIENT
2021-01-21,24,0,0,0,0,24,0,86400,COMPLETE_SUFFICIENT
2021-01-22,24,0,0,0,0,24,0,86401,COMPLETE_SUFFICIENT
2021-01-23,24,0,0,0,0,24,0,86400,COMPLETE_SUFFICIENT
2021-01-24,24,0,0,0,0,24,0,86392,COMPLETE_SUFFICIENT
2021-01-25,19,0,0,0,5,18,1,65645,PARTIAL
2021-01-26,24,0,0,0,0,24,0,86384,COMPLETE_SUFFICIENT
2021-01-27,24,0,0,0,0,24,0,86376,COMPLETE_SUFFICIENT
2021-01-28,24,0,0,0,0,24,0,86401,COMPLETE_SUFFICIENT
2021-01-29,24,0,0,0,0,24,0,86400,COMPLETE_SUFFICIENT
2021-01-30,24,0,0,0,0,24,0,86400,COMPLETE_SUFFICIENT
2021-01-31,24,0,0,0,0,24,0,86400,COMPLETE_SUFFICIENT
2021-02-01,24,0,0,0,0,24,0,86400,COMPLETE_SUFFICIENT
2021-02-02,19,2,0,0,3,19,2,68471,PARTIAL
2021-02-03,24,0,0,0,0,24,0,86400,COMPLETE_SUFFICIENT
2021-02-04,24,0,0,0,0,24,0,86392,COMPLETE_SUFFICIENT
2021-02-05,24,0,0,0,0,24,0,86400,COMPLETE_SUFFICIENT
2021-02-06,24,0,0,0,0,24,0,86384,COMPLETE_SUFFICIENT
2021-02-07,24,0,0,0,0,24,0,86392,COMPLETE_SUFFICIENT
2021-02-08,24,0,0,0,0,24,0,86401,COMPLETE_SUFFICIENT
2021-02-09,19,1,0,0,4,19,1,68435,PARTIAL
2021-02-10,24,0,0,0,0,23,1,83426,COMPLETE_WITH_BEST_AVAILABLE
2021-02-11,24,0,0,0,0,24,0,86400,COMPLETE_SUFFICIENT
2021-02-12,24,0,0,0,0,24,0,86392,COMPLETE_SUFFICIENT
2021-02-13,24,0,0,0,0,24,0,86376,COMPLETE_SUFFICIENT
2021-02-14,24,0,0,0,0,24,0,86401,COMPLETE_SUFFICIENT
2021-02-15,24,0,0,0,0,24,0,86400,COMPLETE_SUFFICIENT
2021-02-16,24,0,0,0,0,24,0,86400,COMPLETE_SUFFICIENT
2021-02-17,24,0,0,0,0,24,0,86392,COMPLETE_SUFFICIENT
2021-02-18,24,0,0,0,0,24,0,86400,COMPLETE_SUFFICIENT
2021-02-19,24,0,0,0,0,24,0,86400,COMPLETE_SUFFICIENT
2021-02-20,24,0,0,0,0,24,0,86385,COMPLETE_SUFFICIENT
2021-02-21,24,0,0,0,0,24,0,86392,COMPLETE_SUFFICIENT
2021-02-22,24,0,0,0,0,24,0,86400,COMPLETE_SUFFICIENT
2021-02-23,19,0,0,0,5,19,0,65351,PARTIAL
2021-02-24,24,0,0,0,0,24,0,86400,COMPLETE_SUFFICIENT
2021-02-25,24,0,0,0,0,24,0,86377,COMPLETE_SUFFICIENT
2021-02-26,24,0,0,0,0,24,0,86400,COMPLETE_SUFFICIENT
2021-02-27,24,0,0,0,0,24,0,86400,COMPLETE_SUFFICIENT
2021-02-28,24,0,0,0,0,24,0,86400,COMPLETE_SUFFICIENT
2021-03-01,24,0,0,0,0,24,0,86392,COMPLETE_SUFFICIENT
2021-03-02,24,0,0,0,0,24,0,86376,COMPLETE_SUFFICIENT
2021-03-03,24,0,0,0,0,24,0,86401,COMPLETE_SUFFICIENT
2021-03-04,24,0,0,0,0,24,0,86392,COMPLETE_SUFFICIENT
2021-03-05,24,0,0,0,0,24,0,86392,COMPLETE_SUFFICIENT
2021-03-06,24,0,0,0,0,24,0,86336,COMPLETE_SUFFICIENT
2021-03-07,24,0,0,0,0,24,0,86392,COMPLETE_SUFFICIENT
2021-03-08,24,0,0,0,0,24,0,86384,COMPLETE_SUFFICIENT
2021-03-09,19,1,0,0,4,19,1,67363,PARTIAL
2021-03-10,24,0,0,0,0,24,0,86392,COMPLETE_SUFFICIENT
2021-03-11,24,0,0,0,0,24,0,86400,COMPLETE_SUFFICIENT
2021-03-12,24,0,0,0,0,24,0,86400,COMPLETE_SUFFICIENT
2021-03-13,24,0,0,0,0,24,0,86384,COMPLETE_SUFFICIENT
2021-03-14,24,0,0,0,0,24,0,86392,COMPLETE_SUFFICIENT
2021-03-15,24,0,0,0,0,24,0,86401,COMPLETE_SUFFICIENT
2021-03-16,24,0,0,0,0,24,0,86400,COMPLETE_SUFFICIENT
2021-03-17,24,0,0,0,0,24,0,86392,COMPLETE_SUFFICIENT
2021-03-18,24,0,0,0,0,24,0,86400,COMPLETE_SUFFICIENT
2021-03-19,24,0,0,0,0,24,0,86400,COMPLETE_SUFFICIENT
2021-03-20,24,0,0,0,0,24,0,86393,COMPLETE_SUFFICIENT
2021-03-21,24,0,0,0,0,24,0,86384,COMPLETE_SUFFICIENT
2021-03-22,19,1,0,0,4,19,1,67910,PARTIAL
2021-03-23,24,0,0,0,0,24,0,86400,COMPLETE_SUFFICIENT
2021-03-24,24,0,0,0,0,24,0,86400,COMPLETE_SUFFICIENT
2021-03-25,24,0,0,0,0,24,0,86376,COMPLETE_SUFFICIENT
2021-03-26,24,0,0,0,0,24,0,86393,COMPLETE_SUFFICIENT
2021-03-27,24,0,0,0,0,24,0,86400,COMPLETE_SUFFICIENT
2021-03-28,24,0,0,0,0,24,0,86392,COMPLETE_SUFFICIENT
2021-03-29,24,0,0,0,0,24,0,86400,COMPLETE_SUFFICIENT
2021-03-30,24,0,0,0,0,24,0,86400,COMPLETE_SUFFICIENT
2021-03-31,24,0,0,0,0,24,0,86392,COMPLETE_SUFFICIENT
2021-04-01,24,0,0,0,0,24,0,86385,COMPLETE_SUFFICIENT
2021-04-02,24,0,0,0,0,24,0,86400,COMPLETE_SUFFICIENT
2021-04-03,24,0,0,0,0,24,0,86400,COMPLETE_SUFFICIENT
2021-04-04,24,0,0,0,0,24,0,86400,COMPLETE_SUFFICIENT
2021-04-05,24,0,0,0,0,24,0,86400,COMPLETE_SUFFICIENT
2021-04-06,24,0,0,0,0,24,0,86401,COMPLETE_SUFFICIENT
2021-04-07,24,0,0,0,0,24,0,86400,COMPLETE_SUFFICIENT
2021-04-08,24,0,0,0,0,24,0,86400,COMPLETE_SUFFICIENT
2021-04-09,24,0,0,0,0,24,0,86400,COMPLETE_SUFFICIENT
2021-04-10,24,0,0,0,0,24,0,86400,COMPLETE_SUFFICIENT
2021-04-11,24,0,0,0,0,24,0,86392,COMPLETE_SUFFICIENT
2021-04-12,24,0,0,0,0,24,0,86401,COMPLETE_SUFFICIENT
2021-04-13,19,1,0,0,4,19,1,68184,PARTIAL
2021-04-14,24,0,0,0,0,24,0,86384,COMPLETE_SUFFICIENT
2021-04-15,24,0,0,0,0,24,0,86392,COMPLETE_SUFFICIENT
2021-04-16,24,0,0,0,0,24,0,86392,COMPLETE_SUFFICIENT
2021-04-17,24,0,0,0,0,24,0,86385,COMPLETE_SUFFICIENT
2021-04-18,24,0,0,0,0,24,0,86368,COMPLETE_SUFFICIENT
2021-04-19,24,0,0,0,0,24,0,86400,COMPLETE_SUFFICIENT
2021-04-20,24,0,0,0,0,24,0,86392,COMPLETE_SUFFICIENT
2021-04-21,24,0,0,0,0,24,0,86400,COMPLETE_SUFFICIENT
2021-04-22,24,0,0,0,0,24,0,86392,COMPLETE_SUFFICIENT
2021-04-23,24,0,0,0,0,24,0,86393,COMPLETE_SUFFICIENT
2021-04-24,24,0,0,0,0,24,0,86400,COMPLETE_SUFFICIENT
2021-04-25,24,0,0,0,0,24,0,86400,COMPLETE_SUFFICIENT
2021-04-26,24,0,0,0,0,24,0,86400,COMPLETE_SUFFICIENT
2021-04-27,20,0,0,0,4,19,1,68467,PARTIAL
2021-04-28,24,0,0,0,0,24,0,86400,COMPLETE_SUFFICIENT
2021-04-29,24,0,0,0,0,24,0,86401,COMPLETE_SUFFICIENT
2021-04-30,24,0,0,0,0,24,0,86400,COMPLETE_SUFFICIENT
2021-05-01,24,0,0,0,0,24,0,86392,COMPLETE_SUFFICIENT
2021-05-02,24,0,0,0,0,24,0,86400,COMPLETE_SUFFICIENT
2021-05-03,24,0,0,0,0,24,0,86400,COMPLETE_SUFFICIENT
2021-05-04,24,0,0,0,0,24,0,86393,COMPLETE_SUFFICIENT
2021-05-05,24,0,0,0,0,24,0,86400,COMPLETE_SUFFICIENT
2021-05-06,24,0,0,0,0,24,0,86400,COMPLETE_SUFFICIENT
2021-05-07,24,0,0,0,0,24,0,86392,COMPLETE_SUFFICIENT
2021-05-08,24,0,0,0,0,24,0,86400,COMPLETE_SUFFICIENT
2021-05-09,24,0,0,0,0,24,0,86400,COMPLETE_SUFFICIENT
2021-05-10,20,0,0,0,4,20,0,69015,PARTIAL
2021-05-11,24,0,0,0,0,24,0,86400,COMPLETE_SUFFICIENT
2021-05-12,24,0,0,0,0,24,0,85560,COMPLETE_SUFFICIENT
2021-05-13,24,0,0,0,0,24,0,86400,COMPLETE_SUFFICIENT
2021-05-14,24,0,0,0,0,24,0,86400,COMPLETE_SUFFICIENT
2021-05-15,24,0,0,0,0,24,0,86393,COMPLETE_SUFFICIENT
2021-05-16,24,0,0,0,0,24,0,86400,COMPLETE_SUFFICIENT
2021-05-17,24,0,0,0,0,24,0,86392,COMPLETE_SUFFICIENT
2021-05-18,24,0,0,0,0,24,0,86400,COMPLETE_SUFFICIENT
2021-05-19,24,0,0,0,0,24,0,86400,COMPLETE_SUFFICIENT
2021-05-20,24,0,0,0,0,24,0,86352,COMPLETE_SUFFICIENT
2021-05-21,24,0,0,0,0,24,0,86369,COMPLETE_SUFFICIENT
2021-05-22,24,0,0,0,0,24,0,86392,COMPLETE_SUFFICIENT
2021-05-23,24,0,0,0,0,24,0,86400,COMPLETE_SUFFICIENT
2021-05-24,24,0,0,0,0,24,0,86400,COMPLETE_SUFFICIENT
2021-05-25,18,1,0,0,5,18,1,64222,PARTIAL
2021-05-26,24,0,0,0,0,24,0,86376,COMPLETE_SUFFICIENT
2021-05-27,24,0,0,0,0,24,0,86401,COMPLETE_SUFFICIENT
2021-05-28,24,0,0,0,0,24,0,86400,COMPLETE_SUFFICIENT
2021-05-29,24,0,0,0,0,24,0,86368,COMPLETE_SUFFICIENT
2021-05-30,24,0,0,0,0,24,0,86400,COMPLETE_SUFFICIENT
2021-05-31,24,0,0,0,0,24,0,86392,COMPLETE_SUFFICIENT
2021-06-01,24,0,0,0,0,24,0,86401,COMPLETE_SUFFICIENT
2021-06-02,24,0,0,0,0,24,0,86384,COMPLETE_SUFFICIENT
2021-06-03,24,0,0,0,0,24,0,86376,COMPLETE_SUFFICIENT
2021-06-04,24,0,0,0,0,24,0,86384,COMPLETE_SUFFICIENT
2021-06-05,24,0,0,0,0,24,0,86376,COMPLETE_SUFFICIENT
2021-06-06,24,0,0,0,0,24,0,86400,COMPLETE_SUFFICIENT
2021-06-07,24,0,0,0,0,24,0,86401,COMPLETE_SUFFICIENT
2021-06-08,19,1,0,0,4,18,2,65459,PARTIAL
2021-06-09,24,0,0,0,0,24,0,86400,COMPLETE_SUFFICIENT
2021-06-10,24,0,0,0,0,24,0,86400,COMPLETE_SUFFICIENT
2021-06-11,24,0,0,0,0,24,0,86400,COMPLETE_SUFFICIENT
2021-06-12,24,0,0,0,0,24,0,86400,COMPLETE_SUFFICIENT
2021-06-13,24,0,0,0,0,24,0,86393,COMPLETE_SUFFICIENT
2021-06-14,24,0,0,0,0,24,0,86400,COMPLETE_SUFFICIENT
2021-06-15,20,1,0,0,3,19,2,68416,PARTIAL
2021-06-16,24,0,0,0,0,24,0,86352,COMPLETE_SUFFICIENT
2021-06-17,24,0,0,0,0,24,0,86400,COMPLETE_SUFFICIENT
2021-06-18,24,0,0,0,0,24,0,86401,COMPLETE_SUFFICIENT
2021-06-19,24,0,0,0,0,24,0,86376,COMPLETE_SUFFICIENT
2021-06-20,24,0,0,0,0,24,0,86384,COMPLETE_SUFFICIENT
2021-06-21,24,0,0,0,0,24,0,86400,COMPLETE_SUFFICIENT
2021-06-22,20,0,0,0,4,19,1,68587,PARTIAL
2021-06-23,24,0,0,0,0,24,0,86400,COMPLETE_SUFFICIENT
2021-06-24,24,0,0,0,0,24,0,86401,COMPLETE_SUFFICIENT
2021-06-25,24,0,0,0,0,24,0,86400,COMPLETE_SUFFICIENT
2021-06-26,24,0,0,0,0,24,0,86400,COMPLETE_SUFFICIENT
2021-06-27,24,0,0,0,0,24,0,86400,COMPLETE_SUFFICIENT
2021-06-28,24,0,0,0,0,24,0,86400,COMPLETE_SUFFICIENT
2021-06-29,24,0,0,0,0,24,0,86401,COMPLETE_SUFFICIENT
2021-06-30,24,0,0,0,0,24,0,86392,COMPLETE_SUFFICIENT
2021-07-01,24,0,0,0,0,24,0,86384,COMPLETE_SUFFICIENT
2021-07-02,24,0,0,0,0,24,0,86384,COMPLETE_SUFFICIENT
2021-07-03,24,0,0,0,0,24,0,86400,COMPLETE_SUFFICIENT
2021-07-04,24,0,0,0,0,24,0,86400,COMPLETE_SUFFICIENT
2021-07-05,24,0,0,0,0,24,0,86401,COMPLETE_SUFFICIENT
2021-07-06,19,1,0,0,4,19,1,66662,PARTIAL
2021-07-07,24,0,0,0,0,24,0,86400,COMPLETE_SUFFICIENT
2021-07-08,24,0,0,0,0,24,0,86400,COMPLETE_SUFFICIENT
2021-07-09,24,0,0,0,0,24,0,86400,COMPLETE_SUFFICIENT
2021-07-10,24,0,0,0,0,24,0,86400,COMPLETE_SUFFICIENT
2021-07-11,24,0,0,0,0,24,0,86401,COMPLETE_SUFFICIENT
2021-07-12,24,0,0,0,0,24,0,86400,COMPLETE_SUFFICIENT
2021-07-13,19,1,0,0,4,19,1,67176,PARTIAL
2021-07-14,24,0,0,0,0,24,0,86384,COMPLETE_SUFFICIENT
2021-07-15,24,0,0,0,0,24,0,86400,COMPLETE_SUFFICIENT
2021-07-16,24,0,0,0,0,24,0,86401,COMPLETE_SUFFICIENT
2021-07-17,24,0,0,0,0,24,0,86376,COMPLETE_SUFFICIENT
2021-07-18,24,0,0,0,0,24,0,86384,COMPLETE_SUFFICIENT
2021-07-19,24,0,0,0,0,24,0,86384,COMPLETE_SUFFICIENT
2021-07-20,19,0,0,0,5,19,0,67368,PARTIAL
2021-07-21,24,0,0,0,0,24,0,86368,COMPLETE_SUFFICIENT
2021-07-22,24,0,0,0,0,24,0,86393,COMPLETE_SUFFICIENT
2021-07-23,24,0,0,0,0,24,0,86384,COMPLETE_SUFFICIENT
2021-07-24,24,0,0,0,0,24,0,86400,COMPLETE_SUFFICIENT
2021-07-25,24,0,0,0,0,24,0,86400,COMPLETE_SUFFICIENT
2021-07-26,24,0,0,0,0,24,0,86400,COMPLETE_SUFFICIENT
2021-07-27,24,0,0,0,0,24,0,86401,COMPLETE_SUFFICIENT
2021-07-28,24,0,0,0,0,24,0,86376,COMPLETE_SUFFICIENT
2021-07-29,24,0,0,0,0,24,0,86400,COMPLETE_SUFFICIENT
2021-07-30,24,0,0,0,0,24,0,86384,COMPLETE_SUFFICIENT
2021-07-31,24,0,0,0,0,24,0,86400,COMPLETE_SUFFICIENT
2021-08-01,24,0,0,0,0,24,0,86400,COMPLETE_SUFFICIENT
2021-08-02,24,0,0,0,0,24,0,86377,COMPLETE_SUFFICIENT
2021-08-03,19,1,0,0,4,19,1,67325,PARTIAL
2021-08-04,24,0,0,0,0,24,0,86400,COMPLETE_SUFFICIENT
2021-08-05,24,0,0,0,0,24,0,86400,COMPLETE_SUFFICIENT
2021-08-06,24,0,0,0,0,24,0,86392,COMPLETE_SUFFICIENT
2021-08-07,24,0,0,0,0,24,0,86248,COMPLETE_SUFFICIENT
2021-08-08,24,0,0,0,0,24,0,86401,COMPLETE_SUFFICIENT
2021-08-09,24,0,0,0,0,24,0,86400,COMPLETE_SUFFICIENT
2021-08-10,24,0,0,0,0,24,0,86240,COMPLETE_SUFFICIENT
2021-08-11,24,0,0,0,0,24,0,86400,COMPLETE_SUFFICIENT
2021-08-12,24,0,0,0,0,24,0,86384,COMPLETE_SUFFICIENT
2021-08-13,24,0,0,0,0,24,0,86401,COMPLETE_SUFFICIENT
2021-08-14,24,0,0,0,0,24,0,86400,COMPLETE_SUFFICIENT
2021-08-15,24,0,0,0,0,24,0,86384,COMPLETE_SUFFICIENT
2021-08-16,18,1,0,0,5,18,1,64558,PARTIAL
2021-08-17,24,0,0,0,0,24,0,86392,COMPLETE_SUFFICIENT
2021-08-18,24,0,0,0,0,24,0,86400,COMPLETE_SUFFICIENT
2021-08-19,24,0,0,0,0,24,0,86401,COMPLETE_SUFFICIENT
2021-08-20,24,0,0,0,0,24,0,86400,COMPLETE_SUFFICIENT
2021-08-21,24,0,0,0,0,24,0,86392,COMPLETE_SUFFICIENT
2021-08-22,24,0,0,0,0,24,0,86400,COMPLETE_SUFFICIENT
2021-08-23,24,0,0,0,0,24,0,86400,COMPLETE_SUFFICIENT
2021-08-24,24,0,0,0,0,24,0,86392,COMPLETE_SUFFICIENT
2021-08-25,24,0,0,0,0,24,0,86401,COMPLETE_SUFFICIENT
2021-08-26,24,0,0,0,0,24,0,86368,COMPLETE_SUFFICIENT
2021-08-27,24,0,0,0,0,24,0,86400,COMPLETE_SUFFICIENT
2021-08-28,24,0,0,0,0,24,0,86400,COMPLETE_SUFFICIENT
2021-08-29,24,0,0,0,0,24,0,86384,COMPLETE_SUFFICIENT
2021-08-30,22,0,0,0,2,22,0,79152,PARTIAL
2021-08-31,21,3,0,0,0,24,0,76275,COMPLETE_SUFFICIENT
2021-09-01,24,0,0,0,0,24,0,86400,COMPLETE_SUFFICIENT
2021-09-02,24,0,0,0,0,24,0,86392,COMPLETE_SUFFICIENT
2021-09-03,24,0,0,0,0,24,0,86392,COMPLETE_SUFFICIENT
2021-09-04,24,0,0,0,0,24,0,86368,COMPLETE_SUFFICIENT
2021-09-05,24,0,0,0,0,24,0,86401,COMPLETE_SUFFICIENT
2021-09-06,24,0,0,0,0,24,0,86400,COMPLETE_SUFFICIENT
2021-09-07,24,0,0,0,0,24,0,86232,COMPLETE_SUFFICIENT
2021-09-08,24,0,0,0,0,24,0,86384,COMPLETE_SUFFICIENT
2021-09-09,24,0,0,0,0,24,0,86400,COMPLETE_SUFFICIENT
2021-09-10,24,0,0,0,0,24,0,86392,COMPLETE_SUFFICIENT
2021-09-11,24,0,0,0,0,24,0,86401,COMPLETE_SUFFICIENT
2021-09-12,24,0,0,0,0,24,0,86400,COMPLETE_SUFFICIENT
2021-09-13,24,0,0,0,0,24,0,86392,COMPLETE_SUFFICIENT
2021-09-14,24,0,0,0,0,24,0,86400,COMPLETE_SUFFICIENT
2021-09-15,24,0,0,0,0,24,0,86376,COMPLETE_SUFFICIENT
2021-09-16,24,0,0,0,0,24,0,86401,COMPLETE_SUFFICIENT
2021-09-17,24,0,0,0,0,24,0,86400,COMPLETE_SUFFICIENT
2021-09-18,24,0,0,0,0,24,0,86376,COMPLETE_SUFFICIENT
2021-09-19,24,0,0,0,0,24,0,86400,COMPLETE_SUFFICIENT
2021-09-20,24,0,0,0,0,24,0,86392,COMPLETE_SUFFICIENT
2021-09-21,19,1,0,0,4,19,1,66870,PARTIAL
2021-09-22,24,0,0,0,0,24,0,86233,COMPLETE_SUFFICIENT
2021-09-23,24,0,0,0,0,24,0,86376,COMPLETE_SUFFICIENT
2021-09-24,24,0,0,0,0,24,0,86400,COMPLETE_SUFFICIENT
2021-09-25,24,0,0,0,0,24,0,86392,COMPLETE_SUFFICIENT
2021-09-26,24,0,0,0,0,24,0,86400,COMPLETE_SUFFICIENT
2021-09-27,24,0,0,0,0,24,0,86401,COMPLETE_SUFFICIENT
2021-09-28,24,0,0,0,0,24,0,86272,COMPLETE_SUFFICIENT
2021-09-29,24,0,0,0,0,24,0,86400,COMPLETE_SUFFICIENT
2021-09-30,24,0,0,0,0,24,0,86376,COMPLETE_SUFFICIENT
2021-10-01,24,0,0,0,0,24,0,86352,COMPLETE_SUFFICIENT
2021-10-02,24,0,0,0,0,24,0,86384,COMPLETE_SUFFICIENT
2021-10-03,24,0,0,0,0,24,0,86393,COMPLETE_SUFFICIENT
2021-10-04,24,0,0,0,0,24,0,86400,COMPLETE_SUFFICIENT
2021-10-05,24,0,0,0,0,24,0,86400,COMPLETE_SUFFICIENT
2021-10-06,24,0,0,0,0,24,0,86392,COMPLETE_SUFFICIENT
2021-10-07,24,0,0,0,0,24,0,86400,COMPLETE_SUFFICIENT
2021-10-08,24,0,0,0,0,24,0,86392,COMPLETE_SUFFICIENT
2021-10-09,24,0,0,0,0,24,0,86401,COMPLETE_SUFFICIENT
2021-10-10,24,0,0,0,0,24,0,86400,COMPLETE_SUFFICIENT
2021-10-11,24,0,0,0,0,24,0,86400,COMPLETE_SUFFICIENT
2021-10-12,19,1,0,0,4,19,1,67217,PARTIAL
2021-10-13,24,0,0,0,0,24,0,86400,COMPLETE_SUFFICIENT
2021-10-14,24,0,0,0,0,24,0,86401,COMPLETE_SUFFICIENT
2021-10-15,24,0,0,0,0,24,0,86392,COMPLETE_SUFFICIENT
2021-10-16,24,0,0,0,0,24,0,86400,COMPLETE_SUFFICIENT
2021-10-17,24,0,0,0,0,24,0,86400,COMPLETE_SUFFICIENT
2021-10-18,20,0,0,0,4,19,1,67845,PARTIAL
2021-10-19,24,0,0,0,0,24,0,86368,COMPLETE_SUFFICIENT
2021-10-20,24,0,0,0,0,24,0,86329,COMPLETE_SUFFICIENT
2021-10-21,24,0,0,0,0,24,0,86376,COMPLETE_SUFFICIENT
2021-10-22,24,0,0,0,0,24,0,86400,COMPLETE_SUFFICIENT
2021-10-23,24,0,0,0,0,24,0,86392,COMPLETE_SUFFICIENT
2021-10-24,24,0,0,0,0,24,0,86392,COMPLETE_SUFFICIENT
2021-10-25,24,0,0,0,0,24,0,86400,COMPLETE_SUFFICIENT
2021-10-26,24,0,0,0,0,24,0,86385,COMPLETE_SUFFICIENT
2021-10-27,24,0,0,0,0,24,0,86400,COMPLETE_SUFFICIENT
2021-10-28,24,0,0,0,0,24,0,86400,COMPLETE_SUFFICIENT
2021-10-29,24,0,0,0,0,24,0,86392,COMPLETE_SUFFICIENT
2021-10-30,24,0,0,0,0,24,0,86400,COMPLETE_SUFFICIENT
2021-10-31,24,0,0,0,0,24,0,86377,COMPLETE_SUFFICIENT
2021-11-01,18,0,0,0,6,18,0,62751,PARTIAL
2021-11-02,24,0,0,0,0,24,0,86392,COMPLETE_SUFFICIENT
2021-11-03,24,0,0,0,0,24,0,86392,COMPLETE_SUFFICIENT
2021-11-04,24,0,0,0,0,24,0,86320,COMPLETE_SUFFICIENT
2021-11-05,24,0,0,0,0,24,0,86400,COMPLETE_SUFFICIENT
2021-11-06,24,0,0,0,0,24,0,86393,COMPLETE_SUFFICIENT
2021-11-07,24,0,0,0,0,24,0,86400,COMPLETE_SUFFICIENT
2021-11-08,24,0,0,0,0,24,0,86392,COMPLETE_SUFFICIENT
2021-11-09,24,0,0,0,0,24,0,86400,COMPLETE_SUFFICIENT
2021-11-10,24,0,0,0,0,24,0,86368,COMPLETE_SUFFICIENT
2021-11-11,24,0,0,0,0,24,0,86400,COMPLETE_SUFFICIENT
2021-11-12,24,0,0,0,0,24,0,86401,COMPLETE_SUFFICIENT
2021-11-13,24,0,0,0,0,24,0,86400,COMPLETE_SUFFICIENT
2021-11-14,24,0,0,0,0,24,0,86400,COMPLETE_SUFFICIENT
2021-11-15,24,0,0,0,0,24,0,86368,COMPLETE_SUFFICIENT
2021-11-16,20,0,0,0,4,20,0,69165,PARTIAL
2021-11-17,24,0,0,0,0,24,0,86393,COMPLETE_SUFFICIENT
2021-11-18,24,0,0,0,0,24,0,86400,COMPLETE_SUFFICIENT
2021-11-19,24,0,0,0,0,24,0,86384,COMPLETE_SUFFICIENT
2021-11-20,24,0,0,0,0,24,0,86400,COMPLETE_SUFFICIENT
2021-11-21,24,0,0,0,0,24,0,86384,COMPLETE_SUFFICIENT
2021-11-22,24,0,0,0,0,24,0,86392,COMPLETE_SUFFICIENT
2021-11-23,24,0,0,0,0,24,0,86401,COMPLETE_SUFFICIENT
2021-11-24,24,0,0,0,0,24,0,86400,COMPLETE_SUFFICIENT
2021-11-25,24,0,0,0,0,24,0,86392,COMPLETE_SUFFICIENT
2021-11-26,24,0,0,0,0,24,0,86400,COMPLETE_SUFFICIENT
2021-11-27,24,0,0,0,0,24,0,86400,COMPLETE_SUFFICIENT
2021-11-28,24,0,0,0,0,24,0,86392,COMPLETE_SUFFICIENT
2021-11-29,24,0,0,0,0,24,0,86401,COMPLETE_SUFFICIENT
2021-11-30,20,0,0,0,4,19,1,68257,PARTIAL
2021-12-01,24,0,0,0,0,24,0,86392,COMPLETE_SUFFICIENT
2021-12-02,24,0,0,0,0,24,0,86376,COMPLETE_SUFFICIENT
2021-12-03,24,0,0,0,0,24,0,86392,COMPLETE_SUFFICIENT
2021-12-04,24,0,0,0,0,24,0,86384,COMPLETE_SUFFICIENT
2021-12-05,24,0,0,0,0,24,0,86401,COMPLETE_SUFFICIENT
2021-12-06,24,0,0,0,0,24,0,86392,COMPLETE_SUFFICIENT
2021-12-07,19,1,0,0,4,19,1,67036,PARTIAL
2021-12-08,24,0,0,0,0,24,0,86400,COMPLETE_SUFFICIENT
2021-12-09,24,0,0,0,0,24,0,86400,COMPLETE_SUFFICIENT
2021-12-10,24,0,0,0,0,24,0,86401,COMPLETE_SUFFICIENT
2021-12-11,24,0,0,0,0,24,0,86400,COMPLETE_SUFFICIENT
2021-12-12,24,0,0,0,0,24,0,86400,COMPLETE_SUFFICIENT
2021-12-13,24,0,0,0,0,24,0,86400,COMPLETE_SUFFICIENT
2021-12-14,24,0,0,0,0,24,0,86400,COMPLETE_SUFFICIENT
2021-12-15,24,0,0,0,0,24,0,86400,COMPLETE_SUFFICIENT
2021-12-16,24,0,0,0,0,24,0,86401,COMPLETE_SUFFICIENT
2021-12-17,24,0,0,0,0,24,0,86392,COMPLETE_SUFFICIENT
2021-12-18,24,0,0,0,0,24,0,86384,COMPLETE_SUFFICIENT
2021-12-19,24,0,0,0,0,24,0,86384,COMPLETE_SUFFICIENT
2021-12-20,21,0,0,0,3,21,0,75296,PARTIAL
2021-12-21,22,2,0,0,0,24,0,79651,COMPLETE_SUFFICIENT
2021-12-22,24,0,0,0,0,24,0,86384,COMPLETE_SUFFICIENT
2021-12-23,24,0,0,0,0,24,0,86400,COMPLETE_SUFFICIENT
2021-12-24,24,0,0,0,0,24,0,86400,COMPLETE_SUFFICIENT
2021-12-25,24,0,0,0,0,24,0,86400,COMPLETE_SUFFICIENT
2021-12-26,24,0,0,0,0,24,0,86400,COMPLETE_SUFFICIENT
2021-12-27,24,0,0,0,0,24,0,86377,COMPLETE_SUFFICIENT
2021-12-28,24,0,0,0,0,24,0,86400,COMPLETE_SUFFICIENT
2021-12-29,20,0,0,0,4,19,1,68911,PARTIAL
2021-12-30,24,0,0,0,0,24,0,86352,COMPLETE_SUFFICIENT
2021-12-31,24,0,0,0,0,24,0,86400,COMPLETE_SUFFICIENT
2022-01-01,24,0,0,0,0,24,0,86400,COMPLETE_SUFFICIENT
2022-01-02,24,0,0,0,0,24,0,86401,COMPLETE_SUFFICIENT
2022-01-03,24,0,0,0,0,24,0,86400,COMPLETE_SUFFICIENT
2022-01-04,24,0,0,0,0,24,0,86393,COMPLETE_SUFFICIENT
2022-01-05,19,1,0,0,4,19,1,67969,PARTIAL
2022-01-06,24,0,0,0,0,24,0,86400,COMPLETE_SUFFICIENT
2022-01-07,24,0,0,0,0,24,0,86393,COMPLETE_SUFFICIENT
2022-01-08,24,0,0,0,0,24,0,86400,COMPLETE_SUFFICIENT
2022-01-09,24,0,0,0,0,24,0,86400,COMPLETE_SUFFICIENT
2022-01-10,24,0,0,0,0,24,0,86400,COMPLETE_SUFFICIENT
2022-01-11,24,0,0,0,0,24,0,86392,COMPLETE_SUFFICIENT
2022-01-12,24,0,0,0,0,24,0,86400,COMPLETE_SUFFICIENT
2022-01-13,20,0,0,0,4,20,0,69399,PARTIAL
2022-01-14,24,0,0,0,0,24,0,86400,COMPLETE_SUFFICIENT
2022-01-15,24,0,0,0,0,24,0,86392,COMPLETE_SUFFICIENT
2022-01-16,24,0,0,0,0,24,0,86216,COMPLETE_SUFFICIENT
2022-01-17,24,0,0,0,0,24,0,86392,COMPLETE_SUFFICIENT
2022-01-18,24,0,0,0,0,24,0,86400,COMPLETE_SUFFICIENT
2022-01-19,24,0,0,0,0,24,0,86377,COMPLETE_SUFFICIENT
2022-01-20,24,0,0,0,0,24,0,86384,COMPLETE_SUFFICIENT
2022-01-21,24,0,0,0,0,24,0,86384,COMPLETE_SUFFICIENT
2022-01-22,24,0,0,0,0,24,0,86392,COMPLETE_SUFFICIENT
2022-01-23,24,0,0,0,0,24,0,86392,COMPLETE_SUFFICIENT
2022-01-24,19,1,0,0,4,18,2,65598,PARTIAL
2022-01-25,24,0,0,0,0,24,0,86240,COMPLETE_SUFFICIENT
2022-01-26,24,0,0,0,0,24,0,86376,COMPLETE_SUFFICIENT
2022-01-27,24,0,0,0,0,24,0,86376,COMPLETE_SUFFICIENT
2022-01-28,24,0,0,0,0,24,0,86400,COMPLETE_SUFFICIENT
2022-01-29,24,0,0,0,0,24,0,86400,COMPLETE_SUFFICIENT
2022-01-30,24,0,0,0,0,24,0,86393,COMPLETE_SUFFICIENT
2022-01-31,24,0,0,0,0,24,0,86400,COMPLETE_SUFFICIENT
2022-02-01,24,0,0,0,0,24,0,86400,COMPLETE_SUFFICIENT
2022-02-02,24,0,0,0,0,24,0,86400,COMPLETE_SUFFICIENT
2022-02-03,24,0,0,0,0,24,0,86392,COMPLETE_SUFFICIENT
2022-02-04,24,0,0,0,0,24,0,86376,COMPLETE_SUFFICIENT
2022-02-05,24,0,0,0,0,24,0,86401,COMPLETE_SUFFICIENT
2022-02-06,24,0,0,0,0,24,0,86400,COMPLETE_SUFFICIENT
2022-02-07,18,0,0,0,6,18,0,63261,PARTIAL
2022-02-08,24,0,0,0,0,24,0,86400,COMPLETE_SUFFICIENT
2022-02-09,24,0,0,0,0,24,0,86400,COMPLETE_SUFFICIENT
2022-02-10,24,0,0,0,0,24,0,86400,COMPLETE_SUFFICIENT
2022-02-11,24,0,0,0,0,24,0,86257,COMPLETE_SUFFICIENT
2022-02-12,24,0,0,0,0,24,0,86400,COMPLETE_SUFFICIENT
2022-02-13,24,0,0,0,0,24,0,86400,COMPLETE_SUFFICIENT
2022-02-14,24,0,0,0,0,24,0,86384,COMPLETE_SUFFICIENT
2022-02-15,24,0,0,0,0,24,0,86400,COMPLETE_SUFFICIENT
2022-02-16,24,0,0,0,0,24,0,86401,COMPLETE_SUFFICIENT
2022-02-17,24,0,0,0,0,24,0,86400,COMPLETE_SUFFICIENT
2022-02-18,24,0,0,0,0,24,0,86400,COMPLETE_SUFFICIENT
2022-02-19,24,0,0,0,0,24,0,86400,COMPLETE_SUFFICIENT
2022-02-20,24,0,0,0,0,24,0,86400,COMPLETE_SUFFICIENT
2022-02-21,24,0,0,0,0,24,0,86400,COMPLETE_SUFFICIENT
2022-02-22,19,0,0,0,5,18,1,65758,PARTIAL
2022-02-23,24,0,0,0,0,24,0,86400,COMPLETE_SUFFICIENT
2022-02-24,24,0,0,0,0,24,0,86400,COMPLETE_SUFFICIENT
2022-02-25,24,0,0,0,0,24,0,86400,COMPLETE_SUFFICIENT
2022-02-26,24,0,0,0,0,24,0,86400,COMPLETE_SUFFICIENT
2022-02-27,24,0,0,0,0,24,0,86368,COMPLETE_SUFFICIENT
2022-02-28,24,0,0,0,0,24,0,86057,COMPLETE_SUFFICIENT
2022-03-01,24,0,0,0,0,24,0,86392,COMPLETE_SUFFICIENT
2022-03-02,24,0,0,0,0,24,0,86400,COMPLETE_SUFFICIENT
2022-03-03,24,0,0,0,0,24,0,86400,COMPLETE_SUFFICIENT
2022-03-04,24,0,0,0,0,24,0,86376,COMPLETE_SUFFICIENT
2022-03-05,24,0,0,0,0,24,0,86401,COMPLETE_SUFFICIENT
2022-03-06,24,0,0,0,0,24,0,86400,COMPLETE_SUFFICIENT
2022-03-07,24,0,0,0,0,24,0,86384,COMPLETE_SUFFICIENT
2022-03-08,20,0,0,0,4,20,0,69670,PARTIAL
2022-03-09,24,0,0,0,0,24,0,86400,COMPLETE_SUFFICIENT
2022-03-10,24,0,0,0,0,24,0,86400,COMPLETE_SUFFICIENT
2022-03-11,24,0,0,0,0,24,0,86401,COMPLETE_SUFFICIENT
2022-03-12,24,0,0,0,0,24,0,86400,COMPLETE_SUFFICIENT
2022-03-13,24,0,0,0,0,24,0,86320,COMPLETE_SUFFICIENT
2022-03-14,24,0,0,0,0,24,0,86400,COMPLETE_SUFFICIENT
2022-03-15,24,0,0,0,0,24,0,86400,COMPLETE_SUFFICIENT
2022-03-16,24,0,0,0,0,24,0,86400,COMPLETE_SUFFICIENT
2022-03-17,24,0,0,0,0,24,0,86393,COMPLETE_SUFFICIENT
2022-03-18,24,0,0,0,0,24,0,86400,COMPLETE_SUFFICIENT
2022-03-19,24,0,0,0,0,24,0,86256,COMPLETE_SUFFICIENT
2022-03-20,24,0,0,0,0,24,0,86400,COMPLETE_SUFFICIENT
2022-03-21,24,0,0,0,0,24,0,86400,COMPLETE_SUFFICIENT
2022-03-22,18,1,0,0,5,18,1,64262,PARTIAL
2022-03-23,24,0,0,0,0,24,0,86232,COMPLETE_SUFFICIENT
2022-03-24,24,0,0,0,0,24,0,86392,COMPLETE_SUFFICIENT
2022-03-25,24,0,0,0,0,24,0,86392,COMPLETE_SUFFICIENT
2022-03-26,24,0,0,0,0,24,0,86400,COMPLETE_SUFFICIENT
2022-03-27,24,0,0,0,0,24,0,86376,COMPLETE_SUFFICIENT
2022-03-28,24,0,0,0,0,24,0,86385,COMPLETE_SUFFICIENT
2022-03-29,24,0,0,0,0,24,0,86392,COMPLETE_SUFFICIENT
2022-03-30,24,0,0,0,0,24,0,86400,COMPLETE_SUFFICIENT
2022-03-31,24,0,0,0,0,24,0,86344,COMPLETE_SUFFICIENT
2022-04-01,24,0,0,0,0,24,0,86392,COMPLETE_SUFFICIENT
2022-04-02,24,0,0,0,0,24,0,86392,COMPLETE_SUFFICIENT
2022-04-03,24,0,0,0,0,24,0,86401,COMPLETE_SUFFICIENT
2022-04-04,20,0,0,0,4,20,0,69601,PARTIAL
2022-04-05,24,0,0,0,0,24,0,86392,COMPLETE_SUFFICIENT
2022-04-06,24,0,0,0,0,24,0,86400,COMPLETE_SUFFICIENT
2022-04-07,24,0,0,0,0,24,0,86368,COMPLETE_SUFFICIENT
2022-04-08,24,0,0,0,0,24,0,86393,COMPLETE_SUFFICIENT
2022-04-09,24,0,0,0,0,24,0,86376,COMPLETE_SUFFICIENT
2022-04-10,24,0,0,0,0,24,0,86392,COMPLETE_SUFFICIENT
2022-04-11,24,0,0,0,0,24,0,86360,COMPLETE_SUFFICIENT
2022-04-12,24,0,0,0,0,24,0,86392,COMPLETE_SUFFICIENT
2022-04-13,18,0,0,0,6,17,1,61741,PARTIAL
2022-04-14,24,0,0,0,0,24,0,86057,COMPLETE_SUFFICIENT
2022-04-15,24,0,0,0,0,24,0,86128,COMPLETE_SUFFICIENT
2022-04-16,24,0,0,0,0,24,0,86400,COMPLETE_SUFFICIENT
2022-04-17,24,0,0,0,0,24,0,86392,COMPLETE_SUFFICIENT
2022-04-18,24,0,0,0,0,24,0,86392,COMPLETE_SUFFICIENT
2022-04-19,24,0,0,0,0,24,0,86393,COMPLETE_SUFFICIENT
2022-04-20,24,0,0,0,0,24,0,86384,COMPLETE_SUFFICIENT
2022-04-21,24,0,0,0,0,24,0,86400,COMPLETE_SUFFICIENT
2022-04-22,24,0,0,0,0,24,0,86382,COMPLETE_SUFFICIENT
2022-04-23,24,0,0,0,0,24,0,86368,COMPLETE_SUFFICIENT
2022-04-24,24,0,0,0,0,24,0,86392,COMPLETE_SUFFICIENT
2022-04-25,24,0,0,0,0,24,0,86393,COMPLETE_SUFFICIENT
2022-04-26,20,0,0,0,4,19,1,68385,PARTIAL
2022-04-27,24,0,0,0,0,24,0,86400,COMPLETE_SUFFICIENT
2022-04-28,24,0,0,0,0,24,0,86392,COMPLETE_SUFFICIENT
2022-04-29,24,0,0,0,0,24,0,86232,COMPLETE_SUFFICIENT
2022-04-30,24,0,0,0,0,24,0,86400,COMPLETE_SUFFICIENT
2022-05-01,24,0,0,0,0,24,0,86393,COMPLETE_SUFFICIENT
2022-05-02,24,0,0,0,0,24,0,86392,COMPLETE_SUFFICIENT
2022-05-03,20,0,0,0,4,19,1,68715,PARTIAL
2022-05-04,24,0,0,0,0,24,0,86400,COMPLETE_SUFFICIENT
2022-05-05,24,0,0,0,0,24,0,86400,COMPLETE_SUFFICIENT
2022-05-06,24,0,0,0,0,24,0,86401,COMPLETE_SUFFICIENT
2022-05-07,24,0,0,0,0,24,0,86400,COMPLETE_SUFFICIENT
2022-05-08,24,0,0,0,0,24,0,86400,COMPLETE_SUFFICIENT
2022-05-09,24,0,0,0,0,24,0,86400,COMPLETE_SUFFICIENT
2022-05-10,24,0,0,0,0,24,0,86400,COMPLETE_SUFFICIENT
2022-05-11,24,0,0,0,0,24,0,86400,COMPLETE_SUFFICIENT
2022-05-12,24,0,0,0,0,24,0,86401,COMPLETE_SUFFICIENT
2022-05-13,24,0,0,0,0,24,0,86400,COMPLETE_SUFFICIENT
2022-05-14,24,0,0,0,0,24,0,86400,COMPLETE_SUFFICIENT
2022-05-15,24,0,0,0,0,24,0,86400,COMPLETE_SUFFICIENT
2022-05-16,21,0,0,0,3,19,2,69793,PARTIAL
2022-05-17,24,0,0,0,0,24,0,86393,COMPLETE_SUFFICIENT
2022-05-18,24,0,0,0,0,24,0,86392,COMPLETE_SUFFICIENT
2022-05-19,24,0,0,0,0,24,0,86400,COMPLETE_SUFFICIENT
2022-05-20,24,0,0,0,0,24,0,86360,COMPLETE_SUFFICIENT
2022-05-21,24,0,0,0,0,24,0,86392,COMPLETE_SUFFICIENT
2022-05-22,24,0,0,0,0,24,0,86384,COMPLETE_SUFFICIENT
2022-05-23,24,0,0,0,0,24,0,86393,COMPLETE_SUFFICIENT
2022-05-24,20,1,0,0,3,19,2,68515,PARTIAL
2022-05-25,24,0,0,0,0,24,0,86392,COMPLETE_SUFFICIENT
2022-05-26,24,0,0,0,0,24,0,86392,COMPLETE_SUFFICIENT
2022-05-27,24,0,0,0,0,24,0,86368,COMPLETE_SUFFICIENT
2022-05-28,24,0,0,0,0,24,0,86400,COMPLETE_SUFFICIENT
2022-05-29,24,0,0,0,0,24,0,86401,COMPLETE_SUFFICIENT
2022-05-30,24,0,0,0,0,24,0,86392,COMPLETE_SUFFICIENT
2022-05-31,24,0,0,0,0,24,0,86384,COMPLETE_SUFFICIENT
2022-06-01,24,0,0,0,0,24,0,86392,COMPLETE_SUFFICIENT
2022-06-02,24,0,0,0,0,24,0,86392,COMPLETE_SUFFICIENT
2022-06-03,24,0,0,0,0,24,0,86401,COMPLETE_SUFFICIENT
2022-06-04,24,0,0,0,0,24,0,86400,COMPLETE_SUFFICIENT
2022-06-05,24,0,0,0,0,24,0,86400,COMPLETE_SUFFICIENT
2022-06-06,24,0,0,0,0,24,0,86400,COMPLETE_SUFFICIENT
2022-06-07,24,0,0,0,0,24,0,86400,COMPLETE_SUFFICIENT
2022-06-08,19,1,0,0,4,19,1,67997,PARTIAL
2022-06-09,24,0,0,0,0,24,0,86361,COMPLETE_SUFFICIENT
2022-06-10,24,0,0,0,0,24,0,86392,COMPLETE_SUFFICIENT
2022-06-11,24,0,0,0,0,24,0,86392,COMPLETE_SUFFICIENT
2022-06-12,24,0,0,0,0,24,0,86400,COMPLETE_SUFFICIENT
2022-06-13,24,0,0,0,0,24,0,86400,COMPLETE_SUFFICIENT
2022-06-14,24,0,0,0,0,24,0,86400,COMPLETE_SUFFICIENT
2022-06-15,24,0,0,0,0,24,0,86393,COMPLETE_SUFFICIENT
2022-06-16,24,0,0,0,0,24,0,86376,COMPLETE_SUFFICIENT
2022-06-17,24,0,0,0,0,24,0,86384,COMPLETE_SUFFICIENT
2022-06-18,24,0,0,0,0,24,0,86400,COMPLETE_SUFFICIENT
2022-06-19,24,0,0,0,0,24,0,86352,COMPLETE_SUFFICIENT
2022-06-20,24,0,0,0,0,24,0,86393,COMPLETE_SUFFICIENT
2022-06-21,20,1,0,0,3,19,2,69141,PARTIAL
2022-06-22,24,0,0,0,0,24,0,86400,COMPLETE_SUFFICIENT
2022-06-23,24,0,0,0,0,24,0,86400,COMPLETE_SUFFICIENT
2022-06-24,24,0,0,0,0,24,0,86400,COMPLETE_SUFFICIENT
2022-06-25,24,0,0,0,0,24,0,86400,COMPLETE_SUFFICIENT
2022-06-26,24,0,0,0,0,24,0,86393,COMPLETE_SUFFICIENT
2022-06-27,24,0,0,0,0,24,0,86400,COMPLETE_SUFFICIENT
2022-06-28,19,1,0,0,4,19,1,68204,PARTIAL
2022-06-29,24,0,0,0,0,24,0,86376,COMPLETE_SUFFICIENT
2022-06-30,24,0,0,0,0,24,0,86400,COMPLETE_SUFFICIENT
2022-07-01,24,0,0,0,0,24,0,86401,COMPLETE_SUFFICIENT
2022-07-02,24,0,0,0,0,24,0,86400,COMPLETE_SUFFICIENT
2022-07-03,24,0,0,0,0,24,0,86400,COMPLETE_SUFFICIENT
2022-07-04,24,0,0,0,0,24,0,86400,COMPLETE_SUFFICIENT
2022-07-05,20,0,0,0,4,19,1,68968,PARTIAL
2022-07-06,24,0,0,0,0,24,0,86392,COMPLETE_SUFFICIENT
2022-07-07,24,0,0,0,0,24,0,86369,COMPLETE_SUFFICIENT
2022-07-08,24,0,0,0,0,24,0,86400,COMPLETE_SUFFICIENT
2022-07-09,24,0,0,0,0,24,0,86400,COMPLETE_SUFFICIENT
2022-07-10,24,0,0,0,0,24,0,86400,COMPLETE_SUFFICIENT
2022-07-11,24,0,0,0,0,24,0,86392,COMPLETE_SUFFICIENT
2022-07-12,24,0,0,0,0,24,0,86392,COMPLETE_SUFFICIENT
2022-07-13,24,0,0,0,0,24,0,86384,COMPLETE_SUFFICIENT
2022-07-14,24,0,0,0,0,24,0,86400,COMPLETE_SUFFICIENT
2022-07-15,24,0,0,0,0,24,0,86400,COMPLETE_SUFFICIENT
2022-07-16,24,0,0,0,0,24,0,86400,COMPLETE_SUFFICIENT
2022-07-17,24,0,0,0,0,24,0,86392,COMPLETE_SUFFICIENT
2022-07-18,24,0,0,0,0,24,0,86401,COMPLETE_SUFFICIENT
2022-07-19,19,1,0,0,4,19,1,68312,PARTIAL
2022-07-20,24,0,0,0,0,24,0,86400,COMPLETE_SUFFICIENT
2022-07-21,24,0,0,0,0,24,0,86400,COMPLETE_SUFFICIENT
2022-07-22,24,0,0,0,0,24,0,86400,COMPLETE_SUFFICIENT
2022-07-23,24,0,0,0,0,24,0,86393,COMPLETE_SUFFICIENT
2022-07-24,24,0,0,0,0,24,0,86392,COMPLETE_SUFFICIENT
2022-07-25,24,0,0,0,0,24,0,86400,COMPLETE_SUFFICIENT
2022-07-26,21,0,0,0,3,19,2,69001,PARTIAL
2022-07-27,24,0,0,0,0,24,0,86360,COMPLETE_SUFFICIENT
2022-07-28,24,0,0,0,0,24,0,86400,COMPLETE_SUFFICIENT
2022-07-29,24,0,0,0,0,24,0,86401,COMPLETE_SUFFICIENT
2022-07-30,24,0,0,0,0,24,0,86376,COMPLETE_SUFFICIENT
2022-07-31,24,0,0,0,0,24,0,86400,COMPLETE_SUFFICIENT
2022-08-01,24,0,0,0,0,24,0,86392,COMPLETE_SUFFICIENT
2022-08-02,24,0,0,0,0,24,0,86400,COMPLETE_SUFFICIENT
2022-08-03,24,0,0,0,0,24,0,86392,COMPLETE_SUFFICIENT
2022-08-04,24,0,0,0,0,24,0,86401,COMPLETE_SUFFICIENT
2022-08-05,24,0,0,0,0,24,0,86392,COMPLETE_SUFFICIENT
2022-08-06,24,0,0,0,0,24,0,86400,COMPLETE_SUFFICIENT
2022-08-07,24,0,0,0,0,24,0,86400,COMPLETE_SUFFICIENT
2022-08-08,24,0,0,0,0,24,0,86400,COMPLETE_SUFFICIENT
2022-08-09,18,0,0,0,6,18,0,64156,PARTIAL
2022-08-10,24,0,0,0,0,24,0,86400,COMPLETE_SUFFICIENT
2022-08-11,24,0,0,0,0,24,0,86400,COMPLETE_SUFFICIENT
2022-08-12,24,0,0,0,0,24,0,86360,COMPLETE_SUFFICIENT
2022-08-13,24,0,0,0,0,24,0,86368,COMPLETE_SUFFICIENT
2022-08-14,24,0,0,0,0,24,0,86376,COMPLETE_SUFFICIENT
2022-08-15,24,0,0,0,0,24,0,86393,COMPLETE_SUFFICIENT
2022-08-16,24,0,0,0,0,24,0,86400,COMPLETE_SUFFICIENT
2022-08-17,24,0,0,0,0,24,0,86400,COMPLETE_SUFFICIENT
2022-08-18,24,0,0,0,0,24,0,86392,COMPLETE_SUFFICIENT
2022-08-19,24,0,0,0,0,24,0,86384,COMPLETE_SUFFICIENT
2022-08-20,24,0,0,0,0,24,0,86377,COMPLETE_SUFFICIENT
2022-08-21,24,0,0,0,0,24,0,86400,COMPLETE_SUFFICIENT
2022-08-22,20,0,0,0,4,20,0,68758,PARTIAL
2022-08-23,24,0,0,0,0,24,0,86400,COMPLETE_SUFFICIENT
2022-08-24,24,0,0,0,0,24,0,86392,COMPLETE_SUFFICIENT
2022-08-25,24,0,0,0,0,24,0,86400,COMPLETE_SUFFICIENT
2022-08-26,24,0,0,0,0,24,0,86401,COMPLETE_SUFFICIENT
2022-08-27,24,0,0,0,0,24,0,86376,COMPLETE_SUFFICIENT
2022-08-28,24,0,0,0,0,24,0,86376,COMPLETE_SUFFICIENT
2022-08-29,24,0,0,0,0,24,0,86240,COMPLETE_SUFFICIENT
2022-08-30,24,0,0,0,0,24,0,86368,COMPLETE_SUFFICIENT
2022-08-31,24,0,0,0,0,24,0,86401,COMPLETE_SUFFICIENT
2022-09-01,24,0,0,0,0,24,0,86392,COMPLETE_SUFFICIENT
2022-09-02,24,0,0,0,0,24,0,86400,COMPLETE_SUFFICIENT
2022-09-03,24,0,0,0,0,24,0,86400,COMPLETE_SUFFICIENT
2022-09-04,24,0,0,0,0,24,0,86366,COMPLETE_SUFFICIENT
2022-09-05,24,0,0,0,0,24,0,86392,COMPLETE_SUFFICIENT
2022-09-06,19,1,0,0,4,19,1,68503,PARTIAL
2022-09-07,24,0,0,0,0,24,0,84778,COMPLETE_SUFFICIENT
2022-09-08,24,0,0,0,0,24,0,86392,COMPLETE_SUFFICIENT
2022-09-09,24,0,0,0,0,24,0,86368,COMPLETE_SUFFICIENT
2022-09-10,24,0,0,0,0,24,0,86392,COMPLETE_SUFFICIENT
2022-09-11,24,0,0,0,0,24,0,86392,COMPLETE_SUFFICIENT
2022-09-12,24,0,0,0,0,24,0,86241,COMPLETE_SUFFICIENT
2022-09-13,24,0,0,0,0,24,0,86400,COMPLETE_SUFFICIENT
2022-09-14,24,0,0,0,0,24,0,86392,COMPLETE_SUFFICIENT
2022-09-15,24,0,0,0,0,24,0,86080,COMPLETE_SUFFICIENT
2022-09-16,24,0,0,0,0,24,0,86384,COMPLETE_SUFFICIENT
2022-09-17,24,0,0,0,0,24,0,86401,COMPLETE_SUFFICIENT
2022-09-18,24,0,0,0,0,24,0,86392,COMPLETE_SUFFICIENT
2022-09-19,24,0,0,0,0,24,0,86400,COMPLETE_SUFFICIENT
2022-09-20,19,1,0,0,4,19,1,67633,PARTIAL
2022-09-21,24,0,0,0,0,24,0,86392,COMPLETE_SUFFICIENT
2022-09-22,24,0,0,0,0,24,0,86384,COMPLETE_SUFFICIENT
2022-09-23,24,0,0,0,0,24,0,86361,COMPLETE_SUFFICIENT
2022-09-24,24,0,0,0,0,24,0,86392,COMPLETE_SUFFICIENT
2022-09-25,24,0,0,0,0,24,0,86400,COMPLETE_SUFFICIENT
2022-09-26,24,0,0,0,0,24,0,86400,COMPLETE_SUFFICIENT
2022-09-27,24,0,0,0,0,24,0,86376,COMPLETE_SUFFICIENT
2022-09-28,24,0,0,0,0,24,0,86401,COMPLETE_SUFFICIENT
2022-09-29,24,0,0,0,0,24,0,86392,COMPLETE_SUFFICIENT
2022-09-30,24,0,0,0,0,24,0,86392,COMPLETE_SUFFICIENT
2022-10-01,24,0,0,0,0,24,0,86400,COMPLETE_SUFFICIENT
2022-10-02,24,0,0,0,0,24,0,86264,COMPLETE_SUFFICIENT
2022-10-03,24,0,0,0,0,24,0,86400,COMPLETE_SUFFICIENT
2022-10-04,19,1,0,0,4,18,2,65415,PARTIAL
2022-10-05,24,0,0,0,0,24,0,86400,COMPLETE_SUFFICIENT
2022-10-06,24,0,0,0,0,24,0,86368,COMPLETE_SUFFICIENT
2022-10-07,24,0,0,0,0,24,0,86400,COMPLETE_SUFFICIENT
2022-10-08,24,0,0,0,0,24,0,86392,COMPLETE_SUFFICIENT
2022-10-09,24,0,0,0,0,24,0,86377,COMPLETE_SUFFICIENT
2022-10-10,24,0,0,0,0,24,0,86392,COMPLETE_SUFFICIENT
2022-10-11,24,0,0,0,0,24,0,86392,COMPLETE_SUFFICIENT
2022-10-12,24,0,0,0,0,24,0,86392,COMPLETE_SUFFICIENT
2022-10-13,24,0,0,0,0,24,0,86400,COMPLETE_SUFFICIENT
2022-10-14,24,0,0,0,0,24,0,86400,COMPLETE_SUFFICIENT
2022-10-15,24,0,0,0,0,24,0,86401,COMPLETE_SUFFICIENT
2022-10-16,24,0,0,0,0,24,0,86400,COMPLETE_SUFFICIENT
2022-10-17,24,0,0,0,0,24,0,86400,COMPLETE_SUFFICIENT
2022-10-18,20,0,0,0,4,19,1,69376,PARTIAL
2022-10-19,24,0,0,0,0,24,0,86400,COMPLETE_SUFFICIENT
2022-10-20,24,0,0,0,0,24,0,86401,COMPLETE_SUFFICIENT
2022-10-21,24,0,0,0,0,24,0,86400,COMPLETE_SUFFICIENT
2022-10-22,24,0,0,0,0,24,0,86400,COMPLETE_SUFFICIENT
2022-10-23,24,0,0,0,0,24,0,86256,COMPLETE_SUFFICIENT
2022-10-24,24,0,0,0,0,24,0,86384,COMPLETE_SUFFICIENT
2022-10-25,19,0,0,0,5,19,0,67626,PARTIAL
2022-10-26,24,0,0,0,0,24,0,86393,COMPLETE_SUFFICIENT
2022-10-27,24,0,0,0,0,24,0,86384,COMPLETE_SUFFICIENT
2022-10-28,24,0,0,0,0,24,0,86340,COMPLETE_SUFFICIENT
2022-10-29,24,0,0,0,0,24,0,86392,COMPLETE_SUFFICIENT
2022-10-30,24,0,0,0,0,24,0,86344,COMPLETE_SUFFICIENT
2022-10-31,24,0,0,0,0,24,0,86400,COMPLETE_SUFFICIENT
2022-11-01,24,0,0,0,0,24,0,86401,COMPLETE_SUFFICIENT
2022-11-02,24,0,0,0,0,24,0,86400,COMPLETE_SUFFICIENT
2022-11-03,24,0,0,0,0,24,0,86400,COMPLETE_SUFFICIENT
2022-11-04,24,0,0,0,0,24,0,86400,COMPLETE_SUFFICIENT
2022-11-05,24,0,0,0,0,24,0,86392,COMPLETE_SUFFICIENT
2022-11-06,24,0,0,0,0,24,0,86401,COMPLETE_SUFFICIENT
2022-11-07,24,0,0,0,0,24,0,86400,COMPLETE_SUFFICIENT
2022-11-08,20,0,0,0,4,19,1,68521,PARTIAL
2022-11-09,24,0,0,0,0,24,0,86400,COMPLETE_SUFFICIENT
2022-11-10,24,0,0,0,0,24,0,86400,COMPLETE_SUFFICIENT
2022-11-11,24,0,0,0,0,24,0,86400,COMPLETE_SUFFICIENT
2022-11-12,24,0,0,0,0,24,0,86401,COMPLETE_SUFFICIENT
2022-11-13,24,0,0,0,0,24,0,86400,COMPLETE_SUFFICIENT
2022-11-14,20,1,0,0,3,19,2,68676,PARTIAL
2022-11-15,24,0,0,0,0,24,0,86392,COMPLETE_SUFFICIENT
2022-11-16,24,0,0,0,0,24,0,86400,COMPLETE_SUFFICIENT
2022-11-17,24,0,0,0,0,24,0,86400,COMPLETE_SUFFICIENT
2022-11-18,24,0,0,0,0,24,0,86385,COMPLETE_SUFFICIENT
2022-11-19,24,0,0,0,0,24,0,86400,COMPLETE_SUFFICIENT
2022-11-20,24,0,0,0,0,24,0,86400,COMPLETE_SUFFICIENT
2022-11-21,24,0,0,0,0,24,0,86376,COMPLETE_SUFFICIENT
2022-11-22,20,0,0,0,4,19,1,69736,PARTIAL
2022-11-23,24,0,0,0,0,24,0,86385,COMPLETE_SUFFICIENT
2022-11-24,24,0,0,0,0,24,0,86384,COMPLETE_SUFFICIENT
2022-11-25,24,0,0,0,0,24,0,86400,COMPLETE_SUFFICIENT
2022-11-26,24,0,0,0,0,24,0,86400,COMPLETE_SUFFICIENT
2022-11-27,24,0,0,0,0,24,0,86400,COMPLETE_SUFFICIENT
2022-11-28,21,0,0,0,3,21,0,74640,PARTIAL
2022-11-29,23,1,0,0,0,24,0,81521,COMPLETE_SUFFICIENT
2022-11-30,24,0,0,0,0,24,0,86400,COMPLETE_SUFFICIENT
2022-12-01,24,0,0,0,0,24,0,86400,COMPLETE_SUFFICIENT
2022-12-02,24,0,0,0,0,24,0,86392,COMPLETE_SUFFICIENT
2022-12-03,24,0,0,0,0,24,0,86376,COMPLETE_SUFFICIENT
2022-12-04,24,0,0,0,0,24,0,86392,COMPLETE_SUFFICIENT
2022-12-05,20,1,0,0,3,19,2,69488,PARTIAL
2022-12-06,24,0,0,0,0,24,0,86400,COMPLETE_SUFFICIENT
2022-12-07,24,0,0,0,0,24,0,86392,COMPLETE_SUFFICIENT
2022-12-08,24,0,0,0,0,24,0,86384,COMPLETE_SUFFICIENT
2022-12-09,24,0,0,0,0,24,0,86400,COMPLETE_SUFFICIENT
2022-12-10,24,0,0,0,0,24,0,86401,COMPLETE_SUFFICIENT
2022-12-11,24,0,0,0,0,24,0,86400,COMPLETE_SUFFICIENT
2022-12-12,24,0,0,0,0,24,0,86400,COMPLETE_SUFFICIENT
2022-12-13,20,0,0,0,4,20,0,68801,PARTIAL
2022-12-14,24,0,0,0,0,24,0,86400,COMPLETE_SUFFICIENT
2022-12-15,24,0,0,0,0,24,0,86400,COMPLETE_SUFFICIENT
2022-12-16,24,0,0,0,0,24,0,86401,COMPLETE_SUFFICIENT
2022-12-17,24,0,0,0,0,24,0,86392,COMPLETE_SUFFICIENT
2022-12-18,24,0,0,0,0,24,0,86400,COMPLETE_SUFFICIENT
2022-12-19,24,0,0,0,0,24,0,86400,COMPLETE_SUFFICIENT
2022-12-20,20,0,0,0,4,20,0,69810,PARTIAL
2022-12-21,24,0,0,0,0,24,0,86395,COMPLETE_SUFFICIENT
2022-12-22,24,0,0,0,0,24,0,86393,COMPLETE_SUFFICIENT
2022-12-23,24,0,0,0,0,24,0,86376,COMPLETE_SUFFICIENT
2022-12-24,24,0,0,0,0,24,0,86400,COMPLETE_SUFFICIENT
2022-12-25,24,0,0,0,0,24,0,86400,COMPLETE_SUFFICIENT
2022-12-26,24,0,0,0,0,24,0,86400,COMPLETE_SUFFICIENT
2022-12-27,20,0,0,0,4,19,1,69515,PARTIAL
2022-12-28,24,0,0,0,0,24,0,85848,COMPLETE_SUFFICIENT
2022-12-29,24,0,0,0,0,24,0,86400,COMPLETE_SUFFICIENT
2022-12-30,24,0,0,0,0,24,0,86272,COMPLETE_SUFFICIENT
2022-12-31,24,0,0,0,0,24,0,86392,COMPLETE_SUFFICIENT
2023-01-01,24,0,0,0,0,24,0,86384,COMPLETE_SUFFICIENT
2023-01-02,24,0,0,0,0,24,0,86385,COMPLETE_SUFFICIENT
2023-01-03,19,0,0,0,5,18,1,64801,PARTIAL
2023-01-04,24,0,0,0,0,24,0,86400,COMPLETE_SUFFICIENT
2023-01-05,24,0,0,0,0,24,0,86400,COMPLETE_SUFFICIENT
2023-01-06,24,0,0,0,0,24,0,86400,COMPLETE_SUFFICIENT
2023-01-07,24,0,0,0,0,24,0,86240,COMPLETE_SUFFICIENT
2023-01-08,24,0,0,0,0,24,0,86393,COMPLETE_SUFFICIENT
2023-01-09,21,0,0,0,3,19,2,69216,PARTIAL
2023-01-10,24,0,0,0,0,24,0,86392,COMPLETE_SUFFICIENT
2023-01-11,24,0,0,0,0,24,0,86400,COMPLETE_SUFFICIENT
2023-01-12,24,0,0,0,0,24,0,86400,COMPLETE_SUFFICIENT
2023-01-13,24,0,0,0,0,24,0,86393,COMPLETE_SUFFICIENT
2023-01-14,24,0,0,0,0,24,0,86400,COMPLETE_SUFFICIENT
2023-01-15,24,0,0,0,0,24,0,86392,COMPLETE_SUFFICIENT
2023-01-16,24,0,0,0,0,24,0,86384,COMPLETE_SUFFICIENT
2023-01-17,21,0,0,0,3,19,2,69283,PARTIAL
2023-01-18,24,0,0,0,0,24,0,86392,COMPLETE_SUFFICIENT
2023-01-19,24,0,0,0,0,24,0,86313,COMPLETE_SUFFICIENT
2023-01-20,24,0,0,0,0,24,0,86400,COMPLETE_SUFFICIENT
2023-01-21,24,0,0,0,0,24,0,86360,COMPLETE_SUFFICIENT
2023-01-22,24,0,0,0,0,24,0,86248,COMPLETE_SUFFICIENT
2023-01-23,24,0,0,0,0,24,0,86392,COMPLETE_SUFFICIENT
2023-01-24,24,0,0,0,0,24,0,86384,COMPLETE_SUFFICIENT
2023-01-25,24,0,0,0,0,24,0,86401,COMPLETE_SUFFICIENT
2023-01-26,24,0,0,0,0,24,0,86400,COMPLETE_SUFFICIENT
2023-01-27,24,0,0,0,0,24,0,86400,COMPLETE_SUFFICIENT
2023-01-28,24,0,0,0,0,24,0,85752,COMPLETE_SUFFICIENT
2023-01-29,24,0,0,0,0,24,0,86368,COMPLETE_SUFFICIENT
2023-01-30,24,0,0,0,0,24,0,86401,COMPLETE_SUFFICIENT
2023-01-31,20,0,0,0,4,18,2,65782,PARTIAL
2023-02-01,24,0,0,0,0,24,0,86400,COMPLETE_SUFFICIENT
2023-02-02,24,0,0,0,0,24,0,86400,COMPLETE_SUFFICIENT
2023-02-03,24,0,0,0,0,24,0,86400,COMPLETE_SUFFICIENT
2023-02-04,24,0,0,0,0,24,0,86400,COMPLETE_SUFFICIENT
2023-02-05,24,0,0,0,0,24,0,86401,COMPLETE_SUFFICIENT
2023-02-06,24,0,0,0,0,24,0,86368,COMPLETE_SUFFICIENT
2023-02-07,24,0,0,0,0,24,0,86392,COMPLETE_SUFFICIENT
2023-02-08,24,0,0,0,0,24,0,86384,COMPLETE_SUFFICIENT
2023-02-09,24,0,0,0,0,24,0,86384,COMPLETE_SUFFICIENT
2023-02-10,24,0,0,0,0,24,0,86401,COMPLETE_SUFFICIENT
2023-02-11,24,0,0,0,0,24,0,86400,COMPLETE_SUFFICIENT
2023-02-12,24,0,0,0,0,24,0,86384,COMPLETE_SUFFICIENT
2023-02-13,24,0,0,0,0,24,0,86400,COMPLETE_SUFFICIENT
2023-02-14,21,1,0,0,2,21,1,75627,PARTIAL
2023-02-15,21,3,0,0,0,24,0,76275,COMPLETE_SUFFICIENT
2023-02-16,24,0,0,0,0,24,0,86401,COMPLETE_SUFFICIENT
2023-02-17,24,0,0,0,0,24,0,86400,COMPLETE_SUFFICIENT
2023-02-18,24,0,0,0,0,24,0,86400,COMPLETE_SUFFICIENT
2023-02-19,24,0,0,0,0,24,0,86400,COMPLETE_SUFFICIENT
2023-02-20,24,0,0,0,0,24,0,86392,COMPLETE_SUFFICIENT
2023-02-21,24,0,0,0,0,24,0,86400,COMPLETE_SUFFICIENT
2023-02-22,24,0,0,0,0,24,0,86401,COMPLETE_SUFFICIENT
2023-02-23,24,0,0,0,0,24,0,86400,COMPLETE_SUFFICIENT
2023-02-24,24,0,0,0,0,24,0,86400,COMPLETE_SUFFICIENT
2023-02-25,24,0,0,0,0,24,0,86392,COMPLETE_SUFFICIENT
2023-02-26,24,0,0,0,0,24,0,86312,COMPLETE_SUFFICIENT
2023-02-27,24,0,0,0,0,24,0,86353,COMPLETE_SUFFICIENT
2023-02-28,24,0,0,0,0,24,0,86400,COMPLETE_SUFFICIENT
2023-03-01,24,0,0,0,0,24,0,86400,COMPLETE_SUFFICIENT
2023-03-02,24,0,0,0,0,24,0,86392,COMPLETE_SUFFICIENT
2023-03-03,24,0,0,0,0,24,0,86400,COMPLETE_SUFFICIENT
2023-03-04,24,0,0,0,0,24,0,86392,COMPLETE_SUFFICIENT
2023-03-05,24,0,0,0,0,24,0,86401,COMPLETE_SUFFICIENT
2023-03-06,24,0,0,0,0,24,0,86392,COMPLETE_SUFFICIENT
2023-03-07,20,0,0,0,4,19,1,69544,PARTIAL
2023-03-08,24,0,0,0,0,24,0,86400,COMPLETE_SUFFICIENT
2023-03-09,24,0,0,0,0,24,0,86392,COMPLETE_SUFFICIENT
2023-03-10,24,0,0,0,0,24,0,86401,COMPLETE_SUFFICIENT
2023-03-11,24,0,0,0,0,24,0,86392,COMPLETE_SUFFICIENT
2023-03-12,24,0,0,0,0,24,0,86400,COMPLETE_SUFFICIENT
2023-03-13,24,0,0,0,0,24,0,86264,COMPLETE_SUFFICIENT
2023-03-14,24,0,0,0,0,24,0,86384,COMPLETE_SUFFICIENT
2023-03-15,24,0,0,0,0,24,0,86400,COMPLETE_SUFFICIENT
2023-03-16,24,0,0,0,0,24,0,86393,COMPLETE_SUFFICIENT
2023-03-17,24,0,0,0,0,24,0,86240,COMPLETE_SUFFICIENT
2023-03-18,24,0,0,0,0,24,0,86392,COMPLETE_SUFFICIENT
2023-03-19,24,0,0,0,0,24,0,86240,COMPLETE_SUFFICIENT
2023-03-20,19,1,0,0,4,19,1,67389,PARTIAL
2023-03-21,24,0,0,0,0,24,0,86400,COMPLETE_SUFFICIENT
2023-03-22,24,0,0,0,0,24,0,86393,COMPLETE_SUFFICIENT
2023-03-23,24,0,0,0,0,24,0,86392,COMPLETE_SUFFICIENT
2023-03-24,24,0,0,0,0,24,0,86400,COMPLETE_SUFFICIENT
2023-03-25,24,0,0,0,0,24,0,86400,COMPLETE_SUFFICIENT
2023-03-26,24,0,0,0,0,24,0,86400,COMPLETE_SUFFICIENT
2023-03-27,24,0,0,0,0,24,0,86401,COMPLETE_SUFFICIENT
2023-03-28,24,0,0,0,0,24,0,86400,COMPLETE_SUFFICIENT
2023-03-29,24,0,0,0,0,24,0,86400,COMPLETE_SUFFICIENT
2023-03-30,24,0,0,0,0,24,0,86400,COMPLETE_SUFFICIENT
2023-03-31,24,0,0,0,0,24,0,86384,COMPLETE_SUFFICIENT
2023-04-01,24,0,0,0,0,24,0,86393,COMPLETE_SUFFICIENT
2023-04-02,24,0,0,0,0,24,0,86400,COMPLETE_SUFFICIENT
2023-04-03,24,0,0,0,0,24,0,86400,COMPLETE_SUFFICIENT
2023-04-04,23,0,0,0,1,23,0,81407,PARTIAL
2023-04-05,20,4,0,0,0,24,0,72884,COMPLETE_SUFFICIENT
2023-04-06,24,0,0,0,0,24,0,86400,COMPLETE_SUFFICIENT
2023-04-07,24,0,0,0,0,24,0,86393,COMPLETE_SUFFICIENT
2023-04-08,24,0,0,0,0,24,0,86392,COMPLETE_SUFFICIENT
2023-04-09,24,0,0,0,0,24,0,86400,COMPLETE_SUFFICIENT
2023-04-10,24,0,0,0,0,24,0,86392,COMPLETE_SUFFICIENT
2023-04-11,24,0,0,0,0,24,0,86400,COMPLETE_SUFFICIENT
2023-04-12,24,0,0,0,0,24,0,86392,COMPLETE_SUFFICIENT
2023-04-13,24,0,0,0,0,24,0,86393,COMPLETE_SUFFICIENT
2023-04-14,24,0,0,0,0,24,0,86400,COMPLETE_SUFFICIENT
2023-04-15,24,0,0,0,0,24,0,86400,COMPLETE_SUFFICIENT
2023-04-16,24,0,0,0,0,24,0,86400,COMPLETE_SUFFICIENT
2023-04-17,19,1,0,0,4,19,1,67598,PARTIAL
2023-04-18,24,0,0,0,0,24,0,86377,COMPLETE_SUFFICIENT
2023-04-19,24,0,0,0,0,24,0,86400,COMPLETE_SUFFICIENT
2023-04-20,24,0,0,0,0,24,0,86400,COMPLETE_SUFFICIENT
2023-04-21,24,0,0,0,0,24,0,86400,COMPLETE_SUFFICIENT
2023-04-22,24,0,0,0,0,24,0,86400,COMPLETE_SUFFICIENT
2023-04-23,24,0,0,0,0,24,0,86392,COMPLETE_SUFFICIENT
2023-04-24,20,0,0,0,4,19,1,69122,PARTIAL
2023-04-25,24,0,0,0,0,24,0,86384,COMPLETE_SUFFICIENT
2023-04-26,24,0,0,0,0,24,0,86400,COMPLETE_SUFFICIENT
2023-04-27,24,0,0,0,0,24,0,86400,COMPLETE_SUFFICIENT
2023-04-28,24,0,0,0,0,24,0,86288,COMPLETE_SUFFICIENT
2023-04-29,24,0,0,0,0,24,0,86393,COMPLETE_SUFFICIENT
2023-04-30,24,0,0,0,0,24,0,86392,COMPLETE_SUFFICIENT
2023-05-01,24,0,0,0,0,24,0,86248,COMPLETE_SUFFICIENT
2023-05-02,24,0,0,0,0,24,0,86400,COMPLETE_SUFFICIENT
2023-05-03,24,0,0,0,0,24,0,86400,COMPLETE_SUFFICIENT
2023-05-04,24,0,0,0,0,24,0,86400,COMPLETE_SUFFICIENT
2023-05-05,24,0,0,0,0,24,0,86387,COMPLETE_SUFFICIENT
2023-05-06,24,0,0,0,0,24,0,86376,COMPLETE_SUFFICIENT
2023-05-07,24,0,0,0,0,24,0,86400,COMPLETE_SUFFICIENT
2023-05-08,20,1,0,0,3,19,2,69064,PARTIAL
2023-05-09,24,0,0,0,0,24,0,86368,COMPLETE_SUFFICIENT
2023-05-10,24,0,0,0,0,24,0,86384,COMPLETE_SUFFICIENT
2023-05-11,24,0,0,0,0,24,0,86401,COMPLETE_SUFFICIENT
2023-05-12,24,0,0,0,0,24,0,86392,COMPLETE_SUFFICIENT
2023-05-13,24,0,0,0,0,24,0,86392,COMPLETE_SUFFICIENT
2023-05-14,24,0,0,0,0,24,0,86384,COMPLETE_SUFFICIENT
2023-05-15,24,0,0,0,0,24,0,86368,COMPLETE_SUFFICIENT
2023-05-16,19,1,0,0,4,19,1,67813,PARTIAL
2023-05-17,24,0,0,0,0,24,0,86384,COMPLETE_SUFFICIENT
2023-05-18,24,0,0,0,0,24,0,86400,COMPLETE_SUFFICIENT
2023-05-19,24,0,0,0,0,24,0,86400,COMPLETE_SUFFICIENT
2023-05-20,24,0,0,0,0,24,0,86400,COMPLETE_SUFFICIENT
2023-05-21,24,0,0,0,0,24,0,86392,COMPLETE_SUFFICIENT
2023-05-22,24,0,0,0,0,24,0,86361,COMPLETE_SUFFICIENT
2023-05-23,24,0,0,0,0,24,0,86400,COMPLETE_SUFFICIENT
2023-05-24,24,0,0,0,0,24,0,86400,COMPLETE_SUFFICIENT
2023-05-25,24,0,0,0,0,24,0,86392,COMPLETE_SUFFICIENT
2023-05-26,24,0,0,0,0,24,0,86400,COMPLETE_SUFFICIENT
2023-05-27,24,0,0,0,0,24,0,86401,COMPLETE_SUFFICIENT
2023-05-28,24,0,0,0,0,24,0,86400,COMPLETE_SUFFICIENT
2023-05-29,24,0,0,0,0,24,0,86400,COMPLETE_SUFFICIENT
2023-05-30,20,0,0,0,4,20,0,71096,PARTIAL
2023-05-31,24,0,0,0,0,23,1,82925,COMPLETE_WITH_BEST_AVAILABLE
2023-06-01,24,0,0,0,0,24,0,86401,COMPLETE_SUFFICIENT
2023-06-02,24,0,0,0,0,24,0,86400,COMPLETE_SUFFICIENT
2023-06-03,24,0,0,0,0,24,0,86392,COMPLETE_SUFFICIENT
2023-06-04,24,0,0,0,0,24,0,86384,COMPLETE_SUFFICIENT
2023-06-05,19,0,0,0,5,18,1,65359,PARTIAL
2023-06-06,24,0,0,0,0,24,0,86384,COMPLETE_SUFFICIENT
2023-06-07,24,0,0,0,0,24,0,86385,COMPLETE_SUFFICIENT
2023-06-08,24,0,0,0,0,24,0,86400,COMPLETE_SUFFICIENT
2023-06-09,24,0,0,0,0,24,0,86392,COMPLETE_SUFFICIENT
2023-06-10,24,0,0,0,0,24,0,86400,COMPLETE_SUFFICIENT
2023-06-11,24,0,0,0,0,24,0,86400,COMPLETE_SUFFICIENT
2023-06-12,24,0,0,0,0,24,0,86392,COMPLETE_SUFFICIENT
2023-06-13,24,0,0,0,0,24,0,86401,COMPLETE_SUFFICIENT
2023-06-14,24,0,0,0,0,24,0,86392,COMPLETE_SUFFICIENT
2023-06-15,24,0,0,0,0,24,0,86192,COMPLETE_SUFFICIENT
2023-06-16,24,0,0,0,0,24,0,86400,COMPLETE_SUFFICIENT
2023-06-17,24,0,0,0,0,24,0,86400,COMPLETE_SUFFICIENT
2023-06-18,24,0,0,0,0,24,0,86401,COMPLETE_SUFFICIENT
2023-06-19,24,0,0,0,0,24,0,86384,COMPLETE_SUFFICIENT
2023-06-20,19,1,0,0,4,19,1,68108,PARTIAL
2023-06-21,24,0,0,0,0,24,0,86400,COMPLETE_SUFFICIENT
2023-06-22,1,23,0,0,0,24,0,8775,COMPLETE_SUFFICIENT
2023-06-23,24,0,0,0,0,24,0,86376,COMPLETE_SUFFICIENT
2023-06-24,24,0,0,0,0,24,0,86393,COMPLETE_SUFFICIENT
2023-06-25,24,0,0,0,0,24,0,86400,COMPLETE_SUFFICIENT
2023-06-26,24,0,0,0,0,24,0,86392,COMPLETE_SUFFICIENT
2023-06-27,20,0,0,0,4,18,2,66643,PARTIAL
2023-06-28,24,0,0,0,0,24,0,86400,COMPLETE_SUFFICIENT
2023-06-29,24,0,0,0,0,24,0,86401,COMPLETE_SUFFICIENT
2023-06-30,24,0,0,0,0,24,0,86392,COMPLETE_SUFFICIENT
2023-07-01,24,0,0,0,0,24,0,86384,COMPLETE_SUFFICIENT
2023-07-02,24,0,0,0,0,24,0,86400,COMPLETE_SUFFICIENT
2023-07-03,24,0,0,0,0,24,0,86400,COMPLETE_SUFFICIENT
2023-07-04,24,0,0,0,0,24,0,86400,COMPLETE_SUFFICIENT
2023-07-05,24,0,0,0,0,24,0,86393,COMPLETE_SUFFICIENT
2023-07-06,24,0,0,0,0,24,0,86400,COMPLETE_SUFFICIENT
2023-07-07,24,0,0,0,0,24,0,86400,COMPLETE_SUFFICIENT
2023-07-08,24,0,0,0,0,24,0,86400,COMPLETE_SUFFICIENT
2023-07-09,24,0,0,0,0,24,0,86400,COMPLETE_SUFFICIENT
2023-07-10,19,0,0,0,5,19,0,67249,PARTIAL
2023-07-11,24,0,0,0,0,24,0,86400,COMPLETE_SUFFICIENT
2023-07-12,24,0,0,0,0,24,0,86400,COMPLETE_SUFFICIENT
2023-07-13,24,0,0,0,0,24,0,86384,COMPLETE_SUFFICIENT
2023-07-14,24,0,0,0,0,24,0,86392,COMPLETE_SUFFICIENT
2023-07-15,24,0,0,0,0,24,0,86400,COMPLETE_SUFFICIENT
2023-07-16,24,0,0,0,0,24,0,86401,COMPLETE_SUFFICIENT
2023-07-17,24,0,0,0,0,24,0,86400,COMPLETE_SUFFICIENT
2023-07-18,24,0,0,0,0,24,0,86392,COMPLETE_SUFFICIENT
2023-07-19,24,0,0,0,0,24,0,86400,COMPLETE_SUFFICIENT
2023-07-20,24,0,0,0,0,24,0,86384,COMPLETE_SUFFICIENT
2023-07-21,24,0,0,0,0,24,0,86393,COMPLETE_SUFFICIENT
2023-07-22,24,0,0,0,0,24,0,86400,COMPLETE_SUFFICIENT
2023-07-23,24,0,0,0,0,24,0,86400,COMPLETE_SUFFICIENT
2023-07-24,24,0,0,0,0,24,0,86384,COMPLETE_SUFFICIENT
2023-07-25,20,0,0,0,4,19,1,70179,PARTIAL
2023-07-26,24,0,0,0,0,24,0,86393,COMPLETE_SUFFICIENT
2023-07-27,24,0,0,0,0,24,0,86400,COMPLETE_SUFFICIENT
2023-07-28,24,0,0,0,0,24,0,86392,COMPLETE_SUFFICIENT
2023-07-29,24,0,0,0,0,24,0,86400,COMPLETE_SUFFICIENT
2023-07-30,24,0,0,0,0,24,0,86400,COMPLETE_SUFFICIENT
2023-07-31,24,0,0,0,0,24,0,86400,COMPLETE_SUFFICIENT
2023-08-01,24,0,0,0,0,24,0,86209,COMPLETE_SUFFICIENT
2023-08-02,24,0,0,0,0,24,0,86392,COMPLETE_SUFFICIENT
2023-08-03,24,0,0,0,0,24,0,86392,COMPLETE_SUFFICIENT
2023-08-04,24,0,0,0,0,24,0,86400,COMPLETE_SUFFICIENT
2023-08-05,24,0,0,0,0,24,0,86400,COMPLETE_SUFFICIENT
2023-08-06,24,0,0,0,0,24,0,86073,COMPLETE_SUFFICIENT
2023-08-07,24,0,0,0,0,24,0,86400,COMPLETE_SUFFICIENT
2023-08-08,24,0,0,0,0,24,0,86400,COMPLETE_SUFFICIENT
2023-08-09,24,0,0,0,0,24,0,86376,COMPLETE_SUFFICIENT
2023-08-10,24,0,0,0,0,24,0,86400,COMPLETE_SUFFICIENT
2023-08-11,24,0,0,0,0,24,0,86376,COMPLETE_SUFFICIENT
2023-08-12,24,0,0,0,0,24,0,86401,COMPLETE_SUFFICIENT
2023-08-13,24,0,0,0,0,24,0,86400,COMPLETE_SUFFICIENT
2023-08-14,20,0,0,0,4,20,0,68849,PARTIAL
2023-08-15,24,0,0,0,0,24,0,86400,COMPLETE_SUFFICIENT
2023-08-16,24,0,0,0,0,24,0,86400,COMPLETE_SUFFICIENT
2023-08-17,24,0,0,0,0,24,0,86400,COMPLETE_SUFFICIENT
2023-08-18,24,0,0,0,0,24,0,86401,COMPLETE_SUFFICIENT
2023-08-19,24,0,0,0,0,24,0,86400,COMPLETE_SUFFICIENT
2023-08-20,24,0,0,0,0,24,0,86384,COMPLETE_SUFFICIENT
2023-08-21,24,0,0,0,0,24,0,86375,COMPLETE_SUFFICIENT
2023-08-22,24,0,0,0,0,24,0,86384,COMPLETE_SUFFICIENT
2023-08-23,24,0,0,0,0,24,0,86393,COMPLETE_SUFFICIENT
2023-08-24,24,0,0,0,0,24,0,86216,COMPLETE_SUFFICIENT
2023-08-25,24,0,0,0,0,24,0,86400,COMPLETE_SUFFICIENT
2023-08-26,24,0,0,0,0,24,0,86400,COMPLETE_SUFFICIENT
2023-08-27,24,0,0,0,0,24,0,86400,COMPLETE_SUFFICIENT
2023-08-28,20,0,0,0,4,19,1,69178,PARTIAL
2023-08-29,24,0,0,0,0,24,0,86401,COMPLETE_SUFFICIENT
2023-08-30,24,0,0,0,0,24,0,86400,COMPLETE_SUFFICIENT
2023-08-31,24,0,0,0,0,24,0,86392,COMPLETE_SUFFICIENT
2023-09-01,24,0,0,0,0,24,0,86384,COMPLETE_SUFFICIENT
2023-09-02,24,0,0,0,0,24,0,86400,COMPLETE_SUFFICIENT
2023-09-03,24,0,0,0,0,24,0,86393,COMPLETE_SUFFICIENT
2023-09-04,24,0,0,0,0,24,0,86384,COMPLETE_SUFFICIENT
2023-09-05,24,0,0,0,0,24,0,86392,COMPLETE_SUFFICIENT
2023-09-06,24,0,0,0,0,24,0,86400,COMPLETE_SUFFICIENT
2023-09-07,24,0,0,0,0,24,0,86400,COMPLETE_SUFFICIENT
2023-09-08,24,0,0,0,0,24,0,86392,COMPLETE_SUFFICIENT
2023-09-09,24,0,0,0,0,24,0,86401,COMPLETE_SUFFICIENT
2023-09-10,24,0,0,0,0,24,0,86360,COMPLETE_SUFFICIENT
2023-09-11,20,0,0,0,4,19,1,68148,PARTIAL
2023-09-12,24,0,0,0,0,24,0,86400,COMPLETE_SUFFICIENT
2023-09-13,24,0,0,0,0,24,0,86384,COMPLETE_SUFFICIENT
2023-09-14,24,0,0,0,0,24,0,86385,COMPLETE_SUFFICIENT
2023-09-15,24,0,0,0,0,24,0,86392,COMPLETE_SUFFICIENT
2023-09-16,24,0,0,0,0,24,0,86400,COMPLETE_SUFFICIENT
2023-09-17,24,0,0,0,0,24,0,86392,COMPLETE_SUFFICIENT
2023-09-18,24,0,0,0,0,24,0,86392,COMPLETE_SUFFICIENT
2023-09-19,24,0,0,0,0,24,0,86384,COMPLETE_SUFFICIENT
2023-09-20,24,0,0,0,0,24,0,86393,COMPLETE_SUFFICIENT
2023-09-21,24,0,0,0,0,24,0,86400,COMPLETE_SUFFICIENT
2023-09-22,24,0,0,0,0,24,0,86400,COMPLETE_SUFFICIENT
2023-09-23,24,0,0,0,0,24,0,86400,COMPLETE_SUFFICIENT
2023-09-24,24,0,0,0,0,24,0,86384,COMPLETE_SUFFICIENT
2023-09-25,24,0,0,0,0,24,0,86401,COMPLETE_SUFFICIENT
2023-09-26,24,0,0,0,0,24,0,86400,COMPLETE_SUFFICIENT
2023-09-27,24,0,0,0,0,24,0,86384,COMPLETE_SUFFICIENT
2023-09-28,24,0,0,0,0,24,0,86384,COMPLETE_SUFFICIENT
2023-09-29,24,0,0,0,0,24,0,86400,COMPLETE_SUFFICIENT
2023-09-30,24,0,0,0,0,24,0,86400,COMPLETE_SUFFICIENT
2023-10-01,24,0,0,0,0,24,0,86393,COMPLETE_SUFFICIENT
2023-10-02,24,0,0,0,0,24,0,86392,COMPLETE_SUFFICIENT
2023-10-03,20,0,0,0,4,18,2,67608,PARTIAL
2023-10-04,24,0,0,0,0,24,0,86400,COMPLETE_SUFFICIENT
2023-10-05,24,0,0,0,0,24,0,86400,COMPLETE_SUFFICIENT
2023-10-06,24,0,0,0,0,24,0,86337,COMPLETE_SUFFICIENT
2023-10-07,24,0,0,0,0,24,0,86400,COMPLETE_SUFFICIENT
2023-10-08,24,0,0,0,0,24,0,86400,COMPLETE_SUFFICIENT
2023-10-09,18,1,0,0,5,18,1,64548,PARTIAL
2023-10-10,24,0,0,0,0,24,0,86392,COMPLETE_SUFFICIENT
2023-10-11,24,0,0,0,0,24,0,86392,COMPLETE_SUFFICIENT
2023-10-12,24,0,0,0,0,24,0,86401,COMPLETE_SUFFICIENT
2023-10-13,24,0,0,0,0,24,0,86248,COMPLETE_SUFFICIENT
2023-10-14,24,0,0,0,0,24,0,86389,COMPLETE_SUFFICIENT
2023-10-15,24,0,0,0,0,24,0,86400,COMPLETE_SUFFICIENT
2023-10-16,24,0,0,0,0,24,0,86400,COMPLETE_SUFFICIENT
2023-10-17,20,1,0,0,3,19,2,69593,PARTIAL
2023-10-18,24,0,0,0,0,24,0,86360,COMPLETE_SUFFICIENT
2023-10-19,24,0,0,0,0,24,0,86400,COMPLETE_SUFFICIENT
2023-10-20,24,0,0,0,0,24,0,86400,COMPLETE_SUFFICIENT
2023-10-21,24,0,0,0,0,24,0,86400,COMPLETE_SUFFICIENT
2023-10-22,24,0,0,0,0,24,0,86392,COMPLETE_SUFFICIENT
2023-10-23,20,0,0,0,4,19,1,69071,PARTIAL
2023-10-24,24,0,0,0,0,24,0,86400,COMPLETE_SUFFICIENT
2023-10-25,24,0,0,0,0,24,0,86392,COMPLETE_SUFFICIENT
2023-10-26,24,0,0,0,0,24,0,86400,COMPLETE_SUFFICIENT
2023-10-27,24,0,0,0,0,24,0,86400,COMPLETE_SUFFICIENT
2023-10-28,24,0,0,0,0,24,0,86401,COMPLETE_SUFFICIENT
2023-10-29,24,0,0,0,0,24,0,86272,COMPLETE_SUFFICIENT
2023-10-30,24,0,0,0,0,24,0,86384,COMPLETE_SUFFICIENT
2023-10-31,20,0,0,0,4,20,0,69618,PARTIAL
2023-11-01,24,0,0,0,0,24,0,86400,COMPLETE_SUFFICIENT
2023-11-02,24,0,0,0,0,24,0,86392,COMPLETE_SUFFICIENT
2023-11-03,24,0,0,0,0,24,0,86401,COMPLETE_SUFFICIENT
2023-11-04,24,0,0,0,0,24,0,86384,COMPLETE_SUFFICIENT
2023-11-05,24,0,0,0,0,24,0,86392,COMPLETE_SUFFICIENT
2023-11-06,24,0,0,0,0,24,0,86392,COMPLETE_SUFFICIENT
2023-11-07,21,0,0,0,3,21,0,74995,PARTIAL
2023-11-08,23,1,0,0,0,24,0,81683,COMPLETE_SUFFICIENT
2023-11-09,24,0,0,0,0,24,0,86393,COMPLETE_SUFFICIENT
2023-11-10,24,0,0,0,0,24,0,86384,COMPLETE_SUFFICIENT
2023-11-11,24,0,0,0,0,24,0,86400,COMPLETE_SUFFICIENT
2023-11-12,24,0,0,0,0,24,0,86384,COMPLETE_SUFFICIENT
2023-11-13,20,0,0,0,4,20,0,69858,PARTIAL
2023-11-14,24,0,0,0,0,24,0,86401,COMPLETE_SUFFICIENT
2023-11-15,24,0,0,0,0,24,0,86376,COMPLETE_SUFFICIENT
2023-11-16,24,0,0,0,0,24,0,86400,COMPLETE_SUFFICIENT
2023-11-17,24,0,0,0,0,24,0,86400,COMPLETE_SUFFICIENT
2023-11-18,24,0,0,0,0,24,0,86400,COMPLETE_SUFFICIENT
2023-11-19,24,0,0,0,0,24,0,86393,COMPLETE_SUFFICIENT
2023-11-20,24,0,0,0,0,24,0,86400,COMPLETE_SUFFICIENT
2023-11-21,20,0,0,0,4,19,1,69277,PARTIAL
2023-11-22,24,0,0,0,0,24,0,86400,COMPLETE_SUFFICIENT
2023-11-23,24,0,0,0,0,24,0,86400,COMPLETE_SUFFICIENT
2023-11-24,24,0,0,0,0,24,0,86400,COMPLETE_SUFFICIENT
2023-11-25,24,0,0,0,0,24,0,86401,COMPLETE_SUFFICIENT
2023-11-26,24,0,0,0,0,24,0,86400,COMPLETE_SUFFICIENT
2023-11-27,24,0,0,0,0,24,0,86400,COMPLETE_SUFFICIENT
2023-11-28,24,0,0,0,0,24,0,86392,COMPLETE_SUFFICIENT
2023-11-29,24,0,0,0,0,24,0,86400,COMPLETE_SUFFICIENT
2023-11-30,24,0,0,0,0,24,0,86392,COMPLETE_SUFFICIENT
2023-12-01,24,0,0,0,0,24,0,86401,COMPLETE_SUFFICIENT
2023-12-02,24,0,0,0,0,24,0,86400,COMPLETE_SUFFICIENT
2023-12-03,24,0,0,0,0,24,0,86384,COMPLETE_SUFFICIENT
2023-12-04,24,0,0,0,0,24,0,86400,COMPLETE_SUFFICIENT
2023-12-05,19,0,0,0,5,18,1,65041,PARTIAL
2023-12-06,24,0,0,0,0,24,0,86401,COMPLETE_SUFFICIENT
2023-12-07,24,0,0,0,0,24,0,86400,COMPLETE_SUFFICIENT
2023-12-08,24,0,0,0,0,24,0,86392,COMPLETE_SUFFICIENT
2023-12-09,24,0,0,0,0,24,0,86400,COMPLETE_SUFFICIENT
2023-12-10,24,0,0,0,0,24,0,86392,COMPLETE_SUFFICIENT
2023-12-11,24,0,0,0,0,24,0,86400,COMPLETE_SUFFICIENT
2023-12-12,24,0,0,0,0,24,0,86393,COMPLETE_SUFFICIENT
2023-12-13,24,0,0,0,0,24,0,86400,COMPLETE_SUFFICIENT
2023-12-14,24,0,0,0,0,24,0,86400,COMPLETE_SUFFICIENT
2023-12-15,24,0,0,0,0,24,0,86392,COMPLETE_SUFFICIENT
2023-12-16,24,0,0,0,0,24,0,86400,COMPLETE_SUFFICIENT
2023-12-17,24,0,0,0,0,24,0,86392,COMPLETE_SUFFICIENT
2023-12-18,20,0,0,0,4,19,1,69146,PARTIAL
2023-12-19,24,0,0,0,0,24,0,86376,COMPLETE_SUFFICIENT
2023-12-20,24,0,0,0,0,24,0,86400,COMPLETE_SUFFICIENT
2023-12-21,24,0,0,0,0,24,0,86400,COMPLETE_SUFFICIENT
2023-12-22,24,0,0,0,0,24,0,86400,COMPLETE_SUFFICIENT
2023-12-23,24,0,0,0,0,24,0,86385,COMPLETE_SUFFICIENT
2023-12-24,24,0,0,0,0,24,0,86400,COMPLETE_SUFFICIENT
2023-12-25,24,0,0,0,0,24,0,86368,COMPLETE_SUFFICIENT
2023-12-26,24,0,0,0,0,24,0,86400,COMPLETE_SUFFICIENT
2023-12-27,19,1,0,0,4,19,1,68019,PARTIAL
2023-12-28,24,0,0,0,0,24,0,86241,COMPLETE_SUFFICIENT
2023-12-29,24,0,0,0,0,24,0,86392,COMPLETE_SUFFICIENT
2023-12-30,24,0,0,0,0,24,0,86400,COMPLETE_SUFFICIENT
2023-12-31,24,0,0,0,0,24,0,86400,COMPLETE_SUFFICIENT
2024-01-01,24,0,0,0,0,24,0,86384,COMPLETE_SUFFICIENT
2024-01-02,19,1,0,0,4,19,1,68466,PARTIAL
2024-01-03,24,0,0,0,0,24,0,86383,COMPLETE_SUFFICIENT
2024-01-04,24,0,0,0,0,24,0,86384,COMPLETE_SUFFICIENT
2024-01-05,24,0,0,0,0,24,0,86392,COMPLETE_SUFFICIENT
2024-01-06,24,0,0,0,0,24,0,86400,COMPLETE_SUFFICIENT
2024-01-07,24,0,0,0,0,24,0,86400,COMPLETE_SUFFICIENT
2024-01-08,19,2,0,0,3,19,2,68478,PARTIAL
2024-01-09,24,0,0,0,0,24,0,86385,COMPLETE_SUFFICIENT
2024-01-10,24,0,0,0,0,24,0,86392,COMPLETE_SUFFICIENT
2024-01-11,24,0,0,0,0,24,0,86400,COMPLETE_SUFFICIENT
2024-01-12,24,0,0,0,0,24,0,86392,COMPLETE_SUFFICIENT
2024-01-13,24,0,0,0,0,24,0,86400,COMPLETE_SUFFICIENT
2024-01-14,24,0,0,0,0,24,0,86400,COMPLETE_SUFFICIENT
2024-01-15,24,0,0,0,0,24,0,86401,COMPLETE_SUFFICIENT
2024-01-16,24,0,0,0,0,24,0,86400,COMPLETE_SUFFICIENT
2024-01-17,24,0,0,0,0,24,0,86384,COMPLETE_SUFFICIENT
2024-01-18,24,0,0,0,0,24,0,86384,COMPLETE_SUFFICIENT
2024-01-19,24,0,0,0,0,24,0,86392,COMPLETE_SUFFICIENT
2024-01-20,24,0,0,0,0,24,0,86401,COMPLETE_SUFFICIENT
2024-01-21,24,0,0,0,0,24,0,86400,COMPLETE_SUFFICIENT
2024-01-22,24,0,0,0,0,24,0,86384,COMPLETE_SUFFICIENT
2024-01-23,17,1,0,0,6,17,1,60046,PARTIAL
2024-01-24,21,3,0,0,0,24,0,76267,COMPLETE_SUFFICIENT
2024-01-25,24,0,0,0,0,24,0,86392,COMPLETE_SUFFICIENT
2024-01-26,24,0,0,0,0,24,0,86249,COMPLETE_SUFFICIENT
2024-01-27,24,0,0,0,0,24,0,86392,COMPLETE_SUFFICIENT
2024-01-28,24,0,0,0,0,24,0,86392,COMPLETE_SUFFICIENT
2024-01-29,24,0,0,0,0,24,0,86368,COMPLETE_SUFFICIENT
2024-01-30,24,0,0,0,0,24,0,86080,COMPLETE_SUFFICIENT
2024-01-31,24,0,0,0,0,24,0,86385,COMPLETE_SUFFICIENT
2024-02-01,24,0,0,0,0,24,0,86392,COMPLETE_SUFFICIENT
2024-02-02,24,0,0,0,0,24,0,86400,COMPLETE_SUFFICIENT
2024-02-03,24,0,0,0,0,24,0,86392,COMPLETE_SUFFICIENT
2024-02-04,24,0,0,0,0,24,0,86400,COMPLETE_SUFFICIENT
2024-02-05,24,0,0,0,0,24,0,86240,COMPLETE_SUFFICIENT
2024-02-06,24,0,0,0,0,24,0,86401,COMPLETE_SUFFICIENT
2024-02-07,24,0,0,0,0,24,0,86400,COMPLETE_SUFFICIENT
2024-02-08,24,0,0,0,0,24,0,86392,COMPLETE_SUFFICIENT
2024-02-09,24,0,0,0,0,24,0,86400,COMPLETE_SUFFICIENT
2024-02-10,24,0,0,0,0,24,0,86360,COMPLETE_SUFFICIENT
2024-02-11,24,0,0,0,0,24,0,86369,COMPLETE_SUFFICIENT
2024-02-12,19,0,0,0,5,19,0,66558,PARTIAL
2024-02-13,24,0,0,0,0,24,0,86400,COMPLETE_SUFFICIENT
2024-02-14,24,0,0,0,0,24,0,86400,COMPLETE_SUFFICIENT
2024-02-15,24,0,0,0,0,24,0,86384,COMPLETE_SUFFICIENT
2024-02-16,24,0,0,0,0,24,0,86400,COMPLETE_SUFFICIENT
2024-02-17,24,0,0,0,0,24,0,86401,COMPLETE_SUFFICIENT
2024-02-18,24,0,0,0,0,24,0,86400,COMPLETE_SUFFICIENT
2024-02-19,24,0,0,0,0,24,0,86400,COMPLETE_SUFFICIENT
2024-02-20,24,0,0,0,0,24,0,86400,COMPLETE_SUFFICIENT
2024-02-21,24,0,0,0,0,24,0,86400,COMPLETE_SUFFICIENT
2024-02-22,24,0,0,0,0,24,0,86401,COMPLETE_SUFFICIENT
2024-02-23,24,0,0,0,0,24,0,86400,COMPLETE_SUFFICIENT
2024-02-24,24,0,0,0,0,24,0,86400,COMPLETE_SUFFICIENT
2024-02-25,24,0,0,0,0,24,0,86392,COMPLETE_SUFFICIENT
2024-02-26,20,0,0,0,4,20,0,69849,PARTIAL
2024-02-27,24,0,0,0,0,24,0,86400,COMPLETE_SUFFICIENT
2024-02-28,24,0,0,0,0,24,0,86401,COMPLETE_SUFFICIENT
2024-02-29,24,0,0,0,0,24,0,86400,COMPLETE_SUFFICIENT
2024-03-01,24,0,0,0,0,24,0,86400,COMPLETE_SUFFICIENT
2024-03-02,24,0,0,0,0,24,0,86400,COMPLETE_SUFFICIENT
2024-03-03,24,0,0,0,0,24,0,86400,COMPLETE_SUFFICIENT
2024-03-04,24,0,0,0,0,24,0,86400,COMPLETE_SUFFICIENT
2024-03-05,24,0,0,0,0,24,0,86393,COMPLETE_SUFFICIENT
2024-03-06,24,0,0,0,0,24,0,86400,COMPLETE_SUFFICIENT
2024-03-07,24,0,0,0,0,24,0,86392,COMPLETE_SUFFICIENT
2024-03-08,24,0,0,0,0,24,0,86400,COMPLETE_SUFFICIENT
2024-03-09,24,0,0,0,0,24,0,86400,COMPLETE_SUFFICIENT
2024-03-10,24,0,0,0,0,24,0,86401,COMPLETE_SUFFICIENT
2024-03-11,24,0,0,0,0,24,0,86400,COMPLETE_SUFFICIENT
2024-03-12,19,1,0,0,4,18,2,65724,PARTIAL
2024-03-13,24,0,0,0,0,24,0,86400,COMPLETE_SUFFICIENT
2024-03-14,24,0,0,0,0,24,0,86392,COMPLETE_SUFFICIENT
2024-03-15,24,0,0,0,0,24,0,86400,COMPLETE_SUFFICIENT
2024-03-16,24,0,0,0,0,24,0,86401,COMPLETE_SUFFICIENT
2024-03-17,24,0,0,0,0,24,0,86400,COMPLETE_SUFFICIENT
2024-03-18,24,0,0,0,0,24,0,86400,COMPLETE_SUFFICIENT
2024-03-19,24,0,0,0,0,24,0,86384,COMPLETE_SUFFICIENT
2024-03-20,24,0,0,0,0,24,0,86392,COMPLETE_SUFFICIENT
2024-03-21,24,0,0,0,0,24,0,86401,COMPLETE_SUFFICIENT
2024-03-22,24,0,0,0,0,24,0,86400,COMPLETE_SUFFICIENT
2024-03-23,24,0,0,0,0,24,0,86352,COMPLETE_SUFFICIENT
2024-03-24,24,0,0,0,0,24,0,86344,COMPLETE_SUFFICIENT
2024-03-25,24,0,0,0,0,24,0,86400,COMPLETE_SUFFICIENT
2024-03-26,20,0,0,0,4,20,0,69908,PARTIAL
2024-03-27,24,0,0,0,0,24,0,86401,COMPLETE_SUFFICIENT
2024-03-28,24,0,0,0,0,24,0,86400,COMPLETE_SUFFICIENT
2024-03-29,24,0,0,0,0,24,0,86400,COMPLETE_SUFFICIENT
2024-03-30,24,0,0,0,0,24,0,86400,COMPLETE_SUFFICIENT
2024-03-31,24,0,0,0,0,24,0,86400,COMPLETE_SUFFICIENT
2024-04-01,24,0,0,0,0,24,0,86384,COMPLETE_SUFFICIENT
2024-04-02,24,0,0,0,0,24,0,86385,COMPLETE_SUFFICIENT
2024-04-03,24,0,0,0,0,24,0,86400,COMPLETE_SUFFICIENT
2024-04-04,24,0,0,0,0,24,0,86400,COMPLETE_SUFFICIENT
2024-04-05,24,0,0,0,0,24,0,86384,COMPLETE_SUFFICIENT
2024-04-06,24,0,0,0,0,24,0,86400,COMPLETE_SUFFICIENT
2024-04-07,24,0,0,0,0,24,0,86401,COMPLETE_SUFFICIENT
2024-04-08,18,0,0,0,6,18,0,62976,PARTIAL
2024-04-09,24,0,0,0,0,24,0,86392,COMPLETE_SUFFICIENT
2024-04-10,24,0,0,0,0,24,0,86376,COMPLETE_SUFFICIENT
2024-04-11,24,0,0,0,0,24,0,86384,COMPLETE_SUFFICIENT
2024-04-12,24,0,0,0,0,24,0,86393,COMPLETE_SUFFICIENT
2024-04-13,24,0,0,0,0,24,0,86392,COMPLETE_SUFFICIENT
2024-04-14,24,0,0,0,0,24,0,86392,COMPLETE_SUFFICIENT
2024-04-15,24,0,0,0,0,24,0,86400,COMPLETE_SUFFICIENT
2024-04-16,20,0,0,0,4,19,1,68879,PARTIAL
2024-04-17,24,0,0,0,0,24,0,86376,COMPLETE_SUFFICIENT
2024-04-18,24,0,0,0,0,24,0,86401,COMPLETE_SUFFICIENT
2024-04-19,24,0,0,0,0,24,0,86400,COMPLETE_SUFFICIENT
2024-04-20,24,0,0,0,0,24,0,86392,COMPLETE_SUFFICIENT
2024-04-21,24,0,0,0,0,24,0,86400,COMPLETE_SUFFICIENT
2024-04-22,24,0,0,0,0,24,0,86400,COMPLETE_SUFFICIENT
2024-04-23,24,0,0,0,0,24,0,86401,COMPLETE_SUFFICIENT
2024-04-24,24,0,0,0,0,24,0,86400,COMPLETE_SUFFICIENT
2024-04-25,24,0,0,0,0,24,0,86400,COMPLETE_SUFFICIENT
2024-04-26,24,0,0,0,0,24,0,86400,COMPLETE_SUFFICIENT
2024-04-27,24,0,0,0,0,24,0,86400,COMPLETE_SUFFICIENT
2024-04-28,24,0,0,0,0,24,0,86384,COMPLETE_SUFFICIENT
2024-04-29,24,0,0,0,0,24,0,86393,COMPLETE_SUFFICIENT
2024-04-30,19,0,0,0,5,19,0,67147,PARTIAL
2024-05-01,24,0,0,0,0,24,0,86400,COMPLETE_SUFFICIENT
2024-05-02,24,0,0,0,0,24,0,86384,COMPLETE_SUFFICIENT
2024-05-03,24,0,0,0,0,24,0,86400,COMPLETE_SUFFICIENT
2024-05-04,24,0,0,0,0,24,0,86400,COMPLETE_SUFFICIENT
2024-05-05,24,0,0,0,0,24,0,86393,COMPLETE_SUFFICIENT
2024-05-06,24,0,0,0,0,24,0,86392,COMPLETE_SUFFICIENT
2024-05-07,20,0,0,0,4,19,1,68209,PARTIAL
2024-05-08,24,0,0,0,0,24,0,86392,COMPLETE_SUFFICIENT
2024-05-09,24,0,0,0,0,24,0,86400,COMPLETE_SUFFICIENT
2024-05-10,24,0,0,0,0,24,0,86377,COMPLETE_SUFFICIENT
2024-05-11,24,0,0,0,0,24,0,86360,COMPLETE_SUFFICIENT
2024-05-12,24,0,0,0,0,24,0,86376,COMPLETE_SUFFICIENT
2024-05-13,24,0,0,0,0,24,0,86400,COMPLETE_SUFFICIENT
2024-05-14,24,0,0,0,0,24,0,86392,COMPLETE_SUFFICIENT
2024-05-15,24,0,0,0,0,24,0,86392,COMPLETE_SUFFICIENT
2024-05-16,24,0,0,0,0,24,0,86401,COMPLETE_SUFFICIENT
2024-05-17,24,0,0,0,0,24,0,86400,COMPLETE_SUFFICIENT
2024-05-18,24,0,0,0,0,24,0,86400,COMPLETE_SUFFICIENT
2024-05-19,24,0,0,0,0,24,0,86400,COMPLETE_SUFFICIENT
2024-05-20,20,0,0,0,4,19,1,68561,PARTIAL
2024-05-21,24,0,0,0,0,24,0,86401,COMPLETE_SUFFICIENT
2024-05-22,24,0,0,0,0,24,0,86400,COMPLETE_SUFFICIENT
2024-05-23,24,0,0,0,0,24,0,86400,COMPLETE_SUFFICIENT
2024-05-24,24,0,0,0,0,24,0,86392,COMPLETE_SUFFICIENT
2024-05-25,24,0,0,0,0,24,0,86400,COMPLETE_SUFFICIENT
2024-05-26,24,0,0,0,0,24,0,86361,COMPLETE_SUFFICIENT
2024-05-27,24,0,0,0,0,24,0,86400,COMPLETE_SUFFICIENT
2024-05-28,23,0,0,0,1,23,0,81214,PARTIAL
2024-05-29,21,3,0,0,0,24,0,75763,COMPLETE_SUFFICIENT
2024-05-30,24,0,0,0,0,24,0,86392,COMPLETE_SUFFICIENT
2024-05-31,24,0,0,0,0,24,0,86392,COMPLETE_SUFFICIENT
2024-06-01,24,0,0,0,0,24,0,86393,COMPLETE_SUFFICIENT
2024-06-02,24,0,0,0,0,24,0,86400,COMPLETE_SUFFICIENT
2024-06-03,20,0,0,0,4,20,0,69433,PARTIAL
2024-06-04,24,0,0,0,0,24,0,86384,COMPLETE_SUFFICIENT
2024-06-05,24,0,0,0,0,24,0,86400,COMPLETE_SUFFICIENT
2024-06-06,24,0,0,0,0,24,0,86400,COMPLETE_SUFFICIENT
2024-06-07,24,0,0,0,0,24,0,86393,COMPLETE_SUFFICIENT
2024-06-08,24,0,0,0,0,24,0,86352,COMPLETE_SUFFICIENT
2024-06-09,24,0,0,0,0,24,0,86392,COMPLETE_SUFFICIENT
2024-06-10,24,0,0,0,0,24,0,86368,COMPLETE_SUFFICIENT
2024-06-11,24,0,0,0,0,24,0,86376,COMPLETE_SUFFICIENT
2024-06-12,24,0,0,0,0,24,0,86385,COMPLETE_SUFFICIENT
2024-06-13,24,0,0,0,0,24,0,86393,COMPLETE_SUFFICIENT
2024-06-14,24,0,0,0,0,24,0,86400,COMPLETE_SUFFICIENT
2024-06-15,24,0,0,0,0,24,0,86392,COMPLETE_SUFFICIENT
2024-06-16,24,0,0,0,0,24,0,86392,COMPLETE_SUFFICIENT
2024-06-17,24,0,0,0,0,24,0,86392,COMPLETE_SUFFICIENT
2024-06-18,19,0,5,0,0,24,0,66853,COMPLETE_SUFFICIENT
2024-06-19,24,0,0,0,0,24,0,86400,COMPLETE_SUFFICIENT
2024-06-20,24,0,0,0,0,24,0,86392,COMPLETE_SUFFICIENT
2024-06-21,24,0,0,0,0,24,0,86400,COMPLETE_SUFFICIENT
2024-06-22,24,0,0,0,0,24,0,86400,COMPLETE_SUFFICIENT
2024-06-23,24,0,0,0,0,24,0,86393,COMPLETE_SUFFICIENT
2024-06-24,24,0,0,0,0,24,0,86400,COMPLETE_SUFFICIENT
2024-06-25,24,0,0,0,0,24,0,86400,COMPLETE_SUFFICIENT
2024-06-26,24,0,0,0,0,24,0,86400,COMPLETE_SUFFICIENT
2024-06-27,24,0,0,0,0,24,0,86400,COMPLETE_SUFFICIENT
2024-06-28,24,0,0,0,0,24,0,86393,COMPLETE_SUFFICIENT
2024-06-29,24,0,0,0,0,24,0,86400,COMPLETE_SUFFICIENT
2024-06-30,24,0,0,0,0,24,0,86392,COMPLETE_SUFFICIENT
2024-07-01,24,0,0,0,0,24,0,86392,COMPLETE_SUFFICIENT
2024-07-02,19,0,5,0,0,24,0,67631,COMPLETE_SUFFICIENT
2024-07-03,24,0,0,0,0,24,0,86400,COMPLETE_SUFFICIENT
2024-07-04,24,0,0,0,0,24,0,86385,COMPLETE_SUFFICIENT
2024-07-05,24,0,0,0,0,24,0,86384,COMPLETE_SUFFICIENT
2024-07-06,24,0,0,0,0,24,0,86400,COMPLETE_SUFFICIENT
2024-07-07,24,0,0,0,0,24,0,86376,COMPLETE_SUFFICIENT
2024-07-08,24,0,0,0,0,24,0,86392,COMPLETE_SUFFICIENT
2024-07-09,19,0,5,0,0,24,0,68131,COMPLETE_SUFFICIENT
2024-07-10,24,0,0,0,0,24,0,86400,COMPLETE_SUFFICIENT
2024-07-11,24,0,0,0,0,24,0,86384,COMPLETE_SUFFICIENT
2024-07-12,24,0,0,0,0,24,0,86392,COMPLETE_SUFFICIENT
2024-07-13,24,0,0,0,0,24,0,86400,COMPLETE_SUFFICIENT
2024-07-14,24,0,0,0,0,24,0,86400,COMPLETE_SUFFICIENT
2024-07-15,24,0,0,0,0,24,0,86401,COMPLETE_SUFFICIENT
2024-07-16,24,0,0,0,0,24,0,86400,COMPLETE_SUFFICIENT
2024-07-17,24,0,0,0,0,24,0,86384,COMPLETE_SUFFICIENT
2024-07-18,24,0,0,0,0,24,0,86400,COMPLETE_SUFFICIENT
2024-07-19,24,0,0,0,0,24,0,86392,COMPLETE_SUFFICIENT
2024-07-20,24,0,0,0,0,24,0,86401,COMPLETE_SUFFICIENT
2024-07-21,24,0,0,0,0,24,0,86400,COMPLETE_SUFFICIENT
2024-07-22,24,0,0,0,0,24,0,86392,COMPLETE_SUFFICIENT
2024-07-23,24,0,0,0,0,24,0,86376,COMPLETE_SUFFICIENT
2024-07-24,24,0,0,0,0,24,0,86368,COMPLETE_SUFFICIENT
2024-07-25,24,0,0,0,0,24,0,86393,COMPLETE_SUFFICIENT
2024-07-26,24,0,0,0,0,24,0,86400,COMPLETE_SUFFICIENT
2024-07-27,24,0,0,0,0,24,0,86400,COMPLETE_SUFFICIENT
2024-07-28,24,0,0,0,0,24,0,86368,COMPLETE_SUFFICIENT
2024-07-29,24,0,0,0,0,24,0,86360,COMPLETE_SUFFICIENT
2024-07-30,19,0,5,0,0,24,0,68475,COMPLETE_SUFFICIENT
2024-07-31,24,0,0,0,0,24,0,86401,COMPLETE_SUFFICIENT
2024-08-01,24,0,0,0,0,24,0,86400,COMPLETE_SUFFICIENT
2024-08-02,24,0,0,0,0,24,0,86376,COMPLETE_SUFFICIENT
2024-08-03,24,0,0,0,0,24,0,86400,COMPLETE_SUFFICIENT
2024-08-04,24,0,0,0,0,24,0,86240,COMPLETE_SUFFICIENT
2024-08-05,24,0,0,0,0,24,0,86393,COMPLETE_SUFFICIENT
2024-08-06,18,0,6,0,0,24,0,64370,COMPLETE_SUFFICIENT
2024-08-07,24,0,0,0,0,24,0,86400,COMPLETE_SUFFICIENT
2024-08-08,24,0,0,0,0,24,0,86400,COMPLETE_SUFFICIENT
2024-08-09,24,0,0,0,0,24,0,86400,COMPLETE_SUFFICIENT
2024-08-10,24,0,0,0,0,24,0,86400,COMPLETE_SUFFICIENT
2024-08-11,24,0,0,0,0,24,0,86401,COMPLETE_SUFFICIENT
2024-08-12,24,0,0,0,0,24,0,86392,COMPLETE_SUFFICIENT
2024-08-13,19,0,5,0,0,24,0,68475,COMPLETE_SUFFICIENT
2024-08-14,24,0,0,0,0,24,0,86372,COMPLETE_SUFFICIENT
2024-08-15,24,0,0,0,0,24,0,86400,COMPLETE_SUFFICIENT
2024-08-16,24,0,0,0,0,24,0,86401,COMPLETE_SUFFICIENT
2024-08-17,24,0,0,0,0,24,0,85760,COMPLETE_SUFFICIENT
2024-08-18,24,0,0,0,0,24,0,86400,COMPLETE_SUFFICIENT
2024-08-19,24,0,0,0,0,24,0,86400,COMPLETE_SUFFICIENT
2024-08-20,24,0,0,0,0,24,0,86400,COMPLETE_SUFFICIENT
2024-08-21,24,0,0,0,0,24,0,86400,COMPLETE_SUFFICIENT
2024-08-22,24,0,0,0,0,24,0,86401,COMPLETE_SUFFICIENT
2024-08-23,24,0,0,0,0,24,0,86400,COMPLETE_SUFFICIENT
2024-08-24,24,0,0,0,0,24,0,86400,COMPLETE_SUFFICIENT
2024-08-25,24,0,0,0,0,24,0,86400,COMPLETE_SUFFICIENT
2024-08-26,24,0,0,0,0,24,0,86400,COMPLETE_SUFFICIENT
2024-08-27,19,0,5,0,0,24,0,68240,COMPLETE_SUFFICIENT
2024-08-28,24,0,0,0,0,24,0,86208,COMPLETE_SUFFICIENT
2024-08-29,24,0,0,0,0,24,0,86400,COMPLETE_SUFFICIENT
2024-08-30,24,0,0,0,0,24,0,86392,COMPLETE_SUFFICIENT
2024-08-31,24,0,0,0,0,24,0,86400,COMPLETE_SUFFICIENT
2024-09-01,24,0,0,0,0,24,0,86385,COMPLETE_SUFFICIENT
2024-09-02,24,0,0,0,0,24,0,86400,COMPLETE_SUFFICIENT
2024-09-03,24,0,0,0,0,24,0,86400,COMPLETE_SUFFICIENT
2024-09-04,24,0,0,0,0,24,0,86376,COMPLETE_SUFFICIENT
2024-09-05,24,0,0,0,0,24,0,86400,COMPLETE_SUFFICIENT
2024-09-06,24,0,0,0,0,24,0,86400,COMPLETE_SUFFICIENT
2024-09-07,24,0,0,0,0,24,0,86401,COMPLETE_SUFFICIENT
2024-09-08,24,0,0,0,0,24,0,86400,COMPLETE_SUFFICIENT
2024-09-09,24,0,0,0,0,24,0,86400,COMPLETE_SUFFICIENT
2024-09-10,24,0,0,0,0,24,0,86400,COMPLETE_SUFFICIENT
2024-09-11,24,0,0,0,0,24,0,86400,COMPLETE_SUFFICIENT
2024-09-12,24,0,0,0,0,24,0,86392,COMPLETE_SUFFICIENT
2024-09-13,24,0,0,0,0,24,0,86401,COMPLETE_SUFFICIENT
2024-09-14,24,0,0,0,0,24,0,86400,COMPLETE_SUFFICIENT
2024-09-15,24,0,0,0,0,24,0,86400,COMPLETE_SUFFICIENT
2024-09-16,24,0,0,0,0,24,0,86400,COMPLETE_SUFFICIENT
2024-09-17,20,0,4,0,0,24,0,72060,COMPLETE_SUFFICIENT
2024-09-18,24,0,0,0,0,23,1,83408,COMPLETE_WITH_BEST_AVAILABLE
2024-09-19,24,0,0,0,0,24,0,86400,COMPLETE_SUFFICIENT
2024-09-20,24,0,0,0,0,24,0,86392,COMPLETE_SUFFICIENT
2024-09-21,24,0,0,0,0,24,0,86400,COMPLETE_SUFFICIENT
2024-09-22,24,0,0,0,0,24,0,86392,COMPLETE_SUFFICIENT
2024-09-23,24,0,0,0,0,24,0,86400,COMPLETE_SUFFICIENT
2024-09-24,24,0,0,0,0,24,0,86393,COMPLETE_SUFFICIENT
2024-09-25,24,0,0,0,0,24,0,86400,COMPLETE_SUFFICIENT
2024-09-26,24,0,0,0,0,24,0,86400,COMPLETE_SUFFICIENT
2024-09-27,24,0,0,0,0,24,0,86392,COMPLETE_SUFFICIENT
2024-09-28,24,0,0,0,0,24,0,86392,COMPLETE_SUFFICIENT
2024-09-29,24,0,0,0,0,24,0,86366,COMPLETE_SUFFICIENT
2024-09-30,24,0,0,0,0,24,0,86400,COMPLETE_SUFFICIENT
2024-10-01,18,0,0,0,6,17,1,61589,PARTIAL
2024-10-02,11,0,0,0,13,11,0,38915,PARTIAL
2024-10-03,24,0,0,0,0,24,0,86400,COMPLETE_SUFFICIENT
2024-10-04,24,0,0,0,0,24,0,86400,COMPLETE_SUFFICIENT
2024-10-05,24,0,0,0,0,24,0,86401,COMPLETE_SUFFICIENT
2024-10-06,24,0,0,0,0,24,0,86400,COMPLETE_SUFFICIENT
2024-10-07,24,0,0,0,0,24,0,86400,COMPLETE_SUFFICIENT
2024-10-08,20,1,0,0,3,19,2,69501,PARTIAL
2024-10-09,24,0,0,0,0,24,0,86368,COMPLETE_SUFFICIENT
2024-10-10,24,0,0,0,0,24,0,86361,COMPLETE_SUFFICIENT
2024-10-11,24,0,0,0,0,24,0,86400,COMPLETE_SUFFICIENT
2024-10-12,24,0,0,0,0,24,0,86392,COMPLETE_SUFFICIENT
2024-10-13,24,0,0,0,0,24,0,86400,COMPLETE_SUFFICIENT
2024-10-14,24,0,0,0,0,24,0,86400,COMPLETE_SUFFICIENT
2024-10-15,24,0,0,0,0,24,0,86401,COMPLETE_SUFFICIENT
2024-10-16,24,0,0,0,0,24,0,86400,COMPLETE_SUFFICIENT
2024-10-17,24,0,0,0,0,24,0,86400,COMPLETE_SUFFICIENT
2024-10-18,24,0,0,0,0,24,0,86400,COMPLETE_SUFFICIENT
2024-10-19,24,0,0,0,0,24,0,86384,COMPLETE_SUFFICIENT
2024-10-20,24,0,0,0,0,24,0,86400,COMPLETE_SUFFICIENT
2024-10-21,24,0,0,0,0,24,0,86401,COMPLETE_SUFFICIENT
2024-10-22,19,1,0,0,4,19,1,67583,PARTIAL
2024-10-23,24,0,0,0,0,24,0,86400,COMPLETE_SUFFICIENT
2024-10-24,24,0,0,0,0,24,0,86392,COMPLETE_SUFFICIENT
2024-10-25,24,0,0,0,0,24,0,86400,COMPLETE_SUFFICIENT
2024-10-26,24,0,0,0,0,24,0,86137,COMPLETE_SUFFICIENT
2024-10-27,24,0,0,0,0,24,0,86144,COMPLETE_SUFFICIENT
2024-10-28,24,0,0,0,0,24,0,86248,COMPLETE_SUFFICIENT
2024-10-29,21,1,0,0,2,21,1,75619,PARTIAL
2024-10-30,22,2,0,0,0,24,0,79650,COMPLETE_SUFFICIENT
2024-10-31,24,0,0,0,0,24,0,86400,COMPLETE_SUFFICIENT
2024-11-01,24,0,0,0,0,24,0,86401,COMPLETE_SUFFICIENT
2024-11-02,24,0,0,0,0,24,0,86400,COMPLETE_SUFFICIENT
2024-11-03,24,0,0,0,0,24,0,86400,COMPLETE_SUFFICIENT
2024-11-04,24,0,0,0,0,24,0,86384,COMPLETE_SUFFICIENT
2024-11-05,19,1,0,0,4,19,1,68134,PARTIAL
2024-11-06,24,0,0,0,0,24,0,86392,COMPLETE_SUFFICIENT
2024-11-07,24,0,0,0,0,24,0,86393,COMPLETE_SUFFICIENT
2024-11-08,24,0,0,0,0,24,0,86400,COMPLETE_SUFFICIENT
2024-11-09,24,0,0,0,0,24,0,86400,COMPLETE_SUFFICIENT
2024-11-10,24,0,0,0,0,24,0,86400,COMPLETE_SUFFICIENT
2024-11-11,24,0,0,0,0,24,0,86376,COMPLETE_SUFFICIENT
2024-11-12,24,0,0,0,0,24,0,86385,COMPLETE_SUFFICIENT
2024-11-13,24,0,0,0,0,24,0,86400,COMPLETE_SUFFICIENT
2024-11-14,24,0,0,0,0,24,0,86400,COMPLETE_SUFFICIENT
2024-11-15,24,0,0,0,0,24,0,86400,COMPLETE_SUFFICIENT
2024-11-16,24,0,0,0,0,24,0,86400,COMPLETE_SUFFICIENT
2024-11-17,24,0,0,0,0,24,0,86401,COMPLETE_SUFFICIENT
2024-11-18,24,0,0,0,0,24,0,86400,COMPLETE_SUFFICIENT
2024-11-19,19,0,0,0,5,19,0,67831,PARTIAL
2024-11-20,24,0,0,0,0,24,0,84993,COMPLETE_SUFFICIENT
2024-11-21,24,0,0,0,0,24,0,86392,COMPLETE_SUFFICIENT
2024-11-22,24,0,0,0,0,24,0,86400,COMPLETE_SUFFICIENT
2024-11-23,24,0,0,0,0,24,0,86401,COMPLETE_SUFFICIENT
2024-11-24,24,0,0,0,0,24,0,86400,COMPLETE_SUFFICIENT
2024-11-25,24,0,0,0,0,24,0,86400,COMPLETE_SUFFICIENT
2024-11-26,24,0,0,0,0,24,0,86400,COMPLETE_SUFFICIENT
2024-11-27,24,0,0,0,0,24,0,86400,COMPLETE_SUFFICIENT
2024-11-28,24,0,0,0,0,24,0,86400,COMPLETE_SUFFICIENT
2024-11-29,24,0,0,0,0,24,0,86401,COMPLETE_SUFFICIENT
2024-11-30,24,0,0,0,0,22,2,81710,COMPLETE_WITH_BEST_AVAILABLE
2024-12-01,24,0,0,0,0,24,0,86368,COMPLETE_SUFFICIENT
2024-12-02,24,0,0,0,0,24,0,86400,COMPLETE_SUFFICIENT
2024-12-03,19,1,0,0,4,19,1,68068,PARTIAL
2024-12-04,24,0,0,0,0,24,0,86401,COMPLETE_SUFFICIENT
2024-12-05,24,0,0,0,0,24,0,86400,COMPLETE_SUFFICIENT
2024-12-06,24,0,0,0,0,24,0,86400,COMPLETE_SUFFICIENT
2024-12-07,24,0,0,0,0,24,0,86376,COMPLETE_SUFFICIENT
2024-12-08,24,0,0,0,0,24,0,86400,COMPLETE_SUFFICIENT
2024-12-09,20,1,0,0,3,19,2,68953,PARTIAL
2024-12-10,24,0,0,0,0,24,0,86401,COMPLETE_SUFFICIENT
2024-12-11,24,0,0,0,0,24,0,86400,COMPLETE_SUFFICIENT
2024-12-12,24,0,0,0,0,24,0,86400,COMPLETE_SUFFICIENT
2024-12-13,24,0,0,0,0,24,0,86400,COMPLETE_SUFFICIENT
2024-12-14,24,0,0,0,0,24,0,86400,COMPLETE_SUFFICIENT
2024-12-15,24,0,0,0,0,24,0,86401,COMPLETE_SUFFICIENT
2024-12-16,20,0,0,0,4,19,1,69819,PARTIAL
2024-12-17,24,0,0,0,0,24,0,86400,COMPLETE_SUFFICIENT
2024-12-18,24,0,0,0,0,24,0,86400,COMPLETE_SUFFICIENT
2024-12-19,24,0,0,0,0,24,0,86391,COMPLETE_SUFFICIENT
2024-12-20,24,0,0,0,0,24,0,86400,COMPLETE_SUFFICIENT
2024-12-21,24,0,0,0,0,24,0,86401,COMPLETE_SUFFICIENT
2024-12-22,24,0,0,0,0,24,0,86400,COMPLETE_SUFFICIENT
2024-12-23,24,0,0,0,0,24,0,86392,COMPLETE_SUFFICIENT
2024-12-24,24,0,0,0,0,24,0,86400,COMPLETE_SUFFICIENT
2024-12-25,24,0,0,0,0,24,0,86400,COMPLETE_SUFFICIENT
2024-12-26,24,0,0,0,0,24,0,86384,COMPLETE_SUFFICIENT
2024-12-27,24,0,0,0,0,24,0,86393,COMPLETE_SUFFICIENT
2024-12-28,24,0,0,0,0,24,0,86400,COMPLETE_SUFFICIENT
2024-12-29,24,0,0,0,0,24,0,86400,COMPLETE_SUFFICIENT
2024-12-30,19,1,0,0,4,19,1,67982,PARTIAL
2024-12-31,24,0,0,0,0,24,0,86392,COMPLETE_SUFFICIENT
2025-01-01,24,0,0,0,0,24,0,86273,COMPLETE_SUFFICIENT
2025-01-02,24,0,0,0,0,24,0,86392,COMPLETE_SUFFICIENT
2025-01-03,24,0,0,0,0,24,0,86400,COMPLETE_SUFFICIENT
2025-01-04,24,0,0,0,0,24,0,86400,COMPLETE_SUFFICIENT
2025-01-05,24,0,0,0,0,24,0,86400,COMPLETE_SUFFICIENT
2025-01-06,24,0,0,0,0,24,0,86393,COMPLETE_SUFFICIENT
2025-01-07,24,0,0,0,0,24,0,86400,COMPLETE_SUFFICIENT
2025-01-08,24,0,0,0,0,24,0,83200,COMPLETE_SUFFICIENT
2025-01-09,16,0,0,0,8,16,0,56696,PARTIAL
2025-01-10,24,0,0,0,0,24,0,86400,COMPLETE_SUFFICIENT
2025-01-11,24,0,0,0,0,24,0,86352,COMPLETE_SUFFICIENT
2025-01-12,24,0,0,0,0,24,0,86401,COMPLETE_SUFFICIENT
2025-01-13,24,0,0,0,0,24,0,86400,COMPLETE_SUFFICIENT
2025-01-14,19,0,0,0,5,19,0,66259,PARTIAL
2025-01-15,24,0,0,0,0,24,0,86400,COMPLETE_SUFFICIENT
2025-01-16,24,0,0,0,0,24,0,86400,COMPLETE_SUFFICIENT
2025-01-17,24,0,0,0,0,24,0,86401,COMPLETE_SUFFICIENT
2025-01-18,24,0,0,0,0,24,0,86384,COMPLETE_SUFFICIENT
2025-01-19,24,0,0,0,0,24,0,86400,COMPLETE_SUFFICIENT
2025-01-20,24,0,0,0,0,24,0,86400,COMPLETE_SUFFICIENT
2025-01-21,24,0,0,0,0,24,0,86400,COMPLETE_SUFFICIENT
2025-01-22,24,0,0,0,0,24,0,86384,COMPLETE_SUFFICIENT
2025-01-23,24,0,0,0,0,24,0,86393,COMPLETE_SUFFICIENT
2025-01-24,24,0,0,0,0,24,0,86400,COMPLETE_SUFFICIENT
2025-01-25,24,0,0,0,0,24,0,86400,COMPLETE_SUFFICIENT
2025-01-26,24,0,0,0,0,24,0,86400,COMPLETE_SUFFICIENT
2025-01-27,24,0,0,0,0,24,0,86400,COMPLETE_SUFFICIENT
2025-01-28,20,0,0,0,4,20,0,71287,PARTIAL
2025-01-29,24,0,0,0,0,24,0,85155,COMPLETE_SUFFICIENT
2025-01-30,24,0,0,0,0,24,0,86384,COMPLETE_SUFFICIENT
2025-01-31,24,0,0,0,0,24,0,86400,COMPLETE_SUFFICIENT
2025-02-01,24,0,0,0,0,24,0,86400,COMPLETE_SUFFICIENT
2025-02-02,24,0,0,0,0,24,0,86400,COMPLETE_SUFFICIENT
2025-02-03,24,0,0,0,0,24,0,86401,COMPLETE_SUFFICIENT
2025-02-04,19,1,0,0,4,18,2,65478,PARTIAL
2025-02-05,24,0,0,0,0,24,0,86384,COMPLETE_SUFFICIENT
2025-02-06,24,0,0,0,0,24,0,86392,COMPLETE_SUFFICIENT
2025-02-07,24,0,0,0,0,24,0,86392,COMPLETE_SUFFICIENT
2025-02-08,24,0,0,0,0,24,0,86400,COMPLETE_SUFFICIENT
2025-02-09,24,0,0,0,0,24,0,86057,COMPLETE_SUFFICIENT
2025-02-10,24,0,0,0,0,24,0,86392,COMPLETE_SUFFICIENT
2025-02-11,19,1,0,0,4,19,1,67601,PARTIAL
2025-02-12,24,0,0,0,0,24,0,86400,COMPLETE_SUFFICIENT
2025-02-13,24,0,0,0,0,24,0,86400,COMPLETE_SUFFICIENT
2025-02-14,24,0,0,0,0,24,0,86401,COMPLETE_SUFFICIENT
2025-02-15,24,0,0,0,0,24,0,86392,COMPLETE_SUFFICIENT
2025-02-16,24,0,0,0,0,24,0,86400,COMPLETE_SUFFICIENT
2025-02-17,24,0,0,0,0,24,0,86400,COMPLETE_SUFFICIENT
2025-02-18,24,0,0,0,0,24,0,86400,COMPLETE_SUFFICIENT
2025-02-19,24,0,0,0,0,24,0,86400,COMPLETE_SUFFICIENT
2025-02-20,24,0,0,0,0,24,0,86401,COMPLETE_SUFFICIENT
2025-02-21,24,0,0,0,0,24,0,86400,COMPLETE_SUFFICIENT
2025-02-22,24,0,0,0,0,24,0,86392,COMPLETE_SUFFICIENT
2025-02-23,24,0,0,0,0,24,0,86400,COMPLETE_SUFFICIENT
2025-02-24,24,0,0,0,0,24,0,86400,COMPLETE_SUFFICIENT
2025-02-25,24,0,0,0,0,24,0,86393,COMPLETE_SUFFICIENT
2025-02-26,24,0,0,0,0,24,0,86400,COMPLETE_SUFFICIENT
2025-02-27,24,0,0,0,0,24,0,86400,COMPLETE_SUFFICIENT
2025-02-28,24,0,0,0,0,24,0,86400,COMPLETE_SUFFICIENT
2025-03-01,24,0,0,0,0,24,0,86392,COMPLETE_SUFFICIENT
2025-03-02,24,0,0,0,0,24,0,86400,COMPLETE_SUFFICIENT
2025-03-03,24,0,0,0,0,24,0,86393,COMPLETE_SUFFICIENT
2025-03-04,19,0,5,0,0,24,0,66017,COMPLETE_SUFFICIENT
2025-03-05,24,0,0,0,0,24,0,86392,COMPLETE_SUFFICIENT
2025-03-06,24,0,0,0,0,24,0,86400,COMPLETE_SUFFICIENT
2025-03-07,24,0,0,0,0,24,0,86400,COMPLETE_SUFFICIENT
2025-03-08,24,0,0,0,0,24,0,85985,COMPLETE_SUFFICIENT
2025-03-09,24,0,0,0,0,24,0,86248,COMPLETE_SUFFICIENT
2025-03-10,24,0,0,0,0,24,0,86400,COMPLETE_SUFFICIENT
2025-03-11,19,0,5,0,0,24,0,68475,COMPLETE_SUFFICIENT
2025-03-12,24,0,0,0,0,24,0,86400,COMPLETE_SUFFICIENT
2025-03-13,24,0,0,0,0,24,0,86400,COMPLETE_SUFFICIENT
2025-03-14,24,0,0,0,0,24,0,86401,COMPLETE_SUFFICIENT
2025-03-15,24,0,0,0,0,24,0,86400,COMPLETE_SUFFICIENT
2025-03-16,24,0,0,0,0,24,0,86400,COMPLETE_SUFFICIENT
2025-03-17,19,0,5,0,0,24,0,68475,COMPLETE_SUFFICIENT
2025-03-18,24,0,0,0,0,24,0,86400,COMPLETE_SUFFICIENT
2025-03-19,24,0,0,0,0,24,0,86385,COMPLETE_SUFFICIENT
2025-03-20,24,0,0,0,0,24,0,86392,COMPLETE_SUFFICIENT
2025-03-21,24,0,0,0,0,24,0,86392,COMPLETE_SUFFICIENT
2025-03-22,24,0,0,0,0,24,0,86400,COMPLETE_SUFFICIENT
2025-03-23,24,0,0,0,0,24,0,86400,COMPLETE_SUFFICIENT
2025-03-24,24,0,0,0,0,24,0,86368,COMPLETE_SUFFICIENT
2025-03-25,21,0,3,0,0,24,0,75646,COMPLETE_SUFFICIENT
2025-03-26,22,2,0,0,0,24,0,79634,COMPLETE_SUFFICIENT
2025-03-27,24,0,0,0,0,24,0,86392,COMPLETE_SUFFICIENT
2025-03-28,24,0,0,0,0,24,0,86312,COMPLETE_SUFFICIENT
2025-03-29,24,0,0,0,0,24,0,86376,COMPLETE_SUFFICIENT
2025-03-30,24,0,0,0,0,24,0,86385,COMPLETE_SUFFICIENT
2025-03-31,24,0,0,0,0,24,0,86400,COMPLETE_SUFFICIENT
2025-04-01,20,0,4,0,0,24,0,69054,COMPLETE_SUFFICIENT
2025-04-02,24,0,0,0,0,24,0,86400,COMPLETE_SUFFICIENT
2025-04-03,24,0,0,0,0,24,0,86368,COMPLETE_SUFFICIENT
2025-04-04,24,0,0,0,0,24,0,86400,COMPLETE_SUFFICIENT
2025-04-05,24,0,0,0,0,24,0,86401,COMPLETE_SUFFICIENT
2025-04-06,24,0,0,0,0,24,0,86400,COMPLETE_SUFFICIENT
2025-04-07,24,0,0,0,0,24,0,86400,COMPLETE_SUFFICIENT
2025-04-08,24,0,0,0,0,24,0,86400,COMPLETE_SUFFICIENT
2025-04-09,19,0,5,0,0,24,0,68475,COMPLETE_SUFFICIENT
2025-04-10,24,0,0,0,0,24,0,86401,COMPLETE_SUFFICIENT
2025-04-11,24,0,0,0,0,24,0,86400,COMPLETE_SUFFICIENT
2025-04-12,24,0,0,0,0,24,0,86400,COMPLETE_SUFFICIENT
2025-04-13,24,0,0,0,0,24,0,86400,COMPLETE_SUFFICIENT
2025-04-14,24,0,0,0,0,24,0,86400,COMPLETE_SUFFICIENT
2025-04-15,19,0,5,0,0,24,0,68476,COMPLETE_SUFFICIENT
2025-04-16,24,0,0,0,0,24,0,86400,COMPLETE_SUFFICIENT
2025-04-17,24,0,0,0,0,24,0,86400,COMPLETE_SUFFICIENT
2025-04-18,24,0,0,0,0,24,0,86400,COMPLETE_SUFFICIENT
2025-04-19,24,0,0,0,0,24,0,86400,COMPLETE_SUFFICIENT
2025-04-20,24,0,0,0,0,24,0,86400,COMPLETE_SUFFICIENT
2025-04-21,24,0,0,0,0,24,0,86401,COMPLETE_SUFFICIENT
2025-04-22,19,0,5,0,0,24,0,68475,COMPLETE_SUFFICIENT
2025-04-23,24,0,0,0,0,24,0,86376,COMPLETE_SUFFICIENT
2025-04-24,24,0,0,0,0,24,0,86400,COMPLETE_SUFFICIENT
2025-04-25,24,0,0,0,0,24,0,86400,COMPLETE_SUFFICIENT
2025-04-26,24,0,0,0,0,24,0,86385,COMPLETE_SUFFICIENT
2025-04-27,24,0,0,0,0,24,0,86400,COMPLETE_SUFFICIENT
2025-04-28,19,0,5,0,0,24,0,68264,COMPLETE_SUFFICIENT
2025-04-29,24,0,0,0,0,24,0,86400,COMPLETE_SUFFICIENT
2025-04-30,24,0,0,0,0,24,0,86392,COMPLETE_SUFFICIENT
2025-05-01,24,0,0,0,0,24,0,86400,COMPLETE_SUFFICIENT
2025-05-02,24,0,0,0,0,24,0,86401,COMPLETE_SUFFICIENT
2025-05-03,24,0,0,0,0,24,0,86400,COMPLETE_SUFFICIENT
2025-05-04,24,0,0,0,0,24,0,86400,COMPLETE_SUFFICIENT
2025-05-05,19,0,5,0,0,24,0,68475,COMPLETE_SUFFICIENT
2025-05-06,24,0,0,0,0,24,0,86400,COMPLETE_SUFFICIENT
2025-05-07,24,0,0,0,0,24,0,86401,COMPLETE_SUFFICIENT
2025-05-08,24,0,0,0,0,24,0,86400,COMPLETE_SUFFICIENT
2025-05-09,24,0,0,0,0,24,0,86400,COMPLETE_SUFFICIENT
2025-05-10,24,0,0,0,0,24,0,86400,COMPLETE_SUFFICIENT
2025-05-11,24,0,0,0,0,24,0,86400,COMPLETE_SUFFICIENT
2025-05-12,24,0,0,0,0,24,0,86401,COMPLETE_SUFFICIENT
2025-05-13,18,0,6,0,0,24,0,64890,COMPLETE_SUFFICIENT
2025-05-14,24,0,0,0,0,24,0,86384,COMPLETE_SUFFICIENT
2025-05-15,24,0,0,0,0,24,0,86392,COMPLETE_SUFFICIENT
2025-05-16,24,0,0,0,0,24,0,86376,COMPLETE_SUFFICIENT
2025-05-17,24,0,0,0,0,24,0,86400,COMPLETE_SUFFICIENT
2025-05-18,24,0,0,0,0,24,0,86401,COMPLETE_SUFFICIENT
2025-05-19,24,0,0,0,0,24,0,86376,COMPLETE_SUFFICIENT
2025-05-20,19,0,5,0,0,24,0,67865,COMPLETE_SUFFICIENT
2025-05-21,24,0,0,0,0,24,0,86400,COMPLETE_SUFFICIENT
2025-05-22,24,0,0,0,0,24,0,86400,COMPLETE_SUFFICIENT
2025-05-23,24,0,0,0,0,24,0,86401,COMPLETE_SUFFICIENT
2025-05-24,24,0,0,0,0,24,0,86400,COMPLETE_SUFFICIENT
2025-05-25,24,0,0,0,0,24,0,86400,COMPLETE_SUFFICIENT
2025-05-26,24,0,0,0,0,24,0,86400,COMPLETE_SUFFICIENT
2025-05-27,24,0,0,0,0,24,0,86400,COMPLETE_SUFFICIENT
2025-05-28,24,0,0,0,0,24,0,83552,COMPLETE_SUFFICIENT
2025-05-29,24,0,0,0,0,24,0,86329,COMPLETE_SUFFICIENT
2025-05-30,24,0,0,0,0,24,0,86393,COMPLETE_SUFFICIENT
2025-05-31,24,0,0,0,0,24,0,86400,COMPLETE_SUFFICIENT
2025-06-01,24,0,0,0,0,24,0,86352,COMPLETE_SUFFICIENT
2025-06-02,24,0,0,0,0,24,0,86400,COMPLETE_SUFFICIENT
2025-06-03,20,0,4,0,0,24,0,70289,COMPLETE_SUFFICIENT
2025-06-04,24,0,0,0,0,24,0,85720,COMPLETE_SUFFICIENT
2025-06-05,24,0,0,0,0,24,0,86296,COMPLETE_SUFFICIENT
2025-06-06,24,0,0,0,0,24,0,86392,COMPLETE_SUFFICIENT
2025-06-07,24,0,0,0,0,24,0,86400,COMPLETE_SUFFICIENT
2025-06-08,24,0,0,0,0,24,0,86392,COMPLETE_SUFFICIENT
2025-06-09,24,0,0,0,0,24,0,86377,COMPLETE_SUFFICIENT
2025-06-10,24,0,0,0,0,24,0,86400,COMPLETE_SUFFICIENT
2025-06-11,24,0,0,0,0,24,0,86376,COMPLETE_SUFFICIENT
2025-06-12,24,0,0,0,0,24,0,86400,COMPLETE_SUFFICIENT
2025-06-13,24,0,0,0,0,24,0,86400,COMPLETE_SUFFICIENT
2025-06-14,24,0,0,0,0,24,0,86393,COMPLETE_SUFFICIENT
2025-06-15,24,0,0,0,0,24,0,86400,COMPLETE_SUFFICIENT
2025-06-16,24,0,0,0,0,24,0,86400,COMPLETE_SUFFICIENT
2025-06-17,21,0,3,0,0,24,0,75645,COMPLETE_SUFFICIENT
2025-06-18,22,2,0,0,0,24,0,79650,COMPLETE_SUFFICIENT
2025-06-19,24,0,0,0,0,24,0,86401,COMPLETE_SUFFICIENT
2025-06-20,24,0,0,0,0,24,0,86400,COMPLETE_SUFFICIENT
2025-06-21,24,0,0,0,0,24,0,86400,COMPLETE_SUFFICIENT
2025-06-22,24,0,0,0,0,24,0,86368,COMPLETE_SUFFICIENT
2025-06-23,24,0,0,0,0,24,0,86376,COMPLETE_SUFFICIENT
2025-06-24,24,0,0,0,0,24,0,86400,COMPLETE_SUFFICIENT
2025-06-25,24,0,0,0,0,24,0,86377,COMPLETE_SUFFICIENT
2025-06-26,24,0,0,0,0,24,0,86400,COMPLETE_SUFFICIENT
2025-06-27,24,0,0,0,0,24,0,86392,COMPLETE_SUFFICIENT
2025-06-28,24,0,0,0,0,24,0,86392,COMPLETE_SUFFICIENT
2025-06-29,24,0,0,0,0,24,0,86400,COMPLETE_SUFFICIENT
2025-06-30,24,0,0,0,0,24,0,86401,COMPLETE_SUFFICIENT
2025-07-01,20,0,4,0,0,24,0,69220,COMPLETE_SUFFICIENT
2025-07-02,24,0,0,0,0,24,0,86384,COMPLETE_SUFFICIENT
2025-07-03,24,0,0,0,0,24,0,86392,COMPLETE_SUFFICIENT
2025-07-04,24,0,0,0,0,24,0,86400,COMPLETE_SUFFICIENT
2025-07-05,24,0,0,0,0,24,0,86400,COMPLETE_SUFFICIENT
2025-07-06,24,0,0,0,0,24,0,86385,COMPLETE_SUFFICIENT
2025-07-07,24,0,0,0,0,24,0,86384,COMPLETE_SUFFICIENT
2025-07-08,24,0,0,0,0,24,0,86400,COMPLETE_SUFFICIENT
2025-07-09,24,0,0,0,0,24,0,86400,COMPLETE_SUFFICIENT
2025-07-10,24,0,0,0,0,24,0,86400,COMPLETE_SUFFICIENT
2025-07-11,24,0,0,0,0,24,0,86401,COMPLETE_SUFFICIENT
2025-07-12,24,0,0,0,0,24,0,86392,COMPLETE_SUFFICIENT
2025-07-13,24,0,0,0,0,24,0,86384,COMPLETE_SUFFICIENT
2025-07-14,24,0,0,0,0,24,0,86400,COMPLETE_SUFFICIENT
2025-07-15,24,0,0,0,0,24,0,86392,COMPLETE_SUFFICIENT
2025-07-16,24,0,0,0,0,24,0,86401,COMPLETE_SUFFICIENT
2025-07-17,24,0,0,0,0,24,0,86400,COMPLETE_SUFFICIENT
2025-07-18,24,0,0,0,0,24,0,86400,COMPLETE_SUFFICIENT
2025-07-19,24,0,0,0,0,24,0,86392,COMPLETE_SUFFICIENT
2025-07-20,24,0,0,0,0,24,0,86400,COMPLETE_SUFFICIENT
2025-07-21,24,0,0,0,0,24,0,86401,COMPLETE_SUFFICIENT
2025-07-22,20,0,4,0,0,24,0,69531,COMPLETE_SUFFICIENT
2025-07-23,24,0,0,0,0,24,0,86367,COMPLETE_SUFFICIENT
2025-07-24,24,0,0,0,0,24,0,86400,COMPLETE_SUFFICIENT
2025-07-25,24,0,0,0,0,24,0,86392,COMPLETE_SUFFICIENT
2025-07-26,24,0,0,0,0,24,0,86400,COMPLETE_SUFFICIENT
2025-07-27,24,0,0,0,0,24,0,86401,COMPLETE_SUFFICIENT
2025-07-28,24,0,0,0,0,24,0,86400,COMPLETE_SUFFICIENT
2025-07-29,24,0,0,0,0,24,0,86400,COMPLETE_SUFFICIENT
2025-07-30,24,0,0,0,0,24,0,86400,COMPLETE_SUFFICIENT
2025-07-31,24,0,0,0,0,24,0,86392,COMPLETE_SUFFICIENT
2025-08-01,24,0,0,0,0,24,0,86401,COMPLETE_SUFFICIENT
2025-08-02,24,0,0,0,0,24,0,86400,COMPLETE_SUFFICIENT
2025-08-03,24,0,0,0,0,24,0,86400,COMPLETE_SUFFICIENT
2025-08-04,24,0,0,0,0,24,0,86400,COMPLETE_SUFFICIENT
2025-08-05,19,0,5,0,0,24,0,68475,COMPLETE_SUFFICIENT
2025-08-06,24,0,0,0,0,24,0,86400,COMPLETE_SUFFICIENT
2025-08-07,24,0,0,0,0,24,0,86401,COMPLETE_SUFFICIENT
2025-08-08,24,0,0,0,0,24,0,86400,COMPLETE_SUFFICIENT
2025-08-09,24,0,0,0,0,24,0,86400,COMPLETE_SUFFICIENT
2025-08-10,24,0,0,0,0,24,0,86400,COMPLETE_SUFFICIENT
2025-08-11,24,0,0,0,0,24,0,86384,COMPLETE_SUFFICIENT
2025-08-12,24,0,0,0,0,24,0,86401,COMPLETE_SUFFICIENT
2025-08-13,24,0,0,0,0,24,0,86384,COMPLETE_SUFFICIENT
2025-08-14,24,0,0,0,0,24,0,86376,COMPLETE_SUFFICIENT
2025-08-15,24,0,0,0,0,24,0,86368,COMPLETE_SUFFICIENT
2025-08-16,24,0,0,0,0,24,0,86368,COMPLETE_SUFFICIENT
2025-08-17,24,0,0,0,0,24,0,86400,COMPLETE_SUFFICIENT
2025-08-18,19,0,5,0,0,24,0,68476,COMPLETE_SUFFICIENT
2025-08-19,24,0,0,0,0,24,0,86122,COMPLETE_SUFFICIENT
2025-08-20,24,0,0,0,0,24,0,86400,COMPLETE_SUFFICIENT
2025-08-21,24,0,0,0,0,24,0,86400,COMPLETE_SUFFICIENT
2025-08-22,24,0,0,0,0,24,0,86384,COMPLETE_SUFFICIENT
2025-08-23,24,0,0,0,0,24,0,86401,COMPLETE_SUFFICIENT
2025-08-24,24,0,0,0,0,24,0,86392,COMPLETE_SUFFICIENT
2025-08-25,24,0,0,0,0,24,0,86400,COMPLETE_SUFFICIENT
2025-08-26,24,0,0,0,0,24,0,86400,COMPLETE_SUFFICIENT
2025-08-27,24,0,0,0,0,24,0,86400,COMPLETE_SUFFICIENT
2025-08-28,24,0,0,0,0,24,0,86401,COMPLETE_SUFFICIENT
2025-08-29,24,0,0,0,0,24,0,86400,COMPLETE_SUFFICIENT
2025-08-30,24,0,0,0,0,24,0,86400,COMPLETE_SUFFICIENT
2025-08-31,24,0,0,0,0,24,0,86400,COMPLETE_SUFFICIENT
2025-09-01,24,0,0,0,0,24,0,86344,COMPLETE_SUFFICIENT
2025-09-02,19,0,5,0,0,24,0,66267,COMPLETE_SUFFICIENT
2025-09-03,24,0,0,0,0,24,0,86401,COMPLETE_SUFFICIENT
2025-09-04,24,0,0,0,0,24,0,86400,COMPLETE_SUFFICIENT
2025-09-05,24,0,0,0,0,24,0,86400,COMPLETE_SUFFICIENT
2025-09-06,24,0,0,0,0,24,0,86400,COMPLETE_SUFFICIENT
2025-09-07,24,0,0,0,0,24,0,86400,COMPLETE_SUFFICIENT
2025-09-08,24,0,0,0,0,24,0,86393,COMPLETE_SUFFICIENT
2025-09-09,24,0,0,0,0,24,0,86392,COMPLETE_SUFFICIENT
2025-09-10,24,0,0,0,0,24,0,86400,COMPLETE_SUFFICIENT
2025-09-11,24,0,0,0,0,24,0,86400,COMPLETE_SUFFICIENT
2025-09-12,24,0,0,0,0,24,0,86400,COMPLETE_SUFFICIENT
2025-09-13,24,0,0,0,0,24,0,86400,COMPLETE_SUFFICIENT
2025-09-14,24,0,0,0,0,24,0,85993,COMPLETE_SUFFICIENT
2025-09-15,24,0,0,0,0,24,0,85472,COMPLETE_SUFFICIENT
2025-09-16,20,0,4,0,0,24,0,69867,COMPLETE_SUFFICIENT
2025-09-17,24,0,0,0,0,24,0,86400,COMPLETE_SUFFICIENT
2025-09-18,24,0,0,0,0,24,0,86392,COMPLETE_SUFFICIENT
2025-09-19,24,0,0,0,0,24,0,86401,COMPLETE_SUFFICIENT
2025-09-20,24,0,0,0,0,24,0,86400,COMPLETE_SUFFICIENT
2025-09-21,24,0,0,0,0,24,0,86400,COMPLETE_SUFFICIENT
2025-09-22,18,0,6,0,0,24,0,64402,COMPLETE_SUFFICIENT
2025-09-23,24,0,0,0,0,24,0,86400,COMPLETE_SUFFICIENT
2025-09-24,24,0,0,0,0,24,0,86401,COMPLETE_SUFFICIENT
2025-09-25,24,0,0,0,0,24,0,86400,COMPLETE_SUFFICIENT
2025-09-26,24,0,0,0,0,24,0,86400,COMPLETE_SUFFICIENT
2025-09-27,24,0,0,0,0,24,0,86400,COMPLETE_SUFFICIENT
2025-09-28,24,0,0,0,0,24,0,86400,COMPLETE_SUFFICIENT
2025-09-29,24,0,0,0,0,24,0,86384,COMPLETE_SUFFICIENT
2025-09-30,24,0,0,0,0,24,0,86401,COMPLETE_SUFFICIENT
2025-10-01,18,0,6,0,0,24,0,63955,COMPLETE_SUFFICIENT
2025-10-02,24,0,0,0,0,24,0,86400,COMPLETE_SUFFICIENT
2025-10-03,24,0,0,0,0,24,0,86376,COMPLETE_SUFFICIENT
2025-10-04,24,0,0,0,0,24,0,86352,COMPLETE_SUFFICIENT
2025-10-05,24,0,0,0,0,24,0,86401,COMPLETE_SUFFICIENT
2025-10-06,24,0,0,0,0,24,0,86400,COMPLETE_SUFFICIENT
2025-10-07,24,0,0,0,0,24,0,86400,COMPLETE_SUFFICIENT
2025-10-08,19,0,5,0,0,24,0,68475,COMPLETE_SUFFICIENT
2025-10-09,24,0,0,0,0,24,0,86400,COMPLETE_SUFFICIENT
2025-10-10,24,0,0,0,0,24,0,86400,COMPLETE_SUFFICIENT
2025-10-11,24,0,0,0,0,24,0,86305,COMPLETE_SUFFICIENT
2025-10-12,24,0,0,0,0,24,0,86192,COMPLETE_SUFFICIENT
2025-10-13,20,0,4,0,0,24,0,69883,COMPLETE_SUFFICIENT
2025-10-14,24,0,0,0,0,24,0,86400,COMPLETE_SUFFICIENT
2025-10-15,24,0,0,0,0,24,0,86400,COMPLETE_SUFFICIENT
2025-10-16,24,0,0,0,0,24,0,86401,COMPLETE_SUFFICIENT
2025-10-17,24,0,0,0,0,24,0,86400,COMPLETE_SUFFICIENT
2025-10-18,24,0,0,0,0,24,0,86240,COMPLETE_SUFFICIENT
2025-10-19,24,0,0,0,0,24,0,86392,COMPLETE_SUFFICIENT
2025-10-20,24,0,0,0,0,24,0,86384,COMPLETE_SUFFICIENT
2025-10-21,24,0,0,0,0,24,0,86392,COMPLETE_SUFFICIENT
2025-10-22,19,0,5,0,0,24,0,67161,COMPLETE_SUFFICIENT
2025-10-23,24,0,0,0,0,24,0,86400,COMPLETE_SUFFICIENT
2025-10-24,24,0,0,0,0,24,0,86400,COMPLETE_SUFFICIENT
2025-10-25,24,0,0,0,0,24,0,86392,COMPLETE_SUFFICIENT
2025-10-26,24,0,0,0,0,24,0,86392,COMPLETE_SUFFICIENT
2025-10-27,24,0,0,0,0,24,0,86401,COMPLETE_SUFFICIENT
2025-10-28,19,0,5,0,0,24,0,68152,COMPLETE_SUFFICIENT
2025-10-29,24,0,0,0,0,24,0,86384,COMPLETE_SUFFICIENT
2025-10-30,24,0,0,0,0,24,0,86400,COMPLETE_SUFFICIENT
2025-10-31,24,0,0,0,0,24,0,86392,COMPLETE_SUFFICIENT
2025-11-01,24,0,0,0,0,24,0,86400,COMPLETE_SUFFICIENT
2025-11-02,24,0,0,0,0,24,0,86401,COMPLETE_SUFFICIENT
2025-11-03,20,0,4,0,0,24,0,69829,COMPLETE_SUFFICIENT
2025-11-04,24,0,0,0,0,24,0,86400,COMPLETE_SUFFICIENT
2025-11-05,20,0,4,0,0,24,0,70391,COMPLETE_SUFFICIENT
2025-11-06,24,0,0,0,0,24,0,86400,COMPLETE_SUFFICIENT
2025-11-07,24,0,0,0,0,24,0,86385,COMPLETE_SUFFICIENT
2025-11-08,24,0,0,0,0,24,0,86371,COMPLETE_SUFFICIENT
2025-11-09,24,0,0,0,0,24,0,86400,COMPLETE_SUFFICIENT
2025-11-10,24,0,0,0,0,24,0,86384,COMPLETE_SUFFICIENT
2025-11-11,24,0,0,0,0,24,0,86392,COMPLETE_SUFFICIENT
2025-11-12,24,0,0,0,0,24,0,86200,COMPLETE_SUFFICIENT
2025-11-13,24,0,0,0,0,24,0,86401,COMPLETE_SUFFICIENT
2025-11-14,24,0,0,0,0,24,0,86400,COMPLETE_SUFFICIENT
2025-11-15,24,0,0,0,0,24,0,86400,COMPLETE_SUFFICIENT
2025-11-16,24,0,0,0,0,24,0,86392,COMPLETE_SUFFICIENT
2025-11-17,24,0,0,0,0,24,0,86400,COMPLETE_SUFFICIENT
2025-11-18,20,0,4,0,0,24,0,72061,COMPLETE_SUFFICIENT
2025-11-19,23,1,0,0,0,24,0,82491,COMPLETE_SUFFICIENT
2025-11-20,24,0,0,0,0,24,0,86400,COMPLETE_SUFFICIENT
2025-11-21,24,0,0,0,0,24,0,86400,COMPLETE_SUFFICIENT
2025-11-22,24,0,0,0,0,24,0,86400,COMPLETE_SUFFICIENT
2025-11-23,24,0,0,0,0,24,0,86392,COMPLETE_SUFFICIENT
2025-11-24,24,0,0,0,0,24,0,86393,COMPLETE_SUFFICIENT
2025-11-25,19,0,5,0,0,24,0,68475,COMPLETE_SUFFICIENT
2025-11-26,24,0,0,0,0,24,0,86400,COMPLETE_SUFFICIENT
2025-11-27,24,0,0,0,0,24,0,86400,COMPLETE_SUFFICIENT
2025-11-28,24,0,0,0,0,24,0,86400,COMPLETE_SUFFICIENT
2025-11-29,24,0,0,0,0,24,0,86385,COMPLETE_SUFFICIENT
2025-11-30,24,0,0,0,0,24,0,86392,COMPLETE_SUFFICIENT
2025-12-01,19,0,5,0,0,24,0,68131,COMPLETE_SUFFICIENT
2025-12-02,24,0,0,0,0,24,0,86392,COMPLETE_SUFFICIENT
2025-12-03,24,0,0,0,0,24,0,86384,COMPLETE_SUFFICIENT
2025-12-04,24,0,0,0,0,24,0,86400,COMPLETE_SUFFICIENT
2025-12-05,24,0,0,0,0,24,0,86375,COMPLETE_SUFFICIENT
2025-12-06,24,0,0,0,0,24,0,86392,COMPLETE_SUFFICIENT
2025-12-07,24,0,0,0,0,24,0,86400,COMPLETE_SUFFICIENT
2025-12-08,24,0,0,0,0,24,0,86400,COMPLETE_SUFFICIENT
2025-12-09,24,0,0,0,0,24,0,86400,COMPLETE_SUFFICIENT
2025-12-10,24,0,0,0,0,24,0,86401,COMPLETE_SUFFICIENT
2025-12-11,24,0,0,0,0,24,0,86392,COMPLETE_SUFFICIENT
2025-12-12,24,0,0,0,0,24,0,86400,COMPLETE_SUFFICIENT
2025-12-13,24,0,0,0,0,24,0,86056,COMPLETE_SUFFICIENT
2025-12-14,24,0,0,0,0,24,0,86392,COMPLETE_SUFFICIENT
2025-12-15,24,0,0,0,0,24,0,86400,COMPLETE_SUFFICIENT
2025-12-16,24,0,0,0,0,24,0,86401,COMPLETE_SUFFICIENT
2025-12-17,19,0,5,0,0,24,0,67801,COMPLETE_SUFFICIENT
2025-12-18,24,0,0,0,0,24,0,86400,COMPLETE_SUFFICIENT
2025-12-19,24,0,0,0,0,24,0,86400,COMPLETE_SUFFICIENT
2025-12-20,24,0,0,0,0,24,0,86400,COMPLETE_SUFFICIENT
2025-12-21,24,0,0,0,0,24,0,86401,COMPLETE_SUFFICIENT
2025-12-22,24,0,0,0,0,24,0,86400,COMPLETE_SUFFICIENT
2025-12-23,24,0,0,0,0,24,0,86392,COMPLETE_SUFFICIENT
2025-12-24,24,0,0,0,0,24,0,86368,COMPLETE_SUFFICIENT
2025-12-25,24,0,0,0,0,24,0,86400,COMPLETE_SUFFICIENT
2025-12-26,24,0,0,0,0,24,0,86376,COMPLETE_SUFFICIENT
2025-12-27,24,0,0,0,0,24,0,86385,COMPLETE_SUFFICIENT
2025-12-28,24,0,0,0,0,24,0,86400,COMPLETE_SUFFICIENT
2025-12-29,19,0,5,0,0,24,0,68475,COMPLETE_SUFFICIENT
2025-12-30,24,0,0,0,0,24,0,86392,COMPLETE_SUFFICIENT
2025-12-31,24,0,0,0,0,24,0,86400,COMPLETE_SUFFICIENT
2026-01-01,24,0,0,0,0,24,0,86386,COMPLETE_SUFFICIENT
2026-01-02,24,0,0,0,0,24,0,86400,COMPLETE_SUFFICIENT
2026-01-03,24,0,0,0,0,24,0,86400,COMPLETE_SUFFICIENT
2026-01-04,24,0,0,0,0,24,0,86392,COMPLETE_SUFFICIENT
2026-01-05,24,0,0,0,0,24,0,86400,COMPLETE_SUFFICIENT
2026-01-06,20,0,4,0,0,24,0,69885,COMPLETE_SUFFICIENT
2026-01-07,24,0,0,0,0,24,0,86401,COMPLETE_SUFFICIENT
2026-01-08,24,0,0,0,0,24,0,86400,COMPLETE_SUFFICIENT
2026-01-09,24,0,0,0,0,24,0,86392,COMPLETE_SUFFICIENT
2026-01-10,24,0,0,0,0,24,0,86392,COMPLETE_SUFFICIENT
2026-01-11,24,0,0,0,0,24,0,86400,COMPLETE_SUFFICIENT
2026-01-12,24,0,0,0,0,24,0,86401,COMPLETE_SUFFICIENT
2026-01-13,24,0,0,0,0,24,0,86400,COMPLETE_SUFFICIENT
2026-01-14,24,0,0,0,0,24,0,86392,COMPLETE_SUFFICIENT
2026-01-15,24,0,0,0,0,24,0,86360,COMPLETE_SUFFICIENT
2026-01-16,24,0,0,0,0,24,0,86400,COMPLETE_SUFFICIENT
2026-01-17,24,0,0,0,0,24,0,86400,COMPLETE_SUFFICIENT
2026-01-18,24,0,0,0,0,24,0,86401,COMPLETE_SUFFICIENT
2026-01-19,24,0,0,0,0,24,0,86384,COMPLETE_SUFFICIENT
2026-01-20,24,0,0,0,0,24,0,86392,COMPLETE_SUFFICIENT
2026-01-21,24,0,0,0,0,24,0,86400,COMPLETE_SUFFICIENT
2026-01-22,24,0,0,0,0,24,0,86400,COMPLETE_SUFFICIENT
2026-01-23,24,0,0,0,0,24,0,86401,COMPLETE_SUFFICIENT
2026-01-24,24,0,0,0,0,24,0,86400,COMPLETE_SUFFICIENT
2026-01-25,24,0,0,0,0,24,0,86384,COMPLETE_SUFFICIENT
2026-01-26,24,0,0,0,0,24,0,86392,COMPLETE_SUFFICIENT
2026-01-27,24,0,0,0,0,24,0,86400,COMPLETE_SUFFICIENT
2026-01-28,24,0,0,0,0,24,0,86373,COMPLETE_SUFFICIENT
2026-01-29,22,0,2,0,0,24,0,79160,COMPLETE_SUFFICIENT
2026-01-30,20,4,0,0,0,24,0,72900,COMPLETE_SUFFICIENT
2026-01-31,24,0,0,0,0,24,0,86400,COMPLETE_SUFFICIENT
2026-02-01,24,0,0,0,0,24,0,86400,COMPLETE_SUFFICIENT
2026-02-02,24,0,0,0,0,24,0,86400,COMPLETE_SUFFICIENT
2026-02-03,24,0,0,0,0,24,0,86401,COMPLETE_SUFFICIENT
2026-02-04,24,0,0,0,0,24,0,86400,COMPLETE_SUFFICIENT
2026-02-05,24,0,0,0,0,24,0,86392,COMPLETE_SUFFICIENT
2026-02-06,19,0,5,0,0,24,0,68150,COMPLETE_SUFFICIENT
2026-02-07,24,0,0,0,0,24,0,86400,COMPLETE_SUFFICIENT
2026-02-08,24,0,0,0,0,24,0,86400,COMPLETE_SUFFICIENT
2026-02-09,24,0,0,0,0,24,0,86401,COMPLETE_SUFFICIENT
2026-02-10,24,0,0,0,0,24,0,86400,COMPLETE_SUFFICIENT
2026-02-11,24,0,0,0,0,24,0,86400,COMPLETE_SUFFICIENT
2026-02-12,24,0,0,0,0,24,0,86400,COMPLETE_SUFFICIENT
2026-02-13,24,0,0,0,0,24,0,86400,COMPLETE_SUFFICIENT
2026-02-14,24,0,0,0,0,24,0,86393,COMPLETE_SUFFICIENT
2026-02-15,24,0,0,0,0,24,0,86392,COMPLETE_SUFFICIENT
2026-02-16,24,0,0,0,0,24,0,86400,COMPLETE_SUFFICIENT
2026-02-17,24,0,0,0,0,24,0,86376,COMPLETE_SUFFICIENT
2026-02-18,24,0,0,0,0,24,0,86376,COMPLETE_SUFFICIENT
2026-02-19,24,0,0,0,0,24,0,86393,COMPLETE_SUFFICIENT
2026-02-20,24,0,0,0,0,24,0,86400,COMPLETE_SUFFICIENT
2026-02-21,24,0,0,0,0,24,0,86400,COMPLETE_SUFFICIENT
2026-02-22,24,0,0,0,0,24,0,86392,COMPLETE_SUFFICIENT
2026-02-23,24,0,0,0,0,24,0,86400,COMPLETE_SUFFICIENT
2026-02-24,20,0,4,0,0,24,0,72047,COMPLETE_SUFFICIENT
2026-02-25,24,0,0,0,0,24,0,86401,COMPLETE_SUFFICIENT
2026-02-26,24,0,0,0,0,24,0,86392,COMPLETE_SUFFICIENT
2026-02-27,24,0,0,0,0,24,0,86400,COMPLETE_SUFFICIENT
2026-02-28,24,0,0,0,0,24,0,86400,COMPLETE_SUFFICIENT
2026-03-01,24,0,0,0,0,24,0,86400,COMPLETE_SUFFICIENT
2026-03-02,24,0,0,0,0,24,0,86392,COMPLETE_SUFFICIENT
2026-03-03,24,0,0,0,0,24,0,86401,COMPLETE_SUFFICIENT
2026-03-04,24,0,0,0,0,24,0,86400,COMPLETE_SUFFICIENT
2026-03-05,24,0,0,0,0,24,0,86400,COMPLETE_SUFFICIENT
2026-03-06,24,0,0,0,0,24,0,86392,COMPLETE_SUFFICIENT
2026-03-07,24,0,0,0,0,24,0,86400,COMPLETE_SUFFICIENT
2026-03-08,24,0,0,0,0,24,0,86401,COMPLETE_SUFFICIENT
2026-03-09,19,0,5,0,0,24,0,68171,COMPLETE_SUFFICIENT
2026-03-10,24,0,0,0,0,24,0,86400,COMPLETE_SUFFICIENT
2026-03-11,24,0,0,0,0,24,0,86400,COMPLETE_SUFFICIENT
2026-03-12,24,0,0,0,0,24,0,86400,COMPLETE_SUFFICIENT
2026-03-13,24,0,0,0,0,24,0,86400,COMPLETE_SUFFICIENT
2026-03-14,24,0,0,0,0,24,0,86401,COMPLETE_SUFFICIENT
2026-03-15,24,0,0,0,0,24,0,86368,COMPLETE_SUFFICIENT
2026-03-16,24,0,0,0,0,24,0,86352,COMPLETE_SUFFICIENT
2026-03-17,24,0,0,0,0,24,0,86392,COMPLETE_SUFFICIENT
2026-03-18,24,0,0,0,0,24,0,86400,COMPLETE_SUFFICIENT
2026-03-19,24,0,0,0,0,24,0,86401,COMPLETE_SUFFICIENT
2026-03-20,24,0,0,0,0,24,0,86376,COMPLETE_SUFFICIENT
2026-03-21,24,0,0,0,0,24,0,86392,COMPLETE_SUFFICIENT
2026-03-22,24,0,0,0,0,24,0,86400,COMPLETE_SUFFICIENT
2026-03-23,18,0,6,0,0,24,0,64877,COMPLETE_SUFFICIENT
2026-03-24,24,0,0,0,0,24,0,86401,COMPLETE_SUFFICIENT
2026-03-25,24,0,0,0,0,24,0,86400,COMPLETE_SUFFICIENT
2026-03-26,24,0,0,0,0,24,0,86400,COMPLETE_SUFFICIENT
2026-03-27,24,0,0,0,0,24,0,86400,COMPLETE_SUFFICIENT
2026-03-28,24,0,0,0,0,24,0,86400,COMPLETE_SUFFICIENT
2026-03-29,24,0,0,0,0,24,0,86400,COMPLETE_SUFFICIENT
2026-03-30,19,0,5,0,0,24,0,67895,COMPLETE_SUFFICIENT
2026-03-31,24,0,0,0,0,24,0,86392,COMPLETE_SUFFICIENT
2026-04-01,24,0,0,0,0,24,0,86360,COMPLETE_SUFFICIENT
2026-04-02,24,0,0,0,0,24,0,86352,COMPLETE_SUFFICIENT
2026-04-03,24,0,0,0,0,24,0,86400,COMPLETE_SUFFICIENT
2026-04-04,24,0,0,0,0,24,0,86401,COMPLETE_SUFFICIENT
2026-04-05,24,0,0,0,0,24,0,86400,COMPLETE_SUFFICIENT
2026-04-06,24,0,0,0,0,24,0,86400,COMPLETE_SUFFICIENT
2026-04-07,24,0,0,0,0,24,0,86392,COMPLETE_SUFFICIENT
2026-04-08,24,0,0,0,0,24,0,86400,COMPLETE_SUFFICIENT
2026-04-09,24,0,0,0,0,24,0,86392,COMPLETE_SUFFICIENT
2026-04-10,24,0,0,0,0,24,0,86345,COMPLETE_SUFFICIENT
2026-04-11,24,0,0,0,0,24,0,86392,COMPLETE_SUFFICIENT
2026-04-12,24,0,0,0,0,24,0,86352,COMPLETE_SUFFICIENT
2026-04-13,24,0,0,0,0,24,0,86376,COMPLETE_SUFFICIENT
2026-04-14,20,0,4,0,0,24,0,69756,COMPLETE_SUFFICIENT
2026-04-15,24,0,0,0,0,24,0,86385,COMPLETE_SUFFICIENT
2026-04-16,24,0,0,0,0,24,0,86400,COMPLETE_SUFFICIENT
2026-04-17,24,0,0,0,0,24,0,86392,COMPLETE_SUFFICIENT
2026-04-18,24,0,0,0,0,24,0,86400,COMPLETE_SUFFICIENT
2026-04-19,24,0,0,0,0,24,0,86374,COMPLETE_SUFFICIENT
2026-04-20,19,0,5,0,0,24,0,68027,COMPLETE_SUFFICIENT
2026-04-21,24,0,0,0,0,24,0,86401,COMPLETE_SUFFICIENT
2026-04-22,24,0,0,0,0,24,0,86400,COMPLETE_SUFFICIENT
2026-04-23,24,0,0,0,0,24,0,86400,COMPLETE_SUFFICIENT
2026-04-24,24,0,0,0,0,24,0,86400,COMPLETE_SUFFICIENT
2026-04-25,24,0,0,0,0,24,0,86384,COMPLETE_SUFFICIENT
2026-04-26,24,0,0,0,0,24,0,86401,COMPLETE_SUFFICIENT
2026-04-27,24,0,0,0,0,24,0,86384,COMPLETE_SUFFICIENT
2026-04-28,24,0,0,0,0,24,0,86400,COMPLETE_SUFFICIENT
2026-04-29,24,0,0,0,0,24,0,86400,COMPLETE_SUFFICIENT
2026-04-30,24,0,0,0,0,24,0,86400,COMPLETE_SUFFICIENT
2026-05-01,24,0,0,0,0,24,0,86384,COMPLETE_SUFFICIENT
2026-05-02,24,0,0,0,0,24,0,86401,COMPLETE_SUFFICIENT
2026-05-03,24,0,0,0,0,24,0,86400,COMPLETE_SUFFICIENT
2026-05-04,24,0,0,0,0,24,0,86400,COMPLETE_SUFFICIENT
2026-05-05,19,0,5,0,0,24,0,66404,COMPLETE_SUFFICIENT
2026-05-06,24,0,0,0,0,24,0,86400,COMPLETE_SUFFICIENT
2026-05-07,24,0,0,0,0,24,0,86393,COMPLETE_SUFFICIENT
2026-05-08,24,0,0,0,0,24,0,86400,COMPLETE_SUFFICIENT
2026-05-09,24,0,0,0,0,24,0,86400,COMPLETE_SUFFICIENT
2026-05-10,24,0,0,0,0,24,0,86376,COMPLETE_SUFFICIENT
2026-05-11,24,0,0,0,0,24,0,86400,COMPLETE_SUFFICIENT
2026-05-12,24,0,0,0,0,24,0,86401,COMPLETE_SUFFICIENT
2026-05-13,24,0,0,0,0,24,0,86392,COMPLETE_SUFFICIENT
2026-05-14,24,0,0,0,0,24,0,86392,COMPLETE_SUFFICIENT
2026-05-15,24,0,0,0,0,24,0,86192,COMPLETE_SUFFICIENT
